EventID,DonationID,DonorID,MunicipalityID,GiftID,DonationAmountYen,DonatedAt,PaymentMethod,WorkshopRunId,ParticipantAlias,SourceFile,PublishedAtUtc
EVT-FRS-011172,6011172,2008619,032093,3004659,10000,2026-08-01T00:02:47Z,電子決済,increment-run-001,workshop-participant,donation_events_001.csv,2026-08-11T11:59:30Z
EVT-FRS-012284,6012284,2003469,272132,3005617,10000,2026-08-01T00:05:34Z,コンビニ決済,increment-run-001,workshop-participant,donation_events_001.csv,2026-08-11T11:59:30Z
EVT-FRS-012956,6012956,2004514,232289,3004774,10000,2026-08-01T00:08:15Z,クレジットカード,increment-run-001,workshop-participant,donation_events_001.csv,2026-08-11T11:59:30Z
EVT-FRS-011675,6011675,2000587,222089,3001824,25000,2026-08-01T00:08:36Z,クレジットカード,increment-run-001,workshop-participant,donation_events_001.csv,2026-08-11T11:59:30Z
EVT-FRS-003385,6003385,2001110,072133,3005681,25000,2026-08-01T00:09:03Z,クレジットカード,increment-run-001,workshop-participant,donation_events_001.csv,2026-08-11T11:59:30Z
EVT-FRS-008496,6008496,2008241,452025,3002265,10000,2026-08-01T00:09:17Z,銀行振込,increment-run-001,workshop-participant,donation_events_001.csv,2026-08-11T11:59:30Z
EVT-FRS-006216,6006216,2004956,122271,3002360,5000,2026-08-01T00:09:54Z,クレジットカード,increment-run-001,workshop-participant,donation_events_001.csv,2026-08-11T11:59:30Z
EVT-FRS-012929,6012929,2003600,342076,3003045,10000,2026-08-01T00:10:16Z,クレジットカード,increment-run-001,workshop-participant,donation_events_001.csv,2026-08-11T11:59:30Z
EVT-FRS-013164,6013164,2004222,382108,3003125,10000,2026-08-01T00:10:45Z,クレジットカード,increment-run-001,workshop-participant,donation_events_001.csv,2026-08-11T11:59:30Z
EVT-FRS-013721,6013721,2007689,232351,3001145,40000,2026-08-01T00:12:39Z,クレジットカード,increment-run-001,workshop-participant,donation_events_001.csv,2026-08-11T11:59:30Z
EVT-FRS-014802,6014802,2002107,122084,3003129,10000,2026-08-01T00:14:01Z,電子決済,increment-run-001,workshop-participant,donation_events_001.csv,2026-08-11T11:59:30Z
EVT-FRS-003125,6003125,2005345,082082,3005852,5000,2026-08-01T00:16:24Z,電子決済,increment-run-001,workshop-participant,donation_events_001.csv,2026-08-11T11:59:30Z
EVT-FRS-014549,6014549,2003586,462233,3001459,10000,2026-08-01T00:20:10Z,クレジットカード,increment-run-001,workshop-participant,donation_events_001.csv,2026-08-11T11:59:30Z
EVT-FRS-012421,6012421,2008865,012238,3001524,12000,2026-08-01T00:21:35Z,電子決済,increment-run-001,workshop-participant,donation_events_001.csv,2026-08-11T11:59:30Z
EVT-FRS-007245,6007245,2002076,092151,3003926,10000,2026-08-01T00:33:22Z,クレジットカード,increment-run-001,workshop-participant,donation_events_001.csv,2026-08-11T11:59:30Z
EVT-FRS-007668,6007668,2008527,132195,3002231,10000,2026-08-01T00:36:13Z,クレジットカード,increment-run-001,workshop-participant,donation_events_001.csv,2026-08-11T11:59:30Z
EVT-FRS-007005,6007005,2007463,434329,3001727,15000,2026-08-01T00:37:32Z,クレジットカード,increment-run-001,workshop-participant,donation_events_001.csv,2026-08-11T11:59:30Z
EVT-FRS-006885,6006885,2002285,452025,3005996,20000,2026-08-01T00:39:44Z,クレジットカード,increment-run-001,workshop-participant,donation_events_001.csv,2026-08-11T11:59:30Z
EVT-FRS-012661,6012661,2011956,232114,3004234,25000,2026-08-01T00:42:31Z,クレジットカード,increment-run-001,workshop-participant,donation_events_001.csv,2026-08-11T11:59:30Z
EVT-FRS-004700,6004700,2004124,432113,3002983,10000,2026-08-01T00:42:41Z,銀行振込,increment-run-001,workshop-participant,donation_events_001.csv,2026-08-11T11:59:30Z
EVT-FRS-005401,6005401,2004812,182109,3002995,10000,2026-08-01T00:44:35Z,クレジットカード,increment-run-001,workshop-participant,donation_events_001.csv,2026-08-11T11:59:30Z
EVT-FRS-008025,6008025,2006628,302015,3004318,15000,2026-08-01T00:46:51Z,電子決済,increment-run-001,workshop-participant,donation_events_001.csv,2026-08-11T11:59:30Z
EVT-FRS-007669,6007669,2006884,464686,3002859,30000,2026-08-01T00:47:15Z,クレジットカード,increment-run-001,workshop-participant,donation_events_001.csv,2026-08-11T11:59:30Z
EVT-FRS-009416,6009416,2007563,222216,3001310,10000,2026-08-01T00:48:18Z,クレジットカード,increment-run-001,workshop-participant,donation_events_001.csv,2026-08-11T11:59:30Z
EVT-FRS-004791,6004791,2003746,112348,3001747,20000,2026-08-01T00:51:11Z,電子決済,increment-run-001,workshop-participant,donation_events_001.csv,2026-08-11T11:59:30Z
EVT-FRS-007847,6007847,2009180,412015,3003778,20000,2026-08-01T00:56:46Z,クレジットカード,increment-run-001,workshop-participant,donation_events_001.csv,2026-08-11T11:59:30Z
EVT-FRS-008690,6008690,2008182,172014,3002253,5000,2026-08-01T00:59:04Z,クレジットカード,increment-run-001,workshop-participant,donation_events_001.csv,2026-08-11T11:59:30Z
EVT-FRS-006161,6006161,2009235,082287,3000284,15000,2026-08-01T01:02:53Z,クレジットカード,increment-run-001,workshop-participant,donation_events_001.csv,2026-08-11T11:59:30Z
EVT-FRS-010160,6010160,2005077,112305,3003207,25000,2026-08-01T01:05:53Z,銀行振込,increment-run-001,workshop-participant,donation_events_001.csv,2026-08-11T11:59:30Z
EVT-FRS-007642,6007642,2006229,072125,3000216,12000,2026-08-01T01:08:02Z,電子決済,increment-run-001,workshop-participant,donation_events_001.csv,2026-08-11T11:59:30Z
EVT-FRS-010391,6010391,2003127,282065,3003642,8000,2026-08-01T01:10:45Z,クレジットカード,increment-run-001,workshop-participant,donation_events_001.csv,2026-08-11T11:59:30Z
EVT-FRS-012818,6012818,2006361,262102,3000012,15000,2026-08-01T01:14:06Z,クレジットカード,increment-run-001,workshop-participant,donation_events_001.csv,2026-08-11T11:59:30Z
EVT-FRS-008090,6008090,2007951,012068,3000911,10000,2026-08-01T01:15:15Z,電子決済,increment-run-001,workshop-participant,donation_events_001.csv,2026-08-11T11:59:30Z
EVT-FRS-003160,6003160,2009135,292010,3001952,5000,2026-08-01T01:20:30Z,クレジットカード,increment-run-001,workshop-participant,donation_events_001.csv,2026-08-11T11:59:30Z
EVT-FRS-006732,6006732,2000859,422053,3002232,10000,2026-08-01T01:21:13Z,クレジットカード,increment-run-001,workshop-participant,donation_events_001.csv,2026-08-11T11:59:30Z
EVT-FRS-013986,6013986,2002359,222208,3004389,20000,2026-08-01T01:21:55Z,クレジットカード,increment-run-001,workshop-participant,donation_events_001.csv,2026-08-11T11:59:30Z
EVT-FRS-004884,6004884,2011944,132021,3004346,15000,2026-08-01T01:25:00Z,コンビニ決済,increment-run-001,workshop-participant,donation_events_001.csv,2026-08-11T11:59:30Z
EVT-FRS-013622,6013622,2008754,422134,3000109,10000,2026-08-01T01:34:31Z,コンビニ決済,increment-run-001,workshop-participant,donation_events_001.csv,2026-08-11T11:59:30Z
EVT-FRS-000208,6000208,2009198,062120,3000130,10000,2026-08-01T01:41:04Z,銀行振込,increment-run-001,workshop-participant,donation_events_001.csv,2026-08-11T11:59:30Z
EVT-FRS-010079,6010079,2009956,432148,3000945,5000,2026-08-01T01:45:49Z,クレジットカード,increment-run-001,workshop-participant,donation_events_001.csv,2026-08-11T11:59:30Z
EVT-FRS-002938,6002938,2006905,032115,3003785,15000,2026-08-01T01:47:46Z,クレジットカード,increment-run-001,workshop-participant,donation_events_001.csv,2026-08-11T11:59:30Z
EVT-FRS-012602,6012602,2006082,282146,3000279,20000,2026-08-01T01:49:06Z,電子決済,increment-run-001,workshop-participant,donation_events_001.csv,2026-08-11T11:59:30Z
EVT-FRS-010421,6010421,2000874,102113,3005350,5000,2026-08-01T01:50:19Z,クレジットカード,increment-run-001,workshop-participant,donation_events_001.csv,2026-08-11T11:59:30Z
EVT-FRS-013483,6013483,2004742,342149,3004007,10000,2026-08-01T01:51:32Z,クレジットカード,increment-run-001,workshop-participant,donation_events_001.csv,2026-08-11T11:59:30Z
EVT-FRS-001421,6001421,2006553,222143,3004509,20000,2026-08-01T01:52:10Z,コンビニ決済,increment-run-001,workshop-participant,donation_events_001.csv,2026-08-11T11:59:30Z
EVT-FRS-002554,6002554,2006326,352128,3001358,25000,2026-08-01T01:52:50Z,クレジットカード,increment-run-001,workshop-participant,donation_events_001.csv,2026-08-11T11:59:30Z
EVT-FRS-006808,6006808,2006165,272086,3002349,15000,2026-08-01T02:00:07Z,クレジットカード,increment-run-001,workshop-participant,donation_events_001.csv,2026-08-11T11:59:30Z
EVT-FRS-001043,6001043,2010769,092096,3004732,25000,2026-08-01T02:02:15Z,クレジットカード,increment-run-001,workshop-participant,donation_events_001.csv,2026-08-11T11:59:30Z
EVT-FRS-009084,6009084,2003425,062103,3000834,15000,2026-08-01T02:03:14Z,クレジットカード,increment-run-001,workshop-participant,donation_events_001.csv,2026-08-11T11:59:30Z
EVT-FRS-013610,6013610,2010348,452041,3004484,15000,2026-08-01T02:04:55Z,電子決済,increment-run-001,workshop-participant,donation_events_001.csv,2026-08-11T11:59:30Z
EVT-FRS-012993,6012993,2004256,112402,3000437,12000,2026-08-01T02:19:42Z,クレジットカード,increment-run-001,workshop-participant,donation_events_001.csv,2026-08-11T11:59:30Z
EVT-FRS-000093,6000093,2004650,442119,3004655,5000,2026-08-01T02:19:52Z,銀行振込,increment-run-001,workshop-participant,donation_events_001.csv,2026-08-11T11:59:30Z
EVT-FRS-013108,6013108,2006528,232343,3003557,25000,2026-08-01T02:21:37Z,クレジットカード,increment-run-001,workshop-participant,donation_events_001.csv,2026-08-11T11:59:30Z
EVT-FRS-009971,6009971,2011499,133817,3005769,5000,2026-08-01T02:23:49Z,クレジットカード,increment-run-001,workshop-participant,donation_events_001.csv,2026-08-11T11:59:30Z
EVT-FRS-012890,6012890,2002654,442020,3005660,25000,2026-08-01T02:36:16Z,クレジットカード,increment-run-001,workshop-participant,donation_events_001.csv,2026-08-11T11:59:30Z
EVT-FRS-002711,6002711,2007093,132098,3002028,25000,2026-08-01T02:39:53Z,クレジットカード,increment-run-001,workshop-participant,donation_events_001.csv,2026-08-11T11:59:30Z
EVT-FRS-002968,6002968,2006156,012157,3003021,50000,2026-08-01T02:47:47Z,銀行振込,increment-run-001,workshop-participant,donation_events_001.csv,2026-08-11T11:59:30Z
EVT-FRS-008256,6008256,2010881,016349,3002470,10000,2026-08-01T02:50:37Z,クレジットカード,increment-run-001,workshop-participant,donation_events_001.csv,2026-08-11T11:59:30Z
EVT-FRS-004121,6004121,2007804,362042,3002190,5000,2026-08-01T02:53:50Z,電子決済,increment-run-001,workshop-participant,donation_events_001.csv,2026-08-11T11:59:30Z
EVT-FRS-001334,6001334,2011318,131032,3004083,15000,2026-08-01T02:54:51Z,クレジットカード,increment-run-001,workshop-participant,donation_events_001.csv,2026-08-11T11:59:30Z
EVT-FRS-007845,6007845,2009297,302074,3003849,30000,2026-08-01T03:00:01Z,電子決済,increment-run-001,workshop-participant,donation_events_001.csv,2026-08-11T11:59:30Z
EVT-FRS-012702,6012702,2006488,262056,3002305,15000,2026-08-01T03:00:55Z,クレジットカード,increment-run-001,workshop-participant,donation_events_001.csv,2026-08-11T11:59:30Z
EVT-FRS-012870,6012870,2003319,122190,3005157,10000,2026-08-01T03:05:30Z,クレジットカード,increment-run-001,workshop-participant,donation_events_001.csv,2026-08-11T11:59:30Z
EVT-FRS-004276,6004276,2010271,222038,3000055,5000,2026-08-01T03:07:05Z,クレジットカード,increment-run-001,workshop-participant,donation_events_001.csv,2026-08-11T11:59:30Z
EVT-FRS-008455,6008455,2010176,234460,3003380,10000,2026-08-01T03:07:16Z,クレジットカード,increment-run-001,workshop-participant,donation_events_001.csv,2026-08-11T11:59:30Z
EVT-FRS-009740,6009740,2006479,392014,3000166,10000,2026-08-01T03:09:59Z,クレジットカード,increment-run-001,workshop-participant,donation_events_001.csv,2026-08-11T11:59:30Z
EVT-FRS-014849,6014849,2004776,194425,3003566,5000,2026-08-01T03:11:19Z,コンビニ決済,increment-run-001,workshop-participant,donation_events_001.csv,2026-08-11T11:59:30Z
EVT-FRS-003728,6003728,2005841,012181,3005171,8000,2026-08-01T03:13:57Z,電子決済,increment-run-001,workshop-participant,donation_events_001.csv,2026-08-11T11:59:30Z
EVT-FRS-002843,6002843,2002386,452025,3003435,10000,2026-08-01T03:18:13Z,電子決済,increment-run-001,workshop-participant,donation_events_001.csv,2026-08-11T11:59:30Z
EVT-FRS-011317,6011317,2003244,112071,3002400,10000,2026-08-01T03:25:01Z,クレジットカード,increment-run-001,workshop-participant,donation_events_001.csv,2026-08-11T11:59:30Z
EVT-FRS-013406,6013406,2008942,112275,3002828,20000,2026-08-01T03:25:33Z,クレジットカード,increment-run-001,workshop-participant,donation_events_001.csv,2026-08-11T11:59:30Z
EVT-FRS-011063,6011063,2001867,292044,3000069,12000,2026-08-01T03:26:01Z,クレジットカード,increment-run-001,workshop-participant,donation_events_001.csv,2026-08-11T11:59:30Z
EVT-FRS-003056,6003056,2010558,403458,3005887,10000,2026-08-01T03:27:48Z,クレジットカード,increment-run-001,workshop-participant,donation_events_001.csv,2026-08-11T11:59:30Z
EVT-FRS-011043,6011043,2001335,232017,3005230,40000,2026-08-01T03:32:14Z,クレジットカード,increment-run-001,workshop-participant,donation_events_001.csv,2026-08-11T11:59:30Z
EVT-FRS-009249,6009249,2011305,212172,3005152,5000,2026-08-01T03:34:47Z,クレジットカード,increment-run-001,workshop-participant,donation_events_001.csv,2026-08-11T11:59:30Z
EVT-FRS-007628,6007628,2010387,122319,3002086,25000,2026-08-01T03:36:10Z,クレジットカード,increment-run-001,workshop-participant,donation_events_001.csv,2026-08-11T11:59:30Z
EVT-FRS-010840,6010840,2002080,312029,3003101,10000,2026-08-01T03:38:08Z,クレジットカード,increment-run-001,workshop-participant,donation_events_001.csv,2026-08-11T11:59:30Z
EVT-FRS-009700,6009700,2005816,412040,3000567,10000,2026-08-01T03:39:07Z,クレジットカード,increment-run-001,workshop-participant,donation_events_001.csv,2026-08-11T11:59:30Z
EVT-FRS-004889,6004889,2010641,232041,3004124,25000,2026-08-01T03:41:03Z,クレジットカード,increment-run-001,workshop-participant,donation_events_001.csv,2026-08-11T11:59:30Z
EVT-FRS-008753,6008753,2005862,072079,3004931,10000,2026-08-01T03:42:11Z,クレジットカード,increment-run-001,workshop-participant,donation_events_001.csv,2026-08-11T11:59:30Z
EVT-FRS-013369,6013369,2006501,282103,3002698,15000,2026-08-01T03:44:55Z,クレジットカード,increment-run-001,workshop-participant,donation_events_001.csv,2026-08-11T11:59:30Z
EVT-FRS-002428,6002428,2006752,452068,3004641,10000,2026-08-01T03:45:12Z,電子決済,increment-run-001,workshop-participant,donation_events_001.csv,2026-08-11T11:59:30Z
EVT-FRS-002788,6002788,2008180,422134,3001641,20000,2026-08-01T03:46:11Z,電子決済,increment-run-001,workshop-participant,donation_events_001.csv,2026-08-11T11:59:30Z
EVT-FRS-007934,6007934,2005840,122122,3001072,15000,2026-08-01T03:48:36Z,電子決済,increment-run-001,workshop-participant,donation_events_001.csv,2026-08-11T11:59:30Z
EVT-FRS-001453,6001453,2000698,042030,3000506,10000,2026-08-01T03:50:56Z,コンビニ決済,increment-run-001,workshop-participant,donation_events_001.csv,2026-08-11T11:59:30Z
EVT-FRS-007254,6007254,2003863,232301,3003218,25000,2026-08-01T03:51:39Z,クレジットカード,increment-run-001,workshop-participant,donation_events_001.csv,2026-08-11T11:59:30Z
EVT-FRS-003282,6003282,2004777,142051,3001926,30000,2026-08-01T03:53:14Z,クレジットカード,increment-run-001,workshop-participant,donation_events_001.csv,2026-08-11T11:59:30Z
EVT-FRS-012996,6012996,2004226,363871,3003550,5000,2026-08-01T03:55:19Z,銀行振込,increment-run-001,workshop-participant,donation_events_001.csv,2026-08-11T11:59:30Z
EVT-FRS-010410,6010410,2011857,022071,3001533,15000,2026-08-01T03:55:32Z,クレジットカード,increment-run-001,workshop-participant,donation_events_001.csv,2026-08-11T11:59:30Z
EVT-FRS-007587,6007587,2002368,272230,3002861,10000,2026-08-01T03:56:12Z,クレジットカード,increment-run-001,workshop-participant,donation_events_001.csv,2026-08-11T11:59:30Z
EVT-FRS-003727,6003727,2004399,141305,3002044,15000,2026-08-01T04:01:33Z,コンビニ決済,increment-run-001,workshop-participant,donation_events_001.csv,2026-08-11T11:59:30Z
EVT-FRS-004310,6004310,2005470,422029,3001088,100000,2026-08-01T04:02:14Z,クレジットカード,increment-run-001,workshop-participant,donation_events_001.csv,2026-08-11T11:59:30Z
EVT-FRS-009203,6009203,2006510,074471,3001589,10000,2026-08-01T04:03:24Z,クレジットカード,increment-run-001,workshop-participant,donation_events_001.csv,2026-08-11T11:59:30Z
EVT-FRS-012782,6012782,2011701,292028,3005268,15000,2026-08-01T04:04:19Z,クレジットカード,increment-run-001,workshop-participant,donation_events_001.csv,2026-08-11T11:59:30Z
EVT-FRS-010692,6010692,2003958,232033,3004969,25000,2026-08-01T04:05:12Z,クレジットカード,increment-run-001,workshop-participant,donation_events_001.csv,2026-08-11T11:59:30Z
EVT-FRS-013973,6013973,2008917,212164,3002736,15000,2026-08-01T04:06:15Z,銀行振込,increment-run-001,workshop-participant,donation_events_001.csv,2026-08-11T11:59:30Z
EVT-FRS-001919,6001919,2005921,052060,3001560,15000,2026-08-01T04:13:11Z,電子決済,increment-run-001,workshop-participant,donation_events_001.csv,2026-08-11T11:59:30Z
EVT-FRS-002496,6002496,2005705,232068,3002771,15000,2026-08-01T04:14:56Z,電子決済,increment-run-001,workshop-participant,donation_events_001.csv,2026-08-11T11:59:30Z
EVT-FRS-011364,6011364,2011641,473251,3004583,10000,2026-08-01T04:18:03Z,クレジットカード,increment-run-001,workshop-participant,donation_events_001.csv,2026-08-11T11:59:30Z
EVT-FRS-007527,6007527,2000266,292028,3000898,25000,2026-08-01T04:18:22Z,コンビニ決済,increment-run-001,workshop-participant,donation_events_001.csv,2026-08-11T11:59:30Z
EVT-FRS-007547,6007547,2003686,282049,3004141,10000,2026-08-01T04:26:35Z,クレジットカード,increment-run-001,workshop-participant,donation_events_001.csv,2026-08-11T11:59:30Z
EVT-FRS-004316,6004316,2007321,104248,3004851,10000,2026-08-01T04:27:46Z,クレジットカード,increment-run-001,workshop-participant,donation_events_001.csv,2026-08-11T11:59:30Z
EVT-FRS-004837,6004837,2008747,424111,3001366,10000,2026-08-01T04:31:06Z,銀行振込,increment-run-001,workshop-participant,donation_events_001.csv,2026-08-11T11:59:30Z
EVT-FRS-001174,6001174,2011349,141305,3002044,5000,2026-08-01T04:31:18Z,銀行振込,increment-run-001,workshop-participant,donation_events_001.csv,2026-08-11T11:59:30Z
EVT-FRS-005783,6005783,2010054,422126,3005107,10000,2026-08-01T04:35:15Z,クレジットカード,increment-run-001,workshop-participant,donation_events_001.csv,2026-08-11T11:59:30Z
EVT-FRS-008835,6008835,2002396,112399,3000578,5000,2026-08-01T04:36:06Z,電子決済,increment-run-001,workshop-participant,donation_events_001.csv,2026-08-11T11:59:30Z
EVT-FRS-005033,6005033,2009952,282090,3004517,8000,2026-08-01T04:39:28Z,クレジットカード,increment-run-001,workshop-participant,donation_events_001.csv,2026-08-11T11:59:30Z
EVT-FRS-012959,6012959,2005913,282189,3002127,10000,2026-08-01T04:40:33Z,クレジットカード,increment-run-001,workshop-participant,donation_events_001.csv,2026-08-11T11:59:30Z
EVT-FRS-006463,6006463,2003272,013943,3005114,10000,2026-08-01T04:42:30Z,銀行振込,increment-run-001,workshop-participant,donation_events_001.csv,2026-08-11T11:59:30Z
EVT-FRS-009899,6009899,2000656,232203,3004019,10000,2026-08-01T04:42:33Z,クレジットカード,increment-run-001,workshop-participant,donation_events_001.csv,2026-08-11T11:59:30Z
EVT-FRS-008170,6008170,2010259,362051,3004248,15000,2026-08-01T04:46:23Z,電子決済,increment-run-001,workshop-participant,donation_events_001.csv,2026-08-11T11:59:30Z
EVT-FRS-004951,6004951,2001514,141003,3003876,5000,2026-08-01T04:51:55Z,クレジットカード,increment-run-001,workshop-participant,donation_events_001.csv,2026-08-11T11:59:30Z
EVT-FRS-011940,6011940,2002148,122068,3005992,12000,2026-08-01T04:51:56Z,クレジットカード,increment-run-001,workshop-participant,donation_events_001.csv,2026-08-11T11:59:30Z
EVT-FRS-001168,6001168,2003091,203823,3000365,8000,2026-08-01T04:56:13Z,電子決済,increment-run-001,workshop-participant,donation_events_001.csv,2026-08-11T11:59:30Z
EVT-FRS-004779,6004779,2010332,232262,3005279,8000,2026-08-01T04:56:49Z,クレジットカード,increment-run-001,workshop-participant,donation_events_001.csv,2026-08-11T11:59:30Z
EVT-FRS-004963,6004963,2007774,405442,3001203,8000,2026-08-01T05:02:52Z,電子決済,increment-run-001,workshop-participant,donation_events_001.csv,2026-08-11T11:59:30Z
EVT-FRS-009934,6009934,2007287,232068,3004917,30000,2026-08-01T05:06:35Z,クレジットカード,increment-run-001,workshop-participant,donation_events_001.csv,2026-08-11T11:59:30Z
EVT-FRS-013705,6013705,2005655,243248,3003327,8000,2026-08-01T05:07:27Z,コンビニ決済,increment-run-001,workshop-participant,donation_events_001.csv,2026-08-11T11:59:30Z
EVT-FRS-001313,6001313,2002608,362042,3002190,10000,2026-08-01T05:07:55Z,電子決済,increment-run-001,workshop-participant,donation_events_001.csv,2026-08-11T11:59:30Z
EVT-FRS-009250,6009250,2009612,014702,3005909,20000,2026-08-01T05:08:39Z,クレジットカード,increment-run-001,workshop-participant,donation_events_001.csv,2026-08-11T11:59:30Z
EVT-FRS-001709,6001709,2001416,103667,3000949,30000,2026-08-01T05:08:43Z,クレジットカード,increment-run-001,workshop-participant,donation_events_001.csv,2026-08-11T11:59:30Z
EVT-FRS-003545,6003545,2006132,012238,3001524,20000,2026-08-01T05:09:36Z,コンビニ決済,increment-run-001,workshop-participant,donation_events_001.csv,2026-08-11T11:59:30Z
EVT-FRS-013373,6013373,2011397,252026,3000824,20000,2026-08-01T05:14:39Z,クレジットカード,increment-run-001,workshop-participant,donation_events_001.csv,2026-08-11T11:59:30Z
EVT-FRS-006452,6006452,2002761,182087,3002372,30000,2026-08-01T05:15:05Z,クレジットカード,increment-run-001,workshop-participant,donation_events_001.csv,2026-08-11T11:59:30Z
EVT-FRS-014204,6014204,2003062,182087,3002969,10000,2026-08-01T05:15:15Z,クレジットカード,increment-run-001,workshop-participant,donation_events_001.csv,2026-08-11T11:59:30Z
EVT-FRS-014478,6014478,2003287,282294,3002963,10000,2026-08-01T05:20:40Z,クレジットカード,increment-run-001,workshop-participant,donation_events_001.csv,2026-08-11T11:59:30Z
EVT-FRS-013417,6013417,2000311,143413,3002716,12000,2026-08-01T05:23:00Z,クレジットカード,increment-run-001,workshop-participant,donation_events_001.csv,2026-08-11T11:59:30Z
EVT-FRS-012178,6012178,2004329,082155,3005221,20000,2026-08-01T05:23:30Z,クレジットカード,increment-run-001,workshop-participant,donation_events_001.csv,2026-08-11T11:59:30Z
EVT-FRS-001502,6001502,2010214,122114,3001841,10000,2026-08-01T05:23:32Z,クレジットカード,increment-run-001,workshop-participant,donation_events_001.csv,2026-08-11T11:59:30Z
EVT-FRS-014188,6014188,2011009,242161,3000330,10000,2026-08-01T05:23:55Z,電子決済,increment-run-001,workshop-participant,donation_events_001.csv,2026-08-11T11:59:30Z
EVT-FRS-000623,6000623,2001043,062103,3002240,25000,2026-08-01T05:29:52Z,銀行振込,increment-run-001,workshop-participant,donation_events_001.csv,2026-08-11T11:59:30Z
EVT-FRS-014432,6014432,2007839,292036,3001530,10000,2026-08-01T05:31:32Z,電子決済,increment-run-001,workshop-participant,donation_events_001.csv,2026-08-11T11:59:30Z
EVT-FRS-009411,6009411,2006941,204129,3002216,15000,2026-08-01T05:40:03Z,コンビニ決済,increment-run-001,workshop-participant,donation_events_001.csv,2026-08-11T11:59:30Z
EVT-FRS-009100,6009100,2005261,292109,3002974,15000,2026-08-01T05:42:51Z,電子決済,increment-run-001,workshop-participant,donation_events_001.csv,2026-08-11T11:59:30Z
EVT-FRS-011782,6011782,2005632,422053,3003824,15000,2026-08-01T05:43:17Z,電子決済,increment-run-001,workshop-participant,donation_events_001.csv,2026-08-11T11:59:30Z
EVT-FRS-013276,6013276,2005652,452068,3004641,10000,2026-08-01T05:49:53Z,クレジットカード,increment-run-001,workshop-participant,donation_events_001.csv,2026-08-11T11:59:30Z
EVT-FRS-002590,6002590,2011617,401307,3001547,25000,2026-08-01T05:50:24Z,電子決済,increment-run-001,workshop-participant,donation_events_001.csv,2026-08-11T11:59:30Z
EVT-FRS-012431,6012431,2001582,012190,3002126,15000,2026-08-01T05:52:29Z,クレジットカード,increment-run-001,workshop-participant,donation_events_001.csv,2026-08-11T11:59:30Z
EVT-FRS-004920,6004920,2005408,262064,3004909,30000,2026-08-01T05:55:04Z,電子決済,increment-run-001,workshop-participant,donation_events_001.csv,2026-08-11T11:59:30Z
EVT-FRS-006407,6006407,2004297,252107,3005565,10000,2026-08-01T06:01:09Z,クレジットカード,increment-run-001,workshop-participant,donation_events_001.csv,2026-08-11T11:59:30Z
EVT-FRS-013068,6013068,2001262,202061,3003236,15000,2026-08-01T06:02:53Z,クレジットカード,increment-run-001,workshop-participant,donation_events_001.csv,2026-08-11T11:59:30Z
EVT-FRS-010534,6010534,2009576,062065,3002607,10000,2026-08-01T06:04:12Z,電子決済,increment-run-001,workshop-participant,donation_events_001.csv,2026-08-11T11:59:30Z
EVT-FRS-002433,6002433,2004850,245615,3005741,15000,2026-08-01T06:19:37Z,クレジットカード,increment-run-001,workshop-participant,donation_events_001.csv,2026-08-11T11:59:30Z
EVT-FRS-008672,6008672,2009614,035246,3004401,5000,2026-08-01T06:25:10Z,クレジットカード,increment-run-001,workshop-participant,donation_events_001.csv,2026-08-11T11:59:30Z
EVT-FRS-009924,6009924,2004361,212202,3001541,12000,2026-08-01T06:27:45Z,クレジットカード,increment-run-001,workshop-participant,donation_events_001.csv,2026-08-11T11:59:30Z
EVT-FRS-010479,6010479,2005760,372048,3003023,15000,2026-08-01T06:29:40Z,クレジットカード,increment-run-001,workshop-participant,donation_events_001.csv,2026-08-11T11:59:30Z
EVT-FRS-000140,6000140,2008632,012165,3001377,20000,2026-08-01T06:33:52Z,クレジットカード,increment-run-001,workshop-participant,donation_events_001.csv,2026-08-11T11:59:30Z
EVT-FRS-009456,6009456,2006475,012301,3005461,10000,2026-08-01T06:34:26Z,クレジットカード,increment-run-001,workshop-participant,donation_events_001.csv,2026-08-11T11:59:30Z
EVT-FRS-008921,6008921,2010763,012190,3003992,12000,2026-08-01T06:38:22Z,クレジットカード,increment-run-001,workshop-participant,donation_events_001.csv,2026-08-11T11:59:30Z
EVT-FRS-002605,6002605,2000342,032034,3005912,25000,2026-08-01T06:44:01Z,クレジットカード,increment-run-001,workshop-participant,donation_events_001.csv,2026-08-11T11:59:30Z
EVT-FRS-013074,6013074,2008410,182052,3000208,15000,2026-08-01T06:46:37Z,電子決済,increment-run-001,workshop-participant,donation_events_001.csv,2026-08-11T11:59:30Z
EVT-FRS-001615,6001615,2002793,132276,3000809,10000,2026-08-01T06:47:00Z,クレジットカード,increment-run-001,workshop-participant,donation_events_001.csv,2026-08-11T11:59:30Z
EVT-FRS-006606,6006606,2010133,442135,3004245,50000,2026-08-01T06:47:42Z,電子決済,increment-run-001,workshop-participant,donation_events_001.csv,2026-08-11T11:59:30Z
EVT-FRS-005791,6005791,2003295,393011,3001833,10000,2026-08-01T06:58:30Z,コンビニ決済,increment-run-001,workshop-participant,donation_events_001.csv,2026-08-11T11:59:30Z
EVT-FRS-001212,6001212,2011935,062138,3005271,10000,2026-08-01T06:59:43Z,クレジットカード,increment-run-001,workshop-participant,donation_events_001.csv,2026-08-11T11:59:30Z
EVT-FRS-011725,6011725,2004906,352080,3004250,10000,2026-08-01T07:00:59Z,コンビニ決済,increment-run-001,workshop-participant,donation_events_001.csv,2026-08-11T11:59:30Z
EVT-FRS-001132,6001132,2002824,282171,3004345,20000,2026-08-01T07:01:52Z,銀行振込,increment-run-001,workshop-participant,donation_events_001.csv,2026-08-11T11:59:30Z
EVT-FRS-001369,6001369,2000740,141003,3000744,12000,2026-08-01T07:03:13Z,クレジットカード,increment-run-001,workshop-participant,donation_events_001.csv,2026-08-11T11:59:30Z
EVT-FRS-001634,6001634,2005049,192121,3004054,15000,2026-08-01T07:04:44Z,電子決済,increment-run-001,workshop-participant,donation_events_001.csv,2026-08-11T11:59:30Z
EVT-FRS-012229,6012229,2010311,272281,3005153,15000,2026-08-01T07:07:13Z,クレジットカード,increment-run-001,workshop-participant,donation_events_001.csv,2026-08-11T11:59:30Z
EVT-FRS-005085,6005085,2011744,132233,3000192,20000,2026-08-01T07:08:48Z,クレジットカード,increment-run-001,workshop-participant,donation_events_001.csv,2026-08-11T11:59:30Z
EVT-FRS-001648,6001648,2002237,325279,3005441,5000,2026-08-01T07:11:42Z,クレジットカード,increment-run-001,workshop-participant,donation_events_001.csv,2026-08-11T11:59:30Z
EVT-FRS-008433,6008433,2006083,032140,3002838,15000,2026-08-01T07:14:20Z,クレジットカード,increment-run-001,workshop-participant,donation_events_001.csv,2026-08-11T11:59:30Z
EVT-FRS-010608,6010608,2010909,014702,3000748,25000,2026-08-01T07:16:36Z,クレジットカード,increment-run-001,workshop-participant,donation_events_001.csv,2026-08-11T11:59:30Z
EVT-FRS-006340,6006340,2006246,232351,3004367,20000,2026-08-01T07:29:29Z,クレジットカード,increment-run-001,workshop-participant,donation_events_001.csv,2026-08-11T11:59:30Z
EVT-FRS-003669,6003669,2010760,222267,3004162,20000,2026-08-01T07:39:00Z,クレジットカード,increment-run-001,workshop-participant,donation_events_001.csv,2026-08-11T11:59:30Z
EVT-FRS-007685,6007685,2005010,285862,3001984,20000,2026-08-01T07:41:36Z,クレジットカード,increment-run-001,workshop-participant,donation_events_001.csv,2026-08-11T11:59:30Z
EVT-FRS-006042,6006042,2005009,222127,3004313,10000,2026-08-01T07:41:54Z,クレジットカード,increment-run-001,workshop-participant,donation_events_001.csv,2026-08-11T11:59:30Z
EVT-FRS-010403,6010403,2002158,362051,3004566,30000,2026-08-01T07:47:39Z,銀行振込,increment-run-001,workshop-participant,donation_events_001.csv,2026-08-11T11:59:30Z
EVT-FRS-002176,6002176,2003459,112020,3002647,50000,2026-08-01T07:49:11Z,クレジットカード,increment-run-001,workshop-participant,donation_events_001.csv,2026-08-11T11:59:30Z
EVT-FRS-012590,6012590,2007674,271004,3001569,20000,2026-08-01T07:56:52Z,クレジットカード,increment-run-001,workshop-participant,donation_events_001.csv,2026-08-11T11:59:30Z
EVT-FRS-008224,6008224,2000316,204510,3000049,8000,2026-08-01T08:02:38Z,クレジットカード,increment-run-001,workshop-participant,donation_events_001.csv,2026-08-11T11:59:30Z
EVT-FRS-012866,6012866,2008398,152226,3002921,30000,2026-08-01T08:05:29Z,クレジットカード,increment-run-001,workshop-participant,donation_events_001.csv,2026-08-11T11:59:30Z
EVT-FRS-009681,6009681,2008280,442101,3004390,10000,2026-08-01T08:17:41Z,銀行振込,increment-run-001,workshop-participant,donation_events_001.csv,2026-08-11T11:59:30Z
EVT-FRS-008388,6008388,2000371,012190,3001672,10000,2026-08-01T08:19:28Z,電子決済,increment-run-001,workshop-participant,donation_events_001.csv,2026-08-11T11:59:30Z
EVT-FRS-006614,6006614,2001017,122190,3001473,12000,2026-08-01T08:34:52Z,クレジットカード,increment-run-001,workshop-participant,donation_events_001.csv,2026-08-11T11:59:30Z
EVT-FRS-006730,6006730,2003162,402206,3004625,10000,2026-08-01T08:37:27Z,電子決済,increment-run-001,workshop-participant,donation_events_001.csv,2026-08-11T11:59:30Z
EVT-FRS-009385,6009385,2006184,402265,3003852,5000,2026-08-01T08:39:25Z,クレジットカード,increment-run-001,workshop-participant,donation_events_001.csv,2026-08-11T11:59:30Z
EVT-FRS-002807,6002807,2002207,282189,3001646,10000,2026-08-01T08:46:37Z,銀行振込,increment-run-001,workshop-participant,donation_events_001.csv,2026-08-11T11:59:30Z
EVT-FRS-010704,6010704,2011563,393011,3002815,5000,2026-08-01T08:50:01Z,クレジットカード,increment-run-001,workshop-participant,donation_events_001.csv,2026-08-11T11:59:30Z
EVT-FRS-013799,6013799,2011274,012149,3000642,70000,2026-08-01T08:52:06Z,クレジットカード,increment-run-001,workshop-participant,donation_events_001.csv,2026-08-11T11:59:30Z
EVT-FRS-003526,6003526,2006288,262102,3001552,5000,2026-08-01T08:55:20Z,クレジットカード,increment-run-001,workshop-participant,donation_events_001.csv,2026-08-11T11:59:30Z
EVT-FRS-007963,6007963,2001745,442127,3002864,30000,2026-08-01T08:57:23Z,クレジットカード,increment-run-001,workshop-participant,donation_events_001.csv,2026-08-11T11:59:30Z
EVT-FRS-007259,6007259,2010210,342084,3003853,20000,2026-08-01T08:57:54Z,クレジットカード,increment-run-001,workshop-participant,donation_events_001.csv,2026-08-11T11:59:30Z
EVT-FRS-011464,6011464,2001210,462233,3004483,10000,2026-08-01T09:00:02Z,クレジットカード,increment-run-001,workshop-participant,donation_events_001.csv,2026-08-11T11:59:30Z
EVT-FRS-007908,6007908,2002050,464520,3000655,15000,2026-08-01T09:06:06Z,クレジットカード,increment-run-001,workshop-participant,donation_events_001.csv,2026-08-11T11:59:30Z
EVT-FRS-003003,6003003,2006416,406015,3000789,10000,2026-08-01T09:08:02Z,コンビニ決済,increment-run-001,workshop-participant,donation_events_001.csv,2026-08-11T11:59:30Z
EVT-FRS-002286,6002286,2002289,272256,3005135,10000,2026-08-01T09:08:56Z,クレジットカード,increment-run-001,workshop-participant,donation_events_001.csv,2026-08-11T11:59:30Z
EVT-FRS-003191,6003191,2002815,032093,3005383,20000,2026-08-01T09:09:59Z,クレジットカード,increment-run-001,workshop-participant,donation_events_001.csv,2026-08-11T11:59:30Z
EVT-FRS-011607,6011607,2000215,012068,3004966,10000,2026-08-01T09:18:06Z,クレジットカード,increment-run-001,workshop-participant,donation_events_001.csv,2026-08-11T11:59:30Z
EVT-FRS-010325,6010325,2000905,252131,3003967,20000,2026-08-01T09:19:09Z,クレジットカード,increment-run-001,workshop-participant,donation_events_001.csv,2026-08-11T11:59:30Z
EVT-FRS-008967,6008967,2003551,342157,3003725,12000,2026-08-01T09:22:47Z,電子決済,increment-run-001,workshop-participant,donation_events_001.csv,2026-08-11T11:59:30Z
EVT-FRS-014672,6014672,2007739,015865,3005785,10000,2026-08-01T09:25:19Z,電子決済,increment-run-001,workshop-participant,donation_events_001.csv,2026-08-11T11:59:30Z
EVT-FRS-005674,6005674,2002648,462233,3003745,10000,2026-08-01T09:33:09Z,コンビニ決済,increment-run-001,workshop-participant,donation_events_001.csv,2026-08-11T11:59:30Z
EVT-FRS-002792,6002792,2002310,133621,3005125,25000,2026-08-01T09:34:40Z,銀行振込,increment-run-001,workshop-participant,donation_events_001.csv,2026-08-11T11:59:30Z
EVT-FRS-007315,6007315,2010088,414018,3001486,50000,2026-08-01T09:37:31Z,クレジットカード,increment-run-001,workshop-participant,donation_events_001.csv,2026-08-11T11:59:30Z
EVT-FRS-001162,6001162,2003995,222241,3001694,10000,2026-08-01T09:47:11Z,クレジットカード,increment-run-001,workshop-participant,donation_events_001.csv,2026-08-11T11:59:30Z
EVT-FRS-013885,6013885,2000144,352039,3003273,8000,2026-08-01T09:47:23Z,クレジットカード,increment-run-001,workshop-participant,donation_events_001.csv,2026-08-11T11:59:30Z
EVT-FRS-014842,6014842,2003595,042137,3003331,25000,2026-08-01T09:53:26Z,コンビニ決済,increment-run-001,workshop-participant,donation_events_001.csv,2026-08-11T11:59:30Z
EVT-FRS-001117,6001117,2001149,442101,3004614,5000,2026-08-01T09:54:38Z,クレジットカード,increment-run-001,workshop-participant,donation_events_001.csv,2026-08-11T11:59:30Z
EVT-FRS-009919,6009919,2008672,302023,3002401,15000,2026-08-01T09:55:15Z,電子決済,increment-run-001,workshop-participant,donation_events_001.csv,2026-08-11T11:59:30Z
EVT-FRS-010011,6010011,2008802,032085,3003426,40000,2026-08-01T09:58:23Z,クレジットカード,increment-run-001,workshop-participant,donation_events_001.csv,2026-08-11T11:59:30Z
EVT-FRS-007626,6007626,2010847,092096,3004732,12000,2026-08-01T10:01:58Z,電子決済,increment-run-001,workshop-participant,donation_events_001.csv,2026-08-11T11:59:30Z
EVT-FRS-000010,6000010,2011285,272311,3002880,5000,2026-08-01T10:07:01Z,クレジットカード,increment-run-001,workshop-participant,donation_events_001.csv,2026-08-11T11:59:30Z
EVT-FRS-013640,6013640,2007623,272299,3002670,10000,2026-08-01T10:09:59Z,クレジットカード,increment-run-001,workshop-participant,donation_events_001.csv,2026-08-11T11:59:30Z
EVT-FRS-010862,6010862,2010057,104299,3003376,20000,2026-08-01T10:12:36Z,クレジットカード,increment-run-001,workshop-participant,donation_events_001.csv,2026-08-11T11:59:30Z
EVT-FRS-010898,6010898,2002813,092100,3002316,15000,2026-08-01T10:13:15Z,クレジットカード,increment-run-001,workshop-participant,donation_events_001.csv,2026-08-11T11:59:30Z
EVT-FRS-012487,6012487,2001733,232351,3001051,40000,2026-08-01T10:14:11Z,クレジットカード,increment-run-001,workshop-participant,donation_events_001.csv,2026-08-11T11:59:30Z
EVT-FRS-008834,6008834,2008565,112372,3004057,5000,2026-08-01T10:15:51Z,クレジットカード,increment-run-001,workshop-participant,donation_events_001.csv,2026-08-11T11:59:30Z
EVT-FRS-005889,6005889,2010005,292028,3002624,30000,2026-08-01T10:15:57Z,クレジットカード,increment-run-001,workshop-participant,donation_events_001.csv,2026-08-11T11:59:30Z
EVT-FRS-001284,6001284,2011124,105210,3002318,10000,2026-08-01T10:17:42Z,銀行振込,increment-run-001,workshop-participant,donation_events_001.csv,2026-08-11T11:59:30Z
EVT-FRS-000364,6000364,2008326,284815,3001931,20000,2026-08-01T10:25:08Z,クレジットカード,increment-run-001,workshop-participant,donation_events_001.csv,2026-08-11T11:59:30Z
EVT-FRS-002535,6002535,2003051,282171,3001417,5000,2026-08-01T10:28:40Z,クレジットカード,increment-run-001,workshop-participant,donation_events_001.csv,2026-08-11T11:59:30Z
EVT-FRS-002283,6002283,2009168,342131,3004767,10000,2026-08-01T10:29:19Z,クレジットカード,increment-run-001,workshop-participant,donation_events_001.csv,2026-08-11T11:59:30Z
EVT-FRS-005617,6005617,2007653,016926,3000141,20000,2026-08-01T10:31:53Z,電子決済,increment-run-001,workshop-participant,donation_events_001.csv,2026-08-11T11:59:30Z
EVT-FRS-003413,6003413,2000154,452041,3004484,20000,2026-08-01T10:33:03Z,電子決済,increment-run-001,workshop-participant,donation_events_001.csv,2026-08-11T11:59:30Z
EVT-FRS-009642,6009642,2011452,183229,3001158,15000,2026-08-01T10:37:04Z,電子決済,increment-run-001,workshop-participant,donation_events_001.csv,2026-08-11T11:59:30Z
EVT-FRS-013925,6013925,2006139,152111,3003757,20000,2026-08-01T10:39:54Z,クレジットカード,increment-run-001,workshop-participant,donation_events_001.csv,2026-08-11T11:59:30Z
EVT-FRS-006880,6006880,2008735,402303,3005164,10000,2026-08-01T10:42:00Z,電子決済,increment-run-001,workshop-participant,donation_events_001.csv,2026-08-11T11:59:30Z
EVT-FRS-013041,6013041,2010224,192066,3003235,25000,2026-08-01T10:46:53Z,クレジットカード,increment-run-001,workshop-participant,donation_events_001.csv,2026-08-11T11:59:30Z
EVT-FRS-002404,6002404,2008842,422126,3004801,5000,2026-08-01T10:51:44Z,コンビニ決済,increment-run-001,workshop-participant,donation_events_001.csv,2026-08-11T11:59:30Z
EVT-FRS-003520,6003520,2001407,322075,3003078,10000,2026-08-01T10:53:02Z,クレジットカード,increment-run-001,workshop-participant,donation_events_001.csv,2026-08-11T11:59:30Z
EVT-FRS-004226,6004226,2002962,012246,3002090,20000,2026-08-01T11:01:00Z,クレジットカード,increment-run-001,workshop-participant,donation_events_001.csv,2026-08-11T11:59:30Z
EVT-FRS-006988,6006988,2001186,242144,3005733,20000,2026-08-01T11:03:35Z,クレジットカード,increment-run-001,workshop-participant,donation_events_001.csv,2026-08-11T11:59:30Z
EVT-FRS-001611,6001611,2011949,232122,3002555,70000,2026-08-01T11:04:13Z,クレジットカード,increment-run-001,workshop-participant,donation_events_001.csv,2026-08-11T11:59:30Z
EVT-FRS-012860,6012860,2007051,012173,3003541,50000,2026-08-01T11:09:17Z,クレジットカード,increment-run-001,workshop-participant,donation_events_001.csv,2026-08-11T11:59:30Z
EVT-FRS-005104,6005104,2011338,072044,3005039,5000,2026-08-01T11:09:50Z,電子決済,increment-run-001,workshop-participant,donation_events_001.csv,2026-08-11T11:59:30Z
EVT-FRS-009408,6009408,2006696,272191,3001187,12000,2026-08-01T11:10:36Z,クレジットカード,increment-run-001,workshop-participant,donation_events_001.csv,2026-08-11T11:59:30Z
EVT-FRS-004628,6004628,2011673,452025,3003952,20000,2026-08-01T11:14:12Z,クレジットカード,increment-run-001,workshop-participant,donation_events_001.csv,2026-08-11T11:59:30Z
EVT-FRS-006123,6006123,2001834,162086,3005707,15000,2026-08-01T11:14:27Z,クレジットカード,increment-run-001,workshop-participant,donation_events_001.csv,2026-08-11T11:59:30Z
EVT-FRS-002750,6002750,2005841,092045,3004742,5000,2026-08-01T11:18:38Z,クレジットカード,increment-run-001,workshop-participant,donation_events_001.csv,2026-08-11T11:59:30Z
EVT-FRS-013783,6013783,2003358,012211,3001798,25000,2026-08-01T11:27:15Z,クレジットカード,increment-run-001,workshop-participant,donation_events_001.csv,2026-08-11T11:59:30Z
EVT-FRS-011759,6011759,2006252,132233,3004233,20000,2026-08-01T11:29:28Z,コンビニ決済,increment-run-001,workshop-participant,donation_events_001.csv,2026-08-11T11:59:30Z
EVT-FRS-001641,6001641,2006542,202134,3005250,10000,2026-08-01T11:36:34Z,電子決済,increment-run-001,workshop-participant,donation_events_001.csv,2026-08-11T11:59:30Z
EVT-FRS-000273,6000273,2008799,131041,3001526,20000,2026-08-01T11:37:11Z,電子決済,increment-run-001,workshop-participant,donation_events_001.csv,2026-08-11T11:59:30Z
EVT-FRS-014394,6014394,2004128,022012,3000540,5000,2026-08-01T11:42:08Z,クレジットカード,increment-run-001,workshop-participant,donation_events_001.csv,2026-08-11T11:59:30Z
EVT-FRS-012163,6012163,2004084,435058,3003691,5000,2026-08-01T11:44:52Z,電子決済,increment-run-001,workshop-participant,donation_events_001.csv,2026-08-11T11:59:30Z
EVT-FRS-004439,6004439,2008380,262030,3003318,12000,2026-08-01T11:45:58Z,クレジットカード,increment-run-001,workshop-participant,donation_events_001.csv,2026-08-11T11:59:30Z
EVT-FRS-009192,6009192,2009405,032077,3002662,10000,2026-08-01T11:56:46Z,クレジットカード,increment-run-001,workshop-participant,donation_events_001.csv,2026-08-11T11:59:30Z
EVT-FRS-012531,6012531,2008485,402052,3005038,5000,2026-08-01T12:05:57Z,電子決済,increment-run-001,workshop-participant,donation_events_001.csv,2026-08-11T11:59:30Z
EVT-FRS-011056,6011056,2009340,102083,3000539,10000,2026-08-01T12:06:05Z,クレジットカード,increment-run-001,workshop-participant,donation_events_001.csv,2026-08-11T11:59:30Z
EVT-FRS-000243,6000243,2000904,152226,3002391,20000,2026-08-01T12:14:14Z,クレジットカード,increment-run-001,workshop-participant,donation_events_001.csv,2026-08-11T11:59:30Z
EVT-FRS-002450,6002450,2002046,442089,3004154,20000,2026-08-01T12:15:05Z,電子決済,increment-run-001,workshop-participant,donation_events_001.csv,2026-08-11T11:59:30Z
EVT-FRS-005103,6005103,2002379,382043,3002011,20000,2026-08-01T12:15:37Z,電子決済,increment-run-001,workshop-participant,donation_events_001.csv,2026-08-11T11:59:30Z
EVT-FRS-012500,6012500,2001425,012165,3001715,10000,2026-08-01T12:15:55Z,コンビニ決済,increment-run-001,workshop-participant,donation_events_001.csv,2026-08-11T11:59:30Z
EVT-FRS-014715,6014715,2008876,392031,3003283,15000,2026-08-01T12:23:09Z,クレジットカード,increment-run-001,workshop-participant,donation_events_001.csv,2026-08-11T11:59:30Z
EVT-FRS-007881,6007881,2001468,045012,3005777,15000,2026-08-01T12:25:23Z,クレジットカード,increment-run-001,workshop-participant,donation_events_001.csv,2026-08-11T11:59:30Z
EVT-FRS-001234,6001234,2010204,473014,3004133,10000,2026-08-01T12:25:40Z,クレジットカード,increment-run-001,workshop-participant,donation_events_001.csv,2026-08-11T11:59:30Z
EVT-FRS-004077,6004077,2009118,112232,3000007,20000,2026-08-01T12:29:04Z,電子決済,increment-run-001,workshop-participant,donation_events_001.csv,2026-08-11T11:59:30Z
EVT-FRS-004150,6004150,2008846,152048,3001642,10000,2026-08-01T12:29:33Z,クレジットカード,increment-run-001,workshop-participant,donation_events_001.csv,2026-08-11T11:59:30Z
EVT-FRS-002876,6002876,2000867,342157,3000400,10000,2026-08-01T12:34:06Z,クレジットカード,increment-run-001,workshop-participant,donation_events_001.csv,2026-08-11T11:59:30Z
EVT-FRS-002305,6002305,2006180,012262,3000254,10000,2026-08-01T12:37:03Z,クレジットカード,increment-run-001,workshop-participant,donation_events_001.csv,2026-08-11T11:59:30Z
EVT-FRS-001463,6001463,2011925,182028,3002137,20000,2026-08-01T12:37:52Z,クレジットカード,increment-run-001,workshop-participant,donation_events_001.csv,2026-08-11T11:59:30Z
EVT-FRS-009800,6009800,2009412,232335,3002428,15000,2026-08-01T12:47:01Z,クレジットカード,increment-run-001,workshop-participant,donation_events_001.csv,2026-08-11T11:59:30Z
EVT-FRS-008669,6008669,2010977,122050,3000225,12000,2026-08-01T12:50:34Z,電子決済,increment-run-001,workshop-participant,donation_events_001.csv,2026-08-11T11:59:30Z
EVT-FRS-012481,6012481,2004627,272272,3001216,10000,2026-08-01T12:50:57Z,電子決済,increment-run-001,workshop-participant,donation_events_001.csv,2026-08-11T11:59:30Z
EVT-FRS-005938,6005938,2011963,472107,3005346,30000,2026-08-01T12:53:19Z,クレジットカード,increment-run-001,workshop-participant,donation_events_001.csv,2026-08-11T11:59:30Z
EVT-FRS-001957,6001957,2007794,042081,3001074,10000,2026-08-01T12:53:48Z,クレジットカード,increment-run-001,workshop-participant,donation_events_001.csv,2026-08-11T11:59:30Z
EVT-FRS-010773,6010773,2005930,152048,3003793,10000,2026-08-01T12:56:34Z,クレジットカード,increment-run-001,workshop-participant,donation_events_001.csv,2026-08-11T11:59:30Z
EVT-FRS-009339,6009339,2002585,212181,3000479,8000,2026-08-01T13:07:16Z,クレジットカード,increment-run-001,workshop-participant,donation_events_001.csv,2026-08-11T11:59:30Z
EVT-FRS-002397,6002397,2009633,022021,3000544,15000,2026-08-01T13:11:02Z,クレジットカード,increment-run-001,workshop-participant,donation_events_001.csv,2026-08-11T11:59:30Z
EVT-FRS-001166,6001166,2011686,235628,3003502,15000,2026-08-01T13:11:55Z,クレジットカード,increment-run-001,workshop-participant,donation_events_001.csv,2026-08-11T11:59:30Z
EVT-FRS-009451,6009451,2009304,052108,3002398,5000,2026-08-01T13:12:00Z,電子決済,increment-run-001,workshop-participant,donation_events_001.csv,2026-08-11T11:59:30Z
EVT-FRS-006535,6006535,2008705,372072,3000704,15000,2026-08-01T13:19:13Z,電子決済,increment-run-001,workshop-participant,donation_events_001.csv,2026-08-11T11:59:30Z
EVT-FRS-013804,6013804,2008768,262145,3005802,20000,2026-08-01T13:29:58Z,クレジットカード,increment-run-001,workshop-participant,donation_events_001.csv,2026-08-11T11:59:30Z
EVT-FRS-012413,6012413,2000741,312045,3002132,15000,2026-08-01T13:31:24Z,クレジットカード,increment-run-001,workshop-participant,donation_events_001.csv,2026-08-11T11:59:30Z
EVT-FRS-003119,6003119,2009262,332119,3005900,10000,2026-08-01T13:35:32Z,クレジットカード,increment-run-001,workshop-participant,donation_events_001.csv,2026-08-11T11:59:30Z
EVT-FRS-007456,6007456,2009938,434477,3001326,20000,2026-08-01T13:36:38Z,クレジットカード,increment-run-001,workshop-participant,donation_events_001.csv,2026-08-11T11:59:30Z
EVT-FRS-012717,6012717,2004572,122319,3003310,12000,2026-08-01T13:39:16Z,コンビニ決済,increment-run-001,workshop-participant,donation_events_001.csv,2026-08-11T11:59:30Z
EVT-FRS-002175,6002175,2006094,122351,3000742,8000,2026-08-01T13:43:39Z,クレジットカード,increment-run-001,workshop-participant,donation_events_001.csv,2026-08-11T11:59:30Z
EVT-FRS-000314,6000314,2003346,032069,3000875,10000,2026-08-01T13:55:08Z,電子決済,increment-run-001,workshop-participant,donation_events_001.csv,2026-08-11T11:59:30Z
EVT-FRS-003350,6003350,2002509,341002,3000156,15000,2026-08-01T14:02:49Z,クレジットカード,increment-run-001,workshop-participant,donation_events_001.csv,2026-08-11T11:59:30Z
EVT-FRS-001123,6001123,2009483,202029,3003369,50000,2026-08-01T14:09:56Z,電子決済,increment-run-001,workshop-participant,donation_events_001.csv,2026-08-11T11:59:30Z
EVT-FRS-012049,6012049,2005204,442071,3000202,15000,2026-08-01T14:11:16Z,クレジットカード,increment-run-001,workshop-participant,donation_events_001.csv,2026-08-11T11:59:30Z
EVT-FRS-003726,6003726,2002932,452025,3003435,15000,2026-08-01T14:18:12Z,クレジットカード,increment-run-001,workshop-participant,donation_events_001.csv,2026-08-11T11:59:30Z
EVT-FRS-003330,6003330,2003043,112411,3004315,12000,2026-08-01T14:18:25Z,クレジットカード,increment-run-001,workshop-participant,donation_events_001.csv,2026-08-11T11:59:30Z
EVT-FRS-007084,6007084,2009659,222160,3004778,8000,2026-08-01T14:22:08Z,クレジットカード,increment-run-001,workshop-participant,donation_events_001.csv,2026-08-11T11:59:30Z
EVT-FRS-004034,6004034,2001064,112321,3001893,10000,2026-08-01T14:23:09Z,クレジットカード,increment-run-001,workshop-participant,donation_events_001.csv,2026-08-11T11:59:30Z
EVT-FRS-012396,6012396,2000320,162051,3002664,15000,2026-08-01T14:23:52Z,コンビニ決済,increment-run-001,workshop-participant,donation_events_001.csv,2026-08-11T11:59:30Z
EVT-FRS-006182,6006182,2008626,452025,3005996,20000,2026-08-01T14:26:59Z,クレジットカード,increment-run-001,workshop-participant,donation_events_001.csv,2026-08-11T11:59:30Z
EVT-FRS-003427,6003427,2000309,452025,3004334,10000,2026-08-01T14:28:23Z,クレジットカード,increment-run-001,workshop-participant,donation_events_001.csv,2026-08-11T11:59:30Z
EVT-FRS-011145,6011145,2006564,442089,3004154,60000,2026-08-01T14:29:20Z,クレジットカード,increment-run-001,workshop-participant,donation_events_001.csv,2026-08-11T11:59:30Z
EVT-FRS-011581,6011581,2001949,202185,3000702,10000,2026-08-01T14:29:43Z,クレジットカード,increment-run-001,workshop-participant,donation_events_001.csv,2026-08-11T11:59:30Z
EVT-FRS-010213,6010213,2009537,272132,3005617,10000,2026-08-01T14:32:10Z,クレジットカード,increment-run-001,workshop-participant,donation_events_001.csv,2026-08-11T11:59:30Z
EVT-FRS-001099,6001099,2002937,142085,3000468,10000,2026-08-01T14:32:53Z,クレジットカード,increment-run-001,workshop-participant,donation_events_001.csv,2026-08-11T11:59:30Z
EVT-FRS-005804,6005804,2008943,334618,3003707,20000,2026-08-01T14:34:03Z,クレジットカード,increment-run-001,workshop-participant,donation_events_001.csv,2026-08-11T11:59:30Z
EVT-FRS-004945,6004945,2005380,342157,3002242,10000,2026-08-01T14:34:04Z,電子決済,increment-run-001,workshop-participant,donation_events_001.csv,2026-08-11T11:59:30Z
EVT-FRS-013959,6013959,2004012,292109,3002678,20000,2026-08-01T14:35:27Z,銀行振込,increment-run-001,workshop-participant,donation_events_001.csv,2026-08-11T11:59:30Z
EVT-FRS-004435,6004435,2003830,232327,3002462,25000,2026-08-01T14:44:44Z,クレジットカード,increment-run-001,workshop-participant,donation_events_001.csv,2026-08-11T11:59:30Z
EVT-FRS-009862,6009862,2006087,063410,3000522,8000,2026-08-01T14:44:54Z,クレジットカード,increment-run-001,workshop-participant,donation_events_001.csv,2026-08-11T11:59:30Z
EVT-FRS-001427,6001427,2009880,402257,3003638,10000,2026-08-01T14:46:25Z,電子決済,increment-run-001,workshop-participant,donation_events_001.csv,2026-08-11T11:59:30Z
EVT-FRS-004213,6004213,2000080,342122,3001146,10000,2026-08-01T14:47:08Z,クレジットカード,increment-run-001,workshop-participant,donation_events_001.csv,2026-08-11T11:59:30Z
EVT-FRS-002365,6002365,2009246,282219,3001020,20000,2026-08-01T15:02:03Z,銀行振込,increment-run-001,workshop-participant,donation_events_001.csv,2026-08-11T11:59:30Z
EVT-FRS-000707,6000707,2003807,232262,3000856,25000,2026-08-01T15:03:59Z,クレジットカード,increment-run-001,workshop-participant,donation_events_001.csv,2026-08-11T11:59:30Z
EVT-FRS-004008,6004008,2000003,212148,3000402,10000,2026-08-01T15:04:26Z,コンビニ決済,increment-run-001,workshop-participant,donation_events_001.csv,2026-08-11T11:59:30Z
EVT-FRS-013982,6013982,2002984,442101,3002897,10000,2026-08-01T15:06:11Z,クレジットカード,increment-run-001,workshop-participant,donation_events_001.csv,2026-08-11T11:59:30Z
EVT-FRS-002494,6002494,2007163,152111,3005708,12000,2026-08-01T15:08:13Z,クレジットカード,increment-run-001,workshop-participant,donation_events_001.csv,2026-08-11T11:59:30Z
EVT-FRS-012328,6012328,2008116,312029,3003101,10000,2026-08-01T15:09:16Z,クレジットカード,increment-run-001,workshop-participant,donation_events_001.csv,2026-08-11T11:59:30Z
EVT-FRS-007046,6007046,2001261,452025,3002265,10000,2026-08-01T15:19:31Z,クレジットカード,increment-run-001,workshop-participant,donation_events_001.csv,2026-08-11T11:59:30Z
EVT-FRS-008338,6008338,2010539,012173,3004992,15000,2026-08-01T15:20:05Z,クレジットカード,increment-run-001,workshop-participant,donation_events_001.csv,2026-08-11T11:59:30Z
EVT-FRS-012856,6012856,2011035,432105,3000585,15000,2026-08-01T15:24:09Z,電子決済,increment-run-001,workshop-participant,donation_events_001.csv,2026-08-11T11:59:30Z
EVT-FRS-012585,6012585,2005399,392057,3000469,15000,2026-08-01T15:24:41Z,銀行振込,increment-run-001,workshop-participant,donation_events_001.csv,2026-08-11T11:59:30Z
EVT-FRS-013570,6013570,2001703,302091,3004694,10000,2026-08-01T15:25:39Z,クレジットカード,increment-run-001,workshop-participant,donation_events_001.csv,2026-08-11T11:59:30Z
EVT-FRS-009053,6009053,2005362,172073,3000435,10000,2026-08-01T15:29:19Z,クレジットカード,increment-run-001,workshop-participant,donation_events_001.csv,2026-08-11T11:59:30Z
EVT-FRS-005798,6005798,2003167,434418,3004819,10000,2026-08-01T15:31:00Z,クレジットカード,increment-run-001,workshop-participant,donation_events_001.csv,2026-08-11T11:59:30Z
EVT-FRS-002558,6002558,2009908,182087,3004008,8000,2026-08-01T15:34:58Z,電子決済,increment-run-001,workshop-participant,donation_events_001.csv,2026-08-11T11:59:30Z
EVT-FRS-013813,6013813,2005144,062120,3005937,100000,2026-08-01T15:36:05Z,電子決済,increment-run-001,workshop-participant,donation_events_001.csv,2026-08-11T11:59:30Z
EVT-FRS-004659,6004659,2010679,452068,3003216,20000,2026-08-01T15:42:15Z,クレジットカード,increment-run-001,workshop-participant,donation_events_001.csv,2026-08-11T11:59:30Z
EVT-FRS-003988,6003988,2009421,152277,3005413,5000,2026-08-01T15:42:23Z,銀行振込,increment-run-001,workshop-participant,donation_events_001.csv,2026-08-11T11:59:30Z
EVT-FRS-006520,6006520,2004303,262030,3002382,12000,2026-08-01T15:43:03Z,クレジットカード,increment-run-001,workshop-participant,donation_events_001.csv,2026-08-11T11:59:30Z
EVT-FRS-013254,6013254,2005786,414247,3000428,20000,2026-08-01T15:49:16Z,電子決済,increment-run-001,workshop-participant,donation_events_001.csv,2026-08-11T11:59:30Z
EVT-FRS-012749,6012749,2005874,404489,3005467,15000,2026-08-01T15:49:23Z,クレジットカード,increment-run-001,workshop-participant,donation_events_001.csv,2026-08-11T11:59:30Z
EVT-FRS-004852,6004852,2010119,024252,3000014,20000,2026-08-01T15:50:17Z,銀行振込,increment-run-001,workshop-participant,donation_events_001.csv,2026-08-11T11:59:30Z
EVT-FRS-011369,6011369,2005195,234460,3000257,20000,2026-08-01T15:50:17Z,コンビニ決済,increment-run-001,workshop-participant,donation_events_001.csv,2026-08-11T11:59:30Z
EVT-FRS-007551,6007551,2000919,402168,3002325,25000,2026-08-01T15:51:25Z,クレジットカード,increment-run-001,workshop-participant,donation_events_001.csv,2026-08-11T11:59:30Z
EVT-FRS-010959,6010959,2011074,384429,3003883,10000,2026-08-01T15:57:58Z,クレジットカード,increment-run-001,workshop-participant,donation_events_001.csv,2026-08-11T11:59:30Z
EVT-FRS-003462,6003462,2005656,132071,3002436,10000,2026-08-01T16:01:24Z,クレジットカード,increment-run-001,workshop-participant,donation_events_001.csv,2026-08-11T11:59:30Z
EVT-FRS-002784,6002784,2007790,014273,3002449,5000,2026-08-01T16:02:58Z,電子決済,increment-run-001,workshop-participant,donation_events_001.csv,2026-08-11T11:59:30Z
EVT-FRS-006350,6006350,2007354,452050,3003161,10000,2026-08-01T16:07:46Z,クレジットカード,increment-run-001,workshop-participant,donation_events_001.csv,2026-08-11T11:59:30Z
EVT-FRS-008181,6008181,2009639,273627,3002980,30000,2026-08-01T16:08:45Z,電子決済,increment-run-001,workshop-participant,donation_events_001.csv,2026-08-11T11:59:30Z
EVT-FRS-014738,6014738,2011180,142034,3002381,30000,2026-08-01T16:19:29Z,クレジットカード,increment-run-001,workshop-participant,donation_events_001.csv,2026-08-11T11:59:30Z
EVT-FRS-005408,6005408,2006825,073628,3005244,20000,2026-08-01T16:27:44Z,クレジットカード,increment-run-001,workshop-participant,donation_events_001.csv,2026-08-11T11:59:30Z
EVT-FRS-006489,6006489,2004576,232343,3002809,10000,2026-08-01T16:36:35Z,クレジットカード,increment-run-001,workshop-participant,donation_events_001.csv,2026-08-11T11:59:30Z
EVT-FRS-008847,6008847,2008238,352021,3004918,5000,2026-08-01T16:45:10Z,電子決済,increment-run-001,workshop-participant,donation_events_001.csv,2026-08-11T11:59:30Z
EVT-FRS-007396,6007396,2000699,092169,3004115,12000,2026-08-01T16:47:18Z,クレジットカード,increment-run-001,workshop-participant,donation_events_001.csv,2026-08-11T11:59:30Z
EVT-FRS-009866,6009866,2006386,342025,3002620,5000,2026-08-01T16:54:45Z,クレジットカード,increment-run-001,workshop-participant,donation_events_001.csv,2026-08-11T11:59:30Z
EVT-FRS-007592,6007592,2011451,063649,3005775,10000,2026-08-01T16:54:50Z,銀行振込,increment-run-001,workshop-participant,donation_events_001.csv,2026-08-11T11:59:30Z
EVT-FRS-009137,6009137,2005795,402273,3003966,15000,2026-08-01T16:55:26Z,クレジットカード,increment-run-001,workshop-participant,donation_events_001.csv,2026-08-11T11:59:30Z
EVT-FRS-002729,6002729,2009161,212091,3003538,15000,2026-08-01T16:59:33Z,クレジットカード,increment-run-001,workshop-participant,donation_events_001.csv,2026-08-11T11:59:30Z
EVT-FRS-008318,6008318,2010666,382078,3005354,10000,2026-08-01T17:01:29Z,電子決済,increment-run-001,workshop-participant,donation_events_001.csv,2026-08-11T11:59:30Z
EVT-FRS-013904,6013904,2005513,402168,3004289,10000,2026-08-01T17:03:52Z,クレジットカード,increment-run-001,workshop-participant,donation_events_001.csv,2026-08-11T11:59:30Z
EVT-FRS-000313,6000313,2009773,032085,3001032,10000,2026-08-01T17:05:57Z,クレジットカード,increment-run-001,workshop-participant,donation_events_001.csv,2026-08-11T11:59:30Z
EVT-FRS-007379,6007379,2002836,452025,3002268,5000,2026-08-01T17:09:03Z,クレジットカード,increment-run-001,workshop-participant,donation_events_001.csv,2026-08-11T11:59:30Z
EVT-FRS-008914,6008914,2008631,363871,3003550,10000,2026-08-01T17:11:41Z,クレジットカード,increment-run-001,workshop-participant,donation_events_001.csv,2026-08-11T11:59:30Z
EVT-FRS-006698,6006698,2009580,082325,3003242,15000,2026-08-01T17:20:01Z,クレジットカード,increment-run-001,workshop-participant,donation_events_001.csv,2026-08-11T11:59:30Z
EVT-FRS-010841,6010841,2000946,162043,3002695,15000,2026-08-01T17:21:40Z,クレジットカード,increment-run-001,workshop-participant,donation_events_001.csv,2026-08-11T11:59:30Z
EVT-FRS-007822,6007822,2006539,122050,3002675,5000,2026-08-01T17:21:42Z,銀行振込,increment-run-001,workshop-participant,donation_events_001.csv,2026-08-11T11:59:30Z
EVT-FRS-006279,6006279,2006122,402117,3002515,20000,2026-08-01T17:30:37Z,コンビニ決済,increment-run-001,workshop-participant,donation_events_001.csv,2026-08-11T11:59:30Z
EVT-FRS-009927,6009927,2005469,152064,3004224,12000,2026-08-01T17:43:22Z,クレジットカード,increment-run-001,workshop-participant,donation_events_001.csv,2026-08-11T11:59:30Z
EVT-FRS-009920,6009920,2007543,332119,3005900,40000,2026-08-01T17:47:06Z,クレジットカード,increment-run-001,workshop-participant,donation_events_001.csv,2026-08-11T11:59:30Z
EVT-FRS-004579,6004579,2004921,462063,3004095,15000,2026-08-01T17:47:32Z,クレジットカード,increment-run-001,workshop-participant,donation_events_001.csv,2026-08-11T11:59:30Z
EVT-FRS-011946,6011946,2010006,122181,3003443,10000,2026-08-01T17:48:51Z,コンビニ決済,increment-run-001,workshop-participant,donation_events_001.csv,2026-08-11T11:59:30Z
EVT-FRS-013600,6013600,2006523,442119,3004655,10000,2026-08-01T17:50:59Z,クレジットカード,increment-run-001,workshop-participant,donation_events_001.csv,2026-08-11T11:59:30Z
EVT-FRS-004325,6004325,2007507,082325,3000617,20000,2026-08-01T17:57:27Z,クレジットカード,increment-run-001,workshop-participant,donation_events_001.csv,2026-08-11T11:59:30Z
EVT-FRS-011513,6011513,2004016,244422,3002669,15000,2026-08-01T17:59:59Z,コンビニ決済,increment-run-001,workshop-participant,donation_events_001.csv,2026-08-11T11:59:30Z
EVT-FRS-010307,6010307,2008829,462144,3001443,8000,2026-08-01T18:03:12Z,電子決済,increment-run-001,workshop-participant,donation_events_001.csv,2026-08-11T11:59:30Z
EVT-FRS-002608,6002608,2011038,405035,3004105,10000,2026-08-01T18:04:08Z,クレジットカード,increment-run-001,workshop-participant,donation_events_001.csv,2026-08-11T11:59:30Z
EVT-FRS-007050,6007050,2008685,232092,3004369,10000,2026-08-01T18:04:15Z,クレジットカード,increment-run-001,workshop-participant,donation_events_001.csv,2026-08-11T11:59:30Z
EVT-FRS-011727,6011727,2010246,352071,3001374,12000,2026-08-01T18:14:13Z,クレジットカード,increment-run-001,workshop-participant,donation_events_001.csv,2026-08-11T11:59:30Z
EVT-FRS-013339,6013339,2010844,082325,3004286,12000,2026-08-01T18:15:44Z,電子決済,increment-run-001,workshop-participant,donation_events_001.csv,2026-08-11T11:59:30Z
EVT-FRS-003570,6003570,2007209,402061,3004258,15000,2026-08-01T18:25:34Z,クレジットカード,increment-run-001,workshop-participant,donation_events_001.csv,2026-08-11T11:59:30Z
EVT-FRS-008525,6008525,2007329,192139,3004959,70000,2026-08-01T18:27:22Z,クレジットカード,increment-run-001,workshop-participant,donation_events_001.csv,2026-08-11T11:59:30Z
EVT-FRS-006756,6006756,2006930,203629,3001961,10000,2026-08-01T18:27:42Z,電子決済,increment-run-001,workshop-participant,donation_events_001.csv,2026-08-11T11:59:30Z
EVT-FRS-011275,6011275,2010079,122238,3004686,5000,2026-08-01T18:28:22Z,電子決済,increment-run-001,workshop-participant,donation_events_001.csv,2026-08-11T11:59:30Z
EVT-FRS-013859,6013859,2006790,141003,3003683,15000,2026-08-01T18:31:30Z,電子決済,increment-run-001,workshop-participant,donation_events_001.csv,2026-08-11T11:59:30Z
EVT-FRS-013209,6013209,2010818,422037,3002037,12000,2026-08-01T18:32:56Z,クレジットカード,increment-run-001,workshop-participant,donation_events_001.csv,2026-08-11T11:59:30Z
EVT-FRS-002618,6002618,2000925,102091,3002296,10000,2026-08-01T18:33:25Z,銀行振込,increment-run-001,workshop-participant,donation_events_001.csv,2026-08-11T11:59:30Z
EVT-FRS-002906,6002906,2004693,462161,3003137,50000,2026-08-01T18:35:48Z,クレジットカード,increment-run-001,workshop-participant,donation_events_001.csv,2026-08-11T11:59:30Z
EVT-FRS-000162,6000162,2005657,332054,3000347,10000,2026-08-01T18:38:09Z,クレジットカード,increment-run-001,workshop-participant,donation_events_001.csv,2026-08-11T11:59:30Z
EVT-FRS-005306,6005306,2005615,072028,3002617,12000,2026-08-01T18:40:29Z,クレジットカード,increment-run-001,workshop-participant,donation_events_001.csv,2026-08-11T11:59:30Z
EVT-FRS-001487,6001487,2008007,262013,3003531,15000,2026-08-01T18:48:38Z,電子決済,increment-run-001,workshop-participant,donation_events_001.csv,2026-08-11T11:59:30Z
EVT-FRS-010625,6010625,2004212,272132,3003896,5000,2026-08-01T18:50:08Z,銀行振込,increment-run-001,workshop-participant,donation_events_001.csv,2026-08-11T11:59:30Z
EVT-FRS-010845,6010845,2002509,022047,3000472,10000,2026-08-01T18:53:51Z,銀行振込,increment-run-001,workshop-participant,donation_events_001.csv,2026-08-11T11:59:30Z
EVT-FRS-000645,6000645,2004817,152188,3001403,15000,2026-08-01T18:54:01Z,クレジットカード,increment-run-001,workshop-participant,donation_events_001.csv,2026-08-11T11:59:30Z
EVT-FRS-013204,6013204,2006666,032131,3004565,10000,2026-08-01T18:55:43Z,クレジットカード,increment-run-001,workshop-participant,donation_events_001.csv,2026-08-11T11:59:30Z
EVT-FRS-012937,6012937,2004027,432113,3000212,10000,2026-08-01T19:00:00Z,クレジットカード,increment-run-001,workshop-participant,donation_events_001.csv,2026-08-11T11:59:30Z
EVT-FRS-012041,6012041,2004641,422142,3002122,20000,2026-08-01T19:00:39Z,クレジットカード,increment-run-001,workshop-participant,donation_events_001.csv,2026-08-11T11:59:30Z
EVT-FRS-004402,6004402,2007660,402168,3004289,30000,2026-08-01T19:01:02Z,クレジットカード,increment-run-001,workshop-participant,donation_events_001.csv,2026-08-11T11:59:30Z
EVT-FRS-000582,6000582,2008751,452050,3005041,15000,2026-08-01T19:01:18Z,クレジットカード,increment-run-001,workshop-participant,donation_events_001.csv,2026-08-11T11:59:30Z
EVT-FRS-009405,6009405,2005902,113247,3003145,20000,2026-08-01T19:10:21Z,クレジットカード,increment-run-001,workshop-participant,donation_events_001.csv,2026-08-11T11:59:30Z
EVT-FRS-007488,6007488,2006735,222160,3004554,10000,2026-08-01T19:10:54Z,電子決済,increment-run-001,workshop-participant,donation_events_001.csv,2026-08-11T11:59:30Z
EVT-FRS-010193,6010193,2010384,173614,3001314,10000,2026-08-01T19:23:44Z,クレジットカード,increment-run-001,workshop-participant,donation_events_001.csv,2026-08-11T11:59:30Z
EVT-FRS-010633,6010633,2007218,432105,3001470,12000,2026-08-01T19:25:11Z,クレジットカード,increment-run-001,workshop-participant,donation_events_001.csv,2026-08-11T11:59:30Z
EVT-FRS-002764,6002764,2005986,042099,3005396,30000,2026-08-01T19:30:08Z,クレジットカード,increment-run-001,workshop-participant,donation_events_001.csv,2026-08-11T11:59:30Z
EVT-FRS-000536,6000536,2007688,152064,3000278,8000,2026-08-01T19:34:21Z,クレジットカード,increment-run-001,workshop-participant,donation_events_001.csv,2026-08-11T11:59:30Z
EVT-FRS-012389,6012389,2001847,112259,3002708,40000,2026-08-01T19:36:34Z,クレジットカード,increment-run-001,workshop-participant,donation_events_001.csv,2026-08-11T11:59:30Z
EVT-FRS-006034,6006034,2006399,432032,3005336,30000,2026-08-01T19:56:28Z,コンビニ決済,increment-run-001,workshop-participant,donation_events_001.csv,2026-08-11T11:59:30Z
EVT-FRS-010031,6010031,2011165,053465,3000953,25000,2026-08-01T20:03:16Z,銀行振込,increment-run-001,workshop-participant,donation_events_001.csv,2026-08-11T11:59:30Z
EVT-FRS-006308,6006308,2008737,082201,3002934,10000,2026-08-01T20:05:22Z,クレジットカード,increment-run-001,workshop-participant,donation_events_001.csv,2026-08-11T11:59:30Z
EVT-FRS-008721,6008721,2004334,272167,3001054,30000,2026-08-01T20:05:52Z,クレジットカード,increment-run-001,workshop-participant,donation_events_001.csv,2026-08-11T11:59:30Z
EVT-FRS-002782,6002782,2003270,392014,3005116,10000,2026-08-01T20:17:27Z,クレジットカード,increment-run-001,workshop-participant,donation_events_001.csv,2026-08-11T11:59:30Z
EVT-FRS-002591,6002591,2000809,464686,3003500,10000,2026-08-01T20:17:47Z,電子決済,increment-run-001,workshop-participant,donation_events_001.csv,2026-08-11T11:59:30Z
EVT-FRS-008378,6008378,2005082,082198,3000775,10000,2026-08-01T20:21:02Z,クレジットカード,increment-run-001,workshop-participant,donation_events_001.csv,2026-08-11T11:59:30Z
EVT-FRS-012369,6012369,2000644,232050,3004942,8000,2026-08-01T20:21:40Z,クレジットカード,increment-run-001,workshop-participant,donation_events_001.csv,2026-08-11T11:59:30Z
EVT-FRS-006240,6006240,2008172,232327,3002462,12000,2026-08-01T20:22:44Z,クレジットカード,increment-run-001,workshop-participant,donation_events_001.csv,2026-08-11T11:59:30Z
EVT-FRS-000702,6000702,2002081,012360,3004702,10000,2026-08-01T20:24:32Z,クレジットカード,increment-run-001,workshop-participant,donation_events_001.csv,2026-08-11T11:59:30Z
EVT-FRS-005678,6005678,2004235,122165,3002111,12000,2026-08-01T20:26:54Z,クレジットカード,increment-run-001,workshop-participant,donation_events_001.csv,2026-08-11T11:59:30Z
EVT-FRS-006842,6006842,2004472,362069,3005186,12000,2026-08-01T20:28:05Z,クレジットカード,increment-run-001,workshop-participant,donation_events_001.csv,2026-08-11T11:59:30Z
EVT-FRS-014704,6014704,2011119,422126,3000901,30000,2026-08-01T20:30:50Z,クレジットカード,increment-run-001,workshop-participant,donation_events_001.csv,2026-08-11T11:59:30Z
EVT-FRS-010315,6010315,2002137,434825,3005315,40000,2026-08-01T20:32:24Z,電子決済,increment-run-001,workshop-participant,donation_events_001.csv,2026-08-11T11:59:30Z
EVT-FRS-001517,6001517,2003796,431001,3004301,8000,2026-08-01T20:36:06Z,クレジットカード,increment-run-001,workshop-participant,donation_events_001.csv,2026-08-11T11:59:30Z
EVT-FRS-005143,6005143,2004833,072010,3000115,10000,2026-08-01T20:40:26Z,クレジットカード,increment-run-001,workshop-participant,donation_events_001.csv,2026-08-11T11:59:30Z
EVT-FRS-004091,6004091,2002410,232149,3003556,15000,2026-08-01T20:44:23Z,クレジットカード,increment-run-001,workshop-participant,donation_events_001.csv,2026-08-11T11:59:30Z
EVT-FRS-004996,6004996,2011599,032140,3001160,15000,2026-08-01T20:46:16Z,クレジットカード,increment-run-001,workshop-participant,donation_events_001.csv,2026-08-11T11:59:30Z
EVT-FRS-008852,6008852,2003382,012084,3005151,10000,2026-08-01T20:52:25Z,クレジットカード,increment-run-001,workshop-participant,donation_events_001.csv,2026-08-11T11:59:30Z
EVT-FRS-000714,6000714,2007493,281000,3004146,15000,2026-08-01T20:53:23Z,クレジットカード,increment-run-001,workshop-participant,donation_events_001.csv,2026-08-11T11:59:30Z
EVT-FRS-013295,6013295,2004010,232211,3001937,12000,2026-08-01T20:56:05Z,コンビニ決済,increment-run-001,workshop-participant,donation_events_001.csv,2026-08-11T11:59:30Z
EVT-FRS-011769,6011769,2000455,012220,3001136,12000,2026-08-01T20:56:52Z,電子決済,increment-run-001,workshop-participant,donation_events_001.csv,2026-08-11T11:59:30Z
EVT-FRS-009895,6009895,2011258,302023,3001884,10000,2026-08-01T20:56:57Z,クレジットカード,increment-run-001,workshop-participant,donation_events_001.csv,2026-08-11T11:59:30Z
EVT-FRS-001208,6001208,2006256,012351,3003437,10000,2026-08-01T20:58:51Z,クレジットカード,increment-run-001,workshop-participant,donation_events_001.csv,2026-08-11T11:59:30Z
EVT-FRS-011499,6011499,2010058,473243,3002514,25000,2026-08-01T21:00:51Z,クレジットカード,increment-run-001,workshop-participant,donation_events_001.csv,2026-08-11T11:59:30Z
EVT-FRS-012679,6012679,2002975,402257,3005054,15000,2026-08-01T21:00:52Z,クレジットカード,increment-run-001,workshop-participant,donation_events_001.csv,2026-08-11T11:59:30Z
EVT-FRS-007615,6007615,2001247,112151,3002952,15000,2026-08-01T21:05:43Z,クレジットカード,increment-run-001,workshop-participant,donation_events_001.csv,2026-08-11T11:59:30Z
EVT-FRS-012026,6012026,2002496,173860,3001546,15000,2026-08-01T21:05:59Z,電子決済,increment-run-001,workshop-participant,donation_events_001.csv,2026-08-11T11:59:30Z
EVT-FRS-012154,6012154,2005787,012033,3000762,20000,2026-08-01T21:07:38Z,電子決済,increment-run-001,workshop-participant,donation_events_001.csv,2026-08-11T11:59:30Z
EVT-FRS-010092,6010092,2003418,303046,3005168,10000,2026-08-01T21:07:42Z,クレジットカード,increment-run-001,workshop-participant,donation_events_001.csv,2026-08-11T11:59:30Z
EVT-FRS-000988,6000988,2003562,212199,3002524,25000,2026-08-01T21:09:33Z,クレジットカード,increment-run-001,workshop-participant,donation_events_001.csv,2026-08-11T11:59:30Z
EVT-FRS-012891,6012891,2002191,341002,3000156,12000,2026-08-01T21:10:42Z,クレジットカード,increment-run-001,workshop-participant,donation_events_001.csv,2026-08-11T11:59:30Z
EVT-FRS-013443,6013443,2009213,432032,3002519,10000,2026-08-01T21:12:03Z,クレジットカード,increment-run-001,workshop-participant,donation_events_001.csv,2026-08-11T11:59:30Z
EVT-FRS-006070,6006070,2007550,232050,3005485,10000,2026-08-01T21:15:12Z,クレジットカード,increment-run-001,workshop-participant,donation_events_001.csv,2026-08-11T11:59:30Z
EVT-FRS-000138,6000138,2011569,162108,3000476,15000,2026-08-01T21:16:43Z,クレジットカード,increment-run-001,workshop-participant,donation_events_001.csv,2026-08-11T11:59:30Z
EVT-FRS-007820,6007820,2008901,222038,3005794,12000,2026-08-01T21:19:10Z,クレジットカード,increment-run-001,workshop-participant,donation_events_001.csv,2026-08-11T11:59:30Z
EVT-FRS-014405,6014405,2011305,232017,3002168,5000,2026-08-01T21:20:17Z,クレジットカード,increment-run-001,workshop-participant,donation_events_001.csv,2026-08-11T11:59:30Z
EVT-FRS-011332,6011332,2003724,302082,3005134,10000,2026-08-01T21:21:02Z,クレジットカード,increment-run-001,workshop-participant,donation_events_001.csv,2026-08-11T11:59:30Z
EVT-FRS-000752,6000752,2003469,231002,3000905,8000,2026-08-01T21:21:27Z,電子決済,increment-run-001,workshop-participant,donation_events_001.csv,2026-08-11T11:59:30Z
EVT-FRS-009335,6009335,2004718,282103,3005104,12000,2026-08-01T21:22:13Z,クレジットカード,increment-run-001,workshop-participant,donation_events_001.csv,2026-08-11T11:59:30Z
EVT-FRS-010628,6010628,2011554,402265,3001994,10000,2026-08-01T21:28:15Z,コンビニ決済,increment-run-001,workshop-participant,donation_events_001.csv,2026-08-11T11:59:30Z
EVT-FRS-014126,6014126,2008769,232068,3002315,8000,2026-08-01T21:28:43Z,クレジットカード,increment-run-001,workshop-participant,donation_events_001.csv,2026-08-11T11:59:30Z
EVT-FRS-014700,6014700,2007418,262064,3005077,40000,2026-08-01T21:31:00Z,クレジットカード,increment-run-001,workshop-participant,donation_events_001.csv,2026-08-11T11:59:30Z
EVT-FRS-004766,6004766,2005004,262072,3001681,5000,2026-08-01T21:31:41Z,クレジットカード,increment-run-001,workshop-participant,donation_events_001.csv,2026-08-11T11:59:30Z
EVT-FRS-012761,6012761,2011659,014842,3004927,15000,2026-08-01T21:39:00Z,クレジットカード,increment-run-001,workshop-participant,donation_events_001.csv,2026-08-11T11:59:30Z
EVT-FRS-001482,6001482,2008296,402273,3003639,5000,2026-08-01T21:39:21Z,クレジットカード,increment-run-001,workshop-participant,donation_events_001.csv,2026-08-11T11:59:30Z
EVT-FRS-013448,6013448,2004687,014010,3001838,10000,2026-08-01T21:40:42Z,クレジットカード,increment-run-001,workshop-participant,donation_events_001.csv,2026-08-11T11:59:30Z
EVT-FRS-011394,6011394,2006955,472131,3001848,10000,2026-08-01T21:40:53Z,クレジットカード,increment-run-001,workshop-participant,donation_events_001.csv,2026-08-11T11:59:30Z
EVT-FRS-013726,6013726,2001795,232351,3004170,10000,2026-08-01T21:41:06Z,クレジットカード,increment-run-001,workshop-participant,donation_events_001.csv,2026-08-11T11:59:30Z
EVT-FRS-011972,6011972,2010683,402061,3000878,10000,2026-08-01T21:41:21Z,クレジットカード,increment-run-001,workshop-participant,donation_events_001.csv,2026-08-11T11:59:30Z
EVT-FRS-008599,6008599,2009629,142140,3000663,10000,2026-08-01T21:48:44Z,クレジットカード,increment-run-001,workshop-participant,donation_events_001.csv,2026-08-11T11:59:30Z
EVT-FRS-000405,6000405,2006409,022021,3004791,10000,2026-08-01T21:51:33Z,クレジットカード,increment-run-001,workshop-participant,donation_events_001.csv,2026-08-11T11:59:30Z
EVT-FRS-000050,6000050,2006950,212067,3001166,20000,2026-08-01T21:52:28Z,クレジットカード,increment-run-001,workshop-participant,donation_events_001.csv,2026-08-11T11:59:30Z
EVT-FRS-014436,6014436,2001931,042081,3001074,20000,2026-08-01T21:58:35Z,クレジットカード,increment-run-001,workshop-participant,donation_events_001.csv,2026-08-11T11:59:30Z
EVT-FRS-000857,6000857,2010718,452025,3003435,40000,2026-08-01T22:01:31Z,クレジットカード,increment-run-001,workshop-participant,donation_events_001.csv,2026-08-11T11:59:30Z
EVT-FRS-009675,6009675,2008743,464686,3004436,50000,2026-08-01T22:02:29Z,コンビニ決済,increment-run-001,workshop-participant,donation_events_001.csv,2026-08-11T11:59:30Z
EVT-FRS-011212,6011212,2006186,082074,3002322,30000,2026-08-01T22:02:54Z,クレジットカード,increment-run-001,workshop-participant,donation_events_001.csv,2026-08-11T11:59:30Z
EVT-FRS-004886,6004886,2007061,082163,3002820,15000,2026-08-01T22:03:16Z,クレジットカード,increment-run-001,workshop-participant,donation_events_001.csv,2026-08-11T11:59:30Z
EVT-FRS-010172,6010172,2008478,132250,3004243,10000,2026-08-01T22:06:05Z,クレジットカード,increment-run-001,workshop-participant,donation_events_001.csv,2026-08-11T11:59:30Z
EVT-FRS-012296,6012296,2011653,272191,3002558,20000,2026-08-01T22:07:13Z,銀行振込,increment-run-001,workshop-participant,donation_events_001.csv,2026-08-11T11:59:30Z
EVT-FRS-005894,6005894,2007810,203840,3001396,15000,2026-08-01T22:16:42Z,クレジットカード,increment-run-001,workshop-participant,donation_events_001.csv,2026-08-11T11:59:30Z
EVT-FRS-010171,6010171,2001323,282014,3002089,50000,2026-08-01T22:17:28Z,クレジットカード,increment-run-001,workshop-participant,donation_events_001.csv,2026-08-11T11:59:30Z
EVT-FRS-006475,6006475,2007803,112411,3001834,8000,2026-08-01T22:20:41Z,クレジットカード,increment-run-001,workshop-participant,donation_events_001.csv,2026-08-11T11:59:30Z
EVT-FRS-003853,6003853,2011820,372021,3002777,10000,2026-08-01T22:23:41Z,クレジットカード,increment-run-001,workshop-participant,donation_events_001.csv,2026-08-11T11:59:30Z
EVT-FRS-010851,6010851,2006495,232262,3004166,25000,2026-08-01T22:24:34Z,コンビニ決済,increment-run-001,workshop-participant,donation_events_001.csv,2026-08-11T11:59:30Z
EVT-FRS-012105,6012105,2002563,032018,3002835,30000,2026-08-01T22:26:41Z,クレジットカード,increment-run-001,workshop-participant,donation_events_001.csv,2026-08-11T11:59:30Z
EVT-FRS-012176,6012176,2009489,304069,3005910,10000,2026-08-01T22:30:26Z,クレジットカード,increment-run-001,workshop-participant,donation_events_001.csv,2026-08-11T11:59:30Z
EVT-FRS-005012,6005012,2005523,192082,3001338,20000,2026-08-01T22:31:37Z,電子決済,increment-run-001,workshop-participant,donation_events_001.csv,2026-08-11T11:59:30Z
EVT-FRS-002451,6002451,2000850,182028,3002137,12000,2026-08-01T22:36:03Z,クレジットカード,increment-run-001,workshop-participant,donation_events_001.csv,2026-08-11T11:59:30Z
EVT-FRS-000789,6000789,2005466,363022,3002021,12000,2026-08-01T22:38:15Z,銀行振込,increment-run-001,workshop-participant,donation_events_001.csv,2026-08-11T11:59:30Z
EVT-FRS-009664,6009664,2005627,342114,3001571,25000,2026-08-01T22:40:25Z,コンビニ決済,increment-run-001,workshop-participant,donation_events_001.csv,2026-08-11T11:59:30Z
EVT-FRS-014866,6014866,2006468,142182,3001240,10000,2026-08-01T22:40:48Z,銀行振込,increment-run-001,workshop-participant,donation_events_001.csv,2026-08-11T11:59:30Z
EVT-FRS-010050,6010050,2009777,192058,3005223,25000,2026-08-01T22:41:50Z,クレジットカード,increment-run-001,workshop-participant,donation_events_001.csv,2026-08-11T11:59:30Z
EVT-FRS-008745,6008745,2000067,292028,3005268,25000,2026-08-01T22:45:51Z,コンビニ決済,increment-run-001,workshop-participant,donation_events_001.csv,2026-08-11T11:59:30Z
EVT-FRS-012161,6012161,2006516,092088,3000614,30000,2026-08-01T22:45:58Z,クレジットカード,increment-run-001,workshop-participant,donation_events_001.csv,2026-08-11T11:59:30Z
EVT-FRS-013991,6013991,2004981,232386,3002494,20000,2026-08-01T22:49:30Z,コンビニ決済,increment-run-001,workshop-participant,donation_events_001.csv,2026-08-11T11:59:30Z
EVT-FRS-005230,6005230,2000927,112305,3003207,5000,2026-08-01T22:51:13Z,クレジットカード,increment-run-001,workshop-participant,donation_events_001.csv,2026-08-11T11:59:30Z
EVT-FRS-001241,6001241,2006274,432164,3005938,10000,2026-08-01T23:01:20Z,電子決済,increment-run-001,workshop-participant,donation_events_001.csv,2026-08-11T11:59:30Z
EVT-FRS-011532,6011532,2004503,082368,3003366,10000,2026-08-01T23:06:32Z,クレジットカード,increment-run-001,workshop-participant,donation_events_001.csv,2026-08-11T11:59:30Z
EVT-FRS-014690,6014690,2003696,452041,3004484,20000,2026-08-01T23:07:14Z,クレジットカード,increment-run-001,workshop-participant,donation_events_001.csv,2026-08-11T11:59:30Z
EVT-FRS-002928,6002928,2009788,352071,3002144,25000,2026-08-01T23:07:19Z,クレジットカード,increment-run-001,workshop-participant,donation_events_001.csv,2026-08-11T11:59:30Z
EVT-FRS-006749,6006749,2002553,322032,3002157,30000,2026-08-01T23:12:54Z,クレジットカード,increment-run-001,workshop-participant,donation_events_001.csv,2026-08-11T11:59:30Z
EVT-FRS-005539,6005539,2003665,272256,3000676,100000,2026-08-01T23:13:36Z,クレジットカード,increment-run-001,workshop-participant,donation_events_001.csv,2026-08-11T11:59:30Z
EVT-FRS-005910,6005910,2006223,122297,3005961,10000,2026-08-01T23:13:48Z,銀行振込,increment-run-001,workshop-participant,donation_events_001.csv,2026-08-11T11:59:30Z
EVT-FRS-013487,6013487,2010012,082279,3002724,60000,2026-08-01T23:16:31Z,クレジットカード,increment-run-001,workshop-participant,donation_events_001.csv,2026-08-11T11:59:30Z
EVT-FRS-012365,6012365,2003502,151009,3003855,25000,2026-08-01T23:20:24Z,電子決済,increment-run-001,workshop-participant,donation_events_001.csv,2026-08-11T11:59:30Z
EVT-FRS-011187,6011187,2010842,282081,3005387,15000,2026-08-01T23:26:49Z,クレジットカード,increment-run-001,workshop-participant,donation_events_001.csv,2026-08-11T11:59:30Z
EVT-FRS-006647,6006647,2005755,442089,3003756,50000,2026-08-01T23:27:15Z,電子決済,increment-run-001,workshop-participant,donation_events_001.csv,2026-08-11T11:59:30Z
EVT-FRS-000788,6000788,2008288,072095,3004630,8000,2026-08-01T23:29:51Z,クレジットカード,increment-run-001,workshop-participant,donation_events_001.csv,2026-08-11T11:59:30Z
EVT-FRS-008553,6008553,2002728,122190,3004714,10000,2026-08-01T23:29:56Z,電子決済,increment-run-001,workshop-participant,donation_events_001.csv,2026-08-11T11:59:30Z
EVT-FRS-004730,6004730,2002880,442101,3004614,12000,2026-08-01T23:32:32Z,コンビニ決済,increment-run-001,workshop-participant,donation_events_001.csv,2026-08-11T11:59:30Z
EVT-FRS-008472,6008472,2011620,074454,3005816,5000,2026-08-01T23:33:36Z,コンビニ決済,increment-run-001,workshop-participant,donation_events_001.csv,2026-08-11T11:59:30Z
EVT-FRS-004431,6004431,2005065,043028,3002219,50000,2026-08-01T23:43:06Z,銀行振込,increment-run-001,workshop-participant,donation_events_001.csv,2026-08-11T11:59:30Z
EVT-FRS-007129,6007129,2010161,122181,3005127,30000,2026-08-01T23:43:14Z,コンビニ決済,increment-run-001,workshop-participant,donation_events_001.csv,2026-08-11T11:59:30Z
EVT-FRS-013988,6013988,2008257,282260,3003454,15000,2026-08-01T23:48:44Z,クレジットカード,increment-run-001,workshop-participant,donation_events_001.csv,2026-08-11T11:59:30Z
EVT-FRS-010747,6010747,2003220,453617,3002492,30000,2026-08-01T23:50:32Z,コンビニ決済,increment-run-001,workshop-participant,donation_events_001.csv,2026-08-11T11:59:30Z
EVT-FRS-001470,6001470,2005945,242161,3000330,20000,2026-08-01T23:51:05Z,クレジットカード,increment-run-001,workshop-participant,donation_events_001.csv,2026-08-11T11:59:30Z
EVT-FRS-002310,6002310,2007277,152188,3002550,10000,2026-08-01T23:52:43Z,電子決済,increment-run-001,workshop-participant,donation_events_001.csv,2026-08-11T11:59:30Z
EVT-FRS-000449,6000449,2009060,052132,3000492,20000,2026-08-01T23:56:56Z,クレジットカード,increment-run-001,workshop-participant,donation_events_001.csv,2026-08-11T11:59:30Z
EVT-FRS-012735,6012735,2004382,343048,3001692,15000,2026-08-02T00:04:25Z,クレジットカード,increment-run-001,workshop-participant,donation_events_001.csv,2026-08-11T11:59:30Z
EVT-FRS-010699,6010699,2006546,012173,3004329,10000,2026-08-02T00:06:10Z,クレジットカード,increment-run-001,workshop-participant,donation_events_001.csv,2026-08-11T11:59:30Z
EVT-FRS-009114,6009114,2009943,132071,3004072,30000,2026-08-02T00:07:17Z,クレジットカード,increment-run-001,workshop-participant,donation_events_001.csv,2026-08-11T11:59:30Z
EVT-FRS-004855,6004855,2008916,042099,3002237,12000,2026-08-02T00:08:06Z,コンビニ決済,increment-run-001,workshop-participant,donation_events_001.csv,2026-08-11T11:59:30Z
EVT-FRS-014456,6014456,2001025,022047,3000039,10000,2026-08-02T00:10:14Z,クレジットカード,increment-run-001,workshop-participant,donation_events_001.csv,2026-08-11T11:59:30Z
EVT-FRS-008750,6008750,2001395,252018,3001600,20000,2026-08-02T00:11:39Z,クレジットカード,increment-run-001,workshop-participant,donation_events_001.csv,2026-08-11T11:59:30Z
EVT-FRS-003199,6003199,2011564,412058,3000594,10000,2026-08-02T00:13:26Z,クレジットカード,increment-run-001,workshop-participant,donation_events_001.csv,2026-08-11T11:59:30Z
EVT-FRS-002215,6002215,2008114,402141,3004763,20000,2026-08-02T00:15:49Z,クレジットカード,increment-run-001,workshop-participant,donation_events_001.csv,2026-08-11T11:59:30Z
EVT-FRS-011160,6011160,2005636,062090,3002851,5000,2026-08-02T00:16:41Z,コンビニ決済,increment-run-001,workshop-participant,donation_events_001.csv,2026-08-11T11:59:30Z
EVT-FRS-001220,6001220,2005534,332143,3003867,5000,2026-08-02T00:18:57Z,クレジットカード,increment-run-001,workshop-participant,donation_events_001.csv,2026-08-11T11:59:30Z
EVT-FRS-002031,6002031,2002076,052027,3005601,20000,2026-08-02T00:20:12Z,コンビニ決済,increment-run-001,workshop-participant,donation_events_001.csv,2026-08-11T11:59:30Z
EVT-FRS-008712,6008712,2011965,072052,3001612,10000,2026-08-02T00:24:02Z,電子決済,increment-run-001,workshop-participant,donation_events_001.csv,2026-08-11T11:59:30Z
EVT-FRS-008574,6008574,2011024,452025,3002268,50000,2026-08-02T00:29:01Z,コンビニ決済,increment-run-001,workshop-participant,donation_events_001.csv,2026-08-11T11:59:30Z
EVT-FRS-013238,6013238,2004030,442020,3005660,12000,2026-08-02T00:30:14Z,クレジットカード,increment-run-001,workshop-participant,donation_events_001.csv,2026-08-11T11:59:30Z
EVT-FRS-007365,6007365,2010169,124231,3000247,20000,2026-08-02T00:30:55Z,電子決済,increment-run-001,workshop-participant,donation_events_001.csv,2026-08-11T11:59:30Z
EVT-FRS-012906,6012906,2009999,202029,3002606,30000,2026-08-02T00:41:13Z,クレジットカード,increment-run-001,workshop-participant,donation_events_001.csv,2026-08-11T11:59:30Z
EVT-FRS-009890,6009890,2002868,462241,3001592,40000,2026-08-02T00:44:13Z,電子決済,increment-run-001,workshop-participant,donation_events_001.csv,2026-08-11T11:59:30Z
EVT-FRS-003188,6003188,2009972,012106,3001437,15000,2026-08-02T00:44:42Z,クレジットカード,increment-run-001,workshop-participant,donation_events_001.csv,2026-08-11T11:59:30Z
EVT-FRS-010804,6010804,2001914,162019,3004070,15000,2026-08-02T00:56:25Z,電子決済,increment-run-001,workshop-participant,donation_events_001.csv,2026-08-11T11:59:30Z
EVT-FRS-001511,6001511,2009919,131202,3001967,15000,2026-08-02T00:56:54Z,電子決済,increment-run-001,workshop-participant,donation_events_001.csv,2026-08-11T11:59:30Z
EVT-FRS-006130,6006130,2008569,272078,3000116,15000,2026-08-02T01:04:33Z,クレジットカード,increment-run-001,workshop-participant,donation_events_001.csv,2026-08-11T11:59:30Z
EVT-FRS-001269,6001269,2002320,102091,3002296,20000,2026-08-02T01:08:55Z,電子決済,increment-run-001,workshop-participant,donation_events_001.csv,2026-08-11T11:59:30Z
EVT-FRS-006692,6006692,2009900,072052,3003253,12000,2026-08-02T01:12:13Z,クレジットカード,increment-run-001,workshop-participant,donation_events_001.csv,2026-08-11T11:59:30Z
EVT-FRS-011846,6011846,2010724,022055,3000305,15000,2026-08-02T01:13:34Z,クレジットカード,increment-run-001,workshop-participant,donation_events_001.csv,2026-08-11T11:59:30Z
EVT-FRS-013480,6013480,2001772,062065,3003267,8000,2026-08-02T01:26:24Z,クレジットカード,increment-run-001,workshop-participant,donation_events_001.csv,2026-08-11T11:59:30Z
EVT-FRS-014372,6014372,2008622,082171,3002570,20000,2026-08-02T01:37:57Z,クレジットカード,increment-run-001,workshop-participant,donation_events_001.csv,2026-08-11T11:59:30Z
EVT-FRS-001546,6001546,2004600,452025,3004334,30000,2026-08-02T01:43:49Z,クレジットカード,increment-run-001,workshop-participant,donation_events_001.csv,2026-08-11T11:59:30Z
EVT-FRS-005087,6005087,2002665,463035,3005349,25000,2026-08-02T01:44:03Z,コンビニ決済,increment-run-001,workshop-participant,donation_events_001.csv,2026-08-11T11:59:30Z
EVT-FRS-009363,6009363,2007767,272132,3003322,25000,2026-08-02T01:45:12Z,クレジットカード,increment-run-001,workshop-participant,donation_events_001.csv,2026-08-11T11:59:30Z
EVT-FRS-014400,6014400,2000794,111007,3002923,20000,2026-08-02T01:47:33Z,クレジットカード,increment-run-001,workshop-participant,donation_events_001.csv,2026-08-11T11:59:30Z
EVT-FRS-002472,6002472,2009073,262102,3001055,25000,2026-08-02T01:48:11Z,クレジットカード,increment-run-001,workshop-participant,donation_events_001.csv,2026-08-11T11:59:30Z
EVT-FRS-001172,6001172,2006756,232092,3002582,8000,2026-08-02T01:48:16Z,コンビニ決済,increment-run-001,workshop-participant,donation_events_001.csv,2026-08-11T11:59:30Z
EVT-FRS-007509,6007509,2001321,232351,3002782,15000,2026-08-02T01:50:18Z,クレジットカード,increment-run-001,workshop-participant,donation_events_001.csv,2026-08-11T11:59:30Z
EVT-FRS-009754,6009754,2009567,431001,3002149,12000,2026-08-02T01:54:53Z,銀行振込,increment-run-001,workshop-participant,donation_events_001.csv,2026-08-11T11:59:30Z
EVT-FRS-000066,6000066,2003417,432105,3001470,10000,2026-08-02T01:58:26Z,クレジットカード,increment-run-001,workshop-participant,donation_events_001.csv,2026-08-11T11:59:30Z
EVT-FRS-001670,6001670,2006721,212067,3003100,20000,2026-08-02T02:00:01Z,クレジットカード,increment-run-001,workshop-participant,donation_events_001.csv,2026-08-11T11:59:30Z
EVT-FRS-013032,6013032,2000806,064025,3001561,20000,2026-08-02T02:00:05Z,電子決済,increment-run-001,workshop-participant,donation_events_001.csv,2026-08-11T11:59:30Z
EVT-FRS-006055,6006055,2008708,102105,3001582,15000,2026-08-02T02:06:29Z,クレジットカード,increment-run-001,workshop-participant,donation_events_001.csv,2026-08-11T11:59:30Z
EVT-FRS-007328,6007328,2001370,112071,3001439,25000,2026-08-02T02:07:31Z,コンビニ決済,increment-run-001,workshop-participant,donation_events_001.csv,2026-08-11T11:59:30Z
EVT-FRS-013272,6013272,2002066,112330,3001916,10000,2026-08-02T02:18:38Z,クレジットカード,increment-run-001,workshop-participant,donation_events_001.csv,2026-08-11T11:59:30Z
EVT-FRS-010666,6010666,2009300,112399,3000578,5000,2026-08-02T02:25:08Z,クレジットカード,increment-run-001,workshop-participant,donation_events_001.csv,2026-08-11T11:59:30Z
EVT-FRS-011888,6011888,2008966,342157,3000400,10000,2026-08-02T02:28:24Z,クレジットカード,increment-run-001,workshop-participant,donation_events_001.csv,2026-08-11T11:59:30Z
EVT-FRS-008002,6008002,2004907,132063,3000220,15000,2026-08-02T02:29:11Z,クレジットカード,increment-run-001,workshop-participant,donation_events_001.csv,2026-08-11T11:59:30Z
EVT-FRS-014701,6014701,2001536,392014,3001575,20000,2026-08-02T02:29:27Z,クレジットカード,increment-run-001,workshop-participant,donation_events_001.csv,2026-08-11T11:59:30Z
EVT-FRS-012547,6012547,2007533,162060,3001799,20000,2026-08-02T02:33:43Z,クレジットカード,increment-run-001,workshop-participant,donation_events_001.csv,2026-08-11T11:59:30Z
EVT-FRS-012301,6012301,2005066,302066,3001128,20000,2026-08-02T02:34:07Z,電子決済,increment-run-001,workshop-participant,donation_events_001.csv,2026-08-11T11:59:30Z
EVT-FRS-012621,6012621,2008440,272281,3005372,10000,2026-08-02T02:38:58Z,電子決済,increment-run-001,workshop-participant,donation_events_001.csv,2026-08-11T11:59:30Z
EVT-FRS-000667,6000667,2003486,422037,3002037,30000,2026-08-02T02:42:11Z,コンビニ決済,increment-run-001,workshop-participant,donation_events_001.csv,2026-08-11T11:59:30Z
EVT-FRS-010093,6010093,2004977,232076,3005064,20000,2026-08-02T02:50:41Z,クレジットカード,increment-run-001,workshop-participant,donation_events_001.csv,2026-08-11T11:59:30Z
EVT-FRS-001033,6001033,2000021,242101,3002994,20000,2026-08-02T02:53:05Z,クレジットカード,increment-run-001,workshop-participant,donation_events_001.csv,2026-08-11T11:59:30Z
EVT-FRS-002470,6002470,2009534,214035,3000395,8000,2026-08-02T02:54:43Z,クレジットカード,increment-run-001,workshop-participant,donation_events_001.csv,2026-08-11T11:59:30Z
EVT-FRS-008818,6008818,2003333,302015,3002133,100000,2026-08-02T02:55:44Z,クレジットカード,increment-run-001,workshop-participant,donation_events_001.csv,2026-08-11T11:59:30Z
EVT-FRS-013441,6013441,2008437,392103,3001858,20000,2026-08-02T03:01:20Z,クレジットカード,increment-run-001,workshop-participant,donation_events_001.csv,2026-08-11T11:59:30Z
EVT-FRS-005924,6005924,2009844,092151,3001911,8000,2026-08-02T03:14:01Z,クレジットカード,increment-run-001,workshop-participant,donation_events_001.csv,2026-08-11T11:59:30Z
EVT-FRS-009127,6009127,2009294,012165,3003362,10000,2026-08-02T03:14:06Z,クレジットカード,increment-run-001,workshop-participant,donation_events_001.csv,2026-08-11T11:59:30Z
EVT-FRS-005723,6005723,2009976,204145,3000952,40000,2026-08-02T03:15:20Z,電子決済,increment-run-001,workshop-participant,donation_events_001.csv,2026-08-11T11:59:30Z
EVT-FRS-007389,6007389,2005078,412023,3004952,30000,2026-08-02T03:18:01Z,電子決済,increment-run-001,workshop-participant,donation_events_001.csv,2026-08-11T11:59:30Z
EVT-FRS-010422,6010422,2005309,082287,3000763,30000,2026-08-02T03:19:54Z,クレジットカード,increment-run-001,workshop-participant,donation_events_001.csv,2026-08-11T11:59:30Z
EVT-FRS-013183,6013183,2003816,012271,3003936,10000,2026-08-02T03:21:45Z,電子決済,increment-run-001,workshop-participant,donation_events_001.csv,2026-08-11T11:59:30Z
EVT-FRS-010374,6010374,2011137,442038,3002423,20000,2026-08-02T03:22:52Z,クレジットカード,increment-run-001,workshop-participant,donation_events_001.csv,2026-08-11T11:59:30Z
EVT-FRS-012046,6012046,2006598,132292,3005264,12000,2026-08-02T03:24:53Z,クレジットカード,increment-run-001,workshop-participant,donation_events_001.csv,2026-08-11T11:59:30Z
EVT-FRS-008498,6008498,2004795,152048,3001642,12000,2026-08-02T03:29:26Z,クレジットカード,increment-run-001,workshop-participant,donation_events_001.csv,2026-08-11T11:59:30Z
EVT-FRS-003248,6003248,2010819,332101,3005363,5000,2026-08-02T03:30:04Z,コンビニ決済,increment-run-001,workshop-participant,donation_events_001.csv,2026-08-11T11:59:30Z
EVT-FRS-013418,6013418,2004179,132047,3003710,15000,2026-08-02T03:34:12Z,銀行振込,increment-run-001,workshop-participant,donation_events_001.csv,2026-08-11T11:59:30Z
EVT-FRS-006980,6006980,2000671,012262,3005450,20000,2026-08-02T03:40:11Z,クレジットカード,increment-run-001,workshop-participant,donation_events_001.csv,2026-08-11T11:59:30Z
EVT-FRS-000818,6000818,2003279,192147,3003828,12000,2026-08-02T03:44:53Z,銀行振込,increment-run-001,workshop-participant,donation_events_001.csv,2026-08-11T11:59:30Z
EVT-FRS-014318,6014318,2002980,062103,3000822,10000,2026-08-02T03:48:48Z,クレジットカード,increment-run-001,workshop-participant,donation_events_001.csv,2026-08-11T11:59:30Z
EVT-FRS-000751,6000751,2005610,052108,3002398,20000,2026-08-02T03:51:55Z,クレジットカード,increment-run-001,workshop-participant,donation_events_001.csv,2026-08-11T11:59:30Z
EVT-FRS-003667,6003667,2009693,272248,3005397,20000,2026-08-02T03:52:34Z,コンビニ決済,increment-run-001,workshop-participant,donation_events_001.csv,2026-08-11T11:59:30Z
EVT-FRS-007992,6007992,2005124,022012,3003349,15000,2026-08-02T03:56:45Z,コンビニ決済,increment-run-001,workshop-participant,donation_events_001.csv,2026-08-11T11:59:30Z
EVT-FRS-006224,6006224,2000134,082163,3000630,10000,2026-08-02T03:58:06Z,クレジットカード,increment-run-001,workshop-participant,donation_events_001.csv,2026-08-11T11:59:30Z
EVT-FRS-002410,6002410,2007104,062057,3002270,10000,2026-08-02T03:58:25Z,銀行振込,increment-run-001,workshop-participant,donation_events_001.csv,2026-08-11T11:59:30Z
EVT-FRS-002844,6002844,2000883,422029,3001088,15000,2026-08-02T04:00:43Z,電子決済,increment-run-001,workshop-participant,donation_events_001.csv,2026-08-11T11:59:30Z
EVT-FRS-000934,6000934,2003434,204463,3001764,20000,2026-08-02T04:01:50Z,クレジットカード,increment-run-001,workshop-participant,donation_events_001.csv,2026-08-11T11:59:30Z
EVT-FRS-005760,6005760,2002833,462225,3001972,20000,2026-08-02T04:06:01Z,クレジットカード,increment-run-001,workshop-participant,donation_events_001.csv,2026-08-11T11:59:30Z
EVT-FRS-011683,6011683,2007152,182087,3002372,20000,2026-08-02T04:06:03Z,クレジットカード,increment-run-001,workshop-participant,donation_events_001.csv,2026-08-11T11:59:30Z
EVT-FRS-002632,6002632,2008020,046060,3001469,10000,2026-08-02T04:08:38Z,クレジットカード,increment-run-001,workshop-participant,donation_events_001.csv,2026-08-11T11:59:30Z
EVT-FRS-005793,6005793,2009781,012165,3003362,20000,2026-08-02T04:17:47Z,クレジットカード,increment-run-001,workshop-participant,donation_events_001.csv,2026-08-11T11:59:30Z
EVT-FRS-003259,6003259,2000252,042081,3004201,5000,2026-08-02T04:17:58Z,クレジットカード,increment-run-001,workshop-participant,donation_events_001.csv,2026-08-11T11:59:30Z
EVT-FRS-013602,6013602,2011782,432024,3000580,12000,2026-08-02T04:27:16Z,銀行振込,increment-run-001,workshop-participant,donation_events_001.csv,2026-08-11T11:59:30Z
EVT-FRS-009840,6009840,2006093,015504,3005170,10000,2026-08-02T04:27:48Z,クレジットカード,increment-run-001,workshop-participant,donation_events_001.csv,2026-08-11T11:59:30Z
EVT-FRS-000142,6000142,2010234,332020,3005432,10000,2026-08-02T04:28:03Z,クレジットカード,increment-run-001,workshop-participant,donation_events_001.csv,2026-08-11T11:59:30Z
EVT-FRS-001435,6001435,2008910,112321,3004656,12000,2026-08-02T04:28:05Z,クレジットカード,increment-run-001,workshop-participant,donation_events_001.csv,2026-08-11T11:59:30Z
EVT-FRS-000575,6000575,2005866,465020,3001735,12000,2026-08-02T04:35:29Z,クレジットカード,increment-run-001,workshop-participant,donation_events_001.csv,2026-08-11T11:59:30Z
EVT-FRS-004572,6004572,2011215,242101,3002709,25000,2026-08-02T04:35:40Z,クレジットカード,increment-run-001,workshop-participant,donation_events_001.csv,2026-08-11T11:59:30Z
EVT-FRS-010828,6010828,2010883,282057,3004145,15000,2026-08-02T04:38:15Z,クレジットカード,increment-run-001,workshop-participant,donation_events_001.csv,2026-08-11T11:59:30Z
EVT-FRS-012538,6012538,2005035,123498,3004796,5000,2026-08-02T04:38:48Z,クレジットカード,increment-run-001,workshop-participant,donation_events_001.csv,2026-08-11T11:59:30Z
EVT-FRS-007861,6007861,2001021,013960,3001199,10000,2026-08-02T04:49:31Z,電子決済,increment-run-001,workshop-participant,donation_events_001.csv,2026-08-11T11:59:30Z
EVT-FRS-013633,6013633,2007783,432032,3005216,15000,2026-08-02T04:52:44Z,クレジットカード,increment-run-001,workshop-participant,donation_events_001.csv,2026-08-11T11:59:30Z
EVT-FRS-009082,6009082,2000167,402231,3005283,10000,2026-08-02T04:53:50Z,コンビニ決済,increment-run-001,workshop-participant,donation_events_001.csv,2026-08-11T11:59:30Z
EVT-FRS-007923,6007923,2005629,312037,3000846,70000,2026-08-02T04:55:36Z,電子決済,increment-run-001,workshop-participant,donation_events_001.csv,2026-08-11T11:59:30Z
EVT-FRS-011586,6011586,2008460,282294,3002963,20000,2026-08-02T05:01:36Z,クレジットカード,increment-run-001,workshop-participant,donation_events_001.csv,2026-08-11T11:59:30Z
EVT-FRS-010817,6010817,2011951,232033,3001300,70000,2026-08-02T05:05:53Z,クレジットカード,increment-run-001,workshop-participant,donation_events_001.csv,2026-08-11T11:59:30Z
EVT-FRS-005508,6005508,2002081,352071,3001374,15000,2026-08-02T05:06:51Z,クレジットカード,increment-run-001,workshop-participant,donation_events_001.csv,2026-08-11T11:59:30Z
EVT-FRS-005342,6005342,2003525,012203,3000380,10000,2026-08-02T05:18:01Z,電子決済,increment-run-001,workshop-participant,donation_events_001.csv,2026-08-11T11:59:30Z
EVT-FRS-013025,6013025,2007570,131024,3005382,20000,2026-08-02T05:22:47Z,クレジットカード,increment-run-001,workshop-participant,donation_events_001.csv,2026-08-11T11:59:30Z
EVT-FRS-011875,6011875,2003022,402052,3004187,25000,2026-08-02T05:24:14Z,コンビニ決済,increment-run-001,workshop-participant,donation_events_001.csv,2026-08-11T11:59:30Z
EVT-FRS-004436,6004436,2011936,102059,3003783,100000,2026-08-02T05:32:51Z,銀行振込,increment-run-001,workshop-participant,donation_events_001.csv,2026-08-11T11:59:30Z
EVT-FRS-014125,6014125,2000022,262013,3003035,10000,2026-08-02T05:36:36Z,クレジットカード,increment-run-001,workshop-participant,donation_events_001.csv,2026-08-11T11:59:30Z
EVT-FRS-005352,6005352,2010457,014010,3001627,20000,2026-08-02T05:40:35Z,銀行振込,increment-run-001,workshop-participant,donation_events_001.csv,2026-08-11T11:59:30Z
EVT-FRS-002935,6002935,2003108,082325,3003242,20000,2026-08-02T05:41:34Z,クレジットカード,increment-run-001,workshop-participant,donation_events_001.csv,2026-08-11T11:59:30Z
EVT-FRS-001813,6001813,2007027,363413,3005202,15000,2026-08-02T05:44:54Z,銀行振込,increment-run-001,workshop-participant,donation_events_001.csv,2026-08-11T11:59:30Z
EVT-FRS-014234,6014234,2003090,203238,3000108,5000,2026-08-02T05:45:56Z,電子決済,increment-run-001,workshop-participant,donation_events_001.csv,2026-08-11T11:59:30Z
EVT-FRS-005172,6005172,2005427,112381,3005470,10000,2026-08-02T05:47:08Z,クレジットカード,increment-run-001,workshop-participant,donation_events_001.csv,2026-08-11T11:59:30Z
EVT-FRS-014047,6014047,2001020,172103,3002508,10000,2026-08-02T05:47:23Z,クレジットカード,increment-run-001,workshop-participant,donation_events_001.csv,2026-08-11T11:59:30Z
EVT-FRS-011453,6011453,2003764,322075,3000267,30000,2026-08-02T05:48:26Z,クレジットカード,increment-run-001,workshop-participant,donation_events_001.csv,2026-08-11T11:59:30Z
EVT-FRS-006586,6006586,2007410,302091,3000684,20000,2026-08-02T05:48:42Z,クレジットカード,increment-run-001,workshop-participant,donation_events_001.csv,2026-08-11T11:59:30Z
EVT-FRS-007672,6007672,2007815,132071,3002361,10000,2026-08-02T05:54:25Z,クレジットカード,increment-run-001,workshop-participant,donation_events_001.csv,2026-08-11T11:59:30Z
EVT-FRS-014115,6014115,2008047,122351,3002051,8000,2026-08-02T06:07:14Z,クレジットカード,increment-run-001,workshop-participant,donation_events_001.csv,2026-08-11T11:59:30Z
EVT-FRS-007145,6007145,2008842,204170,3002939,10000,2026-08-02T06:14:49Z,クレジットカード,increment-run-001,workshop-participant,donation_events_001.csv,2026-08-11T11:59:30Z
EVT-FRS-006138,6006138,2004741,202096,3004948,12000,2026-08-02T06:17:51Z,電子決済,increment-run-001,workshop-participant,donation_events_001.csv,2026-08-11T11:59:30Z
EVT-FRS-003289,6003289,2006872,012173,3004165,8000,2026-08-02T06:18:30Z,クレジットカード,increment-run-001,workshop-participant,donation_events_001.csv,2026-08-11T11:59:30Z
EVT-FRS-004559,6004559,2003403,192023,3004643,30000,2026-08-02T06:18:52Z,クレジットカード,increment-run-001,workshop-participant,donation_events_001.csv,2026-08-11T11:59:30Z
EVT-FRS-005338,6005338,2001233,023035,3005019,25000,2026-08-02T06:19:06Z,クレジットカード,increment-run-001,workshop-participant,donation_events_001.csv,2026-08-11T11:59:30Z
EVT-FRS-006928,6006928,2007481,022012,3003349,15000,2026-08-02T06:22:44Z,クレジットカード,increment-run-001,workshop-participant,donation_events_001.csv,2026-08-11T11:59:30Z
EVT-FRS-005677,6005677,2005864,382078,3002057,20000,2026-08-02T06:22:49Z,銀行振込,increment-run-001,workshop-participant,donation_events_001.csv,2026-08-11T11:59:30Z
EVT-FRS-008775,6008775,2006739,016918,3005974,12000,2026-08-02T06:27:33Z,クレジットカード,increment-run-001,workshop-participant,donation_events_001.csv,2026-08-11T11:59:30Z
EVT-FRS-003047,6003047,2003804,234451,3000916,12000,2026-08-02T06:27:56Z,クレジットカード,increment-run-001,workshop-participant,donation_events_001.csv,2026-08-11T11:59:30Z
EVT-FRS-010243,6010243,2006507,122246,3003263,10000,2026-08-02T06:34:33Z,クレジットカード,increment-run-001,workshop-participant,donation_events_001.csv,2026-08-11T11:59:30Z
EVT-FRS-010446,6010446,2002316,382078,3001410,10000,2026-08-02T06:36:21Z,クレジットカード,increment-run-001,workshop-participant,donation_events_001.csv,2026-08-11T11:59:30Z
EVT-FRS-000081,6000081,2010532,272248,3001287,15000,2026-08-02T06:39:10Z,銀行振込,increment-run-001,workshop-participant,donation_events_001.csv,2026-08-11T11:59:30Z
EVT-FRS-009994,6009994,2005998,294535,3001855,15000,2026-08-02T06:40:10Z,コンビニ決済,increment-run-001,workshop-participant,donation_events_001.csv,2026-08-11T11:59:30Z
EVT-FRS-000304,6000304,2006160,092151,3001911,10000,2026-08-02T06:40:37Z,クレジットカード,increment-run-001,workshop-participant,donation_events_001.csv,2026-08-11T11:59:30Z
EVT-FRS-001647,6001647,2003721,242071,3005036,10000,2026-08-02T06:42:45Z,クレジットカード,increment-run-001,workshop-participant,donation_events_001.csv,2026-08-11T11:59:30Z
EVT-FRS-008573,6008573,2005268,013439,3005671,10000,2026-08-02T06:43:48Z,クレジットカード,increment-run-001,workshop-participant,donation_events_001.csv,2026-08-11T11:59:30Z
EVT-FRS-006429,6006429,2007022,023876,3000964,10000,2026-08-02T06:50:43Z,クレジットカード,increment-run-001,workshop-participant,donation_events_001.csv,2026-08-11T11:59:30Z
EVT-FRS-000003,6000003,2009421,092134,3004923,30000,2026-08-02T06:52:15Z,クレジットカード,increment-run-001,workshop-participant,donation_events_001.csv,2026-08-11T11:59:30Z
EVT-FRS-011174,6011174,2000619,272060,3000620,5000,2026-08-02T06:52:36Z,クレジットカード,increment-run-001,workshop-participant,donation_events_001.csv,2026-08-11T11:59:30Z
EVT-FRS-003919,6003919,2008739,382078,3005354,10000,2026-08-02T06:56:40Z,クレジットカード,increment-run-001,workshop-participant,donation_events_001.csv,2026-08-11T11:59:30Z
EVT-FRS-014441,6014441,2011856,012262,3000968,10000,2026-08-02T06:58:51Z,クレジットカード,increment-run-001,workshop-participant,donation_events_001.csv,2026-08-11T11:59:30Z
EVT-FRS-000557,6000557,2000046,472140,3002791,20000,2026-08-02T07:01:13Z,クレジットカード,increment-run-001,workshop-participant,donation_events_001.csv,2026-08-11T11:59:30Z
EVT-FRS-014133,6014133,2005132,462136,3003544,10000,2026-08-02T07:01:34Z,銀行振込,increment-run-001,workshop-participant,donation_events_001.csv,2026-08-11T11:59:30Z
EVT-FRS-009592,6009592,2004695,112411,3001834,25000,2026-08-02T07:10:15Z,クレジットカード,increment-run-001,workshop-participant,donation_events_001.csv,2026-08-11T11:59:30Z
EVT-FRS-008199,6008199,2000996,402281,3004507,30000,2026-08-02T07:13:18Z,クレジットカード,increment-run-001,workshop-participant,donation_events_001.csv,2026-08-11T11:59:30Z
EVT-FRS-008807,6008807,2006108,082341,3000228,8000,2026-08-02T07:30:11Z,クレジットカード,increment-run-001,workshop-participant,donation_events_001.csv,2026-08-11T11:59:30Z
EVT-FRS-008110,6008110,2006338,102083,3002713,20000,2026-08-02T07:32:20Z,電子決済,increment-run-001,workshop-participant,donation_events_001.csv,2026-08-11T11:59:30Z
EVT-FRS-004999,6004999,2001806,012297,3001922,25000,2026-08-02T07:35:09Z,クレジットカード,increment-run-001,workshop-participant,donation_events_001.csv,2026-08-11T11:59:30Z
EVT-FRS-013509,6013509,2007191,012084,3002792,10000,2026-08-02T07:36:40Z,クレジットカード,increment-run-001,workshop-participant,donation_events_001.csv,2026-08-11T11:59:30Z
EVT-FRS-009050,6009050,2006381,232084,3000048,10000,2026-08-02T07:37:35Z,コンビニ決済,increment-run-001,workshop-participant,donation_events_001.csv,2026-08-11T11:59:30Z
EVT-FRS-007830,6007830,2008883,112321,3005766,12000,2026-08-02T07:37:56Z,コンビニ決済,increment-run-001,workshop-participant,donation_events_001.csv,2026-08-11T11:59:30Z
EVT-FRS-007616,6007616,2005464,102059,3001521,15000,2026-08-02T07:39:31Z,クレジットカード,increment-run-001,workshop-participant,donation_events_001.csv,2026-08-11T11:59:30Z
EVT-FRS-008335,6008335,2003713,122190,3001473,8000,2026-08-02T07:42:59Z,クレジットカード,increment-run-001,workshop-participant,donation_events_001.csv,2026-08-11T11:59:30Z
EVT-FRS-007275,6007275,2002604,394050,3004884,20000,2026-08-02T07:48:45Z,コンビニ決済,increment-run-001,workshop-participant,donation_events_001.csv,2026-08-11T11:59:30Z
EVT-FRS-011655,6011655,2002836,215074,3003907,10000,2026-08-02T07:53:55Z,クレジットカード,increment-run-001,workshop-participant,donation_events_001.csv,2026-08-11T11:59:30Z
EVT-FRS-007596,6007596,2001476,422037,3004900,10000,2026-08-02T07:57:55Z,クレジットカード,increment-run-001,workshop-participant,donation_events_001.csv,2026-08-11T11:59:30Z
EVT-FRS-008533,6008533,2011673,382043,3005949,10000,2026-08-02T07:58:09Z,クレジットカード,increment-run-001,workshop-participant,donation_events_001.csv,2026-08-11T11:59:30Z
EVT-FRS-013138,6013138,2005863,083097,3000526,20000,2026-08-02T07:58:20Z,クレジットカード,increment-run-001,workshop-participant,donation_events_001.csv,2026-08-11T11:59:30Z
EVT-FRS-013749,6013749,2003383,232157,3003410,15000,2026-08-02T08:02:04Z,コンビニ決済,increment-run-001,workshop-participant,donation_events_001.csv,2026-08-11T11:59:30Z
EVT-FRS-014330,6014330,2009430,452050,3002298,8000,2026-08-02T08:03:45Z,クレジットカード,increment-run-001,workshop-participant,donation_events_001.csv,2026-08-11T11:59:30Z
EVT-FRS-006382,6006382,2007815,232386,3002494,8000,2026-08-02T08:06:05Z,クレジットカード,increment-run-001,workshop-participant,donation_events_001.csv,2026-08-11T11:59:30Z
EVT-FRS-011235,6011235,2011735,012068,3004966,15000,2026-08-02T08:11:03Z,銀行振込,increment-run-001,workshop-participant,donation_events_001.csv,2026-08-11T11:59:30Z
EVT-FRS-009553,6009553,2001884,142174,3001616,15000,2026-08-02T08:11:53Z,クレジットカード,increment-run-001,workshop-participant,donation_events_001.csv,2026-08-11T11:59:30Z
EVT-FRS-014823,6014823,2011722,282049,3002762,8000,2026-08-02T08:14:56Z,クレジットカード,increment-run-001,workshop-participant,donation_events_001.csv,2026-08-11T11:59:30Z
EVT-FRS-003244,6003244,2001260,402079,3001987,10000,2026-08-02T08:17:46Z,クレジットカード,increment-run-001,workshop-participant,donation_events_001.csv,2026-08-11T11:59:30Z
EVT-FRS-009891,6009891,2002041,282219,3002078,15000,2026-08-02T08:19:24Z,電子決済,increment-run-001,workshop-participant,donation_events_001.csv,2026-08-11T11:59:30Z
EVT-FRS-008828,6008828,2009744,182028,3002137,10000,2026-08-02T08:19:49Z,銀行振込,increment-run-001,workshop-participant,donation_events_001.csv,2026-08-11T11:59:30Z
EVT-FRS-001255,6001255,2008471,042030,3000252,10000,2026-08-02T08:20:20Z,クレジットカード,increment-run-001,workshop-participant,donation_events_001.csv,2026-08-11T11:59:30Z
EVT-FRS-013306,6013306,2001542,092118,3005676,10000,2026-08-02T08:26:15Z,クレジットカード,increment-run-001,workshop-participant,donation_events_001.csv,2026-08-11T11:59:30Z
EVT-FRS-008563,6008563,2010822,141003,3001794,5000,2026-08-02T08:27:37Z,電子決済,increment-run-001,workshop-participant,donation_events_001.csv,2026-08-11T11:59:30Z
EVT-FRS-004005,6004005,2009643,062138,3005678,10000,2026-08-02T08:28:57Z,クレジットカード,increment-run-001,workshop-participant,donation_events_001.csv,2026-08-11T11:59:30Z
EVT-FRS-005517,6005517,2003662,222038,3000055,5000,2026-08-02T08:32:31Z,クレジットカード,increment-run-001,workshop-participant,donation_events_001.csv,2026-08-11T11:59:30Z
EVT-FRS-013212,6013212,2007786,464902,3004132,5000,2026-08-02T08:37:39Z,クレジットカード,increment-run-001,workshop-participant,donation_events_001.csv,2026-08-11T11:59:30Z
EVT-FRS-008787,6008787,2009500,292109,3001118,5000,2026-08-02T08:38:36Z,電子決済,increment-run-001,workshop-participant,donation_events_001.csv,2026-08-11T11:59:30Z
EVT-FRS-014124,6014124,2011989,442020,3003856,5000,2026-08-02T08:40:30Z,電子決済,increment-run-001,workshop-participant,donation_events_001.csv,2026-08-11T11:59:30Z
EVT-FRS-002206,6002206,2005057,402125,3001699,10000,2026-08-02T08:42:50Z,電子決済,increment-run-001,workshop-participant,donation_events_001.csv,2026-08-11T11:59:30Z
EVT-FRS-001950,6001950,2000690,272230,3002861,10000,2026-08-02T08:48:50Z,クレジットカード,increment-run-001,workshop-participant,donation_events_001.csv,2026-08-11T11:59:30Z
EVT-FRS-012553,6012553,2001162,452041,3005727,15000,2026-08-02T08:50:27Z,クレジットカード,increment-run-001,workshop-participant,donation_events_001.csv,2026-08-11T11:59:30Z
EVT-FRS-012575,6012575,2009533,192091,3005987,8000,2026-08-02T08:54:59Z,クレジットカード,increment-run-001,workshop-participant,donation_events_001.csv,2026-08-11T11:59:30Z
EVT-FRS-006897,6006897,2005049,302058,3002312,5000,2026-08-02T08:56:51Z,クレジットカード,increment-run-001,workshop-participant,donation_events_001.csv,2026-08-11T11:59:30Z
EVT-FRS-007704,6007704,2011793,015555,3001395,10000,2026-08-02T09:03:07Z,電子決済,increment-run-001,workshop-participant,donation_events_001.csv,2026-08-11T11:59:30Z
EVT-FRS-002927,6002927,2006167,272124,3004000,15000,2026-08-02T09:08:39Z,クレジットカード,increment-run-001,workshop-participant,donation_events_001.csv,2026-08-11T11:59:30Z
EVT-FRS-010195,6010195,2006991,072133,3005681,15000,2026-08-02T09:10:42Z,クレジットカード,increment-run-001,workshop-participant,donation_events_001.csv,2026-08-11T11:59:30Z
EVT-FRS-002878,6002878,2002261,012289,3000624,20000,2026-08-02T09:16:36Z,クレジットカード,increment-run-001,workshop-participant,donation_events_001.csv,2026-08-11T11:59:30Z
EVT-FRS-004126,6004126,2010148,322041,3002549,10000,2026-08-02T09:17:38Z,クレジットカード,increment-run-001,workshop-participant,donation_events_001.csv,2026-08-11T11:59:30Z
EVT-FRS-001133,6001133,2007012,042056,3001873,25000,2026-08-02T09:18:37Z,電子決済,increment-run-001,workshop-participant,donation_events_001.csv,2026-08-11T11:59:30Z
EVT-FRS-014887,6014887,2000754,172073,3001487,12000,2026-08-02T09:20:02Z,電子決済,increment-run-001,workshop-participant,donation_events_001.csv,2026-08-11T11:59:30Z
EVT-FRS-001254,6001254,2009036,452041,3004484,15000,2026-08-02T09:22:41Z,クレジットカード,increment-run-001,workshop-participant,donation_events_001.csv,2026-08-11T11:59:30Z
EVT-FRS-002038,6002038,2008095,142077,3004067,15000,2026-08-02T09:24:57Z,銀行振込,increment-run-001,workshop-participant,donation_events_001.csv,2026-08-11T11:59:30Z
EVT-FRS-007069,6007069,2001649,294519,3003713,15000,2026-08-02T09:25:27Z,コンビニ決済,increment-run-001,workshop-participant,donation_events_001.csv,2026-08-11T11:59:30Z
EVT-FRS-009517,6009517,2009849,432105,3001470,15000,2026-08-02T09:25:56Z,クレジットカード,increment-run-001,workshop-participant,donation_events_001.csv,2026-08-11T11:59:30Z
EVT-FRS-013613,6013613,2011024,432105,3003521,8000,2026-08-02T09:27:08Z,クレジットカード,increment-run-001,workshop-participant,donation_events_001.csv,2026-08-11T11:59:30Z
EVT-FRS-005107,6005107,2004547,452025,3003388,10000,2026-08-02T09:29:38Z,コンビニ決済,increment-run-001,workshop-participant,donation_events_001.csv,2026-08-11T11:59:30Z
EVT-FRS-001927,6001927,2002424,024503,3000632,5000,2026-08-02T09:31:06Z,クレジットカード,increment-run-001,workshop-participant,donation_events_001.csv,2026-08-11T11:59:30Z
EVT-FRS-005284,6005284,2001403,372021,3005563,10000,2026-08-02T09:38:10Z,クレジットカード,increment-run-001,workshop-participant,donation_events_001.csv,2026-08-11T11:59:30Z
EVT-FRS-011877,6011877,2010418,282049,3002762,8000,2026-08-02T09:40:42Z,クレジットカード,increment-run-001,workshop-participant,donation_events_001.csv,2026-08-11T11:59:30Z
EVT-FRS-000790,6000790,2010314,052019,3000426,10000,2026-08-02T09:42:50Z,電子決済,increment-run-001,workshop-participant,donation_events_001.csv,2026-08-11T11:59:30Z
EVT-FRS-006502,6006502,2009614,092053,3004871,15000,2026-08-02T09:43:00Z,クレジットカード,increment-run-001,workshop-participant,donation_events_001.csv,2026-08-11T11:59:30Z
EVT-FRS-014415,6014415,2011311,024121,3003095,15000,2026-08-02T09:43:22Z,クレジットカード,increment-run-001,workshop-participant,donation_events_001.csv,2026-08-11T11:59:30Z
EVT-FRS-008776,6008776,2001271,232360,3005193,12000,2026-08-02T09:48:43Z,クレジットカード,increment-run-001,workshop-participant,donation_events_001.csv,2026-08-11T11:59:30Z
EVT-FRS-000207,6000207,2003421,042099,3003890,30000,2026-08-02T09:50:43Z,クレジットカード,increment-run-001,workshop-participant,donation_events_001.csv,2026-08-11T11:59:30Z
EVT-FRS-012489,6012489,2007438,342157,3004107,10000,2026-08-02T09:53:07Z,クレジットカード,increment-run-001,workshop-participant,donation_events_001.csv,2026-08-11T11:59:30Z
EVT-FRS-005117,6005117,2001909,422096,3000859,25000,2026-08-02T09:55:03Z,クレジットカード,increment-run-001,workshop-participant,donation_events_001.csv,2026-08-11T11:59:30Z
EVT-FRS-014090,6014090,2010909,272132,3000548,5000,2026-08-02T10:02:15Z,クレジットカード,increment-run-001,workshop-participant,donation_events_001.csv,2026-08-11T11:59:30Z
EVT-FRS-003425,6003425,2006985,202118,3005881,12000,2026-08-02T10:07:22Z,電子決済,increment-run-001,workshop-participant,donation_events_001.csv,2026-08-11T11:59:30Z
EVT-FRS-002250,6002250,2008407,182010,3001372,15000,2026-08-02T10:11:04Z,コンビニ決済,increment-run-001,workshop-participant,donation_events_001.csv,2026-08-11T11:59:30Z
EVT-FRS-006811,6006811,2000261,102041,3001427,20000,2026-08-02T10:15:45Z,電子決済,increment-run-001,workshop-participant,donation_events_001.csv,2026-08-11T11:59:30Z
EVT-FRS-000274,6000274,2011140,252018,3004798,10000,2026-08-02T10:20:18Z,クレジットカード,increment-run-001,workshop-participant,donation_events_001.csv,2026-08-11T11:59:30Z
EVT-FRS-005801,6005801,2005541,262064,3004208,5000,2026-08-02T10:28:17Z,電子決済,increment-run-001,workshop-participant,donation_events_001.csv,2026-08-11T11:59:30Z
EVT-FRS-009264,6009264,2007693,112402,3000437,12000,2026-08-02T10:30:58Z,クレジットカード,increment-run-001,workshop-participant,donation_events_001.csv,2026-08-11T11:59:30Z
EVT-FRS-004023,6004023,2011489,212202,3000896,15000,2026-08-02T10:32:36Z,電子決済,increment-run-001,workshop-participant,donation_events_001.csv,2026-08-11T11:59:30Z
EVT-FRS-014468,6014468,2005079,142131,3002266,12000,2026-08-02T10:39:24Z,クレジットカード,increment-run-001,workshop-participant,donation_events_001.csv,2026-08-11T11:59:30Z
EVT-FRS-013612,6013612,2010840,022012,3003349,20000,2026-08-02T10:41:33Z,コンビニ決済,increment-run-001,workshop-participant,donation_events_001.csv,2026-08-11T11:59:30Z
EVT-FRS-005722,6005722,2007272,122122,3003164,20000,2026-08-02T10:42:38Z,クレジットカード,increment-run-001,workshop-participant,donation_events_001.csv,2026-08-11T11:59:30Z
EVT-FRS-003865,6003865,2000541,202061,3001397,30000,2026-08-02T10:49:27Z,クレジットカード,increment-run-001,workshop-participant,donation_events_001.csv,2026-08-11T11:59:30Z
EVT-FRS-009506,6009506,2000195,282227,3002207,10000,2026-08-02T10:54:24Z,電子決済,increment-run-001,workshop-participant,donation_events_001.csv,2026-08-11T11:59:30Z
EVT-FRS-011185,6011185,2001917,472140,3003527,10000,2026-08-02T10:56:54Z,コンビニ決済,increment-run-001,workshop-participant,donation_events_001.csv,2026-08-11T11:59:30Z
EVT-FRS-011557,6011557,2011156,202053,3000900,15000,2026-08-02T10:59:24Z,クレジットカード,increment-run-001,workshop-participant,donation_events_001.csv,2026-08-11T11:59:30Z
EVT-FRS-001826,6001826,2004677,422011,3003339,50000,2026-08-02T10:59:38Z,コンビニ決済,increment-run-001,workshop-participant,donation_events_001.csv,2026-08-11T11:59:30Z
EVT-FRS-004676,6004676,2011936,223417,3000865,5000,2026-08-02T11:07:27Z,クレジットカード,increment-run-001,workshop-participant,donation_events_001.csv,2026-08-11T11:59:30Z
EVT-FRS-004959,6004959,2006452,012220,3004280,20000,2026-08-02T11:13:30Z,クレジットカード,increment-run-001,workshop-participant,donation_events_001.csv,2026-08-11T11:59:30Z
EVT-FRS-006320,6006320,2002234,013919,3000516,10000,2026-08-02T11:16:27Z,コンビニ決済,increment-run-001,workshop-participant,donation_events_001.csv,2026-08-11T11:59:30Z
EVT-FRS-006355,6006355,2009009,442089,3001449,10000,2026-08-02T11:17:58Z,クレジットカード,increment-run-001,workshop-participant,donation_events_001.csv,2026-08-11T11:59:30Z
EVT-FRS-013129,6013129,2008391,113638,3005464,10000,2026-08-02T11:18:33Z,クレジットカード,increment-run-001,workshop-participant,donation_events_001.csv,2026-08-11T11:59:30Z
EVT-FRS-002113,6002113,2001337,232149,3003556,10000,2026-08-02T11:24:19Z,クレジットカード,increment-run-001,workshop-participant,donation_events_001.csv,2026-08-11T11:59:30Z
EVT-FRS-014764,6014764,2005355,402141,3003817,20000,2026-08-02T11:24:37Z,クレジットカード,increment-run-001,workshop-participant,donation_events_001.csv,2026-08-11T11:59:30Z
EVT-FRS-012270,6012270,2010268,431001,3003941,5000,2026-08-02T11:26:04Z,コンビニ決済,increment-run-001,workshop-participant,donation_events_001.csv,2026-08-11T11:59:30Z
EVT-FRS-002306,6002306,2006862,232211,3002681,10000,2026-08-02T11:29:40Z,電子決済,increment-run-001,workshop-participant,donation_events_001.csv,2026-08-11T11:59:30Z
EVT-FRS-013376,6013376,2009471,132101,3005249,10000,2026-08-02T11:34:08Z,クレジットカード,increment-run-001,workshop-participant,donation_events_001.csv,2026-08-11T11:59:30Z
EVT-FRS-010068,6010068,2001365,111007,3002297,20000,2026-08-02T11:43:39Z,電子決済,increment-run-001,workshop-participant,donation_events_001.csv,2026-08-11T11:59:30Z
EVT-FRS-004357,6004357,2008732,193666,3001688,70000,2026-08-02T11:45:20Z,クレジットカード,increment-run-001,workshop-participant,donation_events_001.csv,2026-08-11T11:59:30Z
EVT-FRS-000214,6000214,2011529,312037,3000846,10000,2026-08-02T11:47:15Z,銀行振込,increment-run-001,workshop-participant,donation_events_001.csv,2026-08-11T11:59:30Z
EVT-FRS-005025,6005025,2006739,393037,3004550,5000,2026-08-02T11:47:26Z,クレジットカード,increment-run-001,workshop-participant,donation_events_001.csv,2026-08-11T11:59:30Z
EVT-FRS-001280,6001280,2004043,382060,3000885,150000,2026-08-02T11:49:42Z,銀行振込,increment-run-001,workshop-participant,donation_events_001.csv,2026-08-11T11:59:30Z
EVT-FRS-001601,6001601,2010233,072028,3002288,20000,2026-08-02T11:50:06Z,クレジットカード,increment-run-001,workshop-participant,donation_events_001.csv,2026-08-11T11:59:30Z
EVT-FRS-001272,6001272,2002883,262064,3003605,5000,2026-08-02T11:50:26Z,クレジットカード,increment-run-001,workshop-participant,donation_events_001.csv,2026-08-11T11:59:30Z
EVT-FRS-001526,6001526,2011865,182095,3005262,30000,2026-08-02T11:52:54Z,電子決済,increment-run-001,workshop-participant,donation_events_001.csv,2026-08-11T11:59:30Z
EVT-FRS-002202,6002202,2002307,122041,3000073,10000,2026-08-02T11:52:55Z,銀行振込,increment-run-001,workshop-participant,donation_events_001.csv,2026-08-11T11:59:30Z
EVT-FRS-003854,6003854,2000481,092118,3003827,10000,2026-08-02T11:55:06Z,電子決済,increment-run-001,workshop-participant,donation_events_001.csv,2026-08-11T11:59:30Z
EVT-FRS-007603,6007603,2004698,212067,3003100,10000,2026-08-02T11:55:23Z,クレジットカード,increment-run-001,workshop-participant,donation_events_001.csv,2026-08-11T11:59:30Z
EVT-FRS-005412,6005412,2002861,182028,3004811,15000,2026-08-02T12:03:52Z,クレジットカード,increment-run-001,workshop-participant,donation_events_001.csv,2026-08-11T11:59:30Z
EVT-FRS-013895,6013895,2011063,112186,3001690,20000,2026-08-02T12:04:11Z,クレジットカード,increment-run-001,workshop-participant,donation_events_001.csv,2026-08-11T11:59:30Z
EVT-FRS-000137,6000137,2002181,072141,3005983,15000,2026-08-02T12:10:30Z,クレジットカード,increment-run-001,workshop-participant,donation_events_001.csv,2026-08-11T11:59:30Z
EVT-FRS-003150,6003150,2004751,422070,3002682,15000,2026-08-02T12:14:16Z,電子決済,increment-run-001,workshop-participant,donation_events_001.csv,2026-08-11T11:59:30Z
EVT-FRS-006179,6006179,2000310,282014,3003704,30000,2026-08-02T12:15:42Z,電子決済,increment-run-001,workshop-participant,donation_events_001.csv,2026-08-11T11:59:30Z
EVT-FRS-000888,6000888,2000672,082112,3005871,10000,2026-08-02T12:18:09Z,電子決済,increment-run-001,workshop-participant,donation_events_001.csv,2026-08-11T11:59:30Z
EVT-FRS-009426,6009426,2002354,182044,3003831,40000,2026-08-02T12:23:21Z,銀行振込,increment-run-001,workshop-participant,donation_events_001.csv,2026-08-11T11:59:30Z
EVT-FRS-000270,6000270,2008509,434825,3005315,10000,2026-08-02T12:26:24Z,クレジットカード,increment-run-001,workshop-participant,donation_events_001.csv,2026-08-11T11:59:30Z
EVT-FRS-011964,6011964,2001312,131024,3003453,20000,2026-08-02T12:29:22Z,銀行振込,increment-run-001,workshop-participant,donation_events_001.csv,2026-08-11T11:59:30Z
EVT-FRS-008512,6008512,2010117,412058,3002354,20000,2026-08-02T12:29:38Z,クレジットカード,increment-run-001,workshop-participant,donation_events_001.csv,2026-08-11T11:59:30Z
EVT-FRS-004952,6004952,2011032,082309,3000519,15000,2026-08-02T12:30:57Z,クレジットカード,increment-run-001,workshop-participant,donation_events_001.csv,2026-08-11T11:59:30Z
EVT-FRS-012390,6012390,2009031,432156,3003496,15000,2026-08-02T12:36:52Z,クレジットカード,increment-run-001,workshop-participant,donation_events_001.csv,2026-08-11T11:59:30Z
EVT-FRS-004842,6004842,2011142,112275,3002031,12000,2026-08-02T12:39:46Z,クレジットカード,increment-run-001,workshop-participant,donation_events_001.csv,2026-08-11T11:59:30Z
EVT-FRS-008226,6008226,2009983,442135,3000701,10000,2026-08-02T12:40:17Z,電子決済,increment-run-001,workshop-participant,donation_events_001.csv,2026-08-11T11:59:30Z
EVT-FRS-000615,6000615,2002544,242152,3003613,5000,2026-08-02T12:42:31Z,クレジットカード,increment-run-001,workshop-participant,donation_events_001.csv,2026-08-11T11:59:30Z
EVT-FRS-008451,6008451,2008054,131091,3000032,10000,2026-08-02T12:48:44Z,クレジットカード,increment-run-001,workshop-participant,donation_events_001.csv,2026-08-11T11:59:30Z
EVT-FRS-008490,6008490,2000191,452025,3005996,20000,2026-08-02T12:49:34Z,電子決済,increment-run-001,workshop-participant,donation_events_001.csv,2026-08-11T11:59:30Z
EVT-FRS-013987,6013987,2000377,432113,3002983,25000,2026-08-02T12:53:05Z,コンビニ決済,increment-run-001,workshop-participant,donation_events_001.csv,2026-08-11T11:59:30Z
EVT-FRS-011958,6011958,2008742,272159,3003093,15000,2026-08-02T12:53:37Z,コンビニ決済,increment-run-001,workshop-participant,donation_events_001.csv,2026-08-11T11:59:30Z
EVT-FRS-003359,6003359,2006107,282022,3005891,15000,2026-08-02T12:54:04Z,クレジットカード,increment-run-001,workshop-participant,donation_events_001.csv,2026-08-11T11:59:30Z
EVT-FRS-008717,6008717,2003386,262081,3001565,10000,2026-08-02T12:56:13Z,クレジットカード,increment-run-001,workshop-participant,donation_events_001.csv,2026-08-11T11:59:30Z
EVT-FRS-000630,6000630,2006023,182052,3005605,10000,2026-08-02T12:59:18Z,銀行振込,increment-run-001,workshop-participant,donation_events_001.csv,2026-08-11T11:59:30Z
EVT-FRS-014423,6014423,2010056,122122,3002947,12000,2026-08-02T13:02:16Z,銀行振込,increment-run-001,workshop-participant,donation_events_001.csv,2026-08-11T11:59:30Z
EVT-FRS-012107,6012107,2010355,392081,3005115,25000,2026-08-02T13:04:08Z,銀行振込,increment-run-001,workshop-participant,donation_events_001.csv,2026-08-11T11:59:30Z
EVT-FRS-012677,6012677,2004335,353051,3000359,15000,2026-08-02T13:08:02Z,クレジットカード,increment-run-001,workshop-participant,donation_events_001.csv,2026-08-11T11:59:30Z
EVT-FRS-014339,6014339,2000694,302023,3001884,5000,2026-08-02T13:19:42Z,銀行振込,increment-run-001,workshop-participant,donation_events_001.csv,2026-08-11T11:59:30Z
EVT-FRS-009618,6009618,2010241,131083,3005088,10000,2026-08-02T13:20:54Z,クレジットカード,increment-run-001,workshop-participant,donation_events_001.csv,2026-08-11T11:59:30Z
EVT-FRS-008429,6008429,2006899,332101,3005670,8000,2026-08-02T13:21:55Z,クレジットカード,increment-run-001,workshop-participant,donation_events_001.csv,2026-08-11T11:59:30Z
EVT-FRS-004179,6004179,2000582,262013,3002313,15000,2026-08-02T13:22:50Z,クレジットカード,increment-run-001,workshop-participant,donation_events_001.csv,2026-08-11T11:59:30Z
EVT-FRS-005313,6005313,2008787,392120,3004020,20000,2026-08-02T13:26:36Z,クレジットカード,increment-run-001,workshop-participant,donation_events_001.csv,2026-08-11T11:59:30Z
EVT-FRS-004503,6004503,2001847,012301,3002365,12000,2026-08-02T13:29:25Z,銀行振込,increment-run-001,workshop-participant,donation_events_001.csv,2026-08-11T11:59:30Z
EVT-FRS-006353,6006353,2003261,122335,3002841,5000,2026-08-02T13:31:44Z,クレジットカード,increment-run-001,workshop-participant,donation_events_001.csv,2026-08-11T11:59:30Z
EVT-FRS-001069,6001069,2000054,203505,3001795,10000,2026-08-02T13:39:42Z,電子決済,increment-run-001,workshop-participant,donation_events_001.csv,2026-08-11T11:59:30Z
EVT-FRS-009662,6009662,2002405,272175,3003112,15000,2026-08-02T13:41:48Z,クレジットカード,increment-run-001,workshop-participant,donation_events_001.csv,2026-08-11T11:59:30Z
EVT-FRS-005631,6005631,2003528,132144,3001273,15000,2026-08-02T13:44:56Z,銀行振込,increment-run-001,workshop-participant,donation_events_001.csv,2026-08-11T11:59:30Z
EVT-FRS-002834,6002834,2000056,162086,3001095,20000,2026-08-02T13:47:54Z,クレジットカード,increment-run-001,workshop-participant,donation_events_001.csv,2026-08-11T11:59:30Z
EVT-FRS-006695,6006695,2003056,122203,3003320,20000,2026-08-02T13:49:19Z,電子決済,increment-run-001,workshop-participant,donation_events_001.csv,2026-08-11T11:59:30Z
EVT-FRS-006495,6006495,2008410,162094,3002151,20000,2026-08-02T13:49:57Z,クレジットカード,increment-run-001,workshop-participant,donation_events_001.csv,2026-08-11T11:59:30Z
EVT-FRS-012113,6012113,2003294,242098,3002271,15000,2026-08-02T13:50:39Z,クレジットカード,increment-run-001,workshop-participant,donation_events_001.csv,2026-08-11T11:59:30Z
EVT-FRS-006560,6006560,2011395,222054,3005627,10000,2026-08-02T13:51:57Z,クレジットカード,increment-run-001,workshop-participant,donation_events_001.csv,2026-08-11T11:59:30Z
EVT-FRS-012803,6012803,2002642,082279,3005501,5000,2026-08-02T13:52:45Z,銀行振込,increment-run-001,workshop-participant,donation_events_001.csv,2026-08-11T11:59:30Z
EVT-FRS-012279,6012279,2008646,082317,3005687,20000,2026-08-02T13:54:22Z,クレジットカード,increment-run-001,workshop-participant,donation_events_001.csv,2026-08-11T11:59:30Z
EVT-FRS-010180,6010180,2005613,222208,3004389,10000,2026-08-02T13:57:12Z,クレジットカード,increment-run-001,workshop-participant,donation_events_001.csv,2026-08-11T11:59:30Z
EVT-FRS-004030,6004030,2006772,012190,3004508,10000,2026-08-02T14:00:12Z,クレジットカード,increment-run-001,workshop-participant,donation_events_001.csv,2026-08-11T11:59:30Z
EVT-FRS-001422,6001422,2008524,412058,3000594,30000,2026-08-02T14:06:06Z,クレジットカード,increment-run-001,workshop-participant,donation_events_001.csv,2026-08-11T11:59:30Z
EVT-FRS-006646,6006646,2008202,111007,3003510,20000,2026-08-02T14:06:53Z,クレジットカード,increment-run-001,workshop-participant,donation_events_001.csv,2026-08-11T11:59:30Z
EVT-FRS-005583,6005583,2005320,212091,3003538,20000,2026-08-02T14:08:21Z,クレジットカード,increment-run-001,workshop-participant,donation_events_001.csv,2026-08-11T11:59:30Z
EVT-FRS-013259,6013259,2007976,402079,3001485,15000,2026-08-02T14:10:46Z,クレジットカード,increment-run-001,workshop-participant,donation_events_001.csv,2026-08-11T11:59:30Z
EVT-FRS-010543,6010543,2005591,202142,3002277,20000,2026-08-02T14:10:51Z,クレジットカード,increment-run-001,workshop-participant,donation_events_001.csv,2026-08-11T11:59:30Z
EVT-FRS-009485,6009485,2002611,393011,3001833,10000,2026-08-02T14:10:58Z,電子決済,increment-run-001,workshop-participant,donation_events_001.csv,2026-08-11T11:59:30Z
EVT-FRS-001164,6001164,2003389,272256,3000322,15000,2026-08-02T14:12:01Z,クレジットカード,increment-run-001,workshop-participant,donation_events_001.csv,2026-08-11T11:59:30Z
EVT-FRS-009572,6009572,2011272,212211,3005147,10000,2026-08-02T14:14:48Z,クレジットカード,increment-run-001,workshop-participant,donation_events_001.csv,2026-08-11T11:59:30Z
EVT-FRS-002881,6002881,2002503,242144,3005733,60000,2026-08-02T14:17:54Z,コンビニ決済,increment-run-001,workshop-participant,donation_events_001.csv,2026-08-11T11:59:30Z
EVT-FRS-008635,6008635,2010240,013617,3002825,12000,2026-08-02T14:20:51Z,クレジットカード,increment-run-001,workshop-participant,donation_events_001.csv,2026-08-11T11:59:30Z
EVT-FRS-006710,6006710,2001929,132144,3005755,10000,2026-08-02T14:24:36Z,クレジットカード,increment-run-001,workshop-participant,donation_events_001.csv,2026-08-11T11:59:30Z
EVT-FRS-009071,6009071,2002449,122041,3002247,8000,2026-08-02T14:25:18Z,クレジットカード,increment-run-001,workshop-participant,donation_events_001.csv,2026-08-11T11:59:30Z
EVT-FRS-010797,6010797,2007160,132217,3000463,10000,2026-08-02T14:36:52Z,クレジットカード,increment-run-001,workshop-participant,donation_events_001.csv,2026-08-11T11:59:30Z
EVT-FRS-007012,6007012,2004407,272116,3003184,12000,2026-08-02T14:45:05Z,クレジットカード,increment-run-001,workshop-participant,donation_events_001.csv,2026-08-11T11:59:30Z
EVT-FRS-007276,6007276,2003760,282189,3003232,20000,2026-08-02T14:45:35Z,クレジットカード,increment-run-001,workshop-participant,donation_events_001.csv,2026-08-11T11:59:30Z
EVT-FRS-006098,6006098,2008327,252131,3003967,8000,2026-08-02T14:46:19Z,クレジットカード,increment-run-001,workshop-participant,donation_events_001.csv,2026-08-11T11:59:30Z
EVT-FRS-003401,6003401,2009496,302040,3005579,20000,2026-08-02T14:47:55Z,クレジットカード,increment-run-001,workshop-participant,donation_events_001.csv,2026-08-11T11:59:30Z
EVT-FRS-005077,6005077,2000033,372013,3005184,10000,2026-08-02T14:51:50Z,クレジットカード,increment-run-001,workshop-participant,donation_events_001.csv,2026-08-11T11:59:30Z
EVT-FRS-004094,6004094,2000313,402281,3002370,15000,2026-08-02T14:52:48Z,クレジットカード,increment-run-001,workshop-participant,donation_events_001.csv,2026-08-11T11:59:30Z
EVT-FRS-000758,6000758,2010956,452050,3002298,40000,2026-08-02T14:53:45Z,クレジットカード,increment-run-001,workshop-participant,donation_events_001.csv,2026-08-11T11:59:30Z
EVT-FRS-002823,6002823,2005794,393037,3002819,20000,2026-08-02T14:54:27Z,クレジットカード,increment-run-001,workshop-participant,donation_events_001.csv,2026-08-11T11:59:30Z
EVT-FRS-004298,6004298,2005230,012190,3003992,10000,2026-08-02T14:56:29Z,クレジットカード,increment-run-001,workshop-participant,donation_events_001.csv,2026-08-11T11:59:30Z
EVT-FRS-002755,6002755,2004019,372072,3003404,15000,2026-08-02T14:56:34Z,クレジットカード,increment-run-001,workshop-participant,donation_events_001.csv,2026-08-11T11:59:30Z
EVT-FRS-004746,6004746,2009266,402117,3002733,20000,2026-08-02T14:59:49Z,クレジットカード,increment-run-001,workshop-participant,donation_events_001.csv,2026-08-11T11:59:30Z
EVT-FRS-005311,6005311,2008398,382043,3002011,10000,2026-08-02T15:06:53Z,クレジットカード,increment-run-001,workshop-participant,donation_events_001.csv,2026-08-11T11:59:30Z
EVT-FRS-013461,6013461,2009298,282162,3003417,10000,2026-08-02T15:12:10Z,クレジットカード,increment-run-001,workshop-participant,donation_events_001.csv,2026-08-11T11:59:30Z
EVT-FRS-013219,6013219,2000705,294501,3003504,10000,2026-08-02T15:15:23Z,クレジットカード,increment-run-001,workshop-participant,donation_events_001.csv,2026-08-11T11:59:30Z
EVT-FRS-009673,6009673,2001090,402273,3003966,8000,2026-08-02T15:22:07Z,電子決済,increment-run-001,workshop-participant,donation_events_001.csv,2026-08-11T11:59:30Z
EVT-FRS-006201,6006201,2009463,472115,3004965,25000,2026-08-02T15:24:22Z,クレジットカード,increment-run-001,workshop-participant,donation_events_001.csv,2026-08-11T11:59:30Z
EVT-FRS-013331,6013331,2011780,082201,3002146,15000,2026-08-02T15:37:56Z,クレジットカード,increment-run-001,workshop-participant,donation_events_001.csv,2026-08-11T11:59:30Z
EVT-FRS-013071,6013071,2008894,262081,3001565,10000,2026-08-02T15:40:10Z,コンビニ決済,increment-run-001,workshop-participant,donation_events_001.csv,2026-08-11T11:59:30Z
EVT-FRS-001730,6001730,2006931,133639,3005825,100000,2026-08-02T15:45:13Z,クレジットカード,increment-run-001,workshop-participant,donation_events_001.csv,2026-08-11T11:59:30Z
EVT-FRS-007152,6007152,2009204,422029,3001293,8000,2026-08-02T15:48:40Z,電子決済,increment-run-001,workshop-participant,donation_events_001.csv,2026-08-11T11:59:30Z
EVT-FRS-000972,6000972,2003753,152129,3001934,10000,2026-08-02T15:55:36Z,クレジットカード,increment-run-001,workshop-participant,donation_events_001.csv,2026-08-11T11:59:30Z
EVT-FRS-012256,6012256,2007722,232173,3005474,12000,2026-08-02T15:57:10Z,電子決済,increment-run-001,workshop-participant,donation_events_001.csv,2026-08-11T11:59:30Z
EVT-FRS-009832,6009832,2006386,322016,3004283,20000,2026-08-02T15:59:44Z,クレジットカード,increment-run-001,workshop-participant,donation_events_001.csv,2026-08-11T11:59:30Z
EVT-FRS-003055,6003055,2008433,212130,3001404,10000,2026-08-02T16:01:12Z,クレジットカード,increment-run-001,workshop-participant,donation_events_001.csv,2026-08-11T11:59:30Z
EVT-FRS-014167,6014167,2008771,204129,3002575,10000,2026-08-02T16:01:31Z,銀行振込,increment-run-001,workshop-participant,donation_events_001.csv,2026-08-11T11:59:30Z
EVT-FRS-008215,6008215,2006825,262030,3005771,15000,2026-08-02T16:02:52Z,クレジットカード,increment-run-001,workshop-participant,donation_events_001.csv,2026-08-11T11:59:30Z
EVT-FRS-011889,6011889,2006767,023035,3001024,20000,2026-08-02T16:03:49Z,銀行振込,increment-run-001,workshop-participant,donation_events_001.csv,2026-08-11T11:59:30Z
EVT-FRS-000877,6000877,2009293,082261,3001655,10000,2026-08-02T16:08:16Z,クレジットカード,increment-run-001,workshop-participant,donation_events_001.csv,2026-08-11T11:59:30Z
EVT-FRS-011895,6011895,2011689,024261,3000316,25000,2026-08-02T16:10:32Z,クレジットカード,increment-run-001,workshop-participant,donation_events_001.csv,2026-08-11T11:59:30Z
EVT-FRS-004430,6004430,2000804,222127,3000099,15000,2026-08-02T16:11:40Z,クレジットカード,increment-run-001,workshop-participant,donation_events_001.csv,2026-08-11T11:59:30Z
EVT-FRS-003269,6003269,2003009,112313,3000223,10000,2026-08-02T16:17:52Z,コンビニ決済,increment-run-001,workshop-participant,donation_events_001.csv,2026-08-11T11:59:30Z
EVT-FRS-001574,6001574,2005781,342157,3005308,20000,2026-08-02T16:21:18Z,電子決済,increment-run-001,workshop-participant,donation_events_001.csv,2026-08-11T11:59:30Z
EVT-FRS-006271,6006271,2001485,082155,3003614,15000,2026-08-02T16:21:22Z,電子決済,increment-run-001,workshop-participant,donation_events_001.csv,2026-08-11T11:59:30Z
EVT-FRS-009190,6009190,2011344,352110,3003256,12000,2026-08-02T16:22:20Z,銀行振込,increment-run-001,workshop-participant,donation_events_001.csv,2026-08-11T11:59:30Z
EVT-FRS-002806,6002806,2010413,074845,3004563,10000,2026-08-02T16:30:18Z,クレジットカード,increment-run-001,workshop-participant,donation_events_001.csv,2026-08-11T11:59:30Z
EVT-FRS-000016,6000016,2007670,372030,3002946,15000,2026-08-02T16:34:50Z,クレジットカード,increment-run-001,workshop-participant,donation_events_001.csv,2026-08-11T11:59:30Z
EVT-FRS-003241,6003241,2010548,194298,3005847,10000,2026-08-02T16:34:52Z,銀行振込,increment-run-001,workshop-participant,donation_events_001.csv,2026-08-11T11:59:30Z
EVT-FRS-000486,6000486,2001551,272281,3005153,10000,2026-08-02T16:35:18Z,電子決済,increment-run-001,workshop-participant,donation_events_001.csv,2026-08-11T11:59:30Z
EVT-FRS-010468,6010468,2006203,052108,3001043,10000,2026-08-02T16:42:44Z,電子決済,increment-run-001,workshop-participant,donation_events_001.csv,2026-08-11T11:59:30Z
EVT-FRS-012136,6012136,2007073,362085,3004055,5000,2026-08-02T17:02:51Z,クレジットカード,increment-run-001,workshop-participant,donation_events_001.csv,2026-08-11T11:59:30Z
EVT-FRS-000051,6000051,2006158,012190,3002126,15000,2026-08-02T17:03:12Z,クレジットカード,increment-run-001,workshop-participant,donation_events_001.csv,2026-08-11T11:59:30Z
EVT-FRS-004275,6004275,2010911,312037,3000566,15000,2026-08-02T17:03:41Z,電子決済,increment-run-001,workshop-participant,donation_events_001.csv,2026-08-11T11:59:30Z
EVT-FRS-000068,6000068,2001839,465313,3003113,15000,2026-08-02T17:04:05Z,銀行振込,increment-run-001,workshop-participant,donation_events_001.csv,2026-08-11T11:59:30Z
EVT-FRS-006414,6006414,2011949,272132,3005617,40000,2026-08-02T17:07:17Z,電子決済,increment-run-001,workshop-participant,donation_events_001.csv,2026-08-11T11:59:30Z
EVT-FRS-001407,6001407,2006582,402117,3000556,8000,2026-08-02T17:08:00Z,コンビニ決済,increment-run-001,workshop-participant,donation_events_001.csv,2026-08-11T11:59:30Z
EVT-FRS-002023,6002023,2005951,104493,3002747,40000,2026-08-02T17:11:00Z,クレジットカード,increment-run-001,workshop-participant,donation_events_001.csv,2026-08-11T11:59:30Z
EVT-FRS-005814,6005814,2008055,372064,3005023,10000,2026-08-02T17:14:34Z,クレジットカード,increment-run-001,workshop-participant,donation_events_001.csv,2026-08-11T11:59:30Z
EVT-FRS-010588,6010588,2007671,402192,3005746,60000,2026-08-02T17:15:13Z,電子決済,increment-run-001,workshop-participant,donation_events_001.csv,2026-08-11T11:59:30Z
EVT-FRS-009831,6009831,2003676,073687,3002666,100000,2026-08-02T17:16:12Z,電子決済,increment-run-001,workshop-participant,donation_events_001.csv,2026-08-11T11:59:30Z
EVT-FRS-002664,6002664,2004621,473537,3005318,12000,2026-08-02T17:16:42Z,コンビニ決済,increment-run-001,workshop-participant,donation_events_001.csv,2026-08-11T11:59:30Z
EVT-FRS-010461,6010461,2003944,082121,3005090,10000,2026-08-02T17:17:02Z,銀行振込,increment-run-001,workshop-participant,donation_events_001.csv,2026-08-11T11:59:30Z
EVT-FRS-007496,6007496,2006755,072079,3000070,10000,2026-08-02T17:27:08Z,クレジットカード,increment-run-001,workshop-participant,donation_events_001.csv,2026-08-11T11:59:30Z
EVT-FRS-000334,6000334,2001775,412015,3005653,10000,2026-08-02T17:36:03Z,電子決済,increment-run-001,workshop-participant,donation_events_001.csv,2026-08-11T11:59:30Z
EVT-FRS-003060,6003060,2010140,212202,3001683,12000,2026-08-02T17:36:10Z,クレジットカード,increment-run-001,workshop-participant,donation_events_001.csv,2026-08-11T11:59:30Z
EVT-FRS-013516,6013516,2011097,342041,3004741,25000,2026-08-02T17:36:12Z,クレジットカード,increment-run-001,workshop-participant,donation_events_001.csv,2026-08-11T11:59:30Z
EVT-FRS-009524,6009524,2002843,472093,3000756,20000,2026-08-02T17:37:56Z,クレジットカード,increment-run-001,workshop-participant,donation_events_001.csv,2026-08-11T11:59:30Z
EVT-FRS-000805,6000805,2006494,232211,3003507,5000,2026-08-02T17:42:00Z,クレジットカード,increment-run-001,workshop-participant,donation_events_001.csv,2026-08-11T11:59:30Z
EVT-FRS-003632,6003632,2006234,252131,3001202,10000,2026-08-02T17:42:32Z,電子決済,increment-run-001,workshop-participant,donation_events_001.csv,2026-08-11T11:59:30Z
EVT-FRS-010678,6010678,2004761,015814,3005329,30000,2026-08-02T17:47:23Z,クレジットカード,increment-run-001,workshop-participant,donation_events_001.csv,2026-08-11T11:59:30Z
EVT-FRS-002771,6002771,2007229,012165,3003799,30000,2026-08-02T17:51:16Z,電子決済,increment-run-001,workshop-participant,donation_events_001.csv,2026-08-11T11:59:30Z
EVT-FRS-012245,6012245,2005206,452025,3002265,10000,2026-08-02T17:54:51Z,電子決済,increment-run-001,workshop-participant,donation_events_001.csv,2026-08-11T11:59:30Z
EVT-FRS-001831,6001831,2011471,122343,3001630,12000,2026-08-02T17:57:25Z,クレジットカード,increment-run-001,workshop-participant,donation_events_001.csv,2026-08-11T11:59:30Z
EVT-FRS-013464,6013464,2007313,092169,3005113,8000,2026-08-02T18:00:46Z,電子決済,increment-run-001,workshop-participant,donation_events_001.csv,2026-08-11T11:59:30Z
EVT-FRS-008261,6008261,2005403,012173,3005932,30000,2026-08-02T18:04:16Z,クレジットカード,increment-run-001,workshop-participant,donation_events_001.csv,2026-08-11T11:59:30Z
EVT-FRS-011975,6011975,2001457,131202,3003475,8000,2026-08-02T18:10:49Z,クレジットカード,increment-run-001,workshop-participant,donation_events_001.csv,2026-08-11T11:59:30Z
EVT-FRS-010181,6010181,2001551,122084,3002047,10000,2026-08-02T18:15:18Z,クレジットカード,increment-run-001,workshop-participant,donation_events_001.csv,2026-08-11T11:59:30Z
EVT-FRS-012674,6012674,2011337,072028,3002029,15000,2026-08-02T18:16:35Z,クレジットカード,increment-run-001,workshop-participant,donation_events_001.csv,2026-08-11T11:59:30Z
EVT-FRS-003024,6003024,2000506,152048,3004422,25000,2026-08-02T18:17:20Z,電子決済,increment-run-001,workshop-participant,donation_events_001.csv,2026-08-11T11:59:30Z
EVT-FRS-011797,6011797,2009510,082317,3005687,10000,2026-08-02T18:19:41Z,クレジットカード,increment-run-001,workshop-participant,donation_events_001.csv,2026-08-11T11:59:30Z
EVT-FRS-007655,6007655,2005164,272027,3003444,5000,2026-08-02T18:28:05Z,電子決済,increment-run-001,workshop-participant,donation_events_001.csv,2026-08-11T11:59:30Z
EVT-FRS-007776,6007776,2007958,332046,3003261,5000,2026-08-02T18:29:57Z,クレジットカード,increment-run-001,workshop-participant,donation_events_001.csv,2026-08-11T11:59:30Z
EVT-FRS-011515,6011515,2002646,082317,3001094,10000,2026-08-02T18:31:14Z,電子決済,increment-run-001,workshop-participant,donation_events_001.csv,2026-08-11T11:59:30Z
EVT-FRS-009240,6009240,2009575,422088,3003702,12000,2026-08-02T18:32:50Z,クレジットカード,increment-run-001,workshop-participant,donation_events_001.csv,2026-08-11T11:59:30Z
EVT-FRS-013023,6013023,2011098,112313,3003525,20000,2026-08-02T18:37:14Z,電子決済,increment-run-001,workshop-participant,donation_events_001.csv,2026-08-11T11:59:30Z
EVT-FRS-011232,6011232,2010866,072052,3005037,10000,2026-08-02T18:40:07Z,クレジットカード,increment-run-001,workshop-participant,donation_events_001.csv,2026-08-11T11:59:30Z
EVT-FRS-000249,6000249,2004882,112321,3004709,8000,2026-08-02T18:43:23Z,電子決済,increment-run-001,workshop-participant,donation_events_001.csv,2026-08-11T11:59:30Z
EVT-FRS-009688,6009688,2011615,012351,3004599,15000,2026-08-02T18:53:20Z,クレジットカード,increment-run-001,workshop-participant,donation_events_001.csv,2026-08-11T11:59:30Z
EVT-FRS-002212,6002212,2001785,402141,3004763,5000,2026-08-02T18:56:31Z,電子決済,increment-run-001,workshop-participant,donation_events_001.csv,2026-08-11T11:59:30Z
EVT-FRS-014093,6014093,2003195,292044,3000591,20000,2026-08-02T18:58:41Z,クレジットカード,increment-run-001,workshop-participant,donation_events_001.csv,2026-08-11T11:59:30Z
EVT-FRS-004663,6004663,2000922,112071,3002222,15000,2026-08-02T19:08:13Z,銀行振込,increment-run-001,workshop-participant,donation_events_001.csv,2026-08-11T11:59:30Z
EVT-FRS-002265,6002265,2009178,112011,3005325,10000,2026-08-02T19:10:51Z,クレジットカード,increment-run-001,workshop-participant,donation_events_001.csv,2026-08-11T11:59:30Z
EVT-FRS-012628,6012628,2002378,012262,3001975,25000,2026-08-02T19:12:01Z,クレジットカード,increment-run-001,workshop-participant,donation_events_001.csv,2026-08-11T11:59:30Z
EVT-FRS-012394,6012394,2008171,222127,3001668,10000,2026-08-02T19:12:41Z,クレジットカード,increment-run-001,workshop-participant,donation_events_001.csv,2026-08-11T11:59:30Z
EVT-FRS-010265,6010265,2008746,422142,3003126,20000,2026-08-02T19:20:21Z,コンビニ決済,increment-run-001,workshop-participant,donation_events_001.csv,2026-08-11T11:59:30Z
EVT-FRS-000463,6000463,2006752,075043,3005907,5000,2026-08-02T19:20:36Z,クレジットカード,increment-run-001,workshop-participant,donation_events_001.csv,2026-08-11T11:59:30Z
EVT-FRS-005796,6005796,2001015,232220,3004259,8000,2026-08-02T19:28:18Z,クレジットカード,increment-run-001,workshop-participant,donation_events_001.csv,2026-08-11T11:59:30Z
EVT-FRS-006157,6006157,2001206,024082,3000248,8000,2026-08-02T19:28:30Z,銀行振込,increment-run-001,workshop-participant,donation_events_001.csv,2026-08-11T11:59:30Z
EVT-FRS-010755,6010755,2008540,232041,3001014,10000,2026-08-02T19:36:32Z,電子決済,increment-run-001,workshop-participant,donation_events_001.csv,2026-08-11T11:59:30Z
EVT-FRS-012483,6012483,2002397,012190,3001672,10000,2026-08-02T19:38:45Z,クレジットカード,increment-run-001,workshop-participant,donation_events_001.csv,2026-08-11T11:59:30Z
EVT-FRS-002601,6002601,2005112,252077,3002998,8000,2026-08-02T19:41:52Z,クレジットカード,increment-run-001,workshop-participant,donation_events_001.csv,2026-08-11T11:59:30Z
EVT-FRS-003112,6003112,2008171,192058,3001919,12000,2026-08-02T19:52:19Z,クレジットカード,increment-run-001,workshop-participant,donation_events_001.csv,2026-08-11T11:59:30Z
EVT-FRS-005597,6005597,2003748,402206,3001123,20000,2026-08-02T20:07:59Z,銀行振込,increment-run-001,workshop-participant,donation_events_001.csv,2026-08-11T11:59:30Z
EVT-FRS-005932,6005932,2008583,462225,3000096,10000,2026-08-02T20:10:39Z,クレジットカード,increment-run-001,workshop-participant,donation_events_001.csv,2026-08-11T11:59:30Z
EVT-FRS-012222,6012222,2004139,012289,3004908,8000,2026-08-02T20:17:26Z,銀行振込,increment-run-001,workshop-participant,donation_events_001.csv,2026-08-11T11:59:30Z
EVT-FRS-007306,6007306,2004894,393011,3002815,10000,2026-08-02T20:21:41Z,銀行振込,increment-run-001,workshop-participant,donation_events_001.csv,2026-08-11T11:59:30Z
EVT-FRS-004666,6004666,2003008,384020,3000097,20000,2026-08-02T20:27:17Z,クレジットカード,increment-run-001,workshop-participant,donation_events_001.csv,2026-08-11T11:59:30Z
EVT-FRS-002995,6002995,2003068,152081,3003098,20000,2026-08-02T20:28:30Z,クレジットカード,increment-run-001,workshop-participant,donation_events_001.csv,2026-08-11T11:59:30Z
EVT-FRS-004804,6004804,2004416,282120,3000954,30000,2026-08-02T20:30:31Z,クレジットカード,increment-run-001,workshop-participant,donation_events_001.csv,2026-08-11T11:59:30Z
EVT-FRS-008116,6008116,2007151,262064,3004909,10000,2026-08-02T20:30:58Z,クレジットカード,increment-run-001,workshop-participant,donation_events_001.csv,2026-08-11T11:59:30Z
EVT-FRS-006699,6006699,2006758,272230,3002861,30000,2026-08-02T20:31:14Z,クレジットカード,increment-run-001,workshop-participant,donation_events_001.csv,2026-08-11T11:59:30Z
EVT-FRS-010581,6010581,2010812,212032,3001418,10000,2026-08-02T20:32:18Z,コンビニ決済,increment-run-001,workshop-participant,donation_events_001.csv,2026-08-11T11:59:30Z
EVT-FRS-009761,6009761,2002129,151009,3005770,5000,2026-08-02T20:35:08Z,クレジットカード,increment-run-001,workshop-participant,donation_events_001.csv,2026-08-11T11:59:30Z
EVT-FRS-014864,6014864,2006899,232327,3003382,10000,2026-08-02T20:38:46Z,銀行振込,increment-run-001,workshop-participant,donation_events_001.csv,2026-08-11T11:59:30Z
EVT-FRS-009781,6009781,2011722,202011,3001309,100000,2026-08-02T20:41:18Z,クレジットカード,increment-run-001,workshop-participant,donation_events_001.csv,2026-08-11T11:59:30Z
EVT-FRS-003542,6003542,2009046,272027,3001722,15000,2026-08-02T20:41:24Z,電子決済,increment-run-001,workshop-participant,donation_events_001.csv,2026-08-11T11:59:30Z
EVT-FRS-002635,6002635,2000681,131202,3005759,15000,2026-08-02T20:43:44Z,クレジットカード,increment-run-001,workshop-participant,donation_events_001.csv,2026-08-11T11:59:30Z
EVT-FRS-013682,6013682,2001005,403822,3003700,10000,2026-08-02T20:43:46Z,クレジットカード,increment-run-001,workshop-participant,donation_events_001.csv,2026-08-11T11:59:30Z
EVT-FRS-002106,6002106,2006074,282081,3005387,40000,2026-08-02T20:47:12Z,クレジットカード,increment-run-001,workshop-participant,donation_events_001.csv,2026-08-11T11:59:30Z
EVT-FRS-002502,6002502,2003794,012190,3002126,100000,2026-08-02T20:50:40Z,電子決済,increment-run-001,workshop-participant,donation_events_001.csv,2026-08-11T11:59:30Z
EVT-FRS-010005,6010005,2008066,131172,3005146,10000,2026-08-02T20:59:22Z,クレジットカード,increment-run-001,workshop-participant,donation_events_001.csv,2026-08-11T11:59:30Z
EVT-FRS-012871,6012871,2005445,462209,3005047,15000,2026-08-02T20:59:39Z,クレジットカード,increment-run-001,workshop-participant,donation_events_001.csv,2026-08-11T11:59:30Z
EVT-FRS-009593,6009593,2000166,192066,3001488,10000,2026-08-02T21:12:30Z,電子決済,increment-run-001,workshop-participant,donation_events_001.csv,2026-08-11T11:59:30Z
EVT-FRS-001467,6001467,2008420,332020,3003321,15000,2026-08-02T21:18:09Z,クレジットカード,increment-run-001,workshop-participant,donation_events_001.csv,2026-08-11T11:59:30Z
EVT-FRS-005259,6005259,2006793,132284,3003204,20000,2026-08-02T21:21:10Z,電子決済,increment-run-001,workshop-participant,donation_events_001.csv,2026-08-11T11:59:30Z
EVT-FRS-003697,6003697,2002151,012149,3000642,15000,2026-08-02T21:23:39Z,クレジットカード,increment-run-001,workshop-participant,donation_events_001.csv,2026-08-11T11:59:30Z
EVT-FRS-003375,6003375,2003492,024503,3000280,15000,2026-08-02T21:24:05Z,電子決済,increment-run-001,workshop-participant,donation_events_001.csv,2026-08-11T11:59:30Z
EVT-FRS-002072,6002072,2004860,292028,3002032,15000,2026-08-02T21:26:49Z,クレジットカード,increment-run-001,workshop-participant,donation_events_001.csv,2026-08-11T11:59:30Z
EVT-FRS-010709,6010709,2006528,131202,3005759,30000,2026-08-02T21:36:31Z,電子決済,increment-run-001,workshop-participant,donation_events_001.csv,2026-08-11T11:59:30Z
EVT-FRS-000916,6000916,2010742,015636,3004889,40000,2026-08-02T21:36:57Z,クレジットカード,increment-run-001,workshop-participant,donation_events_001.csv,2026-08-11T11:59:30Z
EVT-FRS-002629,6002629,2003155,084433,3000123,25000,2026-08-02T21:39:28Z,クレジットカード,increment-run-001,workshop-participant,donation_events_001.csv,2026-08-11T11:59:30Z
EVT-FRS-010811,6010811,2000727,092029,3001502,5000,2026-08-02T21:40:03Z,クレジットカード,increment-run-001,workshop-participant,donation_events_001.csv,2026-08-11T11:59:30Z
EVT-FRS-001712,6001712,2000984,372072,3001909,20000,2026-08-02T21:43:30Z,クレジットカード,increment-run-001,workshop-participant,donation_events_001.csv,2026-08-11T11:59:30Z
EVT-FRS-007173,6007173,2008836,112119,3003552,8000,2026-08-02T21:53:06Z,クレジットカード,increment-run-001,workshop-participant,donation_events_001.csv,2026-08-11T11:59:30Z
EVT-FRS-009396,6009396,2008839,132195,3004404,10000,2026-08-02T21:56:32Z,銀行振込,increment-run-001,workshop-participant,donation_events_001.csv,2026-08-11T11:59:30Z
EVT-FRS-001116,6001116,2011926,122343,3004699,25000,2026-08-02T21:56:34Z,コンビニ決済,increment-run-001,workshop-participant,donation_events_001.csv,2026-08-11T11:59:30Z
EVT-FRS-001985,6001985,2008088,162019,3002130,10000,2026-08-02T21:58:22Z,銀行振込,increment-run-001,workshop-participant,donation_events_001.csv,2026-08-11T11:59:30Z
EVT-FRS-000363,6000363,2002782,052043,3003132,12000,2026-08-02T22:02:07Z,クレジットカード,increment-run-001,workshop-participant,donation_events_001.csv,2026-08-11T11:59:30Z
EVT-FRS-004445,6004445,2000038,372081,3005498,15000,2026-08-02T22:02:18Z,銀行振込,increment-run-001,workshop-participant,donation_events_001.csv,2026-08-11T11:59:30Z
EVT-FRS-009191,6009191,2003555,152188,3000505,30000,2026-08-02T22:12:06Z,クレジットカード,increment-run-001,workshop-participant,donation_events_001.csv,2026-08-11T11:59:30Z
EVT-FRS-002698,6002698,2004994,364011,3003781,50000,2026-08-02T22:12:59Z,クレジットカード,increment-run-001,workshop-participant,donation_events_001.csv,2026-08-11T11:59:30Z
EVT-FRS-002837,6002837,2002781,222127,3003026,15000,2026-08-02T22:17:59Z,銀行振込,increment-run-001,workshop-participant,donation_events_001.csv,2026-08-11T11:59:30Z
EVT-FRS-013503,6013503,2007039,012173,3004165,20000,2026-08-02T22:20:58Z,電子決済,increment-run-001,workshop-participant,donation_events_001.csv,2026-08-11T11:59:30Z
EVT-FRS-001012,6001012,2009138,122190,3004714,10000,2026-08-02T22:21:37Z,電子決済,increment-run-001,workshop-participant,donation_events_001.csv,2026-08-11T11:59:30Z
EVT-FRS-010803,6010803,2010058,142166,3004427,15000,2026-08-02T22:24:42Z,クレジットカード,increment-run-001,workshop-participant,donation_events_001.csv,2026-08-11T11:59:30Z
EVT-FRS-007372,6007372,2005679,431001,3002332,10000,2026-08-02T22:27:08Z,コンビニ決済,increment-run-001,workshop-participant,donation_events_001.csv,2026-08-11T11:59:30Z
EVT-FRS-014168,6014168,2010418,052078,3003224,15000,2026-08-02T22:29:37Z,電子決済,increment-run-001,workshop-participant,donation_events_001.csv,2026-08-11T11:59:30Z
EVT-FRS-014649,6014649,2003961,322024,3004985,25000,2026-08-02T22:30:18Z,クレジットカード,increment-run-001,workshop-participant,donation_events_001.csv,2026-08-11T11:59:30Z
EVT-FRS-014868,6014868,2005071,282171,3005604,20000,2026-08-02T22:30:44Z,クレジットカード,increment-run-001,workshop-participant,donation_events_001.csv,2026-08-11T11:59:30Z
EVT-FRS-007491,6007491,2007900,472140,3000761,50000,2026-08-02T22:35:43Z,クレジットカード,increment-run-001,workshop-participant,donation_events_001.csv,2026-08-11T11:59:30Z
EVT-FRS-014363,6014363,2010530,262102,3001883,10000,2026-08-02T22:35:47Z,クレジットカード,increment-run-001,workshop-participant,donation_events_001.csv,2026-08-11T11:59:30Z
EVT-FRS-006152,6006152,2001109,016489,3004964,15000,2026-08-02T22:37:10Z,クレジットカード,increment-run-001,workshop-participant,donation_events_001.csv,2026-08-11T11:59:30Z
EVT-FRS-001418,6001418,2010810,152242,3001800,25000,2026-08-02T22:39:32Z,クレジットカード,increment-run-001,workshop-participant,donation_events_001.csv,2026-08-11T11:59:30Z
EVT-FRS-000024,6000024,2011715,222208,3002473,10000,2026-08-02T22:46:30Z,コンビニ決済,increment-run-001,workshop-participant,donation_events_001.csv,2026-08-11T11:59:30Z
EVT-FRS-008545,6008545,2004421,012092,3004209,5000,2026-08-02T22:46:46Z,電子決済,increment-run-001,workshop-participant,donation_events_001.csv,2026-08-11T11:59:30Z
EVT-FRS-003141,6003141,2008520,111007,3001455,20000,2026-08-02T22:48:06Z,電子決済,increment-run-001,workshop-participant,donation_events_001.csv,2026-08-11T11:59:30Z
EVT-FRS-011497,6011497,2007001,292010,3001151,20000,2026-08-02T22:50:44Z,コンビニ決済,increment-run-001,workshop-participant,donation_events_001.csv,2026-08-11T11:59:30Z
EVT-FRS-012173,6012173,2004854,182095,3003814,12000,2026-08-02T22:51:28Z,クレジットカード,increment-run-001,workshop-participant,donation_events_001.csv,2026-08-11T11:59:30Z
EVT-FRS-013251,6013251,2002397,332127,3000414,30000,2026-08-02T22:53:52Z,クレジットカード,increment-run-001,workshop-participant,donation_events_001.csv,2026-08-11T11:59:30Z
EVT-FRS-009357,6009357,2000766,012190,3003992,15000,2026-08-02T22:56:02Z,電子決済,increment-run-001,workshop-participant,donation_events_001.csv,2026-08-11T11:59:30Z
EVT-FRS-013877,6013877,2010102,332151,3003917,15000,2026-08-02T22:59:17Z,電子決済,increment-run-001,workshop-participant,donation_events_001.csv,2026-08-11T11:59:30Z
EVT-FRS-003030,6003030,2004164,352021,3004676,20000,2026-08-02T23:00:28Z,電子決済,increment-run-001,workshop-participant,donation_events_001.csv,2026-08-11T11:59:30Z
EVT-FRS-008855,6008855,2010475,232335,3003654,15000,2026-08-02T23:01:44Z,クレジットカード,increment-run-001,workshop-participant,donation_events_001.csv,2026-08-11T11:59:30Z
EVT-FRS-002687,6002687,2001840,202100,3005804,5000,2026-08-02T23:06:29Z,クレジットカード,increment-run-001,workshop-participant,donation_events_001.csv,2026-08-11T11:59:30Z
EVT-FRS-011672,6011672,2002416,332143,3000485,25000,2026-08-02T23:16:07Z,電子決済,increment-run-001,workshop-participant,donation_events_001.csv,2026-08-11T11:59:30Z
EVT-FRS-008130,6008130,2002723,162060,3001799,40000,2026-08-02T23:22:50Z,銀行振込,increment-run-001,workshop-participant,donation_events_001.csv,2026-08-11T11:59:30Z
EVT-FRS-013690,6013690,2002147,302074,3002785,10000,2026-08-02T23:23:59Z,銀行振込,increment-run-001,workshop-participant,donation_events_001.csv,2026-08-11T11:59:30Z
EVT-FRS-008976,6008976,2002780,242101,3004465,20000,2026-08-02T23:27:35Z,クレジットカード,increment-run-001,workshop-participant,donation_events_001.csv,2026-08-11T11:59:30Z
EVT-FRS-012879,6012879,2003174,452025,3002265,30000,2026-08-02T23:31:25Z,電子決済,increment-run-001,workshop-participant,donation_events_001.csv,2026-08-11T11:59:30Z
EVT-FRS-014558,6014558,2008680,402061,3004258,25000,2026-08-02T23:31:50Z,コンビニ決済,increment-run-001,workshop-participant,donation_events_001.csv,2026-08-11T11:59:30Z
EVT-FRS-004845,6004845,2001210,272264,3004594,12000,2026-08-02T23:32:34Z,コンビニ決済,increment-run-001,workshop-participant,donation_events_001.csv,2026-08-11T11:59:30Z
EVT-FRS-006870,6006870,2009397,464686,3003500,10000,2026-08-02T23:36:15Z,クレジットカード,increment-run-001,workshop-participant,donation_events_001.csv,2026-08-11T11:59:30Z
EVT-FRS-001056,6001056,2001748,401005,3001349,15000,2026-08-02T23:39:29Z,電子決済,increment-run-001,workshop-participant,donation_events_001.csv,2026-08-11T11:59:30Z
EVT-FRS-013433,6013433,2009010,232122,3001324,20000,2026-08-02T23:39:54Z,クレジットカード,increment-run-001,workshop-participant,donation_events_001.csv,2026-08-11T11:59:30Z
EVT-FRS-004464,6004464,2001279,141003,3003285,10000,2026-08-02T23:40:08Z,クレジットカード,increment-run-001,workshop-participant,donation_events_001.csv,2026-08-11T11:59:30Z
EVT-FRS-013454,6013454,2007442,013331,3002347,15000,2026-08-02T23:44:22Z,電子決済,increment-run-001,workshop-participant,donation_events_001.csv,2026-08-11T11:59:30Z
EVT-FRS-000324,6000324,2009746,022021,3000544,10000,2026-08-02T23:46:46Z,クレジットカード,increment-run-001,workshop-participant,donation_events_001.csv,2026-08-11T11:59:30Z
EVT-FRS-014110,6014110,2001092,082325,3003980,50000,2026-08-02T23:49:02Z,クレジットカード,increment-run-001,workshop-participant,donation_events_001.csv,2026-08-11T11:59:30Z
EVT-FRS-011518,6011518,2002593,282103,3000595,10000,2026-08-02T23:50:49Z,クレジットカード,increment-run-001,workshop-participant,donation_events_001.csv,2026-08-11T11:59:30Z
EVT-FRS-007262,6007262,2007397,472018,3000256,10000,2026-08-02T23:51:04Z,クレジットカード,increment-run-001,workshop-participant,donation_events_001.csv,2026-08-11T11:59:30Z
EVT-FRS-006078,6006078,2010773,403831,3002987,8000,2026-08-02T23:53:11Z,クレジットカード,increment-run-001,workshop-participant,donation_events_001.csv,2026-08-11T11:59:30Z
EVT-FRS-000671,6000671,2003293,024236,3004065,10000,2026-08-02T23:56:39Z,クレジットカード,increment-run-001,workshop-participant,donation_events_001.csv,2026-08-11T11:59:30Z
EVT-FRS-005716,6005716,2002954,342025,3004445,5000,2026-08-02T23:56:40Z,クレジットカード,increment-run-001,workshop-participant,donation_events_001.csv,2026-08-11T11:59:30Z
EVT-FRS-005075,6005075,2005373,022071,3005607,10000,2026-08-02T23:57:04Z,電子決済,increment-run-001,workshop-participant,donation_events_001.csv,2026-08-11T11:59:30Z
EVT-FRS-012155,6012155,2006244,462161,3003137,30000,2026-08-03T00:01:03Z,クレジットカード,increment-run-001,workshop-participant,donation_events_001.csv,2026-08-11T11:59:30Z
EVT-FRS-012126,6012126,2009586,392065,3000442,8000,2026-08-03T00:01:56Z,クレジットカード,increment-run-001,workshop-participant,donation_events_001.csv,2026-08-11T11:59:30Z
EVT-FRS-012750,6012750,2008380,152161,3003622,10000,2026-08-03T00:03:50Z,クレジットカード,increment-run-001,workshop-participant,donation_events_001.csv,2026-08-11T11:59:30Z
EVT-FRS-007985,6007985,2009426,042021,3005000,40000,2026-08-03T00:06:43Z,電子決済,increment-run-001,workshop-participant,donation_events_001.csv,2026-08-11T11:59:30Z
EVT-FRS-004598,6004598,2009679,082201,3001620,25000,2026-08-03T00:12:43Z,クレジットカード,increment-run-001,workshop-participant,donation_events_001.csv,2026-08-11T11:59:30Z
EVT-FRS-012991,6012991,2008490,112461,3001640,10000,2026-08-03T00:21:04Z,電子決済,increment-run-001,workshop-participant,donation_events_001.csv,2026-08-11T11:59:30Z
EVT-FRS-006622,6006622,2003316,422070,3001938,20000,2026-08-03T00:27:53Z,クレジットカード,increment-run-001,workshop-participant,donation_events_001.csv,2026-08-11T11:59:30Z
EVT-FRS-013529,6013529,2010982,282138,3002145,8000,2026-08-03T00:33:06Z,クレジットカード,increment-run-001,workshop-participant,donation_events_001.csv,2026-08-11T11:59:30Z
EVT-FRS-003885,6003885,2010274,112453,3000983,20000,2026-08-03T00:33:09Z,クレジットカード,increment-run-001,workshop-participant,donation_events_001.csv,2026-08-11T11:59:30Z
EVT-FRS-014274,6014274,2003826,092088,3005537,20000,2026-08-03T00:41:34Z,クレジットカード,increment-run-001,workshop-participant,donation_events_001.csv,2026-08-11T11:59:30Z
EVT-FRS-010563,6010563,2001145,131113,3001412,20000,2026-08-03T00:44:44Z,クレジットカード,increment-run-001,workshop-participant,donation_events_001.csv,2026-08-11T11:59:30Z
EVT-FRS-003497,6003497,2011433,282197,3002125,10000,2026-08-03T00:47:36Z,電子決済,increment-run-001,workshop-participant,donation_events_001.csv,2026-08-11T11:59:30Z
EVT-FRS-012403,6012403,2004528,232157,3005108,15000,2026-08-03T00:49:34Z,クレジットカード,increment-run-001,workshop-participant,donation_events_001.csv,2026-08-11T11:59:30Z
EVT-FRS-006457,6006457,2003538,432148,3000934,10000,2026-08-03T00:49:44Z,電子決済,increment-run-001,workshop-participant,donation_events_001.csv,2026-08-11T11:59:30Z
EVT-FRS-003063,6003063,2004953,092011,3005845,8000,2026-08-03T01:07:11Z,クレジットカード,increment-run-001,workshop-participant,donation_events_001.csv,2026-08-11T11:59:30Z
EVT-FRS-007770,6007770,2001290,262072,3000926,8000,2026-08-03T01:07:43Z,クレジットカード,increment-run-001,workshop-participant,donation_events_001.csv,2026-08-11T11:59:30Z
EVT-FRS-011684,6011684,2009955,131164,3004671,60000,2026-08-03T01:12:32Z,銀行振込,increment-run-001,workshop-participant,donation_events_001.csv,2026-08-11T11:59:30Z
EVT-FRS-010643,6010643,2010954,282065,3003642,20000,2026-08-03T01:13:55Z,電子決済,increment-run-001,workshop-participant,donation_events_001.csv,2026-08-11T11:59:30Z
EVT-FRS-006150,6006150,2007679,282138,3002145,8000,2026-08-03T01:18:04Z,電子決済,increment-run-001,workshop-participant,donation_events_001.csv,2026-08-11T11:59:30Z
EVT-FRS-002275,6002275,2008327,212164,3002736,20000,2026-08-03T01:25:33Z,クレジットカード,increment-run-001,workshop-participant,donation_events_001.csv,2026-08-11T11:59:30Z
EVT-FRS-014037,6014037,2010171,452025,3004014,30000,2026-08-03T01:25:53Z,クレジットカード,increment-run-001,workshop-participant,donation_events_001.csv,2026-08-11T11:59:30Z
EVT-FRS-005220,6005220,2008398,012181,3002830,10000,2026-08-03T01:34:03Z,電子決済,increment-run-001,workshop-participant,donation_events_001.csv,2026-08-11T11:59:30Z
EVT-FRS-000686,6000686,2002076,132250,3001456,12000,2026-08-03T01:37:40Z,電子決済,increment-run-001,workshop-participant,donation_events_001.csv,2026-08-11T11:59:30Z
EVT-FRS-000549,6000549,2005544,382035,3002099,10000,2026-08-03T01:43:29Z,クレジットカード,increment-run-001,workshop-participant,donation_events_001.csv,2026-08-11T11:59:30Z
EVT-FRS-008476,6008476,2006795,032093,3004322,20000,2026-08-03T01:45:18Z,クレジットカード,increment-run-001,workshop-participant,donation_events_001.csv,2026-08-11T11:59:30Z
EVT-FRS-004068,6004068,2011874,012084,3001038,10000,2026-08-03T01:46:07Z,電子決済,increment-run-001,workshop-participant,donation_events_001.csv,2026-08-11T11:59:30Z
EVT-FRS-004241,6004241,2001498,142077,3004067,10000,2026-08-03T01:46:40Z,電子決済,increment-run-001,workshop-participant,donation_events_001.csv,2026-08-11T11:59:30Z
EVT-FRS-004239,6004239,2004476,382132,3005049,30000,2026-08-03T01:48:32Z,クレジットカード,increment-run-001,workshop-participant,donation_events_001.csv,2026-08-11T11:59:30Z
EVT-FRS-005213,6005213,2002930,363219,3003673,60000,2026-08-03T01:49:05Z,クレジットカード,increment-run-001,workshop-participant,donation_events_001.csv,2026-08-11T11:59:30Z
EVT-FRS-000569,6000569,2009786,352101,3002096,12000,2026-08-03T01:50:13Z,電子決済,increment-run-001,workshop-participant,donation_events_001.csv,2026-08-11T11:59:30Z
EVT-FRS-012039,6012039,2011458,204170,3002939,5000,2026-08-03T01:52:46Z,クレジットカード,increment-run-001,workshop-participant,donation_events_001.csv,2026-08-11T11:59:30Z
EVT-FRS-003333,6003333,2002961,016098,3003469,20000,2026-08-03T01:56:11Z,クレジットカード,increment-run-001,workshop-participant,donation_events_001.csv,2026-08-11T11:59:30Z
EVT-FRS-009679,6009679,2004661,072044,3005039,5000,2026-08-03T01:59:43Z,電子決済,increment-run-001,workshop-participant,donation_events_001.csv,2026-08-11T11:59:30Z
EVT-FRS-005528,6005528,2002785,074641,3004938,20000,2026-08-03T02:04:37Z,クレジットカード,increment-run-001,workshop-participant,donation_events_001.csv,2026-08-11T11:59:30Z
EVT-FRS-011416,6011416,2001079,232050,3004942,8000,2026-08-03T02:08:54Z,銀行振込,increment-run-001,workshop-participant,donation_events_001.csv,2026-08-11T11:59:30Z
EVT-FRS-009235,6009235,2005027,032085,3002719,30000,2026-08-03T02:09:32Z,電子決済,increment-run-001,workshop-participant,donation_events_001.csv,2026-08-11T11:59:30Z
EVT-FRS-008882,6008882,2005887,015474,3005417,40000,2026-08-03T02:11:00Z,クレジットカード,increment-run-001,workshop-participant,donation_events_001.csv,2026-08-11T11:59:30Z
EVT-FRS-001769,6001769,2001646,122394,3004866,15000,2026-08-03T02:11:51Z,クレジットカード,increment-run-001,workshop-participant,donation_events_001.csv,2026-08-11T11:59:30Z
EVT-FRS-010535,6010535,2011664,294241,3004758,20000,2026-08-03T02:24:22Z,クレジットカード,increment-run-001,workshop-participant,donation_events_001.csv,2026-08-11T11:59:30Z
EVT-FRS-007248,6007248,2005375,462233,3002548,5000,2026-08-03T02:25:34Z,電子決済,increment-run-001,workshop-participant,donation_events_001.csv,2026-08-11T11:59:30Z
EVT-FRS-001530,6001530,2005165,112101,3001224,30000,2026-08-03T02:25:35Z,電子決済,increment-run-001,workshop-participant,donation_events_001.csv,2026-08-11T11:59:30Z
EVT-FRS-006125,6006125,2009220,202029,3002606,12000,2026-08-03T02:26:26Z,銀行振込,increment-run-001,workshop-participant,donation_events_001.csv,2026-08-11T11:59:30Z
EVT-FRS-007883,6007883,2007329,272132,3000548,15000,2026-08-03T02:28:59Z,クレジットカード,increment-run-001,workshop-participant,donation_events_001.csv,2026-08-11T11:59:30Z
EVT-FRS-012153,6012153,2009817,212130,3003028,12000,2026-08-03T02:30:35Z,銀行振込,increment-run-001,workshop-participant,donation_events_001.csv,2026-08-11T11:59:30Z
EVT-FRS-004162,6004162,2004552,182087,3000467,5000,2026-08-03T02:41:33Z,コンビニ決済,increment-run-001,workshop-participant,donation_events_001.csv,2026-08-11T11:59:30Z
EVT-FRS-005557,6005557,2009203,052019,3001807,20000,2026-08-03T02:46:31Z,クレジットカード,increment-run-001,workshop-participant,donation_events_001.csv,2026-08-11T11:59:30Z
EVT-FRS-008956,6008956,2004649,462225,3004840,20000,2026-08-03T02:46:45Z,コンビニ決済,increment-run-001,workshop-participant,donation_events_001.csv,2026-08-11T11:59:30Z
EVT-FRS-011084,6011084,2008347,435147,3000656,30000,2026-08-03T02:48:57Z,クレジットカード,increment-run-001,workshop-participant,donation_events_001.csv,2026-08-11T11:59:30Z
EVT-FRS-012985,6012985,2002149,162027,3000869,10000,2026-08-03T02:52:28Z,コンビニ決済,increment-run-001,workshop-participant,donation_events_001.csv,2026-08-11T11:59:30Z
EVT-FRS-010368,6010368,2009707,122351,3003069,10000,2026-08-03T02:55:23Z,銀行振込,increment-run-001,workshop-participant,donation_events_001.csv,2026-08-11T11:59:30Z
EVT-FRS-011882,6011882,2010898,142085,3000707,15000,2026-08-03T02:55:36Z,電子決済,increment-run-001,workshop-participant,donation_events_001.csv,2026-08-11T11:59:30Z
EVT-FRS-014142,6014142,2001143,422096,3005809,10000,2026-08-03T02:57:34Z,クレジットカード,increment-run-001,workshop-participant,donation_events_001.csv,2026-08-11T11:59:30Z
EVT-FRS-011857,6011857,2010767,232327,3003382,10000,2026-08-03T03:02:29Z,コンビニ決済,increment-run-001,workshop-participant,donation_events_001.csv,2026-08-11T11:59:30Z
EVT-FRS-012047,6012047,2003964,034851,3000237,30000,2026-08-03T03:03:48Z,クレジットカード,increment-run-001,workshop-participant,donation_events_001.csv,2026-08-11T11:59:30Z
EVT-FRS-007232,6007232,2004693,362018,3000569,10000,2026-08-03T03:11:07Z,クレジットカード,increment-run-001,workshop-participant,donation_events_001.csv,2026-08-11T11:59:30Z
EVT-FRS-012905,6012905,2007027,192066,3001461,8000,2026-08-03T03:16:17Z,銀行振込,increment-run-001,workshop-participant,donation_events_001.csv,2026-08-11T11:59:30Z
EVT-FRS-001097,6001097,2000744,202070,3000976,12000,2026-08-03T03:19:41Z,クレジットカード,increment-run-001,workshop-participant,donation_events_001.csv,2026-08-11T11:59:30Z
EVT-FRS-010528,6010528,2008292,342122,3001146,5000,2026-08-03T03:20:28Z,クレジットカード,increment-run-001,workshop-participant,donation_events_001.csv,2026-08-11T11:59:30Z
EVT-FRS-009670,6009670,2011696,152234,3005205,25000,2026-08-03T03:21:26Z,クレジットカード,increment-run-001,workshop-participant,donation_events_001.csv,2026-08-11T11:59:30Z
EVT-FRS-002895,6002895,2011184,152226,3002921,10000,2026-08-03T03:24:13Z,クレジットカード,increment-run-001,workshop-participant,donation_events_001.csv,2026-08-11T11:59:30Z
EVT-FRS-005055,6005055,2004749,182087,3002372,8000,2026-08-03T03:32:35Z,電子決済,increment-run-001,workshop-participant,donation_events_001.csv,2026-08-11T11:59:30Z
EVT-FRS-008697,6008697,2002303,092134,3004923,25000,2026-08-03T03:36:59Z,クレジットカード,increment-run-001,workshop-participant,donation_events_001.csv,2026-08-11T11:59:30Z
EVT-FRS-012653,6012653,2003585,016071,3001168,50000,2026-08-03T03:40:25Z,クレジットカード,increment-run-001,workshop-participant,donation_events_001.csv,2026-08-11T11:59:30Z
EVT-FRS-001685,6001685,2006477,412040,3004449,15000,2026-08-03T03:49:00Z,電子決済,increment-run-001,workshop-participant,donation_events_001.csv,2026-08-11T11:59:30Z
EVT-FRS-006818,6006818,2006256,392031,3002504,50000,2026-08-03T03:51:55Z,クレジットカード,increment-run-001,workshop-participant,donation_events_001.csv,2026-08-11T11:59:30Z
EVT-FRS-006172,6006172,2002539,012068,3004310,10000,2026-08-03T03:54:56Z,電子決済,increment-run-001,workshop-participant,donation_events_001.csv,2026-08-11T11:59:30Z
EVT-FRS-003450,6003450,2001718,182087,3001071,10000,2026-08-03T03:59:44Z,電子決済,increment-run-001,workshop-participant,donation_events_001.csv,2026-08-11T11:59:30Z
EVT-FRS-011646,6011646,2002018,452068,3001818,25000,2026-08-03T04:01:37Z,電子決済,increment-run-001,workshop-participant,donation_events_001.csv,2026-08-11T11:59:30Z
EVT-FRS-000597,6000597,2011543,072109,3004193,15000,2026-08-03T04:03:16Z,クレジットカード,increment-run-001,workshop-participant,donation_events_001.csv,2026-08-11T11:59:30Z
EVT-FRS-004986,6004986,2003418,464686,3004436,12000,2026-08-03T04:05:43Z,電子決済,increment-run-001,workshop-participant,donation_events_001.csv,2026-08-11T11:59:30Z
EVT-FRS-002861,6002861,2002853,172014,3002253,10000,2026-08-03T04:09:38Z,銀行振込,increment-run-001,workshop-participant,donation_events_001.csv,2026-08-11T11:59:30Z
EVT-FRS-005839,6005839,2001117,432059,3004971,25000,2026-08-03T04:11:04Z,クレジットカード,increment-run-001,workshop-participant,donation_events_001.csv,2026-08-11T11:59:30Z
EVT-FRS-013712,6013712,2009477,462101,3000971,10000,2026-08-03T04:11:25Z,クレジットカード,increment-run-001,workshop-participant,donation_events_001.csv,2026-08-11T11:59:30Z
EVT-FRS-007593,6007593,2010030,352039,3003273,10000,2026-08-03T04:11:53Z,銀行振込,increment-run-001,workshop-participant,donation_events_001.csv,2026-08-11T11:59:30Z
EVT-FRS-011516,6011516,2004030,303411,3000816,25000,2026-08-03T04:17:29Z,クレジットカード,increment-run-001,workshop-participant,donation_events_001.csv,2026-08-11T11:59:30Z
EVT-FRS-004912,6004912,2006132,342157,3004107,5000,2026-08-03T04:17:31Z,クレジットカード,increment-run-001,workshop-participant,donation_events_001.csv,2026-08-11T11:59:30Z
EVT-FRS-010166,6010166,2002649,092011,3005845,15000,2026-08-03T04:18:09Z,電子決済,increment-run-001,workshop-participant,donation_events_001.csv,2026-08-11T11:59:30Z
EVT-FRS-014309,6014309,2006033,454036,3001753,15000,2026-08-03T04:20:07Z,クレジットカード,increment-run-001,workshop-participant,donation_events_001.csv,2026-08-11T11:59:30Z
EVT-FRS-003397,6003397,2001903,042099,3005396,30000,2026-08-03T04:26:00Z,クレジットカード,increment-run-001,workshop-participant,donation_events_001.csv,2026-08-11T11:59:30Z
EVT-FRS-005643,6005643,2003405,041009,3004355,5000,2026-08-03T04:27:07Z,電子決済,increment-run-001,workshop-participant,donation_events_001.csv,2026-08-11T11:59:30Z
EVT-FRS-006008,6006008,2003191,322016,3001409,10000,2026-08-03T04:27:39Z,クレジットカード,increment-run-001,workshop-participant,donation_events_001.csv,2026-08-11T11:59:30Z
EVT-FRS-001183,6001183,2011621,012238,3001524,12000,2026-08-03T04:43:12Z,クレジットカード,increment-run-001,workshop-participant,donation_events_001.csv,2026-08-11T11:59:30Z
EVT-FRS-006962,6006962,2000027,052043,3003132,5000,2026-08-03T04:43:44Z,電子決済,increment-run-001,workshop-participant,donation_events_001.csv,2026-08-11T11:59:30Z
EVT-FRS-011579,6011579,2000460,074829,3004716,15000,2026-08-03T04:45:58Z,クレジットカード,increment-run-001,workshop-participant,donation_events_001.csv,2026-08-11T11:59:30Z
EVT-FRS-005438,6005438,2010943,252026,3002276,15000,2026-08-03T04:50:36Z,電子決済,increment-run-001,workshop-participant,donation_events_001.csv,2026-08-11T11:59:30Z
EVT-FRS-006218,6006218,2010703,222038,3001333,20000,2026-08-03T04:51:17Z,クレジットカード,increment-run-001,workshop-participant,donation_events_001.csv,2026-08-11T11:59:30Z
EVT-FRS-003675,6003675,2006337,473596,3004922,10000,2026-08-03T04:55:43Z,銀行振込,increment-run-001,workshop-participant,donation_events_001.csv,2026-08-11T11:59:30Z
EVT-FRS-008504,6008504,2010917,372048,3002359,15000,2026-08-03T05:00:08Z,クレジットカード,increment-run-001,workshop-participant,donation_events_001.csv,2026-08-11T11:59:30Z
EVT-FRS-004169,6004169,2004976,442038,3000443,5000,2026-08-03T05:01:50Z,クレジットカード,increment-run-001,workshop-participant,donation_events_001.csv,2026-08-11T11:59:30Z
EVT-FRS-006916,6006916,2009649,015130,3004555,8000,2026-08-03T05:03:49Z,コンビニ決済,increment-run-001,workshop-participant,donation_events_001.csv,2026-08-11T11:59:30Z
EVT-FRS-011988,6011988,2003338,292087,3002018,12000,2026-08-03T05:06:18Z,クレジットカード,increment-run-001,workshop-participant,donation_events_001.csv,2026-08-11T11:59:30Z
EVT-FRS-006539,6006539,2006655,172120,3000970,12000,2026-08-03T05:19:05Z,クレジットカード,increment-run-001,workshop-participant,donation_events_001.csv,2026-08-11T11:59:30Z
EVT-FRS-010976,6010976,2005765,072133,3002827,25000,2026-08-03T05:20:06Z,クレジットカード,increment-run-001,workshop-participant,donation_events_001.csv,2026-08-11T11:59:30Z
EVT-FRS-012335,6012335,2005571,263435,3002184,10000,2026-08-03T05:21:04Z,電子決済,increment-run-001,workshop-participant,donation_events_001.csv,2026-08-11T11:59:30Z
EVT-FRS-013193,6013193,2001109,062022,3004009,15000,2026-08-03T05:24:57Z,クレジットカード,increment-run-001,workshop-participant,donation_events_001.csv,2026-08-11T11:59:30Z
EVT-FRS-006440,6006440,2011575,092011,3005845,20000,2026-08-03T05:27:37Z,クレジットカード,increment-run-001,workshop-participant,donation_events_001.csv,2026-08-11T11:59:30Z
EVT-FRS-007223,6007223,2009029,016098,3003091,10000,2026-08-03T05:34:31Z,電子決済,increment-run-001,workshop-participant,donation_events_001.csv,2026-08-11T11:59:30Z
EVT-FRS-007130,6007130,2002551,063819,3002223,10000,2026-08-03T05:39:40Z,クレジットカード,increment-run-001,workshop-participant,donation_events_001.csv,2026-08-11T11:59:30Z
EVT-FRS-003146,6003146,2010960,372048,3001303,10000,2026-08-03T05:40:44Z,クレジットカード,increment-run-001,workshop-participant,donation_events_001.csv,2026-08-11T11:59:30Z
EVT-FRS-003921,6003921,2010644,122025,3001708,8000,2026-08-03T05:55:46Z,クレジットカード,increment-run-001,workshop-participant,donation_events_001.csv,2026-08-11T11:59:30Z
EVT-FRS-006221,6006221,2007615,202151,3002892,15000,2026-08-03T05:58:00Z,クレジットカード,increment-run-001,workshop-participant,donation_events_001.csv,2026-08-11T11:59:30Z
EVT-FRS-004739,6004739,2004250,362034,3002854,10000,2026-08-03T05:59:19Z,クレジットカード,increment-run-001,workshop-participant,donation_events_001.csv,2026-08-11T11:59:30Z
EVT-FRS-005138,6005138,2008865,402052,3005038,8000,2026-08-03T06:03:43Z,コンビニ決済,increment-run-001,workshop-participant,donation_events_001.csv,2026-08-11T11:59:30Z
EVT-FRS-013495,6013495,2010239,232271,3003775,8000,2026-08-03T06:13:46Z,電子決済,increment-run-001,workshop-participant,donation_events_001.csv,2026-08-11T11:59:30Z
EVT-FRS-007353,6007353,2001120,072044,3001956,10000,2026-08-03T06:28:39Z,クレジットカード,increment-run-001,workshop-participant,donation_events_001.csv,2026-08-11T11:59:30Z
EVT-FRS-004427,6004427,2003896,422029,3004961,10000,2026-08-03T06:31:35Z,クレジットカード,increment-run-001,workshop-participant,donation_events_001.csv,2026-08-11T11:59:30Z
EVT-FRS-007514,6007514,2000674,292010,3001156,8000,2026-08-03T06:32:14Z,電子決済,increment-run-001,workshop-participant,donation_events_001.csv,2026-08-11T11:59:30Z
EVT-FRS-001583,6001583,2000222,012068,3003304,15000,2026-08-03T06:35:06Z,クレジットカード,increment-run-001,workshop-participant,donation_events_001.csv,2026-08-11T11:59:30Z
EVT-FRS-001802,6001802,2005299,151009,3005770,20000,2026-08-03T06:35:14Z,電子決済,increment-run-001,workshop-participant,donation_events_001.csv,2026-08-11T11:59:30Z
EVT-FRS-014493,6014493,2003013,132128,3001786,8000,2026-08-03T06:39:13Z,クレジットカード,increment-run-001,workshop-participant,donation_events_001.csv,2026-08-11T11:59:30Z
EVT-FRS-001400,6001400,2005298,022039,3001949,10000,2026-08-03T06:47:52Z,クレジットカード,increment-run-001,workshop-participant,donation_events_001.csv,2026-08-11T11:59:30Z
EVT-FRS-009069,6009069,2000095,332046,3004951,10000,2026-08-03T06:50:07Z,銀行振込,increment-run-001,workshop-participant,donation_events_001.csv,2026-08-11T11:59:30Z
EVT-FRS-005623,6005623,2008524,272191,3001187,10000,2026-08-03T06:50:59Z,クレジットカード,increment-run-001,workshop-participant,donation_events_001.csv,2026-08-11T11:59:30Z
EVT-FRS-008516,6008516,2000261,232238,3005843,10000,2026-08-03T06:51:10Z,電子決済,increment-run-001,workshop-participant,donation_events_001.csv,2026-08-11T11:59:30Z
EVT-FRS-003968,6003968,2002857,245615,3000855,25000,2026-08-03T06:51:24Z,クレジットカード,increment-run-001,workshop-participant,donation_events_001.csv,2026-08-11T11:59:30Z
EVT-FRS-014235,6014235,2011675,012246,3004628,25000,2026-08-03T06:52:48Z,電子決済,increment-run-001,workshop-participant,donation_events_001.csv,2026-08-11T11:59:30Z
EVT-FRS-004592,6004592,2005790,102067,3005749,15000,2026-08-03T06:58:25Z,クレジットカード,increment-run-001,workshop-participant,donation_events_001.csv,2026-08-11T11:59:30Z
EVT-FRS-004364,6004364,2008754,382060,3005110,20000,2026-08-03T06:59:57Z,クレジットカード,increment-run-001,workshop-participant,donation_events_001.csv,2026-08-11T11:59:30Z
EVT-FRS-007931,6007931,2005788,032166,3005888,10000,2026-08-03T07:07:04Z,クレジットカード,increment-run-001,workshop-participant,donation_events_001.csv,2026-08-11T11:59:30Z
EVT-FRS-003559,6003559,2010941,132233,3004413,10000,2026-08-03T07:08:27Z,電子決済,increment-run-001,workshop-participant,donation_events_001.csv,2026-08-11T11:59:30Z
EVT-FRS-011621,6011621,2000799,032093,3004736,12000,2026-08-03T07:15:04Z,クレジットカード,increment-run-001,workshop-participant,donation_events_001.csv,2026-08-11T11:59:30Z
EVT-FRS-007648,6007648,2001853,272132,3003896,15000,2026-08-03T07:15:31Z,クレジットカード,increment-run-001,workshop-participant,donation_events_001.csv,2026-08-11T11:59:30Z
EVT-FRS-003090,6003090,2004082,283827,3002913,10000,2026-08-03T07:16:59Z,クレジットカード,increment-run-001,workshop-participant,donation_events_001.csv,2026-08-11T11:59:30Z
EVT-FRS-012815,6012815,2004182,402184,3001122,10000,2026-08-03T07:18:59Z,クレジットカード,increment-run-001,workshop-participant,donation_events_001.csv,2026-08-11T11:59:30Z
EVT-FRS-004479,6004479,2007546,052124,3004385,5000,2026-08-03T07:21:02Z,クレジットカード,increment-run-001,workshop-participant,donation_events_001.csv,2026-08-11T11:59:30Z
EVT-FRS-013425,6013425,2010076,452025,3004014,12000,2026-08-03T07:24:47Z,電子決済,increment-run-001,workshop-participant,donation_events_001.csv,2026-08-11T11:59:30Z
EVT-FRS-008407,6008407,2004498,452068,3000616,10000,2026-08-03T07:25:45Z,クレジットカード,increment-run-001,workshop-participant,donation_events_001.csv,2026-08-11T11:59:30Z
EVT-FRS-007268,6007268,2000944,452050,3002298,25000,2026-08-03T07:26:32Z,電子決済,increment-run-001,workshop-participant,donation_events_001.csv,2026-08-11T11:59:30Z
EVT-FRS-006528,6006528,2004882,132110,3004621,12000,2026-08-03T07:26:45Z,クレジットカード,increment-run-001,workshop-participant,donation_events_001.csv,2026-08-11T11:59:30Z
EVT-FRS-011381,6011381,2000364,203491,3004611,12000,2026-08-03T07:30:00Z,クレジットカード,increment-run-001,workshop-participant,donation_events_001.csv,2026-08-11T11:59:30Z
EVT-FRS-008266,6008266,2008858,406252,3001137,25000,2026-08-03T07:38:40Z,電子決済,increment-run-001,workshop-participant,donation_events_001.csv,2026-08-11T11:59:30Z
EVT-FRS-001761,6001761,2011161,132110,3000206,10000,2026-08-03T07:42:39Z,クレジットカード,increment-run-001,workshop-participant,donation_events_001.csv,2026-08-11T11:59:30Z
EVT-FRS-003798,6003798,2001382,242144,3002007,10000,2026-08-03T07:47:25Z,クレジットカード,increment-run-001,workshop-participant,donation_events_001.csv,2026-08-11T11:59:30Z
EVT-FRS-011700,6011700,2003917,032034,3003582,20000,2026-08-03T07:51:40Z,電子決済,increment-run-001,workshop-participant,donation_events_001.csv,2026-08-11T11:59:30Z
EVT-FRS-004725,6004725,2008984,462080,3005836,10000,2026-08-03T07:53:07Z,コンビニ決済,increment-run-001,workshop-participant,donation_events_001.csv,2026-08-11T11:59:30Z
EVT-FRS-010602,6010602,2008784,462101,3005890,20000,2026-08-03T07:53:38Z,クレジットカード,increment-run-001,workshop-participant,donation_events_001.csv,2026-08-11T11:59:30Z
EVT-FRS-009118,6009118,2011268,452025,3002265,12000,2026-08-03T08:04:48Z,クレジットカード,increment-run-001,workshop-participant,donation_events_001.csv,2026-08-11T11:59:30Z
EVT-FRS-003503,6003503,2000589,012190,3003992,10000,2026-08-03T08:12:04Z,クレジットカード,increment-run-001,workshop-participant,donation_events_001.csv,2026-08-11T11:59:30Z
EVT-FRS-004655,6004655,2002274,272183,3002258,5000,2026-08-03T08:12:55Z,クレジットカード,increment-run-001,workshop-participant,donation_events_001.csv,2026-08-11T11:59:30Z
EVT-FRS-013628,6013628,2001518,152269,3005215,10000,2026-08-03T08:16:37Z,銀行振込,increment-run-001,workshop-participant,donation_events_001.csv,2026-08-11T11:59:30Z
EVT-FRS-012147,6012147,2001109,182010,3001040,15000,2026-08-03T08:18:08Z,銀行振込,increment-run-001,workshop-participant,donation_events_001.csv,2026-08-11T11:59:30Z
EVT-FRS-000595,6000595,2002190,262111,3004615,20000,2026-08-03T08:24:18Z,クレジットカード,increment-run-001,workshop-participant,donation_events_001.csv,2026-08-11T11:59:30Z
EVT-FRS-001184,6001184,2002226,302066,3003482,20000,2026-08-03T08:25:38Z,電子決済,increment-run-001,workshop-participant,donation_events_001.csv,2026-08-11T11:59:30Z
EVT-FRS-004538,6004538,2011994,032166,3005888,5000,2026-08-03T08:26:01Z,クレジットカード,increment-run-001,workshop-participant,donation_events_001.csv,2026-08-11T11:59:30Z
EVT-FRS-012559,6012559,2001795,172120,3000647,20000,2026-08-03T08:28:09Z,クレジットカード,increment-run-001,workshop-participant,donation_events_001.csv,2026-08-11T11:59:30Z
EVT-FRS-006643,6006643,2007575,442071,3000202,15000,2026-08-03T08:30:59Z,クレジットカード,increment-run-001,workshop-participant,donation_events_001.csv,2026-08-11T11:59:30Z
EVT-FRS-005309,6005309,2009175,162078,3003789,5000,2026-08-03T08:34:21Z,クレジットカード,increment-run-001,workshop-participant,donation_events_001.csv,2026-08-11T11:59:30Z
EVT-FRS-003689,6003689,2006884,041009,3001599,20000,2026-08-03T08:37:22Z,クレジットカード,increment-run-001,workshop-participant,donation_events_001.csv,2026-08-11T11:59:30Z
EVT-FRS-008494,6008494,2003606,362042,3002190,10000,2026-08-03T08:42:44Z,クレジットカード,increment-run-001,workshop-participant,donation_events_001.csv,2026-08-11T11:59:30Z
EVT-FRS-005073,6005073,2007610,122271,3000915,15000,2026-08-03T08:43:06Z,電子決済,increment-run-001,workshop-participant,donation_events_001.csv,2026-08-11T11:59:30Z
EVT-FRS-008591,6008591,2000831,422029,3004588,15000,2026-08-03T08:47:38Z,電子決済,increment-run-001,workshop-participant,donation_events_001.csv,2026-08-11T11:59:30Z
EVT-FRS-002609,6002609,2010450,464686,3003694,25000,2026-08-03T08:56:07Z,クレジットカード,increment-run-001,workshop-participant,donation_events_001.csv,2026-08-11T11:59:30Z
EVT-FRS-005192,6005192,2007884,452092,3000338,10000,2026-08-03T08:59:39Z,クレジットカード,increment-run-001,workshop-participant,donation_events_001.csv,2026-08-11T11:59:30Z
EVT-FRS-003479,6003479,2008219,152064,3001648,10000,2026-08-03T09:02:00Z,銀行振込,increment-run-001,workshop-participant,donation_events_001.csv,2026-08-11T11:59:30Z
EVT-FRS-000183,6000183,2004369,302066,3001128,12000,2026-08-03T09:02:20Z,電子決済,increment-run-001,workshop-participant,donation_events_001.csv,2026-08-11T11:59:30Z
EVT-FRS-001474,6001474,2009807,132039,3000120,20000,2026-08-03T09:03:18Z,コンビニ決済,increment-run-001,workshop-participant,donation_events_001.csv,2026-08-11T11:59:30Z
EVT-FRS-006283,6006283,2005723,024121,3003095,12000,2026-08-03T09:04:16Z,クレジットカード,increment-run-001,workshop-participant,donation_events_001.csv,2026-08-11T11:59:30Z
EVT-FRS-014297,6014297,2010843,382108,3003125,10000,2026-08-03T09:04:47Z,クレジットカード,increment-run-001,workshop-participant,donation_events_001.csv,2026-08-11T11:59:30Z
EVT-FRS-001423,6001423,2009425,452025,3002268,15000,2026-08-03T09:10:54Z,銀行振込,increment-run-001,workshop-participant,donation_events_001.csv,2026-08-11T11:59:30Z
EVT-FRS-003061,6003061,2002534,232050,3004419,10000,2026-08-03T09:12:07Z,クレジットカード,increment-run-001,workshop-participant,donation_events_001.csv,2026-08-11T11:59:30Z
EVT-FRS-011869,6011869,2004703,162060,3004561,12000,2026-08-03T09:13:07Z,クレジットカード,increment-run-001,workshop-participant,donation_events_001.csv,2026-08-11T11:59:30Z
EVT-FRS-008042,6008042,2008083,192074,3002416,10000,2026-08-03T09:14:29Z,銀行振込,increment-run-001,workshop-participant,donation_events_001.csv,2026-08-11T11:59:30Z
EVT-FRS-006127,6006127,2007180,131083,3004712,10000,2026-08-03T09:17:41Z,電子決済,increment-run-001,workshop-participant,donation_events_001.csv,2026-08-11T11:59:30Z
EVT-FRS-004368,6004368,2007494,322075,3003078,15000,2026-08-03T09:20:00Z,クレジットカード,increment-run-001,workshop-participant,donation_events_001.csv,2026-08-11T11:59:30Z
EVT-FRS-003509,6003509,2004858,092053,3002518,20000,2026-08-03T09:21:16Z,クレジットカード,increment-run-001,workshop-participant,donation_events_001.csv,2026-08-11T11:59:30Z
EVT-FRS-012000,6012000,2001832,442089,3001449,40000,2026-08-03T09:26:57Z,銀行振込,increment-run-001,workshop-participant,donation_events_001.csv,2026-08-11T11:59:30Z
EVT-FRS-004302,6004302,2010178,432024,3002545,20000,2026-08-03T09:28:48Z,クレジットカード,increment-run-001,workshop-participant,donation_events_001.csv,2026-08-11T11:59:30Z
EVT-FRS-010080,6010080,2005041,212121,3002693,15000,2026-08-03T09:29:27Z,クレジットカード,increment-run-001,workshop-participant,donation_events_001.csv,2026-08-11T11:59:30Z
EVT-FRS-004486,6004486,2009877,192091,3001868,12000,2026-08-03T09:31:42Z,コンビニ決済,increment-run-001,workshop-participant,donation_events_001.csv,2026-08-11T11:59:30Z
EVT-FRS-011847,6011847,2003334,432113,3001974,25000,2026-08-03T09:32:11Z,電子決済,increment-run-001,workshop-participant,donation_events_001.csv,2026-08-11T11:59:30Z
EVT-FRS-005261,6005261,2009344,422142,3005051,12000,2026-08-03T09:34:32Z,銀行振込,increment-run-001,workshop-participant,donation_events_001.csv,2026-08-11T11:59:30Z
EVT-FRS-011348,6011348,2000375,232386,3002592,10000,2026-08-03T09:38:30Z,電子決済,increment-run-001,workshop-participant,donation_events_001.csv,2026-08-11T11:59:30Z
EVT-FRS-001830,6001830,2001421,132276,3002538,20000,2026-08-03T09:40:13Z,クレジットカード,increment-run-001,workshop-participant,donation_events_001.csv,2026-08-11T11:59:30Z
EVT-FRS-008836,6008836,2009642,112020,3004330,12000,2026-08-03T09:42:35Z,クレジットカード,increment-run-001,workshop-participant,donation_events_001.csv,2026-08-11T11:59:30Z
EVT-FRS-003403,6003403,2001442,124109,3004024,8000,2026-08-03T09:46:08Z,クレジットカード,increment-run-001,workshop-participant,donation_events_001.csv,2026-08-11T11:59:30Z
EVT-FRS-004919,6004919,2008352,012190,3001672,15000,2026-08-03T09:47:40Z,クレジットカード,increment-run-001,workshop-participant,donation_events_001.csv,2026-08-11T11:59:30Z
EVT-FRS-004800,6004800,2003909,032026,3001042,20000,2026-08-03T09:49:20Z,コンビニ決済,increment-run-001,workshop-participant,donation_events_001.csv,2026-08-11T11:59:30Z
EVT-FRS-002697,6002697,2002660,222089,3001999,25000,2026-08-03T09:54:25Z,電子決済,increment-run-001,workshop-participant,donation_events_001.csv,2026-08-11T11:59:30Z
EVT-FRS-010549,6010549,2008788,282103,3000595,10000,2026-08-03T09:57:34Z,クレジットカード,increment-run-001,workshop-participant,donation_events_001.csv,2026-08-11T11:59:30Z
EVT-FRS-006703,6006703,2011638,032140,3001928,10000,2026-08-03T10:05:31Z,クレジットカード,increment-run-001,workshop-participant,donation_events_001.csv,2026-08-11T11:59:30Z
EVT-FRS-003581,6003581,2007043,012190,3004508,12000,2026-08-03T10:06:33Z,コンビニ決済,increment-run-001,workshop-participant,donation_events_001.csv,2026-08-11T11:59:30Z
EVT-FRS-005568,6005568,2009208,213616,3001950,15000,2026-08-03T10:08:15Z,クレジットカード,increment-run-001,workshop-participant,donation_events_001.csv,2026-08-11T11:59:30Z
EVT-FRS-002257,6002257,2011670,462225,3004840,15000,2026-08-03T10:09:22Z,クレジットカード,increment-run-001,workshop-participant,donation_events_001.csv,2026-08-11T11:59:30Z
EVT-FRS-011213,6011213,2010050,242071,3004363,5000,2026-08-03T10:10:57Z,クレジットカード,increment-run-001,workshop-participant,donation_events_001.csv,2026-08-11T11:59:30Z
EVT-FRS-012080,6012080,2000766,262102,3000012,15000,2026-08-03T10:13:40Z,電子決済,increment-run-001,workshop-participant,donation_events_001.csv,2026-08-11T11:59:30Z
EVT-FRS-003781,6003781,2011818,072087,3002041,8000,2026-08-03T10:14:23Z,クレジットカード,increment-run-001,workshop-participant,donation_events_001.csv,2026-08-11T11:59:30Z
EVT-FRS-014779,6014779,2005840,082287,3005939,20000,2026-08-03T10:15:57Z,電子決済,increment-run-001,workshop-participant,donation_events_001.csv,2026-08-11T11:59:30Z
EVT-FRS-002763,6002763,2002484,202029,3002076,20000,2026-08-03T10:19:11Z,クレジットカード,increment-run-001,workshop-participant,donation_events_001.csv,2026-08-11T11:59:30Z
EVT-FRS-007597,6007597,2008212,452076,3000829,20000,2026-08-03T10:20:05Z,クレジットカード,increment-run-001,workshop-participant,donation_events_001.csv,2026-08-11T11:59:30Z
EVT-FRS-014151,6014151,2000765,332101,3005363,50000,2026-08-03T10:23:22Z,電子決済,increment-run-001,workshop-participant,donation_events_001.csv,2026-08-11T11:59:30Z
EVT-FRS-007214,6007214,2001432,232335,3002428,20000,2026-08-03T10:25:54Z,クレジットカード,increment-run-001,workshop-participant,donation_events_001.csv,2026-08-11T11:59:30Z
EVT-FRS-008310,6008310,2000021,452025,3002265,10000,2026-08-03T10:31:59Z,銀行振込,increment-run-001,workshop-participant,donation_events_001.csv,2026-08-11T11:59:30Z
EVT-FRS-004969,6004969,2009671,281000,3003308,10000,2026-08-03T10:32:26Z,クレジットカード,increment-run-001,workshop-participant,donation_events_001.csv,2026-08-11T11:59:30Z
EVT-FRS-006711,6006711,2009082,402192,3001775,20000,2026-08-03T10:34:43Z,電子決済,increment-run-001,workshop-participant,donation_events_001.csv,2026-08-11T11:59:30Z
EVT-FRS-000830,6000830,2001898,132187,3005133,15000,2026-08-03T10:45:50Z,クレジットカード,increment-run-001,workshop-participant,donation_events_001.csv,2026-08-11T11:59:30Z
EVT-FRS-012701,6012701,2003357,302040,3003168,15000,2026-08-03T10:47:30Z,クレジットカード,increment-run-001,workshop-participant,donation_events_001.csv,2026-08-11T11:59:30Z
EVT-FRS-001534,6001534,2006046,212032,3001915,5000,2026-08-03T10:50:53Z,電子決済,increment-run-001,workshop-participant,donation_events_001.csv,2026-08-11T11:59:30Z
EVT-FRS-006924,6006924,2002780,432032,3005336,5000,2026-08-03T10:57:16Z,銀行振込,increment-run-001,workshop-participant,donation_events_001.csv,2026-08-11T11:59:30Z
EVT-FRS-012223,6012223,2008502,342131,3003750,25000,2026-08-03T10:58:35Z,銀行振込,increment-run-001,workshop-participant,donation_events_001.csv,2026-08-11T11:59:30Z
EVT-FRS-002345,6002345,2008394,044229,3004068,10000,2026-08-03T10:59:04Z,クレジットカード,increment-run-001,workshop-participant,donation_events_001.csv,2026-08-11T11:59:30Z
EVT-FRS-000159,6000159,2003918,232335,3005639,10000,2026-08-03T11:01:56Z,クレジットカード,increment-run-001,workshop-participant,donation_events_001.csv,2026-08-11T11:59:30Z
EVT-FRS-007001,6007001,2011370,232084,3000048,10000,2026-08-03T11:06:53Z,クレジットカード,increment-run-001,workshop-participant,donation_events_001.csv,2026-08-11T11:59:30Z
EVT-FRS-012149,6012149,2006679,402117,3002329,10000,2026-08-03T11:08:38Z,クレジットカード,increment-run-001,workshop-participant,donation_events_001.csv,2026-08-11T11:59:30Z
EVT-FRS-014111,6014111,2007511,432113,3004263,10000,2026-08-03T11:13:55Z,銀行振込,increment-run-001,workshop-participant,donation_events_001.csv,2026-08-11T11:59:30Z
EVT-FRS-002800,6002800,2010396,352063,3005276,15000,2026-08-03T11:14:03Z,電子決済,increment-run-001,workshop-participant,donation_events_001.csv,2026-08-11T11:59:30Z
EVT-FRS-000742,6000742,2011705,452025,3005848,10000,2026-08-03T11:16:35Z,クレジットカード,increment-run-001,workshop-participant,donation_events_001.csv,2026-08-11T11:59:30Z
EVT-FRS-007732,6007732,2003853,462080,3005836,10000,2026-08-03T11:18:09Z,クレジットカード,increment-run-001,workshop-participant,donation_events_001.csv,2026-08-11T11:59:30Z
EVT-FRS-008593,6008593,2006775,122335,3005410,10000,2026-08-03T11:18:53Z,クレジットカード,increment-run-001,workshop-participant,donation_events_001.csv,2026-08-11T11:59:30Z
EVT-FRS-012188,6012188,2010855,242055,3000872,12000,2026-08-03T11:21:14Z,銀行振込,increment-run-001,workshop-participant,donation_events_001.csv,2026-08-11T11:59:30Z
EVT-FRS-006338,6006338,2002937,452025,3003952,30000,2026-08-03T11:22:37Z,電子決済,increment-run-001,workshop-participant,donation_events_001.csv,2026-08-11T11:59:30Z
EVT-FRS-002463,6002463,2006244,052027,3001852,15000,2026-08-03T11:29:52Z,クレジットカード,increment-run-001,workshop-participant,donation_events_001.csv,2026-08-11T11:59:30Z
EVT-FRS-006233,6006233,2006527,472140,3001328,15000,2026-08-03T11:32:17Z,クレジットカード,increment-run-001,workshop-participant,donation_events_001.csv,2026-08-11T11:59:30Z
EVT-FRS-014483,6014483,2009658,473812,3004197,12000,2026-08-03T11:35:49Z,銀行振込,increment-run-001,workshop-participant,donation_events_001.csv,2026-08-11T11:59:30Z
EVT-FRS-012842,6012842,2000122,352101,3000600,10000,2026-08-03T11:37:47Z,クレジットカード,increment-run-001,workshop-participant,donation_events_001.csv,2026-08-11T11:59:30Z
EVT-FRS-004822,6004822,2011501,262081,3003603,10000,2026-08-03T11:43:23Z,銀行振込,increment-run-001,workshop-participant,donation_events_001.csv,2026-08-11T11:59:30Z
EVT-FRS-003686,6003686,2003213,272175,3005968,70000,2026-08-03T11:45:16Z,クレジットカード,increment-run-001,workshop-participant,donation_events_001.csv,2026-08-11T11:59:30Z
EVT-FRS-008729,6008729,2000310,402117,3003398,20000,2026-08-03T11:49:25Z,クレジットカード,increment-run-001,workshop-participant,donation_events_001.csv,2026-08-11T11:59:30Z
EVT-FRS-008797,6008797,2004977,173657,3003284,15000,2026-08-03T12:02:45Z,クレジットカード,increment-run-001,workshop-participant,donation_events_001.csv,2026-08-11T11:59:30Z
EVT-FRS-007258,6007258,2003761,272281,3004859,50000,2026-08-03T12:04:15Z,銀行振込,increment-run-001,workshop-participant,donation_events_001.csv,2026-08-11T11:59:30Z
EVT-FRS-013095,6013095,2007506,152056,3004179,15000,2026-08-03T12:07:35Z,クレジットカード,increment-run-001,workshop-participant,donation_events_001.csv,2026-08-11T11:59:30Z
EVT-FRS-006197,6006197,2007257,042021,3001467,15000,2026-08-03T12:08:08Z,クレジットカード,increment-run-001,workshop-participant,donation_events_001.csv,2026-08-11T11:59:30Z
EVT-FRS-012832,6012832,2004400,442089,3001371,10000,2026-08-03T12:08:14Z,クレジットカード,increment-run-001,workshop-participant,donation_events_001.csv,2026-08-11T11:59:30Z
EVT-FRS-002174,6002174,2005165,422142,3003126,10000,2026-08-03T12:14:15Z,電子決済,increment-run-001,workshop-participant,donation_events_001.csv,2026-08-11T11:59:30Z
EVT-FRS-006943,6006943,2004550,102067,3005558,20000,2026-08-03T12:18:53Z,電子決済,increment-run-001,workshop-participant,donation_events_001.csv,2026-08-11T11:59:30Z
EVT-FRS-013118,6013118,2002473,402061,3005581,30000,2026-08-03T12:20:02Z,クレジットカード,increment-run-001,workshop-participant,donation_events_001.csv,2026-08-11T11:59:30Z
EVT-FRS-002080,6002080,2006531,012190,3001672,10000,2026-08-03T12:21:45Z,電子決済,increment-run-001,workshop-participant,donation_events_001.csv,2026-08-11T11:59:30Z
EVT-FRS-006764,6006764,2001581,242110,3002302,15000,2026-08-03T12:22:52Z,電子決済,increment-run-001,workshop-participant,donation_events_001.csv,2026-08-11T11:59:30Z
EVT-FRS-003086,6003086,2003849,272299,3004573,20000,2026-08-03T12:25:55Z,クレジットカード,increment-run-001,workshop-participant,donation_events_001.csv,2026-08-11T11:59:30Z
EVT-FRS-014255,6014255,2006746,372013,3005184,12000,2026-08-03T12:27:44Z,銀行振込,increment-run-001,workshop-participant,donation_events_001.csv,2026-08-11T11:59:30Z
EVT-FRS-002669,6002669,2010048,432067,3000056,20000,2026-08-03T12:32:05Z,クレジットカード,increment-run-001,workshop-participant,donation_events_001.csv,2026-08-11T11:59:30Z
EVT-FRS-012861,6012861,2003682,102059,3001521,20000,2026-08-03T12:34:10Z,クレジットカード,increment-run-001,workshop-participant,donation_events_001.csv,2026-08-11T11:59:30Z
EVT-FRS-013424,6013424,2002073,402281,3003076,30000,2026-08-03T12:39:55Z,クレジットカード,increment-run-001,workshop-participant,donation_events_001.csv,2026-08-11T11:59:30Z
EVT-FRS-013847,6013847,2011552,402281,3003076,20000,2026-08-03T12:44:19Z,クレジットカード,increment-run-001,workshop-participant,donation_events_001.csv,2026-08-11T11:59:30Z
EVT-FRS-003861,6003861,2000232,111007,3002165,30000,2026-08-03T12:48:41Z,電子決済,increment-run-001,workshop-participant,donation_events_001.csv,2026-08-11T11:59:30Z
EVT-FRS-010865,6010865,2003885,464686,3002859,10000,2026-08-03T12:51:12Z,電子決済,increment-run-001,workshop-participant,donation_events_001.csv,2026-08-11T11:59:30Z
EVT-FRS-012150,6012150,2010346,022098,3001363,20000,2026-08-03T12:58:57Z,クレジットカード,increment-run-001,workshop-participant,donation_events_001.csv,2026-08-11T11:59:30Z
EVT-FRS-013905,6013905,2010665,392103,3001991,25000,2026-08-03T13:02:14Z,クレジットカード,increment-run-001,workshop-participant,donation_events_001.csv,2026-08-11T11:59:30Z
EVT-FRS-010179,6010179,2002078,222119,3001441,15000,2026-08-03T13:06:05Z,クレジットカード,increment-run-001,workshop-participant,donation_events_001.csv,2026-08-11T11:59:30Z
EVT-FRS-012623,6012623,2002441,273414,3001638,12000,2026-08-03T13:06:56Z,銀行振込,increment-run-001,workshop-participant,donation_events_001.csv,2026-08-11T11:59:30Z
EVT-FRS-001176,6001176,2005261,412023,3004952,10000,2026-08-03T13:11:41Z,クレジットカード,increment-run-001,workshop-participant,donation_events_001.csv,2026-08-11T11:59:30Z
EVT-FRS-009159,6009159,2010804,034851,3004062,5000,2026-08-03T13:12:12Z,クレジットカード,increment-run-001,workshop-participant,donation_events_001.csv,2026-08-11T11:59:30Z
EVT-FRS-012216,6012216,2006524,352128,3003774,20000,2026-08-03T13:28:55Z,電子決済,increment-run-001,workshop-participant,donation_events_001.csv,2026-08-11T11:59:30Z
EVT-FRS-005140,6005140,2000763,282189,3003916,10000,2026-08-03T13:34:24Z,クレジットカード,increment-run-001,workshop-participant,donation_events_001.csv,2026-08-11T11:59:30Z
EVT-FRS-010129,6010129,2000623,012050,3004745,20000,2026-08-03T13:36:36Z,クレジットカード,increment-run-001,workshop-participant,donation_events_001.csv,2026-08-11T11:59:30Z
EVT-FRS-006386,6006386,2008407,273228,3001254,20000,2026-08-03T13:41:18Z,電子決済,increment-run-001,workshop-participant,donation_events_001.csv,2026-08-11T11:59:30Z
EVT-FRS-005995,6005995,2009406,432113,3001974,5000,2026-08-03T13:48:07Z,クレジットカード,increment-run-001,workshop-participant,donation_events_001.csv,2026-08-11T11:59:30Z
EVT-FRS-000864,6000864,2001500,112283,3003987,20000,2026-08-03T13:49:40Z,電子決済,increment-run-001,workshop-participant,donation_events_001.csv,2026-08-11T11:59:30Z
EVT-FRS-006929,6006929,2006195,222097,3000065,15000,2026-08-03T13:54:07Z,クレジットカード,increment-run-001,workshop-participant,donation_events_001.csv,2026-08-11T11:59:30Z
EVT-FRS-004574,6004574,2003370,062090,3002120,15000,2026-08-03T13:55:12Z,銀行振込,increment-run-001,workshop-participant,donation_events_001.csv,2026-08-11T11:59:30Z
EVT-FRS-002900,6002900,2001931,342157,3003725,12000,2026-08-03T13:57:27Z,クレジットカード,increment-run-001,workshop-participant,donation_events_001.csv,2026-08-11T11:59:30Z
EVT-FRS-002173,6002173,2000458,012360,3003301,8000,2026-08-03T13:57:38Z,クレジットカード,increment-run-001,workshop-participant,donation_events_001.csv,2026-08-11T11:59:30Z
EVT-FRS-007439,6007439,2011589,242144,3001719,50000,2026-08-03T13:58:23Z,コンビニ決済,increment-run-001,workshop-participant,donation_events_001.csv,2026-08-11T11:59:30Z
EVT-FRS-002301,6002301,2010196,402257,3000699,15000,2026-08-03T14:02:37Z,銀行振込,increment-run-001,workshop-participant,donation_events_001.csv,2026-08-11T11:59:30Z
EVT-FRS-000512,6000512,2010524,012181,3002830,10000,2026-08-03T14:03:37Z,クレジットカード,increment-run-001,workshop-participant,donation_events_001.csv,2026-08-11T11:59:30Z
EVT-FRS-009815,6009815,2005292,394246,3004706,5000,2026-08-03T14:08:32Z,クレジットカード,increment-run-001,workshop-participant,donation_events_001.csv,2026-08-11T11:59:30Z
EVT-FRS-010669,6010669,2003336,082350,3000213,10000,2026-08-03T14:09:17Z,クレジットカード,increment-run-001,workshop-participant,donation_events_001.csv,2026-08-11T11:59:30Z
EVT-FRS-013535,6013535,2005079,112089,3004541,15000,2026-08-03T14:13:53Z,電子決済,increment-run-001,workshop-participant,donation_events_001.csv,2026-08-11T11:59:30Z
EVT-FRS-008987,6008987,2003508,402214,3003809,15000,2026-08-03T14:14:40Z,クレジットカード,increment-run-001,workshop-participant,donation_events_001.csv,2026-08-11T11:59:30Z
EVT-FRS-006210,6006210,2009704,042072,3002128,10000,2026-08-03T14:14:45Z,コンビニ決済,increment-run-001,workshop-participant,donation_events_001.csv,2026-08-11T11:59:30Z
EVT-FRS-004137,6004137,2008175,412015,3000978,8000,2026-08-03T14:18:07Z,電子決済,increment-run-001,workshop-participant,donation_events_001.csv,2026-08-11T11:59:30Z
EVT-FRS-009912,6009912,2000870,232297,3003703,15000,2026-08-03T14:19:11Z,クレジットカード,increment-run-001,workshop-participant,donation_events_001.csv,2026-08-11T11:59:30Z
EVT-FRS-010101,6010101,2005401,063657,3001034,15000,2026-08-03T14:33:05Z,クレジットカード,increment-run-001,workshop-participant,donation_events_001.csv,2026-08-11T11:59:30Z
EVT-FRS-007253,6007253,2011363,434248,3005302,20000,2026-08-03T14:36:43Z,クレジットカード,increment-run-001,workshop-participant,donation_events_001.csv,2026-08-11T11:59:30Z
EVT-FRS-004570,6004570,2001138,272132,3000119,10000,2026-08-03T14:38:02Z,クレジットカード,increment-run-001,workshop-participant,donation_events_001.csv,2026-08-11T11:59:30Z
EVT-FRS-002514,6002514,2007343,272167,3003384,15000,2026-08-03T14:38:46Z,クレジットカード,increment-run-001,workshop-participant,donation_events_001.csv,2026-08-11T11:59:30Z
EVT-FRS-009211,6009211,2001821,402192,3002455,20000,2026-08-03T14:41:32Z,クレジットカード,increment-run-001,workshop-participant,donation_events_001.csv,2026-08-11T11:59:30Z
EVT-FRS-012988,6012988,2005090,232131,3001536,12000,2026-08-03T14:41:54Z,クレジットカード,increment-run-001,workshop-participant,donation_events_001.csv,2026-08-11T11:59:30Z
EVT-FRS-002287,6002287,2007989,352080,3001585,10000,2026-08-03T14:42:25Z,電子決済,increment-run-001,workshop-participant,donation_events_001.csv,2026-08-11T11:59:30Z
EVT-FRS-000200,6000200,2007084,082112,3002739,20000,2026-08-03T14:43:31Z,クレジットカード,increment-run-001,workshop-participant,donation_events_001.csv,2026-08-11T11:59:30Z
EVT-FRS-002508,6002508,2002592,272205,3004772,10000,2026-08-03T14:47:31Z,クレジットカード,increment-run-001,workshop-participant,donation_events_001.csv,2026-08-11T11:59:30Z
EVT-FRS-000167,6000167,2010838,202151,3002074,10000,2026-08-03T14:48:48Z,クレジットカード,increment-run-001,workshop-participant,donation_events_001.csv,2026-08-11T11:59:30Z
EVT-FRS-012260,6012260,2007089,402257,3005411,12000,2026-08-03T14:48:54Z,クレジットカード,increment-run-001,workshop-participant,donation_events_001.csv,2026-08-11T11:59:30Z
EVT-FRS-010400,6010400,2001900,242128,3001434,30000,2026-08-03T14:57:14Z,クレジットカード,increment-run-001,workshop-participant,donation_events_001.csv,2026-08-11T11:59:30Z
EVT-FRS-014324,6014324,2000186,162108,3004238,10000,2026-08-03T14:59:49Z,クレジットカード,increment-run-001,workshop-participant,donation_events_001.csv,2026-08-11T11:59:30Z
EVT-FRS-010405,6010405,2008287,452041,3004484,20000,2026-08-03T15:03:08Z,クレジットカード,increment-run-001,workshop-participant,donation_events_001.csv,2026-08-11T11:59:30Z
EVT-FRS-007946,6007946,2000360,442089,3004154,20000,2026-08-03T15:03:18Z,銀行振込,increment-run-001,workshop-participant,donation_events_001.csv,2026-08-11T11:59:30Z
EVT-FRS-012488,6012488,2001110,232327,3003382,20000,2026-08-03T15:10:42Z,クレジットカード,increment-run-001,workshop-participant,donation_events_001.csv,2026-08-11T11:59:30Z
EVT-FRS-012496,6012496,2007223,142034,3004408,12000,2026-08-03T15:13:12Z,電子決済,increment-run-001,workshop-participant,donation_events_001.csv,2026-08-11T11:59:30Z
EVT-FRS-000896,6000896,2002904,432032,3004207,8000,2026-08-03T15:14:28Z,銀行振込,increment-run-001,workshop-participant,donation_events_001.csv,2026-08-11T11:59:30Z
EVT-FRS-012530,6012530,2002103,402257,3005054,10000,2026-08-03T15:15:05Z,電子決済,increment-run-001,workshop-participant,donation_events_001.csv,2026-08-11T11:59:30Z
EVT-FRS-013307,6013307,2001817,412015,3005653,15000,2026-08-03T15:19:07Z,電子決済,increment-run-001,workshop-participant,donation_events_001.csv,2026-08-11T11:59:30Z
EVT-FRS-001050,6001050,2002464,114081,3004769,10000,2026-08-03T15:21:46Z,クレジットカード,increment-run-001,workshop-participant,donation_events_001.csv,2026-08-11T11:59:30Z
EVT-FRS-012202,6012202,2002102,232017,3000559,15000,2026-08-03T15:22:42Z,コンビニ決済,increment-run-001,workshop-participant,donation_events_001.csv,2026-08-11T11:59:30Z
EVT-FRS-012597,6012597,2010141,012220,3003071,20000,2026-08-03T15:26:06Z,クレジットカード,increment-run-001,workshop-participant,donation_events_001.csv,2026-08-11T11:59:30Z
EVT-FRS-010088,6010088,2003857,272132,3002927,25000,2026-08-03T15:31:05Z,クレジットカード,increment-run-001,workshop-participant,donation_events_001.csv,2026-08-11T11:59:30Z
EVT-FRS-011826,6011826,2005012,452025,3002268,15000,2026-08-03T15:31:10Z,クレジットカード,increment-run-001,workshop-participant,donation_events_001.csv,2026-08-11T11:59:30Z
EVT-FRS-007141,6007141,2000641,342033,3001468,10000,2026-08-03T15:32:03Z,コンビニ決済,increment-run-001,workshop-participant,donation_events_001.csv,2026-08-11T11:59:30Z
EVT-FRS-006325,6006325,2009940,452025,3002265,15000,2026-08-03T15:32:31Z,コンビニ決済,increment-run-001,workshop-participant,donation_events_001.csv,2026-08-11T11:59:30Z
EVT-FRS-013659,6013659,2000417,122165,3004816,10000,2026-08-03T15:35:20Z,コンビニ決済,increment-run-001,workshop-participant,donation_events_001.csv,2026-08-11T11:59:30Z
EVT-FRS-006796,6006796,2006858,142166,3004427,10000,2026-08-03T15:38:10Z,電子決済,increment-run-001,workshop-participant,donation_events_001.csv,2026-08-11T11:59:30Z
EVT-FRS-008546,6008546,2011275,052035,3002746,20000,2026-08-03T15:39:27Z,クレジットカード,increment-run-001,workshop-participant,donation_events_001.csv,2026-08-11T11:59:30Z
EVT-FRS-012584,6012584,2006138,322059,3000456,10000,2026-08-03T15:41:44Z,クレジットカード,increment-run-001,workshop-participant,donation_events_001.csv,2026-08-11T11:59:30Z
EVT-FRS-008613,6008613,2006099,152111,3003757,5000,2026-08-03T15:50:41Z,クレジットカード,increment-run-001,workshop-participant,donation_events_001.csv,2026-08-11T11:59:30Z
EVT-FRS-007813,6007813,2009706,202177,3005680,8000,2026-08-03T15:53:21Z,電子決済,increment-run-001,workshop-participant,donation_events_001.csv,2026-08-11T11:59:30Z
EVT-FRS-012692,6012692,2009798,162094,3001520,5000,2026-08-03T15:55:46Z,銀行振込,increment-run-001,workshop-participant,donation_events_001.csv,2026-08-11T11:59:30Z
EVT-FRS-001844,6001844,2001593,022012,3000608,10000,2026-08-03T15:59:10Z,クレジットカード,increment-run-001,workshop-participant,donation_events_001.csv,2026-08-11T11:59:30Z
EVT-FRS-005327,6005327,2011279,202193,3004537,10000,2026-08-03T16:01:13Z,クレジットカード,increment-run-001,workshop-participant,donation_events_001.csv,2026-08-11T11:59:30Z
EVT-FRS-007902,6007902,2011742,222208,3004389,30000,2026-08-03T16:08:10Z,クレジットカード,increment-run-001,workshop-participant,donation_events_001.csv,2026-08-11T11:59:30Z
EVT-FRS-012588,6012588,2000680,132110,3005874,10000,2026-08-03T16:10:16Z,クレジットカード,increment-run-001,workshop-participant,donation_events_001.csv,2026-08-11T11:59:30Z
EVT-FRS-003064,6003064,2004568,142166,3005784,30000,2026-08-03T16:13:11Z,銀行振込,increment-run-001,workshop-participant,donation_events_001.csv,2026-08-11T11:59:30Z
EVT-FRS-010110,6010110,2000702,222194,3001954,15000,2026-08-03T16:16:27Z,クレジットカード,increment-run-001,workshop-participant,donation_events_001.csv,2026-08-11T11:59:30Z
EVT-FRS-007774,6007774,2006465,042081,3000637,10000,2026-08-03T16:23:02Z,コンビニ決済,increment-run-001,workshop-participant,donation_events_001.csv,2026-08-11T11:59:30Z
EVT-FRS-010992,6010992,2009721,132233,3004413,10000,2026-08-03T16:23:26Z,電子決済,increment-run-001,workshop-participant,donation_events_001.csv,2026-08-11T11:59:30Z
EVT-FRS-012169,6012169,2011058,202053,3005246,12000,2026-08-03T16:26:21Z,クレジットカード,increment-run-001,workshop-participant,donation_events_001.csv,2026-08-11T11:59:30Z
EVT-FRS-005767,6005767,2009508,122165,3004816,25000,2026-08-03T16:29:27Z,クレジットカード,increment-run-001,workshop-participant,donation_events_001.csv,2026-08-11T11:59:30Z
EVT-FRS-000472,6000472,2001550,292095,3002668,10000,2026-08-03T16:31:10Z,電子決済,increment-run-001,workshop-participant,donation_events_001.csv,2026-08-11T11:59:30Z
EVT-FRS-000075,6000075,2002416,212041,3002852,10000,2026-08-03T16:31:21Z,クレジットカード,increment-run-001,workshop-participant,donation_events_001.csv,2026-08-11T11:59:30Z
EVT-FRS-004024,6004024,2007638,322024,3000714,20000,2026-08-03T16:36:50Z,クレジットカード,increment-run-001,workshop-participant,donation_events_001.csv,2026-08-11T11:59:30Z
EVT-FRS-013043,6013043,2007129,082112,3002559,10000,2026-08-03T16:41:39Z,コンビニ決済,increment-run-001,workshop-participant,donation_events_001.csv,2026-08-11T11:59:30Z
EVT-FRS-009604,6009604,2005441,272302,3005515,10000,2026-08-03T16:48:15Z,電子決済,increment-run-001,workshop-participant,donation_events_001.csv,2026-08-11T11:59:30Z
EVT-FRS-007466,6007466,2010522,122050,3002675,25000,2026-08-03T16:49:27Z,コンビニ決済,increment-run-001,workshop-participant,donation_events_001.csv,2026-08-11T11:59:30Z
EVT-FRS-012760,6012760,2008430,082155,3000037,5000,2026-08-03T16:52:22Z,銀行振込,increment-run-001,workshop-participant,donation_events_001.csv,2026-08-11T11:59:30Z
EVT-FRS-013359,6013359,2000781,012220,3001136,20000,2026-08-03T16:52:40Z,電子決済,increment-run-001,workshop-participant,donation_events_001.csv,2026-08-11T11:59:30Z
EVT-FRS-001532,6001532,2008545,072141,3003982,50000,2026-08-03T16:54:06Z,クレジットカード,increment-run-001,workshop-participant,donation_events_001.csv,2026-08-11T11:59:30Z
EVT-FRS-013348,6013348,2005992,472123,3001104,10000,2026-08-03T16:55:32Z,クレジットカード,increment-run-001,workshop-participant,donation_events_001.csv,2026-08-11T11:59:30Z
EVT-FRS-006480,6006480,2003704,012190,3004508,10000,2026-08-03T16:57:37Z,クレジットカード,increment-run-001,workshop-participant,donation_events_001.csv,2026-08-11T11:59:30Z
EVT-FRS-012846,6012846,2011935,452025,3003952,12000,2026-08-03T16:58:39Z,クレジットカード,increment-run-001,workshop-participant,donation_events_001.csv,2026-08-11T11:59:30Z
EVT-FRS-012144,6012144,2004510,112020,3006000,5000,2026-08-03T17:00:12Z,クレジットカード,increment-run-001,workshop-participant,donation_events_001.csv,2026-08-11T11:59:30Z
EVT-FRS-004525,6004525,2006704,473618,3001810,10000,2026-08-03T17:06:26Z,銀行振込,increment-run-001,workshop-participant,donation_events_001.csv,2026-08-11T11:59:30Z
EVT-FRS-012834,6012834,2010303,072010,3000726,10000,2026-08-03T17:11:03Z,電子決済,increment-run-001,workshop-participant,donation_events_001.csv,2026-08-11T11:59:30Z
EVT-FRS-014399,6014399,2002768,312037,3003200,10000,2026-08-03T17:12:23Z,クレジットカード,increment-run-001,workshop-participant,donation_events_001.csv,2026-08-11T11:59:30Z
EVT-FRS-006181,6006181,2009257,432059,3000902,40000,2026-08-03T17:13:12Z,クレジットカード,increment-run-001,workshop-participant,donation_events_001.csv,2026-08-11T11:59:30Z
EVT-FRS-004261,6004261,2000855,232033,3005166,15000,2026-08-03T17:14:33Z,クレジットカード,increment-run-001,workshop-participant,donation_events_001.csv,2026-08-11T11:59:30Z
EVT-FRS-003436,6003436,2001621,182052,3005669,10000,2026-08-03T17:16:14Z,クレジットカード,increment-run-001,workshop-participant,donation_events_001.csv,2026-08-11T11:59:30Z
EVT-FRS-002161,6002161,2010757,032107,3005103,15000,2026-08-03T17:17:06Z,銀行振込,increment-run-001,workshop-participant,donation_events_001.csv,2026-08-11T11:59:30Z
EVT-FRS-007281,6007281,2009063,232033,3000200,20000,2026-08-03T17:21:52Z,クレジットカード,increment-run-001,workshop-participant,donation_events_001.csv,2026-08-11T11:59:30Z
EVT-FRS-002488,6002488,2000658,121002,3001874,10000,2026-08-03T17:24:48Z,クレジットカード,increment-run-001,workshop-participant,donation_events_001.csv,2026-08-11T11:59:30Z
EVT-FRS-013014,6013014,2008704,053635,3005626,15000,2026-08-03T17:34:14Z,クレジットカード,increment-run-001,workshop-participant,donation_events_001.csv,2026-08-11T11:59:30Z
EVT-FRS-011250,6011250,2004873,413453,3004747,10000,2026-08-03T17:40:52Z,クレジットカード,increment-run-001,workshop-participant,donation_events_001.csv,2026-08-11T11:59:30Z
EVT-FRS-011648,6011648,2004815,232254,3001562,20000,2026-08-03T17:41:11Z,銀行振込,increment-run-001,workshop-participant,donation_events_001.csv,2026-08-11T11:59:30Z
EVT-FRS-007151,6007151,2004830,232378,3001880,30000,2026-08-03T17:43:12Z,クレジットカード,increment-run-001,workshop-participant,donation_events_001.csv,2026-08-11T11:59:30Z
EVT-FRS-009530,6009530,2004858,082350,3005326,8000,2026-08-03T17:43:26Z,クレジットカード,increment-run-001,workshop-participant,donation_events_001.csv,2026-08-11T11:59:30Z
EVT-FRS-010731,6010731,2011066,252093,3005214,20000,2026-08-03T17:50:19Z,クレジットカード,increment-run-001,workshop-participant,donation_events_001.csv,2026-08-11T11:59:30Z
EVT-FRS-004995,6004995,2005060,162019,3004070,10000,2026-08-03T17:52:24Z,クレジットカード,increment-run-001,workshop-participant,donation_events_001.csv,2026-08-11T11:59:30Z
EVT-FRS-003050,6003050,2004637,272183,3001677,10000,2026-08-03T17:54:38Z,クレジットカード,increment-run-001,workshop-participant,donation_events_001.csv,2026-08-11T11:59:30Z
EVT-FRS-008538,6008538,2009048,082236,3005105,15000,2026-08-03T17:55:33Z,クレジットカード,increment-run-001,workshop-participant,donation_events_001.csv,2026-08-11T11:59:30Z
EVT-FRS-010753,6010753,2007341,222054,3002220,10000,2026-08-03T17:58:44Z,クレジットカード,increment-run-001,workshop-participant,donation_events_001.csv,2026-08-11T11:59:30Z
EVT-FRS-014694,6014694,2009595,462209,3005074,10000,2026-08-03T17:59:38Z,クレジットカード,increment-run-001,workshop-participant,donation_events_001.csv,2026-08-11T11:59:30Z
EVT-FRS-007107,6007107,2006848,052019,3002495,10000,2026-08-03T18:03:01Z,クレジットカード,increment-run-001,workshop-participant,donation_events_001.csv,2026-08-11T11:59:30Z
EVT-FRS-000152,6000152,2008873,272205,3002743,20000,2026-08-03T18:14:33Z,電子決済,increment-run-001,workshop-participant,donation_events_001.csv,2026-08-11T11:59:30Z
EVT-FRS-011561,6011561,2002080,223417,3000865,10000,2026-08-03T18:18:06Z,コンビニ決済,increment-run-001,workshop-participant,donation_events_001.csv,2026-08-11T11:59:30Z
EVT-FRS-011273,6011273,2009844,302058,3001345,10000,2026-08-03T18:18:50Z,電子決済,increment-run-001,workshop-participant,donation_events_001.csv,2026-08-11T11:59:30Z
EVT-FRS-009155,6009155,2008050,232211,3003507,10000,2026-08-03T18:20:09Z,電子決済,increment-run-001,workshop-participant,donation_events_001.csv,2026-08-11T11:59:30Z
EVT-FRS-004437,6004437,2009703,452025,3002268,20000,2026-08-03T18:20:29Z,電子決済,increment-run-001,workshop-participant,donation_events_001.csv,2026-08-11T11:59:30Z
EVT-FRS-001276,6001276,2009080,022063,3004685,20000,2026-08-03T18:25:59Z,コンビニ決済,increment-run-001,workshop-participant,donation_events_001.csv,2026-08-11T11:59:30Z
EVT-FRS-003792,6003792,2010750,322041,3001510,10000,2026-08-03T18:28:14Z,電子決済,increment-run-001,workshop-participant,donation_events_001.csv,2026-08-11T11:59:30Z
EVT-FRS-004668,6004668,2010759,012301,3005595,15000,2026-08-03T18:30:03Z,コンビニ決済,increment-run-001,workshop-participant,donation_events_001.csv,2026-08-11T11:59:30Z
EVT-FRS-009481,6009481,2000728,073687,3002666,15000,2026-08-03T18:38:20Z,クレジットカード,increment-run-001,workshop-participant,donation_events_001.csv,2026-08-11T11:59:30Z
EVT-FRS-004073,6004073,2011104,322016,3000140,10000,2026-08-03T18:42:56Z,クレジットカード,increment-run-001,workshop-participant,donation_events_001.csv,2026-08-11T11:59:30Z
EVT-FRS-014333,6014333,2003661,452025,3002730,10000,2026-08-03T18:55:08Z,電子決済,increment-run-001,workshop-participant,donation_events_001.csv,2026-08-11T11:59:30Z
EVT-FRS-013873,6013873,2002168,182052,3004934,15000,2026-08-03T18:57:23Z,コンビニ決済,increment-run-001,workshop-participant,donation_events_001.csv,2026-08-11T11:59:30Z
EVT-FRS-007431,6007431,2011008,112461,3001185,10000,2026-08-03T18:58:10Z,クレジットカード,increment-run-001,workshop-participant,donation_events_001.csv,2026-08-11T11:59:30Z
EVT-FRS-004393,6004393,2006897,143669,3003547,5000,2026-08-03T19:00:51Z,クレジットカード,increment-run-001,workshop-participant,donation_events_001.csv,2026-08-11T11:59:30Z
EVT-FRS-006177,6006177,2002863,123293,3000031,100000,2026-08-03T19:05:48Z,クレジットカード,increment-run-001,workshop-participant,donation_events_001.csv,2026-08-11T11:59:30Z
EVT-FRS-002193,6002193,2000679,204030,3002301,40000,2026-08-03T19:06:49Z,銀行振込,increment-run-001,workshop-participant,donation_events_001.csv,2026-08-11T11:59:30Z
EVT-FRS-000268,6000268,2000251,122351,3000742,10000,2026-08-03T19:11:08Z,電子決済,increment-run-001,workshop-participant,donation_events_001.csv,2026-08-11T11:59:30Z
EVT-FRS-009346,6009346,2002766,123498,3002254,30000,2026-08-03T19:12:54Z,クレジットカード,increment-run-001,workshop-participant,donation_events_001.csv,2026-08-11T11:59:30Z
EVT-FRS-000335,6000335,2007497,212164,3000066,15000,2026-08-03T19:13:55Z,電子決済,increment-run-001,workshop-participant,donation_events_001.csv,2026-08-11T11:59:30Z
EVT-FRS-007644,6007644,2011812,233617,3000416,25000,2026-08-03T19:15:51Z,クレジットカード,increment-run-001,workshop-participant,donation_events_001.csv,2026-08-11T11:59:30Z
EVT-FRS-011667,6011667,2001507,032158,3002442,5000,2026-08-03T19:21:34Z,クレジットカード,increment-run-001,workshop-participant,donation_events_001.csv,2026-08-11T11:59:30Z
EVT-FRS-007739,6007739,2005796,013935,3004739,10000,2026-08-03T19:25:55Z,クレジットカード,increment-run-001,workshop-participant,donation_events_001.csv,2026-08-11T11:59:30Z
EVT-FRS-004693,6004693,2000941,281000,3002105,15000,2026-08-03T19:30:52Z,銀行振込,increment-run-001,workshop-participant,donation_events_001.csv,2026-08-11T11:59:30Z
EVT-FRS-000213,6000213,2007202,355020,3005061,12000,2026-08-03T19:31:23Z,クレジットカード,increment-run-001,workshop-participant,donation_events_001.csv,2026-08-11T11:59:30Z
EVT-FRS-002235,6002235,2008212,245623,3004634,5000,2026-08-03T19:31:39Z,電子決済,increment-run-001,workshop-participant,donation_events_001.csv,2026-08-11T11:59:30Z
EVT-FRS-004059,6004059,2006396,232050,3000090,20000,2026-08-03T19:34:23Z,クレジットカード,increment-run-001,workshop-participant,donation_events_001.csv,2026-08-11T11:59:30Z
EVT-FRS-002540,6002540,2002075,122254,3003737,5000,2026-08-03T19:38:24Z,クレジットカード,increment-run-001,workshop-participant,donation_events_001.csv,2026-08-11T11:59:30Z
EVT-FRS-001560,6001560,2008978,132209,3000356,8000,2026-08-03T19:43:33Z,クレジットカード,increment-run-001,workshop-participant,donation_events_001.csv,2026-08-11T11:59:30Z
EVT-FRS-002877,6002877,2000661,102083,3002713,20000,2026-08-03T19:45:10Z,クレジットカード,increment-run-001,workshop-participant,donation_events_001.csv,2026-08-11T11:59:30Z
EVT-FRS-001177,6001177,2006905,272264,3004594,15000,2026-08-03T19:46:51Z,クレジットカード,increment-run-001,workshop-participant,donation_events_001.csv,2026-08-11T11:59:30Z
EVT-FRS-011767,6011767,2005936,464902,3001651,20000,2026-08-03T19:48:02Z,クレジットカード,increment-run-001,workshop-participant,donation_events_001.csv,2026-08-11T11:59:30Z
EVT-FRS-005707,6005707,2006015,452041,3005727,10000,2026-08-03T19:49:13Z,クレジットカード,increment-run-001,workshop-participant,donation_events_001.csv,2026-08-11T11:59:30Z
EVT-FRS-002817,6002817,2007881,382035,3005109,20000,2026-08-03T19:51:15Z,電子決済,increment-run-001,workshop-participant,donation_events_001.csv,2026-08-11T11:59:30Z
EVT-FRS-003564,6003564,2008223,473481,3004815,10000,2026-08-03T19:52:21Z,クレジットカード,increment-run-001,workshop-participant,donation_events_001.csv,2026-08-11T11:59:30Z
EVT-FRS-010903,6010903,2000511,332119,3002246,10000,2026-08-03T19:53:00Z,クレジットカード,increment-run-001,workshop-participant,donation_events_001.csv,2026-08-11T11:59:30Z
EVT-FRS-012807,6012807,2000035,464686,3003500,25000,2026-08-03T19:54:02Z,電子決済,increment-run-001,workshop-participant,donation_events_001.csv,2026-08-11T11:59:30Z
EVT-FRS-006051,6006051,2007505,012190,3001672,10000,2026-08-03T19:55:55Z,クレジットカード,increment-run-001,workshop-participant,donation_events_001.csv,2026-08-11T11:59:30Z
EVT-FRS-005883,6005883,2003811,302015,3002498,5000,2026-08-03T19:56:40Z,電子決済,increment-run-001,workshop-participant,donation_events_001.csv,2026-08-11T11:59:30Z
EVT-FRS-006637,6006637,2000446,092011,3001752,15000,2026-08-03T19:56:49Z,電子決済,increment-run-001,workshop-participant,donation_events_001.csv,2026-08-11T11:59:30Z
EVT-FRS-006499,6006499,2010397,222216,3001446,10000,2026-08-03T19:59:21Z,電子決済,increment-run-001,workshop-participant,donation_events_001.csv,2026-08-11T11:59:30Z
EVT-FRS-005713,6005713,2000829,092142,3005862,10000,2026-08-03T19:59:44Z,クレジットカード,increment-run-001,workshop-participant,donation_events_001.csv,2026-08-11T11:59:30Z
EVT-FRS-011216,6011216,2004739,022071,3001533,10000,2026-08-03T20:00:19Z,銀行振込,increment-run-001,workshop-participant,donation_events_001.csv,2026-08-11T11:59:30Z
EVT-FRS-006122,6006122,2003110,162019,3004070,5000,2026-08-03T20:00:57Z,クレジットカード,increment-run-001,workshop-participant,donation_events_001.csv,2026-08-11T11:59:30Z
EVT-FRS-013053,6013053,2005768,232025,3002564,15000,2026-08-03T20:02:40Z,クレジットカード,increment-run-001,workshop-participant,donation_events_001.csv,2026-08-11T11:59:30Z
EVT-FRS-009209,6009209,2002263,112321,3005703,10000,2026-08-03T20:14:06Z,電子決済,increment-run-001,workshop-participant,donation_events_001.csv,2026-08-11T11:59:30Z
EVT-FRS-009352,6009352,2011594,082368,3003366,20000,2026-08-03T20:17:27Z,クレジットカード,increment-run-001,workshop-participant,donation_events_001.csv,2026-08-11T11:59:30Z
EVT-FRS-004080,6004080,2000352,212130,3001404,30000,2026-08-03T20:20:31Z,クレジットカード,increment-run-001,workshop-participant,donation_events_001.csv,2026-08-11T11:59:30Z
EVT-FRS-009150,6009150,2011689,062120,3001865,10000,2026-08-03T20:23:00Z,電子決済,increment-run-001,workshop-participant,donation_events_001.csv,2026-08-11T11:59:30Z
EVT-FRS-014109,6014109,2009394,432105,3000585,5000,2026-08-03T20:23:33Z,クレジットカード,increment-run-001,workshop-participant,donation_events_001.csv,2026-08-11T11:59:30Z
EVT-FRS-002964,6002964,2008335,435058,3003361,10000,2026-08-03T20:24:01Z,電子決済,increment-run-001,workshop-participant,donation_events_001.csv,2026-08-11T11:59:30Z
EVT-FRS-004541,6004541,2008952,122165,3000339,15000,2026-08-03T20:24:22Z,クレジットカード,increment-run-001,workshop-participant,donation_events_001.csv,2026-08-11T11:59:30Z
EVT-FRS-004050,6004050,2011193,222071,3005867,10000,2026-08-03T20:25:43Z,銀行振込,increment-run-001,workshop-participant,donation_events_001.csv,2026-08-11T11:59:30Z
EVT-FRS-009293,6009293,2006800,102059,3005274,10000,2026-08-03T20:27:57Z,クレジットカード,increment-run-001,workshop-participant,donation_events_001.csv,2026-08-11T11:59:30Z
EVT-FRS-010477,6010477,2009171,342157,3003725,15000,2026-08-03T20:29:27Z,電子決済,increment-run-001,workshop-participant,donation_events_001.csv,2026-08-11T11:59:30Z
EVT-FRS-010537,6010537,2011730,232122,3000408,15000,2026-08-03T20:30:50Z,銀行振込,increment-run-001,workshop-participant,donation_events_001.csv,2026-08-11T11:59:30Z
EVT-FRS-010940,6010940,2008979,244619,3002884,15000,2026-08-03T20:32:39Z,電子決済,increment-run-001,workshop-participant,donation_events_001.csv,2026-08-11T11:59:30Z
EVT-FRS-006956,6006956,2010844,393860,3000105,12000,2026-08-03T20:34:59Z,電子決済,increment-run-001,workshop-participant,donation_events_001.csv,2026-08-11T11:59:30Z
EVT-FRS-000319,6000319,2008476,012173,3004165,20000,2026-08-03T20:38:21Z,コンビニ決済,increment-run-001,workshop-participant,donation_events_001.csv,2026-08-11T11:59:30Z
EVT-FRS-011709,6011709,2002004,232084,3001955,10000,2026-08-03T20:39:25Z,クレジットカード,increment-run-001,workshop-participant,donation_events_001.csv,2026-08-11T11:59:30Z
EVT-FRS-002105,6002105,2003602,222208,3004802,10000,2026-08-03T20:44:32Z,電子決済,increment-run-001,workshop-participant,donation_events_001.csv,2026-08-11T11:59:30Z
EVT-FRS-013491,6013491,2008959,152188,3002550,20000,2026-08-03T20:48:48Z,銀行振込,increment-run-001,workshop-participant,donation_events_001.csv,2026-08-11T11:59:30Z
EVT-FRS-010520,6010520,2009463,112453,3005253,50000,2026-08-03T20:50:24Z,クレジットカード,increment-run-001,workshop-participant,donation_events_001.csv,2026-08-11T11:59:30Z
EVT-FRS-013482,6013482,2002720,452025,3005996,15000,2026-08-03T20:51:08Z,コンビニ決済,increment-run-001,workshop-participant,donation_events_001.csv,2026-08-11T11:59:30Z
EVT-FRS-010614,6010614,2010121,122041,3000893,20000,2026-08-03T20:52:36Z,電子決済,increment-run-001,workshop-participant,donation_events_001.csv,2026-08-11T11:59:30Z
EVT-FRS-003943,6003943,2009066,072095,3004630,20000,2026-08-03T20:53:12Z,クレジットカード,increment-run-001,workshop-participant,donation_events_001.csv,2026-08-11T11:59:30Z
EVT-FRS-008873,6008873,2005054,294501,3003693,10000,2026-08-03T20:53:19Z,クレジットカード,increment-run-001,workshop-participant,donation_events_001.csv,2026-08-11T11:59:30Z
EVT-FRS-005635,6005635,2006685,024465,3002706,25000,2026-08-03T20:55:10Z,クレジットカード,increment-run-001,workshop-participant,donation_events_001.csv,2026-08-11T11:59:30Z
EVT-FRS-005976,6005976,2003746,112305,3004215,100000,2026-08-03T20:57:57Z,銀行振込,increment-run-001,workshop-participant,donation_events_001.csv,2026-08-11T11:59:30Z
EVT-FRS-010982,6010982,2005614,113018,3001107,15000,2026-08-03T20:58:24Z,銀行振込,increment-run-001,workshop-participant,donation_events_001.csv,2026-08-11T11:59:30Z
EVT-FRS-006438,6006438,2011775,032018,3004662,40000,2026-08-03T21:02:40Z,電子決済,increment-run-001,workshop-participant,donation_events_001.csv,2026-08-11T11:59:30Z
EVT-FRS-003949,6003949,2000391,282189,3001646,15000,2026-08-03T21:04:37Z,電子決済,increment-run-001,workshop-participant,donation_events_001.csv,2026-08-11T11:59:30Z
EVT-FRS-000584,6000584,2002500,122262,3000946,8000,2026-08-03T21:09:37Z,クレジットカード,increment-run-001,workshop-participant,donation_events_001.csv,2026-08-11T11:59:30Z
EVT-FRS-003897,6003897,2000528,472085,3004926,30000,2026-08-03T21:10:32Z,クレジットカード,increment-run-001,workshop-participant,donation_events_001.csv,2026-08-11T11:59:30Z
EVT-FRS-004887,6004887,2001843,075043,3005907,5000,2026-08-03T21:14:36Z,クレジットカード,increment-run-001,workshop-participant,donation_events_001.csv,2026-08-11T11:59:30Z
EVT-FRS-005624,6005624,2010698,402117,3000751,10000,2026-08-03T21:15:23Z,クレジットカード,increment-run-001,workshop-participant,donation_events_001.csv,2026-08-11T11:59:30Z
EVT-FRS-002530,6002530,2000065,402214,3003809,5000,2026-08-03T21:19:08Z,コンビニ決済,increment-run-001,workshop-participant,donation_events_001.csv,2026-08-11T11:59:30Z
EVT-FRS-007059,6007059,2005607,452076,3001362,20000,2026-08-03T21:20:59Z,銀行振込,increment-run-001,workshop-participant,donation_events_001.csv,2026-08-11T11:59:30Z
EVT-FRS-001481,6001481,2003178,082368,3002767,8000,2026-08-03T21:23:51Z,クレジットカード,increment-run-001,workshop-participant,donation_events_001.csv,2026-08-11T11:59:30Z
EVT-FRS-007827,6007827,2005034,262072,3000271,30000,2026-08-03T21:27:43Z,クレジットカード,increment-run-001,workshop-participant,donation_events_001.csv,2026-08-11T11:59:30Z
EVT-FRS-013665,6013665,2001641,222194,3005835,20000,2026-08-03T21:31:01Z,コンビニ決済,increment-run-001,workshop-participant,donation_events_001.csv,2026-08-11T11:59:30Z
EVT-FRS-004834,6004834,2011085,362042,3002190,20000,2026-08-03T21:32:50Z,クレジットカード,increment-run-001,workshop-participant,donation_events_001.csv,2026-08-11T11:59:30Z
EVT-FRS-013899,6013899,2011779,422070,3001938,10000,2026-08-03T21:33:39Z,クレジットカード,increment-run-001,workshop-participant,donation_events_001.csv,2026-08-11T11:59:30Z
EVT-FRS-007517,6007517,2010659,122068,3001390,30000,2026-08-03T21:34:37Z,電子決済,increment-run-001,workshop-participant,donation_events_001.csv,2026-08-11T11:59:30Z
EVT-FRS-008774,6008774,2005543,432105,3003141,20000,2026-08-03T21:41:05Z,クレジットカード,increment-run-001,workshop-participant,donation_events_001.csv,2026-08-11T11:59:30Z
EVT-FRS-008594,6008594,2002948,402036,3005796,10000,2026-08-03T21:44:48Z,コンビニ決済,increment-run-001,workshop-participant,donation_events_001.csv,2026-08-11T11:59:30Z
EVT-FRS-008243,6008243,2000738,014010,3001627,15000,2026-08-03T21:46:18Z,クレジットカード,increment-run-001,workshop-participant,donation_events_001.csv,2026-08-11T11:59:30Z
EVT-FRS-004740,6004740,2007125,472140,3003527,10000,2026-08-03T21:55:24Z,電子決済,increment-run-001,workshop-participant,donation_events_001.csv,2026-08-11T11:59:30Z
EVT-FRS-003236,6003236,2006376,082155,3001577,20000,2026-08-03T22:00:49Z,クレジットカード,increment-run-001,workshop-participant,donation_events_001.csv,2026-08-11T11:59:30Z
EVT-FRS-008640,6008640,2008387,432113,3002983,8000,2026-08-03T22:01:24Z,クレジットカード,increment-run-001,workshop-participant,donation_events_001.csv,2026-08-11T11:59:30Z
EVT-FRS-006468,6006468,2007968,013455,3003440,5000,2026-08-03T22:02:10Z,コンビニ決済,increment-run-001,workshop-participant,donation_events_001.csv,2026-08-11T11:59:30Z
EVT-FRS-005866,6005866,2000486,152048,3002840,12000,2026-08-03T22:04:48Z,クレジットカード,increment-run-001,workshop-participant,donation_events_001.csv,2026-08-11T11:59:30Z
EVT-FRS-002025,6002025,2011162,024023,3001282,12000,2026-08-03T22:05:39Z,クレジットカード,increment-run-001,workshop-participant,donation_events_001.csv,2026-08-11T11:59:30Z
EVT-FRS-005120,6005120,2011964,122165,3000339,10000,2026-08-03T22:07:39Z,クレジットカード,increment-run-001,workshop-participant,donation_events_001.csv,2026-08-11T11:59:30Z
EVT-FRS-006596,6006596,2010616,182079,3003228,20000,2026-08-03T22:09:36Z,クレジットカード,increment-run-001,workshop-participant,donation_events_001.csv,2026-08-11T11:59:30Z
EVT-FRS-001054,6001054,2003321,332101,3005522,30000,2026-08-03T22:10:16Z,クレジットカード,increment-run-001,workshop-participant,donation_events_001.csv,2026-08-11T11:59:30Z
EVT-FRS-003317,6003317,2004441,402273,3000850,30000,2026-08-03T22:10:51Z,クレジットカード,increment-run-001,workshop-participant,donation_events_001.csv,2026-08-11T11:59:30Z
EVT-FRS-002734,6002734,2004226,392031,3002504,10000,2026-08-03T22:12:40Z,クレジットカード,increment-run-001,workshop-participant,donation_events_001.csv,2026-08-11T11:59:30Z
EVT-FRS-000999,6000999,2005061,142107,3004010,12000,2026-08-03T22:17:10Z,電子決済,increment-run-001,workshop-participant,donation_events_001.csv,2026-08-11T11:59:30Z
EVT-FRS-012251,6012251,2001465,062111,3002623,12000,2026-08-03T22:17:41Z,クレジットカード,increment-run-001,workshop-participant,donation_events_001.csv,2026-08-11T11:59:30Z
EVT-FRS-001605,6001605,2011663,473138,3002991,12000,2026-08-03T22:18:14Z,コンビニ決済,increment-run-001,workshop-participant,donation_events_001.csv,2026-08-11T11:59:30Z
EVT-FRS-014815,6014815,2004717,452025,3004334,8000,2026-08-03T22:18:26Z,銀行振込,increment-run-001,workshop-participant,donation_events_001.csv,2026-08-11T11:59:30Z
EVT-FRS-007371,6007371,2000630,082163,3002820,40000,2026-08-03T22:18:51Z,クレジットカード,increment-run-001,workshop-participant,donation_events_001.csv,2026-08-11T11:59:30Z
EVT-FRS-009140,6009140,2006330,294497,3005285,10000,2026-08-03T22:32:22Z,クレジットカード,increment-run-001,workshop-participant,donation_events_001.csv,2026-08-11T11:59:30Z
EVT-FRS-003177,6003177,2003501,332020,3001069,8000,2026-08-03T22:32:58Z,クレジットカード,increment-run-001,workshop-participant,donation_events_001.csv,2026-08-11T11:59:30Z
EVT-FRS-004673,6004673,2003518,082112,3000555,25000,2026-08-03T22:33:31Z,電子決済,increment-run-001,workshop-participant,donation_events_001.csv,2026-08-11T11:59:30Z
EVT-FRS-001663,6001663,2006285,282197,3005360,10000,2026-08-03T22:35:54Z,銀行振込,increment-run-001,workshop-participant,donation_events_001.csv,2026-08-11T11:59:30Z
EVT-FRS-002637,6002637,2010276,124231,3003601,20000,2026-08-03T22:38:00Z,電子決済,increment-run-001,workshop-participant,donation_events_001.csv,2026-08-11T11:59:30Z
EVT-FRS-014839,6014839,2004790,242152,3001120,20000,2026-08-03T22:38:14Z,クレジットカード,increment-run-001,workshop-participant,donation_events_001.csv,2026-08-11T11:59:30Z
EVT-FRS-006533,6006533,2004980,272272,3001216,5000,2026-08-03T22:39:10Z,電子決済,increment-run-001,workshop-participant,donation_events_001.csv,2026-08-11T11:59:30Z
EVT-FRS-007334,6007334,2004524,132039,3005556,20000,2026-08-03T22:40:31Z,クレジットカード,increment-run-001,workshop-participant,donation_events_001.csv,2026-08-11T11:59:30Z
EVT-FRS-000507,6000507,2004028,014869,3001704,30000,2026-08-03T22:41:13Z,クレジットカード,increment-run-001,workshop-participant,donation_events_001.csv,2026-08-11T11:59:30Z
EVT-FRS-008886,6008886,2000479,372030,3002946,10000,2026-08-03T22:44:55Z,銀行振込,increment-run-001,workshop-participant,donation_events_001.csv,2026-08-11T11:59:30Z
EVT-FRS-014861,6014861,2003765,232017,3005230,10000,2026-08-03T22:52:50Z,クレジットカード,increment-run-001,workshop-participant,donation_events_001.csv,2026-08-11T11:59:30Z
EVT-FRS-001367,6001367,2008936,016331,3005675,15000,2026-08-03T22:57:15Z,クレジットカード,increment-run-001,workshop-participant,donation_events_001.csv,2026-08-11T11:59:30Z
EVT-FRS-014362,6014362,2008735,023671,3004698,30000,2026-08-03T23:01:51Z,クレジットカード,increment-run-001,workshop-participant,donation_events_001.csv,2026-08-11T11:59:30Z
EVT-FRS-014246,6014246,2006170,432067,3003114,8000,2026-08-03T23:02:59Z,クレジットカード,increment-run-001,workshop-participant,donation_events_001.csv,2026-08-11T11:59:30Z
EVT-FRS-003036,6003036,2001887,372013,3003657,12000,2026-08-03T23:05:27Z,クレジットカード,increment-run-001,workshop-participant,donation_events_001.csv,2026-08-11T11:59:30Z
EVT-FRS-004268,6004268,2008852,282294,3001669,12000,2026-08-03T23:05:29Z,クレジットカード,increment-run-001,workshop-participant,donation_events_001.csv,2026-08-11T11:59:30Z
EVT-FRS-006465,6006465,2006755,092118,3003827,12000,2026-08-03T23:05:35Z,クレジットカード,increment-run-001,workshop-participant,donation_events_001.csv,2026-08-11T11:59:30Z
EVT-FRS-007742,6007742,2002641,012157,3001687,20000,2026-08-03T23:08:49Z,クレジットカード,increment-run-001,workshop-participant,donation_events_001.csv,2026-08-11T11:59:30Z
EVT-FRS-009563,6009563,2004426,012238,3001524,25000,2026-08-03T23:13:16Z,クレジットカード,increment-run-001,workshop-participant,donation_events_001.csv,2026-08-11T11:59:30Z
EVT-FRS-002659,6002659,2001718,132071,3003458,12000,2026-08-03T23:19:54Z,クレジットカード,increment-run-001,workshop-participant,donation_events_001.csv,2026-08-11T11:59:30Z
EVT-FRS-009026,6009026,2000215,102041,3003698,12000,2026-08-03T23:20:07Z,クレジットカード,increment-run-001,workshop-participant,donation_events_001.csv,2026-08-11T11:59:30Z
EVT-FRS-004727,6004727,2009873,052043,3000318,5000,2026-08-03T23:23:55Z,クレジットカード,increment-run-001,workshop-participant,donation_events_001.csv,2026-08-11T11:59:30Z
EVT-FRS-012172,6012172,2005279,105252,3000040,10000,2026-08-03T23:36:29Z,クレジットカード,increment-run-001,workshop-participant,donation_events_001.csv,2026-08-11T11:59:30Z
EVT-FRS-005263,6005263,2011578,062031,3001017,15000,2026-08-03T23:39:03Z,クレジットカード,increment-run-001,workshop-participant,donation_events_001.csv,2026-08-11T11:59:30Z
EVT-FRS-006992,6006992,2004745,082317,3000992,10000,2026-08-03T23:49:40Z,電子決済,increment-run-001,workshop-participant,donation_events_001.csv,2026-08-11T11:59:30Z
EVT-FRS-010333,6010333,2008993,102059,3005274,8000,2026-08-03T23:52:00Z,銀行振込,increment-run-001,workshop-participant,donation_events_001.csv,2026-08-11T11:59:30Z
EVT-FRS-004860,6004860,2001284,112151,3002952,10000,2026-08-03T23:57:07Z,クレジットカード,increment-run-001,workshop-participant,donation_events_001.csv,2026-08-11T11:59:30Z
EVT-FRS-014833,6014833,2002049,432156,3001336,25000,2026-08-03T23:57:11Z,電子決済,increment-run-001,workshop-participant,donation_events_001.csv,2026-08-11T11:59:30Z
EVT-FRS-014137,6014137,2001101,282138,3005606,20000,2026-08-03T23:57:30Z,クレジットカード,increment-run-001,workshop-participant,donation_events_001.csv,2026-08-11T11:59:30Z
EVT-FRS-001216,6001216,2002986,072109,3004193,25000,2026-08-03T23:57:39Z,クレジットカード,increment-run-001,workshop-participant,donation_events_001.csv,2026-08-11T11:59:30Z
EVT-FRS-003717,6003717,2008631,141500,3002285,30000,2026-08-03T23:58:33Z,クレジットカード,increment-run-001,workshop-participant,donation_events_001.csv,2026-08-11T11:59:30Z
EVT-FRS-012797,6012797,2001976,023817,3005948,15000,2026-08-04T00:01:55Z,クレジットカード,increment-run-001,workshop-participant,donation_events_001.csv,2026-08-11T11:59:30Z
EVT-FRS-008617,6008617,2010404,012190,3002126,10000,2026-08-04T00:03:17Z,クレジットカード,increment-run-001,workshop-participant,donation_events_001.csv,2026-08-11T11:59:30Z
EVT-FRS-008888,6008888,2010186,231002,3003379,30000,2026-08-04T00:04:26Z,クレジットカード,increment-run-001,workshop-participant,donation_events_001.csv,2026-08-11T11:59:30Z
EVT-FRS-007240,6007240,2009833,212172,3003089,10000,2026-08-04T00:07:35Z,銀行振込,increment-run-001,workshop-participant,donation_events_001.csv,2026-08-11T11:59:30Z
EVT-FRS-002148,6002148,2004270,422037,3001765,20000,2026-08-04T00:12:03Z,クレジットカード,increment-run-001,workshop-participant,donation_events_001.csv,2026-08-11T11:59:30Z
EVT-FRS-005406,6005406,2010695,151009,3001713,12000,2026-08-04T00:17:03Z,クレジットカード,increment-run-001,workshop-participant,donation_events_001.csv,2026-08-11T11:59:30Z
EVT-FRS-008154,6008154,2010693,282171,3001417,12000,2026-08-04T00:18:29Z,クレジットカード,increment-run-001,workshop-participant,donation_events_001.csv,2026-08-11T11:59:30Z
EVT-FRS-006754,6006754,2007420,052027,3000645,10000,2026-08-04T00:20:21Z,クレジットカード,increment-run-001,workshop-participant,donation_events_001.csv,2026-08-11T11:59:30Z
EVT-FRS-010573,6010573,2001089,242047,3005342,10000,2026-08-04T00:23:38Z,クレジットカード,increment-run-001,workshop-participant,donation_events_001.csv,2026-08-11T11:59:30Z
EVT-FRS-005784,6005784,2008504,422037,3001765,30000,2026-08-04T00:30:28Z,コンビニ決済,increment-run-001,workshop-participant,donation_events_001.csv,2026-08-11T11:59:30Z
EVT-FRS-004105,6004105,2001614,182109,3002995,20000,2026-08-04T00:31:05Z,クレジットカード,increment-run-001,workshop-participant,donation_events_001.csv,2026-08-11T11:59:30Z
EVT-FRS-000572,6000572,2010722,423831,3004666,20000,2026-08-04T00:36:51Z,コンビニ決済,increment-run-001,workshop-participant,donation_events_001.csv,2026-08-11T11:59:30Z
EVT-FRS-007708,6007708,2010758,352063,3005276,15000,2026-08-04T00:37:19Z,クレジットカード,increment-run-001,workshop-participant,donation_events_001.csv,2026-08-11T11:59:30Z
EVT-FRS-000013,6000013,2000388,074641,3004938,10000,2026-08-04T00:37:21Z,クレジットカード,increment-run-001,workshop-participant,donation_events_001.csv,2026-08-11T11:59:30Z
EVT-FRS-005050,6005050,2003591,352071,3001374,20000,2026-08-04T00:38:50Z,クレジットカード,increment-run-001,workshop-participant,donation_events_001.csv,2026-08-11T11:59:30Z
EVT-FRS-001859,6001859,2000575,012190,3004508,10000,2026-08-04T00:40:08Z,電子決済,increment-run-001,workshop-participant,donation_events_001.csv,2026-08-11T11:59:30Z
EVT-FRS-007009,6007009,2010356,052035,3001400,20000,2026-08-04T00:48:14Z,クレジットカード,increment-run-001,workshop-participant,donation_events_001.csv,2026-08-11T11:59:30Z
EVT-FRS-006696,6006696,2010887,015521,3001835,25000,2026-08-04T00:48:33Z,クレジットカード,increment-run-001,workshop-participant,donation_events_001.csv,2026-08-11T11:59:30Z
EVT-FRS-014369,6014369,2004313,202096,3004948,10000,2026-08-04T00:50:32Z,銀行振込,increment-run-001,workshop-participant,donation_events_001.csv,2026-08-11T11:59:30Z
EVT-FRS-010267,6010267,2006636,082350,3004135,20000,2026-08-04T00:55:16Z,銀行振込,increment-run-001,workshop-participant,donation_events_001.csv,2026-08-11T11:59:30Z
EVT-FRS-000069,6000069,2002439,242080,3002343,30000,2026-08-04T00:58:02Z,クレジットカード,increment-run-001,workshop-participant,donation_events_001.csv,2026-08-11T11:59:30Z
EVT-FRS-005672,6005672,2004352,122050,3002098,8000,2026-08-04T00:58:08Z,銀行振込,increment-run-001,workshop-participant,donation_events_001.csv,2026-08-11T11:59:30Z
EVT-FRS-008615,6008615,2007070,082317,3001272,50000,2026-08-04T01:03:36Z,コンビニ決済,increment-run-001,workshop-participant,donation_events_001.csv,2026-08-11T11:59:30Z
EVT-FRS-010791,6010791,2011346,152048,3003793,10000,2026-08-04T01:05:52Z,クレジットカード,increment-run-001,workshop-participant,donation_events_001.csv,2026-08-11T11:59:30Z
EVT-FRS-006049,6006049,2011433,214035,3001181,25000,2026-08-04T01:07:17Z,コンビニ決済,increment-run-001,workshop-participant,donation_events_001.csv,2026-08-11T11:59:30Z
EVT-FRS-014449,6014449,2006248,452025,3004014,15000,2026-08-04T01:12:49Z,クレジットカード,increment-run-001,workshop-participant,donation_events_001.csv,2026-08-11T11:59:30Z
EVT-FRS-008303,6008303,2006122,472123,3004749,15000,2026-08-04T01:14:39Z,クレジットカード,increment-run-001,workshop-participant,donation_events_001.csv,2026-08-11T11:59:30Z
EVT-FRS-002149,6002149,2003248,472158,3005529,25000,2026-08-04T01:24:20Z,電子決済,increment-run-001,workshop-participant,donation_events_001.csv,2026-08-11T11:59:30Z
EVT-FRS-002481,6002481,2010212,312011,3001340,10000,2026-08-04T01:25:07Z,クレジットカード,increment-run-001,workshop-participant,donation_events_001.csv,2026-08-11T11:59:30Z
EVT-FRS-003348,6003348,2008717,152242,3001800,20000,2026-08-04T01:27:17Z,クレジットカード,increment-run-001,workshop-participant,donation_events_001.csv,2026-08-11T11:59:30Z
EVT-FRS-008966,6008966,2005490,082163,3004612,20000,2026-08-04T01:30:05Z,電子決済,increment-run-001,workshop-participant,donation_events_001.csv,2026-08-11T11:59:30Z
EVT-FRS-010988,6010988,2008767,392014,3000965,15000,2026-08-04T01:40:45Z,クレジットカード,increment-run-001,workshop-participant,donation_events_001.csv,2026-08-11T11:59:30Z
EVT-FRS-004602,6004602,2004273,192121,3005962,12000,2026-08-04T01:44:58Z,クレジットカード,increment-run-001,workshop-participant,donation_events_001.csv,2026-08-11T11:59:30Z
EVT-FRS-010361,6010361,2002258,462209,3005074,12000,2026-08-04T01:45:14Z,クレジットカード,increment-run-001,workshop-participant,donation_events_001.csv,2026-08-11T11:59:30Z
EVT-FRS-001382,6001382,2006978,122351,3003069,10000,2026-08-04T01:47:21Z,クレジットカード,increment-run-001,workshop-participant,donation_events_001.csv,2026-08-11T11:59:30Z
EVT-FRS-005813,6005813,2005427,252140,3003192,15000,2026-08-04T01:51:12Z,クレジットカード,increment-run-001,workshop-participant,donation_events_001.csv,2026-08-11T11:59:30Z
EVT-FRS-012518,6012518,2000720,382051,3002712,20000,2026-08-04T01:55:09Z,電子決済,increment-run-001,workshop-participant,donation_events_001.csv,2026-08-11T11:59:30Z
EVT-FRS-002364,6002364,2008479,202029,3001454,15000,2026-08-04T01:59:48Z,クレジットカード,increment-run-001,workshop-participant,donation_events_001.csv,2026-08-11T11:59:30Z
EVT-FRS-010393,6010393,2010657,092011,3005713,12000,2026-08-04T02:00:34Z,クレジットカード,increment-run-001,workshop-participant,donation_events_001.csv,2026-08-11T11:59:30Z
EVT-FRS-013909,6013909,2007505,192040,3000725,15000,2026-08-04T02:01:21Z,コンビニ決済,increment-run-001,workshop-participant,donation_events_001.csv,2026-08-11T11:59:30Z
EVT-FRS-005262,6005262,2004061,041009,3004941,10000,2026-08-04T02:03:05Z,クレジットカード,increment-run-001,workshop-participant,donation_events_001.csv,2026-08-11T11:59:30Z
EVT-FRS-001317,6001317,2005039,272175,3002303,15000,2026-08-04T02:03:18Z,クレジットカード,increment-run-001,workshop-participant,donation_events_001.csv,2026-08-11T11:59:30Z
EVT-FRS-008853,6008853,2009806,222143,3004509,5000,2026-08-04T02:04:58Z,コンビニ決済,increment-run-001,workshop-participant,donation_events_001.csv,2026-08-11T11:59:30Z
EVT-FRS-012783,6012783,2009305,182028,3004323,5000,2026-08-04T02:06:52Z,クレジットカード,increment-run-001,workshop-participant,donation_events_001.csv,2026-08-11T11:59:30Z
EVT-FRS-013187,6013187,2008338,172014,3005238,20000,2026-08-04T02:07:19Z,クレジットカード,increment-run-001,workshop-participant,donation_events_001.csv,2026-08-11T11:59:30Z
EVT-FRS-010194,6010194,2000439,012246,3002511,12000,2026-08-04T02:16:09Z,クレジットカード,increment-run-001,workshop-participant,donation_events_001.csv,2026-08-11T11:59:30Z
EVT-FRS-010564,6010564,2006972,262064,3000199,10000,2026-08-04T02:17:22Z,電子決済,increment-run-001,workshop-participant,donation_events_001.csv,2026-08-11T11:59:30Z
EVT-FRS-008046,6008046,2011305,282057,3003910,15000,2026-08-04T02:17:35Z,コンビニ決済,increment-run-001,workshop-participant,donation_events_001.csv,2026-08-11T11:59:30Z
EVT-FRS-014527,6014527,2003049,222241,3001694,10000,2026-08-04T02:18:55Z,クレジットカード,increment-run-001,workshop-participant,donation_events_001.csv,2026-08-11T11:59:30Z
EVT-FRS-005532,6005532,2011831,363022,3002021,15000,2026-08-04T02:19:37Z,電子決済,increment-run-001,workshop-participant,donation_events_001.csv,2026-08-11T11:59:30Z
EVT-FRS-014581,6014581,2006663,442101,3004390,10000,2026-08-04T02:19:58Z,電子決済,increment-run-001,workshop-participant,donation_events_001.csv,2026-08-11T11:59:30Z
EVT-FRS-004070,6004070,2002469,352021,3003127,8000,2026-08-04T02:20:10Z,クレジットカード,increment-run-001,workshop-participant,donation_events_001.csv,2026-08-11T11:59:30Z
EVT-FRS-006824,6006824,2002199,092045,3004742,20000,2026-08-04T02:21:06Z,電子決済,increment-run-001,workshop-participant,donation_events_001.csv,2026-08-11T11:59:30Z
EVT-FRS-007206,6007206,2009577,082198,3000775,10000,2026-08-04T02:22:11Z,クレジットカード,increment-run-001,workshop-participant,donation_events_001.csv,2026-08-11T11:59:30Z
EVT-FRS-002216,6002216,2002308,382078,3003139,10000,2026-08-04T02:24:17Z,電子決済,increment-run-001,workshop-participant,donation_events_001.csv,2026-08-11T11:59:30Z
EVT-FRS-011835,6011835,2011998,072052,3005037,15000,2026-08-04T02:24:30Z,電子決済,increment-run-001,workshop-participant,donation_events_001.csv,2026-08-11T11:59:30Z
EVT-FRS-013934,6013934,2009959,412091,3001234,10000,2026-08-04T02:29:26Z,クレジットカード,increment-run-001,workshop-participant,donation_events_001.csv,2026-08-11T11:59:30Z
EVT-FRS-007308,6007308,2004025,464686,3003694,10000,2026-08-04T02:30:50Z,クレジットカード,increment-run-001,workshop-participant,donation_events_001.csv,2026-08-11T11:59:30Z
EVT-FRS-009432,6009432,2005189,152226,3005631,10000,2026-08-04T02:36:23Z,クレジットカード,increment-run-001,workshop-participant,donation_events_001.csv,2026-08-11T11:59:30Z
EVT-FRS-000446,6000446,2006764,312029,3000644,30000,2026-08-04T02:38:15Z,クレジットカード,increment-run-001,workshop-participant,donation_events_001.csv,2026-08-11T11:59:30Z
EVT-FRS-013696,6013696,2010592,072125,3001674,10000,2026-08-04T02:41:37Z,クレジットカード,increment-run-001,workshop-participant,donation_events_001.csv,2026-08-11T11:59:30Z
EVT-FRS-003710,6003710,2005717,372048,3003023,5000,2026-08-04T02:47:48Z,クレジットカード,increment-run-001,workshop-participant,donation_events_001.csv,2026-08-11T11:59:30Z
EVT-FRS-012686,6012686,2008635,112313,3000223,25000,2026-08-04T02:48:10Z,クレジットカード,increment-run-001,workshop-participant,donation_events_001.csv,2026-08-11T11:59:30Z
EVT-FRS-003021,6003021,2001331,272116,3003872,5000,2026-08-04T02:51:32Z,電子決済,increment-run-001,workshop-participant,donation_events_001.csv,2026-08-11T11:59:30Z
EVT-FRS-009771,6009771,2011105,033219,3002030,15000,2026-08-04T02:53:43Z,クレジットカード,increment-run-001,workshop-participant,donation_events_001.csv,2026-08-11T11:59:30Z
EVT-FRS-003729,6003729,2005464,102059,3005478,50000,2026-08-04T02:59:10Z,クレジットカード,increment-run-001,workshop-participant,donation_events_001.csv,2026-08-11T11:59:30Z
EVT-FRS-009376,6009376,2004058,192066,3005884,15000,2026-08-04T03:02:59Z,電子決済,increment-run-001,workshop-participant,donation_events_001.csv,2026-08-11T11:59:30Z
EVT-FRS-002385,6002385,2007160,272132,3005617,10000,2026-08-04T03:05:58Z,クレジットカード,increment-run-001,workshop-participant,donation_events_001.csv,2026-08-11T11:59:30Z
EVT-FRS-009550,6009550,2005591,302074,3004881,15000,2026-08-04T03:10:27Z,コンビニ決済,increment-run-001,workshop-participant,donation_events_001.csv,2026-08-11T11:59:30Z
EVT-FRS-012455,6012455,2007225,272132,3000119,5000,2026-08-04T03:13:30Z,クレジットカード,increment-run-001,workshop-participant,donation_events_001.csv,2026-08-11T11:59:30Z
EVT-FRS-011027,6011027,2006792,353418,3001532,15000,2026-08-04T03:17:51Z,クレジットカード,increment-run-001,workshop-participant,donation_events_001.csv,2026-08-11T11:59:30Z
EVT-FRS-001182,6001182,2004812,182079,3003995,10000,2026-08-04T03:24:29Z,クレジットカード,increment-run-001,workshop-participant,donation_events_001.csv,2026-08-11T11:59:30Z
EVT-FRS-000383,6000383,2008850,012041,3004728,15000,2026-08-04T03:25:29Z,クレジットカード,increment-run-001,workshop-participant,donation_events_001.csv,2026-08-11T11:59:30Z
EVT-FRS-002477,6002477,2007188,272248,3005218,15000,2026-08-04T03:40:33Z,銀行振込,increment-run-001,workshop-participant,donation_events_001.csv,2026-08-11T11:59:30Z
EVT-FRS-001981,6001981,2007160,172103,3005645,15000,2026-08-04T03:43:36Z,電子決済,increment-run-001,workshop-participant,donation_events_001.csv,2026-08-11T11:59:30Z
EVT-FRS-007170,6007170,2008539,092151,3001911,12000,2026-08-04T03:43:50Z,電子決済,increment-run-001,workshop-participant,donation_events_001.csv,2026-08-11T11:59:30Z
EVT-FRS-013082,6013082,2001235,332160,3001522,12000,2026-08-04T03:44:34Z,クレジットカード,increment-run-001,workshop-participant,donation_events_001.csv,2026-08-11T11:59:30Z
EVT-FRS-007720,6007720,2002363,352136,3004530,5000,2026-08-04T03:46:16Z,クレジットカード,increment-run-001,workshop-participant,donation_events_001.csv,2026-08-11T11:59:30Z
EVT-FRS-002062,6002062,2006430,302091,3000684,20000,2026-08-04T03:46:55Z,クレジットカード,increment-run-001,workshop-participant,donation_events_001.csv,2026-08-11T11:59:30Z
EVT-FRS-008901,6008901,2004186,012149,3000853,15000,2026-08-04T03:48:51Z,クレジットカード,increment-run-001,workshop-participant,donation_events_001.csv,2026-08-11T11:59:30Z
EVT-FRS-006506,6006506,2007299,472123,3003348,10000,2026-08-04T03:52:43Z,電子決済,increment-run-001,workshop-participant,donation_events_001.csv,2026-08-11T11:59:30Z
EVT-FRS-014335,6014335,2008405,272302,3005056,25000,2026-08-04T03:55:28Z,クレジットカード,increment-run-001,workshop-participant,donation_events_001.csv,2026-08-11T11:59:30Z
EVT-FRS-012298,6012298,2010566,082163,3005032,15000,2026-08-04T03:56:29Z,クレジットカード,increment-run-001,workshop-participant,donation_events_001.csv,2026-08-11T11:59:30Z
EVT-FRS-012972,6012972,2010714,282022,3003022,15000,2026-08-04T03:58:44Z,電子決済,increment-run-001,workshop-participant,donation_events_001.csv,2026-08-11T11:59:30Z
EVT-FRS-004687,6004687,2003754,012068,3000911,30000,2026-08-04T04:00:43Z,クレジットカード,increment-run-001,workshop-participant,donation_events_001.csv,2026-08-11T11:59:30Z
EVT-FRS-002430,6002430,2000192,312037,3000566,10000,2026-08-04T04:05:10Z,電子決済,increment-run-001,workshop-participant,donation_events_001.csv,2026-08-11T11:59:30Z
EVT-FRS-007138,6007138,2010855,242071,3005036,10000,2026-08-04T04:05:50Z,コンビニ決済,increment-run-001,workshop-participant,donation_events_001.csv,2026-08-11T11:59:30Z
EVT-FRS-000351,6000351,2006831,132195,3003568,10000,2026-08-04T04:06:01Z,クレジットカード,increment-run-001,workshop-participant,donation_events_001.csv,2026-08-11T11:59:30Z
EVT-FRS-007020,6007020,2004580,162086,3002067,15000,2026-08-04T04:10:49Z,銀行振込,increment-run-001,workshop-participant,donation_events_001.csv,2026-08-11T11:59:30Z
EVT-FRS-008924,6008924,2006704,341002,3000156,20000,2026-08-04T04:16:08Z,クレジットカード,increment-run-001,workshop-participant,donation_events_001.csv,2026-08-11T11:59:30Z
EVT-FRS-012696,6012696,2003605,292109,3004605,8000,2026-08-04T04:16:15Z,コンビニ決済,increment-run-001,workshop-participant,donation_events_001.csv,2026-08-11T11:59:30Z
EVT-FRS-004386,6004386,2008377,282138,3005743,40000,2026-08-04T04:19:15Z,クレジットカード,increment-run-001,workshop-participant,donation_events_001.csv,2026-08-11T11:59:30Z
EVT-FRS-008484,6008484,2006371,373249,3005511,30000,2026-08-04T04:19:17Z,コンビニ決済,increment-run-001,workshop-participant,donation_events_001.csv,2026-08-11T11:59:30Z
EVT-FRS-011209,6011209,2000936,212164,3002831,20000,2026-08-04T04:21:15Z,クレジットカード,increment-run-001,workshop-participant,donation_events_001.csv,2026-08-11T11:59:30Z
EVT-FRS-014595,6014595,2006135,432164,3000310,30000,2026-08-04T04:26:52Z,クレジットカード,increment-run-001,workshop-participant,donation_events_001.csv,2026-08-11T11:59:30Z
EVT-FRS-013432,6013432,2011409,141500,3001359,10000,2026-08-04T04:37:32Z,クレジットカード,increment-run-001,workshop-participant,donation_events_001.csv,2026-08-11T11:59:30Z
EVT-FRS-002966,6002966,2001522,434680,3003429,10000,2026-08-04T04:38:26Z,クレジットカード,increment-run-001,workshop-participant,donation_events_001.csv,2026-08-11T11:59:30Z
EVT-FRS-014002,6014002,2003708,132276,3002538,15000,2026-08-04T04:46:03Z,クレジットカード,increment-run-001,workshop-participant,donation_events_001.csv,2026-08-11T11:59:30Z
EVT-FRS-012174,6012174,2011868,172057,3003537,20000,2026-08-04T04:49:55Z,クレジットカード,increment-run-001,workshop-participant,donation_events_001.csv,2026-08-11T11:59:30Z
EVT-FRS-006923,6006923,2002791,402036,3005295,8000,2026-08-04T04:50:20Z,電子決済,increment-run-001,workshop-participant,donation_events_001.csv,2026-08-11T11:59:30Z
EVT-FRS-006911,6006911,2011792,262064,3005077,10000,2026-08-04T04:53:20Z,クレジットカード,increment-run-001,workshop-participant,donation_events_001.csv,2026-08-11T11:59:30Z
EVT-FRS-003467,6003467,2007912,462217,3000412,10000,2026-08-04T04:58:28Z,銀行振込,increment-run-001,workshop-participant,donation_events_001.csv,2026-08-11T11:59:30Z
EVT-FRS-011166,6011166,2007579,022071,3001533,5000,2026-08-04T04:59:14Z,電子決済,increment-run-001,workshop-participant,donation_events_001.csv,2026-08-11T11:59:30Z
EVT-FRS-007673,6007673,2009293,232351,3001051,10000,2026-08-04T05:00:25Z,電子決済,increment-run-001,workshop-participant,donation_events_001.csv,2026-08-11T11:59:30Z
EVT-FRS-007002,6007002,2004512,473146,3002404,10000,2026-08-04T05:03:54Z,銀行振込,increment-run-001,workshop-participant,donation_events_001.csv,2026-08-11T11:59:30Z
EVT-FRS-013469,6013469,2002663,402273,3000987,50000,2026-08-04T05:04:14Z,クレジットカード,increment-run-001,workshop-participant,donation_events_001.csv,2026-08-11T11:59:30Z
EVT-FRS-007784,6007784,2004443,132225,3003456,25000,2026-08-04T05:07:16Z,銀行振込,increment-run-001,workshop-participant,donation_events_001.csv,2026-08-11T11:59:30Z
EVT-FRS-003516,6003516,2007708,012190,3001672,30000,2026-08-04T05:18:58Z,クレジットカード,increment-run-001,workshop-participant,donation_events_001.csv,2026-08-11T11:59:30Z
EVT-FRS-005371,6005371,2005115,142077,3003427,10000,2026-08-04T05:19:30Z,クレジットカード,increment-run-001,workshop-participant,donation_events_001.csv,2026-08-11T11:59:30Z
EVT-FRS-013784,6013784,2002007,282049,3003594,10000,2026-08-04T05:20:39Z,銀行振込,increment-run-001,workshop-participant,donation_events_001.csv,2026-08-11T11:59:30Z
EVT-FRS-011010,6011010,2003753,222216,3001310,25000,2026-08-04T05:23:14Z,クレジットカード,increment-run-001,workshop-participant,donation_events_001.csv,2026-08-11T11:59:30Z
EVT-FRS-009476,6009476,2003866,024465,3004648,12000,2026-08-04T05:27:32Z,電子決済,increment-run-001,workshop-participant,donation_events_001.csv,2026-08-11T11:59:30Z
EVT-FRS-011241,6011241,2011752,112291,3003493,15000,2026-08-04T05:31:20Z,クレジットカード,increment-run-001,workshop-participant,donation_events_001.csv,2026-08-11T11:59:30Z
EVT-FRS-001082,6001082,2010224,342041,3004249,10000,2026-08-04T05:33:26Z,クレジットカード,increment-run-001,workshop-participant,donation_events_001.csv,2026-08-11T11:59:30Z
EVT-FRS-010854,6010854,2004178,405035,3004105,25000,2026-08-04T05:38:14Z,電子決済,increment-run-001,workshop-participant,donation_events_001.csv,2026-08-11T11:59:30Z
EVT-FRS-011015,6011015,2003440,222097,3000401,5000,2026-08-04T05:38:44Z,電子決済,increment-run-001,workshop-participant,donation_events_001.csv,2026-08-11T11:59:30Z
EVT-FRS-010987,6010987,2005942,142123,3002173,15000,2026-08-04T05:41:49Z,電子決済,increment-run-001,workshop-participant,donation_events_001.csv,2026-08-11T11:59:30Z
EVT-FRS-004686,6004686,2009069,272132,3000119,10000,2026-08-04T05:45:41Z,クレジットカード,increment-run-001,workshop-participant,donation_events_001.csv,2026-08-11T11:59:30Z
EVT-FRS-006615,6006615,2008359,082350,3004135,12000,2026-08-04T05:45:47Z,クレジットカード,increment-run-001,workshop-participant,donation_events_001.csv,2026-08-11T11:59:30Z
EVT-FRS-011087,6011087,2008275,262021,3001105,10000,2026-08-04T05:51:09Z,銀行振込,increment-run-001,workshop-participant,donation_events_001.csv,2026-08-11T11:59:30Z
EVT-FRS-003671,6003671,2000965,192147,3003385,30000,2026-08-04T05:55:54Z,クレジットカード,increment-run-001,workshop-participant,donation_events_001.csv,2026-08-11T11:59:30Z
EVT-FRS-004371,6004371,2009083,072044,3005039,12000,2026-08-04T05:56:06Z,銀行振込,increment-run-001,workshop-participant,donation_events_001.csv,2026-08-11T11:59:30Z
EVT-FRS-013504,6013504,2001925,402214,3003466,30000,2026-08-04T05:57:32Z,クレジットカード,increment-run-001,workshop-participant,donation_events_001.csv,2026-08-11T11:59:30Z
EVT-FRS-013636,6013636,2000262,082210,3000238,10000,2026-08-04T06:01:39Z,電子決済,increment-run-001,workshop-participant,donation_events_001.csv,2026-08-11T11:59:30Z
EVT-FRS-010347,6010347,2009709,112216,3001442,10000,2026-08-04T06:10:29Z,銀行振込,increment-run-001,workshop-participant,donation_events_001.csv,2026-08-11T11:59:30Z
EVT-FRS-004404,6004404,2004062,294535,3001855,5000,2026-08-04T06:11:12Z,銀行振込,increment-run-001,workshop-participant,donation_events_001.csv,2026-08-11T11:59:30Z
EVT-FRS-006609,6006609,2000386,122165,3000369,10000,2026-08-04T06:13:00Z,クレジットカード,increment-run-001,workshop-participant,donation_events_001.csv,2026-08-11T11:59:30Z
EVT-FRS-004812,6004812,2001198,212083,3004510,15000,2026-08-04T06:19:51Z,コンビニ決済,increment-run-001,workshop-participant,donation_events_001.csv,2026-08-11T11:59:30Z
EVT-FRS-012070,6012070,2008493,422088,3003702,30000,2026-08-04T06:21:52Z,クレジットカード,increment-run-001,workshop-participant,donation_events_001.csv,2026-08-11T11:59:30Z
EVT-FRS-013574,6013574,2009903,473588,3005451,15000,2026-08-04T06:34:56Z,クレジットカード,increment-run-001,workshop-participant,donation_events_001.csv,2026-08-11T11:59:30Z
EVT-FRS-006390,6006390,2011627,272167,3003990,15000,2026-08-04T06:37:39Z,クレジットカード,increment-run-001,workshop-participant,donation_events_001.csv,2026-08-11T11:59:30Z
EVT-FRS-003744,6003744,2003407,052019,3001807,20000,2026-08-04T06:39:00Z,クレジットカード,increment-run-001,workshop-participant,donation_events_001.csv,2026-08-11T11:59:30Z
EVT-FRS-006416,6006416,2004217,092037,3002525,20000,2026-08-04T06:43:47Z,クレジットカード,increment-run-001,workshop-participant,donation_events_001.csv,2026-08-11T11:59:30Z
EVT-FRS-005787,6005787,2011797,134210,3003866,20000,2026-08-04T06:50:55Z,クレジットカード,increment-run-001,workshop-participant,donation_events_001.csv,2026-08-11T11:59:30Z
EVT-FRS-011998,6011998,2006832,322067,3001491,30000,2026-08-04T06:51:31Z,クレジットカード,increment-run-001,workshop-participant,donation_events_001.csv,2026-08-11T11:59:30Z
EVT-FRS-005626,6005626,2001249,362077,3001243,10000,2026-08-04T06:51:39Z,銀行振込,increment-run-001,workshop-participant,donation_events_001.csv,2026-08-11T11:59:30Z
EVT-FRS-007463,6007463,2005870,182087,3002969,25000,2026-08-04T06:52:56Z,クレジットカード,increment-run-001,workshop-participant,donation_events_001.csv,2026-08-11T11:59:30Z
EVT-FRS-013080,6013080,2006596,082261,3000370,100000,2026-08-04T06:53:02Z,銀行振込,increment-run-001,workshop-participant,donation_events_001.csv,2026-08-11T11:59:30Z
EVT-FRS-012501,6012501,2008763,132217,3000463,8000,2026-08-04T06:54:32Z,電子決済,increment-run-001,workshop-participant,donation_events_001.csv,2026-08-11T11:59:30Z
EVT-FRS-009431,6009431,2010254,082031,3000169,12000,2026-08-04T06:58:08Z,クレジットカード,increment-run-001,workshop-participant,donation_events_001.csv,2026-08-11T11:59:30Z
EVT-FRS-000767,6000767,2006287,162027,3005341,20000,2026-08-04T06:58:58Z,クレジットカード,increment-run-001,workshop-participant,donation_events_001.csv,2026-08-11T11:59:30Z
EVT-FRS-004272,6004272,2011929,452050,3005041,12000,2026-08-04T07:03:05Z,クレジットカード,increment-run-001,workshop-participant,donation_events_001.csv,2026-08-11T11:59:30Z
EVT-FRS-010558,6010558,2003660,362026,3001212,15000,2026-08-04T07:04:52Z,クレジットカード,increment-run-001,workshop-participant,donation_events_001.csv,2026-08-11T11:59:30Z
EVT-FRS-006472,6006472,2010445,332160,3000265,15000,2026-08-04T07:04:57Z,クレジットカード,increment-run-001,workshop-participant,donation_events_001.csv,2026-08-11T11:59:30Z
EVT-FRS-002706,6002706,2003292,462225,3004840,8000,2026-08-04T07:05:55Z,クレジットカード,increment-run-001,workshop-participant,donation_events_001.csv,2026-08-11T11:59:30Z
EVT-FRS-006243,6006243,2005953,282189,3002127,15000,2026-08-04T07:09:30Z,銀行振込,increment-run-001,workshop-participant,donation_events_001.csv,2026-08-11T11:59:30Z
EVT-FRS-004736,6004736,2005185,024465,3000327,30000,2026-08-04T07:12:54Z,銀行振込,increment-run-001,workshop-participant,donation_events_001.csv,2026-08-11T11:59:30Z
EVT-FRS-006208,6006208,2005706,312029,3000644,25000,2026-08-04T07:14:48Z,クレジットカード,increment-run-001,workshop-participant,donation_events_001.csv,2026-08-11T11:59:30Z
EVT-FRS-012524,6012524,2001092,464686,3005084,15000,2026-08-04T07:16:40Z,クレジットカード,increment-run-001,workshop-participant,donation_events_001.csv,2026-08-11T11:59:30Z
EVT-FRS-006433,6006433,2007417,432113,3000212,10000,2026-08-04T07:18:29Z,銀行振込,increment-run-001,workshop-participant,donation_events_001.csv,2026-08-11T11:59:30Z
EVT-FRS-007844,6007844,2003202,462063,3005524,15000,2026-08-04T07:20:06Z,コンビニ決済,increment-run-001,workshop-participant,donation_events_001.csv,2026-08-11T11:59:30Z
EVT-FRS-008510,6008510,2010532,122319,3005132,30000,2026-08-04T07:21:25Z,クレジットカード,increment-run-001,workshop-participant,donation_events_001.csv,2026-08-11T11:59:30Z
EVT-FRS-006963,6006963,2006492,373419,3002826,12000,2026-08-04T07:24:30Z,クレジットカード,increment-run-001,workshop-participant,donation_events_001.csv,2026-08-11T11:59:30Z
EVT-FRS-008150,6008150,2006378,435104,3003478,10000,2026-08-04T07:30:17Z,クレジットカード,increment-run-001,workshop-participant,donation_events_001.csv,2026-08-11T11:59:30Z
EVT-FRS-001066,6001066,2004945,472085,3001650,15000,2026-08-04T07:34:25Z,クレジットカード,increment-run-001,workshop-participant,donation_events_001.csv,2026-08-11T11:59:30Z
EVT-FRS-006834,6006834,2005172,102105,3001582,15000,2026-08-04T07:40:36Z,クレジットカード,increment-run-001,workshop-participant,donation_events_001.csv,2026-08-11T11:59:30Z
EVT-FRS-000677,6000677,2004423,282219,3002612,10000,2026-08-04T07:43:46Z,クレジットカード,increment-run-001,workshop-participant,donation_events_001.csv,2026-08-11T11:59:30Z
EVT-FRS-007588,6007588,2007652,412066,3001554,60000,2026-08-04T07:52:06Z,クレジットカード,increment-run-001,workshop-participant,donation_events_001.csv,2026-08-11T11:59:30Z
EVT-FRS-005219,6005219,2011287,282138,3005743,5000,2026-08-04T07:53:31Z,コンビニ決済,increment-run-001,workshop-participant,donation_events_001.csv,2026-08-11T11:59:30Z
EVT-FRS-001799,6001799,2005887,064017,3005427,30000,2026-08-04T08:00:52Z,クレジットカード,increment-run-001,workshop-participant,donation_events_001.csv,2026-08-11T11:59:30Z
EVT-FRS-000715,6000715,2000753,402036,3005295,10000,2026-08-04T08:01:14Z,クレジットカード,increment-run-001,workshop-participant,donation_events_001.csv,2026-08-11T11:59:30Z
EVT-FRS-007388,6007388,2009026,042030,3005933,12000,2026-08-04T08:01:26Z,電子決済,increment-run-001,workshop-participant,donation_events_001.csv,2026-08-11T11:59:30Z
EVT-FRS-011992,6011992,2006032,152226,3001102,10000,2026-08-04T08:01:34Z,電子決済,increment-run-001,workshop-participant,donation_events_001.csv,2026-08-11T11:59:30Z
EVT-FRS-003758,6003758,2010216,152170,3000182,50000,2026-08-04T08:03:06Z,クレジットカード,increment-run-001,workshop-participant,donation_events_001.csv,2026-08-11T11:59:30Z
EVT-FRS-001320,6001320,2010871,462195,3002544,12000,2026-08-04T08:04:49Z,クレジットカード,increment-run-001,workshop-participant,donation_events_001.csv,2026-08-11T11:59:30Z
EVT-FRS-005054,6005054,2007072,392049,3001525,15000,2026-08-04T08:05:51Z,銀行振込,increment-run-001,workshop-participant,donation_events_001.csv,2026-08-11T11:59:30Z
EVT-FRS-006931,6006931,2007580,012149,3000642,8000,2026-08-04T08:06:15Z,電子決済,increment-run-001,workshop-participant,donation_events_001.csv,2026-08-11T11:59:30Z
EVT-FRS-012589,6012589,2010411,435104,3000854,30000,2026-08-04T08:10:07Z,コンビニ決済,increment-run-001,workshop-participant,donation_events_001.csv,2026-08-11T11:59:30Z
EVT-FRS-004913,6004913,2005394,112402,3003633,12000,2026-08-04T08:10:10Z,コンビニ決済,increment-run-001,workshop-participant,donation_events_001.csv,2026-08-11T11:59:30Z
EVT-FRS-008178,6008178,2005132,442143,3000579,12000,2026-08-04T08:12:16Z,クレジットカード,increment-run-001,workshop-participant,donation_events_001.csv,2026-08-11T11:59:30Z
EVT-FRS-008521,6008521,2006486,212024,3001257,8000,2026-08-04T08:12:20Z,クレジットカード,increment-run-001,workshop-participant,donation_events_001.csv,2026-08-11T11:59:30Z
EVT-FRS-014181,6014181,2001548,012190,3003992,10000,2026-08-04T08:12:50Z,クレジットカード,increment-run-001,workshop-participant,donation_events_001.csv,2026-08-11T11:59:30Z
EVT-FRS-004858,6004858,2006261,012246,3002511,15000,2026-08-04T08:15:45Z,クレジットカード,increment-run-001,workshop-participant,donation_events_001.csv,2026-08-11T11:59:30Z
EVT-FRS-011645,6011645,2007673,062014,3005232,15000,2026-08-04T08:17:56Z,電子決済,increment-run-001,workshop-participant,donation_events_001.csv,2026-08-11T11:59:30Z
EVT-FRS-007647,6007647,2000471,222127,3001668,10000,2026-08-04T08:18:17Z,クレジットカード,increment-run-001,workshop-participant,donation_events_001.csv,2026-08-11T11:59:30Z
EVT-FRS-002003,6002003,2006605,072109,3003723,8000,2026-08-04T08:21:47Z,クレジットカード,increment-run-001,workshop-participant,donation_events_001.csv,2026-08-11T11:59:30Z
EVT-FRS-011545,6011545,2002524,062111,3003973,10000,2026-08-04T08:24:56Z,クレジットカード,increment-run-001,workshop-participant,donation_events_001.csv,2026-08-11T11:59:30Z
EVT-FRS-008974,6008974,2011745,282162,3003417,8000,2026-08-04T08:25:15Z,クレジットカード,increment-run-001,workshop-participant,donation_events_001.csv,2026-08-11T11:59:30Z
EVT-FRS-011472,6011472,2000471,432164,3004372,15000,2026-08-04T08:25:55Z,クレジットカード,increment-run-001,workshop-participant,donation_events_001.csv,2026-08-11T11:59:30Z
EVT-FRS-001141,6001141,2007511,142174,3003517,10000,2026-08-04T08:30:33Z,クレジットカード,increment-run-001,workshop-participant,donation_events_001.csv,2026-08-11T11:59:30Z
EVT-FRS-006314,6006314,2010750,462225,3004840,5000,2026-08-04T08:32:15Z,コンビニ決済,increment-run-001,workshop-participant,donation_events_001.csv,2026-08-11T11:59:30Z
EVT-FRS-003915,6003915,2000162,122068,3001390,15000,2026-08-04T08:34:14Z,電子決済,increment-run-001,workshop-participant,donation_events_001.csv,2026-08-11T11:59:30Z
EVT-FRS-007182,6007182,2008985,462250,3002968,10000,2026-08-04T08:34:55Z,クレジットカード,increment-run-001,workshop-participant,donation_events_001.csv,2026-08-11T11:59:30Z
EVT-FRS-004395,6004395,2005063,202193,3000383,8000,2026-08-04T08:36:58Z,銀行振込,increment-run-001,workshop-participant,donation_events_001.csv,2026-08-11T11:59:30Z
EVT-FRS-003178,6003178,2001595,072079,3000070,25000,2026-08-04T08:44:11Z,クレジットカード,increment-run-001,workshop-participant,donation_events_001.csv,2026-08-11T11:59:30Z
EVT-FRS-004132,6004132,2011925,372013,3001313,20000,2026-08-04T08:45:21Z,クレジットカード,increment-run-001,workshop-participant,donation_events_001.csv,2026-08-11T11:59:30Z
EVT-FRS-011218,6011218,2008520,052108,3004244,10000,2026-08-04T08:46:02Z,電子決済,increment-run-001,workshop-participant,donation_events_001.csv,2026-08-11T11:59:30Z
EVT-FRS-014388,6014388,2001117,102083,3000539,20000,2026-08-04T08:49:24Z,電子決済,increment-run-001,workshop-participant,donation_events_001.csv,2026-08-11T11:59:30Z
EVT-FRS-006315,6006315,2006690,272159,3004031,10000,2026-08-04T08:49:40Z,クレジットカード,increment-run-001,workshop-participant,donation_events_001.csv,2026-08-11T11:59:30Z
EVT-FRS-013342,6013342,2009407,122131,3003669,10000,2026-08-04T08:52:59Z,クレジットカード,increment-run-001,workshop-participant,donation_events_001.csv,2026-08-11T11:59:30Z
EVT-FRS-003071,6003071,2007062,162043,3003198,12000,2026-08-04T08:53:46Z,クレジットカード,increment-run-001,workshop-participant,donation_events_001.csv,2026-08-11T11:59:30Z
EVT-FRS-008733,6008733,2002720,335860,3003131,8000,2026-08-04T08:54:20Z,電子決済,increment-run-001,workshop-participant,donation_events_001.csv,2026-08-11T11:59:30Z
EVT-FRS-004682,6004682,2008181,182052,3001707,25000,2026-08-04T08:54:43Z,銀行振込,increment-run-001,workshop-participant,donation_events_001.csv,2026-08-11T11:59:30Z
EVT-FRS-004021,6004021,2009085,262081,3003603,10000,2026-08-04T08:58:35Z,クレジットカード,increment-run-001,workshop-participant,donation_events_001.csv,2026-08-11T11:59:30Z
EVT-FRS-000724,6000724,2004151,052116,3004696,15000,2026-08-04T09:05:54Z,銀行振込,increment-run-001,workshop-participant,donation_events_001.csv,2026-08-11T11:59:30Z
EVT-FRS-002398,6002398,2010730,142131,3002266,30000,2026-08-04T09:06:44Z,クレジットカード,increment-run-001,workshop-participant,donation_events_001.csv,2026-08-11T11:59:30Z
EVT-FRS-000849,6000849,2008941,062014,3004988,15000,2026-08-04T09:08:30Z,銀行振込,increment-run-001,workshop-participant,donation_events_001.csv,2026-08-11T11:59:30Z
EVT-FRS-006251,6006251,2010240,012238,3001524,20000,2026-08-04T09:13:38Z,クレジットカード,increment-run-001,workshop-participant,donation_events_001.csv,2026-08-11T11:59:30Z
EVT-FRS-004345,6004345,2005965,464686,3002337,20000,2026-08-04T09:21:08Z,電子決済,increment-run-001,workshop-participant,donation_events_001.csv,2026-08-11T11:59:30Z
EVT-FRS-007007,6007007,2007537,052027,3001852,12000,2026-08-04T09:21:10Z,電子決済,increment-run-001,workshop-participant,donation_events_001.csv,2026-08-11T11:59:30Z
EVT-FRS-007712,6007712,2001804,332097,3001005,15000,2026-08-04T09:25:44Z,クレジットカード,increment-run-001,workshop-participant,donation_events_001.csv,2026-08-11T11:59:30Z
EVT-FRS-004563,6004563,2002515,432113,3004263,10000,2026-08-04T09:27:17Z,コンビニ決済,increment-run-001,workshop-participant,donation_events_001.csv,2026-08-11T11:59:30Z
EVT-FRS-011358,6011358,2006858,405221,3003007,12000,2026-08-04T09:29:13Z,電子決済,increment-run-001,workshop-participant,donation_events_001.csv,2026-08-11T11:59:30Z
EVT-FRS-012945,6012945,2003127,222151,3005610,10000,2026-08-04T09:35:04Z,クレジットカード,increment-run-001,workshop-participant,donation_events_001.csv,2026-08-11T11:59:30Z
EVT-FRS-004185,6004185,2003808,112241,3000802,15000,2026-08-04T09:35:49Z,クレジットカード,increment-run-001,workshop-participant,donation_events_001.csv,2026-08-11T11:59:30Z
EVT-FRS-011900,6011900,2001441,252107,3005565,50000,2026-08-04T09:35:49Z,クレジットカード,increment-run-001,workshop-participant,donation_events_001.csv,2026-08-11T11:59:30Z
EVT-FRS-003796,6003796,2001214,342157,3000400,8000,2026-08-04T09:36:21Z,クレジットカード,increment-run-001,workshop-participant,donation_events_001.csv,2026-08-11T11:59:30Z
EVT-FRS-010870,6010870,2010629,272132,3000119,15000,2026-08-04T09:46:12Z,コンビニ決済,increment-run-001,workshop-participant,donation_events_001.csv,2026-08-11T11:59:30Z
EVT-FRS-005992,6005992,2001551,151009,3005770,50000,2026-08-04T09:57:32Z,クレジットカード,increment-run-001,workshop-participant,donation_events_001.csv,2026-08-11T11:59:30Z
EVT-FRS-004752,6004752,2009114,014702,3005909,50000,2026-08-04T10:00:45Z,電子決済,increment-run-001,workshop-participant,donation_events_001.csv,2026-08-11T11:59:30Z
EVT-FRS-010125,6010125,2002076,262056,3003159,25000,2026-08-04T10:03:03Z,クレジットカード,increment-run-001,workshop-participant,donation_events_001.csv,2026-08-11T11:59:30Z
EVT-FRS-001757,6001757,2009526,232131,3005818,10000,2026-08-04T10:05:36Z,銀行振込,increment-run-001,workshop-participant,donation_events_001.csv,2026-08-11T11:59:30Z
EVT-FRS-010890,6010890,2000034,132284,3005195,20000,2026-08-04T10:05:52Z,電子決済,increment-run-001,workshop-participant,donation_events_001.csv,2026-08-11T11:59:30Z
EVT-FRS-014832,6014832,2009109,132195,3004404,8000,2026-08-04T10:09:29Z,クレジットカード,increment-run-001,workshop-participant,donation_events_001.csv,2026-08-11T11:59:30Z
EVT-FRS-012528,6012528,2008048,203041,3004113,8000,2026-08-04T10:17:01Z,クレジットカード,increment-run-001,workshop-participant,donation_events_001.csv,2026-08-11T11:59:30Z
EVT-FRS-008978,6008978,2003839,064017,3005427,15000,2026-08-04T10:17:08Z,銀行振込,increment-run-001,workshop-participant,donation_events_001.csv,2026-08-11T11:59:30Z
EVT-FRS-013384,6013384,2006882,192121,3002006,15000,2026-08-04T10:22:31Z,電子決済,increment-run-001,workshop-participant,donation_events_001.csv,2026-08-11T11:59:30Z
EVT-FRS-000307,6000307,2010653,232297,3002002,25000,2026-08-04T10:28:04Z,クレジットカード,increment-run-001,workshop-participant,donation_events_001.csv,2026-08-11T11:59:30Z
EVT-FRS-011370,6011370,2007514,102121,3000599,50000,2026-08-04T10:28:08Z,クレジットカード,increment-run-001,workshop-participant,donation_events_001.csv,2026-08-11T11:59:30Z
EVT-FRS-002744,6002744,2007398,422037,3001941,10000,2026-08-04T10:31:37Z,クレジットカード,increment-run-001,workshop-participant,donation_events_001.csv,2026-08-11T11:59:30Z
EVT-FRS-014871,6014871,2002658,204021,3005643,10000,2026-08-04T10:35:08Z,クレジットカード,increment-run-001,workshop-participant,donation_events_001.csv,2026-08-11T11:59:30Z
EVT-FRS-007687,6007687,2004493,202096,3001348,50000,2026-08-04T10:35:36Z,クレジットカード,increment-run-001,workshop-participant,donation_events_001.csv,2026-08-11T11:59:30Z
EVT-FRS-000538,6000538,2011311,082015,3001635,20000,2026-08-04T10:43:18Z,クレジットカード,increment-run-001,workshop-participant,donation_events_001.csv,2026-08-11T11:59:30Z
EVT-FRS-003855,6003855,2006969,122190,3004382,8000,2026-08-04T10:47:25Z,電子決済,increment-run-001,workshop-participant,donation_events_001.csv,2026-08-11T11:59:30Z
EVT-FRS-009315,6009315,2006049,292109,3005903,10000,2026-08-04T10:47:54Z,クレジットカード,increment-run-001,workshop-participant,donation_events_001.csv,2026-08-11T11:59:30Z
EVT-FRS-009697,6009697,2002767,262081,3001565,10000,2026-08-04T10:48:46Z,クレジットカード,increment-run-001,workshop-participant,donation_events_001.csv,2026-08-11T11:59:30Z
EVT-FRS-014687,6014687,2008336,112232,3000007,10000,2026-08-04T10:52:02Z,電子決済,increment-run-001,workshop-participant,donation_events_001.csv,2026-08-11T11:59:30Z
EVT-FRS-010750,6010750,2003852,203505,3004497,15000,2026-08-04T10:52:48Z,銀行振込,increment-run-001,workshop-participant,donation_events_001.csv,2026-08-11T11:59:30Z
EVT-FRS-008639,6008639,2007618,152188,3003418,10000,2026-08-04T10:57:38Z,銀行振込,increment-run-001,workshop-participant,donation_events_001.csv,2026-08-11T11:59:30Z
EVT-FRS-001821,6001821,2000714,012068,3003304,15000,2026-08-04T10:58:11Z,クレジットカード,increment-run-001,workshop-participant,donation_events_001.csv,2026-08-11T11:59:30Z
EVT-FRS-010521,6010521,2001269,293458,3005904,5000,2026-08-04T11:03:58Z,クレジットカード,increment-run-001,workshop-participant,donation_events_001.csv,2026-08-11T11:59:30Z
EVT-FRS-006349,6006349,2004408,363421,3005455,10000,2026-08-04T11:04:16Z,電子決済,increment-run-001,workshop-participant,donation_events_001.csv,2026-08-11T11:59:30Z
EVT-FRS-002471,6002471,2002130,012343,3001285,20000,2026-08-04T11:04:20Z,銀行振込,increment-run-001,workshop-participant,donation_events_001.csv,2026-08-11T11:59:30Z
EVT-FRS-005596,6005596,2007535,422142,3002122,20000,2026-08-04T11:08:19Z,クレジットカード,increment-run-001,workshop-participant,donation_events_001.csv,2026-08-11T11:59:30Z
EVT-FRS-009153,6009153,2005649,232246,3005897,15000,2026-08-04T11:13:25Z,クレジットカード,increment-run-001,workshop-participant,donation_events_001.csv,2026-08-11T11:59:30Z
EVT-FRS-000511,6000511,2000701,172120,3003102,12000,2026-08-04T11:19:04Z,電子決済,increment-run-001,workshop-participant,donation_events_001.csv,2026-08-11T11:59:30Z
EVT-FRS-012615,6012615,2007470,202193,3000383,20000,2026-08-04T11:19:13Z,クレジットカード,increment-run-001,workshop-participant,donation_events_001.csv,2026-08-11T11:59:30Z
EVT-FRS-011395,6011395,2005210,322041,3005492,20000,2026-08-04T11:19:16Z,電子決済,increment-run-001,workshop-participant,donation_events_001.csv,2026-08-11T11:59:30Z
EVT-FRS-006755,6006755,2008958,075043,3004090,20000,2026-08-04T11:23:03Z,電子決済,increment-run-001,workshop-participant,donation_events_001.csv,2026-08-11T11:59:30Z
EVT-FRS-012146,6012146,2004560,162027,3005341,15000,2026-08-04T11:29:23Z,クレジットカード,increment-run-001,workshop-participant,donation_events_001.csv,2026-08-11T11:59:30Z
EVT-FRS-005201,6005201,2002825,182052,3001264,20000,2026-08-04T11:30:54Z,クレジットカード,increment-run-001,workshop-participant,donation_events_001.csv,2026-08-11T11:59:30Z
EVT-FRS-014499,6014499,2002049,112321,3001016,10000,2026-08-04T11:30:54Z,クレジットカード,increment-run-001,workshop-participant,donation_events_001.csv,2026-08-11T11:59:30Z
EVT-FRS-008057,6008057,2008157,074217,3000113,30000,2026-08-04T11:32:51Z,クレジットカード,increment-run-001,workshop-participant,donation_events_001.csv,2026-08-11T11:59:30Z
EVT-FRS-007849,6007849,2003921,465330,3002665,10000,2026-08-04T11:36:24Z,クレジットカード,increment-run-001,workshop-participant,donation_events_001.csv,2026-08-11T11:59:30Z
EVT-FRS-010850,6010850,2002671,015172,3001959,8000,2026-08-04T11:39:46Z,クレジットカード,increment-run-001,workshop-participant,donation_events_001.csv,2026-08-11T11:59:30Z
EVT-FRS-011297,6011297,2010064,452033,3001684,12000,2026-08-04T11:40:30Z,クレジットカード,increment-run-001,workshop-participant,donation_events_001.csv,2026-08-11T11:59:30Z
EVT-FRS-009665,6009665,2011256,052035,3003562,30000,2026-08-04T11:46:40Z,クレジットカード,increment-run-001,workshop-participant,donation_events_001.csv,2026-08-11T11:59:30Z
EVT-FRS-009904,6009904,2005060,192066,3003235,70000,2026-08-04T11:50:11Z,銀行振込,increment-run-001,workshop-participant,donation_events_001.csv,2026-08-11T11:59:30Z
EVT-FRS-010074,6010074,2009672,082309,3002385,60000,2026-08-04T11:54:10Z,クレジットカード,increment-run-001,workshop-participant,donation_events_001.csv,2026-08-11T11:59:30Z
EVT-FRS-005762,6005762,2007668,462225,3001972,20000,2026-08-04T11:55:52Z,クレジットカード,increment-run-001,workshop-participant,donation_events_001.csv,2026-08-11T11:59:30Z
EVT-FRS-003266,6003266,2004806,402150,3004049,30000,2026-08-04T11:59:11Z,電子決済,increment-run-001,workshop-participant,donation_events_001.csv,2026-08-11T11:59:30Z
EVT-FRS-008993,6008993,2000986,052043,3000318,10000,2026-08-04T12:02:49Z,電子決済,increment-run-001,workshop-participant,donation_events_001.csv,2026-08-11T11:59:30Z
EVT-FRS-005946,6005946,2010473,152234,3003558,5000,2026-08-04T12:04:25Z,コンビニ決済,increment-run-001,workshop-participant,donation_events_001.csv,2026-08-11T11:59:30Z
EVT-FRS-001257,6001257,2007392,203629,3001188,10000,2026-08-04T12:06:39Z,クレジットカード,increment-run-001,workshop-participant,donation_events_001.csv,2026-08-11T11:59:30Z
EVT-FRS-010751,6010751,2010386,232157,3003410,10000,2026-08-04T12:07:15Z,電子決済,increment-run-001,workshop-participant,donation_events_001.csv,2026-08-11T11:59:30Z
EVT-FRS-012995,6012995,2011297,352071,3005291,10000,2026-08-04T12:07:25Z,クレジットカード,increment-run-001,workshop-participant,donation_events_001.csv,2026-08-11T11:59:30Z
EVT-FRS-013408,6013408,2001467,452025,3005996,10000,2026-08-04T12:08:49Z,銀行振込,increment-run-001,workshop-participant,donation_events_001.csv,2026-08-11T11:59:30Z
EVT-FRS-010282,6010282,2004808,131164,3003832,5000,2026-08-04T12:16:11Z,銀行振込,increment-run-001,workshop-participant,donation_events_001.csv,2026-08-11T11:59:30Z
EVT-FRS-010460,6010460,2011492,302066,3003482,15000,2026-08-04T12:20:02Z,クレジットカード,increment-run-001,workshop-participant,donation_events_001.csv,2026-08-11T11:59:30Z
EVT-FRS-005463,6005463,2005482,294012,3001767,15000,2026-08-04T12:22:22Z,クレジットカード,increment-run-001,workshop-participant,donation_events_001.csv,2026-08-11T11:59:30Z
EVT-FRS-013707,6013707,2006173,112071,3003576,12000,2026-08-04T12:23:46Z,クレジットカード,increment-run-001,workshop-participant,donation_events_001.csv,2026-08-11T11:59:30Z
EVT-FRS-007283,6007283,2009172,012190,3002126,5000,2026-08-04T12:32:19Z,電子決済,increment-run-001,workshop-participant,donation_events_001.csv,2026-08-11T11:59:30Z
EVT-FRS-000650,6000650,2001472,082104,3002929,10000,2026-08-04T12:33:21Z,クレジットカード,increment-run-001,workshop-participant,donation_events_001.csv,2026-08-11T11:59:30Z
EVT-FRS-011679,6011679,2002914,122050,3000650,10000,2026-08-04T12:33:32Z,クレジットカード,increment-run-001,workshop-participant,donation_events_001.csv,2026-08-11T11:59:30Z
EVT-FRS-003170,6003170,2000149,412058,3002147,20000,2026-08-04T12:37:24Z,銀行振込,increment-run-001,workshop-participant,donation_events_001.csv,2026-08-11T11:59:30Z
EVT-FRS-008164,6008164,2003512,242128,3001434,10000,2026-08-04T12:47:48Z,クレジットカード,increment-run-001,workshop-participant,donation_events_001.csv,2026-08-11T11:59:30Z
EVT-FRS-014286,6014286,2010437,402192,3002309,20000,2026-08-04T12:47:59Z,クレジットカード,increment-run-001,workshop-participant,donation_events_001.csv,2026-08-11T11:59:30Z
EVT-FRS-001698,6001698,2003366,122246,3003263,12000,2026-08-04T12:50:12Z,クレジットカード,increment-run-001,workshop-participant,donation_events_001.csv,2026-08-11T11:59:30Z
EVT-FRS-009674,6009674,2002035,012297,3003729,50000,2026-08-04T12:52:51Z,電子決済,increment-run-001,workshop-participant,donation_events_001.csv,2026-08-11T11:59:30Z
EVT-FRS-009543,6009543,2000946,382078,3000557,15000,2026-08-04T12:57:21Z,クレジットカード,increment-run-001,workshop-participant,donation_events_001.csv,2026-08-11T11:59:30Z
EVT-FRS-013222,6013222,2003258,152137,3000749,20000,2026-08-04T12:57:51Z,クレジットカード,increment-run-001,workshop-participant,donation_events_001.csv,2026-08-11T11:59:30Z
EVT-FRS-012864,6012864,2002622,393011,3001833,10000,2026-08-04T12:58:05Z,クレジットカード,increment-run-001,workshop-participant,donation_events_001.csv,2026-08-11T11:59:30Z
EVT-FRS-008743,6008743,2009871,394114,3003174,10000,2026-08-04T12:58:16Z,クレジットカード,increment-run-001,workshop-participant,donation_events_001.csv,2026-08-11T11:59:30Z
EVT-FRS-012512,6012512,2000312,072010,3000726,5000,2026-08-04T12:58:47Z,クレジットカード,increment-run-001,workshop-participant,donation_events_001.csv,2026-08-11T11:59:30Z
EVT-FRS-013291,6013291,2011483,312045,3002132,15000,2026-08-04T13:03:18Z,電子決済,increment-run-001,workshop-participant,donation_events_001.csv,2026-08-11T11:59:30Z
EVT-FRS-006791,6006791,2011618,141500,3001359,15000,2026-08-04T13:04:14Z,銀行振込,increment-run-001,workshop-participant,donation_events_001.csv,2026-08-11T11:59:30Z
EVT-FRS-012901,6012901,2011957,112119,3000912,10000,2026-08-04T13:07:25Z,クレジットカード,increment-run-001,workshop-participant,donation_events_001.csv,2026-08-11T11:59:30Z
EVT-FRS-006542,6006542,2002020,022101,3002778,10000,2026-08-04T13:10:54Z,クレジットカード,increment-run-001,workshop-participant,donation_events_001.csv,2026-08-11T11:59:30Z
EVT-FRS-008528,6008528,2002125,232106,3003942,25000,2026-08-04T13:18:55Z,電子決済,increment-run-001,workshop-participant,donation_events_001.csv,2026-08-11T11:59:30Z
EVT-FRS-013318,6013318,2009328,074616,3002284,15000,2026-08-04T13:21:18Z,クレジットカード,increment-run-001,workshop-participant,donation_events_001.csv,2026-08-11T11:59:30Z
EVT-FRS-012698,6012698,2010974,432113,3003803,15000,2026-08-04T13:21:30Z,クレジットカード,increment-run-001,workshop-participant,donation_events_001.csv,2026-08-11T11:59:30Z
EVT-FRS-004647,6004647,2011780,422142,3000008,12000,2026-08-04T13:23:20Z,電子決済,increment-run-001,workshop-participant,donation_events_001.csv,2026-08-11T11:59:30Z
EVT-FRS-013577,6013577,2005395,072079,3001610,8000,2026-08-04T13:24:33Z,電子決済,increment-run-001,workshop-participant,donation_events_001.csv,2026-08-11T11:59:30Z
EVT-FRS-010233,6010233,2005782,423912,3003565,10000,2026-08-04T13:27:58Z,クレジットカード,increment-run-001,workshop-participant,donation_events_001.csv,2026-08-11T11:59:30Z
EVT-FRS-012798,6012798,2009188,282081,3000712,20000,2026-08-04T13:28:48Z,クレジットカード,increment-run-001,workshop-participant,donation_events_001.csv,2026-08-11T11:59:30Z
EVT-FRS-008216,6008216,2010283,052019,3004026,30000,2026-08-04T13:30:08Z,クレジットカード,increment-run-001,workshop-participant,donation_events_001.csv,2026-08-11T11:59:30Z
EVT-FRS-010928,6010928,2003572,472115,3005292,12000,2026-08-04T13:37:29Z,コンビニ決済,increment-run-001,workshop-participant,donation_events_001.csv,2026-08-11T11:59:30Z
EVT-FRS-013366,6013366,2008868,112453,3005253,20000,2026-08-04T13:39:06Z,電子決済,increment-run-001,workshop-participant,donation_events_001.csv,2026-08-11T11:59:30Z
EVT-FRS-012200,6012200,2000698,222208,3004389,10000,2026-08-04T13:55:50Z,クレジットカード,increment-run-001,workshop-participant,donation_events_001.csv,2026-08-11T11:59:30Z
EVT-FRS-013927,6013927,2007812,282081,3005387,20000,2026-08-04T13:56:07Z,クレジットカード,increment-run-001,workshop-participant,donation_events_001.csv,2026-08-11T11:59:30Z
EVT-FRS-013702,6013702,2001453,132276,3000809,10000,2026-08-04T14:00:21Z,電子決済,increment-run-001,workshop-participant,donation_events_001.csv,2026-08-11T11:59:30Z
EVT-FRS-013750,6013750,2007879,202177,3004374,10000,2026-08-04T14:01:03Z,クレジットカード,increment-run-001,workshop-participant,donation_events_001.csv,2026-08-11T11:59:30Z
EVT-FRS-009205,6009205,2009011,213616,3000651,10000,2026-08-04T14:01:14Z,クレジットカード,increment-run-001,workshop-participant,donation_events_001.csv,2026-08-11T11:59:30Z
EVT-FRS-013762,6013762,2006558,202088,3000738,10000,2026-08-04T14:02:12Z,クレジットカード,increment-run-001,workshop-participant,donation_events_001.csv,2026-08-11T11:59:30Z
EVT-FRS-012121,6012121,2004596,082155,3000037,12000,2026-08-04T14:03:31Z,クレジットカード,increment-run-001,workshop-participant,donation_events_001.csv,2026-08-11T11:59:30Z
EVT-FRS-011533,6011533,2009971,142182,3000343,15000,2026-08-04T14:05:51Z,クレジットカード,increment-run-001,workshop-participant,donation_events_001.csv,2026-08-11T11:59:30Z
EVT-FRS-010035,6010035,2003347,182087,3004008,12000,2026-08-04T14:10:16Z,電子決済,increment-run-001,workshop-participant,donation_events_001.csv,2026-08-11T11:59:30Z
EVT-FRS-004135,6004135,2000924,402117,3002733,25000,2026-08-04T14:11:17Z,クレジットカード,increment-run-001,workshop-participant,donation_events_001.csv,2026-08-11T11:59:30Z
EVT-FRS-005996,6005996,2001910,342114,3001571,10000,2026-08-04T14:17:45Z,クレジットカード,increment-run-001,workshop-participant,donation_events_001.csv,2026-08-11T11:59:30Z
EVT-FRS-012731,6012731,2004268,032034,3005912,10000,2026-08-04T14:24:16Z,クレジットカード,increment-run-001,workshop-participant,donation_events_001.csv,2026-08-11T11:59:30Z
EVT-FRS-004418,6004418,2010110,464686,3002337,10000,2026-08-04T14:25:05Z,銀行振込,increment-run-001,workshop-participant,donation_events_001.csv,2026-08-11T11:59:30Z
EVT-FRS-003701,6003701,2006455,352080,3004250,12000,2026-08-04T14:32:00Z,銀行振込,increment-run-001,workshop-participant,donation_events_001.csv,2026-08-11T11:59:30Z
EVT-FRS-000519,6000519,2010883,372072,3000704,30000,2026-08-04T14:33:34Z,コンビニ決済,increment-run-001,workshop-participant,donation_events_001.csv,2026-08-11T11:59:30Z
EVT-FRS-009283,6009283,2004936,473154,3003699,5000,2026-08-04T14:34:16Z,クレジットカード,increment-run-001,workshop-participant,donation_events_001.csv,2026-08-11T11:59:30Z
EVT-FRS-011190,6011190,2006693,302015,3003246,10000,2026-08-04T14:37:12Z,コンビニ決済,increment-run-001,workshop-participant,donation_events_001.csv,2026-08-11T11:59:30Z
EVT-FRS-009617,6009617,2010541,075469,3002230,15000,2026-08-04T14:37:24Z,クレジットカード,increment-run-001,workshop-participant,donation_events_001.csv,2026-08-11T11:59:30Z
EVT-FRS-001288,6001288,2006162,272167,3004865,10000,2026-08-04T14:37:48Z,クレジットカード,increment-run-001,workshop-participant,donation_events_001.csv,2026-08-11T11:59:30Z
EVT-FRS-001079,6001079,2005134,114081,3004769,10000,2026-08-04T14:43:57Z,電子決済,increment-run-001,workshop-participant,donation_events_001.csv,2026-08-11T11:59:30Z
EVT-FRS-009301,6009301,2005879,242039,3003062,20000,2026-08-04T14:51:27Z,コンビニ決済,increment-run-001,workshop-participant,donation_events_001.csv,2026-08-11T11:59:30Z
EVT-FRS-000072,6000072,2010207,413453,3004747,20000,2026-08-04T14:52:38Z,クレジットカード,increment-run-001,workshop-participant,donation_events_001.csv,2026-08-11T11:59:30Z
EVT-FRS-007361,6007361,2006864,232386,3002494,15000,2026-08-04T14:53:04Z,銀行振込,increment-run-001,workshop-participant,donation_events_001.csv,2026-08-11T11:59:30Z
EVT-FRS-006289,6006289,2000526,124249,3005175,15000,2026-08-04T14:55:02Z,クレジットカード,increment-run-001,workshop-participant,donation_events_001.csv,2026-08-11T11:59:30Z
EVT-FRS-005314,6005314,2004641,282138,3005606,50000,2026-08-04T14:57:24Z,クレジットカード,increment-run-001,workshop-participant,donation_events_001.csv,2026-08-11T11:59:30Z
EVT-FRS-004166,6004166,2003858,472123,3000253,12000,2026-08-04T14:58:02Z,クレジットカード,increment-run-001,workshop-participant,donation_events_001.csv,2026-08-11T11:59:30Z
EVT-FRS-005331,6005331,2011058,422096,3002215,40000,2026-08-04T15:02:07Z,クレジットカード,increment-run-001,workshop-participant,donation_events_001.csv,2026-08-11T11:59:30Z
EVT-FRS-013744,6013744,2001072,272132,3003322,10000,2026-08-04T15:02:25Z,クレジットカード,increment-run-001,workshop-participant,donation_events_001.csv,2026-08-11T11:59:30Z
EVT-FRS-001370,6001370,2003126,152188,3001403,12000,2026-08-04T15:02:45Z,電子決済,increment-run-001,workshop-participant,donation_events_001.csv,2026-08-11T11:59:30Z
EVT-FRS-000592,6000592,2002641,402184,3001031,10000,2026-08-04T15:12:42Z,クレジットカード,increment-run-001,workshop-participant,donation_events_001.csv,2026-08-11T11:59:30Z
EVT-FRS-010185,6010185,2003410,222038,3005794,10000,2026-08-04T15:14:00Z,クレジットカード,increment-run-001,workshop-participant,donation_events_001.csv,2026-08-11T11:59:30Z
EVT-FRS-012271,6012271,2003087,402206,3004625,5000,2026-08-04T15:19:23Z,クレジットカード,increment-run-001,workshop-participant,donation_events_001.csv,2026-08-11T11:59:30Z
EVT-FRS-005341,6005341,2000907,142182,3000343,10000,2026-08-04T15:19:44Z,電子決済,increment-run-001,workshop-participant,donation_events_001.csv,2026-08-11T11:59:30Z
EVT-FRS-003074,6003074,2001402,472085,3001650,10000,2026-08-04T15:20:36Z,クレジットカード,increment-run-001,workshop-participant,donation_events_001.csv,2026-08-11T11:59:30Z
EVT-FRS-011606,6011606,2006579,132098,3001262,8000,2026-08-04T15:25:41Z,電子決済,increment-run-001,workshop-participant,donation_events_001.csv,2026-08-11T11:59:30Z
EVT-FRS-007778,6007778,2009585,131156,3000837,30000,2026-08-04T15:26:37Z,クレジットカード,increment-run-001,workshop-participant,donation_events_001.csv,2026-08-11T11:59:30Z
EVT-FRS-011670,6011670,2004811,402192,3004203,12000,2026-08-04T15:27:11Z,クレジットカード,increment-run-001,workshop-participant,donation_events_001.csv,2026-08-11T11:59:30Z
EVT-FRS-002021,6002021,2010595,202126,3003297,10000,2026-08-04T15:27:37Z,銀行振込,increment-run-001,workshop-participant,donation_events_001.csv,2026-08-11T11:59:30Z
EVT-FRS-009615,6009615,2009792,122084,3004576,60000,2026-08-04T15:30:47Z,クレジットカード,increment-run-001,workshop-participant,donation_events_001.csv,2026-08-11T11:59:30Z
EVT-FRS-005621,6005621,2009343,422037,3004900,15000,2026-08-04T15:33:42Z,クレジットカード,increment-run-001,workshop-participant,donation_events_001.csv,2026-08-11T11:59:30Z
EVT-FRS-000160,6000160,2002773,401307,3001809,10000,2026-08-04T15:35:28Z,クレジットカード,increment-run-001,workshop-participant,donation_events_001.csv,2026-08-11T11:59:30Z
EVT-FRS-011314,6011314,2002234,202037,3005437,10000,2026-08-04T15:40:38Z,電子決済,increment-run-001,workshop-participant,donation_events_001.csv,2026-08-11T11:59:30Z
EVT-FRS-001538,6001538,2009012,022012,3004642,40000,2026-08-04T15:45:08Z,銀行振込,increment-run-001,workshop-participant,donation_events_001.csv,2026-08-11T11:59:30Z
EVT-FRS-011587,6011587,2002634,341002,3004993,20000,2026-08-04T15:45:19Z,クレジットカード,increment-run-001,workshop-participant,donation_events_001.csv,2026-08-11T11:59:30Z
EVT-FRS-004633,6004633,2006461,432105,3000585,10000,2026-08-04T15:53:27Z,電子決済,increment-run-001,workshop-participant,donation_events_001.csv,2026-08-11T11:59:30Z
EVT-FRS-007187,6007187,2010970,232262,3004166,10000,2026-08-04T15:57:05Z,クレジットカード,increment-run-001,workshop-participant,donation_events_001.csv,2026-08-11T11:59:30Z
EVT-FRS-011717,6011717,2003623,302023,3000089,12000,2026-08-04T16:00:38Z,クレジットカード,increment-run-001,workshop-participant,donation_events_001.csv,2026-08-11T11:59:30Z
EVT-FRS-010792,6010792,2002465,452025,3002265,12000,2026-08-04T16:08:11Z,クレジットカード,increment-run-001,workshop-participant,donation_events_001.csv,2026-08-11T11:59:30Z
EVT-FRS-005321,6005321,2006341,152081,3003098,12000,2026-08-04T16:10:08Z,銀行振込,increment-run-001,workshop-participant,donation_events_001.csv,2026-08-11T11:59:30Z
EVT-FRS-002688,6002688,2003593,212091,3004046,12000,2026-08-04T16:13:44Z,クレジットカード,increment-run-001,workshop-participant,donation_events_001.csv,2026-08-11T11:59:30Z
EVT-FRS-005245,6005245,2010256,292010,3001156,30000,2026-08-04T16:18:54Z,クレジットカード,increment-run-001,workshop-participant,donation_events_001.csv,2026-08-11T11:59:30Z
EVT-FRS-011784,6011784,2007525,192082,3000813,40000,2026-08-04T16:24:21Z,クレジットカード,increment-run-001,workshop-participant,donation_events_001.csv,2026-08-11T11:59:30Z
EVT-FRS-000883,6000883,2003203,012092,3003696,10000,2026-08-04T16:24:38Z,クレジットカード,increment-run-001,workshop-participant,donation_events_001.csv,2026-08-11T11:59:30Z
EVT-FRS-009299,6009299,2008520,382051,3005344,10000,2026-08-04T16:28:05Z,クレジットカード,increment-run-001,workshop-participant,donation_events_001.csv,2026-08-11T11:59:30Z
EVT-FRS-014272,6014272,2011439,082040,3003794,15000,2026-08-04T16:28:48Z,クレジットカード,increment-run-001,workshop-participant,donation_events_001.csv,2026-08-11T11:59:30Z
EVT-FRS-008497,6008497,2010669,402257,3002072,50000,2026-08-04T16:43:50Z,クレジットカード,increment-run-001,workshop-participant,donation_events_001.csv,2026-08-11T11:59:30Z
EVT-FRS-007088,6007088,2007331,142085,3000707,10000,2026-08-04T16:45:25Z,電子決済,increment-run-001,workshop-participant,donation_events_001.csv,2026-08-11T11:59:30Z
EVT-FRS-005589,6005589,2011428,342025,3000491,5000,2026-08-04T16:46:52Z,クレジットカード,increment-run-001,workshop-participant,donation_events_001.csv,2026-08-11T11:59:30Z
EVT-FRS-002111,6002111,2003254,124249,3005175,40000,2026-08-04T16:48:10Z,コンビニ決済,increment-run-001,workshop-participant,donation_events_001.csv,2026-08-11T11:59:30Z
EVT-FRS-002405,6002405,2009540,222097,3005893,8000,2026-08-04T16:48:22Z,コンビニ決済,increment-run-001,workshop-participant,donation_events_001.csv,2026-08-11T11:59:30Z
EVT-FRS-001459,6001459,2011394,272132,3002927,20000,2026-08-04T16:50:18Z,クレジットカード,increment-run-001,workshop-participant,donation_events_001.csv,2026-08-11T11:59:30Z
EVT-FRS-012520,6012520,2006039,112119,3003954,15000,2026-08-04T17:05:23Z,クレジットカード,increment-run-001,workshop-participant,donation_events_001.csv,2026-08-11T11:59:30Z
EVT-FRS-008349,6008349,2010427,082325,3003242,5000,2026-08-04T17:05:58Z,クレジットカード,increment-run-001,workshop-participant,donation_events_001.csv,2026-08-11T11:59:30Z
EVT-FRS-001825,6001825,2002748,112151,3002281,10000,2026-08-04T17:06:40Z,クレジットカード,increment-run-001,workshop-participant,donation_events_001.csv,2026-08-11T11:59:30Z
EVT-FRS-004028,6004028,2011400,012271,3001232,10000,2026-08-04T17:09:27Z,銀行振込,increment-run-001,workshop-participant,donation_events_001.csv,2026-08-11T11:59:30Z
EVT-FRS-005248,6005248,2002187,282219,3002612,5000,2026-08-04T17:16:21Z,クレジットカード,increment-run-001,workshop-participant,donation_events_001.csv,2026-08-11T11:59:30Z
EVT-FRS-014515,6014515,2003970,082325,3004286,10000,2026-08-04T17:16:29Z,クレジットカード,increment-run-001,workshop-participant,donation_events_001.csv,2026-08-11T11:59:30Z
EVT-FRS-001498,6001498,2008713,082201,3002146,25000,2026-08-04T17:17:43Z,クレジットカード,increment-run-001,workshop-participant,donation_events_001.csv,2026-08-11T11:59:30Z
EVT-FRS-005741,6005741,2006021,152081,3000386,10000,2026-08-04T17:20:32Z,クレジットカード,increment-run-001,workshop-participant,donation_events_001.csv,2026-08-11T11:59:30Z
EVT-FRS-011080,6011080,2005780,302091,3000239,20000,2026-08-04T17:24:50Z,クレジットカード,increment-run-001,workshop-participant,donation_events_001.csv,2026-08-11T11:59:30Z
EVT-FRS-007462,6007462,2005021,342157,3004528,20000,2026-08-04T17:30:09Z,クレジットカード,increment-run-001,workshop-participant,donation_events_001.csv,2026-08-11T11:59:30Z
EVT-FRS-007394,6007394,2003157,472131,3001848,20000,2026-08-04T17:31:12Z,銀行振込,increment-run-001,workshop-participant,donation_events_001.csv,2026-08-11T11:59:30Z
EVT-FRS-010087,6010087,2008045,083101,3001433,30000,2026-08-04T17:32:45Z,クレジットカード,increment-run-001,workshop-participant,donation_events_001.csv,2026-08-11T11:59:30Z
EVT-FRS-011898,6011898,2007033,392049,3005923,12000,2026-08-04T17:37:52Z,クレジットカード,increment-run-001,workshop-participant,donation_events_001.csv,2026-08-11T11:59:30Z
EVT-FRS-004455,6004455,2002522,012149,3000853,5000,2026-08-04T17:39:03Z,クレジットカード,increment-run-001,workshop-participant,donation_events_001.csv,2026-08-11T11:59:30Z
EVT-FRS-012773,6012773,2010821,402303,3003422,10000,2026-08-04T17:39:31Z,電子決済,increment-run-001,workshop-participant,donation_events_001.csv,2026-08-11T11:59:30Z
EVT-FRS-008759,6008759,2008944,182052,3001264,10000,2026-08-04T17:41:31Z,クレジットカード,increment-run-001,workshop-participant,donation_events_001.csv,2026-08-11T11:59:30Z
EVT-FRS-011963,6011963,2007900,232343,3003557,10000,2026-08-04T17:46:22Z,コンビニ決済,increment-run-001,workshop-participant,donation_events_001.csv,2026-08-11T11:59:30Z
EVT-FRS-004907,6004907,2005964,142140,3002584,5000,2026-08-04T17:47:20Z,クレジットカード,increment-run-001,workshop-participant,donation_events_001.csv,2026-08-11T11:59:30Z
EVT-FRS-001193,6001193,2004775,112224,3005781,20000,2026-08-04T17:47:59Z,クレジットカード,increment-run-001,workshop-participant,donation_events_001.csv,2026-08-11T11:59:30Z
EVT-FRS-007948,6007948,2002105,402061,3001769,5000,2026-08-04T17:51:45Z,クレジットカード,increment-run-001,workshop-participant,donation_events_001.csv,2026-08-11T11:59:30Z
EVT-FRS-009802,6009802,2011931,202100,3003857,10000,2026-08-04T17:54:18Z,クレジットカード,increment-run-001,workshop-participant,donation_events_001.csv,2026-08-11T11:59:30Z
EVT-FRS-013639,6013639,2009355,102059,3004957,30000,2026-08-04T18:06:15Z,クレジットカード,increment-run-001,workshop-participant,donation_events_001.csv,2026-08-11T11:59:30Z
EVT-FRS-004072,6004072,2004074,141003,3003683,20000,2026-08-04T18:06:54Z,電子決済,increment-run-001,workshop-participant,donation_events_001.csv,2026-08-11T11:59:30Z
EVT-FRS-008408,6008408,2002147,303445,3000996,25000,2026-08-04T18:08:48Z,電子決済,increment-run-001,workshop-participant,donation_events_001.csv,2026-08-11T11:59:30Z
EVT-FRS-009652,6009652,2010271,082104,3002102,12000,2026-08-04T18:09:53Z,電子決済,increment-run-001,workshop-participant,donation_events_001.csv,2026-08-11T11:59:30Z
EVT-FRS-000452,6000452,2004981,122190,3005157,12000,2026-08-04T18:13:52Z,クレジットカード,increment-run-001,workshop-participant,donation_events_001.csv,2026-08-11T11:59:30Z
EVT-FRS-004421,6004421,2007684,122181,3004394,10000,2026-08-04T18:17:58Z,クレジットカード,increment-run-001,workshop-participant,donation_events_001.csv,2026-08-11T11:59:30Z
EVT-FRS-005543,6005543,2004029,422029,3005311,20000,2026-08-04T18:29:14Z,クレジットカード,increment-run-001,workshop-participant,donation_events_001.csv,2026-08-11T11:59:30Z
EVT-FRS-005755,6005755,2011459,232211,3003507,15000,2026-08-04T18:32:22Z,クレジットカード,increment-run-001,workshop-participant,donation_events_001.csv,2026-08-11T11:59:30Z
EVT-FRS-006372,6006372,2008015,422126,3005107,8000,2026-08-04T18:32:44Z,銀行振込,increment-run-001,workshop-participant,donation_events_001.csv,2026-08-11T11:59:30Z
EVT-FRS-000775,6000775,2010866,052027,3005033,15000,2026-08-04T18:35:40Z,電子決済,increment-run-001,workshop-participant,donation_events_001.csv,2026-08-11T11:59:30Z
EVT-FRS-010429,6010429,2001929,182010,3000798,30000,2026-08-04T18:41:55Z,クレジットカード,increment-run-001,workshop-participant,donation_events_001.csv,2026-08-11T11:59:30Z
EVT-FRS-004824,6004824,2005814,462101,3004911,60000,2026-08-04T18:43:02Z,クレジットカード,increment-run-001,workshop-participant,donation_events_001.csv,2026-08-11T11:59:30Z
EVT-FRS-007041,6007041,2000483,402117,3000751,30000,2026-08-04T18:48:32Z,クレジットカード,increment-run-001,workshop-participant,donation_events_001.csv,2026-08-11T11:59:30Z
EVT-FRS-001075,6001075,2000379,272051,3001580,8000,2026-08-04T18:51:08Z,クレジットカード,increment-run-001,workshop-participant,donation_events_001.csv,2026-08-11T11:59:30Z
EVT-FRS-002955,6002955,2011129,012033,3001206,30000,2026-08-04T18:53:25Z,クレジットカード,increment-run-001,workshop-participant,donation_events_001.csv,2026-08-11T11:59:30Z
EVT-FRS-005512,6005512,2004583,302023,3004257,40000,2026-08-04T18:56:42Z,クレジットカード,increment-run-001,workshop-participant,donation_events_001.csv,2026-08-11T11:59:30Z
EVT-FRS-008113,6008113,2002426,232076,3005064,10000,2026-08-04T19:02:50Z,コンビニ決済,increment-run-001,workshop-participant,donation_events_001.csv,2026-08-11T11:59:30Z
EVT-FRS-000367,6000367,2009497,472115,3005292,5000,2026-08-04T19:07:23Z,クレジットカード,increment-run-001,workshop-participant,donation_events_001.csv,2026-08-11T11:59:30Z
EVT-FRS-006329,6006329,2001595,082163,3004850,10000,2026-08-04T19:07:52Z,電子決済,increment-run-001,workshop-participant,donation_events_001.csv,2026-08-11T11:59:30Z
EVT-FRS-012857,6012857,2010024,452092,3001853,15000,2026-08-04T19:07:52Z,電子決済,increment-run-001,workshop-participant,donation_events_001.csv,2026-08-11T11:59:30Z
EVT-FRS-006969,6006969,2001623,205214,3001895,10000,2026-08-04T19:08:07Z,クレジットカード,increment-run-001,workshop-participant,donation_events_001.csv,2026-08-11T11:59:30Z
EVT-FRS-010041,6010041,2004490,162086,3001095,10000,2026-08-04T19:09:01Z,電子決済,increment-run-001,workshop-participant,donation_events_001.csv,2026-08-11T11:59:30Z
EVT-FRS-006453,6006453,2009070,232297,3005704,10000,2026-08-04T19:12:40Z,電子決済,increment-run-001,workshop-participant,donation_events_001.csv,2026-08-11T11:59:30Z
EVT-FRS-002645,6002645,2000658,192121,3002006,12000,2026-08-04T19:15:17Z,クレジットカード,increment-run-001,workshop-participant,donation_events_001.csv,2026-08-11T11:59:30Z
EVT-FRS-001060,6001060,2005075,272221,3002941,10000,2026-08-04T19:16:43Z,クレジットカード,increment-run-001,workshop-participant,donation_events_001.csv,2026-08-11T11:59:30Z
EVT-FRS-014282,6014282,2008018,212032,3002988,20000,2026-08-04T19:19:22Z,クレジットカード,increment-run-001,workshop-participant,donation_events_001.csv,2026-08-11T11:59:30Z
EVT-FRS-010345,6010345,2008197,292117,3001231,10000,2026-08-04T19:28:25Z,電子決済,increment-run-001,workshop-participant,donation_events_001.csv,2026-08-11T11:59:30Z
EVT-FRS-011751,6011751,2008234,124249,3000753,10000,2026-08-04T19:36:27Z,クレジットカード,increment-run-001,workshop-participant,donation_events_001.csv,2026-08-11T11:59:30Z
EVT-FRS-013938,6013938,2005766,141305,3003591,25000,2026-08-04T19:56:56Z,クレジットカード,increment-run-001,workshop-participant,donation_events_001.csv,2026-08-11T11:59:30Z
EVT-FRS-000976,6000976,2002250,121002,3001874,15000,2026-08-04T19:58:24Z,クレジットカード,increment-run-001,workshop-participant,donation_events_001.csv,2026-08-11T11:59:30Z
EVT-FRS-007542,6007542,2009640,272132,3003549,5000,2026-08-04T20:00:40Z,銀行振込,increment-run-001,workshop-participant,donation_events_001.csv,2026-08-11T11:59:30Z
EVT-FRS-003136,6003136,2002405,132128,3001786,20000,2026-08-04T20:07:21Z,銀行振込,increment-run-001,workshop-participant,donation_events_001.csv,2026-08-11T11:59:30Z
EVT-FRS-011444,6011444,2010747,132071,3004072,10000,2026-08-04T20:07:34Z,電子決済,increment-run-001,workshop-participant,donation_events_001.csv,2026-08-11T11:59:30Z
EVT-FRS-009985,6009985,2010344,272035,3004164,10000,2026-08-04T20:08:46Z,コンビニ決済,increment-run-001,workshop-participant,donation_events_001.csv,2026-08-11T11:59:30Z
EVT-FRS-002505,6002505,2007128,112453,3000084,50000,2026-08-04T20:21:35Z,クレジットカード,increment-run-001,workshop-participant,donation_events_001.csv,2026-08-11T11:59:30Z
EVT-FRS-005519,6005519,2010939,052035,3003562,10000,2026-08-04T20:26:05Z,銀行振込,increment-run-001,workshop-participant,donation_events_001.csv,2026-08-11T11:59:30Z
EVT-FRS-004935,6004935,2006506,402192,3004203,40000,2026-08-04T20:33:51Z,クレジットカード,increment-run-001,workshop-participant,donation_events_001.csv,2026-08-11T11:59:30Z
EVT-FRS-012240,6012240,2008544,162094,3002151,10000,2026-08-04T20:37:26Z,クレジットカード,increment-run-001,workshop-participant,donation_events_001.csv,2026-08-11T11:59:30Z
EVT-FRS-014673,6014673,2001084,062022,3000677,20000,2026-08-04T20:38:05Z,クレジットカード,increment-run-001,workshop-participant,donation_events_001.csv,2026-08-11T11:59:30Z
EVT-FRS-008337,6008337,2002512,405221,3003007,8000,2026-08-04T20:38:18Z,クレジットカード,increment-run-001,workshop-participant,donation_events_001.csv,2026-08-11T11:59:30Z
EVT-FRS-008884,6008884,2006737,012173,3004329,10000,2026-08-04T20:38:18Z,クレジットカード,increment-run-001,workshop-participant,donation_events_001.csv,2026-08-11T11:59:30Z
EVT-FRS-011331,6011331,2007219,082074,3005650,5000,2026-08-04T20:42:48Z,クレジットカード,increment-run-001,workshop-participant,donation_events_001.csv,2026-08-11T11:59:30Z
EVT-FRS-013780,6013780,2004541,282294,3003780,20000,2026-08-04T20:54:21Z,クレジットカード,increment-run-001,workshop-participant,donation_events_001.csv,2026-08-11T11:59:30Z
EVT-FRS-001679,6001679,2009463,422142,3003460,10000,2026-08-04T20:55:14Z,クレジットカード,increment-run-001,workshop-participant,donation_events_001.csv,2026-08-11T11:59:30Z
EVT-FRS-001529,6001529,2011783,242012,3002507,8000,2026-08-04T21:02:08Z,電子決済,increment-run-001,workshop-participant,donation_events_001.csv,2026-08-11T11:59:30Z
EVT-FRS-010621,6010621,2001225,422029,3001045,20000,2026-08-04T21:02:24Z,クレジットカード,increment-run-001,workshop-participant,donation_events_001.csv,2026-08-11T11:59:30Z
EVT-FRS-009274,6009274,2005877,013315,3000404,10000,2026-08-04T21:05:21Z,電子決済,increment-run-001,workshop-participant,donation_events_001.csv,2026-08-11T11:59:30Z
EVT-FRS-012171,6012171,2005603,014621,3003687,30000,2026-08-04T21:06:55Z,クレジットカード,increment-run-001,workshop-participant,donation_events_001.csv,2026-08-11T11:59:30Z
EVT-FRS-008477,6008477,2007246,083097,3000526,20000,2026-08-04T21:07:19Z,クレジットカード,increment-run-001,workshop-participant,donation_events_001.csv,2026-08-11T11:59:30Z
EVT-FRS-005669,6005669,2001544,062014,3000787,40000,2026-08-04T21:08:13Z,銀行振込,increment-run-001,workshop-participant,donation_events_001.csv,2026-08-11T11:59:30Z
EVT-FRS-011092,6011092,2001034,242071,3005036,5000,2026-08-04T21:11:11Z,電子決済,increment-run-001,workshop-participant,donation_events_001.csv,2026-08-11T11:59:30Z
EVT-FRS-009937,6009937,2004328,012190,3004508,8000,2026-08-04T21:17:30Z,銀行振込,increment-run-001,workshop-participant,donation_events_001.csv,2026-08-11T11:59:30Z
EVT-FRS-009019,6009019,2002118,322091,3005972,10000,2026-08-04T21:18:27Z,クレジットカード,increment-run-001,workshop-participant,donation_events_001.csv,2026-08-11T11:59:30Z
EVT-FRS-001603,6001603,2008676,212156,3001633,8000,2026-08-04T21:18:56Z,クレジットカード,increment-run-001,workshop-participant,donation_events_001.csv,2026-08-11T11:59:30Z
EVT-FRS-002956,6002956,2003293,282120,3002797,20000,2026-08-04T21:23:42Z,クレジットカード,increment-run-001,workshop-participant,donation_events_001.csv,2026-08-11T11:59:30Z
EVT-FRS-006863,6006863,2001917,062014,3005701,10000,2026-08-04T21:26:02Z,クレジットカード,increment-run-001,workshop-participant,donation_events_001.csv,2026-08-11T11:59:30Z
EVT-FRS-014841,6014841,2004968,032034,3003582,20000,2026-08-04T21:26:03Z,クレジットカード,increment-run-001,workshop-participant,donation_events_001.csv,2026-08-11T11:59:30Z
EVT-FRS-002018,6002018,2006474,282146,3001549,10000,2026-08-04T21:28:02Z,クレジットカード,increment-run-001,workshop-participant,donation_events_001.csv,2026-08-11T11:59:30Z
EVT-FRS-003019,6003019,2002222,141003,3003683,10000,2026-08-04T21:29:09Z,コンビニ決済,increment-run-001,workshop-participant,donation_events_001.csv,2026-08-11T11:59:30Z
EVT-FRS-003754,6003754,2001809,112101,3000777,10000,2026-08-04T21:35:44Z,銀行振込,increment-run-001,workshop-participant,donation_events_001.csv,2026-08-11T11:59:30Z
EVT-FRS-002809,6002809,2010218,282189,3004060,10000,2026-08-04T21:38:37Z,クレジットカード,increment-run-001,workshop-participant,donation_events_001.csv,2026-08-11T11:59:30Z
EVT-FRS-005234,6005234,2000909,464821,3002010,60000,2026-08-04T21:40:59Z,電子決済,increment-run-001,workshop-participant,donation_events_001.csv,2026-08-11T11:59:30Z
EVT-FRS-002444,6002444,2001265,012246,3002511,10000,2026-08-04T21:44:05Z,銀行振込,increment-run-001,workshop-participant,donation_events_001.csv,2026-08-11T11:59:30Z
EVT-FRS-011677,6011677,2000361,141305,3003138,10000,2026-08-04T21:44:48Z,クレジットカード,increment-run-001,workshop-participant,donation_events_001.csv,2026-08-11T11:59:30Z
EVT-FRS-010316,6010316,2010341,242110,3005319,8000,2026-08-04T21:45:18Z,銀行振込,increment-run-001,workshop-participant,donation_events_001.csv,2026-08-11T11:59:30Z
EVT-FRS-007555,6007555,2002672,362051,3003820,15000,2026-08-04T21:49:19Z,クレジットカード,increment-run-001,workshop-participant,donation_events_001.csv,2026-08-11T11:59:30Z
EVT-FRS-009911,6009911,2007484,442071,3000202,15000,2026-08-04T21:49:47Z,クレジットカード,increment-run-001,workshop-participant,donation_events_001.csv,2026-08-11T11:59:30Z
EVT-FRS-003860,6003860,2000625,472123,3005196,20000,2026-08-04T21:53:25Z,銀行振込,increment-run-001,workshop-participant,donation_events_001.csv,2026-08-11T11:59:30Z
EVT-FRS-003510,6003510,2011306,232157,3005582,20000,2026-08-04T21:59:27Z,電子決済,increment-run-001,workshop-participant,donation_events_001.csv,2026-08-11T11:59:30Z
EVT-FRS-008874,6008874,2007257,442020,3004882,30000,2026-08-04T22:08:08Z,クレジットカード,increment-run-001,workshop-participant,donation_events_001.csv,2026-08-11T11:59:30Z
EVT-FRS-002196,6002196,2006041,222089,3003489,40000,2026-08-04T22:08:25Z,クレジットカード,increment-run-001,workshop-participant,donation_events_001.csv,2026-08-11T11:59:30Z
EVT-FRS-013160,6013160,2006049,122351,3005915,12000,2026-08-04T22:14:03Z,クレジットカード,increment-run-001,workshop-participant,donation_events_001.csv,2026-08-11T11:59:30Z
EVT-FRS-008536,6008536,2007735,452025,3004014,12000,2026-08-04T22:14:04Z,電子決済,increment-run-001,workshop-participant,donation_events_001.csv,2026-08-11T11:59:30Z
EVT-FRS-012404,6012404,2008334,462101,3004911,10000,2026-08-04T22:14:04Z,銀行振込,increment-run-001,workshop-participant,donation_events_001.csv,2026-08-11T11:59:30Z
EVT-FRS-000215,6000215,2000161,194239,3002597,15000,2026-08-04T22:18:36Z,クレジットカード,increment-run-001,workshop-participant,donation_events_001.csv,2026-08-11T11:59:30Z
EVT-FRS-010743,6010743,2005160,052027,3005233,25000,2026-08-04T22:20:09Z,クレジットカード,increment-run-001,workshop-participant,donation_events_001.csv,2026-08-11T11:59:30Z
EVT-FRS-003432,6003432,2011682,142018,3003902,20000,2026-08-04T22:29:34Z,クレジットカード,increment-run-001,workshop-participant,donation_events_001.csv,2026-08-11T11:59:30Z
EVT-FRS-002747,6002747,2009365,112437,3001647,10000,2026-08-04T22:33:25Z,クレジットカード,increment-run-001,workshop-participant,donation_events_001.csv,2026-08-11T11:59:30Z
EVT-FRS-003732,6003732,2009089,402061,3004258,10000,2026-08-04T22:34:17Z,クレジットカード,increment-run-001,workshop-participant,donation_events_001.csv,2026-08-11T11:59:30Z
EVT-FRS-013038,6013038,2001088,012068,3002768,5000,2026-08-04T22:35:47Z,電子決済,increment-run-001,workshop-participant,donation_events_001.csv,2026-08-11T11:59:30Z
EVT-FRS-010033,6010033,2003460,082147,3001845,40000,2026-08-04T22:39:15Z,クレジットカード,increment-run-001,workshop-participant,donation_events_001.csv,2026-08-11T11:59:30Z
EVT-FRS-003044,6003044,2005573,092045,3000194,10000,2026-08-04T22:49:31Z,クレジットカード,increment-run-001,workshop-participant,donation_events_001.csv,2026-08-11T11:59:30Z
EVT-FRS-001228,6001228,2005047,122041,3000583,10000,2026-08-04T22:50:17Z,銀行振込,increment-run-001,workshop-participant,donation_events_001.csv,2026-08-11T11:59:30Z
EVT-FRS-011437,6011437,2007769,462161,3003137,10000,2026-08-04T22:50:59Z,クレジットカード,increment-run-001,workshop-participant,donation_events_001.csv,2026-08-11T11:59:30Z
EVT-FRS-005503,6005503,2004356,472123,3000930,70000,2026-08-04T22:51:22Z,クレジットカード,increment-run-001,workshop-participant,donation_events_001.csv,2026-08-11T11:59:30Z
EVT-FRS-010997,6010997,2001198,074845,3002953,50000,2026-08-04T23:03:20Z,クレジットカード,increment-run-001,workshop-participant,donation_events_001.csv,2026-08-11T11:59:30Z
EVT-FRS-009144,6009144,2011034,045811,3000268,12000,2026-08-04T23:04:43Z,電子決済,increment-run-001,workshop-participant,donation_events_001.csv,2026-08-11T11:59:30Z
EVT-FRS-007121,6007121,2002207,112241,3005637,10000,2026-08-04T23:07:31Z,電子決済,increment-run-001,workshop-participant,donation_events_001.csv,2026-08-11T11:59:30Z
EVT-FRS-008957,6008957,2000010,092134,3004923,8000,2026-08-04T23:08:31Z,クレジットカード,increment-run-001,workshop-participant,donation_events_001.csv,2026-08-11T11:59:30Z
EVT-FRS-006432,6006432,2006838,392090,3004520,20000,2026-08-04T23:09:04Z,クレジットカード,increment-run-001,workshop-participant,donation_events_001.csv,2026-08-11T11:59:30Z
EVT-FRS-009935,6009935,2010944,202193,3001615,60000,2026-08-04T23:11:01Z,クレジットカード,increment-run-001,workshop-participant,donation_events_001.csv,2026-08-11T11:59:30Z
EVT-FRS-007026,6007026,2010243,212059,3005401,20000,2026-08-04T23:16:07Z,クレジットカード,increment-run-001,workshop-participant,donation_events_001.csv,2026-08-11T11:59:30Z
EVT-FRS-011202,6011202,2009169,141305,3002044,20000,2026-08-04T23:18:53Z,クレジットカード,increment-run-001,workshop-participant,donation_events_001.csv,2026-08-11T11:59:30Z
EVT-FRS-013968,6013968,2002551,122165,3000369,10000,2026-08-04T23:19:58Z,クレジットカード,increment-run-001,workshop-participant,donation_events_001.csv,2026-08-11T11:59:30Z
EVT-FRS-014205,6014205,2000429,454290,3001220,15000,2026-08-04T23:20:58Z,クレジットカード,increment-run-001,workshop-participant,donation_events_001.csv,2026-08-11T11:59:30Z
EVT-FRS-004859,6004859,2009155,452025,3003952,20000,2026-08-04T23:24:21Z,クレジットカード,increment-run-001,workshop-participant,donation_events_001.csv,2026-08-11T11:59:30Z
EVT-FRS-001734,6001734,2004052,272132,3002927,20000,2026-08-04T23:29:03Z,クレジットカード,increment-run-001,workshop-participant,donation_events_001.csv,2026-08-11T11:59:30Z
EVT-FRS-003171,6003171,2001752,032085,3003088,25000,2026-08-04T23:35:24Z,電子決済,increment-run-001,workshop-participant,donation_events_001.csv,2026-08-11T11:59:30Z
EVT-FRS-011498,6011498,2007973,302023,3004352,12000,2026-08-04T23:36:34Z,クレジットカード,increment-run-001,workshop-participant,donation_events_001.csv,2026-08-11T11:59:30Z
EVT-FRS-004654,6004654,2003065,232335,3002159,10000,2026-08-04T23:36:55Z,クレジットカード,increment-run-001,workshop-participant,donation_events_001.csv,2026-08-11T11:59:30Z
EVT-FRS-001879,6001879,2003747,442038,3002423,12000,2026-08-04T23:46:41Z,クレジットカード,increment-run-001,workshop-participant,donation_events_001.csv,2026-08-11T11:59:30Z
EVT-FRS-005636,6005636,2005444,131059,3002609,15000,2026-08-04T23:48:51Z,クレジットカード,increment-run-001,workshop-participant,donation_events_001.csv,2026-08-11T11:59:30Z
EVT-FRS-007566,6007566,2005911,022098,3004411,30000,2026-08-04T23:52:56Z,銀行振込,increment-run-001,workshop-participant,donation_events_001.csv,2026-08-11T11:59:30Z
EVT-FRS-005566,6005566,2009138,112216,3003056,20000,2026-08-04T23:53:14Z,クレジットカード,increment-run-001,workshop-participant,donation_events_001.csv,2026-08-11T11:59:30Z
EVT-FRS-003930,6003930,2002494,402192,3002455,10000,2026-08-04T23:55:08Z,クレジットカード,increment-run-001,workshop-participant,donation_events_001.csv,2026-08-11T11:59:30Z
EVT-FRS-005254,6005254,2003595,272132,3002307,20000,2026-08-04T23:56:35Z,クレジットカード,increment-run-001,workshop-participant,donation_events_001.csv,2026-08-11T11:59:30Z
EVT-FRS-012095,6012095,2008180,272132,3000119,20000,2026-08-05T00:07:10Z,クレジットカード,increment-run-001,workshop-participant,donation_events_001.csv,2026-08-11T11:59:30Z
EVT-FRS-000928,6000928,2010356,472140,3000761,20000,2026-08-05T00:11:23Z,クレジットカード,increment-run-001,workshop-participant,donation_events_001.csv,2026-08-11T11:59:30Z
EVT-FRS-014061,6014061,2010158,242080,3000015,15000,2026-08-05T00:17:36Z,銀行振込,increment-run-001,workshop-participant,donation_events_001.csv,2026-08-11T11:59:30Z
EVT-FRS-004433,6004433,2011699,151009,3001713,10000,2026-08-05T00:20:33Z,クレジットカード,increment-run-001,workshop-participant,donation_events_001.csv,2026-08-11T11:59:30Z
EVT-FRS-000173,6000173,2006993,062031,3000332,20000,2026-08-05T00:26:53Z,クレジットカード,increment-run-001,workshop-participant,donation_events_001.csv,2026-08-11T11:59:30Z
EVT-FRS-000305,6000305,2005829,462063,3005524,8000,2026-08-05T00:33:52Z,コンビニ決済,increment-run-001,workshop-participant,donation_events_001.csv,2026-08-11T11:59:30Z
EVT-FRS-004790,6004790,2001552,142182,3004337,10000,2026-08-05T00:34:32Z,クレジットカード,increment-run-001,workshop-participant,donation_events_001.csv,2026-08-11T11:59:30Z
EVT-FRS-002203,6002203,2008918,062103,3004743,8000,2026-08-05T00:37:13Z,クレジットカード,increment-run-001,workshop-participant,donation_events_001.csv,2026-08-11T11:59:30Z
EVT-FRS-014744,6014744,2004418,092134,3004923,20000,2026-08-05T00:41:51Z,クレジットカード,increment-run-001,workshop-participant,donation_events_001.csv,2026-08-11T11:59:30Z
EVT-FRS-002953,6002953,2007953,072125,3003032,5000,2026-08-05T00:45:30Z,電子決済,increment-run-001,workshop-participant,donation_events_001.csv,2026-08-11T11:59:30Z
EVT-FRS-009959,6009959,2000996,322067,3004673,20000,2026-08-05T00:46:40Z,クレジットカード,increment-run-001,workshop-participant,donation_events_001.csv,2026-08-11T11:59:30Z
EVT-FRS-004097,6004097,2011254,283827,3002913,15000,2026-08-05T00:47:20Z,電子決済,increment-run-001,workshop-participant,donation_events_001.csv,2026-08-11T11:59:30Z
EVT-FRS-003347,6003347,2009177,042030,3000506,8000,2026-08-05T00:48:00Z,クレジットカード,increment-run-001,workshop-participant,donation_events_001.csv,2026-08-11T11:59:30Z
EVT-FRS-005901,6005901,2004547,373419,3001995,10000,2026-08-05T00:51:39Z,電子決済,increment-run-001,workshop-participant,donation_events_001.csv,2026-08-11T11:59:30Z
EVT-FRS-006580,6006580,2004045,052027,3003727,5000,2026-08-05T00:51:48Z,クレジットカード,increment-run-001,workshop-participant,donation_events_001.csv,2026-08-11T11:59:30Z
EVT-FRS-002947,6002947,2004987,092061,3003627,10000,2026-08-05T00:54:35Z,電子決済,increment-run-001,workshop-participant,donation_events_001.csv,2026-08-11T11:59:30Z
EVT-FRS-007064,6007064,2009959,082031,3002616,10000,2026-08-05T00:57:05Z,クレジットカード,increment-run-001,workshop-participant,donation_events_001.csv,2026-08-11T11:59:30Z
EVT-FRS-003619,6003619,2005579,212202,3000896,15000,2026-08-05T00:57:17Z,クレジットカード,increment-run-001,workshop-participant,donation_events_001.csv,2026-08-11T11:59:30Z
EVT-FRS-005134,6005134,2004358,022012,3004642,10000,2026-08-05T00:57:25Z,電子決済,increment-run-001,workshop-participant,donation_events_001.csv,2026-08-11T11:59:30Z
EVT-FRS-011131,6011131,2010378,322041,3000146,12000,2026-08-05T01:08:26Z,コンビニ決済,increment-run-001,workshop-participant,donation_events_001.csv,2026-08-11T11:59:30Z
EVT-FRS-009260,6009260,2001299,052094,3001279,10000,2026-08-05T01:10:39Z,クレジットカード,increment-run-001,workshop-participant,donation_events_001.csv,2026-08-11T11:59:30Z
EVT-FRS-002035,6002035,2006826,464686,3002859,10000,2026-08-05T01:11:27Z,電子決済,increment-run-001,workshop-participant,donation_events_001.csv,2026-08-11T11:59:30Z
EVT-FRS-001819,6001819,2005711,182028,3004811,5000,2026-08-05T01:12:50Z,コンビニ決済,increment-run-001,workshop-participant,donation_events_001.csv,2026-08-11T11:59:30Z
EVT-FRS-001606,6001606,2003008,192074,3005813,5000,2026-08-05T01:13:11Z,電子決済,increment-run-001,workshop-participant,donation_events_001.csv,2026-08-11T11:59:30Z
EVT-FRS-003694,6003694,2005153,472051,3001745,12000,2026-08-05T01:14:34Z,クレジットカード,increment-run-001,workshop-participant,donation_events_001.csv,2026-08-11T11:59:30Z
EVT-FRS-007529,6007529,2011456,462063,3000706,60000,2026-08-05T01:15:07Z,クレジットカード,increment-run-001,workshop-participant,donation_events_001.csv,2026-08-11T11:59:30Z
EVT-FRS-014854,6014854,2011913,012149,3000642,20000,2026-08-05T01:18:50Z,クレジットカード,increment-run-001,workshop-participant,donation_events_001.csv,2026-08-11T11:59:30Z
EVT-FRS-004485,6004485,2007838,261009,3000615,10000,2026-08-05T01:19:33Z,銀行振込,increment-run-001,workshop-participant,donation_events_001.csv,2026-08-11T11:59:30Z
EVT-FRS-006082,6006082,2007743,192023,3004643,10000,2026-08-05T01:22:29Z,クレジットカード,increment-run-001,workshop-participant,donation_events_001.csv,2026-08-11T11:59:30Z
EVT-FRS-003911,6003911,2000751,452025,3003435,10000,2026-08-05T01:23:59Z,電子決済,increment-run-001,workshop-participant,donation_events_001.csv,2026-08-11T11:59:30Z
EVT-FRS-012444,6012444,2002213,222062,3005252,10000,2026-08-05T01:26:32Z,クレジットカード,increment-run-001,workshop-participant,donation_events_001.csv,2026-08-11T11:59:30Z
EVT-FRS-009253,6009253,2001815,342157,3002242,5000,2026-08-05T01:29:00Z,クレジットカード,increment-run-001,workshop-participant,donation_events_001.csv,2026-08-11T11:59:30Z
EVT-FRS-003627,6003627,2004285,402265,3005632,12000,2026-08-05T01:32:54Z,クレジットカード,increment-run-001,workshop-participant,donation_events_001.csv,2026-08-11T11:59:30Z
EVT-FRS-008474,6008474,2005584,272132,3000484,25000,2026-08-05T01:32:55Z,電子決済,increment-run-001,workshop-participant,donation_events_001.csv,2026-08-11T11:59:30Z
EVT-FRS-001925,6001925,2010813,172073,3004365,8000,2026-08-05T01:35:39Z,クレジットカード,increment-run-001,workshop-participant,donation_events_001.csv,2026-08-11T11:59:30Z
EVT-FRS-010208,6010208,2010274,232190,3003166,25000,2026-08-05T01:37:17Z,クレジットカード,increment-run-001,workshop-participant,donation_events_001.csv,2026-08-11T11:59:30Z
EVT-FRS-014262,6014262,2004007,012190,3001672,50000,2026-08-05T01:37:41Z,クレジットカード,increment-run-001,workshop-participant,donation_events_001.csv,2026-08-11T11:59:30Z
EVT-FRS-002674,6002674,2009713,012262,3001586,30000,2026-08-05T01:39:59Z,銀行振込,increment-run-001,workshop-participant,donation_events_001.csv,2026-08-11T11:59:30Z
EVT-FRS-005682,6005682,2006788,452025,3003952,10000,2026-08-05T01:40:00Z,コンビニ決済,increment-run-001,workshop-participant,donation_events_001.csv,2026-08-11T11:59:30Z
EVT-FRS-001954,6001954,2009274,182010,3001040,20000,2026-08-05T01:41:06Z,クレジットカード,increment-run-001,workshop-participant,donation_events_001.csv,2026-08-11T11:59:30Z
EVT-FRS-000974,6000974,2007098,394025,3003075,12000,2026-08-05T01:42:49Z,コンビニ決済,increment-run-001,workshop-participant,donation_events_001.csv,2026-08-11T11:59:30Z
EVT-FRS-012633,6012633,2008348,072141,3003982,15000,2026-08-05T01:45:25Z,クレジットカード,increment-run-001,workshop-participant,donation_events_001.csv,2026-08-11T11:59:30Z
EVT-FRS-004762,6004762,2010213,082074,3005650,70000,2026-08-05T01:47:58Z,電子決済,increment-run-001,workshop-participant,donation_events_001.csv,2026-08-11T11:59:30Z
EVT-FRS-013935,6013935,2007035,202037,3002637,12000,2026-08-05T01:53:17Z,銀行振込,increment-run-001,workshop-participant,donation_events_001.csv,2026-08-11T11:59:30Z
EVT-FRS-010626,6010626,2000556,422096,3002215,30000,2026-08-05T01:55:07Z,電子決済,increment-run-001,workshop-participant,donation_events_001.csv,2026-08-11T11:59:30Z
EVT-FRS-003599,6003599,2008518,414018,3002628,10000,2026-08-05T01:56:52Z,電子決済,increment-run-001,workshop-participant,donation_events_001.csv,2026-08-11T11:59:30Z
EVT-FRS-014712,6014712,2000999,182079,3003995,10000,2026-08-05T02:01:29Z,電子決済,increment-run-001,workshop-participant,donation_events_001.csv,2026-08-11T11:59:30Z
EVT-FRS-000355,6000355,2000112,312037,3000566,10000,2026-08-05T02:04:31Z,クレジットカード,increment-run-001,workshop-participant,donation_events_001.csv,2026-08-11T11:59:30Z
EVT-FRS-000154,6000154,2009857,462217,3002379,12000,2026-08-05T02:05:26Z,クレジットカード,increment-run-001,workshop-participant,donation_events_001.csv,2026-08-11T11:59:30Z
EVT-FRS-011296,6011296,2011302,162108,3001288,10000,2026-08-05T02:10:58Z,電子決済,increment-run-001,workshop-participant,donation_events_001.csv,2026-08-11T11:59:30Z
EVT-FRS-011360,6011360,2006335,382051,3002712,10000,2026-08-05T02:12:33Z,クレジットカード,increment-run-001,workshop-participant,donation_events_001.csv,2026-08-11T11:59:30Z
EVT-FRS-014621,6014621,2008951,222127,3000099,10000,2026-08-05T02:20:07Z,クレジットカード,increment-run-001,workshop-participant,donation_events_001.csv,2026-08-11T11:59:30Z
EVT-FRS-002067,6002067,2001869,282162,3004266,10000,2026-08-05T02:23:24Z,コンビニ決済,increment-run-001,workshop-participant,donation_events_001.csv,2026-08-11T11:59:30Z
EVT-FRS-007215,6007215,2010316,213616,3001950,12000,2026-08-05T02:26:47Z,コンビニ決済,increment-run-001,workshop-participant,donation_events_001.csv,2026-08-11T11:59:30Z
EVT-FRS-012101,6012101,2006294,462080,3005836,15000,2026-08-05T02:27:43Z,クレジットカード,increment-run-001,workshop-participant,donation_events_001.csv,2026-08-11T11:59:30Z
EVT-FRS-006260,6006260,2003190,432156,3003496,10000,2026-08-05T02:28:05Z,電子決済,increment-run-001,workshop-participant,donation_events_001.csv,2026-08-11T11:59:30Z
EVT-FRS-002024,6002024,2004769,172073,3004365,10000,2026-08-05T02:38:56Z,クレジットカード,increment-run-001,workshop-participant,donation_events_001.csv,2026-08-11T11:59:30Z
EVT-FRS-013102,6013102,2008244,172065,3003276,10000,2026-08-05T02:44:19Z,クレジットカード,increment-run-001,workshop-participant,donation_events_001.csv,2026-08-11T11:59:30Z
EVT-FRS-004549,6004549,2001701,112313,3000874,20000,2026-08-05T02:45:40Z,クレジットカード,increment-run-001,workshop-participant,donation_events_001.csv,2026-08-11T11:59:30Z
EVT-FRS-000506,6000506,2010581,392111,3000346,20000,2026-08-05T02:50:39Z,クレジットカード,increment-run-001,workshop-participant,donation_events_001.csv,2026-08-11T11:59:30Z
EVT-FRS-010767,6010767,2007643,102105,3002097,5000,2026-08-05T02:56:30Z,クレジットカード,increment-run-001,workshop-participant,donation_events_001.csv,2026-08-11T11:59:30Z
EVT-FRS-003320,6003320,2009648,462233,3003745,10000,2026-08-05T02:59:12Z,銀行振込,increment-run-001,workshop-participant,donation_events_001.csv,2026-08-11T11:59:30Z
EVT-FRS-009049,6009049,2005470,013315,3000404,10000,2026-08-05T03:09:01Z,クレジットカード,increment-run-001,workshop-participant,donation_events_001.csv,2026-08-11T11:59:30Z
EVT-FRS-009193,6009193,2010514,012351,3004247,10000,2026-08-05T03:12:16Z,クレジットカード,increment-run-001,workshop-participant,donation_events_001.csv,2026-08-11T11:59:30Z
EVT-FRS-003067,6003067,2010206,242161,3000330,50000,2026-08-05T03:13:25Z,銀行振込,increment-run-001,workshop-participant,donation_events_001.csv,2026-08-11T11:59:30Z
EVT-FRS-013027,6013027,2009112,122122,3004474,10000,2026-08-05T03:19:07Z,クレジットカード,increment-run-001,workshop-participant,donation_events_001.csv,2026-08-11T11:59:30Z
EVT-FRS-011779,6011779,2009762,092037,3001998,25000,2026-08-05T03:21:06Z,クレジットカード,increment-run-001,workshop-participant,donation_events_001.csv,2026-08-11T11:59:30Z
EVT-FRS-000842,6000842,2010845,322016,3005697,10000,2026-08-05T03:23:54Z,クレジットカード,increment-run-001,workshop-participant,donation_events_001.csv,2026-08-11T11:59:30Z
EVT-FRS-007892,6007892,2007639,072028,3002288,15000,2026-08-05T03:24:16Z,クレジットカード,increment-run-001,workshop-participant,donation_events_001.csv,2026-08-11T11:59:30Z
EVT-FRS-005776,6005776,2000380,072044,3000184,10000,2026-08-05T03:27:06Z,クレジットカード,increment-run-001,workshop-participant,donation_events_001.csv,2026-08-11T11:59:30Z
EVT-FRS-012716,6012716,2001510,272132,3000119,20000,2026-08-05T03:27:23Z,クレジットカード,increment-run-001,workshop-participant,donation_events_001.csv,2026-08-11T11:59:30Z
EVT-FRS-013208,6013208,2000463,302058,3002312,15000,2026-08-05T03:28:03Z,クレジットカード,increment-run-001,workshop-participant,donation_events_001.csv,2026-08-11T11:59:30Z
EVT-FRS-014024,6014024,2002642,432164,3000310,15000,2026-08-05T03:30:38Z,電子決済,increment-run-001,workshop-participant,donation_events_001.csv,2026-08-11T11:59:30Z
EVT-FRS-008347,6008347,2001477,322032,3004846,15000,2026-08-05T03:39:11Z,コンビニ決済,increment-run-001,workshop-participant,donation_events_001.csv,2026-08-11T11:59:30Z
EVT-FRS-006162,6006162,2010396,392022,3005647,20000,2026-08-05T03:41:14Z,電子決済,increment-run-001,workshop-participant,donation_events_001.csv,2026-08-11T11:59:30Z
EVT-FRS-010612,6010612,2002678,072117,3002715,10000,2026-08-05T03:42:54Z,クレジットカード,increment-run-001,workshop-participant,donation_events_001.csv,2026-08-11T11:59:30Z
EVT-FRS-011781,6011781,2001784,102121,3002965,12000,2026-08-05T03:44:27Z,銀行振込,increment-run-001,workshop-participant,donation_events_001.csv,2026-08-11T11:59:30Z
EVT-FRS-009472,6009472,2008759,102091,3002296,10000,2026-08-05T03:44:56Z,クレジットカード,increment-run-001,workshop-participant,donation_events_001.csv,2026-08-11T11:59:30Z
EVT-FRS-008465,6008465,2004996,472093,3003692,10000,2026-08-05T03:48:07Z,クレジットカード,increment-run-001,workshop-participant,donation_events_001.csv,2026-08-11T11:59:30Z
EVT-FRS-013240,6013240,2000187,162094,3001520,10000,2026-08-05T03:52:27Z,コンビニ決済,increment-run-001,workshop-participant,donation_events_001.csv,2026-08-11T11:59:30Z
EVT-FRS-007535,6007535,2001014,262048,3001057,10000,2026-08-05T03:53:04Z,クレジットカード,increment-run-001,workshop-participant,donation_events_001.csv,2026-08-11T11:59:30Z
EVT-FRS-005823,6005823,2004150,272132,3003549,20000,2026-08-05T03:53:18Z,コンビニ決済,increment-run-001,workshop-participant,donation_events_001.csv,2026-08-11T11:59:30Z
EVT-FRS-012470,6012470,2007630,273414,3001638,20000,2026-08-05T03:54:08Z,クレジットカード,increment-run-001,workshop-participant,donation_events_001.csv,2026-08-11T11:59:30Z
EVT-FRS-011031,6011031,2008314,042129,3000264,8000,2026-08-05T03:54:13Z,電子決済,increment-run-001,workshop-participant,donation_events_001.csv,2026-08-11T11:59:30Z
EVT-FRS-012543,6012543,2001060,092088,3001463,10000,2026-08-05T03:57:17Z,銀行振込,increment-run-001,workshop-participant,donation_events_001.csv,2026-08-11T11:59:30Z
EVT-FRS-001696,6001696,2002980,112321,3005703,15000,2026-08-05T03:59:10Z,クレジットカード,increment-run-001,workshop-participant,donation_events_001.csv,2026-08-11T11:59:30Z
EVT-FRS-012994,6012994,2004413,382043,3002011,30000,2026-08-05T04:06:00Z,クレジットカード,increment-run-001,workshop-participant,donation_events_001.csv,2026-08-11T11:59:30Z
EVT-FRS-004642,6004642,2009781,322041,3004987,15000,2026-08-05T04:11:47Z,クレジットカード,increment-run-001,workshop-participant,donation_events_001.csv,2026-08-11T11:59:30Z
EVT-FRS-001282,6001282,2010308,222143,3000723,30000,2026-08-05T04:12:55Z,クレジットカード,increment-run-001,workshop-participant,donation_events_001.csv,2026-08-11T11:59:30Z
EVT-FRS-000981,6000981,2003060,472085,3001837,20000,2026-08-05T04:13:03Z,クレジットカード,increment-run-001,workshop-participant,donation_events_001.csv,2026-08-11T11:59:30Z
EVT-FRS-009554,6009554,2010249,022071,3005607,5000,2026-08-05T04:19:06Z,クレジットカード,increment-run-001,workshop-participant,donation_events_001.csv,2026-08-11T11:59:30Z
EVT-FRS-011604,6011604,2004967,152111,3005708,20000,2026-08-05T04:21:35Z,クレジットカード,increment-run-001,workshop-participant,donation_events_001.csv,2026-08-11T11:59:30Z
EVT-FRS-009869,6009869,2010144,452050,3000177,12000,2026-08-05T04:22:00Z,電子決済,increment-run-001,workshop-participant,donation_events_001.csv,2026-08-11T11:59:30Z
EVT-FRS-005838,6005838,2008071,472140,3002786,8000,2026-08-05T04:27:10Z,電子決済,increment-run-001,workshop-participant,donation_events_001.csv,2026-08-11T11:59:30Z
EVT-FRS-011799,6011799,2005406,102091,3005625,20000,2026-08-05T04:28:04Z,クレジットカード,increment-run-001,workshop-participant,donation_events_001.csv,2026-08-11T11:59:30Z
EVT-FRS-012989,6012989,2007307,142174,3001616,50000,2026-08-05T04:31:14Z,電子決済,increment-run-001,workshop-participant,donation_events_001.csv,2026-08-11T11:59:30Z
EVT-FRS-006706,6006706,2007613,204048,3004435,20000,2026-08-05T04:33:44Z,クレジットカード,increment-run-001,workshop-participant,donation_events_001.csv,2026-08-11T11:59:30Z
EVT-FRS-004657,6004657,2002142,152188,3000658,8000,2026-08-05T04:34:30Z,クレジットカード,increment-run-001,workshop-participant,donation_events_001.csv,2026-08-11T11:59:30Z
EVT-FRS-005356,6005356,2004737,122131,3003669,40000,2026-08-05T04:35:06Z,クレジットカード,increment-run-001,workshop-participant,donation_events_001.csv,2026-08-11T11:59:30Z
EVT-FRS-010662,6010662,2002812,172103,3002153,20000,2026-08-05T04:39:37Z,クレジットカード,increment-run-001,workshop-participant,donation_events_001.csv,2026-08-11T11:59:30Z
EVT-FRS-004133,6004133,2011781,353418,3001389,10000,2026-08-05T04:43:59Z,銀行振込,increment-run-001,workshop-participant,donation_events_001.csv,2026-08-11T11:59:30Z
EVT-FRS-011326,6011326,2002614,111007,3002165,10000,2026-08-05T04:48:44Z,クレジットカード,increment-run-001,workshop-participant,donation_events_001.csv,2026-08-11T11:59:30Z
EVT-FRS-014513,6014513,2009009,132187,3004886,10000,2026-08-05T04:50:58Z,クレジットカード,increment-run-001,workshop-participant,donation_events_001.csv,2026-08-11T11:59:30Z
EVT-FRS-010137,6010137,2011691,212105,3002448,20000,2026-08-05T04:52:40Z,クレジットカード,increment-run-001,workshop-participant,donation_events_001.csv,2026-08-11T11:59:30Z
EVT-FRS-001188,6001188,2006474,272132,3000548,10000,2026-08-05T04:56:28Z,クレジットカード,increment-run-001,workshop-participant,donation_events_001.csv,2026-08-11T11:59:30Z
EVT-FRS-001788,6001788,2010802,112232,3002650,10000,2026-08-05T04:57:25Z,電子決済,increment-run-001,workshop-participant,donation_events_001.csv,2026-08-11T11:59:30Z
EVT-FRS-000426,6000426,2006101,282057,3002286,20000,2026-08-05T05:02:12Z,クレジットカード,increment-run-001,workshop-participant,donation_events_001.csv,2026-08-11T11:59:30Z
EVT-FRS-014697,6014697,2000539,013927,3002590,20000,2026-08-05T05:07:52Z,電子決済,increment-run-001,workshop-participant,donation_events_001.csv,2026-08-11T11:59:30Z
EVT-FRS-001779,6001779,2004580,142131,3003940,20000,2026-08-05T05:09:20Z,電子決済,increment-run-001,workshop-participant,donation_events_001.csv,2026-08-11T11:59:30Z
EVT-FRS-005865,6005865,2004807,302058,3002312,12000,2026-08-05T05:09:25Z,クレジットカード,increment-run-001,workshop-participant,donation_events_001.csv,2026-08-11T11:59:30Z
EVT-FRS-008704,6008704,2001044,294535,3001920,30000,2026-08-05T05:09:46Z,電子決済,increment-run-001,workshop-participant,donation_events_001.csv,2026-08-11T11:59:30Z
EVT-FRS-007964,6007964,2006066,294438,3000981,50000,2026-08-05T05:15:13Z,コンビニ決済,increment-run-001,workshop-participant,donation_events_001.csv,2026-08-11T11:59:30Z
EVT-FRS-000878,6000878,2003839,442011,3001152,20000,2026-08-05T05:17:49Z,クレジットカード,increment-run-001,workshop-participant,donation_events_001.csv,2026-08-11T11:59:30Z
EVT-FRS-000718,6000718,2007266,192147,3003385,15000,2026-08-05T05:19:15Z,クレジットカード,increment-run-001,workshop-participant,donation_events_001.csv,2026-08-11T11:59:30Z
EVT-FRS-010524,6010524,2005786,154822,3004635,12000,2026-08-05T05:20:43Z,クレジットカード,increment-run-001,workshop-participant,donation_events_001.csv,2026-08-11T11:59:30Z
EVT-FRS-003310,6003310,2001652,152234,3000222,50000,2026-08-05T05:22:06Z,銀行振込,increment-run-001,workshop-participant,donation_events_001.csv,2026-08-11T11:59:30Z
EVT-FRS-011002,6011002,2010355,012181,3005505,25000,2026-08-05T05:24:40Z,クレジットカード,increment-run-001,workshop-participant,donation_events_001.csv,2026-08-11T11:59:30Z
EVT-FRS-013870,6013870,2006917,272256,3005135,5000,2026-08-05T05:29:23Z,電子決済,increment-run-001,workshop-participant,donation_events_001.csv,2026-08-11T11:59:30Z
EVT-FRS-010257,6010257,2000582,132110,3005874,5000,2026-08-05T05:33:20Z,クレジットカード,increment-run-001,workshop-participant,donation_events_001.csv,2026-08-11T11:59:30Z
EVT-FRS-006525,6006525,2010285,205907,3001923,30000,2026-08-05T05:40:44Z,クレジットカード,increment-run-001,workshop-participant,donation_events_001.csv,2026-08-11T11:59:30Z
EVT-FRS-014781,6014781,2009330,252026,3000824,25000,2026-08-05T05:41:03Z,クレジットカード,increment-run-001,workshop-participant,donation_events_001.csv,2026-08-11T11:59:30Z
EVT-FRS-002392,6002392,2010844,473154,3003730,50000,2026-08-05T05:45:41Z,クレジットカード,increment-run-001,workshop-participant,donation_events_001.csv,2026-08-11T11:59:30Z
EVT-FRS-011620,6011620,2003851,111007,3003518,10000,2026-08-05T05:49:51Z,クレジットカード,increment-run-001,workshop-participant,donation_events_001.csv,2026-08-11T11:59:30Z
EVT-FRS-004063,6004063,2004016,062111,3003973,12000,2026-08-05T05:52:32Z,クレジットカード,increment-run-001,workshop-participant,donation_events_001.csv,2026-08-11T11:59:30Z
EVT-FRS-005986,6005986,2000819,352152,3003383,12000,2026-08-05T05:54:31Z,電子決済,increment-run-001,workshop-participant,donation_events_001.csv,2026-08-11T11:59:30Z
EVT-FRS-013364,6013364,2000636,082201,3002249,30000,2026-08-05T06:08:07Z,コンビニ決済,increment-run-001,workshop-participant,donation_events_001.csv,2026-08-11T11:59:30Z
EVT-FRS-014722,6014722,2003694,292079,3001568,12000,2026-08-05T06:08:27Z,コンビニ決済,increment-run-001,workshop-participant,donation_events_001.csv,2026-08-11T11:59:30Z
EVT-FRS-011649,6011649,2003444,072125,3001674,15000,2026-08-05T06:08:45Z,クレジットカード,increment-run-001,workshop-participant,donation_events_001.csv,2026-08-11T11:59:30Z
EVT-FRS-010970,6010970,2010610,402257,3005054,12000,2026-08-05T06:11:08Z,クレジットカード,increment-run-001,workshop-participant,donation_events_001.csv,2026-08-11T11:59:30Z
EVT-FRS-009653,6009653,2010501,122041,3002919,15000,2026-08-05T06:13:21Z,クレジットカード,increment-run-001,workshop-participant,donation_events_001.csv,2026-08-11T11:59:30Z
EVT-FRS-006859,6006859,2009109,262064,3000293,12000,2026-08-05T06:13:35Z,銀行振込,increment-run-001,workshop-participant,donation_events_001.csv,2026-08-11T11:59:30Z
EVT-FRS-012258,6012258,2001361,392081,3005585,15000,2026-08-05T06:15:22Z,クレジットカード,increment-run-001,workshop-participant,donation_events_001.csv,2026-08-11T11:59:30Z
EVT-FRS-013834,6013834,2008143,462217,3003368,10000,2026-08-05T06:16:11Z,クレジットカード,increment-run-001,workshop-participant,donation_events_001.csv,2026-08-11T11:59:30Z
EVT-FRS-004713,6004713,2006818,442089,3003756,10000,2026-08-05T06:16:31Z,クレジットカード,increment-run-001,workshop-participant,donation_events_001.csv,2026-08-11T11:59:30Z
EVT-FRS-000112,6000112,2010347,172057,3003903,8000,2026-08-05T06:18:15Z,銀行振込,increment-run-001,workshop-participant,donation_events_001.csv,2026-08-11T11:59:30Z
EVT-FRS-012241,6012241,2011717,082287,3000284,20000,2026-08-05T06:18:33Z,クレジットカード,increment-run-001,workshop-participant,donation_events_001.csv,2026-08-11T11:59:30Z
EVT-FRS-010241,6010241,2002148,422088,3003702,10000,2026-08-05T06:20:05Z,銀行振込,increment-run-001,workshop-participant,donation_events_001.csv,2026-08-11T11:59:30Z
EVT-FRS-000735,6000735,2004680,132217,3000463,8000,2026-08-05T06:26:42Z,クレジットカード,increment-run-001,workshop-participant,donation_events_001.csv,2026-08-11T11:59:30Z
EVT-FRS-010519,6010519,2005721,152056,3001132,10000,2026-08-05T06:29:51Z,クレジットカード,increment-run-001,workshop-participant,donation_events_001.csv,2026-08-11T11:59:30Z
EVT-FRS-009569,6009569,2002256,252085,3003506,10000,2026-08-05T06:33:45Z,銀行振込,increment-run-001,workshop-participant,donation_events_001.csv,2026-08-11T11:59:30Z
EVT-FRS-004918,6004918,2006453,462241,3002975,25000,2026-08-05T06:36:02Z,クレジットカード,increment-run-001,workshop-participant,donation_events_001.csv,2026-08-11T11:59:30Z
EVT-FRS-001007,6001007,2000914,131229,3005482,15000,2026-08-05T06:43:34Z,電子決済,increment-run-001,workshop-participant,donation_events_001.csv,2026-08-11T11:59:30Z
EVT-FRS-009705,6009705,2008412,232254,3003199,10000,2026-08-05T06:44:55Z,クレジットカード,increment-run-001,workshop-participant,donation_events_001.csv,2026-08-11T11:59:30Z
EVT-FRS-003549,6003549,2002479,271403,3005832,10000,2026-08-05T06:51:56Z,クレジットカード,increment-run-001,workshop-participant,donation_events_001.csv,2026-08-11T11:59:30Z
EVT-FRS-002152,6002152,2009626,272141,3003983,20000,2026-08-05T06:52:33Z,クレジットカード,increment-run-001,workshop-participant,donation_events_001.csv,2026-08-11T11:59:30Z
EVT-FRS-004956,6004956,2005307,232165,3002723,10000,2026-08-05T06:54:52Z,クレジットカード,increment-run-001,workshop-participant,donation_events_001.csv,2026-08-11T11:59:30Z
EVT-FRS-000176,6000176,2010040,402265,3003852,8000,2026-08-05T06:57:59Z,クレジットカード,increment-run-001,workshop-participant,donation_events_001.csv,2026-08-11T11:59:30Z
EVT-FRS-001170,6001170,2010537,152064,3004224,20000,2026-08-05T07:01:01Z,クレジットカード,increment-run-001,workshop-participant,donation_events_001.csv,2026-08-11T11:59:30Z
EVT-FRS-003277,6003277,2000638,112429,3003245,5000,2026-08-05T07:02:42Z,クレジットカード,increment-run-001,workshop-participant,donation_events_001.csv,2026-08-11T11:59:30Z
EVT-FRS-007021,6007021,2001940,272281,3003423,15000,2026-08-05T07:07:47Z,クレジットカード,increment-run-001,workshop-participant,donation_events_001.csv,2026-08-11T11:59:30Z
EVT-FRS-005373,6005373,2011855,022098,3005578,20000,2026-08-05T07:09:22Z,クレジットカード,increment-run-001,workshop-participant,donation_events_001.csv,2026-08-11T11:59:30Z
EVT-FRS-010376,6010376,2009514,013340,3001976,15000,2026-08-05T07:11:07Z,クレジットカード,increment-run-001,workshop-participant,donation_events_001.csv,2026-08-11T11:59:30Z
EVT-FRS-010891,6010891,2011191,232114,3004234,20000,2026-08-05T07:16:38Z,電子決済,increment-run-001,workshop-participant,donation_events_001.csv,2026-08-11T11:59:30Z
EVT-FRS-009400,6009400,2010698,472140,3000761,20000,2026-08-05T07:16:40Z,銀行振込,increment-run-001,workshop-participant,donation_events_001.csv,2026-08-11T11:59:30Z
EVT-FRS-008804,6008804,2004079,272132,3002307,10000,2026-08-05T07:21:08Z,クレジットカード,increment-run-001,workshop-participant,donation_events_001.csv,2026-08-11T11:59:30Z
EVT-FRS-013177,6013177,2003913,343692,3005006,25000,2026-08-05T07:21:49Z,クレジットカード,increment-run-001,workshop-participant,donation_events_001.csv,2026-08-11T11:59:30Z
EVT-FRS-011678,6011678,2000928,092169,3002735,100000,2026-08-05T07:22:08Z,クレジットカード,increment-run-001,workshop-participant,donation_events_001.csv,2026-08-11T11:59:30Z
EVT-FRS-006000,6006000,2001443,442046,3000475,20000,2026-08-05T07:25:57Z,クレジットカード,increment-run-001,workshop-participant,donation_events_001.csv,2026-08-11T11:59:30Z
EVT-FRS-005817,6005817,2011790,202118,3002622,30000,2026-08-05T07:26:49Z,クレジットカード,increment-run-001,workshop-participant,donation_events_001.csv,2026-08-11T11:59:30Z
EVT-FRS-011138,6011138,2005934,402150,3000176,10000,2026-08-05T07:28:17Z,銀行振込,increment-run-001,workshop-participant,donation_events_001.csv,2026-08-11T11:59:30Z
EVT-FRS-011692,6011692,2000461,012220,3003077,10000,2026-08-05T07:32:35Z,銀行振込,increment-run-001,workshop-participant,donation_events_001.csv,2026-08-11T11:59:30Z
EVT-FRS-006276,6006276,2005856,072133,3002827,10000,2026-08-05T07:34:35Z,電子決済,increment-run-001,workshop-participant,donation_events_001.csv,2026-08-11T11:59:30Z
EVT-FRS-009988,6009988,2011859,213616,3001117,10000,2026-08-05T07:34:38Z,クレジットカード,increment-run-001,workshop-participant,donation_events_001.csv,2026-08-11T11:59:30Z
EVT-FRS-014828,6014828,2005455,282189,3001646,30000,2026-08-05T07:42:40Z,クレジットカード,increment-run-001,workshop-participant,donation_events_001.csv,2026-08-11T11:59:30Z
EVT-FRS-011425,6011425,2000070,232327,3002462,20000,2026-08-05T07:45:26Z,電子決済,increment-run-001,workshop-participant,donation_events_001.csv,2026-08-11T11:59:30Z
EVT-FRS-010741,6010741,2002285,112178,3005619,10000,2026-08-05T07:46:08Z,電子決済,increment-run-001,workshop-participant,donation_events_001.csv,2026-08-11T11:59:30Z
EVT-FRS-009811,6009811,2011360,052060,3002292,25000,2026-08-05T07:52:57Z,クレジットカード,increment-run-001,workshop-participant,donation_events_001.csv,2026-08-11T11:59:30Z
EVT-FRS-012492,6012492,2009411,072133,3004100,10000,2026-08-05T07:53:06Z,クレジットカード,increment-run-001,workshop-participant,donation_events_001.csv,2026-08-11T11:59:30Z
EVT-FRS-009694,6009694,2009356,162043,3000421,10000,2026-08-05T07:53:33Z,銀行振込,increment-run-001,workshop-participant,donation_events_001.csv,2026-08-11T11:59:30Z
EVT-FRS-000944,6000944,2007737,182028,3004323,10000,2026-08-05T07:54:52Z,電子決済,increment-run-001,workshop-participant,donation_events_001.csv,2026-08-11T11:59:30Z
EVT-FRS-001167,6001167,2003901,142140,3003346,15000,2026-08-05T07:59:33Z,電子決済,increment-run-001,workshop-participant,donation_events_001.csv,2026-08-11T11:59:30Z
EVT-FRS-005637,6005637,2004868,052141,3004446,25000,2026-08-05T08:03:12Z,クレジットカード,increment-run-001,workshop-participant,donation_events_001.csv,2026-08-11T11:59:30Z
EVT-FRS-012780,6012780,2000713,204501,3001159,10000,2026-08-05T08:08:15Z,コンビニ決済,increment-run-001,workshop-participant,donation_events_001.csv,2026-08-11T11:59:30Z
EVT-FRS-011371,6011371,2006305,304271,3002904,20000,2026-08-05T08:12:41Z,コンビニ決済,increment-run-001,workshop-participant,donation_events_001.csv,2026-08-11T11:59:30Z
EVT-FRS-014471,6014471,2001205,052027,3005033,15000,2026-08-05T08:16:06Z,クレジットカード,increment-run-001,workshop-participant,donation_events_001.csv,2026-08-11T11:59:30Z
EVT-FRS-007490,6007490,2005890,262111,3003116,10000,2026-08-05T08:18:22Z,クレジットカード,increment-run-001,workshop-participant,donation_events_001.csv,2026-08-11T11:59:30Z
EVT-FRS-004265,6004265,2002040,402044,3001133,10000,2026-08-05T08:23:12Z,クレジットカード,increment-run-001,workshop-participant,donation_events_001.csv,2026-08-11T11:59:30Z
EVT-FRS-007047,6007047,2009404,372081,3000520,20000,2026-08-05T08:27:43Z,電子決済,increment-run-001,workshop-participant,donation_events_001.csv,2026-08-11T11:59:30Z
EVT-FRS-000133,6000133,2004405,473031,3001204,5000,2026-08-05T08:34:53Z,クレジットカード,increment-run-001,workshop-participant,donation_events_001.csv,2026-08-11T11:59:30Z
EVT-FRS-001524,6001524,2009819,062065,3002261,20000,2026-08-05T08:35:30Z,コンビニ決済,increment-run-001,workshop-participant,donation_events_001.csv,2026-08-11T11:59:30Z
EVT-FRS-008137,6008137,2000610,112071,3002400,25000,2026-08-05T08:36:48Z,クレジットカード,increment-run-001,workshop-participant,donation_events_001.csv,2026-08-11T11:59:30Z
EVT-FRS-002489,6002489,2006426,452025,3003388,12000,2026-08-05T08:43:19Z,クレジットカード,increment-run-001,workshop-participant,donation_events_001.csv,2026-08-11T11:59:30Z
EVT-FRS-005177,6005177,2009338,122131,3005857,20000,2026-08-05T08:43:51Z,クレジットカード,increment-run-001,workshop-participant,donation_events_001.csv,2026-08-11T11:59:30Z
EVT-FRS-013428,6013428,2004093,282189,3004060,10000,2026-08-05T08:44:24Z,銀行振込,increment-run-001,workshop-participant,donation_events_001.csv,2026-08-11T11:59:30Z
EVT-FRS-004719,6004719,2004750,042030,3001044,10000,2026-08-05T08:45:08Z,コンビニ決済,increment-run-001,workshop-participant,donation_events_001.csv,2026-08-11T11:59:30Z
EVT-FRS-003162,6003162,2006529,093611,3001661,5000,2026-08-05T08:47:38Z,クレジットカード,increment-run-001,workshop-participant,donation_events_001.csv,2026-08-11T11:59:30Z
EVT-FRS-014327,6014327,2002844,102059,3002465,10000,2026-08-05T08:49:37Z,電子決済,increment-run-001,workshop-participant,donation_events_001.csv,2026-08-11T11:59:30Z
EVT-FRS-006219,6006219,2003075,162060,3000825,5000,2026-08-05T08:50:17Z,クレジットカード,increment-run-001,workshop-participant,donation_events_001.csv,2026-08-11T11:59:30Z
EVT-FRS-003550,6003550,2004220,082309,3002385,10000,2026-08-05T08:50:30Z,銀行振込,increment-run-001,workshop-participant,donation_events_001.csv,2026-08-11T11:59:30Z
EVT-FRS-007814,6007814,2007184,204145,3004622,60000,2026-08-05T08:54:28Z,コンビニ決済,increment-run-001,workshop-participant,donation_events_001.csv,2026-08-11T11:59:30Z
EVT-FRS-007619,6007619,2011777,462187,3004448,20000,2026-08-05T08:56:53Z,クレジットカード,increment-run-001,workshop-participant,donation_events_001.csv,2026-08-11T11:59:30Z
EVT-FRS-006518,6006518,2006059,452033,3004403,25000,2026-08-05T08:58:58Z,クレジットカード,increment-run-001,workshop-participant,donation_events_001.csv,2026-08-11T11:59:30Z
EVT-FRS-000182,6000182,2005205,142131,3003940,30000,2026-08-05T09:00:53Z,クレジットカード,increment-run-001,workshop-participant,donation_events_001.csv,2026-08-11T11:59:30Z
EVT-FRS-008509,6008509,2004744,022021,3000544,20000,2026-08-05T09:04:18Z,電子決済,increment-run-001,workshop-participant,donation_events_001.csv,2026-08-11T11:59:30Z
EVT-FRS-001776,6001776,2008016,182028,3004323,10000,2026-08-05T09:07:22Z,電子決済,increment-run-001,workshop-participant,donation_events_001.csv,2026-08-11T11:59:30Z
EVT-FRS-008156,6008156,2005799,142107,3001900,10000,2026-08-05T09:12:14Z,銀行振込,increment-run-001,workshop-participant,donation_events_001.csv,2026-08-11T11:59:30Z
EVT-FRS-014568,6014568,2008143,232386,3003278,10000,2026-08-05T09:14:28Z,クレジットカード,increment-run-001,workshop-participant,donation_events_001.csv,2026-08-11T11:59:30Z
EVT-FRS-012720,6012720,2000020,243035,3004041,50000,2026-08-05T09:16:36Z,クレジットカード,increment-run-001,workshop-participant,donation_events_001.csv,2026-08-11T11:59:30Z
EVT-FRS-005854,6005854,2008982,332089,3005179,10000,2026-08-05T09:20:00Z,クレジットカード,increment-run-001,workshop-participant,donation_events_001.csv,2026-08-11T11:59:30Z
EVT-FRS-009362,6009362,2004466,062138,3005709,10000,2026-08-05T09:21:26Z,クレジットカード,increment-run-001,workshop-participant,donation_events_001.csv,2026-08-11T11:59:30Z
EVT-FRS-014345,6014345,2004580,422045,3001897,8000,2026-08-05T09:22:43Z,電子決済,increment-run-001,workshop-participant,donation_events_001.csv,2026-08-11T11:59:30Z
EVT-FRS-013064,6013064,2011332,202053,3000900,15000,2026-08-05T09:24:12Z,クレジットカード,increment-run-001,workshop-participant,donation_events_001.csv,2026-08-11T11:59:30Z
EVT-FRS-003824,6003824,2002241,112453,3000983,50000,2026-08-05T09:26:23Z,電子決済,increment-run-001,workshop-participant,donation_events_001.csv,2026-08-11T11:59:30Z
EVT-FRS-006424,6006424,2011049,103667,3000949,10000,2026-08-05T09:27:35Z,クレジットカード,increment-run-001,workshop-participant,donation_events_001.csv,2026-08-11T11:59:30Z
EVT-FRS-008906,6008906,2000707,372013,3005184,8000,2026-08-05T09:29:02Z,クレジットカード,increment-run-001,workshop-participant,donation_events_001.csv,2026-08-11T11:59:30Z
EVT-FRS-014062,6014062,2002755,012084,3002792,10000,2026-08-05T09:30:40Z,電子決済,increment-run-001,workshop-participant,donation_events_001.csv,2026-08-11T11:59:30Z
EVT-FRS-000445,6000445,2009663,422011,3003339,10000,2026-08-05T09:31:16Z,クレジットカード,increment-run-001,workshop-participant,donation_events_001.csv,2026-08-11T11:59:30Z
EVT-FRS-012115,6012115,2006326,292061,3004176,15000,2026-08-05T09:34:47Z,クレジットカード,increment-run-001,workshop-participant,donation_events_001.csv,2026-08-11T11:59:30Z
EVT-FRS-013283,6013283,2006251,422118,3000079,12000,2026-08-05T09:34:52Z,クレジットカード,increment-run-001,workshop-participant,donation_events_001.csv,2026-08-11T11:59:30Z
EVT-FRS-000115,6000115,2005131,023019,3000364,5000,2026-08-05T09:35:33Z,クレジットカード,increment-run-001,workshop-participant,donation_events_001.csv,2026-08-11T11:59:30Z
EVT-FRS-001755,6001755,2004050,132187,3002467,5000,2026-08-05T09:38:01Z,クレジットカード,increment-run-001,workshop-participant,donation_events_001.csv,2026-08-11T11:59:30Z
EVT-FRS-014050,6014050,2000646,123293,3000031,15000,2026-08-05T09:40:48Z,クレジットカード,increment-run-001,workshop-participant,donation_events_001.csv,2026-08-11T11:59:30Z
EVT-FRS-004971,6004971,2005730,242144,3005733,30000,2026-08-05T09:41:32Z,クレジットカード,increment-run-001,workshop-participant,donation_events_001.csv,2026-08-11T11:59:30Z
EVT-FRS-002403,6002403,2005489,272167,3004939,20000,2026-08-05T09:42:47Z,クレジットカード,increment-run-001,workshop-participant,donation_events_001.csv,2026-08-11T11:59:30Z
EVT-FRS-002059,6002059,2000433,131083,3004712,20000,2026-08-05T09:43:18Z,クレジットカード,increment-run-001,workshop-participant,donation_events_001.csv,2026-08-11T11:59:30Z
EVT-FRS-009477,6009477,2005698,182095,3004061,10000,2026-08-05T09:44:39Z,クレジットカード,increment-run-001,workshop-participant,donation_events_001.csv,2026-08-11T11:59:30Z
EVT-FRS-013616,6013616,2004466,322032,3000350,15000,2026-08-05T09:44:43Z,クレジットカード,increment-run-001,workshop-participant,donation_events_001.csv,2026-08-11T11:59:30Z
EVT-FRS-003487,6003487,2002564,112305,3005512,15000,2026-08-05T09:52:50Z,電子決済,increment-run-001,workshop-participant,donation_events_001.csv,2026-08-11T11:59:30Z
EVT-FRS-012894,6012894,2001257,222127,3000099,20000,2026-08-05T09:55:17Z,クレジットカード,increment-run-001,workshop-participant,donation_events_001.csv,2026-08-11T11:59:30Z
EVT-FRS-003761,6003761,2010688,012262,3005895,20000,2026-08-05T09:56:47Z,コンビニ決済,increment-run-001,workshop-participant,donation_events_001.csv,2026-08-11T11:59:30Z
EVT-FRS-013213,6013213,2005031,322091,3001551,50000,2026-08-05T09:58:47Z,電子決済,increment-run-001,workshop-participant,donation_events_001.csv,2026-08-11T11:59:30Z
EVT-FRS-006526,6006526,2001174,252018,3003455,20000,2026-08-05T10:01:41Z,クレジットカード,increment-run-001,workshop-participant,donation_events_001.csv,2026-08-11T11:59:30Z
EVT-FRS-013451,6013451,2008899,012203,3003863,10000,2026-08-05T10:04:52Z,電子決済,increment-run-001,workshop-participant,donation_events_001.csv,2026-08-11T11:59:30Z
EVT-FRS-000080,6000080,2002591,232386,3005495,20000,2026-08-05T10:07:00Z,クレジットカード,increment-run-001,workshop-participant,donation_events_001.csv,2026-08-11T11:59:30Z
EVT-FRS-001762,6001762,2008785,372048,3003720,10000,2026-08-05T10:14:53Z,コンビニ決済,increment-run-001,workshop-participant,donation_events_001.csv,2026-08-11T11:59:30Z
EVT-FRS-000041,6000041,2009389,015172,3003397,15000,2026-08-05T10:14:59Z,クレジットカード,increment-run-001,workshop-participant,donation_events_001.csv,2026-08-11T11:59:30Z
EVT-FRS-014416,6014416,2011048,012068,3005494,5000,2026-08-05T10:18:21Z,クレジットカード,increment-run-001,workshop-participant,donation_events_001.csv,2026-08-11T11:59:30Z
EVT-FRS-002115,6002115,2005369,202134,3005250,8000,2026-08-05T10:19:45Z,クレジットカード,increment-run-001,workshop-participant,donation_events_001.csv,2026-08-11T11:59:30Z
EVT-FRS-011970,6011970,2011289,272132,3002307,50000,2026-08-05T10:27:50Z,クレジットカード,increment-run-001,workshop-participant,donation_events_001.csv,2026-08-11T11:59:30Z
EVT-FRS-000680,6000680,2003329,261009,3005540,10000,2026-08-05T10:29:13Z,電子決済,increment-run-001,workshop-participant,donation_events_001.csv,2026-08-11T11:59:30Z
EVT-FRS-006198,6006198,2006505,142166,3005251,20000,2026-08-05T10:29:13Z,クレジットカード,increment-run-001,workshop-participant,donation_events_001.csv,2026-08-11T11:59:30Z
EVT-FRS-006522,6006522,2011402,232165,3002723,15000,2026-08-05T10:31:42Z,クレジットカード,increment-run-001,workshop-participant,donation_events_001.csv,2026-08-11T11:59:30Z
EVT-FRS-008438,6008438,2007064,112194,3000147,25000,2026-08-05T10:32:02Z,クレジットカード,increment-run-001,workshop-participant,donation_events_001.csv,2026-08-11T11:59:30Z
EVT-FRS-002211,6002211,2010209,132152,3004309,50000,2026-08-05T10:35:55Z,電子決済,increment-run-001,workshop-participant,donation_events_001.csv,2026-08-11T11:59:30Z
EVT-FRS-003864,6003864,2010543,262013,3002380,12000,2026-08-05T10:37:14Z,クレジットカード,increment-run-001,workshop-participant,donation_events_001.csv,2026-08-11T11:59:30Z
EVT-FRS-006176,6006176,2003819,102067,3005227,30000,2026-08-05T10:39:40Z,クレジットカード,increment-run-001,workshop-participant,donation_events_001.csv,2026-08-11T11:59:30Z
EVT-FRS-005860,6005860,2011368,092151,3001911,10000,2026-08-05T10:43:28Z,クレジットカード,increment-run-001,workshop-participant,donation_events_001.csv,2026-08-11T11:59:30Z
EVT-FRS-012409,6012409,2008560,192147,3003828,15000,2026-08-05T10:47:31Z,クレジットカード,increment-run-001,workshop-participant,donation_events_001.csv,2026-08-11T11:59:30Z
EVT-FRS-012932,6012932,2001105,452025,3003952,25000,2026-08-05T10:49:01Z,銀行振込,increment-run-001,workshop-participant,donation_events_001.csv,2026-08-11T11:59:30Z
EVT-FRS-013654,6013654,2008386,052035,3001265,50000,2026-08-05T10:54:06Z,クレジットカード,increment-run-001,workshop-participant,donation_events_001.csv,2026-08-11T11:59:30Z
EVT-FRS-003444,6003444,2009969,032107,3001964,10000,2026-08-05T10:54:16Z,クレジットカード,increment-run-001,workshop-participant,donation_events_001.csv,2026-08-11T11:59:30Z
EVT-FRS-003584,6003584,2006376,402290,3000864,15000,2026-08-05T10:55:24Z,銀行振込,increment-run-001,workshop-participant,donation_events_001.csv,2026-08-11T11:59:30Z
EVT-FRS-007762,6007762,2007930,462161,3001078,20000,2026-08-05T11:02:26Z,電子決済,increment-run-001,workshop-participant,donation_events_001.csv,2026-08-11T11:59:30Z
EVT-FRS-002008,6002008,2004582,272281,3003423,10000,2026-08-05T11:04:21Z,クレジットカード,increment-run-001,workshop-participant,donation_events_001.csv,2026-08-11T11:59:30Z
EVT-FRS-004055,6004055,2004685,363219,3000302,8000,2026-08-05T11:05:38Z,クレジットカード,increment-run-001,workshop-participant,donation_events_001.csv,2026-08-11T11:59:30Z
EVT-FRS-006882,6006882,2006726,432113,3002983,15000,2026-08-05T11:07:11Z,電子決済,increment-run-001,workshop-participant,donation_events_001.csv,2026-08-11T11:59:30Z
EVT-FRS-006293,6006293,2002296,112259,3000648,15000,2026-08-05T11:08:02Z,クレジットカード,increment-run-001,workshop-participant,donation_events_001.csv,2026-08-11T11:59:30Z
EVT-FRS-014684,6014684,2009760,012068,3003304,25000,2026-08-05T11:08:07Z,クレジットカード,increment-run-001,workshop-participant,donation_events_001.csv,2026-08-11T11:59:30Z
EVT-FRS-013457,6013457,2011065,222267,3002229,15000,2026-08-05T11:10:00Z,クレジットカード,increment-run-001,workshop-participant,donation_events_001.csv,2026-08-11T11:59:30Z
EVT-FRS-004643,6004643,2011021,452084,3002388,10000,2026-08-05T11:11:01Z,クレジットカード,increment-run-001,workshop-participant,donation_events_001.csv,2026-08-11T11:59:30Z
EVT-FRS-008232,6008232,2001676,403482,3001564,20000,2026-08-05T11:11:02Z,クレジットカード,increment-run-001,workshop-participant,donation_events_001.csv,2026-08-11T11:59:30Z
EVT-FRS-012203,6012203,2000237,242101,3002994,25000,2026-08-05T11:11:21Z,電子決済,increment-run-001,workshop-participant,donation_events_001.csv,2026-08-11T11:59:30Z
EVT-FRS-007370,6007370,2000023,042030,3005933,15000,2026-08-05T11:11:46Z,クレジットカード,increment-run-001,workshop-participant,donation_events_001.csv,2026-08-11T11:59:30Z
EVT-FRS-006936,6006936,2005970,452025,3003388,10000,2026-08-05T11:11:55Z,クレジットカード,increment-run-001,workshop-participant,donation_events_001.csv,2026-08-11T11:59:30Z
EVT-FRS-013128,6013128,2006281,122297,3000525,10000,2026-08-05T11:15:32Z,クレジットカード,increment-run-001,workshop-participant,donation_events_001.csv,2026-08-11T11:59:30Z
EVT-FRS-012838,6012838,2011683,272132,3002307,10000,2026-08-05T11:16:09Z,電子決済,increment-run-001,workshop-participant,donation_events_001.csv,2026-08-11T11:59:30Z
EVT-FRS-000203,6000203,2008021,262129,3000104,25000,2026-08-05T11:25:09Z,クレジットカード,increment-run-001,workshop-participant,donation_events_001.csv,2026-08-11T11:59:30Z
EVT-FRS-007783,6007783,2007789,252131,3002936,15000,2026-08-05T11:25:49Z,クレジットカード,increment-run-001,workshop-participant,donation_events_001.csv,2026-08-11T11:59:30Z
EVT-FRS-003014,6003014,2004698,202151,3003574,10000,2026-08-05T11:31:03Z,クレジットカード,increment-run-001,workshop-participant,donation_events_001.csv,2026-08-11T11:59:30Z
EVT-FRS-011762,6011762,2000812,012084,3005151,10000,2026-08-05T11:31:41Z,電子決済,increment-run-001,workshop-participant,donation_events_001.csv,2026-08-11T11:59:30Z
EVT-FRS-009435,6009435,2007924,132021,3000844,10000,2026-08-05T11:31:51Z,クレジットカード,increment-run-001,workshop-participant,donation_events_001.csv,2026-08-11T11:59:30Z
EVT-FRS-004876,6004876,2000189,442089,3004154,10000,2026-08-05T11:34:24Z,銀行振込,increment-run-001,workshop-participant,donation_events_001.csv,2026-08-11T11:59:30Z
EVT-FRS-006282,6006282,2011145,422070,3000272,10000,2026-08-05T11:35:42Z,電子決済,increment-run-001,workshop-participant,donation_events_001.csv,2026-08-11T11:59:30Z
EVT-FRS-002016,6002016,2008191,172073,3005905,10000,2026-08-05T11:36:54Z,クレジットカード,increment-run-001,workshop-participant,donation_events_001.csv,2026-08-11T11:59:30Z
EVT-FRS-011438,6011438,2006135,142140,3000590,20000,2026-08-05T11:43:30Z,クレジットカード,increment-run-001,workshop-participant,donation_events_001.csv,2026-08-11T11:59:30Z
EVT-FRS-002069,6002069,2003434,452025,3003435,15000,2026-08-05T11:48:35Z,クレジットカード,increment-run-001,workshop-participant,donation_events_001.csv,2026-08-11T11:59:30Z
EVT-FRS-001864,6001864,2008583,372048,3004580,10000,2026-08-05T11:50:46Z,電子決済,increment-run-001,workshop-participant,donation_events_001.csv,2026-08-11T11:59:30Z
EVT-FRS-001024,6001024,2004875,232157,3003410,25000,2026-08-05T11:51:51Z,クレジットカード,increment-run-001,workshop-participant,donation_events_001.csv,2026-08-11T11:59:30Z
EVT-FRS-012353,6012353,2003458,372048,3001604,25000,2026-08-05T11:58:08Z,コンビニ決済,increment-run-001,workshop-participant,donation_events_001.csv,2026-08-11T11:59:30Z
EVT-FRS-010500,6010500,2006274,272183,3002258,10000,2026-08-05T12:08:29Z,クレジットカード,increment-run-001,workshop-participant,donation_events_001.csv,2026-08-11T11:59:30Z
EVT-FRS-013242,6013242,2004766,082368,3000796,25000,2026-08-05T12:09:00Z,電子決済,increment-run-001,workshop-participant,donation_events_001.csv,2026-08-11T11:59:30Z
EVT-FRS-010852,6010852,2009162,432105,3001470,15000,2026-08-05T12:15:30Z,クレジットカード,increment-run-001,workshop-participant,donation_events_001.csv,2026-08-11T11:59:30Z
EVT-FRS-014414,6014414,2002200,062103,3005239,10000,2026-08-05T12:19:41Z,クレジットカード,increment-run-001,workshop-participant,donation_events_001.csv,2026-08-11T11:59:30Z
EVT-FRS-001988,6001988,2003881,262102,3001552,20000,2026-08-05T12:20:02Z,銀行振込,increment-run-001,workshop-participant,donation_events_001.csv,2026-08-11T11:59:30Z
EVT-FRS-012139,6012139,2011830,012173,3004165,8000,2026-08-05T12:21:37Z,クレジットカード,increment-run-001,workshop-participant,donation_events_001.csv,2026-08-11T11:59:30Z
EVT-FRS-003016,6003016,2005330,223042,3004059,10000,2026-08-05T12:23:52Z,クレジットカード,increment-run-001,workshop-participant,donation_events_001.csv,2026-08-11T11:59:30Z
EVT-FRS-012611,6012611,2011908,182010,3001372,8000,2026-08-05T12:27:32Z,コンビニ決済,increment-run-001,workshop-participant,donation_events_001.csv,2026-08-11T11:59:30Z
EVT-FRS-009359,6009359,2005891,232131,3005290,100000,2026-08-05T12:31:36Z,銀行振込,increment-run-001,workshop-participant,donation_events_001.csv,2026-08-11T11:59:30Z
EVT-FRS-001319,6001319,2005068,202061,3003175,15000,2026-08-05T12:32:47Z,クレジットカード,increment-run-001,workshop-participant,donation_events_001.csv,2026-08-11T11:59:30Z
EVT-FRS-012609,6012609,2003512,182087,3004186,12000,2026-08-05T12:37:25Z,クレジットカード,increment-run-001,workshop-participant,donation_events_001.csv,2026-08-11T11:59:30Z
EVT-FRS-009858,6009858,2002379,062120,3000130,10000,2026-08-05T12:46:26Z,クレジットカード,increment-run-001,workshop-participant,donation_events_001.csv,2026-08-11T11:59:30Z
EVT-FRS-002004,6002004,2000673,462225,3004840,20000,2026-08-05T12:46:31Z,電子決済,increment-run-001,workshop-participant,donation_events_001.csv,2026-08-11T11:59:30Z
EVT-FRS-004872,6004872,2011011,082163,3004612,15000,2026-08-05T12:50:07Z,電子決済,increment-run-001,workshop-participant,donation_events_001.csv,2026-08-11T11:59:30Z
EVT-FRS-011519,6011519,2010405,212164,3003432,20000,2026-08-05T12:52:00Z,クレジットカード,increment-run-001,workshop-participant,donation_events_001.csv,2026-08-11T11:59:30Z
EVT-FRS-014582,6014582,2008752,442071,3003252,10000,2026-08-05T12:59:11Z,銀行振込,increment-run-001,workshop-participant,donation_events_001.csv,2026-08-11T11:59:30Z
EVT-FRS-008961,6008961,2008789,122301,3003885,30000,2026-08-05T13:03:22Z,クレジットカード,increment-run-001,workshop-participant,donation_events_001.csv,2026-08-11T11:59:30Z
EVT-FRS-011962,6011962,2005160,082147,3000610,12000,2026-08-05T13:04:40Z,電子決済,increment-run-001,workshop-participant,donation_events_001.csv,2026-08-11T11:59:30Z
EVT-FRS-014091,6014091,2006386,252115,3003154,30000,2026-08-05T13:10:36Z,クレジットカード,increment-run-001,workshop-participant,donation_events_001.csv,2026-08-11T11:59:30Z
EVT-FRS-006989,6006989,2001695,132187,3001701,15000,2026-08-05T13:15:24Z,クレジットカード,increment-run-001,workshop-participant,donation_events_001.csv,2026-08-11T11:59:30Z
EVT-FRS-009845,6009845,2001849,242080,3002343,12000,2026-08-05T13:20:51Z,クレジットカード,increment-run-001,workshop-participant,donation_events_001.csv,2026-08-11T11:59:30Z
EVT-FRS-010244,6010244,2010193,352039,3002874,10000,2026-08-05T13:22:28Z,コンビニ決済,increment-run-001,workshop-participant,donation_events_001.csv,2026-08-11T11:59:30Z
EVT-FRS-014164,6014164,2003747,282286,3004235,10000,2026-08-05T13:27:20Z,クレジットカード,increment-run-001,workshop-participant,donation_events_001.csv,2026-08-11T11:59:30Z
EVT-FRS-009018,6009018,2011175,012149,3001903,40000,2026-08-05T13:28:21Z,クレジットカード,increment-run-001,workshop-participant,donation_events_001.csv,2026-08-11T11:59:30Z
EVT-FRS-009316,6009316,2010894,282022,3000928,20000,2026-08-05T13:28:26Z,電子決済,increment-run-001,workshop-participant,donation_events_001.csv,2026-08-11T11:59:30Z
EVT-FRS-002209,6002209,2011996,102113,3001739,50000,2026-08-05T13:31:43Z,クレジットカード,increment-run-001,workshop-participant,donation_events_001.csv,2026-08-11T11:59:30Z
EVT-FRS-007866,6007866,2004211,132233,3000670,15000,2026-08-05T13:34:48Z,クレジットカード,increment-run-001,workshop-participant,donation_events_001.csv,2026-08-11T11:59:30Z
EVT-FRS-008126,6008126,2007157,302023,3004352,12000,2026-08-05T13:35:15Z,クレジットカード,increment-run-001,workshop-participant,donation_events_001.csv,2026-08-11T11:59:30Z
EVT-FRS-004731,6004731,2005185,112381,3000961,40000,2026-08-05T13:36:39Z,電子決済,increment-run-001,workshop-participant,donation_events_001.csv,2026-08-11T11:59:30Z
EVT-FRS-010872,6010872,2003759,012190,3001672,30000,2026-08-05T13:37:08Z,クレジットカード,increment-run-001,workshop-participant,donation_events_001.csv,2026-08-11T11:59:30Z
EVT-FRS-009914,6009914,2006755,442135,3003352,10000,2026-08-05T13:37:43Z,電子決済,increment-run-001,workshop-participant,donation_events_001.csv,2026-08-11T11:59:30Z
EVT-FRS-010802,6010802,2010828,152102,3004468,20000,2026-08-05T13:39:32Z,銀行振込,increment-run-001,workshop-participant,donation_events_001.csv,2026-08-11T11:59:30Z
EVT-FRS-003298,6003298,2011767,203211,3000623,8000,2026-08-05T13:41:32Z,クレジットカード,increment-run-001,workshop-participant,donation_events_001.csv,2026-08-11T11:59:30Z
EVT-FRS-013971,6013971,2006141,402117,3000556,40000,2026-08-05T13:45:38Z,クレジットカード,increment-run-001,workshop-participant,donation_events_001.csv,2026-08-11T11:59:30Z
EVT-FRS-006952,6006952,2005178,242161,3002472,5000,2026-08-05T13:46:45Z,電子決済,increment-run-001,workshop-participant,donation_events_001.csv,2026-08-11T11:59:30Z
EVT-FRS-012429,6012429,2010116,282031,3002789,8000,2026-08-05T13:47:14Z,クレジットカード,increment-run-001,workshop-participant,donation_events_001.csv,2026-08-11T11:59:30Z
EVT-FRS-010163,6010163,2010429,113018,3003535,8000,2026-08-05T13:48:08Z,クレジットカード,increment-run-001,workshop-participant,donation_events_001.csv,2026-08-11T11:59:30Z
EVT-FRS-003414,6003414,2002198,272132,3003896,12000,2026-08-05T13:52:16Z,クレジットカード,increment-run-001,workshop-participant,donation_events_001.csv,2026-08-11T11:59:30Z
EVT-FRS-000722,6000722,2000655,292028,3003914,12000,2026-08-05T13:53:59Z,クレジットカード,increment-run-001,workshop-participant,donation_events_001.csv,2026-08-11T11:59:30Z
EVT-FRS-013984,6013984,2001120,252140,3001002,30000,2026-08-05T13:56:50Z,電子決済,increment-run-001,workshop-participant,donation_events_001.csv,2026-08-11T11:59:30Z
EVT-FRS-010152,6010152,2006998,112089,3003194,12000,2026-08-05T14:02:14Z,クレジットカード,increment-run-001,workshop-participant,donation_events_001.csv,2026-08-11T11:59:30Z
EVT-FRS-000153,6000153,2010696,392081,3001540,12000,2026-08-05T14:03:08Z,電子決済,increment-run-001,workshop-participant,donation_events_001.csv,2026-08-11T11:59:30Z
EVT-FRS-000893,6000893,2006658,372030,3002946,20000,2026-08-05T14:09:27Z,クレジットカード,increment-run-001,workshop-participant,donation_events_001.csv,2026-08-11T11:59:30Z
EVT-FRS-014194,6014194,2009690,282138,3001058,12000,2026-08-05T14:19:12Z,コンビニ決済,increment-run-001,workshop-participant,donation_events_001.csv,2026-08-11T11:59:30Z
EVT-FRS-012361,6012361,2010095,392014,3001575,25000,2026-08-05T14:22:55Z,クレジットカード,increment-run-001,workshop-participant,donation_events_001.csv,2026-08-11T11:59:30Z
EVT-FRS-003762,6003762,2008574,202070,3003505,20000,2026-08-05T14:29:06Z,電子決済,increment-run-001,workshop-participant,donation_events_001.csv,2026-08-11T11:59:30Z
EVT-FRS-008144,6008144,2006640,332160,3004691,20000,2026-08-05T14:31:51Z,クレジットカード,increment-run-001,workshop-participant,donation_events_001.csv,2026-08-11T11:59:30Z
EVT-FRS-000039,6000039,2011206,372048,3002171,10000,2026-08-05T14:33:56Z,電子決済,increment-run-001,workshop-participant,donation_events_001.csv,2026-08-11T11:59:30Z
EVT-FRS-001523,6001523,2008437,204099,3000535,5000,2026-08-05T14:37:59Z,銀行振込,increment-run-001,workshop-participant,donation_events_001.csv,2026-08-11T11:59:30Z
EVT-FRS-005892,6005892,2008736,322067,3003805,25000,2026-08-05T14:38:36Z,クレジットカード,increment-run-001,workshop-participant,donation_events_001.csv,2026-08-11T11:59:30Z
EVT-FRS-006389,6006389,2007983,342025,3005431,40000,2026-08-05T14:44:04Z,クレジットカード,increment-run-001,workshop-participant,donation_events_001.csv,2026-08-11T11:59:30Z
EVT-FRS-001471,6001471,2002476,122343,3003672,5000,2026-08-05T14:44:41Z,クレジットカード,increment-run-001,workshop-participant,donation_events_001.csv,2026-08-11T11:59:30Z
EVT-FRS-011575,6011575,2006638,012190,3003992,12000,2026-08-05T14:45:54Z,電子決済,increment-run-001,workshop-participant,donation_events_001.csv,2026-08-11T11:59:30Z
EVT-FRS-008108,6008108,2006831,244724,3002376,10000,2026-08-05T14:49:35Z,クレジットカード,increment-run-001,workshop-participant,donation_events_001.csv,2026-08-11T11:59:30Z
EVT-FRS-008097,6008097,2007031,202029,3002076,10000,2026-08-05T14:50:23Z,銀行振込,increment-run-001,workshop-participant,donation_events_001.csv,2026-08-11T11:59:30Z
EVT-FRS-013362,6013362,2004053,372013,3001313,15000,2026-08-05T14:52:27Z,銀行振込,increment-run-001,workshop-participant,donation_events_001.csv,2026-08-11T11:59:30Z
EVT-FRS-000979,6000979,2001236,012203,3005192,5000,2026-08-05T14:56:30Z,クレジットカード,increment-run-001,workshop-participant,donation_events_001.csv,2026-08-11T11:59:30Z
EVT-FRS-011610,6011610,2004481,204137,3004431,20000,2026-08-05T15:03:06Z,クレジットカード,increment-run-001,workshop-participant,donation_events_001.csv,2026-08-11T11:59:30Z
EVT-FRS-005227,6005227,2004436,292010,3001952,10000,2026-08-05T15:14:09Z,クレジットカード,increment-run-001,workshop-participant,donation_events_001.csv,2026-08-11T11:59:30Z
EVT-FRS-013888,6013888,2001241,052124,3004314,10000,2026-08-05T15:14:24Z,クレジットカード,increment-run-001,workshop-participant,donation_events_001.csv,2026-08-11T11:59:30Z
EVT-FRS-011948,6011948,2008285,075043,3004090,20000,2026-08-05T15:23:03Z,電子決済,increment-run-001,workshop-participant,donation_events_001.csv,2026-08-11T11:59:30Z
EVT-FRS-003867,6003867,2008069,242161,3000330,10000,2026-08-05T15:31:45Z,電子決済,increment-run-001,workshop-participant,donation_events_001.csv,2026-08-11T11:59:30Z
EVT-FRS-003507,6003507,2010918,223026,3002075,12000,2026-08-05T15:32:17Z,クレジットカード,increment-run-001,workshop-participant,donation_events_001.csv,2026-08-11T11:59:30Z
EVT-FRS-003131,6003131,2006365,412023,3004952,10000,2026-08-05T15:32:39Z,クレジットカード,increment-run-001,workshop-participant,donation_events_001.csv,2026-08-11T11:59:30Z
EVT-FRS-003010,6003010,2005880,022055,3001776,50000,2026-08-05T15:35:06Z,クレジットカード,increment-run-001,workshop-participant,donation_events_001.csv,2026-08-11T11:59:30Z
EVT-FRS-005053,6005053,2011208,072087,3003173,10000,2026-08-05T15:36:34Z,クレジットカード,increment-run-001,workshop-participant,donation_events_001.csv,2026-08-11T11:59:30Z
EVT-FRS-006519,6006519,2010496,082244,3001101,10000,2026-08-05T15:37:56Z,クレジットカード,increment-run-001,workshop-participant,donation_events_001.csv,2026-08-11T11:59:30Z
EVT-FRS-009727,6009727,2002569,422096,3000859,15000,2026-08-05T15:38:17Z,電子決済,increment-run-001,workshop-participant,donation_events_001.csv,2026-08-11T11:59:30Z
EVT-FRS-009446,6009446,2003760,452025,3004014,20000,2026-08-05T15:44:11Z,クレジットカード,increment-run-001,workshop-participant,donation_events_001.csv,2026-08-11T11:59:30Z
EVT-FRS-014236,6014236,2006149,332143,3002115,30000,2026-08-05T15:44:38Z,電子決済,increment-run-001,workshop-participant,donation_events_001.csv,2026-08-11T11:59:30Z
EVT-FRS-011181,6011181,2004231,222160,3004554,10000,2026-08-05T15:44:42Z,クレジットカード,increment-run-001,workshop-participant,donation_events_001.csv,2026-08-11T11:59:30Z
EVT-FRS-010552,6010552,2000250,131067,3005706,10000,2026-08-05T15:49:00Z,クレジットカード,increment-run-001,workshop-participant,donation_events_001.csv,2026-08-11T11:59:30Z
EVT-FRS-007785,6007785,2010436,212164,3000066,10000,2026-08-05T15:49:20Z,電子決済,increment-run-001,workshop-participant,donation_events_001.csv,2026-08-11T11:59:30Z
EVT-FRS-000674,6000674,2011001,062081,3000592,20000,2026-08-05T15:49:27Z,電子決済,increment-run-001,workshop-participant,donation_events_001.csv,2026-08-11T11:59:30Z
EVT-FRS-008839,6008839,2005596,272159,3005181,10000,2026-08-05T15:49:32Z,電子決済,increment-run-001,workshop-participant,donation_events_001.csv,2026-08-11T11:59:30Z
EVT-FRS-009007,6009007,2009976,363421,3005455,10000,2026-08-05T15:49:39Z,クレジットカード,increment-run-001,workshop-participant,donation_events_001.csv,2026-08-11T11:59:30Z
EVT-FRS-008292,6008292,2005187,082104,3004360,15000,2026-08-05T15:50:44Z,クレジットカード,increment-run-001,workshop-participant,donation_events_001.csv,2026-08-11T11:59:30Z
EVT-FRS-001318,6001318,2004807,092169,3002735,10000,2026-08-05T15:54:21Z,クレジットカード,increment-run-001,workshop-participant,donation_events_001.csv,2026-08-11T11:59:30Z
EVT-FRS-014155,6014155,2008778,221007,3005304,8000,2026-08-05T15:57:18Z,銀行振込,increment-run-001,workshop-participant,donation_events_001.csv,2026-08-11T11:59:30Z
EVT-FRS-010134,6010134,2006813,342157,3000400,20000,2026-08-05T15:58:43Z,クレジットカード,increment-run-001,workshop-participant,donation_events_001.csv,2026-08-11T11:59:30Z
EVT-FRS-010018,6010018,2002637,082350,3004082,12000,2026-08-05T16:03:44Z,クレジットカード,increment-run-001,workshop-participant,donation_events_001.csv,2026-08-11T11:59:30Z
EVT-FRS-014086,6014086,2008878,032026,3003169,10000,2026-08-05T16:15:15Z,電子決済,increment-run-001,workshop-participant,donation_events_001.csv,2026-08-11T11:59:30Z
EVT-FRS-011287,6011287,2004456,392120,3005814,10000,2026-08-05T16:18:45Z,クレジットカード,increment-run-001,workshop-participant,donation_events_001.csv,2026-08-11T11:59:30Z
EVT-FRS-010451,6010451,2010399,112437,3003099,20000,2026-08-05T16:26:33Z,クレジットカード,increment-run-001,workshop-participant,donation_events_001.csv,2026-08-11T11:59:30Z
EVT-FRS-006387,6006387,2001936,472051,3001745,10000,2026-08-05T16:42:48Z,クレジットカード,increment-run-001,workshop-participant,donation_events_001.csv,2026-08-11T11:59:30Z
EVT-FRS-013621,6013621,2000010,464040,3005068,5000,2026-08-05T16:44:27Z,銀行振込,increment-run-001,workshop-participant,donation_events_001.csv,2026-08-11T11:59:30Z
EVT-FRS-005973,6005973,2011530,262013,3003035,10000,2026-08-05T16:44:34Z,クレジットカード,increment-run-001,workshop-participant,donation_events_001.csv,2026-08-11T11:59:30Z
EVT-FRS-008372,6008372,2003813,012220,3003077,15000,2026-08-05T16:48:40Z,電子決済,increment-run-001,workshop-participant,donation_events_001.csv,2026-08-11T11:59:30Z
EVT-FRS-013336,6013336,2009964,112321,3005766,12000,2026-08-05T16:54:24Z,クレジットカード,increment-run-001,workshop-participant,donation_events_001.csv,2026-08-11T11:59:30Z
EVT-FRS-008332,6008332,2008403,092118,3004973,10000,2026-08-05T16:57:15Z,クレジットカード,increment-run-001,workshop-participant,donation_events_001.csv,2026-08-11T11:59:30Z
EVT-FRS-006669,6006669,2007394,382043,3005866,8000,2026-08-05T17:00:02Z,電子決済,increment-run-001,workshop-participant,donation_events_001.csv,2026-08-11T11:59:30Z
EVT-FRS-006902,6006902,2004852,012149,3000853,15000,2026-08-05T17:04:44Z,銀行振込,increment-run-001,workshop-participant,donation_events_001.csv,2026-08-11T11:59:30Z
EVT-FRS-013680,6013680,2000143,442046,3000475,30000,2026-08-05T17:11:43Z,銀行振込,increment-run-001,workshop-participant,donation_events_001.csv,2026-08-11T11:59:30Z
EVT-FRS-010516,6010516,2000198,212202,3000474,20000,2026-08-05T17:14:34Z,コンビニ決済,increment-run-001,workshop-participant,donation_events_001.csv,2026-08-11T11:59:30Z
EVT-FRS-002745,6002745,2009335,322067,3001491,20000,2026-08-05T17:17:23Z,クレジットカード,increment-run-001,workshop-participant,donation_events_001.csv,2026-08-11T11:59:30Z
EVT-FRS-012951,6012951,2001093,202207,3001768,30000,2026-08-05T17:25:26Z,電子決済,increment-run-001,workshop-participant,donation_events_001.csv,2026-08-11T11:59:30Z
EVT-FRS-005510,6005510,2002438,112216,3003056,10000,2026-08-05T17:25:52Z,電子決済,increment-run-001,workshop-participant,donation_events_001.csv,2026-08-11T11:59:30Z
EVT-FRS-006199,6006199,2007133,232351,3002257,10000,2026-08-05T17:26:51Z,コンビニ決済,increment-run-001,workshop-participant,donation_events_001.csv,2026-08-11T11:59:30Z
EVT-FRS-006800,6006800,2008828,082198,3003465,10000,2026-08-05T17:28:28Z,クレジットカード,increment-run-001,workshop-participant,donation_events_001.csv,2026-08-11T11:59:30Z
EVT-FRS-004337,6004337,2002255,422037,3002037,15000,2026-08-05T17:31:28Z,クレジットカード,increment-run-001,workshop-participant,donation_events_001.csv,2026-08-11T11:59:30Z
EVT-FRS-004271,6004271,2011292,212121,3001428,10000,2026-08-05T17:32:35Z,クレジットカード,increment-run-001,workshop-participant,donation_events_001.csv,2026-08-11T11:59:30Z
EVT-FRS-011161,6011161,2003497,242047,3005269,20000,2026-08-05T17:35:48Z,クレジットカード,increment-run-001,workshop-participant,donation_events_001.csv,2026-08-11T11:59:30Z
EVT-FRS-009950,6009950,2001355,013951,3005143,15000,2026-08-05T17:39:52Z,電子決済,increment-run-001,workshop-participant,donation_events_001.csv,2026-08-11T11:59:30Z
EVT-FRS-011398,6011398,2005937,073628,3005752,10000,2026-08-05T17:43:25Z,クレジットカード,increment-run-001,workshop-participant,donation_events_001.csv,2026-08-11T11:59:30Z
EVT-FRS-008244,6008244,2006873,122114,3000531,15000,2026-08-05T17:45:31Z,クレジットカード,increment-run-001,workshop-participant,donation_events_001.csv,2026-08-11T11:59:30Z
EVT-FRS-007730,6007730,2007505,252034,3005112,20000,2026-08-05T17:48:52Z,クレジットカード,increment-run-001,workshop-participant,donation_events_001.csv,2026-08-11T11:59:30Z
EVT-FRS-002339,6002339,2002204,044067,3003784,5000,2026-08-05T17:49:24Z,クレジットカード,increment-run-001,workshop-participant,donation_events_001.csv,2026-08-11T11:59:30Z
EVT-FRS-003501,6003501,2001332,212091,3004887,8000,2026-08-05T17:51:10Z,クレジットカード,increment-run-001,workshop-participant,donation_events_001.csv,2026-08-11T11:59:30Z
EVT-FRS-011704,6011704,2001581,012190,3004508,12000,2026-08-05T17:52:14Z,クレジットカード,increment-run-001,workshop-participant,donation_events_001.csv,2026-08-11T11:59:30Z
EVT-FRS-000175,6000175,2002297,232351,3004367,10000,2026-08-05T17:57:41Z,クレジットカード,increment-run-001,workshop-participant,donation_events_001.csv,2026-08-11T11:59:30Z
EVT-FRS-012066,6012066,2003451,362042,3000304,15000,2026-08-05T17:57:55Z,クレジットカード,increment-run-001,workshop-participant,donation_events_001.csv,2026-08-11T11:59:30Z
EVT-FRS-006674,6006674,2005748,272281,3005372,25000,2026-08-05T17:58:51Z,コンビニ決済,increment-run-001,workshop-participant,donation_events_001.csv,2026-08-11T11:59:30Z
EVT-FRS-013076,6013076,2005170,431001,3001882,5000,2026-08-05T17:59:48Z,クレジットカード,increment-run-001,workshop-participant,donation_events_001.csv,2026-08-11T11:59:30Z
EVT-FRS-010758,6010758,2008312,252018,3004798,25000,2026-08-05T18:00:01Z,クレジットカード,increment-run-001,workshop-participant,donation_events_001.csv,2026-08-11T11:59:30Z
EVT-FRS-014277,6014277,2005158,082228,3005550,15000,2026-08-05T18:02:02Z,クレジットカード,increment-run-001,workshop-participant,donation_events_001.csv,2026-08-11T11:59:30Z
EVT-FRS-007096,6007096,2008713,282065,3003642,15000,2026-08-05T18:03:11Z,銀行振込,increment-run-001,workshop-participant,donation_events_001.csv,2026-08-11T11:59:30Z
EVT-FRS-001649,6001649,2009213,012220,3001136,10000,2026-08-05T18:03:59Z,クレジットカード,increment-run-001,workshop-participant,donation_events_001.csv,2026-08-11T11:59:30Z
EVT-FRS-009200,6009200,2000578,272256,3000676,15000,2026-08-05T18:05:05Z,銀行振込,increment-run-001,workshop-participant,donation_events_001.csv,2026-08-11T11:59:30Z
EVT-FRS-005590,6005590,2007973,222101,3002273,20000,2026-08-05T18:07:57Z,電子決済,increment-run-001,workshop-participant,donation_events_001.csv,2026-08-11T11:59:30Z
EVT-FRS-006836,6006836,2001453,362077,3000374,10000,2026-08-05T18:08:14Z,電子決済,increment-run-001,workshop-participant,donation_events_001.csv,2026-08-11T11:59:30Z
EVT-FRS-001707,6001707,2011461,252131,3003967,10000,2026-08-05T18:13:17Z,クレジットカード,increment-run-001,workshop-participant,donation_events_001.csv,2026-08-11T11:59:30Z
EVT-FRS-010825,6010825,2006401,113247,3003145,30000,2026-08-05T18:13:31Z,コンビニ決済,increment-run-001,workshop-participant,donation_events_001.csv,2026-08-11T11:59:30Z
EVT-FRS-010246,6010246,2008081,294276,3005797,20000,2026-08-05T18:13:43Z,クレジットカード,increment-run-001,workshop-participant,donation_events_001.csv,2026-08-11T11:59:30Z
EVT-FRS-013115,6013115,2001745,332127,3005245,5000,2026-08-05T18:23:02Z,クレジットカード,increment-run-001,workshop-participant,donation_events_001.csv,2026-08-11T11:59:30Z
EVT-FRS-003138,6003138,2001511,083411,3003913,40000,2026-08-05T18:23:05Z,コンビニ決済,increment-run-001,workshop-participant,donation_events_001.csv,2026-08-11T11:59:30Z
EVT-FRS-000181,6000181,2010342,232106,3001062,30000,2026-08-05T18:24:25Z,電子決済,increment-run-001,workshop-participant,donation_events_001.csv,2026-08-11T11:59:30Z
EVT-FRS-004168,6004168,2008709,273660,3000180,20000,2026-08-05T18:24:39Z,クレジットカード,increment-run-001,workshop-participant,donation_events_001.csv,2026-08-11T11:59:30Z
EVT-FRS-006194,6006194,2009560,084476,3001543,10000,2026-08-05T18:32:58Z,電子決済,increment-run-001,workshop-participant,donation_events_001.csv,2026-08-11T11:59:30Z
EVT-FRS-012464,6012464,2011171,452041,3004484,5000,2026-08-05T18:38:15Z,クレジットカード,increment-run-001,workshop-participant,donation_events_001.csv,2026-08-11T11:59:30Z
EVT-FRS-002839,6002839,2010895,112356,3004425,10000,2026-08-05T18:46:50Z,クレジットカード,increment-run-001,workshop-participant,donation_events_001.csv,2026-08-11T11:59:30Z
EVT-FRS-011794,6011794,2009379,012165,3003362,15000,2026-08-05T18:47:57Z,クレジットカード,increment-run-001,workshop-participant,donation_events_001.csv,2026-08-11T11:59:30Z
EVT-FRS-000791,6000791,2004751,112402,3004784,20000,2026-08-05T18:48:24Z,電子決済,increment-run-001,workshop-participant,donation_events_001.csv,2026-08-11T11:59:30Z
EVT-FRS-006359,6006359,2000651,182044,3004869,10000,2026-08-05T18:50:25Z,クレジットカード,increment-run-001,workshop-participant,donation_events_001.csv,2026-08-11T11:59:30Z
EVT-FRS-010302,6010302,2009111,155047,3004940,25000,2026-08-05T18:51:08Z,電子決済,increment-run-001,workshop-participant,donation_events_001.csv,2026-08-11T11:59:30Z
EVT-FRS-012469,6012469,2005541,272329,3005734,8000,2026-08-05T18:52:03Z,クレジットカード,increment-run-001,workshop-participant,donation_events_001.csv,2026-08-11T11:59:30Z
EVT-FRS-010362,6010362,2000525,202177,3004374,10000,2026-08-05T18:54:41Z,クレジットカード,increment-run-001,workshop-participant,donation_events_001.csv,2026-08-11T11:59:30Z
EVT-FRS-005887,6005887,2000862,382051,3005344,15000,2026-08-05T18:56:43Z,クレジットカード,increment-run-001,workshop-participant,donation_events_001.csv,2026-08-11T11:59:30Z
EVT-FRS-012326,6012326,2010270,093840,3000737,10000,2026-08-05T19:00:12Z,銀行振込,increment-run-001,workshop-participant,donation_events_001.csv,2026-08-11T11:59:30Z
EVT-FRS-009243,6009243,2000317,131113,3001412,40000,2026-08-05T19:03:58Z,クレジットカード,increment-run-001,workshop-participant,donation_events_001.csv,2026-08-11T11:59:30Z
EVT-FRS-007297,6007297,2001413,282286,3001598,10000,2026-08-05T19:06:19Z,クレジットカード,increment-run-001,workshop-participant,donation_events_001.csv,2026-08-11T11:59:30Z
EVT-FRS-012694,6012694,2000304,064262,3004287,5000,2026-08-05T19:11:26Z,クレジットカード,increment-run-001,workshop-participant,donation_events_001.csv,2026-08-11T11:59:30Z
EVT-FRS-009936,6009936,2009817,432105,3000585,40000,2026-08-05T19:13:13Z,銀行振込,increment-run-001,workshop-participant,donation_events_001.csv,2026-08-11T11:59:30Z
EVT-FRS-011588,6011588,2001836,182028,3004811,15000,2026-08-05T19:16:17Z,銀行振込,increment-run-001,workshop-participant,donation_events_001.csv,2026-08-11T11:59:30Z
EVT-FRS-000478,6000478,2006546,312045,3002345,15000,2026-08-05T19:19:41Z,クレジットカード,increment-run-001,workshop-participant,donation_events_001.csv,2026-08-11T11:59:30Z
EVT-FRS-002077,6002077,2003146,272124,3001182,20000,2026-08-05T19:20:54Z,クレジットカード,increment-run-001,workshop-participant,donation_events_001.csv,2026-08-11T11:59:30Z
EVT-FRS-007650,6007650,2011171,402036,3001139,5000,2026-08-05T19:24:31Z,電子決済,increment-run-001,workshop-participant,donation_events_001.csv,2026-08-11T11:59:30Z
EVT-FRS-011110,6011110,2004039,262102,3003103,20000,2026-08-05T19:34:15Z,銀行振込,increment-run-001,workshop-participant,donation_events_001.csv,2026-08-11T11:59:30Z
EVT-FRS-002399,6002399,2007308,364681,3003818,20000,2026-08-05T19:35:31Z,電子決済,increment-run-001,workshop-participant,donation_events_001.csv,2026-08-11T11:59:30Z
EVT-FRS-004394,6004394,2007246,132128,3005919,30000,2026-08-05T19:44:01Z,コンビニ決済,increment-run-001,workshop-participant,donation_events_001.csv,2026-08-11T11:59:30Z
EVT-FRS-007772,6007772,2011705,473553,3005584,20000,2026-08-05T19:50:54Z,クレジットカード,increment-run-001,workshop-participant,donation_events_001.csv,2026-08-11T11:59:30Z
EVT-FRS-002346,6002346,2006346,402257,3003147,10000,2026-08-05T20:02:15Z,電子決済,increment-run-001,workshop-participant,donation_events_001.csv,2026-08-11T11:59:30Z
EVT-FRS-011917,6011917,2010523,013048,3001228,12000,2026-08-05T20:05:05Z,クレジットカード,increment-run-001,workshop-participant,donation_events_001.csv,2026-08-11T11:59:30Z
EVT-FRS-014753,6014753,2011411,192147,3003828,10000,2026-08-05T20:09:01Z,電子決済,increment-run-001,workshop-participant,donation_events_001.csv,2026-08-11T11:59:30Z
EVT-FRS-012214,6012214,2002883,122157,3000277,25000,2026-08-05T20:11:14Z,クレジットカード,increment-run-001,workshop-participant,donation_events_001.csv,2026-08-11T11:59:30Z
EVT-FRS-011401,6011401,2009940,082155,3000037,10000,2026-08-05T20:15:37Z,クレジットカード,increment-run-001,workshop-participant,donation_events_001.csv,2026-08-11T11:59:30Z
EVT-FRS-014635,6014635,2006473,122122,3001464,10000,2026-08-05T20:17:29Z,クレジットカード,increment-run-001,workshop-participant,donation_events_001.csv,2026-08-11T11:59:30Z
EVT-FRS-010648,6010648,2000709,362034,3002801,10000,2026-08-05T20:17:50Z,クレジットカード,increment-run-001,workshop-participant,donation_events_001.csv,2026-08-11T11:59:30Z
EVT-FRS-008331,6008331,2007821,252123,3000314,20000,2026-08-05T20:18:06Z,銀行振込,increment-run-001,workshop-participant,donation_events_001.csv,2026-08-11T11:59:30Z
EVT-FRS-000424,6000424,2011673,282243,3001115,5000,2026-08-05T20:18:10Z,電子決済,increment-run-001,workshop-participant,donation_events_001.csv,2026-08-11T11:59:30Z
EVT-FRS-000990,6000990,2010289,432105,3003141,5000,2026-08-05T20:21:25Z,クレジットカード,increment-run-001,workshop-participant,donation_events_001.csv,2026-08-11T11:59:30Z
EVT-FRS-008702,6008702,2003217,392090,3004520,10000,2026-08-05T20:21:49Z,クレジットカード,increment-run-001,workshop-participant,donation_events_001.csv,2026-08-11T11:59:30Z
EVT-FRS-008843,6008843,2002668,332097,3003430,10000,2026-08-05T20:22:41Z,電子決済,increment-run-001,workshop-participant,donation_events_001.csv,2026-08-11T11:59:30Z
EVT-FRS-000493,6000493,2000216,343072,3002812,12000,2026-08-05T20:22:46Z,クレジットカード,increment-run-001,workshop-participant,donation_events_001.csv,2026-08-11T11:59:30Z
EVT-FRS-002845,6002845,2011284,352110,3004290,20000,2026-08-05T20:27:42Z,銀行振込,increment-run-001,workshop-participant,donation_events_001.csv,2026-08-11T11:59:30Z
EVT-FRS-001004,6001004,2002864,052027,3001852,8000,2026-08-05T20:29:23Z,電子決済,increment-run-001,workshop-participant,donation_events_001.csv,2026-08-11T11:59:30Z
EVT-FRS-006785,6006785,2004584,222038,3000055,10000,2026-08-05T20:30:43Z,クレジットカード,increment-run-001,workshop-participant,donation_events_001.csv,2026-08-11T11:59:30Z
EVT-FRS-014829,6014829,2003127,015121,3004364,15000,2026-08-05T20:31:16Z,クレジットカード,increment-run-001,workshop-participant,donation_events_001.csv,2026-08-11T11:59:30Z
EVT-FRS-002373,6002373,2010647,232157,3000502,12000,2026-08-05T20:32:46Z,クレジットカード,increment-run-001,workshop-participant,donation_events_001.csv,2026-08-11T11:59:30Z
EVT-FRS-002949,6002949,2006647,452025,3004334,10000,2026-08-05T20:36:27Z,コンビニ決済,increment-run-001,workshop-participant,donation_events_001.csv,2026-08-11T11:59:30Z
EVT-FRS-010369,6010369,2009016,362042,3000122,10000,2026-08-05T20:36:47Z,コンビニ決済,increment-run-001,workshop-participant,donation_events_001.csv,2026-08-11T11:59:30Z
EVT-FRS-002247,6002247,2002825,382132,3001355,5000,2026-08-05T20:40:51Z,クレジットカード,increment-run-001,workshop-participant,donation_events_001.csv,2026-08-11T11:59:30Z
EVT-FRS-002482,6002482,2003097,432059,3000902,30000,2026-08-05T20:46:34Z,クレジットカード,increment-run-001,workshop-participant,donation_events_001.csv,2026-08-11T11:59:30Z
EVT-FRS-009152,6009152,2000376,192121,3005118,10000,2026-08-05T20:49:11Z,クレジットカード,increment-run-001,workshop-participant,donation_events_001.csv,2026-08-11T11:59:30Z
EVT-FRS-010888,6010888,2008443,052019,3004026,10000,2026-08-05T20:49:32Z,クレジットカード,increment-run-001,workshop-participant,donation_events_001.csv,2026-08-11T11:59:30Z
EVT-FRS-011687,6011687,2011870,342041,3002509,12000,2026-08-05T20:51:23Z,電子決済,increment-run-001,workshop-participant,donation_events_001.csv,2026-08-11T11:59:30Z
EVT-FRS-014096,6014096,2009073,132233,3004233,40000,2026-08-05T20:54:00Z,クレジットカード,increment-run-001,workshop-participant,donation_events_001.csv,2026-08-11T11:59:30Z
EVT-FRS-012227,6012227,2005565,042081,3005740,15000,2026-08-05T20:55:54Z,クレジットカード,increment-run-001,workshop-participant,donation_events_001.csv,2026-08-11T11:59:30Z
EVT-FRS-001468,6001468,2010832,341002,3004993,12000,2026-08-05T20:57:05Z,銀行振込,increment-run-001,workshop-participant,donation_events_001.csv,2026-08-11T11:59:30Z
EVT-FRS-009382,6009382,2006900,022047,3000039,20000,2026-08-05T21:01:01Z,クレジットカード,increment-run-001,workshop-participant,donation_events_001.csv,2026-08-11T11:59:30Z
EVT-FRS-011408,6011408,2001146,452025,3004014,5000,2026-08-05T21:04:26Z,クレジットカード,increment-run-001,workshop-participant,donation_events_001.csv,2026-08-11T11:59:30Z
EVT-FRS-001673,6001673,2003287,015113,3000434,12000,2026-08-05T21:04:34Z,クレジットカード,increment-run-001,workshop-participant,donation_events_001.csv,2026-08-11T11:59:30Z
EVT-FRS-011949,6011949,2011677,032085,3003426,5000,2026-08-05T21:07:38Z,電子決済,increment-run-001,workshop-participant,donation_events_001.csv,2026-08-11T11:59:30Z
EVT-FRS-001413,6001413,2011298,452025,3004334,15000,2026-08-05T21:10:57Z,クレジットカード,increment-run-001,workshop-participant,donation_events_001.csv,2026-08-11T11:59:30Z
EVT-FRS-012697,6012697,2008918,032085,3003088,10000,2026-08-05T21:11:44Z,クレジットカード,increment-run-001,workshop-participant,donation_events_001.csv,2026-08-11T11:59:30Z
EVT-FRS-013203,6013203,2009073,182087,3001180,12000,2026-08-05T21:13:07Z,クレジットカード,increment-run-001,workshop-participant,donation_events_001.csv,2026-08-11T11:59:30Z
EVT-FRS-013149,6013149,2001104,082287,3004560,10000,2026-08-05T21:13:37Z,クレジットカード,increment-run-001,workshop-participant,donation_events_001.csv,2026-08-11T11:59:30Z
EVT-FRS-014560,6014560,2007492,434477,3000453,15000,2026-08-05T21:14:30Z,クレジットカード,increment-run-001,workshop-participant,donation_events_001.csv,2026-08-11T11:59:30Z
EVT-FRS-002076,6002076,2001001,222208,3000646,12000,2026-08-05T21:15:02Z,電子決済,increment-run-001,workshop-participant,donation_events_001.csv,2026-08-11T11:59:30Z
EVT-FRS-014855,6014855,2009806,332143,3001147,10000,2026-08-05T21:21:36Z,クレジットカード,increment-run-001,workshop-participant,donation_events_001.csv,2026-08-11T11:59:30Z
EVT-FRS-002367,6002367,2001873,382051,3005344,15000,2026-08-05T21:22:14Z,クレジットカード,increment-run-001,workshop-participant,donation_events_001.csv,2026-08-11T11:59:30Z
EVT-FRS-013467,6013467,2007283,082155,3003243,10000,2026-08-05T21:22:53Z,クレジットカード,increment-run-001,workshop-participant,donation_events_001.csv,2026-08-11T11:59:30Z
EVT-FRS-009452,6009452,2010763,402117,3003398,20000,2026-08-05T21:22:59Z,銀行振込,increment-run-001,workshop-participant,donation_events_001.csv,2026-08-11T11:59:30Z
EVT-FRS-011086,6011086,2004563,082325,3005971,30000,2026-08-05T21:24:55Z,電子決済,increment-run-001,workshop-participant,donation_events_001.csv,2026-08-11T11:59:30Z
EVT-FRS-006025,6006025,2007992,152056,3004179,20000,2026-08-05T21:25:24Z,電子決済,increment-run-001,workshop-participant,donation_events_001.csv,2026-08-11T11:59:30Z
EVT-FRS-003418,6003418,2011709,042153,3004264,10000,2026-08-05T21:25:30Z,電子決済,increment-run-001,workshop-participant,donation_events_001.csv,2026-08-11T11:59:30Z
EVT-FRS-009535,6009535,2002303,052060,3003485,12000,2026-08-05T21:28:35Z,コンビニ決済,increment-run-001,workshop-participant,donation_events_001.csv,2026-08-11T11:59:30Z
EVT-FRS-014846,6014846,2011190,231002,3000905,15000,2026-08-05T21:34:47Z,電子決済,increment-run-001,workshop-participant,donation_events_001.csv,2026-08-11T11:59:30Z
EVT-FRS-007343,6007343,2010592,014621,3003687,25000,2026-08-05T21:39:52Z,クレジットカード,increment-run-001,workshop-participant,donation_events_001.csv,2026-08-11T11:59:30Z
EVT-FRS-001438,6001438,2000703,132039,3005335,20000,2026-08-05T21:39:55Z,クレジットカード,increment-run-001,workshop-participant,donation_events_001.csv,2026-08-11T11:59:30Z
EVT-FRS-002029,6002029,2000118,392014,3005333,10000,2026-08-05T21:41:22Z,クレジットカード,increment-run-001,workshop-participant,donation_events_001.csv,2026-08-11T11:59:30Z
EVT-FRS-006925,6006925,2006388,442071,3004794,20000,2026-08-05T21:45:38Z,クレジットカード,increment-run-001,workshop-participant,donation_events_001.csv,2026-08-11T11:59:30Z
EVT-FRS-012678,6012678,2010903,242047,3005269,25000,2026-08-05T21:46:53Z,クレジットカード,increment-run-001,workshop-participant,donation_events_001.csv,2026-08-11T11:59:30Z
EVT-FRS-012776,6012776,2006159,204854,3003592,10000,2026-08-05T21:50:06Z,クレジットカード,increment-run-001,workshop-participant,donation_events_001.csv,2026-08-11T11:59:30Z
EVT-FRS-012001,6012001,2004544,072079,3005665,10000,2026-08-05T21:50:21Z,クレジットカード,increment-run-001,workshop-participant,donation_events_001.csv,2026-08-11T11:59:30Z
EVT-FRS-003783,6003783,2001401,232211,3003507,10000,2026-08-05T21:51:55Z,クレジットカード,increment-run-001,workshop-participant,donation_events_001.csv,2026-08-11T11:59:30Z
EVT-FRS-006852,6006852,2003807,024414,3005593,10000,2026-08-05T21:52:59Z,クレジットカード,increment-run-001,workshop-participant,donation_events_001.csv,2026-08-11T11:59:30Z
EVT-FRS-000116,6000116,2011795,192074,3005236,30000,2026-08-05T21:55:36Z,クレジットカード,increment-run-001,workshop-participant,donation_events_001.csv,2026-08-11T11:59:30Z
EVT-FRS-003499,6003499,2000768,462152,3000372,15000,2026-08-05T21:56:19Z,クレジットカード,increment-run-001,workshop-participant,donation_events_001.csv,2026-08-11T11:59:30Z
EVT-FRS-013827,6013827,2008651,294241,3004758,8000,2026-08-05T21:56:44Z,クレジットカード,increment-run-001,workshop-participant,donation_events_001.csv,2026-08-11T11:59:30Z
EVT-FRS-003736,6003736,2000410,132110,3000197,8000,2026-08-05T21:59:00Z,電子決済,increment-run-001,workshop-participant,donation_events_001.csv,2026-08-11T11:59:30Z
EVT-FRS-014078,6014078,2008331,404217,3001210,10000,2026-08-05T21:59:31Z,銀行振込,increment-run-001,workshop-participant,donation_events_001.csv,2026-08-11T11:59:30Z
EVT-FRS-001235,6001235,2004771,012343,3001927,5000,2026-08-05T22:00:38Z,クレジットカード,increment-run-001,workshop-participant,donation_events_001.csv,2026-08-11T11:59:30Z
EVT-FRS-003062,6003062,2001992,015121,3000678,12000,2026-08-05T22:05:27Z,クレジットカード,increment-run-001,workshop-participant,donation_events_001.csv,2026-08-11T11:59:30Z
EVT-FRS-011247,6011247,2007997,402061,3002613,20000,2026-08-05T22:07:55Z,クレジットカード,increment-run-001,workshop-participant,donation_events_001.csv,2026-08-11T11:59:30Z
EVT-FRS-004805,6004805,2002881,131091,3000032,50000,2026-08-05T22:11:41Z,クレジットカード,increment-run-001,workshop-participant,donation_events_001.csv,2026-08-11T11:59:30Z
EVT-FRS-004701,6004701,2005597,312037,3000566,20000,2026-08-05T22:12:48Z,電子決済,increment-run-001,workshop-participant,donation_events_001.csv,2026-08-11T11:59:30Z
EVT-FRS-002065,6002065,2002502,012220,3001136,5000,2026-08-05T22:13:57Z,電子決済,increment-run-001,workshop-participant,donation_events_001.csv,2026-08-11T11:59:30Z
EVT-FRS-003954,6003954,2007431,392014,3001575,10000,2026-08-05T22:13:58Z,電子決済,increment-run-001,workshop-participant,donation_events_001.csv,2026-08-11T11:59:30Z
EVT-FRS-002094,6002094,2006497,232211,3002796,10000,2026-08-05T22:21:43Z,クレジットカード,increment-run-001,workshop-participant,donation_events_001.csv,2026-08-11T11:59:30Z
EVT-FRS-003088,6003088,2003244,132110,3003838,10000,2026-08-05T22:24:53Z,クレジットカード,increment-run-001,workshop-participant,donation_events_001.csv,2026-08-11T11:59:30Z
EVT-FRS-009677,6009677,2009306,142158,3002323,10000,2026-08-05T22:25:23Z,電子決済,increment-run-001,workshop-participant,donation_events_001.csv,2026-08-11T11:59:30Z
EVT-FRS-011291,6011291,2010723,122050,3001654,15000,2026-08-05T22:26:19Z,クレジットカード,increment-run-001,workshop-participant,donation_events_001.csv,2026-08-11T11:59:30Z
EVT-FRS-004160,6004160,2000178,302023,3001884,30000,2026-08-05T22:29:15Z,クレジットカード,increment-run-001,workshop-participant,donation_events_001.csv,2026-08-11T11:59:30Z
EVT-FRS-008821,6008821,2010713,032085,3002056,12000,2026-08-05T22:32:07Z,クレジットカード,increment-run-001,workshop-participant,donation_events_001.csv,2026-08-11T11:59:30Z
EVT-FRS-005328,6005328,2009310,124435,3000423,60000,2026-08-05T22:42:05Z,クレジットカード,increment-run-001,workshop-participant,donation_events_001.csv,2026-08-11T11:59:30Z
EVT-FRS-010701,6010701,2010993,202037,3002637,12000,2026-08-05T22:43:48Z,電子決済,increment-run-001,workshop-participant,donation_events_001.csv,2026-08-11T11:59:30Z
EVT-FRS-007010,6007010,2007604,252140,3003192,5000,2026-08-05T22:47:54Z,クレジットカード,increment-run-001,workshop-participant,donation_events_001.csv,2026-08-11T11:59:30Z
EVT-FRS-010162,6010162,2007671,122076,3001613,20000,2026-08-05T22:48:39Z,電子決済,increment-run-001,workshop-participant,donation_events_001.csv,2026-08-11T11:59:30Z
EVT-FRS-013334,6013334,2008569,282090,3000563,50000,2026-08-05T22:48:43Z,銀行振込,increment-run-001,workshop-participant,donation_events_001.csv,2026-08-11T11:59:30Z
EVT-FRS-008655,6008655,2007493,092045,3004742,30000,2026-08-05T22:55:45Z,クレジットカード,increment-run-001,workshop-participant,donation_events_001.csv,2026-08-11T11:59:30Z
EVT-FRS-005515,6005515,2008917,452025,3005848,8000,2026-08-05T22:56:13Z,銀行振込,increment-run-001,workshop-participant,donation_events_001.csv,2026-08-11T11:59:30Z
EVT-FRS-006024,6006024,2002567,262064,3005077,10000,2026-08-05T22:58:52Z,銀行振込,increment-run-001,workshop-participant,donation_events_001.csv,2026-08-11T11:59:30Z
EVT-FRS-004832,6004832,2003436,272302,3005525,10000,2026-08-05T23:02:10Z,クレジットカード,increment-run-001,workshop-participant,donation_events_001.csv,2026-08-11T11:59:30Z
EVT-FRS-003026,6003026,2002134,112089,3004541,25000,2026-08-05T23:04:06Z,クレジットカード,increment-run-001,workshop-participant,donation_events_001.csv,2026-08-11T11:59:30Z
EVT-FRS-006105,6006105,2007436,272027,3003975,20000,2026-08-05T23:05:51Z,クレジットカード,increment-run-001,workshop-participant,donation_events_001.csv,2026-08-11T11:59:30Z
EVT-FRS-011429,6011429,2007934,423831,3005206,15000,2026-08-05T23:07:59Z,クレジットカード,increment-run-001,workshop-participant,donation_events_001.csv,2026-08-11T11:59:30Z
EVT-FRS-002829,6002829,2000726,222216,3004271,20000,2026-08-05T23:08:37Z,クレジットカード,increment-run-001,workshop-participant,donation_events_001.csv,2026-08-11T11:59:30Z
EVT-FRS-002056,6002056,2002797,242012,3002507,15000,2026-08-05T23:09:26Z,クレジットカード,increment-run-001,workshop-participant,donation_events_001.csv,2026-08-11T11:59:30Z
EVT-FRS-000918,6000918,2005223,092151,3003926,12000,2026-08-05T23:09:35Z,電子決済,increment-run-001,workshop-participant,donation_events_001.csv,2026-08-11T11:59:30Z
EVT-FRS-014718,6014718,2010445,402117,3002329,15000,2026-08-05T23:12:35Z,クレジットカード,increment-run-001,workshop-participant,donation_events_001.csv,2026-08-11T11:59:30Z
EVT-FRS-004029,6004029,2007558,052141,3004446,10000,2026-08-05T23:15:00Z,銀行振込,increment-run-001,workshop-participant,donation_events_001.csv,2026-08-11T11:59:30Z
EVT-FRS-005861,6005861,2010868,012211,3001798,10000,2026-08-05T23:16:23Z,クレジットカード,increment-run-001,workshop-participant,donation_events_001.csv,2026-08-11T11:59:30Z
EVT-FRS-009847,6009847,2005266,032026,3002263,25000,2026-08-05T23:22:25Z,銀行振込,increment-run-001,workshop-participant,donation_events_001.csv,2026-08-11T11:59:30Z
EVT-FRS-008524,6008524,2010909,124435,3000423,10000,2026-08-05T23:28:09Z,クレジットカード,increment-run-001,workshop-participant,donation_events_001.csv,2026-08-11T11:59:30Z
EVT-FRS-008425,6008425,2004215,402273,3003966,25000,2026-08-05T23:31:27Z,銀行振込,increment-run-001,workshop-participant,donation_events_001.csv,2026-08-11T11:59:30Z
EVT-FRS-012693,6012693,2000760,212211,3005147,20000,2026-08-05T23:32:10Z,銀行振込,increment-run-001,workshop-participant,donation_events_001.csv,2026-08-11T11:59:30Z
EVT-FRS-011308,6011308,2011412,272183,3001677,10000,2026-08-05T23:33:17Z,クレジットカード,increment-run-001,workshop-participant,donation_events_001.csv,2026-08-11T11:59:30Z
EVT-FRS-006107,6006107,2008938,112348,3002480,25000,2026-08-05T23:36:41Z,クレジットカード,increment-run-001,workshop-participant,donation_events_001.csv,2026-08-11T11:59:30Z
EVT-FRS-006323,6006323,2010662,082325,3003242,30000,2026-08-05T23:36:59Z,クレジットカード,increment-run-001,workshop-participant,donation_events_001.csv,2026-08-11T11:59:30Z
EVT-FRS-005594,6005594,2000458,112356,3005583,10000,2026-08-05T23:37:28Z,クレジットカード,increment-run-001,workshop-participant,donation_events_001.csv,2026-08-11T11:59:30Z
EVT-FRS-004043,6004043,2001477,022063,3004685,10000,2026-08-05T23:38:35Z,クレジットカード,increment-run-001,workshop-participant,donation_events_001.csv,2026-08-11T11:59:30Z
EVT-FRS-014269,6014269,2001785,132128,3001786,10000,2026-08-05T23:38:41Z,クレジットカード,increment-run-001,workshop-participant,donation_events_001.csv,2026-08-11T11:59:30Z
EVT-FRS-005708,6005708,2010917,222127,3004278,5000,2026-08-05T23:40:58Z,クレジットカード,increment-run-001,workshop-participant,donation_events_001.csv,2026-08-11T11:59:30Z
EVT-FRS-011208,6011208,2003126,434477,3004265,12000,2026-08-05T23:49:02Z,クレジットカード,increment-run-001,workshop-participant,donation_events_001.csv,2026-08-11T11:59:30Z
EVT-FRS-010112,6010112,2011934,452041,3005727,10000,2026-08-05T23:50:05Z,クレジットカード,increment-run-001,workshop-participant,donation_events_001.csv,2026-08-11T11:59:30Z
EVT-FRS-006467,6006467,2003466,092053,3005685,12000,2026-08-05T23:50:43Z,クレジットカード,increment-run-001,workshop-participant,donation_events_001.csv,2026-08-11T11:59:30Z
EVT-FRS-001778,6001778,2000330,082295,3003183,5000,2026-08-05T23:52:23Z,クレジットカード,increment-run-001,workshop-participant,donation_events_001.csv,2026-08-11T11:59:30Z
EVT-FRS-008946,6008946,2004020,212024,3004075,15000,2026-08-05T23:54:24Z,銀行振込,increment-run-001,workshop-participant,donation_events_001.csv,2026-08-11T11:59:30Z
EVT-FRS-007034,6007034,2002098,272205,3004027,8000,2026-08-05T23:56:34Z,電子決済,increment-run-001,workshop-participant,donation_events_001.csv,2026-08-11T11:59:30Z
EVT-FRS-002047,6002047,2000676,342157,3000400,10000,2026-08-06T00:05:05Z,クレジットカード,increment-run-001,workshop-participant,donation_events_001.csv,2026-08-11T11:59:30Z
EVT-FRS-013498,6013498,2011120,362026,3005849,5000,2026-08-06T00:07:56Z,クレジットカード,increment-run-001,workshop-participant,donation_events_001.csv,2026-08-11T11:59:30Z
EVT-FRS-009091,6009091,2000332,012203,3000380,15000,2026-08-06T00:09:44Z,コンビニ決済,increment-run-001,workshop-participant,donation_events_001.csv,2026-08-11T11:59:30Z
EVT-FRS-002144,6002144,2007782,222101,3004147,15000,2026-08-06T00:10:57Z,電子決済,increment-run-001,workshop-participant,donation_events_001.csv,2026-08-11T11:59:30Z
EVT-FRS-008898,6008898,2010762,273830,3000258,10000,2026-08-06T00:17:32Z,電子決済,increment-run-001,workshop-participant,donation_events_001.csv,2026-08-11T11:59:30Z
EVT-FRS-008688,6008688,2008416,102113,3001739,8000,2026-08-06T00:19:06Z,クレジットカード,increment-run-001,workshop-participant,donation_events_001.csv,2026-08-11T11:59:30Z
EVT-FRS-007201,6007201,2007921,382108,3002395,15000,2026-08-06T00:30:46Z,クレジットカード,increment-run-001,workshop-participant,donation_events_001.csv,2026-08-11T11:59:30Z
EVT-FRS-007671,6007671,2004310,032034,3003582,10000,2026-08-06T00:33:05Z,銀行振込,increment-run-001,workshop-participant,donation_events_001.csv,2026-08-11T11:59:30Z
EVT-FRS-014643,6014643,2010944,015555,3001395,10000,2026-08-06T00:33:14Z,コンビニ決済,increment-run-001,workshop-participant,donation_events_001.csv,2026-08-11T11:59:30Z
EVT-FRS-013590,6013590,2005080,452025,3005848,10000,2026-08-06T00:33:50Z,クレジットカード,increment-run-001,workshop-participant,donation_events_001.csv,2026-08-11T11:59:30Z
EVT-FRS-012405,6012405,2006872,363421,3002529,20000,2026-08-06T00:38:50Z,クレジットカード,increment-run-001,workshop-participant,donation_events_001.csv,2026-08-11T11:59:30Z
EVT-FRS-004219,6004219,2005127,075213,3003053,15000,2026-08-06T00:48:32Z,コンビニ決済,increment-run-001,workshop-participant,donation_events_001.csv,2026-08-11T11:59:30Z
EVT-FRS-013293,6013293,2003833,452025,3002730,5000,2026-08-06T00:49:52Z,クレジットカード,increment-run-001,workshop-participant,donation_events_001.csv,2026-08-11T11:59:30Z
EVT-FRS-001507,6001507,2009239,142174,3001616,20000,2026-08-06T00:50:53Z,電子決済,increment-run-001,workshop-participant,donation_events_001.csv,2026-08-11T11:59:30Z
EVT-FRS-013253,6013253,2004807,292117,3001231,30000,2026-08-06T00:56:11Z,電子決済,increment-run-001,workshop-participant,donation_events_001.csv,2026-08-11T11:59:30Z
EVT-FRS-004775,6004775,2009951,142131,3001788,25000,2026-08-06T01:04:35Z,クレジットカード,increment-run-001,workshop-participant,donation_events_001.csv,2026-08-11T11:59:30Z
EVT-FRS-005044,6005044,2002190,362077,3001243,10000,2026-08-06T01:06:30Z,クレジットカード,increment-run-001,workshop-participant,donation_events_001.csv,2026-08-11T11:59:30Z
EVT-FRS-012651,6012651,2008419,012220,3004860,8000,2026-08-06T01:20:34Z,コンビニ決済,increment-run-001,workshop-participant,donation_events_001.csv,2026-08-11T11:59:30Z
EVT-FRS-000523,6000523,2002573,042021,3001049,15000,2026-08-06T01:21:52Z,コンビニ決済,increment-run-001,workshop-participant,donation_events_001.csv,2026-08-11T11:59:30Z
EVT-FRS-014625,6014625,2009148,122297,3005961,5000,2026-08-06T01:27:30Z,クレジットカード,increment-run-001,workshop-participant,donation_events_001.csv,2026-08-11T11:59:30Z
EVT-FRS-007116,6007116,2004267,012360,3002162,10000,2026-08-06T01:28:19Z,クレジットカード,increment-run-001,workshop-participant,donation_events_001.csv,2026-08-11T11:59:30Z
EVT-FRS-012177,6012177,2007048,143821,3003449,15000,2026-08-06T01:30:12Z,クレジットカード,increment-run-001,workshop-participant,donation_events_001.csv,2026-08-11T11:59:30Z
EVT-FRS-000258,6000258,2003188,172103,3002508,30000,2026-08-06T01:30:45Z,クレジットカード,increment-run-001,workshop-participant,donation_events_001.csv,2026-08-11T11:59:30Z
EVT-FRS-004733,6004733,2002147,202045,3001643,8000,2026-08-06T01:35:09Z,クレジットカード,increment-run-001,workshop-participant,donation_events_001.csv,2026-08-11T11:59:30Z
EVT-FRS-007473,6007473,2008520,152234,3005205,25000,2026-08-06T01:35:28Z,電子決済,increment-run-001,workshop-participant,donation_events_001.csv,2026-08-11T11:59:30Z
EVT-FRS-010051,6010051,2002743,242128,3005700,10000,2026-08-06T01:35:44Z,クレジットカード,increment-run-001,workshop-participant,donation_events_001.csv,2026-08-11T11:59:30Z
EVT-FRS-003299,6003299,2002674,462161,3001078,15000,2026-08-06T01:38:12Z,電子決済,increment-run-001,workshop-participant,donation_events_001.csv,2026-08-11T11:59:30Z
EVT-FRS-005193,6005193,2001434,072125,3000216,12000,2026-08-06T01:42:10Z,銀行振込,increment-run-001,workshop-participant,donation_events_001.csv,2026-08-11T11:59:30Z
EVT-FRS-002638,6002638,2009933,043231,3004995,10000,2026-08-06T01:45:41Z,電子決済,increment-run-001,workshop-participant,donation_events_001.csv,2026-08-11T11:59:30Z
EVT-FRS-000145,6000145,2002977,342025,3002620,10000,2026-08-06T01:47:45Z,コンビニ決済,increment-run-001,workshop-participant,donation_events_001.csv,2026-08-11T11:59:30Z
EVT-FRS-011313,6011313,2008726,452068,3004711,15000,2026-08-06T01:54:22Z,電子決済,increment-run-001,workshop-participant,donation_events_001.csv,2026-08-11T11:59:30Z
EVT-FRS-010953,6010953,2003135,262111,3001539,5000,2026-08-06T01:59:41Z,銀行振込,increment-run-001,workshop-participant,donation_events_001.csv,2026-08-11T11:59:30Z
EVT-FRS-003985,6003985,2002843,362026,3004362,5000,2026-08-06T02:01:07Z,電子決済,increment-run-001,workshop-participant,donation_events_001.csv,2026-08-11T11:59:30Z
EVT-FRS-012630,6012630,2004411,242128,3004103,15000,2026-08-06T02:11:47Z,クレジットカード,increment-run-001,workshop-participant,donation_events_001.csv,2026-08-11T11:59:30Z
EVT-FRS-001822,6001822,2003315,452068,3003216,10000,2026-08-06T02:12:26Z,電子決済,increment-run-001,workshop-participant,donation_events_001.csv,2026-08-11T11:59:30Z
EVT-FRS-013645,6013645,2008997,012165,3000290,20000,2026-08-06T02:14:40Z,クレジットカード,increment-run-001,workshop-participant,donation_events_001.csv,2026-08-11T11:59:30Z
EVT-FRS-000164,6000164,2006468,452025,3002265,12000,2026-08-06T02:15:18Z,クレジットカード,increment-run-001,workshop-participant,donation_events_001.csv,2026-08-11T11:59:30Z
EVT-FRS-012849,6012849,2006110,052124,3003548,15000,2026-08-06T02:15:44Z,電子決済,increment-run-001,workshop-participant,donation_events_001.csv,2026-08-11T11:59:30Z
EVT-FRS-004183,6004183,2004740,112160,3001059,5000,2026-08-06T02:21:27Z,銀行振込,increment-run-001,workshop-participant,donation_events_001.csv,2026-08-11T11:59:30Z
EVT-FRS-007577,6007577,2010229,132110,3003838,10000,2026-08-06T02:25:32Z,クレジットカード,increment-run-001,workshop-participant,donation_events_001.csv,2026-08-11T11:59:30Z
EVT-FRS-007871,6007871,2011637,202118,3004943,25000,2026-08-06T02:25:53Z,クレジットカード,increment-run-001,workshop-participant,donation_events_001.csv,2026-08-11T11:59:30Z
EVT-FRS-009871,6009871,2008869,382132,3005049,10000,2026-08-06T02:36:12Z,クレジットカード,increment-run-001,workshop-participant,donation_events_001.csv,2026-08-11T11:59:30Z
EVT-FRS-013210,6013210,2003958,074233,3003371,30000,2026-08-06T02:36:23Z,クレジットカード,increment-run-001,workshop-participant,donation_events_001.csv,2026-08-11T11:59:30Z
EVT-FRS-014708,6014708,2009490,262072,3001681,10000,2026-08-06T02:37:05Z,クレジットカード,increment-run-001,workshop-participant,donation_events_001.csv,2026-08-11T11:59:30Z
EVT-FRS-013647,6013647,2003803,412023,3004952,15000,2026-08-06T02:40:35Z,クレジットカード,increment-run-001,workshop-participant,donation_events_001.csv,2026-08-11T11:59:30Z
EVT-FRS-010847,6010847,2000296,102091,3004294,15000,2026-08-06T02:42:01Z,クレジットカード,increment-run-001,workshop-participant,donation_events_001.csv,2026-08-11T11:59:30Z
EVT-FRS-008689,6008689,2000971,422126,3004652,50000,2026-08-06T02:45:52Z,電子決済,increment-run-001,workshop-participant,donation_events_001.csv,2026-08-11T11:59:30Z
EVT-FRS-003508,6003508,2009517,312011,3001241,10000,2026-08-06T02:45:59Z,クレジットカード,increment-run-001,workshop-participant,donation_events_001.csv,2026-08-11T11:59:30Z
EVT-FRS-000689,6000689,2008135,454435,3004177,10000,2026-08-06T02:53:34Z,クレジットカード,increment-run-001,workshop-participant,donation_events_001.csv,2026-08-11T11:59:30Z
EVT-FRS-011350,6011350,2000314,442020,3002517,20000,2026-08-06T02:59:07Z,クレジットカード,increment-run-001,workshop-participant,donation_events_001.csv,2026-08-11T11:59:30Z
EVT-FRS-001666,6001666,2011288,072125,3004195,10000,2026-08-06T02:59:25Z,クレジットカード,increment-run-001,workshop-participant,donation_events_001.csv,2026-08-11T11:59:30Z
EVT-FRS-002388,6002388,2011383,172090,3003882,10000,2026-08-06T03:00:10Z,電子決済,increment-run-001,workshop-participant,donation_events_001.csv,2026-08-11T11:59:30Z
EVT-FRS-004419,6004419,2003908,102083,3000539,20000,2026-08-06T03:07:53Z,コンビニ決済,increment-run-001,workshop-participant,donation_events_001.csv,2026-08-11T11:59:30Z
EVT-FRS-013050,6013050,2003956,142131,3002266,5000,2026-08-06T03:14:53Z,コンビニ決済,increment-run-001,workshop-participant,donation_events_001.csv,2026-08-11T11:59:30Z
EVT-FRS-011693,6011693,2007386,112071,3003576,10000,2026-08-06T03:15:02Z,クレジットカード,increment-run-001,workshop-participant,donation_events_001.csv,2026-08-11T11:59:30Z
EVT-FRS-014329,6014329,2005956,152188,3003418,15000,2026-08-06T03:15:50Z,クレジットカード,increment-run-001,workshop-participant,donation_events_001.csv,2026-08-11T11:59:30Z
EVT-FRS-001227,6001227,2004377,342157,3004107,10000,2026-08-06T03:16:40Z,クレジットカード,increment-run-001,workshop-participant,donation_events_001.csv,2026-08-11T11:59:30Z
EVT-FRS-006761,6006761,2002259,092096,3004016,5000,2026-08-06T03:17:25Z,電子決済,increment-run-001,workshop-participant,donation_events_001.csv,2026-08-11T11:59:30Z
EVT-FRS-005513,6005513,2008639,012149,3000853,25000,2026-08-06T03:19:00Z,クレジットカード,increment-run-001,workshop-participant,donation_events_001.csv,2026-08-11T11:59:30Z
EVT-FRS-003033,6003033,2011998,462063,3004095,12000,2026-08-06T03:22:52Z,クレジットカード,increment-run-001,workshop-participant,donation_events_001.csv,2026-08-11T11:59:30Z
EVT-FRS-013156,6013156,2000566,113832,3004397,12000,2026-08-06T03:23:55Z,銀行振込,increment-run-001,workshop-participant,donation_events_001.csv,2026-08-11T11:59:30Z
EVT-FRS-014597,6014597,2008365,322059,3000456,12000,2026-08-06T03:29:53Z,電子決済,increment-run-001,workshop-participant,donation_events_001.csv,2026-08-11T11:59:30Z
EVT-FRS-001091,6001091,2002473,122301,3003885,15000,2026-08-06T03:34:05Z,銀行振込,increment-run-001,workshop-participant,donation_events_001.csv,2026-08-11T11:59:30Z
EVT-FRS-012723,6012723,2009055,024023,3000473,20000,2026-08-06T03:34:38Z,クレジットカード,increment-run-001,workshop-participant,donation_events_001.csv,2026-08-11T11:59:30Z
EVT-FRS-014796,6014796,2005697,082287,3004560,10000,2026-08-06T03:35:26Z,クレジットカード,increment-run-001,workshop-participant,donation_events_001.csv,2026-08-11T11:59:30Z
EVT-FRS-010452,6010452,2004757,352071,3005291,10000,2026-08-06T03:37:10Z,クレジットカード,increment-run-001,workshop-participant,donation_events_001.csv,2026-08-11T11:59:30Z
EVT-FRS-008838,6008838,2010142,112321,3003106,10000,2026-08-06T03:40:02Z,クレジットカード,increment-run-001,workshop-participant,donation_events_001.csv,2026-08-11T11:59:30Z
EVT-FRS-004385,6004385,2004669,202118,3004943,10000,2026-08-06T03:46:10Z,クレジットカード,increment-run-001,workshop-participant,donation_events_001.csv,2026-08-11T11:59:30Z
EVT-FRS-003463,6003463,2001603,012262,3000968,10000,2026-08-06T03:49:51Z,クレジットカード,increment-run-001,workshop-participant,donation_events_001.csv,2026-08-11T11:59:30Z
EVT-FRS-011270,6011270,2009709,112321,3001016,40000,2026-08-06T03:51:44Z,クレジットカード,increment-run-001,workshop-participant,donation_events_001.csv,2026-08-11T11:59:30Z
EVT-FRS-009239,6009239,2007411,352161,3002640,10000,2026-08-06T03:53:07Z,銀行振込,increment-run-001,workshop-participant,donation_events_001.csv,2026-08-11T11:59:30Z
EVT-FRS-006115,6006115,2004163,192066,3001488,5000,2026-08-06T03:57:25Z,クレジットカード,increment-run-001,workshop-participant,donation_events_001.csv,2026-08-11T11:59:30Z
EVT-FRS-004891,6004891,2005380,312045,3002345,15000,2026-08-06T04:04:52Z,クレジットカード,increment-run-001,workshop-participant,donation_events_001.csv,2026-08-11T11:59:30Z
EVT-FRS-006339,6006339,2000150,112089,3002369,25000,2026-08-06T04:06:38Z,電子決済,increment-run-001,workshop-participant,donation_events_001.csv,2026-08-11T11:59:30Z
EVT-FRS-007153,6007153,2008879,082121,3005469,12000,2026-08-06T04:08:45Z,クレジットカード,increment-run-001,workshop-participant,donation_events_001.csv,2026-08-11T11:59:30Z
EVT-FRS-007375,6007375,2002194,103845,3002351,10000,2026-08-06T04:09:41Z,銀行振込,increment-run-001,workshop-participant,donation_events_001.csv,2026-08-11T11:59:30Z
EVT-FRS-000244,6000244,2004044,282260,3005097,12000,2026-08-06T04:13:49Z,銀行振込,increment-run-001,workshop-participant,donation_events_001.csv,2026-08-11T11:59:30Z
EVT-FRS-001853,6001853,2000528,052060,3001560,10000,2026-08-06T04:18:24Z,電子決済,increment-run-001,workshop-participant,donation_events_001.csv,2026-08-11T11:59:30Z
EVT-FRS-000095,6000095,2003274,362077,3000950,20000,2026-08-06T04:22:18Z,電子決済,increment-run-001,workshop-participant,donation_events_001.csv,2026-08-11T11:59:30Z
EVT-FRS-006513,6006513,2010364,182010,3000798,12000,2026-08-06T04:28:37Z,クレジットカード,increment-run-001,workshop-participant,donation_events_001.csv,2026-08-11T11:59:30Z
EVT-FRS-006342,6006342,2004894,122271,3002360,10000,2026-08-06T04:29:03Z,電子決済,increment-run-001,workshop-participant,donation_events_001.csv,2026-08-11T11:59:30Z
EVT-FRS-004645,6004645,2007217,122114,3001493,20000,2026-08-06T04:33:43Z,コンビニ決済,increment-run-001,workshop-participant,donation_events_001.csv,2026-08-11T11:59:30Z
EVT-FRS-001652,6001652,2004382,412023,3004246,12000,2026-08-06T04:34:24Z,クレジットカード,increment-run-001,workshop-participant,donation_events_001.csv,2026-08-11T11:59:30Z
EVT-FRS-008927,6008927,2004706,406082,3005001,8000,2026-08-06T04:34:29Z,クレジットカード,increment-run-001,workshop-participant,donation_events_001.csv,2026-08-11T11:59:30Z
EVT-FRS-010155,6010155,2000354,423220,3003930,15000,2026-08-06T04:39:28Z,クレジットカード,increment-run-001,workshop-participant,donation_events_001.csv,2026-08-11T11:59:30Z
EVT-FRS-010796,6010796,2004716,406422,3003122,8000,2026-08-06T04:42:10Z,クレジットカード,increment-run-001,workshop-participant,donation_events_001.csv,2026-08-11T11:59:30Z
EVT-FRS-003157,6003157,2004748,362077,3000374,15000,2026-08-06T04:42:53Z,クレジットカード,increment-run-001,workshop-participant,donation_events_001.csv,2026-08-11T11:59:30Z
EVT-FRS-001062,6001062,2006234,394122,3005801,30000,2026-08-06T04:43:05Z,クレジットカード,increment-run-001,workshop-participant,donation_events_001.csv,2026-08-11T11:59:30Z
EVT-FRS-005840,6005840,2004962,352128,3003774,40000,2026-08-06T04:53:23Z,銀行振込,increment-run-001,workshop-participant,donation_events_001.csv,2026-08-11T11:59:30Z
EVT-FRS-013781,6013781,2001693,173614,3001314,12000,2026-08-06T04:54:37Z,電子決済,increment-run-001,workshop-participant,donation_events_001.csv,2026-08-11T11:59:30Z
EVT-FRS-010017,6010017,2002402,202045,3005850,10000,2026-08-06T04:58:32Z,電子決済,increment-run-001,workshop-participant,donation_events_001.csv,2026-08-11T11:59:30Z
EVT-FRS-006015,6006015,2005403,222054,3001339,10000,2026-08-06T05:00:52Z,クレジットカード,increment-run-001,workshop-participant,donation_events_001.csv,2026-08-11T11:59:30Z
EVT-FRS-002905,6002905,2000556,442135,3000064,12000,2026-08-06T05:03:12Z,クレジットカード,increment-run-001,workshop-participant,donation_events_001.csv,2026-08-11T11:59:30Z
EVT-FRS-013458,6013458,2004489,012220,3003077,12000,2026-08-06T05:09:11Z,クレジットカード,increment-run-001,workshop-participant,donation_events_001.csv,2026-08-11T11:59:30Z
EVT-FRS-011343,6011343,2007311,261009,3004950,20000,2026-08-06T05:12:02Z,コンビニ決済,increment-run-001,workshop-participant,donation_events_001.csv,2026-08-11T11:59:30Z
EVT-FRS-002271,6002271,2000135,232190,3003166,15000,2026-08-06T05:18:48Z,電子決済,increment-run-001,workshop-participant,donation_events_001.csv,2026-08-11T11:59:30Z
EVT-FRS-005449,6005449,2008480,112151,3000313,10000,2026-08-06T05:21:29Z,クレジットカード,increment-run-001,workshop-participant,donation_events_001.csv,2026-08-11T11:59:30Z
EVT-FRS-013335,6013335,2003871,432156,3003223,20000,2026-08-06T05:25:10Z,クレジットカード,increment-run-001,workshop-participant,donation_events_001.csv,2026-08-11T11:59:30Z
EVT-FRS-010579,6010579,2004252,202029,3000897,15000,2026-08-06T05:25:12Z,クレジットカード,increment-run-001,workshop-participant,donation_events_001.csv,2026-08-11T11:59:30Z
EVT-FRS-003198,6003198,2003221,332101,3005522,25000,2026-08-06T05:28:10Z,コンビニ決済,increment-run-001,workshop-participant,donation_events_001.csv,2026-08-11T11:59:30Z
EVT-FRS-003691,6003691,2007831,452025,3005996,10000,2026-08-06T05:28:10Z,クレジットカード,increment-run-001,workshop-participant,donation_events_001.csv,2026-08-11T11:59:30Z
EVT-FRS-012293,6012293,2000002,412066,3003776,10000,2026-08-06T05:28:21Z,銀行振込,increment-run-001,workshop-participant,donation_events_001.csv,2026-08-11T11:59:30Z
EVT-FRS-010576,6010576,2004905,032085,3003088,10000,2026-08-06T05:32:22Z,クレジットカード,increment-run-001,workshop-participant,donation_events_001.csv,2026-08-11T11:59:30Z
EVT-FRS-004962,6004962,2008432,142166,3005251,15000,2026-08-06T05:34:52Z,クレジットカード,increment-run-001,workshop-participant,donation_events_001.csv,2026-08-11T11:59:30Z
EVT-FRS-007486,6007486,2004259,402117,3003398,10000,2026-08-06T05:35:16Z,クレジットカード,increment-run-001,workshop-participant,donation_events_001.csv,2026-08-11T11:59:30Z
EVT-FRS-014041,6014041,2000100,332020,3003321,15000,2026-08-06T05:39:21Z,クレジットカード,increment-run-001,workshop-participant,donation_events_001.csv,2026-08-11T11:59:30Z
EVT-FRS-007552,6007552,2002970,222062,3005156,15000,2026-08-06T05:40:33Z,クレジットカード,increment-run-001,workshop-participant,donation_events_001.csv,2026-08-11T11:59:30Z
EVT-FRS-007482,6007482,2008184,352063,3005276,8000,2026-08-06T05:46:06Z,クレジットカード,increment-run-001,workshop-participant,donation_events_001.csv,2026-08-11T11:59:30Z
EVT-FRS-000932,6000932,2009325,272264,3004088,25000,2026-08-06T05:57:03Z,電子決済,increment-run-001,workshop-participant,donation_events_001.csv,2026-08-11T11:59:30Z
EVT-FRS-001103,6001103,2003981,152048,3002840,30000,2026-08-06T06:01:31Z,クレジットカード,increment-run-001,workshop-participant,donation_events_001.csv,2026-08-11T11:59:30Z
EVT-FRS-007349,6007349,2002407,082341,3000228,15000,2026-08-06T06:04:14Z,クレジットカード,increment-run-001,workshop-participant,donation_events_001.csv,2026-08-11T11:59:30Z
EVT-FRS-006021,6006021,2005590,082287,3005939,25000,2026-08-06T06:05:48Z,クレジットカード,increment-run-001,workshop-participant,donation_events_001.csv,2026-08-11T11:59:30Z
EVT-FRS-001229,6001229,2005810,235628,3005792,10000,2026-08-06T06:06:42Z,クレジットカード,increment-run-001,workshop-participant,donation_events_001.csv,2026-08-11T11:59:30Z
EVT-FRS-011996,6011996,2011527,452025,3002268,12000,2026-08-06T06:07:08Z,電子決済,increment-run-001,workshop-participant,donation_events_001.csv,2026-08-11T11:59:30Z
EVT-FRS-006316,6006316,2000613,012220,3003077,8000,2026-08-06T06:08:02Z,電子決済,increment-run-001,workshop-participant,donation_events_001.csv,2026-08-11T11:59:30Z
EVT-FRS-003749,6003749,2008793,212016,3001737,12000,2026-08-06T06:10:34Z,電子決済,increment-run-001,workshop-participant,donation_events_001.csv,2026-08-11T11:59:30Z
EVT-FRS-005618,6005618,2011552,152048,3002840,5000,2026-08-06T06:17:33Z,クレジットカード,increment-run-001,workshop-participant,donation_events_001.csv,2026-08-11T11:59:30Z
EVT-FRS-000836,6000836,2008396,092118,3005676,20000,2026-08-06T06:26:29Z,電子決済,increment-run-001,workshop-participant,donation_events_001.csv,2026-08-11T11:59:30Z
EVT-FRS-009896,6009896,2000753,172014,3002253,15000,2026-08-06T06:26:38Z,電子決済,increment-run-001,workshop-participant,donation_events_001.csv,2026-08-11T11:59:30Z
EVT-FRS-007976,6007976,2000269,202029,3002523,25000,2026-08-06T06:30:35Z,電子決済,increment-run-001,workshop-participant,donation_events_001.csv,2026-08-11T11:59:30Z
EVT-FRS-001796,6001796,2011101,264636,3005886,60000,2026-08-06T06:31:06Z,クレジットカード,increment-run-001,workshop-participant,donation_events_001.csv,2026-08-11T11:59:30Z
EVT-FRS-005175,6005175,2001196,352110,3003049,25000,2026-08-06T06:31:14Z,クレジットカード,increment-run-001,workshop-participant,donation_events_001.csv,2026-08-11T11:59:30Z
EVT-FRS-005173,6005173,2003335,352071,3005291,20000,2026-08-06T06:32:05Z,クレジットカード,increment-run-001,workshop-participant,donation_events_001.csv,2026-08-11T11:59:30Z
EVT-FRS-003477,6003477,2001572,082244,3002189,30000,2026-08-06T06:32:45Z,クレジットカード,increment-run-001,workshop-participant,donation_events_001.csv,2026-08-11T11:59:30Z
EVT-FRS-012344,6012344,2006897,112453,3000243,10000,2026-08-06T06:34:14Z,クレジットカード,increment-run-001,workshop-participant,donation_events_001.csv,2026-08-11T11:59:30Z
EVT-FRS-011735,6011735,2001928,402184,3001031,15000,2026-08-06T06:43:38Z,クレジットカード,increment-run-001,workshop-participant,donation_events_001.csv,2026-08-11T11:59:30Z
EVT-FRS-008493,6008493,2006331,252123,3000776,30000,2026-08-06T06:43:47Z,クレジットカード,increment-run-001,workshop-participant,donation_events_001.csv,2026-08-11T11:59:30Z
EVT-FRS-004406,6004406,2004187,222054,3001339,20000,2026-08-06T06:44:39Z,クレジットカード,increment-run-001,workshop-participant,donation_events_001.csv,2026-08-11T11:59:30Z
EVT-FRS-009848,6009848,2005732,012211,3005559,25000,2026-08-06T06:46:46Z,クレジットカード,increment-run-001,workshop-participant,donation_events_001.csv,2026-08-11T11:59:30Z
EVT-FRS-006702,6006702,2007988,142018,3000919,12000,2026-08-06T06:48:29Z,クレジットカード,increment-run-001,workshop-participant,donation_events_001.csv,2026-08-11T11:59:30Z
EVT-FRS-009591,6009591,2011137,072044,3000532,20000,2026-08-06T06:48:59Z,クレジットカード,increment-run-001,workshop-participant,donation_events_001.csv,2026-08-11T11:59:30Z
EVT-FRS-008036,6008036,2008141,222143,3003894,30000,2026-08-06T06:49:35Z,クレジットカード,increment-run-001,workshop-participant,donation_events_001.csv,2026-08-11T11:59:30Z
EVT-FRS-014213,6014213,2004542,452084,3002388,10000,2026-08-06T06:56:47Z,クレジットカード,increment-run-001,workshop-participant,donation_events_001.csv,2026-08-11T11:59:30Z
EVT-FRS-013875,6013875,2010285,412023,3005402,20000,2026-08-06T06:58:32Z,クレジットカード,increment-run-001,workshop-participant,donation_events_001.csv,2026-08-11T11:59:30Z
EVT-FRS-008784,6008784,2008010,182028,3002137,15000,2026-08-06T06:58:43Z,クレジットカード,increment-run-001,workshop-participant,donation_events_001.csv,2026-08-11T11:59:30Z
EVT-FRS-014678,6014678,2002171,322059,3004353,5000,2026-08-06T07:03:29Z,クレジットカード,increment-run-001,workshop-participant,donation_events_001.csv,2026-08-11T11:59:30Z
EVT-FRS-002772,6002772,2008690,082341,3005160,20000,2026-08-06T07:04:42Z,クレジットカード,increment-run-001,workshop-participant,donation_events_001.csv,2026-08-11T11:59:30Z
EVT-FRS-010484,6010484,2005378,432105,3003532,10000,2026-08-06T07:08:07Z,クレジットカード,increment-run-001,workshop-participant,donation_events_001.csv,2026-08-11T11:59:30Z
EVT-FRS-011248,6011248,2010464,162108,3003835,15000,2026-08-06T07:09:02Z,クレジットカード,increment-run-001,workshop-participant,donation_events_001.csv,2026-08-11T11:59:30Z
EVT-FRS-007523,6007523,2006641,122262,3000946,5000,2026-08-06T07:12:42Z,クレジットカード,increment-run-001,workshop-participant,donation_events_001.csv,2026-08-11T11:59:30Z
EVT-FRS-002146,6002146,2001970,102024,3004038,10000,2026-08-06T07:13:15Z,電子決済,increment-run-001,workshop-participant,donation_events_001.csv,2026-08-11T11:59:30Z
EVT-FRS-012829,6012829,2009652,182010,3001372,20000,2026-08-06T07:14:08Z,クレジットカード,increment-run-001,workshop-participant,donation_events_001.csv,2026-08-11T11:59:30Z
EVT-FRS-007710,6007710,2005513,282197,3001759,10000,2026-08-06T07:14:28Z,電子決済,increment-run-001,workshop-participant,donation_events_001.csv,2026-08-11T11:59:30Z
EVT-FRS-011577,6011577,2005708,412023,3004246,40000,2026-08-06T07:15:25Z,クレジットカード,increment-run-001,workshop-participant,donation_events_001.csv,2026-08-11T11:59:30Z
EVT-FRS-008551,6008551,2000982,232025,3002204,10000,2026-08-06T07:16:55Z,銀行振込,increment-run-001,workshop-participant,donation_events_001.csv,2026-08-11T11:59:30Z
EVT-FRS-004284,6004284,2007610,082279,3002724,10000,2026-08-06T07:20:38Z,クレジットカード,increment-run-001,workshop-participant,donation_events_001.csv,2026-08-11T11:59:30Z
EVT-FRS-012035,6012035,2010295,073628,3005244,40000,2026-08-06T07:25:55Z,クレジットカード,increment-run-001,workshop-participant,donation_events_001.csv,2026-08-11T11:59:30Z
EVT-FRS-013206,6013206,2011283,162086,3000308,20000,2026-08-06T07:28:45Z,クレジットカード,increment-run-001,workshop-participant,donation_events_001.csv,2026-08-11T11:59:30Z
EVT-FRS-011978,6011978,2006799,162108,3000476,12000,2026-08-06T07:30:34Z,銀行振込,increment-run-001,workshop-participant,donation_events_001.csv,2026-08-11T11:59:30Z
EVT-FRS-011409,6011409,2010927,462209,3000903,5000,2026-08-06T07:32:21Z,電子決済,increment-run-001,workshop-participant,donation_events_001.csv,2026-08-11T11:59:30Z
EVT-FRS-010096,6010096,2001184,272230,3002861,8000,2026-08-06T07:32:45Z,電子決済,increment-run-001,workshop-participant,donation_events_001.csv,2026-08-11T11:59:30Z
EVT-FRS-013485,6013485,2003716,182028,3004323,10000,2026-08-06T07:34:04Z,クレジットカード,increment-run-001,workshop-participant,donation_events_001.csv,2026-08-11T11:59:30Z
EVT-FRS-007298,6007298,2010239,182087,3000467,15000,2026-08-06T07:36:02Z,クレジットカード,increment-run-001,workshop-participant,donation_events_001.csv,2026-08-11T11:59:30Z
EVT-FRS-006748,6006748,2005186,232351,3001051,10000,2026-08-06T07:36:40Z,クレジットカード,increment-run-001,workshop-participant,donation_events_001.csv,2026-08-11T11:59:30Z
EVT-FRS-005212,6005212,2010234,282171,3004345,60000,2026-08-06T07:37:19Z,クレジットカード,increment-run-001,workshop-participant,donation_events_001.csv,2026-08-11T11:59:30Z
EVT-FRS-002121,6002121,2004250,262102,3003103,10000,2026-08-06T07:43:03Z,銀行振込,increment-run-001,workshop-participant,donation_events_001.csv,2026-08-11T11:59:30Z
EVT-FRS-008517,6008517,2008010,152081,3004114,15000,2026-08-06T07:47:57Z,クレジットカード,increment-run-001,workshop-participant,donation_events_001.csv,2026-08-11T11:59:30Z
EVT-FRS-014421,6014421,2005780,322041,3000146,20000,2026-08-06T07:51:37Z,クレジットカード,increment-run-001,workshop-participant,donation_events_001.csv,2026-08-11T11:59:30Z
EVT-FRS-010681,6010681,2011591,141305,3003138,12000,2026-08-06T07:52:33Z,クレジットカード,increment-run-001,workshop-participant,donation_events_001.csv,2026-08-11T11:59:30Z
EVT-FRS-002794,6002794,2000787,442020,3002517,10000,2026-08-06T07:55:30Z,クレジットカード,increment-run-001,workshop-participant,donation_events_001.csv,2026-08-11T11:59:30Z
EVT-FRS-000657,6000657,2002919,412023,3004952,15000,2026-08-06T07:55:56Z,クレジットカード,increment-run-001,workshop-participant,donation_events_001.csv,2026-08-11T11:59:30Z
EVT-FRS-005807,6005807,2009262,131083,3004712,20000,2026-08-06T07:56:55Z,クレジットカード,increment-run-001,workshop-participant,donation_events_001.csv,2026-08-11T11:59:30Z
EVT-FRS-000880,6000880,2001048,132217,3002583,15000,2026-08-06T07:59:44Z,クレジットカード,increment-run-001,workshop-participant,donation_events_001.csv,2026-08-11T11:59:30Z
EVT-FRS-004843,6004843,2011253,452025,3003952,8000,2026-08-06T08:06:51Z,銀行振込,increment-run-001,workshop-participant,donation_events_001.csv,2026-08-11T11:59:30Z
EVT-FRS-014158,6014158,2007240,271403,3001260,10000,2026-08-06T08:12:42Z,銀行振込,increment-run-001,workshop-participant,donation_events_001.csv,2026-08-11T11:59:30Z
EVT-FRS-008589,6008589,2007185,232149,3000148,10000,2026-08-06T08:14:25Z,クレジットカード,increment-run-001,workshop-participant,donation_events_001.csv,2026-08-11T11:59:30Z
EVT-FRS-011417,6011417,2009852,272221,3005471,5000,2026-08-06T08:19:36Z,クレジットカード,increment-run-001,workshop-participant,donation_events_001.csv,2026-08-11T11:59:30Z
EVT-FRS-003173,6003173,2009131,232351,3002782,10000,2026-08-06T08:32:35Z,クレジットカード,increment-run-001,workshop-participant,donation_events_001.csv,2026-08-11T11:59:30Z
EVT-FRS-006291,6006291,2005644,162043,3002695,40000,2026-08-06T08:37:29Z,銀行振込,increment-run-001,workshop-participant,donation_events_001.csv,2026-08-11T11:59:30Z
EVT-FRS-000141,6000141,2011696,422126,3001945,12000,2026-08-06T08:40:52Z,クレジットカード,increment-run-001,workshop-participant,donation_events_001.csv,2026-08-11T11:59:30Z
EVT-FRS-005377,6005377,2002511,082163,3002820,70000,2026-08-06T08:41:10Z,クレジットカード,increment-run-001,workshop-participant,donation_events_001.csv,2026-08-11T11:59:30Z
EVT-FRS-011710,6011710,2002807,252069,3002520,10000,2026-08-06T08:41:34Z,クレジットカード,increment-run-001,workshop-participant,donation_events_001.csv,2026-08-11T11:59:30Z
EVT-FRS-008479,6008479,2010523,112011,3005325,10000,2026-08-06T08:41:59Z,クレジットカード,increment-run-001,workshop-participant,donation_events_001.csv,2026-08-11T11:59:30Z
EVT-FRS-013410,6013410,2004781,152081,3002059,12000,2026-08-06T08:47:19Z,電子決済,increment-run-001,workshop-participant,donation_events_001.csv,2026-08-11T11:59:30Z
EVT-FRS-007504,6007504,2006015,182052,3001264,15000,2026-08-06T08:48:07Z,クレジットカード,increment-run-001,workshop-participant,donation_events_001.csv,2026-08-11T11:59:30Z
EVT-FRS-003872,6003872,2004698,273619,3000937,10000,2026-08-06T08:52:11Z,クレジットカード,increment-run-001,workshop-participant,donation_events_001.csv,2026-08-11T11:59:30Z
EVT-FRS-011073,6011073,2011392,042021,3001467,10000,2026-08-06T09:01:22Z,コンビニ決済,increment-run-001,workshop-participant,donation_events_001.csv,2026-08-11T11:59:30Z
EVT-FRS-006682,6006682,2009407,222241,3002314,15000,2026-08-06T09:01:45Z,クレジットカード,increment-run-001,workshop-participant,donation_events_001.csv,2026-08-11T11:59:30Z
EVT-FRS-014095,6014095,2004749,442127,3002864,10000,2026-08-06T09:05:07Z,クレジットカード,increment-run-001,workshop-participant,donation_events_001.csv,2026-08-11T11:59:30Z
EVT-FRS-010948,6010948,2006546,013960,3001199,25000,2026-08-06T09:10:59Z,クレジットカード,increment-run-001,workshop-participant,donation_events_001.csv,2026-08-11T11:59:30Z
EVT-FRS-010133,6010133,2009654,412015,3005653,15000,2026-08-06T09:14:21Z,クレジットカード,increment-run-001,workshop-participant,donation_events_001.csv,2026-08-11T11:59:30Z
EVT-FRS-004217,6004217,2004261,152064,3001815,30000,2026-08-06T09:17:06Z,電子決済,increment-run-001,workshop-participant,donation_events_001.csv,2026-08-11T11:59:30Z
EVT-FRS-010352,6010352,2006388,352012,3005927,10000,2026-08-06T09:19:14Z,銀行振込,increment-run-001,workshop-participant,donation_events_001.csv,2026-08-11T11:59:30Z
EVT-FRS-006926,6006926,2005480,363421,3005455,5000,2026-08-06T09:21:21Z,電子決済,increment-run-001,workshop-participant,donation_events_001.csv,2026-08-11T11:59:30Z
EVT-FRS-006266,6006266,2003031,082031,3000868,50000,2026-08-06T09:23:50Z,電子決済,increment-run-001,workshop-participant,donation_events_001.csv,2026-08-11T11:59:30Z
EVT-FRS-000475,6000475,2003082,452050,3001657,20000,2026-08-06T09:24:13Z,クレジットカード,increment-run-001,workshop-participant,donation_events_001.csv,2026-08-11T11:59:30Z
EVT-FRS-012919,6012919,2003181,122327,3004697,20000,2026-08-06T09:24:16Z,クレジットカード,increment-run-001,workshop-participant,donation_events_001.csv,2026-08-11T11:59:30Z
EVT-FRS-010348,6010348,2008792,342122,3005772,15000,2026-08-06T09:27:56Z,クレジットカード,increment-run-001,workshop-participant,donation_events_001.csv,2026-08-11T11:59:30Z
EVT-FRS-008436,6008436,2004726,352080,3004250,10000,2026-08-06T09:32:47Z,電子決済,increment-run-001,workshop-participant,donation_events_001.csv,2026-08-11T11:59:30Z
EVT-FRS-003696,6003696,2002045,392065,3001973,10000,2026-08-06T09:34:05Z,クレジットカード,increment-run-001,workshop-participant,donation_events_001.csv,2026-08-11T11:59:30Z
EVT-FRS-012287,6012287,2009881,363413,3005266,15000,2026-08-06T09:34:13Z,クレジットカード,increment-run-001,workshop-participant,donation_events_001.csv,2026-08-11T11:59:30Z
EVT-FRS-006423,6006423,2007579,212059,3000685,15000,2026-08-06T09:36:50Z,コンビニ決済,increment-run-001,workshop-participant,donation_events_001.csv,2026-08-11T11:59:30Z
EVT-FRS-003818,6003818,2008405,152081,3003098,25000,2026-08-06T09:44:54Z,クレジットカード,increment-run-001,workshop-participant,donation_events_001.csv,2026-08-11T11:59:30Z
EVT-FRS-004753,6004753,2007586,192074,3005724,20000,2026-08-06T09:45:15Z,クレジットカード,increment-run-001,workshop-participant,donation_events_001.csv,2026-08-11T11:59:30Z
EVT-FRS-012595,6012595,2001781,111007,3001455,12000,2026-08-06T09:50:47Z,電子決済,increment-run-001,workshop-participant,donation_events_001.csv,2026-08-11T11:59:30Z
EVT-FRS-011979,6011979,2007889,352071,3005291,15000,2026-08-06T09:54:38Z,クレジットカード,increment-run-001,workshop-participant,donation_events_001.csv,2026-08-11T11:59:30Z
EVT-FRS-009509,6009509,2007715,232289,3003221,10000,2026-08-06T09:55:50Z,クレジットカード,increment-run-001,workshop-participant,donation_events_001.csv,2026-08-11T11:59:30Z
EVT-FRS-003151,6003151,2008939,232114,3003464,10000,2026-08-06T10:02:30Z,クレジットカード,increment-run-001,workshop-participant,donation_events_001.csv,2026-08-11T11:59:30Z
EVT-FRS-006562,6006562,2004499,112453,3002543,50000,2026-08-06T10:03:04Z,コンビニ決済,increment-run-001,workshop-participant,donation_events_001.csv,2026-08-11T11:59:30Z
EVT-FRS-002272,6002272,2009683,122114,3003302,10000,2026-08-06T10:10:46Z,クレジットカード,increment-run-001,workshop-participant,donation_events_001.csv,2026-08-11T11:59:30Z
EVT-FRS-002907,6002907,2000481,192040,3004126,50000,2026-08-06T10:11:29Z,クレジットカード,increment-run-001,workshop-participant,donation_events_001.csv,2026-08-11T11:59:30Z
EVT-FRS-012208,6012208,2000367,112305,3004215,30000,2026-08-06T10:13:02Z,銀行振込,increment-run-001,workshop-participant,donation_events_001.csv,2026-08-11T11:59:30Z
EVT-FRS-004058,6004058,2001681,242152,3000207,12000,2026-08-06T10:13:47Z,クレジットカード,increment-run-001,workshop-participant,donation_events_001.csv,2026-08-11T11:59:30Z
EVT-FRS-014503,6014503,2007388,452041,3004484,40000,2026-08-06T10:15:31Z,クレジットカード,increment-run-001,workshop-participant,donation_events_001.csv,2026-08-11T11:59:30Z
EVT-FRS-002409,6002409,2000508,182010,3000835,20000,2026-08-06T10:18:18Z,クレジットカード,increment-run-001,workshop-participant,donation_events_001.csv,2026-08-11T11:59:30Z
EVT-FRS-010487,6010487,2005730,052078,3003520,25000,2026-08-06T10:18:51Z,電子決済,increment-run-001,workshop-participant,donation_events_001.csv,2026-08-11T11:59:30Z
EVT-FRS-000392,6000392,2009685,022071,3001533,10000,2026-08-06T10:31:16Z,電子決済,increment-run-001,workshop-participant,donation_events_001.csv,2026-08-11T11:59:30Z
EVT-FRS-002116,6002116,2011679,232335,3005639,10000,2026-08-06T10:33:15Z,電子決済,increment-run-001,workshop-participant,donation_events_001.csv,2026-08-11T11:59:30Z
EVT-FRS-002186,6002186,2007667,062057,3002466,40000,2026-08-06T10:37:04Z,クレジットカード,increment-run-001,workshop-participant,donation_events_001.csv,2026-08-11T11:59:30Z
EVT-FRS-004454,6004454,2002196,012190,3002126,20000,2026-08-06T10:38:17Z,電子決済,increment-run-001,workshop-participant,donation_events_001.csv,2026-08-11T11:59:30Z
EVT-FRS-009514,6009514,2007680,222194,3001954,5000,2026-08-06T10:38:52Z,クレジットカード,increment-run-001,workshop-participant,donation_events_001.csv,2026-08-11T11:59:30Z
EVT-FRS-002972,6002972,2001026,172065,3003276,10000,2026-08-06T10:39:37Z,クレジットカード,increment-run-001,workshop-participant,donation_events_001.csv,2026-08-11T11:59:30Z
EVT-FRS-001759,6001759,2009901,412023,3004246,15000,2026-08-06T10:45:46Z,クレジットカード,increment-run-001,workshop-participant,donation_events_001.csv,2026-08-11T11:59:30Z
EVT-FRS-002923,6002923,2002144,222208,3003711,15000,2026-08-06T10:46:21Z,クレジットカード,increment-run-001,workshop-participant,donation_events_001.csv,2026-08-11T11:59:30Z
EVT-FRS-013086,6013086,2009865,422126,3000901,15000,2026-08-06T10:47:04Z,電子決済,increment-run-001,workshop-participant,donation_events_001.csv,2026-08-11T11:59:30Z
EVT-FRS-014836,6014836,2002655,132276,3002654,20000,2026-08-06T10:52:05Z,クレジットカード,increment-run-001,workshop-participant,donation_events_001.csv,2026-08-11T11:59:30Z
EVT-FRS-001931,6001931,2002177,282251,3004892,10000,2026-08-06T10:56:04Z,クレジットカード,increment-run-001,workshop-participant,donation_events_001.csv,2026-08-11T11:59:30Z
EVT-FRS-007377,6007377,2009680,332089,3005179,20000,2026-08-06T10:56:09Z,クレジットカード,increment-run-001,workshop-participant,donation_events_001.csv,2026-08-11T11:59:30Z
EVT-FRS-012088,6012088,2000759,232351,3004367,10000,2026-08-06T10:56:56Z,クレジットカード,increment-run-001,workshop-participant,donation_events_001.csv,2026-08-11T11:59:30Z
EVT-FRS-010947,6010947,2010241,402257,3005054,30000,2026-08-06T10:59:16Z,電子決済,increment-run-001,workshop-participant,donation_events_001.csv,2026-08-11T11:59:30Z
EVT-FRS-007455,6007455,2003147,272132,3000548,30000,2026-08-06T10:59:21Z,クレジットカード,increment-run-001,workshop-participant,donation_events_001.csv,2026-08-11T11:59:30Z
EVT-FRS-010164,6010164,2007270,102041,3003791,15000,2026-08-06T11:04:18Z,電子決済,increment-run-001,workshop-participant,donation_events_001.csv,2026-08-11T11:59:30Z
EVT-FRS-004735,6004735,2009206,132284,3001567,20000,2026-08-06T11:07:47Z,電子決済,increment-run-001,workshop-participant,donation_events_001.csv,2026-08-11T11:59:30Z
EVT-FRS-003655,6003655,2006719,432164,3002158,20000,2026-08-06T11:14:11Z,電子決済,increment-run-001,workshop-participant,donation_events_001.csv,2026-08-11T11:59:30Z
EVT-FRS-012016,6012016,2008574,032107,3003446,10000,2026-08-06T11:14:21Z,クレジットカード,increment-run-001,workshop-participant,donation_events_001.csv,2026-08-11T11:59:30Z
EVT-FRS-009228,6009228,2004918,412104,3004018,10000,2026-08-06T11:15:03Z,銀行振込,increment-run-001,workshop-participant,donation_events_001.csv,2026-08-11T11:59:30Z
EVT-FRS-000713,6000713,2009261,292061,3001474,150000,2026-08-06T11:23:13Z,電子決済,increment-run-001,workshop-participant,donation_events_001.csv,2026-08-11T11:59:30Z
EVT-FRS-000973,6000973,2006496,272183,3003516,8000,2026-08-06T11:30:50Z,クレジットカード,increment-run-001,workshop-participant,donation_events_001.csv,2026-08-11T11:59:30Z
EVT-FRS-005987,6005987,2010528,462179,3005545,20000,2026-08-06T11:32:01Z,電子決済,increment-run-001,workshop-participant,donation_events_001.csv,2026-08-11T11:59:30Z
EVT-FRS-007512,6007512,2005739,032093,3004659,20000,2026-08-06T11:35:43Z,クレジットカード,increment-run-001,workshop-participant,donation_events_001.csv,2026-08-11T11:59:30Z
EVT-FRS-009849,6009849,2004074,112437,3003899,30000,2026-08-06T11:38:01Z,クレジットカード,increment-run-001,workshop-participant,donation_events_001.csv,2026-08-11T11:59:30Z
EVT-FRS-011536,6011536,2002734,141500,3001359,10000,2026-08-06T11:39:20Z,クレジットカード,increment-run-001,workshop-participant,donation_events_001.csv,2026-08-11T11:59:30Z
EVT-FRS-002142,6002142,2002227,302031,3000932,8000,2026-08-06T11:45:47Z,電子決済,increment-run-001,workshop-participant,donation_events_001.csv,2026-08-11T11:59:30Z
EVT-FRS-012928,6012928,2009205,062090,3005053,12000,2026-08-06T11:47:35Z,電子決済,increment-run-001,workshop-participant,donation_events_001.csv,2026-08-11T11:59:30Z
EVT-FRS-002840,6002840,2001734,032034,3003582,50000,2026-08-06T11:53:17Z,電子決済,increment-run-001,workshop-participant,donation_events_001.csv,2026-08-11T11:59:30Z
EVT-FRS-014545,6014545,2010484,042030,3000019,12000,2026-08-06T11:56:15Z,クレジットカード,increment-run-001,workshop-participant,donation_events_001.csv,2026-08-11T11:59:30Z
EVT-FRS-008670,6008670,2003086,402257,3000233,25000,2026-08-06T11:58:13Z,クレジットカード,increment-run-001,workshop-participant,donation_events_001.csv,2026-08-11T11:59:30Z
EVT-FRS-002573,6002573,2004386,122173,3000041,8000,2026-08-06T11:59:19Z,クレジットカード,increment-run-001,workshop-participant,donation_events_001.csv,2026-08-11T11:59:30Z
EVT-FRS-007729,6007729,2007885,212156,3001633,15000,2026-08-06T12:04:32Z,クレジットカード,increment-run-001,workshop-participant,donation_events_001.csv,2026-08-11T11:59:30Z
EVT-FRS-014427,6014427,2001011,113654,3003353,20000,2026-08-06T12:10:52Z,クレジットカード,increment-run-001,workshop-participant,donation_events_001.csv,2026-08-11T11:59:30Z
EVT-FRS-014821,6014821,2004163,152226,3001102,20000,2026-08-06T12:24:45Z,クレジットカード,increment-run-001,workshop-participant,donation_events_001.csv,2026-08-11T11:59:30Z
EVT-FRS-012339,6012339,2006583,442020,3004882,10000,2026-08-06T12:37:24Z,クレジットカード,increment-run-001,workshop-participant,donation_events_001.csv,2026-08-11T11:59:30Z
EVT-FRS-000450,6000450,2003754,393045,3005965,12000,2026-08-06T12:39:41Z,コンビニ決済,increment-run-001,workshop-participant,donation_events_001.csv,2026-08-11T11:59:30Z
EVT-FRS-008565,6008565,2010244,431001,3001882,20000,2026-08-06T12:40:43Z,銀行振込,increment-run-001,workshop-participant,donation_events_001.csv,2026-08-11T11:59:30Z
EVT-FRS-001291,6001291,2001970,262013,3005076,15000,2026-08-06T12:44:26Z,クレジットカード,increment-run-001,workshop-participant,donation_events_001.csv,2026-08-11T11:59:30Z
EVT-FRS-010567,6010567,2006883,322041,3000146,15000,2026-08-06T12:46:00Z,電子決済,increment-run-001,workshop-participant,donation_events_001.csv,2026-08-11T11:59:30Z
EVT-FRS-005902,6005902,2005336,222267,3005121,10000,2026-08-06T12:48:35Z,クレジットカード,increment-run-001,workshop-participant,donation_events_001.csv,2026-08-11T11:59:30Z
EVT-FRS-000416,6000416,2007116,472140,3002791,10000,2026-08-06T12:50:47Z,クレジットカード,increment-run-001,workshop-participant,donation_events_001.csv,2026-08-11T11:59:30Z
EVT-FRS-006886,6006886,2011743,332038,3004021,10000,2026-08-06T12:51:14Z,銀行振込,increment-run-001,workshop-participant,donation_events_001.csv,2026-08-11T11:59:30Z
EVT-FRS-004618,6004618,2010436,401005,3003072,20000,2026-08-06T12:58:16Z,クレジットカード,increment-run-001,workshop-participant,donation_events_001.csv,2026-08-11T11:59:30Z
EVT-FRS-000728,6000728,2004597,462217,3001982,10000,2026-08-06T13:04:23Z,コンビニ決済,increment-run-001,workshop-participant,donation_events_001.csv,2026-08-11T11:59:30Z
EVT-FRS-000801,6000801,2011558,024414,3005593,10000,2026-08-06T13:06:12Z,クレジットカード,increment-run-001,workshop-participant,donation_events_001.csv,2026-08-11T11:59:30Z
EVT-FRS-008592,6008592,2004362,262048,3004116,20000,2026-08-06T13:14:24Z,クレジットカード,increment-run-001,workshop-participant,donation_events_001.csv,2026-08-11T11:59:30Z
EVT-FRS-006159,6006159,2003591,472123,3000253,10000,2026-08-06T13:15:03Z,クレジットカード,increment-run-001,workshop-participant,donation_events_001.csv,2026-08-11T11:59:30Z
EVT-FRS-001835,6001835,2002065,202088,3003572,20000,2026-08-06T13:15:40Z,クレジットカード,increment-run-001,workshop-participant,donation_events_001.csv,2026-08-11T11:59:30Z
EVT-FRS-006675,6006675,2006973,454419,3000050,10000,2026-08-06T13:16:53Z,クレジットカード,increment-run-001,workshop-participant,donation_events_001.csv,2026-08-11T11:59:30Z
EVT-FRS-002198,6002198,2003469,432113,3001974,5000,2026-08-06T13:20:59Z,クレジットカード,increment-run-001,workshop-participant,donation_events_001.csv,2026-08-11T11:59:30Z
EVT-FRS-006073,6006073,2003397,282120,3002797,12000,2026-08-06T13:21:43Z,銀行振込,increment-run-001,workshop-participant,donation_events_001.csv,2026-08-11T11:59:30Z
EVT-FRS-014724,6014724,2001979,262064,3000908,15000,2026-08-06T13:21:59Z,クレジットカード,increment-run-001,workshop-participant,donation_events_001.csv,2026-08-11T11:59:30Z
EVT-FRS-002793,6002793,2005425,434256,3005009,10000,2026-08-06T13:22:40Z,クレジットカード,increment-run-001,workshop-participant,donation_events_001.csv,2026-08-11T11:59:30Z
EVT-FRS-007811,6007811,2006115,332119,3002246,12000,2026-08-06T13:25:20Z,クレジットカード,increment-run-001,workshop-participant,donation_events_001.csv,2026-08-11T11:59:30Z
EVT-FRS-004069,6004069,2004561,052108,3001299,12000,2026-08-06T13:25:45Z,電子決済,increment-run-001,workshop-participant,donation_events_001.csv,2026-08-11T11:59:30Z
EVT-FRS-013111,6013111,2008186,282227,3003663,30000,2026-08-06T13:33:30Z,電子決済,increment-run-001,workshop-participant,donation_events_001.csv,2026-08-11T11:59:30Z
EVT-FRS-003421,6003421,2009107,442020,3005660,10000,2026-08-06T13:34:17Z,クレジットカード,increment-run-001,workshop-participant,donation_events_001.csv,2026-08-11T11:59:30Z
EVT-FRS-002128,6002128,2009933,432041,3004896,10000,2026-08-06T13:37:12Z,電子決済,increment-run-001,workshop-participant,donation_events_001.csv,2026-08-11T11:59:30Z
EVT-FRS-004662,6004662,2001647,016659,3002807,5000,2026-08-06T13:38:57Z,電子決済,increment-run-001,workshop-participant,donation_events_001.csv,2026-08-11T11:59:30Z
EVT-FRS-010003,6010003,2007134,242101,3005425,8000,2026-08-06T13:39:40Z,クレジットカード,increment-run-001,workshop-participant,donation_events_001.csv,2026-08-11T11:59:30Z
EVT-FRS-000914,6000914,2006494,142115,3000178,30000,2026-08-06T13:40:57Z,クレジットカード,increment-run-001,workshop-participant,donation_events_001.csv,2026-08-11T11:59:30Z
EVT-FRS-007155,6007155,2006099,272132,3003549,20000,2026-08-06T13:41:14Z,クレジットカード,increment-run-001,workshop-participant,donation_events_001.csv,2026-08-11T11:59:30Z
EVT-FRS-005701,6005701,2007901,202126,3003608,10000,2026-08-06T13:43:20Z,クレジットカード,increment-run-001,workshop-participant,donation_events_001.csv,2026-08-11T11:59:30Z
EVT-FRS-001409,6001409,2011991,302015,3003246,8000,2026-08-06T13:43:23Z,クレジットカード,increment-run-001,workshop-participant,donation_events_001.csv,2026-08-11T11:59:30Z
EVT-FRS-005684,6005684,2004368,402257,3005411,10000,2026-08-06T13:44:43Z,クレジットカード,increment-run-001,workshop-participant,donation_events_001.csv,2026-08-11T11:59:30Z
EVT-FRS-009268,6009268,2009292,332097,3001005,15000,2026-08-06T13:44:48Z,電子決済,increment-run-001,workshop-participant,donation_events_001.csv,2026-08-11T11:59:30Z
EVT-FRS-007869,6007869,2008061,393878,3005503,20000,2026-08-06T13:46:33Z,電子決済,increment-run-001,workshop-participant,donation_events_001.csv,2026-08-11T11:59:30Z
EVT-FRS-011938,6011938,2010199,052060,3003485,12000,2026-08-06T13:47:48Z,電子決済,increment-run-001,workshop-participant,donation_events_001.csv,2026-08-11T11:59:30Z
EVT-FRS-006895,6006895,2000818,162094,3002151,12000,2026-08-06T13:48:37Z,クレジットカード,increment-run-001,workshop-participant,donation_events_001.csv,2026-08-11T11:59:30Z
EVT-FRS-010229,6010229,2011979,212083,3003958,25000,2026-08-06T13:49:30Z,クレジットカード,increment-run-001,workshop-participant,donation_events_001.csv,2026-08-11T11:59:30Z
EVT-FRS-007997,6007997,2010713,202151,3002074,5000,2026-08-06T13:51:33Z,銀行振込,increment-run-001,workshop-participant,donation_events_001.csv,2026-08-11T11:59:30Z
EVT-FRS-014843,6014843,2006579,024465,3000327,50000,2026-08-06T13:52:28Z,クレジットカード,increment-run-001,workshop-participant,donation_events_001.csv,2026-08-11T11:59:30Z
EVT-FRS-005130,6005130,2011982,082015,3000165,15000,2026-08-06T13:55:12Z,銀行振込,increment-run-001,workshop-participant,donation_events_001.csv,2026-08-11T11:59:30Z
EVT-FRS-009046,6009046,2008614,075019,3001695,20000,2026-08-06T13:57:29Z,クレジットカード,increment-run-001,workshop-participant,donation_events_001.csv,2026-08-11T11:59:30Z
EVT-FRS-007282,6007282,2009602,282260,3005097,10000,2026-08-06T14:05:26Z,クレジットカード,increment-run-001,workshop-participant,donation_events_001.csv,2026-08-11T11:59:30Z
EVT-FRS-005881,6005881,2004379,282294,3002731,40000,2026-08-06T14:09:46Z,クレジットカード,increment-run-001,workshop-participant,donation_events_001.csv,2026-08-11T11:59:30Z
EVT-FRS-014481,6014481,2010334,182052,3004934,10000,2026-08-06T14:20:25Z,クレジットカード,increment-run-001,workshop-participant,donation_events_001.csv,2026-08-11T11:59:30Z
EVT-FRS-007323,6007323,2008635,162078,3003789,15000,2026-08-06T14:21:21Z,クレジットカード,increment-run-001,workshop-participant,donation_events_001.csv,2026-08-11T11:59:30Z
EVT-FRS-002492,6002492,2004177,022012,3003349,15000,2026-08-06T14:21:33Z,コンビニ決済,increment-run-001,workshop-participant,donation_events_001.csv,2026-08-11T11:59:30Z
EVT-FRS-008131,6008131,2006480,082287,3000284,20000,2026-08-06T14:25:37Z,電子決済,increment-run-001,workshop-participant,donation_events_001.csv,2026-08-11T11:59:30Z
EVT-FRS-001131,6001131,2004906,222089,3003577,5000,2026-08-06T14:26:32Z,電子決済,increment-run-001,workshop-participant,donation_events_001.csv,2026-08-11T11:59:30Z
EVT-FRS-006074,6006074,2003542,431001,3003941,20000,2026-08-06T14:27:06Z,電子決済,increment-run-001,workshop-participant,donation_events_001.csv,2026-08-11T11:59:30Z
EVT-FRS-002641,6002641,2005356,262102,3001883,15000,2026-08-06T14:27:24Z,クレジットカード,increment-run-001,workshop-participant,donation_events_001.csv,2026-08-11T11:59:30Z
EVT-FRS-013878,6013878,2011307,402214,3003809,10000,2026-08-06T14:27:30Z,電子決済,increment-run-001,workshop-participant,donation_events_001.csv,2026-08-11T11:59:30Z
EVT-FRS-012758,6012758,2002037,272141,3003974,10000,2026-08-06T14:28:17Z,電子決済,increment-run-001,workshop-participant,donation_events_001.csv,2026-08-11T11:59:30Z
EVT-FRS-000612,6000612,2006011,112437,3003899,30000,2026-08-06T14:29:58Z,電子決済,increment-run-001,workshop-participant,donation_events_001.csv,2026-08-11T11:59:30Z
EVT-FRS-011013,6011013,2011779,082261,3001655,25000,2026-08-06T14:30:01Z,電子決済,increment-run-001,workshop-participant,donation_events_001.csv,2026-08-11T11:59:30Z
EVT-FRS-011864,6011864,2007217,422029,3004961,30000,2026-08-06T14:30:27Z,クレジットカード,increment-run-001,workshop-participant,donation_events_001.csv,2026-08-11T11:59:30Z
EVT-FRS-002614,6002614,2002688,063215,3005229,10000,2026-08-06T14:30:47Z,クレジットカード,increment-run-001,workshop-participant,donation_events_001.csv,2026-08-11T11:59:30Z
EVT-FRS-002425,6002425,2008870,152048,3001642,25000,2026-08-06T14:31:45Z,電子決済,increment-run-001,workshop-participant,donation_events_001.csv,2026-08-11T11:59:30Z
EVT-FRS-004997,6004997,2002606,014010,3001838,10000,2026-08-06T14:33:34Z,クレジットカード,increment-run-001,workshop-participant,donation_events_001.csv,2026-08-11T11:59:30Z
EVT-FRS-014848,6014848,2004357,104434,3002905,30000,2026-08-06T14:42:34Z,銀行振込,increment-run-001,workshop-participant,donation_events_001.csv,2026-08-11T11:59:30Z
EVT-FRS-008816,6008816,2006459,142107,3000770,8000,2026-08-06T14:44:07Z,クレジットカード,increment-run-001,workshop-participant,donation_events_001.csv,2026-08-11T11:59:30Z
EVT-FRS-011881,6011881,2011797,033812,3002443,10000,2026-08-06T14:46:55Z,電子決済,increment-run-001,workshop-participant,donation_events_001.csv,2026-08-11T11:59:30Z
EVT-FRS-008989,6008989,2008352,182028,3002137,10000,2026-08-06T14:56:53Z,電子決済,increment-run-001,workshop-participant,donation_events_001.csv,2026-08-11T11:59:30Z
EVT-FRS-007383,6007383,2002202,232131,3001503,15000,2026-08-06T14:59:00Z,クレジットカード,increment-run-001,workshop-participant,donation_events_001.csv,2026-08-11T11:59:30Z
EVT-FRS-007157,6007157,2001320,242101,3005638,20000,2026-08-06T14:59:11Z,クレジットカード,increment-run-001,workshop-participant,donation_events_001.csv,2026-08-11T11:59:30Z
EVT-FRS-013620,6013620,2005921,272311,3003984,10000,2026-08-06T15:06:19Z,クレジットカード,increment-run-001,workshop-participant,donation_events_001.csv,2026-08-11T11:59:30Z
EVT-FRS-009812,6009812,2011595,271403,3005832,20000,2026-08-06T15:07:46Z,クレジットカード,increment-run-001,workshop-participant,donation_events_001.csv,2026-08-11T11:59:30Z
EVT-FRS-005115,6005115,2010956,141500,3005313,12000,2026-08-06T15:09:10Z,電子決済,increment-run-001,workshop-participant,donation_events_001.csv,2026-08-11T11:59:30Z
EVT-FRS-005577,6005577,2003883,314030,3000471,50000,2026-08-06T15:09:29Z,クレジットカード,increment-run-001,workshop-participant,donation_events_001.csv,2026-08-11T11:59:30Z
EVT-FRS-007329,6007329,2003239,322024,3000287,5000,2026-08-06T15:11:09Z,電子決済,increment-run-001,workshop-participant,donation_events_001.csv,2026-08-11T11:59:30Z
EVT-FRS-007291,6007291,2011190,012297,3001682,25000,2026-08-06T15:13:51Z,電子決済,increment-run-001,workshop-participant,donation_events_001.csv,2026-08-11T11:59:30Z
EVT-FRS-014108,6014108,2000154,303810,3004351,12000,2026-08-06T15:18:48Z,クレジットカード,increment-run-001,workshop-participant,donation_events_001.csv,2026-08-11T11:59:30Z
EVT-FRS-009096,6009096,2006040,452041,3005727,20000,2026-08-06T15:19:15Z,電子決済,increment-run-001,workshop-participant,donation_events_001.csv,2026-08-11T11:59:30Z
EVT-FRS-014837,6014837,2008221,192147,3003240,10000,2026-08-06T15:20:09Z,電子決済,increment-run-001,workshop-participant,donation_events_001.csv,2026-08-11T11:59:30Z
EVT-FRS-002692,6002692,2001713,282146,3000382,20000,2026-08-06T15:21:14Z,クレジットカード,increment-run-001,workshop-participant,donation_events_001.csv,2026-08-11T11:59:30Z
EVT-FRS-011512,6011512,2001850,182087,3002106,20000,2026-08-06T15:21:21Z,クレジットカード,increment-run-001,workshop-participant,donation_events_001.csv,2026-08-11T11:59:30Z
EVT-FRS-012290,6012290,2007407,262102,3001055,12000,2026-08-06T15:30:26Z,電子決済,increment-run-001,workshop-participant,donation_events_001.csv,2026-08-11T11:59:30Z
EVT-FRS-002958,6002958,2004554,122106,3002643,20000,2026-08-06T15:31:47Z,クレジットカード,increment-run-001,workshop-participant,donation_events_001.csv,2026-08-11T11:59:30Z
EVT-FRS-008167,6008167,2001339,232335,3000022,10000,2026-08-06T15:31:47Z,コンビニ決済,increment-run-001,workshop-participant,donation_events_001.csv,2026-08-11T11:59:30Z
EVT-FRS-004906,6004906,2009588,282146,3001029,40000,2026-08-06T15:34:19Z,クレジットカード,increment-run-001,workshop-participant,donation_events_001.csv,2026-08-11T11:59:30Z
EVT-FRS-002607,6002607,2004658,075043,3005907,10000,2026-08-06T15:34:20Z,クレジットカード,increment-run-001,workshop-participant,donation_events_001.csv,2026-08-11T11:59:30Z
EVT-FRS-013810,6013810,2007932,242144,3002837,150000,2026-08-06T15:38:19Z,クレジットカード,increment-run-001,workshop-participant,donation_events_001.csv,2026-08-11T11:59:30Z
EVT-FRS-008080,6008080,2009720,352063,3002027,20000,2026-08-06T15:41:37Z,クレジットカード,increment-run-001,workshop-participant,donation_events_001.csv,2026-08-11T11:59:30Z
EVT-FRS-006717,6006717,2010212,232017,3005339,15000,2026-08-06T15:41:59Z,銀行振込,increment-run-001,workshop-participant,donation_events_001.csv,2026-08-11T11:59:30Z
EVT-FRS-010048,6010048,2005107,133639,3001875,20000,2026-08-06T15:50:11Z,電子決済,increment-run-001,workshop-participant,donation_events_001.csv,2026-08-11T11:59:30Z
EVT-FRS-006307,6006307,2007274,202207,3000979,5000,2026-08-06T15:51:53Z,クレジットカード,increment-run-001,workshop-participant,donation_events_001.csv,2026-08-11T11:59:30Z
EVT-FRS-010591,6010591,2009344,454303,3002482,10000,2026-08-06T15:51:56Z,クレジットカード,increment-run-001,workshop-participant,donation_events_001.csv,2026-08-11T11:59:30Z
EVT-FRS-001594,6001594,2007958,282251,3003769,8000,2026-08-06T15:52:39Z,電子決済,increment-run-001,workshop-participant,donation_events_001.csv,2026-08-11T11:59:30Z
EVT-FRS-006869,6006869,2005167,232220,3004259,15000,2026-08-06T15:52:57Z,銀行振込,increment-run-001,workshop-participant,donation_events_001.csv,2026-08-11T11:59:30Z
EVT-FRS-013592,6013592,2002504,122190,3004814,30000,2026-08-06T15:57:58Z,クレジットカード,increment-run-001,workshop-participant,donation_events_001.csv,2026-08-11T11:59:30Z
EVT-FRS-000267,6000267,2005240,082104,3002102,15000,2026-08-06T16:01:06Z,クレジットカード,increment-run-001,workshop-participant,donation_events_001.csv,2026-08-11T11:59:30Z
EVT-FRS-008909,6008909,2004281,132276,3000809,15000,2026-08-06T16:01:49Z,クレジットカード,increment-run-001,workshop-participant,donation_events_001.csv,2026-08-11T11:59:30Z
EVT-FRS-007385,6007385,2005805,112411,3004315,10000,2026-08-06T16:04:34Z,クレジットカード,increment-run-001,workshop-participant,donation_events_001.csv,2026-08-11T11:59:30Z
EVT-FRS-009884,6009884,2007518,473154,3003730,12000,2026-08-06T16:06:45Z,クレジットカード,increment-run-001,workshop-participant,donation_events_001.csv,2026-08-11T11:59:30Z
EVT-FRS-001362,6001362,2006682,194221,3001608,10000,2026-08-06T16:11:55Z,クレジットカード,increment-run-001,workshop-participant,donation_events_001.csv,2026-08-11T11:59:30Z
EVT-FRS-000588,6000588,2006554,062120,3000130,25000,2026-08-06T16:13:40Z,銀行振込,increment-run-001,workshop-participant,donation_events_001.csv,2026-08-11T11:59:30Z
EVT-FRS-014206,6014206,2008956,442038,3000443,30000,2026-08-06T16:16:21Z,電子決済,increment-run-001,workshop-participant,donation_events_001.csv,2026-08-11T11:59:30Z
EVT-FRS-013871,6013871,2000162,052035,3004305,5000,2026-08-06T16:19:07Z,電子決済,increment-run-001,workshop-participant,donation_events_001.csv,2026-08-11T11:59:30Z
EVT-FRS-000195,6000195,2008714,012360,3002135,12000,2026-08-06T16:20:08Z,コンビニ決済,increment-run-001,workshop-participant,donation_events_001.csv,2026-08-11T11:59:30Z
EVT-FRS-012863,6012863,2001545,112071,3003576,150000,2026-08-06T16:20:18Z,クレジットカード,increment-run-001,workshop-participant,donation_events_001.csv,2026-08-11T11:59:30Z
EVT-FRS-001412,6001412,2010078,082325,3003980,20000,2026-08-06T16:26:24Z,クレジットカード,increment-run-001,workshop-participant,donation_events_001.csv,2026-08-11T11:59:30Z
EVT-FRS-001454,6001454,2009032,152048,3003793,15000,2026-08-06T16:28:33Z,クレジットカード,increment-run-001,workshop-participant,donation_events_001.csv,2026-08-11T11:59:30Z
EVT-FRS-006018,6006018,2010997,122190,3003157,20000,2026-08-06T16:29:43Z,電子決済,increment-run-001,workshop-participant,donation_events_001.csv,2026-08-11T11:59:30Z
EVT-FRS-011921,6011921,2011130,041009,3004941,50000,2026-08-06T16:36:10Z,クレジットカード,increment-run-001,workshop-participant,donation_events_001.csv,2026-08-11T11:59:30Z
EVT-FRS-012911,6012911,2000455,142140,3003862,30000,2026-08-06T16:36:38Z,クレジットカード,increment-run-001,workshop-participant,donation_events_001.csv,2026-08-11T11:59:30Z
EVT-FRS-005877,6005877,2010062,272256,3005135,8000,2026-08-06T16:37:04Z,銀行振込,increment-run-001,workshop-participant,donation_events_001.csv,2026-08-11T11:59:30Z
EVT-FRS-009005,6009005,2009895,404471,3003233,10000,2026-08-06T16:37:07Z,クレジットカード,increment-run-001,workshop-participant,donation_events_001.csv,2026-08-11T11:59:30Z
EVT-FRS-014152,6014152,2011265,292052,3001306,5000,2026-08-06T16:39:27Z,クレジットカード,increment-run-001,workshop-participant,donation_events_001.csv,2026-08-11T11:59:30Z
EVT-FRS-006849,6006849,2007408,104256,3000666,20000,2026-08-06T16:43:21Z,クレジットカード,increment-run-001,workshop-participant,donation_events_001.csv,2026-08-11T11:59:30Z
EVT-FRS-013964,6013964,2009816,252093,3005214,15000,2026-08-06T16:45:59Z,クレジットカード,increment-run-001,workshop-participant,donation_events_001.csv,2026-08-11T11:59:30Z
EVT-FRS-004651,6004651,2006651,215023,3003870,25000,2026-08-06T16:46:45Z,クレジットカード,increment-run-001,workshop-participant,donation_events_001.csv,2026-08-11T11:59:30Z
EVT-FRS-009126,6009126,2002306,202029,3001454,8000,2026-08-06T16:53:13Z,クレジットカード,increment-run-001,workshop-participant,donation_events_001.csv,2026-08-11T11:59:30Z
EVT-FRS-009174,6009174,2009672,202118,3004943,10000,2026-08-06T16:58:53Z,クレジットカード,increment-run-001,workshop-participant,donation_events_001.csv,2026-08-11T11:59:30Z
EVT-FRS-005144,6005144,2005344,342033,3002497,10000,2026-08-06T17:00:03Z,コンビニ決済,increment-run-001,workshop-participant,donation_events_001.csv,2026-08-11T11:59:30Z
EVT-FRS-006365,6006365,2011254,342131,3004767,10000,2026-08-06T17:00:36Z,クレジットカード,increment-run-001,workshop-participant,donation_events_001.csv,2026-08-11T11:59:30Z
EVT-FRS-011635,6011635,2004558,122327,3000840,5000,2026-08-06T17:06:46Z,クレジットカード,increment-run-001,workshop-participant,donation_events_001.csv,2026-08-11T11:59:30Z
EVT-FRS-014637,6014637,2002789,232149,3001980,20000,2026-08-06T17:13:57Z,クレジットカード,increment-run-001,workshop-participant,donation_events_001.csv,2026-08-11T11:59:30Z
EVT-FRS-007520,6007520,2003582,202177,3000947,15000,2026-08-06T17:23:51Z,電子決済,increment-run-001,workshop-participant,donation_events_001.csv,2026-08-11T11:59:30Z
EVT-FRS-013073,6013073,2001916,184811,3001744,12000,2026-08-06T17:25:24Z,電子決済,increment-run-001,workshop-participant,donation_events_001.csv,2026-08-11T11:59:30Z
EVT-FRS-008850,6008850,2005165,261009,3004950,12000,2026-08-06T17:25:36Z,クレジットカード,increment-run-001,workshop-participant,donation_events_001.csv,2026-08-11T11:59:30Z
EVT-FRS-010206,6010206,2003216,462101,3000971,10000,2026-08-06T17:25:57Z,クレジットカード,increment-run-001,workshop-participant,donation_events_001.csv,2026-08-11T11:59:30Z
EVT-FRS-007424,6007424,2011788,182052,3001707,25000,2026-08-06T17:32:52Z,電子決済,increment-run-001,workshop-participant,donation_events_001.csv,2026-08-11T11:59:30Z
EVT-FRS-014698,6014698,2008485,272124,3004000,15000,2026-08-06T17:34:18Z,クレジットカード,increment-run-001,workshop-participant,donation_events_001.csv,2026-08-11T11:59:30Z
EVT-FRS-013174,6013174,2002296,272230,3002861,8000,2026-08-06T17:38:33Z,電子決済,increment-run-001,workshop-participant,donation_events_001.csv,2026-08-11T11:59:30Z
EVT-FRS-007939,6007939,2004455,112429,3003245,5000,2026-08-06T17:45:24Z,コンビニ決済,increment-run-001,workshop-participant,donation_events_001.csv,2026-08-11T11:59:30Z
EVT-FRS-005917,6005917,2006331,402184,3004348,20000,2026-08-06T17:45:27Z,クレジットカード,increment-run-001,workshop-participant,donation_events_001.csv,2026-08-11T11:59:30Z
EVT-FRS-011378,6011378,2006671,132195,3002231,12000,2026-08-06T17:45:34Z,クレジットカード,increment-run-001,workshop-participant,donation_events_001.csv,2026-08-11T11:59:30Z
EVT-FRS-001088,6001088,2005688,422037,3002696,20000,2026-08-06T17:55:11Z,クレジットカード,increment-run-001,workshop-participant,donation_events_001.csv,2026-08-11T11:59:30Z
EVT-FRS-007659,6007659,2006688,322067,3001491,12000,2026-08-06T17:57:20Z,電子決済,increment-run-001,workshop-participant,donation_events_001.csv,2026-08-11T11:59:30Z
EVT-FRS-004022,6004022,2010750,322091,3003559,20000,2026-08-06T17:57:46Z,コンビニ決済,increment-run-001,workshop-participant,donation_events_001.csv,2026-08-11T11:59:30Z
EVT-FRS-010489,6010489,2005924,452025,3003952,10000,2026-08-06T17:59:06Z,銀行振込,increment-run-001,workshop-participant,donation_events_001.csv,2026-08-11T11:59:30Z
EVT-FRS-013508,6013508,2002567,152226,3002921,10000,2026-08-06T18:01:01Z,銀行振込,increment-run-001,workshop-participant,donation_events_001.csv,2026-08-11T11:59:30Z
EVT-FRS-013258,6013258,2007650,122343,3002700,20000,2026-08-06T18:01:27Z,クレジットカード,increment-run-001,workshop-participant,donation_events_001.csv,2026-08-11T11:59:30Z
EVT-FRS-003490,6003490,2004181,072125,3003032,10000,2026-08-06T18:03:21Z,コンビニ決済,increment-run-001,workshop-participant,donation_events_001.csv,2026-08-11T11:59:30Z
EVT-FRS-012519,6012519,2009214,082309,3002763,20000,2026-08-06T18:05:05Z,銀行振込,increment-run-001,workshop-participant,donation_events_001.csv,2026-08-11T11:59:30Z
EVT-FRS-011851,6011851,2011654,212016,3001830,12000,2026-08-06T18:06:25Z,クレジットカード,increment-run-001,workshop-participant,donation_events_001.csv,2026-08-11T11:59:30Z
EVT-FRS-011527,6011527,2011887,442119,3004848,15000,2026-08-06T18:07:36Z,クレジットカード,increment-run-001,workshop-participant,donation_events_001.csv,2026-08-11T11:59:30Z
EVT-FRS-008614,6008614,2004405,212113,3004609,8000,2026-08-06T18:09:40Z,クレジットカード,increment-run-001,workshop-participant,donation_events_001.csv,2026-08-11T11:59:30Z
EVT-FRS-009874,6009874,2006903,282049,3003594,12000,2026-08-06T18:11:18Z,電子決済,increment-run-001,workshop-participant,donation_events_001.csv,2026-08-11T11:59:30Z
EVT-FRS-012637,6012637,2007293,141003,3003285,50000,2026-08-06T18:14:59Z,電子決済,increment-run-001,workshop-participant,donation_events_001.csv,2026-08-11T11:59:30Z
EVT-FRS-012577,6012577,2004857,464686,3002337,10000,2026-08-06T18:22:57Z,電子決済,increment-run-001,workshop-participant,donation_events_001.csv,2026-08-11T11:59:30Z
EVT-FRS-003961,6003961,2007251,182052,3005669,12000,2026-08-06T18:34:02Z,銀行振込,increment-run-001,workshop-participant,donation_events_001.csv,2026-08-11T11:59:30Z
EVT-FRS-000220,6000220,2000543,112330,3004904,12000,2026-08-06T18:36:35Z,電子決済,increment-run-001,workshop-participant,donation_events_001.csv,2026-08-11T11:59:30Z
EVT-FRS-002936,6002936,2003058,182052,3005605,15000,2026-08-06T18:37:34Z,クレジットカード,increment-run-001,workshop-participant,donation_events_001.csv,2026-08-11T11:59:30Z
EVT-FRS-012269,6012269,2001733,272230,3002861,10000,2026-08-06T18:46:14Z,コンビニ決済,increment-run-001,workshop-participant,donation_events_001.csv,2026-08-11T11:59:30Z
EVT-FRS-000014,6000014,2001933,182109,3004695,25000,2026-08-06T18:47:07Z,クレジットカード,increment-run-001,workshop-participant,donation_events_001.csv,2026-08-11T11:59:30Z
EVT-FRS-010249,6010249,2006806,431001,3001882,10000,2026-08-06T18:49:01Z,電子決済,increment-run-001,workshop-participant,donation_events_001.csv,2026-08-11T11:59:30Z
EVT-FRS-005214,6005214,2003885,042021,3005000,10000,2026-08-06T18:50:24Z,電子決済,increment-run-001,workshop-participant,donation_events_001.csv,2026-08-11T11:59:30Z
EVT-FRS-013723,6013723,2005565,232084,3000048,20000,2026-08-06T18:51:37Z,クレジットカード,increment-run-001,workshop-participant,donation_events_001.csv,2026-08-11T11:59:30Z
EVT-FRS-000172,6000172,2004506,222259,3005856,5000,2026-08-06T18:57:37Z,クレジットカード,increment-run-001,workshop-participant,donation_events_001.csv,2026-08-11T11:59:30Z
EVT-FRS-005558,6005558,2004357,222216,3004271,20000,2026-08-06T19:03:42Z,コンビニ決済,increment-run-001,workshop-participant,donation_events_001.csv,2026-08-11T11:59:30Z
EVT-FRS-007300,6007300,2000601,272299,3001652,10000,2026-08-06T19:11:38Z,クレジットカード,increment-run-001,workshop-participant,donation_events_001.csv,2026-08-11T11:59:30Z
EVT-FRS-013724,6013724,2003602,072079,3000070,15000,2026-08-06T19:12:56Z,クレジットカード,increment-run-001,workshop-participant,donation_events_001.csv,2026-08-11T11:59:30Z
EVT-FRS-001108,6001108,2003056,402311,3001250,20000,2026-08-06T19:14:42Z,クレジットカード,increment-run-001,workshop-participant,donation_events_001.csv,2026-08-11T11:59:30Z
EVT-FRS-004118,6004118,2001095,352012,3004915,20000,2026-08-06T19:14:47Z,クレジットカード,increment-run-001,workshop-participant,donation_events_001.csv,2026-08-11T11:59:30Z
EVT-FRS-000047,6000047,2006324,232351,3004170,15000,2026-08-06T19:17:09Z,クレジットカード,increment-run-001,workshop-participant,donation_events_001.csv,2026-08-11T11:59:30Z
EVT-FRS-005247,6005247,2011798,112127,3002652,10000,2026-08-06T19:25:55Z,クレジットカード,increment-run-001,workshop-participant,donation_events_001.csv,2026-08-11T11:59:30Z
EVT-FRS-014207,6014207,2011648,452025,3004014,12000,2026-08-06T19:27:58Z,銀行振込,increment-run-001,workshop-participant,donation_events_001.csv,2026-08-11T11:59:30Z
EVT-FRS-012941,6012941,2009773,022098,3004411,8000,2026-08-06T19:31:20Z,クレジットカード,increment-run-001,workshop-participant,donation_events_001.csv,2026-08-11T11:59:30Z
EVT-FRS-013913,6013913,2008654,232041,3000477,20000,2026-08-06T19:31:52Z,電子決済,increment-run-001,workshop-participant,donation_events_001.csv,2026-08-11T11:59:30Z
EVT-FRS-012867,6012867,2002978,473065,3005663,15000,2026-08-06T19:35:17Z,銀行振込,increment-run-001,workshop-participant,donation_events_001.csv,2026-08-11T11:59:30Z
EVT-FRS-006536,6006536,2004547,012211,3003046,5000,2026-08-06T19:35:24Z,クレジットカード,increment-run-001,workshop-participant,donation_events_001.csv,2026-08-11T11:59:30Z
EVT-FRS-001751,6001751,2003650,341002,3002197,10000,2026-08-06T19:38:05Z,クレジットカード,increment-run-001,workshop-participant,donation_events_001.csv,2026-08-11T11:59:30Z
EVT-FRS-000611,6000611,2009417,212148,3000402,8000,2026-08-06T19:38:36Z,クレジットカード,increment-run-001,workshop-participant,donation_events_001.csv,2026-08-11T11:59:30Z
EVT-FRS-000350,6000350,2011852,452068,3004711,15000,2026-08-06T19:41:20Z,クレジットカード,increment-run-001,workshop-participant,donation_events_001.csv,2026-08-11T11:59:30Z
EVT-FRS-013916,6013916,2006134,304069,3005910,10000,2026-08-06T19:41:28Z,クレジットカード,increment-run-001,workshop-participant,donation_events_001.csv,2026-08-11T11:59:30Z
EVT-FRS-013806,6013806,2001444,042072,3003277,15000,2026-08-06T19:47:45Z,クレジットカード,increment-run-001,workshop-participant,donation_events_001.csv,2026-08-11T11:59:30Z
EVT-FRS-008623,6008623,2002495,075043,3005907,30000,2026-08-06T19:50:48Z,クレジットカード,increment-run-001,workshop-participant,donation_events_001.csv,2026-08-11T11:59:30Z
EVT-FRS-004084,6004084,2002923,282090,3004517,10000,2026-08-06T19:53:46Z,銀行振込,increment-run-001,workshop-participant,donation_events_001.csv,2026-08-11T11:59:30Z
EVT-FRS-009135,6009135,2007686,102024,3004038,20000,2026-08-06T19:55:02Z,クレジットカード,increment-run-001,workshop-participant,donation_events_001.csv,2026-08-11T11:59:30Z
EVT-FRS-013851,6013851,2003377,442020,3002517,15000,2026-08-06T19:55:50Z,電子決済,increment-run-001,workshop-participant,donation_events_001.csv,2026-08-11T11:59:30Z
EVT-FRS-006813,6006813,2006365,232076,3005064,15000,2026-08-06T19:57:12Z,クレジットカード,increment-run-001,workshop-participant,donation_events_001.csv,2026-08-11T11:59:30Z
EVT-FRS-007979,6007979,2010858,362051,3004680,10000,2026-08-06T20:05:29Z,電子決済,increment-run-001,workshop-participant,donation_events_001.csv,2026-08-11T11:59:30Z
EVT-FRS-008471,6008471,2003747,232165,3005099,40000,2026-08-06T20:05:42Z,クレジットカード,increment-run-001,workshop-participant,donation_events_001.csv,2026-08-11T11:59:30Z
EVT-FRS-013301,6013301,2008763,462233,3004483,15000,2026-08-06T20:08:55Z,コンビニ決済,increment-run-001,workshop-participant,donation_events_001.csv,2026-08-11T11:59:30Z
EVT-FRS-014602,6014602,2010075,122319,3005132,25000,2026-08-06T20:10:01Z,クレジットカード,increment-run-001,workshop-participant,donation_events_001.csv,2026-08-11T11:59:30Z
EVT-FRS-006354,6006354,2011309,422053,3002232,10000,2026-08-06T20:12:14Z,電子決済,increment-run-001,workshop-participant,donation_events_001.csv,2026-08-11T11:59:30Z
EVT-FRS-008410,6008410,2008868,292125,3003219,10000,2026-08-06T20:26:47Z,クレジットカード,increment-run-001,workshop-participant,donation_events_001.csv,2026-08-11T11:59:30Z
EVT-FRS-000406,6000406,2011908,132225,3001252,20000,2026-08-06T20:27:31Z,銀行振込,increment-run-001,workshop-participant,donation_events_001.csv,2026-08-11T11:59:30Z
EVT-FRS-002879,6002879,2001926,432113,3005288,12000,2026-08-06T20:27:50Z,クレジットカード,increment-run-001,workshop-participant,donation_events_001.csv,2026-08-11T11:59:30Z
EVT-FRS-014741,6014741,2011217,232220,3002186,10000,2026-08-06T20:29:19Z,クレジットカード,increment-run-001,workshop-participant,donation_events_001.csv,2026-08-11T11:59:30Z
EVT-FRS-014276,6014276,2005882,131156,3000837,15000,2026-08-06T20:29:44Z,電子決済,increment-run-001,workshop-participant,donation_events_001.csv,2026-08-11T11:59:30Z
EVT-FRS-004335,6004335,2011494,273821,3004205,15000,2026-08-06T20:32:55Z,銀行振込,increment-run-001,workshop-participant,donation_events_001.csv,2026-08-11T11:59:30Z
EVT-FRS-003281,6003281,2011736,362069,3000261,15000,2026-08-06T20:33:30Z,クレジットカード,increment-run-001,workshop-participant,donation_events_001.csv,2026-08-11T11:59:30Z
EVT-FRS-010979,6010979,2001134,473065,3005663,10000,2026-08-06T20:34:56Z,クレジットカード,increment-run-001,workshop-participant,donation_events_001.csv,2026-08-11T11:59:30Z
EVT-FRS-010203,6010203,2009901,272086,3002349,20000,2026-08-06T20:36:09Z,クレジットカード,increment-run-001,workshop-participant,donation_events_001.csv,2026-08-11T11:59:30Z
EVT-FRS-011483,6011483,2001025,252018,3004932,20000,2026-08-06T20:37:03Z,クレジットカード,increment-run-001,workshop-participant,donation_events_001.csv,2026-08-11T11:59:30Z
EVT-FRS-006303,6006303,2000573,442038,3002423,10000,2026-08-06T20:41:24Z,クレジットカード,increment-run-001,workshop-participant,donation_events_001.csv,2026-08-11T11:59:30Z
EVT-FRS-003572,6003572,2007376,182028,3004323,20000,2026-08-06T20:42:46Z,銀行振込,increment-run-001,workshop-participant,donation_events_001.csv,2026-08-11T11:59:30Z
EVT-FRS-000711,6000711,2007692,092169,3002943,15000,2026-08-06T20:43:55Z,クレジットカード,increment-run-001,workshop-participant,donation_events_001.csv,2026-08-11T11:59:30Z
EVT-FRS-014401,6014401,2006431,104434,3002905,20000,2026-08-06T20:46:47Z,クレジットカード,increment-run-001,workshop-participant,donation_events_001.csv,2026-08-11T11:59:30Z
EVT-FRS-000277,6000277,2003672,382019,3000373,20000,2026-08-06T20:48:26Z,銀行振込,increment-run-001,workshop-participant,donation_events_001.csv,2026-08-11T11:59:30Z
EVT-FRS-008122,6008122,2001616,402125,3001699,10000,2026-08-06T20:50:57Z,クレジットカード,increment-run-001,workshop-participant,donation_events_001.csv,2026-08-11T11:59:30Z
EVT-FRS-010990,6010990,2008900,262111,3004615,25000,2026-08-06T20:52:55Z,クレジットカード,increment-run-001,workshop-participant,donation_events_001.csv,2026-08-11T11:59:30Z
EVT-FRS-005550,6005550,2002891,102121,3001741,10000,2026-08-06T20:58:13Z,クレジットカード,increment-run-001,workshop-participant,donation_events_001.csv,2026-08-11T11:59:30Z
EVT-FRS-004958,6004958,2005846,082104,3004578,50000,2026-08-06T20:58:44Z,クレジットカード,increment-run-001,workshop-participant,donation_events_001.csv,2026-08-11T11:59:30Z
EVT-FRS-010518,6010518,2008704,432105,3001470,10000,2026-08-06T21:04:46Z,クレジットカード,increment-run-001,workshop-participant,donation_events_001.csv,2026-08-11T11:59:30Z
EVT-FRS-001545,6001545,2007609,462101,3000971,20000,2026-08-06T21:21:29Z,銀行振込,increment-run-001,workshop-participant,donation_events_001.csv,2026-08-11T11:59:30Z
EVT-FRS-009953,6009953,2001797,112259,3002214,10000,2026-08-06T21:23:12Z,電子決済,increment-run-001,workshop-participant,donation_events_001.csv,2026-08-11T11:59:30Z
EVT-FRS-010371,6010371,2009068,232157,3000502,20000,2026-08-06T21:29:38Z,クレジットカード,increment-run-001,workshop-participant,donation_events_001.csv,2026-08-11T11:59:30Z
EVT-FRS-007017,6007017,2009974,082309,3003752,10000,2026-08-06T21:30:01Z,クレジットカード,increment-run-001,workshop-participant,donation_events_001.csv,2026-08-11T11:59:30Z
EVT-FRS-007571,6007571,2011906,362077,3001243,5000,2026-08-06T21:34:52Z,クレジットカード,increment-run-001,workshop-participant,donation_events_001.csv,2026-08-11T11:59:30Z
EVT-FRS-003571,6003571,2003989,182044,3005421,8000,2026-08-06T21:38:16Z,クレジットカード,increment-run-001,workshop-participant,donation_events_001.csv,2026-08-11T11:59:30Z
EVT-FRS-002336,6002336,2002233,282189,3004060,10000,2026-08-06T21:38:39Z,電子決済,increment-run-001,workshop-participant,donation_events_001.csv,2026-08-11T11:59:30Z
EVT-FRS-003118,6003118,2007694,082287,3000763,5000,2026-08-06T21:38:52Z,電子決済,increment-run-001,workshop-participant,donation_events_001.csv,2026-08-11T11:59:30Z
EVT-FRS-001376,6001376,2002517,232068,3002771,10000,2026-08-06T21:39:16Z,コンビニ決済,increment-run-001,workshop-participant,donation_events_001.csv,2026-08-11T11:59:30Z
EVT-FRS-011077,6011077,2001634,082368,3003366,20000,2026-08-06T21:42:53Z,クレジットカード,increment-run-001,workshop-participant,donation_events_001.csv,2026-08-11T11:59:30Z
EVT-FRS-004197,6004197,2007446,032093,3004736,15000,2026-08-06T21:44:54Z,クレジットカード,increment-run-001,workshop-participant,donation_events_001.csv,2026-08-11T11:59:30Z
EVT-FRS-009044,6009044,2001940,092011,3005234,15000,2026-08-06T21:45:54Z,クレジットカード,increment-run-001,workshop-participant,donation_events_001.csv,2026-08-11T11:59:30Z
EVT-FRS-014784,6014784,2003260,232076,3005064,10000,2026-08-06T21:53:09Z,クレジットカード,increment-run-001,workshop-participant,donation_events_001.csv,2026-08-11T11:59:30Z
EVT-FRS-014420,6014420,2000736,325252,3004332,20000,2026-08-06T21:53:39Z,電子決済,increment-run-001,workshop-participant,donation_events_001.csv,2026-08-11T11:59:30Z
EVT-FRS-010326,6010326,2005048,282243,3001460,20000,2026-08-06T21:54:44Z,クレジットカード,increment-run-001,workshop-participant,donation_events_001.csv,2026-08-11T11:59:30Z
EVT-FRS-012682,6012682,2000511,024503,3005878,5000,2026-08-06T21:57:41Z,クレジットカード,increment-run-001,workshop-participant,donation_events_001.csv,2026-08-11T11:59:30Z
EVT-FRS-000639,6000639,2003066,473502,3005621,30000,2026-08-06T22:02:26Z,電子決済,increment-run-001,workshop-participant,donation_events_001.csv,2026-08-11T11:59:30Z
EVT-FRS-010287,6010287,2010833,182109,3002995,15000,2026-08-06T22:02:53Z,クレジットカード,increment-run-001,workshop-participant,donation_events_001.csv,2026-08-11T11:59:30Z
EVT-FRS-006588,6006588,2001816,082112,3002739,20000,2026-08-06T22:04:29Z,コンビニ決済,increment-run-001,workshop-participant,donation_events_001.csv,2026-08-11T11:59:30Z
EVT-FRS-002441,6002441,2004199,242128,3001434,15000,2026-08-06T22:06:46Z,クレジットカード,increment-run-001,workshop-participant,donation_events_001.csv,2026-08-11T11:59:30Z
EVT-FRS-014312,6014312,2005615,344621,3004962,20000,2026-08-06T22:08:34Z,クレジットカード,increment-run-001,workshop-participant,donation_events_001.csv,2026-08-11T11:59:30Z
EVT-FRS-012789,6012789,2000807,392014,3005333,25000,2026-08-06T22:09:18Z,クレジットカード,increment-run-001,workshop-participant,donation_events_001.csv,2026-08-11T11:59:30Z
EVT-FRS-001811,6001811,2006650,372013,3003657,10000,2026-08-06T22:11:31Z,クレジットカード,increment-run-001,workshop-participant,donation_events_001.csv,2026-08-11T11:59:30Z
EVT-FRS-002662,6002662,2011290,232254,3002334,25000,2026-08-06T22:16:03Z,電子決済,increment-run-001,workshop-participant,donation_events_001.csv,2026-08-11T11:59:30Z
EVT-FRS-003155,6003155,2003440,402141,3004763,25000,2026-08-06T22:19:41Z,クレジットカード,increment-run-001,workshop-participant,donation_events_001.csv,2026-08-11T11:59:30Z
EVT-FRS-009237,6009237,2006780,342157,3003725,20000,2026-08-06T22:28:04Z,銀行振込,increment-run-001,workshop-participant,donation_events_001.csv,2026-08-11T11:59:30Z
EVT-FRS-001903,6001903,2010791,272205,3002743,12000,2026-08-06T22:29:26Z,クレジットカード,increment-run-001,workshop-participant,donation_events_001.csv,2026-08-11T11:59:30Z
EVT-FRS-014022,6014022,2004672,442101,3004390,12000,2026-08-06T22:30:36Z,クレジットカード,increment-run-001,workshop-participant,donation_events_001.csv,2026-08-11T11:59:30Z
EVT-FRS-001298,6001298,2005552,222054,3001986,25000,2026-08-06T22:31:03Z,コンビニ決済,increment-run-001,workshop-participant,donation_events_001.csv,2026-08-11T11:59:30Z
EVT-FRS-004960,6004960,2006611,292010,3001151,25000,2026-08-06T22:31:18Z,クレジットカード,increment-run-001,workshop-participant,donation_events_001.csv,2026-08-11T11:59:30Z
EVT-FRS-006723,6006723,2011630,182079,3003995,15000,2026-08-06T22:32:00Z,クレジットカード,increment-run-001,workshop-participant,donation_events_001.csv,2026-08-11T11:59:30Z
EVT-FRS-006750,6006750,2010684,142166,3004427,5000,2026-08-06T22:32:42Z,クレジットカード,increment-run-001,workshop-participant,donation_events_001.csv,2026-08-11T11:59:30Z
EVT-FRS-013273,6013273,2001915,012190,3001672,12000,2026-08-06T22:37:07Z,クレジットカード,increment-run-001,workshop-participant,donation_events_001.csv,2026-08-11T11:59:30Z
EVT-FRS-001968,6001968,2008232,082163,3004612,25000,2026-08-06T22:38:48Z,電子決済,increment-run-001,workshop-participant,donation_events_001.csv,2026-08-11T11:59:30Z
EVT-FRS-006557,6006557,2006991,112275,3004454,5000,2026-08-06T22:39:38Z,クレジットカード,increment-run-001,workshop-participant,donation_events_001.csv,2026-08-11T11:59:30Z
EVT-FRS-002651,6002651,2010296,402052,3004187,30000,2026-08-06T22:40:07Z,クレジットカード,increment-run-001,workshop-participant,donation_events_001.csv,2026-08-11T11:59:30Z
EVT-FRS-008557,6008557,2005722,043214,3003288,5000,2026-08-06T22:40:45Z,クレジットカード,increment-run-001,workshop-participant,donation_events_001.csv,2026-08-11T11:59:30Z
EVT-FRS-014375,6014375,2009296,272248,3003180,10000,2026-08-06T22:43:16Z,クレジットカード,increment-run-001,workshop-participant,donation_events_001.csv,2026-08-11T11:59:30Z
EVT-FRS-013559,6013559,2004057,131059,3000360,10000,2026-08-06T22:46:21Z,クレジットカード,increment-run-001,workshop-participant,donation_events_001.csv,2026-08-11T11:59:30Z
EVT-FRS-000992,6000992,2002207,112411,3004315,10000,2026-08-06T22:49:11Z,銀行振込,increment-run-001,workshop-participant,donation_events_001.csv,2026-08-11T11:59:30Z
EVT-FRS-011651,6011651,2004879,242101,3004963,15000,2026-08-06T22:49:24Z,コンビニ決済,increment-run-001,workshop-participant,donation_events_001.csv,2026-08-11T11:59:30Z
EVT-FRS-004828,6004828,2007603,232092,3003373,10000,2026-08-06T22:50:12Z,銀行振込,increment-run-001,workshop-participant,donation_events_001.csv,2026-08-11T11:59:30Z
EVT-FRS-007610,6007610,2011248,092053,3003962,10000,2026-08-06T23:00:15Z,クレジットカード,increment-run-001,workshop-participant,donation_events_001.csv,2026-08-11T11:59:30Z
EVT-FRS-003629,6003629,2003542,024015,3001772,15000,2026-08-06T23:04:34Z,クレジットカード,increment-run-001,workshop-participant,donation_events_001.csv,2026-08-11T11:59:30Z
EVT-FRS-011143,6011143,2011507,082350,3005326,40000,2026-08-06T23:07:10Z,クレジットカード,increment-run-001,workshop-participant,donation_events_001.csv,2026-08-11T11:59:30Z
EVT-FRS-013419,6013419,2003413,015113,3004548,70000,2026-08-06T23:08:29Z,クレジットカード,increment-run-001,workshop-participant,donation_events_001.csv,2026-08-11T11:59:30Z
EVT-FRS-002457,6002457,2001778,132047,3005163,15000,2026-08-06T23:15:02Z,電子決済,increment-run-001,workshop-participant,donation_events_001.csv,2026-08-11T11:59:30Z
EVT-FRS-007937,6007937,2002781,112356,3005583,40000,2026-08-06T23:15:27Z,電子決済,increment-run-001,workshop-participant,donation_events_001.csv,2026-08-11T11:59:30Z
EVT-FRS-013945,6013945,2003240,332119,3002246,25000,2026-08-06T23:15:48Z,電子決済,increment-run-001,workshop-participant,donation_events_001.csv,2026-08-11T11:59:30Z
EVT-FRS-010335,6010335,2007677,282154,3005416,5000,2026-08-06T23:18:07Z,コンビニ決済,increment-run-001,workshop-participant,donation_events_001.csv,2026-08-11T11:59:30Z
EVT-FRS-014804,6014804,2005221,062057,3004418,12000,2026-08-06T23:21:08Z,クレジットカード,increment-run-001,workshop-participant,donation_events_001.csv,2026-08-11T11:59:30Z
EVT-FRS-010205,6010205,2004948,203491,3004611,10000,2026-08-06T23:22:33Z,クレジットカード,increment-run-001,workshop-participant,donation_events_001.csv,2026-08-11T11:59:30Z
EVT-FRS-011349,6011349,2001371,112259,3001714,20000,2026-08-06T23:26:28Z,クレジットカード,increment-run-001,workshop-participant,donation_events_001.csv,2026-08-11T11:59:30Z
EVT-FRS-003852,6003852,2000366,222160,3004554,20000,2026-08-06T23:29:25Z,クレジットカード,increment-run-001,workshop-participant,donation_events_001.csv,2026-08-11T11:59:30Z
EVT-FRS-001393,6001393,2010622,082201,3002760,40000,2026-08-06T23:30:49Z,コンビニ決済,increment-run-001,workshop-participant,donation_events_001.csv,2026-08-11T11:59:30Z
EVT-FRS-014454,6014454,2011029,442020,3002517,15000,2026-08-06T23:34:05Z,クレジットカード,increment-run-001,workshop-participant,donation_events_001.csv,2026-08-11T11:59:30Z
EVT-FRS-012032,6012032,2001826,422142,3003460,30000,2026-08-06T23:34:54Z,クレジットカード,increment-run-001,workshop-participant,donation_events_001.csv,2026-08-11T11:59:30Z
EVT-FRS-002355,6002355,2010437,282073,3003931,15000,2026-08-06T23:41:17Z,銀行振込,increment-run-001,workshop-participant,donation_events_001.csv,2026-08-11T11:59:30Z
EVT-FRS-000826,6000826,2009525,472077,3001492,5000,2026-08-06T23:42:05Z,クレジットカード,increment-run-001,workshop-participant,donation_events_001.csv,2026-08-11T11:59:30Z
EVT-FRS-007233,6007233,2010084,232149,3003066,10000,2026-08-06T23:43:32Z,銀行振込,increment-run-001,workshop-participant,donation_events_001.csv,2026-08-11T11:59:30Z
EVT-FRS-012544,6012544,2000884,242080,3002071,20000,2026-08-06T23:44:25Z,コンビニ決済,increment-run-001,workshop-participant,donation_events_001.csv,2026-08-11T11:59:30Z
EVT-FRS-009011,6009011,2006453,232327,3002462,15000,2026-08-06T23:54:29Z,電子決済,increment-run-001,workshop-participant,donation_events_001.csv,2026-08-11T11:59:30Z
EVT-FRS-003009,6003009,2002460,015181,3004603,10000,2026-08-06T23:58:07Z,クレジットカード,increment-run-001,workshop-participant,donation_events_001.csv,2026-08-11T11:59:30Z
EVT-FRS-014646,6014646,2011546,232050,3000090,5000,2026-08-07T00:07:45Z,クレジットカード,increment-run-001,workshop-participant,donation_events_001.csv,2026-08-11T11:59:30Z
EVT-FRS-008294,6008294,2002255,102059,3002465,12000,2026-08-07T00:08:45Z,電子決済,increment-run-001,workshop-participant,donation_events_001.csv,2026-08-11T11:59:30Z
EVT-FRS-000096,6000096,2005329,152048,3001642,15000,2026-08-07T00:09:21Z,電子決済,increment-run-001,workshop-participant,donation_events_001.csv,2026-08-11T11:59:30Z
EVT-FRS-012048,6012048,2007912,082074,3004546,20000,2026-08-07T00:09:22Z,電子決済,increment-run-001,workshop-participant,donation_events_001.csv,2026-08-11T11:59:30Z
EVT-FRS-005112,6005112,2002878,122351,3000742,30000,2026-08-07T00:16:36Z,銀行振込,increment-run-001,workshop-participant,donation_events_001.csv,2026-08-11T11:59:30Z
EVT-FRS-013775,6013775,2002816,293229,3001780,5000,2026-08-07T00:17:46Z,クレジットカード,increment-run-001,workshop-participant,donation_events_001.csv,2026-08-11T11:59:30Z
EVT-FRS-001503,6001503,2009404,152056,3001132,10000,2026-08-07T00:18:50Z,銀行振込,increment-run-001,workshop-participant,donation_events_001.csv,2026-08-11T11:59:30Z
EVT-FRS-012414,6012414,2004736,032093,3004736,12000,2026-08-07T00:20:06Z,電子決済,increment-run-001,workshop-participant,donation_events_001.csv,2026-08-11T11:59:30Z
EVT-FRS-003358,6003358,2010726,472131,3000118,30000,2026-08-07T00:20:14Z,クレジットカード,increment-run-001,workshop-participant,donation_events_001.csv,2026-08-11T11:59:30Z
EVT-FRS-009493,6009493,2005635,112283,3004553,15000,2026-08-07T00:21:40Z,クレジットカード,increment-run-001,workshop-participant,donation_events_001.csv,2026-08-11T11:59:30Z
EVT-FRS-002422,6002422,2003969,212199,3004710,10000,2026-08-07T00:43:40Z,銀行振込,increment-run-001,workshop-participant,donation_events_001.csv,2026-08-11T11:59:30Z
EVT-FRS-010115,6010115,2000409,052060,3001560,12000,2026-08-07T00:50:39Z,クレジットカード,increment-run-001,workshop-participant,donation_events_001.csv,2026-08-11T11:59:30Z
EVT-FRS-002858,6002858,2001471,282065,3003392,15000,2026-08-07T00:56:12Z,クレジットカード,increment-run-001,workshop-participant,donation_events_001.csv,2026-08-11T11:59:30Z
EVT-FRS-012507,6012507,2000886,465330,3002665,20000,2026-08-07T00:58:55Z,電子決済,increment-run-001,workshop-participant,donation_events_001.csv,2026-08-11T11:59:30Z
EVT-FRS-014809,6014809,2009481,233617,3002701,15000,2026-08-07T01:05:03Z,クレジットカード,increment-run-001,workshop-participant,donation_events_001.csv,2026-08-11T11:59:30Z
EVT-FRS-000092,6000092,2008495,012238,3001524,12000,2026-08-07T01:06:47Z,銀行振込,increment-run-001,workshop-participant,donation_events_001.csv,2026-08-11T11:59:30Z
EVT-FRS-009910,6009910,2003830,382043,3005763,12000,2026-08-07T01:07:03Z,電子決済,increment-run-001,workshop-participant,donation_events_001.csv,2026-08-11T11:59:30Z
EVT-FRS-013205,6013205,2003072,282081,3001056,10000,2026-08-07T01:10:26Z,クレジットカード,increment-run-001,workshop-participant,donation_events_001.csv,2026-08-11T11:59:30Z
EVT-FRS-007917,6007917,2009600,132039,3005556,20000,2026-08-07T01:12:54Z,クレジットカード,increment-run-001,workshop-participant,donation_events_001.csv,2026-08-11T11:59:30Z
EVT-FRS-013040,6013040,2008470,464686,3004436,5000,2026-08-07T01:13:04Z,クレジットカード,increment-run-001,workshop-participant,donation_events_001.csv,2026-08-11T11:59:30Z
EVT-FRS-008009,6008009,2006704,442135,3000064,5000,2026-08-07T01:13:20Z,クレジットカード,increment-run-001,workshop-participant,donation_events_001.csv,2026-08-11T11:59:30Z
EVT-FRS-001446,6001446,2002820,152277,3004585,10000,2026-08-07T01:21:32Z,クレジットカード,increment-run-001,workshop-participant,donation_events_001.csv,2026-08-11T11:59:30Z
EVT-FRS-001323,6001323,2010923,352063,3002027,15000,2026-08-07T01:24:33Z,コンビニ決済,increment-run-001,workshop-participant,donation_events_001.csv,2026-08-11T11:59:30Z
EVT-FRS-014682,6014682,2008076,012190,3004508,20000,2026-08-07T01:31:11Z,クレジットカード,increment-run-001,workshop-participant,donation_events_001.csv,2026-08-11T11:59:30Z
EVT-FRS-008440,6008440,2008134,352080,3003909,15000,2026-08-07T01:34:38Z,クレジットカード,increment-run-001,workshop-participant,donation_events_001.csv,2026-08-11T11:59:30Z
EVT-FRS-011261,6011261,2001008,112194,3000147,10000,2026-08-07T01:37:54Z,クレジットカード,increment-run-001,workshop-participant,donation_events_001.csv,2026-08-11T11:59:30Z
EVT-FRS-011738,6011738,2010629,292109,3000397,10000,2026-08-07T01:40:44Z,銀行振込,increment-run-001,workshop-participant,donation_events_001.csv,2026-08-11T11:59:30Z
EVT-FRS-003001,6003001,2005120,283827,3003888,10000,2026-08-07T01:41:26Z,クレジットカード,increment-run-001,workshop-participant,donation_events_001.csv,2026-08-11T11:59:30Z
EVT-FRS-005805,6005805,2005789,293458,3005904,8000,2026-08-07T01:43:59Z,コンビニ決済,increment-run-001,workshop-participant,donation_events_001.csv,2026-08-11T11:59:30Z
EVT-FRS-006321,6006321,2002836,112283,3003987,15000,2026-08-07T01:46:50Z,電子決済,increment-run-001,workshop-participant,donation_events_001.csv,2026-08-11T11:59:30Z
EVT-FRS-007444,6007444,2000832,232343,3001550,100000,2026-08-07T01:50:21Z,クレジットカード,increment-run-001,workshop-participant,donation_events_001.csv,2026-08-11T11:59:30Z
EVT-FRS-003837,6003837,2003060,015644,3004688,12000,2026-08-07T01:52:01Z,電子決済,increment-run-001,workshop-participant,donation_events_001.csv,2026-08-11T11:59:30Z
EVT-FRS-006736,6006736,2011926,232335,3000445,10000,2026-08-07T01:58:14Z,クレジットカード,increment-run-001,workshop-participant,donation_events_001.csv,2026-08-11T11:59:30Z
EVT-FRS-007158,6007158,2005288,452076,3000829,10000,2026-08-07T01:59:09Z,コンビニ決済,increment-run-001,workshop-participant,donation_events_001.csv,2026-08-11T11:59:30Z
EVT-FRS-011960,6011960,2011514,082163,3005141,20000,2026-08-07T02:01:39Z,銀行振込,increment-run-001,workshop-participant,donation_events_001.csv,2026-08-11T11:59:30Z
EVT-FRS-014098,6014098,2006999,232386,3003278,10000,2026-08-07T02:02:07Z,コンビニ決済,increment-run-001,workshop-participant,donation_events_001.csv,2026-08-11T11:59:30Z
EVT-FRS-007089,6007089,2005610,331007,3001270,20000,2026-08-07T02:06:26Z,電子決済,increment-run-001,workshop-participant,donation_events_001.csv,2026-08-11T11:59:30Z
EVT-FRS-010294,6010294,2000773,132284,3001705,10000,2026-08-07T02:08:19Z,電子決済,increment-run-001,workshop-participant,donation_events_001.csv,2026-08-11T11:59:30Z
EVT-FRS-006587,6006587,2006210,052078,3001876,20000,2026-08-07T02:11:54Z,電子決済,increment-run-001,workshop-participant,donation_events_001.csv,2026-08-11T11:59:30Z
EVT-FRS-005538,6005538,2010461,212211,3001106,5000,2026-08-07T02:11:59Z,クレジットカード,increment-run-001,workshop-participant,donation_events_001.csv,2026-08-11T11:59:30Z
EVT-FRS-006601,6006601,2000417,203238,3000108,20000,2026-08-07T02:12:03Z,クレジットカード,increment-run-001,workshop-participant,donation_events_001.csv,2026-08-11T11:59:30Z
EVT-FRS-005703,6005703,2011187,272205,3004772,10000,2026-08-07T02:16:04Z,クレジットカード,increment-run-001,workshop-participant,donation_events_001.csv,2026-08-11T11:59:30Z
EVT-FRS-000402,6000402,2009607,062120,3001865,40000,2026-08-07T02:17:04Z,電子決済,increment-run-001,workshop-participant,donation_events_001.csv,2026-08-11T11:59:30Z
EVT-FRS-008034,6008034,2003156,272272,3001216,10000,2026-08-07T02:25:41Z,クレジットカード,increment-run-001,workshop-participant,donation_events_001.csv,2026-08-11T11:59:30Z
EVT-FRS-012257,6012257,2006030,322091,3005449,5000,2026-08-07T02:29:59Z,クレジットカード,increment-run-001,workshop-participant,donation_events_001.csv,2026-08-11T11:59:30Z
EVT-FRS-001791,6001791,2010200,192058,3003079,10000,2026-08-07T02:31:06Z,クレジットカード,increment-run-001,workshop-participant,donation_events_001.csv,2026-08-11T11:59:30Z
EVT-FRS-004947,6004947,2007289,102024,3004281,15000,2026-08-07T02:39:20Z,クレジットカード,increment-run-001,workshop-participant,donation_events_001.csv,2026-08-11T11:59:30Z
EVT-FRS-007932,6007932,2000647,162027,3002596,12000,2026-08-07T02:40:25Z,クレジットカード,increment-run-001,workshop-participant,donation_events_001.csv,2026-08-11T11:59:30Z
EVT-FRS-006819,6006819,2008556,152188,3000848,20000,2026-08-07T02:41:58Z,クレジットカード,increment-run-001,workshop-participant,donation_events_001.csv,2026-08-11T11:59:30Z
EVT-FRS-011872,6011872,2003813,222267,3000634,25000,2026-08-07T02:42:53Z,クレジットカード,increment-run-001,workshop-participant,donation_events_001.csv,2026-08-11T11:59:30Z
EVT-FRS-000492,6000492,2009291,222127,3000099,10000,2026-08-07T02:49:07Z,電子決済,increment-run-001,workshop-participant,donation_events_001.csv,2026-08-11T11:59:30Z
EVT-FRS-000676,6000676,2004964,112399,3000578,100000,2026-08-07T02:50:28Z,電子決済,increment-run-001,workshop-participant,donation_events_001.csv,2026-08-11T11:59:30Z
EVT-FRS-008587,6008587,2005538,172031,3004937,10000,2026-08-07T02:57:38Z,電子決済,increment-run-001,workshop-participant,donation_events_001.csv,2026-08-11T11:59:30Z
EVT-FRS-006908,6006908,2009948,272281,3005153,12000,2026-08-07T03:01:11Z,クレジットカード,increment-run-001,workshop-participant,donation_events_001.csv,2026-08-11T11:59:30Z
EVT-FRS-012142,6012142,2002885,204030,3002849,15000,2026-08-07T03:02:43Z,クレジットカード,increment-run-001,workshop-participant,donation_events_001.csv,2026-08-11T11:59:30Z
EVT-FRS-012331,6012331,2007456,092053,3001143,8000,2026-08-07T03:05:46Z,コンビニ決済,increment-run-001,workshop-participant,donation_events_001.csv,2026-08-11T11:59:30Z
EVT-FRS-005436,6005436,2004770,422126,3004801,20000,2026-08-07T03:08:44Z,銀行振込,increment-run-001,workshop-participant,donation_events_001.csv,2026-08-11T11:59:30Z
EVT-FRS-001327,6001327,2000053,052132,3000492,12000,2026-08-07T03:15:14Z,コンビニ決済,increment-run-001,workshop-participant,donation_events_001.csv,2026-08-11T11:59:30Z
EVT-FRS-013970,6013970,2009801,232017,3004604,25000,2026-08-07T03:21:58Z,クレジットカード,increment-run-001,workshop-participant,donation_events_001.csv,2026-08-11T11:59:30Z
EVT-FRS-008668,6008668,2003383,462047,3003316,10000,2026-08-07T03:27:04Z,コンビニ決済,increment-run-001,workshop-participant,donation_events_001.csv,2026-08-11T11:59:30Z
EVT-FRS-001521,6001521,2008684,262064,3004559,12000,2026-08-07T03:27:34Z,クレジットカード,increment-run-001,workshop-participant,donation_events_001.csv,2026-08-11T11:59:30Z
EVT-FRS-009767,6009767,2000315,242012,3002507,15000,2026-08-07T03:29:35Z,クレジットカード,increment-run-001,workshop-participant,donation_events_001.csv,2026-08-11T11:59:30Z
EVT-FRS-002462,6002462,2003927,272299,3002670,5000,2026-08-07T03:29:40Z,銀行振込,increment-run-001,workshop-participant,donation_events_001.csv,2026-08-11T11:59:30Z
EVT-FRS-014876,6014876,2000604,272302,3005056,8000,2026-08-07T03:30:44Z,クレジットカード,increment-run-001,workshop-participant,donation_events_001.csv,2026-08-11T11:59:30Z
EVT-FRS-010354,6010354,2002300,422096,3005481,20000,2026-08-07T03:34:33Z,クレジットカード,increment-run-001,workshop-participant,donation_events_001.csv,2026-08-11T11:59:30Z
EVT-FRS-011985,6011985,2008721,322067,3002163,10000,2026-08-07T03:38:13Z,銀行振込,increment-run-001,workshop-participant,donation_events_001.csv,2026-08-11T11:59:30Z
EVT-FRS-008444,6008444,2003698,152111,3002139,10000,2026-08-07T03:40:30Z,電子決済,increment-run-001,workshop-participant,donation_events_001.csv,2026-08-11T11:59:30Z
EVT-FRS-008915,6008915,2010038,272132,3003549,12000,2026-08-07T03:43:07Z,クレジットカード,increment-run-001,workshop-participant,donation_events_001.csv,2026-08-11T11:59:30Z
EVT-FRS-000461,6000461,2008659,132195,3003568,10000,2026-08-07T03:43:49Z,クレジットカード,increment-run-001,workshop-participant,donation_events_001.csv,2026-08-11T11:59:30Z
EVT-FRS-009856,6009856,2004413,282189,3001898,10000,2026-08-07T03:45:51Z,クレジットカード,increment-run-001,workshop-participant,donation_events_001.csv,2026-08-11T11:59:30Z
EVT-FRS-011977,6011977,2004337,022071,3001533,15000,2026-08-07T03:52:35Z,クレジットカード,increment-run-001,workshop-participant,donation_events_001.csv,2026-08-11T11:59:30Z
EVT-FRS-014074,6014074,2003251,282219,3005131,10000,2026-08-07T03:55:25Z,電子決済,increment-run-001,workshop-participant,donation_events_001.csv,2026-08-11T11:59:30Z
EVT-FRS-013045,6013045,2011907,462063,3005524,25000,2026-08-07T03:56:33Z,クレジットカード,increment-run-001,workshop-participant,donation_events_001.csv,2026-08-11T11:59:30Z
EVT-FRS-001340,6001340,2008093,082309,3005045,15000,2026-08-07T04:01:01Z,クレジットカード,increment-run-001,workshop-participant,donation_events_001.csv,2026-08-11T11:59:30Z
EVT-FRS-003251,6003251,2005913,202151,3000604,30000,2026-08-07T04:03:00Z,クレジットカード,increment-run-001,workshop-participant,donation_events_001.csv,2026-08-11T11:59:30Z
EVT-FRS-003504,6003504,2004490,312029,3000497,10000,2026-08-07T04:07:03Z,電子決済,increment-run-001,workshop-participant,donation_events_001.csv,2026-08-11T11:59:30Z
EVT-FRS-004623,6004623,2000360,473626,3000747,25000,2026-08-07T04:16:41Z,銀行振込,increment-run-001,workshop-participant,donation_events_001.csv,2026-08-11T11:59:30Z
EVT-FRS-010960,6010960,2002798,122203,3004198,20000,2026-08-07T04:22:42Z,クレジットカード,increment-run-001,workshop-participant,donation_events_001.csv,2026-08-11T11:59:30Z
EVT-FRS-009008,6009008,2001650,232190,3003166,12000,2026-08-07T04:23:55Z,コンビニ決済,increment-run-001,workshop-participant,donation_events_001.csv,2026-08-11T11:59:30Z
EVT-FRS-008214,6008214,2008705,132195,3003568,12000,2026-08-07T04:27:25Z,クレジットカード,increment-run-001,workshop-participant,donation_events_001.csv,2026-08-11T11:59:30Z
EVT-FRS-003733,6003733,2011136,222267,3001557,15000,2026-08-07T04:27:31Z,コンビニ決済,increment-run-001,workshop-participant,donation_events_001.csv,2026-08-11T11:59:30Z
EVT-FRS-008441,6008441,2006950,122297,3000525,10000,2026-08-07T04:34:01Z,電子決済,increment-run-001,workshop-participant,donation_events_001.csv,2026-08-11T11:59:30Z
EVT-FRS-008658,6008658,2006861,012181,3001531,8000,2026-08-07T04:36:20Z,電子決済,increment-run-001,workshop-participant,donation_events_001.csv,2026-08-11T11:59:30Z
EVT-FRS-002026,6002026,2005895,222101,3004147,20000,2026-08-07T04:37:58Z,銀行振込,increment-run-001,workshop-participant,donation_events_001.csv,2026-08-11T11:59:30Z
EVT-FRS-012159,6012159,2004744,122351,3002574,10000,2026-08-07T04:50:55Z,クレジットカード,increment-run-001,workshop-participant,donation_events_001.csv,2026-08-11T11:59:30Z
EVT-FRS-007397,6007397,2001140,111007,3002297,10000,2026-08-07T04:52:05Z,電子決済,increment-run-001,workshop-participant,donation_events_001.csv,2026-08-11T11:59:30Z
EVT-FRS-010943,6010943,2009002,124036,3003036,15000,2026-08-07T04:52:20Z,電子決済,increment-run-001,workshop-participant,donation_events_001.csv,2026-08-11T11:59:30Z
EVT-FRS-011133,6011133,2005429,472085,3001837,12000,2026-08-07T04:53:35Z,クレジットカード,increment-run-001,workshop-participant,donation_events_001.csv,2026-08-11T11:59:30Z
EVT-FRS-010290,6010290,2011700,232211,3001937,30000,2026-08-07T04:54:39Z,クレジットカード,increment-run-001,workshop-participant,donation_events_001.csv,2026-08-11T11:59:30Z
EVT-FRS-004867,6004867,2007230,452025,3004334,10000,2026-08-07T04:54:42Z,クレジットカード,increment-run-001,workshop-participant,donation_events_001.csv,2026-08-11T11:59:30Z
EVT-FRS-011583,6011583,2004979,062103,3004743,8000,2026-08-07T04:58:51Z,クレジットカード,increment-run-001,workshop-participant,donation_events_001.csv,2026-08-11T11:59:30Z
EVT-FRS-005255,6005255,2002602,232301,3001225,20000,2026-08-07T05:03:42Z,クレジットカード,increment-run-001,workshop-participant,donation_events_001.csv,2026-08-11T11:59:30Z
EVT-FRS-013235,6013235,2006575,202011,3001773,10000,2026-08-07T05:06:45Z,クレジットカード,increment-run-001,workshop-participant,donation_events_001.csv,2026-08-11T11:59:30Z
EVT-FRS-006862,6006862,2005132,452025,3003952,40000,2026-08-07T05:10:49Z,クレジットカード,increment-run-001,workshop-participant,donation_events_001.csv,2026-08-11T11:59:30Z
EVT-FRS-006434,6006434,2001386,122114,3001493,5000,2026-08-07T05:11:33Z,コンビニ決済,increment-run-001,workshop-participant,donation_events_001.csv,2026-08-11T11:59:30Z
EVT-FRS-002458,6002458,2000133,262021,3000888,5000,2026-08-07T05:12:45Z,コンビニ決済,increment-run-001,workshop-participant,donation_events_001.csv,2026-08-11T11:59:30Z
EVT-FRS-011158,6011158,2008702,272132,3003322,60000,2026-08-07T05:14:12Z,クレジットカード,increment-run-001,workshop-participant,donation_events_001.csv,2026-08-11T11:59:30Z
EVT-FRS-008163,6008163,2007553,452068,3004641,15000,2026-08-07T05:16:46Z,クレジットカード,increment-run-001,workshop-participant,donation_events_001.csv,2026-08-11T11:59:30Z
EVT-FRS-013754,6013754,2001093,012360,3002162,20000,2026-08-07T05:18:53Z,クレジットカード,increment-run-001,workshop-participant,donation_events_001.csv,2026-08-11T11:59:30Z
EVT-FRS-003847,6003847,2004969,172031,3004937,12000,2026-08-07T05:19:07Z,クレジットカード,increment-run-001,workshop-participant,donation_events_001.csv,2026-08-11T11:59:30Z
EVT-FRS-006237,6006237,2005100,322032,3001453,15000,2026-08-07T05:20:19Z,クレジットカード,increment-run-001,workshop-participant,donation_events_001.csv,2026-08-11T11:59:30Z
EVT-FRS-002357,6002357,2007961,152269,3004487,60000,2026-08-07T05:24:41Z,クレジットカード,increment-run-001,workshop-participant,donation_events_001.csv,2026-08-11T11:59:30Z
EVT-FRS-005489,6005489,2010102,112283,3004553,20000,2026-08-07T05:36:56Z,クレジットカード,increment-run-001,workshop-participant,donation_events_001.csv,2026-08-11T11:59:30Z
EVT-FRS-011876,6011876,2009543,313904,3004002,20000,2026-08-07T05:41:55Z,クレジットカード,increment-run-001,workshop-participant,donation_events_001.csv,2026-08-11T11:59:30Z
EVT-FRS-005735,6005735,2000250,342084,3000025,10000,2026-08-07T05:42:17Z,クレジットカード,increment-run-001,workshop-participant,donation_events_001.csv,2026-08-11T11:59:30Z
EVT-FRS-008403,6008403,2006100,282294,3000121,10000,2026-08-07T05:43:18Z,クレジットカード,increment-run-001,workshop-participant,donation_events_001.csv,2026-08-11T11:59:30Z
EVT-FRS-004307,6004307,2008118,462063,3004095,5000,2026-08-07T05:43:58Z,電子決済,increment-run-001,workshop-participant,donation_events_001.csv,2026-08-11T11:59:30Z
EVT-FRS-009459,6009459,2007735,092045,3004410,10000,2026-08-07T05:51:14Z,クレジットカード,increment-run-001,workshop-participant,donation_events_001.csv,2026-08-11T11:59:30Z
EVT-FRS-002615,6002615,2005305,442038,3000537,10000,2026-08-07T05:53:05Z,クレジットカード,increment-run-001,workshop-participant,donation_events_001.csv,2026-08-11T11:59:30Z
EVT-FRS-009375,6009375,2003343,102016,3001864,10000,2026-08-07T05:54:14Z,電子決済,increment-run-001,workshop-participant,donation_events_001.csv,2026-08-11T11:59:30Z
EVT-FRS-003448,6003448,2008060,202142,3002649,20000,2026-08-07T05:57:32Z,電子決済,increment-run-001,workshop-participant,donation_events_001.csv,2026-08-11T11:59:30Z
EVT-FRS-012654,6012654,2008980,372021,3005563,15000,2026-08-07T06:02:09Z,電子決済,increment-run-001,workshop-participant,donation_events_001.csv,2026-08-11T11:59:30Z
EVT-FRS-005470,6005470,2004858,082309,3002425,30000,2026-08-07T06:02:45Z,クレジットカード,increment-run-001,workshop-participant,donation_events_001.csv,2026-08-11T11:59:30Z
EVT-FRS-007191,6007191,2011559,012190,3001672,15000,2026-08-07T06:03:06Z,クレジットカード,increment-run-001,workshop-participant,donation_events_001.csv,2026-08-11T11:59:30Z
EVT-FRS-004515,6004515,2005385,412015,3000978,15000,2026-08-07T06:06:20Z,クレジットカード,increment-run-001,workshop-participant,donation_events_001.csv,2026-08-11T11:59:30Z
EVT-FRS-003946,6003946,2005366,016322,3003050,15000,2026-08-07T06:07:38Z,電子決済,increment-run-001,workshop-participant,donation_events_001.csv,2026-08-11T11:59:30Z
EVT-FRS-012297,6012297,2008992,042021,3004800,12000,2026-08-07T06:09:23Z,クレジットカード,increment-run-001,workshop-participant,donation_events_001.csv,2026-08-11T11:59:30Z
EVT-FRS-014584,6014584,2009600,272205,3002743,50000,2026-08-07T06:12:12Z,電子決済,increment-run-001,workshop-participant,donation_events_001.csv,2026-08-11T11:59:30Z
EVT-FRS-011076,6011076,2001217,042021,3004800,30000,2026-08-07T06:12:17Z,クレジットカード,increment-run-001,workshop-participant,donation_events_001.csv,2026-08-11T11:59:30Z
EVT-FRS-001586,6001586,2007827,272027,3004748,10000,2026-08-07T06:14:42Z,コンビニ決済,increment-run-001,workshop-participant,donation_events_001.csv,2026-08-11T11:59:30Z
EVT-FRS-012285,6012285,2002159,112071,3003576,10000,2026-08-07T06:20:34Z,電子決済,increment-run-001,workshop-participant,donation_events_001.csv,2026-08-11T11:59:30Z
EVT-FRS-008801,6008801,2009071,012084,3002792,30000,2026-08-07T06:21:40Z,銀行振込,increment-run-001,workshop-participant,donation_events_001.csv,2026-08-11T11:59:30Z
EVT-FRS-003426,6003426,2009120,053686,3004466,8000,2026-08-07T06:24:48Z,クレジットカード,increment-run-001,workshop-participant,donation_events_001.csv,2026-08-11T11:59:30Z
EVT-FRS-004697,6004697,2008148,092134,3005842,10000,2026-08-07T06:29:01Z,電子決済,increment-run-001,workshop-participant,donation_events_001.csv,2026-08-11T11:59:30Z
EVT-FRS-011096,6011096,2005895,122106,3003869,15000,2026-08-07T06:39:00Z,銀行振込,increment-run-001,workshop-participant,donation_events_001.csv,2026-08-11T11:59:30Z
EVT-FRS-010672,6010672,2007414,012190,3003992,50000,2026-08-07T06:39:19Z,クレジットカード,increment-run-001,workshop-participant,donation_events_001.csv,2026-08-11T11:59:30Z
EVT-FRS-003977,6003977,2005017,122262,3000946,10000,2026-08-07T06:50:28Z,銀行振込,increment-run-001,workshop-participant,donation_events_001.csv,2026-08-11T11:59:30Z
EVT-FRS-006566,6006566,2011214,014257,3001789,15000,2026-08-07T06:52:22Z,電子決済,increment-run-001,workshop-participant,donation_events_001.csv,2026-08-11T11:59:30Z
EVT-FRS-010124,6010124,2007551,152251,3001501,30000,2026-08-07T06:58:11Z,コンビニ決済,increment-run-001,workshop-participant,donation_events_001.csv,2026-08-11T11:59:30Z
EVT-FRS-008892,6008892,2002490,131148,3003128,15000,2026-08-07T07:03:09Z,クレジットカード,increment-run-001,workshop-participant,donation_events_001.csv,2026-08-11T11:59:30Z
EVT-FRS-006474,6006474,2011926,402133,3000558,10000,2026-08-07T07:05:24Z,クレジットカード,increment-run-001,workshop-participant,donation_events_001.csv,2026-08-11T11:59:30Z
EVT-FRS-005297,6005297,2009141,012157,3001119,15000,2026-08-07T07:07:22Z,銀行振込,increment-run-001,workshop-participant,donation_events_001.csv,2026-08-11T11:59:30Z
EVT-FRS-008595,6008595,2008303,252123,3000314,10000,2026-08-07T07:07:22Z,クレジットカード,increment-run-001,workshop-participant,donation_events_001.csv,2026-08-11T11:59:30Z
EVT-FRS-011278,6011278,2011093,012068,3002768,30000,2026-08-07T07:08:42Z,クレジットカード,increment-run-001,workshop-participant,donation_events_001.csv,2026-08-11T11:59:30Z
EVT-FRS-000581,6000581,2004490,082309,3005045,5000,2026-08-07T07:22:22Z,クレジットカード,increment-run-001,workshop-participant,donation_events_001.csv,2026-08-11T11:59:30Z
EVT-FRS-010971,6010971,2000344,432067,3000922,12000,2026-08-07T07:24:10Z,クレジットカード,increment-run-001,workshop-participant,donation_events_001.csv,2026-08-11T11:59:30Z
EVT-FRS-007479,6007479,2006589,212067,3003100,20000,2026-08-07T07:24:34Z,電子決済,increment-run-001,workshop-participant,donation_events_001.csv,2026-08-11T11:59:30Z
EVT-FRS-009521,6009521,2001586,272132,3000484,15000,2026-08-07T07:34:03Z,銀行振込,increment-run-001,workshop-participant,donation_events_001.csv,2026-08-11T11:59:30Z
EVT-FRS-002993,6002993,2005502,202142,3005614,10000,2026-08-07T07:42:37Z,クレジットカード,increment-run-001,workshop-participant,donation_events_001.csv,2026-08-11T11:59:30Z
EVT-FRS-014768,6014768,2010399,122319,3004608,15000,2026-08-07T07:46:46Z,クレジットカード,increment-run-001,workshop-participant,donation_events_001.csv,2026-08-11T11:59:30Z
EVT-FRS-001274,6001274,2009682,012181,3005505,20000,2026-08-07T07:48:43Z,クレジットカード,increment-run-001,workshop-participant,donation_events_001.csv,2026-08-11T11:59:30Z
EVT-FRS-014367,6014367,2001342,452092,3002644,15000,2026-08-07T07:49:13Z,クレジットカード,increment-run-001,workshop-participant,donation_events_001.csv,2026-08-11T11:59:30Z
EVT-FRS-001195,6001195,2006823,363421,3003011,12000,2026-08-07T07:51:53Z,銀行振込,increment-run-001,workshop-participant,donation_events_001.csv,2026-08-11T11:59:30Z
EVT-FRS-004703,6004703,2008565,283827,3005795,10000,2026-08-07T07:52:19Z,電子決済,increment-run-001,workshop-participant,donation_events_001.csv,2026-08-11T11:59:30Z
EVT-FRS-012655,6012655,2010254,302023,3004257,15000,2026-08-07T07:54:44Z,クレジットカード,increment-run-001,workshop-participant,donation_events_001.csv,2026-08-11T11:59:30Z
EVT-FRS-002961,6002961,2005918,422045,3001423,20000,2026-08-07T07:54:53Z,銀行振込,increment-run-001,workshop-participant,donation_events_001.csv,2026-08-11T11:59:30Z
EVT-FRS-002527,6002527,2002543,232386,3002494,15000,2026-08-07T07:55:14Z,クレジットカード,increment-run-001,workshop-participant,donation_events_001.csv,2026-08-11T11:59:30Z
EVT-FRS-000664,6000664,2007086,132080,3005281,8000,2026-08-07T08:00:41Z,クレジットカード,increment-run-001,workshop-participant,donation_events_001.csv,2026-08-11T11:59:30Z
EVT-FRS-003057,6003057,2007099,102067,3005651,20000,2026-08-07T08:02:26Z,クレジットカード,increment-run-001,workshop-participant,donation_events_001.csv,2026-08-11T11:59:30Z
EVT-FRS-003553,6003553,2008891,122084,3004576,12000,2026-08-07T08:02:30Z,クレジットカード,increment-run-001,workshop-participant,donation_events_001.csv,2026-08-11T11:59:30Z
EVT-FRS-000809,6000809,2000340,352039,3001519,5000,2026-08-07T08:05:39Z,クレジットカード,increment-run-001,workshop-participant,donation_events_001.csv,2026-08-11T11:59:30Z
EVT-FRS-001178,6001178,2008841,412082,3002475,20000,2026-08-07T08:06:50Z,電子決済,increment-run-001,workshop-participant,donation_events_001.csv,2026-08-11T11:59:30Z
EVT-FRS-003120,6003120,2011841,342131,3004552,30000,2026-08-07T08:07:24Z,クレジットカード,increment-run-001,workshop-participant,donation_events_001.csv,2026-08-11T11:59:30Z
EVT-FRS-001733,6001733,2009276,442089,3001449,15000,2026-08-07T08:07:26Z,電子決済,increment-run-001,workshop-participant,donation_events_001.csv,2026-08-11T11:59:30Z
EVT-FRS-001189,6001189,2000430,384011,3001236,15000,2026-08-07T08:13:35Z,コンビニ決済,increment-run-001,workshop-participant,donation_events_001.csv,2026-08-11T11:59:30Z
EVT-FRS-011258,6011258,2006986,452025,3002730,20000,2026-08-07T08:18:46Z,クレジットカード,increment-run-001,workshop-participant,donation_events_001.csv,2026-08-11T11:59:30Z
EVT-FRS-004370,6004370,2005477,462063,3005524,30000,2026-08-07T08:20:24Z,コンビニ決済,increment-run-001,workshop-participant,donation_events_001.csv,2026-08-11T11:59:30Z
EVT-FRS-014546,6014546,2000756,272132,3002307,20000,2026-08-07T08:21:49Z,クレジットカード,increment-run-001,workshop-participant,donation_events_001.csv,2026-08-11T11:59:30Z
EVT-FRS-014408,6014408,2003696,272167,3003247,10000,2026-08-07T08:24:44Z,電子決済,increment-run-001,workshop-participant,donation_events_001.csv,2026-08-11T11:59:30Z
EVT-FRS-012635,6012635,2006668,082317,3005687,12000,2026-08-07T08:33:45Z,クレジットカード,increment-run-001,workshop-participant,donation_events_001.csv,2026-08-11T11:59:30Z
EVT-FRS-010946,6010946,2009273,012092,3003696,15000,2026-08-07T08:38:55Z,電子決済,increment-run-001,workshop-participant,donation_events_001.csv,2026-08-11T11:59:30Z
EVT-FRS-006110,6006110,2003654,022101,3001660,20000,2026-08-07T08:41:17Z,電子決済,increment-run-001,workshop-participant,donation_events_001.csv,2026-08-11T11:59:30Z
EVT-FRS-007942,6007942,2003552,212211,3001068,10000,2026-08-07T08:48:39Z,電子決済,increment-run-001,workshop-participant,donation_events_001.csv,2026-08-11T11:59:30Z
EVT-FRS-013884,6013884,2010899,232386,3002592,10000,2026-08-07T08:52:12Z,クレジットカード,increment-run-001,workshop-participant,donation_events_001.csv,2026-08-11T11:59:30Z
EVT-FRS-005437,6005437,2007168,092134,3005906,20000,2026-08-07T08:52:24Z,銀行振込,increment-run-001,workshop-participant,donation_events_001.csv,2026-08-11T11:59:30Z
EVT-FRS-009561,6009561,2005166,372013,3004589,30000,2026-08-07T08:53:25Z,電子決済,increment-run-001,workshop-participant,donation_events_001.csv,2026-08-11T11:59:30Z
EVT-FRS-013287,6013287,2005749,452050,3005041,12000,2026-08-07T08:56:32Z,クレジットカード,increment-run-001,workshop-participant,donation_events_001.csv,2026-08-11T11:59:30Z
EVT-FRS-010877,6010877,2006306,111007,3002923,15000,2026-08-07T08:58:36Z,コンビニ決済,increment-run-001,workshop-participant,donation_events_001.csv,2026-08-11T11:59:30Z
EVT-FRS-000605,6000605,2010070,322059,3004353,15000,2026-08-07T08:59:43Z,クレジットカード,increment-run-001,workshop-participant,donation_events_001.csv,2026-08-11T11:59:30Z
EVT-FRS-005698,6005698,2002600,202070,3003505,5000,2026-08-07T09:01:16Z,クレジットカード,increment-run-001,workshop-participant,donation_events_001.csv,2026-08-11T11:59:30Z
EVT-FRS-006038,6006038,2001355,182028,3004811,15000,2026-08-07T09:02:17Z,クレジットカード,increment-run-001,workshop-participant,donation_events_001.csv,2026-08-11T11:59:30Z
EVT-FRS-000796,6000796,2000129,422142,3000008,15000,2026-08-07T09:08:00Z,銀行振込,increment-run-001,workshop-participant,donation_events_001.csv,2026-08-11T11:59:30Z
EVT-FRS-006022,6006022,2000913,402192,3001596,5000,2026-08-07T09:08:34Z,クレジットカード,increment-run-001,workshop-participant,donation_events_001.csv,2026-08-11T11:59:30Z
EVT-FRS-012570,6012570,2003909,422096,3000859,5000,2026-08-07T09:09:35Z,クレジットカード,increment-run-001,workshop-participant,donation_events_001.csv,2026-08-11T11:59:30Z
EVT-FRS-007740,6007740,2002863,452025,3005848,40000,2026-08-07T09:15:20Z,クレジットカード,increment-run-001,workshop-participant,donation_events_001.csv,2026-08-11T11:59:30Z
EVT-FRS-008703,6008703,2004273,192091,3002434,25000,2026-08-07T09:23:32Z,銀行振込,increment-run-001,workshop-participant,donation_events_001.csv,2026-08-11T11:59:30Z
EVT-FRS-000409,6000409,2008541,342157,3004107,10000,2026-08-07T09:29:47Z,電子決済,increment-run-001,workshop-participant,donation_events_001.csv,2026-08-11T11:59:30Z
EVT-FRS-006344,6006344,2011293,272256,3002740,5000,2026-08-07T09:29:50Z,クレジットカード,increment-run-001,workshop-participant,donation_events_001.csv,2026-08-11T11:59:30Z
EVT-FRS-001336,6001336,2004439,192074,3005813,15000,2026-08-07T09:36:03Z,クレジットカード,increment-run-001,workshop-participant,donation_events_001.csv,2026-08-11T11:59:30Z
EVT-FRS-009090,6009090,2000929,282065,3003392,10000,2026-08-07T09:38:45Z,クレジットカード,increment-run-001,workshop-participant,donation_events_001.csv,2026-08-11T11:59:30Z
EVT-FRS-004528,6004528,2009830,282103,3002698,10000,2026-08-07T09:41:38Z,クレジットカード,increment-run-001,workshop-participant,donation_events_001.csv,2026-08-11T11:59:30Z
EVT-FRS-012562,6012562,2008334,292061,3002342,10000,2026-08-07T09:44:58Z,クレジットカード,increment-run-001,workshop-participant,donation_events_001.csv,2026-08-11T11:59:30Z
EVT-FRS-010786,6010786,2000402,282049,3002762,10000,2026-08-07T09:45:46Z,クレジットカード,increment-run-001,workshop-participant,donation_events_001.csv,2026-08-11T11:59:30Z
EVT-FRS-008016,6008016,2000004,313645,3004650,10000,2026-08-07T09:47:35Z,コンビニ決済,increment-run-001,workshop-participant,donation_events_001.csv,2026-08-11T11:59:30Z
EVT-FRS-003116,6003116,2001435,035033,3004331,10000,2026-08-07T09:50:42Z,電子決済,increment-run-001,workshop-participant,donation_events_001.csv,2026-08-11T11:59:30Z
EVT-FRS-003339,6003339,2004406,402265,3005632,10000,2026-08-07T09:54:25Z,クレジットカード,increment-run-001,workshop-participant,donation_events_001.csv,2026-08-11T11:59:30Z
EVT-FRS-008260,6008260,2005728,072010,3000726,15000,2026-08-07T09:57:47Z,クレジットカード,increment-run-001,workshop-participant,donation_events_001.csv,2026-08-11T11:59:30Z
EVT-FRS-004669,6004669,2007279,152081,3003098,10000,2026-08-07T10:03:26Z,クレジットカード,increment-run-001,workshop-participant,donation_events_001.csv,2026-08-11T11:59:30Z
EVT-FRS-002308,6002308,2009083,212148,3000487,8000,2026-08-07T10:09:25Z,コンビニ決済,increment-run-001,workshop-participant,donation_events_001.csv,2026-08-11T11:59:30Z
EVT-FRS-007045,6007045,2001880,332151,3003971,10000,2026-08-07T10:09:58Z,電子決済,increment-run-001,workshop-participant,donation_events_001.csv,2026-08-11T11:59:30Z
EVT-FRS-012243,6012243,2011959,072133,3001301,10000,2026-08-07T10:12:36Z,電子決済,increment-run-001,workshop-participant,donation_events_001.csv,2026-08-11T11:59:30Z
EVT-FRS-013353,6013353,2004791,231002,3000754,10000,2026-08-07T10:13:44Z,電子決済,increment-run-001,workshop-participant,donation_events_001.csv,2026-08-11T11:59:30Z
EVT-FRS-010496,6010496,2008861,392049,3005923,10000,2026-08-07T10:14:31Z,電子決済,increment-run-001,workshop-participant,donation_events_001.csv,2026-08-11T11:59:30Z
EVT-FRS-004948,6004948,2005534,402273,3000850,50000,2026-08-07T10:16:04Z,クレジットカード,increment-run-001,workshop-participant,donation_events_001.csv,2026-08-11T11:59:30Z
EVT-FRS-009685,6009685,2002034,162078,3001035,10000,2026-08-07T10:17:30Z,クレジットカード,increment-run-001,workshop-participant,donation_events_001.csv,2026-08-11T11:59:30Z
EVT-FRS-005500,6005500,2009077,282081,3001056,10000,2026-08-07T10:17:33Z,クレジットカード,increment-run-001,workshop-participant,donation_events_001.csv,2026-08-11T11:59:30Z
EVT-FRS-001906,6001906,2007857,152081,3002059,15000,2026-08-07T10:18:08Z,クレジットカード,increment-run-001,workshop-participant,donation_events_001.csv,2026-08-11T11:59:30Z
EVT-FRS-011431,6011431,2010271,113654,3003353,10000,2026-08-07T10:18:55Z,クレジットカード,increment-run-001,workshop-participant,donation_events_001.csv,2026-08-11T11:59:30Z
EVT-FRS-010177,6010177,2006848,272108,3004190,50000,2026-08-07T10:24:43Z,電子決済,increment-run-001,workshop-participant,donation_events_001.csv,2026-08-11T11:59:30Z
EVT-FRS-006793,6006793,2003326,012033,3000311,25000,2026-08-07T10:25:48Z,コンビニ決済,increment-run-001,workshop-participant,donation_events_001.csv,2026-08-11T11:59:30Z
EVT-FRS-012835,6012835,2006475,352039,3004799,12000,2026-08-07T10:31:54Z,電子決済,increment-run-001,workshop-participant,donation_events_001.csv,2026-08-11T11:59:30Z
EVT-FRS-000454,6000454,2010828,213616,3001950,50000,2026-08-07T10:36:23Z,クレジットカード,increment-run-001,workshop-participant,donation_events_001.csv,2026-08-11T11:59:30Z
EVT-FRS-012345,6012345,2001274,112356,3002971,20000,2026-08-07T10:41:02Z,クレジットカード,increment-run-001,workshop-participant,donation_events_001.csv,2026-08-11T11:59:30Z
EVT-FRS-008954,6008954,2001265,304221,3004004,10000,2026-08-07T10:41:47Z,クレジットカード,increment-run-001,workshop-participant,donation_events_001.csv,2026-08-11T11:59:30Z
EVT-FRS-009639,6009639,2011438,052060,3002292,12000,2026-08-07T10:49:41Z,銀行振込,increment-run-001,workshop-participant,donation_events_001.csv,2026-08-11T11:59:30Z
EVT-FRS-007714,6007714,2004610,062031,3002798,10000,2026-08-07T10:50:44Z,クレジットカード,increment-run-001,workshop-participant,donation_events_001.csv,2026-08-11T11:59:30Z
EVT-FRS-013332,6013332,2003708,272124,3001817,20000,2026-08-07T10:53:29Z,電子決済,increment-run-001,workshop-participant,donation_events_001.csv,2026-08-11T11:59:30Z
EVT-FRS-004177,6004177,2003365,272027,3004980,50000,2026-08-07T10:57:31Z,クレジットカード,increment-run-001,workshop-participant,donation_events_001.csv,2026-08-11T11:59:30Z
EVT-FRS-005174,6005174,2003973,012319,3000752,10000,2026-08-07T10:58:09Z,電子決済,increment-run-001,workshop-participant,donation_events_001.csv,2026-08-11T11:59:30Z
EVT-FRS-004827,6004827,2004776,262072,3004051,25000,2026-08-07T10:58:24Z,クレジットカード,increment-run-001,workshop-participant,donation_events_001.csv,2026-08-11T11:59:30Z
EVT-FRS-008616,6008616,2001573,352128,3001457,15000,2026-08-07T11:04:22Z,クレジットカード,increment-run-001,workshop-participant,donation_events_001.csv,2026-08-11T11:59:30Z
EVT-FRS-005127,6005127,2005731,252131,3004895,50000,2026-08-07T11:12:55Z,クレジットカード,increment-run-001,workshop-participant,donation_events_001.csv,2026-08-11T11:59:30Z
EVT-FRS-001329,6001329,2010341,232220,3002186,10000,2026-08-07T11:15:10Z,クレジットカード,increment-run-001,workshop-participant,donation_events_001.csv,2026-08-11T11:59:30Z
EVT-FRS-009004,6009004,2006958,292125,3002556,8000,2026-08-07T11:18:21Z,クレジットカード,increment-run-001,workshop-participant,donation_events_001.csv,2026-08-11T11:59:30Z
EVT-FRS-007911,6007911,2002815,432059,3001162,15000,2026-08-07T11:20:25Z,クレジットカード,increment-run-001,workshop-participant,donation_events_001.csv,2026-08-11T11:59:30Z
EVT-FRS-013090,6013090,2004006,313289,3003186,15000,2026-08-07T11:24:55Z,クレジットカード,increment-run-001,workshop-participant,donation_events_001.csv,2026-08-11T11:59:30Z
EVT-FRS-011719,6011719,2011710,123498,3005963,15000,2026-08-07T11:25:12Z,電子決済,increment-run-001,workshop-participant,donation_events_001.csv,2026-08-11T11:59:30Z
EVT-FRS-001239,6001239,2000122,272051,3002187,10000,2026-08-07T11:26:49Z,クレジットカード,increment-run-001,workshop-participant,donation_events_001.csv,2026-08-11T11:59:30Z
EVT-FRS-000548,6000548,2005732,232050,3004942,10000,2026-08-07T11:30:29Z,銀行振込,increment-run-001,workshop-participant,donation_events_001.csv,2026-08-11T11:59:30Z
EVT-FRS-012997,6012997,2006503,062103,3002240,10000,2026-08-07T11:41:14Z,クレジットカード,increment-run-001,workshop-participant,donation_events_001.csv,2026-08-11T11:59:30Z
EVT-FRS-012728,6012728,2011610,292061,3004176,50000,2026-08-07T11:44:52Z,電子決済,increment-run-001,workshop-participant,donation_events_001.csv,2026-08-11T11:59:30Z
EVT-FRS-010274,6010274,2000654,202134,3005250,15000,2026-08-07T11:46:54Z,クレジットカード,increment-run-001,workshop-participant,donation_events_001.csv,2026-08-11T11:59:30Z
EVT-FRS-013506,6013506,2000307,402265,3004153,12000,2026-08-07T11:48:15Z,銀行振込,increment-run-001,workshop-participant,donation_events_001.csv,2026-08-11T11:59:30Z
EVT-FRS-009143,6009143,2009672,012335,3003546,20000,2026-08-07T11:59:57Z,電子決済,increment-run-001,workshop-participant,donation_events_001.csv,2026-08-11T11:59:30Z
EVT-FRS-008999,6008999,2008911,112119,3000912,10000,2026-08-07T12:02:19Z,クレジットカード,increment-run-001,workshop-participant,donation_events_001.csv,2026-08-11T11:59:30Z
EVT-FRS-014036,6014036,2010462,012165,3003799,15000,2026-08-07T12:04:56Z,クレジットカード,increment-run-001,workshop-participant,donation_events_001.csv,2026-08-11T11:59:30Z
EVT-FRS-012477,6012477,2010175,102113,3005350,15000,2026-08-07T12:08:18Z,クレジットカード,increment-run-001,workshop-participant,donation_events_001.csv,2026-08-11T11:59:30Z
EVT-FRS-006686,6006686,2007047,082121,3005090,25000,2026-08-07T12:08:22Z,クレジットカード,increment-run-001,workshop-participant,donation_events_001.csv,2026-08-11T11:59:30Z
EVT-FRS-012111,6012111,2009031,262064,3004208,15000,2026-08-07T12:14:35Z,クレジットカード,increment-run-001,workshop-participant,donation_events_001.csv,2026-08-11T11:59:30Z
EVT-FRS-011164,6011164,2005611,122203,3002686,25000,2026-08-07T12:14:44Z,クレジットカード,increment-run-001,workshop-participant,donation_events_001.csv,2026-08-11T11:59:30Z
EVT-FRS-006273,6006273,2004699,022021,3003150,20000,2026-08-07T12:15:57Z,クレジットカード,increment-run-001,workshop-participant,donation_events_001.csv,2026-08-11T11:59:30Z
EVT-FRS-006726,6006726,2005640,052043,3002872,15000,2026-08-07T12:16:26Z,クレジットカード,increment-run-001,workshop-participant,donation_events_001.csv,2026-08-11T11:59:30Z
EVT-FRS-001891,6001891,2009649,312029,3005635,15000,2026-08-07T12:21:36Z,クレジットカード,increment-run-001,workshop-participant,donation_events_001.csv,2026-08-11T11:59:30Z
EVT-FRS-006444,6006444,2009018,472093,3001411,15000,2026-08-07T12:21:45Z,クレジットカード,increment-run-001,workshop-participant,donation_events_001.csv,2026-08-11T11:59:30Z
EVT-FRS-005808,6005808,2007041,262072,3003375,10000,2026-08-07T12:25:12Z,銀行振込,increment-run-001,workshop-participant,donation_events_001.csv,2026-08-11T11:59:30Z
EVT-FRS-005714,6005714,2010596,212091,3004786,15000,2026-08-07T12:27:59Z,クレジットカード,increment-run-001,workshop-participant,donation_events_001.csv,2026-08-11T11:59:30Z
EVT-FRS-010014,6010014,2009112,464686,3005084,5000,2026-08-07T12:34:24Z,クレジットカード,increment-run-001,workshop-participant,donation_events_001.csv,2026-08-11T11:59:30Z
EVT-FRS-012639,6012639,2001598,312037,3000601,25000,2026-08-07T12:35:38Z,電子決済,increment-run-001,workshop-participant,donation_events_001.csv,2026-08-11T11:59:30Z
EVT-FRS-010605,6010605,2000231,092134,3005906,5000,2026-08-07T12:36:51Z,クレジットカード,increment-run-001,workshop-participant,donation_events_001.csv,2026-08-11T11:59:30Z
EVT-FRS-000412,6000412,2002991,072095,3004630,10000,2026-08-07T12:37:00Z,電子決済,increment-run-001,workshop-participant,donation_events_001.csv,2026-08-11T11:59:30Z
EVT-FRS-013891,6013891,2004639,143014,3001584,40000,2026-08-07T12:44:21Z,クレジットカード,increment-run-001,workshop-participant,donation_events_001.csv,2026-08-11T11:59:30Z
EVT-FRS-010929,6010929,2009565,353442,3001266,5000,2026-08-07T12:48:31Z,電子決済,increment-run-001,workshop-participant,donation_events_001.csv,2026-08-11T11:59:30Z
EVT-FRS-010925,6010925,2007791,392014,3000965,15000,2026-08-07T12:52:48Z,クレジットカード,increment-run-001,workshop-participant,donation_events_001.csv,2026-08-11T11:59:30Z
EVT-FRS-004262,6004262,2008644,114081,3004036,25000,2026-08-07T12:52:52Z,銀行振込,increment-run-001,workshop-participant,donation_events_001.csv,2026-08-11T11:59:30Z
EVT-FRS-000252,6000252,2002729,112313,3000223,20000,2026-08-07T12:53:01Z,電子決済,increment-run-001,workshop-participant,donation_events_001.csv,2026-08-11T11:59:30Z
EVT-FRS-007406,6007406,2000787,122254,3000153,15000,2026-08-07T13:00:16Z,電子決済,increment-run-001,workshop-participant,donation_events_001.csv,2026-08-11T11:59:30Z
EVT-FRS-013447,6013447,2002001,363421,3002529,25000,2026-08-07T13:01:48Z,電子決済,increment-run-001,workshop-participant,donation_events_001.csv,2026-08-11T11:59:30Z
EVT-FRS-011006,6011006,2006308,452025,3005996,15000,2026-08-07T13:03:18Z,クレジットカード,increment-run-001,workshop-participant,donation_events_001.csv,2026-08-11T11:59:30Z
EVT-FRS-000921,6000921,2008538,075027,3001482,5000,2026-08-07T13:04:08Z,クレジットカード,increment-run-001,workshop-participant,donation_events_001.csv,2026-08-11T11:59:30Z
EVT-FRS-002559,6002559,2007313,132276,3000809,20000,2026-08-07T13:07:58Z,クレジットカード,increment-run-001,workshop-participant,donation_events_001.csv,2026-08-11T11:59:30Z
EVT-FRS-010638,6010638,2000910,182052,3001264,10000,2026-08-07T13:10:31Z,銀行振込,increment-run-001,workshop-participant,donation_events_001.csv,2026-08-11T11:59:30Z
EVT-FRS-006335,6006335,2006927,402265,3005632,10000,2026-08-07T13:12:50Z,電子決済,increment-run-001,workshop-participant,donation_events_001.csv,2026-08-11T11:59:30Z
EVT-FRS-001275,6001275,2010575,352152,3002756,8000,2026-08-07T13:16:15Z,クレジットカード,increment-run-001,workshop-participant,donation_events_001.csv,2026-08-11T11:59:30Z
EVT-FRS-001789,6001789,2004904,112321,3001893,30000,2026-08-07T13:18:00Z,電子決済,increment-run-001,workshop-participant,donation_events_001.csv,2026-08-11T11:59:30Z
EVT-FRS-013774,6013774,2009409,212016,3000641,8000,2026-08-07T13:27:36Z,クレジットカード,increment-run-001,workshop-participant,donation_events_001.csv,2026-08-11T11:59:30Z
EVT-FRS-012221,6012221,2000539,042099,3004087,10000,2026-08-07T13:28:49Z,クレジットカード,increment-run-001,workshop-participant,donation_events_001.csv,2026-08-11T11:59:30Z
EVT-FRS-002634,6002634,2001311,122351,3000742,8000,2026-08-07T13:33:45Z,クレジットカード,increment-run-001,workshop-participant,donation_events_001.csv,2026-08-11T11:59:30Z
EVT-FRS-014120,6014120,2003349,092045,3004410,10000,2026-08-07T13:36:08Z,電子決済,increment-run-001,workshop-participant,donation_events_001.csv,2026-08-11T11:59:30Z
EVT-FRS-011205,6011205,2002746,212172,3001983,5000,2026-08-07T13:42:11Z,クレジットカード,increment-run-001,workshop-participant,donation_events_001.csv,2026-08-11T11:59:30Z
EVT-FRS-008184,6008184,2001670,432148,3000187,50000,2026-08-07T13:46:58Z,クレジットカード,increment-run-001,workshop-participant,donation_events_001.csv,2026-08-11T11:59:30Z
EVT-FRS-007949,6007949,2001310,412023,3004246,5000,2026-08-07T13:49:11Z,電子決済,increment-run-001,workshop-participant,donation_events_001.csv,2026-08-11T11:59:30Z
EVT-FRS-004504,6004504,2006687,272141,3003983,20000,2026-08-07T13:51:10Z,クレジットカード,increment-run-001,workshop-participant,donation_events_001.csv,2026-08-11T11:59:30Z
EVT-FRS-009526,6009526,2011682,312037,3000601,50000,2026-08-07T13:56:05Z,電子決済,increment-run-001,workshop-participant,donation_events_001.csv,2026-08-11T11:59:30Z
EVT-FRS-006589,6006589,2002032,262021,3001105,8000,2026-08-07T13:56:09Z,電子決済,increment-run-001,workshop-participant,donation_events_001.csv,2026-08-11T11:59:30Z
EVT-FRS-013221,6013221,2007370,102024,3004281,10000,2026-08-07T13:59:44Z,クレジットカード,increment-run-001,workshop-participant,donation_events_001.csv,2026-08-11T11:59:30Z
EVT-FRS-012546,6012546,2003243,212172,3001983,12000,2026-08-07T14:04:17Z,クレジットカード,increment-run-001,workshop-participant,donation_events_001.csv,2026-08-11T11:59:30Z
EVT-FRS-012334,6012334,2009097,402192,3002309,5000,2026-08-07T14:07:14Z,クレジットカード,increment-run-001,workshop-participant,donation_events_001.csv,2026-08-11T11:59:30Z
EVT-FRS-008293,6008293,2000735,052060,3002292,10000,2026-08-07T14:11:19Z,電子決済,increment-run-001,workshop-participant,donation_events_001.csv,2026-08-11T11:59:30Z
EVT-FRS-014811,6014811,2003941,292010,3001156,10000,2026-08-07T14:13:51Z,電子決済,increment-run-001,workshop-participant,donation_events_001.csv,2026-08-11T11:59:30Z
EVT-FRS-004209,6004209,2010333,015202,3001420,10000,2026-08-07T14:14:56Z,コンビニ決済,increment-run-001,workshop-participant,donation_events_001.csv,2026-08-11T11:59:30Z
EVT-FRS-005102,6005102,2001214,422100,3004035,20000,2026-08-07T14:17:30Z,クレジットカード,increment-run-001,workshop-participant,donation_events_001.csv,2026-08-11T11:59:30Z
EVT-FRS-007705,6007705,2002111,041009,3005790,15000,2026-08-07T14:21:44Z,電子決済,increment-run-001,workshop-participant,donation_events_001.csv,2026-08-11T11:59:30Z
EVT-FRS-002129,6002129,2001210,402117,3002733,10000,2026-08-07T14:22:09Z,コンビニ決済,increment-run-001,workshop-participant,donation_events_001.csv,2026-08-11T11:59:30Z
EVT-FRS-001718,6001718,2010580,072036,3004063,20000,2026-08-07T14:25:41Z,電子決済,increment-run-001,workshop-participant,donation_events_001.csv,2026-08-11T11:59:30Z
EVT-FRS-005462,6005462,2004078,442135,3000249,12000,2026-08-07T14:29:19Z,クレジットカード,increment-run-001,workshop-participant,donation_events_001.csv,2026-08-11T11:59:30Z
EVT-FRS-012303,6012303,2000979,111007,3000639,12000,2026-08-07T14:32:28Z,電子決済,increment-run-001,workshop-participant,donation_events_001.csv,2026-08-11T11:59:30Z
EVT-FRS-002051,6002051,2007782,221309,3000145,20000,2026-08-07T14:34:03Z,クレジットカード,increment-run-001,workshop-participant,donation_events_001.csv,2026-08-11T11:59:30Z
EVT-FRS-014304,6014304,2009411,182087,3001180,20000,2026-08-07T14:35:54Z,クレジットカード,increment-run-001,workshop-participant,donation_events_001.csv,2026-08-11T11:59:30Z
EVT-FRS-012027,6012027,2005760,222151,3003905,10000,2026-08-07T14:36:18Z,クレジットカード,increment-run-001,workshop-participant,donation_events_001.csv,2026-08-11T11:59:30Z
EVT-FRS-013171,6013171,2010557,341002,3002493,15000,2026-08-07T14:40:59Z,銀行振込,increment-run-001,workshop-participant,donation_events_001.csv,2026-08-11T11:59:30Z
EVT-FRS-011448,6011448,2000547,083097,3000526,15000,2026-08-07T14:43:19Z,クレジットカード,increment-run-001,workshop-participant,donation_events_001.csv,2026-08-11T11:59:30Z
EVT-FRS-013618,6013618,2008651,294241,3003403,20000,2026-08-07T14:43:31Z,クレジットカード,increment-run-001,workshop-participant,donation_events_001.csv,2026-08-11T11:59:30Z
EVT-FRS-003392,6003392,2001193,292028,3003697,20000,2026-08-07T14:46:20Z,クレジットカード,increment-run-001,workshop-participant,donation_events_001.csv,2026-08-11T11:59:30Z
EVT-FRS-003158,6003158,2011185,212172,3003089,20000,2026-08-07T14:50:26Z,クレジットカード,increment-run-001,workshop-participant,donation_events_001.csv,2026-08-11T11:59:30Z
EVT-FRS-011777,6011777,2002125,272264,3004088,10000,2026-08-07T14:51:12Z,電子決済,increment-run-001,workshop-participant,donation_events_001.csv,2026-08-11T11:59:30Z
EVT-FRS-013544,6013544,2000719,222097,3000065,10000,2026-08-07T14:51:15Z,電子決済,increment-run-001,workshop-participant,donation_events_001.csv,2026-08-11T11:59:30Z
EVT-FRS-002125,6002125,2002292,232319,3002129,8000,2026-08-07T14:58:09Z,クレジットカード,increment-run-001,workshop-participant,donation_events_001.csv,2026-08-11T11:59:30Z
EVT-FRS-000860,6000860,2009242,282219,3004011,10000,2026-08-07T15:03:32Z,クレジットカード,increment-run-001,workshop-participant,donation_events_001.csv,2026-08-11T11:59:30Z
EVT-FRS-012756,6012756,2009085,303623,3001196,15000,2026-08-07T15:05:22Z,クレジットカード,increment-run-001,workshop-participant,donation_events_001.csv,2026-08-11T11:59:30Z
EVT-FRS-003823,6003823,2007036,432032,3005336,10000,2026-08-07T15:07:05Z,クレジットカード,increment-run-001,workshop-participant,donation_events_001.csv,2026-08-11T11:59:30Z
EVT-FRS-000147,6000147,2001397,032093,3005383,15000,2026-08-07T15:09:42Z,コンビニ決済,increment-run-001,workshop-participant,donation_events_001.csv,2026-08-11T11:59:30Z
EVT-FRS-013525,6013525,2009858,142123,3003724,15000,2026-08-07T15:11:20Z,コンビニ決済,increment-run-001,workshop-participant,donation_events_001.csv,2026-08-11T11:59:30Z
EVT-FRS-003552,6003552,2006990,352071,3001374,15000,2026-08-07T15:12:42Z,クレジットカード,increment-run-001,workshop-participant,donation_events_001.csv,2026-08-11T11:59:30Z
EVT-FRS-010445,6010445,2003473,372013,3005422,40000,2026-08-07T15:16:24Z,銀行振込,increment-run-001,workshop-participant,donation_events_001.csv,2026-08-11T11:59:30Z
EVT-FRS-005906,6005906,2007767,012181,3002867,15000,2026-08-07T15:30:53Z,コンビニ決済,increment-run-001,workshop-participant,donation_events_001.csv,2026-08-11T11:59:30Z
EVT-FRS-001894,6001894,2007006,202029,3002076,20000,2026-08-07T15:33:16Z,クレジットカード,increment-run-001,workshop-participant,donation_events_001.csv,2026-08-11T11:59:30Z
EVT-FRS-003884,6003884,2005697,012220,3003071,20000,2026-08-07T15:35:46Z,クレジットカード,increment-run-001,workshop-participant,donation_events_001.csv,2026-08-11T11:59:30Z
EVT-FRS-007401,6007401,2002589,272175,3003112,10000,2026-08-07T15:36:44Z,クレジットカード,increment-run-001,workshop-participant,donation_events_001.csv,2026-08-11T11:59:30Z
EVT-FRS-006684,6006684,2006765,302015,3005993,20000,2026-08-07T15:37:37Z,銀行振込,increment-run-001,workshop-participant,donation_events_001.csv,2026-08-11T11:59:30Z
EVT-FRS-001678,6001678,2005038,142051,3001381,12000,2026-08-07T15:38:57Z,電子決済,increment-run-001,workshop-participant,donation_events_001.csv,2026-08-11T11:59:30Z
EVT-FRS-001842,6001842,2003551,432083,3003635,15000,2026-08-07T15:40:34Z,電子決済,increment-run-001,workshop-participant,donation_events_001.csv,2026-08-11T11:59:30Z
EVT-FRS-001900,6001900,2006279,412074,3002707,40000,2026-08-07T15:44:37Z,クレジットカード,increment-run-001,workshop-participant,donation_events_001.csv,2026-08-11T11:59:30Z
EVT-FRS-005447,6005447,2011510,112259,3002708,10000,2026-08-07T15:45:33Z,クレジットカード,increment-run-001,workshop-participant,donation_events_001.csv,2026-08-11T11:59:30Z
EVT-FRS-013112,6013112,2011645,362018,3000569,20000,2026-08-07T15:47:04Z,電子決済,increment-run-001,workshop-participant,donation_events_001.csv,2026-08-11T11:59:30Z
EVT-FRS-000602,6000602,2009693,173657,3003284,10000,2026-08-07T15:47:29Z,銀行振込,increment-run-001,workshop-participant,donation_events_001.csv,2026-08-11T11:59:30Z
EVT-FRS-014122,6014122,2005137,042072,3004084,10000,2026-08-07T15:47:36Z,クレジットカード,increment-run-001,workshop-participant,donation_events_001.csv,2026-08-11T11:59:30Z
EVT-FRS-004416,6004416,2004678,192074,3004762,10000,2026-08-07T15:49:52Z,クレジットカード,increment-run-001,workshop-participant,donation_events_001.csv,2026-08-11T11:59:30Z
EVT-FRS-004940,6004940,2009903,112321,3004656,10000,2026-08-07T15:51:31Z,電子決済,increment-run-001,workshop-participant,donation_events_001.csv,2026-08-11T11:59:30Z
EVT-FRS-013146,6013146,2003858,015458,3000536,15000,2026-08-07T15:52:13Z,コンビニ決済,increment-run-001,workshop-participant,donation_events_001.csv,2026-08-11T11:59:30Z
EVT-FRS-001260,6001260,2006396,012203,3003863,15000,2026-08-07T15:55:49Z,電子決済,increment-run-001,workshop-participant,donation_events_001.csv,2026-08-11T11:59:30Z
EVT-FRS-006648,6006648,2006382,182028,3004323,5000,2026-08-07T16:01:41Z,クレジットカード,increment-run-001,workshop-participant,donation_events_001.csv,2026-08-11T11:59:30Z
EVT-FRS-002977,6002977,2008914,422126,3004652,12000,2026-08-07T16:02:25Z,クレジットカード,increment-run-001,workshop-participant,donation_events_001.csv,2026-08-11T11:59:30Z
EVT-FRS-007879,6007879,2003332,232041,3004124,20000,2026-08-07T16:07:37Z,クレジットカード,increment-run-001,workshop-participant,donation_events_001.csv,2026-08-11T11:59:30Z
EVT-FRS-002850,6002850,2001845,473138,3001969,8000,2026-08-07T16:07:58Z,クレジットカード,increment-run-001,workshop-participant,donation_events_001.csv,2026-08-11T11:59:30Z
EVT-FRS-008068,6008068,2008523,212211,3005147,10000,2026-08-07T16:18:24Z,コンビニ決済,increment-run-001,workshop-participant,donation_events_001.csv,2026-08-11T11:59:30Z
EVT-FRS-000083,6000083,2006722,092100,3001528,10000,2026-08-07T16:22:28Z,クレジットカード,increment-run-001,workshop-participant,donation_events_001.csv,2026-08-11T11:59:30Z
EVT-FRS-008399,6008399,2006955,142085,3000707,20000,2026-08-07T16:23:19Z,クレジットカード,increment-run-001,workshop-participant,donation_events_001.csv,2026-08-11T11:59:30Z
EVT-FRS-004138,6004138,2009761,322041,3005300,10000,2026-08-07T16:26:02Z,クレジットカード,increment-run-001,workshop-participant,donation_events_001.csv,2026-08-11T11:59:30Z
EVT-FRS-014029,6014029,2002569,172073,3004365,15000,2026-08-07T16:28:39Z,電子決済,increment-run-001,workshop-participant,donation_events_001.csv,2026-08-11T11:59:30Z
EVT-FRS-012457,6012457,2006211,262111,3001539,10000,2026-08-07T16:38:02Z,クレジットカード,increment-run-001,workshop-participant,donation_events_001.csv,2026-08-11T11:59:30Z
EVT-FRS-011696,6011696,2009429,222038,3001333,30000,2026-08-07T16:38:07Z,銀行振込,increment-run-001,workshop-participant,donation_events_001.csv,2026-08-11T11:59:30Z
EVT-FRS-004266,6004266,2003838,472093,3000756,30000,2026-08-07T16:40:13Z,銀行振込,increment-run-001,workshop-participant,donation_events_001.csv,2026-08-11T11:59:30Z
EVT-FRS-005041,6005041,2011052,204307,3001570,15000,2026-08-07T16:44:23Z,クレジットカード,increment-run-001,workshop-participant,donation_events_001.csv,2026-08-11T11:59:30Z
EVT-FRS-006031,6006031,2005455,222038,3001333,40000,2026-08-07T16:45:50Z,電子決済,increment-run-001,workshop-participant,donation_events_001.csv,2026-08-11T11:59:30Z
EVT-FRS-009399,6009399,2005258,272299,3001652,10000,2026-08-07T16:50:15Z,電子決済,increment-run-001,workshop-participant,donation_events_001.csv,2026-08-11T11:59:30Z
EVT-FRS-005780,6005780,2007503,382108,3002689,5000,2026-08-07T16:50:24Z,電子決済,increment-run-001,workshop-participant,donation_events_001.csv,2026-08-11T11:59:30Z
EVT-FRS-004244,6004244,2005150,182052,3005669,12000,2026-08-07T16:53:32Z,クレジットカード,increment-run-001,workshop-participant,donation_events_001.csv,2026-08-11T11:59:30Z
EVT-FRS-007885,6007885,2002530,122289,3002121,10000,2026-08-07T16:53:58Z,電子決済,increment-run-001,workshop-participant,donation_events_001.csv,2026-08-11T11:59:30Z
EVT-FRS-001544,6001544,2008760,082121,3005469,10000,2026-08-07T16:55:13Z,クレジットカード,increment-run-001,workshop-participant,donation_events_001.csv,2026-08-11T11:59:30Z
EVT-FRS-003604,6003604,2009899,082112,3002739,20000,2026-08-07T16:55:56Z,クレジットカード,increment-run-001,workshop-participant,donation_events_001.csv,2026-08-11T11:59:30Z
EVT-FRS-009023,6009023,2003694,312037,3000601,20000,2026-08-07T16:57:06Z,コンビニ決済,increment-run-001,workshop-participant,donation_events_001.csv,2026-08-11T11:59:30Z
EVT-FRS-009737,6009737,2010676,093424,3005791,20000,2026-08-07T17:03:12Z,電子決済,increment-run-001,workshop-participant,donation_events_001.csv,2026-08-11T11:59:30Z
EVT-FRS-005785,6005785,2011785,432113,3003803,30000,2026-08-07T17:04:21Z,電子決済,increment-run-001,workshop-participant,donation_events_001.csv,2026-08-11T11:59:30Z
EVT-FRS-007468,6007468,2011248,082023,3004081,20000,2026-08-07T17:12:41Z,クレジットカード,increment-run-001,workshop-participant,donation_events_001.csv,2026-08-11T11:59:30Z
EVT-FRS-011702,6011702,2008205,282146,3000382,30000,2026-08-07T17:13:36Z,電子決済,increment-run-001,workshop-participant,donation_events_001.csv,2026-08-11T11:59:30Z
EVT-FRS-010503,6010503,2003366,442119,3004848,30000,2026-08-07T17:14:45Z,クレジットカード,increment-run-001,workshop-participant,donation_events_001.csv,2026-08-11T11:59:30Z
EVT-FRS-008277,6008277,2010383,422142,3003126,10000,2026-08-07T17:18:31Z,クレジットカード,increment-run-001,workshop-participant,donation_events_001.csv,2026-08-11T11:59:30Z
EVT-FRS-008420,6008420,2003560,022071,3001533,8000,2026-08-07T17:24:23Z,クレジットカード,increment-run-001,workshop-participant,donation_events_001.csv,2026-08-11T11:59:30Z
EVT-FRS-004360,6004360,2006844,122297,3001200,10000,2026-08-07T17:28:15Z,クレジットカード,increment-run-001,workshop-participant,donation_events_001.csv,2026-08-11T11:59:30Z
EVT-FRS-008099,6008099,2011392,112259,3002708,12000,2026-08-07T17:31:06Z,電子決済,increment-run-001,workshop-participant,donation_events_001.csv,2026-08-11T11:59:30Z
EVT-FRS-010568,6010568,2000740,462012,3005838,10000,2026-08-07T17:33:31Z,クレジットカード,increment-run-001,workshop-participant,donation_events_001.csv,2026-08-11T11:59:30Z
EVT-FRS-004410,6004410,2004978,252026,3002276,25000,2026-08-07T17:41:13Z,クレジットカード,increment-run-001,workshop-participant,donation_events_001.csv,2026-08-11T11:59:30Z
EVT-FRS-006259,6006259,2004890,282081,3005387,40000,2026-08-07T17:42:57Z,クレジットカード,increment-run-001,workshop-participant,donation_events_001.csv,2026-08-11T11:59:30Z
EVT-FRS-006593,6006593,2010452,262111,3004381,10000,2026-08-07T17:44:11Z,クレジットカード,increment-run-001,workshop-participant,donation_events_001.csv,2026-08-11T11:59:30Z
EVT-FRS-011268,6011268,2007337,112275,3002828,20000,2026-08-07T17:47:40Z,クレジットカード,increment-run-001,workshop-participant,donation_events_001.csv,2026-08-11T11:59:30Z
EVT-FRS-005253,6005253,2004742,402061,3004258,12000,2026-08-07T17:50:07Z,クレジットカード,increment-run-001,workshop-participant,donation_events_001.csv,2026-08-11T11:59:30Z
EVT-FRS-012239,6012239,2004556,222216,3001310,20000,2026-08-07T17:51:02Z,クレジットカード,increment-run-001,workshop-participant,donation_events_001.csv,2026-08-11T11:59:30Z
EVT-FRS-003148,6003148,2001819,282103,3002698,30000,2026-08-07T17:53:14Z,銀行振込,increment-run-001,workshop-participant,donation_events_001.csv,2026-08-11T11:59:30Z
EVT-FRS-013555,6013555,2011902,042056,3003176,15000,2026-08-07T18:04:38Z,電子決済,increment-run-001,workshop-participant,donation_events_001.csv,2026-08-11T11:59:30Z
EVT-FRS-012422,6012422,2004614,072125,3001674,10000,2026-08-07T18:09:08Z,クレジットカード,increment-run-001,workshop-participant,donation_events_001.csv,2026-08-11T11:59:30Z
EVT-FRS-012140,6012140,2006315,082325,3003980,8000,2026-08-07T18:15:13Z,クレジットカード,increment-run-001,workshop-participant,donation_events_001.csv,2026-08-11T11:59:30Z
EVT-FRS-005359,6005359,2002329,112151,3000313,15000,2026-08-07T18:22:17Z,銀行振込,increment-run-001,workshop-participant,donation_events_001.csv,2026-08-11T11:59:30Z
EVT-FRS-005651,6005651,2003447,452025,3005848,8000,2026-08-07T18:22:48Z,クレジットカード,increment-run-001,workshop-participant,donation_events_001.csv,2026-08-11T11:59:30Z
EVT-FRS-014139,6014139,2000528,432032,3002519,10000,2026-08-07T18:26:11Z,クレジットカード,increment-run-001,workshop-participant,donation_events_001.csv,2026-08-11T11:59:30Z
EVT-FRS-002606,6002606,2010527,131130,3004930,15000,2026-08-07T18:27:09Z,クレジットカード,increment-run-001,workshop-participant,donation_events_001.csv,2026-08-11T11:59:30Z
EVT-FRS-009045,6009045,2007042,452068,3004641,10000,2026-08-07T18:35:32Z,クレジットカード,increment-run-001,workshop-participant,donation_events_001.csv,2026-08-11T11:59:30Z
EVT-FRS-014296,6014296,2001467,392111,3004420,10000,2026-08-07T18:42:00Z,クレジットカード,increment-run-001,workshop-participant,donation_events_001.csv,2026-08-11T11:59:30Z
EVT-FRS-009888,6009888,2001324,012106,3003306,30000,2026-08-07T18:48:35Z,電子決済,increment-run-001,workshop-participant,donation_events_001.csv,2026-08-11T11:59:30Z
EVT-FRS-002931,6002931,2008471,312029,3003766,20000,2026-08-07T18:59:27Z,クレジットカード,increment-run-001,workshop-participant,donation_events_001.csv,2026-08-11T11:59:30Z
EVT-FRS-010173,6010173,2001251,302023,3004352,10000,2026-08-07T19:05:13Z,銀行振込,increment-run-001,workshop-participant,donation_events_001.csv,2026-08-11T11:59:30Z
EVT-FRS-006322,6006322,2001445,202118,3002004,30000,2026-08-07T19:07:38Z,クレジットカード,increment-run-001,workshop-participant,donation_events_001.csv,2026-08-11T11:59:30Z
EVT-FRS-000247,6000247,2006876,032107,3001964,5000,2026-08-07T19:07:42Z,クレジットカード,increment-run-001,workshop-participant,donation_events_001.csv,2026-08-11T11:59:30Z
EVT-FRS-003305,6003305,2005333,462161,3004181,10000,2026-08-07T19:08:23Z,クレジットカード,increment-run-001,workshop-participant,donation_events_001.csv,2026-08-11T11:59:30Z
EVT-FRS-001593,6001593,2000100,052124,3004385,50000,2026-08-07T19:10:00Z,クレジットカード,increment-run-001,workshop-participant,donation_events_001.csv,2026-08-11T11:59:30Z
EVT-FRS-013175,6013175,2005012,442089,3003756,8000,2026-08-07T19:14:11Z,クレジットカード,increment-run-001,workshop-participant,donation_events_001.csv,2026-08-11T11:59:30Z
EVT-FRS-013678,6013678,2008644,272167,3004939,15000,2026-08-07T19:25:31Z,電子決済,increment-run-001,workshop-participant,donation_events_001.csv,2026-08-11T11:59:30Z
EVT-FRS-001746,6001746,2000288,402303,3004657,60000,2026-08-07T19:27:57Z,クレジットカード,increment-run-001,workshop-participant,donation_events_001.csv,2026-08-11T11:59:30Z
EVT-FRS-011961,6011961,2003552,212130,3001404,20000,2026-08-07T19:29:22Z,クレジットカード,increment-run-001,workshop-participant,donation_events_001.csv,2026-08-11T11:59:30Z
EVT-FRS-014770,6014770,2008432,042030,3000506,12000,2026-08-07T19:30:57Z,クレジットカード,increment-run-001,workshop-participant,donation_events_001.csv,2026-08-11T11:59:30Z
EVT-FRS-007411,6007411,2000267,402214,3005753,20000,2026-08-07T19:41:26Z,電子決済,increment-run-001,workshop-participant,donation_events_001.csv,2026-08-11T11:59:30Z
EVT-FRS-000437,6000437,2002055,272230,3001859,25000,2026-08-07T19:45:10Z,クレジットカード,increment-run-001,workshop-participant,donation_events_001.csv,2026-08-11T11:59:30Z
EVT-FRS-004429,6004429,2010037,432148,3005075,20000,2026-08-07T19:47:07Z,クレジットカード,increment-run-001,workshop-participant,donation_events_001.csv,2026-08-11T11:59:30Z
EVT-FRS-009614,6009614,2002921,252069,3002319,12000,2026-08-07T19:48:20Z,クレジットカード,increment-run-001,workshop-participant,donation_events_001.csv,2026-08-11T11:59:30Z
EVT-FRS-011956,6011956,2003053,062103,3000834,10000,2026-08-07T19:52:27Z,クレジットカード,increment-run-001,workshop-participant,donation_events_001.csv,2026-08-11T11:59:30Z
EVT-FRS-001286,6001286,2002528,112232,3000007,10000,2026-08-07T19:56:23Z,クレジットカード,increment-run-001,workshop-participant,donation_events_001.csv,2026-08-11T11:59:30Z
EVT-FRS-008994,6008994,2011517,062065,3003993,100000,2026-08-07T20:04:02Z,クレジットカード,increment-run-001,workshop-participant,donation_events_001.csv,2026-08-11T11:59:30Z
EVT-FRS-011659,6011659,2000757,162108,3001288,8000,2026-08-07T20:04:35Z,コンビニ決済,increment-run-001,workshop-participant,donation_events_001.csv,2026-08-11T11:59:30Z
EVT-FRS-003419,6003419,2010762,272035,3003249,30000,2026-08-07T20:05:43Z,クレジットカード,increment-run-001,workshop-participant,donation_events_001.csv,2026-08-11T11:59:30Z
EVT-FRS-008345,6008345,2005744,141003,3003285,5000,2026-08-07T20:07:58Z,クレジットカード,increment-run-001,workshop-participant,donation_events_001.csv,2026-08-11T11:59:30Z
EVT-FRS-013566,6013566,2000573,062022,3001514,10000,2026-08-07T20:18:10Z,電子決済,increment-run-001,workshop-participant,donation_events_001.csv,2026-08-11T11:59:30Z
EVT-FRS-009187,6009187,2004534,352136,3000080,15000,2026-08-07T20:21:56Z,クレジットカード,increment-run-001,workshop-participant,donation_events_001.csv,2026-08-11T11:59:30Z
EVT-FRS-014265,6014265,2008644,232131,3001536,5000,2026-08-07T20:30:22Z,電子決済,increment-run-001,workshop-participant,donation_events_001.csv,2026-08-11T11:59:30Z
EVT-FRS-007181,6007181,2005843,272116,3003142,8000,2026-08-07T20:30:58Z,電子決済,increment-run-001,workshop-participant,donation_events_001.csv,2026-08-11T11:59:30Z
EVT-FRS-000576,6000576,2001945,262056,3005415,8000,2026-08-07T20:31:12Z,電子決済,increment-run-001,workshop-participant,donation_events_001.csv,2026-08-11T11:59:30Z
EVT-FRS-009597,6009597,2004369,252026,3001037,10000,2026-08-07T20:31:43Z,クレジットカード,increment-run-001,workshop-participant,donation_events_001.csv,2026-08-11T11:59:30Z
EVT-FRS-012009,6012009,2002385,422134,3000109,20000,2026-08-07T20:33:22Z,クレジットカード,increment-run-001,workshop-participant,donation_events_001.csv,2026-08-11T11:59:30Z
EVT-FRS-005062,6005062,2003960,252026,3000824,15000,2026-08-07T20:51:23Z,クレジットカード,increment-run-001,workshop-participant,donation_events_001.csv,2026-08-11T11:59:30Z
EVT-FRS-000077,6000077,2009253,131164,3003290,10000,2026-08-07T20:58:26Z,銀行振込,increment-run-001,workshop-participant,donation_events_001.csv,2026-08-11T11:59:30Z
EVT-FRS-014085,6014085,2000528,162043,3005901,15000,2026-08-07T20:59:30Z,電子決済,increment-run-001,workshop-participant,donation_events_001.csv,2026-08-11T11:59:30Z
EVT-FRS-009626,6009626,2007541,352128,3001358,8000,2026-08-07T20:59:47Z,銀行振込,increment-run-001,workshop-participant,donation_events_001.csv,2026-08-11T11:59:30Z
EVT-FRS-013656,6013656,2006394,032131,3004565,10000,2026-08-07T21:01:37Z,コンビニ決済,increment-run-001,workshop-participant,donation_events_001.csv,2026-08-11T11:59:30Z
EVT-FRS-004286,6004286,2000369,282201,3002890,20000,2026-08-07T21:02:33Z,クレジットカード,increment-run-001,workshop-participant,donation_events_001.csv,2026-08-11T11:59:30Z
EVT-FRS-003274,6003274,2007006,232254,3005030,10000,2026-08-07T21:04:01Z,電子決済,increment-run-001,workshop-participant,donation_events_001.csv,2026-08-11T11:59:30Z
EVT-FRS-014026,6014026,2000838,465305,3003094,10000,2026-08-07T21:04:20Z,クレジットカード,increment-run-001,workshop-participant,donation_events_001.csv,2026-08-11T11:59:30Z
EVT-FRS-012097,6012097,2001552,212041,3005278,15000,2026-08-07T21:05:01Z,電子決済,increment-run-001,workshop-participant,donation_events_001.csv,2026-08-11T11:59:30Z
EVT-FRS-007775,6007775,2003239,312029,3000497,12000,2026-08-07T21:07:31Z,クレジットカード,increment-run-001,workshop-participant,donation_events_001.csv,2026-08-11T11:59:30Z
EVT-FRS-008480,6008480,2008185,104442,3001351,15000,2026-08-07T21:08:47Z,電子決済,increment-run-001,workshop-participant,donation_events_001.csv,2026-08-11T11:59:30Z
EVT-FRS-006319,6006319,2009616,282049,3005940,40000,2026-08-07T21:12:03Z,クレジットカード,increment-run-001,workshop-participant,donation_events_001.csv,2026-08-11T11:59:30Z
EVT-FRS-008866,6008866,2009490,302074,3003849,15000,2026-08-07T21:15:54Z,クレジットカード,increment-run-001,workshop-participant,donation_events_001.csv,2026-08-11T11:59:30Z
EVT-FRS-013372,6013372,2001026,082261,3003315,10000,2026-08-07T21:17:37Z,電子決済,increment-run-001,workshop-participant,donation_events_001.csv,2026-08-11T11:59:30Z
EVT-FRS-001610,6001610,2005783,452050,3002298,10000,2026-08-07T21:28:50Z,電子決済,increment-run-001,workshop-participant,donation_events_001.csv,2026-08-11T11:59:30Z
EVT-FRS-000580,6000580,2003431,222208,3003711,50000,2026-08-07T21:29:30Z,クレジットカード,increment-run-001,workshop-participant,donation_events_001.csv,2026-08-11T11:59:30Z
EVT-FRS-001142,6001142,2005789,012238,3001524,25000,2026-08-07T21:31:19Z,銀行振込,increment-run-001,workshop-participant,donation_events_001.csv,2026-08-11T11:59:30Z
EVT-FRS-009850,6009850,2006199,214035,3002829,50000,2026-08-07T21:33:06Z,クレジットカード,increment-run-001,workshop-participant,donation_events_001.csv,2026-08-11T11:59:30Z
EVT-FRS-001659,6001659,2004423,112241,3002603,15000,2026-08-07T21:34:01Z,クレジットカード,increment-run-001,workshop-participant,donation_events_001.csv,2026-08-11T11:59:30Z
EVT-FRS-013142,6013142,2010123,082368,3003366,25000,2026-08-07T21:34:46Z,コンビニ決済,increment-run-001,workshop-participant,donation_events_001.csv,2026-08-11T11:59:30Z
EVT-FRS-004212,6004212,2009700,452025,3003952,5000,2026-08-07T21:35:43Z,コンビニ決済,increment-run-001,workshop-participant,donation_events_001.csv,2026-08-11T11:59:30Z
EVT-FRS-008950,6008950,2011064,114081,3004350,12000,2026-08-07T21:38:50Z,クレジットカード,increment-run-001,workshop-participant,donation_events_001.csv,2026-08-11T11:59:30Z
EVT-FRS-004544,6004544,2009047,452025,3004014,15000,2026-08-07T21:40:01Z,クレジットカード,increment-run-001,workshop-participant,donation_events_001.csv,2026-08-11T11:59:30Z
EVT-FRS-014717,6014717,2005624,442054,3000890,8000,2026-08-07T21:40:13Z,クレジットカード,increment-run-001,workshop-participant,donation_events_001.csv,2026-08-11T11:59:30Z
EVT-FRS-014659,6014659,2007882,192040,3000250,10000,2026-08-07T21:45:58Z,クレジットカード,increment-run-001,workshop-participant,donation_events_001.csv,2026-08-11T11:59:30Z
EVT-FRS-013842,6013842,2004701,132233,3000670,15000,2026-08-07T21:46:23Z,クレジットカード,increment-run-001,workshop-participant,donation_events_001.csv,2026-08-11T11:59:30Z
EVT-FRS-007112,6007112,2001318,242152,3005213,15000,2026-08-07T21:50:07Z,クレジットカード,increment-run-001,workshop-participant,donation_events_001.csv,2026-08-11T11:59:30Z
EVT-FRS-007242,6007242,2008119,422142,3005051,15000,2026-08-07T21:50:40Z,クレジットカード,increment-run-001,workshop-participant,donation_events_001.csv,2026-08-11T11:59:30Z
EVT-FRS-005396,6005396,2000166,022071,3001533,20000,2026-08-07T21:58:27Z,クレジットカード,increment-run-001,workshop-participant,donation_events_001.csv,2026-08-11T11:59:30Z
EVT-FRS-005018,6005018,2011545,012343,3005414,5000,2026-08-07T22:05:33Z,銀行振込,increment-run-001,workshop-participant,donation_events_001.csv,2026-08-11T11:59:30Z
EVT-FRS-013117,6013117,2001272,102121,3002123,12000,2026-08-07T22:05:47Z,クレジットカード,increment-run-001,workshop-participant,donation_events_001.csv,2026-08-11T11:59:30Z
EVT-FRS-011285,6011285,2001934,122246,3003263,100000,2026-08-07T22:06:42Z,電子決済,increment-run-001,workshop-participant,donation_events_001.csv,2026-08-11T11:59:30Z
EVT-FRS-011969,6011969,2005508,392014,3005333,30000,2026-08-07T22:12:58Z,クレジットカード,increment-run-001,workshop-participant,donation_events_001.csv,2026-08-11T11:59:30Z
EVT-FRS-011112,6011112,2011887,262081,3004518,10000,2026-08-07T22:13:12Z,電子決済,increment-run-001,workshop-participant,donation_events_001.csv,2026-08-11T11:59:30Z
EVT-FRS-002727,6002727,2004013,012246,3000588,50000,2026-08-07T22:15:05Z,電子決済,increment-run-001,workshop-participant,donation_events_001.csv,2026-08-11T11:59:30Z
EVT-FRS-001092,6001092,2008078,242071,3004363,10000,2026-08-07T22:15:48Z,コンビニ決済,increment-run-001,workshop-participant,donation_events_001.csv,2026-08-11T11:59:30Z
EVT-FRS-000221,6000221,2007243,272329,3005734,15000,2026-08-07T22:16:48Z,コンビニ決済,increment-run-001,workshop-participant,donation_events_001.csv,2026-08-11T11:59:30Z
EVT-FRS-013328,6013328,2009926,363421,3005455,15000,2026-08-07T22:17:33Z,銀行振込,increment-run-001,workshop-participant,donation_events_001.csv,2026-08-11T11:59:30Z
EVT-FRS-010776,6010776,2005548,042099,3000814,10000,2026-08-07T22:20:44Z,銀行振込,increment-run-001,workshop-participant,donation_events_001.csv,2026-08-11T11:59:30Z
EVT-FRS-000897,6000897,2008899,272175,3002303,30000,2026-08-07T22:25:22Z,クレジットカード,increment-run-001,workshop-participant,donation_events_001.csv,2026-08-11T11:59:30Z
EVT-FRS-007083,6007083,2006984,012181,3005505,12000,2026-08-07T22:25:36Z,クレジットカード,increment-run-001,workshop-participant,donation_events_001.csv,2026-08-11T11:59:30Z
EVT-FRS-000776,6000776,2003197,252026,3000824,20000,2026-08-07T22:26:23Z,銀行振込,increment-run-001,workshop-participant,donation_events_001.csv,2026-08-11T11:59:30Z
EVT-FRS-009785,6009785,2008190,452025,3003435,8000,2026-08-07T22:30:51Z,クレジットカード,increment-run-001,workshop-participant,donation_events_001.csv,2026-08-11T11:59:30Z
EVT-FRS-011390,6011390,2001549,452068,3000923,50000,2026-08-07T22:34:29Z,クレジットカード,increment-run-001,workshop-participant,donation_events_001.csv,2026-08-11T11:59:30Z
EVT-FRS-006780,6006780,2011317,272132,3003896,20000,2026-08-07T22:35:12Z,クレジットカード,increment-run-001,workshop-participant,donation_events_001.csv,2026-08-11T11:59:30Z
EVT-FRS-000785,6000785,2000772,042030,3000506,10000,2026-08-07T22:37:59Z,コンビニ決済,increment-run-001,workshop-participant,donation_events_001.csv,2026-08-11T11:59:30Z
EVT-FRS-009450,6009450,2004666,202061,3003175,20000,2026-08-07T22:41:21Z,電子決済,increment-run-001,workshop-participant,donation_events_001.csv,2026-08-11T11:59:30Z
EVT-FRS-014130,6014130,2000406,453838,3001902,8000,2026-08-07T22:42:46Z,電子決済,increment-run-001,workshop-participant,donation_events_001.csv,2026-08-11T11:59:30Z
EVT-FRS-000174,6000174,2011274,232114,3003464,15000,2026-08-07T22:45:22Z,コンビニ決済,increment-run-001,workshop-participant,donation_events_001.csv,2026-08-11T11:59:30Z
EVT-FRS-013472,6013472,2007959,232220,3002186,15000,2026-08-07T22:47:12Z,電子決済,increment-run-001,workshop-participant,donation_events_001.csv,2026-08-11T11:59:30Z
EVT-FRS-009254,6009254,2007542,141500,3001781,12000,2026-08-07T22:57:33Z,クレジットカード,increment-run-001,workshop-participant,donation_events_001.csv,2026-08-11T11:59:30Z
EVT-FRS-011105,6011105,2003084,192121,3004054,10000,2026-08-07T22:57:54Z,電子決済,increment-run-001,workshop-participant,donation_events_001.csv,2026-08-11T11:59:30Z
EVT-FRS-003680,6003680,2011852,112259,3002708,20000,2026-08-07T22:59:25Z,コンビニ決済,increment-run-001,workshop-participant,donation_events_001.csv,2026-08-11T11:59:30Z
EVT-FRS-004157,6004157,2000200,202029,3000551,10000,2026-08-07T23:01:15Z,クレジットカード,increment-run-001,workshop-participant,donation_events_001.csv,2026-08-11T11:59:30Z
EVT-FRS-002760,6002760,2003192,222160,3004719,10000,2026-08-07T23:03:59Z,銀行振込,increment-run-001,workshop-participant,donation_events_001.csv,2026-08-11T11:59:30Z
EVT-FRS-014334,6014334,2008279,074462,3000281,40000,2026-08-07T23:04:54Z,クレジットカード,increment-run-001,workshop-participant,donation_events_001.csv,2026-08-11T11:59:30Z
EVT-FRS-013471,6013471,2005595,302023,3001884,10000,2026-08-07T23:06:55Z,クレジットカード,increment-run-001,workshop-participant,donation_events_001.csv,2026-08-11T11:59:30Z
EVT-FRS-005650,6005650,2004528,214043,3005187,10000,2026-08-07T23:11:30Z,クレジットカード,increment-run-001,workshop-participant,donation_events_001.csv,2026-08-11T11:59:30Z
EVT-FRS-007791,6007791,2001190,112151,3005861,5000,2026-08-07T23:14:57Z,クレジットカード,increment-run-001,workshop-participant,donation_events_001.csv,2026-08-11T11:59:30Z
EVT-FRS-013455,6013455,2001872,402192,3001596,10000,2026-08-07T23:31:59Z,クレジットカード,increment-run-001,workshop-participant,donation_events_001.csv,2026-08-11T11:59:30Z
EVT-FRS-006287,6006287,2009131,332046,3000782,20000,2026-08-07T23:33:36Z,クレジットカード,increment-run-001,workshop-participant,donation_events_001.csv,2026-08-11T11:59:30Z
EVT-FRS-003969,6003969,2004648,132195,3001368,25000,2026-08-07T23:42:54Z,クレジットカード,increment-run-001,workshop-participant,donation_events_001.csv,2026-08-11T11:59:30Z
EVT-FRS-002731,6002731,2007747,282189,3003712,15000,2026-08-07T23:44:36Z,クレジットカード,increment-run-001,workshop-participant,donation_events_001.csv,2026-08-11T11:59:30Z
EVT-FRS-011019,6011019,2009904,222208,3004192,20000,2026-08-07T23:53:57Z,クレジットカード,increment-run-001,workshop-participant,donation_events_001.csv,2026-08-11T11:59:30Z
EVT-FRS-001285,6001285,2010932,402133,3000546,10000,2026-08-07T23:55:07Z,クレジットカード,increment-run-001,workshop-participant,donation_events_001.csv,2026-08-11T11:59:30Z
EVT-FRS-006193,6006193,2005956,412091,3001234,20000,2026-08-07T23:56:26Z,クレジットカード,increment-run-001,workshop-participant,donation_events_001.csv,2026-08-11T11:59:30Z
EVT-FRS-010703,6010703,2004230,044440,3001605,20000,2026-08-07T23:57:17Z,クレジットカード,increment-run-001,workshop-participant,donation_events_001.csv,2026-08-11T11:59:30Z
EVT-FRS-003488,6003488,2006878,192112,3002586,20000,2026-08-07T23:57:50Z,コンビニ決済,increment-run-001,workshop-participant,donation_events_001.csv,2026-08-11T11:59:30Z
EVT-FRS-009444,6009444,2003517,262072,3004051,10000,2026-08-08T00:01:25Z,電子決済,increment-run-001,workshop-participant,donation_events_001.csv,2026-08-11T11:59:30Z
EVT-FRS-006790,6006790,2006900,182010,3002405,8000,2026-08-08T00:04:25Z,クレジットカード,increment-run-001,workshop-participant,donation_events_001.csv,2026-08-11T11:59:30Z
EVT-FRS-008641,6008641,2007050,294471,3002803,10000,2026-08-08T00:06:18Z,コンビニ決済,increment-run-001,workshop-participant,donation_events_001.csv,2026-08-11T11:59:30Z
EVT-FRS-010690,6010690,2008304,431001,3002149,30000,2026-08-08T00:08:08Z,電子決済,increment-run-001,workshop-participant,donation_events_001.csv,2026-08-11T11:59:30Z
EVT-FRS-012254,6012254,2011899,372072,3001909,60000,2026-08-08T00:08:45Z,コンビニ決済,increment-run-001,workshop-participant,donation_events_001.csv,2026-08-11T11:59:30Z
EVT-FRS-002909,6002909,2004825,232301,3003854,12000,2026-08-08T00:08:51Z,電子決済,increment-run-001,workshop-participant,donation_events_001.csv,2026-08-11T11:59:30Z
EVT-FRS-000854,6000854,2007044,462225,3004840,10000,2026-08-08T00:12:42Z,クレジットカード,increment-run-001,workshop-participant,donation_events_001.csv,2026-08-11T11:59:30Z
EVT-FRS-009270,6009270,2011153,122297,3000525,30000,2026-08-08T00:16:25Z,クレジットカード,increment-run-001,workshop-participant,donation_events_001.csv,2026-08-11T11:59:30Z
EVT-FRS-009258,6009258,2002230,402206,3001123,10000,2026-08-08T00:23:53Z,クレジットカード,increment-run-001,workshop-participant,donation_events_001.csv,2026-08-11T11:59:30Z
EVT-FRS-010962,6010962,2010269,182079,3003228,12000,2026-08-08T00:24:12Z,クレジットカード,increment-run-001,workshop-participant,donation_events_001.csv,2026-08-11T11:59:30Z
EVT-FRS-013730,6013730,2004496,472140,3000761,8000,2026-08-08T00:25:52Z,電子決済,increment-run-001,workshop-participant,donation_events_001.csv,2026-08-11T11:59:30Z
EVT-FRS-012865,6012865,2001150,272078,3004823,15000,2026-08-08T00:26:27Z,クレジットカード,increment-run-001,workshop-participant,donation_events_001.csv,2026-08-11T11:59:30Z
EVT-FRS-002537,6002537,2009829,362026,3004362,20000,2026-08-08T00:28:27Z,クレジットカード,increment-run-001,workshop-participant,donation_events_001.csv,2026-08-11T11:59:30Z
EVT-FRS-011014,6011014,2001167,232327,3002462,10000,2026-08-08T00:38:49Z,電子決済,increment-run-001,workshop-participant,donation_events_001.csv,2026-08-11T11:59:30Z
EVT-FRS-013531,6013531,2006616,462101,3005890,12000,2026-08-08T00:39:54Z,コンビニ決済,increment-run-001,workshop-participant,donation_events_001.csv,2026-08-11T11:59:30Z
EVT-FRS-011849,6011849,2001339,262099,3002579,20000,2026-08-08T00:45:00Z,電子決済,increment-run-001,workshop-participant,donation_events_001.csv,2026-08-11T11:59:30Z
EVT-FRS-006458,6006458,2001598,402117,3002329,8000,2026-08-08T00:47:22Z,銀行振込,increment-run-001,workshop-participant,donation_events_001.csv,2026-08-11T11:59:30Z
EVT-FRS-004277,6004277,2004065,402206,3001123,30000,2026-08-08T00:53:18Z,コンビニ決済,increment-run-001,workshop-participant,donation_events_001.csv,2026-08-11T11:59:30Z
EVT-FRS-006544,6006544,2004189,262081,3004518,30000,2026-08-08T00:56:33Z,電子決済,increment-run-001,workshop-participant,donation_events_001.csv,2026-08-11T11:59:30Z
EVT-FRS-010339,6010339,2002624,304042,3002845,10000,2026-08-08T01:00:51Z,クレジットカード,increment-run-001,workshop-participant,donation_events_001.csv,2026-08-11T11:59:30Z
EVT-FRS-006670,6006670,2005406,412058,3002147,8000,2026-08-08T01:03:25Z,クレジットカード,increment-run-001,workshop-participant,donation_events_001.csv,2026-08-11T11:59:30Z
EVT-FRS-005961,6005961,2002407,423076,3001462,20000,2026-08-08T01:04:51Z,クレジットカード,increment-run-001,workshop-participant,donation_events_001.csv,2026-08-11T11:59:30Z
EVT-FRS-002402,6002402,2010308,232297,3002002,15000,2026-08-08T01:06:15Z,コンビニ決済,increment-run-001,workshop-participant,donation_events_001.csv,2026-08-11T11:59:30Z
EVT-FRS-009961,6009961,2002442,452025,3005996,20000,2026-08-08T01:07:05Z,クレジットカード,increment-run-001,workshop-participant,donation_events_001.csv,2026-08-11T11:59:30Z
EVT-FRS-012354,6012354,2008337,232378,3005544,5000,2026-08-08T01:12:10Z,コンビニ決済,increment-run-001,workshop-participant,donation_events_001.csv,2026-08-11T11:59:30Z
EVT-FRS-002612,6002612,2010048,352152,3002756,30000,2026-08-08T01:12:41Z,クレジットカード,increment-run-001,workshop-participant,donation_events_001.csv,2026-08-11T11:59:30Z
EVT-FRS-001445,6001445,2006135,202070,3000976,12000,2026-08-08T01:13:03Z,クレジットカード,increment-run-001,workshop-participant,donation_events_001.csv,2026-08-11T11:59:30Z
EVT-FRS-003713,6003713,2006812,192023,3004643,10000,2026-08-08T01:13:26Z,クレジットカード,increment-run-001,workshop-participant,donation_events_001.csv,2026-08-11T11:59:30Z
EVT-FRS-012593,6012593,2006542,452068,3001818,25000,2026-08-08T01:22:05Z,クレジットカード,increment-run-001,workshop-participant,donation_events_001.csv,2026-08-11T11:59:30Z
EVT-FRS-003560,6003560,2009889,142107,3004010,10000,2026-08-08T01:23:58Z,電子決済,increment-run-001,workshop-participant,donation_events_001.csv,2026-08-11T11:59:30Z
EVT-FRS-012881,6012881,2000369,242098,3002642,15000,2026-08-08T01:25:34Z,銀行振込,increment-run-001,workshop-participant,donation_events_001.csv,2026-08-11T11:59:30Z
EVT-FRS-005886,6005886,2011869,452025,3002265,25000,2026-08-08T01:26:23Z,クレジットカード,increment-run-001,workshop-participant,donation_events_001.csv,2026-08-11T11:59:30Z
EVT-FRS-002044,6002044,2003100,122190,3005157,15000,2026-08-08T01:32:28Z,クレジットカード,increment-run-001,workshop-participant,donation_events_001.csv,2026-08-11T11:59:30Z
EVT-FRS-009551,6009551,2001025,304069,3001076,60000,2026-08-08T01:33:19Z,クレジットカード,increment-run-001,workshop-participant,donation_events_001.csv,2026-08-11T11:59:30Z
EVT-FRS-002946,6002946,2001013,452025,3004334,10000,2026-08-08T01:41:44Z,クレジットカード,increment-run-001,workshop-participant,donation_events_001.csv,2026-08-11T11:59:30Z
EVT-FRS-009323,6009323,2002286,052035,3004305,40000,2026-08-08T01:44:44Z,クレジットカード,increment-run-001,workshop-participant,donation_events_001.csv,2026-08-11T11:59:30Z
EVT-FRS-004921,6004921,2004432,234460,3000098,12000,2026-08-08T01:46:07Z,クレジットカード,increment-run-001,workshop-participant,donation_events_001.csv,2026-08-11T11:59:30Z
EVT-FRS-001657,6001657,2005432,332101,3005984,12000,2026-08-08T01:57:50Z,クレジットカード,increment-run-001,workshop-participant,donation_events_001.csv,2026-08-11T11:59:30Z
EVT-FRS-001687,6001687,2006295,153851,3002577,15000,2026-08-08T01:59:27Z,電子決済,increment-run-001,workshop-participant,donation_events_001.csv,2026-08-11T11:59:30Z
EVT-FRS-012826,6012826,2009703,413275,3004094,10000,2026-08-08T02:00:23Z,銀行振込,increment-run-001,workshop-participant,donation_events_001.csv,2026-08-11T11:59:30Z
EVT-FRS-006547,6006547,2006431,382108,3003125,12000,2026-08-08T02:04:17Z,クレジットカード,increment-run-001,workshop-participant,donation_events_001.csv,2026-08-11T11:59:30Z
EVT-FRS-004737,6004737,2010153,453617,3004160,10000,2026-08-08T02:04:46Z,電子決済,increment-run-001,workshop-participant,donation_events_001.csv,2026-08-11T11:59:30Z
EVT-FRS-003973,6003973,2004763,252077,3001750,12000,2026-08-08T02:05:15Z,銀行振込,increment-run-001,workshop-participant,donation_events_001.csv,2026-08-11T11:59:30Z
EVT-FRS-007538,6007538,2007714,402184,3004348,20000,2026-08-08T02:05:36Z,クレジットカード,increment-run-001,workshop-participant,donation_events_001.csv,2026-08-11T11:59:30Z
EVT-FRS-001430,6001430,2005519,122271,3003570,12000,2026-08-08T02:06:20Z,電子決済,increment-run-001,workshop-participant,donation_events_001.csv,2026-08-11T11:59:30Z
EVT-FRS-014222,6014222,2007767,322041,3005300,10000,2026-08-08T02:06:45Z,電子決済,increment-run-001,workshop-participant,donation_events_001.csv,2026-08-11T11:59:30Z
EVT-FRS-002707,6002707,2006616,152188,3000505,12000,2026-08-08T02:09:37Z,電子決済,increment-run-001,workshop-participant,donation_events_001.csv,2026-08-11T11:59:30Z
EVT-FRS-011467,6011467,2009864,452025,3005996,12000,2026-08-08T02:10:03Z,クレジットカード,increment-run-001,workshop-participant,donation_events_001.csv,2026-08-11T11:59:30Z
EVT-FRS-009216,6009216,2010807,092134,3005842,10000,2026-08-08T02:11:44Z,クレジットカード,increment-run-001,workshop-participant,donation_events_001.csv,2026-08-11T11:59:30Z
EVT-FRS-010527,6010527,2011724,432105,3003532,10000,2026-08-08T02:15:07Z,銀行振込,increment-run-001,workshop-participant,donation_events_001.csv,2026-08-11T11:59:30Z
EVT-FRS-011139,6011139,2010781,402061,3002613,15000,2026-08-08T02:17:21Z,クレジットカード,increment-run-001,workshop-participant,donation_events_001.csv,2026-08-11T11:59:30Z
EVT-FRS-001809,6001809,2004093,132098,3002028,30000,2026-08-08T02:17:51Z,クレジットカード,increment-run-001,workshop-participant,donation_events_001.csv,2026-08-11T11:59:30Z
EVT-FRS-014402,6014402,2009423,122351,3000742,30000,2026-08-08T02:18:18Z,クレジットカード,increment-run-001,workshop-participant,donation_events_001.csv,2026-08-11T11:59:30Z
EVT-FRS-005149,6005149,2007918,202151,3002892,10000,2026-08-08T02:18:26Z,クレジットカード,increment-run-001,workshop-participant,donation_events_001.csv,2026-08-11T11:59:30Z
EVT-FRS-011976,6011976,2007702,394271,3002551,5000,2026-08-08T02:20:30Z,クレジットカード,increment-run-001,workshop-participant,donation_events_001.csv,2026-08-11T11:59:30Z
EVT-FRS-003102,6003102,2009228,152048,3001642,20000,2026-08-08T02:24:50Z,クレジットカード,increment-run-001,workshop-participant,donation_events_001.csv,2026-08-11T11:59:30Z
EVT-FRS-013855,6013855,2009709,462195,3005508,20000,2026-08-08T02:38:17Z,クレジットカード,increment-run-001,workshop-participant,donation_events_001.csv,2026-08-11T11:59:30Z
EVT-FRS-000494,6000494,2000659,232360,3005193,10000,2026-08-08T02:41:52Z,銀行振込,increment-run-001,workshop-participant,donation_events_001.csv,2026-08-11T11:59:30Z
EVT-FRS-002604,6002604,2006164,075434,3003937,5000,2026-08-08T02:43:50Z,クレジットカード,increment-run-001,workshop-participant,donation_events_001.csv,2026-08-11T11:59:30Z
EVT-FRS-006170,6006170,2005691,394122,3005102,30000,2026-08-08T02:44:41Z,クレジットカード,increment-run-001,workshop-participant,donation_events_001.csv,2026-08-11T11:59:30Z
EVT-FRS-004523,6004523,2002218,122131,3005857,20000,2026-08-08T02:49:51Z,銀行振込,increment-run-001,workshop-participant,donation_events_001.csv,2026-08-11T11:59:30Z
EVT-FRS-002852,6002852,2006916,202118,3005881,5000,2026-08-08T02:51:16Z,クレジットカード,increment-run-001,workshop-participant,donation_events_001.csv,2026-08-11T11:59:30Z
EVT-FRS-007100,6007100,2006263,014869,3001704,50000,2026-08-08T03:01:46Z,クレジットカード,increment-run-001,workshop-participant,donation_events_001.csv,2026-08-11T11:59:30Z
EVT-FRS-011351,6011351,2002185,052060,3001560,12000,2026-08-08T03:02:38Z,クレジットカード,increment-run-001,workshop-participant,donation_events_001.csv,2026-08-11T11:59:30Z
EVT-FRS-006822,6006822,2011943,452025,3005996,12000,2026-08-08T03:03:05Z,クレジットカード,increment-run-001,workshop-participant,donation_events_001.csv,2026-08-11T11:59:30Z
EVT-FRS-009414,6009414,2007551,402231,3005945,10000,2026-08-08T03:05:18Z,クレジットカード,increment-run-001,workshop-participant,donation_events_001.csv,2026-08-11T11:59:30Z
EVT-FRS-010058,6010058,2009162,122343,3002700,100000,2026-08-08T03:17:54Z,クレジットカード,increment-run-001,workshop-participant,donation_events_001.csv,2026-08-11T11:59:30Z
EVT-FRS-013158,6013158,2011731,015601,3002001,10000,2026-08-08T03:21:26Z,クレジットカード,increment-run-001,workshop-participant,donation_events_001.csv,2026-08-11T11:59:30Z
EVT-FRS-000298,6000298,2006166,103845,3002560,15000,2026-08-08T03:25:45Z,クレジットカード,increment-run-001,workshop-participant,donation_events_001.csv,2026-08-11T11:59:30Z
EVT-FRS-004474,6004474,2010202,192082,3001700,8000,2026-08-08T03:36:34Z,クレジットカード,increment-run-001,workshop-participant,donation_events_001.csv,2026-08-11T11:59:30Z
EVT-FRS-004650,6004650,2004172,472077,3001492,5000,2026-08-08T03:36:47Z,クレジットカード,increment-run-001,workshop-participant,donation_events_001.csv,2026-08-11T11:59:30Z
EVT-FRS-000771,6000771,2002746,232041,3004124,10000,2026-08-08T03:37:07Z,電子決済,increment-run-001,workshop-participant,donation_events_001.csv,2026-08-11T11:59:30Z
EVT-FRS-012425,6012425,2002363,142077,3003427,10000,2026-08-08T03:48:43Z,電子決済,increment-run-001,workshop-participant,donation_events_001.csv,2026-08-11T11:59:30Z
EVT-FRS-013850,6013850,2010054,122122,3004474,12000,2026-08-08T03:49:00Z,電子決済,increment-run-001,workshop-participant,donation_events_001.csv,2026-08-11T11:59:30Z
EVT-FRS-009410,6009410,2009688,143014,3004096,12000,2026-08-08T03:54:32Z,クレジットカード,increment-run-001,workshop-participant,donation_events_001.csv,2026-08-11T11:59:30Z
EVT-FRS-003166,6003166,2000547,442135,3001850,20000,2026-08-08T03:54:39Z,クレジットカード,increment-run-001,workshop-participant,donation_events_001.csv,2026-08-11T11:59:30Z
EVT-FRS-009263,6009263,2009005,141003,3005776,10000,2026-08-08T04:00:38Z,クレジットカード,increment-run-001,workshop-participant,donation_events_001.csv,2026-08-11T11:59:30Z
EVT-FRS-004895,6004895,2008490,082325,3000617,20000,2026-08-08T04:04:41Z,クレジットカード,increment-run-001,workshop-participant,donation_events_001.csv,2026-08-11T11:59:30Z
EVT-FRS-006896,6006896,2007836,012238,3001524,10000,2026-08-08T04:06:37Z,電子決済,increment-run-001,workshop-participant,donation_events_001.csv,2026-08-11T11:59:30Z
EVT-FRS-001389,6001389,2004183,432032,3004207,25000,2026-08-08T04:21:24Z,クレジットカード,increment-run-001,workshop-participant,donation_events_001.csv,2026-08-11T11:59:30Z
EVT-FRS-005478,6005478,2006669,082163,3005032,10000,2026-08-08T04:23:09Z,クレジットカード,increment-run-001,workshop-participant,donation_events_001.csv,2026-08-11T11:59:30Z
EVT-FRS-012338,6012338,2010236,262064,3000908,12000,2026-08-08T04:25:47Z,電子決済,increment-run-001,workshop-participant,donation_events_001.csv,2026-08-11T11:59:30Z
EVT-FRS-013534,6013534,2010806,342122,3004159,70000,2026-08-08T04:30:44Z,クレジットカード,increment-run-001,workshop-participant,donation_events_001.csv,2026-08-11T11:59:30Z
EVT-FRS-009051,6009051,2002764,392111,3004420,25000,2026-08-08T04:33:56Z,クレジットカード,increment-run-001,workshop-participant,donation_events_001.csv,2026-08-11T11:59:30Z
EVT-FRS-011822,6011822,2002791,322041,3005714,30000,2026-08-08T04:36:03Z,クレジットカード,increment-run-001,workshop-participant,donation_events_001.csv,2026-08-11T11:59:30Z
EVT-FRS-005145,6005145,2000084,282014,3004175,20000,2026-08-08T04:38:53Z,クレジットカード,increment-run-001,workshop-participant,donation_events_001.csv,2026-08-11T11:59:30Z
EVT-FRS-006417,6006417,2008769,152188,3003418,10000,2026-08-08T04:43:56Z,クレジットカード,increment-run-001,workshop-participant,donation_events_001.csv,2026-08-11T11:59:30Z
EVT-FRS-008647,6008647,2008044,372064,3005023,15000,2026-08-08T04:45:11Z,クレジットカード,increment-run-001,workshop-participant,donation_events_001.csv,2026-08-11T11:59:30Z
EVT-FRS-003951,6003951,2002382,082201,3001620,10000,2026-08-08T04:58:00Z,クレジットカード,increment-run-001,workshop-participant,donation_events_001.csv,2026-08-11T11:59:30Z
EVT-FRS-009605,6009605,2005027,262145,3005953,20000,2026-08-08T04:58:53Z,電子決済,increment-run-001,workshop-participant,donation_events_001.csv,2026-08-11T11:59:30Z
EVT-FRS-007399,6007399,2010203,272183,3001677,8000,2026-08-08T05:04:11Z,コンビニ決済,increment-run-001,workshop-participant,donation_events_001.csv,2026-08-11T11:59:30Z
EVT-FRS-000091,6000091,2007846,016471,3000542,15000,2026-08-08T05:07:31Z,クレジットカード,increment-run-001,workshop-participant,donation_events_001.csv,2026-08-11T11:59:30Z
EVT-FRS-007279,6007279,2000487,192066,3003235,15000,2026-08-08T05:10:03Z,銀行振込,increment-run-001,workshop-participant,donation_events_001.csv,2026-08-11T11:59:30Z
EVT-FRS-003395,6003395,2001022,152111,3005708,15000,2026-08-08T05:10:24Z,クレジットカード,increment-run-001,workshop-participant,donation_events_001.csv,2026-08-11T11:59:30Z
EVT-FRS-010450,6010450,2009625,102105,3003311,30000,2026-08-08T05:13:31Z,クレジットカード,increment-run-001,workshop-participant,donation_events_001.csv,2026-08-11T11:59:30Z
EVT-FRS-013567,6013567,2007810,452050,3003836,8000,2026-08-08T05:18:12Z,クレジットカード,increment-run-001,workshop-participant,donation_events_001.csv,2026-08-11T11:59:30Z
EVT-FRS-013546,6013546,2001376,261009,3005540,10000,2026-08-08T05:20:13Z,銀行振込,increment-run-001,workshop-participant,donation_events_001.csv,2026-08-11T11:59:30Z
EVT-FRS-013910,6013910,2001819,302015,3005993,10000,2026-08-08T05:25:49Z,電子決済,increment-run-001,workshop-participant,donation_events_001.csv,2026-08-11T11:59:30Z
EVT-FRS-008870,6008870,2000693,392014,3000965,8000,2026-08-08T05:35:47Z,コンビニ決済,increment-run-001,workshop-participant,donation_events_001.csv,2026-08-11T11:59:30Z
EVT-FRS-000812,6000812,2004886,202029,3003172,15000,2026-08-08T05:38:18Z,クレジットカード,increment-run-001,workshop-participant,donation_events_001.csv,2026-08-11T11:59:30Z
EVT-FRS-006017,6006017,2006574,222267,3005958,10000,2026-08-08T05:41:54Z,電子決済,increment-run-001,workshop-participant,donation_events_001.csv,2026-08-11T11:59:30Z
EVT-FRS-000780,6000780,2007813,122246,3004979,10000,2026-08-08T05:43:45Z,電子決済,increment-run-001,workshop-participant,donation_events_001.csv,2026-08-11T11:59:30Z
EVT-FRS-010463,6010463,2006143,302031,3000932,10000,2026-08-08T05:43:57Z,クレジットカード,increment-run-001,workshop-participant,donation_events_001.csv,2026-08-11T11:59:30Z
EVT-FRS-011613,6011613,2008863,252018,3004667,20000,2026-08-08T05:50:43Z,クレジットカード,increment-run-001,workshop-participant,donation_events_001.csv,2026-08-11T11:59:30Z
EVT-FRS-004593,6004593,2011782,012190,3002126,15000,2026-08-08T05:51:49Z,クレジットカード,increment-run-001,workshop-participant,donation_events_001.csv,2026-08-11T11:59:30Z
EVT-FRS-012824,6012824,2005855,262064,3002639,10000,2026-08-08T05:52:45Z,クレジットカード,increment-run-001,workshop-participant,donation_events_001.csv,2026-08-11T11:59:30Z
EVT-FRS-013416,6013416,2008112,082198,3001308,10000,2026-08-08T05:52:46Z,クレジットカード,increment-run-001,workshop-participant,donation_events_001.csv,2026-08-11T11:59:30Z
EVT-FRS-011244,6011244,2011577,082201,3001620,8000,2026-08-08T05:53:40Z,クレジットカード,increment-run-001,workshop-participant,donation_events_001.csv,2026-08-11T11:59:30Z
EVT-FRS-003738,6003738,2003706,132021,3003539,10000,2026-08-08T05:54:02Z,クレジットカード,increment-run-001,workshop-participant,donation_events_001.csv,2026-08-11T11:59:30Z
EVT-FRS-010821,6010821,2001442,042081,3004201,12000,2026-08-08T05:56:29Z,クレジットカード,increment-run-001,workshop-participant,donation_events_001.csv,2026-08-11T11:59:30Z
EVT-FRS-011647,6011647,2000234,364053,3002697,5000,2026-08-08T05:59:03Z,クレジットカード,increment-run-001,workshop-participant,donation_events_001.csv,2026-08-11T11:59:30Z
EVT-FRS-013776,6013776,2002952,162027,3000869,10000,2026-08-08T06:04:19Z,クレジットカード,increment-run-001,workshop-participant,donation_events_001.csv,2026-08-11T11:59:30Z
EVT-FRS-013625,6013625,2004693,412082,3005539,20000,2026-08-08T06:10:20Z,クレジットカード,increment-run-001,workshop-participant,donation_events_001.csv,2026-08-11T11:59:30Z
EVT-FRS-002962,6002962,2004058,322075,3001179,25000,2026-08-08T06:16:56Z,コンビニ決済,increment-run-001,workshop-participant,donation_events_001.csv,2026-08-11T11:59:30Z
EVT-FRS-014306,6014306,2002024,082112,3002922,25000,2026-08-08T06:16:57Z,クレジットカード,increment-run-001,workshop-participant,donation_events_001.csv,2026-08-11T11:59:30Z
EVT-FRS-010950,6010950,2009019,093424,3005020,20000,2026-08-08T06:17:25Z,電子決済,increment-run-001,workshop-participant,donation_events_001.csv,2026-08-11T11:59:30Z
EVT-FRS-009261,6009261,2003321,075213,3002948,10000,2026-08-08T06:18:22Z,クレジットカード,increment-run-001,workshop-participant,donation_events_001.csv,2026-08-11T11:59:30Z
EVT-FRS-002825,6002825,2001397,131032,3004083,20000,2026-08-08T06:21:13Z,クレジットカード,increment-run-001,workshop-participant,donation_events_001.csv,2026-08-11T11:59:30Z
EVT-FRS-009080,6009080,2004573,372072,3001909,10000,2026-08-08T06:27:58Z,クレジットカード,increment-run-001,workshop-participant,donation_events_001.csv,2026-08-11T11:59:30Z
EVT-FRS-010933,6010933,2010242,012343,3000779,100000,2026-08-08T06:32:08Z,クレジットカード,increment-run-001,workshop-participant,donation_events_001.csv,2026-08-11T11:59:30Z
EVT-FRS-013329,6013329,2000611,442089,3004154,5000,2026-08-08T06:36:04Z,電子決済,increment-run-001,workshop-participant,donation_events_001.csv,2026-08-11T11:59:30Z
EVT-FRS-014007,6014007,2009353,032026,3003169,12000,2026-08-08T06:42:10Z,電子決済,increment-run-001,workshop-participant,donation_events_001.csv,2026-08-11T11:59:30Z
EVT-FRS-010443,6010443,2004711,452041,3004484,8000,2026-08-08T06:43:04Z,クレジットカード,increment-run-001,workshop-participant,donation_events_001.csv,2026-08-11T11:59:30Z
EVT-FRS-008984,6008984,2005198,122131,3004844,20000,2026-08-08T06:45:30Z,クレジットカード,increment-run-001,workshop-participant,donation_events_001.csv,2026-08-11T11:59:30Z
EVT-FRS-011124,6011124,2004611,372072,3001553,15000,2026-08-08T06:57:13Z,クレジットカード,increment-run-001,workshop-participant,donation_events_001.csv,2026-08-11T11:59:30Z
EVT-FRS-014149,6014149,2009463,082163,3004612,50000,2026-08-08T07:02:59Z,クレジットカード,increment-run-001,workshop-participant,donation_events_001.csv,2026-08-11T11:59:30Z
EVT-FRS-001225,6001225,2008352,412023,3004952,20000,2026-08-08T07:03:46Z,電子決済,increment-run-001,workshop-participant,donation_events_001.csv,2026-08-11T11:59:30Z
EVT-FRS-010707,6010707,2000499,422011,3002175,10000,2026-08-08T07:04:29Z,コンビニ決済,increment-run-001,workshop-participant,donation_events_001.csv,2026-08-11T11:59:30Z
EVT-FRS-008096,6008096,2005839,132110,3000197,20000,2026-08-08T07:04:35Z,電子決済,increment-run-001,workshop-participant,donation_events_001.csv,2026-08-11T11:59:30Z
EVT-FRS-011546,6011546,2006586,202142,3000695,40000,2026-08-08T07:08:45Z,クレジットカード,increment-run-001,workshop-participant,donation_events_001.csv,2026-08-11T11:59:30Z
EVT-FRS-013051,6013051,2002736,462144,3004947,12000,2026-08-08T07:09:22Z,クレジットカード,increment-run-001,workshop-participant,donation_events_001.csv,2026-08-11T11:59:30Z
EVT-FRS-001618,6001618,2007502,272027,3003444,5000,2026-08-08T07:12:05Z,クレジットカード,increment-run-001,workshop-participant,donation_events_001.csv,2026-08-11T11:59:30Z
EVT-FRS-010572,6010572,2006503,464686,3002859,15000,2026-08-08T07:13:58Z,クレジットカード,increment-run-001,workshop-participant,donation_events_001.csv,2026-08-11T11:59:30Z
EVT-FRS-010385,6010385,2002720,112313,3000874,10000,2026-08-08T07:13:59Z,コンビニ決済,increment-run-001,workshop-participant,donation_events_001.csv,2026-08-11T11:59:30Z
EVT-FRS-014116,6014116,2004255,072087,3005466,20000,2026-08-08T07:16:26Z,クレジットカード,increment-run-001,workshop-participant,donation_events_001.csv,2026-08-11T11:59:30Z
EVT-FRS-000280,6000280,2004377,452041,3005727,5000,2026-08-08T07:17:05Z,クレジットカード,increment-run-001,workshop-participant,donation_events_001.csv,2026-08-11T11:59:30Z
EVT-FRS-005530,6005530,2008502,132217,3003190,10000,2026-08-08T07:17:19Z,クレジットカード,increment-run-001,workshop-participant,donation_events_001.csv,2026-08-11T11:59:30Z
EVT-FRS-012662,6012662,2006590,124222,3003439,40000,2026-08-08T07:19:11Z,電子決済,increment-run-001,workshop-participant,donation_events_001.csv,2026-08-11T11:59:30Z
EVT-FRS-013703,6013703,2006758,202029,3002076,20000,2026-08-08T07:19:26Z,クレジットカード,increment-run-001,workshop-participant,donation_events_001.csv,2026-08-11T11:59:30Z
EVT-FRS-001293,6001293,2000353,402265,3005130,12000,2026-08-08T07:19:39Z,電子決済,increment-run-001,workshop-participant,donation_events_001.csv,2026-08-11T11:59:30Z
EVT-FRS-009784,6009784,2009945,472131,3002289,10000,2026-08-08T07:21:23Z,クレジットカード,increment-run-001,workshop-participant,donation_events_001.csv,2026-08-11T11:59:30Z
EVT-FRS-013638,6013638,2009755,062120,3005937,20000,2026-08-08T07:26:03Z,クレジットカード,increment-run-001,workshop-participant,donation_events_001.csv,2026-08-11T11:59:30Z
EVT-FRS-014479,6014479,2008947,452050,3003161,20000,2026-08-08T07:26:22Z,電子決済,increment-run-001,workshop-participant,donation_events_001.csv,2026-08-11T11:59:30Z
EVT-FRS-001406,6001406,2005271,434426,3001497,12000,2026-08-08T07:32:06Z,クレジットカード,increment-run-001,workshop-participant,donation_events_001.csv,2026-08-11T11:59:30Z
EVT-FRS-001384,6001384,2005620,232149,3000148,5000,2026-08-08T07:39:34Z,銀行振込,increment-run-001,workshop-participant,donation_events_001.csv,2026-08-11T11:59:30Z
EVT-FRS-002226,6002226,2005967,112160,3001059,20000,2026-08-08T07:41:16Z,クレジットカード,increment-run-001,workshop-participant,donation_events_001.csv,2026-08-11T11:59:30Z
EVT-FRS-008470,6008470,2010855,272132,3005617,30000,2026-08-08T07:47:30Z,クレジットカード,increment-run-001,workshop-participant,donation_events_001.csv,2026-08-11T11:59:30Z
EVT-FRS-005880,6005880,2008578,124265,3005351,12000,2026-08-08T07:51:30Z,銀行振込,increment-run-001,workshop-participant,donation_events_001.csv,2026-08-11T11:59:30Z
EVT-FRS-010691,6010691,2007755,192074,3004762,15000,2026-08-08T07:56:14Z,コンビニ決済,increment-run-001,workshop-participant,donation_events_001.csv,2026-08-11T11:59:30Z
EVT-FRS-004469,6004469,2002355,232114,3003464,10000,2026-08-08T07:56:32Z,コンビニ決済,increment-run-001,workshop-participant,donation_events_001.csv,2026-08-11T11:59:30Z
EVT-FRS-006313,6006313,2003318,232378,3001880,5000,2026-08-08T07:58:14Z,クレジットカード,increment-run-001,workshop-participant,donation_events_001.csv,2026-08-11T11:59:30Z
EVT-FRS-011366,6011366,2007161,282171,3004345,15000,2026-08-08T07:58:57Z,クレジットカード,increment-run-001,workshop-participant,donation_events_001.csv,2026-08-11T11:59:30Z
EVT-FRS-003673,6003673,2005857,053465,3000953,10000,2026-08-08T08:04:10Z,電子決済,increment-run-001,workshop-participant,donation_events_001.csv,2026-08-11T11:59:30Z
EVT-FRS-005960,6005960,2005954,204129,3002575,10000,2026-08-08T08:07:05Z,クレジットカード,increment-run-001,workshop-participant,donation_events_001.csv,2026-08-11T11:59:30Z
EVT-FRS-003422,6003422,2002164,132276,3002538,5000,2026-08-08T08:08:00Z,クレジットカード,increment-run-001,workshop-participant,donation_events_001.csv,2026-08-11T11:59:30Z
EVT-FRS-010100,6010100,2005424,442127,3005731,15000,2026-08-08T08:10:20Z,クレジットカード,increment-run-001,workshop-participant,donation_events_001.csv,2026-08-11T11:59:30Z
EVT-FRS-003681,6003681,2011335,352136,3000080,20000,2026-08-08T08:12:12Z,クレジットカード,increment-run-001,workshop-participant,donation_events_001.csv,2026-08-11T11:59:30Z
EVT-FRS-004462,6004462,2000421,272205,3002743,20000,2026-08-08T08:13:38Z,クレジットカード,increment-run-001,workshop-participant,donation_events_001.csv,2026-08-11T11:59:30Z
EVT-FRS-012691,6012691,2005021,232084,3005513,12000,2026-08-08T08:13:58Z,クレジットカード,increment-run-001,workshop-participant,donation_events_001.csv,2026-08-11T11:59:30Z
EVT-FRS-002912,6002912,2007894,272141,3003260,20000,2026-08-08T08:14:28Z,銀行振込,increment-run-001,workshop-participant,donation_events_001.csv,2026-08-11T11:59:30Z
EVT-FRS-003521,6003521,2006733,362085,3000772,12000,2026-08-08T08:22:17Z,クレジットカード,increment-run-001,workshop-participant,donation_events_001.csv,2026-08-11T11:59:30Z
EVT-FRS-004511,6004511,2005427,462080,3004455,8000,2026-08-08T08:24:09Z,クレジットカード,increment-run-001,workshop-participant,donation_events_001.csv,2026-08-11T11:59:30Z
EVT-FRS-013321,6013321,2006912,222267,3000634,5000,2026-08-08T08:32:36Z,電子決済,increment-run-001,workshop-participant,donation_events_001.csv,2026-08-11T11:59:30Z
EVT-FRS-014812,6014812,2008256,142174,3001616,40000,2026-08-08T08:33:30Z,クレジットカード,increment-run-001,workshop-participant,donation_events_001.csv,2026-08-11T11:59:30Z
EVT-FRS-003113,6003113,2000695,235610,3005448,5000,2026-08-08T08:38:09Z,クレジットカード,increment-run-001,workshop-participant,donation_events_001.csv,2026-08-11T11:59:30Z
EVT-FRS-001691,6001691,2004190,392065,3001319,15000,2026-08-08T08:38:53Z,電子決済,increment-run-001,workshop-participant,donation_events_001.csv,2026-08-11T11:59:30Z
EVT-FRS-006500,6006500,2010030,082121,3005090,12000,2026-08-08T08:40:31Z,クレジットカード,increment-run-001,workshop-participant,donation_events_001.csv,2026-08-11T11:59:30Z
EVT-FRS-013489,6013489,2010680,231002,3003379,10000,2026-08-08T08:46:55Z,銀行振込,increment-run-001,workshop-participant,donation_events_001.csv,2026-08-11T11:59:30Z
EVT-FRS-004127,6004127,2002518,114651,3000652,10000,2026-08-08T08:50:21Z,銀行振込,increment-run-001,workshop-participant,donation_events_001.csv,2026-08-11T11:59:30Z
EVT-FRS-004616,6004616,2007094,252018,3003412,20000,2026-08-08T08:51:55Z,銀行振込,increment-run-001,workshop-participant,donation_events_001.csv,2026-08-11T11:59:30Z
EVT-FRS-001399,6001399,2010546,143626,3005355,15000,2026-08-08T08:53:48Z,電子決済,increment-run-001,workshop-participant,donation_events_001.csv,2026-08-11T11:59:30Z
EVT-FRS-005542,6005542,2007847,014621,3003687,50000,2026-08-08T08:58:30Z,クレジットカード,increment-run-001,workshop-participant,donation_events_001.csv,2026-08-11T11:59:30Z
EVT-FRS-010815,6010815,2007089,082287,3003512,12000,2026-08-08T08:58:36Z,クレジットカード,increment-run-001,workshop-participant,donation_events_001.csv,2026-08-11T11:59:30Z
EVT-FRS-004460,6004460,2000809,272027,3001722,10000,2026-08-08T09:00:52Z,クレジットカード,increment-run-001,workshop-participant,donation_events_001.csv,2026-08-11T11:59:30Z
EVT-FRS-012442,6012442,2002149,155047,3001504,20000,2026-08-08T09:03:35Z,クレジットカード,increment-run-001,workshop-participant,donation_events_001.csv,2026-08-11T11:59:30Z
EVT-FRS-005663,6005663,2007497,112062,3002255,10000,2026-08-08T09:04:12Z,クレジットカード,increment-run-001,workshop-participant,donation_events_001.csv,2026-08-11T11:59:30Z
EVT-FRS-006524,6006524,2001219,172090,3004033,20000,2026-08-08T09:07:08Z,クレジットカード,increment-run-001,workshop-participant,donation_events_001.csv,2026-08-11T11:59:30Z
EVT-FRS-008711,6008711,2007170,052035,3001400,10000,2026-08-08T09:07:19Z,コンビニ決済,increment-run-001,workshop-participant,donation_events_001.csv,2026-08-11T11:59:30Z
EVT-FRS-000515,6000515,2001841,162078,3001035,40000,2026-08-08T09:11:11Z,クレジットカード,increment-run-001,workshop-participant,donation_events_001.csv,2026-08-11T11:59:30Z
EVT-FRS-003042,6003042,2010235,042030,3001044,5000,2026-08-08T09:17:50Z,電子決済,increment-run-001,workshop-participant,donation_events_001.csv,2026-08-11T11:59:30Z
EVT-FRS-000389,6000389,2009162,032085,3002719,15000,2026-08-08T09:30:22Z,コンビニ決済,increment-run-001,workshop-participant,donation_events_001.csv,2026-08-11T11:59:30Z
EVT-FRS-007434,6007434,2009743,152048,3002840,10000,2026-08-08T09:33:34Z,クレジットカード,increment-run-001,workshop-participant,donation_events_001.csv,2026-08-11T11:59:30Z
EVT-FRS-000455,6000455,2008300,442119,3001304,10000,2026-08-08T09:35:36Z,クレジットカード,increment-run-001,workshop-participant,donation_events_001.csv,2026-08-11T11:59:30Z
EVT-FRS-014123,6014123,2006478,262072,3000926,20000,2026-08-08T09:38:08Z,コンビニ決済,increment-run-001,workshop-participant,donation_events_001.csv,2026-08-11T11:59:30Z
EVT-FRS-006391,6006391,2010653,132292,3000910,30000,2026-08-08T09:42:01Z,クレジットカード,increment-run-001,workshop-participant,donation_events_001.csv,2026-08-11T11:59:30Z
EVT-FRS-006425,6006425,2010076,012068,3002768,10000,2026-08-08T09:42:02Z,電子決済,increment-run-001,workshop-participant,donation_events_001.csv,2026-08-11T11:59:30Z
EVT-FRS-012320,6012320,2004704,142107,3004010,10000,2026-08-08T09:44:19Z,クレジットカード,increment-run-001,workshop-participant,donation_events_001.csv,2026-08-11T11:59:30Z
EVT-FRS-012950,6012950,2005020,272132,3003896,10000,2026-08-08T09:46:32Z,コンビニ決済,increment-run-001,workshop-participant,donation_events_001.csv,2026-08-11T11:59:30Z
EVT-FRS-008534,6008534,2000732,112089,3003059,25000,2026-08-08T09:48:19Z,銀行振込,increment-run-001,workshop-participant,donation_events_001.csv,2026-08-11T11:59:30Z
EVT-FRS-002880,6002880,2010110,102083,3002502,15000,2026-08-08T09:52:07Z,クレジットカード,increment-run-001,workshop-participant,donation_events_001.csv,2026-08-11T11:59:30Z
EVT-FRS-012943,6012943,2003594,062057,3002466,8000,2026-08-08T09:59:19Z,クレジットカード,increment-run-001,workshop-participant,donation_events_001.csv,2026-08-11T11:59:30Z
EVT-FRS-006054,6006054,2000579,042081,3000637,8000,2026-08-08T09:59:51Z,クレジットカード,increment-run-001,workshop-participant,donation_events_001.csv,2026-08-11T11:59:30Z
EVT-FRS-014020,6014020,2011875,472093,3005460,20000,2026-08-08T10:00:54Z,電子決済,increment-run-001,workshop-participant,donation_events_001.csv,2026-08-11T11:59:30Z
EVT-FRS-011238,6011238,2004830,082309,3005003,30000,2026-08-08T10:01:47Z,電子決済,increment-run-001,workshop-participant,donation_events_001.csv,2026-08-11T11:59:30Z
EVT-FRS-012346,6012346,2004543,213811,3003029,25000,2026-08-08T10:02:26Z,クレジットカード,increment-run-001,workshop-participant,donation_events_001.csv,2026-08-11T11:59:30Z
EVT-FRS-006362,6006362,2011186,212130,3003028,15000,2026-08-08T10:03:33Z,銀行振込,increment-run-001,workshop-participant,donation_events_001.csv,2026-08-11T11:59:30Z
EVT-FRS-011935,6011935,2008090,131083,3001597,25000,2026-08-08T10:06:05Z,クレジットカード,increment-run-001,workshop-participant,donation_events_001.csv,2026-08-11T11:59:30Z
EVT-FRS-006569,6006569,2001511,012238,3001524,5000,2026-08-08T10:07:43Z,クレジットカード,increment-run-001,workshop-participant,donation_events_001.csv,2026-08-11T11:59:30Z
EVT-FRS-011541,6011541,2001550,083411,3001274,10000,2026-08-08T10:15:21Z,クレジットカード,increment-run-001,workshop-participant,donation_events_001.csv,2026-08-11T11:59:30Z
EVT-FRS-010934,6010934,2009849,012343,3001609,20000,2026-08-08T10:18:22Z,クレジットカード,increment-run-001,workshop-participant,donation_events_001.csv,2026-08-11T11:59:30Z
EVT-FRS-008732,6008732,2007181,272281,3002920,20000,2026-08-08T10:19:07Z,電子決済,increment-run-001,workshop-participant,donation_events_001.csv,2026-08-11T11:59:30Z
EVT-FRS-011388,6011388,2010785,432148,3004906,30000,2026-08-08T10:20:02Z,クレジットカード,increment-run-001,workshop-participant,donation_events_001.csv,2026-08-11T11:59:30Z
EVT-FRS-003253,6003253,2001603,252069,3002319,50000,2026-08-08T10:24:20Z,銀行振込,increment-run-001,workshop-participant,donation_events_001.csv,2026-08-11T11:59:30Z
EVT-FRS-007271,6007271,2001528,431001,3002471,40000,2026-08-08T10:25:11Z,銀行振込,increment-run-001,workshop-participant,donation_events_001.csv,2026-08-11T11:59:30Z
EVT-FRS-006509,6006509,2007737,222038,3000055,50000,2026-08-08T10:25:27Z,クレジットカード,increment-run-001,workshop-participant,donation_events_001.csv,2026-08-11T11:59:30Z
EVT-FRS-007374,6007374,2006171,462136,3003544,10000,2026-08-08T10:26:27Z,クレジットカード,increment-run-001,workshop-participant,donation_events_001.csv,2026-08-11T11:59:30Z
EVT-FRS-012341,6012341,2009522,382141,3000936,30000,2026-08-08T10:29:01Z,銀行振込,increment-run-001,workshop-participant,donation_events_001.csv,2026-08-11T11:59:30Z
EVT-FRS-008302,6008302,2010203,432113,3004263,15000,2026-08-08T10:31:31Z,クレジットカード,increment-run-001,workshop-participant,donation_events_001.csv,2026-08-11T11:59:30Z
EVT-FRS-005299,6005299,2003972,414018,3001723,20000,2026-08-08T10:34:05Z,クレジットカード,increment-run-001,workshop-participant,donation_events_001.csv,2026-08-11T11:59:30Z
EVT-FRS-003115,6003115,2003090,152161,3003054,10000,2026-08-08T10:39:59Z,電子決済,increment-run-001,workshop-participant,donation_events_001.csv,2026-08-11T11:59:30Z
EVT-FRS-005747,6005747,2000108,462209,3003401,50000,2026-08-08T10:40:15Z,クレジットカード,increment-run-001,workshop-participant,donation_events_001.csv,2026-08-11T11:59:30Z
EVT-FRS-012676,6012676,2009936,082295,3003797,10000,2026-08-08T10:40:37Z,クレジットカード,increment-run-001,workshop-participant,donation_events_001.csv,2026-08-11T11:59:30Z
EVT-FRS-004632,6004632,2003265,392090,3004048,12000,2026-08-08T10:45:01Z,クレジットカード,increment-run-001,workshop-participant,donation_events_001.csv,2026-08-11T11:59:30Z
EVT-FRS-013463,6013463,2003266,202029,3000897,5000,2026-08-08T10:45:18Z,クレジットカード,increment-run-001,workshop-participant,donation_events_001.csv,2026-08-11T11:59:30Z
EVT-FRS-004637,6004637,2004123,432041,3001761,10000,2026-08-08T10:46:47Z,クレジットカード,increment-run-001,workshop-participant,donation_events_001.csv,2026-08-11T11:59:30Z
EVT-FRS-000642,6000642,2007005,131237,3003055,25000,2026-08-08T10:47:09Z,クレジットカード,increment-run-001,workshop-participant,donation_events_001.csv,2026-08-11T11:59:30Z
EVT-FRS-013812,6013812,2007989,392057,3005592,12000,2026-08-08T10:50:41Z,クレジットカード,increment-run-001,workshop-participant,donation_events_001.csv,2026-08-11T11:59:30Z
EVT-FRS-003839,6003839,2002164,382078,3001410,5000,2026-08-08T10:55:52Z,クレジットカード,increment-run-001,workshop-participant,donation_events_001.csv,2026-08-11T11:59:30Z
EVT-FRS-003934,6003934,2005950,111007,3002165,10000,2026-08-08T11:01:57Z,クレジットカード,increment-run-001,workshop-participant,donation_events_001.csv,2026-08-11T11:59:30Z
EVT-FRS-003027,6003027,2004667,122033,3005178,25000,2026-08-08T11:03:45Z,クレジットカード,increment-run-001,workshop-participant,donation_events_001.csv,2026-08-11T11:59:30Z
EVT-FRS-003547,6003547,2000895,413453,3004747,25000,2026-08-08T11:09:06Z,クレジットカード,increment-run-001,workshop-participant,donation_events_001.csv,2026-08-11T11:59:30Z
EVT-FRS-007048,6007048,2008493,282057,3001576,25000,2026-08-08T11:10:22Z,クレジットカード,increment-run-001,workshop-participant,donation_events_001.csv,2026-08-11T11:59:30Z
EVT-FRS-014411,6014411,2001675,072117,3002715,10000,2026-08-08T11:11:43Z,クレジットカード,increment-run-001,workshop-participant,donation_events_001.csv,2026-08-11T11:59:30Z
EVT-FRS-007237,6007237,2005071,152129,3001305,10000,2026-08-08T11:14:34Z,クレジットカード,increment-run-001,workshop-participant,donation_events_001.csv,2026-08-11T11:59:30Z
EVT-FRS-001880,6001880,2008436,152081,3000386,8000,2026-08-08T11:18:35Z,電子決済,increment-run-001,workshop-participant,donation_events_001.csv,2026-08-11T11:59:30Z
EVT-FRS-007741,6007741,2001505,042072,3004084,12000,2026-08-08T11:19:12Z,クレジットカード,increment-run-001,workshop-participant,donation_events_001.csv,2026-08-11T11:59:30Z
EVT-FRS-012768,6012768,2001573,292052,3005654,20000,2026-08-08T11:19:27Z,クレジットカード,increment-run-001,workshop-participant,donation_events_001.csv,2026-08-11T11:59:30Z
EVT-FRS-007284,6007284,2006976,042021,3005000,15000,2026-08-08T11:24:58Z,クレジットカード,increment-run-001,workshop-participant,donation_events_001.csv,2026-08-11T11:59:30Z
EVT-FRS-012847,6012847,2009480,462012,3005155,10000,2026-08-08T11:25:45Z,クレジットカード,increment-run-001,workshop-participant,donation_events_001.csv,2026-08-11T11:59:30Z
EVT-FRS-003469,6003469,2005385,242152,3001120,12000,2026-08-08T11:30:49Z,クレジットカード,increment-run-001,workshop-participant,donation_events_001.csv,2026-08-11T11:59:30Z
EVT-FRS-011965,6011965,2010825,362042,3000122,10000,2026-08-08T11:31:12Z,クレジットカード,increment-run-001,workshop-participant,donation_events_001.csv,2026-08-11T11:59:30Z
EVT-FRS-003768,6003768,2010685,162094,3001520,30000,2026-08-08T11:31:32Z,クレジットカード,increment-run-001,workshop-participant,donation_events_001.csv,2026-08-11T11:59:30Z
EVT-FRS-010526,6010526,2006151,212105,3000627,40000,2026-08-08T11:46:57Z,クレジットカード,increment-run-001,workshop-participant,donation_events_001.csv,2026-08-11T11:59:30Z
EVT-FRS-000504,6000504,2004858,465232,3001515,20000,2026-08-08T11:47:16Z,クレジットカード,increment-run-001,workshop-participant,donation_events_001.csv,2026-08-11T11:59:30Z
EVT-FRS-013599,6013599,2007567,203076,3003834,25000,2026-08-08T11:48:54Z,電子決済,increment-run-001,workshop-participant,donation_events_001.csv,2026-08-11T11:59:30Z
EVT-FRS-013933,6013933,2002150,472123,3000930,15000,2026-08-08T11:53:54Z,コンビニ決済,increment-run-001,workshop-participant,donation_events_001.csv,2026-08-11T11:59:30Z
EVT-FRS-001345,6001345,2005706,412040,3004449,20000,2026-08-08T11:55:43Z,コンビニ決済,increment-run-001,workshop-participant,donation_events_001.csv,2026-08-11T11:59:30Z
EVT-FRS-004580,6004580,2011830,202029,3000551,5000,2026-08-08T11:59:54Z,コンビニ決済,increment-run-001,workshop-participant,donation_events_001.csv,2026-08-11T11:59:30Z
EVT-FRS-013062,6013062,2002733,042072,3003277,25000,2026-08-08T12:02:00Z,クレジットカード,increment-run-001,workshop-participant,donation_events_001.csv,2026-08-11T11:59:30Z
EVT-FRS-011277,6011277,2010731,112321,3004709,30000,2026-08-08T12:03:36Z,電子決済,increment-run-001,workshop-participant,donation_events_001.csv,2026-08-11T11:59:30Z
EVT-FRS-013771,6013771,2007811,362026,3005849,10000,2026-08-08T12:08:48Z,クレジットカード,increment-run-001,workshop-participant,donation_events_001.csv,2026-08-11T11:59:30Z
EVT-FRS-004174,6004174,2008307,112194,3000862,15000,2026-08-08T12:09:00Z,クレジットカード,increment-run-001,workshop-participant,donation_events_001.csv,2026-08-11T11:59:30Z
EVT-FRS-014013,6014013,2008849,103667,3000949,5000,2026-08-08T12:11:15Z,電子決済,increment-run-001,workshop-participant,donation_events_001.csv,2026-08-11T11:59:30Z
EVT-FRS-007285,6007285,2007666,232351,3002257,20000,2026-08-08T12:21:19Z,クレジットカード,increment-run-001,workshop-participant,donation_events_001.csv,2026-08-11T11:59:30Z
EVT-FRS-004825,6004825,2000982,172073,3005905,20000,2026-08-08T12:23:00Z,クレジットカード,increment-run-001,workshop-participant,donation_events_001.csv,2026-08-11T11:59:30Z
EVT-FRS-009003,6009003,2004189,392049,3005923,12000,2026-08-08T12:26:12Z,クレジットカード,increment-run-001,workshop-participant,donation_events_001.csv,2026-08-11T11:59:30Z
EVT-FRS-001913,6001913,2006965,112402,3000437,5000,2026-08-08T12:27:09Z,クレジットカード,increment-run-001,workshop-participant,donation_events_001.csv,2026-08-11T11:59:30Z
EVT-FRS-004349,6004349,2004287,112020,3003271,10000,2026-08-08T12:38:16Z,電子決済,increment-run-001,workshop-participant,donation_events_001.csv,2026-08-11T11:59:30Z
EVT-FRS-008035,6008035,2005797,072052,3000698,15000,2026-08-08T12:41:02Z,クレジットカード,increment-run-001,workshop-participant,donation_events_001.csv,2026-08-11T11:59:30Z
EVT-FRS-000754,6000754,2000596,372048,3004580,25000,2026-08-08T12:53:14Z,電子決済,increment-run-001,workshop-participant,donation_events_001.csv,2026-08-11T11:59:30Z
EVT-FRS-007870,6007870,2003376,132195,3004404,50000,2026-08-08T12:55:30Z,クレジットカード,increment-run-001,workshop-participant,donation_events_001.csv,2026-08-11T11:59:30Z
EVT-FRS-002012,6002012,2001763,075612,3004489,10000,2026-08-08T12:58:53Z,銀行振込,increment-run-001,workshop-participant,donation_events_001.csv,2026-08-11T11:59:30Z
EVT-FRS-008006,6008006,2001018,232149,3001980,12000,2026-08-08T12:59:05Z,クレジットカード,increment-run-001,workshop-participant,donation_events_001.csv,2026-08-11T11:59:30Z
EVT-FRS-002054,6002054,2010127,382019,3000282,8000,2026-08-08T13:08:50Z,クレジットカード,increment-run-001,workshop-participant,donation_events_001.csv,2026-08-11T11:59:30Z
EVT-FRS-006347,6006347,2002770,111007,3002165,15000,2026-08-08T13:15:46Z,クレジットカード,increment-run-001,workshop-participant,donation_events_001.csv,2026-08-11T11:59:30Z
EVT-FRS-008964,6008964,2004330,382108,3002689,15000,2026-08-08T13:15:48Z,クレジットカード,increment-run-001,workshop-participant,donation_events_001.csv,2026-08-11T11:59:30Z
EVT-FRS-012008,6012008,2011188,012301,3005595,25000,2026-08-08T13:16:54Z,電子決済,increment-run-001,workshop-participant,donation_events_001.csv,2026-08-11T11:59:30Z
EVT-FRS-008778,6008778,2002513,132101,3002327,10000,2026-08-08T13:18:32Z,クレジットカード,increment-run-001,workshop-participant,donation_events_001.csv,2026-08-11T11:59:30Z
EVT-FRS-008395,6008395,2010392,222097,3000065,20000,2026-08-08T13:19:53Z,クレジットカード,increment-run-001,workshop-participant,donation_events_001.csv,2026-08-11T11:59:30Z
EVT-FRS-007978,6007978,2010203,462161,3001078,10000,2026-08-08T13:22:08Z,クレジットカード,increment-run-001,workshop-participant,donation_events_001.csv,2026-08-11T11:59:30Z
EVT-FRS-002580,6002580,2005156,015172,3001959,20000,2026-08-08T13:27:28Z,クレジットカード,increment-run-001,workshop-participant,donation_events_001.csv,2026-08-11T11:59:30Z
EVT-FRS-006254,6006254,2011706,073032,3002108,8000,2026-08-08T13:36:18Z,クレジットカード,increment-run-001,workshop-participant,donation_events_001.csv,2026-08-11T11:59:30Z
EVT-FRS-013586,6013586,2008786,221309,3000145,30000,2026-08-08T13:37:21Z,クレジットカード,increment-run-001,workshop-participant,donation_events_001.csv,2026-08-11T11:59:30Z
EVT-FRS-010350,6010350,2000628,432067,3003114,10000,2026-08-08T13:37:40Z,銀行振込,increment-run-001,workshop-participant,donation_events_001.csv,2026-08-11T11:59:30Z
EVT-FRS-009808,6009808,2009425,132063,3002333,8000,2026-08-08T13:39:21Z,クレジットカード,increment-run-001,workshop-participant,donation_events_001.csv,2026-08-11T11:59:30Z
EVT-FRS-001562,6001562,2011934,342157,3005308,50000,2026-08-08T13:41:10Z,電子決済,increment-run-001,workshop-participant,donation_events_001.csv,2026-08-11T11:59:30Z
EVT-FRS-011221,6011221,2002499,152188,3000848,5000,2026-08-08T13:45:00Z,コンビニ決済,increment-run-001,workshop-participant,donation_events_001.csv,2026-08-11T11:59:30Z
EVT-FRS-012406,6012406,2005308,043249,3001360,20000,2026-08-08T13:48:36Z,銀行振込,increment-run-001,workshop-participant,donation_events_001.csv,2026-08-11T11:59:30Z
EVT-FRS-006447,6006447,2006155,062014,3004988,12000,2026-08-08T13:52:00Z,電子決済,increment-run-001,workshop-participant,donation_events_001.csv,2026-08-11T11:59:30Z
EVT-FRS-010192,6010192,2006218,352039,3001286,10000,2026-08-08T13:53:43Z,電子決済,increment-run-001,workshop-participant,donation_events_001.csv,2026-08-11T11:59:30Z
EVT-FRS-003966,6003966,2010804,372072,3001909,15000,2026-08-08T13:53:55Z,電子決済,increment-run-001,workshop-participant,donation_events_001.csv,2026-08-11T11:59:30Z
EVT-FRS-005257,6005257,2005051,182044,3004869,15000,2026-08-08T13:56:41Z,クレジットカード,increment-run-001,workshop-participant,donation_events_001.csv,2026-08-11T11:59:30Z
EVT-FRS-014778,6014778,2007627,162108,3001110,12000,2026-08-08T13:57:56Z,クレジットカード,increment-run-001,workshop-participant,donation_events_001.csv,2026-08-11T11:59:30Z
EVT-FRS-009691,6009691,2000440,452025,3003435,15000,2026-08-08T14:03:28Z,電子決済,increment-run-001,workshop-participant,donation_events_001.csv,2026-08-11T11:59:30Z
EVT-FRS-005629,6005629,2007805,462047,3004341,15000,2026-08-08T14:04:40Z,クレジットカード,increment-run-001,workshop-participant,donation_events_001.csv,2026-08-11T11:59:30Z
EVT-FRS-002883,6002883,2003092,402184,3001031,12000,2026-08-08T14:08:21Z,クレジットカード,increment-run-001,workshop-participant,donation_events_001.csv,2026-08-11T11:59:30Z
EVT-FRS-006858,6006858,2006552,242047,3005342,10000,2026-08-08T14:10:59Z,クレジットカード,increment-run-001,workshop-participant,donation_events_001.csv,2026-08-11T11:59:30Z
EVT-FRS-003927,6003927,2004342,092118,3005676,15000,2026-08-08T14:15:39Z,クレジットカード,increment-run-001,workshop-participant,donation_events_001.csv,2026-08-11T11:59:30Z
EVT-FRS-011786,6011786,2004922,082023,3004220,10000,2026-08-08T14:16:19Z,クレジットカード,increment-run-001,workshop-participant,donation_events_001.csv,2026-08-11T11:59:30Z
EVT-FRS-005034,6005034,2004176,272132,3003322,20000,2026-08-08T14:16:36Z,電子決済,increment-run-001,workshop-participant,donation_events_001.csv,2026-08-11T11:59:30Z
EVT-FRS-008600,6008600,2003417,014842,3004927,15000,2026-08-08T14:18:25Z,クレジットカード,increment-run-001,workshop-participant,donation_events_001.csv,2026-08-11T11:59:30Z
EVT-FRS-003666,6003666,2011450,112313,3003968,12000,2026-08-08T14:28:31Z,クレジットカード,increment-run-001,workshop-participant,donation_events_001.csv,2026-08-11T11:59:30Z
EVT-FRS-007167,6007167,2009726,142069,3004199,5000,2026-08-08T14:31:43Z,クレジットカード,increment-run-001,workshop-participant,donation_events_001.csv,2026-08-11T11:59:30Z
EVT-FRS-009453,6009453,2011544,422029,3004961,5000,2026-08-08T14:33:50Z,クレジットカード,increment-run-001,workshop-participant,donation_events_001.csv,2026-08-11T11:59:30Z
EVT-FRS-008358,6008358,2010305,032107,3001964,10000,2026-08-08T14:35:53Z,クレジットカード,increment-run-001,workshop-participant,donation_events_001.csv,2026-08-11T11:59:30Z
EVT-FRS-014713,6014713,2010857,112402,3003633,8000,2026-08-08T14:39:09Z,電子決済,increment-run-001,workshop-participant,donation_events_001.csv,2026-08-11T11:59:30Z
EVT-FRS-006753,6006753,2003219,152161,3004998,12000,2026-08-08T14:39:26Z,電子決済,increment-run-001,workshop-participant,donation_events_001.csv,2026-08-11T11:59:30Z
EVT-FRS-000568,6000568,2003366,242128,3000904,30000,2026-08-08T14:41:03Z,クレジットカード,increment-run-001,workshop-participant,donation_events_001.csv,2026-08-11T11:59:30Z
EVT-FRS-002270,6002270,2011372,012262,3001586,8000,2026-08-08T14:46:43Z,クレジットカード,increment-run-001,workshop-participant,donation_events_001.csv,2026-08-11T11:59:30Z
EVT-FRS-014524,6014524,2011183,294497,3005028,20000,2026-08-08T14:47:46Z,クレジットカード,increment-run-001,workshop-participant,donation_events_001.csv,2026-08-11T11:59:30Z
EVT-FRS-000838,6000838,2005386,232050,3002217,15000,2026-08-08T14:48:42Z,クレジットカード,increment-run-001,workshop-participant,donation_events_001.csv,2026-08-11T11:59:30Z
EVT-FRS-006244,6006244,2005597,052108,3001299,5000,2026-08-08T14:49:59Z,クレジットカード,increment-run-001,workshop-participant,donation_events_001.csv,2026-08-11T11:59:30Z
EVT-FRS-006296,6006296,2006089,032026,3001942,8000,2026-08-08T14:53:53Z,電子決済,increment-run-001,workshop-participant,donation_events_001.csv,2026-08-11T11:59:30Z
EVT-FRS-011920,6011920,2004181,222194,3005835,5000,2026-08-08T14:55:06Z,クレジットカード,increment-run-001,workshop-participant,donation_events_001.csv,2026-08-11T11:59:30Z
EVT-FRS-007959,6007959,2006941,332151,3003971,10000,2026-08-08T15:04:22Z,銀行振込,increment-run-001,workshop-participant,donation_events_001.csv,2026-08-11T11:59:30Z
EVT-FRS-002835,6002835,2011814,132195,3001368,60000,2026-08-08T15:12:04Z,クレジットカード,increment-run-001,workshop-participant,donation_events_001.csv,2026-08-11T11:59:30Z
EVT-FRS-001839,6001839,2011593,452041,3002113,70000,2026-08-08T15:12:10Z,銀行振込,increment-run-001,workshop-participant,donation_events_001.csv,2026-08-11T11:59:30Z
EVT-FRS-006285,6006285,2009755,035076,3000276,25000,2026-08-08T15:13:15Z,クレジットカード,increment-run-001,workshop-participant,donation_events_001.csv,2026-08-11T11:59:30Z
EVT-FRS-002830,6002830,2006091,082040,3005479,15000,2026-08-08T15:18:36Z,電子決済,increment-run-001,workshop-participant,donation_events_001.csv,2026-08-11T11:59:30Z
EVT-FRS-011573,6011573,2005242,212199,3002524,10000,2026-08-08T15:19:49Z,クレジットカード,increment-run-001,workshop-participant,donation_events_001.csv,2026-08-11T11:59:30Z
EVT-FRS-012622,6012622,2010395,103675,3001163,10000,2026-08-08T15:20:01Z,電子決済,increment-run-001,workshop-participant,donation_events_001.csv,2026-08-11T11:59:30Z
EVT-FRS-014576,6014576,2001315,142051,3000739,15000,2026-08-08T15:25:39Z,クレジットカード,increment-run-001,workshop-participant,donation_events_001.csv,2026-08-11T11:59:30Z
EVT-FRS-007438,6007438,2002692,302023,3004649,10000,2026-08-08T15:29:35Z,クレジットカード,increment-run-001,workshop-participant,donation_events_001.csv,2026-08-11T11:59:30Z
EVT-FRS-005146,6005146,2006168,123498,3002254,30000,2026-08-08T15:33:01Z,銀行振込,increment-run-001,workshop-participant,donation_events_001.csv,2026-08-11T11:59:30Z
EVT-FRS-002228,6002228,2010268,431001,3002117,15000,2026-08-08T15:36:37Z,クレジットカード,increment-run-001,workshop-participant,donation_events_001.csv,2026-08-11T11:59:30Z
EVT-FRS-003273,6003273,2000868,122351,3005915,12000,2026-08-08T15:38:57Z,クレジットカード,increment-run-001,workshop-participant,donation_events_001.csv,2026-08-11T11:59:30Z
EVT-FRS-011771,6011771,2005798,452025,3002730,50000,2026-08-08T15:39:05Z,クレジットカード,increment-run-001,workshop-participant,donation_events_001.csv,2026-08-11T11:59:30Z
EVT-FRS-003294,6003294,2002590,332020,3001960,15000,2026-08-08T15:39:54Z,クレジットカード,increment-run-001,workshop-participant,donation_events_001.csv,2026-08-11T11:59:30Z
EVT-FRS-008247,6008247,2006306,042030,3000252,25000,2026-08-08T15:40:22Z,コンビニ決済,increment-run-001,workshop-participant,donation_events_001.csv,2026-08-11T11:59:30Z
EVT-FRS-004722,6004722,2011104,282022,3003022,12000,2026-08-08T15:40:47Z,銀行振込,increment-run-001,workshop-participant,donation_events_001.csv,2026-08-11T11:59:30Z
EVT-FRS-011789,6011789,2000214,112089,3004541,5000,2026-08-08T15:41:10Z,クレジットカード,increment-run-001,workshop-participant,donation_events_001.csv,2026-08-11T11:59:30Z
EVT-FRS-013691,6013691,2003679,012211,3005559,15000,2026-08-08T15:42:50Z,クレジットカード,increment-run-001,workshop-participant,donation_events_001.csv,2026-08-11T11:59:30Z
EVT-FRS-005980,6005980,2000168,122360,3004726,5000,2026-08-08T15:47:43Z,電子決済,increment-run-001,workshop-participant,donation_events_001.csv,2026-08-11T11:59:30Z
EVT-FRS-014720,6014720,2007666,462101,3002426,20000,2026-08-08T15:49:40Z,コンビニ決済,increment-run-001,workshop-participant,donation_events_001.csv,2026-08-11T11:59:30Z
EVT-FRS-001059,6001059,2000005,182087,3003170,5000,2026-08-08T15:50:29Z,電子決済,increment-run-001,workshop-participant,donation_events_001.csv,2026-08-11T11:59:30Z
EVT-FRS-008786,6008786,2010345,132071,3002436,15000,2026-08-08T15:58:33Z,銀行振込,increment-run-001,workshop-participant,donation_events_001.csv,2026-08-11T11:59:30Z
EVT-FRS-005642,6005642,2002650,194425,3003829,10000,2026-08-08T15:58:55Z,クレジットカード,increment-run-001,workshop-participant,donation_events_001.csv,2026-08-11T11:59:30Z
EVT-FRS-000793,6000793,2009977,464821,3004543,20000,2026-08-08T16:05:42Z,銀行振込,increment-run-001,workshop-participant,donation_events_001.csv,2026-08-11T11:59:30Z
EVT-FRS-002824,6002824,2003159,131202,3003475,10000,2026-08-08T16:08:34Z,クレジットカード,increment-run-001,workshop-participant,donation_events_001.csv,2026-08-11T11:59:30Z
EVT-FRS-014671,6014671,2004055,112089,3004833,10000,2026-08-08T16:12:20Z,クレジットカード,increment-run-001,workshop-participant,donation_events_001.csv,2026-08-11T11:59:30Z
EVT-FRS-005422,6005422,2005869,273830,3000576,10000,2026-08-08T16:18:54Z,クレジットカード,increment-run-001,workshop-participant,donation_events_001.csv,2026-08-11T11:59:30Z
EVT-FRS-013818,6013818,2003703,382043,3002011,10000,2026-08-08T16:25:03Z,クレジットカード,increment-run-001,workshop-participant,donation_events_001.csv,2026-08-11T11:59:30Z
EVT-FRS-006948,6006948,2007411,422045,3004760,15000,2026-08-08T16:31:13Z,クレジットカード,increment-run-001,workshop-participant,donation_events_001.csv,2026-08-11T11:59:30Z
EVT-FRS-013681,6013681,2010447,142174,3002413,10000,2026-08-08T16:33:28Z,電子決済,increment-run-001,workshop-participant,donation_events_001.csv,2026-08-11T11:59:30Z
EVT-FRS-012787,6012787,2006395,082279,3002724,10000,2026-08-08T16:35:34Z,電子決済,increment-run-001,workshop-participant,donation_events_001.csv,2026-08-11T11:59:30Z
EVT-FRS-013130,6013130,2000526,102041,3001862,15000,2026-08-08T16:36:32Z,クレジットカード,increment-run-001,workshop-participant,donation_events_001.csv,2026-08-11T11:59:30Z
EVT-FRS-001464,6001464,2000954,342076,3002569,20000,2026-08-08T16:37:10Z,クレジットカード,increment-run-001,workshop-participant,donation_events_001.csv,2026-08-11T11:59:30Z
EVT-FRS-005953,6005953,2010971,024422,3002718,60000,2026-08-08T16:41:29Z,クレジットカード,increment-run-001,workshop-participant,donation_events_001.csv,2026-08-11T11:59:30Z
EVT-FRS-005304,6005304,2004396,322016,3005697,10000,2026-08-08T16:47:37Z,銀行振込,increment-run-001,workshop-participant,donation_events_001.csv,2026-08-11T11:59:30Z
EVT-FRS-000418,6000418,2009640,302066,3003482,8000,2026-08-08T16:48:09Z,クレジットカード,increment-run-001,workshop-participant,donation_events_001.csv,2026-08-11T11:59:30Z
EVT-FRS-006153,6006153,2004867,412023,3004952,10000,2026-08-08T16:48:46Z,クレジットカード,increment-run-001,workshop-participant,donation_events_001.csv,2026-08-11T11:59:30Z
EVT-FRS-011211,6011211,2004346,432105,3002330,12000,2026-08-08T16:49:55Z,銀行振込,increment-run-001,workshop-participant,donation_events_001.csv,2026-08-11T11:59:30Z
EVT-FRS-003894,6003894,2000127,132101,3002327,30000,2026-08-08T16:51:03Z,クレジットカード,increment-run-001,workshop-participant,donation_events_001.csv,2026-08-11T11:59:30Z
EVT-FRS-003886,6003886,2000195,132012,3000427,12000,2026-08-08T16:52:06Z,クレジットカード,increment-run-001,workshop-participant,donation_events_001.csv,2026-08-11T11:59:30Z
EVT-FRS-006016,6006016,2000972,052027,3002016,8000,2026-08-08T16:57:11Z,電子決済,increment-run-001,workshop-participant,donation_events_001.csv,2026-08-11T11:59:30Z
EVT-FRS-013387,6013387,2005256,412023,3004952,50000,2026-08-08T16:58:56Z,クレジットカード,increment-run-001,workshop-participant,donation_events_001.csv,2026-08-11T11:59:30Z
EVT-FRS-005206,6005206,2001056,292010,3002355,12000,2026-08-08T17:06:56Z,クレジットカード,increment-run-001,workshop-participant,donation_events_001.csv,2026-08-11T11:59:30Z
EVT-FRS-013582,6013582,2007829,232050,3001452,5000,2026-08-08T17:10:06Z,クレジットカード,increment-run-001,workshop-participant,donation_events_001.csv,2026-08-11T11:59:30Z
EVT-FRS-004085,6004085,2010077,272299,3004573,20000,2026-08-08T17:10:52Z,銀行振込,increment-run-001,workshop-participant,donation_events_001.csv,2026-08-11T11:59:30Z
EVT-FRS-013231,6013231,2004014,062057,3002588,40000,2026-08-08T17:12:12Z,クレジットカード,increment-run-001,workshop-participant,donation_events_001.csv,2026-08-11T11:59:30Z
EVT-FRS-009370,6009370,2006129,122386,3003830,10000,2026-08-08T17:15:24Z,クレジットカード,increment-run-001,workshop-participant,donation_events_001.csv,2026-08-11T11:59:30Z
EVT-FRS-014135,6014135,2007517,352152,3003324,10000,2026-08-08T17:17:16Z,電子決済,increment-run-001,workshop-participant,donation_events_001.csv,2026-08-11T11:59:30Z
EVT-FRS-001700,6001700,2000120,452025,3002268,12000,2026-08-08T17:19:02Z,電子決済,increment-run-001,workshop-participant,donation_events_001.csv,2026-08-11T11:59:30Z
EVT-FRS-008492,6008492,2005083,402214,3002615,10000,2026-08-08T17:19:18Z,クレジットカード,increment-run-001,workshop-participant,donation_events_001.csv,2026-08-11T11:59:30Z
EVT-FRS-009930,6009930,2003167,462152,3004285,20000,2026-08-08T17:21:52Z,クレジットカード,increment-run-001,workshop-participant,donation_events_001.csv,2026-08-11T11:59:30Z
EVT-FRS-002957,6002957,2001251,272191,3003927,12000,2026-08-08T17:22:45Z,クレジットカード,increment-run-001,workshop-participant,donation_events_001.csv,2026-08-11T11:59:30Z
EVT-FRS-011728,6011728,2002470,222194,3004818,5000,2026-08-08T17:24:37Z,クレジットカード,increment-run-001,workshop-participant,donation_events_001.csv,2026-08-11T11:59:30Z
EVT-FRS-014165,6014165,2004948,015504,3001131,12000,2026-08-08T17:25:33Z,クレジットカード,increment-run-001,workshop-participant,donation_events_001.csv,2026-08-11T11:59:30Z
EVT-FRS-003386,6003386,2009364,332127,3000414,10000,2026-08-08T17:39:36Z,コンビニ決済,increment-run-001,workshop-participant,donation_events_001.csv,2026-08-11T11:59:30Z
EVT-FRS-009147,6009147,2001100,342076,3002569,5000,2026-08-08T17:40:36Z,クレジットカード,increment-run-001,workshop-participant,donation_events_001.csv,2026-08-11T11:59:30Z
EVT-FRS-012085,6012085,2010498,422126,3004801,15000,2026-08-08T17:46:44Z,電子決済,increment-run-001,workshop-participant,donation_events_001.csv,2026-08-11T11:59:30Z
EVT-FRS-006724,6006724,2002024,012297,3003729,30000,2026-08-08T17:50:41Z,銀行振込,increment-run-001,workshop-participant,donation_events_001.csv,2026-08-11T11:59:30Z
EVT-FRS-007085,6007085,2004195,262145,3001932,12000,2026-08-08T17:51:26Z,電子決済,increment-run-001,workshop-participant,donation_events_001.csv,2026-08-11T11:59:30Z
EVT-FRS-010481,6010481,2011883,112356,3005199,10000,2026-08-08T17:54:15Z,クレジットカード,increment-run-001,workshop-participant,donation_events_001.csv,2026-08-11T11:59:30Z
EVT-FRS-010596,6010596,2009638,172049,3002043,10000,2026-08-08T17:54:33Z,クレジットカード,increment-run-001,workshop-participant,donation_events_001.csv,2026-08-11T11:59:30Z
EVT-FRS-013994,6013994,2000829,182044,3005421,15000,2026-08-08T17:54:39Z,クレジットカード,increment-run-001,workshop-participant,donation_events_001.csv,2026-08-11T11:59:30Z
EVT-FRS-014355,6014355,2000669,112232,3000007,10000,2026-08-08T17:59:40Z,クレジットカード,increment-run-001,workshop-participant,donation_events_001.csv,2026-08-11T11:59:30Z
EVT-FRS-012265,6012265,2000154,464686,3003694,30000,2026-08-08T18:00:22Z,クレジットカード,increment-run-001,workshop-participant,donation_events_001.csv,2026-08-11T11:59:30Z
EVT-FRS-009828,6009828,2007253,012165,3001399,5000,2026-08-08T18:11:59Z,クレジットカード,increment-run-001,workshop-participant,donation_events_001.csv,2026-08-11T11:59:30Z
EVT-FRS-004027,6004027,2001964,222089,3001828,10000,2026-08-08T18:14:55Z,電子決済,increment-run-001,workshop-participant,donation_events_001.csv,2026-08-11T11:59:30Z
EVT-FRS-007877,6007877,2004244,172073,3000441,10000,2026-08-08T18:15:40Z,コンビニ決済,increment-run-001,workshop-participant,donation_events_001.csv,2026-08-11T11:59:30Z
EVT-FRS-002085,6002085,2008474,152111,3000496,25000,2026-08-08T18:20:25Z,クレジットカード,increment-run-001,workshop-participant,donation_events_001.csv,2026-08-11T11:59:30Z
EVT-FRS-001999,6001999,2004250,172090,3001751,12000,2026-08-08T18:20:38Z,クレジットカード,increment-run-001,workshop-participant,donation_events_001.csv,2026-08-11T11:59:30Z
EVT-FRS-007952,6007952,2004567,243418,3005719,15000,2026-08-08T18:24:12Z,クレジットカード,increment-run-001,workshop-participant,donation_events_001.csv,2026-08-11T11:59:30Z
EVT-FRS-002762,6002762,2001997,172103,3002508,12000,2026-08-08T18:33:34Z,電子決済,increment-run-001,workshop-participant,donation_events_001.csv,2026-08-11T11:59:30Z
EVT-FRS-001837,6001837,2000041,272299,3001652,20000,2026-08-08T18:42:06Z,コンビニ決済,increment-run-001,workshop-participant,donation_events_001.csv,2026-08-11T11:59:30Z
EVT-FRS-003260,6003260,2006327,282103,3001939,10000,2026-08-08T18:44:15Z,クレジットカード,increment-run-001,workshop-participant,donation_events_001.csv,2026-08-11T11:59:30Z
EVT-FRS-009421,6009421,2003965,412074,3001341,15000,2026-08-08T18:47:31Z,クレジットカード,increment-run-001,workshop-participant,donation_events_001.csv,2026-08-11T11:59:30Z
EVT-FRS-008684,6008684,2000278,112348,3001747,12000,2026-08-08T18:51:43Z,銀行振込,increment-run-001,workshop-participant,donation_events_001.csv,2026-08-11T11:59:30Z
EVT-FRS-009599,6009599,2000705,465330,3003336,15000,2026-08-08T18:54:04Z,クレジットカード,increment-run-001,workshop-participant,donation_events_001.csv,2026-08-11T11:59:30Z
EVT-FRS-005191,6005191,2002030,362077,3004679,20000,2026-08-08T18:54:47Z,クレジットカード,increment-run-001,workshop-participant,donation_events_001.csv,2026-08-11T11:59:30Z
EVT-FRS-001944,6001944,2009041,142131,3003940,10000,2026-08-08T18:57:46Z,銀行振込,increment-run-001,workshop-participant,donation_events_001.csv,2026-08-11T11:59:30Z
EVT-FRS-009378,6009378,2002731,431001,3002149,25000,2026-08-08T19:00:43Z,電子決済,increment-run-001,workshop-participant,donation_events_001.csv,2026-08-11T11:59:30Z
EVT-FRS-011203,6011203,2009964,042137,3001073,12000,2026-08-08T19:00:57Z,クレジットカード,increment-run-001,workshop-participant,donation_events_001.csv,2026-08-11T11:59:30Z
EVT-FRS-001838,6001838,2002671,212121,3001428,10000,2026-08-08T19:08:54Z,コンビニ決済,increment-run-001,workshop-participant,donation_events_001.csv,2026-08-11T11:59:30Z
EVT-FRS-011054,6011054,2007064,362069,3000261,20000,2026-08-08T19:11:36Z,クレジットカード,increment-run-001,workshop-participant,donation_events_001.csv,2026-08-11T11:59:30Z
EVT-FRS-003906,6003906,2002135,192023,3004434,25000,2026-08-08T19:14:48Z,電子決済,increment-run-001,workshop-participant,donation_events_001.csv,2026-08-11T11:59:30Z
EVT-FRS-009504,6009504,2004959,322016,3001409,12000,2026-08-08T19:15:31Z,クレジットカード,increment-run-001,workshop-participant,donation_events_001.csv,2026-08-11T11:59:30Z
EVT-FRS-004234,6004234,2001458,012343,3001609,40000,2026-08-08T19:15:50Z,クレジットカード,increment-run-001,workshop-participant,donation_events_001.csv,2026-08-11T11:59:30Z
EVT-FRS-003449,6003449,2010660,322032,3001218,20000,2026-08-08T19:19:53Z,銀行振込,increment-run-001,workshop-participant,donation_events_001.csv,2026-08-11T11:59:30Z
EVT-FRS-010578,6010578,2007539,023841,3004347,10000,2026-08-08T19:25:09Z,電子決済,increment-run-001,workshop-participant,donation_events_001.csv,2026-08-11T11:59:30Z
EVT-FRS-011756,6011756,2008298,282146,3000279,25000,2026-08-08T19:26:17Z,クレジットカード,increment-run-001,workshop-participant,donation_events_001.csv,2026-08-11T11:59:30Z
EVT-FRS-006450,6006450,2008100,132187,3005358,10000,2026-08-08T19:29:16Z,クレジットカード,increment-run-001,workshop-participant,donation_events_001.csv,2026-08-11T11:59:30Z
EVT-FRS-012649,6012649,2001075,182052,3005605,10000,2026-08-08T19:32:52Z,クレジットカード,increment-run-001,workshop-participant,donation_events_001.csv,2026-08-11T11:59:30Z
EVT-FRS-009929,6009929,2000252,222208,3004389,20000,2026-08-08T19:38:03Z,クレジットカード,increment-run-001,workshop-participant,donation_events_001.csv,2026-08-11T11:59:30Z
EVT-FRS-003328,6003328,2008871,313025,3005591,12000,2026-08-08T19:45:48Z,クレジットカード,increment-run-001,workshop-participant,donation_events_001.csv,2026-08-11T11:59:30Z
EVT-FRS-014681,6014681,2009568,112348,3000628,15000,2026-08-08T19:46:01Z,コンビニ決済,increment-run-001,workshop-participant,donation_events_001.csv,2026-08-11T11:59:30Z
EVT-FRS-003849,6003849,2010142,202118,3004943,20000,2026-08-08T19:48:15Z,クレジットカード,increment-run-001,workshop-participant,donation_events_001.csv,2026-08-11T11:59:30Z
EVT-FRS-009993,6009993,2002765,402141,3002221,50000,2026-08-08T19:54:23Z,クレジットカード,increment-run-001,workshop-participant,donation_events_001.csv,2026-08-11T11:59:30Z
EVT-FRS-014588,6014588,2004330,242161,3003850,8000,2026-08-08T19:54:41Z,クレジットカード,increment-run-001,workshop-participant,donation_events_001.csv,2026-08-11T11:59:30Z
EVT-FRS-012491,6012491,2005020,016411,3004335,10000,2026-08-08T19:56:15Z,クレジットカード,increment-run-001,workshop-participant,donation_events_001.csv,2026-08-11T11:59:30Z
EVT-FRS-008932,6008932,2000815,182087,3001071,200000,2026-08-08T20:07:58Z,クレジットカード,increment-run-001,workshop-participant,donation_events_001.csv,2026-08-11T11:59:30Z
EVT-FRS-009086,6009086,2005747,074462,3003408,15000,2026-08-08T20:08:24Z,電子決済,increment-run-001,workshop-participant,donation_events_001.csv,2026-08-11T11:59:30Z
EVT-FRS-011514,6011514,2006646,082198,3000775,12000,2026-08-08T20:12:48Z,クレジットカード,increment-run-001,workshop-participant,donation_events_001.csv,2026-08-11T11:59:30Z
EVT-FRS-002087,6002087,2011144,212199,3003748,10000,2026-08-08T20:15:22Z,電子決済,increment-run-001,workshop-participant,donation_events_001.csv,2026-08-11T11:59:30Z
EVT-FRS-005076,6005076,2010558,172065,3001962,30000,2026-08-08T20:19:38Z,電子決済,increment-run-001,workshop-participant,donation_events_001.csv,2026-08-11T11:59:30Z
EVT-FRS-014733,6014733,2001232,131211,3004690,20000,2026-08-08T20:22:09Z,コンビニ決済,increment-run-001,workshop-participant,donation_events_001.csv,2026-08-11T11:59:30Z
EVT-FRS-013310,6013310,2001016,122378,3004319,8000,2026-08-08T20:27:54Z,電子決済,increment-run-001,workshop-participant,donation_events_001.csv,2026-08-11T11:59:30Z
EVT-FRS-002728,6002728,2002786,341002,3002981,20000,2026-08-08T20:30:10Z,クレジットカード,increment-run-001,workshop-participant,donation_events_001.csv,2026-08-11T11:59:30Z
EVT-FRS-007363,6007363,2002864,372013,3005422,20000,2026-08-08T20:32:18Z,クレジットカード,increment-run-001,workshop-participant,donation_events_001.csv,2026-08-11T11:59:30Z
EVT-FRS-010094,6010094,2011641,272132,3003322,12000,2026-08-08T20:32:44Z,電子決済,increment-run-001,workshop-participant,donation_events_001.csv,2026-08-11T11:59:30Z
EVT-FRS-007727,6007727,2005233,122386,3004269,12000,2026-08-08T20:33:49Z,クレジットカード,increment-run-001,workshop-participant,donation_events_001.csv,2026-08-11T11:59:30Z
EVT-FRS-010582,6010582,2004096,232301,3003160,10000,2026-08-08T20:39:12Z,電子決済,increment-run-001,workshop-participant,donation_events_001.csv,2026-08-11T11:59:30Z
EVT-FRS-011324,6011324,2011369,324418,3003758,10000,2026-08-08T20:40:35Z,電子決済,increment-run-001,workshop-participant,donation_events_001.csv,2026-08-11T11:59:30Z
EVT-FRS-001489,6001489,2001128,112216,3003056,30000,2026-08-08T20:44:25Z,銀行振込,increment-run-001,workshop-participant,donation_events_001.csv,2026-08-11T11:59:30Z
EVT-FRS-012706,6012706,2003801,382043,3005866,20000,2026-08-08T20:49:11Z,クレジットカード,increment-run-001,workshop-participant,donation_events_001.csv,2026-08-11T11:59:30Z
EVT-FRS-009751,6009751,2010514,392014,3002505,25000,2026-08-08T20:52:34Z,クレジットカード,increment-run-001,workshop-participant,donation_events_001.csv,2026-08-11T11:59:30Z
EVT-FRS-012504,6012504,2004512,082244,3003798,10000,2026-08-08T20:53:39Z,クレジットカード,increment-run-001,workshop-participant,donation_events_001.csv,2026-08-11T11:59:30Z
EVT-FRS-003104,6003104,2000796,222208,3004802,20000,2026-08-08T20:54:24Z,クレジットカード,increment-run-001,workshop-participant,donation_events_001.csv,2026-08-11T11:59:30Z
EVT-FRS-004829,6004829,2006824,392081,3004586,5000,2026-08-08T20:54:47Z,クレジットカード,increment-run-001,workshop-participant,donation_events_001.csv,2026-08-11T11:59:30Z
EVT-FRS-012936,6012936,2007334,142131,3002266,10000,2026-08-08T20:55:45Z,電子決済,increment-run-001,workshop-participant,donation_events_001.csv,2026-08-11T11:59:30Z
EVT-FRS-012461,6012461,2010056,152129,3001305,10000,2026-08-08T20:57:03Z,クレジットカード,increment-run-001,workshop-participant,donation_events_001.csv,2026-08-11T11:59:30Z
EVT-FRS-003540,6003540,2009733,402044,3002887,10000,2026-08-08T21:07:24Z,電子決済,increment-run-001,workshop-participant,donation_events_001.csv,2026-08-11T11:59:30Z
EVT-FRS-010053,6010053,2000890,131156,3000683,20000,2026-08-08T21:09:07Z,電子決済,increment-run-001,workshop-participant,donation_events_001.csv,2026-08-11T11:59:30Z
EVT-FRS-007073,6007073,2002537,252018,3004343,15000,2026-08-08T21:12:34Z,クレジットカード,increment-run-001,workshop-participant,donation_events_001.csv,2026-08-11T11:59:30Z
EVT-FRS-008209,6008209,2010790,052141,3004446,20000,2026-08-08T21:20:04Z,クレジットカード,increment-run-001,workshop-participant,donation_events_001.csv,2026-08-11T11:59:30Z
EVT-FRS-005358,6005358,2008844,012360,3004702,50000,2026-08-08T21:29:57Z,クレジットカード,increment-run-001,workshop-participant,donation_events_001.csv,2026-08-11T11:59:30Z
EVT-FRS-007694,6007694,2009494,042072,3003277,20000,2026-08-08T21:30:07Z,クレジットカード,increment-run-001,workshop-participant,donation_events_001.csv,2026-08-11T11:59:30Z
EVT-FRS-001860,6001860,2006460,282031,3003136,50000,2026-08-08T21:37:41Z,クレジットカード,increment-run-001,workshop-participant,donation_events_001.csv,2026-08-11T11:59:30Z
EVT-FRS-002324,6002324,2010208,402141,3002645,15000,2026-08-08T21:39:08Z,電子決済,increment-run-001,workshop-participant,donation_events_001.csv,2026-08-11T11:59:30Z
EVT-FRS-014114,6014114,2003871,112321,3004383,15000,2026-08-08T21:40:34Z,銀行振込,increment-run-001,workshop-participant,donation_events_001.csv,2026-08-11T11:59:30Z
EVT-FRS-003871,6003871,2010084,222097,3003787,15000,2026-08-08T21:42:45Z,電子決済,increment-run-001,workshop-participant,donation_events_001.csv,2026-08-11T11:59:30Z
EVT-FRS-005194,6005194,2011114,092151,3003926,8000,2026-08-08T21:44:54Z,銀行振込,increment-run-001,workshop-participant,donation_events_001.csv,2026-08-11T11:59:30Z
EVT-FRS-002052,6002052,2004937,012190,3002126,25000,2026-08-08T21:45:35Z,コンビニ決済,increment-run-001,workshop-participant,donation_events_001.csv,2026-08-11T11:59:30Z
EVT-FRS-000565,6000565,2009617,322075,3000267,10000,2026-08-08T21:48:09Z,コンビニ決済,increment-run-001,workshop-participant,donation_events_001.csv,2026-08-11T11:59:30Z
EVT-FRS-002791,6002791,2002642,272167,3002674,5000,2026-08-08T21:48:44Z,クレジットカード,increment-run-001,workshop-participant,donation_events_001.csv,2026-08-11T11:59:30Z
EVT-FRS-006060,6006060,2004330,272256,3005135,20000,2026-08-08T21:50:13Z,銀行振込,increment-run-001,workshop-participant,donation_events_001.csv,2026-08-11T11:59:30Z
EVT-FRS-004019,6004019,2001531,323861,3001307,50000,2026-08-08T21:52:15Z,クレジットカード,increment-run-001,workshop-participant,donation_events_001.csv,2026-08-11T11:59:30Z
EVT-FRS-001261,6001261,2001871,272132,3000484,12000,2026-08-08T21:52:31Z,電子決済,increment-run-001,workshop-participant,donation_events_001.csv,2026-08-11T11:59:30Z
EVT-FRS-006246,6006246,2004168,462144,3003620,25000,2026-08-08T22:02:54Z,コンビニ決済,increment-run-001,workshop-participant,donation_events_001.csv,2026-08-11T11:59:30Z
EVT-FRS-009706,6009706,2007925,132080,3004140,10000,2026-08-08T22:05:17Z,クレジットカード,increment-run-001,workshop-participant,donation_events_001.csv,2026-08-11T11:59:30Z
EVT-FRS-012302,6012302,2002153,382035,3005109,10000,2026-08-08T22:06:26Z,クレジットカード,increment-run-001,workshop-participant,donation_events_001.csv,2026-08-11T11:59:30Z
EVT-FRS-001113,6001113,2000658,013633,3005025,100000,2026-08-08T22:09:29Z,クレジットカード,increment-run-001,workshop-participant,donation_events_001.csv,2026-08-11T11:59:30Z
EVT-FRS-007489,6007489,2004851,272108,3004190,25000,2026-08-08T22:10:32Z,クレジットカード,increment-run-001,workshop-participant,donation_events_001.csv,2026-08-11T11:59:30Z
EVT-FRS-003238,6003238,2011260,012203,3000380,12000,2026-08-08T22:13:26Z,クレジットカード,increment-run-001,workshop-participant,donation_events_001.csv,2026-08-11T11:59:30Z
EVT-FRS-007441,6007441,2009194,182028,3004323,50000,2026-08-08T22:21:13Z,クレジットカード,increment-run-001,workshop-participant,donation_events_001.csv,2026-08-11T11:59:30Z
EVT-FRS-014157,6014157,2011490,062090,3005758,10000,2026-08-08T22:27:09Z,クレジットカード,increment-run-001,workshop-participant,donation_events_001.csv,2026-08-11T11:59:30Z
EVT-FRS-000206,6000206,2000786,082198,3004584,15000,2026-08-08T22:32:04Z,コンビニ決済,increment-run-001,workshop-participant,donation_events_001.csv,2026-08-11T11:59:30Z
EVT-FRS-009245,6009245,2007142,312029,3000644,10000,2026-08-08T22:35:14Z,クレジットカード,increment-run-001,workshop-participant,donation_events_001.csv,2026-08-11T11:59:30Z
EVT-FRS-002285,6002285,2004137,062014,3002180,15000,2026-08-08T22:44:25Z,クレジットカード,increment-run-001,workshop-participant,donation_events_001.csv,2026-08-11T11:59:30Z
EVT-FRS-014788,6014788,2000353,142069,3005434,12000,2026-08-08T22:46:08Z,クレジットカード,increment-run-001,workshop-participant,donation_events_001.csv,2026-08-11T11:59:30Z
EVT-FRS-014230,6014230,2007965,342084,3000025,50000,2026-08-08T22:49:40Z,電子決済,increment-run-001,workshop-participant,donation_events_001.csv,2026-08-11T11:59:30Z
EVT-FRS-011215,6011215,2008114,032026,3002263,12000,2026-08-08T22:51:39Z,クレジットカード,increment-run-001,workshop-participant,donation_events_001.csv,2026-08-11T11:59:30Z
EVT-FRS-013370,6013370,2007155,292028,3005268,5000,2026-08-08T22:53:08Z,銀行振込,increment-run-001,workshop-participant,donation_events_001.csv,2026-08-11T11:59:30Z
EVT-FRS-012059,6012059,2003783,092118,3005676,10000,2026-08-08T23:00:51Z,電子決済,increment-run-001,workshop-participant,donation_events_001.csv,2026-08-11T11:59:30Z
EVT-FRS-010963,6010963,2003469,172014,3002759,20000,2026-08-08T23:05:14Z,クレジットカード,increment-run-001,workshop-participant,donation_events_001.csv,2026-08-11T11:59:30Z
EVT-FRS-001215,6001215,2005530,353418,3001947,25000,2026-08-08T23:19:50Z,クレジットカード,increment-run-001,workshop-participant,donation_events_001.csv,2026-08-11T11:59:30Z
EVT-FRS-014711,6014711,2005796,012068,3005494,12000,2026-08-08T23:21:07Z,クレジットカード,increment-run-001,workshop-participant,donation_events_001.csv,2026-08-11T11:59:30Z
EVT-FRS-004896,6004896,2006821,472158,3000529,30000,2026-08-08T23:22:33Z,電子決済,increment-run-001,workshop-participant,donation_events_001.csv,2026-08-11T11:59:30Z
EVT-FRS-009640,6009640,2001991,412023,3005402,10000,2026-08-08T23:27:26Z,クレジットカード,increment-run-001,workshop-participant,donation_events_001.csv,2026-08-11T11:59:30Z
EVT-FRS-003544,6003544,2000017,112321,3004383,5000,2026-08-08T23:30:12Z,クレジットカード,increment-run-001,workshop-participant,donation_events_001.csv,2026-08-11T11:59:30Z
EVT-FRS-007996,6007996,2006715,212202,3001683,30000,2026-08-08T23:33:55Z,電子決済,increment-run-001,workshop-participant,donation_events_001.csv,2026-08-11T11:59:30Z
EVT-FRS-004821,6004821,2011927,132101,3002327,70000,2026-08-08T23:54:57Z,クレジットカード,increment-run-001,workshop-participant,donation_events_001.csv,2026-08-11T11:59:30Z
EVT-FRS-000056,6000056,2000561,212016,3003084,12000,2026-08-08T23:56:05Z,クレジットカード,increment-run-001,workshop-participant,donation_events_001.csv,2026-08-11T11:59:30Z
EVT-FRS-006050,6006050,2007817,212091,3003538,50000,2026-08-08T23:56:18Z,銀行振込,increment-run-001,workshop-participant,donation_events_001.csv,2026-08-11T11:59:30Z
EVT-FRS-001095,6001095,2002543,092088,3004226,5000,2026-08-09T00:07:23Z,クレジットカード,increment-run-001,workshop-participant,donation_events_001.csv,2026-08-11T11:59:30Z
EVT-FRS-014352,6014352,2006443,112160,3001059,60000,2026-08-09T00:08:41Z,銀行振込,increment-run-001,workshop-participant,donation_events_001.csv,2026-08-11T11:59:30Z
EVT-FRS-014049,6014049,2002229,152081,3000386,20000,2026-08-09T00:09:15Z,クレジットカード,increment-run-001,workshop-participant,donation_events_001.csv,2026-08-11T11:59:30Z
EVT-FRS-000087,6000087,2002377,372064,3000150,10000,2026-08-09T00:14:52Z,クレジットカード,increment-run-001,workshop-participant,donation_events_001.csv,2026-08-11T11:59:30Z
EVT-FRS-009181,6009181,2006501,282219,3003996,15000,2026-08-09T00:19:21Z,電子決済,increment-run-001,workshop-participant,donation_events_001.csv,2026-08-11T11:59:30Z
EVT-FRS-000663,6000663,2005995,082261,3002932,12000,2026-08-09T00:20:48Z,クレジットカード,increment-run-001,workshop-participant,donation_events_001.csv,2026-08-11T11:59:30Z
EVT-FRS-008196,6008196,2006708,012068,3004718,25000,2026-08-09T00:29:43Z,クレジットカード,increment-run-001,workshop-participant,donation_events_001.csv,2026-08-11T11:59:30Z
EVT-FRS-006169,6006169,2001772,016934,3005950,8000,2026-08-09T00:36:47Z,クレジットカード,increment-run-001,workshop-participant,donation_events_001.csv,2026-08-11T11:59:30Z
EVT-FRS-009104,6009104,2008083,254428,3000195,10000,2026-08-09T00:48:07Z,クレジットカード,increment-run-001,workshop-participant,donation_events_001.csv,2026-08-11T11:59:30Z
EVT-FRS-008577,6008577,2010414,131024,3001370,10000,2026-08-09T00:55:54Z,クレジットカード,increment-run-001,workshop-participant,donation_events_001.csv,2026-08-11T11:59:30Z
EVT-FRS-012332,6012332,2004091,032077,3001732,12000,2026-08-09T00:58:13Z,クレジットカード,increment-run-001,workshop-participant,donation_events_001.csv,2026-08-11T11:59:30Z
EVT-FRS-000640,6000640,2000403,202070,3000976,15000,2026-08-09T01:05:41Z,電子決済,increment-run-001,workshop-participant,donation_events_001.csv,2026-08-11T11:59:30Z
EVT-FRS-010491,6010491,2001126,392057,3002553,15000,2026-08-09T01:07:57Z,電子決済,increment-run-001,workshop-participant,donation_events_001.csv,2026-08-11T11:59:30Z
EVT-FRS-014341,6014341,2005425,472107,3003419,10000,2026-08-09T01:11:31Z,クレジットカード,increment-run-001,workshop-participant,donation_events_001.csv,2026-08-11T11:59:30Z
EVT-FRS-011021,6011021,2007748,432032,3005216,15000,2026-08-09T01:13:12Z,電子決済,increment-run-001,workshop-participant,donation_events_001.csv,2026-08-11T11:59:30Z
EVT-FRS-000695,6000695,2009836,463035,3005860,10000,2026-08-09T01:13:33Z,コンビニ決済,increment-run-001,workshop-participant,donation_events_001.csv,2026-08-11T11:59:30Z
EVT-FRS-009306,6009306,2006464,082261,3002932,30000,2026-08-09T01:18:17Z,クレジットカード,increment-run-001,workshop-participant,donation_events_001.csv,2026-08-11T11:59:30Z
EVT-FRS-002311,6002311,2007703,072095,3005779,8000,2026-08-09T01:23:42Z,クレジットカード,increment-run-001,workshop-participant,donation_events_001.csv,2026-08-11T11:59:30Z
EVT-FRS-009419,6009419,2010215,141500,3002970,20000,2026-08-09T01:28:19Z,クレジットカード,increment-run-001,workshop-participant,donation_events_001.csv,2026-08-11T11:59:30Z
EVT-FRS-000099,6000099,2008843,222071,3005541,12000,2026-08-09T01:30:14Z,クレジットカード,increment-run-001,workshop-participant,donation_events_001.csv,2026-08-11T11:59:30Z
EVT-FRS-013496,6013496,2001631,435139,3004660,20000,2026-08-09T01:37:47Z,銀行振込,increment-run-001,workshop-participant,donation_events_001.csv,2026-08-11T11:59:30Z
EVT-FRS-010234,6010234,2003235,402079,3001406,12000,2026-08-09T01:38:37Z,クレジットカード,increment-run-001,workshop-participant,donation_events_001.csv,2026-08-11T11:59:30Z
EVT-FRS-003353,6003353,2009153,222241,3000510,10000,2026-08-09T01:38:56Z,クレジットカード,increment-run-001,workshop-participant,donation_events_001.csv,2026-08-11T11:59:30Z
EVT-FRS-004816,6004816,2007810,092151,3003926,30000,2026-08-09T01:40:08Z,クレジットカード,increment-run-001,workshop-participant,donation_events_001.csv,2026-08-11T11:59:30Z
EVT-FRS-013393,6013393,2011650,435112,3002199,10000,2026-08-09T01:43:24Z,クレジットカード,increment-run-001,workshop-participant,donation_events_001.csv,2026-08-11T11:59:30Z
EVT-FRS-008079,6008079,2003821,012106,3003306,30000,2026-08-09T01:46:20Z,コンビニ決済,increment-run-001,workshop-participant,donation_events_001.csv,2026-08-11T11:59:30Z
EVT-FRS-004835,6004835,2000585,232017,3005230,10000,2026-08-09T01:46:58Z,クレジットカード,increment-run-001,workshop-participant,donation_events_001.csv,2026-08-11T11:59:30Z
EVT-FRS-006203,6006203,2004429,222241,3002314,5000,2026-08-09T01:51:36Z,銀行振込,increment-run-001,workshop-participant,donation_events_001.csv,2026-08-11T11:59:30Z
EVT-FRS-004184,6004184,2009222,452025,3005848,8000,2026-08-09T01:58:43Z,電子決済,increment-run-001,workshop-participant,donation_events_001.csv,2026-08-11T11:59:30Z
EVT-FRS-014016,6014016,2011986,472123,3004891,10000,2026-08-09T02:00:31Z,コンビニ決済,increment-run-001,workshop-participant,donation_events_001.csv,2026-08-11T11:59:30Z
EVT-FRS-004350,6004350,2005143,182052,3000208,15000,2026-08-09T02:01:48Z,クレジットカード,increment-run-001,workshop-participant,donation_events_001.csv,2026-08-11T11:59:30Z
EVT-FRS-014520,6014520,2011256,162094,3005691,10000,2026-08-09T02:02:28Z,銀行振込,increment-run-001,workshop-participant,donation_events_001.csv,2026-08-11T11:59:30Z
EVT-FRS-000001,6000001,2008927,132128,3001786,12000,2026-08-09T02:03:19Z,クレジットカード,increment-run-001,workshop-participant,donation_events_001.csv,2026-08-11T11:59:30Z
EVT-FRS-011382,6011382,2006137,172090,3001751,8000,2026-08-09T02:03:32Z,電子決済,increment-run-001,workshop-participant,donation_events_001.csv,2026-08-11T11:59:30Z
EVT-FRS-000675,6000675,2003629,075043,3004090,10000,2026-08-09T02:05:35Z,クレジットカード,increment-run-001,workshop-participant,donation_events_001.csv,2026-08-11T11:59:30Z
EVT-FRS-013836,6013836,2002920,162019,3003171,20000,2026-08-09T02:13:32Z,クレジットカード,increment-run-001,workshop-participant,donation_events_001.csv,2026-08-11T11:59:30Z
EVT-FRS-006532,6006532,2003646,282197,3000672,5000,2026-08-09T02:16:38Z,クレジットカード,increment-run-001,workshop-participant,donation_events_001.csv,2026-08-11T11:59:30Z
EVT-FRS-007057,6007057,2000049,282278,3005137,10000,2026-08-09T02:19:07Z,コンビニ決済,increment-run-001,workshop-participant,donation_events_001.csv,2026-08-11T11:59:30Z
EVT-FRS-004778,6004778,2008778,262102,3003103,20000,2026-08-09T02:30:28Z,クレジットカード,increment-run-001,workshop-participant,donation_events_001.csv,2026-08-11T11:59:30Z
EVT-FRS-010131,6010131,2010813,252140,3000227,12000,2026-08-09T02:41:08Z,クレジットカード,increment-run-001,workshop-participant,donation_events_001.csv,2026-08-11T11:59:30Z
EVT-FRS-008929,6008929,2010847,272060,3003257,40000,2026-08-09T02:48:25Z,銀行振込,increment-run-001,workshop-participant,donation_events_001.csv,2026-08-11T11:59:30Z
EVT-FRS-004776,6004776,2002341,112011,3002924,150000,2026-08-09T02:48:52Z,クレジットカード,increment-run-001,workshop-participant,donation_events_001.csv,2026-08-11T11:59:30Z
EVT-FRS-010313,6010313,2010272,062120,3005937,30000,2026-08-09T02:48:52Z,クレジットカード,increment-run-001,workshop-participant,donation_events_001.csv,2026-08-11T11:59:30Z
EVT-FRS-007137,6007137,2002353,382043,3005866,10000,2026-08-09T02:54:29Z,クレジットカード,increment-run-001,workshop-participant,donation_events_001.csv,2026-08-11T11:59:30Z
EVT-FRS-000063,6000063,2007702,132276,3000809,10000,2026-08-09T03:12:01Z,銀行振込,increment-run-001,workshop-participant,donation_events_001.csv,2026-08-11T11:59:30Z
EVT-FRS-008705,6008705,2011839,392081,3004586,10000,2026-08-09T03:16:25Z,クレジットカード,increment-run-001,workshop-participant,donation_events_001.csv,2026-08-11T11:59:30Z
EVT-FRS-009214,6009214,2011521,142166,3000621,12000,2026-08-09T03:17:09Z,電子決済,increment-run-001,workshop-participant,donation_events_001.csv,2026-08-11T11:59:30Z
EVT-FRS-009978,6009978,2011403,332097,3003430,15000,2026-08-09T03:22:17Z,電子決済,increment-run-001,workshop-participant,donation_events_001.csv,2026-08-11T11:59:30Z
EVT-FRS-002156,6002156,2007270,011002,3001523,15000,2026-08-09T03:26:18Z,クレジットカード,increment-run-001,workshop-participant,donation_events_001.csv,2026-08-11T11:59:30Z
EVT-FRS-001490,6001490,2000757,182095,3002177,20000,2026-08-09T03:26:26Z,電子決済,increment-run-001,workshop-participant,donation_events_001.csv,2026-08-11T11:59:30Z
EVT-FRS-010235,6010235,2001413,432130,3002371,10000,2026-08-09T03:28:22Z,コンビニ決済,increment-run-001,workshop-participant,donation_events_001.csv,2026-08-11T11:59:30Z
EVT-FRS-002790,6002790,2000508,322075,3001179,5000,2026-08-09T03:31:57Z,クレジットカード,increment-run-001,workshop-participant,donation_events_001.csv,2026-08-11T11:59:30Z
EVT-FRS-008763,6008763,2000088,152048,3005911,10000,2026-08-09T03:33:16Z,電子決済,increment-run-001,workshop-participant,donation_events_001.csv,2026-08-11T11:59:30Z
EVT-FRS-007428,6007428,2008859,232157,3005108,10000,2026-08-09T03:34:43Z,コンビニ決済,increment-run-001,workshop-participant,donation_events_001.csv,2026-08-11T11:59:30Z
EVT-FRS-003114,6003114,2002529,132047,3005163,20000,2026-08-09T03:39:15Z,クレジットカード,increment-run-001,workshop-participant,donation_events_001.csv,2026-08-11T11:59:30Z
EVT-FRS-010435,6010435,2006879,012157,3001685,15000,2026-08-09T03:39:30Z,銀行振込,increment-run-001,workshop-participant,donation_events_001.csv,2026-08-11T11:59:30Z
EVT-FRS-008502,6008502,2010924,462209,3003401,5000,2026-08-09T03:51:34Z,クレジットカード,increment-run-001,workshop-participant,donation_events_001.csv,2026-08-11T11:59:30Z
EVT-FRS-012218,6012218,2009042,042072,3001255,50000,2026-08-09T03:52:26Z,クレジットカード,increment-run-001,workshop-participant,donation_events_001.csv,2026-08-11T11:59:30Z
EVT-FRS-014882,6014882,2003578,232092,3004369,20000,2026-08-09T03:55:09Z,クレジットカード,increment-run-001,workshop-participant,donation_events_001.csv,2026-08-11T11:59:30Z
EVT-FRS-011336,6011336,2007869,405442,3004531,5000,2026-08-09T03:58:37Z,クレジットカード,increment-run-001,workshop-participant,donation_events_001.csv,2026-08-11T11:59:30Z
EVT-FRS-012566,6012566,2003191,342041,3002291,20000,2026-08-09T04:05:58Z,クレジットカード,increment-run-001,workshop-participant,donation_events_001.csv,2026-08-11T11:59:30Z
EVT-FRS-014631,6014631,2011122,302091,3004694,10000,2026-08-09T04:06:59Z,クレジットカード,increment-run-001,workshop-participant,donation_events_001.csv,2026-08-11T11:59:30Z
EVT-FRS-010293,6010293,2002617,294021,3004651,25000,2026-08-09T04:07:34Z,クレジットカード,increment-run-001,workshop-participant,donation_events_001.csv,2026-08-11T11:59:30Z
EVT-FRS-001466,6001466,2011255,203491,3004611,10000,2026-08-09T04:08:30Z,電子決済,increment-run-001,workshop-participant,donation_events_001.csv,2026-08-11T11:59:30Z
EVT-FRS-004609,6004609,2007833,402303,3002367,10000,2026-08-09T04:08:43Z,クレジットカード,increment-run-001,workshop-participant,donation_events_001.csv,2026-08-11T11:59:30Z
EVT-FRS-006037,6006037,2005102,014079,3004721,15000,2026-08-09T04:10:02Z,銀行振込,increment-run-001,workshop-participant,donation_events_001.csv,2026-08-11T11:59:30Z
EVT-FRS-006843,6006843,2008333,452068,3000616,15000,2026-08-09T04:12:29Z,電子決済,increment-run-001,workshop-participant,donation_events_001.csv,2026-08-11T11:59:30Z
EVT-FRS-005008,6005008,2007567,231002,3001053,15000,2026-08-09T04:14:30Z,電子決済,increment-run-001,workshop-participant,donation_events_001.csv,2026-08-11T11:59:30Z
EVT-FRS-005460,6005460,2006785,392049,3005923,10000,2026-08-09T04:16:19Z,電子決済,increment-run-001,workshop-participant,donation_events_001.csv,2026-08-11T11:59:30Z
EVT-FRS-011827,6011827,2000068,442101,3005667,8000,2026-08-09T04:16:19Z,クレジットカード,increment-run-001,workshop-participant,donation_events_001.csv,2026-08-11T11:59:30Z
EVT-FRS-013371,6013371,2001592,272230,3001859,12000,2026-08-09T04:22:36Z,電子決済,increment-run-001,workshop-participant,donation_events_001.csv,2026-08-11T11:59:30Z
EVT-FRS-007971,6007971,2010996,272132,3002927,5000,2026-08-09T04:29:29Z,クレジットカード,increment-run-001,workshop-participant,donation_events_001.csv,2026-08-11T11:59:30Z
EVT-FRS-004994,6004994,2005455,016411,3003167,20000,2026-08-09T04:35:47Z,クレジットカード,increment-run-001,workshop-participant,donation_events_001.csv,2026-08-11T11:59:30Z
EVT-FRS-014805,6014805,2000426,262030,3003238,40000,2026-08-09T04:40:04Z,コンビニ決済,increment-run-001,workshop-participant,donation_events_001.csv,2026-08-11T11:59:30Z
EVT-FRS-011729,6011729,2005692,014699,3001888,30000,2026-08-09T04:43:36Z,クレジットカード,increment-run-001,workshop-participant,donation_events_001.csv,2026-08-11T11:59:30Z
EVT-FRS-010390,6010390,2009737,462217,3002379,12000,2026-08-09T04:43:53Z,クレジットカード,increment-run-001,workshop-participant,donation_events_001.csv,2026-08-11T11:59:30Z
EVT-FRS-008463,6008463,2000352,232220,3001611,10000,2026-08-09T05:01:23Z,クレジットカード,increment-run-001,workshop-participant,donation_events_001.csv,2026-08-11T11:59:30Z
EVT-FRS-000468,6000468,2003070,082236,3001992,10000,2026-08-09T05:05:32Z,クレジットカード,increment-run-001,workshop-participant,donation_events_001.csv,2026-08-11T11:59:30Z
EVT-FRS-007912,6007912,2010169,112259,3002214,15000,2026-08-09T05:06:01Z,クレジットカード,increment-run-001,workshop-participant,donation_events_001.csv,2026-08-11T11:59:30Z
EVT-FRS-013365,6013365,2000715,212164,3002537,8000,2026-08-09T05:06:27Z,クレジットカード,increment-run-001,workshop-participant,donation_events_001.csv,2026-08-11T11:59:30Z
EVT-FRS-004830,6004830,2010639,192091,3001868,20000,2026-08-09T05:06:35Z,電子決済,increment-run-001,workshop-participant,donation_events_001.csv,2026-08-11T11:59:30Z
EVT-FRS-008094,6008094,2000387,012122,3002210,20000,2026-08-09T05:10:13Z,クレジットカード,increment-run-001,workshop-participant,donation_events_001.csv,2026-08-11T11:59:30Z
EVT-FRS-010907,6010907,2010543,182095,3002177,8000,2026-08-09T05:11:16Z,クレジットカード,increment-run-001,workshop-participant,donation_events_001.csv,2026-08-11T11:59:30Z
EVT-FRS-009969,6009969,2011592,232211,3001937,50000,2026-08-09T05:14:51Z,電子決済,increment-run-001,workshop-participant,donation_events_001.csv,2026-08-11T11:59:30Z
EVT-FRS-002132,6002132,2002632,092011,3001063,10000,2026-08-09T05:22:28Z,電子決済,increment-run-001,workshop-participant,donation_events_001.csv,2026-08-11T11:59:30Z
EVT-FRS-002127,6002127,2010182,053465,3000953,20000,2026-08-09T05:22:47Z,電子決済,increment-run-001,workshop-participant,donation_events_001.csv,2026-08-11T11:59:30Z
EVT-FRS-002009,6002009,2008974,262111,3003116,30000,2026-08-09T05:27:23Z,クレジットカード,increment-run-001,workshop-participant,donation_events_001.csv,2026-08-11T11:59:30Z
EVT-FRS-005079,6005079,2004606,152048,3002840,20000,2026-08-09T05:32:09Z,クレジットカード,increment-run-001,workshop-participant,donation_events_001.csv,2026-08-11T11:59:30Z
EVT-FRS-002101,6002101,2009696,222160,3004719,8000,2026-08-09T05:38:00Z,クレジットカード,increment-run-001,workshop-participant,donation_events_001.csv,2026-08-11T11:59:30Z
EVT-FRS-007429,6007429,2006057,432113,3004263,20000,2026-08-09T05:39:18Z,クレジットカード,increment-run-001,workshop-participant,donation_events_001.csv,2026-08-11T11:59:30Z
EVT-FRS-001109,6001109,2007536,142077,3000143,15000,2026-08-09T05:45:56Z,電子決済,increment-run-001,workshop-participant,donation_events_001.csv,2026-08-11T11:59:30Z
EVT-FRS-004763,6004763,2009925,232190,3001466,20000,2026-08-09T05:52:41Z,クレジットカード,increment-run-001,workshop-participant,donation_events_001.csv,2026-08-11T11:59:30Z
EVT-FRS-012151,6012151,2001227,222151,3000500,12000,2026-08-09T05:56:12Z,銀行振込,increment-run-001,workshop-participant,donation_events_001.csv,2026-08-11T11:59:30Z
EVT-FRS-000088,6000088,2008208,222119,3001142,15000,2026-08-09T05:57:03Z,クレジットカード,increment-run-001,workshop-participant,donation_events_001.csv,2026-08-11T11:59:30Z
EVT-FRS-010748,6010748,2001848,012122,3001803,10000,2026-08-09T06:01:54Z,電子決済,increment-run-001,workshop-participant,donation_events_001.csv,2026-08-11T11:59:30Z
EVT-FRS-003909,6003909,2000299,401005,3003072,5000,2026-08-09T06:04:27Z,クレジットカード,increment-run-001,workshop-participant,donation_events_001.csv,2026-08-11T11:59:30Z
EVT-FRS-002259,6002259,2008741,282146,3000279,20000,2026-08-09T06:04:39Z,クレジットカード,increment-run-001,workshop-participant,donation_events_001.csv,2026-08-11T11:59:30Z
EVT-FRS-000634,6000634,2011719,312037,3005957,25000,2026-08-09T06:12:05Z,電子決済,increment-run-001,workshop-participant,donation_events_001.csv,2026-08-11T11:59:30Z
EVT-FRS-003995,6003995,2010229,393061,3002699,10000,2026-08-09T06:12:18Z,クレジットカード,increment-run-001,workshop-participant,donation_events_001.csv,2026-08-11T11:59:30Z
EVT-FRS-010247,6010247,2002326,052124,3003548,15000,2026-08-09T06:13:46Z,銀行振込,increment-run-001,workshop-participant,donation_events_001.csv,2026-08-11T11:59:30Z
EVT-FRS-013184,6013184,2001590,212199,3004358,8000,2026-08-09T06:14:31Z,クレジットカード,increment-run-001,workshop-participant,donation_events_001.csv,2026-08-11T11:59:30Z
EVT-FRS-006145,6006145,2001153,432164,3002158,25000,2026-08-09T06:15:15Z,クレジットカード,increment-run-001,workshop-participant,donation_events_001.csv,2026-08-11T11:59:30Z
EVT-FRS-003032,6003032,2006473,262129,3004562,15000,2026-08-09T06:19:51Z,電子決済,increment-run-001,workshop-participant,donation_events_001.csv,2026-08-11T11:59:30Z
EVT-FRS-008322,6008322,2001978,402117,3000556,15000,2026-08-09T06:26:35Z,クレジットカード,increment-run-001,workshop-participant,donation_events_001.csv,2026-08-11T11:59:30Z
EVT-FRS-000210,6000210,2005637,272299,3002670,50000,2026-08-09T06:26:57Z,クレジットカード,increment-run-001,workshop-participant,donation_events_001.csv,2026-08-11T11:59:30Z
EVT-FRS-008194,6008194,2010927,465330,3004725,20000,2026-08-09T06:28:10Z,電子決済,increment-run-001,workshop-participant,donation_events_001.csv,2026-08-11T11:59:30Z
EVT-FRS-011520,6011520,2009424,042030,3000019,20000,2026-08-09T06:35:59Z,クレジットカード,increment-run-001,workshop-participant,donation_events_001.csv,2026-08-11T11:59:30Z
EVT-FRS-005425,6005425,2009323,294241,3004773,20000,2026-08-09T06:41:28Z,クレジットカード,increment-run-001,workshop-participant,donation_events_001.csv,2026-08-11T11:59:30Z
EVT-FRS-001053,6001053,2011689,332143,3002115,15000,2026-08-09T06:45:08Z,電子決済,increment-run-001,workshop-participant,donation_events_001.csv,2026-08-11T11:59:30Z
EVT-FRS-006032,6006032,2006755,262048,3004116,15000,2026-08-09T06:45:35Z,コンビニ決済,increment-run-001,workshop-participant,donation_events_001.csv,2026-08-11T11:59:30Z
EVT-FRS-008772,6008772,2010988,212172,3005152,20000,2026-08-09T06:45:46Z,クレジットカード,increment-run-001,workshop-participant,donation_events_001.csv,2026-08-11T11:59:30Z
EVT-FRS-006204,6006204,2002503,232343,3000746,10000,2026-08-09T06:47:25Z,電子決済,increment-run-001,workshop-participant,donation_events_001.csv,2026-08-11T11:59:30Z
EVT-FRS-005394,6005394,2010102,042030,3005933,15000,2026-08-09T06:48:35Z,クレジットカード,increment-run-001,workshop-participant,donation_events_001.csv,2026-08-11T11:59:30Z
EVT-FRS-007382,6007382,2010013,063231,3001316,100000,2026-08-09T06:50:23Z,クレジットカード,increment-run-001,workshop-participant,donation_events_001.csv,2026-08-11T11:59:30Z
EVT-FRS-009177,6009177,2002140,212016,3000641,8000,2026-08-09T06:52:24Z,クレジットカード,increment-run-001,workshop-participant,donation_events_001.csv,2026-08-11T11:59:30Z
EVT-FRS-009542,6009542,2004292,282189,3003232,10000,2026-08-09T07:02:18Z,電子決済,increment-run-001,workshop-participant,donation_events_001.csv,2026-08-11T11:59:30Z
EVT-FRS-004807,6004807,2002327,464686,3005084,20000,2026-08-09T07:11:01Z,クレジットカード,increment-run-001,workshop-participant,donation_events_001.csv,2026-08-11T11:59:30Z
EVT-FRS-012430,6012430,2003280,114642,3005608,50000,2026-08-09T07:11:52Z,クレジットカード,increment-run-001,workshop-participant,donation_events_001.csv,2026-08-11T11:59:30Z
EVT-FRS-000748,6000748,2010712,122271,3000915,12000,2026-08-09T07:14:34Z,クレジットカード,increment-run-001,workshop-participant,donation_events_001.csv,2026-08-11T11:59:30Z
EVT-FRS-008019,6008019,2000232,212211,3001068,10000,2026-08-09T07:22:37Z,銀行振込,increment-run-001,workshop-participant,donation_events_001.csv,2026-08-11T11:59:30Z
EVT-FRS-002135,6002135,2002066,012041,3001408,40000,2026-08-09T07:23:35Z,クレジットカード,increment-run-001,workshop-participant,donation_events_001.csv,2026-08-11T11:59:30Z
EVT-FRS-000245,6000245,2001585,132055,3005931,10000,2026-08-09T07:26:32Z,銀行振込,increment-run-001,workshop-participant,donation_events_001.csv,2026-08-11T11:59:30Z
EVT-FRS-013166,6013166,2003344,122173,3000892,10000,2026-08-09T07:26:49Z,クレジットカード,increment-run-001,workshop-participant,donation_events_001.csv,2026-08-11T11:59:30Z
EVT-FRS-003607,6003607,2000797,152064,3001648,15000,2026-08-09T07:29:36Z,コンビニ決済,increment-run-001,workshop-participant,donation_events_001.csv,2026-08-11T11:59:30Z
EVT-FRS-010722,6010722,2000200,282189,3001458,12000,2026-08-09T07:30:38Z,クレジットカード,increment-run-001,workshop-participant,donation_events_001.csv,2026-08-11T11:59:30Z
EVT-FRS-002691,6002691,2009081,122084,3003400,10000,2026-08-09T07:45:33Z,コンビニ決済,increment-run-001,workshop-participant,donation_events_001.csv,2026-08-11T11:59:30Z
EVT-FRS-008270,6008270,2010567,302023,3004257,10000,2026-08-09T07:48:29Z,電子決済,increment-run-001,workshop-participant,donation_events_001.csv,2026-08-11T11:59:30Z
EVT-FRS-001305,6001305,2005002,122254,3002882,10000,2026-08-09T07:54:28Z,クレジットカード,increment-run-001,workshop-participant,donation_events_001.csv,2026-08-11T11:59:30Z
EVT-FRS-007269,6007269,2004254,335860,3004405,25000,2026-08-09T07:59:55Z,銀行振込,increment-run-001,workshop-participant,donation_events_001.csv,2026-08-11T11:59:30Z
EVT-FRS-008779,6008779,2001409,122122,3002947,15000,2026-08-09T08:05:22Z,クレジットカード,increment-run-001,workshop-participant,donation_events_001.csv,2026-08-11T11:59:30Z
EVT-FRS-001795,6001795,2006241,112321,3003106,15000,2026-08-09T08:05:33Z,電子決済,increment-run-001,workshop-participant,donation_events_001.csv,2026-08-11T11:59:30Z
EVT-FRS-010202,6010202,2010127,152277,3004585,12000,2026-08-09T08:11:41Z,クレジットカード,increment-run-001,workshop-participant,donation_events_001.csv,2026-08-11T11:59:30Z
EVT-FRS-009162,6009162,2003999,132110,3005874,5000,2026-08-09T08:20:42Z,コンビニ決済,increment-run-001,workshop-participant,donation_events_001.csv,2026-08-11T11:59:30Z
EVT-FRS-008794,6008794,2008171,312045,3003025,10000,2026-08-09T08:21:11Z,クレジットカード,increment-run-001,workshop-participant,donation_events_001.csv,2026-08-11T11:59:30Z
EVT-FRS-002185,6002185,2003786,122041,3005042,10000,2026-08-09T08:26:43Z,クレジットカード,increment-run-001,workshop-participant,donation_events_001.csv,2026-08-11T11:59:30Z
EVT-FRS-014069,6014069,2006548,202045,3005850,25000,2026-08-09T08:28:38Z,クレジットカード,increment-run-001,workshop-participant,donation_events_001.csv,2026-08-11T11:59:30Z
EVT-FRS-014346,6014346,2001044,131211,3003895,5000,2026-08-09T08:33:52Z,コンビニ決済,increment-run-001,workshop-participant,donation_events_001.csv,2026-08-11T11:59:30Z
EVT-FRS-008731,6008731,2003179,113417,3003526,15000,2026-08-09T08:37:02Z,銀行振込,increment-run-001,workshop-participant,donation_events_001.csv,2026-08-11T11:59:30Z
EVT-FRS-006672,6006672,2002455,012238,3001524,10000,2026-08-09T08:39:45Z,クレジットカード,increment-run-001,workshop-participant,donation_events_001.csv,2026-08-11T11:59:30Z
EVT-FRS-002661,6002661,2001372,172090,3002729,12000,2026-08-09T08:41:20Z,クレジットカード,increment-run-001,workshop-participant,donation_events_001.csv,2026-08-11T11:59:30Z
EVT-FRS-006865,6006865,2009768,062090,3005053,50000,2026-08-09T08:46:04Z,クレジットカード,increment-run-001,workshop-participant,donation_events_001.csv,2026-08-11T11:59:30Z
EVT-FRS-008339,6008339,2011803,364045,3002294,15000,2026-08-09T08:47:53Z,クレジットカード,increment-run-001,workshop-participant,donation_events_001.csv,2026-08-11T11:59:30Z
EVT-FRS-013650,6013650,2007761,262111,3003116,30000,2026-08-09T08:50:15Z,電子決済,increment-run-001,workshop-participant,donation_events_001.csv,2026-08-11T11:59:30Z
EVT-FRS-008221,6008221,2004373,422142,3003126,12000,2026-08-09T08:58:51Z,コンビニ決済,increment-run-001,workshop-participant,donation_events_001.csv,2026-08-11T11:59:30Z
EVT-FRS-001414,6001414,2006499,402206,3004625,20000,2026-08-09T08:59:59Z,クレジットカード,increment-run-001,workshop-participant,donation_events_001.csv,2026-08-11T11:59:30Z
EVT-FRS-003205,6003205,2001614,012068,3005494,20000,2026-08-09T09:00:11Z,クレジットカード,increment-run-001,workshop-participant,donation_events_001.csv,2026-08-11T11:59:30Z
EVT-FRS-003301,6003301,2006233,082325,3000617,20000,2026-08-09T09:00:44Z,電子決済,increment-run-001,workshop-participant,donation_events_001.csv,2026-08-11T11:59:30Z
EVT-FRS-007402,6007402,2011078,431001,3004301,15000,2026-08-09T09:01:02Z,クレジットカード,increment-run-001,workshop-participant,donation_events_001.csv,2026-08-11T11:59:30Z
EVT-FRS-002063,6002063,2010919,332151,3001144,8000,2026-08-09T09:04:13Z,クレジットカード,increment-run-001,workshop-participant,donation_events_001.csv,2026-08-11T11:59:30Z
EVT-FRS-009668,6009668,2009012,332097,3000348,20000,2026-08-09T09:04:27Z,コンビニ決済,increment-run-001,workshop-participant,donation_events_001.csv,2026-08-11T11:59:30Z
EVT-FRS-010770,6010770,2006568,222127,3004313,12000,2026-08-09T09:07:27Z,クレジットカード,increment-run-001,workshop-participant,donation_events_001.csv,2026-08-11T11:59:30Z
EVT-FRS-006581,6006581,2000496,122157,3002561,15000,2026-08-09T09:08:19Z,クレジットカード,increment-run-001,workshop-participant,donation_events_001.csv,2026-08-11T11:59:30Z
EVT-FRS-010389,6010389,2007726,452050,3003161,20000,2026-08-09T09:09:50Z,クレジットカード,increment-run-001,workshop-participant,donation_events_001.csv,2026-08-11T11:59:30Z
EVT-FRS-010873,6010873,2009626,254428,3000262,15000,2026-08-09T09:11:20Z,電子決済,increment-run-001,workshop-participant,donation_events_001.csv,2026-08-11T11:59:30Z
EVT-FRS-013170,6013170,2004601,082155,3002350,30000,2026-08-09T09:11:28Z,クレジットカード,increment-run-001,workshop-participant,donation_events_001.csv,2026-08-11T11:59:30Z
EVT-FRS-005270,6005270,2002501,212113,3001451,8000,2026-08-09T09:11:57Z,クレジットカード,increment-run-001,workshop-participant,donation_events_001.csv,2026-08-11T11:59:30Z
EVT-FRS-004532,6004532,2007789,332046,3003261,25000,2026-08-09T09:15:14Z,クレジットカード,increment-run-001,workshop-participant,donation_events_001.csv,2026-08-11T11:59:30Z
EVT-FRS-002273,6002273,2009096,122289,3004430,10000,2026-08-09T09:18:25Z,電子決済,increment-run-001,workshop-participant,donation_events_001.csv,2026-08-11T11:59:30Z
EVT-FRS-008596,6008596,2002813,122190,3004714,5000,2026-08-09T09:19:51Z,クレジットカード,increment-run-001,workshop-participant,donation_events_001.csv,2026-08-11T11:59:30Z
EVT-FRS-012456,6012456,2007122,272132,3000484,15000,2026-08-09T09:20:50Z,コンビニ決済,increment-run-001,workshop-participant,donation_events_001.csv,2026-08-11T11:59:30Z
EVT-FRS-006851,6006851,2004506,132276,3003923,20000,2026-08-09T09:21:53Z,クレジットカード,increment-run-001,workshop-participant,donation_events_001.csv,2026-08-11T11:59:30Z
EVT-FRS-006209,6006209,2004700,352152,3001321,10000,2026-08-09T09:28:16Z,クレジットカード,increment-run-001,workshop-participant,donation_events_001.csv,2026-08-11T11:59:30Z
EVT-FRS-001693,6001693,2004447,142131,3004023,30000,2026-08-09T09:28:21Z,クレジットカード,increment-run-001,workshop-participant,donation_events_001.csv,2026-08-11T11:59:30Z
EVT-FRS-010228,6010228,2007316,182044,3005421,70000,2026-08-09T09:28:54Z,クレジットカード,increment-run-001,workshop-participant,donation_events_001.csv,2026-08-11T11:59:30Z
EVT-FRS-002268,6002268,2007109,202053,3003960,15000,2026-08-09T09:36:27Z,クレジットカード,increment-run-001,workshop-participant,donation_events_001.csv,2026-08-11T11:59:30Z
EVT-FRS-010734,6010734,2006867,182052,3005669,8000,2026-08-09T09:39:24Z,クレジットカード,increment-run-001,workshop-participant,donation_events_001.csv,2026-08-11T11:59:30Z
EVT-FRS-014819,6014819,2008339,332135,3005998,25000,2026-08-09T09:42:24Z,銀行振込,increment-run-001,workshop-participant,donation_events_001.csv,2026-08-11T11:59:30Z
EVT-FRS-006265,6006265,2001933,282081,3003499,10000,2026-08-09T09:46:04Z,クレジットカード,increment-run-001,workshop-participant,donation_events_001.csv,2026-08-11T11:59:30Z
EVT-FRS-000237,6000237,2007652,452025,3002265,10000,2026-08-09T09:53:00Z,銀行振込,increment-run-001,workshop-participant,donation_events_001.csv,2026-08-11T11:59:30Z
EVT-FRS-013819,6013819,2007529,012203,3000380,25000,2026-08-09T09:53:04Z,クレジットカード,increment-run-001,workshop-participant,donation_events_001.csv,2026-08-11T11:59:30Z
EVT-FRS-012134,6012134,2011091,232076,3004155,30000,2026-08-09T09:53:16Z,クレジットカード,increment-run-001,workshop-participant,donation_events_001.csv,2026-08-11T11:59:30Z
EVT-FRS-002965,6002965,2007080,232297,3003703,10000,2026-08-09T10:04:10Z,電子決済,increment-run-001,workshop-participant,donation_events_001.csv,2026-08-11T11:59:30Z
EVT-FRS-009284,6009284,2001640,402290,3004236,10000,2026-08-09T10:04:26Z,銀行振込,increment-run-001,workshop-participant,donation_events_001.csv,2026-08-11T11:59:30Z
EVT-FRS-001514,6001514,2004010,434248,3005598,10000,2026-08-09T10:06:08Z,電子決済,increment-run-001,workshop-participant,donation_events_001.csv,2026-08-11T11:59:30Z
EVT-FRS-010793,6010793,2001352,422011,3002348,100000,2026-08-09T10:07:51Z,電子決済,increment-run-001,workshop-participant,donation_events_001.csv,2026-08-11T11:59:30Z
EVT-FRS-009879,6009879,2004063,222232,3000511,20000,2026-08-09T10:12:47Z,クレジットカード,increment-run-001,workshop-participant,donation_events_001.csv,2026-08-11T11:59:30Z
EVT-FRS-006887,6006887,2006673,472123,3001104,15000,2026-08-09T10:16:44Z,クレジットカード,increment-run-001,workshop-participant,donation_events_001.csv,2026-08-11T11:59:30Z
EVT-FRS-006765,6006765,2002367,325058,3004242,10000,2026-08-09T10:17:09Z,クレジットカード,increment-run-001,workshop-participant,donation_events_001.csv,2026-08-11T11:59:30Z
EVT-FRS-014745,6014745,2005471,172065,3003006,8000,2026-08-09T10:17:40Z,クレジットカード,increment-run-001,workshop-participant,donation_events_001.csv,2026-08-11T11:59:30Z
EVT-FRS-011328,6011328,2000241,322041,3000146,5000,2026-08-09T10:22:24Z,クレジットカード,increment-run-001,workshop-participant,donation_events_001.csv,2026-08-11T11:59:30Z
EVT-FRS-003712,6003712,2010675,062138,3004820,12000,2026-08-09T10:25:04Z,クレジットカード,increment-run-001,workshop-participant,donation_events_001.csv,2026-08-11T11:59:30Z
EVT-FRS-012168,6012168,2000932,141305,3003591,25000,2026-08-09T10:29:02Z,クレジットカード,increment-run-001,workshop-participant,donation_events_001.csv,2026-08-11T11:59:30Z
EVT-FRS-007321,6007321,2009236,082325,3003980,30000,2026-08-09T10:35:26Z,クレジットカード,increment-run-001,workshop-participant,donation_events_001.csv,2026-08-11T11:59:30Z
EVT-FRS-011623,6011623,2005629,242110,3005319,40000,2026-08-09T10:42:33Z,クレジットカード,increment-run-001,workshop-participant,donation_events_001.csv,2026-08-11T11:59:30Z
EVT-FRS-014396,6014396,2011169,012297,3000018,10000,2026-08-09T10:44:24Z,クレジットカード,increment-run-001,workshop-participant,donation_events_001.csv,2026-08-11T11:59:30Z
EVT-FRS-011755,6011755,2009170,182010,3000835,15000,2026-08-09T10:46:01Z,クレジットカード,increment-run-001,workshop-participant,donation_events_001.csv,2026-08-11T11:59:30Z
EVT-FRS-005592,6005592,2008378,462225,3000096,15000,2026-08-09T10:47:30Z,クレジットカード,increment-run-001,workshop-participant,donation_events_001.csv,2026-08-11T11:59:30Z
EVT-FRS-008936,6008936,2005271,272132,3000119,15000,2026-08-09T10:49:08Z,クレジットカード,increment-run-001,workshop-participant,donation_events_001.csv,2026-08-11T11:59:30Z
EVT-FRS-013649,6013649,2011989,042072,3002128,30000,2026-08-09T10:51:13Z,クレジットカード,increment-run-001,workshop-participant,donation_events_001.csv,2026-08-11T11:59:30Z
EVT-FRS-002816,6002816,2003999,232092,3002582,12000,2026-08-09T10:55:32Z,電子決済,increment-run-001,workshop-participant,donation_events_001.csv,2026-08-11T11:59:30Z
EVT-FRS-014299,6014299,2008163,342131,3001475,20000,2026-08-09T10:59:26Z,クレジットカード,increment-run-001,workshop-participant,donation_events_001.csv,2026-08-11T11:59:30Z
EVT-FRS-000845,6000845,2008032,022012,3000540,12000,2026-08-09T10:59:51Z,クレジットカード,increment-run-001,workshop-participant,donation_events_001.csv,2026-08-11T11:59:30Z
EVT-FRS-011757,6011757,2011818,192082,3003819,50000,2026-08-09T11:04:03Z,クレジットカード,increment-run-001,workshop-participant,donation_events_001.csv,2026-08-11T11:59:30Z
EVT-FRS-009248,6009248,2000744,342025,3003772,8000,2026-08-09T11:09:17Z,クレジットカード,increment-run-001,workshop-participant,donation_events_001.csv,2026-08-11T11:59:30Z
EVT-FRS-002217,6002217,2011574,294241,3001758,12000,2026-08-09T11:10:17Z,クレジットカード,increment-run-001,workshop-participant,donation_events_001.csv,2026-08-11T11:59:30Z
EVT-FRS-007738,6007738,2009928,202142,3003865,50000,2026-08-09T11:11:20Z,クレジットカード,increment-run-001,workshop-participant,donation_events_001.csv,2026-08-11T11:59:30Z
EVT-FRS-000146,6000146,2010446,052141,3004446,15000,2026-08-09T11:14:39Z,コンビニ決済,increment-run-001,workshop-participant,donation_events_001.csv,2026-08-11T11:59:30Z
EVT-FRS-011307,6011307,2002733,452025,3005996,15000,2026-08-09T11:23:20Z,クレジットカード,increment-run-001,workshop-participant,donation_events_001.csv,2026-08-11T11:59:30Z
EVT-FRS-003596,6003596,2003112,464686,3002337,20000,2026-08-09T11:24:08Z,クレジットカード,increment-run-001,workshop-participant,donation_events_001.csv,2026-08-11T11:59:30Z
EVT-FRS-009448,6009448,2008074,284467,3005855,20000,2026-08-09T11:24:51Z,電子決済,increment-run-001,workshop-participant,donation_events_001.csv,2026-08-11T11:59:30Z
EVT-FRS-003647,6003647,2011965,452025,3003435,12000,2026-08-09T11:26:14Z,電子決済,increment-run-001,workshop-participant,donation_events_001.csv,2026-08-11T11:59:30Z
EVT-FRS-011108,6011108,2002034,222127,3000099,8000,2026-08-09T11:30:09Z,クレジットカード,increment-run-001,workshop-participant,donation_events_001.csv,2026-08-11T11:59:30Z
EVT-FRS-013629,6013629,2010524,372056,3005600,100000,2026-08-09T11:32:10Z,クレジットカード,increment-run-001,workshop-participant,donation_events_001.csv,2026-08-11T11:59:30Z
EVT-FRS-009624,6009624,2007769,074641,3004938,5000,2026-08-09T11:44:40Z,電子決済,increment-run-001,workshop-participant,donation_events_001.csv,2026-08-11T11:59:30Z
EVT-FRS-011873,6011873,2005386,034851,3000237,5000,2026-08-09T11:45:45Z,クレジットカード,increment-run-001,workshop-participant,donation_events_001.csv,2026-08-11T11:59:30Z
EVT-FRS-009390,6009390,2006888,442135,3005200,20000,2026-08-09T11:47:35Z,クレジットカード,increment-run-001,workshop-participant,donation_events_001.csv,2026-08-11T11:59:30Z
EVT-FRS-000636,6000636,2010662,042072,3003933,25000,2026-08-09T11:49:12Z,クレジットカード,increment-run-001,workshop-participant,donation_events_001.csv,2026-08-11T11:59:30Z
EVT-FRS-000007,6000007,2003577,452025,3005996,20000,2026-08-09T11:49:43Z,クレジットカード,increment-run-001,workshop-participant,donation_events_001.csv,2026-08-11T11:59:30Z
EVT-FRS-005570,6005570,2005221,052019,3004026,20000,2026-08-09T12:04:30Z,電子決済,increment-run-001,workshop-participant,donation_events_001.csv,2026-08-11T11:59:30Z
EVT-FRS-008583,6008583,2000913,462144,3005376,12000,2026-08-09T12:06:29Z,電子決済,increment-run-001,workshop-participant,donation_events_001.csv,2026-08-11T11:59:30Z
EVT-FRS-014275,6014275,2008844,082317,3000992,30000,2026-08-09T12:11:16Z,クレジットカード,increment-run-001,workshop-participant,donation_events_001.csv,2026-08-11T11:59:30Z
EVT-FRS-001302,6001302,2011324,074462,3005517,15000,2026-08-09T12:12:51Z,クレジットカード,increment-run-001,workshop-participant,donation_events_001.csv,2026-08-11T11:59:30Z
EVT-FRS-009918,6009918,2006820,454290,3004822,15000,2026-08-09T12:13:28Z,クレジットカード,increment-run-001,workshop-participant,donation_events_001.csv,2026-08-11T11:59:30Z
EVT-FRS-006097,6006097,2005566,142042,3000705,20000,2026-08-09T12:17:35Z,電子決済,increment-run-001,workshop-participant,donation_events_001.csv,2026-08-11T11:59:30Z
EVT-FRS-002546,6002546,2008388,343099,3004590,15000,2026-08-09T12:20:46Z,銀行振込,increment-run-001,workshop-participant,donation_events_001.csv,2026-08-11T11:59:30Z
EVT-FRS-007617,6007617,2007037,232017,3005230,10000,2026-08-09T12:22:04Z,クレジットカード,increment-run-001,workshop-participant,donation_events_001.csv,2026-08-11T11:59:30Z
EVT-FRS-000193,6000193,2009497,452025,3005996,15000,2026-08-09T12:22:41Z,電子決済,increment-run-001,workshop-participant,donation_events_001.csv,2026-08-11T11:59:30Z
EVT-FRS-014834,6014834,2002345,112020,3004330,10000,2026-08-09T12:23:26Z,クレジットカード,increment-run-001,workshop-participant,donation_events_001.csv,2026-08-11T11:59:30Z
EVT-FRS-007989,6007989,2011846,342025,3002260,30000,2026-08-09T12:23:34Z,クレジットカード,increment-run-001,workshop-participant,donation_events_001.csv,2026-08-11T11:59:30Z
EVT-FRS-003830,6003830,2009884,074454,3002810,8000,2026-08-09T12:28:08Z,電子決済,increment-run-001,workshop-participant,donation_events_001.csv,2026-08-11T11:59:30Z
EVT-FRS-006280,6006280,2010265,052043,3000318,10000,2026-08-09T12:37:32Z,クレジットカード,increment-run-001,workshop-participant,donation_events_001.csv,2026-08-11T11:59:30Z
EVT-FRS-012018,6012018,2000626,112305,3005512,20000,2026-08-09T12:40:33Z,クレジットカード,increment-run-001,workshop-participant,donation_events_001.csv,2026-08-11T11:59:30Z
EVT-FRS-008820,6008820,2009455,394122,3002858,20000,2026-08-09T12:51:57Z,銀行振込,increment-run-001,workshop-participant,donation_events_001.csv,2026-08-11T11:59:30Z
EVT-FRS-012913,6012913,2000028,122319,3003310,20000,2026-08-09T12:56:02Z,クレジットカード,increment-run-001,workshop-participant,donation_events_001.csv,2026-08-11T11:59:30Z
EVT-FRS-013674,6013674,2011119,434426,3003618,20000,2026-08-09T12:56:16Z,コンビニ決済,increment-run-001,workshop-participant,donation_events_001.csv,2026-08-11T11:59:30Z
EVT-FRS-007768,6007768,2000096,122131,3002877,15000,2026-08-09T13:01:34Z,クレジットカード,increment-run-001,workshop-participant,donation_events_001.csv,2026-08-11T11:59:30Z
EVT-FRS-009672,6009672,2005473,452084,3002388,15000,2026-08-09T13:02:55Z,クレジットカード,increment-run-001,workshop-participant,donation_events_001.csv,2026-08-11T11:59:30Z
EVT-FRS-008683,6008683,2011973,202029,3003369,10000,2026-08-09T13:04:25Z,銀行振込,increment-run-001,workshop-participant,donation_events_001.csv,2026-08-11T11:59:30Z
EVT-FRS-007759,6007759,2006387,122246,3000690,10000,2026-08-09T13:10:02Z,クレジットカード,increment-run-001,workshop-participant,donation_events_001.csv,2026-08-11T11:59:30Z
EVT-FRS-002832,6002832,2006626,132284,3001567,30000,2026-08-09T13:12:28Z,クレジットカード,increment-run-001,workshop-participant,donation_events_001.csv,2026-08-11T11:59:30Z
EVT-FRS-010830,6010830,2009015,122246,3004260,10000,2026-08-09T13:14:22Z,電子決済,increment-run-001,workshop-participant,donation_events_001.csv,2026-08-11T11:59:30Z
EVT-FRS-000750,6000750,2006334,152048,3004458,10000,2026-08-09T13:15:00Z,クレジットカード,increment-run-001,workshop-participant,donation_events_001.csv,2026-08-11T11:59:30Z
EVT-FRS-007803,6007803,2002107,392090,3004048,10000,2026-08-09T13:19:20Z,クレジットカード,increment-run-001,workshop-participant,donation_events_001.csv,2026-08-11T11:59:30Z
EVT-FRS-011574,6011574,2000723,242128,3001434,10000,2026-08-09T13:19:40Z,クレジットカード,increment-run-001,workshop-participant,donation_events_001.csv,2026-08-11T11:59:30Z
EVT-FRS-001013,6001013,2005995,112356,3005583,20000,2026-08-09T13:19:50Z,クレジットカード,increment-run-001,workshop-participant,donation_events_001.csv,2026-08-11T11:59:30Z
EVT-FRS-001332,6001332,2004138,422126,3004652,20000,2026-08-09T13:22:22Z,銀行振込,increment-run-001,workshop-participant,donation_events_001.csv,2026-08-11T11:59:30Z
EVT-FRS-008638,6008638,2007616,434329,3001727,8000,2026-08-09T13:23:27Z,電子決済,increment-run-001,workshop-participant,donation_events_001.csv,2026-08-11T11:59:30Z
EVT-FRS-006158,6006158,2001373,353418,3001532,12000,2026-08-09T13:31:19Z,クレジットカード,increment-run-001,workshop-participant,donation_events_001.csv,2026-08-11T11:59:30Z
EVT-FRS-003035,6003035,2001549,432067,3005338,8000,2026-08-09T13:31:24Z,クレジットカード,increment-run-001,workshop-participant,donation_events_001.csv,2026-08-11T11:59:30Z
EVT-FRS-001154,6001154,2004300,462217,3001982,12000,2026-08-09T13:32:55Z,クレジットカード,increment-run-001,workshop-participant,donation_events_001.csv,2026-08-11T11:59:30Z
EVT-FRS-007938,6007938,2010969,082236,3005105,20000,2026-08-09T13:36:36Z,クレジットカード,increment-run-001,workshop-participant,donation_events_001.csv,2026-08-11T11:59:30Z
EVT-FRS-008654,6008654,2011457,182087,3004008,25000,2026-08-09T13:38:09Z,クレジットカード,increment-run-001,workshop-participant,donation_events_001.csv,2026-08-11T11:59:30Z
EVT-FRS-013710,6013710,2003320,452025,3004014,20000,2026-08-09T13:39:58Z,電子決済,increment-run-001,workshop-participant,donation_events_001.csv,2026-08-11T11:59:30Z
EVT-FRS-005521,6005521,2007259,464686,3005084,15000,2026-08-09T13:47:33Z,クレジットカード,increment-run-001,workshop-participant,donation_events_001.csv,2026-08-11T11:59:30Z
EVT-FRS-013658,6013658,2009502,406210,3004423,12000,2026-08-09T13:49:01Z,クレジットカード,increment-run-001,workshop-participant,donation_events_001.csv,2026-08-11T11:59:30Z
EVT-FRS-001695,6001695,2001528,473111,3000686,15000,2026-08-09T13:50:15Z,クレジットカード,increment-run-001,workshop-participant,donation_events_001.csv,2026-08-11T11:59:30Z
EVT-FRS-002340,6002340,2008580,464686,3002337,15000,2026-08-09T13:56:20Z,クレジットカード,increment-run-001,workshop-participant,donation_events_001.csv,2026-08-11T11:59:30Z
EVT-FRS-006517,6006517,2006350,122106,3003822,5000,2026-08-09T14:00:11Z,電子決済,increment-run-001,workshop-participant,donation_events_001.csv,2026-08-11T11:59:30Z
EVT-FRS-012672,6012672,2002148,432113,3000212,10000,2026-08-09T14:02:09Z,クレジットカード,increment-run-001,workshop-participant,donation_events_001.csv,2026-08-11T11:59:30Z
EVT-FRS-009495,6009495,2006415,152188,3002550,12000,2026-08-09T14:03:42Z,銀行振込,increment-run-001,workshop-participant,donation_events_001.csv,2026-08-11T11:59:30Z
EVT-FRS-000043,6000043,2003151,112151,3005861,10000,2026-08-09T14:05:16Z,コンビニ決済,increment-run-001,workshop-participant,donation_events_001.csv,2026-08-11T11:59:30Z
EVT-FRS-007944,6007944,2005138,452025,3004014,50000,2026-08-09T14:07:01Z,クレジットカード,increment-run-001,workshop-participant,donation_events_001.csv,2026-08-11T11:59:30Z
EVT-FRS-001363,6001363,2007548,272183,3002258,8000,2026-08-09T14:07:18Z,クレジットカード,increment-run-001,workshop-participant,donation_events_001.csv,2026-08-11T11:59:30Z
EVT-FRS-001509,6001509,2007828,102041,3001427,10000,2026-08-09T14:11:17Z,クレジットカード,increment-run-001,workshop-participant,donation_events_001.csv,2026-08-11T11:59:30Z
EVT-FRS-001808,6001808,2008612,473481,3004815,8000,2026-08-09T14:12:08Z,クレジットカード,increment-run-001,workshop-participant,donation_events_001.csv,2026-08-11T11:59:30Z
EVT-FRS-007378,6007378,2010740,373222,3002754,10000,2026-08-09T14:13:47Z,クレジットカード,increment-run-001,workshop-participant,donation_events_001.csv,2026-08-11T11:59:30Z
EVT-FRS-014131,6014131,2006356,012203,3001079,8000,2026-08-09T14:15:08Z,電子決済,increment-run-001,workshop-participant,donation_events_001.csv,2026-08-11T11:59:30Z
EVT-FRS-013493,6013493,2005895,362018,3002282,5000,2026-08-09T14:24:10Z,クレジットカード,increment-run-001,workshop-participant,donation_events_001.csv,2026-08-11T11:59:30Z
EVT-FRS-008777,6008777,2009956,202029,3000551,50000,2026-08-09T14:26:08Z,クレジットカード,increment-run-001,workshop-participant,donation_events_001.csv,2026-08-11T11:59:30Z
EVT-FRS-002613,6002613,2008211,133612,3005728,8000,2026-08-09T14:33:01Z,クレジットカード,increment-run-001,workshop-participant,donation_events_001.csv,2026-08-11T11:59:30Z
EVT-FRS-005922,6005922,2008321,472140,3002791,25000,2026-08-09T14:35:55Z,クレジットカード,increment-run-001,workshop-participant,donation_events_001.csv,2026-08-11T11:59:30Z
EVT-FRS-013216,6013216,2005936,074071,3002344,10000,2026-08-09T14:35:57Z,クレジットカード,increment-run-001,workshop-participant,donation_events_001.csv,2026-08-11T11:59:30Z
EVT-FRS-013477,6013477,2003334,182052,3001264,10000,2026-08-09T14:41:33Z,クレジットカード,increment-run-001,workshop-participant,donation_events_001.csv,2026-08-11T11:59:30Z
EVT-FRS-011763,6011763,2006063,342084,3000025,10000,2026-08-09T14:42:08Z,クレジットカード,increment-run-001,workshop-participant,donation_events_001.csv,2026-08-11T11:59:30Z
EVT-FRS-008602,6008602,2001349,212181,3002211,25000,2026-08-09T14:42:47Z,クレジットカード,increment-run-001,workshop-participant,donation_events_001.csv,2026-08-11T11:59:30Z
EVT-FRS-009735,6009735,2002209,082031,3001172,25000,2026-08-09T14:44:39Z,クレジットカード,increment-run-001,workshop-participant,donation_events_001.csv,2026-08-11T11:59:30Z
EVT-FRS-008064,6008064,2007669,422037,3002037,12000,2026-08-09T14:48:04Z,コンビニ決済,increment-run-001,workshop-participant,donation_events_001.csv,2026-08-11T11:59:30Z
EVT-FRS-002598,6002598,2007686,162094,3005691,15000,2026-08-09T14:49:03Z,クレジットカード,increment-run-001,workshop-participant,donation_events_001.csv,2026-08-11T11:59:30Z
EVT-FRS-002827,6002827,2007514,423831,3004666,20000,2026-08-09T14:50:28Z,クレジットカード,increment-run-001,workshop-participant,donation_events_001.csv,2026-08-11T11:59:30Z
EVT-FRS-004036,6004036,2002720,222089,3001999,15000,2026-08-09T14:57:53Z,クレジットカード,increment-run-001,workshop-participant,donation_events_001.csv,2026-08-11T11:59:30Z
EVT-FRS-006728,6006728,2004851,464686,3003500,15000,2026-08-09T15:00:05Z,電子決済,increment-run-001,workshop-participant,donation_events_001.csv,2026-08-11T11:59:30Z
EVT-FRS-011151,6011151,2005776,182044,3005421,10000,2026-08-09T15:04:41Z,電子決済,increment-run-001,workshop-participant,donation_events_001.csv,2026-08-11T11:59:30Z
EVT-FRS-008179,6008179,2005784,282049,3003594,25000,2026-08-09T15:05:33Z,クレジットカード,increment-run-001,workshop-participant,donation_events_001.csv,2026-08-11T11:59:30Z
EVT-FRS-009960,6009960,2006590,272248,3000288,20000,2026-08-09T15:08:29Z,クレジットカード,increment-run-001,workshop-participant,donation_events_001.csv,2026-08-11T11:59:30Z
EVT-FRS-010781,6010781,2000822,102121,3001247,15000,2026-08-09T15:12:16Z,クレジットカード,increment-run-001,workshop-participant,donation_events_001.csv,2026-08-11T11:59:30Z
EVT-FRS-011730,6011730,2010023,402184,3004348,15000,2026-08-09T15:13:41Z,クレジットカード,increment-run-001,workshop-participant,donation_events_001.csv,2026-08-11T11:59:30Z
EVT-FRS-002104,6002104,2006358,042081,3005083,15000,2026-08-09T15:14:06Z,電子決済,increment-run-001,workshop-participant,donation_events_001.csv,2026-08-11T11:59:30Z
EVT-FRS-005418,6005418,2005409,102105,3002097,10000,2026-08-09T15:19:32Z,コンビニ決済,increment-run-001,workshop-participant,donation_events_001.csv,2026-08-11T11:59:30Z
EVT-FRS-011517,6011517,2000051,442135,3001850,20000,2026-08-09T15:19:45Z,電子決済,increment-run-001,workshop-participant,donation_events_001.csv,2026-08-11T11:59:30Z
EVT-FRS-010143,6010143,2006526,402117,3002733,10000,2026-08-09T15:25:16Z,クレジットカード,increment-run-001,workshop-participant,donation_events_001.csv,2026-08-11T11:59:30Z
EVT-FRS-011616,6011616,2008633,032140,3002838,10000,2026-08-09T15:26:46Z,クレジットカード,increment-run-001,workshop-participant,donation_events_001.csv,2026-08-11T11:59:30Z
EVT-FRS-012732,6012732,2005063,302023,3001884,100000,2026-08-09T15:26:59Z,クレジットカード,increment-run-001,workshop-participant,donation_events_001.csv,2026-08-11T11:59:30Z
EVT-FRS-013708,6013708,2001872,082031,3000868,20000,2026-08-09T15:27:39Z,クレジットカード,increment-run-001,workshop-participant,donation_events_001.csv,2026-08-11T11:59:30Z
EVT-FRS-011018,6011018,2009966,462080,3001315,25000,2026-08-09T15:30:09Z,クレジットカード,increment-run-001,workshop-participant,donation_events_001.csv,2026-08-11T11:59:30Z
EVT-FRS-001882,6001882,2011422,422142,3005051,20000,2026-08-09T15:34:51Z,電子決済,increment-run-001,workshop-participant,donation_events_001.csv,2026-08-11T11:59:30Z
EVT-FRS-004482,6004482,2007105,122050,3004312,20000,2026-08-09T15:36:21Z,クレジットカード,increment-run-001,workshop-participant,donation_events_001.csv,2026-08-11T11:59:30Z
EVT-FRS-000212,6000212,2010469,122122,3004474,20000,2026-08-09T15:37:34Z,クレジットカード,increment-run-001,workshop-participant,donation_events_001.csv,2026-08-11T11:59:30Z
EVT-FRS-000293,6000293,2004002,312045,3002345,15000,2026-08-09T15:43:57Z,電子決済,increment-run-001,workshop-participant,donation_events_001.csv,2026-08-11T11:59:30Z
EVT-FRS-011549,6011549,2002419,362026,3001720,12000,2026-08-09T15:47:17Z,クレジットカード,increment-run-001,workshop-participant,donation_events_001.csv,2026-08-11T11:59:30Z
EVT-FRS-002649,6002649,2010338,271403,3005832,25000,2026-08-09T15:51:30Z,クレジットカード,increment-run-001,workshop-participant,donation_events_001.csv,2026-08-11T11:59:30Z
EVT-FRS-013200,6013200,2003284,182079,3003995,20000,2026-08-09T15:56:23Z,クレジットカード,increment-run-001,workshop-participant,donation_events_001.csv,2026-08-11T11:59:30Z
EVT-FRS-014278,6014278,2007116,232351,3004170,8000,2026-08-09T15:58:15Z,クレジットカード,increment-run-001,workshop-participant,donation_events_001.csv,2026-08-11T11:59:30Z
EVT-FRS-000489,6000489,2002024,182087,3001071,8000,2026-08-09T16:05:35Z,電子決済,increment-run-001,workshop-participant,donation_events_001.csv,2026-08-11T11:59:30Z
EVT-FRS-005160,6005160,2000293,292109,3001118,15000,2026-08-09T16:11:57Z,クレジットカード,increment-run-001,workshop-participant,donation_events_001.csv,2026-08-11T11:59:30Z
EVT-FRS-009167,6009167,2008418,122050,3000225,10000,2026-08-09T16:12:52Z,クレジットカード,increment-run-001,workshop-participant,donation_events_001.csv,2026-08-11T11:59:30Z
EVT-FRS-006135,6006135,2005012,131211,3003895,15000,2026-08-09T16:20:28Z,クレジットカード,increment-run-001,workshop-participant,donation_events_001.csv,2026-08-11T11:59:30Z
EVT-FRS-009732,6009732,2009036,412015,3005653,15000,2026-08-09T16:22:14Z,クレジットカード,increment-run-001,workshop-participant,donation_events_001.csv,2026-08-11T11:59:30Z
EVT-FRS-005605,6005605,2003184,392014,3005116,15000,2026-08-09T16:25:06Z,コンビニ決済,increment-run-001,workshop-participant,donation_events_001.csv,2026-08-11T11:59:30Z
EVT-FRS-013316,6013316,2011879,162019,3002576,15000,2026-08-09T16:26:50Z,クレジットカード,increment-run-001,workshop-participant,donation_events_001.csv,2026-08-11T11:59:30Z
EVT-FRS-000251,6000251,2005843,102041,3002781,15000,2026-08-09T16:31:22Z,電子決済,increment-run-001,workshop-participant,donation_events_001.csv,2026-08-11T11:59:30Z
EVT-FRS-008299,6008299,2000555,402117,3002733,20000,2026-08-09T16:39:08Z,クレジットカード,increment-run-001,workshop-participant,donation_events_001.csv,2026-08-11T11:59:30Z
EVT-FRS-004092,6004092,2007755,222054,3000341,15000,2026-08-09T16:42:20Z,クレジットカード,increment-run-001,workshop-participant,donation_events_001.csv,2026-08-11T11:59:30Z
EVT-FRS-013669,6013669,2005169,132128,3004592,5000,2026-08-09T16:43:16Z,電子決済,increment-run-001,workshop-participant,donation_events_001.csv,2026-08-11T11:59:30Z
EVT-FRS-013163,6013163,2008034,442038,3000537,10000,2026-08-09T16:50:00Z,クレジットカード,increment-run-001,workshop-participant,donation_events_001.csv,2026-08-11T11:59:30Z
EVT-FRS-014280,6014280,2008320,302023,3005059,8000,2026-08-09T16:50:35Z,電子決済,increment-run-001,workshop-participant,donation_events_001.csv,2026-08-11T11:59:30Z
EVT-FRS-008727,6008727,2011224,222127,3001668,20000,2026-08-09T16:53:52Z,クレジットカード,increment-run-001,workshop-participant,donation_events_001.csv,2026-08-11T11:59:30Z
EVT-FRS-006487,6006487,2003733,012190,3002126,25000,2026-08-09T16:55:38Z,電子決済,increment-run-001,workshop-participant,donation_events_001.csv,2026-08-11T11:59:30Z
EVT-FRS-002229,6002229,2001948,012190,3004508,40000,2026-08-09T16:55:58Z,電子決済,increment-run-001,workshop-participant,donation_events_001.csv,2026-08-11T11:59:30Z
EVT-FRS-002487,6002487,2000975,472077,3000523,40000,2026-08-09T16:56:19Z,電子決済,increment-run-001,workshop-participant,donation_events_001.csv,2026-08-11T11:59:30Z
EVT-FRS-011386,6011386,2008694,014290,3001086,10000,2026-08-09T16:57:14Z,電子決済,increment-run-001,workshop-participant,donation_events_001.csv,2026-08-11T11:59:30Z
EVT-FRS-009512,6009512,2009249,272141,3003272,10000,2026-08-09T17:01:10Z,クレジットカード,increment-run-001,workshop-participant,donation_events_001.csv,2026-08-11T11:59:30Z
EVT-FRS-009704,6009704,2010078,332089,3005179,15000,2026-08-09T17:03:22Z,クレジットカード,increment-run-001,workshop-participant,donation_events_001.csv,2026-08-11T11:59:30Z
EVT-FRS-001597,6001597,2007465,152048,3001642,15000,2026-08-09T17:06:37Z,クレジットカード,increment-run-001,workshop-participant,donation_events_001.csv,2026-08-11T11:59:30Z
EVT-FRS-010108,6010108,2000363,052027,3003648,12000,2026-08-09T17:13:20Z,銀行振込,increment-run-001,workshop-participant,donation_events_001.csv,2026-08-11T11:59:30Z
EVT-FRS-002746,6002746,2003023,072133,3001301,10000,2026-08-09T17:18:26Z,銀行振込,increment-run-001,workshop-participant,donation_events_001.csv,2026-08-11T11:59:30Z
EVT-FRS-002942,6002942,2004316,075035,3004240,8000,2026-08-09T17:19:35Z,電子決済,increment-run-001,workshop-participant,donation_events_001.csv,2026-08-11T11:59:30Z
EVT-FRS-004844,6004844,2001216,102059,3002465,20000,2026-08-09T17:27:05Z,電子決済,increment-run-001,workshop-participant,donation_events_001.csv,2026-08-11T11:59:30Z
EVT-FRS-011379,6011379,2009532,462225,3000096,15000,2026-08-09T17:27:22Z,クレジットカード,increment-run-001,workshop-participant,donation_events_001.csv,2026-08-11T11:59:30Z
EVT-FRS-009156,6009156,2003001,212075,3002541,20000,2026-08-09T17:28:00Z,クレジットカード,increment-run-001,workshop-participant,donation_events_001.csv,2026-08-11T11:59:30Z
EVT-FRS-005099,6005099,2005425,112101,3000534,10000,2026-08-09T17:32:45Z,クレジットカード,increment-run-001,workshop-participant,donation_events_001.csv,2026-08-11T11:59:30Z
EVT-FRS-008955,6008955,2002068,132071,3003458,15000,2026-08-09T17:39:45Z,クレジットカード,increment-run-001,workshop-participant,donation_events_001.csv,2026-08-11T11:59:30Z
EVT-FRS-012317,6012317,2009319,182052,3001264,10000,2026-08-09T17:40:10Z,クレジットカード,increment-run-001,workshop-participant,donation_events_001.csv,2026-08-11T11:59:30Z
EVT-FRS-002970,6002970,2003162,154822,3004635,8000,2026-08-09T17:40:20Z,クレジットカード,increment-run-001,workshop-participant,donation_events_001.csv,2026-08-11T11:59:30Z
EVT-FRS-014628,6014628,2001066,362069,3005298,20000,2026-08-09T17:42:15Z,電子決済,increment-run-001,workshop-participant,donation_events_001.csv,2026-08-11T11:59:30Z
EVT-FRS-003941,6003941,2006412,243248,3003327,8000,2026-08-09T17:44:34Z,電子決済,increment-run-001,workshop-participant,donation_events_001.csv,2026-08-11T11:59:30Z
EVT-FRS-001764,6001764,2004521,074829,3004716,20000,2026-08-09T17:45:30Z,クレジットカード,increment-run-001,workshop-participant,donation_events_001.csv,2026-08-11T11:59:30Z
EVT-FRS-005653,6005653,2003501,332151,3003971,20000,2026-08-09T17:46:47Z,クレジットカード,increment-run-001,workshop-participant,donation_events_001.csv,2026-08-11T11:59:30Z
EVT-FRS-007266,6007266,2004835,272132,3000119,10000,2026-08-09T17:46:48Z,クレジットカード,increment-run-001,workshop-participant,donation_events_001.csv,2026-08-11T11:59:30Z
EVT-FRS-003201,6003201,2005301,372021,3002777,15000,2026-08-09T17:48:53Z,クレジットカード,increment-run-001,workshop-participant,donation_events_001.csv,2026-08-11T11:59:30Z
EVT-FRS-004588,6004588,2011472,352039,3003273,5000,2026-08-09T17:53:00Z,クレジットカード,increment-run-001,workshop-participant,donation_events_001.csv,2026-08-11T11:59:30Z
EVT-FRS-010827,6010827,2003872,422096,3005481,15000,2026-08-09T17:53:31Z,クレジットカード,increment-run-001,workshop-participant,donation_events_001.csv,2026-08-11T11:59:30Z
EVT-FRS-013549,6013549,2009755,282090,3005317,15000,2026-08-09T17:56:40Z,電子決済,increment-run-001,workshop-participant,donation_events_001.csv,2026-08-11T11:59:30Z
EVT-FRS-003817,6003817,2009985,142131,3005812,10000,2026-08-09T18:00:55Z,クレジットカード,increment-run-001,workshop-participant,donation_events_001.csv,2026-08-11T11:59:30Z
EVT-FRS-011707,6011707,2006910,092100,3001528,30000,2026-08-09T18:03:27Z,電子決済,increment-run-001,workshop-participant,donation_events_001.csv,2026-08-11T11:59:30Z
EVT-FRS-001513,6001513,2004073,392090,3003060,10000,2026-08-09T18:07:54Z,クレジットカード,increment-run-001,workshop-participant,donation_events_001.csv,2026-08-11T11:59:30Z
EVT-FRS-013400,6013400,2006164,222224,3000780,30000,2026-08-09T18:09:13Z,クレジットカード,increment-run-001,workshop-participant,donation_events_001.csv,2026-08-11T11:59:30Z
EVT-FRS-002795,6002795,2005464,312029,3001667,25000,2026-08-09T18:15:25Z,電子決済,increment-run-001,workshop-participant,donation_events_001.csv,2026-08-11T11:59:30Z
EVT-FRS-006815,6006815,2005172,442135,3000068,10000,2026-08-09T18:21:41Z,クレジットカード,increment-run-001,workshop-participant,donation_events_001.csv,2026-08-11T11:59:30Z
EVT-FRS-012098,6012098,2011850,432130,3000710,60000,2026-08-09T18:24:50Z,クレジットカード,increment-run-001,workshop-participant,donation_events_001.csv,2026-08-11T11:59:30Z
EVT-FRS-007889,6007889,2007526,332101,3005984,10000,2026-08-09T18:24:55Z,クレジットカード,increment-run-001,workshop-participant,donation_events_001.csv,2026-08-11T11:59:30Z
EVT-FRS-013518,6013518,2011960,452084,3000381,12000,2026-08-09T18:25:25Z,クレジットカード,increment-run-001,workshop-participant,donation_events_001.csv,2026-08-11T11:59:30Z
EVT-FRS-009556,6009556,2006988,262111,3001539,30000,2026-08-09T18:27:03Z,電子決済,increment-run-001,workshop-participant,donation_events_001.csv,2026-08-11T11:59:30Z
EVT-FRS-009564,6009564,2004711,472093,3003580,10000,2026-08-09T18:29:48Z,電子決済,increment-run-001,workshop-participant,donation_events_001.csv,2026-08-11T11:59:30Z
EVT-FRS-006156,6006156,2005116,202061,3003236,20000,2026-08-09T18:32:44Z,銀行振込,increment-run-001,workshop-participant,donation_events_001.csv,2026-08-11T11:59:30Z
EVT-FRS-004222,6004222,2005523,434477,3004265,5000,2026-08-09T18:33:28Z,クレジットカード,increment-run-001,workshop-participant,donation_events_001.csv,2026-08-11T11:59:30Z
EVT-FRS-014001,6014001,2011123,442038,3001268,12000,2026-08-09T18:38:08Z,クレジットカード,increment-run-001,workshop-participant,donation_events_001.csv,2026-08-11T11:59:30Z
EVT-FRS-013521,6013521,2009303,212016,3001737,5000,2026-08-09T18:40:24Z,クレジットカード,increment-run-001,workshop-participant,donation_events_001.csv,2026-08-11T11:59:30Z
EVT-FRS-011829,6011829,2007862,402192,3005528,20000,2026-08-09T18:43:22Z,クレジットカード,increment-run-001,workshop-participant,donation_events_001.csv,2026-08-11T11:59:30Z
EVT-FRS-004330,6004330,2011631,131211,3004690,20000,2026-08-09T18:46:53Z,コンビニ決済,increment-run-001,workshop-participant,donation_events_001.csv,2026-08-11T11:59:30Z
EVT-FRS-003093,6003093,2008301,212067,3001166,12000,2026-08-09T18:49:49Z,クレジットカード,increment-run-001,workshop-participant,donation_events_001.csv,2026-08-11T11:59:30Z
EVT-FRS-010958,6010958,2004664,352063,3005276,10000,2026-08-09T18:50:57Z,銀行振込,increment-run-001,workshop-participant,donation_events_001.csv,2026-08-11T11:59:30Z
EVT-FRS-007557,6007557,2004450,272132,3000548,20000,2026-08-09T18:51:10Z,電子決済,increment-run-001,workshop-participant,donation_events_001.csv,2026-08-11T11:59:30Z
EVT-FRS-010030,6010030,2006011,152111,3003212,50000,2026-08-09T18:51:28Z,クレジットカード,increment-run-001,workshop-participant,donation_events_001.csv,2026-08-11T11:59:30Z
EVT-FRS-010945,6010945,2009942,042111,3003915,15000,2026-08-09T18:56:00Z,クレジットカード,increment-run-001,workshop-participant,donation_events_001.csv,2026-08-11T11:59:30Z
EVT-FRS-003763,6003763,2011662,363022,3000692,20000,2026-08-09T18:56:42Z,クレジットカード,increment-run-001,workshop-participant,donation_events_001.csv,2026-08-11T11:59:30Z
EVT-FRS-003928,6003928,2000940,242161,3002472,12000,2026-08-09T18:57:18Z,クレジットカード,increment-run-001,workshop-participant,donation_events_001.csv,2026-08-11T11:59:30Z
EVT-FRS-001346,6001346,2009033,452025,3002730,30000,2026-08-09T18:59:40Z,コンビニ決済,increment-run-001,workshop-participant,donation_events_001.csv,2026-08-11T11:59:30Z
EVT-FRS-002973,6002973,2011977,016446,3000687,12000,2026-08-09T19:01:10Z,クレジットカード,increment-run-001,workshop-participant,donation_events_001.csv,2026-08-11T11:59:30Z
EVT-FRS-013135,6013135,2001700,022071,3005607,25000,2026-08-09T19:05:28Z,クレジットカード,increment-run-001,workshop-participant,donation_events_001.csv,2026-08-11T11:59:30Z
EVT-FRS-009900,6009900,2002707,432105,3003141,20000,2026-08-09T19:09:37Z,コンビニ決済,increment-run-001,workshop-participant,donation_events_001.csv,2026-08-11T11:59:30Z
EVT-FRS-010351,6010351,2008076,402214,3003809,10000,2026-08-09T19:12:49Z,クレジットカード,increment-run-001,workshop-participant,donation_events_001.csv,2026-08-11T11:59:30Z
EVT-FRS-008715,6008715,2004238,406210,3005086,30000,2026-08-09T19:17:58Z,銀行振込,increment-run-001,workshop-participant,donation_events_001.csv,2026-08-11T11:59:30Z
EVT-FRS-010539,6010539,2006007,342131,3001475,30000,2026-08-09T19:22:22Z,クレジットカード,increment-run-001,workshop-participant,donation_events_001.csv,2026-08-11T11:59:30Z
EVT-FRS-005495,6005495,2001393,062014,3005531,20000,2026-08-09T19:24:36Z,クレジットカード,increment-run-001,workshop-participant,donation_events_001.csv,2026-08-11T11:59:30Z
EVT-FRS-002733,6002733,2010259,052027,3003727,15000,2026-08-09T19:26:42Z,銀行振込,increment-run-001,workshop-participant,donation_events_001.csv,2026-08-11T11:59:30Z
EVT-FRS-003787,6003787,2010714,232297,3005704,10000,2026-08-09T19:31:58Z,クレジットカード,increment-run-001,workshop-participant,donation_events_001.csv,2026-08-11T11:59:30Z
EVT-FRS-014322,6014322,2010862,465291,3001623,12000,2026-08-09T19:34:46Z,クレジットカード,increment-run-001,workshop-participant,donation_events_001.csv,2026-08-11T11:59:30Z
EVT-FRS-006599,6006599,2003162,462047,3003316,10000,2026-08-09T19:36:35Z,クレジットカード,increment-run-001,workshop-participant,donation_events_001.csv,2026-08-11T11:59:30Z
EVT-FRS-013939,6013939,2003158,472051,3005821,10000,2026-08-09T19:41:55Z,クレジットカード,increment-run-001,workshop-participant,donation_events_001.csv,2026-08-11T11:59:30Z
EVT-FRS-012412,6012412,2003877,062090,3005577,10000,2026-08-09T19:44:07Z,クレジットカード,increment-run-001,workshop-participant,donation_events_001.csv,2026-08-11T11:59:30Z
EVT-FRS-014489,6014489,2005858,112101,3001224,20000,2026-08-09T19:44:07Z,クレジットカード,increment-run-001,workshop-participant,donation_events_001.csv,2026-08-11T11:59:30Z
EVT-FRS-012348,6012348,2011098,212130,3000263,10000,2026-08-09T19:45:28Z,銀行振込,increment-run-001,workshop-participant,donation_events_001.csv,2026-08-11T11:59:30Z
EVT-FRS-000373,6000373,2011545,212041,3005278,20000,2026-08-09T19:46:46Z,クレジットカード,increment-run-001,workshop-participant,donation_events_001.csv,2026-08-11T11:59:30Z
EVT-FRS-006867,6006867,2010708,042021,3002651,15000,2026-08-09T19:50:44Z,電子決済,increment-run-001,workshop-participant,donation_events_001.csv,2026-08-11T11:59:30Z
EVT-FRS-007537,6007537,2005714,062049,3005433,20000,2026-08-09T19:51:09Z,銀行振込,increment-run-001,workshop-participant,donation_events_001.csv,2026-08-11T11:59:30Z
EVT-FRS-012877,6012877,2000684,402168,3002325,12000,2026-08-09T19:53:53Z,電子決済,increment-run-001,workshop-participant,donation_events_001.csv,2026-08-11T11:59:30Z
EVT-FRS-007345,6007345,2009030,232050,3005485,40000,2026-08-09T19:56:16Z,電子決済,increment-run-001,workshop-participant,donation_events_001.csv,2026-08-11T11:59:30Z
EVT-FRS-003456,6003456,2000435,042099,3005396,30000,2026-08-09T19:57:17Z,クレジットカード,increment-run-001,workshop-participant,donation_events_001.csv,2026-08-11T11:59:30Z
EVT-FRS-002952,6002952,2005423,232041,3001782,8000,2026-08-09T19:59:52Z,コンビニ決済,increment-run-001,workshop-participant,donation_events_001.csv,2026-08-11T11:59:30Z
EVT-FRS-010071,6010071,2002960,353434,3003017,30000,2026-08-09T20:04:31Z,電子決済,increment-run-001,workshop-participant,donation_events_001.csv,2026-08-11T11:59:30Z
EVT-FRS-013948,6013948,2003842,012190,3002126,40000,2026-08-09T20:06:18Z,クレジットカード,increment-run-001,workshop-participant,donation_events_001.csv,2026-08-11T11:59:30Z
EVT-FRS-012490,6012490,2011335,016683,3001826,30000,2026-08-09T20:21:18Z,電子決済,increment-run-001,workshop-participant,donation_events_001.csv,2026-08-11T11:59:30Z
EVT-FRS-011201,6011201,2000867,252131,3005403,15000,2026-08-09T20:22:28Z,銀行振込,increment-run-001,workshop-participant,donation_events_001.csv,2026-08-11T11:59:30Z
EVT-FRS-009763,6009763,2000732,372072,3001909,12000,2026-08-09T20:29:35Z,クレジットカード,increment-run-001,workshop-participant,donation_events_001.csv,2026-08-11T11:59:30Z
EVT-FRS-000285,6000285,2001905,382141,3000936,15000,2026-08-09T20:30:57Z,電子決済,increment-run-001,workshop-participant,donation_events_001.csv,2026-08-11T11:59:30Z
EVT-FRS-010240,6010240,2009538,203068,3005683,10000,2026-08-09T20:33:28Z,クレジットカード,increment-run-001,workshop-participant,donation_events_001.csv,2026-08-11T11:59:30Z
EVT-FRS-011928,6011928,2006451,263222,3001970,12000,2026-08-09T20:36:32Z,クレジットカード,increment-run-001,workshop-participant,donation_events_001.csv,2026-08-11T11:59:30Z
EVT-FRS-006497,6006497,2010448,132241,3004777,5000,2026-08-09T20:39:41Z,電子決済,increment-run-001,workshop-participant,donation_events_001.csv,2026-08-11T11:59:30Z
EVT-FRS-014547,6014547,2007251,272175,3002710,30000,2026-08-09T20:40:13Z,電子決済,increment-run-001,workshop-participant,donation_events_001.csv,2026-08-11T11:59:30Z
EVT-FRS-006231,6006231,2006444,142077,3003427,8000,2026-08-09T20:42:46Z,電子決済,increment-run-001,workshop-participant,donation_events_001.csv,2026-08-11T11:59:30Z
EVT-FRS-002778,6002778,2006315,452025,3002265,5000,2026-08-09T20:46:33Z,電子決済,increment-run-001,workshop-participant,donation_events_001.csv,2026-08-11T11:59:30Z
EVT-FRS-007675,6007675,2003335,142166,3005251,30000,2026-08-09T20:54:15Z,クレジットカード,increment-run-001,workshop-participant,donation_events_001.csv,2026-08-11T11:59:30Z
EVT-FRS-012230,6012230,2004312,272132,3000548,10000,2026-08-09T20:55:18Z,クレジットカード,increment-run-001,workshop-participant,donation_events_001.csv,2026-08-11T11:59:30Z
EVT-FRS-002631,6002631,2011824,332119,3002246,15000,2026-08-09T20:55:57Z,クレジットカード,increment-run-001,workshop-participant,donation_events_001.csv,2026-08-11T11:59:30Z
EVT-FRS-005114,6005114,2000460,092118,3001432,20000,2026-08-09T20:57:05Z,クレジットカード,increment-run-001,workshop-participant,donation_events_001.csv,2026-08-11T11:59:30Z
EVT-FRS-001575,6001575,2003019,223441,3003151,20000,2026-08-09T21:00:12Z,電子決済,increment-run-001,workshop-participant,donation_events_001.csv,2026-08-11T11:59:30Z
EVT-FRS-008667,6008667,2007624,232084,3003908,10000,2026-08-09T21:00:42Z,クレジットカード,increment-run-001,workshop-participant,donation_events_001.csv,2026-08-11T11:59:30Z
EVT-FRS-006658,6006658,2007488,372048,3003023,10000,2026-08-09T21:01:06Z,クレジットカード,increment-run-001,workshop-participant,donation_events_001.csv,2026-08-11T11:59:30Z
EVT-FRS-013974,6013974,2011590,042137,3003331,12000,2026-08-09T21:01:59Z,クレジットカード,increment-run-001,workshop-participant,donation_events_001.csv,2026-08-11T11:59:30Z
EVT-FRS-004176,6004176,2001605,112151,3002952,5000,2026-08-09T21:03:03Z,銀行振込,increment-run-001,workshop-participant,donation_events_001.csv,2026-08-11T11:59:30Z
EVT-FRS-000166,6000166,2010851,302023,3004649,10000,2026-08-09T21:03:51Z,クレジットカード,increment-run-001,workshop-participant,donation_events_001.csv,2026-08-11T11:59:30Z
EVT-FRS-003460,6003460,2005986,402184,3001031,10000,2026-08-09T21:08:40Z,クレジットカード,increment-run-001,workshop-participant,donation_events_001.csv,2026-08-11T11:59:30Z
EVT-FRS-005810,6005810,2011433,452068,3001818,12000,2026-08-09T21:09:06Z,クレジットカード,increment-run-001,workshop-participant,donation_events_001.csv,2026-08-11T11:59:30Z
EVT-FRS-011414,6011414,2008541,082317,3001094,20000,2026-08-09T21:09:59Z,電子決済,increment-run-001,workshop-participant,donation_events_001.csv,2026-08-11T11:59:30Z
EVT-FRS-002939,6002939,2000886,352080,3004250,8000,2026-08-09T21:10:13Z,銀行振込,increment-run-001,workshop-participant,donation_events_001.csv,2026-08-11T11:59:30Z
EVT-FRS-010883,6010883,2008735,232351,3004170,5000,2026-08-09T21:10:51Z,クレジットカード,increment-run-001,workshop-participant,donation_events_001.csv,2026-08-11T11:59:30Z
EVT-FRS-002469,6002469,2011659,282049,3003594,10000,2026-08-09T21:11:27Z,クレジットカード,increment-run-001,workshop-participant,donation_events_001.csv,2026-08-11T11:59:30Z
EVT-FRS-010415,6010415,2003823,422126,3005107,10000,2026-08-09T21:12:19Z,コンビニ決済,increment-run-001,workshop-participant,donation_events_001.csv,2026-08-11T11:59:30Z
EVT-FRS-006534,6006534,2007108,422096,3005481,20000,2026-08-09T21:13:52Z,クレジットカード,increment-run-001,workshop-participant,donation_events_001.csv,2026-08-11T11:59:30Z
EVT-FRS-003908,6003908,2005480,352063,3000151,30000,2026-08-09T21:14:42Z,クレジットカード,increment-run-001,workshop-participant,donation_events_001.csv,2026-08-11T11:59:30Z
EVT-FRS-002855,6002855,2009294,192112,3002586,25000,2026-08-09T21:17:00Z,電子決済,increment-run-001,workshop-participant,donation_events_001.csv,2026-08-11T11:59:30Z
EVT-FRS-008601,6008601,2004003,182010,3002405,20000,2026-08-09T21:18:27Z,クレジットカード,increment-run-001,workshop-participant,donation_events_001.csv,2026-08-11T11:59:30Z
EVT-FRS-010372,6010372,2011533,142131,3004023,10000,2026-08-09T21:19:46Z,電子決済,increment-run-001,workshop-participant,donation_events_001.csv,2026-08-11T11:59:30Z
EVT-FRS-014685,6014685,2000963,132039,3005370,12000,2026-08-09T21:20:37Z,銀行振込,increment-run-001,workshop-participant,donation_events_001.csv,2026-08-11T11:59:30Z
EVT-FRS-001342,6001342,2005929,203238,3005920,12000,2026-08-09T21:21:56Z,電子決済,increment-run-001,workshop-participant,donation_events_001.csv,2026-08-11T11:59:30Z
EVT-FRS-001157,6001157,2004316,232017,3002168,20000,2026-08-09T21:23:27Z,クレジットカード,increment-run-001,workshop-participant,donation_events_001.csv,2026-08-11T11:59:30Z
EVT-FRS-000407,6000407,2011073,112321,3004656,10000,2026-08-09T21:26:56Z,クレジットカード,increment-run-001,workshop-participant,donation_events_001.csv,2026-08-11T11:59:30Z
EVT-FRS-004900,6004900,2011510,054348,3002585,10000,2026-08-09T21:32:42Z,銀行振込,increment-run-001,workshop-participant,donation_events_001.csv,2026-08-11T11:59:30Z
EVT-FRS-009966,6009966,2004254,406465,3002451,10000,2026-08-09T21:36:51Z,クレジットカード,increment-run-001,workshop-participant,donation_events_001.csv,2026-08-11T11:59:30Z
EVT-FRS-008646,6008646,2003484,322041,3000984,20000,2026-08-09T21:40:30Z,クレジットカード,increment-run-001,workshop-participant,donation_events_001.csv,2026-08-11T11:59:30Z
EVT-FRS-008315,6008315,2000200,232351,3001145,100000,2026-08-09T21:40:51Z,クレジットカード,increment-run-001,workshop-participant,donation_events_001.csv,2026-08-11T11:59:30Z
EVT-FRS-003393,6003393,2011653,013633,3005025,50000,2026-08-09T21:44:24Z,クレジットカード,increment-run-001,workshop-participant,donation_events_001.csv,2026-08-11T11:59:30Z
EVT-FRS-013829,6013829,2002983,016659,3000045,20000,2026-08-09T21:45:42Z,クレジットカード,increment-run-001,workshop-participant,donation_events_001.csv,2026-08-11T11:59:30Z
EVT-FRS-005434,6005434,2007097,222101,3002273,10000,2026-08-09T21:51:28Z,電子決済,increment-run-001,workshop-participant,donation_events_001.csv,2026-08-11T11:59:30Z
EVT-FRS-009295,6009295,2003060,282197,3001759,40000,2026-08-09T21:55:35Z,クレジットカード,increment-run-001,workshop-participant,donation_events_001.csv,2026-08-11T11:59:30Z
EVT-FRS-013260,6013260,2001053,272086,3002200,15000,2026-08-09T21:56:18Z,電子決済,increment-run-001,workshop-participant,donation_events_001.csv,2026-08-11T11:59:30Z
EVT-FRS-012671,6012671,2001980,022101,3004274,10000,2026-08-09T22:06:27Z,クレジットカード,increment-run-001,workshop-participant,donation_events_001.csv,2026-08-11T11:59:30Z
EVT-FRS-008254,6008254,2002849,092061,3002452,15000,2026-08-09T22:10:16Z,クレジットカード,increment-run-001,workshop-participant,donation_events_001.csv,2026-08-11T11:59:30Z
EVT-FRS-000528,6000528,2010215,452025,3004334,20000,2026-08-09T22:12:25Z,電子決済,increment-run-001,workshop-participant,donation_events_001.csv,2026-08-11T11:59:30Z
EVT-FRS-004297,6004297,2002623,422070,3002682,15000,2026-08-09T22:16:13Z,クレジットカード,increment-run-001,workshop-participant,donation_events_001.csv,2026-08-11T11:59:30Z
EVT-FRS-009437,6009437,2000808,222127,3004278,40000,2026-08-09T22:18:39Z,クレジットカード,increment-run-001,workshop-participant,donation_events_001.csv,2026-08-11T11:59:30Z
EVT-FRS-001333,6001333,2008206,302023,3005059,12000,2026-08-09T22:22:42Z,クレジットカード,increment-run-001,workshop-participant,donation_events_001.csv,2026-08-11T11:59:30Z
EVT-FRS-010895,6010895,2000363,272132,3003549,10000,2026-08-09T22:23:41Z,クレジットカード,increment-run-001,workshop-participant,donation_events_001.csv,2026-08-11T11:59:30Z
EVT-FRS-009822,6009822,2011260,422053,3004267,40000,2026-08-09T22:23:45Z,電子決済,increment-run-001,workshop-participant,donation_events_001.csv,2026-08-11T11:59:30Z
EVT-FRS-004568,6004568,2001581,162019,3002130,10000,2026-08-09T22:24:37Z,クレジットカード,increment-run-001,workshop-participant,donation_events_001.csv,2026-08-11T11:59:30Z
EVT-FRS-010141,6010141,2010053,232360,3004373,15000,2026-08-09T22:28:13Z,電子決済,increment-run-001,workshop-participant,donation_events_001.csv,2026-08-11T11:59:30Z
EVT-FRS-010109,6010109,2010747,442097,3002745,10000,2026-08-09T22:32:51Z,銀行振込,increment-run-001,workshop-participant,donation_events_001.csv,2026-08-11T11:59:30Z
EVT-FRS-009803,6009803,2008966,271403,3003640,50000,2026-08-09T22:32:54Z,クレジットカード,increment-run-001,workshop-participant,donation_events_001.csv,2026-08-11T11:59:30Z
EVT-FRS-008434,6008434,2009915,043249,3004218,10000,2026-08-09T22:36:10Z,銀行振込,increment-run-001,workshop-participant,donation_events_001.csv,2026-08-11T11:59:30Z
EVT-FRS-011831,6011831,2007487,465348,3002463,50000,2026-08-09T22:47:42Z,クレジットカード,increment-run-001,workshop-participant,donation_events_001.csv,2026-08-11T11:59:30Z
EVT-FRS-013844,6013844,2000890,102121,3002965,10000,2026-08-09T22:47:51Z,電子決済,increment-run-001,workshop-participant,donation_events_001.csv,2026-08-11T11:59:30Z
EVT-FRS-011042,6011042,2011215,442119,3004731,15000,2026-08-09T22:48:30Z,クレジットカード,increment-run-001,workshop-participant,donation_events_001.csv,2026-08-11T11:59:30Z
EVT-FRS-008376,6008376,2002354,412058,3002485,15000,2026-08-09T22:54:20Z,クレジットカード,increment-run-001,workshop-participant,donation_events_001.csv,2026-08-11T11:59:30Z
EVT-FRS-005569,6005569,2003045,422045,3004760,20000,2026-08-09T22:55:35Z,コンビニ決済,increment-run-001,workshop-participant,donation_events_001.csv,2026-08-11T11:59:30Z
EVT-FRS-007103,6007103,2007183,272027,3003317,5000,2026-08-09T22:57:32Z,クレジットカード,increment-run-001,workshop-participant,donation_events_001.csv,2026-08-11T11:59:30Z
EVT-FRS-004865,6004865,2007566,215210,3002996,10000,2026-08-09T23:00:56Z,コンビニ決済,increment-run-001,workshop-participant,donation_events_001.csv,2026-08-11T11:59:30Z
EVT-FRS-003953,6003953,2011399,142034,3004408,10000,2026-08-09T23:03:30Z,クレジットカード,increment-run-001,workshop-participant,donation_events_001.csv,2026-08-11T11:59:30Z
EVT-FRS-009609,6009609,2004780,302023,3005059,5000,2026-08-09T23:07:52Z,クレジットカード,increment-run-001,workshop-participant,donation_events_001.csv,2026-08-11T11:59:30Z
EVT-FRS-004143,6004143,2000790,062120,3002741,10000,2026-08-09T23:13:04Z,クレジットカード,increment-run-001,workshop-participant,donation_events_001.csv,2026-08-11T11:59:30Z
EVT-FRS-010219,6010219,2002456,012149,3001903,50000,2026-08-09T23:14:10Z,クレジットカード,increment-run-001,workshop-participant,donation_events_001.csv,2026-08-11T11:59:30Z
EVT-FRS-007476,6007476,2004690,432113,3002983,10000,2026-08-09T23:16:21Z,クレジットカード,increment-run-001,workshop-participant,donation_events_001.csv,2026-08-11T11:59:30Z
EVT-FRS-011048,6011048,2000782,432032,3005336,5000,2026-08-09T23:19:03Z,クレジットカード,increment-run-001,workshop-participant,donation_events_001.csv,2026-08-11T11:59:30Z
EVT-FRS-013006,6013006,2008667,052035,3003562,30000,2026-08-09T23:20:28Z,クレジットカード,increment-run-001,workshop-participant,donation_events_001.csv,2026-08-11T11:59:30Z
EVT-FRS-004381,6004381,2007540,122190,3003157,15000,2026-08-09T23:24:29Z,クレジットカード,increment-run-001,workshop-participant,donation_events_001.csv,2026-08-11T11:59:30Z
EVT-FRS-014028,6014028,2006665,022012,3000608,40000,2026-08-09T23:30:12Z,銀行振込,increment-run-001,workshop-participant,donation_events_001.csv,2026-08-11T11:59:30Z
EVT-FRS-005918,6005918,2011873,142131,3002266,20000,2026-08-09T23:30:31Z,銀行振込,increment-run-001,workshop-participant,donation_events_001.csv,2026-08-11T11:59:30Z
EVT-FRS-004853,6004853,2008488,302074,3000085,100000,2026-08-09T23:31:08Z,電子決済,increment-run-001,workshop-participant,donation_events_001.csv,2026-08-11T11:59:30Z
EVT-FRS-011665,6011665,2002119,112356,3004425,5000,2026-08-09T23:34:26Z,クレジットカード,increment-run-001,workshop-participant,donation_events_001.csv,2026-08-11T11:59:30Z
EVT-FRS-008354,6008354,2002487,452025,3004014,10000,2026-08-09T23:38:14Z,銀行振込,increment-run-001,workshop-participant,donation_events_001.csv,2026-08-11T11:59:30Z
EVT-FRS-006777,6006777,2009282,152081,3002059,5000,2026-08-09T23:38:40Z,クレジットカード,increment-run-001,workshop-participant,donation_events_001.csv,2026-08-11T11:59:30Z
EVT-FRS-014364,6014364,2010119,142051,3001813,20000,2026-08-09T23:46:51Z,クレジットカード,increment-run-001,workshop-participant,donation_events_001.csv,2026-08-11T11:59:30Z
EVT-FRS-006889,6006889,2005075,422037,3004900,10000,2026-08-09T23:47:57Z,クレジットカード,increment-run-001,workshop-participant,donation_events_001.csv,2026-08-11T11:59:30Z
EVT-FRS-001394,6001394,2005237,432113,3003803,8000,2026-08-09T23:50:10Z,クレジットカード,increment-run-001,workshop-participant,donation_events_001.csv,2026-08-11T11:59:30Z
EVT-FRS-000129,6000129,2001895,452025,3003435,5000,2026-08-09T23:51:46Z,クレジットカード,increment-run-001,workshop-participant,donation_events_001.csv,2026-08-11T11:59:30Z
EVT-FRS-009777,6009777,2009302,452017,3005656,10000,2026-08-09T23:52:27Z,電子決済,increment-run-001,workshop-participant,donation_events_001.csv,2026-08-11T11:59:30Z
EVT-FRS-006056,6006056,2006445,473243,3002514,12000,2026-08-09T23:53:01Z,銀行振込,increment-run-001,workshop-participant,donation_events_001.csv,2026-08-11T11:59:30Z
EVT-FRS-014794,6014794,2008053,452025,3003388,25000,2026-08-09T23:53:10Z,クレジットカード,increment-run-001,workshop-participant,donation_events_001.csv,2026-08-11T11:59:30Z
EVT-FRS-000390,6000390,2008692,272167,3004865,50000,2026-08-09T23:53:27Z,電子決済,increment-run-001,workshop-participant,donation_events_001.csv,2026-08-11T11:59:30Z
EVT-FRS-009743,6009743,2006169,013374,3000801,25000,2026-08-09T23:55:56Z,クレジットカード,increment-run-001,workshop-participant,donation_events_001.csv,2026-08-11T11:59:30Z
EVT-FRS-005874,6005874,2004237,454290,3001220,20000,2026-08-09T23:56:30Z,コンビニ決済,increment-run-001,workshop-participant,donation_events_001.csv,2026-08-11T11:59:30Z
EVT-FRS-013673,6013673,2009282,012190,3003992,20000,2026-08-09T23:59:13Z,クレジットカード,increment-run-001,workshop-participant,donation_events_001.csv,2026-08-11T11:59:30Z
EVT-FRS-000218,6000218,2000291,082368,3000144,10000,2026-08-10T00:01:11Z,電子決済,increment-run-001,workshop-participant,donation_events_001.csv,2026-08-11T11:59:30Z
EVT-FRS-005242,6005242,2006722,372056,3000682,15000,2026-08-10T00:01:57Z,電子決済,increment-run-001,workshop-participant,donation_events_001.csv,2026-08-11T11:59:30Z
EVT-FRS-010238,6010238,2011882,022021,3004791,12000,2026-08-10T00:02:15Z,クレジットカード,increment-run-001,workshop-participant,donation_events_001.csv,2026-08-11T11:59:30Z
EVT-FRS-000403,6000403,2011506,452076,3005672,5000,2026-08-10T00:11:10Z,クレジットカード,increment-run-001,workshop-participant,donation_events_001.csv,2026-08-11T11:59:30Z
EVT-FRS-010311,6010311,2000831,132241,3000969,15000,2026-08-10T00:13:36Z,クレジットカード,increment-run-001,workshop-participant,donation_events_001.csv,2026-08-11T11:59:30Z
EVT-FRS-012643,6012643,2010465,452017,3004158,10000,2026-08-10T00:14:59Z,クレジットカード,increment-run-001,workshop-participant,donation_events_001.csv,2026-08-11T11:59:30Z
EVT-FRS-001533,6001533,2004499,016616,3000918,10000,2026-08-10T00:17:14Z,クレジットカード,increment-run-001,workshop-participant,donation_events_001.csv,2026-08-11T11:59:30Z
EVT-FRS-000502,6000502,2005485,012165,3003799,15000,2026-08-10T00:31:25Z,電子決済,increment-run-001,workshop-participant,donation_events_001.csv,2026-08-11T11:59:30Z
EVT-FRS-002242,6002242,2006806,292117,3001231,10000,2026-08-10T00:40:26Z,クレジットカード,increment-run-001,workshop-participant,donation_events_001.csv,2026-08-11T11:59:30Z
EVT-FRS-014569,6014569,2000840,294519,3003713,10000,2026-08-10T00:41:08Z,クレジットカード,increment-run-001,workshop-participant,donation_events_001.csv,2026-08-11T11:59:30Z
EVT-FRS-008405,6008405,2001608,432067,3005338,12000,2026-08-10T00:42:10Z,クレジットカード,increment-run-001,workshop-participant,donation_events_001.csv,2026-08-11T11:59:30Z
EVT-FRS-009503,6009503,2005290,152064,3001815,20000,2026-08-10T00:42:11Z,クレジットカード,increment-run-001,workshop-participant,donation_events_001.csv,2026-08-11T11:59:30Z
EVT-FRS-008276,6008276,2011236,062120,3000130,20000,2026-08-10T00:43:29Z,クレジットカード,increment-run-001,workshop-participant,donation_events_001.csv,2026-08-11T11:59:30Z
EVT-FRS-012565,6012565,2000533,132187,3005358,5000,2026-08-10T00:46:07Z,銀行振込,increment-run-001,workshop-participant,donation_events_001.csv,2026-08-11T11:59:30Z
EVT-FRS-011887,6011887,2010305,343072,3002812,15000,2026-08-10T00:46:11Z,クレジットカード,increment-run-001,workshop-participant,donation_events_001.csv,2026-08-11T11:59:30Z
EVT-FRS-007497,6007497,2005692,012360,3002135,10000,2026-08-10T00:46:46Z,クレジットカード,increment-run-001,workshop-participant,donation_events_001.csv,2026-08-11T11:59:30Z
EVT-FRS-002639,6002639,2002147,222259,3002911,12000,2026-08-10T00:47:28Z,コンビニ決済,increment-run-001,workshop-participant,donation_events_001.csv,2026-08-11T11:59:30Z
EVT-FRS-005096,6005096,2011652,212164,3002537,10000,2026-08-10T00:49:15Z,クレジットカード,increment-run-001,workshop-participant,donation_events_001.csv,2026-08-11T11:59:30Z
EVT-FRS-013196,6013196,2008875,352101,3003461,12000,2026-08-10T00:51:07Z,クレジットカード,increment-run-001,workshop-participant,donation_events_001.csv,2026-08-11T11:59:30Z
EVT-FRS-011505,6011505,2009903,362034,3002801,25000,2026-08-10T00:52:35Z,クレジットカード,increment-run-001,workshop-participant,donation_events_001.csv,2026-08-11T11:59:30Z
EVT-FRS-007691,6007691,2006343,204145,3004622,10000,2026-08-10T00:55:46Z,クレジットカード,increment-run-001,workshop-participant,donation_events_001.csv,2026-08-11T11:59:30Z
EVT-FRS-005603,6005603,2007977,082341,3004765,5000,2026-08-10T00:58:47Z,クレジットカード,increment-run-001,workshop-participant,donation_events_001.csv,2026-08-11T11:59:30Z
EVT-FRS-013537,6013537,2002534,232084,3001955,10000,2026-08-10T01:01:36Z,クレジットカード,increment-run-001,workshop-participant,donation_events_001.csv,2026-08-11T11:59:30Z
EVT-FRS-000025,6000025,2002947,282227,3000640,30000,2026-08-10T01:02:58Z,クレジットカード,increment-run-001,workshop-participant,donation_events_001.csv,2026-08-11T11:59:30Z
EVT-FRS-006798,6006798,2002358,112020,3006000,20000,2026-08-10T01:03:22Z,電子決済,increment-run-001,workshop-participant,donation_events_001.csv,2026-08-11T11:59:30Z
EVT-FRS-011668,6011668,2001192,111007,3002165,10000,2026-08-10T01:09:05Z,クレジットカード,increment-run-001,workshop-participant,donation_events_001.csv,2026-08-11T11:59:30Z
EVT-FRS-003589,6003589,2008445,102059,3005478,10000,2026-08-10T01:13:35Z,銀行振込,increment-run-001,workshop-participant,donation_events_001.csv,2026-08-11T11:59:30Z
EVT-FRS-007955,6007955,2004541,092053,3004871,10000,2026-08-10T01:13:40Z,クレジットカード,increment-run-001,workshop-participant,donation_events_001.csv,2026-08-11T11:59:30Z
EVT-FRS-006398,6006398,2001949,074233,3001242,8000,2026-08-10T01:13:47Z,クレジットカード,increment-run-001,workshop-participant,donation_events_001.csv,2026-08-11T11:59:30Z
EVT-FRS-011614,6011614,2001784,402265,3002363,25000,2026-08-10T01:20:03Z,銀行振込,increment-run-001,workshop-participant,donation_events_001.csv,2026-08-11T11:59:30Z
EVT-FRS-008121,6008121,2000309,102083,3002713,25000,2026-08-10T01:22:38Z,クレジットカード,increment-run-001,workshop-participant,donation_events_001.csv,2026-08-11T11:59:30Z
EVT-FRS-003096,6003096,2000389,462080,3000163,10000,2026-08-10T01:24:53Z,銀行振込,increment-run-001,workshop-participant,donation_events_001.csv,2026-08-11T11:59:30Z
EVT-FRS-006805,6006805,2003355,222241,3000821,10000,2026-08-10T01:25:25Z,クレジットカード,increment-run-001,workshop-participant,donation_events_001.csv,2026-08-11T11:59:30Z
EVT-FRS-011365,6011365,2002364,112330,3001916,10000,2026-08-10T01:29:36Z,電子決済,increment-run-001,workshop-participant,donation_events_001.csv,2026-08-11T11:59:30Z
EVT-FRS-006364,6006364,2009552,464686,3003500,10000,2026-08-10T01:30:27Z,クレジットカード,increment-run-001,workshop-participant,donation_events_001.csv,2026-08-11T11:59:30Z
EVT-FRS-012313,6012313,2001038,053635,3005626,5000,2026-08-10T01:30:50Z,コンビニ決済,increment-run-001,workshop-participant,donation_events_001.csv,2026-08-11T11:59:30Z
EVT-FRS-014239,6014239,2010885,082309,3000185,10000,2026-08-10T01:33:20Z,クレジットカード,increment-run-001,workshop-participant,donation_events_001.csv,2026-08-11T11:59:30Z
EVT-FRS-005369,6005369,2006336,142077,3004067,25000,2026-08-10T01:37:17Z,クレジットカード,increment-run-001,workshop-participant,donation_events_001.csv,2026-08-11T11:59:30Z
EVT-FRS-001104,6001104,2001857,122351,3002574,8000,2026-08-10T01:37:43Z,クレジットカード,increment-run-001,workshop-participant,donation_events_001.csv,2026-08-11T11:59:30Z
EVT-FRS-003092,6003092,2008738,462012,3003777,20000,2026-08-10T01:46:35Z,クレジットカード,increment-run-001,workshop-participant,donation_events_001.csv,2026-08-11T11:59:30Z
EVT-FRS-010113,6010113,2000988,432024,3000580,20000,2026-08-10T01:49:08Z,電子決済,increment-run-001,workshop-participant,donation_events_001.csv,2026-08-11T11:59:30Z
EVT-FRS-004742,6004742,2009947,202185,3000702,20000,2026-08-10T01:52:31Z,クレジットカード,increment-run-001,workshop-participant,donation_events_001.csv,2026-08-11T11:59:30Z
EVT-FRS-008910,6008910,2008522,432032,3005336,10000,2026-08-10T01:54:41Z,クレジットカード,increment-run-001,workshop-participant,donation_events_001.csv,2026-08-11T11:59:30Z
EVT-FRS-009266,6009266,2001183,152137,3000749,30000,2026-08-10T01:55:10Z,クレジットカード,increment-run-001,workshop-participant,donation_events_001.csv,2026-08-11T11:59:30Z
EVT-FRS-006786,6006786,2005744,141003,3001794,10000,2026-08-10T01:56:44Z,銀行振込,increment-run-001,workshop-participant,donation_events_001.csv,2026-08-11T11:59:30Z
EVT-FRS-004911,6004911,2008099,382108,3002395,25000,2026-08-10T01:59:46Z,クレジットカード,increment-run-001,workshop-participant,donation_events_001.csv,2026-08-11T11:59:30Z
EVT-FRS-014800,6014800,2006897,042111,3004989,12000,2026-08-10T02:09:50Z,電子決済,increment-run-001,workshop-participant,donation_events_001.csv,2026-08-11T11:59:30Z
EVT-FRS-001287,6001287,2010515,082325,3004286,15000,2026-08-10T02:11:36Z,電子決済,increment-run-001,workshop-participant,donation_events_001.csv,2026-08-11T11:59:30Z
EVT-FRS-014702,6014702,2005599,093611,3001661,100000,2026-08-10T02:14:04Z,クレジットカード,increment-run-001,workshop-participant,donation_events_001.csv,2026-08-11T11:59:30Z
EVT-FRS-002808,6002808,2004154,124109,3004024,10000,2026-08-10T02:26:45Z,クレジットカード,increment-run-001,workshop-participant,donation_events_001.csv,2026-08-11T11:59:30Z
EVT-FRS-002318,6002318,2011293,222089,3003577,15000,2026-08-10T02:27:35Z,クレジットカード,increment-run-001,workshop-participant,donation_events_001.csv,2026-08-11T11:59:30Z
EVT-FRS-010981,6010981,2000055,402231,3002661,15000,2026-08-10T02:31:44Z,クレジットカード,increment-run-001,workshop-participant,donation_events_001.csv,2026-08-11T11:59:30Z
EVT-FRS-003605,6003605,2009259,453412,3001402,5000,2026-08-10T02:34:33Z,クレジットカード,increment-run-001,workshop-participant,donation_events_001.csv,2026-08-11T11:59:30Z
EVT-FRS-000834,6000834,2007663,122335,3005410,30000,2026-08-10T02:35:50Z,クレジットカード,increment-run-001,workshop-participant,donation_events_001.csv,2026-08-11T11:59:30Z
EVT-FRS-004817,6004817,2007744,132250,3001456,30000,2026-08-10T02:36:20Z,銀行振込,increment-run-001,workshop-participant,donation_events_001.csv,2026-08-11T11:59:30Z
EVT-FRS-008040,6008040,2006656,052019,3004026,5000,2026-08-10T02:37:06Z,電子決済,increment-run-001,workshop-participant,donation_events_001.csv,2026-08-11T11:59:30Z
EVT-FRS-014480,6014480,2008885,152048,3005911,20000,2026-08-10T02:43:12Z,クレジットカード,increment-run-001,workshop-participant,donation_events_001.csv,2026-08-11T11:59:30Z
EVT-FRS-012045,6012045,2008093,272060,3004127,10000,2026-08-10T02:52:50Z,クレジットカード,increment-run-001,workshop-participant,donation_events_001.csv,2026-08-11T11:59:30Z
EVT-FRS-009574,6009574,2000541,402257,3000699,10000,2026-08-10T02:58:12Z,クレジットカード,increment-run-001,workshop-participant,donation_events_001.csv,2026-08-11T11:59:30Z
EVT-FRS-013125,6013125,2005164,052019,3002495,20000,2026-08-10T03:04:31Z,クレジットカード,increment-run-001,workshop-participant,donation_events_001.csv,2026-08-11T11:59:30Z
EVT-FRS-005168,6005168,2007004,235636,3005390,50000,2026-08-10T03:06:43Z,クレジットカード,increment-run-001,workshop-participant,donation_events_001.csv,2026-08-11T11:59:30Z
EVT-FRS-007808,6007808,2003589,332127,3002431,5000,2026-08-10T03:09:10Z,クレジットカード,increment-run-001,workshop-participant,donation_events_001.csv,2026-08-11T11:59:30Z
EVT-FRS-004128,6004128,2002909,462136,3003544,20000,2026-08-10T03:09:17Z,電子決済,increment-run-001,workshop-participant,donation_events_001.csv,2026-08-11T11:59:30Z
EVT-FRS-014211,6014211,2000844,182052,3000208,15000,2026-08-10T03:12:12Z,クレジットカード,increment-run-001,workshop-participant,donation_events_001.csv,2026-08-11T11:59:30Z
EVT-FRS-003887,6003887,2001743,442020,3003067,8000,2026-08-10T03:13:03Z,電子決済,increment-run-001,workshop-participant,donation_events_001.csv,2026-08-11T11:59:30Z
EVT-FRS-009907,6009907,2001772,422070,3001938,70000,2026-08-10T03:15:41Z,クレジットカード,increment-run-001,workshop-participant,donation_events_001.csv,2026-08-11T11:59:30Z
EVT-FRS-001102,6001102,2011252,042030,3005933,12000,2026-08-10T03:16:46Z,クレジットカード,increment-run-001,workshop-participant,donation_events_001.csv,2026-08-11T11:59:30Z
EVT-FRS-010637,6010637,2008881,052108,3001299,20000,2026-08-10T03:21:02Z,クレジットカード,increment-run-001,workshop-participant,donation_events_001.csv,2026-08-11T11:59:30Z
EVT-FRS-008893,6008893,2004613,082163,3005032,15000,2026-08-10T03:23:18Z,電子決済,increment-run-001,workshop-participant,donation_events_001.csv,2026-08-11T11:59:30Z
EVT-FRS-007480,6007480,2004371,442101,3004390,10000,2026-08-10T03:25:47Z,クレジットカード,increment-run-001,workshop-participant,donation_events_001.csv,2026-08-11T11:59:30Z
EVT-FRS-006288,6006288,2003878,402044,3001133,40000,2026-08-10T03:29:48Z,クレジットカード,increment-run-001,workshop-participant,donation_events_001.csv,2026-08-11T11:59:30Z
EVT-FRS-003660,6003660,2004893,222054,3001986,20000,2026-08-10T03:35:17Z,クレジットカード,increment-run-001,workshop-participant,donation_events_001.csv,2026-08-11T11:59:30Z
EVT-FRS-005432,6005432,2010580,262081,3004518,20000,2026-08-10T03:47:54Z,銀行振込,increment-run-001,workshop-participant,donation_events_001.csv,2026-08-11T11:59:30Z
EVT-FRS-010727,6010727,2004576,352152,3003383,10000,2026-08-10T03:48:28Z,クレジットカード,increment-run-001,workshop-participant,donation_events_001.csv,2026-08-11T11:59:30Z
EVT-FRS-002255,6002255,2000831,362051,3004248,10000,2026-08-10T03:48:41Z,クレジットカード,increment-run-001,workshop-participant,donation_events_001.csv,2026-08-11T11:59:30Z
EVT-FRS-009853,6009853,2011393,232386,3003278,10000,2026-08-10T03:48:55Z,電子決済,increment-run-001,workshop-participant,donation_events_001.csv,2026-08-11T11:59:30Z
EVT-FRS-012228,6012228,2006286,432067,3000056,30000,2026-08-10T03:50:20Z,コンビニ決済,increment-run-001,workshop-participant,donation_events_001.csv,2026-08-11T11:59:30Z
EVT-FRS-003466,6003466,2010220,252140,3000227,20000,2026-08-10T03:52:16Z,電子決済,increment-run-001,workshop-participant,donation_events_001.csv,2026-08-11T11:59:30Z
EVT-FRS-012525,6012525,2002072,212016,3001737,10000,2026-08-10T03:56:11Z,クレジットカード,increment-run-001,workshop-participant,donation_events_001.csv,2026-08-11T11:59:30Z
EVT-FRS-010012,6010012,2006190,272281,3005153,15000,2026-08-10T03:57:50Z,コンビニ決済,increment-run-001,workshop-participant,donation_events_001.csv,2026-08-11T11:59:30Z
EVT-FRS-000231,6000231,2002253,032093,3004659,100000,2026-08-10T03:58:57Z,クレジットカード,increment-run-001,workshop-participant,donation_events_001.csv,2026-08-11T11:59:30Z
EVT-FRS-000127,6000127,2002644,082112,3001211,10000,2026-08-10T04:01:51Z,クレジットカード,increment-run-001,workshop-participant,donation_events_001.csv,2026-08-11T11:59:30Z
EVT-FRS-007043,6007043,2004910,012190,3003992,25000,2026-08-10T04:03:44Z,クレジットカード,increment-run-001,workshop-participant,donation_events_001.csv,2026-08-11T11:59:30Z
EVT-FRS-004521,6004521,2010461,132080,3004140,10000,2026-08-10T04:06:53Z,クレジットカード,increment-run-001,workshop-participant,donation_events_001.csv,2026-08-11T11:59:30Z
EVT-FRS-000847,6000847,2006924,032166,3005888,15000,2026-08-10T04:10:04Z,銀行振込,increment-run-001,workshop-participant,donation_events_001.csv,2026-08-11T11:59:30Z
EVT-FRS-010684,6010684,2010163,052035,3001265,15000,2026-08-10T04:14:47Z,クレジットカード,increment-run-001,workshop-participant,donation_events_001.csv,2026-08-11T11:59:30Z
EVT-FRS-004535,6004535,2010386,392111,3001783,10000,2026-08-10T04:15:14Z,クレジットカード,increment-run-001,workshop-participant,donation_events_001.csv,2026-08-11T11:59:30Z
EVT-FRS-003002,6003002,2005857,132021,3002501,70000,2026-08-10T04:28:09Z,電子決済,increment-run-001,workshop-participant,donation_events_001.csv,2026-08-11T11:59:30Z
EVT-FRS-005736,6005736,2003492,162094,3002151,40000,2026-08-10T04:28:42Z,クレジットカード,increment-run-001,workshop-participant,donation_events_001.csv,2026-08-11T11:59:30Z
EVT-FRS-008568,6008568,2009586,464520,3000655,10000,2026-08-10T04:32:45Z,クレジットカード,increment-run-001,workshop-participant,donation_events_001.csv,2026-08-11T11:59:30Z
EVT-FRS-013719,6013719,2000125,202029,3001454,15000,2026-08-10T04:34:53Z,クレジットカード,increment-run-001,workshop-participant,donation_events_001.csv,2026-08-11T11:59:30Z
EVT-FRS-010221,6010221,2011151,282227,3005359,10000,2026-08-10T04:36:46Z,クレジットカード,increment-run-001,workshop-participant,donation_events_001.csv,2026-08-11T11:59:30Z
EVT-FRS-009651,6009651,2006265,452033,3004403,10000,2026-08-10T04:43:37Z,電子決済,increment-run-001,workshop-participant,donation_events_001.csv,2026-08-11T11:59:30Z
EVT-FRS-013195,6013195,2007081,192082,3001700,20000,2026-08-10T04:45:40Z,クレジットカード,increment-run-001,workshop-participant,donation_events_001.csv,2026-08-11T11:59:30Z
EVT-FRS-012916,6012916,2009845,252123,3003920,20000,2026-08-10T04:46:08Z,クレジットカード,increment-run-001,workshop-participant,donation_events_001.csv,2026-08-11T11:59:30Z
EVT-FRS-004972,6004972,2005940,342041,3000732,10000,2026-08-10T04:46:13Z,クレジットカード,increment-run-001,workshop-participant,donation_events_001.csv,2026-08-11T11:59:30Z
EVT-FRS-001748,6001748,2011488,322041,3001510,20000,2026-08-10T04:47:02Z,電子決済,increment-run-001,workshop-participant,donation_events_001.csv,2026-08-11T11:59:30Z
EVT-FRS-001798,6001798,2000035,261009,3005540,15000,2026-08-10T04:48:38Z,クレジットカード,increment-run-001,workshop-participant,donation_events_001.csv,2026-08-11T11:59:30Z
EVT-FRS-000105,6000105,2002259,422070,3003293,5000,2026-08-10T04:55:28Z,銀行振込,increment-run-001,workshop-participant,donation_events_001.csv,2026-08-11T11:59:30Z
EVT-FRS-002570,6002570,2008864,392057,3005592,10000,2026-08-10T05:00:16Z,クレジットカード,increment-run-001,workshop-participant,donation_events_001.csv,2026-08-11T11:59:30Z
EVT-FRS-010091,6010091,2008086,222127,3001668,20000,2026-08-10T05:03:32Z,クレジットカード,increment-run-001,workshop-participant,donation_events_001.csv,2026-08-11T11:59:30Z
EVT-FRS-010212,6010212,2009411,194425,3003566,12000,2026-08-10T05:04:16Z,クレジットカード,increment-run-001,workshop-participant,donation_events_001.csv,2026-08-11T11:59:30Z
EVT-FRS-001651,6001651,2005441,155047,3001504,15000,2026-08-10T05:04:29Z,クレジットカード,increment-run-001,workshop-participant,donation_events_001.csv,2026-08-11T11:59:30Z
EVT-FRS-001792,6001792,2008311,042072,3001255,12000,2026-08-10T05:05:44Z,コンビニ決済,increment-run-001,workshop-participant,donation_events_001.csv,2026-08-11T11:59:30Z
EVT-FRS-005831,6005831,2001493,401307,3000659,30000,2026-08-10T05:09:01Z,銀行振込,increment-run-001,workshop-participant,donation_events_001.csv,2026-08-11T11:59:30Z
EVT-FRS-002740,6002740,2004504,452025,3002730,12000,2026-08-10T05:09:22Z,クレジットカード,increment-run-001,workshop-participant,donation_events_001.csv,2026-08-11T11:59:30Z
EVT-FRS-010587,6010587,2006588,442020,3002517,15000,2026-08-10T05:14:33Z,クレジットカード,increment-run-001,workshop-participant,donation_events_001.csv,2026-08-11T11:59:30Z
EVT-FRS-013630,6013630,2003726,042030,3001044,15000,2026-08-10T05:14:49Z,銀行振込,increment-run-001,workshop-participant,donation_events_001.csv,2026-08-11T11:59:30Z
EVT-FRS-000911,6000911,2010228,282049,3005452,15000,2026-08-10T05:15:10Z,クレジットカード,increment-run-001,workshop-participant,donation_events_001.csv,2026-08-11T11:59:30Z
EVT-FRS-014058,6014058,2004323,282014,3002015,12000,2026-08-10T05:38:50Z,クレジットカード,increment-run-001,workshop-participant,donation_events_001.csv,2026-08-11T11:59:30Z
EVT-FRS-003270,6003270,2007805,432032,3004207,25000,2026-08-10T05:49:12Z,クレジットカード,increment-run-001,workshop-participant,donation_events_001.csv,2026-08-11T11:59:30Z
EVT-FRS-004634,6004634,2000856,462039,3001302,20000,2026-08-10T05:49:56Z,クレジットカード,increment-run-001,workshop-participant,donation_events_001.csv,2026-08-11T11:59:30Z
EVT-FRS-008001,6008001,2000645,132110,3000206,5000,2026-08-10T05:54:14Z,クレジットカード,increment-run-001,workshop-participant,donation_events_001.csv,2026-08-11T11:59:30Z
EVT-FRS-008346,6008346,2005373,132128,3000831,10000,2026-08-10T05:59:31Z,電子決済,increment-run-001,workshop-participant,donation_events_001.csv,2026-08-11T11:59:30Z
EVT-FRS-009116,6009116,2003860,131130,3004930,20000,2026-08-10T06:01:08Z,クレジットカード,increment-run-001,workshop-participant,donation_events_001.csv,2026-08-11T11:59:30Z
EVT-FRS-000090,6000090,2000291,212075,3000366,15000,2026-08-10T06:02:20Z,クレジットカード,increment-run-001,workshop-participant,donation_events_001.csv,2026-08-11T11:59:30Z
EVT-FRS-012685,6012685,2007646,202126,3003623,25000,2026-08-10T06:10:40Z,クレジットカード,increment-run-001,workshop-participant,donation_events_001.csv,2026-08-11T11:59:30Z
EVT-FRS-004932,6004932,2002393,422053,3003824,25000,2026-08-10T06:11:16Z,電子決済,increment-run-001,workshop-participant,donation_events_001.csv,2026-08-11T11:59:30Z
EVT-FRS-007147,6007147,2002191,452025,3002268,60000,2026-08-10T06:13:33Z,クレジットカード,increment-run-001,workshop-participant,donation_events_001.csv,2026-08-11T11:59:30Z
EVT-FRS-006616,6006616,2002752,014001,3005572,15000,2026-08-10T06:16:48Z,クレジットカード,increment-run-001,workshop-participant,donation_events_001.csv,2026-08-11T11:59:30Z
EVT-FRS-013715,6013715,2010021,063649,3005775,10000,2026-08-10T06:17:21Z,クレジットカード,increment-run-001,workshop-participant,donation_events_001.csv,2026-08-11T11:59:30Z
EVT-FRS-014783,6014783,2002281,012033,3000311,20000,2026-08-10T06:17:58Z,電子決済,increment-run-001,workshop-participant,donation_events_001.csv,2026-08-11T11:59:30Z
EVT-FRS-002379,6002379,2003621,262145,3001932,30000,2026-08-10T06:17:59Z,クレジットカード,increment-run-001,workshop-participant,donation_events_001.csv,2026-08-11T11:59:30Z
EVT-FRS-002483,6002483,2000223,112241,3003492,10000,2026-08-10T06:27:54Z,クレジットカード,increment-run-001,workshop-participant,donation_events_001.csv,2026-08-11T11:59:30Z
EVT-FRS-000764,6000764,2008156,192066,3001488,8000,2026-08-10T06:31:07Z,クレジットカード,increment-run-001,workshop-participant,donation_events_001.csv,2026-08-11T11:59:30Z
EVT-FRS-008481,6008481,2007368,192082,3001178,10000,2026-08-10T06:31:58Z,コンビニ決済,increment-run-001,workshop-participant,donation_events_001.csv,2026-08-11T11:59:30Z
EVT-FRS-001801,6001801,2005834,332127,3000414,12000,2026-08-10T06:37:59Z,クレジットカード,increment-run-001,workshop-participant,donation_events_001.csv,2026-08-11T11:59:30Z
EVT-FRS-011239,6011239,2001088,053686,3000164,25000,2026-08-10T06:38:24Z,電子決済,increment-run-001,workshop-participant,donation_events_001.csv,2026-08-11T11:59:30Z
EVT-FRS-000225,6000225,2009126,242128,3004103,8000,2026-08-10T06:44:12Z,クレジットカード,increment-run-001,workshop-participant,donation_events_001.csv,2026-08-11T11:59:30Z
EVT-FRS-004769,6004769,2011410,142166,3004427,15000,2026-08-10T06:45:05Z,銀行振込,increment-run-001,workshop-participant,donation_events_001.csv,2026-08-11T11:59:30Z
EVT-FRS-000079,6000079,2003315,024236,3000117,25000,2026-08-10T06:45:24Z,クレジットカード,increment-run-001,workshop-participant,donation_events_001.csv,2026-08-11T11:59:30Z
EVT-FRS-011558,6011558,2007261,382141,3000936,40000,2026-08-10T06:45:44Z,クレジットカード,increment-run-001,workshop-participant,donation_events_001.csv,2026-08-11T11:59:30Z
EVT-FRS-006409,6006409,2003970,292117,3001231,40000,2026-08-10T06:46:21Z,電子決済,increment-run-001,workshop-participant,donation_events_001.csv,2026-08-11T11:59:30Z
EVT-FRS-004564,6004564,2006753,203246,3003874,15000,2026-08-10T06:47:38Z,クレジットカード,increment-run-001,workshop-participant,donation_events_001.csv,2026-08-11T11:59:30Z
EVT-FRS-009792,6009792,2007919,012319,3005203,25000,2026-08-10T06:49:29Z,クレジットカード,increment-run-001,workshop-participant,donation_events_001.csv,2026-08-11T11:59:30Z
EVT-FRS-000061,6000061,2007159,015504,3005170,5000,2026-08-10T06:53:36Z,電子決済,increment-run-001,workshop-participant,donation_events_001.csv,2026-08-11T11:59:30Z
EVT-FRS-004569,6004569,2005933,422134,3000109,15000,2026-08-10T06:53:55Z,銀行振込,increment-run-001,workshop-participant,donation_events_001.csv,2026-08-11T11:59:30Z
EVT-FRS-013923,6013923,2000267,072133,3002827,30000,2026-08-10T06:55:45Z,電子決済,increment-run-001,workshop-participant,donation_events_001.csv,2026-08-11T11:59:30Z
EVT-FRS-007213,6007213,2008708,114421,3005189,20000,2026-08-10T07:07:07Z,クレジットカード,increment-run-001,workshop-participant,donation_events_001.csv,2026-08-11T11:59:30Z
EVT-FRS-007239,6007239,2000235,454290,3004822,40000,2026-08-10T07:07:16Z,電子決済,increment-run-001,workshop-participant,donation_events_001.csv,2026-08-11T11:59:30Z
EVT-FRS-002266,6002266,2011529,152048,3004458,25000,2026-08-10T07:07:52Z,クレジットカード,increment-run-001,workshop-participant,donation_events_001.csv,2026-08-11T11:59:30Z
EVT-FRS-006958,6006958,2003464,012157,3001687,30000,2026-08-10T07:14:39Z,銀行振込,increment-run-001,workshop-participant,donation_events_001.csv,2026-08-11T11:59:30Z
EVT-FRS-012480,6012480,2006031,182010,3000835,20000,2026-08-10T07:22:18Z,クレジットカード,increment-run-001,workshop-participant,donation_events_001.csv,2026-08-11T11:59:30Z
EVT-FRS-004783,6004783,2010773,434418,3000462,15000,2026-08-10T07:24:59Z,クレジットカード,increment-run-001,workshop-participant,donation_events_001.csv,2026-08-11T11:59:30Z
EVT-FRS-010986,6010986,2007888,122289,3004430,8000,2026-08-10T07:26:12Z,クレジットカード,increment-run-001,workshop-participant,donation_events_001.csv,2026-08-11T11:59:30Z
EVT-FRS-013646,6013646,2008463,282090,3000563,10000,2026-08-10T07:28:22Z,クレジットカード,increment-run-001,workshop-participant,donation_events_001.csv,2026-08-11T11:59:30Z
EVT-FRS-003527,6003527,2006695,182052,3001707,15000,2026-08-10T07:28:43Z,クレジットカード,increment-run-001,workshop-participant,donation_events_001.csv,2026-08-11T11:59:30Z
EVT-FRS-013787,6013787,2002139,062014,3000787,10000,2026-08-10T07:29:37Z,銀行振込,increment-run-001,workshop-participant,donation_events_001.csv,2026-08-11T11:59:30Z
EVT-FRS-007744,6007744,2000326,162094,3001520,10000,2026-08-10T07:33:04Z,コンビニ決済,increment-run-001,workshop-participant,donation_events_001.csv,2026-08-11T11:59:30Z
EVT-FRS-011188,6011188,2001257,112071,3004975,50000,2026-08-10T07:35:12Z,電子決済,increment-run-001,workshop-participant,donation_events_001.csv,2026-08-11T11:59:30Z
EVT-FRS-007880,6007880,2006175,032093,3004322,8000,2026-08-10T07:37:00Z,銀行振込,increment-run-001,workshop-participant,donation_events_001.csv,2026-08-11T11:59:30Z
EVT-FRS-005622,6005622,2005151,012360,3004702,15000,2026-08-10T07:38:47Z,クレジットカード,increment-run-001,workshop-participant,donation_events_001.csv,2026-08-11T11:59:30Z
EVT-FRS-003256,6003256,2005278,232157,3003410,15000,2026-08-10T07:41:03Z,電子決済,increment-run-001,workshop-participant,donation_events_001.csv,2026-08-11T11:59:30Z
EVT-FRS-012156,6012156,2005142,222089,3003577,15000,2026-08-10T07:41:41Z,電子決済,increment-run-001,workshop-participant,donation_events_001.csv,2026-08-11T11:59:30Z
EVT-FRS-010174,6010174,2000969,232327,3003382,20000,2026-08-10T07:50:31Z,電子決済,increment-run-001,workshop-participant,donation_events_001.csv,2026-08-11T11:59:30Z
EVT-FRS-000895,6000895,2000030,212202,3000474,40000,2026-08-10T07:56:23Z,クレジットカード,increment-run-001,workshop-participant,donation_events_001.csv,2026-08-11T11:59:30Z
EVT-FRS-003262,6003262,2007584,142034,3004408,50000,2026-08-10T07:56:54Z,コンビニ決済,increment-run-001,workshop-participant,donation_events_001.csv,2026-08-11T11:59:30Z
EVT-FRS-003390,6003390,2008539,472093,3005460,60000,2026-08-10T07:58:47Z,クレジットカード,increment-run-001,workshop-participant,donation_events_001.csv,2026-08-11T11:59:30Z
EVT-FRS-007029,6007029,2010430,132233,3001484,15000,2026-08-10T08:02:39Z,クレジットカード,increment-run-001,workshop-participant,donation_events_001.csv,2026-08-11T11:59:30Z
EVT-FRS-012799,6012799,2006557,272311,3002880,15000,2026-08-10T08:11:50Z,銀行振込,increment-run-001,workshop-participant,donation_events_001.csv,2026-08-11T11:59:30Z
EVT-FRS-002440,6002440,2004933,282243,3000625,20000,2026-08-10T08:13:24Z,クレジットカード,increment-run-001,workshop-participant,donation_events_001.csv,2026-08-11T11:59:30Z
EVT-FRS-014129,6014129,2006544,012149,3000853,15000,2026-08-10T08:30:58Z,電子決済,increment-run-001,workshop-participant,donation_events_001.csv,2026-08-11T11:59:30Z
EVT-FRS-010009,6010009,2005484,452025,3002268,40000,2026-08-10T08:35:04Z,クレジットカード,increment-run-001,workshop-participant,donation_events_001.csv,2026-08-11T11:59:30Z
EVT-FRS-012703,6012703,2002709,325058,3004242,5000,2026-08-10T08:42:41Z,電子決済,increment-run-001,workshop-participant,donation_events_001.csv,2026-08-11T11:59:30Z
EVT-FRS-010632,6010632,2006370,242098,3001186,5000,2026-08-10T08:43:31Z,電子決済,increment-run-001,workshop-participant,donation_events_001.csv,2026-08-11T11:59:30Z
EVT-FRS-011170,6011170,2005723,304018,3000418,10000,2026-08-10T08:43:51Z,クレジットカード,increment-run-001,workshop-participant,donation_events_001.csv,2026-08-11T11:59:30Z
EVT-FRS-006644,6006644,2000722,332127,3002431,10000,2026-08-10T08:44:14Z,クレジットカード,increment-run-001,workshop-participant,donation_events_001.csv,2026-08-11T11:59:30Z
EVT-FRS-005153,6005153,2003717,152188,3001403,30000,2026-08-10T08:48:29Z,クレジットカード,increment-run-001,workshop-participant,donation_events_001.csv,2026-08-11T11:59:30Z
EVT-FRS-010511,6010511,2011673,093840,3000737,20000,2026-08-10T08:58:53Z,クレジットカード,increment-run-001,workshop-participant,donation_events_001.csv,2026-08-11T11:59:30Z
EVT-FRS-005544,6005544,2005538,012190,3004508,8000,2026-08-10T09:02:36Z,電子決済,increment-run-001,workshop-participant,donation_events_001.csv,2026-08-11T11:59:30Z
EVT-FRS-003496,6003496,2010764,082031,3003961,15000,2026-08-10T09:03:51Z,クレジットカード,increment-run-001,workshop-participant,donation_events_001.csv,2026-08-11T11:59:30Z
EVT-FRS-009768,6009768,2004021,413453,3004747,10000,2026-08-10T09:12:20Z,クレジットカード,increment-run-001,workshop-participant,donation_events_001.csv,2026-08-11T11:59:30Z
EVT-FRS-013460,6013460,2003007,263036,3005646,20000,2026-08-10T09:12:59Z,クレジットカード,increment-run-001,workshop-participant,donation_events_001.csv,2026-08-11T11:59:30Z
EVT-FRS-001982,6001982,2001251,282243,3003597,15000,2026-08-10T09:14:58Z,電子決済,increment-run-001,workshop-participant,donation_events_001.csv,2026-08-11T11:59:30Z
EVT-FRS-005947,6005947,2004493,132039,3000120,60000,2026-08-10T09:28:08Z,クレジットカード,increment-run-001,workshop-participant,donation_events_001.csv,2026-08-11T11:59:30Z
EVT-FRS-007464,6007464,2009939,292028,3000898,10000,2026-08-10T09:29:35Z,電子決済,increment-run-001,workshop-participant,donation_events_001.csv,2026-08-11T11:59:30Z
EVT-FRS-002749,6002749,2011570,322091,3005449,20000,2026-08-10T09:29:45Z,コンビニ決済,increment-run-001,workshop-participant,donation_events_001.csv,2026-08-11T11:59:30Z
EVT-FRS-014231,6014231,2011868,043028,3002638,20000,2026-08-10T09:32:40Z,電子決済,increment-run-001,workshop-participant,donation_events_001.csv,2026-08-11T11:59:30Z
EVT-FRS-003183,6003183,2003469,082295,3003797,40000,2026-08-10T09:41:55Z,クレジットカード,increment-run-001,workshop-participant,donation_events_001.csv,2026-08-11T11:59:30Z
EVT-FRS-001080,6001080,2006634,112321,3005766,10000,2026-08-10T09:48:33Z,クレジットカード,increment-run-001,workshop-participant,donation_events_001.csv,2026-08-11T11:59:30Z
EVT-FRS-012206,6012206,2002101,202118,3002622,15000,2026-08-10T09:48:49Z,クレジットカード,increment-run-001,workshop-participant,donation_events_001.csv,2026-08-11T11:59:30Z
EVT-FRS-007695,6007695,2003698,131202,3005314,50000,2026-08-10T09:53:16Z,銀行振込,increment-run-001,workshop-participant,donation_events_001.csv,2026-08-11T11:59:30Z
EVT-FRS-006380,6006380,2007899,402044,3001133,10000,2026-08-10T09:54:41Z,電子決済,increment-run-001,workshop-participant,donation_events_001.csv,2026-08-11T11:59:30Z
EVT-FRS-005850,6005850,2011114,422142,3003126,10000,2026-08-10T09:55:46Z,電子決済,increment-run-001,workshop-participant,donation_events_001.csv,2026-08-11T11:59:30Z
EVT-FRS-006654,6006654,2000401,072095,3004630,10000,2026-08-10T10:02:06Z,クレジットカード,increment-run-001,workshop-participant,donation_events_001.csv,2026-08-11T11:59:30Z
EVT-FRS-013426,6013426,2004871,072052,3005037,12000,2026-08-10T10:03:50Z,電子決済,increment-run-001,workshop-participant,donation_events_001.csv,2026-08-11T11:59:30Z
EVT-FRS-014104,6014104,2011524,432059,3002262,5000,2026-08-10T10:08:21Z,クレジットカード,increment-run-001,workshop-participant,donation_events_001.csv,2026-08-11T11:59:30Z
EVT-FRS-001483,6001483,2011009,272132,3000119,40000,2026-08-10T10:10:33Z,クレジットカード,increment-run-001,workshop-participant,donation_events_001.csv,2026-08-11T11:59:30Z
EVT-FRS-009286,6009286,2008040,232106,3001062,12000,2026-08-10T10:14:10Z,クレジットカード,increment-run-001,workshop-participant,donation_events_001.csv,2026-08-11T11:59:30Z
EVT-FRS-001258,6001258,2007121,172049,3001854,15000,2026-08-10T10:17:05Z,クレジットカード,increment-run-001,workshop-participant,donation_events_001.csv,2026-08-11T11:59:30Z
EVT-FRS-007304,6007304,2010657,152188,3000848,10000,2026-08-10T10:18:06Z,クレジットカード,increment-run-001,workshop-participant,donation_events_001.csv,2026-08-11T11:59:30Z
EVT-FRS-007612,6007612,2009042,202011,3001773,20000,2026-08-10T10:18:30Z,電子決済,increment-run-001,workshop-participant,donation_events_001.csv,2026-08-11T11:59:30Z
EVT-FRS-002465,6002465,2005243,013706,3002082,5000,2026-08-10T10:27:08Z,電子決済,increment-run-001,workshop-participant,donation_events_001.csv,2026-08-11T11:59:30Z
EVT-FRS-006729,6006729,2010694,402141,3004763,15000,2026-08-10T10:35:29Z,銀行振込,increment-run-001,workshop-participant,donation_events_001.csv,2026-08-11T11:59:30Z
EVT-FRS-012502,6012502,2003395,232190,3003166,10000,2026-08-10T10:37:33Z,クレジットカード,increment-run-001,workshop-participant,donation_events_001.csv,2026-08-11T11:59:30Z
EVT-FRS-004467,6004467,2011351,122327,3000840,12000,2026-08-10T10:39:28Z,銀行振込,increment-run-001,workshop-participant,donation_events_001.csv,2026-08-11T11:59:30Z
EVT-FRS-005852,6005852,2002505,042161,3001249,10000,2026-08-10T10:40:59Z,銀行振込,increment-run-001,workshop-participant,donation_events_001.csv,2026-08-11T11:59:30Z
EVT-FRS-000332,6000332,2011042,272159,3003093,15000,2026-08-10T10:42:49Z,クレジットカード,increment-run-001,workshop-participant,donation_events_001.csv,2026-08-11T11:59:30Z
EVT-FRS-004456,6004456,2010622,212032,3004789,100000,2026-08-10T10:43:12Z,クレジットカード,increment-run-001,workshop-participant,donation_events_001.csv,2026-08-11T11:59:30Z
EVT-FRS-007545,6007545,2010526,281000,3003308,12000,2026-08-10T10:45:06Z,電子決済,increment-run-001,workshop-participant,donation_events_001.csv,2026-08-11T11:59:30Z
EVT-FRS-009921,6009921,2004156,062111,3002623,15000,2026-08-10T10:46:51Z,クレジットカード,increment-run-001,workshop-participant,donation_events_001.csv,2026-08-11T11:59:30Z
EVT-FRS-010619,6010619,2006555,042099,3004087,15000,2026-08-10T10:51:54Z,電子決済,increment-run-001,workshop-participant,donation_events_001.csv,2026-08-11T11:59:30Z
EVT-FRS-007184,6007184,2001889,282049,3005940,12000,2026-08-10T10:53:30Z,クレジットカード,increment-run-001,workshop-participant,donation_events_001.csv,2026-08-11T11:59:30Z
EVT-FRS-005395,6005395,2001580,422142,3005051,5000,2026-08-10T10:54:27Z,電子決済,increment-run-001,workshop-participant,donation_events_001.csv,2026-08-11T11:59:30Z
EVT-FRS-008125,6008125,2005868,392090,3003060,5000,2026-08-10T10:56:47Z,クレジットカード,increment-run-001,workshop-participant,donation_events_001.csv,2026-08-11T11:59:30Z
EVT-FRS-005675,6005675,2000413,282294,3000121,30000,2026-08-10T11:00:45Z,クレジットカード,increment-run-001,workshop-participant,donation_events_001.csv,2026-08-11T11:59:30Z
EVT-FRS-001715,6001715,2003984,462225,3001972,15000,2026-08-10T11:01:23Z,クレジットカード,increment-run-001,workshop-participant,donation_events_001.csv,2026-08-11T11:59:30Z
EVT-FRS-002042,6002042,2007358,442143,3003332,15000,2026-08-10T11:01:40Z,クレジットカード,increment-run-001,workshop-participant,donation_events_001.csv,2026-08-11T11:59:30Z
EVT-FRS-007550,6007550,2002275,212032,3001418,12000,2026-08-10T11:03:37Z,電子決済,increment-run-001,workshop-participant,donation_events_001.csv,2026-08-11T11:59:30Z
EVT-FRS-000912,6000912,2001218,472158,3005529,10000,2026-08-10T11:09:16Z,クレジットカード,increment-run-001,workshop-participant,donation_events_001.csv,2026-08-11T11:59:30Z
EVT-FRS-006305,6006305,2007049,052159,3001578,10000,2026-08-10T11:10:29Z,クレジットカード,increment-run-001,workshop-participant,donation_events_001.csv,2026-08-11T11:59:30Z
EVT-FRS-003757,6003757,2002873,142123,3001886,10000,2026-08-10T11:12:36Z,クレジットカード,increment-run-001,workshop-participant,donation_events_001.csv,2026-08-11T11:59:30Z
EVT-FRS-010216,6010216,2004628,452025,3005848,30000,2026-08-10T11:19:23Z,クレジットカード,increment-run-001,workshop-participant,donation_events_001.csv,2026-08-11T11:59:30Z
EVT-FRS-009721,6009721,2004552,252034,3004571,20000,2026-08-10T11:20:41Z,コンビニ決済,increment-run-001,workshop-participant,donation_events_001.csv,2026-08-11T11:59:30Z
EVT-FRS-003663,6003663,2006527,221007,3005304,30000,2026-08-10T11:23:02Z,クレジットカード,increment-run-001,workshop-participant,donation_events_001.csv,2026-08-11T11:59:30Z
EVT-FRS-010453,6010453,2004622,292028,3003914,10000,2026-08-10T11:24:27Z,クレジットカード,increment-run-001,workshop-participant,donation_events_001.csv,2026-08-11T11:59:30Z
EVT-FRS-005204,6005204,2005534,041009,3004941,12000,2026-08-10T11:27:37Z,クレジットカード,increment-run-001,workshop-participant,donation_events_001.csv,2026-08-11T11:59:30Z
EVT-FRS-010725,6010725,2000556,282022,3000977,10000,2026-08-10T11:28:15Z,コンビニ決済,increment-run-001,workshop-participant,donation_events_001.csv,2026-08-11T11:59:30Z
EVT-FRS-008837,6008837,2008894,032166,3000027,8000,2026-08-10T11:32:04Z,銀行振込,increment-run-001,workshop-participant,donation_events_001.csv,2026-08-11T11:59:30Z
EVT-FRS-009101,6009101,2003885,172103,3000913,20000,2026-08-10T11:36:51Z,クレジットカード,increment-run-001,workshop-participant,donation_events_001.csv,2026-08-11T11:59:30Z
EVT-FRS-007807,6007807,2000356,072133,3003002,12000,2026-08-10T11:44:00Z,クレジットカード,increment-run-001,workshop-participant,donation_events_001.csv,2026-08-11T11:59:30Z
EVT-FRS-002838,6002838,2003749,272213,3001155,20000,2026-08-10T11:47:20Z,クレジットカード,increment-run-001,workshop-participant,donation_events_001.csv,2026-08-11T11:59:30Z
EVT-FRS-005267,6005267,2000447,022021,3002765,5000,2026-08-10T11:47:33Z,クレジットカード,increment-run-001,workshop-participant,donation_events_001.csv,2026-08-11T11:59:30Z
EVT-FRS-007851,6007851,2005115,132225,3003456,15000,2026-08-10T11:50:27Z,クレジットカード,increment-run-001,workshop-participant,donation_events_001.csv,2026-08-11T11:59:30Z
EVT-FRS-007376,6007376,2011986,152129,3002587,15000,2026-08-10T11:52:04Z,クレジットカード,increment-run-001,workshop-participant,donation_events_001.csv,2026-08-11T11:59:30Z
EVT-FRS-008945,6008945,2007117,352039,3002874,25000,2026-08-10T11:54:37Z,クレジットカード,increment-run-001,workshop-participant,donation_events_001.csv,2026-08-11T11:59:30Z
EVT-FRS-003447,6003447,2006050,262081,3004518,20000,2026-08-10T11:54:54Z,クレジットカード,increment-run-001,workshop-participant,donation_events_001.csv,2026-08-11T11:59:30Z
EVT-FRS-008100,6008100,2005896,015113,3002387,20000,2026-08-10T12:05:19Z,クレジットカード,increment-run-001,workshop-participant,donation_events_001.csv,2026-08-11T11:59:30Z
EVT-FRS-006770,6006770,2009753,352063,3002027,12000,2026-08-10T12:06:25Z,銀行振込,increment-run-001,workshop-participant,donation_events_001.csv,2026-08-11T11:59:30Z
EVT-FRS-007081,6007081,2010907,015598,3003450,15000,2026-08-10T12:13:05Z,クレジットカード,increment-run-001,workshop-participant,donation_events_001.csv,2026-08-11T11:59:30Z
EVT-FRS-008207,6008207,2009708,012190,3002126,5000,2026-08-10T12:13:19Z,電子決済,increment-run-001,workshop-participant,donation_events_001.csv,2026-08-11T11:59:30Z
EVT-FRS-011748,6011748,2007195,134015,3004914,20000,2026-08-10T12:14:45Z,クレジットカード,increment-run-001,workshop-participant,donation_events_001.csv,2026-08-11T11:59:30Z
EVT-FRS-006578,6006578,2006008,402281,3005243,8000,2026-08-10T12:15:09Z,クレジットカード,increment-run-001,workshop-participant,donation_events_001.csv,2026-08-11T11:59:30Z
EVT-FRS-000121,6000121,2002561,282171,3004345,20000,2026-08-10T12:19:50Z,クレジットカード,increment-run-001,workshop-participant,donation_events_001.csv,2026-08-11T11:59:30Z
EVT-FRS-005939,6005939,2000544,282189,3002127,50000,2026-08-10T12:22:48Z,クレジットカード,increment-run-001,workshop-participant,donation_events_001.csv,2026-08-11T11:59:30Z
EVT-FRS-014072,6014072,2005074,012289,3004908,10000,2026-08-10T12:26:04Z,クレジットカード,increment-run-001,workshop-participant,donation_events_001.csv,2026-08-11T11:59:30Z
EVT-FRS-014008,6014008,2001958,016683,3001826,30000,2026-08-10T12:32:12Z,クレジットカード,increment-run-001,workshop-participant,donation_events_001.csv,2026-08-11T11:59:30Z
EVT-FRS-006608,6006608,2003282,464686,3005084,70000,2026-08-10T12:36:23Z,クレジットカード,increment-run-001,workshop-participant,donation_events_001.csv,2026-08-11T11:59:30Z
EVT-FRS-008680,6008680,2008328,352128,3001457,10000,2026-08-10T12:45:19Z,クレジットカード,increment-run-001,workshop-participant,donation_events_001.csv,2026-08-11T11:59:30Z
EVT-FRS-005246,6005246,2009815,282201,3004056,15000,2026-08-10T12:46:59Z,クレジットカード,increment-run-001,workshop-participant,donation_events_001.csv,2026-08-11T11:59:30Z
EVT-FRS-007011,6007011,2011314,022071,3005607,20000,2026-08-10T12:48:55Z,クレジットカード,increment-run-001,workshop-participant,donation_events_001.csv,2026-08-11T11:59:30Z
EVT-FRS-003895,6003895,2008521,072010,3004064,20000,2026-08-10T12:49:03Z,クレジットカード,increment-run-001,workshop-participant,donation_events_001.csv,2026-08-11T11:59:30Z
EVT-FRS-006628,6006628,2003624,142182,3004337,20000,2026-08-10T12:50:35Z,クレジットカード,increment-run-001,workshop-participant,donation_events_001.csv,2026-08-11T11:59:30Z
EVT-FRS-002460,6002460,2001387,292028,3000898,10000,2026-08-10T12:56:49Z,クレジットカード,increment-run-001,workshop-participant,donation_events_001.csv,2026-08-11T11:59:30Z
EVT-FRS-013552,6013552,2001851,282294,3003780,10000,2026-08-10T12:57:33Z,電子決済,increment-run-001,workshop-participant,donation_events_001.csv,2026-08-11T11:59:30Z
EVT-FRS-007763,6007763,2001664,024431,3000466,12000,2026-08-10T12:57:45Z,クレジットカード,increment-run-001,workshop-participant,donation_events_001.csv,2026-08-11T11:59:30Z
EVT-FRS-007225,6007225,2009661,074641,3000465,20000,2026-08-10T12:59:57Z,クレジットカード,increment-run-001,workshop-participant,donation_events_001.csv,2026-08-11T11:59:30Z
EVT-FRS-012399,6012399,2004417,222127,3004313,15000,2026-08-10T13:05:20Z,クレジットカード,increment-run-001,workshop-participant,donation_events_001.csv,2026-08-11T11:59:30Z
EVT-FRS-010401,6010401,2011394,082171,3004974,20000,2026-08-10T13:06:12Z,クレジットカード,increment-run-001,workshop-participant,donation_events_001.csv,2026-08-11T11:59:30Z
EVT-FRS-005979,6005979,2007945,452025,3003388,10000,2026-08-10T13:07:05Z,コンビニ決済,increment-run-001,workshop-participant,donation_events_001.csv,2026-08-11T11:59:30Z
EVT-FRS-002759,6002759,2011221,112216,3001442,10000,2026-08-10T13:08:35Z,クレジットカード,increment-run-001,workshop-participant,donation_events_001.csv,2026-08-11T11:59:30Z
EVT-FRS-003986,6003986,2010441,132276,3002538,20000,2026-08-10T13:10:39Z,コンビニ決済,increment-run-001,workshop-participant,donation_events_001.csv,2026-08-11T11:59:30Z
EVT-FRS-013267,6013267,2011136,304042,3000589,25000,2026-08-10T13:10:45Z,クレジットカード,increment-run-001,workshop-participant,donation_events_001.csv,2026-08-11T11:59:30Z
EVT-FRS-009992,6009992,2005310,382035,3003763,10000,2026-08-10T13:18:09Z,電子決済,increment-run-001,workshop-participant,donation_events_001.csv,2026-08-11T11:59:30Z
EVT-FRS-009752,6009752,2006503,402168,3002003,15000,2026-08-10T13:18:53Z,クレジットカード,increment-run-001,workshop-participant,donation_events_001.csv,2026-08-11T11:59:30Z
EVT-FRS-006762,6006762,2002953,442089,3001449,10000,2026-08-10T13:21:55Z,クレジットカード,increment-run-001,workshop-participant,donation_events_001.csv,2026-08-11T11:59:30Z
EVT-FRS-005700,6005700,2003246,342157,3004107,25000,2026-08-10T13:36:45Z,銀行振込,increment-run-001,workshop-participant,donation_events_001.csv,2026-08-11T11:59:30Z
EVT-FRS-003306,6003306,2007434,072052,3003253,12000,2026-08-10T13:37:03Z,クレジットカード,increment-run-001,workshop-participant,donation_events_001.csv,2026-08-11T11:59:30Z
EVT-FRS-011598,6011598,2004845,212130,3000263,20000,2026-08-10T13:37:20Z,コンビニ決済,increment-run-001,workshop-participant,donation_events_001.csv,2026-08-11T11:59:30Z
EVT-FRS-013912,6013912,2006882,272141,3000349,20000,2026-08-10T13:41:36Z,クレジットカード,increment-run-001,workshop-participant,donation_events_001.csv,2026-08-11T11:59:30Z
EVT-FRS-004348,6004348,2010598,122360,3003569,20000,2026-08-10T13:42:26Z,クレジットカード,increment-run-001,workshop-participant,donation_events_001.csv,2026-08-11T11:59:30Z
EVT-FRS-013430,6013430,2005817,402273,3000987,10000,2026-08-10T13:44:35Z,クレジットカード,increment-run-001,workshop-participant,donation_events_001.csv,2026-08-11T11:59:30Z
EVT-FRS-001938,6001938,2011519,032026,3001042,15000,2026-08-10T13:51:04Z,クレジットカード,increment-run-001,workshop-participant,donation_events_001.csv,2026-08-11T11:59:30Z
EVT-FRS-008037,6008037,2009257,012190,3001672,15000,2026-08-10T13:53:30Z,クレジットカード,increment-run-001,workshop-participant,donation_events_001.csv,2026-08-11T11:59:30Z
EVT-FRS-011264,6011264,2006295,452041,3004484,8000,2026-08-10T13:57:13Z,クレジットカード,increment-run-001,workshop-participant,donation_events_001.csv,2026-08-11T11:59:30Z
EVT-FRS-000301,6000301,2008519,082163,3004612,10000,2026-08-10T13:57:27Z,クレジットカード,increment-run-001,workshop-participant,donation_events_001.csv,2026-08-11T11:59:30Z
EVT-FRS-000240,6000240,2011031,272205,3004027,60000,2026-08-10T13:58:48Z,銀行振込,increment-run-001,workshop-participant,donation_events_001.csv,2026-08-11T11:59:30Z
EVT-FRS-012342,6012342,2000472,042111,3000457,12000,2026-08-10T13:59:12Z,クレジットカード,increment-run-001,workshop-participant,donation_events_001.csv,2026-08-11T11:59:30Z
EVT-FRS-001690,6001690,2000462,342131,3003750,12000,2026-08-10T14:00:56Z,クレジットカード,increment-run-001,workshop-participant,donation_events_001.csv,2026-08-11T11:59:30Z
EVT-FRS-011214,6011214,2010054,012068,3003304,20000,2026-08-10T14:04:14Z,電子決済,increment-run-001,workshop-participant,donation_events_001.csv,2026-08-11T11:59:30Z
EVT-FRS-007567,6007567,2005926,122165,3002111,20000,2026-08-10T14:05:30Z,クレジットカード,increment-run-001,workshop-participant,donation_events_001.csv,2026-08-11T11:59:30Z
EVT-FRS-011236,6011236,2002475,242152,3005213,20000,2026-08-10T14:09:21Z,電子決済,increment-run-001,workshop-participant,donation_events_001.csv,2026-08-11T11:59:30Z
EVT-FRS-005411,6005411,2000053,082287,3005939,20000,2026-08-10T14:10:04Z,コンビニ決済,increment-run-001,workshop-participant,donation_events_001.csv,2026-08-11T11:59:30Z
EVT-FRS-004551,6004551,2008358,473618,3001810,10000,2026-08-10T14:13:28Z,クレジットカード,increment-run-001,workshop-participant,donation_events_001.csv,2026-08-11T11:59:30Z
EVT-FRS-005171,6005171,2007750,282154,3005416,20000,2026-08-10T14:18:50Z,クレジットカード,increment-run-001,workshop-participant,donation_events_001.csv,2026-08-11T11:59:30Z
EVT-FRS-011449,6011449,2008508,262030,3005771,12000,2026-08-10T14:19:05Z,クレジットカード,increment-run-001,workshop-participant,donation_events_001.csv,2026-08-11T11:59:30Z
EVT-FRS-014629,6014629,2007120,114421,3005189,12000,2026-08-10T14:22:41Z,クレジットカード,increment-run-001,workshop-participant,donation_events_001.csv,2026-08-11T11:59:30Z
EVT-FRS-001163,6001163,2002804,102121,3001247,8000,2026-08-10T14:24:45Z,クレジットカード,increment-run-001,workshop-participant,donation_events_001.csv,2026-08-11T11:59:30Z
EVT-FRS-010653,6010653,2000066,122076,3005018,15000,2026-08-10T14:30:41Z,クレジットカード,increment-run-001,workshop-participant,donation_events_001.csv,2026-08-11T11:59:30Z
EVT-FRS-011773,6011773,2007810,302023,3000089,15000,2026-08-10T14:35:01Z,クレジットカード,increment-run-001,workshop-participant,donation_events_001.csv,2026-08-11T11:59:30Z
EVT-FRS-003250,6003250,2001410,082368,3002064,15000,2026-08-10T14:42:10Z,銀行振込,increment-run-001,workshop-participant,donation_events_001.csv,2026-08-11T11:59:30Z
EVT-FRS-011633,6011633,2003515,082228,3000857,30000,2026-08-10T14:43:22Z,クレジットカード,increment-run-001,workshop-participant,donation_events_001.csv,2026-08-11T11:59:30Z
EVT-FRS-010122,6010122,2005117,122254,3002882,10000,2026-08-10T14:43:25Z,電子決済,increment-run-001,workshop-participant,donation_events_001.csv,2026-08-11T11:59:30Z
EVT-FRS-006120,6006120,2008138,302066,3001128,12000,2026-08-10T14:48:31Z,コンビニ決済,increment-run-001,workshop-participant,donation_events_001.csv,2026-08-11T11:59:30Z
EVT-FRS-004734,6004734,2006809,452050,3003836,12000,2026-08-10T14:48:34Z,銀行振込,increment-run-001,workshop-participant,donation_events_001.csv,2026-08-11T11:59:30Z
EVT-FRS-001996,6001996,2002244,312037,3003741,8000,2026-08-10T14:51:06Z,電子決済,increment-run-001,workshop-participant,donation_events_001.csv,2026-08-11T11:59:30Z
EVT-FRS-007317,6007317,2007277,284815,3001931,15000,2026-08-10T14:52:22Z,クレジットカード,increment-run-001,workshop-participant,donation_events_001.csv,2026-08-11T11:59:30Z
EVT-FRS-002743,6002743,2009841,302023,3002401,20000,2026-08-10T14:55:06Z,クレジットカード,increment-run-001,workshop-participant,donation_events_001.csv,2026-08-11T11:59:30Z
EVT-FRS-011843,6011843,2004557,322041,3004987,10000,2026-08-10T14:57:48Z,電子決済,increment-run-001,workshop-participant,donation_events_001.csv,2026-08-11T11:59:30Z
EVT-FRS-004334,6004334,2010296,462233,3000389,20000,2026-08-10T15:00:06Z,クレジットカード,increment-run-001,workshop-participant,donation_events_001.csv,2026-08-11T11:59:30Z
EVT-FRS-007533,6007533,2011344,232271,3003775,10000,2026-08-10T15:07:35Z,クレジットカード,increment-run-001,workshop-participant,donation_events_001.csv,2026-08-11T11:59:30Z
EVT-FRS-011842,6011842,2011665,232289,3004774,15000,2026-08-10T15:08:46Z,クレジットカード,increment-run-001,workshop-participant,donation_events_001.csv,2026-08-11T11:59:30Z
EVT-FRS-012478,6012478,2004736,382019,3004080,10000,2026-08-10T15:09:51Z,クレジットカード,increment-run-001,workshop-participant,donation_events_001.csv,2026-08-11T11:59:30Z
EVT-FRS-002167,6002167,2000120,282090,3004173,15000,2026-08-10T15:10:14Z,クレジットカード,increment-run-001,workshop-participant,donation_events_001.csv,2026-08-11T11:59:30Z
EVT-FRS-008058,6008058,2010629,222127,3003026,20000,2026-08-10T15:10:41Z,クレジットカード,increment-run-001,workshop-participant,donation_events_001.csv,2026-08-11T11:59:30Z
EVT-FRS-014410,6014410,2004617,162027,3000597,30000,2026-08-10T15:12:41Z,クレジットカード,increment-run-001,workshop-participant,donation_events_001.csv,2026-08-11T11:59:30Z
EVT-FRS-003079,6003079,2005232,082287,3005939,15000,2026-08-10T15:14:42Z,クレジットカード,increment-run-001,workshop-participant,donation_events_001.csv,2026-08-11T11:59:30Z
EVT-FRS-003025,6003025,2007286,192082,3000794,15000,2026-08-10T15:21:29Z,クレジットカード,increment-run-001,workshop-participant,donation_events_001.csv,2026-08-11T11:59:30Z
EVT-FRS-001100,6001100,2011819,122335,3002881,12000,2026-08-10T15:35:00Z,クレジットカード,increment-run-001,workshop-participant,donation_events_001.csv,2026-08-11T11:59:30Z
EVT-FRS-001994,6001994,2006548,392120,3000172,20000,2026-08-10T15:36:09Z,コンビニ決済,increment-run-001,workshop-participant,donation_events_001.csv,2026-08-11T11:59:30Z
EVT-FRS-009585,6009585,2004374,335860,3002073,12000,2026-08-10T15:38:19Z,クレジットカード,increment-run-001,workshop-participant,donation_events_001.csv,2026-08-11T11:59:30Z
EVT-FRS-000438,6000438,2008830,335860,3002073,10000,2026-08-10T15:40:12Z,クレジットカード,increment-run-001,workshop-participant,donation_events_001.csv,2026-08-11T11:59:30Z
EVT-FRS-006821,6006821,2007006,192082,3003819,15000,2026-08-10T15:42:30Z,クレジットカード,increment-run-001,workshop-participant,donation_events_001.csv,2026-08-11T11:59:30Z
EVT-FRS-009945,6009945,2006228,082295,3004551,12000,2026-08-10T15:46:36Z,コンビニ決済,increment-run-001,workshop-participant,donation_events_001.csv,2026-08-11T11:59:30Z
EVT-FRS-014242,6014242,2003038,232157,3003410,8000,2026-08-10T15:46:47Z,電子決済,increment-run-001,workshop-participant,donation_events_001.csv,2026-08-11T11:59:30Z
EVT-FRS-012432,6012432,2010584,123293,3002412,30000,2026-08-10T15:48:12Z,クレジットカード,increment-run-001,workshop-participant,donation_events_001.csv,2026-08-11T11:59:30Z
EVT-FRS-000777,6000777,2001847,341002,3002197,20000,2026-08-10T15:49:53Z,クレジットカード,increment-run-001,workshop-participant,donation_events_001.csv,2026-08-11T11:59:30Z
EVT-FRS-012143,6012143,2010833,016071,3001175,5000,2026-08-10T15:54:20Z,電子決済,increment-run-001,workshop-participant,donation_events_001.csv,2026-08-11T11:59:30Z
EVT-FRS-004726,6004726,2009827,022012,3004642,20000,2026-08-10T15:54:26Z,クレジットカード,increment-run-001,workshop-participant,donation_events_001.csv,2026-08-11T11:59:30Z
EVT-FRS-011812,6011812,2007840,414247,3001039,10000,2026-08-10T15:55:41Z,クレジットカード,increment-run-001,workshop-participant,donation_events_001.csv,2026-08-11T11:59:30Z
EVT-FRS-005169,6005169,2007092,162027,3005111,15000,2026-08-10T15:59:03Z,銀行振込,increment-run-001,workshop-participant,donation_events_001.csv,2026-08-11T11:59:30Z
EVT-FRS-008262,6008262,2007086,282260,3003454,8000,2026-08-10T16:01:32Z,コンビニ決済,increment-run-001,workshop-participant,donation_events_001.csv,2026-08-11T11:59:30Z
EVT-FRS-003931,6003931,2003979,012025,3002770,8000,2026-08-10T16:02:13Z,クレジットカード,increment-run-001,workshop-participant,donation_events_001.csv,2026-08-11T11:59:30Z
EVT-FRS-013911,6013911,2011078,462217,3002379,20000,2026-08-10T16:05:39Z,銀行振込,increment-run-001,workshop-participant,donation_events_001.csv,2026-08-11T11:59:30Z
EVT-FRS-014731,6014731,2011690,282162,3003417,8000,2026-08-10T16:05:55Z,クレジットカード,increment-run-001,workshop-participant,donation_events_001.csv,2026-08-11T11:59:30Z
EVT-FRS-011088,6011088,2009467,112321,3002094,10000,2026-08-10T16:06:09Z,クレジットカード,increment-run-001,workshop-participant,donation_events_001.csv,2026-08-11T11:59:30Z
EVT-FRS-000279,6000279,2004258,472085,3001837,10000,2026-08-10T16:09:29Z,クレジットカード,increment-run-001,workshop-participant,donation_events_001.csv,2026-08-11T11:59:30Z
EVT-FRS-012858,6012858,2003935,194301,3004954,10000,2026-08-10T16:09:57Z,銀行振込,increment-run-001,workshop-participant,donation_events_001.csv,2026-08-11T11:59:30Z
EVT-FRS-012382,6012382,2002180,472123,3004891,10000,2026-08-10T16:12:12Z,クレジットカード,increment-run-001,workshop-participant,donation_events_001.csv,2026-08-11T11:59:30Z
EVT-FRS-009716,6009716,2010026,052159,3003309,10000,2026-08-10T16:13:40Z,コンビニ決済,increment-run-001,workshop-participant,donation_events_001.csv,2026-08-11T11:59:30Z
EVT-FRS-003084,6003084,2004423,452050,3000572,5000,2026-08-10T16:16:19Z,クレジットカード,increment-run-001,workshop-participant,donation_events_001.csv,2026-08-11T11:59:30Z
EVT-FRS-004576,6004576,2010514,373419,3001995,10000,2026-08-10T16:19:12Z,クレジットカード,increment-run-001,workshop-participant,donation_events_001.csv,2026-08-11T11:59:30Z
EVT-FRS-010994,6010994,2001540,062031,3005710,15000,2026-08-10T16:29:52Z,クレジットカード,increment-run-001,workshop-participant,donation_events_001.csv,2026-08-11T11:59:30Z
EVT-FRS-000496,6000496,2008902,252140,3000227,12000,2026-08-10T16:32:38Z,銀行振込,increment-run-001,workshop-participant,donation_events_001.csv,2026-08-11T11:59:30Z
EVT-FRS-008588,6008588,2003446,372072,3003404,150000,2026-08-10T16:33:06Z,電子決済,increment-run-001,workshop-participant,donation_events_001.csv,2026-08-11T11:59:30Z
EVT-FRS-012366,6012366,2005322,322032,3000350,8000,2026-08-10T16:34:59Z,銀行振込,increment-run-001,workshop-participant,donation_events_001.csv,2026-08-11T11:59:30Z
EVT-FRS-005129,6005129,2007095,092029,3003714,8000,2026-08-10T16:35:39Z,クレジットカード,increment-run-001,workshop-participant,donation_events_001.csv,2026-08-11T11:59:30Z
EVT-FRS-011423,6011423,2000922,073628,3005752,15000,2026-08-10T16:40:01Z,クレジットカード,increment-run-001,workshop-participant,donation_events_001.csv,2026-08-11T11:59:30Z
EVT-FRS-002901,6002901,2006434,472085,3001837,30000,2026-08-10T16:41:43Z,クレジットカード,increment-run-001,workshop-participant,donation_events_001.csv,2026-08-11T11:59:30Z
EVT-FRS-004557,6004557,2000958,372072,3001553,10000,2026-08-10T16:43:19Z,電子決済,increment-run-001,workshop-participant,donation_events_001.csv,2026-08-11T11:59:30Z
EVT-FRS-012704,6012704,2010313,402184,3001122,10000,2026-08-10T16:57:32Z,電子決済,increment-run-001,workshop-participant,donation_events_001.csv,2026-08-11T11:59:30Z
EVT-FRS-012148,6012148,2008896,213021,3005352,10000,2026-08-10T17:02:33Z,クレジットカード,increment-run-001,workshop-participant,donation_events_001.csv,2026-08-11T11:59:30Z
EVT-FRS-005251,6005251,2010994,362077,3000374,15000,2026-08-10T17:02:57Z,クレジットカード,increment-run-001,workshop-participant,donation_events_001.csv,2026-08-11T11:59:30Z
EVT-FRS-006573,6006573,2003256,024023,3001494,50000,2026-08-10T17:07:41Z,電子決済,increment-run-001,workshop-participant,donation_events_001.csv,2026-08-11T11:59:30Z
EVT-FRS-002154,6002154,2000856,302015,3004318,10000,2026-08-10T17:08:03Z,クレジットカード,increment-run-001,workshop-participant,donation_events_001.csv,2026-08-11T11:59:30Z
EVT-FRS-008790,6008790,2009093,075442,3003767,20000,2026-08-10T17:11:12Z,電子決済,increment-run-001,workshop-participant,donation_events_001.csv,2026-08-11T11:59:30Z
EVT-FRS-001233,6001233,2009950,131199,3003511,12000,2026-08-10T17:14:22Z,電子決済,increment-run-001,workshop-participant,donation_events_001.csv,2026-08-11T11:59:30Z
EVT-FRS-003791,6003791,2006797,183229,3001158,15000,2026-08-10T17:14:29Z,銀行振込,increment-run-001,workshop-participant,donation_events_001.csv,2026-08-11T11:59:30Z
EVT-FRS-005035,6005035,2010210,452025,3003388,20000,2026-08-10T17:15:24Z,銀行振込,increment-run-001,workshop-participant,donation_events_001.csv,2026-08-11T11:59:30Z
EVT-FRS-013579,6013579,2006534,132195,3004404,10000,2026-08-10T17:15:58Z,電子決済,increment-run-001,workshop-participant,donation_events_001.csv,2026-08-11T11:59:30Z
EVT-FRS-006744,6006744,2005041,252123,3000776,12000,2026-08-10T17:17:14Z,銀行振込,increment-run-001,workshop-participant,donation_events_001.csv,2026-08-11T11:59:30Z
EVT-FRS-010654,6010654,2007585,392103,3001991,12000,2026-08-10T17:18:52Z,コンビニ決済,increment-run-001,workshop-participant,donation_events_001.csv,2026-08-11T11:59:30Z
EVT-FRS-013915,6013915,2006793,394025,3003075,10000,2026-08-10T17:20:04Z,電子決済,increment-run-001,workshop-participant,donation_events_001.csv,2026-08-11T11:59:30Z
EVT-FRS-011741,6011741,2010051,052116,3004863,15000,2026-08-10T17:28:01Z,電子決済,increment-run-001,workshop-participant,donation_events_001.csv,2026-08-11T11:59:30Z
EVT-FRS-007403,6007403,2005242,092037,3001998,20000,2026-08-10T17:28:20Z,クレジットカード,increment-run-001,workshop-participant,donation_events_001.csv,2026-08-11T11:59:30Z
EVT-FRS-004259,6004259,2007600,462179,3005555,12000,2026-08-10T17:29:04Z,クレジットカード,increment-run-001,workshop-participant,donation_events_001.csv,2026-08-11T11:59:30Z
EVT-FRS-012900,6012900,2008045,232246,3003364,10000,2026-08-10T17:29:55Z,クレジットカード,increment-run-001,workshop-participant,donation_events_001.csv,2026-08-11T11:59:30Z
EVT-FRS-008283,6008283,2002283,282014,3004175,10000,2026-08-10T17:32:29Z,クレジットカード,increment-run-001,workshop-participant,donation_events_001.csv,2026-08-11T11:59:30Z
EVT-FRS-010272,6010272,2001422,132276,3003923,20000,2026-08-10T17:35:51Z,クレジットカード,increment-run-001,workshop-participant,donation_events_001.csv,2026-08-11T11:59:30Z
EVT-FRS-005317,6005317,2004774,012360,3002162,15000,2026-08-10T17:36:01Z,電子決済,increment-run-001,workshop-participant,donation_events_001.csv,2026-08-11T11:59:30Z
EVT-FRS-007933,6007933,2006320,162051,3002664,30000,2026-08-10T17:37:34Z,クレジットカード,increment-run-001,workshop-participant,donation_events_001.csv,2026-08-11T11:59:30Z
EVT-FRS-010434,6010434,2010445,452025,3003435,20000,2026-08-10T17:37:48Z,クレジットカード,increment-run-001,workshop-participant,donation_events_001.csv,2026-08-11T11:59:30Z
EVT-FRS-009813,6009813,2009924,202070,3004076,20000,2026-08-10T17:39:51Z,クレジットカード,increment-run-001,workshop-participant,donation_events_001.csv,2026-08-11T11:59:30Z
EVT-FRS-009990,6009990,2001692,406465,3002451,15000,2026-08-10T17:45:00Z,クレジットカード,increment-run-001,workshop-participant,donation_events_001.csv,2026-08-11T11:59:30Z
EVT-FRS-004205,6004205,2004072,104281,3003986,10000,2026-08-10T17:47:34Z,クレジットカード,increment-run-001,workshop-participant,donation_events_001.csv,2026-08-11T11:59:30Z
EVT-FRS-008334,6008334,2005539,452025,3002268,20000,2026-08-10T17:48:18Z,クレジットカード,increment-run-001,workshop-participant,donation_events_001.csv,2026-08-11T11:59:30Z
EVT-FRS-014080,6014080,2006888,142018,3000919,20000,2026-08-10T17:52:11Z,クレジットカード,increment-run-001,workshop-participant,donation_events_001.csv,2026-08-11T11:59:30Z
EVT-FRS-011637,6011637,2010959,011002,3004416,20000,2026-08-10T17:53:49Z,クレジットカード,increment-run-001,workshop-participant,donation_events_001.csv,2026-08-11T11:59:30Z
EVT-FRS-009631,6009631,2005806,292028,3005268,10000,2026-08-10T17:57:15Z,電子決済,increment-run-001,workshop-participant,donation_events_001.csv,2026-08-11T11:59:30Z
EVT-FRS-003833,6003833,2003878,242071,3004363,8000,2026-08-10T18:00:41Z,クレジットカード,increment-run-001,workshop-participant,donation_events_001.csv,2026-08-11T11:59:30Z
EVT-FRS-001672,6001672,2005308,272272,3005371,25000,2026-08-10T18:01:33Z,銀行振込,increment-run-001,workshop-participant,donation_events_001.csv,2026-08-11T11:59:30Z
EVT-FRS-003967,6003967,2000476,102041,3003698,10000,2026-08-10T18:06:03Z,コンビニ決済,increment-run-001,workshop-participant,donation_events_001.csv,2026-08-11T11:59:30Z
EVT-FRS-012318,6012318,2000180,454061,3002836,10000,2026-08-10T18:07:38Z,クレジットカード,increment-run-001,workshop-participant,donation_events_001.csv,2026-08-11T11:59:30Z
EVT-FRS-009925,6009925,2008298,142069,3005721,12000,2026-08-10T18:15:05Z,クレジットカード,increment-run-001,workshop-participant,donation_events_001.csv,2026-08-11T11:59:30Z
EVT-FRS-006540,6006540,2009050,342041,3002509,12000,2026-08-10T18:16:03Z,クレジットカード,increment-run-001,workshop-participant,donation_events_001.csv,2026-08-11T11:59:30Z
EVT-FRS-009030,6009030,2008911,232386,3000161,10000,2026-08-10T18:37:32Z,クレジットカード,increment-run-001,workshop-participant,donation_events_001.csv,2026-08-11T11:59:30Z
EVT-FRS-010318,6010318,2009519,394122,3005102,10000,2026-08-10T18:41:44Z,クレジットカード,increment-run-001,workshop-participant,donation_events_001.csv,2026-08-11T11:59:30Z
EVT-FRS-008922,6008922,2006508,462080,3000163,12000,2026-08-10T18:43:26Z,クレジットカード,increment-run-001,workshop-participant,donation_events_001.csv,2026-08-11T11:59:30Z
EVT-FRS-006634,6006634,2004095,402168,3004289,12000,2026-08-10T18:44:08Z,コンビニ決済,increment-run-001,workshop-participant,donation_events_001.csv,2026-08-11T11:59:30Z
EVT-FRS-013511,6013511,2009092,442071,3000202,20000,2026-08-10T18:44:37Z,クレジットカード,increment-run-001,workshop-participant,donation_events_001.csv,2026-08-11T11:59:30Z
EVT-FRS-007607,6007607,2006985,232335,3002428,30000,2026-08-10T18:46:50Z,クレジットカード,increment-run-001,workshop-participant,donation_events_001.csv,2026-08-11T11:59:30Z
EVT-FRS-002381,6002381,2005612,473065,3005663,40000,2026-08-10T18:47:23Z,クレジットカード,increment-run-001,workshop-participant,donation_events_001.csv,2026-08-11T11:59:30Z
EVT-FRS-006850,6006850,2008325,204145,3003859,30000,2026-08-10T18:48:45Z,電子決済,increment-run-001,workshop-participant,donation_events_001.csv,2026-08-11T11:59:30Z
EVT-FRS-014212,6014212,2007728,233625,3002085,20000,2026-08-10T18:53:02Z,クレジットカード,increment-run-001,workshop-participant,donation_events_001.csv,2026-08-11T11:59:30Z
EVT-FRS-012522,6012522,2007053,012319,3000752,40000,2026-08-10T18:53:38Z,コンビニ決済,increment-run-001,workshop-participant,donation_events_001.csv,2026-08-11T11:59:30Z
EVT-FRS-008326,6008326,2005508,112321,3003106,15000,2026-08-10T18:54:20Z,クレジットカード,increment-run-001,workshop-participant,donation_events_001.csv,2026-08-11T11:59:30Z
EVT-FRS-009715,6009715,2000636,152064,3001815,5000,2026-08-10T18:57:28Z,クレジットカード,increment-run-001,workshop-participant,donation_events_001.csv,2026-08-11T11:59:30Z
EVT-FRS-010183,6010183,2006719,152102,3000255,25000,2026-08-10T19:09:46Z,銀行振込,increment-run-001,workshop-participant,donation_events_001.csv,2026-08-11T11:59:30Z
EVT-FRS-012419,6012419,2008796,032034,3003582,10000,2026-08-10T19:10:58Z,クレジットカード,increment-run-001,workshop-participant,donation_events_001.csv,2026-08-11T11:59:30Z
EVT-FRS-000211,6000211,2006421,472077,3001492,40000,2026-08-10T19:11:33Z,クレジットカード,increment-run-001,workshop-participant,donation_events_001.csv,2026-08-11T11:59:30Z
EVT-FRS-014519,6014519,2001134,312037,3000846,10000,2026-08-10T19:14:52Z,クレジットカード,increment-run-001,workshop-participant,donation_events_001.csv,2026-08-11T11:59:30Z
EVT-FRS-000236,6000236,2005269,212156,3001633,30000,2026-08-10T19:19:16Z,クレジットカード,increment-run-001,workshop-participant,donation_events_001.csv,2026-08-11T11:59:30Z
EVT-FRS-003683,6003683,2011519,262048,3001057,12000,2026-08-10T19:26:24Z,電子決済,increment-run-001,workshop-participant,donation_events_001.csv,2026-08-11T11:59:30Z
EVT-FRS-003394,6003394,2001677,362051,3003820,5000,2026-08-10T19:28:27Z,電子決済,increment-run-001,workshop-participant,donation_events_001.csv,2026-08-11T11:59:30Z
EVT-FRS-013046,6013046,2007512,122335,3002881,15000,2026-08-10T19:28:28Z,クレジットカード,increment-run-001,workshop-participant,donation_events_001.csv,2026-08-11T11:59:30Z
EVT-FRS-001961,6001961,2001330,182109,3001183,50000,2026-08-10T19:29:52Z,クレジットカード,increment-run-001,workshop-participant,donation_events_001.csv,2026-08-11T11:59:30Z
EVT-FRS-001395,6001395,2000240,152188,3001403,50000,2026-08-10T19:30:32Z,クレジットカード,increment-run-001,workshop-participant,donation_events_001.csv,2026-08-11T11:59:30Z
EVT-FRS-005704,6005704,2011656,212032,3004544,8000,2026-08-10T19:31:40Z,電子決済,increment-run-001,workshop-participant,donation_events_001.csv,2026-08-11T11:59:30Z
EVT-FRS-009527,6009527,2010637,132101,3001581,30000,2026-08-10T19:36:08Z,クレジットカード,increment-run-001,workshop-participant,donation_events_001.csv,2026-08-11T11:59:30Z
EVT-FRS-010843,6010843,2001902,442020,3004882,10000,2026-08-10T19:38:46Z,電子決済,increment-run-001,workshop-participant,donation_events_001.csv,2026-08-11T11:59:30Z
EVT-FRS-007246,6007246,2009031,144029,3002893,50000,2026-08-10T19:39:55Z,電子決済,increment-run-001,workshop-participant,donation_events_001.csv,2026-08-11T11:59:30Z
EVT-FRS-007563,6007563,2003503,052060,3004806,20000,2026-08-10T19:51:05Z,クレジットカード,increment-run-001,workshop-participant,donation_events_001.csv,2026-08-11T11:59:30Z
EVT-FRS-010447,6010447,2002265,282146,3000382,10000,2026-08-10T19:54:40Z,クレジットカード,increment-run-001,workshop-participant,donation_events_001.csv,2026-08-11T11:59:30Z
EVT-FRS-013167,6013167,2001951,093441,3001904,10000,2026-08-10T19:56:21Z,電子決済,increment-run-001,workshop-participant,donation_events_001.csv,2026-08-11T11:59:30Z
EVT-FRS-001630,6001630,2008035,262111,3004615,40000,2026-08-10T19:57:24Z,クレジットカード,increment-run-001,workshop-participant,donation_events_001.csv,2026-08-11T11:59:30Z
EVT-FRS-000608,6000608,2008043,053635,3000020,10000,2026-08-10T20:03:50Z,クレジットカード,increment-run-001,workshop-participant,donation_events_001.csv,2026-08-11T11:59:30Z
EVT-FRS-012472,6012472,2001142,212091,3000613,15000,2026-08-10T20:15:55Z,クレジットカード,increment-run-001,workshop-participant,donation_events_001.csv,2026-08-11T11:59:30Z
EVT-FRS-002090,6002090,2008296,402214,3003466,5000,2026-08-10T20:20:28Z,クレジットカード,increment-run-001,workshop-participant,donation_events_001.csv,2026-08-11T11:59:30Z
EVT-FRS-009885,6009885,2006919,162043,3005901,15000,2026-08-10T20:22:28Z,クレジットカード,increment-run-001,workshop-participant,donation_events_001.csv,2026-08-11T11:59:30Z
EVT-FRS-013578,6013578,2001257,382078,3003717,10000,2026-08-10T20:28:08Z,銀行振込,increment-run-001,workshop-participant,donation_events_001.csv,2026-08-11T11:59:30Z
EVT-FRS-009922,6009922,2007538,062022,3004009,12000,2026-08-10T20:29:53Z,電子決済,increment-run-001,workshop-participant,donation_events_001.csv,2026-08-11T11:59:30Z
EVT-FRS-004757,6004757,2004524,432032,3005216,15000,2026-08-10T20:42:41Z,クレジットカード,increment-run-001,workshop-participant,donation_events_001.csv,2026-08-11T11:59:30Z
EVT-FRS-014572,6014572,2004592,232335,3003654,10000,2026-08-10T20:43:57Z,電子決済,increment-run-001,workshop-participant,donation_events_001.csv,2026-08-11T11:59:30Z
EVT-FRS-011194,6011194,2005753,462144,3003108,15000,2026-08-10T20:44:04Z,電子決済,increment-run-001,workshop-participant,donation_events_001.csv,2026-08-11T11:59:30Z
EVT-FRS-003340,6003340,2000487,092151,3003926,10000,2026-08-10T20:46:47Z,クレジットカード,increment-run-001,workshop-participant,donation_events_001.csv,2026-08-11T11:59:30Z
EVT-FRS-002429,6002429,2011730,262102,3001552,10000,2026-08-10T20:53:30Z,クレジットカード,increment-run-001,workshop-participant,donation_events_001.csv,2026-08-11T11:59:30Z
EVT-FRS-010715,6010715,2002492,072010,3000115,8000,2026-08-10T20:53:50Z,クレジットカード,increment-run-001,workshop-participant,donation_events_001.csv,2026-08-11T11:59:30Z
EVT-FRS-008819,6008819,2005147,313289,3003186,10000,2026-08-10T20:58:44Z,電子決済,increment-run-001,workshop-participant,donation_events_001.csv,2026-08-11T11:59:30Z
EVT-FRS-005446,6005446,2003800,124222,3003439,15000,2026-08-10T21:02:17Z,クレジットカード,increment-run-001,workshop-participant,donation_events_001.csv,2026-08-11T11:59:30Z
EVT-FRS-010008,6010008,2002556,062057,3002588,12000,2026-08-10T21:05:28Z,クレジットカード,increment-run-001,workshop-participant,donation_events_001.csv,2026-08-11T11:59:30Z
EVT-FRS-009291,6009291,2004548,062014,3001248,15000,2026-08-10T21:05:56Z,クレジットカード,increment-run-001,workshop-participant,donation_events_001.csv,2026-08-11T11:59:30Z
EVT-FRS-014654,6014654,2004427,013935,3004739,10000,2026-08-10T21:06:35Z,銀行振込,increment-run-001,workshop-participant,donation_events_001.csv,2026-08-11T11:59:30Z
EVT-FRS-008078,6008078,2005794,192058,3005223,10000,2026-08-10T21:20:53Z,クレジットカード,increment-run-001,workshop-participant,donation_events_001.csv,2026-08-11T11:59:30Z
EVT-FRS-007895,6007895,2000258,012122,3002210,10000,2026-08-10T21:27:42Z,クレジットカード,increment-run-001,workshop-participant,donation_events_001.csv,2026-08-11T11:59:30Z
EVT-FRS-012841,6012841,2008410,131083,3005088,20000,2026-08-10T21:33:17Z,クレジットカード,increment-run-001,workshop-participant,donation_events_001.csv,2026-08-11T11:59:30Z
EVT-FRS-011543,6011543,2008843,112178,3001673,10000,2026-08-10T21:34:31Z,クレジットカード,increment-run-001,workshop-participant,donation_events_001.csv,2026-08-11T11:59:30Z
EVT-FRS-007286,6007286,2001913,052027,3001951,15000,2026-08-10T21:37:34Z,銀行振込,increment-run-001,workshop-participant,donation_events_001.csv,2026-08-11T11:59:30Z
EVT-FRS-001078,6001078,2004654,182028,3002137,25000,2026-08-10T21:38:29Z,クレジットカード,increment-run-001,workshop-participant,donation_events_001.csv,2026-08-11T11:59:30Z
EVT-FRS-006496,6006496,2007878,452050,3000572,10000,2026-08-10T21:42:59Z,クレジットカード,increment-run-001,workshop-participant,donation_events_001.csv,2026-08-11T11:59:30Z
EVT-FRS-007416,6007416,2004486,272183,3003516,25000,2026-08-10T21:43:54Z,クレジットカード,increment-run-001,workshop-participant,donation_events_001.csv,2026-08-11T11:59:30Z
EVT-FRS-004781,6004781,2007282,212032,3001418,12000,2026-08-10T21:44:42Z,クレジットカード,increment-run-001,workshop-participant,donation_events_001.csv,2026-08-11T11:59:30Z
EVT-FRS-002917,6002917,2007376,192074,3000771,10000,2026-08-10T21:46:57Z,電子決済,increment-run-001,workshop-participant,donation_events_001.csv,2026-08-11T11:59:30Z
EVT-FRS-009487,6009487,2004612,272230,3001859,50000,2026-08-10T21:49:46Z,電子決済,increment-run-001,workshop-participant,donation_events_001.csv,2026-08-11T11:59:30Z
EVT-FRS-011612,6011612,2011590,122114,3003302,10000,2026-08-10T21:51:57Z,クレジットカード,increment-run-001,workshop-participant,donation_events_001.csv,2026-08-11T11:59:30Z
EVT-FRS-007656,6007656,2004015,464686,3004436,15000,2026-08-10T21:52:38Z,クレジットカード,increment-run-001,workshop-participant,donation_events_001.csv,2026-08-11T11:59:30Z
EVT-FRS-010826,6010826,2009332,322024,3000714,50000,2026-08-10T21:55:07Z,コンビニ決済,increment-run-001,workshop-participant,donation_events_001.csv,2026-08-11T11:59:30Z
EVT-FRS-011932,6011932,2002007,402109,3005596,10000,2026-08-10T21:58:45Z,電子決済,increment-run-001,workshop-participant,donation_events_001.csv,2026-08-11T11:59:30Z
EVT-FRS-010036,6010036,2003254,015172,3003397,10000,2026-08-10T22:00:58Z,クレジットカード,increment-run-001,workshop-participant,donation_events_001.csv,2026-08-11T11:59:30Z
EVT-FRS-009223,6009223,2010573,032115,3003785,10000,2026-08-10T22:03:17Z,クレジットカード,increment-run-001,workshop-participant,donation_events_001.csv,2026-08-11T11:59:30Z
EVT-FRS-000447,6000447,2006313,335860,3004405,10000,2026-08-10T22:03:38Z,クレジットカード,increment-run-001,workshop-participant,donation_events_001.csv,2026-08-11T11:59:30Z
EVT-FRS-006993,6006993,2003113,032107,3005060,20000,2026-08-10T22:09:39Z,クレジットカード,increment-run-001,workshop-participant,donation_events_001.csv,2026-08-11T11:59:30Z
EVT-FRS-013033,6013033,2001933,452025,3002268,12000,2026-08-10T22:16:34Z,クレジットカード,increment-run-001,workshop-participant,donation_events_001.csv,2026-08-11T11:59:30Z
EVT-FRS-004195,6004195,2003317,262056,3005415,12000,2026-08-10T22:23:13Z,クレジットカード,increment-run-001,workshop-participant,donation_events_001.csv,2026-08-11T11:59:30Z
EVT-FRS-002780,6002780,2009591,442020,3002517,20000,2026-08-10T22:24:05Z,クレジットカード,increment-run-001,workshop-participant,donation_events_001.csv,2026-08-11T11:59:30Z
EVT-FRS-006317,6006317,2005983,082198,3001308,12000,2026-08-10T22:26:45Z,クレジットカード,increment-run-001,workshop-participant,donation_events_001.csv,2026-08-11T11:59:30Z
EVT-FRS-006776,6006776,2005102,242055,3000872,15000,2026-08-10T22:38:03Z,コンビニ決済,increment-run-001,workshop-participant,donation_events_001.csv,2026-08-11T11:59:30Z
EVT-FRS-007435,6007435,2000585,442143,3000579,12000,2026-08-10T22:45:20Z,クレジットカード,increment-run-001,workshop-participant,donation_events_001.csv,2026-08-11T11:59:30Z
EVT-FRS-002276,6002276,2009868,242128,3000887,50000,2026-08-10T22:46:26Z,クレジットカード,increment-run-001,workshop-participant,donation_events_001.csv,2026-08-11T11:59:30Z
EVT-FRS-010085,6010085,2008088,452076,3000619,15000,2026-08-10T22:50:32Z,電子決済,increment-run-001,workshop-participant,donation_events_001.csv,2026-08-11T11:59:30Z
EVT-FRS-008566,6008566,2009198,062103,3005239,10000,2026-08-10T22:51:29Z,クレジットカード,increment-run-001,workshop-participant,donation_events_001.csv,2026-08-11T11:59:30Z
EVT-FRS-009236,6009236,2002852,172073,3005905,10000,2026-08-10T22:55:39Z,クレジットカード,increment-run-001,workshop-participant,donation_events_001.csv,2026-08-11T11:59:30Z
EVT-FRS-014563,6014563,2007672,131067,3000034,20000,2026-08-10T22:59:23Z,電子決済,increment-run-001,workshop-participant,donation_events_001.csv,2026-08-11T11:59:30Z
EVT-FRS-001527,6001527,2007124,112381,3001312,100000,2026-08-10T23:03:11Z,クレジットカード,increment-run-001,workshop-participant,donation_events_001.csv,2026-08-11T11:59:30Z
EVT-FRS-007470,6007470,2009116,442020,3001534,10000,2026-08-10T23:07:45Z,クレジットカード,increment-run-001,workshop-participant,donation_events_001.csv,2026-08-11T11:59:30Z
EVT-FRS-000951,6000951,2006287,075019,3001695,10000,2026-08-10T23:12:00Z,クレジットカード,increment-run-001,workshop-participant,donation_events_001.csv,2026-08-11T11:59:30Z
EVT-FRS-012908,6012908,2007104,402125,3003281,12000,2026-08-10T23:14:08Z,電子決済,increment-run-001,workshop-participant,donation_events_001.csv,2026-08-11T11:59:30Z
EVT-FRS-008540,6008540,2000173,032158,3001335,5000,2026-08-10T23:16:49Z,クレジットカード,increment-run-001,workshop-participant,donation_events_001.csv,2026-08-11T11:59:30Z
EVT-FRS-000308,6000308,2006504,221007,3005304,12000,2026-08-10T23:17:16Z,電子決済,increment-run-001,workshop-participant,donation_events_001.csv,2026-08-11T11:59:30Z
EVT-FRS-006134,6006134,2007470,062014,3005232,20000,2026-08-10T23:31:41Z,電子決済,increment-run-001,workshop-participant,donation_events_001.csv,2026-08-11T11:59:30Z
EVT-FRS-008632,6008632,2007543,012262,3000254,8000,2026-08-10T23:35:38Z,電子決済,increment-run-001,workshop-participant,donation_events_001.csv,2026-08-11T11:59:30Z
EVT-FRS-012423,6012423,2006769,452025,3005848,30000,2026-08-10T23:36:38Z,クレジットカード,increment-run-001,workshop-participant,donation_events_001.csv,2026-08-11T11:59:30Z
EVT-FRS-011764,6011764,2009282,292028,3004574,10000,2026-08-10T23:37:30Z,クレジットカード,increment-run-001,workshop-participant,donation_events_001.csv,2026-08-11T11:59:30Z
EVT-FRS-003085,6003085,2006426,082325,3005971,10000,2026-08-10T23:40:10Z,クレジットカード,increment-run-001,workshop-participant,donation_events_001.csv,2026-08-11T11:59:30Z
EVT-FRS-009835,6009835,2000068,182109,3002995,25000,2026-08-10T23:50:54Z,電子決済,increment-run-001,workshop-participant,donation_events_001.csv,2026-08-11T11:59:30Z
EVT-FRS-003965,6003965,2000912,402214,3002357,12000,2026-08-10T23:54:17Z,クレジットカード,increment-run-001,workshop-participant,donation_events_001.csv,2026-08-11T11:59:30Z
EVT-FRS-004037,6004037,2003823,272060,3000833,10000,2026-08-10T23:58:46Z,電子決済,increment-run-001,workshop-participant,donation_events_001.csv,2026-08-11T11:59:30Z
EVT-FRS-005344,6005344,2003760,392022,3005647,12000,2026-08-11T00:13:03Z,クレジットカード,increment-run-001,workshop-participant,donation_events_001.csv,2026-08-11T11:59:30Z
EVT-FRS-005439,6005439,2008871,192058,3005712,10000,2026-08-11T00:18:09Z,クレジットカード,increment-run-001,workshop-participant,donation_events_001.csv,2026-08-11T11:59:30Z
EVT-FRS-012235,6012235,2004193,082317,3005487,12000,2026-08-11T00:18:50Z,電子決済,increment-run-001,workshop-participant,donation_events_001.csv,2026-08-11T11:59:30Z
EVT-FRS-001872,6001872,2006640,462039,3004043,15000,2026-08-11T00:19:23Z,クレジットカード,increment-run-001,workshop-participant,donation_events_001.csv,2026-08-11T11:59:30Z
EVT-FRS-001937,6001937,2005522,012360,3004702,20000,2026-08-11T00:21:01Z,クレジットカード,increment-run-001,workshop-participant,donation_events_001.csv,2026-08-11T11:59:30Z
EVT-FRS-006408,6006408,2001120,082121,3005090,70000,2026-08-11T00:22:19Z,電子決済,increment-run-001,workshop-participant,donation_events_001.csv,2026-08-11T11:59:30Z
EVT-FRS-004306,6004306,2009612,294501,3003504,8000,2026-08-11T00:22:45Z,銀行振込,increment-run-001,workshop-participant,donation_events_001.csv,2026-08-11T11:59:30Z
EVT-FRS-005266,6005266,2006899,192091,3002434,10000,2026-08-11T00:25:41Z,電子決済,increment-run-001,workshop-participant,donation_events_001.csv,2026-08-11T11:59:30Z
EVT-FRS-005409,6005409,2002333,271403,3005570,10000,2026-08-11T00:28:14Z,クレジットカード,increment-run-001,workshop-participant,donation_events_001.csv,2026-08-11T11:59:30Z
EVT-FRS-001086,6001086,2007510,182061,3001023,12000,2026-08-11T00:36:10Z,クレジットカード,increment-run-001,workshop-participant,donation_events_001.csv,2026-08-11T11:59:30Z
EVT-FRS-000837,6000837,2011484,422126,3001945,8000,2026-08-11T00:38:23Z,クレジットカード,increment-run-001,workshop-participant,donation_events_001.csv,2026-08-11T11:59:30Z
EVT-FRS-013147,6013147,2007887,132195,3004404,5000,2026-08-11T00:39:50Z,電子決済,increment-run-001,workshop-participant,donation_events_001.csv,2026-08-11T11:59:30Z
EVT-FRS-003352,6003352,2005559,152251,3000026,5000,2026-08-11T00:43:16Z,クレジットカード,increment-run-001,workshop-participant,donation_events_001.csv,2026-08-11T11:59:30Z
EVT-FRS-014487,6014487,2002003,282227,3000743,60000,2026-08-11T00:47:25Z,クレジットカード,increment-run-001,workshop-participant,donation_events_001.csv,2026-08-11T11:59:30Z
EVT-FRS-011862,6011862,2008043,022063,3001320,10000,2026-08-11T00:53:39Z,クレジットカード,increment-run-001,workshop-participant,donation_events_001.csv,2026-08-11T11:59:30Z
EVT-FRS-001636,6001636,2010327,012149,3000642,10000,2026-08-11T00:56:35Z,クレジットカード,increment-run-001,workshop-participant,donation_events_001.csv,2026-08-11T11:59:30Z
EVT-FRS-012777,6012777,2011524,112259,3002214,15000,2026-08-11T00:57:30Z,クレジットカード,increment-run-001,workshop-participant,donation_events_001.csv,2026-08-11T11:59:30Z
EVT-FRS-012612,6012612,2006970,222119,3001441,10000,2026-08-11T01:00:46Z,電子決済,increment-run-001,workshop-participant,donation_events_001.csv,2026-08-11T11:59:30Z
EVT-FRS-010941,6010941,2007542,234460,3000098,20000,2026-08-11T01:01:26Z,クレジットカード,increment-run-001,workshop-participant,donation_events_001.csv,2026-08-11T11:59:30Z
EVT-FRS-009830,6009830,2008671,432105,3001470,20000,2026-08-11T01:02:17Z,コンビニ決済,increment-run-001,workshop-participant,donation_events_001.csv,2026-08-11T11:59:30Z
EVT-FRS-000398,6000398,2011905,112186,3001690,5000,2026-08-11T01:13:12Z,クレジットカード,increment-run-001,workshop-participant,donation_events_001.csv,2026-08-11T11:59:30Z
EVT-FRS-012446,6012446,2007652,232351,3004367,20000,2026-08-11T01:17:37Z,銀行振込,increment-run-001,workshop-participant,donation_events_001.csv,2026-08-11T11:59:30Z
EVT-FRS-008067,6008067,2008870,352152,3001321,15000,2026-08-11T01:18:12Z,クレジットカード,increment-run-001,workshop-participant,donation_events_001.csv,2026-08-11T11:59:30Z
EVT-FRS-004116,6004116,2009572,182087,3002969,10000,2026-08-11T01:19:17Z,銀行振込,increment-run-001,workshop-participant,donation_events_001.csv,2026-08-11T11:59:30Z
EVT-FRS-003529,6003529,2001656,141003,3001676,15000,2026-08-11T01:24:30Z,電子決済,increment-run-001,workshop-participant,donation_events_001.csv,2026-08-11T11:59:30Z
EVT-FRS-013099,6013099,2007727,092037,3002525,20000,2026-08-11T01:26:28Z,クレジットカード,increment-run-001,workshop-participant,donation_events_001.csv,2026-08-11T11:59:30Z
EVT-FRS-003735,6003735,2004723,152102,3004468,10000,2026-08-11T01:27:45Z,銀行振込,increment-run-001,workshop-participant,donation_events_001.csv,2026-08-11T11:59:30Z
EVT-FRS-009427,6009427,2001813,122084,3003129,15000,2026-08-11T01:29:03Z,銀行振込,increment-run-001,workshop-participant,donation_events_001.csv,2026-08-11T11:59:30Z
EVT-FRS-013017,6013017,2010593,212164,3004591,50000,2026-08-11T01:37:17Z,クレジットカード,increment-run-001,workshop-participant,donation_events_001.csv,2026-08-11T11:59:30Z
EVT-FRS-001537,6001537,2009527,212083,3004510,20000,2026-08-11T01:40:33Z,クレジットカード,increment-run-001,workshop-participant,donation_events_001.csv,2026-08-11T11:59:30Z
EVT-FRS-008567,6008567,2005931,452025,3002265,20000,2026-08-11T01:44:30Z,クレジットカード,increment-run-001,workshop-participant,donation_events_001.csv,2026-08-11T11:59:30Z
EVT-FRS-014639,6014639,2007493,082295,3004551,5000,2026-08-11T01:46:51Z,クレジットカード,increment-run-001,workshop-participant,donation_events_001.csv,2026-08-11T11:59:30Z
EVT-FRS-004992,6004992,2003272,434329,3003851,12000,2026-08-11T01:47:10Z,クレジットカード,increment-run-001,workshop-participant,donation_events_001.csv,2026-08-11T11:59:30Z
EVT-FRS-012106,6012106,2003264,113816,3002886,20000,2026-08-11T01:49:10Z,電子決済,increment-run-001,workshop-participant,donation_events_001.csv,2026-08-11T11:59:30Z
EVT-FRS-000413,6000413,2008297,392081,3005585,10000,2026-08-11T01:51:14Z,クレジットカード,increment-run-001,workshop-participant,donation_events_001.csv,2026-08-11T11:59:30Z
EVT-FRS-012795,6012795,2001625,343048,3001692,10000,2026-08-11T01:55:53Z,クレジットカード,increment-run-001,workshop-participant,donation_events_001.csv,2026-08-11T11:59:30Z
EVT-FRS-011367,6011367,2008844,352161,3004575,10000,2026-08-11T01:56:09Z,クレジットカード,increment-run-001,workshop-participant,donation_events_001.csv,2026-08-11T11:59:30Z
EVT-FRS-011673,6011673,2000227,192023,3001711,15000,2026-08-11T02:00:23Z,クレジットカード,increment-run-001,workshop-participant,donation_events_001.csv,2026-08-11T11:59:30Z
EVT-FRS-005690,6005690,2001425,082082,3000730,25000,2026-08-11T02:00:30Z,クレジットカード,increment-run-001,workshop-participant,donation_events_001.csv,2026-08-11T11:59:30Z
EVT-FRS-010508,6010508,2009838,062057,3002466,10000,2026-08-11T02:00:34Z,クレジットカード,increment-run-001,workshop-participant,donation_events_001.csv,2026-08-11T11:59:30Z
EVT-FRS-014734,6014734,2007755,072125,3003032,25000,2026-08-11T02:02:14Z,クレジットカード,increment-run-001,workshop-participant,donation_events_001.csv,2026-08-11T11:59:30Z
EVT-FRS-009262,6009262,2011359,272078,3000116,10000,2026-08-11T02:03:53Z,クレジットカード,increment-run-001,workshop-participant,donation_events_001.csv,2026-08-11T11:59:30Z
EVT-FRS-009897,6009897,2006217,402303,3002367,5000,2026-08-11T02:04:33Z,クレジットカード,increment-run-001,workshop-participant,donation_events_001.csv,2026-08-11T11:59:30Z
EVT-FRS-002672,6002672,2007603,052035,3003562,20000,2026-08-11T02:05:34Z,電子決済,increment-run-001,workshop-participant,donation_events_001.csv,2026-08-11T11:59:30Z
EVT-FRS-007828,6007828,2009513,214043,3005661,12000,2026-08-11T02:07:03Z,クレジットカード,increment-run-001,workshop-participant,donation_events_001.csv,2026-08-11T11:59:30Z
EVT-FRS-007162,6007162,2003070,043214,3003090,20000,2026-08-11T02:07:27Z,クレジットカード,increment-run-001,workshop-participant,donation_events_001.csv,2026-08-11T11:59:30Z
EVT-FRS-001781,6001781,2001587,272027,3004841,20000,2026-08-11T02:08:43Z,クレジットカード,increment-run-001,workshop-participant,donation_events_001.csv,2026-08-11T11:59:30Z
EVT-FRS-011451,6011451,2002840,012181,3005689,20000,2026-08-11T02:09:38Z,電子決済,increment-run-001,workshop-participant,donation_events_001.csv,2026-08-11T11:59:30Z
EVT-FRS-000931,6000931,2000347,012246,3004628,15000,2026-08-11T02:12:01Z,クレジットカード,increment-run-001,workshop-participant,donation_events_001.csv,2026-08-11T11:59:30Z
EVT-FRS-007806,6007806,2002399,252123,3003920,12000,2026-08-11T02:14:44Z,電子決済,increment-run-001,workshop-participant,donation_events_001.csv,2026-08-11T11:59:30Z
EVT-FRS-014707,6014707,2011951,082325,3005971,10000,2026-08-11T02:16:44Z,クレジットカード,increment-run-001,workshop-participant,donation_events_001.csv,2026-08-11T11:59:30Z
EVT-FRS-014786,6014786,2001259,372013,3005184,10000,2026-08-11T02:17:58Z,クレジットカード,increment-run-001,workshop-participant,donation_events_001.csv,2026-08-11T11:59:30Z
EVT-FRS-007124,6007124,2001026,282049,3003839,20000,2026-08-11T02:20:08Z,クレジットカード,increment-run-001,workshop-participant,donation_events_001.csv,2026-08-11T11:59:30Z
EVT-FRS-010148,6010148,2003413,012190,3003992,10000,2026-08-11T02:24:09Z,電子決済,increment-run-001,workshop-participant,donation_events_001.csv,2026-08-11T11:59:30Z
EVT-FRS-008992,6008992,2004634,262137,3005564,30000,2026-08-11T02:24:26Z,クレジットカード,increment-run-001,workshop-participant,donation_events_001.csv,2026-08-11T11:59:30Z
EVT-FRS-001674,6001674,2004754,332143,3000552,30000,2026-08-11T02:24:43Z,クレジットカード,increment-run-001,workshop-participant,donation_events_001.csv,2026-08-11T11:59:30Z
EVT-FRS-002650,6002650,2007943,304042,3005902,20000,2026-08-11T02:27:54Z,電子決済,increment-run-001,workshop-participant,donation_events_001.csv,2026-08-11T11:59:30Z
EVT-FRS-008252,6008252,2006507,352080,3001585,10000,2026-08-11T02:28:43Z,クレジットカード,increment-run-001,workshop-participant,donation_events_001.csv,2026-08-11T11:59:30Z
EVT-FRS-012505,6012505,2001336,014010,3001627,25000,2026-08-11T02:31:39Z,クレジットカード,increment-run-001,workshop-participant,donation_events_001.csv,2026-08-11T11:59:30Z
EVT-FRS-014469,6014469,2002549,452025,3005848,12000,2026-08-11T02:31:50Z,電子決済,increment-run-001,workshop-participant,donation_events_001.csv,2026-08-11T11:59:30Z
EVT-FRS-009338,6009338,2007686,202142,3000695,10000,2026-08-11T02:31:52Z,クレジットカード,increment-run-001,workshop-participant,donation_events_001.csv,2026-08-11T11:59:30Z
EVT-FRS-014386,6014386,2007937,052035,3002746,12000,2026-08-11T02:34:02Z,クレジットカード,increment-run-001,workshop-participant,donation_events_001.csv,2026-08-11T11:59:30Z
EVT-FRS-011800,6011800,2009524,112461,3005783,20000,2026-08-11T02:35:35Z,クレジットカード,increment-run-001,workshop-participant,donation_events_001.csv,2026-08-11T11:59:30Z
EVT-FRS-013367,6013367,2003283,202096,3004948,12000,2026-08-11T02:37:49Z,クレジットカード,increment-run-001,workshop-participant,donation_events_001.csv,2026-08-11T11:59:30Z
EVT-FRS-000853,6000853,2004568,132080,3004140,10000,2026-08-11T02:40:06Z,銀行振込,increment-run-001,workshop-participant,donation_events_001.csv,2026-08-11T11:59:30Z
EVT-FRS-000499,6000499,2011079,262145,3005953,10000,2026-08-11T02:41:55Z,クレジットカード,increment-run-001,workshop-participant,donation_events_001.csv,2026-08-11T11:59:30Z
EVT-FRS-007118,6007118,2006734,322067,3004673,20000,2026-08-11T02:43:05Z,電子決済,increment-run-001,workshop-participant,donation_events_001.csv,2026-08-11T11:59:30Z
EVT-FRS-014094,6014094,2000658,282197,3000672,5000,2026-08-11T02:53:09Z,クレジットカード,increment-run-001,workshop-participant,donation_events_001.csv,2026-08-11T11:59:30Z
EVT-FRS-014143,6014143,2005443,082104,3004729,25000,2026-08-11T02:54:33Z,クレジットカード,increment-run-001,workshop-participant,donation_events_001.csv,2026-08-11T11:59:30Z
EVT-FRS-013893,6013893,2003687,072133,3000436,20000,2026-08-11T02:57:49Z,クレジットカード,increment-run-001,workshop-participant,donation_events_001.csv,2026-08-11T11:59:30Z
EVT-FRS-003866,6003866,2009174,172120,3000882,15000,2026-08-11T02:58:55Z,電子決済,increment-run-001,workshop-participant,donation_events_001.csv,2026-08-11T11:59:30Z
EVT-FRS-007981,6007981,2007052,131024,3003453,15000,2026-08-11T02:59:19Z,クレジットカード,increment-run-001,workshop-participant,donation_events_001.csv,2026-08-11T11:59:30Z
EVT-FRS-008756,6008756,2000805,472107,3005346,20000,2026-08-11T03:01:46Z,クレジットカード,increment-run-001,workshop-participant,donation_events_001.csv,2026-08-11T11:59:30Z
EVT-FRS-004129,6004129,2003443,022055,3001776,10000,2026-08-11T03:03:27Z,コンビニ決済,increment-run-001,workshop-participant,donation_events_001.csv,2026-08-11T11:59:30Z
EVT-FRS-012684,6012684,2009945,182028,3004811,12000,2026-08-11T03:03:30Z,クレジットカード,increment-run-001,workshop-participant,donation_events_001.csv,2026-08-11T11:59:30Z
EVT-FRS-001448,6001448,2000874,012173,3001691,10000,2026-08-11T03:06:37Z,銀行振込,increment-run-001,workshop-participant,donation_events_001.csv,2026-08-11T11:59:30Z
EVT-FRS-012514,6012514,2009882,222216,3005013,20000,2026-08-11T03:09:05Z,クレジットカード,increment-run-001,workshop-participant,donation_events_001.csv,2026-08-11T11:59:30Z
EVT-FRS-008997,6008997,2008741,012190,3004508,5000,2026-08-11T03:09:38Z,電子決済,increment-run-001,workshop-participant,donation_events_001.csv,2026-08-11T11:59:30Z
EVT-FRS-003452,6003452,2007489,172073,3000441,30000,2026-08-11T03:10:34Z,クレジットカード,increment-run-001,workshop-participant,donation_events_001.csv,2026-08-11T11:59:30Z
EVT-FRS-000540,6000540,2003534,082198,3001269,10000,2026-08-11T03:10:47Z,電子決済,increment-run-001,workshop-participant,donation_events_001.csv,2026-08-11T11:59:30Z
EVT-FRS-014224,6014224,2007772,082244,3003802,15000,2026-08-11T03:15:39Z,電子決済,increment-run-001,workshop-participant,donation_events_001.csv,2026-08-11T11:59:30Z
EVT-FRS-011182,6011182,2006957,244422,3005571,25000,2026-08-11T03:16:19Z,クレジットカード,increment-run-001,workshop-participant,donation_events_001.csv,2026-08-11T11:59:30Z
EVT-FRS-009225,6009225,2008287,232149,3003556,30000,2026-08-11T03:16:44Z,電子決済,increment-run-001,workshop-participant,donation_events_001.csv,2026-08-11T11:59:30Z
EVT-FRS-010732,6010732,2008176,282154,3004793,5000,2026-08-11T03:17:49Z,クレジットカード,increment-run-001,workshop-participant,donation_events_001.csv,2026-08-11T11:59:30Z
EVT-FRS-006257,6006257,2006060,022021,3004791,10000,2026-08-11T03:17:59Z,クレジットカード,increment-run-001,workshop-participant,donation_events_001.csv,2026-08-11T11:59:30Z
EVT-FRS-005027,6005027,2000840,133621,3002490,12000,2026-08-11T03:21:12Z,クレジットカード,increment-run-001,workshop-participant,donation_events_001.csv,2026-08-11T11:59:30Z
EVT-FRS-004955,6004955,2008316,132209,3001087,20000,2026-08-11T03:23:10Z,クレジットカード,increment-run-001,workshop-participant,donation_events_001.csv,2026-08-11T11:59:30Z
EVT-FRS-007452,6007452,2007134,112356,3005199,12000,2026-08-11T03:24:17Z,クレジットカード,increment-run-001,workshop-participant,donation_events_001.csv,2026-08-11T11:59:30Z
EVT-FRS-010286,6010286,2002975,133035,3005257,30000,2026-08-11T03:24:43Z,コンビニ決済,increment-run-001,workshop-participant,donation_events_001.csv,2026-08-11T11:59:30Z
EVT-FRS-005376,6005376,2005633,062138,3005271,5000,2026-08-11T03:28:03Z,クレジットカード,increment-run-001,workshop-participant,donation_events_001.csv,2026-08-11T11:59:30Z
EVT-FRS-013617,6013617,2006083,122190,3004714,40000,2026-08-11T03:28:17Z,銀行振込,increment-run-001,workshop-participant,donation_events_001.csv,2026-08-11T11:59:30Z
EVT-FRS-001341,6001341,2011972,332101,3002134,10000,2026-08-11T03:29:38Z,銀行振込,increment-run-001,workshop-participant,donation_events_001.csv,2026-08-11T11:59:30Z
EVT-FRS-010917,6010917,2005106,122131,3003669,15000,2026-08-11T03:42:58Z,クレジットカード,increment-run-001,workshop-participant,donation_events_001.csv,2026-08-11T11:59:30Z
EVT-FRS-013929,6013929,2008339,462152,3003943,5000,2026-08-11T03:45:07Z,クレジットカード,increment-run-001,workshop-participant,donation_events_001.csv,2026-08-11T11:59:30Z
EVT-FRS-013605,6013605,2002996,202177,3005680,10000,2026-08-11T04:00:01Z,クレジットカード,increment-run-001,workshop-participant,donation_events_001.csv,2026-08-11T11:59:30Z
EVT-FRS-011544,6011544,2006644,352101,3002500,10000,2026-08-11T04:02:35Z,クレジットカード,increment-run-001,workshop-participant,donation_events_001.csv,2026-08-11T11:59:30Z
EVT-FRS-003938,6003938,2009855,392120,3004020,8000,2026-08-11T04:04:36Z,コンビニ決済,increment-run-001,workshop-participant,donation_events_001.csv,2026-08-11T11:59:30Z
EVT-FRS-000462,6000462,2002259,402184,3001031,30000,2026-08-11T04:09:16Z,銀行振込,increment-run-001,workshop-participant,donation_events_001.csv,2026-08-11T11:59:30Z
EVT-FRS-006426,6006426,2007032,452092,3002644,15000,2026-08-11T04:11:10Z,クレジットカード,increment-run-001,workshop-participant,donation_events_001.csv,2026-08-11T11:59:30Z
EVT-FRS-001359,6001359,2002067,072079,3004931,20000,2026-08-11T04:11:49Z,クレジットカード,increment-run-001,workshop-participant,donation_events_001.csv,2026-08-11T11:59:30Z
EVT-FRS-008182,6008182,2000179,462063,3004095,30000,2026-08-11T04:20:19Z,電子決済,increment-run-001,workshop-participant,donation_events_001.csv,2026-08-11T11:59:30Z
EVT-FRS-008659,6008659,2007492,012190,3003992,30000,2026-08-11T04:22:38Z,クレジットカード,increment-run-001,workshop-participant,donation_events_001.csv,2026-08-11T11:59:30Z
EVT-FRS-009516,6009516,2010838,432130,3000852,15000,2026-08-11T04:25:29Z,クレジットカード,increment-run-001,workshop-participant,donation_events_001.csv,2026-08-11T11:59:30Z
EVT-FRS-007855,6007855,2007071,252123,3000131,15000,2026-08-11T04:26:40Z,クレジットカード,increment-run-001,workshop-participant,donation_events_001.csv,2026-08-11T11:59:30Z
EVT-FRS-002299,6002299,2008201,272132,3000119,12000,2026-08-11T04:30:39Z,クレジットカード,increment-run-001,workshop-participant,donation_events_001.csv,2026-08-11T11:59:30Z
EVT-FRS-000717,6000717,2006322,452025,3003388,15000,2026-08-11T04:32:16Z,電子決済,increment-run-001,workshop-participant,donation_events_001.csv,2026-08-11T11:59:30Z
EVT-FRS-005920,6005920,2004883,442071,3003897,15000,2026-08-11T04:37:15Z,クレジットカード,increment-run-001,workshop-participant,donation_events_001.csv,2026-08-11T11:59:30Z
EVT-FRS-013514,6013514,2007336,432041,3005679,8000,2026-08-11T04:39:12Z,電子決済,increment-run-001,workshop-participant,donation_events_001.csv,2026-08-11T11:59:30Z
EVT-FRS-009068,6009068,2010684,131016,3005301,25000,2026-08-11T04:39:26Z,銀行振込,increment-run-001,workshop-participant,donation_events_001.csv,2026-08-11T11:59:30Z
EVT-FRS-014311,6014311,2010415,382141,3004519,5000,2026-08-11T04:47:05Z,クレジットカード,increment-run-001,workshop-participant,donation_events_001.csv,2026-08-11T11:59:30Z
EVT-FRS-009122,6009122,2011534,282197,3004129,10000,2026-08-11T04:49:36Z,電子決済,increment-run-001,workshop-participant,donation_events_001.csv,2026-08-11T11:59:30Z
EVT-FRS-002165,6002165,2009303,343684,3004044,15000,2026-08-11T04:49:41Z,クレジットカード,increment-run-001,workshop-participant,donation_events_001.csv,2026-08-11T11:59:30Z
EVT-FRS-010985,6010985,2009657,112330,3003335,15000,2026-08-11T04:52:48Z,電子決済,increment-run-001,workshop-participant,donation_events_001.csv,2026-08-11T11:59:30Z
EVT-FRS-007169,6007169,2005991,162086,3002067,5000,2026-08-11T04:55:13Z,クレジットカード,increment-run-001,workshop-participant,donation_events_001.csv,2026-08-11T11:59:30Z
EVT-FRS-009041,6009041,2003150,402192,3005528,10000,2026-08-11T04:57:13Z,クレジットカード,increment-run-001,workshop-participant,donation_events_001.csv,2026-08-11T11:59:30Z
EVT-FRS-007098,6007098,2006025,402265,3002363,10000,2026-08-11T04:59:55Z,銀行振込,increment-run-001,workshop-participant,donation_events_001.csv,2026-08-11T11:59:30Z
EVT-FRS-001549,6001549,2008304,252018,3002496,30000,2026-08-11T05:02:06Z,クレジットカード,increment-run-001,workshop-participant,donation_events_001.csv,2026-08-11T11:59:30Z
EVT-FRS-009079,6009079,2009009,343048,3001692,10000,2026-08-11T05:02:31Z,クレジットカード,increment-run-001,workshop-participant,donation_events_001.csv,2026-08-11T11:59:30Z
EVT-FRS-014127,6014127,2000388,442119,3004655,20000,2026-08-11T05:03:43Z,銀行振込,increment-run-001,workshop-participant,donation_events_001.csv,2026-08-11T11:59:30Z
EVT-FRS-006837,6006837,2002973,192112,3000797,12000,2026-08-11T05:06:08Z,コンビニ決済,increment-run-001,workshop-participant,donation_events_001.csv,2026-08-11T11:59:30Z
EVT-FRS-000583,6000583,2011866,203840,3000295,15000,2026-08-11T05:16:17Z,電子決済,increment-run-001,workshop-participant,donation_events_001.csv,2026-08-11T11:59:30Z
EVT-FRS-004967,6004967,2000818,112275,3000716,5000,2026-08-11T05:18:41Z,銀行振込,increment-run-001,workshop-participant,donation_events_001.csv,2026-08-11T11:59:30Z
EVT-FRS-006847,6006847,2009751,092011,3003972,10000,2026-08-11T05:22:58Z,電子決済,increment-run-001,workshop-participant,donation_events_001.csv,2026-08-11T11:59:30Z
EVT-FRS-007235,6007235,2010836,282171,3004345,10000,2026-08-11T05:24:40Z,コンビニ決済,increment-run-001,workshop-participant,donation_events_001.csv,2026-08-11T11:59:30Z
EVT-FRS-009059,6009059,2009171,232173,3004912,10000,2026-08-11T05:33:16Z,クレジットカード,increment-run-001,workshop-participant,donation_events_001.csv,2026-08-11T11:59:30Z
EVT-FRS-008674,6008674,2002792,122262,3000946,20000,2026-08-11T05:35:14Z,クレジットカード,increment-run-001,workshop-participant,donation_events_001.csv,2026-08-11T11:59:30Z
EVT-FRS-012793,6012793,2011053,152188,3000658,10000,2026-08-11T05:38:01Z,電子決済,increment-run-001,workshop-participant,donation_events_001.csv,2026-08-11T11:59:30Z
EVT-FRS-011597,6011597,2010043,272027,3003444,15000,2026-08-11T05:38:17Z,クレジットカード,increment-run-001,workshop-participant,donation_events_001.csv,2026-08-11T11:59:30Z
EVT-FRS-008464,6008464,2010004,062031,3003652,10000,2026-08-11T05:40:12Z,銀行振込,increment-run-001,workshop-participant,donation_events_001.csv,2026-08-11T11:59:30Z
EVT-FRS-005609,6005609,2004862,452050,3003836,60000,2026-08-11T05:41:26Z,クレジットカード,increment-run-001,workshop-participant,donation_events_001.csv,2026-08-11T11:59:30Z
EVT-FRS-000683,6000683,2002607,282090,3005317,10000,2026-08-11T05:42:46Z,クレジットカード,increment-run-001,workshop-participant,donation_events_001.csv,2026-08-11T11:59:30Z
EVT-FRS-010356,6010356,2003814,282294,3000053,10000,2026-08-11T05:47:06Z,電子決済,increment-run-001,workshop-participant,donation_events_001.csv,2026-08-11T11:59:30Z
EVT-FRS-012845,6012845,2009497,041009,3004355,5000,2026-08-11T05:47:53Z,クレジットカード,increment-run-001,workshop-participant,donation_events_001.csv,2026-08-11T11:59:30Z
EVT-FRS-009558,6009558,2003918,072117,3003387,10000,2026-08-11T05:49:46Z,クレジットカード,increment-run-001,workshop-participant,donation_events_001.csv,2026-08-11T11:59:30Z
EVT-FRS-001268,6001268,2011845,232386,3000161,20000,2026-08-11T05:51:12Z,クレジットカード,increment-run-001,workshop-participant,donation_events_001.csv,2026-08-11T11:59:30Z
EVT-FRS-011315,6011315,2001271,012041,3004728,20000,2026-08-11T05:52:44Z,電子決済,increment-run-001,workshop-participant,donation_events_001.csv,2026-08-11T11:59:30Z
EVT-FRS-012486,6012486,2005245,312029,3005799,10000,2026-08-11T05:58:11Z,銀行振込,increment-run-001,workshop-participant,donation_events_001.csv,2026-08-11T11:59:30Z
EVT-FRS-011601,6011601,2005408,132110,3000206,10000,2026-08-11T06:03:02Z,クレジットカード,increment-run-001,workshop-participant,donation_events_001.csv,2026-08-11T11:59:30Z
EVT-FRS-009633,6009633,2006755,112071,3003576,15000,2026-08-11T06:06:36Z,クレジットカード,increment-run-001,workshop-participant,donation_events_001.csv,2026-08-11T11:59:30Z
EVT-FRS-003495,6003495,2009634,015172,3004058,15000,2026-08-11T06:07:29Z,クレジットカード,increment-run-001,workshop-participant,donation_events_001.csv,2026-08-11T11:59:30Z
EVT-FRS-008193,6008193,2002124,232157,3000502,10000,2026-08-11T06:09:20Z,クレジットカード,increment-run-001,workshop-participant,donation_events_001.csv,2026-08-11T11:59:30Z
EVT-FRS-007051,6007051,2011264,042137,3001073,10000,2026-08-11T06:11:08Z,クレジットカード,increment-run-001,workshop-participant,donation_events_001.csv,2026-08-11T11:59:30Z
EVT-FRS-004204,6004204,2007113,172057,3005364,8000,2026-08-11T06:12:48Z,コンビニ決済,increment-run-001,workshop-participant,donation_events_001.csv,2026-08-11T11:59:30Z
EVT-FRS-000180,6000180,2003457,073083,3000956,50000,2026-08-11T06:17:52Z,銀行振込,increment-run-001,workshop-participant,donation_events_001.csv,2026-08-11T11:59:30Z
EVT-FRS-000798,6000798,2001644,141003,3003683,8000,2026-08-11T06:26:21Z,クレジットカード,increment-run-001,workshop-participant,donation_events_001.csv,2026-08-11T11:59:30Z
EVT-FRS-011300,6011300,2011374,152064,3004216,10000,2026-08-11T06:30:51Z,クレジットカード,increment-run-001,workshop-participant,donation_events_001.csv,2026-08-11T11:59:30Z
EVT-FRS-001477,6001477,2008336,382078,3001410,30000,2026-08-11T06:31:29Z,電子決済,increment-run-001,workshop-participant,donation_events_001.csv,2026-08-11T11:59:30Z
EVT-FRS-013962,6013962,2009866,402192,3000309,12000,2026-08-11T06:36:43Z,電子決済,increment-run-001,workshop-participant,donation_events_001.csv,2026-08-11T11:59:30Z
EVT-FRS-005015,6005015,2010120,112160,3000329,10000,2026-08-11T06:40:48Z,クレジットカード,increment-run-001,workshop-participant,donation_events_001.csv,2026-08-11T11:59:30Z
EVT-FRS-004667,6004667,2010560,212181,3002054,5000,2026-08-11T06:42:25Z,クレジットカード,increment-run-001,workshop-participant,donation_events_001.csv,2026-08-11T11:59:30Z
EVT-FRS-009537,6009537,2004132,112321,3001893,20000,2026-08-11T06:46:18Z,クレジットカード,increment-run-001,workshop-participant,donation_events_001.csv,2026-08-11T11:59:30Z
EVT-FRS-011997,6011997,2006236,112194,3000147,40000,2026-08-11T06:49:22Z,クレジットカード,increment-run-001,workshop-participant,donation_events_001.csv,2026-08-11T11:59:30Z
EVT-FRS-002785,6002785,2007941,172090,3004033,10000,2026-08-11T06:51:26Z,クレジットカード,increment-run-001,workshop-participant,donation_events_001.csv,2026-08-11T11:59:30Z
EVT-FRS-012569,6012569,2002024,122327,3004697,12000,2026-08-11T06:51:36Z,電子決済,increment-run-001,workshop-participant,donation_events_001.csv,2026-08-11T11:59:30Z
EVT-FRS-008389,6008389,2000556,142166,3005251,5000,2026-08-11T06:59:57Z,クレジットカード,increment-run-001,workshop-participant,donation_events_001.csv,2026-08-11T11:59:30Z
EVT-FRS-004879,6004879,2011671,452050,3005041,20000,2026-08-11T07:00:11Z,クレジットカード,increment-run-001,workshop-participant,donation_events_001.csv,2026-08-11T11:59:30Z
EVT-FRS-003023,6003023,2008263,462233,3001459,12000,2026-08-11T07:04:02Z,クレジットカード,increment-run-001,workshop-participant,donation_events_001.csv,2026-08-11T11:59:30Z
EVT-FRS-002542,6002542,2006457,232262,3001292,50000,2026-08-11T07:04:13Z,銀行振込,increment-run-001,workshop-participant,donation_events_001.csv,2026-08-11T11:59:30Z
EVT-FRS-008925,6008925,2002374,122165,3002111,10000,2026-08-11T07:26:43Z,電子決済,increment-run-001,workshop-participant,donation_events_001.csv,2026-08-11T11:59:30Z
EVT-FRS-002171,6002171,2003801,222062,3005156,10000,2026-08-11T07:27:37Z,コンビニ決済,increment-run-001,workshop-participant,donation_events_001.csv,2026-08-11T11:59:30Z
EVT-FRS-010525,6010525,2002683,232335,3005639,20000,2026-08-11T07:30:26Z,クレジットカード,increment-run-001,workshop-participant,donation_events_001.csv,2026-08-11T11:59:30Z
EVT-FRS-012448,6012448,2010395,112330,3001908,25000,2026-08-11T07:36:13Z,クレジットカード,increment-run-001,workshop-participant,donation_events_001.csv,2026-08-11T11:59:30Z
EVT-FRS-006854,6006854,2001432,222143,3004509,15000,2026-08-11T07:37:02Z,銀行振込,increment-run-001,workshop-participant,donation_events_001.csv,2026-08-11T11:59:30Z
EVT-FRS-003883,6003883,2010234,312011,3001340,20000,2026-08-11T07:37:36Z,クレジットカード,increment-run-001,workshop-participant,donation_events_001.csv,2026-08-11T11:59:30Z
EVT-FRS-012166,6012166,2010486,142018,3000919,20000,2026-08-11T07:40:26Z,電子決済,increment-run-001,workshop-participant,donation_events_001.csv,2026-08-11T11:59:30Z
EVT-FRS-004110,6004110,2008541,232378,3001880,15000,2026-08-11T07:42:55Z,クレジットカード,increment-run-001,workshop-participant,donation_events_001.csv,2026-08-11T11:59:30Z
EVT-FRS-001865,6001865,2011597,232262,3000856,25000,2026-08-11T07:44:13Z,クレジットカード,increment-run-001,workshop-participant,donation_events_001.csv,2026-08-11T11:59:30Z
EVT-FRS-003099,6003099,2006572,052027,3001852,30000,2026-08-11T07:51:40Z,コンビニ決済,increment-run-001,workshop-participant,donation_events_001.csv,2026-08-11T11:59:30Z
EVT-FRS-000638,6000638,2000913,062120,3000130,15000,2026-08-11T07:56:11Z,クレジットカード,increment-run-001,workshop-participant,donation_events_001.csv,2026-08-11T11:59:30Z
EVT-FRS-005161,6005161,2010416,382043,3002011,8000,2026-08-11T08:00:56Z,クレジットカード,increment-run-001,workshop-participant,donation_events_001.csv,2026-08-11T11:59:30Z
EVT-FRS-014655,6014655,2000229,402044,3000720,5000,2026-08-11T08:01:34Z,クレジットカード,increment-run-001,workshop-participant,donation_events_001.csv,2026-08-11T11:59:30Z
EVT-FRS-010254,6010254,2009086,272132,3000119,15000,2026-08-11T08:02:47Z,電子決済,increment-run-001,workshop-participant,donation_events_001.csv,2026-08-11T11:59:30Z
EVT-FRS-005588,6005588,2004663,013323,3003148,10000,2026-08-11T08:08:35Z,電子決済,increment-run-001,workshop-participant,donation_events_001.csv,2026-08-11T11:59:30Z
EVT-FRS-002882,6002882,2004520,112178,3005619,12000,2026-08-11T08:10:31Z,銀行振込,increment-run-001,workshop-participant,donation_events_001.csv,2026-08-11T11:59:30Z
EVT-FRS-011051,6011051,2009468,464821,3001863,20000,2026-08-11T08:16:21Z,クレジットカード,increment-run-001,workshop-participant,donation_events_001.csv,2026-08-11T11:59:30Z
EVT-FRS-002048,6002048,2002180,272132,3005617,10000,2026-08-11T08:16:40Z,クレジットカード,increment-run-001,workshop-participant,donation_events_001.csv,2026-08-11T11:59:30Z
EVT-FRS-011178,6011178,2002939,162086,3000308,10000,2026-08-11T08:16:50Z,クレジットカード,increment-run-001,workshop-participant,donation_events_001.csv,2026-08-11T11:59:30Z
EVT-FRS-008014,6008014,2009498,452025,3002265,100000,2026-08-11T08:23:10Z,クレジットカード,increment-run-001,workshop-participant,donation_events_001.csv,2026-08-11T11:59:30Z
EVT-FRS-007364,6007364,2001075,402044,3000720,30000,2026-08-11T08:23:22Z,クレジットカード,increment-run-001,workshop-participant,donation_events_001.csv,2026-08-11T11:59:30Z
EVT-FRS-003189,6003189,2007198,432032,3005216,10000,2026-08-11T08:26:48Z,クレジットカード,increment-run-001,workshop-participant,donation_events_001.csv,2026-08-11T11:59:30Z
EVT-FRS-001267,6001267,2003846,082341,3000228,30000,2026-08-11T08:27:13Z,銀行振込,increment-run-001,workshop-participant,donation_events_001.csv,2026-08-11T11:59:30Z
EVT-FRS-001386,6001386,2009673,023043,3004598,30000,2026-08-11T08:37:16Z,クレジットカード,increment-run-001,workshop-participant,donation_events_001.csv,2026-08-11T11:59:30Z
EVT-FRS-008257,6008257,2004183,272175,3005968,10000,2026-08-11T08:44:42Z,クレジットカード,increment-run-001,workshop-participant,donation_events_001.csv,2026-08-11T11:59:30Z
EVT-FRS-000943,6000943,2011821,281000,3000078,15000,2026-08-11T08:45:42Z,クレジットカード,increment-run-001,workshop-participant,donation_events_001.csv,2026-08-11T11:59:30Z
EVT-FRS-008905,6008905,2002194,012173,3003495,10000,2026-08-11T08:49:22Z,コンビニ決済,increment-run-001,workshop-participant,donation_events_001.csv,2026-08-11T11:59:30Z
EVT-FRS-011599,6011599,2001118,012173,3003495,25000,2026-08-11T08:50:56Z,クレジットカード,increment-run-001,workshop-participant,donation_events_001.csv,2026-08-11T11:59:30Z
EVT-FRS-012687,6012687,2003369,452025,3003435,10000,2026-08-11T08:52:56Z,コンビニ決済,increment-run-001,workshop-participant,donation_events_001.csv,2026-08-11T11:59:30Z
EVT-FRS-010456,6010456,2003392,182095,3003265,10000,2026-08-11T08:53:20Z,クレジットカード,increment-run-001,workshop-participant,donation_events_001.csv,2026-08-11T11:59:30Z
EVT-FRS-001612,6001612,2010315,122335,3002881,10000,2026-08-11T08:59:50Z,クレジットカード,increment-run-001,workshop-participant,donation_events_001.csv,2026-08-11T11:59:30Z
EVT-FRS-014676,6014676,2003736,402125,3003281,12000,2026-08-11T09:00:56Z,クレジットカード,increment-run-001,workshop-participant,donation_events_001.csv,2026-08-11T11:59:30Z
EVT-FRS-006331,6006331,2002699,322041,3005714,15000,2026-08-11T09:04:10Z,クレジットカード,increment-run-001,workshop-participant,donation_events_001.csv,2026-08-11T11:59:30Z
EVT-FRS-009794,6009794,2009470,082112,3003621,15000,2026-08-11T09:04:30Z,電子決済,increment-run-001,workshop-participant,donation_events_001.csv,2026-08-11T11:59:30Z
EVT-FRS-008189,6008189,2005925,012149,3001903,10000,2026-08-11T09:08:09Z,クレジットカード,increment-run-001,workshop-participant,donation_events_001.csv,2026-08-11T11:59:30Z
EVT-FRS-005565,6005565,2008338,016659,3002807,20000,2026-08-11T09:10:41Z,クレジットカード,increment-run-001,workshop-participant,donation_events_001.csv,2026-08-11T11:59:30Z
EVT-FRS-001870,6001870,2007877,142051,3001926,10000,2026-08-11T09:11:15Z,クレジットカード,increment-run-001,workshop-participant,donation_events_001.csv,2026-08-11T11:59:30Z
EVT-FRS-008947,6008947,2005283,422088,3005641,30000,2026-08-11T09:12:58Z,電子決済,increment-run-001,workshop-participant,donation_events_001.csv,2026-08-11T11:59:30Z
EVT-FRS-009883,6009883,2000869,372072,3003596,12000,2026-08-11T09:14:58Z,クレジットカード,increment-run-001,workshop-participant,donation_events_001.csv,2026-08-11T11:59:30Z
EVT-FRS-004392,6004392,2000415,082201,3002857,70000,2026-08-11T09:16:49Z,クレジットカード,increment-run-001,workshop-participant,donation_events_001.csv,2026-08-11T11:59:30Z
EVT-FRS-004708,6004708,2001112,232211,3003507,10000,2026-08-11T09:32:27Z,クレジットカード,increment-run-001,workshop-participant,donation_events_001.csv,2026-08-11T11:59:30Z
EVT-FRS-000681,6000681,2010090,252018,3004932,50000,2026-08-11T09:35:42Z,クレジットカード,increment-run-001,workshop-participant,donation_events_001.csv,2026-08-11T11:59:30Z
EVT-FRS-001569,6001569,2010179,152048,3004422,20000,2026-08-11T09:36:31Z,クレジットカード,increment-run-001,workshop-participant,donation_events_001.csv,2026-08-11T11:59:30Z
EVT-FRS-008696,6008696,2004137,212067,3001953,10000,2026-08-11T09:36:41Z,クレジットカード,increment-run-001,workshop-participant,donation_events_001.csv,2026-08-11T11:59:30Z
EVT-FRS-006504,6006504,2008111,202061,3001397,25000,2026-08-11T09:37:58Z,クレジットカード,increment-run-001,workshop-participant,donation_events_001.csv,2026-08-11T11:59:30Z
EVT-FRS-011419,6011419,2008151,442143,3000579,10000,2026-08-11T09:39:51Z,クレジットカード,increment-run-001,workshop-participant,donation_events_001.csv,2026-08-11T11:59:30Z
EVT-FRS-002238,6002238,2006215,322067,3005994,40000,2026-08-11T09:41:22Z,クレジットカード,increment-run-001,workshop-participant,donation_events_001.csv,2026-08-11T11:59:30Z
EVT-FRS-009120,6009120,2011338,222208,3000646,10000,2026-08-11T09:43:31Z,クレジットカード,increment-run-001,workshop-participant,donation_events_001.csv,2026-08-11T11:59:30Z
EVT-FRS-013347,6013347,2000956,202029,3003172,15000,2026-08-11T09:45:01Z,クレジットカード,increment-run-001,workshop-participant,donation_events_001.csv,2026-08-11T11:59:30Z
EVT-FRS-011490,6011490,2001773,012149,3001903,15000,2026-08-11T09:52:51Z,クレジットカード,increment-run-001,workshop-participant,donation_events_001.csv,2026-08-11T11:59:30Z
EVT-FRS-013176,6013176,2007014,282162,3004266,8000,2026-08-11T09:53:31Z,クレジットカード,increment-run-001,workshop-participant,donation_events_001.csv,2026-08-11T11:59:30Z
EVT-FRS-011162,6011162,2008776,162060,3004561,12000,2026-08-11T09:55:17Z,クレジットカード,increment-run-001,workshop-participant,donation_events_001.csv,2026-08-11T11:59:30Z
EVT-FRS-008686,6008686,2003241,013471,3004581,30000,2026-08-11T09:55:19Z,電子決済,increment-run-001,workshop-participant,donation_events_001.csv,2026-08-11T11:59:30Z
EVT-FRS-002875,6002875,2009156,042021,3001467,15000,2026-08-11T09:56:17Z,クレジットカード,increment-run-001,workshop-participant,donation_events_001.csv,2026-08-11T11:59:30Z
EVT-FRS-000086,6000086,2000235,232335,3005639,15000,2026-08-11T09:58:38Z,クレジットカード,increment-run-001,workshop-participant,donation_events_001.csv,2026-08-11T11:59:30Z
EVT-FRS-008770,6008770,2006806,222151,3000002,10000,2026-08-11T10:02:44Z,コンビニ決済,increment-run-001,workshop-participant,donation_events_001.csv,2026-08-11T11:59:30Z
EVT-FRS-011306,6011306,2004616,232157,3000502,20000,2026-08-11T10:05:27Z,電子決済,increment-run-001,workshop-participant,donation_events_001.csv,2026-08-11T11:59:30Z
EVT-FRS-004540,6004540,2004034,022063,3004120,20000,2026-08-11T10:05:47Z,クレジットカード,increment-run-001,workshop-participant,donation_events_001.csv,2026-08-11T11:59:30Z
EVT-FRS-011283,6011283,2001084,282138,3001058,8000,2026-08-11T10:07:56Z,クレジットカード,increment-run-001,workshop-participant,donation_events_001.csv,2026-08-11T11:59:30Z
EVT-FRS-012992,6012992,2011556,412023,3004246,10000,2026-08-11T10:08:04Z,クレジットカード,increment-run-001,workshop-participant,donation_events_001.csv,2026-08-11T11:59:30Z
EVT-FRS-000660,6000660,2008463,141003,3005776,15000,2026-08-11T10:14:02Z,クレジットカード,increment-run-001,workshop-participant,donation_events_001.csv,2026-08-11T11:59:30Z
EVT-FRS-008082,6008082,2007652,192091,3001868,30000,2026-08-11T10:18:32Z,コンビニ決済,increment-run-001,workshop-participant,donation_events_001.csv,2026-08-11T11:59:30Z
EVT-FRS-006141,6006141,2004350,122254,3002882,15000,2026-08-11T10:25:30Z,電子決済,increment-run-001,workshop-participant,donation_events_001.csv,2026-08-11T11:59:30Z
EVT-FRS-014303,6014303,2008064,204099,3002283,10000,2026-08-11T10:25:34Z,クレジットカード,increment-run-001,workshop-participant,donation_events_001.csv,2026-08-11T11:59:30Z
EVT-FRS-010721,6010721,2005217,382035,3003658,12000,2026-08-11T10:29:19Z,クレジットカード,increment-run-001,workshop-participant,donation_events_001.csv,2026-08-11T11:59:30Z
EVT-FRS-012264,6012264,2010296,123293,3002412,12000,2026-08-11T10:32:03Z,クレジットカード,increment-run-001,workshop-participant,donation_events_001.csv,2026-08-11T11:59:30Z
EVT-FRS-005846,6005846,2009676,114421,3001422,15000,2026-08-11T10:39:02Z,クレジットカード,increment-run-001,workshop-participant,donation_events_001.csv,2026-08-11T11:59:30Z
EVT-FRS-014653,6014653,2006397,182087,3004186,5000,2026-08-11T10:40:40Z,クレジットカード,increment-run-001,workshop-participant,donation_events_001.csv,2026-08-11T11:59:30Z
EVT-FRS-005983,6005983,2011556,212083,3004324,5000,2026-08-11T10:44:20Z,クレジットカード,increment-run-001,workshop-participant,donation_events_001.csv,2026-08-11T11:59:30Z
EVT-FRS-008782,6008782,2009305,302091,3000684,20000,2026-08-11T10:45:55Z,クレジットカード,increment-run-001,workshop-participant,donation_events_001.csv,2026-08-11T11:59:30Z
EVT-FRS-010805,6010805,2010682,075434,3004148,20000,2026-08-11T10:46:01Z,クレジットカード,increment-run-001,workshop-participant,donation_events_001.csv,2026-08-11T11:59:30Z
EVT-FRS-000749,6000749,2011064,282197,3004386,10000,2026-08-11T10:48:28Z,コンビニ決済,increment-run-001,workshop-participant,donation_events_001.csv,2026-08-11T11:59:30Z
EVT-FRS-001022,6001022,2003755,092061,3002452,20000,2026-08-11T10:50:36Z,電子決済,increment-run-001,workshop-participant,donation_events_001.csv,2026-08-11T11:59:30Z
EVT-FRS-012775,6012775,2010962,472107,3002653,20000,2026-08-11T10:53:01Z,銀行振込,increment-run-001,workshop-participant,donation_events_001.csv,2026-08-11T11:59:30Z
EVT-FRS-000366,6000366,2009935,252140,3003192,10000,2026-08-11T10:54:42Z,クレジットカード,increment-run-001,workshop-participant,donation_events_001.csv,2026-08-11T11:59:30Z
EVT-FRS-007318,6007318,2005634,162086,3001095,5000,2026-08-11T10:56:58Z,クレジットカード,increment-run-001,workshop-participant,donation_events_001.csv,2026-08-11T11:59:30Z
EVT-FRS-002660,6002660,2010178,432032,3004207,10000,2026-08-11T10:57:39Z,クレジットカード,increment-run-001,workshop-participant,donation_events_001.csv,2026-08-11T11:59:30Z
EVT-FRS-007278,6007278,2008865,042111,3005877,10000,2026-08-11T10:58:46Z,クレジットカード,increment-run-001,workshop-participant,donation_events_001.csv,2026-08-11T11:59:30Z
EVT-FRS-008298,6008298,2004159,082368,3003366,20000,2026-08-11T11:06:44Z,電子決済,increment-run-001,workshop-participant,donation_events_001.csv,2026-08-11T11:59:30Z
EVT-FRS-004748,6004748,2009681,182079,3003228,10000,2026-08-11T11:07:28Z,銀行振込,increment-run-001,workshop-participant,donation_events_001.csv,2026-08-11T11:59:30Z
EVT-FRS-001206,6001206,2002918,222127,3004313,30000,2026-08-11T11:09:40Z,電子決済,increment-run-001,workshop-participant,donation_events_001.csv,2026-08-11T11:59:30Z
EVT-FRS-005916,6005916,2005304,232190,3001466,30000,2026-08-11T11:14:11Z,クレジットカード,increment-run-001,workshop-participant,donation_events_001.csv,2026-08-11T11:59:30Z
EVT-FRS-007706,6007706,2011933,016454,3003739,10000,2026-08-11T11:16:03Z,コンビニ決済,increment-run-001,workshop-participant,donation_events_001.csv,2026-08-11T11:59:30Z
EVT-FRS-001307,6001307,2007917,202070,3004076,30000,2026-08-11T11:21:59Z,クレジットカード,increment-run-001,workshop-participant,donation_events_001.csv,2026-08-11T11:59:30Z
EVT-FRS-010252,6010252,2007149,022039,3004557,12000,2026-08-11T11:22:32Z,コンビニ決済,increment-run-001,workshop-participant,donation_events_001.csv,2026-08-11T11:59:30Z
EVT-FRS-007903,6007903,2010885,282103,3000517,10000,2026-08-11T11:23:52Z,電子決済,increment-run-001,workshop-participant,donation_events_001.csv,2026-08-11T11:59:30Z
EVT-FRS-010427,6010427,2008415,182087,3001180,20000,2026-08-11T11:26:09Z,クレジットカード,increment-run-001,workshop-participant,donation_events_001.csv,2026-08-11T11:59:30Z
EVT-FRS-012385,6012385,2005519,062103,3000822,25000,2026-08-11T11:28:48Z,クレジットカード,increment-run-001,workshop-participant,donation_events_001.csv,2026-08-11T11:59:30Z
EVT-FRS-012526,6012526,2005175,272027,3004841,20000,2026-08-11T11:35:36Z,電子決済,increment-run-001,workshop-participant,donation_events_001.csv,2026-08-11T11:59:30Z
EVT-FRS-010251,6010251,2001508,432032,3005336,10000,2026-08-11T11:38:11Z,クレジットカード,increment-run-001,workshop-participant,donation_events_001.csv,2026-08-11T11:59:30Z
EVT-FRS-008608,6008608,2010822,252034,3005112,8000,2026-08-11T11:38:23Z,クレジットカード,increment-run-001,workshop-participant,donation_events_001.csv,2026-08-11T11:59:30Z
EVT-FRS-006397,6006397,2004232,151009,3001713,15000,2026-08-11T11:43:43Z,電子決済,increment-run-001,workshop-participant,donation_events_001.csv,2026-08-11T11:59:30Z
EVT-FRS-010383,6010383,2003662,082112,3003621,25000,2026-08-11T11:44:14Z,クレジットカード,increment-run-001,workshop-participant,donation_events_001.csv,2026-08-11T11:59:30Z
EVT-FRS-014331,6014331,2002136,462047,3003316,5000,2026-08-11T11:46:59Z,コンビニ決済,increment-run-001,workshop-participant,donation_events_001.csv,2026-08-11T11:59:30Z
EVT-FRS-000867,6000867,2009160,082163,3005141,60000,2026-08-11T11:53:43Z,クレジットカード,increment-run-001,workshop-participant,donation_events_001.csv,2026-08-11T11:59:30Z
EVT-FRS-007216,6007216,2009607,432130,3002371,15000,2026-08-11T11:54:00Z,クレジットカード,increment-run-001,workshop-participant,donation_events_001.csv,2026-08-11T11:59:30Z
EVT-FRS-012447,6012447,2006514,431001,3002471,15000,2026-08-11T11:54:30Z,クレジットカード,increment-run-001,workshop-participant,donation_events_001.csv,2026-08-11T11:59:30Z
