EventID,DonationID,DonorID,MunicipalityID,GiftID,DonationAmountYen,DonatedAt,PaymentMethod,WorkshopRunId,ParticipantAlias,SourceFile,PublishedAtUtc
EVT-FRS-002959,6002959,2001419,152251,3000545,10000,2026-08-21T14:18:14Z,クレジットカード,increment-run-003,workshop-participant,donation_events_003.csv,2026-09-01T00:03:20Z
EVT-FRS-004924,6004924,2006066,122335,3005410,5000,2026-08-21T14:36:44Z,クレジットカード,increment-run-003,workshop-participant,donation_events_003.csv,2026-09-01T00:03:20Z
EVT-FRS-009931,6009931,2006905,462217,3004556,20000,2026-08-21T14:38:43Z,電子決済,increment-run-003,workshop-participant,donation_events_003.csv,2026-09-01T00:03:20Z
EVT-FRS-009494,6009494,2001770,022080,3003964,10000,2026-08-21T14:46:44Z,クレジットカード,increment-run-003,workshop-participant,donation_events_003.csv,2026-09-01T00:03:20Z
EVT-FRS-011630,6011630,2011310,452041,3004484,20000,2026-08-21T14:46:59Z,コンビニ決済,increment-run-003,workshop-participant,donation_events_003.csv,2026-09-01T00:03:20Z
EVT-FRS-001210,6001210,2011842,342025,3004445,10000,2026-08-21T14:48:12Z,銀行振込,increment-run-003,workshop-participant,donation_events_003.csv,2026-09-01T00:03:20Z
EVT-FRS-004603,6004603,2007206,215040,3002033,30000,2026-08-21T14:55:35Z,クレジットカード,increment-run-003,workshop-participant,donation_events_003.csv,2026-09-01T00:03:20Z
EVT-FRS-005781,6005781,2007926,112089,3004541,10000,2026-08-21T14:56:29Z,クレジットカード,increment-run-003,workshop-participant,donation_events_003.csv,2026-09-01T00:03:20Z
EVT-FRS-014518,6014518,2009423,122114,3003302,5000,2026-08-21T14:59:13Z,クレジットカード,increment-run-003,workshop-participant,donation_events_003.csv,2026-09-01T00:03:20Z
EVT-FRS-014180,6014180,2002613,122068,3005992,5000,2026-08-21T15:06:33Z,電子決済,increment-run-003,workshop-participant,donation_events_003.csv,2026-09-01T00:03:20Z
EVT-FRS-001629,6001629,2002691,162094,3001520,12000,2026-08-21T15:09:06Z,クレジットカード,increment-run-003,workshop-participant,donation_events_003.csv,2026-09-01T00:03:20Z
EVT-FRS-000396,6000396,2009591,012246,3002090,10000,2026-08-21T15:13:11Z,クレジットカード,increment-run-003,workshop-participant,donation_events_003.csv,2026-09-01T00:03:20Z
EVT-FRS-001246,6001246,2007005,142166,3000621,25000,2026-08-21T15:13:11Z,クレジットカード,increment-run-003,workshop-participant,donation_events_003.csv,2026-09-01T00:03:20Z
EVT-FRS-010580,6010580,2011704,142131,3001788,10000,2026-08-21T15:14:48Z,電子決済,increment-run-003,workshop-participant,donation_events_003.csv,2026-09-01T00:03:20Z
EVT-FRS-002627,6002627,2005114,422029,3005311,12000,2026-08-21T15:15:17Z,クレジットカード,increment-run-003,workshop-participant,donation_events_003.csv,2026-09-01T00:03:20Z
EVT-FRS-011694,6011694,2006994,082368,3003366,20000,2026-08-21T15:17:00Z,クレジットカード,increment-run-003,workshop-participant,donation_events_003.csv,2026-09-01T00:03:20Z
EVT-FRS-002888,6002888,2001673,212121,3001428,15000,2026-08-21T15:18:45Z,クレジットカード,increment-run-003,workshop-participant,donation_events_003.csv,2026-09-01T00:03:20Z
EVT-FRS-008320,6008320,2008711,142182,3003447,10000,2026-08-21T15:24:13Z,コンビニ決済,increment-run-003,workshop-participant,donation_events_003.csv,2026-09-01T00:03:20Z
EVT-FRS-001829,6001829,2004750,452025,3005848,20000,2026-08-21T15:27:21Z,クレジットカード,increment-run-003,workshop-participant,donation_events_003.csv,2026-09-01T00:03:20Z
EVT-FRS-013980,6013980,2001563,082155,3003243,20000,2026-08-21T15:34:35Z,クレジットカード,increment-run-003,workshop-participant,donation_events_003.csv,2026-09-01T00:03:20Z
EVT-FRS-008380,6008380,2010657,261009,3003755,15000,2026-08-21T15:37:52Z,クレジットカード,increment-run-003,workshop-participant,donation_events_003.csv,2026-09-01T00:03:20Z
EVT-FRS-008633,6008633,2006576,062022,3001748,20000,2026-08-21T15:38:19Z,クレジットカード,increment-run-003,workshop-participant,donation_events_003.csv,2026-09-01T00:03:20Z
EVT-FRS-006981,6006981,2008773,232076,3005064,15000,2026-08-21T15:41:43Z,銀行振込,increment-run-003,workshop-participant,donation_events_003.csv,2026-09-01T00:03:20Z
EVT-FRS-003920,6003920,2010376,142042,3000705,20000,2026-08-21T15:45:04Z,クレジットカード,increment-run-003,workshop-participant,donation_events_003.csv,2026-09-01T00:03:20Z
EVT-FRS-007679,6007679,2005391,052141,3001670,25000,2026-08-21T15:46:35Z,クレジットカード,increment-run-003,workshop-participant,donation_events_003.csv,2026-09-01T00:03:20Z
EVT-FRS-011987,6011987,2004235,082155,3005221,12000,2026-08-21T15:49:26Z,クレジットカード,increment-run-003,workshop-participant,donation_events_003.csv,2026-09-01T00:03:20Z
EVT-FRS-001655,6001655,2005004,232050,3004419,50000,2026-08-21T15:53:52Z,クレジットカード,increment-run-003,workshop-participant,donation_events_003.csv,2026-09-01T00:03:20Z
EVT-FRS-005978,6005978,2000970,422126,3005107,15000,2026-08-21T16:03:34Z,コンビニ決済,increment-run-003,workshop-participant,donation_events_003.csv,2026-09-01T00:03:20Z
EVT-FRS-014252,6014252,2000912,012173,3003541,8000,2026-08-21T16:03:40Z,クレジットカード,increment-run-003,workshop-participant,donation_events_003.csv,2026-09-01T00:03:20Z
EVT-FRS-007693,6007693,2000902,402214,3002357,30000,2026-08-21T16:04:46Z,クレジットカード,increment-run-003,workshop-participant,donation_events_003.csv,2026-09-01T00:03:20Z
EVT-FRS-010281,6010281,2004329,213616,3001117,12000,2026-08-21T16:04:56Z,クレジットカード,increment-run-003,workshop-participant,donation_events_003.csv,2026-09-01T00:03:20Z
EVT-FRS-013449,6013449,2003474,022012,3000444,10000,2026-08-21T16:05:37Z,電子決済,increment-run-003,workshop-participant,donation_events_003.csv,2026-09-01T00:03:20Z
EVT-FRS-006493,6006493,2001749,331007,3001270,10000,2026-08-21T16:10:17Z,コンビニ決済,increment-run-003,workshop-participant,donation_events_003.csv,2026-09-01T00:03:20Z
EVT-FRS-011852,6011852,2003919,073440,3001907,12000,2026-08-21T16:11:44Z,銀行振込,increment-run-003,workshop-participant,donation_events_003.csv,2026-09-01T00:03:20Z
EVT-FRS-000516,6000516,2010725,462152,3003416,10000,2026-08-21T16:25:34Z,電子決済,increment-run-003,workshop-participant,donation_events_003.csv,2026-09-01T00:03:20Z
EVT-FRS-004897,6004897,2005170,092011,3005845,50000,2026-08-21T16:30:44Z,クレジットカード,increment-run-003,workshop-participant,donation_events_003.csv,2026-09-01T00:03:20Z
EVT-FRS-014381,6014381,2002054,452025,3004334,12000,2026-08-21T16:34:50Z,電子決済,increment-run-003,workshop-participant,donation_events_003.csv,2026-09-01T00:03:20Z
EVT-FRS-011482,6011482,2002065,434035,3004042,10000,2026-08-21T16:37:29Z,クレジットカード,increment-run-003,workshop-participant,donation_events_003.csv,2026-09-01T00:03:20Z
EVT-FRS-005291,6005291,2011381,363022,3005182,8000,2026-08-21T16:38:37Z,銀行振込,increment-run-003,workshop-participant,donation_events_003.csv,2026-09-01T00:03:20Z
EVT-FRS-004527,6004527,2010408,235016,3001678,10000,2026-08-21T16:43:45Z,銀行振込,increment-run-003,workshop-participant,donation_events_003.csv,2026-09-01T00:03:20Z
EVT-FRS-007156,6007156,2011896,122181,3004394,12000,2026-08-21T16:47:18Z,クレジットカード,increment-run-003,workshop-participant,donation_events_003.csv,2026-09-01T00:03:20Z
EVT-FRS-001890,6001890,2003667,062138,3004820,30000,2026-08-21T16:55:06Z,クレジットカード,increment-run-003,workshop-participant,donation_events_003.csv,2026-09-01T00:03:20Z
EVT-FRS-010029,6010029,2007990,272248,3005397,12000,2026-08-21T16:55:57Z,クレジットカード,increment-run-003,workshop-participant,donation_events_003.csv,2026-09-01T00:03:20Z
EVT-FRS-009415,6009415,2002051,012173,3003541,12000,2026-08-21T16:56:30Z,クレジットカード,increment-run-003,workshop-participant,donation_events_003.csv,2026-09-01T00:03:20Z
EVT-FRS-002572,6002572,2011351,412074,3001341,25000,2026-08-21T16:58:32Z,クレジットカード,increment-run-003,workshop-participant,donation_events_003.csv,2026-09-01T00:03:20Z
EVT-FRS-008959,6008959,2010028,272141,3003272,20000,2026-08-21T17:04:36Z,銀行振込,increment-run-003,workshop-participant,donation_events_003.csv,2026-09-01T00:03:20Z
EVT-FRS-004481,6004481,2010813,062031,3005710,15000,2026-08-21T17:06:02Z,クレジットカード,increment-run-003,workshop-participant,donation_events_003.csv,2026-09-01T00:03:20Z
EVT-FRS-010486,6010486,2002327,405442,3004531,25000,2026-08-21T17:07:26Z,銀行振込,increment-run-003,workshop-participant,donation_events_003.csv,2026-09-01T00:03:20Z
EVT-FRS-006462,6006462,2003020,122246,3004260,10000,2026-08-21T17:14:05Z,コンビニ決済,increment-run-003,workshop-participant,donation_events_003.csv,2026-09-01T00:03:20Z
EVT-FRS-009855,6009855,2006083,464686,3002300,10000,2026-08-21T17:14:50Z,クレジットカード,increment-run-003,workshop-participant,donation_events_003.csv,2026-09-01T00:03:20Z
EVT-FRS-006585,6006585,2008391,052108,3004244,12000,2026-08-21T17:19:51Z,クレジットカード,increment-run-003,workshop-participant,donation_events_003.csv,2026-09-01T00:03:20Z
EVT-FRS-001807,6001807,2001539,162086,3005707,15000,2026-08-21T17:21:05Z,コンビニ決済,increment-run-003,workshop-participant,donation_events_003.csv,2026-09-01T00:03:20Z
EVT-FRS-005862,6005862,2010295,202177,3005680,25000,2026-08-21T17:23:10Z,電子決済,increment-run-003,workshop-participant,donation_events_003.csv,2026-09-01T00:03:20Z
EVT-FRS-008691,6008691,2000547,362077,3000950,20000,2026-08-21T17:26:01Z,銀行振込,increment-run-003,workshop-participant,donation_events_003.csv,2026-09-01T00:03:20Z
EVT-FRS-013396,6013396,2009600,172090,3003882,12000,2026-08-21T17:26:42Z,電子決済,increment-run-003,workshop-participant,donation_events_003.csv,2026-09-01T00:03:20Z
EVT-FRS-002619,6002619,2003333,432113,3005288,10000,2026-08-21T17:27:28Z,クレジットカード,increment-run-003,workshop-participant,donation_events_003.csv,2026-09-01T00:03:20Z
EVT-FRS-008811,6008811,2005207,042021,3005000,20000,2026-08-21T17:30:46Z,クレジットカード,increment-run-003,workshop-participant,donation_events_003.csv,2026-09-01T00:03:20Z
EVT-FRS-003399,6003399,2004235,431001,3001882,15000,2026-08-21T17:33:26Z,銀行振込,increment-run-003,workshop-participant,donation_events_003.csv,2026-09-01T00:03:20Z
EVT-FRS-014472,6014472,2010320,174611,3000509,10000,2026-08-21T17:34:47Z,電子決済,increment-run-003,workshop-participant,donation_events_003.csv,2026-09-01T00:03:20Z
EVT-FRS-013169,6013169,2008175,082368,3002064,25000,2026-08-21T17:36:41Z,電子決済,increment-run-003,workshop-participant,donation_events_003.csv,2026-09-01T00:03:20Z
EVT-FRS-013309,6013309,2004948,272086,3003287,15000,2026-08-21T17:37:07Z,電子決済,increment-run-003,workshop-participant,donation_events_003.csv,2026-09-01T00:03:20Z
EVT-FRS-007837,6007837,2005416,202207,3004607,12000,2026-08-21T17:39:50Z,クレジットカード,increment-run-003,workshop-participant,donation_events_003.csv,2026-09-01T00:03:20Z
EVT-FRS-010114,6010114,2011360,272132,3003549,5000,2026-08-21T17:40:44Z,クレジットカード,increment-run-003,workshop-participant,donation_events_003.csv,2026-09-01T00:03:20Z
EVT-FRS-013550,6013550,2005356,212164,3002831,10000,2026-08-21T17:42:10Z,クレジットカード,increment-run-003,workshop-participant,donation_events_003.csv,2026-09-01T00:03:20Z
EVT-FRS-013361,6013361,2005404,016420,3004722,15000,2026-08-21T17:43:44Z,コンビニ決済,increment-run-003,workshop-participant,donation_events_003.csv,2026-09-01T00:03:20Z
EVT-FRS-008769,6008769,2004708,402141,3003817,30000,2026-08-21T17:51:14Z,クレジットカード,increment-run-003,workshop-participant,donation_events_003.csv,2026-09-01T00:03:20Z
EVT-FRS-014000,6014000,2005358,015504,3001131,20000,2026-08-21T17:56:58Z,クレジットカード,increment-run-003,workshop-participant,donation_events_003.csv,2026-09-01T00:03:20Z
EVT-FRS-014585,6014585,2008445,112224,3005781,15000,2026-08-21T17:58:14Z,電子決済,increment-run-003,workshop-participant,donation_events_003.csv,2026-09-01T00:03:20Z
EVT-FRS-001098,6001098,2007226,282197,3000672,10000,2026-08-21T17:58:32Z,クレジットカード,increment-run-003,workshop-participant,donation_events_003.csv,2026-09-01T00:03:20Z
EVT-FRS-003134,6003134,2002444,072095,3004630,8000,2026-08-21T18:01:59Z,電子決済,increment-run-003,workshop-participant,donation_events_003.csv,2026-09-01T00:03:20Z
EVT-FRS-002884,6002884,2001084,412082,3000138,8000,2026-08-21T18:03:46Z,クレジットカード,increment-run-003,workshop-participant,donation_events_003.csv,2026-09-01T00:03:20Z
EVT-FRS-013890,6013890,2002677,232084,3003908,15000,2026-08-21T18:03:58Z,クレジットカード,increment-run-003,workshop-participant,donation_events_003.csv,2026-09-01T00:03:20Z
EVT-FRS-001644,6001644,2002259,222127,3001668,12000,2026-08-21T18:04:51Z,クレジットカード,increment-run-003,workshop-participant,donation_events_003.csv,2026-09-01T00:03:20Z
EVT-FRS-012714,6012714,2000312,012068,3002768,30000,2026-08-21T18:08:46Z,電子決済,increment-run-003,workshop-participant,donation_events_003.csv,2026-09-01T00:03:20Z
EVT-FRS-001675,6001675,2001847,294241,3003403,20000,2026-08-21T18:19:15Z,電子決済,increment-run-003,workshop-participant,donation_events_003.csv,2026-09-01T00:03:20Z
EVT-FRS-009342,6009342,2007075,016047,3000750,12000,2026-08-21T18:19:22Z,クレジットカード,increment-run-003,workshop-participant,donation_events_003.csv,2026-09-01T00:03:20Z
EVT-FRS-007341,6007341,2011435,062057,3004418,10000,2026-08-21T18:20:16Z,クレジットカード,increment-run-003,workshop-participant,donation_events_003.csv,2026-09-01T00:03:20Z
EVT-FRS-007255,6007255,2001986,105236,3000667,10000,2026-08-21T18:23:44Z,クレジットカード,increment-run-003,workshop-participant,donation_events_003.csv,2026-09-01T00:03:20Z
EVT-FRS-014384,6014384,2003327,331007,3002982,40000,2026-08-21T18:32:10Z,クレジットカード,increment-run-003,workshop-participant,donation_events_003.csv,2026-09-01T00:03:20Z
EVT-FRS-006906,6006906,2005719,432148,3000187,8000,2026-08-21T18:33:23Z,クレジットカード,increment-run-003,workshop-participant,donation_events_003.csv,2026-09-01T00:03:20Z
EVT-FRS-006047,6006047,2007207,152099,3003732,12000,2026-08-21T18:34:51Z,コンビニ決済,increment-run-003,workshop-participant,donation_events_003.csv,2026-09-01T00:03:20Z
EVT-FRS-004883,6004883,2007814,402257,3000699,12000,2026-08-21T18:39:30Z,クレジットカード,increment-run-003,workshop-participant,donation_events_003.csv,2026-09-01T00:03:20Z
EVT-FRS-011432,6011432,2004567,122262,3005442,30000,2026-08-21T18:41:49Z,電子決済,increment-run-003,workshop-participant,donation_events_003.csv,2026-09-01T00:03:20Z
EVT-FRS-000331,6000331,2002863,292061,3002342,12000,2026-08-21T18:42:27Z,クレジットカード,increment-run-003,workshop-participant,donation_events_003.csv,2026-09-01T00:03:20Z
EVT-FRS-002622,6002622,2008712,042021,3002651,10000,2026-08-21T18:43:40Z,電子決済,increment-run-003,workshop-participant,donation_events_003.csv,2026-09-01T00:03:20Z
EVT-FRS-001266,6001266,2003390,052124,3004385,30000,2026-08-21T18:43:42Z,クレジットカード,increment-run-003,workshop-participant,donation_events_003.csv,2026-09-01T00:03:20Z
EVT-FRS-005329,6005329,2006436,132128,3001786,20000,2026-08-21T18:47:13Z,電子決済,increment-run-003,workshop-participant,donation_events_003.csv,2026-09-01T00:03:20Z
EVT-FRS-006384,6006384,2008609,282189,3001458,10000,2026-08-21T18:48:21Z,クレジットカード,increment-run-003,workshop-participant,donation_events_003.csv,2026-09-01T00:03:20Z
EVT-FRS-004831,6004831,2010973,402028,3003250,25000,2026-08-21T18:49:36Z,クレジットカード,increment-run-003,workshop-participant,donation_events_003.csv,2026-09-01T00:03:20Z
EVT-FRS-009440,6009440,2009219,152277,3005413,8000,2026-08-21T18:50:06Z,クレジットカード,increment-run-003,workshop-participant,donation_events_003.csv,2026-09-01T00:03:20Z
EVT-FRS-011739,6011739,2005673,464686,3004436,20000,2026-08-21T18:53:19Z,クレジットカード,increment-run-003,workshop-participant,donation_events_003.csv,2026-09-01T00:03:20Z
EVT-FRS-008296,6008296,2007369,233617,3001191,5000,2026-08-21T18:53:45Z,電子決済,increment-run-003,workshop-participant,donation_events_003.csv,2026-09-01T00:03:20Z
EVT-FRS-001604,6001604,2009935,252131,3003804,20000,2026-08-21T18:54:29Z,コンビニ決済,increment-run-003,workshop-participant,donation_events_003.csv,2026-09-01T00:03:20Z
EVT-FRS-005330,6005330,2001229,452025,3005848,12000,2026-08-21T18:55:12Z,クレジットカード,increment-run-003,workshop-participant,donation_events_003.csv,2026-09-01T00:03:20Z
EVT-FRS-009596,6009596,2008625,132012,3000427,12000,2026-08-21T18:58:14Z,クレジットカード,increment-run-003,workshop-participant,donation_events_003.csv,2026-09-01T00:03:20Z
EVT-FRS-009463,6009463,2004707,202029,3003172,15000,2026-08-21T19:01:53Z,クレジットカード,increment-run-003,workshop-participant,donation_events_003.csv,2026-09-01T00:03:20Z
EVT-FRS-014067,6014067,2006218,462063,3005524,10000,2026-08-21T19:05:18Z,銀行振込,increment-run-003,workshop-participant,donation_events_003.csv,2026-09-01T00:03:20Z
EVT-FRS-013661,6013661,2005149,212202,3005922,12000,2026-08-21T19:14:39Z,電子決済,increment-run-003,workshop-participant,donation_events_003.csv,2026-09-01T00:03:20Z
EVT-FRS-001130,6001130,2011997,232050,3000090,12000,2026-08-21T19:15:06Z,銀行振込,increment-run-003,workshop-participant,donation_events_003.csv,2026-09-01T00:03:20Z
EVT-FRS-014342,6014342,2003146,132071,3002436,5000,2026-08-21T19:19:03Z,クレジットカード,increment-run-003,workshop-participant,donation_events_003.csv,2026-09-01T00:03:20Z
EVT-FRS-013701,6013701,2000579,042072,3003933,20000,2026-08-21T19:19:48Z,クレジットカード,increment-run-003,workshop-participant,donation_events_003.csv,2026-09-01T00:03:20Z
EVT-FRS-002333,6002333,2004712,092151,3003926,10000,2026-08-21T19:20:01Z,クレジットカード,increment-run-003,workshop-participant,donation_events_003.csv,2026-09-01T00:03:20Z
EVT-FRS-011636,6011636,2008214,032107,3005255,12000,2026-08-21T19:20:04Z,クレジットカード,increment-run-003,workshop-participant,donation_events_003.csv,2026-09-01T00:03:20Z
EVT-FRS-010218,6010218,2004721,174611,3002320,10000,2026-08-21T19:22:19Z,クレジットカード,increment-run-003,workshop-participant,donation_events_003.csv,2026-09-01T00:03:20Z
EVT-FRS-010863,6010863,2006432,122211,3002839,10000,2026-08-21T19:22:56Z,銀行振込,increment-run-003,workshop-participant,donation_events_003.csv,2026-09-01T00:03:20Z
EVT-FRS-007126,6007126,2001739,142140,3000590,20000,2026-08-21T19:26:33Z,クレジットカード,increment-run-003,workshop-participant,donation_events_003.csv,2026-09-01T00:03:20Z
EVT-FRS-010025,6010025,2003818,342131,3001985,5000,2026-08-21T19:28:02Z,クレジットカード,increment-run-003,workshop-participant,donation_events_003.csv,2026-09-01T00:03:20Z
EVT-FRS-007782,6007782,2007925,052060,3001560,15000,2026-08-21T19:39:26Z,クレジットカード,increment-run-003,workshop-participant,donation_events_003.csv,2026-09-01T00:03:20Z
EVT-FRS-009449,6009449,2009078,111007,3005885,8000,2026-08-21T19:39:41Z,電子決済,increment-run-003,workshop-participant,donation_events_003.csv,2026-09-01T00:03:20Z
EVT-FRS-007063,6007063,2001831,264652,3000811,12000,2026-08-21T19:41:28Z,クレジットカード,increment-run-003,workshop-participant,donation_events_003.csv,2026-09-01T00:03:20Z
EVT-FRS-003237,6003237,2009588,012165,3000543,30000,2026-08-21T19:51:05Z,クレジットカード,increment-run-003,workshop-participant,donation_events_003.csv,2026-09-01T00:03:20Z
EVT-FRS-000179,6000179,2003005,202070,3000976,15000,2026-08-21T19:56:48Z,クレジットカード,increment-run-003,workshop-participant,donation_events_003.csv,2026-09-01T00:03:20Z
EVT-FRS-003566,6003566,2006510,093424,3004812,15000,2026-08-21T20:05:06Z,電子決済,increment-run-003,workshop-participant,donation_events_003.csv,2026-09-01T00:03:20Z
EVT-FRS-009356,6009356,2008331,404489,3005467,10000,2026-08-21T20:11:08Z,電子決済,increment-run-003,workshop-participant,donation_events_003.csv,2026-09-01T00:03:20Z
EVT-FRS-007977,6007977,2003908,431001,3002471,15000,2026-08-21T20:16:12Z,クレジットカード,increment-run-003,workshop-participant,donation_events_003.csv,2026-09-01T00:03:20Z
EVT-FRS-008773,6008773,2007057,112411,3004315,50000,2026-08-21T20:19:12Z,クレジットカード,increment-run-003,workshop-participant,donation_events_003.csv,2026-09-01T00:03:20Z
EVT-FRS-012407,6012407,2006709,012068,3005494,12000,2026-08-21T20:23:13Z,クレジットカード,increment-run-003,workshop-participant,donation_events_003.csv,2026-09-01T00:03:20Z
EVT-FRS-007132,6007132,2010022,082244,3001332,20000,2026-08-21T20:24:20Z,電子決済,increment-run-003,workshop-participant,donation_events_003.csv,2026-09-01T00:03:20Z
EVT-FRS-005404,6005404,2008040,392111,3000346,10000,2026-08-21T20:31:50Z,銀行振込,increment-run-003,workshop-participant,donation_events_003.csv,2026-09-01T00:03:20Z
EVT-FRS-008662,6008662,2004128,352136,3000080,8000,2026-08-21T20:34:13Z,クレジットカード,increment-run-003,workshop-participant,donation_events_003.csv,2026-09-01T00:03:20Z
EVT-FRS-005476,6005476,2004814,465356,3001587,15000,2026-08-21T20:42:29Z,クレジットカード,increment-run-003,workshop-participant,donation_events_003.csv,2026-09-01T00:03:20Z
EVT-FRS-004814,6004814,2011753,042099,3005396,30000,2026-08-21T20:42:57Z,電子決済,increment-run-003,workshop-participant,donation_events_003.csv,2026-09-01T00:03:20Z
EVT-FRS-006449,6006449,2005496,131202,3001967,15000,2026-08-21T20:44:53Z,クレジットカード,increment-run-003,workshop-participant,donation_events_003.csv,2026-09-01T00:03:20Z
EVT-FRS-009361,6009361,2010784,102041,3001427,5000,2026-08-21T20:47:38Z,クレジットカード,increment-run-003,workshop-participant,donation_events_003.csv,2026-09-01T00:03:20Z
EVT-FRS-007872,6007872,2003312,072125,3000315,40000,2026-08-21T20:48:08Z,銀行振込,increment-run-003,workshop-participant,donation_events_003.csv,2026-09-01T00:03:20Z
EVT-FRS-002924,6002924,2003407,016390,3005273,40000,2026-08-21T20:50:51Z,クレジットカード,increment-run-003,workshop-participant,donation_events_003.csv,2026-09-01T00:03:20Z
EVT-FRS-005627,6005627,2011556,132063,3002333,20000,2026-08-21T20:51:30Z,クレジットカード,increment-run-003,workshop-participant,donation_events_003.csv,2026-09-01T00:03:20Z
EVT-FRS-009186,6009186,2010144,462241,3002975,10000,2026-08-21T20:59:25Z,電子決済,increment-run-003,workshop-participant,donation_events_003.csv,2026-09-01T00:03:20Z
EVT-FRS-000482,6000482,2003939,252018,3002744,8000,2026-08-21T21:06:09Z,銀行振込,increment-run-003,workshop-participant,donation_events_003.csv,2026-09-01T00:03:20Z
EVT-FRS-003083,6003083,2002225,162060,3004561,5000,2026-08-21T21:07:21Z,クレジットカード,increment-run-003,workshop-participant,donation_events_003.csv,2026-09-01T00:03:20Z
EVT-FRS-004180,6004180,2007367,312037,3000566,10000,2026-08-21T21:25:04Z,コンビニ決済,increment-run-003,workshop-participant,donation_events_003.csv,2026-09-01T00:03:20Z
EVT-FRS-012862,6012862,2003290,363421,3005455,10000,2026-08-21T21:25:14Z,クレジットカード,increment-run-003,workshop-participant,donation_events_003.csv,2026-09-01T00:03:20Z
EVT-FRS-003123,6003123,2005834,202053,3000291,8000,2026-08-21T21:31:31Z,コンビニ決済,increment-run-003,workshop-participant,donation_events_003.csv,2026-09-01T00:03:20Z
EVT-FRS-009232,6009232,2002010,272132,3003896,20000,2026-08-21T21:33:48Z,クレジットカード,increment-run-003,workshop-participant,donation_events_003.csv,2026-09-01T00:03:20Z
EVT-FRS-001090,6001090,2002029,442135,3000064,10000,2026-08-21T21:35:41Z,クレジットカード,increment-run-003,workshop-participant,donation_events_003.csv,2026-09-01T00:03:20Z
EVT-FRS-002859,6002859,2008385,412074,3001341,15000,2026-08-21T21:35:49Z,電子決済,increment-run-003,workshop-participant,donation_events_003.csv,2026-09-01T00:03:20Z
EVT-FRS-011926,6011926,2002654,152081,3004114,20000,2026-08-21T21:37:03Z,クレジットカード,increment-run-003,workshop-participant,donation_events_003.csv,2026-09-01T00:03:20Z
EVT-FRS-000567,6000567,2009183,124095,3000204,25000,2026-08-21T21:37:06Z,クレジットカード,increment-run-003,workshop-participant,donation_events_003.csv,2026-09-01T00:03:20Z
EVT-FRS-005324,6005324,2003395,231002,3000754,20000,2026-08-21T21:39:40Z,クレジットカード,increment-run-003,workshop-participant,donation_events_003.csv,2026-09-01T00:03:20Z
EVT-FRS-005756,6005756,2001040,272027,3003444,15000,2026-08-21T21:40:44Z,クレジットカード,increment-run-003,workshop-participant,donation_events_003.csv,2026-09-01T00:03:20Z
EVT-FRS-002427,6002427,2008995,462012,3001498,25000,2026-08-21T21:42:04Z,電子決済,increment-run-003,workshop-participant,donation_events_003.csv,2026-09-01T00:03:20Z
EVT-FRS-001074,6001074,2007794,262099,3002194,15000,2026-08-21T21:42:50Z,クレジットカード,increment-run-003,workshop-participant,donation_events_003.csv,2026-09-01T00:03:20Z
EVT-FRS-008584,6008584,2002904,382043,3005763,10000,2026-08-21T21:46:19Z,電子決済,increment-run-003,workshop-participant,donation_events_003.csv,2026-09-01T00:03:20Z
EVT-FRS-001522,6001522,2010891,282049,3005452,20000,2026-08-21T21:47:39Z,クレジットカード,increment-run-003,workshop-participant,donation_events_003.csv,2026-09-01T00:03:20Z
EVT-FRS-008435,6008435,2010508,192040,3000250,30000,2026-08-21T21:48:15Z,クレジットカード,increment-run-003,workshop-participant,donation_events_003.csv,2026-09-01T00:03:20Z
EVT-FRS-004811,6004811,2001450,222208,3002473,12000,2026-08-21T21:51:57Z,クレジットカード,increment-run-003,workshop-participant,donation_events_003.csv,2026-09-01T00:03:20Z
EVT-FRS-008958,6008958,2003577,112071,3004975,12000,2026-08-21T21:55:16Z,クレジットカード,increment-run-003,workshop-participant,donation_events_003.csv,2026-09-01T00:03:20Z
EVT-FRS-010284,6010284,2007034,232297,3002002,12000,2026-08-21T21:55:25Z,銀行振込,increment-run-003,workshop-participant,donation_events_003.csv,2026-09-01T00:03:20Z
EVT-FRS-009141,6009141,2006614,082341,3000661,15000,2026-08-21T22:00:48Z,電子決済,increment-run-003,workshop-participant,donation_events_003.csv,2026-09-01T00:03:20Z
EVT-FRS-013764,6013764,2006152,473596,3004922,8000,2026-08-21T22:02:10Z,クレジットカード,increment-run-003,workshop-participant,donation_events_003.csv,2026-09-01T00:03:20Z
EVT-FRS-011053,6011053,2001542,022012,3003349,12000,2026-08-21T22:04:02Z,クレジットカード,increment-run-003,workshop-participant,donation_events_003.csv,2026-09-01T00:03:20Z
EVT-FRS-014491,6014491,2003543,232122,3000408,10000,2026-08-21T22:04:22Z,電子決済,increment-run-003,workshop-participant,donation_events_003.csv,2026-09-01T00:03:20Z
EVT-FRS-001971,6001971,2002047,222267,3000634,20000,2026-08-21T22:15:39Z,クレジットカード,increment-run-003,workshop-participant,donation_events_003.csv,2026-09-01T00:03:20Z
EVT-FRS-004784,6004784,2007860,092151,3003926,5000,2026-08-21T22:20:55Z,コンビニ決済,increment-run-003,workshop-participant,donation_events_003.csv,2026-09-01T00:03:20Z
EVT-FRS-012560,6012560,2006439,352136,3000080,40000,2026-08-21T22:22:39Z,クレジットカード,increment-run-003,workshop-participant,donation_events_003.csv,2026-09-01T00:03:20Z
EVT-FRS-006272,6006272,2002870,142131,3005812,5000,2026-08-21T22:25:47Z,電子決済,increment-run-003,workshop-participant,donation_events_003.csv,2026-09-01T00:03:20Z
EVT-FRS-000794,6000794,2007294,273015,3005562,5000,2026-08-21T22:26:44Z,銀行振込,increment-run-003,workshop-participant,donation_events_003.csv,2026-09-01T00:03:20Z
EVT-FRS-006001,6006001,2005103,422053,3002232,5000,2026-08-21T22:27:28Z,電子決済,increment-run-003,workshop-participant,donation_events_003.csv,2026-09-01T00:03:20Z
EVT-FRS-006477,6006477,2003625,372064,3000150,20000,2026-08-21T22:29:33Z,クレジットカード,increment-run-003,workshop-participant,donation_events_003.csv,2026-09-01T00:03:20Z
EVT-FRS-004684,6004684,2004018,202029,3001454,25000,2026-08-21T22:29:55Z,電子決済,increment-run-003,workshop-participant,donation_events_003.csv,2026-09-01T00:03:20Z
EVT-FRS-004561,6004561,2006533,262129,3000626,20000,2026-08-21T22:31:01Z,クレジットカード,increment-run-003,workshop-participant,donation_events_003.csv,2026-09-01T00:03:20Z
EVT-FRS-000057,6000057,2003982,432164,3004372,30000,2026-08-21T22:32:47Z,クレジットカード,increment-run-003,workshop-participant,donation_events_003.csv,2026-09-01T00:03:20Z
EVT-FRS-007400,6007400,2005978,192058,3001919,30000,2026-08-21T22:35:01Z,クレジットカード,increment-run-003,workshop-participant,donation_events_003.csv,2026-09-01T00:03:20Z
EVT-FRS-005002,6005002,2006534,012360,3003301,20000,2026-08-21T22:38:19Z,クレジットカード,increment-run-003,workshop-participant,donation_events_003.csv,2026-09-01T00:03:20Z
EVT-FRS-007921,6007921,2001595,052019,3000426,12000,2026-08-21T22:41:18Z,クレジットカード,increment-run-003,workshop-participant,donation_events_003.csv,2026-09-01T00:03:20Z
EVT-FRS-009351,6009351,2011962,332143,3000485,5000,2026-08-21T22:46:23Z,クレジットカード,increment-run-003,workshop-participant,donation_events_003.csv,2026-09-01T00:03:20Z
EVT-FRS-000736,6000736,2000316,452025,3003952,5000,2026-08-21T22:50:30Z,クレジットカード,increment-run-003,workshop-participant,donation_events_003.csv,2026-09-01T00:03:20Z
EVT-FRS-013070,6013070,2008922,262064,3001784,10000,2026-08-21T22:59:26Z,コンビニ決済,increment-run-003,workshop-participant,donation_events_003.csv,2026-09-01T00:03:20Z
EVT-FRS-013831,6013831,2004336,414247,3000820,10000,2026-08-21T23:02:55Z,電子決済,increment-run-003,workshop-participant,donation_events_003.csv,2026-09-01T00:03:20Z
EVT-FRS-005809,6005809,2008098,452025,3005996,10000,2026-08-21T23:05:54Z,クレジットカード,increment-run-003,workshop-participant,donation_events_003.csv,2026-09-01T00:03:20Z
EVT-FRS-001568,6001568,2008069,012262,3001975,30000,2026-08-21T23:07:21Z,クレジットカード,increment-run-003,workshop-participant,donation_events_003.csv,2026-09-01T00:03:20Z
EVT-FRS-000693,6000693,2010412,012165,3003362,15000,2026-08-21T23:15:14Z,クレジットカード,increment-run-003,workshop-participant,donation_events_003.csv,2026-09-01T00:03:20Z
EVT-FRS-002304,6002304,2000272,112089,3002369,10000,2026-08-21T23:19:21Z,銀行振込,increment-run-003,workshop-participant,donation_events_003.csv,2026-09-01T00:03:20Z
EVT-FRS-005258,6005258,2006890,352063,3002027,12000,2026-08-21T23:19:57Z,クレジットカード,increment-run-003,workshop-participant,donation_events_003.csv,2026-09-01T00:03:20Z
EVT-FRS-002377,6002377,2004203,052132,3005222,10000,2026-08-21T23:23:49Z,クレジットカード,increment-run-003,workshop-participant,donation_events_003.csv,2026-09-01T00:03:20Z
EVT-FRS-010076,6010076,2001447,231002,3003379,15000,2026-08-21T23:25:25Z,銀行振込,increment-run-003,workshop-participant,donation_events_003.csv,2026-09-01T00:03:20Z
EVT-FRS-014191,6014191,2006826,272311,3003984,15000,2026-08-21T23:31:14Z,コンビニ決済,increment-run-003,workshop-participant,donation_events_003.csv,2026-09-01T00:03:20Z
EVT-FRS-005600,6005600,2004495,384011,3000827,30000,2026-08-21T23:34:41Z,電子決済,increment-run-003,workshop-participant,donation_events_003.csv,2026-09-01T00:03:20Z
EVT-FRS-004793,6004793,2002305,022080,3004406,100000,2026-08-21T23:42:53Z,電子決済,increment-run-003,workshop-participant,donation_events_003.csv,2026-09-01T00:03:20Z
EVT-FRS-008056,6008056,2000530,015172,3001959,10000,2026-08-21T23:44:40Z,クレジットカード,increment-run-003,workshop-participant,donation_events_003.csv,2026-09-01T00:03:20Z
EVT-FRS-000356,6000356,2005122,422045,3004760,8000,2026-08-21T23:53:45Z,電子決済,increment-run-003,workshop-participant,donation_events_003.csv,2026-09-01T00:03:20Z
EVT-FRS-004417,6004417,2006775,272027,3003444,25000,2026-08-21T23:54:23Z,銀行振込,increment-run-003,workshop-participant,donation_events_003.csv,2026-09-01T00:03:20Z
EVT-FRS-007681,6007681,2008482,132284,3003204,30000,2026-08-22T00:01:00Z,クレジットカード,increment-run-003,workshop-participant,donation_events_003.csv,2026-09-01T00:03:20Z
EVT-FRS-000590,6000590,2010763,222151,3005610,10000,2026-08-22T00:04:44Z,クレジットカード,increment-run-003,workshop-participant,donation_events_003.csv,2026-09-01T00:03:20Z
EVT-FRS-003813,6003813,2000516,014303,3003881,5000,2026-08-22T00:05:44Z,クレジットカード,increment-run-003,workshop-participant,donation_events_003.csv,2026-09-01T00:03:20Z
EVT-FRS-000320,6000320,2004308,022098,3004847,15000,2026-08-22T00:07:23Z,銀行振込,increment-run-003,workshop-participant,donation_events_003.csv,2026-09-01T00:03:20Z
EVT-FRS-009836,6009836,2003947,363014,3004901,5000,2026-08-22T00:08:57Z,クレジットカード,increment-run-003,workshop-participant,donation_events_003.csv,2026-09-01T00:03:20Z
EVT-FRS-004095,6004095,2002949,282014,3004175,8000,2026-08-22T00:09:14Z,クレジットカード,increment-run-003,workshop-participant,donation_events_003.csv,2026-09-01T00:03:20Z
EVT-FRS-014633,6014633,2000141,322075,3000267,70000,2026-08-22T00:14:16Z,電子決済,increment-run-003,workshop-participant,donation_events_003.csv,2026-09-01T00:03:20Z
EVT-FRS-001077,6001077,2010592,052060,3004806,50000,2026-08-22T00:15:30Z,銀行振込,increment-run-003,workshop-participant,donation_events_003.csv,2026-09-01T00:03:20Z
EVT-FRS-000435,6000435,2009046,232068,3002399,15000,2026-08-22T00:16:51Z,銀行振込,increment-run-003,workshop-participant,donation_events_003.csv,2026-09-01T00:03:20Z
EVT-FRS-001015,6001015,2001223,012165,3001377,50000,2026-08-22T00:25:04Z,コンビニ決済,increment-run-003,workshop-participant,donation_events_003.csv,2026-09-01T00:03:20Z
EVT-FRS-000917,6000917,2009793,092100,3001528,20000,2026-08-22T00:25:34Z,コンビニ決済,increment-run-003,workshop-participant,donation_events_003.csv,2026-09-01T00:03:20Z
EVT-FRS-008622,6008622,2009758,464686,3002300,20000,2026-08-22T00:29:06Z,クレジットカード,increment-run-003,workshop-participant,donation_events_003.csv,2026-09-01T00:03:20Z
EVT-FRS-010566,6010566,2005168,452025,3005848,10000,2026-08-22T00:29:52Z,クレジットカード,increment-run-003,workshop-participant,donation_events_003.csv,2026-09-01T00:03:20Z
EVT-FRS-000410,6000410,2008920,072109,3000876,30000,2026-08-22T00:31:02Z,クレジットカード,increment-run-003,workshop-participant,donation_events_003.csv,2026-09-01T00:03:20Z
EVT-FRS-005956,6005956,2000797,222267,3003337,25000,2026-08-22T00:33:16Z,クレジットカード,increment-run-003,workshop-participant,donation_events_003.csv,2026-09-01T00:03:20Z
EVT-FRS-012967,6012967,2008270,435112,3002199,10000,2026-08-22T00:34:16Z,クレジットカード,increment-run-003,workshop-participant,donation_events_003.csv,2026-09-01T00:03:20Z
EVT-FRS-005615,6005615,2006842,142123,3001886,5000,2026-08-22T00:34:17Z,クレジットカード,increment-run-003,workshop-participant,donation_events_003.csv,2026-09-01T00:03:20Z
EVT-FRS-012907,6012907,2009076,012238,3001524,10000,2026-08-22T00:36:15Z,クレジットカード,increment-run-003,workshop-participant,donation_events_003.csv,2026-09-01T00:03:20Z
EVT-FRS-009710,6009710,2000614,122343,3001630,10000,2026-08-22T00:41:17Z,クレジットカード,increment-run-003,workshop-participant,donation_events_003.csv,2026-09-01T00:03:20Z
EVT-FRS-006994,6006994,2008743,092088,3001463,12000,2026-08-22T00:42:38Z,クレジットカード,increment-run-003,workshop-participant,donation_events_003.csv,2026-09-01T00:03:20Z
EVT-FRS-014642,6014642,2005197,232041,3001014,12000,2026-08-22T00:48:40Z,銀行振込,increment-run-003,workshop-participant,donation_events_003.csv,2026-09-01T00:03:20Z
EVT-FRS-010488,6010488,2010961,012190,3002126,10000,2026-08-22T00:48:43Z,クレジットカード,increment-run-003,workshop-participant,donation_events_003.csv,2026-09-01T00:03:20Z
EVT-FRS-010590,6010590,2008390,422096,3000859,5000,2026-08-22T00:56:06Z,銀行振込,increment-run-003,workshop-participant,donation_events_003.csv,2026-09-01T00:03:20Z
EVT-FRS-013288,6013288,2004577,422142,3000008,10000,2026-08-22T00:59:24Z,クレジットカード,increment-run-003,workshop-participant,donation_events_003.csv,2026-09-01T00:03:20Z
EVT-FRS-013411,6013411,2010456,192066,3005884,10000,2026-08-22T01:00:33Z,銀行振込,increment-run-003,workshop-participant,donation_events_003.csv,2026-09-01T00:03:20Z
EVT-FRS-002954,6002954,2005922,112101,3000470,10000,2026-08-22T01:01:37Z,クレジットカード,increment-run-003,workshop-participant,donation_events_003.csv,2026-09-01T00:03:20Z
EVT-FRS-008897,6008897,2011008,012190,3003992,8000,2026-08-22T01:03:29Z,電子決済,increment-run-003,workshop-participant,donation_events_003.csv,2026-09-01T00:03:20Z
EVT-FRS-010966,6010966,2000571,432032,3005336,12000,2026-08-22T01:04:05Z,クレジットカード,increment-run-003,workshop-participant,donation_events_003.csv,2026-09-01T00:03:20Z
EVT-FRS-003721,6003721,2006042,093017,3001935,8000,2026-08-22T01:10:43Z,クレジットカード,increment-run-003,workshop-participant,donation_events_003.csv,2026-09-01T00:03:20Z
EVT-FRS-000942,6000942,2000734,082155,3003614,150000,2026-08-22T01:12:45Z,コンビニ決済,increment-run-003,workshop-participant,donation_events_003.csv,2026-09-01T00:03:20Z
EVT-FRS-014428,6014428,2007037,122351,3002051,5000,2026-08-22T01:17:57Z,電子決済,increment-run-003,workshop-participant,donation_events_003.csv,2026-09-01T00:03:20Z
EVT-FRS-001146,6001146,2004684,412058,3000135,10000,2026-08-22T01:18:32Z,クレジットカード,increment-run-003,workshop-participant,donation_events_003.csv,2026-09-01T00:03:20Z
EVT-FRS-005049,6005049,2006563,016322,3004875,10000,2026-08-22T01:19:40Z,クレジットカード,increment-run-003,workshop-participant,donation_events_003.csv,2026-09-01T00:03:20Z
EVT-FRS-008371,6008371,2007522,473481,3004815,10000,2026-08-22T01:22:26Z,コンビニ決済,increment-run-003,workshop-participant,donation_events_003.csv,2026-09-01T00:03:20Z
EVT-FRS-011375,6011375,2001970,122076,3001613,10000,2026-08-22T01:23:00Z,クレジットカード,increment-run-003,workshop-participant,donation_events_003.csv,2026-09-01T00:03:20Z
EVT-FRS-005571,6005571,2005370,433675,3004878,10000,2026-08-22T01:23:25Z,クレジットカード,increment-run-003,workshop-participant,donation_events_003.csv,2026-09-01T00:03:20Z
EVT-FRS-008747,6008747,2004211,432121,3004737,12000,2026-08-22T01:25:25Z,電子決済,increment-run-003,workshop-participant,donation_events_003.csv,2026-09-01T00:03:20Z
EVT-FRS-006261,6006261,2004419,016322,3003050,15000,2026-08-22T01:26:28Z,クレジットカード,increment-run-003,workshop-participant,donation_events_003.csv,2026-09-01T00:03:20Z
EVT-FRS-000074,6000074,2005377,462101,3004911,10000,2026-08-22T01:33:03Z,電子決済,increment-run-003,workshop-participant,donation_events_003.csv,2026-09-01T00:03:20Z
EVT-FRS-001923,6001923,2007817,082023,3004081,25000,2026-08-22T01:33:04Z,電子決済,increment-run-003,workshop-participant,donation_events_003.csv,2026-09-01T00:03:20Z
EVT-FRS-007515,6007515,2001258,012165,3001377,15000,2026-08-22T01:37:29Z,電子決済,increment-run-003,workshop-participant,donation_events_003.csv,2026-09-01T00:03:20Z
EVT-FRS-006405,6006405,2003467,082228,3002635,10000,2026-08-22T01:39:14Z,銀行振込,increment-run-003,workshop-participant,donation_events_003.csv,2026-09-01T00:03:20Z
EVT-FRS-011868,6011868,2006364,332101,3005363,20000,2026-08-22T01:42:43Z,コンビニ決済,increment-run-003,workshop-participant,donation_events_003.csv,2026-09-01T00:03:20Z
EVT-FRS-000375,6000375,2000796,312011,3001241,5000,2026-08-22T01:46:16Z,電子決済,increment-run-003,workshop-participant,donation_events_003.csv,2026-09-01T00:03:20Z
EVT-FRS-005898,6005898,2000771,132195,3001368,30000,2026-08-22T01:51:34Z,クレジットカード,increment-run-003,workshop-participant,donation_events_003.csv,2026-09-01T00:03:20Z
EVT-FRS-000908,6000908,2003853,022021,3002765,15000,2026-08-22T01:57:59Z,クレジットカード,increment-run-003,workshop-participant,donation_events_003.csv,2026-09-01T00:03:20Z
EVT-FRS-010717,6010717,2000237,112291,3003493,12000,2026-08-22T02:10:11Z,クレジットカード,increment-run-003,workshop-participant,donation_events_003.csv,2026-09-01T00:03:20Z
EVT-FRS-010139,6010139,2001157,454311,3004270,20000,2026-08-22T02:11:17Z,銀行振込,increment-run-003,workshop-participant,donation_events_003.csv,2026-09-01T00:03:20Z
EVT-FRS-002768,6002768,2001139,112194,3000147,5000,2026-08-22T02:12:04Z,電子決済,increment-run-003,workshop-participant,donation_events_003.csv,2026-09-01T00:03:20Z
EVT-FRS-004894,6004894,2009395,122254,3002882,10000,2026-08-22T02:12:09Z,クレジットカード,increment-run-003,workshop-participant,donation_events_003.csv,2026-09-01T00:03:20Z
EVT-FRS-000263,6000263,2003054,302091,3000239,25000,2026-08-22T02:12:37Z,電子決済,increment-run-003,workshop-participant,donation_events_003.csv,2026-09-01T00:03:20Z
EVT-FRS-000021,6000021,2002146,121002,3002290,15000,2026-08-22T02:15:00Z,電子決済,increment-run-003,workshop-participant,donation_events_003.csv,2026-09-01T00:03:20Z
EVT-FRS-009013,6009013,2001682,142166,3005251,10000,2026-08-22T02:15:04Z,クレジットカード,increment-run-003,workshop-participant,donation_events_003.csv,2026-09-01T00:03:20Z
EVT-FRS-011292,6011292,2006253,382027,3001378,12000,2026-08-22T02:17:01Z,クレジットカード,increment-run-003,workshop-participant,donation_events_003.csv,2026-09-01T00:03:20Z
EVT-FRS-010972,6010972,2009025,022063,3004120,5000,2026-08-22T02:17:30Z,クレジットカード,increment-run-003,workshop-participant,donation_events_003.csv,2026-09-01T00:03:20Z
EVT-FRS-011968,6011968,2006736,232190,3001466,10000,2026-08-22T02:19:56Z,クレジットカード,increment-run-003,workshop-participant,donation_events_003.csv,2026-09-01T00:03:20Z
EVT-FRS-008275,6008275,2007055,392103,3005439,10000,2026-08-22T02:25:26Z,クレジットカード,increment-run-003,workshop-participant,donation_events_003.csv,2026-09-01T00:03:20Z
EVT-FRS-003635,6003635,2008540,122041,3002247,10000,2026-08-22T02:32:24Z,クレジットカード,increment-run-003,workshop-participant,donation_events_003.csv,2026-09-01T00:03:20Z
EVT-FRS-002382,6002382,2001589,473618,3001810,20000,2026-08-22T02:33:14Z,銀行振込,increment-run-003,workshop-participant,donation_events_003.csv,2026-09-01T00:03:20Z
EVT-FRS-004759,6004759,2003252,272132,3000119,8000,2026-08-22T02:37:00Z,クレジットカード,increment-run-003,workshop-participant,donation_events_003.csv,2026-09-01T00:03:20Z
EVT-FRS-011910,6011910,2003864,022063,3004685,10000,2026-08-22T02:37:09Z,クレジットカード,increment-run-003,workshop-participant,donation_events_003.csv,2026-09-01T00:03:20Z
EVT-FRS-001656,6001656,2000573,182044,3005421,15000,2026-08-22T02:37:47Z,コンビニ決済,increment-run-003,workshop-participant,donation_events_003.csv,2026-09-01T00:03:20Z
EVT-FRS-004944,6004944,2001558,172065,3003006,5000,2026-08-22T02:39:27Z,銀行振込,increment-run-003,workshop-participant,donation_events_003.csv,2026-09-01T00:03:20Z
EVT-FRS-007697,6007697,2001694,464520,3000154,25000,2026-08-22T02:39:41Z,銀行振込,increment-run-003,workshop-participant,donation_events_003.csv,2026-09-01T00:03:20Z
EVT-FRS-002544,6002544,2005778,122327,3004697,20000,2026-08-22T02:47:25Z,銀行振込,increment-run-003,workshop-participant,donation_events_003.csv,2026-09-01T00:03:20Z
EVT-FRS-010430,6010430,2006427,112402,3004784,12000,2026-08-22T02:48:54Z,クレジットカード,increment-run-003,workshop-participant,donation_events_003.csv,2026-09-01T00:03:20Z
EVT-FRS-005417,6005417,2011396,082295,3003183,25000,2026-08-22T02:49:33Z,クレジットカード,increment-run-003,workshop-participant,donation_events_003.csv,2026-09-01T00:03:20Z
EVT-FRS-012181,6012181,2001769,132110,3003838,10000,2026-08-22T02:50:09Z,クレジットカード,increment-run-003,workshop-participant,donation_events_003.csv,2026-09-01T00:03:20Z
EVT-FRS-006400,6006400,2011256,162027,3005341,50000,2026-08-22T02:52:17Z,クレジットカード,increment-run-003,workshop-participant,donation_events_003.csv,2026-09-01T00:03:20Z
EVT-FRS-005452,6005452,2001187,262081,3000086,10000,2026-08-22T03:09:46Z,クレジットカード,increment-run-003,workshop-participant,donation_events_003.csv,2026-09-01T00:03:20Z
EVT-FRS-008186,6008186,2000137,111007,3002923,5000,2026-08-22T03:21:14Z,クレジットカード,increment-run-003,workshop-participant,donation_events_003.csv,2026-09-01T00:03:20Z
EVT-FRS-009532,6009532,2000604,112020,3003271,10000,2026-08-22T03:22:52Z,クレジットカード,increment-run-003,workshop-participant,donation_events_003.csv,2026-09-01T00:03:20Z
EVT-FRS-010285,6010285,2005616,292109,3002974,8000,2026-08-22T03:24:21Z,クレジットカード,increment-run-003,workshop-participant,donation_events_003.csv,2026-09-01T00:03:20Z
EVT-FRS-005007,6005007,2011548,372064,3002152,20000,2026-08-22T03:32:18Z,電子決済,increment-run-003,workshop-participant,donation_events_003.csv,2026-09-01T00:03:20Z
EVT-FRS-001306,6001306,2004853,124249,3005175,10000,2026-08-22T03:32:20Z,電子決済,increment-run-003,workshop-participant,donation_events_003.csv,2026-09-01T00:03:20Z
EVT-FRS-002081,6002081,2001105,131181,3005392,50000,2026-08-22T03:38:00Z,クレジットカード,increment-run-003,workshop-participant,donation_events_003.csv,2026-09-01T00:03:20Z
EVT-FRS-002459,6002459,2010756,362085,3002800,10000,2026-08-22T03:39:56Z,銀行振込,increment-run-003,workshop-participant,donation_events_003.csv,2026-09-01T00:03:20Z
EVT-FRS-000874,6000874,2009050,122157,3002561,10000,2026-08-22T03:42:27Z,クレジットカード,increment-run-003,workshop-participant,donation_events_003.csv,2026-09-01T00:03:20Z
EVT-FRS-013439,6013439,2005687,072125,3001141,30000,2026-08-22T03:45:28Z,クレジットカード,increment-run-003,workshop-participant,donation_events_003.csv,2026-09-01T00:03:20Z
EVT-FRS-010360,6010360,2006214,252018,3004932,12000,2026-08-22T03:48:20Z,クレジットカード,increment-run-003,workshop-participant,donation_events_003.csv,2026-09-01T00:03:20Z
EVT-FRS-002501,6002501,2010770,112089,3004833,10000,2026-08-22T03:53:40Z,クレジットカード,increment-run-003,workshop-participant,donation_events_003.csv,2026-09-01T00:03:20Z
EVT-FRS-001579,6001579,2003071,104213,3000160,5000,2026-08-22T03:59:29Z,クレジットカード,increment-run-003,workshop-participant,donation_events_003.csv,2026-09-01T00:03:20Z
EVT-FRS-012217,6012217,2007342,142051,3001926,20000,2026-08-22T04:00:03Z,クレジットカード,increment-run-003,workshop-participant,donation_events_003.csv,2026-09-01T00:03:20Z
EVT-FRS-008175,6008175,2003418,112216,3003056,10000,2026-08-22T04:03:40Z,コンビニ決済,increment-run-003,workshop-participant,donation_events_003.csv,2026-09-01T00:03:20Z
EVT-FRS-007886,6007886,2002238,272132,3000548,5000,2026-08-22T04:04:43Z,コンビニ決済,increment-run-003,workshop-participant,donation_events_003.csv,2026-09-01T00:03:20Z
EVT-FRS-009129,6009129,2005441,092011,3005713,10000,2026-08-22T04:07:42Z,クレジットカード,increment-run-003,workshop-participant,donation_events_003.csv,2026-09-01T00:03:20Z
EVT-FRS-010075,6010075,2010425,052141,3001670,15000,2026-08-22T04:15:32Z,電子決済,increment-run-003,workshop-participant,donation_events_003.csv,2026-09-01T00:03:20Z
EVT-FRS-002474,6002474,2011562,142051,3002755,12000,2026-08-22T04:19:34Z,電子決済,increment-run-003,workshop-participant,donation_events_003.csv,2026-09-01T00:03:20Z
EVT-FRS-004321,6004321,2005666,453412,3000561,25000,2026-08-22T04:25:00Z,クレジットカード,increment-run-003,workshop-participant,donation_events_003.csv,2026-09-01T00:03:20Z
EVT-FRS-007913,6007913,2004403,062014,3000114,30000,2026-08-22T04:27:28Z,クレジットカード,increment-run-003,workshop-participant,donation_events_003.csv,2026-09-01T00:03:20Z
EVT-FRS-010733,6010733,2002171,242110,3002302,15000,2026-08-22T04:27:29Z,クレジットカード,increment-run-003,workshop-participant,donation_events_003.csv,2026-09-01T00:03:20Z
EVT-FRS-010329,6010329,2000821,082279,3003619,15000,2026-08-22T04:29:57Z,クレジットカード,increment-run-003,workshop-participant,donation_events_003.csv,2026-09-01T00:03:20Z
EVT-FRS-011564,6011564,2011476,014257,3001097,8000,2026-08-22T04:34:04Z,クレジットカード,increment-run-003,workshop-participant,donation_events_003.csv,2026-09-01T00:03:20Z
EVT-FRS-007203,6007203,2006945,442135,3001850,8000,2026-08-22T04:41:41Z,クレジットカード,increment-run-003,workshop-participant,donation_events_003.csv,2026-09-01T00:03:20Z
EVT-FRS-011674,6011674,2007842,362077,3000950,20000,2026-08-22T04:43:25Z,クレジットカード,increment-run-003,workshop-participant,donation_events_003.csv,2026-09-01T00:03:20Z
EVT-FRS-007256,6007256,2000009,072079,3005665,12000,2026-08-22T04:45:47Z,クレジットカード,increment-run-003,workshop-participant,donation_events_003.csv,2026-09-01T00:03:20Z
EVT-FRS-006590,6006590,2006592,122122,3001464,15000,2026-08-22T04:46:21Z,コンビニ決済,increment-run-003,workshop-participant,donation_events_003.csv,2026-09-01T00:03:20Z
EVT-FRS-000929,6000929,2009775,132225,3001252,10000,2026-08-22T04:49:19Z,クレジットカード,increment-run-003,workshop-participant,donation_events_003.csv,2026-09-01T00:03:20Z
EVT-FRS-003130,6003130,2011609,282014,3003704,10000,2026-08-22T04:51:28Z,クレジットカード,increment-run-003,workshop-participant,donation_events_003.csv,2026-09-01T00:03:20Z
EVT-FRS-001310,6001310,2010939,364037,3002183,10000,2026-08-22T05:00:10Z,銀行振込,increment-run-003,workshop-participant,donation_events_003.csv,2026-09-01T00:03:20Z
EVT-FRS-013315,6013315,2003468,341002,3004993,50000,2026-08-22T05:02:25Z,銀行振込,increment-run-003,workshop-participant,donation_events_003.csv,2026-09-01T00:03:20Z
EVT-FRS-012192,6012192,2006287,142077,3004067,12000,2026-08-22T05:03:24Z,銀行振込,increment-run-003,workshop-participant,donation_events_003.csv,2026-09-01T00:03:20Z
EVT-FRS-005826,6005826,2002427,232157,3005500,25000,2026-08-22T05:10:57Z,電子決済,increment-run-003,workshop-participant,donation_events_003.csv,2026-09-01T00:03:20Z
EVT-FRS-005367,6005367,2005782,012254,3001277,25000,2026-08-22T05:16:42Z,銀行振込,increment-run-003,workshop-participant,donation_events_003.csv,2026-09-01T00:03:20Z
EVT-FRS-002423,6002423,2002517,261009,3000931,20000,2026-08-22T05:17:36Z,クレジットカード,increment-run-003,workshop-participant,donation_events_003.csv,2026-09-01T00:03:20Z
EVT-FRS-005686,6005686,2006812,074225,3002542,40000,2026-08-22T05:18:06Z,銀行振込,increment-run-003,workshop-participant,donation_events_003.csv,2026-09-01T00:03:20Z
EVT-FRS-001717,6001717,2004329,062031,3005702,30000,2026-08-22T05:18:24Z,クレジットカード,increment-run-003,workshop-participant,donation_events_003.csv,2026-09-01T00:03:20Z
EVT-FRS-005668,6005668,2001974,452025,3005848,20000,2026-08-22T05:28:00Z,クレジットカード,increment-run-003,workshop-participant,donation_events_003.csv,2026-09-01T00:03:20Z
EVT-FRS-011552,6011552,2002804,392065,3000662,5000,2026-08-22T05:35:32Z,クレジットカード,increment-run-003,workshop-participant,donation_events_003.csv,2026-09-01T00:03:20Z
EVT-FRS-009573,6009573,2000431,152129,3001189,10000,2026-08-22T05:43:58Z,電子決済,increment-run-003,workshop-participant,donation_events_003.csv,2026-09-01T00:03:20Z
EVT-FRS-001036,6001036,2011321,383864,3001334,10000,2026-08-22T05:48:10Z,銀行振込,increment-run-003,workshop-participant,donation_events_003.csv,2026-09-01T00:03:20Z
EVT-FRS-005384,6005384,2009599,222054,3000341,10000,2026-08-22T05:48:44Z,クレジットカード,increment-run-003,workshop-participant,donation_events_003.csv,2026-09-01T00:03:20Z
EVT-FRS-003831,6003831,2008414,213616,3001950,25000,2026-08-22T05:50:32Z,クレジットカード,increment-run-003,workshop-participant,donation_events_003.csv,2026-09-01T00:03:20Z
EVT-FRS-010532,6010532,2009785,362018,3001819,10000,2026-08-22T05:51:00Z,クレジットカード,increment-run-003,workshop-participant,donation_events_003.csv,2026-09-01T00:03:20Z
EVT-FRS-008233,6008233,2001440,282278,3004467,12000,2026-08-22T05:51:59Z,クレジットカード,increment-run-003,workshop-participant,donation_events_003.csv,2026-09-01T00:03:20Z
EVT-FRS-010062,6010062,2007993,462101,3002426,10000,2026-08-22T05:52:34Z,クレジットカード,increment-run-003,workshop-participant,donation_events_003.csv,2026-09-01T00:03:20Z
EVT-FRS-008190,6008190,2001075,033014,3000493,40000,2026-08-22T05:52:59Z,クレジットカード,increment-run-003,workshop-participant,donation_events_003.csv,2026-09-01T00:03:20Z
EVT-FRS-011199,6011199,2003462,232068,3000513,5000,2026-08-22T05:56:12Z,クレジットカード,increment-run-003,workshop-participant,donation_events_003.csv,2026-09-01T00:03:20Z
EVT-FRS-014640,6014640,2006930,092169,3002943,10000,2026-08-22T05:57:25Z,クレジットカード,increment-run-003,workshop-participant,donation_events_003.csv,2026-09-01T00:03:20Z
EVT-FRS-012801,6012801,2003811,182044,3005421,5000,2026-08-22T06:02:42Z,コンビニ決済,increment-run-003,workshop-participant,donation_events_003.csv,2026-09-01T00:03:20Z
EVT-FRS-004453,6004453,2005153,132144,3001273,30000,2026-08-22T06:02:44Z,電子決済,increment-run-003,workshop-participant,donation_events_003.csv,2026-09-01T00:03:20Z
EVT-FRS-000726,6000726,2003740,382043,3005763,10000,2026-08-22T06:04:22Z,クレジットカード,increment-run-003,workshop-participant,donation_events_003.csv,2026-09-01T00:03:20Z
EVT-FRS-010054,6010054,2001080,465330,3003336,8000,2026-08-22T06:09:04Z,クレジットカード,increment-run-003,workshop-participant,donation_events_003.csv,2026-09-01T00:03:20Z
EVT-FRS-005763,6005763,2011408,272264,3004594,10000,2026-08-22T06:10:40Z,クレジットカード,increment-run-003,workshop-participant,donation_events_003.csv,2026-09-01T00:03:20Z
EVT-FRS-002653,6002653,2003101,132233,3004413,20000,2026-08-22T06:12:47Z,電子決済,increment-run-003,workshop-participant,donation_events_003.csv,2026-09-01T00:03:20Z
EVT-FRS-009666,6009666,2006517,442020,3002517,20000,2026-08-22T06:20:30Z,クレジットカード,increment-run-003,workshop-participant,donation_events_003.csv,2026-09-01T00:03:20Z
EVT-FRS-006402,6006402,2002157,352110,3003256,20000,2026-08-22T06:25:53Z,クレジットカード,increment-run-003,workshop-participant,donation_events_003.csv,2026-09-01T00:03:20Z
EVT-FRS-011660,6011660,2006370,462012,3003020,20000,2026-08-22T06:34:04Z,クレジットカード,increment-run-003,workshop-participant,donation_events_003.csv,2026-09-01T00:03:20Z
EVT-FRS-013325,6013325,2010274,082082,3002088,40000,2026-08-22T06:39:07Z,クレジットカード,increment-run-003,workshop-participant,donation_events_003.csv,2026-09-01T00:03:20Z
EVT-FRS-007450,6007450,2010255,372072,3002684,10000,2026-08-22T06:49:47Z,クレジットカード,increment-run-003,workshop-participant,donation_events_003.csv,2026-09-01T00:03:20Z
EVT-FRS-013132,6013132,2000555,042099,3003534,10000,2026-08-22T06:53:09Z,クレジットカード,increment-run-003,workshop-participant,donation_events_003.csv,2026-09-01T00:03:20Z
EVT-FRS-014730,6014730,2007937,242128,3005700,10000,2026-08-22T06:57:07Z,クレジットカード,increment-run-003,workshop-participant,donation_events_003.csv,2026-09-01T00:03:20Z
EVT-FRS-003498,6003498,2007592,192066,3005778,5000,2026-08-22T06:57:42Z,電子決済,increment-run-003,workshop-participant,donation_events_003.csv,2026-09-01T00:03:20Z
EVT-FRS-001820,6001820,2008068,152188,3003418,20000,2026-08-22T07:14:08Z,銀行振込,increment-run-003,workshop-participant,donation_events_003.csv,2026-09-01T00:03:20Z
EVT-FRS-004475,6004475,2004506,233617,3001191,15000,2026-08-22T07:18:32Z,クレジットカード,increment-run-003,workshop-participant,donation_events_003.csv,2026-09-01T00:03:20Z
EVT-FRS-014593,6014593,2003456,282049,3005940,20000,2026-08-22T07:21:25Z,クレジットカード,increment-run-003,workshop-participant,donation_events_003.csv,2026-09-01T00:03:20Z
EVT-FRS-003197,6003197,2004359,072044,3001956,10000,2026-08-22T07:24:10Z,銀行振込,increment-run-003,workshop-participant,donation_events_003.csv,2026-09-01T00:03:20Z
EVT-FRS-014332,6014332,2004696,282171,3001417,5000,2026-08-22T07:25:26Z,クレジットカード,increment-run-003,workshop-participant,donation_events_003.csv,2026-09-01T00:03:20Z
EVT-FRS-005030,6005030,2007958,042030,3005933,15000,2026-08-22T07:26:13Z,銀行振込,increment-run-003,workshop-participant,donation_events_003.csv,2026-09-01T00:03:20Z
EVT-FRS-005982,6005982,2002364,382060,3005110,10000,2026-08-22T07:26:35Z,電子決済,increment-run-003,workshop-participant,donation_events_003.csv,2026-09-01T00:03:20Z
EVT-FRS-005022,6005022,2000597,232190,3001466,20000,2026-08-22T07:29:28Z,クレジットカード,increment-run-003,workshop-participant,donation_events_003.csv,2026-09-01T00:03:20Z
EVT-FRS-002620,6002620,2010920,342025,3002260,12000,2026-08-22T07:29:48Z,電子決済,increment-run-003,workshop-participant,donation_events_003.csv,2026-09-01T00:03:20Z
EVT-FRS-011959,6011959,2003995,092037,3001998,30000,2026-08-22T07:34:10Z,銀行振込,increment-run-003,workshop-participant,donation_events_003.csv,2026-09-01T00:03:20Z
EVT-FRS-013013,6013013,2004930,012033,3001206,15000,2026-08-22T07:38:00Z,クレジットカード,increment-run-003,workshop-participant,donation_events_003.csv,2026-09-01T00:03:20Z
EVT-FRS-010866,6010866,2007580,243035,3005406,20000,2026-08-22T07:39:04Z,クレジットカード,increment-run-003,workshop-participant,donation_events_003.csv,2026-09-01T00:03:20Z
EVT-FRS-004772,6004772,2008478,462225,3000096,10000,2026-08-22T07:40:35Z,電子決済,increment-run-003,workshop-participant,donation_events_003.csv,2026-09-01T00:03:20Z
EVT-FRS-011686,6011686,2001271,392120,3000172,10000,2026-08-22T07:41:23Z,電子決済,increment-run-003,workshop-participant,donation_events_003.csv,2026-09-01T00:03:20Z
EVT-FRS-008514,6008514,2000146,232262,3004166,10000,2026-08-22T07:42:03Z,クレジットカード,increment-run-003,workshop-participant,donation_events_003.csv,2026-09-01T00:03:20Z
EVT-FRS-007873,6007873,2007781,112101,3001644,5000,2026-08-22T07:42:43Z,コンビニ決済,increment-run-003,workshop-participant,donation_events_003.csv,2026-09-01T00:03:20Z
EVT-FRS-014898,6014898,2007710,151009,3005770,10000,2026-08-22T07:44:21Z,クレジットカード,increment-run-003,workshop-participant,donation_events_003.csv,2026-09-01T00:03:20Z
EVT-FRS-004408,6004408,2000540,442038,3000443,30000,2026-08-22T07:45:38Z,電子決済,increment-run-003,workshop-participant,donation_events_003.csv,2026-09-01T00:03:20Z
EVT-FRS-012122,6012122,2011195,131083,3001597,10000,2026-08-22T07:47:04Z,クレジットカード,increment-run-003,workshop-participant,donation_events_003.csv,2026-09-01T00:03:20Z
EVT-FRS-000158,6000158,2008066,132128,3005919,5000,2026-08-22T07:51:09Z,クレジットカード,increment-run-003,workshop-participant,donation_events_003.csv,2026-09-01T00:03:20Z
EVT-FRS-012722,6012722,2008734,442135,3000064,10000,2026-08-22T07:51:50Z,電子決済,increment-run-003,workshop-participant,donation_events_003.csv,2026-09-01T00:03:20Z
EVT-FRS-013687,6013687,2006679,221007,3004284,10000,2026-08-22T08:01:06Z,クレジットカード,increment-run-003,workshop-participant,donation_events_003.csv,2026-09-01T00:03:20Z
EVT-FRS-005218,6005218,2010807,292109,3001118,20000,2026-08-22T08:04:32Z,電子決済,increment-run-003,workshop-participant,donation_events_003.csv,2026-09-01T00:03:20Z
EVT-FRS-012445,6012445,2002714,131181,3004211,10000,2026-08-22T08:04:47Z,クレジットカード,increment-run-003,workshop-participant,donation_events_003.csv,2026-09-01T00:03:20Z
EVT-FRS-005849,6005849,2000376,092011,3005845,10000,2026-08-22T08:06:43Z,銀行振込,increment-run-003,workshop-participant,donation_events_003.csv,2026-09-01T00:03:20Z
EVT-FRS-012160,6012160,2002170,232327,3004991,10000,2026-08-22T08:18:07Z,コンビニ決済,increment-run-003,workshop-participant,donation_events_003.csv,2026-09-01T00:03:20Z
EVT-FRS-009696,6009696,2003117,422142,3005051,20000,2026-08-22T08:23:41Z,コンビニ決済,increment-run-003,workshop-participant,donation_events_003.csv,2026-09-01T00:03:20Z
EVT-FRS-007982,6007982,2000799,192112,3003615,5000,2026-08-22T08:28:41Z,クレジットカード,increment-run-003,workshop-participant,donation_events_003.csv,2026-09-01T00:03:20Z
EVT-FRS-005252,6005252,2004361,141500,3000464,30000,2026-08-22T08:28:42Z,電子決済,increment-run-003,workshop-participant,donation_events_003.csv,2026-09-01T00:03:20Z
EVT-FRS-010322,6010322,2000822,262013,3003531,30000,2026-08-22T08:29:20Z,クレジットカード,increment-run-003,workshop-participant,donation_events_003.csv,2026-09-01T00:03:20Z
EVT-FRS-004517,6004517,2010518,372064,3002152,5000,2026-08-22T08:35:37Z,クレジットカード,increment-run-003,workshop-participant,donation_events_003.csv,2026-09-01T00:03:20Z
EVT-FRS-007940,6007940,2003901,472093,3003692,10000,2026-08-22T08:39:45Z,クレジットカード,increment-run-003,workshop-participant,donation_events_003.csv,2026-09-01T00:03:20Z
EVT-FRS-007274,6007274,2000068,392031,3003153,30000,2026-08-22T08:43:28Z,クレジットカード,increment-run-003,workshop-participant,donation_events_003.csv,2026-09-01T00:03:20Z
EVT-FRS-000238,6000238,2010477,323438,3001754,5000,2026-08-22T08:45:53Z,電子決済,increment-run-003,workshop-participant,donation_events_003.csv,2026-09-01T00:03:20Z
EVT-FRS-010013,6010013,2001524,392090,3004520,10000,2026-08-22T08:47:12Z,クレジットカード,increment-run-003,workshop-participant,donation_events_003.csv,2026-09-01T00:03:20Z
EVT-FRS-001528,6001528,2008102,232211,3003977,20000,2026-08-22T08:47:18Z,電子決済,increment-run-003,workshop-participant,donation_events_003.csv,2026-09-01T00:03:20Z
EVT-FRS-003494,6003494,2006010,314030,3000471,12000,2026-08-22T08:50:05Z,電子決済,increment-run-003,workshop-participant,donation_events_003.csv,2026-09-01T00:03:20Z
EVT-FRS-000400,6000400,2002964,132187,3005133,12000,2026-08-22T08:51:27Z,クレジットカード,increment-run-003,workshop-participant,donation_events_003.csv,2026-09-01T00:03:20Z
EVT-FRS-010165,6010165,2004796,462101,3000971,10000,2026-08-22T08:59:20Z,電子決済,increment-run-003,workshop-participant,donation_events_003.csv,2026-09-01T00:03:20Z
EVT-FRS-000957,6000957,2007403,402117,3002733,10000,2026-08-22T09:06:40Z,電子決済,increment-run-003,workshop-participant,donation_events_003.csv,2026-09-01T00:03:20Z
EVT-FRS-004901,6004901,2009768,015598,3005183,8000,2026-08-22T09:08:34Z,クレジットカード,increment-run-003,workshop-participant,donation_events_003.csv,2026-09-01T00:03:20Z
EVT-FRS-000428,6000428,2009545,232360,3003033,15000,2026-08-22T09:09:26Z,クレジットカード,increment-run-003,workshop-participant,donation_events_003.csv,2026-09-01T00:03:20Z
EVT-FRS-004065,6004065,2006895,352161,3002640,25000,2026-08-22T09:13:56Z,クレジットカード,increment-run-003,workshop-participant,donation_events_003.csv,2026-09-01T00:03:20Z
EVT-FRS-009906,6009906,2005587,202118,3002622,10000,2026-08-22T09:15:25Z,コンビニ決済,increment-run-003,workshop-participant,donation_events_003.csv,2026-09-01T00:03:20Z
EVT-FRS-011123,6011123,2011249,212164,3002831,30000,2026-08-22T09:17:40Z,クレジットカード,increment-run-003,workshop-participant,donation_events_003.csv,2026-09-01T00:03:20Z
EVT-FRS-012616,6012616,2002915,142077,3000143,8000,2026-08-22T09:20:16Z,電子決済,increment-run-003,workshop-participant,donation_events_003.csv,2026-09-01T00:03:20Z
EVT-FRS-007876,6007876,2008723,222194,3005835,20000,2026-08-22T09:21:56Z,クレジットカード,increment-run-003,workshop-participant,donation_events_003.csv,2026-09-01T00:03:20Z
EVT-FRS-010082,6010082,2007321,092088,3003448,5000,2026-08-22T09:27:40Z,電子決済,increment-run-003,workshop-participant,donation_events_003.csv,2026-09-01T00:03:20Z
EVT-FRS-014879,6014879,2001966,072117,3002605,30000,2026-08-22T09:28:33Z,クレジットカード,increment-run-003,workshop-participant,donation_events_003.csv,2026-09-01T00:03:20Z
EVT-FRS-011798,6011798,2003543,102091,3000688,15000,2026-08-22T09:29:25Z,クレジットカード,increment-run-003,workshop-participant,donation_events_003.csv,2026-09-01T00:03:20Z
EVT-FRS-011093,6011093,2000416,202177,3005680,12000,2026-08-22T09:29:51Z,銀行振込,increment-run-003,workshop-participant,donation_events_003.csv,2026-09-01T00:03:20Z
EVT-FRS-005991,6005991,2001461,012092,3003696,10000,2026-08-22T09:30:08Z,クレジットカード,increment-run-003,workshop-participant,donation_events_003.csv,2026-09-01T00:03:20Z
EVT-FRS-001279,6001279,2005539,352021,3003891,30000,2026-08-22T09:30:35Z,電子決済,increment-run-003,workshop-participant,donation_events_003.csv,2026-09-01T00:03:20Z
EVT-FRS-012282,6012282,2005208,141003,3001676,30000,2026-08-22T09:32:21Z,クレジットカード,increment-run-003,workshop-participant,donation_events_003.csv,2026-09-01T00:03:20Z
EVT-FRS-014485,6014485,2006110,162027,3000597,10000,2026-08-22T09:34:05Z,クレジットカード,increment-run-003,workshop-participant,donation_events_003.csv,2026-09-01T00:03:20Z
EVT-FRS-007432,6007432,2009268,112348,3004568,20000,2026-08-22T09:39:38Z,コンビニ決済,increment-run-003,workshop-participant,donation_events_003.csv,2026-09-01T00:03:20Z
EVT-FRS-009072,6009072,2009927,085642,3000417,10000,2026-08-22T09:40:38Z,クレジットカード,increment-run-003,workshop-participant,donation_events_003.csv,2026-09-01T00:03:20Z
EVT-FRS-014530,6014530,2003747,082309,3000519,20000,2026-08-22T09:41:55Z,クレジットカード,increment-run-003,workshop-participant,donation_events_003.csv,2026-09-01T00:03:20Z
EVT-FRS-004067,6004067,2000146,462195,3005508,8000,2026-08-22T09:43:43Z,クレジットカード,increment-run-003,workshop-participant,donation_events_003.csv,2026-09-01T00:03:20Z
EVT-FRS-009302,6009302,2007556,472140,3003527,20000,2026-08-22T09:48:26Z,クレジットカード,increment-run-003,workshop-participant,donation_events_003.csv,2026-09-01T00:03:20Z
EVT-FRS-001150,6001150,2010948,032026,3001042,10000,2026-08-22T09:49:59Z,クレジットカード,increment-run-003,workshop-participant,donation_events_003.csv,2026-09-01T00:03:20Z
EVT-FRS-003558,6003558,2000460,032131,3005191,10000,2026-08-22T09:51:18Z,クレジットカード,increment-run-003,workshop-participant,donation_events_003.csv,2026-09-01T00:03:20Z
EVT-FRS-008416,6008416,2008062,012190,3004508,15000,2026-08-22T09:51:57Z,クレジットカード,increment-run-003,workshop-participant,donation_events_003.csv,2026-09-01T00:03:20Z
EVT-FRS-002246,6002246,2010258,372013,3004589,10000,2026-08-22T09:53:47Z,銀行振込,increment-run-003,workshop-participant,donation_events_003.csv,2026-09-01T00:03:20Z
EVT-FRS-008211,6008211,2005538,122343,3001630,5000,2026-08-22T09:54:56Z,クレジットカード,increment-run-003,workshop-participant,donation_events_003.csv,2026-09-01T00:03:20Z
EVT-FRS-010999,6010999,2002323,332160,3005310,5000,2026-08-22T09:56:05Z,電子決済,increment-run-003,workshop-participant,donation_events_003.csv,2026-09-01T00:03:20Z
EVT-FRS-006778,6006778,2000035,122297,3001200,10000,2026-08-22T09:56:31Z,クレジットカード,increment-run-003,workshop-participant,donation_events_003.csv,2026-09-01T00:03:20Z
EVT-FRS-014103,6014103,2010746,112232,3003602,25000,2026-08-22T09:57:37Z,クレジットカード,increment-run-003,workshop-participant,donation_events_003.csv,2026-09-01T00:03:20Z
EVT-FRS-003543,6003543,2002070,142123,3005527,8000,2026-08-22T09:59:29Z,電子決済,increment-run-003,workshop-participant,donation_events_003.csv,2026-09-01T00:03:20Z
EVT-FRS-002709,6002709,2011986,122351,3005915,30000,2026-08-22T10:00:23Z,クレジットカード,increment-run-003,workshop-participant,donation_events_003.csv,2026-09-01T00:03:20Z
EVT-FRS-007177,6007177,2001354,232033,3001300,10000,2026-08-22T10:03:09Z,コンビニ決済,increment-run-003,workshop-participant,donation_events_003.csv,2026-09-01T00:03:20Z
EVT-FRS-013317,6013317,2009684,062022,3000677,20000,2026-08-22T10:04:32Z,クレジットカード,increment-run-003,workshop-participant,donation_events_003.csv,2026-09-01T00:03:20Z
EVT-FRS-012189,6012189,2002801,132152,3004309,12000,2026-08-22T10:09:23Z,電子決済,increment-run-003,workshop-participant,donation_events_003.csv,2026-09-01T00:03:20Z
EVT-FRS-012355,6012355,2003568,271403,3005570,25000,2026-08-22T10:16:53Z,クレジットカード,increment-run-003,workshop-participant,donation_events_003.csv,2026-09-01T00:03:20Z
EVT-FRS-007698,6007698,2001882,222208,3004802,20000,2026-08-22T10:18:09Z,クレジットカード,increment-run-003,workshop-participant,donation_events_003.csv,2026-09-01T00:03:20Z
EVT-FRS-013651,6013651,2002595,192074,3005724,40000,2026-08-22T10:19:02Z,電子決済,increment-run-003,workshop-participant,donation_events_003.csv,2026-09-01T00:03:20Z
EVT-FRS-004208,6004208,2011014,362018,3002226,8000,2026-08-22T10:20:58Z,クレジットカード,increment-run-003,workshop-participant,donation_events_003.csv,2026-09-01T00:03:20Z
EVT-FRS-004695,6004695,2004602,294497,3002179,15000,2026-08-22T10:26:46Z,クレジットカード,increment-run-003,workshop-participant,donation_events_003.csv,2026-09-01T00:03:20Z
EVT-FRS-001211,6001211,2009270,232106,3002114,10000,2026-08-22T10:28:45Z,クレジットカード,increment-run-003,workshop-participant,donation_events_003.csv,2026-09-01T00:03:20Z
EVT-FRS-009887,6009887,2004651,212083,3004510,10000,2026-08-22T10:35:26Z,クレジットカード,increment-run-003,workshop-participant,donation_events_003.csv,2026-09-01T00:03:20Z
EVT-FRS-006665,6006665,2007525,132039,3000120,15000,2026-08-22T10:36:46Z,クレジットカード,increment-run-003,workshop-participant,donation_events_003.csv,2026-09-01T00:03:20Z
EVT-FRS-009977,6009977,2009537,132195,3001368,12000,2026-08-22T10:37:00Z,クレジットカード,increment-run-003,workshop-participant,donation_events_003.csv,2026-09-01T00:03:20Z
EVT-FRS-012261,6012261,2010717,432113,3001974,8000,2026-08-22T10:40:16Z,クレジットカード,increment-run-003,workshop-participant,donation_events_003.csv,2026-09-01T00:03:20Z
EVT-FRS-014176,6014176,2009939,242110,3000727,15000,2026-08-22T10:43:51Z,電子決済,increment-run-003,workshop-participant,donation_events_003.csv,2026-09-01T00:03:20Z
EVT-FRS-008815,6008815,2009706,402168,3002325,10000,2026-08-22T10:45:20Z,クレジットカード,increment-run-003,workshop-participant,donation_events_003.csv,2026-09-01T00:03:20Z
EVT-FRS-009611,6009611,2007399,232122,3001324,15000,2026-08-22T10:45:30Z,クレジットカード,increment-run-003,workshop-participant,donation_events_003.csv,2026-09-01T00:03:20Z
EVT-FRS-002256,6002256,2000891,012092,3003636,12000,2026-08-22T10:51:09Z,クレジットカード,increment-run-003,workshop-participant,donation_events_003.csv,2026-09-01T00:03:20Z
EVT-FRS-005800,6005800,2011361,122394,3004866,20000,2026-08-22T11:02:54Z,クレジットカード,increment-run-003,workshop-participant,donation_events_003.csv,2026-09-01T00:03:20Z
EVT-FRS-010458,6010458,2004362,112321,3004709,25000,2026-08-22T11:07:15Z,電子決済,increment-run-003,workshop-participant,donation_events_003.csv,2026-09-01T00:03:20Z
EVT-FRS-005834,6005834,2006007,232190,3003166,20000,2026-08-22T11:09:12Z,コンビニ決済,increment-run-003,workshop-participant,donation_events_003.csv,2026-09-01T00:03:20Z
EVT-FRS-002971,6002971,2000461,015857,3000480,10000,2026-08-22T11:11:31Z,銀行振込,increment-run-003,workshop-participant,donation_events_003.csv,2026-09-01T00:03:20Z
EVT-FRS-009054,6009054,2006811,402214,3004675,25000,2026-08-22T11:12:08Z,電子決済,increment-run-003,workshop-participant,donation_events_003.csv,2026-09-01T00:03:20Z
EVT-FRS-004501,6004501,2004576,362051,3005224,20000,2026-08-22T11:18:31Z,クレジットカード,increment-run-003,workshop-participant,donation_events_003.csv,2026-09-01T00:03:20Z
EVT-FRS-000811,6000811,2005263,322059,3001263,15000,2026-08-22T11:23:44Z,クレジットカード,increment-run-003,workshop-participant,donation_events_003.csv,2026-09-01T00:03:20Z
EVT-FRS-005951,6005951,2003906,012211,3002403,25000,2026-08-22T11:25:49Z,クレジットカード,increment-run-003,workshop-participant,donation_events_003.csv,2026-09-01T00:03:20Z
EVT-FRS-011825,6011825,2002698,392120,3004708,10000,2026-08-22T11:26:17Z,クレジットカード,increment-run-003,workshop-participant,donation_events_003.csv,2026-09-01T00:03:20Z
EVT-FRS-009401,6009401,2005380,262102,3000012,25000,2026-08-22T11:26:30Z,クレジットカード,increment-run-003,workshop-participant,donation_events_003.csv,2026-09-01T00:03:20Z
EVT-FRS-005465,6005465,2011333,402109,3002656,12000,2026-08-22T11:32:54Z,電子決済,increment-run-003,workshop-participant,donation_events_003.csv,2026-09-01T00:03:20Z
EVT-FRS-005481,6005481,2003470,152129,3005388,20000,2026-08-22T11:38:39Z,クレジットカード,increment-run-003,workshop-participant,donation_events_003.csv,2026-09-01T00:03:20Z
EVT-FRS-012083,6012083,2004306,122041,3000583,8000,2026-08-22T11:41:38Z,クレジットカード,increment-run-003,workshop-participant,donation_events_003.csv,2026-09-01T00:03:20Z
EVT-FRS-014083,6014083,2001589,223069,3005340,15000,2026-08-22T11:44:16Z,クレジットカード,increment-run-003,workshop-participant,donation_events_003.csv,2026-09-01T00:03:20Z
EVT-FRS-008456,6008456,2000348,322041,3002549,40000,2026-08-22T11:44:17Z,クレジットカード,increment-run-003,workshop-participant,donation_events_003.csv,2026-09-01T00:03:20Z
EVT-FRS-007369,6007369,2001987,402079,3001987,10000,2026-08-22T11:49:11Z,クレジットカード,increment-run-003,workshop-participant,donation_events_003.csv,2026-09-01T00:03:20Z
EVT-FRS-010245,6010245,2004348,112241,3004001,15000,2026-08-22T11:50:01Z,クレジットカード,increment-run-003,workshop-participant,donation_events_003.csv,2026-09-01T00:03:20Z
EVT-FRS-003337,6003337,2006000,382035,3003763,10000,2026-08-22T11:58:56Z,クレジットカード,increment-run-003,workshop-participant,donation_events_003.csv,2026-09-01T00:03:20Z
EVT-FRS-007629,6007629,2011607,262030,3000189,25000,2026-08-22T12:01:17Z,クレジットカード,increment-run-003,workshop-participant,donation_events_003.csv,2026-09-01T00:03:20Z
EVT-FRS-007042,6007042,2010067,402117,3002118,5000,2026-08-22T12:01:27Z,クレジットカード,increment-run-003,workshop-participant,donation_events_003.csv,2026-09-01T00:03:20Z
EVT-FRS-000954,6000954,2007521,073679,3001971,8000,2026-08-22T12:01:44Z,電子決済,increment-run-003,workshop-participant,donation_events_003.csv,2026-09-01T00:03:20Z
EVT-FRS-003233,6003233,2003384,152111,3003757,40000,2026-08-22T12:07:11Z,クレジットカード,increment-run-003,workshop-participant,donation_events_003.csv,2026-09-01T00:03:20Z
EVT-FRS-007754,6007754,2000127,092169,3002735,20000,2026-08-22T12:11:05Z,クレジットカード,increment-run-003,workshop-participant,donation_events_003.csv,2026-09-01T00:03:20Z
EVT-FRS-009148,6009148,2010836,222151,3005610,30000,2026-08-22T12:11:57Z,クレジットカード,increment-run-003,workshop-participant,donation_events_003.csv,2026-09-01T00:03:20Z
EVT-FRS-001493,6001493,2006150,012181,3002830,12000,2026-08-22T12:15:33Z,クレジットカード,increment-run-003,workshop-participant,donation_events_003.csv,2026-09-01T00:03:20Z
EVT-FRS-010072,6010072,2001567,344621,3004962,15000,2026-08-22T12:17:06Z,クレジットカード,increment-run-003,workshop-participant,donation_events_003.csv,2026-09-01T00:03:20Z
EVT-FRS-011346,6011346,2011790,093424,3005791,20000,2026-08-22T12:17:17Z,クレジットカード,increment-run-003,workshop-participant,donation_events_003.csv,2026-09-01T00:03:20Z
EVT-FRS-010321,6010321,2010912,222127,3004278,50000,2026-08-22T12:24:34Z,クレジットカード,increment-run-003,workshop-participant,donation_events_003.csv,2026-09-01T00:03:20Z
EVT-FRS-008147,6008147,2006829,272248,3005218,15000,2026-08-22T12:28:22Z,電子決済,increment-run-003,workshop-participant,donation_events_003.csv,2026-09-01T00:03:20Z
EVT-FRS-009428,6009428,2010268,452041,3002113,10000,2026-08-22T12:30:14Z,クレジットカード,increment-run-003,workshop-participant,donation_events_003.csv,2026-09-01T00:03:20Z
EVT-FRS-009304,6009304,2006004,312011,3004734,30000,2026-08-22T12:30:58Z,クレジットカード,increment-run-003,workshop-participant,donation_events_003.csv,2026-09-01T00:03:20Z
EVT-FRS-009576,6009576,2010897,394271,3002551,8000,2026-08-22T12:36:59Z,電子決済,increment-run-003,workshop-participant,donation_events_003.csv,2026-09-01T00:03:20Z
EVT-FRS-013429,6013429,2008577,203092,3000768,20000,2026-08-22T12:37:50Z,クレジットカード,increment-run-003,workshop-participant,donation_events_003.csv,2026-09-01T00:03:20Z
EVT-FRS-012667,6012667,2006998,332020,3001632,12000,2026-08-22T12:38:15Z,クレジットカード,increment-run-003,workshop-participant,donation_events_003.csv,2026-09-01T00:03:20Z
EVT-FRS-013015,6013015,2002757,015504,3001131,5000,2026-08-22T12:48:41Z,クレジットカード,increment-run-003,workshop-participant,donation_events_003.csv,2026-09-01T00:03:20Z
EVT-FRS-008271,6008271,2007025,422029,3005311,30000,2026-08-22T12:52:40Z,クレジットカード,increment-run-003,workshop-participant,donation_events_003.csv,2026-09-01T00:03:20Z
EVT-FRS-014340,6014340,2000067,442089,3000807,40000,2026-08-22T12:53:18Z,電子決済,increment-run-003,workshop-participant,donation_events_003.csv,2026-09-01T00:03:20Z
EVT-FRS-003759,6003759,2003574,282171,3004345,15000,2026-08-22T12:53:44Z,クレジットカード,increment-run-003,workshop-participant,donation_events_003.csv,2026-09-01T00:03:20Z
EVT-FRS-002097,6002097,2005313,014320,3003922,10000,2026-08-22T13:02:36Z,電子決済,increment-run-003,workshop-participant,donation_events_003.csv,2026-09-01T00:03:20Z
EVT-FRS-005397,6005397,2005300,282057,3004145,5000,2026-08-22T13:03:08Z,クレジットカード,increment-run-003,workshop-participant,donation_events_003.csv,2026-09-01T00:03:20Z
EVT-FRS-001625,6001625,2003746,272132,3002307,8000,2026-08-22T13:03:13Z,クレジットカード,increment-run-003,workshop-participant,donation_events_003.csv,2026-09-01T00:03:20Z
EVT-FRS-014652,6014652,2001522,122360,3000063,50000,2026-08-22T13:04:30Z,電子決済,increment-run-003,workshop-participant,donation_events_003.csv,2026-09-01T00:03:20Z
EVT-FRS-009354,6009354,2003225,221007,3000819,10000,2026-08-22T13:04:56Z,クレジットカード,increment-run-003,workshop-participant,donation_events_003.csv,2026-09-01T00:03:20Z
EVT-FRS-003709,6003709,2004652,362018,3002226,5000,2026-08-22T13:06:00Z,電子決済,increment-run-003,workshop-participant,donation_events_003.csv,2026-09-01T00:03:20Z
EVT-FRS-001020,6001020,2000841,382019,3000282,10000,2026-08-22T13:06:58Z,クレジットカード,increment-run-003,workshop-participant,donation_events_003.csv,2026-09-01T00:03:20Z
EVT-FRS-002032,6002032,2003350,464686,3002859,15000,2026-08-22T13:08:25Z,クレジットカード,increment-run-003,workshop-participant,donation_events_003.csv,2026-09-01T00:03:20Z
EVT-FRS-000746,6000746,2001074,272132,3003322,5000,2026-08-22T13:13:19Z,クレジットカード,increment-run-003,workshop-participant,donation_events_003.csv,2026-09-01T00:03:20Z
EVT-FRS-009996,6009996,2007259,252042,3004640,25000,2026-08-22T13:14:11Z,クレジットカード,increment-run-003,workshop-participant,donation_events_003.csv,2026-09-01T00:03:20Z
EVT-FRS-011502,6011502,2008168,423084,3005841,30000,2026-08-22T13:14:51Z,クレジットカード,increment-run-003,workshop-participant,donation_events_003.csv,2026-09-01T00:03:20Z
EVT-FRS-003319,6003319,2011816,232220,3002186,15000,2026-08-22T13:16:04Z,クレジットカード,increment-run-003,workshop-participant,donation_events_003.csv,2026-09-01T00:03:20Z
EVT-FRS-014561,6014561,2004956,472077,3004522,12000,2026-08-22T13:21:18Z,クレジットカード,increment-run-003,workshop-participant,donation_events_003.csv,2026-09-01T00:03:20Z
EVT-FRS-013382,6013382,2007427,432105,3003141,15000,2026-08-22T13:21:33Z,クレジットカード,increment-run-003,workshop-participant,donation_events_003.csv,2026-09-01T00:03:20Z
EVT-FRS-012660,6012660,2000035,013315,3000404,10000,2026-08-22T13:23:34Z,銀行振込,increment-run-003,workshop-participant,donation_events_003.csv,2026-09-01T00:03:20Z
EVT-FRS-005178,6005178,2011980,252026,3003156,12000,2026-08-22T13:24:32Z,電子決済,increment-run-003,workshop-participant,donation_events_003.csv,2026-09-01T00:03:20Z
EVT-FRS-011200,6011200,2008577,232327,3003728,50000,2026-08-22T13:24:46Z,クレジットカード,increment-run-003,workshop-participant,donation_events_003.csv,2026-09-01T00:03:20Z
EVT-FRS-008288,6008288,2008523,332101,3005363,12000,2026-08-22T13:25:01Z,クレジットカード,increment-run-003,workshop-participant,donation_events_003.csv,2026-09-01T00:03:20Z
EVT-FRS-014896,6014896,2002914,432105,3001470,20000,2026-08-22T13:29:22Z,電子決済,increment-run-003,workshop-participant,donation_events_003.csv,2026-09-01T00:03:20Z
EVT-FRS-006531,6006531,2003575,222097,3000401,10000,2026-08-22T13:29:43Z,クレジットカード,increment-run-003,workshop-participant,donation_events_003.csv,2026-09-01T00:03:20Z
EVT-FRS-011126,6011126,2001452,022098,3005578,12000,2026-08-22T13:35:07Z,クレジットカード,increment-run-003,workshop-participant,donation_events_003.csv,2026-09-01T00:03:20Z
EVT-FRS-001316,6001316,2006207,102059,3005478,8000,2026-08-22T13:36:46Z,クレジットカード,increment-run-003,workshop-participant,donation_events_003.csv,2026-09-01T00:03:20Z
EVT-FRS-007519,6007519,2003378,452025,3002730,8000,2026-08-22T13:38:30Z,クレジットカード,increment-run-003,workshop-participant,donation_events_003.csv,2026-09-01T00:03:20Z
EVT-FRS-011004,6011004,2008351,102121,3002965,40000,2026-08-22T13:39:11Z,銀行振込,increment-run-003,workshop-participant,donation_events_003.csv,2026-09-01T00:03:20Z
EVT-FRS-009492,6009492,2007296,011002,3001523,8000,2026-08-22T13:42:44Z,コンビニ決済,increment-run-003,workshop-participant,donation_events_003.csv,2026-09-01T00:03:20Z
EVT-FRS-009036,6009036,2001400,332020,3003115,12000,2026-08-22T13:47:14Z,コンビニ決済,increment-run-003,workshop-participant,donation_events_003.csv,2026-09-01T00:03:20Z
EVT-FRS-011893,6011893,2010798,072095,3004788,12000,2026-08-22T13:48:03Z,クレジットカード,increment-run-003,workshop-participant,donation_events_003.csv,2026-09-01T00:03:20Z
EVT-FRS-012521,6012521,2001518,222127,3003026,100000,2026-08-22T13:48:08Z,クレジットカード,increment-run-003,workshop-participant,donation_events_003.csv,2026-09-01T00:03:20Z
EVT-FRS-002071,6002071,2005833,442089,3001371,15000,2026-08-22T13:49:15Z,電子決済,increment-run-003,workshop-participant,donation_events_003.csv,2026-09-01T00:03:20Z
EVT-FRS-002037,6002037,2007706,104442,3000127,20000,2026-08-22T13:56:53Z,クレジットカード,increment-run-003,workshop-participant,donation_events_003.csv,2026-09-01T00:03:20Z
EVT-FRS-013031,6013031,2010777,434680,3003429,10000,2026-08-22T13:56:53Z,クレジットカード,increment-run-003,workshop-participant,donation_events_003.csv,2026-09-01T00:03:20Z
EVT-FRS-009956,6009956,2000018,044041,3001048,15000,2026-08-22T14:02:02Z,クレジットカード,increment-run-003,workshop-participant,donation_events_003.csv,2026-09-01T00:03:20Z
EVT-FRS-004079,6004079,2001993,364011,3004781,10000,2026-08-22T14:03:20Z,銀行振込,increment-run-003,workshop-participant,donation_events_003.csv,2026-09-01T00:03:20Z
EVT-FRS-011836,6011836,2002284,016098,3003091,25000,2026-08-22T14:05:54Z,クレジットカード,increment-run-003,workshop-participant,donation_events_003.csv,2026-09-01T00:03:20Z
EVT-FRS-010696,6010696,2008299,162019,3002130,10000,2026-08-22T14:06:06Z,クレジットカード,increment-run-003,workshop-participant,donation_events_003.csv,2026-09-01T00:03:20Z
EVT-FRS-012767,6012767,2000367,231002,3003379,8000,2026-08-22T14:08:36Z,コンビニ決済,increment-run-003,workshop-participant,donation_events_003.csv,2026-09-01T00:03:20Z
EVT-FRS-003893,6003893,2011346,232033,3005826,10000,2026-08-22T14:08:41Z,クレジットカード,increment-run-003,workshop-participant,donation_events_003.csv,2026-09-01T00:03:20Z
EVT-FRS-002582,6002582,2000238,112127,3002563,5000,2026-08-22T14:11:10Z,電子決済,increment-run-003,workshop-participant,donation_events_003.csv,2026-09-01T00:03:20Z
EVT-FRS-014261,6014261,2011451,231002,3000354,25000,2026-08-22T14:17:04Z,電子決済,increment-run-003,workshop-participant,donation_events_003.csv,2026-09-01T00:03:20Z
EVT-FRS-014790,6014790,2009212,192121,3005118,8000,2026-08-22T14:19:20Z,クレジットカード,increment-run-003,workshop-participant,donation_events_003.csv,2026-09-01T00:03:20Z
EVT-FRS-008919,6008919,2000529,074616,3002284,25000,2026-08-22T14:22:35Z,クレジットカード,increment-run-003,workshop-participant,donation_events_003.csv,2026-09-01T00:03:20Z
EVT-FRS-009744,6009744,2009121,373648,3005119,10000,2026-08-22T14:27:56Z,クレジットカード,increment-run-003,workshop-participant,donation_events_003.csv,2026-09-01T00:03:20Z
EVT-FRS-006512,6006512,2002040,172090,3003882,15000,2026-08-22T14:30:31Z,クレジットカード,increment-run-003,workshop-participant,donation_events_003.csv,2026-09-01T00:03:20Z
EVT-FRS-008846,6008846,2010722,204129,3002575,20000,2026-08-22T14:31:47Z,コンビニ決済,increment-run-003,workshop-participant,donation_events_003.csv,2026-09-01T00:03:20Z
EVT-FRS-012971,6012971,2001324,142174,3002413,8000,2026-08-22T14:33:02Z,銀行振込,increment-run-003,workshop-participant,donation_events_003.csv,2026-09-01T00:03:20Z
EVT-FRS-014686,6014686,2007901,452025,3003388,30000,2026-08-22T14:36:18Z,クレジットカード,increment-run-003,workshop-participant,donation_events_003.csv,2026-09-01T00:03:20Z
EVT-FRS-004751,6004751,2005579,272248,3001287,25000,2026-08-22T14:36:19Z,クレジットカード,increment-run-003,workshop-participant,donation_events_003.csv,2026-09-01T00:03:20Z
EVT-FRS-006900,6006900,2007416,122289,3004839,10000,2026-08-22T14:37:08Z,クレジットカード,increment-run-003,workshop-participant,donation_events_003.csv,2026-09-01T00:03:20Z
EVT-FRS-005749,6005749,2000538,012131,3002774,10000,2026-08-22T14:39:54Z,コンビニ決済,increment-run-003,workshop-participant,donation_events_003.csv,2026-09-01T00:03:20Z
EVT-FRS-000687,6000687,2001712,131164,3003290,15000,2026-08-22T14:41:00Z,クレジットカード,increment-run-003,workshop-participant,donation_events_003.csv,2026-09-01T00:03:20Z
EVT-FRS-004639,6004639,2005550,112194,3000862,30000,2026-08-22T14:44:14Z,クレジットカード,increment-run-003,workshop-participant,donation_events_003.csv,2026-09-01T00:03:20Z
EVT-FRS-005728,6005728,2004304,232289,3004774,20000,2026-08-22T14:45:57Z,クレジットカード,increment-run-003,workshop-participant,donation_events_003.csv,2026-09-01T00:03:20Z
EVT-FRS-000422,6000422,2010437,122181,3005858,15000,2026-08-22T14:47:48Z,銀行振込,increment-run-003,workshop-participant,donation_events_003.csv,2026-09-01T00:03:20Z
EVT-FRS-007824,6007824,2010838,174637,3002052,20000,2026-08-22T14:50:05Z,クレジットカード,increment-run-003,workshop-participant,donation_events_003.csv,2026-09-01T00:03:20Z
EVT-FRS-000084,6000084,2010979,452025,3003952,15000,2026-08-22T14:50:47Z,クレジットカード,increment-run-003,workshop-participant,donation_events_003.csv,2026-09-01T00:03:20Z
EVT-FRS-004215,6004215,2003529,212091,3003538,15000,2026-08-22T14:53:43Z,電子決済,increment-run-003,workshop-participant,donation_events_003.csv,2026-09-01T00:03:20Z
EVT-FRS-002376,6002376,2007395,042081,3001074,10000,2026-08-22T14:57:05Z,クレジットカード,increment-run-003,workshop-participant,donation_events_003.csv,2026-09-01T00:03:20Z
EVT-FRS-001745,6001745,2001650,402117,3002733,12000,2026-08-22T14:59:53Z,電子決済,increment-run-003,workshop-participant,donation_events_003.csv,2026-09-01T00:03:20Z
EVT-FRS-007852,6007852,2009040,014851,3004202,30000,2026-08-22T15:01:35Z,電子決済,increment-run-003,workshop-participant,donation_events_003.csv,2026-09-01T00:03:20Z
EVT-FRS-003480,6003480,2006740,232025,3002424,10000,2026-08-22T15:05:27Z,クレジットカード,increment-run-003,workshop-participant,donation_events_003.csv,2026-09-01T00:03:20Z
EVT-FRS-000828,6000828,2002874,132292,3004086,10000,2026-08-22T15:06:25Z,銀行振込,increment-run-003,workshop-participant,donation_events_003.csv,2026-09-01T00:03:20Z
EVT-FRS-001887,6001887,2003861,132128,3005919,20000,2026-08-22T15:06:47Z,電子決済,increment-run-003,workshop-participant,donation_events_003.csv,2026-09-01T00:03:20Z
EVT-FRS-010634,6010634,2008877,222054,3004797,30000,2026-08-22T15:09:10Z,電子決済,increment-run-003,workshop-participant,donation_events_003.csv,2026-09-01T00:03:20Z
EVT-FRS-002696,6002696,2001493,282049,3003839,15000,2026-08-22T15:10:55Z,クレジットカード,increment-run-003,workshop-participant,donation_events_003.csv,2026-09-01T00:03:20Z
EVT-FRS-002036,6002036,2002348,151009,3003855,25000,2026-08-22T15:11:05Z,クレジットカード,increment-run-003,workshop-participant,donation_events_003.csv,2026-09-01T00:03:20Z
EVT-FRS-012286,6012286,2000491,452050,3002298,5000,2026-08-22T15:11:33Z,クレジットカード,increment-run-003,workshop-participant,donation_events_003.csv,2026-09-01T00:03:20Z
EVT-FRS-013436,6013436,2000469,082252,3002868,5000,2026-08-22T15:19:58Z,クレジットカード,increment-run-003,workshop-participant,donation_events_003.csv,2026-09-01T00:03:20Z
EVT-FRS-002576,6002576,2009538,152056,3001132,10000,2026-08-22T15:21:44Z,クレジットカード,increment-run-003,workshop-participant,donation_events_003.csv,2026-09-01T00:03:20Z
EVT-FRS-000603,6000603,2008395,141305,3003294,20000,2026-08-22T15:23:02Z,クレジットカード,increment-run-003,workshop-participant,donation_events_003.csv,2026-09-01T00:03:20Z
EVT-FRS-011593,6011593,2011135,182028,3004811,20000,2026-08-22T15:23:03Z,クレジットカード,increment-run-003,workshop-participant,donation_events_003.csv,2026-09-01T00:03:20Z
EVT-FRS-010562,6010562,2003543,452025,3005996,5000,2026-08-22T15:23:09Z,クレジットカード,increment-run-003,workshop-participant,donation_events_003.csv,2026-09-01T00:03:20Z
EVT-FRS-005628,6005628,2010727,112151,3005861,5000,2026-08-22T15:24:08Z,クレジットカード,increment-run-003,workshop-participant,donation_events_003.csv,2026-09-01T00:03:20Z
EVT-FRS-005934,6005934,2011569,431001,3002471,8000,2026-08-22T15:24:49Z,銀行振込,increment-run-003,workshop-participant,donation_events_003.csv,2026-09-01T00:03:20Z
EVT-FRS-009289,6009289,2011911,262064,3005077,12000,2026-08-22T15:25:37Z,クレジットカード,increment-run-003,workshop-participant,donation_events_003.csv,2026-09-01T00:03:20Z
EVT-FRS-003295,6003295,2003175,042099,3002237,25000,2026-08-22T15:29:30Z,銀行振込,increment-run-003,workshop-participant,donation_events_003.csv,2026-09-01T00:03:20Z
EVT-FRS-001705,6001705,2003905,113417,3002533,10000,2026-08-22T15:32:15Z,クレジットカード,increment-run-003,workshop-participant,donation_events_003.csv,2026-09-01T00:03:20Z
EVT-FRS-009420,6009420,2011913,152111,3002907,30000,2026-08-22T15:32:58Z,クレジットカード,increment-run-003,workshop-participant,donation_events_003.csv,2026-09-01T00:03:20Z
EVT-FRS-003376,6003376,2008779,352039,3004799,5000,2026-08-22T15:33:20Z,クレジットカード,increment-run-003,workshop-participant,donation_events_003.csv,2026-09-01T00:03:20Z
EVT-FRS-001803,6001803,2002613,373648,3003651,20000,2026-08-22T15:36:41Z,クレジットカード,increment-run-003,workshop-participant,donation_events_003.csv,2026-09-01T00:03:20Z
EVT-FRS-013105,6013105,2004345,112071,3001439,30000,2026-08-22T15:36:42Z,クレジットカード,increment-run-003,workshop-participant,donation_events_003.csv,2026-09-01T00:03:20Z
EVT-FRS-001939,6001939,2006894,332119,3000340,10000,2026-08-22T15:37:04Z,電子決済,increment-run-003,workshop-participant,donation_events_003.csv,2026-09-01T00:03:20Z
EVT-FRS-013946,6013946,2000502,074446,3000489,10000,2026-08-22T15:39:25Z,クレジットカード,increment-run-003,workshop-participant,donation_events_003.csv,2026-09-01T00:03:20Z
EVT-FRS-009486,6009486,2011585,012190,3002126,20000,2026-08-22T15:42:16Z,クレジットカード,increment-run-003,workshop-participant,donation_events_003.csv,2026-09-01T00:03:20Z
EVT-FRS-002414,6002414,2006462,072141,3003982,5000,2026-08-22T15:44:30Z,クレジットカード,increment-run-003,workshop-participant,donation_events_003.csv,2026-09-01T00:03:20Z
EVT-FRS-007809,6007809,2010536,016098,3005286,10000,2026-08-22T16:02:16Z,クレジットカード,increment-run-003,workshop-participant,donation_events_003.csv,2026-09-01T00:03:20Z
EVT-FRS-010178,6010178,2011655,172049,3003674,10000,2026-08-22T16:03:10Z,クレジットカード,increment-run-003,workshop-participant,donation_events_003.csv,2026-09-01T00:03:20Z
EVT-FRS-001833,6001833,2000936,012068,3002768,10000,2026-08-22T16:06:30Z,クレジットカード,increment-run-003,workshop-participant,donation_events_003.csv,2026-09-01T00:03:20Z
EVT-FRS-005927,6005927,2002507,272124,3001817,10000,2026-08-22T16:09:38Z,クレジットカード,increment-run-003,workshop-participant,donation_events_003.csv,2026-09-01T00:03:20Z
EVT-FRS-005468,6005468,2004926,152188,3000505,20000,2026-08-22T16:14:39Z,クレジットカード,increment-run-003,workshop-participant,donation_events_003.csv,2026-09-01T00:03:20Z
EVT-FRS-014214,6014214,2011955,112224,3005820,15000,2026-08-22T16:14:54Z,クレジットカード,increment-run-003,workshop-participant,donation_events_003.csv,2026-09-01T00:03:20Z
EVT-FRS-001591,6001591,2010454,192082,3001338,12000,2026-08-22T16:15:56Z,銀行振込,increment-run-003,workshop-participant,donation_events_003.csv,2026-09-01T00:03:20Z
EVT-FRS-007160,6007160,2003348,442038,3001268,15000,2026-08-22T16:22:09Z,クレジットカード,increment-run-003,workshop-participant,donation_events_003.csv,2026-09-01T00:03:20Z
EVT-FRS-011904,6011904,2006313,202029,3000551,15000,2026-08-22T16:32:49Z,クレジットカード,increment-run-003,workshop-participant,donation_events_003.csv,2026-09-01T00:03:20Z
EVT-FRS-004333,6004333,2010129,322067,3002163,30000,2026-08-22T16:37:04Z,電子決済,increment-run-003,workshop-participant,donation_events_003.csv,2026-09-01T00:03:20Z
EVT-FRS-010645,6010645,2007001,292010,3001151,15000,2026-08-22T16:45:47Z,銀行振込,increment-run-003,workshop-participant,donation_events_003.csv,2026-09-01T00:03:20Z
EVT-FRS-011924,6011924,2003291,015857,3000729,12000,2026-08-22T16:49:30Z,電子決済,increment-run-003,workshop-participant,donation_events_003.csv,2026-09-01T00:03:20Z
EVT-FRS-012975,6012975,2010386,222119,3003130,40000,2026-08-22T16:51:33Z,クレジットカード,increment-run-003,workshop-participant,donation_events_003.csv,2026-09-01T00:03:20Z
EVT-FRS-008127,6008127,2011436,012262,3001586,12000,2026-08-22T16:55:44Z,電子決済,increment-run-003,workshop-participant,donation_events_003.csv,2026-09-01T00:03:20Z
EVT-FRS-014827,6014827,2009318,342076,3004292,20000,2026-08-22T17:02:55Z,電子決済,increment-run-003,workshop-participant,donation_events_003.csv,2026-09-01T00:03:20Z
EVT-FRS-013126,6013126,2000707,162060,3001799,12000,2026-08-22T17:07:16Z,クレジットカード,increment-run-003,workshop-participant,donation_events_003.csv,2026-09-01T00:03:20Z
EVT-FRS-005696,6005696,2008715,312037,3005957,15000,2026-08-22T17:08:28Z,クレジットカード,increment-run-003,workshop-participant,donation_events_003.csv,2026-09-01T00:03:20Z
EVT-FRS-002302,6002302,2006974,325252,3004332,25000,2026-08-22T17:11:56Z,クレジットカード,increment-run-003,workshop-participant,donation_events_003.csv,2026-09-01T00:03:20Z
EVT-FRS-006357,6006357,2011497,212105,3003206,8000,2026-08-22T17:15:23Z,クレジットカード,increment-run-003,workshop-participant,donation_events_003.csv,2026-09-01T00:03:20Z
EVT-FRS-010996,6010996,2004395,452025,3003952,20000,2026-08-22T17:16:31Z,クレジットカード,increment-run-003,workshop-participant,donation_events_003.csv,2026-09-01T00:03:20Z
EVT-FRS-003344,6003344,2008297,422029,3001088,20000,2026-08-22T17:17:10Z,クレジットカード,increment-run-003,workshop-participant,donation_events_003.csv,2026-09-01T00:03:20Z
EVT-FRS-004818,6004818,2003848,152188,3000505,10000,2026-08-22T17:17:46Z,クレジットカード,increment-run-003,workshop-participant,donation_events_003.csv,2026-09-01T00:03:20Z
EVT-FRS-003760,6003760,2004487,111007,3003510,15000,2026-08-22T17:18:07Z,クレジットカード,increment-run-003,workshop-participant,donation_events_003.csv,2026-09-01T00:03:20Z
EVT-FRS-010668,6010668,2011403,313289,3003038,10000,2026-08-22T17:21:22Z,クレジットカード,increment-run-003,workshop-participant,donation_events_003.csv,2026-09-01T00:03:20Z
EVT-FRS-006226,6006226,2006521,112411,3001834,5000,2026-08-22T17:21:36Z,クレジットカード,increment-run-003,workshop-participant,donation_events_003.csv,2026-09-01T00:03:20Z
EVT-FRS-014537,6014537,2006521,261009,3004950,10000,2026-08-22T17:23:43Z,電子決済,increment-run-003,workshop-participant,donation_events_003.csv,2026-09-01T00:03:20Z
EVT-FRS-008052,6008052,2005997,052132,3001832,20000,2026-08-22T17:23:48Z,クレジットカード,increment-run-003,workshop-participant,donation_events_003.csv,2026-09-01T00:03:20Z
EVT-FRS-009233,6009233,2006276,151009,3004526,15000,2026-08-22T17:24:06Z,クレジットカード,increment-run-003,workshop-participant,donation_events_003.csv,2026-09-01T00:03:20Z
EVT-FRS-003451,6003451,2001580,382043,3005949,30000,2026-08-22T17:26:24Z,クレジットカード,increment-run-003,workshop-participant,donation_events_003.csv,2026-09-01T00:03:20Z
EVT-FRS-003356,6003356,2005601,192066,3003235,15000,2026-08-22T17:33:45Z,銀行振込,increment-run-003,workshop-participant,donation_events_003.csv,2026-09-01T00:03:20Z
EVT-FRS-005405,6005405,2000533,092045,3004742,12000,2026-08-22T17:37:15Z,クレジットカード,increment-run-003,workshop-participant,donation_events_003.csv,2026-09-01T00:03:20Z
EVT-FRS-008609,6008609,2009592,293229,3004377,10000,2026-08-22T17:39:25Z,コンビニ決済,increment-run-003,workshop-participant,donation_events_003.csv,2026-09-01T00:03:20Z
EVT-FRS-013001,6013001,2008926,154822,3004635,15000,2026-08-22T17:41:03Z,電子決済,increment-run-003,workshop-participant,donation_events_003.csv,2026-09-01T00:03:20Z
EVT-FRS-011863,6011863,2008997,242161,3002472,10000,2026-08-22T17:41:43Z,クレジットカード,increment-run-003,workshop-participant,donation_events_003.csv,2026-09-01T00:03:20Z
EVT-FRS-011510,6011510,2000483,282049,3003594,20000,2026-08-22T17:42:45Z,クレジットカード,increment-run-003,workshop-participant,donation_events_003.csv,2026-09-01T00:03:20Z
EVT-FRS-010695,6010695,2009047,422142,3000008,10000,2026-08-22T17:46:29Z,クレジットカード,increment-run-003,workshop-participant,donation_events_003.csv,2026-09-01T00:03:20Z
EVT-FRS-000725,6000725,2002728,282120,3000954,15000,2026-08-22T17:47:04Z,コンビニ決済,increment-run-003,workshop-participant,donation_events_003.csv,2026-09-01T00:03:20Z
EVT-FRS-014517,6014517,2009900,462101,3000971,30000,2026-08-22T17:52:17Z,クレジットカード,increment-run-003,workshop-participant,donation_events_003.csv,2026-09-01T00:03:20Z
EVT-FRS-013835,6013835,2011616,433683,3003133,20000,2026-08-22T17:54:22Z,クレジットカード,increment-run-003,workshop-participant,donation_events_003.csv,2026-09-01T00:03:20Z
EVT-FRS-001773,6001773,2003304,044016,3003587,15000,2026-08-22T17:57:19Z,クレジットカード,increment-run-003,workshop-participant,donation_events_003.csv,2026-09-01T00:03:20Z
EVT-FRS-007111,6007111,2009692,342025,3001943,40000,2026-08-22T17:59:25Z,銀行振込,increment-run-003,workshop-participant,donation_events_003.csv,2026-09-01T00:03:20Z
EVT-FRS-001970,6001970,2006944,462047,3004341,20000,2026-08-22T18:00:50Z,コンビニ決済,increment-run-003,workshop-participant,donation_events_003.csv,2026-09-01T00:03:20Z
EVT-FRS-007846,6007846,2007953,085421,3000241,20000,2026-08-22T18:06:25Z,クレジットカード,increment-run-003,workshop-participant,donation_events_003.csv,2026-09-01T00:03:20Z
EVT-FRS-011911,6011911,2007352,015172,3003583,10000,2026-08-22T18:07:10Z,クレジットカード,increment-run-003,workshop-participant,donation_events_003.csv,2026-09-01T00:03:20Z
EVT-FRS-013615,6013615,2005418,162094,3001520,20000,2026-08-22T18:07:18Z,クレジットカード,increment-run-003,workshop-participant,donation_events_003.csv,2026-09-01T00:03:20Z
EVT-FRS-010832,6010832,2008146,132225,3004482,10000,2026-08-22T18:08:40Z,クレジットカード,increment-run-003,workshop-participant,donation_events_003.csv,2026-09-01T00:03:20Z
EVT-FRS-013144,6013144,2005189,112461,3002844,20000,2026-08-22T18:12:43Z,クレジットカード,increment-run-003,workshop-participant,donation_events_003.csv,2026-09-01T00:03:20Z
EVT-FRS-008076,6008076,2008660,432024,3005815,15000,2026-08-22T18:18:06Z,クレジットカード,increment-run-003,workshop-participant,donation_events_003.csv,2026-09-01T00:03:20Z
EVT-FRS-000487,6000487,2009287,032158,3001335,50000,2026-08-22T18:27:11Z,クレジットカード,increment-run-003,workshop-participant,donation_events_003.csv,2026-09-01T00:03:20Z
EVT-FRS-010186,6010186,2004362,112399,3000578,20000,2026-08-22T18:30:01Z,クレジットカード,increment-run-003,workshop-participant,donation_events_003.csv,2026-09-01T00:03:20Z
EVT-FRS-014540,6014540,2005364,402303,3005164,5000,2026-08-22T18:32:20Z,銀行振込,increment-run-003,workshop-participant,donation_events_003.csv,2026-09-01T00:03:20Z
EVT-FRS-006966,6006966,2011191,442020,3005660,8000,2026-08-22T18:38:40Z,電子決済,increment-run-003,workshop-participant,donation_events_003.csv,2026-09-01T00:03:20Z
EVT-FRS-001525,6001525,2001662,342157,3003725,20000,2026-08-22T18:39:22Z,クレジットカード,increment-run-003,workshop-participant,donation_events_003.csv,2026-09-01T00:03:20Z
EVT-FRS-013145,6013145,2006425,042030,3000019,15000,2026-08-22T18:40:14Z,クレジットカード,increment-run-003,workshop-participant,donation_events_003.csv,2026-09-01T00:03:20Z
EVT-FRS-000124,6000124,2009564,402117,3002515,10000,2026-08-22T18:40:49Z,クレジットカード,increment-run-003,workshop-participant,donation_events_003.csv,2026-09-01T00:03:20Z
EVT-FRS-012312,6012312,2001987,283827,3003888,25000,2026-08-22T18:41:04Z,クレジットカード,increment-run-003,workshop-participant,donation_events_003.csv,2026-09-01T00:03:20Z
EVT-FRS-006406,6006406,2006060,282189,3001646,8000,2026-08-22T18:41:34Z,クレジットカード,increment-run-003,workshop-participant,donation_events_003.csv,2026-09-01T00:03:20Z
EVT-FRS-005365,6005365,2003336,404489,3001729,10000,2026-08-22T18:42:13Z,クレジットカード,increment-run-003,workshop-participant,donation_events_003.csv,2026-09-01T00:03:20Z
EVT-FRS-008383,6008383,2002716,141003,3003285,10000,2026-08-22T18:42:32Z,銀行振込,increment-run-003,workshop-participant,donation_events_003.csv,2026-09-01T00:03:20Z
EVT-FRS-006140,6006140,2004217,272051,3005069,20000,2026-08-22T18:45:56Z,クレジットカード,increment-run-003,workshop-participant,donation_events_003.csv,2026-09-01T00:03:20Z
EVT-FRS-013737,6013737,2004401,022080,3004406,10000,2026-08-22T18:46:55Z,クレジットカード,increment-run-003,workshop-participant,donation_events_003.csv,2026-09-01T00:03:20Z
EVT-FRS-013907,6013907,2005825,012190,3002126,40000,2026-08-22T18:49:38Z,クレジットカード,increment-run-003,workshop-participant,donation_events_003.csv,2026-09-01T00:03:20Z
EVT-FRS-011765,6011765,2002427,272191,3001187,5000,2026-08-22T18:58:12Z,電子決済,increment-run-003,workshop-participant,donation_events_003.csv,2026-09-01T00:03:20Z
EVT-FRS-008965,6008965,2001106,092096,3004732,10000,2026-08-22T19:11:37Z,クレジットカード,increment-run-003,workshop-participant,donation_events_003.csv,2026-09-01T00:03:20Z
EVT-FRS-005208,6005208,2006371,203491,3004611,20000,2026-08-22T19:21:22Z,クレジットカード,increment-run-003,workshop-participant,donation_events_003.csv,2026-09-01T00:03:20Z
EVT-FRS-011450,6011450,2002078,304212,3005883,10000,2026-08-22T19:22:52Z,クレジットカード,increment-run-003,workshop-participant,donation_events_003.csv,2026-09-01T00:03:20Z
EVT-FRS-008259,6008259,2001198,382035,3000792,10000,2026-08-22T19:23:55Z,クレジットカード,increment-run-003,workshop-participant,donation_events_003.csv,2026-09-01T00:03:20Z
EVT-FRS-005205,6005205,2004577,462080,3001315,30000,2026-08-22T19:26:47Z,クレジットカード,increment-run-003,workshop-participant,donation_events_003.csv,2026-09-01T00:03:20Z
EVT-FRS-011632,6011632,2008006,432105,3003532,15000,2026-08-22T19:29:52Z,クレジットカード,increment-run-003,workshop-participant,donation_events_003.csv,2026-09-01T00:03:20Z
EVT-FRS-001031,6001031,2004493,122394,3004469,10000,2026-08-22T19:30:34Z,クレジットカード,increment-run-003,workshop-participant,donation_events_003.csv,2026-09-01T00:03:20Z
EVT-FRS-010334,6010334,2005474,442135,3001850,10000,2026-08-22T19:30:45Z,銀行振込,increment-run-003,workshop-participant,donation_events_003.csv,2026-09-01T00:03:20Z
EVT-FRS-004414,6004414,2006364,442071,3004794,8000,2026-08-22T19:33:24Z,電子決済,increment-run-003,workshop-participant,donation_events_003.csv,2026-09-01T00:03:20Z
EVT-FRS-002943,6002943,2009631,142051,3000739,30000,2026-08-22T19:34:54Z,電子決済,increment-run-003,workshop-participant,donation_events_003.csv,2026-09-01T00:03:20Z
EVT-FRS-006148,6006148,2008643,282189,3002127,15000,2026-08-22T19:37:20Z,クレジットカード,increment-run-003,workshop-participant,donation_events_003.csv,2026-09-01T00:03:20Z
EVT-FRS-007667,6007667,2011988,221007,3004284,8000,2026-08-22T19:38:18Z,クレジットカード,increment-run-003,workshop-participant,donation_events_003.csv,2026-09-01T00:03:20Z
EVT-FRS-005878,6005878,2011804,402214,3003466,12000,2026-08-22T19:39:23Z,クレジットカード,increment-run-003,workshop-participant,donation_events_003.csv,2026-09-01T00:03:20Z
EVT-FRS-006352,6006352,2011238,345458,3004558,15000,2026-08-22T19:45:53Z,クレジットカード,increment-run-003,workshop-participant,donation_events_003.csv,2026-09-01T00:03:20Z
EVT-FRS-000909,6000909,2011307,452025,3002265,5000,2026-08-22T19:46:12Z,銀行振込,increment-run-003,workshop-participant,donation_events_003.csv,2026-09-01T00:03:20Z
EVT-FRS-009109,6009109,2001406,172103,3002153,10000,2026-08-22T19:47:31Z,クレジットカード,increment-run-003,workshop-participant,donation_events_003.csv,2026-09-01T00:03:20Z
EVT-FRS-005931,6005931,2005972,342131,3002009,15000,2026-08-22T19:49:22Z,電子決済,increment-run-003,workshop-participant,donation_events_003.csv,2026-09-01T00:03:20Z
EVT-FRS-014264,6014264,2004909,412058,3000135,8000,2026-08-22T19:50:37Z,銀行振込,increment-run-003,workshop-participant,donation_events_003.csv,2026-09-01T00:03:20Z
EVT-FRS-014348,6014348,2008280,332127,3005245,10000,2026-08-22T19:52:43Z,クレジットカード,increment-run-003,workshop-participant,donation_events_003.csv,2026-09-01T00:03:20Z
EVT-FRS-010417,6010417,2002840,012301,3002365,10000,2026-08-22T20:19:25Z,クレジットカード,increment-run-003,workshop-participant,donation_events_003.csv,2026-09-01T00:03:20Z
EVT-FRS-000658,6000658,2011555,465313,3002506,12000,2026-08-22T20:20:18Z,電子決済,increment-run-003,workshop-participant,donation_events_003.csv,2026-09-01T00:03:20Z
EVT-FRS-008542,6008542,2004399,062081,3000592,15000,2026-08-22T20:23:48Z,クレジットカード,increment-run-003,workshop-participant,donation_events_003.csv,2026-09-01T00:03:20Z
EVT-FRS-007367,6007367,2010849,092142,3005862,20000,2026-08-22T20:25:56Z,クレジットカード,increment-run-003,workshop-participant,donation_events_003.csv,2026-09-01T00:03:20Z
EVT-FRS-006063,6006063,2002315,132055,3004790,5000,2026-08-22T20:27:48Z,電子決済,increment-run-003,workshop-participant,donation_events_003.csv,2026-09-01T00:03:20Z
EVT-FRS-004324,6004324,2001234,052027,3003648,8000,2026-08-22T20:31:02Z,銀行振込,increment-run-003,workshop-participant,donation_events_003.csv,2026-09-01T00:03:20Z
EVT-FRS-006483,6006483,2011659,442020,3002517,20000,2026-08-22T20:33:34Z,クレジットカード,increment-run-003,workshop-participant,donation_events_003.csv,2026-09-01T00:03:20Z
EVT-FRS-010259,6010259,2006005,082309,3002425,20000,2026-08-22T20:33:57Z,クレジットカード,increment-run-003,workshop-participant,donation_events_003.csv,2026-09-01T00:03:20Z
EVT-FRS-002208,6002208,2011799,222127,3003026,12000,2026-08-22T20:35:15Z,クレジットカード,increment-run-003,workshop-participant,donation_events_003.csv,2026-09-01T00:03:20Z
EVT-FRS-014035,6014035,2010967,373648,3001663,20000,2026-08-22T20:39:57Z,電子決済,increment-run-003,workshop-participant,donation_events_003.csv,2026-09-01T00:03:20Z
EVT-FRS-004936,6004936,2004734,392090,3004647,40000,2026-08-22T20:43:06Z,クレジットカード,increment-run-003,workshop-participant,donation_events_003.csv,2026-09-01T00:03:20Z
EVT-FRS-003845,6003845,2006833,402117,3003398,15000,2026-08-22T20:46:50Z,銀行振込,increment-run-003,workshop-participant,donation_events_003.csv,2026-09-01T00:03:20Z
EVT-FRS-008023,6008023,2002956,452041,3004484,60000,2026-08-22T20:48:24Z,電子決済,increment-run-003,workshop-participant,donation_events_003.csv,2026-09-01T00:03:20Z
EVT-FRS-013154,6013154,2000215,182028,3004811,20000,2026-08-22T20:51:03Z,電子決済,increment-run-003,workshop-participant,donation_events_003.csv,2026-09-01T00:03:20Z
EVT-FRS-006941,6006941,2010759,142034,3002381,10000,2026-08-22T20:51:20Z,電子決済,increment-run-003,workshop-participant,donation_events_003.csv,2026-09-01T00:03:20Z
EVT-FRS-003747,6003747,2005798,282138,3004429,25000,2026-08-22T21:04:37Z,電子決済,increment-run-003,workshop-participant,donation_events_003.csv,2026-09-01T00:03:20Z
EVT-FRS-008883,6008883,2000877,341002,3004993,10000,2026-08-22T21:06:16Z,クレジットカード,increment-run-003,workshop-participant,donation_events_003.csv,2026-09-01T00:03:20Z
EVT-FRS-002366,6002366,2000544,012084,3001038,20000,2026-08-22T21:06:21Z,クレジットカード,increment-run-003,workshop-participant,donation_events_003.csv,2026-09-01T00:03:20Z
EVT-FRS-004898,6004898,2002173,122050,3001193,8000,2026-08-22T21:07:53Z,クレジットカード,increment-run-003,workshop-participant,donation_events_003.csv,2026-09-01T00:03:20Z
EVT-FRS-014498,6014498,2007165,432105,3001470,8000,2026-08-22T21:09:36Z,クレジットカード,increment-run-003,workshop-participant,donation_events_003.csv,2026-09-01T00:03:20Z
EVT-FRS-003361,6003361,2004984,282014,3004175,10000,2026-08-22T21:12:38Z,コンビニ決済,increment-run-003,workshop-participant,donation_events_003.csv,2026-09-01T00:03:20Z
EVT-FRS-008788,6008788,2008393,173614,3001314,50000,2026-08-22T21:19:57Z,クレジットカード,increment-run-003,workshop-participant,donation_events_003.csv,2026-09-01T00:03:20Z
EVT-FRS-003797,6003797,2007839,212172,3005152,15000,2026-08-22T21:23:53Z,電子決済,increment-run-003,workshop-participant,donation_events_003.csv,2026-09-01T00:03:20Z
EVT-FRS-006206,6006206,2001434,312045,3002345,10000,2026-08-22T21:29:24Z,電子決済,increment-run-003,workshop-participant,donation_events_003.csv,2026-09-01T00:03:20Z
EVT-FRS-006119,6006119,2011906,062065,3003743,30000,2026-08-22T21:31:43Z,クレジットカード,increment-run-003,workshop-participant,donation_events_003.csv,2026-09-01T00:03:20Z
EVT-FRS-000518,6000518,2007248,272183,3001677,20000,2026-08-22T21:32:28Z,電子決済,increment-run-003,workshop-participant,donation_events_003.csv,2026-09-01T00:03:20Z
EVT-FRS-007590,6007590,2006768,192015,3000586,12000,2026-08-22T21:37:59Z,クレジットカード,increment-run-003,workshop-participant,donation_events_003.csv,2026-09-01T00:03:20Z
EVT-FRS-005687,6005687,2007932,132209,3001087,12000,2026-08-22T21:40:47Z,クレジットカード,increment-run-003,workshop-participant,donation_events_003.csv,2026-09-01T00:03:20Z
EVT-FRS-008109,6008109,2001654,272132,3002927,10000,2026-08-22T21:41:20Z,クレジットカード,increment-run-003,workshop-participant,donation_events_003.csv,2026-09-01T00:03:20Z
EVT-FRS-011454,6011454,2002310,015130,3001013,15000,2026-08-22T21:44:44Z,クレジットカード,increment-run-003,workshop-participant,donation_events_003.csv,2026-09-01T00:03:20Z
EVT-FRS-005657,6005657,2005895,052027,3005601,12000,2026-08-22T21:46:04Z,銀行振込,increment-run-003,workshop-participant,donation_events_003.csv,2026-09-01T00:03:20Z
EVT-FRS-007080,6007080,2008459,272230,3002861,12000,2026-08-22T21:48:44Z,クレジットカード,increment-run-003,workshop-participant,donation_events_003.csv,2026-09-01T00:03:20Z
EVT-FRS-002092,6002092,2011646,016098,3005286,15000,2026-08-22T21:51:09Z,銀行振込,increment-run-003,workshop-participant,donation_events_003.csv,2026-09-01T00:03:20Z
EVT-FRS-003437,6003437,2011191,112071,3001439,10000,2026-08-22T21:58:19Z,電子決済,increment-run-003,workshop-participant,donation_events_003.csv,2026-09-01T00:03:20Z
EVT-FRS-014353,6014353,2002692,342131,3001475,8000,2026-08-22T22:01:02Z,クレジットカード,increment-run-003,workshop-participant,donation_events_003.csv,2026-09-01T00:03:20Z
EVT-FRS-005416,6005416,2000343,122211,3002839,12000,2026-08-22T22:06:08Z,クレジットカード,increment-run-003,workshop-participant,donation_events_003.csv,2026-09-01T00:03:20Z
EVT-FRS-013252,6013252,2001696,402192,3005528,10000,2026-08-22T22:08:29Z,電子決済,increment-run-003,workshop-participant,donation_events_003.csv,2026-09-01T00:03:20Z
EVT-FRS-008793,6008793,2009437,012122,3002547,20000,2026-08-22T22:12:47Z,コンビニ決済,increment-run-003,workshop-participant,donation_events_003.csv,2026-09-01T00:03:20Z
EVT-FRS-012620,6012620,2002435,052094,3001279,25000,2026-08-22T22:16:20Z,電子決済,increment-run-003,workshop-participant,donation_events_003.csv,2026-09-01T00:03:20Z
EVT-FRS-009037,6009037,2001870,141305,3003591,10000,2026-08-22T22:20:29Z,電子決済,increment-run-003,workshop-participant,donation_events_003.csv,2026-09-01T00:03:20Z
EVT-FRS-008274,6008274,2011125,075434,3003937,50000,2026-08-22T22:21:54Z,電子決済,increment-run-003,workshop-participant,donation_events_003.csv,2026-09-01T00:03:20Z
EVT-FRS-001149,6001149,2010855,012190,3004508,12000,2026-08-22T22:23:38Z,クレジットカード,increment-run-003,workshop-participant,donation_events_003.csv,2026-09-01T00:03:20Z
EVT-FRS-005869,6005869,2009956,392014,3005116,5000,2026-08-22T22:24:06Z,クレジットカード,increment-run-003,workshop-participant,donation_events_003.csv,2026-09-01T00:03:20Z
EVT-FRS-011305,6011305,2001344,402036,3005295,5000,2026-08-22T22:26:05Z,コンビニ決済,increment-run-003,workshop-participant,donation_events_003.csv,2026-09-01T00:03:20Z
EVT-FRS-014762,6014762,2004563,012238,3001524,10000,2026-08-22T22:26:55Z,クレジットカード,increment-run-003,workshop-participant,donation_events_003.csv,2026-09-01T00:03:20Z
EVT-FRS-011067,6011067,2005711,242128,3000904,40000,2026-08-22T22:32:44Z,クレジットカード,increment-run-003,workshop-participant,donation_events_003.csv,2026-09-01T00:03:20Z
EVT-FRS-006679,6006679,2007049,222267,3005121,12000,2026-08-22T22:37:20Z,電子決済,increment-run-003,workshop-participant,donation_events_003.csv,2026-09-01T00:03:20Z
EVT-FRS-010153,6010153,2004897,363421,3003011,12000,2026-08-22T22:50:21Z,電子決済,increment-run-003,workshop-participant,donation_events_003.csv,2026-09-01T00:03:20Z
EVT-FRS-011691,6011691,2009949,271004,3004746,20000,2026-08-22T22:59:32Z,クレジットカード,increment-run-003,workshop-participant,donation_events_003.csv,2026-09-01T00:03:20Z
EVT-FRS-002667,6002667,2004831,432113,3000212,15000,2026-08-22T23:03:36Z,電子決済,increment-run-003,workshop-participant,donation_events_003.csv,2026-09-01T00:03:20Z
EVT-FRS-012485,6012485,2001496,292010,3001151,20000,2026-08-22T23:06:28Z,クレジットカード,increment-run-003,workshop-participant,donation_events_003.csv,2026-09-01T00:03:20Z
EVT-FRS-012579,6012579,2006485,012246,3000588,20000,2026-08-22T23:09:08Z,電子決済,increment-run-003,workshop-participant,donation_events_003.csv,2026-09-01T00:03:20Z
EVT-FRS-003702,6003702,2008691,182010,3001372,20000,2026-08-22T23:10:20Z,クレジットカード,increment-run-003,workshop-participant,donation_events_003.csv,2026-09-01T00:03:20Z
EVT-FRS-011967,6011967,2007395,142166,3005648,10000,2026-08-22T23:10:47Z,コンビニ決済,increment-run-003,workshop-participant,donation_events_003.csv,2026-09-01T00:03:20Z
EVT-FRS-006592,6006592,2005646,172090,3002898,10000,2026-08-22T23:12:17Z,クレジットカード,increment-run-003,workshop-participant,donation_events_003.csv,2026-09-01T00:03:20Z
EVT-FRS-009462,6009462,2008788,232254,3001562,25000,2026-08-22T23:19:11Z,電子決済,increment-run-003,workshop-participant,donation_events_003.csv,2026-09-01T00:03:20Z
EVT-FRS-001766,6001766,2004389,292010,3001952,20000,2026-08-22T23:23:59Z,銀行振込,increment-run-003,workshop-participant,donation_events_003.csv,2026-09-01T00:03:20Z
EVT-FRS-007316,6007316,2011338,103845,3004225,10000,2026-08-22T23:26:33Z,銀行振込,increment-run-003,workshop-participant,donation_events_003.csv,2026-09-01T00:03:20Z
EVT-FRS-008559,6008559,2002830,432148,3000945,20000,2026-08-22T23:28:54Z,クレジットカード,increment-run-003,workshop-participant,donation_events_003.csv,2026-09-01T00:03:20Z
EVT-FRS-012952,6012952,2004307,192121,3002006,5000,2026-08-22T23:34:44Z,クレジットカード,increment-run-003,workshop-participant,donation_events_003.csv,2026-09-01T00:03:20Z
EVT-FRS-009349,6009349,2009345,252093,3000074,15000,2026-08-22T23:37:53Z,クレジットカード,increment-run-003,workshop-participant,donation_events_003.csv,2026-09-01T00:03:20Z
EVT-FRS-005467,6005467,2010607,182028,3002137,70000,2026-08-22T23:46:57Z,クレジットカード,increment-run-003,workshop-participant,donation_events_003.csv,2026-09-01T00:03:20Z
EVT-FRS-003117,6003117,2004413,162019,3002130,8000,2026-08-22T23:47:30Z,クレジットカード,increment-run-003,workshop-participant,donation_events_003.csv,2026-09-01T00:03:20Z
EVT-FRS-007980,6007980,2000141,192040,3004126,20000,2026-08-22T23:52:04Z,クレジットカード,increment-run-003,workshop-participant,donation_events_003.csv,2026-09-01T00:03:20Z
EVT-FRS-003431,6003431,2001805,363421,3003011,10000,2026-08-22T23:56:35Z,コンビニ決済,increment-run-003,workshop-participant,donation_events_003.csv,2026-09-01T00:03:20Z
EVT-FRS-007273,6007273,2005017,422100,3002248,20000,2026-08-23T00:03:31Z,クレジットカード,increment-run-003,workshop-participant,donation_events_003.csv,2026-09-01T00:03:20Z
EVT-FRS-014900,6014900,2001767,452084,3002388,30000,2026-08-23T00:05:17Z,クレジットカード,increment-run-003,workshop-participant,donation_events_003.csv,2026-09-01T00:03:20Z
EVT-FRS-006205,6006205,2007195,382019,3004717,20000,2026-08-23T00:12:36Z,電子決済,increment-run-003,workshop-participant,donation_events_003.csv,2026-09-01T00:03:20Z
EVT-FRS-003202,6003202,2004686,142018,3000087,25000,2026-08-23T00:15:12Z,コンビニ決済,increment-run-003,workshop-participant,donation_events_003.csv,2026-09-01T00:03:20Z
EVT-FRS-010015,6010015,2009335,182087,3003170,30000,2026-08-23T00:21:17Z,銀行振込,increment-run-003,workshop-participant,donation_events_003.csv,2026-09-01T00:03:20Z
EVT-FRS-004170,6004170,2007267,362077,3001243,10000,2026-08-23T00:25:02Z,クレジットカード,increment-run-003,workshop-participant,donation_events_003.csv,2026-09-01T00:03:20Z
EVT-FRS-003258,6003258,2008194,042021,3004800,10000,2026-08-23T00:26:44Z,電子決済,increment-run-003,workshop-participant,donation_events_003.csv,2026-09-01T00:03:20Z
EVT-FRS-003279,6003279,2007338,142131,3003940,20000,2026-08-23T00:26:57Z,電子決済,increment-run-003,workshop-participant,donation_events_003.csv,2026-09-01T00:03:20Z
EVT-FRS-013778,6013778,2004708,192112,3002586,15000,2026-08-23T00:27:26Z,クレジットカード,increment-run-003,workshop-participant,donation_events_003.csv,2026-09-01T00:03:20Z
EVT-FRS-012244,6012244,2001298,232157,3005582,12000,2026-08-23T00:27:42Z,クレジットカード,increment-run-003,workshop-participant,donation_events_003.csv,2026-09-01T00:03:20Z
EVT-FRS-006481,6006481,2009972,122351,3002051,25000,2026-08-23T00:32:28Z,銀行振込,increment-run-003,workshop-participant,donation_events_003.csv,2026-09-01T00:03:20Z
EVT-FRS-009296,6009296,2004172,232220,3001611,30000,2026-08-23T00:35:21Z,クレジットカード,increment-run-003,workshop-participant,donation_events_003.csv,2026-09-01T00:03:20Z
EVT-FRS-002341,6002341,2011806,473502,3005367,10000,2026-08-23T00:39:08Z,クレジットカード,increment-run-003,workshop-participant,donation_events_003.csv,2026-09-01T00:03:20Z
EVT-FRS-007408,6007408,2001717,012092,3003696,10000,2026-08-23T00:39:55Z,クレジットカード,increment-run-003,workshop-participant,donation_events_003.csv,2026-09-01T00:03:20Z
EVT-FRS-008607,6008607,2006045,282065,3003392,8000,2026-08-23T00:47:28Z,コンビニ決済,increment-run-003,workshop-participant,donation_events_003.csv,2026-09-01T00:03:20Z
EVT-FRS-003984,6003984,2010774,112372,3001483,5000,2026-08-23T00:48:35Z,銀行振込,increment-run-003,workshop-participant,donation_events_003.csv,2026-09-01T00:03:20Z
EVT-FRS-007106,6007106,2006671,012033,3001206,10000,2026-08-23T00:49:57Z,クレジットカード,increment-run-003,workshop-participant,donation_events_003.csv,2026-09-01T00:03:20Z
EVT-FRS-010742,6010742,2009072,252034,3005091,10000,2026-08-23T00:50:05Z,クレジットカード,increment-run-003,workshop-participant,donation_events_003.csv,2026-09-01T00:03:20Z
EVT-FRS-010464,6010464,2007882,334618,3003955,8000,2026-08-23T00:51:05Z,クレジットカード,increment-run-003,workshop-participant,donation_events_003.csv,2026-09-01T00:03:20Z
EVT-FRS-013739,6013739,2007367,012092,3003636,50000,2026-08-23T00:51:27Z,クレジットカード,increment-run-003,workshop-participant,donation_events_003.csv,2026-09-01T00:03:20Z
EVT-FRS-011783,6011783,2009513,464686,3003694,12000,2026-08-23T00:52:22Z,銀行振込,increment-run-003,workshop-participant,donation_events_003.csv,2026-09-01T00:03:20Z
EVT-FRS-014688,6014688,2011072,062014,3000114,25000,2026-08-23T00:54:23Z,クレジットカード,increment-run-003,workshop-participant,donation_events_003.csv,2026-09-01T00:03:20Z
EVT-FRS-007637,6007637,2001902,142158,3003215,15000,2026-08-23T00:59:24Z,電子決済,increment-run-003,workshop-participant,donation_events_003.csv,2026-09-01T00:03:20Z
EVT-FRS-007423,6007423,2003342,392081,3002879,20000,2026-08-23T01:00:49Z,クレジットカード,increment-run-003,workshop-participant,donation_events_003.csv,2026-09-01T00:03:20Z
EVT-FRS-007454,6007454,2011942,272132,3000484,5000,2026-08-23T01:07:16Z,電子決済,increment-run-003,workshop-participant,donation_events_003.csv,2026-09-01T00:03:20Z
EVT-FRS-012733,6012733,2004450,252085,3000925,12000,2026-08-23T01:10:36Z,クレジットカード,increment-run-003,workshop-participant,donation_events_003.csv,2026-09-01T00:03:20Z
EVT-FRS-013224,6013224,2002127,012173,3004992,60000,2026-08-23T01:14:03Z,銀行振込,increment-run-003,workshop-participant,donation_events_003.csv,2026-09-01T00:03:20Z
EVT-FRS-009742,6009742,2007471,402133,3000546,20000,2026-08-23T01:20:06Z,クレジットカード,increment-run-003,workshop-participant,donation_events_003.csv,2026-09-01T00:03:20Z
EVT-FRS-010834,6010834,2002540,252034,3005112,30000,2026-08-23T01:22:18Z,クレジットカード,increment-run-003,workshop-participant,donation_events_003.csv,2026-09-01T00:03:20Z
EVT-FRS-004534,6004534,2000892,302023,3004352,10000,2026-08-23T01:24:25Z,電子決済,increment-run-003,workshop-participant,donation_events_003.csv,2026-09-01T00:03:20Z
EVT-FRS-014187,6014187,2001902,152226,3005631,20000,2026-08-23T01:35:19Z,コンビニ決済,increment-run-003,workshop-participant,donation_events_003.csv,2026-09-01T00:03:20Z
EVT-FRS-011393,6011393,2004040,063649,3005775,10000,2026-08-23T01:38:58Z,コンビニ決済,increment-run-003,workshop-participant,donation_events_003.csv,2026-09-01T00:03:20Z
EVT-FRS-007578,6007578,2004865,044016,3000894,10000,2026-08-23T01:39:28Z,クレジットカード,increment-run-003,workshop-participant,donation_events_003.csv,2026-09-01T00:03:20Z
EVT-FRS-002647,6002647,2006085,452025,3003435,10000,2026-08-23T01:41:25Z,銀行振込,increment-run-003,workshop-participant,donation_events_003.csv,2026-09-01T00:03:20Z
EVT-FRS-007104,6007104,2006358,342122,3004159,15000,2026-08-23T01:44:01Z,銀行振込,increment-run-003,workshop-participant,donation_events_003.csv,2026-09-01T00:03:20Z
EVT-FRS-012397,6012397,2006111,143626,3005355,12000,2026-08-23T01:44:21Z,電子決済,increment-run-003,workshop-participant,donation_events_003.csv,2026-09-01T00:03:20Z
EVT-FRS-006551,6006551,2008936,282197,3003282,15000,2026-08-23T01:45:14Z,クレジットカード,increment-run-003,workshop-participant,donation_events_003.csv,2026-09-01T00:03:20Z
EVT-FRS-011334,6011334,2010338,112020,3002647,25000,2026-08-23T01:49:03Z,コンビニ決済,increment-run-003,workshop-participant,donation_events_003.csv,2026-09-01T00:03:20Z
EVT-FRS-009166,6009166,2004011,122041,3000073,25000,2026-08-23T01:53:52Z,電子決済,increment-run-003,workshop-participant,donation_events_003.csv,2026-09-01T00:03:20Z
EVT-FRS-000782,6000782,2000681,016098,3003091,10000,2026-08-23T01:57:41Z,銀行振込,increment-run-003,workshop-participant,donation_events_003.csv,2026-09-01T00:03:20Z
EVT-FRS-002380,6002380,2006157,464821,3004543,20000,2026-08-23T01:58:31Z,コンビニ決済,increment-run-003,workshop-participant,donation_events_003.csv,2026-09-01T00:03:20Z
EVT-FRS-011999,6011999,2009100,252042,3002429,12000,2026-08-23T02:00:15Z,クレジットカード,increment-run-003,workshop-participant,donation_events_003.csv,2026-09-01T00:03:20Z
EVT-FRS-010663,6010663,2000056,341002,3004993,8000,2026-08-23T02:02:22Z,クレジットカード,increment-run-003,workshop-participant,donation_events_003.csv,2026-09-01T00:03:20Z
EVT-FRS-005725,6005725,2002197,402257,3005411,5000,2026-08-23T02:03:45Z,銀行振込,increment-run-003,workshop-participant,donation_events_003.csv,2026-09-01T00:03:20Z
EVT-FRS-014847,6014847,2007556,232289,3004774,10000,2026-08-23T02:03:48Z,銀行振込,increment-run-003,workshop-participant,donation_events_003.csv,2026-09-01T00:03:20Z
EVT-FRS-006087,6006087,2010789,232378,3003470,40000,2026-08-23T02:04:58Z,電子決済,increment-run-003,workshop-participant,donation_events_003.csv,2026-09-01T00:03:20Z
EVT-FRS-010066,6010066,2002129,432130,3000852,15000,2026-08-23T02:09:52Z,電子決済,increment-run-003,workshop-participant,donation_events_003.csv,2026-09-01T00:03:20Z
EVT-FRS-014723,6014723,2003767,012220,3003077,15000,2026-08-23T02:10:14Z,電子決済,increment-run-003,workshop-participant,donation_events_003.csv,2026-09-01T00:03:20Z
EVT-FRS-009000,6009000,2010114,092029,3003714,15000,2026-08-23T02:11:29Z,コンビニ決済,increment-run-003,workshop-participant,donation_events_003.csv,2026-09-01T00:03:20Z
EVT-FRS-012938,6012938,2010234,362085,3004055,12000,2026-08-23T02:12:02Z,クレジットカード,increment-run-003,workshop-participant,donation_events_003.csv,2026-09-01T00:03:20Z
EVT-FRS-012379,6012379,2007647,352080,3003909,15000,2026-08-23T02:12:58Z,電子決済,increment-run-003,workshop-participant,donation_events_003.csv,2026-09-01T00:03:20Z
EVT-FRS-004367,6004367,2003447,435121,3000711,15000,2026-08-23T02:14:22Z,クレジットカード,increment-run-003,workshop-participant,donation_events_003.csv,2026-09-01T00:03:20Z
EVT-FRS-008362,6008362,2008891,102113,3005350,20000,2026-08-23T02:22:09Z,クレジットカード,increment-run-003,workshop-participant,donation_events_003.csv,2026-09-01T00:03:20Z
EVT-FRS-006385,6006385,2003194,202118,3002622,20000,2026-08-23T02:23:54Z,銀行振込,increment-run-003,workshop-participant,donation_events_003.csv,2026-09-01T00:03:20Z
EVT-FRS-014317,6014317,2001678,402192,3004203,30000,2026-08-23T02:24:42Z,クレジットカード,increment-run-003,workshop-participant,donation_events_003.csv,2026-09-01T00:03:20Z
EVT-FRS-001947,6001947,2008622,132209,3000356,15000,2026-08-23T02:30:03Z,クレジットカード,increment-run-003,workshop-participant,donation_events_003.csv,2026-09-01T00:03:20Z
EVT-FRS-010209,6010209,2001442,412066,3003776,10000,2026-08-23T02:32:40Z,コンビニ決済,increment-run-003,workshop-participant,donation_events_003.csv,2026-09-01T00:03:20Z
EVT-FRS-014881,6014881,2010702,062031,3005710,8000,2026-08-23T02:39:33Z,クレジットカード,increment-run-003,workshop-participant,donation_events_003.csv,2026-09-01T00:03:20Z
EVT-FRS-009195,6009195,2005721,292125,3001198,8000,2026-08-23T02:48:34Z,クレジットカード,increment-run-003,workshop-participant,donation_events_003.csv,2026-09-01T00:03:20Z
EVT-FRS-007840,6007840,2002107,282189,3003232,10000,2026-08-23T02:53:30Z,電子決済,increment-run-003,workshop-participant,donation_events_003.csv,2026-09-01T00:03:20Z
EVT-FRS-003748,6003748,2009026,282243,3000625,15000,2026-08-23T02:55:40Z,電子決済,increment-run-003,workshop-participant,donation_events_003.csv,2026-09-01T00:03:20Z
EVT-FRS-014307,6014307,2007921,235636,3005977,8000,2026-08-23T03:08:18Z,クレジットカード,increment-run-003,workshop-participant,donation_events_003.csv,2026-09-01T00:03:20Z
EVT-FRS-000076,6000076,2001533,262081,3001565,8000,2026-08-23T03:10:58Z,銀行振込,increment-run-003,workshop-participant,donation_events_003.csv,2026-09-01T00:03:20Z
EVT-FRS-004403,6004403,2009578,282049,3004141,25000,2026-08-23T03:13:48Z,クレジットカード,increment-run-003,workshop-participant,donation_events_003.csv,2026-09-01T00:03:20Z
EVT-FRS-005604,6005604,2008078,212083,3004324,15000,2026-08-23T03:15:21Z,クレジットカード,increment-run-003,workshop-participant,donation_events_003.csv,2026-09-01T00:03:20Z
EVT-FRS-002164,6002164,2002592,422070,3004311,10000,2026-08-23T03:15:43Z,クレジットカード,increment-run-003,workshop-participant,donation_events_003.csv,2026-09-01T00:03:20Z
EVT-FRS-012742,6012742,2011008,112305,3004215,30000,2026-08-23T03:17:29Z,クレジットカード,increment-run-003,workshop-participant,donation_events_003.csv,2026-09-01T00:03:20Z
EVT-FRS-001222,6001222,2011682,142069,3004199,12000,2026-08-23T03:18:47Z,クレジットカード,increment-run-003,workshop-participant,donation_events_003.csv,2026-09-01T00:03:20Z
EVT-FRS-000616,6000616,2000656,452025,3002265,20000,2026-08-23T03:21:01Z,クレジットカード,increment-run-003,workshop-participant,donation_events_003.csv,2026-09-01T00:03:20Z
EVT-FRS-003790,6003790,2001819,452025,3004334,20000,2026-08-23T03:21:02Z,電子決済,increment-run-003,workshop-participant,donation_events_003.csv,2026-09-01T00:03:20Z
EVT-FRS-010706,6010706,2005857,402184,3001031,5000,2026-08-23T03:26:22Z,クレジットカード,increment-run-003,workshop-participant,donation_events_003.csv,2026-09-01T00:03:20Z
EVT-FRS-011685,6011685,2009139,082309,3002425,5000,2026-08-23T03:28:16Z,電子決済,increment-run-003,workshop-participant,donation_events_003.csv,2026-09-01T00:03:20Z
EVT-FRS-010995,6010995,2003182,235628,3003502,70000,2026-08-23T03:29:37Z,クレジットカード,increment-run-003,workshop-participant,donation_events_003.csv,2026-09-01T00:03:20Z
EVT-FRS-003528,6003528,2005467,102113,3004092,10000,2026-08-23T03:30:11Z,クレジットカード,increment-run-003,workshop-participant,donation_events_003.csv,2026-09-01T00:03:20Z
EVT-FRS-003687,6003687,2008328,052019,3002495,15000,2026-08-23T03:30:36Z,クレジットカード,increment-run-003,workshop-participant,donation_events_003.csv,2026-09-01T00:03:20Z
EVT-FRS-010019,6010019,2007270,012246,3002511,5000,2026-08-23T03:36:37Z,クレジットカード,increment-run-003,workshop-participant,donation_events_003.csv,2026-09-01T00:03:20Z
EVT-FRS-001804,6001804,2004845,212059,3003985,30000,2026-08-23T03:39:18Z,電子決済,increment-run-003,workshop-participant,donation_events_003.csv,2026-09-01T00:03:20Z
EVT-FRS-011506,6011506,2005727,452025,3002730,5000,2026-08-23T03:44:15Z,クレジットカード,increment-run-003,workshop-participant,donation_events_003.csv,2026-09-01T00:03:20Z
EVT-FRS-011477,6011477,2009557,042081,3001968,20000,2026-08-23T03:45:52Z,クレジットカード,increment-run-003,workshop-participant,donation_events_003.csv,2026-09-01T00:03:20Z
EVT-FRS-009958,6009958,2005929,392103,3001991,10000,2026-08-23T03:50:51Z,クレジットカード,increment-run-003,workshop-participant,donation_events_003.csv,2026-09-01T00:03:20Z
EVT-FRS-010965,6010965,2011253,372030,3001797,50000,2026-08-23T03:51:25Z,クレジットカード,increment-run-003,workshop-participant,donation_events_003.csv,2026-09-01T00:03:20Z
EVT-FRS-000939,6000939,2008000,222241,3001694,10000,2026-08-23T03:53:02Z,銀行振込,increment-run-003,workshop-participant,donation_events_003.csv,2026-09-01T00:03:20Z
EVT-FRS-011796,6011796,2011085,012190,3001672,15000,2026-08-23T03:55:30Z,クレジットカード,increment-run-003,workshop-participant,donation_events_003.csv,2026-09-01T00:03:20Z
EVT-FRS-009523,6009523,2006481,082031,3000169,8000,2026-08-23T03:55:49Z,クレジットカード,increment-run-003,workshop-participant,donation_events_003.csv,2026-09-01T00:03:20Z
EVT-FRS-009389,6009389,2010359,082201,3004493,30000,2026-08-23T03:56:31Z,クレジットカード,increment-run-003,workshop-participant,donation_events_003.csv,2026-09-01T00:03:20Z
EVT-FRS-003800,6003800,2011230,104299,3003588,10000,2026-08-23T03:57:03Z,クレジットカード,increment-run-003,workshop-participant,donation_events_003.csv,2026-09-01T00:03:20Z
EVT-FRS-013770,6013770,2008480,282227,3000640,20000,2026-08-23T03:59:48Z,クレジットカード,increment-run-003,workshop-participant,donation_events_003.csv,2026-09-01T00:03:20Z
EVT-FRS-005816,6005816,2007743,222241,3003706,12000,2026-08-23T04:01:04Z,クレジットカード,increment-run-003,workshop-participant,donation_events_003.csv,2026-09-01T00:03:20Z
EVT-FRS-000551,6000551,2009876,312029,3003766,10000,2026-08-23T04:02:37Z,クレジットカード,increment-run-003,workshop-participant,donation_events_003.csv,2026-09-01T00:03:20Z
EVT-FRS-011891,6011891,2002370,282278,3005137,12000,2026-08-23T04:08:21Z,コンビニ決済,increment-run-003,workshop-participant,donation_events_003.csv,2026-09-01T00:03:20Z
EVT-FRS-001855,6001855,2007184,212016,3001830,10000,2026-08-23T04:08:58Z,クレジットカード,increment-run-003,workshop-participant,donation_events_003.csv,2026-09-01T00:03:20Z
EVT-FRS-002644,6002644,2001574,212032,3001418,5000,2026-08-23T04:09:46Z,電子決済,increment-run-003,workshop-participant,donation_events_003.csv,2026-09-01T00:03:20Z
EVT-FRS-007224,6007224,2003503,072125,3003032,20000,2026-08-23T04:20:13Z,電子決済,increment-run-003,workshop-participant,donation_events_003.csv,2026-09-01T00:03:20Z
EVT-FRS-008327,6008327,2000738,012122,3002547,15000,2026-08-23T04:28:20Z,電子決済,increment-run-003,workshop-participant,donation_events_003.csv,2026-09-01T00:03:20Z
EVT-FRS-002528,6002528,2006688,322032,3002157,10000,2026-08-23T04:29:54Z,コンビニ決済,increment-run-003,workshop-participant,donation_events_003.csv,2026-09-01T00:03:20Z
EVT-FRS-003765,6003765,2010539,222127,3003026,20000,2026-08-23T04:30:32Z,コンビニ決済,increment-run-003,workshop-participant,donation_events_003.csv,2026-09-01T00:03:20Z
EVT-FRS-001790,6001790,2003258,132012,3000427,12000,2026-08-23T04:31:15Z,クレジットカード,increment-run-003,workshop-participant,donation_events_003.csv,2026-09-01T00:03:20Z
EVT-FRS-007733,6007733,2006255,112275,3000716,15000,2026-08-23T04:31:36Z,クレジットカード,increment-run-003,workshop-participant,donation_events_003.csv,2026-09-01T00:03:20Z
EVT-FRS-009309,6009309,2000935,432024,3005815,10000,2026-08-23T04:32:01Z,クレジットカード,increment-run-003,workshop-participant,donation_events_003.csv,2026-09-01T00:03:20Z
EVT-FRS-002699,6002699,2003017,232238,3005843,10000,2026-08-23T04:32:56Z,クレジットカード,increment-run-003,workshop-participant,donation_events_003.csv,2026-09-01T00:03:20Z
EVT-FRS-007311,6007311,2001117,112216,3003056,25000,2026-08-23T04:35:17Z,クレジットカード,increment-run-003,workshop-participant,donation_events_003.csv,2026-09-01T00:03:20Z
EVT-FRS-012516,6012516,2005794,192023,3004539,5000,2026-08-23T04:42:02Z,クレジットカード,increment-run-003,workshop-participant,donation_events_003.csv,2026-09-01T00:03:20Z
EVT-FRS-003022,6003022,2009725,454036,3001753,5000,2026-08-23T04:42:18Z,銀行振込,increment-run-003,workshop-participant,donation_events_003.csv,2026-09-01T00:03:20Z
EVT-FRS-000654,6000654,2003160,282022,3005891,20000,2026-08-23T04:50:27Z,クレジットカード,increment-run-003,workshop-participant,donation_events_003.csv,2026-09-01T00:03:20Z
EVT-FRS-001052,6001052,2007557,013919,3005602,10000,2026-08-23T04:50:56Z,銀行振込,increment-run-003,workshop-participant,donation_events_003.csv,2026-09-01T00:03:20Z
EVT-FRS-012568,6012568,2002693,122262,3003378,30000,2026-08-23T04:57:03Z,電子決済,increment-run-003,workshop-participant,donation_events_003.csv,2026-09-01T00:03:20Z
EVT-FRS-001161,6001161,2003251,072125,3000315,12000,2026-08-23T05:01:51Z,電子決済,increment-run-003,workshop-participant,donation_events_003.csv,2026-09-01T00:03:20Z
EVT-FRS-010006,6010006,2010932,152251,3000545,10000,2026-08-23T05:03:16Z,クレジットカード,increment-run-003,workshop-participant,donation_events_003.csv,2026-09-01T00:03:20Z
EVT-FRS-002141,6002141,2004481,172073,3004109,10000,2026-08-23T05:03:51Z,クレジットカード,increment-run-003,workshop-participant,donation_events_003.csv,2026-09-01T00:03:20Z
EVT-FRS-007614,6007614,2011603,392014,3005116,25000,2026-08-23T05:07:28Z,クレジットカード,increment-run-003,workshop-participant,donation_events_003.csv,2026-09-01T00:03:20Z
EVT-FRS-009474,6009474,2002275,052159,3003068,5000,2026-08-23T05:13:13Z,銀行振込,increment-run-003,workshop-participant,donation_events_003.csv,2026-09-01T00:03:20Z
EVT-FRS-001907,6001907,2003263,232050,3002217,10000,2026-08-23T05:20:22Z,銀行振込,increment-run-003,workshop-participant,donation_events_003.csv,2026-09-01T00:03:20Z
EVT-FRS-014554,6014554,2000115,232050,3001452,12000,2026-08-23T05:24:30Z,クレジットカード,increment-run-003,workshop-participant,donation_events_003.csv,2026-09-01T00:03:20Z
EVT-FRS-011576,6011576,2006165,232386,3000161,15000,2026-08-23T05:26:33Z,クレジットカード,increment-run-003,workshop-participant,donation_events_003.csv,2026-09-01T00:03:20Z
EVT-FRS-012268,6012268,2003946,182052,3005669,20000,2026-08-23T05:32:07Z,クレジットカード,increment-run-003,workshop-participant,donation_events_003.csv,2026-09-01T00:03:20Z
EVT-FRS-006554,6006554,2010526,142131,3003940,10000,2026-08-23T05:35:52Z,クレジットカード,increment-run-003,workshop-participant,donation_events_003.csv,2026-09-01T00:03:20Z
EVT-FRS-014567,6014567,2011261,422029,3004961,15000,2026-08-23T05:38:30Z,銀行振込,increment-run-003,workshop-participant,donation_events_003.csv,2026-09-01T00:03:20Z
EVT-FRS-001046,6001046,2005859,112127,3003393,5000,2026-08-23T05:49:27Z,クレジットカード,increment-run-003,workshop-participant,donation_events_003.csv,2026-09-01T00:03:20Z
EVT-FRS-005362,6005362,2008417,262048,3003529,10000,2026-08-23T05:50:10Z,銀行振込,increment-run-003,workshop-participant,donation_events_003.csv,2026-09-01T00:03:20Z
EVT-FRS-005454,6005454,2004440,162094,3002151,10000,2026-08-23T05:52:00Z,クレジットカード,increment-run-003,workshop-participant,donation_events_003.csv,2026-09-01T00:03:20Z
EVT-FRS-009447,6009447,2001233,262099,3004868,5000,2026-08-23T05:54:02Z,クレジットカード,increment-run-003,workshop-participant,donation_events_003.csv,2026-09-01T00:03:20Z
EVT-FRS-006959,6006959,2007604,272132,3000484,30000,2026-08-23T05:55:02Z,コンビニ決済,increment-run-003,workshop-participant,donation_events_003.csv,2026-09-01T00:03:20Z
EVT-FRS-007040,6007040,2010271,072133,3000436,5000,2026-08-23T05:56:06Z,クレジットカード,increment-run-003,workshop-participant,donation_events_003.csv,2026-09-01T00:03:20Z
EVT-FRS-002361,6002361,2005696,072044,3003719,8000,2026-08-23T05:56:14Z,クレジットカード,increment-run-003,workshop-participant,donation_events_003.csv,2026-09-01T00:03:20Z
EVT-FRS-004548,6004548,2003283,232157,3005108,10000,2026-08-23T06:05:30Z,クレジットカード,increment-run-003,workshop-participant,donation_events_003.csv,2026-09-01T00:03:20Z
EVT-FRS-014044,6014044,2007562,016314,3000439,15000,2026-08-23T06:05:48Z,クレジットカード,increment-run-003,workshop-participant,donation_events_003.csv,2026-09-01T00:03:20Z
EVT-FRS-000902,6000902,2007407,282049,3005452,10000,2026-08-23T06:11:32Z,クレジットカード,increment-run-003,workshop-participant,donation_events_003.csv,2026-09-01T00:03:20Z
EVT-FRS-004929,6004929,2003201,402184,3001031,5000,2026-08-23T06:12:23Z,クレジットカード,increment-run-003,workshop-participant,donation_events_003.csv,2026-09-01T00:03:20Z
EVT-FRS-011412,6011412,2003273,462225,3004840,50000,2026-08-23T06:13:08Z,クレジットカード,increment-run-003,workshop-participant,donation_events_003.csv,2026-09-01T00:03:20Z
EVT-FRS-001326,6001326,2004116,352101,3002500,12000,2026-08-23T06:14:30Z,クレジットカード,increment-run-003,workshop-participant,donation_events_003.csv,2026-09-01T00:03:20Z
EVT-FRS-003904,6003904,2005443,111007,3000668,20000,2026-08-23T06:17:01Z,銀行振込,increment-run-003,workshop-participant,donation_events_003.csv,2026-09-01T00:03:20Z
EVT-FRS-006012,6006012,2006599,152129,3002587,12000,2026-08-23T06:17:37Z,クレジットカード,increment-run-003,workshop-participant,donation_events_003.csv,2026-09-01T00:03:20Z
EVT-FRS-002201,6002201,2011007,262072,3000765,25000,2026-08-23T06:21:30Z,クレジットカード,increment-run-003,workshop-participant,donation_events_003.csv,2026-09-01T00:03:20Z
EVT-FRS-006223,6006223,2005393,442119,3005322,40000,2026-08-23T06:22:55Z,クレジットカード,increment-run-003,workshop-participant,donation_events_003.csv,2026-09-01T00:03:20Z
EVT-FRS-000097,6000097,2002190,242101,3002709,30000,2026-08-23T06:24:51Z,電子決済,increment-run-003,workshop-participant,donation_events_003.csv,2026-09-01T00:03:20Z
EVT-FRS-010957,6010957,2009426,012106,3001437,10000,2026-08-23T06:28:06Z,クレジットカード,increment-run-003,workshop-participant,donation_events_003.csv,2026-09-01T00:03:20Z
EVT-FRS-013932,6013932,2004705,032026,3001042,12000,2026-08-23T06:31:24Z,クレジットカード,increment-run-003,workshop-participant,donation_events_003.csv,2026-09-01T00:03:20Z
EVT-FRS-013351,6013351,2009375,222127,3001668,15000,2026-08-23T06:37:56Z,クレジットカード,increment-run-003,workshop-participant,donation_events_003.csv,2026-09-01T00:03:20Z
EVT-FRS-000337,6000337,2005891,092011,3001752,50000,2026-08-23T06:52:22Z,クレジットカード,increment-run-003,workshop-participant,donation_events_003.csv,2026-09-01T00:03:20Z
EVT-FRS-005897,6005897,2005258,192112,3000891,10000,2026-08-23T06:53:14Z,クレジットカード,increment-run-003,workshop-participant,donation_events_003.csv,2026-09-01T00:03:20Z
EVT-FRS-007238,6007238,2009444,082287,3000284,8000,2026-08-23T06:55:42Z,電子決済,increment-run-003,workshop-participant,donation_events_003.csv,2026-09-01T00:03:20Z
EVT-FRS-008687,6008687,2007692,152129,3002587,8000,2026-08-23T06:55:47Z,電子決済,increment-run-003,workshop-participant,donation_events_003.csv,2026-09-01T00:03:20Z
EVT-FRS-014271,6014271,2000181,082317,3001272,15000,2026-08-23T07:00:23Z,クレジットカード,increment-run-003,workshop-participant,donation_events_003.csv,2026-09-01T00:03:20Z
EVT-FRS-005150,6005150,2004436,432105,3005876,5000,2026-08-23T07:00:48Z,クレジットカード,increment-run-003,workshop-participant,donation_events_003.csv,2026-09-01T00:03:20Z
EVT-FRS-000823,6000823,2002241,022071,3005607,10000,2026-08-23T07:02:48Z,クレジットカード,increment-run-003,workshop-participant,donation_events_003.csv,2026-09-01T00:03:20Z
EVT-FRS-008555,6008555,2006400,272116,3003872,25000,2026-08-23T07:07:39Z,クレジットカード,increment-run-003,workshop-participant,donation_events_003.csv,2026-09-01T00:03:20Z
EVT-FRS-011028,6011028,2001065,262064,3000908,10000,2026-08-23T07:09:15Z,クレジットカード,increment-run-003,workshop-participant,donation_events_003.csv,2026-09-01T00:03:20Z
EVT-FRS-000997,6000997,2008285,012165,3001377,10000,2026-08-23T07:11:44Z,電子決済,increment-run-003,workshop-participant,donation_events_003.csv,2026-09-01T00:03:20Z
EVT-FRS-008934,6008934,2000598,382043,3005763,12000,2026-08-23T07:15:10Z,クレジットカード,increment-run-003,workshop-participant,donation_events_003.csv,2026-09-01T00:03:20Z
EVT-FRS-009336,6009336,2003542,452041,3004484,20000,2026-08-23T07:20:59Z,銀行振込,increment-run-003,workshop-participant,donation_events_003.csv,2026-09-01T00:03:20Z
EVT-FRS-008652,6008652,2005231,212211,3001068,8000,2026-08-23T07:21:19Z,クレジットカード,increment-run-003,workshop-participant,donation_events_003.csv,2026-09-01T00:03:20Z
EVT-FRS-008990,6008990,2009152,282227,3003663,10000,2026-08-23T07:27:39Z,コンビニ決済,increment-run-003,workshop-participant,donation_events_003.csv,2026-09-01T00:03:20Z
EVT-FRS-011167,6011167,2001754,282065,3003392,5000,2026-08-23T07:30:23Z,電子決済,increment-run-003,workshop-participant,donation_events_003.csv,2026-09-01T00:03:20Z
EVT-FRS-004382,6004382,2002073,016047,3000750,10000,2026-08-23T07:39:07Z,銀行振込,increment-run-003,workshop-participant,donation_events_003.csv,2026-09-01T00:03:20Z
EVT-FRS-002220,6002220,2008626,452025,3002730,30000,2026-08-23T07:41:16Z,クレジットカード,increment-run-003,workshop-participant,donation_events_003.csv,2026-09-01T00:03:20Z
EVT-FRS-006479,6006479,2004156,132039,3005335,20000,2026-08-23T07:41:18Z,クレジットカード,increment-run-003,workshop-participant,donation_events_003.csv,2026-09-01T00:03:20Z
EVT-FRS-003704,6003704,2003524,402117,3002515,10000,2026-08-23T07:42:11Z,電子決済,increment-run-003,workshop-participant,donation_events_003.csv,2026-09-01T00:03:20Z
EVT-FRS-007970,6007970,2010130,124435,3000423,20000,2026-08-23T07:42:52Z,クレジットカード,increment-run-003,workshop-participant,donation_events_003.csv,2026-09-01T00:03:20Z
EVT-FRS-014433,6014433,2011598,212172,3005152,10000,2026-08-23T07:42:58Z,電子決済,increment-run-003,workshop-participant,donation_events_003.csv,2026-09-01T00:03:20Z
EVT-FRS-010032,6010032,2005418,382078,3001410,20000,2026-08-23T07:44:55Z,銀行振込,increment-run-003,workshop-participant,donation_events_003.csv,2026-09-01T00:03:20Z
EVT-FRS-012631,6012631,2009602,121002,3002290,12000,2026-08-23T07:45:06Z,クレジットカード,increment-run-003,workshop-participant,donation_events_003.csv,2026-09-01T00:03:20Z
EVT-FRS-007391,6007391,2000330,114421,3005189,15000,2026-08-23T07:48:03Z,銀行振込,increment-run-003,workshop-participant,donation_events_003.csv,2026-09-01T00:03:20Z
EVT-FRS-000325,6000325,2005684,044229,3004068,10000,2026-08-23T07:50:19Z,クレジットカード,increment-run-003,workshop-participant,donation_events_003.csv,2026-09-01T00:03:20Z
EVT-FRS-004363,6004363,2004256,222119,3005757,10000,2026-08-23T07:51:35Z,クレジットカード,increment-run-003,workshop-participant,donation_events_003.csv,2026-09-01T00:03:20Z
EVT-FRS-002434,6002434,2006665,232211,3003977,10000,2026-08-23T07:58:16Z,クレジットカード,increment-run-003,workshop-participant,donation_events_003.csv,2026-09-01T00:03:20Z
EVT-FRS-012373,6012373,2003587,272141,3003340,15000,2026-08-23T08:07:42Z,クレジットカード,increment-run-003,workshop-participant,donation_events_003.csv,2026-09-01T00:03:20Z
EVT-FRS-004074,6004074,2002321,012271,3001232,5000,2026-08-23T08:07:51Z,クレジットカード,increment-run-003,workshop-participant,donation_events_003.csv,2026-09-01T00:03:20Z
EVT-FRS-000835,6000835,2005976,082309,3005003,10000,2026-08-23T08:11:14Z,電子決済,increment-run-003,workshop-participant,donation_events_003.csv,2026-09-01T00:03:20Z
EVT-FRS-003806,6003806,2006455,332143,3003867,10000,2026-08-23T08:17:12Z,クレジットカード,increment-run-003,workshop-participant,donation_events_003.csv,2026-09-01T00:03:20Z
EVT-FRS-011828,6011828,2006033,093840,3000737,5000,2026-08-23T08:17:24Z,電子決済,increment-run-003,workshop-participant,donation_events_003.csv,2026-09-01T00:03:20Z
EVT-FRS-005857,6005857,2006335,015504,3001131,25000,2026-08-23T08:20:52Z,クレジットカード,increment-run-003,workshop-participant,donation_events_003.csv,2026-09-01T00:03:20Z
EVT-FRS-000757,6000757,2004096,082104,3002102,20000,2026-08-23T08:28:22Z,クレジットカード,increment-run-003,workshop-participant,donation_events_003.csv,2026-09-01T00:03:20Z
EVT-FRS-013421,6013421,2005700,015598,3003441,30000,2026-08-23T08:30:32Z,銀行振込,increment-run-003,workshop-participant,donation_events_003.csv,2026-09-01T00:03:20Z
EVT-FRS-007171,6007171,2004923,052019,3003187,30000,2026-08-23T08:31:00Z,クレジットカード,increment-run-003,workshop-participant,donation_events_003.csv,2026-09-01T00:03:20Z
EVT-FRS-009207,6009207,2000861,092169,3004115,15000,2026-08-23T08:31:13Z,クレジットカード,increment-run-003,workshop-participant,donation_events_003.csv,2026-09-01T00:03:20Z
EVT-FRS-008730,6008730,2000088,163236,3004602,15000,2026-08-23T08:32:20Z,クレジットカード,increment-run-003,workshop-participant,donation_events_003.csv,2026-09-01T00:03:20Z
EVT-FRS-011701,6011701,2010841,392103,3001858,5000,2026-08-23T08:36:16Z,電子決済,increment-run-003,workshop-participant,donation_events_003.csv,2026-09-01T00:03:20Z
EVT-FRS-003737,6003737,2010845,182109,3004695,25000,2026-08-23T08:36:40Z,クレジットカード,increment-run-003,workshop-participant,donation_events_003.csv,2026-09-01T00:03:20Z
EVT-FRS-007333,6007333,2002336,272132,3003896,30000,2026-08-23T08:42:35Z,クレジットカード,increment-run-003,workshop-participant,donation_events_003.csv,2026-09-01T00:03:20Z
EVT-FRS-006701,6006701,2011250,122050,3002098,20000,2026-08-23T08:43:22Z,クレジットカード,increment-run-003,workshop-participant,donation_events_003.csv,2026-09-01T00:03:20Z
EVT-FRS-002435,6002435,2009986,012084,3001038,25000,2026-08-23T08:43:40Z,電子決済,increment-run-003,workshop-participant,donation_events_003.csv,2026-09-01T00:03:20Z
EVT-FRS-014742,6014742,2010716,092134,3004933,10000,2026-08-23T08:48:52Z,クレジットカード,increment-run-003,workshop-participant,donation_events_003.csv,2026-09-01T00:03:20Z
EVT-FRS-004149,6004149,2005676,122050,3001193,10000,2026-08-23T08:52:42Z,クレジットカード,increment-run-003,workshop-participant,donation_events_003.csv,2026-09-01T00:03:20Z
EVT-FRS-012839,6012839,2003130,142174,3001616,8000,2026-08-23T09:01:49Z,クレジットカード,increment-run-003,workshop-participant,donation_events_003.csv,2026-09-01T00:03:20Z
EVT-FRS-006420,6006420,2010165,012319,3005203,60000,2026-08-23T09:02:03Z,クレジットカード,increment-run-003,workshop-participant,donation_events_003.csv,2026-09-01T00:03:20Z
EVT-FRS-004981,6004981,2005351,222127,3004278,10000,2026-08-23T09:03:18Z,銀行振込,increment-run-003,workshop-participant,donation_events_003.csv,2026-09-01T00:03:20Z
EVT-FRS-006567,6006567,2006006,215023,3003870,5000,2026-08-23T09:06:42Z,銀行振込,increment-run-003,workshop-participant,donation_events_003.csv,2026-09-01T00:03:20Z
EVT-FRS-013580,6013580,2002625,182044,3004869,50000,2026-08-23T09:08:25Z,クレジットカード,increment-run-003,workshop-participant,donation_events_003.csv,2026-09-01T00:03:20Z
EVT-FRS-012323,6012323,2006534,462161,3004424,5000,2026-08-23T09:15:48Z,クレジットカード,increment-run-003,workshop-participant,donation_events_003.csv,2026-09-01T00:03:20Z
EVT-FRS-009656,6009656,2010228,212067,3005307,20000,2026-08-23T09:18:16Z,クレジットカード,increment-run-003,workshop-participant,donation_events_003.csv,2026-09-01T00:03:20Z
EVT-FRS-013322,6013322,2006827,372030,3003274,25000,2026-08-23T09:23:01Z,銀行振込,increment-run-003,workshop-participant,donation_events_003.csv,2026-09-01T00:03:20Z
EVT-FRS-006810,6006810,2002177,341002,3001594,10000,2026-08-23T09:29:04Z,電子決済,increment-run-003,workshop-participant,donation_events_003.csv,2026-09-01T00:03:20Z
EVT-FRS-011885,6011885,2009890,016471,3000542,20000,2026-08-23T09:35:03Z,クレジットカード,increment-run-003,workshop-participant,donation_events_003.csv,2026-09-01T00:03:20Z
EVT-FRS-013954,6013954,2004739,332127,3002431,15000,2026-08-23T09:40:56Z,クレジットカード,increment-run-003,workshop-participant,donation_events_003.csv,2026-09-01T00:03:20Z
EVT-FRS-001898,6001898,2007066,052027,3001951,15000,2026-08-23T09:48:29Z,クレジットカード,increment-run-003,workshop-participant,donation_events_003.csv,2026-09-01T00:03:20Z
EVT-FRS-006077,6006077,2002205,112101,3003414,30000,2026-08-23T09:48:30Z,クレジットカード,increment-run-003,workshop-participant,donation_events_003.csv,2026-09-01T00:03:20Z
EVT-FRS-001516,6001516,2004957,422096,3005809,20000,2026-08-23T10:08:19Z,クレジットカード,increment-run-003,workshop-participant,donation_events_003.csv,2026-09-01T00:03:20Z
EVT-FRS-009337,6009337,2009427,215074,3003358,20000,2026-08-23T10:15:27Z,クレジットカード,increment-run-003,workshop-participant,donation_events_003.csv,2026-09-01T00:03:20Z
EVT-FRS-012962,6012962,2008606,382078,3003717,25000,2026-08-23T10:18:49Z,クレジットカード,increment-run-003,workshop-participant,donation_events_003.csv,2026-09-01T00:03:20Z
EVT-FRS-003454,6003454,2011067,202061,3003175,20000,2026-08-23T10:20:25Z,クレジットカード,increment-run-003,workshop-participant,donation_events_003.csv,2026-09-01T00:03:20Z
EVT-FRS-005101,6005101,2007901,232041,3001782,10000,2026-08-23T10:22:24Z,クレジットカード,increment-run-003,workshop-participant,donation_events_003.csv,2026-09-01T00:03:20Z
EVT-FRS-004756,6004756,2006119,102059,3002465,20000,2026-08-23T10:25:08Z,電子決済,increment-run-003,workshop-participant,donation_events_003.csv,2026-09-01T00:03:20Z
EVT-FRS-009418,6009418,2000926,452025,3002265,50000,2026-08-23T10:29:09Z,クレジットカード,increment-run-003,workshop-participant,donation_events_003.csv,2026-09-01T00:03:20Z
EVT-FRS-011984,6011984,2001622,472077,3001492,5000,2026-08-23T10:34:10Z,クレジットカード,increment-run-003,workshop-participant,donation_events_003.csv,2026-09-01T00:03:20Z
EVT-FRS-005871,6005871,2004097,272060,3000620,10000,2026-08-23T10:38:14Z,クレジットカード,increment-run-003,workshop-participant,donation_events_003.csv,2026-09-01T00:03:20Z
EVT-FRS-011033,6011033,2002886,294462,3004668,20000,2026-08-23T10:40:24Z,コンビニ決済,increment-run-003,workshop-participant,donation_events_003.csv,2026-09-01T00:03:20Z
EVT-FRS-008448,6008448,2003270,252018,3004667,8000,2026-08-23T10:40:56Z,クレジットカード,increment-run-003,workshop-participant,donation_events_003.csv,2026-09-01T00:03:20Z
EVT-FRS-014257,6014257,2011134,024121,3005029,20000,2026-08-23T10:41:51Z,クレジットカード,increment-run-003,workshop-participant,donation_events_003.csv,2026-09-01T00:03:20Z
EVT-FRS-014066,6014066,2007045,422029,3001045,15000,2026-08-23T10:44:23Z,クレジットカード,increment-run-003,workshop-participant,donation_events_003.csv,2026-09-01T00:03:20Z
EVT-FRS-008979,6008979,2003743,122157,3000277,5000,2026-08-23T10:45:18Z,電子決済,increment-run-003,workshop-participant,donation_events_003.csv,2026-09-01T00:03:20Z
EVT-FRS-009172,6009172,2007274,402061,3004258,10000,2026-08-23T10:54:23Z,クレジットカード,increment-run-003,workshop-participant,donation_events_003.csv,2026-09-01T00:03:20Z
EVT-FRS-002708,6002708,2005945,072044,3003719,15000,2026-08-23T10:56:04Z,コンビニ決済,increment-run-003,workshop-participant,donation_events_003.csv,2026-09-01T00:03:20Z
EVT-FRS-001626,6001626,2001339,406473,3002769,10000,2026-08-23T10:58:14Z,クレジットカード,increment-run-003,workshop-participant,donation_events_003.csv,2026-09-01T00:03:20Z
EVT-FRS-003287,6003287,2011493,462187,3004448,15000,2026-08-23T11:00:21Z,クレジットカード,increment-run-003,workshop-participant,donation_events_003.csv,2026-09-01T00:03:20Z
EVT-FRS-000135,6000135,2000410,402079,3001987,25000,2026-08-23T11:15:00Z,クレジットカード,increment-run-003,workshop-participant,donation_events_003.csv,2026-09-01T00:03:20Z
EVT-FRS-004925,6004925,2002995,192058,3000939,20000,2026-08-23T11:16:40Z,電子決済,increment-run-003,workshop-participant,donation_events_003.csv,2026-09-01T00:03:20Z
EVT-FRS-013134,6013134,2011453,112313,3003968,25000,2026-08-23T11:20:14Z,クレジットカード,increment-run-003,workshop-participant,donation_events_003.csv,2026-09-01T00:03:20Z
EVT-FRS-003851,6003851,2011436,052060,3002727,20000,2026-08-23T11:23:01Z,電子決済,increment-run-003,workshop-participant,donation_events_003.csv,2026-09-01T00:03:20Z
EVT-FRS-003610,6003610,2007628,082261,3003315,25000,2026-08-23T11:25:09Z,電子決済,increment-run-003,workshop-participant,donation_events_003.csv,2026-09-01T00:03:20Z
EVT-FRS-001300,6001300,2003381,272132,3000548,10000,2026-08-23T11:30:57Z,電子決済,increment-run-003,workshop-participant,donation_events_003.csv,2026-09-01T00:03:20Z
EVT-FRS-000071,6000071,2004476,192121,3000778,12000,2026-08-23T11:32:59Z,クレジットカード,increment-run-003,workshop-participant,donation_events_003.csv,2026-09-01T00:03:20Z
EVT-FRS-005534,6005534,2008259,232076,3002384,10000,2026-08-23T11:34:08Z,コンビニ決済,increment-run-003,workshop-participant,donation_events_003.csv,2026-09-01T00:03:20Z
EVT-FRS-003186,6003186,2008010,082325,3003980,15000,2026-08-23T11:37:29Z,クレジットカード,increment-run-003,workshop-participant,donation_events_003.csv,2026-09-01T00:03:20Z
EVT-FRS-003630,6003630,2009803,012220,3004280,40000,2026-08-23T11:37:31Z,コンビニ決済,increment-run-003,workshop-participant,donation_events_003.csv,2026-09-01T00:03:20Z
EVT-FRS-007359,6007359,2004748,232327,3003728,20000,2026-08-23T11:41:10Z,電子決済,increment-run-003,workshop-participant,donation_events_003.csv,2026-09-01T00:03:20Z
EVT-FRS-007531,6007531,2009772,452025,3004014,8000,2026-08-23T11:42:02Z,コンビニ決済,increment-run-003,workshop-participant,donation_events_003.csv,2026-09-01T00:03:20Z
EVT-FRS-002057,6002057,2003394,202142,3001993,10000,2026-08-23T11:43:27Z,クレジットカード,increment-run-003,workshop-participant,donation_events_003.csv,2026-09-01T00:03:20Z
EVT-FRS-003631,6003631,2005008,132021,3004346,20000,2026-08-23T11:46:08Z,クレジットカード,increment-run-003,workshop-participant,donation_events_003.csv,2026-09-01T00:03:20Z
EVT-FRS-009157,6009157,2010518,392031,3002504,15000,2026-08-23T11:52:49Z,銀行振込,increment-run-003,workshop-participant,donation_events_003.csv,2026-09-01T00:03:20Z
EVT-FRS-000832,6000832,2002428,112348,3001779,30000,2026-08-23T11:53:02Z,クレジットカード,increment-run-003,workshop-participant,donation_events_003.csv,2026-09-01T00:03:20Z
EVT-FRS-014383,6014383,2006594,422070,3002682,5000,2026-08-23T11:54:40Z,コンビニ決済,increment-run-003,workshop-participant,donation_events_003.csv,2026-09-01T00:03:20Z
EVT-FRS-004691,6004691,2000280,472140,3000761,10000,2026-08-23T11:55:11Z,クレジットカード,increment-run-003,workshop-participant,donation_events_003.csv,2026-09-01T00:03:20Z
EVT-FRS-006877,6006877,2005379,074446,3001756,15000,2026-08-23T11:55:39Z,クレジットカード,increment-run-003,workshop-participant,donation_events_003.csv,2026-09-01T00:03:20Z
EVT-FRS-012392,6012392,2001290,112275,3005180,20000,2026-08-23T11:57:55Z,銀行振込,increment-run-003,workshop-participant,donation_events_003.csv,2026-09-01T00:03:20Z
EVT-FRS-010658,6010658,2010976,092118,3001432,20000,2026-08-23T12:01:32Z,クレジットカード,increment-run-003,workshop-participant,donation_events_003.csv,2026-09-01T00:03:20Z
EVT-FRS-000191,6000191,2010403,131113,3003554,25000,2026-08-23T12:02:17Z,電子決済,increment-run-003,workshop-participant,donation_events_003.csv,2026-09-01T00:03:20Z
EVT-FRS-001094,6001094,2001198,402231,3005283,10000,2026-08-23T12:02:59Z,クレジットカード,increment-run-003,workshop-participant,donation_events_003.csv,2026-09-01T00:03:20Z
EVT-FRS-002143,6002143,2009937,382019,3000282,8000,2026-08-23T12:03:06Z,コンビニ決済,increment-run-003,workshop-participant,donation_events_003.csv,2026-09-01T00:03:20Z
EVT-FRS-008027,6008027,2010047,192023,3001711,20000,2026-08-23T12:07:57Z,クレジットカード,increment-run-003,workshop-participant,donation_events_003.csv,2026-09-01T00:03:20Z
EVT-FRS-002930,6002930,2001227,282049,3002762,10000,2026-08-23T12:12:17Z,銀行振込,increment-run-003,workshop-participant,donation_events_003.csv,2026-09-01T00:03:20Z
EVT-FRS-000228,6000228,2010019,382027,3001378,10000,2026-08-23T12:20:05Z,コンビニ決済,increment-run-003,workshop-participant,donation_events_003.csv,2026-09-01T00:03:20Z
EVT-FRS-003220,6003220,2000946,432041,3001761,12000,2026-08-23T12:25:23Z,クレジットカード,increment-run-003,workshop-participant,donation_events_003.csv,2026-09-01T00:03:20Z
EVT-FRS-000839,6000839,2009321,262013,3002409,10000,2026-08-23T12:28:25Z,クレジットカード,increment-run-003,workshop-participant,donation_events_003.csv,2026-09-01T00:03:20Z
EVT-FRS-014316,6014316,2004208,312029,3003101,15000,2026-08-23T12:31:31Z,クレジットカード,increment-run-003,workshop-participant,donation_events_003.csv,2026-09-01T00:03:20Z
EVT-FRS-004398,6004398,2001482,122122,3001464,10000,2026-08-23T12:35:26Z,クレジットカード,increment-run-003,workshop-participant,donation_events_003.csv,2026-09-01T00:03:20Z
EVT-FRS-011814,6011814,2000369,082368,3002064,15000,2026-08-23T12:38:08Z,クレジットカード,increment-run-003,workshop-participant,donation_events_003.csv,2026-09-01T00:03:20Z
EVT-FRS-000101,6000101,2010074,442089,3001449,10000,2026-08-23T12:38:57Z,クレジットカード,increment-run-003,workshop-participant,donation_events_003.csv,2026-09-01T00:03:20Z
EVT-FRS-000625,6000625,2011718,062103,3004743,10000,2026-08-23T12:54:14Z,クレジットカード,increment-run-003,workshop-participant,donation_events_003.csv,2026-09-01T00:03:20Z
EVT-FRS-005859,6005859,2011897,282090,3001988,8000,2026-08-23T12:59:32Z,クレジットカード,increment-run-003,workshop-participant,donation_events_003.csv,2026-09-01T00:03:20Z
EVT-FRS-006446,6006446,2007676,012343,3005414,5000,2026-08-23T13:03:52Z,クレジットカード,increment-run-003,workshop-participant,donation_events_003.csv,2026-09-01T00:03:20Z
EVT-FRS-005727,6005727,2011578,052132,3005222,5000,2026-08-23T13:05:53Z,コンビニ決済,increment-run-003,workshop-participant,donation_events_003.csv,2026-09-01T00:03:20Z
EVT-FRS-014754,6014754,2009582,252026,3003156,10000,2026-08-23T13:12:30Z,電子決済,increment-run-003,workshop-participant,donation_events_003.csv,2026-09-01T00:03:20Z
EVT-FRS-003888,6003888,2004812,402117,3002329,20000,2026-08-23T13:13:04Z,クレジットカード,increment-run-003,workshop-participant,donation_events_003.csv,2026-09-01T00:03:20Z
EVT-FRS-012152,6012152,2002635,205621,3000009,10000,2026-08-23T13:13:24Z,クレジットカード,increment-run-003,workshop-participant,donation_events_003.csv,2026-09-01T00:03:20Z
EVT-FRS-000064,6000064,2001576,112071,3003734,5000,2026-08-23T13:14:37Z,電子決済,increment-run-003,workshop-participant,donation_events_003.csv,2026-09-01T00:03:20Z
EVT-FRS-005977,6005977,2005275,012190,3001672,8000,2026-08-23T13:14:41Z,クレジットカード,increment-run-003,workshop-participant,donation_events_003.csv,2026-09-01T00:03:20Z
EVT-FRS-010974,6010974,2008384,472131,3001851,5000,2026-08-23T13:18:48Z,クレジットカード,increment-run-003,workshop-participant,donation_events_003.csv,2026-09-01T00:03:20Z
EVT-FRS-006766,6006766,2006097,282049,3004141,20000,2026-08-23T13:19:48Z,クレジットカード,increment-run-003,workshop-participant,donation_events_003.csv,2026-09-01T00:03:20Z
EVT-FRS-007180,6007180,2010414,032131,3005978,25000,2026-08-23T13:24:16Z,クレジットカード,increment-run-003,workshop-participant,donation_events_003.csv,2026-09-01T00:03:20Z
EVT-FRS-014192,6014192,2000031,132195,3003568,60000,2026-08-23T13:24:45Z,クレジットカード,increment-run-003,workshop-participant,donation_events_003.csv,2026-09-01T00:03:20Z
EVT-FRS-008159,6008159,2011237,232149,3003556,15000,2026-08-23T13:25:45Z,クレジットカード,increment-run-003,workshop-participant,donation_events_003.csv,2026-09-01T00:03:20Z
EVT-FRS-006191,6006191,2004205,232220,3001611,10000,2026-08-23T13:27:23Z,クレジットカード,increment-run-003,workshop-participant,donation_events_003.csv,2026-09-01T00:03:20Z
EVT-FRS-010024,6010024,2011389,402061,3000878,12000,2026-08-23T13:27:39Z,電子決済,increment-run-003,workshop-participant,donation_events_003.csv,2026-09-01T00:03:20Z
EVT-FRS-010000,6010000,2003520,112119,3003552,10000,2026-08-23T13:28:41Z,銀行振込,increment-run-003,workshop-participant,donation_events_003.csv,2026-09-01T00:03:20Z
EVT-FRS-008012,6008012,2003382,202193,3001615,10000,2026-08-23T13:37:07Z,電子決済,increment-run-003,workshop-participant,donation_events_003.csv,2026-09-01T00:03:20Z
EVT-FRS-002585,6002585,2004014,393011,3001936,5000,2026-08-23T13:40:04Z,電子決済,increment-run-003,workshop-participant,donation_events_003.csv,2026-09-01T00:03:20Z
EVT-FRS-000547,6000547,2009680,242071,3002692,12000,2026-08-23T13:46:58Z,コンビニ決済,increment-run-003,workshop-participant,donation_events_003.csv,2026-09-01T00:03:20Z
EVT-FRS-000202,6000202,2004296,152242,3005366,10000,2026-08-23T13:47:08Z,クレジットカード,increment-run-003,workshop-participant,donation_events_003.csv,2026-09-01T00:03:20Z
EVT-FRS-011082,6011082,2008572,202045,3004803,10000,2026-08-23T13:47:09Z,電子決済,increment-run-003,workshop-participant,donation_events_003.csv,2026-09-01T00:03:20Z
EVT-FRS-002851,6002851,2005058,212121,3002693,5000,2026-08-23T13:48:17Z,クレジットカード,increment-run-003,workshop-participant,donation_events_003.csv,2026-09-01T00:03:20Z
EVT-FRS-002297,6002297,2000178,112321,3004709,5000,2026-08-23T13:48:55Z,銀行振込,increment-run-003,workshop-participant,donation_events_003.csv,2026-09-01T00:03:20Z
EVT-FRS-002369,6002369,2010716,402265,3001490,20000,2026-08-23T13:51:32Z,電子決済,increment-run-003,workshop-participant,donation_events_003.csv,2026-09-01T00:03:20Z
EVT-FRS-012556,6012556,2002204,012246,3004628,15000,2026-08-23T13:52:15Z,クレジットカード,increment-run-003,workshop-participant,donation_events_003.csv,2026-09-01T00:03:20Z
EVT-FRS-003622,6003622,2011641,452025,3003435,10000,2026-08-23T13:56:32Z,銀行振込,increment-run-003,workshop-participant,donation_events_003.csv,2026-09-01T00:03:20Z
EVT-FRS-012037,6012037,2002598,262099,3004868,20000,2026-08-23T13:58:17Z,銀行振込,increment-run-003,workshop-participant,donation_events_003.csv,2026-09-01T00:03:20Z
EVT-FRS-013699,6013699,2004605,272116,3003184,20000,2026-08-23T13:59:17Z,クレジットカード,increment-run-003,workshop-participant,donation_events_003.csv,2026-09-01T00:03:20Z
EVT-FRS-003389,6003389,2010346,142174,3001616,10000,2026-08-23T14:06:41Z,クレジットカード,increment-run-003,workshop-participant,donation_events_003.csv,2026-09-01T00:03:20Z
EVT-FRS-002865,6002865,2010732,322059,3000456,8000,2026-08-23T14:09:06Z,クレジットカード,increment-run-003,workshop-participant,donation_events_003.csv,2026-09-01T00:03:20Z
EVT-FRS-009395,6009395,2002760,222127,3000099,12000,2026-08-23T14:13:46Z,クレジットカード,increment-run-003,workshop-participant,donation_events_003.csv,2026-09-01T00:03:20Z
EVT-FRS-000622,6000622,2010369,272132,3003896,10000,2026-08-23T14:17:27Z,クレジットカード,increment-run-003,workshop-participant,donation_events_003.csv,2026-09-01T00:03:20Z
EVT-FRS-003103,6003103,2007604,102024,3004038,20000,2026-08-23T14:22:12Z,クレジットカード,increment-run-003,workshop-participant,donation_events_003.csv,2026-09-01T00:03:20Z
EVT-FRS-012426,6012426,2000246,402117,3000556,10000,2026-08-23T14:22:18Z,クレジットカード,increment-run-003,workshop-participant,donation_events_003.csv,2026-09-01T00:03:20Z
EVT-FRS-001295,6001295,2005137,282103,3005275,30000,2026-08-23T14:28:13Z,クレジットカード,increment-run-003,workshop-participant,donation_events_003.csv,2026-09-01T00:03:20Z
EVT-FRS-005691,6005691,2009265,102113,3005350,8000,2026-08-23T14:28:49Z,クレジットカード,increment-run-003,workshop-participant,donation_events_003.csv,2026-09-01T00:03:20Z
EVT-FRS-013481,6013481,2007798,182028,3004323,10000,2026-08-23T14:30:17Z,クレジットカード,increment-run-003,workshop-participant,donation_events_003.csv,2026-09-01T00:03:20Z
EVT-FRS-002497,6002497,2006463,022047,3004984,10000,2026-08-23T14:30:25Z,銀行振込,increment-run-003,workshop-participant,donation_events_003.csv,2026-09-01T00:03:20Z
EVT-FRS-010813,6010813,2005221,102105,3003311,50000,2026-08-23T14:30:50Z,クレジットカード,increment-run-003,workshop-participant,donation_events_003.csv,2026-09-01T00:03:20Z
EVT-FRS-001221,6001221,2011281,464686,3002300,5000,2026-08-23T14:43:48Z,電子決済,increment-run-003,workshop-participant,donation_events_003.csv,2026-09-01T00:03:20Z
EVT-FRS-013100,6013100,2008234,222160,3004554,12000,2026-08-23T14:44:38Z,クレジットカード,increment-run-003,workshop-participant,donation_events_003.csv,2026-09-01T00:03:20Z
EVT-FRS-002420,6002420,2001256,152111,3005708,12000,2026-08-23T14:47:28Z,コンビニ決済,increment-run-003,workshop-participant,donation_events_003.csv,2026-09-01T00:03:20Z
EVT-FRS-013981,6013981,2003888,013986,3000986,10000,2026-08-23T14:58:35Z,クレジットカード,increment-run-003,workshop-participant,donation_events_003.csv,2026-09-01T00:03:20Z
EVT-FRS-008198,6008198,2010606,433691,3002942,15000,2026-08-23T15:02:00Z,クレジットカード,increment-run-003,workshop-participant,donation_events_003.csv,2026-09-01T00:03:20Z
EVT-FRS-012262,6012262,2001324,012084,3001038,30000,2026-08-23T15:02:11Z,クレジットカード,increment-run-003,workshop-participant,donation_events_003.csv,2026-09-01T00:03:20Z
EVT-FRS-012817,6012817,2005303,012190,3004508,20000,2026-08-23T15:04:26Z,コンビニ決済,increment-run-003,workshop-participant,donation_events_003.csv,2026-09-01T00:03:20Z
EVT-FRS-005711,6005711,2001774,252140,3003192,10000,2026-08-23T15:05:46Z,クレジットカード,increment-run-003,workshop-participant,donation_events_003.csv,2026-09-01T00:03:20Z
EVT-FRS-001661,6001661,2006739,142166,3005251,10000,2026-08-23T15:07:14Z,電子決済,increment-run-003,workshop-participant,donation_events_003.csv,2026-09-01T00:03:20Z
EVT-FRS-003420,6003420,2007744,232157,3003410,15000,2026-08-23T15:08:41Z,コンビニ決済,increment-run-003,workshop-participant,donation_events_003.csv,2026-09-01T00:03:20Z
EVT-FRS-012310,6012310,2009115,182028,3002137,15000,2026-08-23T15:09:23Z,クレジットカード,increment-run-003,workshop-participant,donation_events_003.csv,2026-09-01T00:03:20Z
EVT-FRS-006311,6006311,2003600,342050,3000717,5000,2026-08-23T15:10:50Z,クレジットカード,increment-run-003,workshop-participant,donation_events_003.csv,2026-09-01T00:03:20Z
EVT-FRS-007185,6007185,2000614,215210,3005551,10000,2026-08-23T15:13:15Z,クレジットカード,increment-run-003,workshop-participant,donation_events_003.csv,2026-09-01T00:03:20Z
EVT-FRS-013515,6013515,2009065,232106,3002114,10000,2026-08-23T15:14:09Z,クレジットカード,increment-run-003,workshop-participant,donation_events_003.csv,2026-09-01T00:03:20Z
EVT-FRS-012978,6012978,2001283,282103,3002698,10000,2026-08-23T15:16:18Z,クレジットカード,increment-run-003,workshop-participant,donation_events_003.csv,2026-09-01T00:03:20Z
EVT-FRS-006687,6006687,2003313,053686,3000164,10000,2026-08-23T15:18:32Z,電子決済,increment-run-003,workshop-participant,donation_events_003.csv,2026-09-01T00:03:20Z
EVT-FRS-003326,6003326,2000670,452025,3005996,10000,2026-08-23T15:21:10Z,クレジットカード,increment-run-003,workshop-participant,donation_events_003.csv,2026-09-01T00:03:20Z
EVT-FRS-005315,6005315,2005450,272108,3005463,10000,2026-08-23T15:23:56Z,クレジットカード,increment-run-003,workshop-participant,donation_events_003.csv,2026-09-01T00:03:20Z
EVT-FRS-004463,6004463,2006610,332135,3005998,20000,2026-08-23T15:25:14Z,クレジットカード,increment-run-003,workshop-participant,donation_events_003.csv,2026-09-01T00:03:20Z
EVT-FRS-006576,6006576,2008966,016934,3004206,10000,2026-08-23T15:30:22Z,クレジットカード,increment-run-003,workshop-participant,donation_events_003.csv,2026-09-01T00:03:20Z
EVT-FRS-009663,6009663,2007542,016489,3004964,50000,2026-08-23T15:40:42Z,クレジットカード,increment-run-003,workshop-participant,donation_events_003.csv,2026-09-01T00:03:20Z
EVT-FRS-005029,6005029,2001959,012173,3003541,10000,2026-08-23T15:41:11Z,電子決済,increment-run-003,workshop-participant,donation_events_003.csv,2026-09-01T00:03:20Z
EVT-FRS-003435,6003435,2003992,362069,3005186,15000,2026-08-23T15:42:39Z,クレジットカード,increment-run-003,workshop-participant,donation_events_003.csv,2026-09-01T00:03:20Z
EVT-FRS-004238,6004238,2005992,062065,3005361,10000,2026-08-23T15:47:57Z,クレジットカード,increment-run-003,workshop-participant,donation_events_003.csv,2026-09-01T00:03:20Z
EVT-FRS-013133,6013133,2000304,452025,3003952,10000,2026-08-23T15:52:37Z,銀行振込,increment-run-003,workshop-participant,donation_events_003.csv,2026-09-01T00:03:20Z
EVT-FRS-000178,6000178,2001381,012190,3001672,15000,2026-08-23T15:55:43Z,クレジットカード,increment-run-003,workshop-participant,donation_events_003.csv,2026-09-01T00:03:20Z
EVT-FRS-005119,6005119,2009668,052078,3003224,20000,2026-08-23T15:56:00Z,クレジットカード,increment-run-003,workshop-participant,donation_events_003.csv,2026-09-01T00:03:20Z
EVT-FRS-013431,6013431,2005523,122297,3003117,12000,2026-08-23T16:00:34Z,クレジットカード,increment-run-003,workshop-participant,donation_events_003.csv,2026-09-01T00:03:20Z
EVT-FRS-001953,6001953,2000508,052019,3004026,15000,2026-08-23T16:01:09Z,クレジットカード,increment-run-003,workshop-participant,donation_events_003.csv,2026-09-01T00:03:20Z
EVT-FRS-004383,6004383,2006764,272256,3002740,20000,2026-08-23T16:05:49Z,銀行振込,increment-run-003,workshop-participant,donation_events_003.csv,2026-09-01T00:03:20Z
EVT-FRS-014867,6014867,2011217,452025,3002265,10000,2026-08-23T16:13:03Z,クレジットカード,increment-run-003,workshop-participant,donation_events_003.csv,2026-09-01T00:03:20Z
EVT-FRS-006935,6006935,2009040,462233,3005834,20000,2026-08-23T16:15:04Z,銀行振込,increment-run-003,workshop-participant,donation_events_003.csv,2026-09-01T00:03:20Z
EVT-FRS-008428,6008428,2003511,092045,3004683,30000,2026-08-23T16:21:33Z,クレジットカード,increment-run-003,workshop-participant,donation_events_003.csv,2026-09-01T00:03:20Z
EVT-FRS-006044,6006044,2004545,462136,3005966,8000,2026-08-23T16:25:22Z,銀行振込,increment-run-003,workshop-participant,donation_events_003.csv,2026-09-01T00:03:20Z
EVT-FRS-012211,6012211,2006469,272183,3003516,30000,2026-08-23T16:28:03Z,電子決済,increment-run-003,workshop-participant,donation_events_003.csv,2026-09-01T00:03:20Z
EVT-FRS-007360,6007360,2010275,172120,3003102,15000,2026-08-23T16:34:00Z,電子決済,increment-run-003,workshop-participant,donation_events_003.csv,2026-09-01T00:03:20Z
EVT-FRS-007564,6007564,2006529,202142,3002964,20000,2026-08-23T16:39:31Z,クレジットカード,increment-run-003,workshop-participant,donation_events_003.csv,2026-09-01T00:03:20Z
EVT-FRS-012903,6012903,2010938,242144,3002837,15000,2026-08-23T16:39:59Z,クレジットカード,increment-run-003,workshop-participant,donation_events_003.csv,2026-09-01T00:03:20Z
EVT-FRS-001916,6001916,2004176,242144,3004112,10000,2026-08-23T16:45:44Z,クレジットカード,increment-run-003,workshop-participant,donation_events_003.csv,2026-09-01T00:03:20Z
EVT-FRS-000889,6000889,2002852,082112,3003621,20000,2026-08-23T16:49:41Z,クレジットカード,increment-run-003,workshop-participant,donation_events_003.csv,2026-09-01T00:03:20Z
EVT-FRS-013992,6013992,2009454,342114,3003738,15000,2026-08-23T16:56:57Z,電子決済,increment-run-003,workshop-participant,donation_events_003.csv,2026-09-01T00:03:20Z
EVT-FRS-002578,6002578,2009300,131164,3003832,15000,2026-08-23T16:59:59Z,クレジットカード,increment-run-003,workshop-participant,donation_events_003.csv,2026-09-01T00:03:20Z
EVT-FRS-000148,6000148,2001904,016489,3005128,40000,2026-08-23T17:01:13Z,コンビニ決済,increment-run-003,workshop-participant,donation_events_003.csv,2026-09-01T00:03:20Z
EVT-FRS-008066,6008066,2008590,422053,3003824,25000,2026-08-23T17:02:06Z,銀行振込,increment-run-003,workshop-participant,donation_events_003.csv,2026-09-01T00:03:20Z
EVT-FRS-011713,6011713,2008923,022063,3001320,30000,2026-08-23T17:04:04Z,クレジットカード,increment-run-003,workshop-participant,donation_events_003.csv,2026-09-01T00:03:20Z
EVT-FRS-009490,6009490,2005792,032026,3005692,5000,2026-08-23T17:09:10Z,銀行振込,increment-run-003,workshop-participant,donation_events_003.csv,2026-09-01T00:03:20Z
EVT-FRS-004977,6004977,2007687,152081,3000386,20000,2026-08-23T17:13:00Z,クレジットカード,increment-run-003,workshop-participant,donation_events_003.csv,2026-09-01T00:03:20Z
EVT-FRS-004478,6004478,2009388,232262,3004166,5000,2026-08-23T17:20:01Z,銀行振込,increment-run-003,workshop-participant,donation_events_003.csv,2026-09-01T00:03:20Z
EVT-FRS-003192,6003192,2007612,452025,3003388,8000,2026-08-23T17:21:29Z,電子決済,increment-run-003,workshop-participant,donation_events_003.csv,2026-09-01T00:03:20Z
EVT-FRS-001008,6001008,2002724,362077,3001243,15000,2026-08-23T17:28:06Z,クレジットカード,increment-run-003,workshop-participant,donation_events_003.csv,2026-09-01T00:03:20Z
EVT-FRS-013136,6013136,2008604,072087,3005466,10000,2026-08-23T17:28:31Z,クレジットカード,increment-run-003,workshop-participant,donation_events_003.csv,2026-09-01T00:03:20Z
EVT-FRS-007817,6007817,2011748,322032,3002157,10000,2026-08-23T17:29:19Z,銀行振込,increment-run-003,workshop-participant,donation_events_003.csv,2026-09-01T00:03:20Z
EVT-FRS-006874,6006874,2001829,402231,3002352,10000,2026-08-23T17:32:18Z,銀行振込,increment-run-003,workshop-participant,donation_events_003.csv,2026-09-01T00:03:20Z
EVT-FRS-000706,6000706,2008942,342076,3002479,50000,2026-08-23T17:33:20Z,電子決済,increment-run-003,workshop-participant,donation_events_003.csv,2026-09-01T00:03:20Z
EVT-FRS-014260,6014260,2004280,294462,3004668,10000,2026-08-23T17:36:13Z,クレジットカード,increment-run-003,workshop-participant,donation_events_003.csv,2026-09-01T00:03:20Z
EVT-FRS-013096,6013096,2010859,342149,3004007,20000,2026-08-23T17:37:08Z,銀行振込,increment-run-003,workshop-participant,donation_events_003.csv,2026-09-01T00:03:20Z
EVT-FRS-003910,6003910,2000756,282294,3005798,50000,2026-08-23T17:37:44Z,クレジットカード,increment-run-003,workshop-participant,donation_events_003.csv,2026-09-01T00:03:20Z
EVT-FRS-009180,6009180,2009061,202061,3001397,15000,2026-08-23T17:47:18Z,クレジットカード,increment-run-003,workshop-participant,donation_events_003.csv,2026-09-01T00:03:20Z
EVT-FRS-013478,6013478,2003522,082236,3004015,30000,2026-08-23T17:48:15Z,クレジットカード,increment-run-003,workshop-participant,donation_events_003.csv,2026-09-01T00:03:20Z
EVT-FRS-003439,6003439,2000853,322041,3005714,15000,2026-08-23T17:49:05Z,電子決済,increment-run-003,workshop-participant,donation_events_003.csv,2026-09-01T00:03:20Z
EVT-FRS-011081,6011081,2005506,222208,3000646,15000,2026-08-23T17:49:40Z,クレジットカード,increment-run-003,workshop-participant,donation_events_003.csv,2026-09-01T00:03:20Z
EVT-FRS-001948,6001948,2003086,282103,3000595,15000,2026-08-23T17:52:29Z,クレジットカード,increment-run-003,workshop-participant,donation_events_003.csv,2026-09-01T00:03:20Z
EVT-FRS-007348,6007348,2011273,131024,3000371,5000,2026-08-23T17:54:16Z,クレジットカード,increment-run-003,workshop-participant,donation_events_003.csv,2026-09-01T00:03:20Z
EVT-FRS-014193,6014193,2006185,092088,3000614,15000,2026-08-23T18:03:22Z,電子決済,increment-run-003,workshop-participant,donation_events_003.csv,2026-09-01T00:03:20Z
EVT-FRS-009520,6009520,2006745,152188,3000505,15000,2026-08-23T18:04:43Z,クレジットカード,increment-run-003,workshop-participant,donation_events_003.csv,2026-09-01T00:03:20Z
EVT-FRS-013943,6013943,2007873,462233,3003745,10000,2026-08-23T18:05:41Z,クレジットカード,increment-run-003,workshop-participant,donation_events_003.csv,2026-09-01T00:03:20Z
EVT-FRS-003659,6003659,2006177,222054,3002625,10000,2026-08-23T18:05:59Z,電子決済,increment-run-003,workshop-participant,donation_events_003.csv,2026-09-01T00:03:20Z
EVT-FRS-013440,6013440,2008875,462225,3000096,20000,2026-08-23T18:09:29Z,クレジットカード,increment-run-003,workshop-participant,donation_events_003.csv,2026-09-01T00:03:20Z
EVT-FRS-003343,6003343,2003287,112321,3002094,20000,2026-08-23T18:09:49Z,クレジットカード,increment-run-003,workshop-participant,donation_events_003.csv,2026-09-01T00:03:20Z
EVT-FRS-012786,6012786,2005972,082317,3004106,20000,2026-08-23T18:10:39Z,クレジットカード,increment-run-003,workshop-participant,donation_events_003.csv,2026-09-01T00:03:20Z
EVT-FRS-011650,6011650,2007205,192112,3000797,20000,2026-08-23T18:11:54Z,クレジットカード,increment-run-003,workshop-participant,donation_events_003.csv,2026-09-01T00:03:20Z
EVT-FRS-004260,6004260,2000896,235636,3005977,10000,2026-08-23T18:12:06Z,クレジットカード,increment-run-003,workshop-participant,donation_events_003.csv,2026-09-01T00:03:20Z
EVT-FRS-013157,6013157,2005833,112119,3003552,25000,2026-08-23T18:14:01Z,電子決済,increment-run-003,workshop-participant,donation_events_003.csv,2026-09-01T00:03:20Z
EVT-FRS-011810,6011810,2005952,182087,3004186,5000,2026-08-23T18:14:04Z,電子決済,increment-run-003,workshop-participant,donation_events_003.csv,2026-09-01T00:03:20Z
EVT-FRS-003645,6003645,2007506,162108,3003835,40000,2026-08-23T18:14:48Z,クレジットカード,increment-run-003,workshop-participant,donation_events_003.csv,2026-09-01T00:03:20Z
EVT-FRS-013198,6013198,2010471,112089,3002369,20000,2026-08-23T18:15:58Z,クレジットカード,increment-run-003,workshop-participant,donation_events_003.csv,2026-09-01T00:03:20Z
EVT-FRS-002431,6002431,2005257,282260,3005097,20000,2026-08-23T18:18:00Z,コンビニ決済,increment-run-003,workshop-participant,donation_events_003.csv,2026-09-01T00:03:20Z
EVT-FRS-013688,6013688,2007136,272086,3002349,20000,2026-08-23T18:30:23Z,クレジットカード,increment-run-003,workshop-participant,donation_events_003.csv,2026-09-01T00:03:20Z
EVT-FRS-013402,6013402,2010127,092151,3003926,10000,2026-08-23T18:33:32Z,クレジットカード,increment-run-003,workshop-participant,donation_events_003.csv,2026-09-01T00:03:20Z
EVT-FRS-001619,6001619,2011623,462233,3004483,12000,2026-08-23T18:40:18Z,電子決済,increment-run-003,workshop-participant,donation_events_003.csv,2026-09-01T00:03:20Z
EVT-FRS-000558,6000558,2003529,072141,3000703,5000,2026-08-23T18:45:54Z,銀行振込,increment-run-003,workshop-participant,donation_events_003.csv,2026-09-01T00:03:20Z
EVT-FRS-000377,6000377,2008942,332151,3001144,10000,2026-08-23T18:46:02Z,クレジットカード,increment-run-003,workshop-participant,donation_events_003.csv,2026-09-01T00:03:20Z
EVT-FRS-003345,6003345,2005187,122343,3004699,10000,2026-08-23T18:46:21Z,クレジットカード,increment-run-003,workshop-participant,donation_events_003.csv,2026-09-01T00:03:20Z
EVT-FRS-010323,6010323,2003607,452025,3002265,10000,2026-08-23T18:50:32Z,クレジットカード,increment-run-003,workshop-participant,donation_events_003.csv,2026-09-01T00:03:20Z
EVT-FRS-003862,6003862,2008961,332119,3002246,15000,2026-08-23T18:54:32Z,電子決済,increment-run-003,workshop-participant,donation_events_003.csv,2026-09-01T00:03:20Z
EVT-FRS-012648,6012648,2011011,222267,3000634,15000,2026-08-23T18:56:12Z,電子決済,increment-run-003,workshop-participant,donation_events_003.csv,2026-09-01T00:03:20Z
EVT-FRS-014228,6014228,2011020,052035,3002746,30000,2026-08-23T18:56:47Z,クレジットカード,increment-run-003,workshop-participant,donation_events_003.csv,2026-09-01T00:03:20Z
EVT-FRS-009074,6009074,2004495,322016,3003564,25000,2026-08-23T18:56:56Z,電子決済,increment-run-003,workshop-participant,donation_events_003.csv,2026-09-01T00:03:20Z
EVT-FRS-006225,6006225,2010801,232220,3003898,10000,2026-08-23T18:57:38Z,電子決済,increment-run-003,workshop-participant,donation_events_003.csv,2026-09-01T00:03:20Z
EVT-FRS-011078,6011078,2000649,122301,3001329,10000,2026-08-23T18:58:26Z,クレジットカード,increment-run-003,workshop-participant,donation_events_003.csv,2026-09-01T00:03:20Z
EVT-FRS-004705,6004705,2011574,122190,3004714,12000,2026-08-23T19:09:22Z,クレジットカード,increment-run-003,workshop-participant,donation_events_003.csv,2026-09-01T00:03:20Z
EVT-FRS-005071,6005071,2008166,043613,3000448,12000,2026-08-23T19:13:49Z,銀行振込,increment-run-003,workshop-participant,donation_events_003.csv,2026-09-01T00:03:20Z
EVT-FRS-001558,6001558,2002361,132195,3003568,10000,2026-08-23T19:14:37Z,クレジットカード,increment-run-003,workshop-participant,donation_events_003.csv,2026-09-01T00:03:20Z
EVT-FRS-011504,6011504,2000359,122025,3001297,5000,2026-08-23T19:18:33Z,銀行振込,increment-run-003,workshop-participant,donation_events_003.csv,2026-09-01T00:03:20Z
EVT-FRS-009131,6009131,2008758,282090,3001988,12000,2026-08-23T19:22:45Z,クレジットカード,increment-run-003,workshop-participant,donation_events_003.csv,2026-09-01T00:03:20Z
EVT-FRS-004493,6004493,2006136,442011,3002602,8000,2026-08-23T19:23:43Z,クレジットカード,increment-run-003,workshop-participant,donation_events_003.csv,2026-09-01T00:03:20Z
EVT-FRS-006404,6006404,2000938,444618,3002005,20000,2026-08-23T19:23:55Z,クレジットカード,increment-run-003,workshop-participant,donation_events_003.csv,2026-09-01T00:03:20Z
EVT-FRS-008742,6008742,2007969,052019,3001807,20000,2026-08-23T19:24:33Z,銀行振込,increment-run-003,workshop-participant,donation_events_003.csv,2026-09-01T00:03:20Z
EVT-FRS-012634,6012634,2009551,462063,3000706,10000,2026-08-23T19:24:50Z,クレジットカード,increment-run-003,workshop-participant,donation_events_003.csv,2026-09-01T00:03:20Z
EVT-FRS-010969,6010969,2007054,232092,3002582,8000,2026-08-23T19:24:53Z,クレジットカード,increment-run-003,workshop-participant,donation_events_003.csv,2026-09-01T00:03:20Z
EVT-FRS-013188,6013188,2008133,043419,3005789,10000,2026-08-23T19:27:15Z,クレジットカード,increment-run-003,workshop-participant,donation_events_003.csv,2026-09-01T00:03:20Z
EVT-FRS-011149,6011149,2001583,082031,3002616,10000,2026-08-23T19:27:26Z,電子決済,increment-run-003,workshop-participant,donation_events_003.csv,2026-09-01T00:03:20Z
EVT-FRS-010023,6010023,2007925,084433,3000123,20000,2026-08-23T19:28:15Z,クレジットカード,increment-run-003,workshop-participant,donation_events_003.csv,2026-09-01T00:03:20Z
EVT-FRS-001191,6001191,2001134,012220,3001136,40000,2026-08-23T19:36:03Z,電子決済,increment-run-003,workshop-participant,donation_events_003.csv,2026-09-01T00:03:20Z
EVT-FRS-005768,6005768,2000836,452025,3003435,15000,2026-08-23T19:36:25Z,クレジットカード,increment-run-003,workshop-participant,donation_events_003.csv,2026-09-01T00:03:20Z
EVT-FRS-009621,6009621,2002168,362034,3002526,10000,2026-08-23T19:43:36Z,クレジットカード,increment-run-003,workshop-participant,donation_events_003.csv,2026-09-01T00:03:20Z
EVT-FRS-008738,6008738,2000218,032026,3003169,12000,2026-08-23T19:46:07Z,クレジットカード,increment-run-003,workshop-participant,donation_events_003.csv,2026-09-01T00:03:20Z
EVT-FRS-002120,6002120,2002255,074616,3003653,50000,2026-08-23T19:46:10Z,クレジットカード,increment-run-003,workshop-participant,donation_events_003.csv,2026-09-01T00:03:20Z
EVT-FRS-006789,6006789,2004957,082023,3004081,8000,2026-08-23T19:48:06Z,銀行振込,increment-run-003,workshop-participant,donation_events_003.csv,2026-09-01T00:03:20Z
EVT-FRS-013282,6013282,2000853,022012,3000455,30000,2026-08-23T19:49:09Z,クレジットカード,increment-run-003,workshop-participant,donation_events_003.csv,2026-09-01T00:03:20Z
EVT-FRS-007966,6007966,2010831,132233,3001484,12000,2026-08-23T19:51:16Z,クレジットカード,increment-run-003,workshop-participant,donation_events_003.csv,2026-09-01T00:03:20Z
EVT-FRS-013486,6013486,2007354,062138,3001867,15000,2026-08-23T19:52:30Z,クレジットカード,increment-run-003,workshop-participant,donation_events_003.csv,2026-09-01T00:03:20Z
EVT-FRS-012848,6012848,2003351,252131,3004895,10000,2026-08-23T19:53:59Z,銀行振込,increment-run-003,workshop-participant,donation_events_003.csv,2026-09-01T00:03:20Z
EVT-FRS-008865,6008865,2002465,282081,3000712,10000,2026-08-23T19:56:43Z,銀行振込,increment-run-003,workshop-participant,donation_events_003.csv,2026-09-01T00:03:20Z
EVT-FRS-002372,6002372,2010793,052060,3002727,15000,2026-08-23T19:57:27Z,クレジットカード,increment-run-003,workshop-participant,donation_events_003.csv,2026-09-01T00:03:20Z
EVT-FRS-007653,6007653,2005891,222127,3003026,15000,2026-08-23T20:05:09Z,電子決済,increment-run-003,workshop-participant,donation_events_003.csv,2026-09-01T00:03:20Z
EVT-FRS-000534,6000534,2007415,412023,3004246,12000,2026-08-23T20:05:23Z,クレジットカード,increment-run-003,workshop-participant,donation_events_003.csv,2026-09-01T00:03:20Z
EVT-FRS-001768,6001768,2001496,222054,3005627,20000,2026-08-23T20:05:42Z,クレジットカード,increment-run-003,workshop-participant,donation_events_003.csv,2026-09-01T00:03:20Z
EVT-FRS-007664,6007664,2004146,442119,3005322,10000,2026-08-23T20:09:54Z,クレジットカード,increment-run-003,workshop-participant,donation_events_003.csv,2026-09-01T00:03:20Z
EVT-FRS-001243,6001243,2001703,062014,3005531,10000,2026-08-23T20:17:37Z,クレジットカード,increment-run-003,workshop-participant,donation_events_003.csv,2026-09-01T00:03:20Z
EVT-FRS-010876,6010876,2006137,462225,3001972,12000,2026-08-23T20:17:47Z,クレジットカード,increment-run-003,workshop-participant,donation_events_003.csv,2026-09-01T00:03:20Z
EVT-FRS-010340,6010340,2002521,212016,3001573,10000,2026-08-23T20:20:28Z,電子決済,increment-run-003,workshop-participant,donation_events_003.csv,2026-09-01T00:03:20Z
EVT-FRS-000053,6000053,2001308,372064,3000231,12000,2026-08-23T20:25:36Z,銀行振込,increment-run-003,workshop-participant,donation_events_003.csv,2026-09-01T00:03:20Z
EVT-FRS-006999,6006999,2010796,212016,3001737,40000,2026-08-23T20:27:46Z,クレジットカード,increment-run-003,workshop-participant,donation_events_003.csv,2026-09-01T00:03:20Z
EVT-FRS-011734,6011734,2002650,172120,3000647,10000,2026-08-23T20:28:58Z,クレジットカード,increment-run-003,workshop-participant,donation_events_003.csv,2026-09-01T00:03:20Z
EVT-FRS-007524,6007524,2005366,072125,3000091,10000,2026-08-23T20:37:31Z,電子決済,increment-run-003,workshop-participant,donation_events_003.csv,2026-09-01T00:03:20Z
EVT-FRS-011749,6011749,2001777,452025,3005848,10000,2026-08-23T20:37:56Z,クレジットカード,increment-run-003,workshop-participant,donation_events_003.csv,2026-09-01T00:03:20Z
EVT-FRS-012350,6012350,2011022,472131,3000118,10000,2026-08-23T20:42:56Z,クレジットカード,increment-run-003,workshop-participant,donation_events_003.csv,2026-09-01T00:03:20Z
EVT-FRS-011406,6011406,2005530,272132,3003896,10000,2026-08-23T20:44:50Z,クレジットカード,increment-run-003,workshop-participant,donation_events_003.csv,2026-09-01T00:03:20Z
EVT-FRS-013269,6013269,2010456,203823,3000365,15000,2026-08-23T20:46:39Z,クレジットカード,increment-run-003,workshop-participant,donation_events_003.csv,2026-09-01T00:03:20Z
EVT-FRS-009175,6009175,2005873,442011,3002602,10000,2026-08-23T20:53:14Z,クレジットカード,increment-run-003,workshop-participant,donation_events_003.csv,2026-09-01T00:03:20Z
EVT-FRS-005451,6005451,2003426,082309,3005045,50000,2026-08-23T20:53:28Z,クレジットカード,increment-run-003,workshop-participant,donation_events_003.csv,2026-09-01T00:03:20Z
EVT-FRS-010833,6010833,2003923,082295,3004551,30000,2026-08-23T20:55:03Z,クレジットカード,increment-run-003,workshop-participant,donation_events_003.csv,2026-09-01T00:03:20Z
EVT-FRS-008598,6008598,2002372,012238,3001524,8000,2026-08-23T20:55:41Z,電子決済,increment-run-003,workshop-participant,donation_events_003.csv,2026-09-01T00:03:20Z
EVT-FRS-000865,6000865,2011982,472077,3004522,30000,2026-08-23T20:57:39Z,銀行振込,increment-run-003,workshop-participant,donation_events_003.csv,2026-09-01T00:03:20Z
EVT-FRS-005524,6005524,2008173,302074,3003849,10000,2026-08-23T20:58:12Z,クレジットカード,increment-run-003,workshop-participant,donation_events_003.csv,2026-09-01T00:03:20Z
EVT-FRS-005972,6005972,2007807,062014,3005701,15000,2026-08-23T20:58:49Z,電子決済,increment-run-003,workshop-participant,donation_events_003.csv,2026-09-01T00:03:20Z
EVT-FRS-003843,6003843,2010528,132225,3004482,40000,2026-08-23T21:01:35Z,クレジットカード,increment-run-003,workshop-participant,donation_events_003.csv,2026-09-01T00:03:20Z
EVT-FRS-004777,6004777,2002842,242161,3003850,10000,2026-08-23T21:02:33Z,クレジットカード,increment-run-003,workshop-participant,donation_events_003.csv,2026-09-01T00:03:20Z
EVT-FRS-000734,6000734,2010946,452025,3002730,20000,2026-08-23T21:06:46Z,電子決済,increment-run-003,workshop-participant,donation_events_003.csv,2026-09-01T00:03:20Z
EVT-FRS-007351,6007351,2005119,122165,3002111,12000,2026-08-23T21:07:54Z,クレジットカード,increment-run-003,workshop-participant,donation_events_003.csv,2026-09-01T00:03:20Z
EVT-FRS-012578,6012578,2002299,232335,3000022,10000,2026-08-23T21:08:34Z,コンビニ決済,increment-run-003,workshop-participant,donation_events_003.csv,2026-09-01T00:03:20Z
EVT-FRS-009060,6009060,2009934,452025,3003388,40000,2026-08-23T21:26:31Z,クレジットカード,increment-run-003,workshop-participant,donation_events_003.csv,2026-09-01T00:03:20Z
EVT-FRS-014529,6014529,2007985,062090,3002851,12000,2026-08-23T21:30:53Z,クレジットカード,increment-run-003,workshop-participant,donation_events_003.csv,2026-09-01T00:03:20Z
EVT-FRS-014531,6014531,2000707,252026,3000824,40000,2026-08-23T21:34:00Z,電子決済,increment-run-003,workshop-participant,donation_events_003.csv,2026-09-01T00:03:20Z
EVT-FRS-005361,6005361,2001024,024503,3005878,15000,2026-08-23T21:37:03Z,電子決済,increment-run-003,workshop-participant,donation_events_003.csv,2026-09-01T00:03:20Z
EVT-FRS-007199,6007199,2004098,102113,3004092,20000,2026-08-23T21:42:08Z,クレジットカード,increment-run-003,workshop-participant,donation_events_003.csv,2026-09-01T00:03:20Z
EVT-FRS-010977,6010977,2000075,392022,3005647,10000,2026-08-23T21:44:30Z,クレジットカード,increment-run-003,workshop-participant,donation_events_003.csv,2026-09-01T00:03:20Z
EVT-FRS-009536,6009536,2004542,052078,3002464,5000,2026-08-23T21:48:54Z,銀行振込,increment-run-003,workshop-participant,donation_events_003.csv,2026-09-01T00:03:20Z
EVT-FRS-006277,6006277,2005487,222267,3004162,10000,2026-08-23T21:50:04Z,銀行振込,increment-run-003,workshop-participant,donation_events_003.csv,2026-09-01T00:03:20Z
EVT-FRS-008858,6008858,2004837,452092,3000338,10000,2026-08-23T21:52:45Z,銀行振込,increment-run-003,workshop-participant,donation_events_003.csv,2026-09-01T00:03:20Z
EVT-FRS-007689,6007689,2005474,412023,3005402,10000,2026-08-23T21:53:13Z,銀行振込,increment-run-003,workshop-participant,donation_events_003.csv,2026-09-01T00:03:20Z
EVT-FRS-010769,6010769,2000131,464520,3000655,25000,2026-08-23T21:56:53Z,クレジットカード,increment-run-003,workshop-participant,donation_events_003.csv,2026-09-01T00:03:20Z
EVT-FRS-012497,6012497,2003852,012262,3001975,10000,2026-08-23T21:57:33Z,クレジットカード,increment-run-003,workshop-participant,donation_events_003.csv,2026-09-01T00:03:20Z
EVT-FRS-012673,6012673,2009431,262030,3002382,10000,2026-08-23T21:59:00Z,電子決済,increment-run-003,workshop-participant,donation_events_003.csv,2026-09-01T00:03:20Z
EVT-FRS-007633,6007633,2000151,462101,3000971,20000,2026-08-23T22:00:06Z,クレジットカード,increment-run-003,workshop-participant,donation_events_003.csv,2026-09-01T00:03:20Z
EVT-FRS-014438,6014438,2006946,342076,3003045,5000,2026-08-23T22:04:05Z,クレジットカード,increment-run-003,workshop-participant,donation_events_003.csv,2026-09-01T00:03:20Z
EVT-FRS-004317,6004317,2008275,432113,3004263,10000,2026-08-23T22:09:42Z,電子決済,increment-run-003,workshop-participant,donation_events_003.csv,2026-09-01T00:03:20Z
EVT-FRS-010931,6010931,2009331,313840,3004432,30000,2026-08-23T22:10:35Z,クレジットカード,increment-run-003,workshop-participant,donation_events_003.csv,2026-09-01T00:03:20Z
EVT-FRS-011342,6011342,2005379,363014,3005231,10000,2026-08-23T22:10:59Z,クレジットカード,increment-run-003,workshop-participant,donation_events_003.csv,2026-09-01T00:03:20Z
EVT-FRS-002401,6002401,2000129,082155,3003616,15000,2026-08-23T22:11:49Z,クレジットカード,increment-run-003,workshop-participant,donation_events_003.csv,2026-09-01T00:03:20Z
EVT-FRS-004255,6004255,2007032,292079,3002196,10000,2026-08-23T22:13:25Z,クレジットカード,increment-run-003,workshop-participant,donation_events_003.csv,2026-09-01T00:03:20Z
EVT-FRS-014853,6014853,2008664,102059,3002862,15000,2026-08-23T22:13:59Z,クレジットカード,increment-run-003,workshop-participant,donation_events_003.csv,2026-09-01T00:03:20Z
EVT-FRS-009107,6009107,2011880,212091,3003214,15000,2026-08-23T22:14:17Z,電子決済,increment-run-003,workshop-participant,donation_events_003.csv,2026-09-01T00:03:20Z
EVT-FRS-006435,6006435,2005471,372048,3004580,15000,2026-08-23T22:16:36Z,クレジットカード,increment-run-003,workshop-participant,donation_events_003.csv,2026-09-01T00:03:20Z
EVT-FRS-002986,6002986,2006526,232092,3000312,12000,2026-08-23T22:19:13Z,クレジットカード,increment-run-003,workshop-participant,donation_events_003.csv,2026-09-01T00:03:20Z
EVT-FRS-007312,6007312,2002458,122190,3003157,10000,2026-08-23T22:22:48Z,クレジットカード,increment-run-003,workshop-participant,donation_events_003.csv,2026-09-01T00:03:20Z
EVT-FRS-002512,6002512,2007444,432024,3005815,12000,2026-08-23T22:23:28Z,クレジットカード,increment-run-003,workshop-participant,donation_events_003.csv,2026-09-01T00:03:20Z
EVT-FRS-004228,6004228,2003711,082368,3002064,30000,2026-08-23T22:30:57Z,クレジットカード,increment-run-003,workshop-participant,donation_events_003.csv,2026-09-01T00:03:20Z
EVT-FRS-008093,6008093,2011757,092169,3002735,8000,2026-08-23T22:32:21Z,クレジットカード,increment-run-003,workshop-participant,donation_events_003.csv,2026-09-01T00:03:20Z
EVT-FRS-006866,6006866,2011346,423831,3005206,10000,2026-08-23T22:33:57Z,電子決済,increment-run-003,workshop-participant,donation_events_003.csv,2026-09-01T00:03:20Z
EVT-FRS-012754,6012754,2005517,042145,3004180,10000,2026-08-23T22:49:12Z,クレジットカード,increment-run-003,workshop-participant,donation_events_003.csv,2026-09-01T00:03:20Z
EVT-FRS-004470,6004470,2006222,182061,3002208,20000,2026-08-23T22:50:41Z,クレジットカード,increment-run-003,workshop-participant,donation_events_003.csv,2026-09-01T00:03:20Z
EVT-FRS-003996,6003996,2006375,122068,3005992,15000,2026-08-23T22:56:47Z,クレジットカード,increment-run-003,workshop-participant,donation_events_003.csv,2026-09-01T00:03:20Z
EVT-FRS-007771,6007771,2004946,042081,3001074,40000,2026-08-23T23:03:09Z,銀行振込,increment-run-003,workshop-participant,donation_events_003.csv,2026-09-01T00:03:20Z
EVT-FRS-013165,6013165,2006039,362026,3005849,12000,2026-08-23T23:17:16Z,電子決済,increment-run-003,workshop-participant,donation_events_003.csv,2026-09-01T00:03:20Z
EVT-FRS-004270,6004270,2008521,112313,3000223,12000,2026-08-23T23:19:24Z,クレジットカード,increment-run-003,workshop-participant,donation_events_003.csv,2026-09-01T00:03:20Z
EVT-FRS-012757,6012757,2002809,122025,3003333,5000,2026-08-23T23:19:31Z,電子決済,increment-run-003,workshop-participant,donation_events_003.csv,2026-09-01T00:03:20Z
EVT-FRS-006304,6006304,2009758,112071,3002222,70000,2026-08-23T23:27:21Z,クレジットカード,increment-run-003,workshop-participant,donation_events_003.csv,2026-09-01T00:03:20Z
EVT-FRS-009989,6009989,2006543,215040,3002033,15000,2026-08-23T23:28:14Z,クレジットカード,increment-run-003,workshop-participant,donation_events_003.csv,2026-09-01T00:03:20Z
EVT-FRS-004152,6004152,2009830,322091,3003559,40000,2026-08-23T23:31:01Z,クレジットカード,increment-run-003,workshop-participant,donation_events_003.csv,2026-09-01T00:03:20Z
EVT-FRS-001554,6001554,2008533,332020,3000972,25000,2026-08-23T23:39:10Z,コンビニ決済,increment-run-003,workshop-participant,donation_events_003.csv,2026-09-01T00:03:20Z
EVT-FRS-008032,6008032,2009205,363219,3000302,10000,2026-08-23T23:40:15Z,クレジットカード,increment-run-003,workshop-participant,donation_events_003.csv,2026-09-01T00:03:20Z
EVT-FRS-012541,6012541,2008402,273821,3004205,30000,2026-08-23T23:41:31Z,クレジットカード,increment-run-003,workshop-participant,donation_events_003.csv,2026-09-01T00:03:20Z
EVT-FRS-005455,6005455,2007030,302023,3002401,15000,2026-08-23T23:42:40Z,クレジットカード,increment-run-003,workshop-participant,donation_events_003.csv,2026-09-01T00:03:20Z
EVT-FRS-005967,6005967,2009124,172049,3003674,5000,2026-08-23T23:45:25Z,クレジットカード,increment-run-003,workshop-participant,donation_events_003.csv,2026-09-01T00:03:20Z
EVT-FRS-006968,6006968,2001383,434477,3001326,10000,2026-08-23T23:50:26Z,クレジットカード,increment-run-003,workshop-participant,donation_events_003.csv,2026-09-01T00:03:20Z
EVT-FRS-006548,6006548,2008960,142107,3004010,40000,2026-08-23T23:51:34Z,電子決済,increment-run-003,workshop-participant,donation_events_003.csv,2026-09-01T00:03:20Z
EVT-FRS-000338,6000338,2001139,465330,3003336,10000,2026-08-23T23:53:30Z,電子決済,increment-run-003,workshop-participant,donation_events_003.csv,2026-09-01T00:03:20Z
EVT-FRS-008241,6008241,2005979,392057,3000469,10000,2026-08-23T23:56:03Z,クレジットカード,increment-run-003,workshop-participant,donation_events_003.csv,2026-09-01T00:03:20Z
EVT-FRS-007516,6007516,2005499,325015,3002794,20000,2026-08-23T23:58:46Z,電子決済,increment-run-003,workshop-participant,donation_events_003.csv,2026-09-01T00:03:20Z
EVT-FRS-006627,6006627,2009390,062081,3002799,8000,2026-08-24T00:01:17Z,電子決済,increment-run-003,workshop-participant,donation_events_003.csv,2026-09-01T00:03:20Z
EVT-FRS-010623,6010623,2003559,102113,3001739,10000,2026-08-24T00:07:08Z,電子決済,increment-run-003,workshop-participant,donation_events_003.csv,2026-09-01T00:03:20Z
EVT-FRS-002000,6002000,2000918,112194,3004380,5000,2026-08-24T00:07:11Z,クレジットカード,increment-run-003,workshop-participant,donation_events_003.csv,2026-09-01T00:03:20Z
EVT-FRS-012915,6012915,2006020,422142,3003460,10000,2026-08-24T00:07:42Z,クレジットカード,increment-run-003,workshop-participant,donation_events_003.csv,2026-09-01T00:03:20Z
EVT-FRS-003649,6003649,2008264,202126,3003608,20000,2026-08-24T00:10:18Z,電子決済,increment-run-003,workshop-participant,donation_events_003.csv,2026-09-01T00:03:20Z
EVT-FRS-002443,6002443,2003768,024431,3000609,10000,2026-08-24T00:11:39Z,クレジットカード,increment-run-003,workshop-participant,donation_events_003.csv,2026-09-01T00:03:20Z
EVT-FRS-010555,6010555,2002837,132241,3003363,8000,2026-08-24T00:21:19Z,クレジットカード,increment-run-003,workshop-participant,donation_events_003.csv,2026-09-01T00:03:20Z
EVT-FRS-010671,6010671,2011629,012092,3003696,15000,2026-08-24T00:23:39Z,クレジットカード,increment-run-003,workshop-participant,donation_events_003.csv,2026-09-01T00:03:20Z
EVT-FRS-008065,6008065,2000100,052027,3005601,10000,2026-08-24T00:30:43Z,コンビニ決済,increment-run-003,workshop-participant,donation_events_003.csv,2026-09-01T00:03:20Z
EVT-FRS-005647,6005647,2005519,132098,3002028,10000,2026-08-24T00:30:47Z,クレジットカード,increment-run-003,workshop-participant,donation_events_003.csv,2026-09-01T00:03:20Z
EVT-FRS-006377,6006377,2008195,282201,3004756,70000,2026-08-24T00:33:38Z,銀行振込,increment-run-003,workshop-participant,donation_events_003.csv,2026-09-01T00:03:20Z
EVT-FRS-009219,6009219,2005978,232157,3000502,100000,2026-08-24T00:34:00Z,電子決済,increment-run-003,workshop-participant,donation_events_003.csv,2026-09-01T00:03:20Z
EVT-FRS-000762,6000762,2011300,222241,3002314,10000,2026-08-24T00:34:02Z,クレジットカード,increment-run-003,workshop-participant,donation_events_003.csv,2026-09-01T00:03:20Z
EVT-FRS-011135,6011135,2000454,012220,3004860,20000,2026-08-24T00:35:35Z,銀行振込,increment-run-003,workshop-participant,donation_events_003.csv,2026-09-01T00:03:20Z
EVT-FRS-003303,6003303,2000538,282286,3001394,30000,2026-08-24T00:36:07Z,電子決済,increment-run-003,workshop-participant,donation_events_003.csv,2026-09-01T00:03:20Z
EVT-FRS-006392,6006392,2009252,012360,3004702,40000,2026-08-24T00:40:35Z,電子決済,increment-run-003,workshop-participant,donation_events_003.csv,2026-09-01T00:03:20Z
EVT-FRS-009220,6009220,2006894,442119,3004848,15000,2026-08-24T00:41:02Z,クレジットカード,increment-run-003,workshop-participant,donation_events_003.csv,2026-09-01T00:03:20Z
EVT-FRS-010494,6010494,2004667,122173,3000892,8000,2026-08-24T00:42:35Z,クレジットカード,increment-run-003,workshop-participant,donation_events_003.csv,2026-09-01T00:03:20Z
EVT-FRS-011609,6011609,2000526,082228,3001538,30000,2026-08-24T00:43:46Z,電子決済,increment-run-003,workshop-participant,donation_events_003.csv,2026-09-01T00:03:20Z
EVT-FRS-012094,6012094,2002771,232041,3000152,12000,2026-08-24T00:45:16Z,クレジットカード,increment-run-003,workshop-participant,donation_events_003.csv,2026-09-01T00:03:20Z
EVT-FRS-002138,6002138,2004196,204072,3003092,40000,2026-08-24T00:45:20Z,クレジットカード,increment-run-003,workshop-participant,donation_events_003.csv,2026-09-01T00:03:20Z
EVT-FRS-014057,6014057,2002603,082287,3004560,25000,2026-08-24T00:45:38Z,電子決済,increment-run-003,workshop-participant,donation_events_003.csv,2026-09-01T00:03:20Z
EVT-FRS-013363,6013363,2002444,401005,3003072,12000,2026-08-24T00:46:03Z,クレジットカード,increment-run-003,workshop-participant,donation_events_003.csv,2026-09-01T00:03:20Z
EVT-FRS-007420,6007420,2001612,122041,3002919,12000,2026-08-24T00:50:55Z,銀行振込,increment-run-003,workshop-participant,donation_events_003.csv,2026-09-01T00:03:20Z
EVT-FRS-006671,6006671,2010341,232211,3002681,30000,2026-08-24T00:52:26Z,電子決済,increment-run-003,workshop-participant,donation_events_003.csv,2026-09-01T00:03:20Z
EVT-FRS-001505,6001505,2011719,064611,3004549,10000,2026-08-24T00:52:48Z,銀行振込,increment-run-003,workshop-participant,donation_events_003.csv,2026-09-01T00:03:20Z
EVT-FRS-007549,6007549,2007508,222097,3004450,20000,2026-08-24T00:53:01Z,クレジットカード,increment-run-003,workshop-participant,donation_events_003.csv,2026-09-01T00:03:20Z
EVT-FRS-000177,6000177,2001659,142034,3002364,8000,2026-08-24T00:54:25Z,クレジットカード,increment-run-003,workshop-participant,donation_events_003.csv,2026-09-01T00:03:20Z
EVT-FRS-009478,6009478,2002345,112348,3004568,20000,2026-08-24T00:57:36Z,クレジットカード,increment-run-003,workshop-participant,donation_events_003.csv,2026-09-01T00:03:20Z
EVT-FRS-003154,6003154,2005766,232131,3000478,10000,2026-08-24T00:58:41Z,電子決済,increment-run-003,workshop-participant,donation_events_003.csv,2026-09-01T00:03:20Z
EVT-FRS-007293,6007293,2011721,232386,3002592,8000,2026-08-24T01:03:10Z,電子決済,increment-run-003,workshop-participant,donation_events_003.csv,2026-09-01T00:03:20Z
EVT-FRS-012056,6012056,2009965,452025,3005848,20000,2026-08-24T01:04:15Z,クレジットカード,increment-run-003,workshop-participant,donation_events_003.csv,2026-09-01T00:03:20Z
EVT-FRS-006771,6006771,2001711,082155,3003243,10000,2026-08-24T01:10:45Z,クレジットカード,increment-run-003,workshop-participant,donation_events_003.csv,2026-09-01T00:03:20Z
EVT-FRS-006903,6006903,2007359,462209,3004744,5000,2026-08-24T01:10:59Z,クレジットカード,increment-run-003,workshop-participant,donation_events_003.csv,2026-09-01T00:03:20Z
EVT-FRS-001633,6001633,2008811,452025,3004014,20000,2026-08-24T01:11:53Z,クレジットカード,increment-run-003,workshop-participant,donation_events_003.csv,2026-09-01T00:03:20Z
EVT-FRS-012999,6012999,2006260,112461,3000403,25000,2026-08-24T01:16:05Z,クレジットカード,increment-run-003,workshop-participant,donation_events_003.csv,2026-09-01T00:03:20Z
EVT-FRS-004285,6004285,2002162,012149,3001903,15000,2026-08-24T01:22:27Z,電子決済,increment-run-003,workshop-participant,donation_events_003.csv,2026-09-01T00:03:20Z
EVT-FRS-001555,6001555,2009982,243434,3001096,12000,2026-08-24T01:23:03Z,クレジットカード,increment-run-003,workshop-participant,donation_events_003.csv,2026-09-01T00:03:20Z
EVT-FRS-007190,6007190,2006375,362077,3000950,50000,2026-08-24T01:23:51Z,クレジットカード,increment-run-003,workshop-participant,donation_events_003.csv,2026-09-01T00:03:20Z
EVT-FRS-003005,6003005,2008434,011002,3001271,12000,2026-08-24T01:24:21Z,クレジットカード,increment-run-003,workshop-participant,donation_events_003.csv,2026-09-01T00:03:20Z
EVT-FRS-012800,6012800,2007064,222054,3002220,8000,2026-08-24T01:27:27Z,クレジットカード,increment-run-003,workshop-participant,donation_events_003.csv,2026-09-01T00:03:20Z
EVT-FRS-007624,6007624,2005417,336661,3003979,10000,2026-08-24T01:27:52Z,クレジットカード,increment-run-003,workshop-participant,donation_events_003.csv,2026-09-01T00:03:20Z
EVT-FRS-007226,6007226,2000811,152277,3005413,60000,2026-08-24T01:32:21Z,クレジットカード,increment-run-003,workshop-participant,donation_events_003.csv,2026-09-01T00:03:20Z
EVT-FRS-009287,6009287,2005591,402206,3004625,20000,2026-08-24T01:41:30Z,電子決済,increment-run-003,workshop-participant,donation_events_003.csv,2026-09-01T00:03:20Z
EVT-FRS-000886,6000886,2004065,452076,3005720,12000,2026-08-24T01:42:02Z,クレジットカード,increment-run-003,workshop-participant,donation_events_003.csv,2026-09-01T00:03:20Z
EVT-FRS-000844,6000844,2005865,213021,3005352,40000,2026-08-24T01:46:40Z,電子決済,increment-run-003,workshop-participant,donation_events_003.csv,2026-09-01T00:03:20Z
EVT-FRS-001410,6001410,2009789,014249,3000452,10000,2026-08-24T01:46:45Z,銀行振込,increment-run-003,workshop-participant,donation_events_003.csv,2026-09-01T00:03:20Z
EVT-FRS-001378,6001378,2000979,072133,3005681,20000,2026-08-24T01:49:04Z,クレジットカード,increment-run-003,workshop-participant,donation_events_003.csv,2026-09-01T00:03:20Z
EVT-FRS-012078,6012078,2007724,202088,3005055,10000,2026-08-24T01:52:20Z,クレジットカード,increment-run-003,workshop-participant,donation_events_003.csv,2026-09-01T00:03:20Z
EVT-FRS-012374,6012374,2003975,262064,3005077,10000,2026-08-24T01:57:16Z,クレジットカード,increment-run-003,workshop-participant,donation_events_003.csv,2026-09-01T00:03:20Z
EVT-FRS-005005,6005005,2010090,282278,3004874,12000,2026-08-24T01:58:30Z,銀行振込,increment-run-003,workshop-participant,donation_events_003.csv,2026-09-01T00:03:20Z
EVT-FRS-006571,6006571,2003044,452025,3004014,5000,2026-08-24T01:59:44Z,電子決済,increment-run-003,workshop-participant,donation_events_003.csv,2026-09-01T00:03:20Z
EVT-FRS-009231,6009231,2010844,012211,3001798,15000,2026-08-24T02:00:47Z,クレジットカード,increment-run-003,workshop-participant,donation_events_003.csv,2026-09-01T00:03:20Z
EVT-FRS-009790,6009790,2007678,015181,3004603,30000,2026-08-24T02:09:02Z,銀行振込,increment-run-003,workshop-participant,donation_events_003.csv,2026-09-01T00:03:20Z
EVT-FRS-004004,6004004,2002683,372048,3004580,10000,2026-08-24T02:11:48Z,銀行振込,increment-run-003,workshop-participant,donation_events_003.csv,2026-09-01T00:03:20Z
EVT-FRS-005790,6005790,2007433,122254,3003737,15000,2026-08-24T02:12:00Z,電子決済,increment-run-003,workshop-participant,donation_events_003.csv,2026-09-01T00:03:20Z
EVT-FRS-006090,6006090,2004055,232238,3003280,15000,2026-08-24T02:15:03Z,クレジットカード,increment-run-003,workshop-participant,donation_events_003.csv,2026-09-01T00:03:20Z
EVT-FRS-003285,6003285,2002455,432105,3001470,8000,2026-08-24T02:22:07Z,銀行振込,increment-run-003,workshop-participant,donation_events_003.csv,2026-09-01T00:03:20Z
EVT-FRS-011206,6011206,2009375,242071,3004363,30000,2026-08-24T02:27:31Z,クレジットカード,increment-run-003,workshop-participant,donation_events_003.csv,2026-09-01T00:03:20Z
EVT-FRS-011945,6011945,2003508,122131,3005857,12000,2026-08-24T02:31:50Z,電子決済,increment-run-003,workshop-participant,donation_events_003.csv,2026-09-01T00:03:20Z
EVT-FRS-001963,6001963,2000638,062049,3005433,8000,2026-08-24T02:32:37Z,クレジットカード,increment-run-003,workshop-participant,donation_events_003.csv,2026-09-01T00:03:20Z
EVT-FRS-011106,6011106,2007495,452025,3003435,40000,2026-08-24T02:34:12Z,クレジットカード,increment-run-003,workshop-participant,donation_events_003.csv,2026-09-01T00:03:20Z
EVT-FRS-000253,6000253,2004024,152048,3001642,30000,2026-08-24T02:35:52Z,クレジットカード,increment-run-003,workshop-participant,donation_events_003.csv,2026-09-01T00:03:20Z
EVT-FRS-011754,6011754,2001229,052094,3001279,10000,2026-08-24T02:42:33Z,電子決済,increment-run-003,workshop-participant,donation_events_003.csv,2026-09-01T00:03:20Z
EVT-FRS-008722,6008722,2010268,142034,3002356,10000,2026-08-24T02:42:49Z,電子決済,increment-run-003,workshop-participant,donation_events_003.csv,2026-09-01T00:03:20Z
EVT-FRS-003785,6003785,2006369,412066,3001554,10000,2026-08-24T02:46:42Z,電子決済,increment-run-003,workshop-participant,donation_events_003.csv,2026-09-01T00:03:20Z
EVT-FRS-007061,6007061,2001714,141305,3002044,20000,2026-08-24T02:47:22Z,クレジットカード,increment-run-003,workshop-participant,donation_events_003.csv,2026-09-01T00:03:20Z
EVT-FRS-013191,6013191,2006850,132195,3001368,10000,2026-08-24T02:49:24Z,クレジットカード,increment-run-003,workshop-participant,donation_events_003.csv,2026-09-01T00:03:20Z
EVT-FRS-000959,6000959,2004527,464911,3004492,5000,2026-08-24T02:51:12Z,クレジットカード,increment-run-003,workshop-participant,donation_events_003.csv,2026-09-01T00:03:20Z
EVT-FRS-013594,6013594,2006566,422134,3002048,15000,2026-08-24T02:51:17Z,クレジットカード,increment-run-003,workshop-participant,donation_events_003.csv,2026-09-01T00:03:20Z
EVT-FRS-008554,6008554,2006525,082368,3003726,12000,2026-08-24T02:53:44Z,銀行振込,increment-run-003,workshop-participant,donation_events_003.csv,2026-09-01T00:03:20Z
EVT-FRS-011526,6011526,2010938,152226,3001102,10000,2026-08-24T03:00:06Z,コンビニ決済,increment-run-003,workshop-participant,donation_events_003.csv,2026-09-01T00:03:20Z
EVT-FRS-000414,6000414,2010540,131041,3000367,10000,2026-08-24T03:00:39Z,クレジットカード,increment-run-003,workshop-participant,donation_events_003.csv,2026-09-01T00:03:20Z
EVT-FRS-013589,6013589,2004984,462039,3002847,10000,2026-08-24T03:01:30Z,クレジットカード,increment-run-003,workshop-participant,donation_events_003.csv,2026-09-01T00:03:20Z
EVT-FRS-014651,6014651,2010656,202070,3003505,10000,2026-08-24T03:04:51Z,クレジットカード,increment-run-003,workshop-participant,donation_events_003.csv,2026-09-01T00:03:20Z
EVT-FRS-013856,6013856,2005021,402273,3000850,12000,2026-08-24T03:07:03Z,電子決済,increment-run-003,workshop-participant,donation_events_003.csv,2026-09-01T00:03:20Z
EVT-FRS-012417,6012417,2004982,204102,3001877,20000,2026-08-24T03:07:57Z,クレジットカード,increment-run-003,workshop-participant,donation_events_003.csv,2026-09-01T00:03:20Z
EVT-FRS-000578,6000578,2003572,112429,3000605,20000,2026-08-24T03:17:14Z,電子決済,increment-run-003,workshop-participant,donation_events_003.csv,2026-09-01T00:03:20Z
EVT-FRS-001121,6001121,2007145,063215,3005229,12000,2026-08-24T03:18:05Z,クレジットカード,increment-run-003,workshop-participant,donation_events_003.csv,2026-09-01T00:03:20Z
EVT-FRS-010358,6010358,2009282,472093,3003692,15000,2026-08-24T03:19:57Z,電子決済,increment-run-003,workshop-participant,donation_events_003.csv,2026-09-01T00:03:20Z
EVT-FRS-005666,6005666,2000197,162043,3002535,20000,2026-08-24T03:23:16Z,クレジットカード,increment-run-003,workshop-participant,donation_events_003.csv,2026-09-01T00:03:20Z
EVT-FRS-002050,6002050,2000391,042099,3005396,15000,2026-08-24T03:24:48Z,クレジットカード,increment-run-003,workshop-participant,donation_events_003.csv,2026-09-01T00:03:20Z
EVT-FRS-013736,6013736,2008442,132195,3004404,20000,2026-08-24T03:32:33Z,電子決済,increment-run-003,workshop-participant,donation_events_003.csv,2026-09-01T00:03:20Z
EVT-FRS-006746,6006746,2004854,112275,3004454,8000,2026-08-24T03:34:28Z,コンビニ決済,increment-run-003,workshop-participant,donation_events_003.csv,2026-09-01T00:03:20Z
EVT-FRS-002485,6002485,2010457,032018,3004662,5000,2026-08-24T03:34:29Z,クレジットカード,increment-run-003,workshop-participant,donation_events_003.csv,2026-09-01T00:03:20Z
EVT-FRS-007414,6007414,2010844,022080,3003964,40000,2026-08-24T03:44:23Z,銀行振込,increment-run-003,workshop-participant,donation_events_003.csv,2026-09-01T00:03:20Z
EVT-FRS-011231,6011231,2007196,422134,3002048,5000,2026-08-24T03:45:39Z,電子決済,increment-run-003,workshop-participant,donation_events_003.csv,2026-09-01T00:03:20Z
EVT-FRS-000945,6000945,2007361,024058,3000810,20000,2026-08-24T03:47:04Z,銀行振込,increment-run-003,workshop-participant,donation_events_003.csv,2026-09-01T00:03:20Z
EVT-FRS-013067,6013067,2005494,122165,3002111,10000,2026-08-24T03:47:51Z,クレジットカード,increment-run-003,workshop-participant,donation_events_003.csv,2026-09-01T00:03:20Z
EVT-FRS-003221,6003221,2002572,102105,3001940,20000,2026-08-24T03:48:08Z,クレジットカード,increment-run-003,workshop-participant,donation_events_003.csv,2026-09-01T00:03:20Z
EVT-FRS-014782,6014782,2009779,012122,3002547,5000,2026-08-24T03:51:18Z,クレジットカード,increment-run-003,workshop-participant,donation_events_003.csv,2026-09-01T00:03:20Z
EVT-FRS-001205,6001205,2010025,454010,3003929,15000,2026-08-24T03:53:11Z,電子決済,increment-run-003,workshop-participant,donation_events_003.csv,2026-09-01T00:03:20Z
EVT-FRS-011457,6011457,2001053,203491,3000995,10000,2026-08-24T03:55:31Z,銀行振込,increment-run-003,workshop-participant,donation_events_003.csv,2026-09-01T00:03:20Z
EVT-FRS-008098,6008098,2011920,212016,3004752,5000,2026-08-24T03:59:08Z,電子決済,increment-run-003,workshop-participant,donation_events_003.csv,2026-09-01T00:03:20Z
EVT-FRS-009310,6009310,2009654,432105,3003532,60000,2026-08-24T04:05:40Z,クレジットカード,increment-run-003,workshop-participant,donation_events_003.csv,2026-09-01T00:03:20Z
EVT-FRS-005426,6005426,2007215,152251,3001501,5000,2026-08-24T04:06:47Z,クレジットカード,increment-run-003,workshop-participant,donation_events_003.csv,2026-09-01T00:03:20Z
EVT-FRS-001756,6001756,2006722,132144,3004619,15000,2026-08-24T04:07:16Z,電子決済,increment-run-003,workshop-participant,donation_events_003.csv,2026-09-01T00:03:20Z
EVT-FRS-006742,6006742,2009411,204145,3004622,5000,2026-08-24T04:07:21Z,クレジットカード,increment-run-003,workshop-participant,donation_events_003.csv,2026-09-01T00:03:20Z
EVT-FRS-000498,6000498,2000833,222143,3004025,5000,2026-08-24T04:09:04Z,クレジットカード,increment-run-003,workshop-participant,donation_events_003.csv,2026-09-01T00:03:20Z
EVT-FRS-001584,6001584,2002801,112151,3000313,25000,2026-08-24T04:09:11Z,クレジットカード,increment-run-003,workshop-participant,donation_events_003.csv,2026-09-01T00:03:20Z
EVT-FRS-010794,6010794,2009329,422070,3003293,10000,2026-08-24T04:11:10Z,電子決済,increment-run-003,workshop-participant,donation_events_003.csv,2026-09-01T00:03:20Z
EVT-FRS-013792,6013792,2010529,012220,3003071,10000,2026-08-24T04:18:58Z,クレジットカード,increment-run-003,workshop-participant,donation_events_003.csv,2026-09-01T00:03:20Z
EVT-FRS-011492,6011492,2004956,054631,3005040,10000,2026-08-24T04:21:21Z,クレジットカード,increment-run-003,workshop-participant,donation_events_003.csv,2026-09-01T00:03:20Z
EVT-FRS-010399,6010399,2001149,052035,3001400,15000,2026-08-24T04:22:12Z,銀行振込,increment-run-003,workshop-participant,donation_events_003.csv,2026-09-01T00:03:20Z
EVT-FRS-011619,6011619,2004417,422126,3000901,15000,2026-08-24T04:25:04Z,クレジットカード,increment-run-003,workshop-participant,donation_events_003.csv,2026-09-01T00:03:20Z
EVT-FRS-013107,6013107,2001015,102041,3003698,10000,2026-08-24T04:29:04Z,電子決済,increment-run-003,workshop-participant,donation_events_003.csv,2026-09-01T00:03:20Z
EVT-FRS-003194,6003194,2006052,464686,3004436,20000,2026-08-24T04:31:03Z,電子決済,increment-run-003,workshop-participant,donation_events_003.csv,2026-09-01T00:03:20Z
EVT-FRS-013072,6013072,2010414,452025,3003435,12000,2026-08-24T04:32:10Z,クレジットカード,increment-run-003,workshop-participant,donation_events_003.csv,2026-09-01T00:03:20Z
EVT-FRS-004646,6004646,2003813,112402,3000437,5000,2026-08-24T04:34:34Z,コンビニ決済,increment-run-003,workshop-participant,donation_events_003.csv,2026-09-01T00:03:20Z
EVT-FRS-010381,6010381,2002200,462195,3001082,10000,2026-08-24T04:38:44Z,銀行振込,increment-run-003,workshop-participant,donation_events_003.csv,2026-09-01T00:03:20Z
EVT-FRS-001204,6001204,2004059,272108,3004012,12000,2026-08-24T04:39:13Z,クレジットカード,increment-run-003,workshop-participant,donation_events_003.csv,2026-09-01T00:03:20Z
EVT-FRS-009168,6009168,2000506,242047,3005342,20000,2026-08-24T04:39:15Z,クレジットカード,increment-run-003,workshop-participant,donation_events_003.csv,2026-09-01T00:03:20Z
EVT-FRS-011246,6011246,2004952,452050,3000177,5000,2026-08-24T04:42:06Z,銀行振込,increment-run-003,workshop-participant,donation_events_003.csv,2026-09-01T00:03:20Z
EVT-FRS-009726,6009726,2001423,312029,3003766,20000,2026-08-24T04:44:23Z,コンビニ決済,increment-run-003,workshop-participant,donation_events_003.csv,2026-09-01T00:03:20Z
EVT-FRS-008141,6008141,2008806,442089,3000807,12000,2026-08-24T04:46:46Z,クレジットカード,increment-run-003,workshop-participant,donation_events_003.csv,2026-09-01T00:03:20Z
EVT-FRS-002992,6002992,2001585,253847,3002419,10000,2026-08-24T04:47:24Z,クレジットカード,increment-run-003,workshop-participant,donation_events_003.csv,2026-09-01T00:03:20Z
EVT-FRS-008709,6008709,2000667,141003,3003876,10000,2026-08-24T04:49:07Z,クレジットカード,increment-run-003,workshop-participant,donation_events_003.csv,2026-09-01T00:03:20Z
EVT-FRS-004754,6004754,2009616,112275,3005180,12000,2026-08-24T04:51:56Z,電子決済,increment-run-003,workshop-participant,donation_events_003.csv,2026-09-01T00:03:20Z
EVT-FRS-006802,6006802,2000453,152111,3002907,10000,2026-08-24T04:55:40Z,クレジットカード,increment-run-003,workshop-participant,donation_events_003.csv,2026-09-01T00:03:20Z
EVT-FRS-006655,6006655,2004677,012203,3003863,12000,2026-08-24T04:59:56Z,クレジットカード,increment-run-003,workshop-participant,donation_events_003.csv,2026-09-01T00:03:20Z
EVT-FRS-011140,6011140,2002123,012238,3001524,8000,2026-08-24T05:10:23Z,クレジットカード,increment-run-003,workshop-participant,donation_events_003.csv,2026-09-01T00:03:20Z
EVT-FRS-004608,6004608,2010415,013633,3005025,10000,2026-08-24T05:10:38Z,クレジットカード,increment-run-003,workshop-participant,donation_events_003.csv,2026-09-01T00:03:20Z
EVT-FRS-003332,6003332,2001221,151009,3004526,12000,2026-08-24T05:16:15Z,コンビニ決済,increment-run-003,workshop-participant,donation_events_003.csv,2026-09-01T00:03:20Z
EVT-FRS-014060,6014060,2002498,222054,3001986,15000,2026-08-24T05:16:42Z,電子決済,increment-run-003,workshop-participant,donation_events_003.csv,2026-09-01T00:03:20Z
EVT-FRS-002014,6002014,2000397,464686,3002859,8000,2026-08-24T05:16:46Z,クレジットカード,increment-run-003,workshop-participant,donation_events_003.csv,2026-09-01T00:03:20Z
EVT-FRS-001348,6001348,2006459,122351,3002574,5000,2026-08-24T05:22:12Z,電子決済,increment-run-003,workshop-participant,donation_events_003.csv,2026-09-01T00:03:20Z
EVT-FRS-008868,6008868,2002272,452050,3005041,15000,2026-08-24T05:23:34Z,クレジットカード,increment-run-003,workshop-participant,donation_events_003.csv,2026-09-01T00:03:20Z
EVT-FRS-009199,6009199,2005938,142085,3000246,5000,2026-08-24T05:25:16Z,コンビニ決済,increment-run-003,workshop-participant,donation_events_003.csv,2026-09-01T00:03:20Z
EVT-FRS-008149,6008149,2008615,222119,3001142,15000,2026-08-24T05:29:41Z,クレジットカード,increment-run-003,workshop-participant,donation_events_003.csv,2026-09-01T00:03:20Z
EVT-FRS-006045,6006045,2009545,472140,3001328,10000,2026-08-24T05:32:40Z,クレジットカード,increment-run-003,workshop-participant,donation_events_003.csv,2026-09-01T00:03:20Z
EVT-FRS-006949,6006949,2000575,344621,3004962,15000,2026-08-24T05:33:28Z,電子決済,increment-run-003,workshop-participant,donation_events_003.csv,2026-09-01T00:03:20Z
EVT-FRS-011572,6011572,2008595,382043,3005866,10000,2026-08-24T05:34:31Z,クレジットカード,increment-run-003,workshop-participant,donation_events_003.csv,2026-09-01T00:03:20Z
EVT-FRS-012007,6012007,2006407,272132,3002307,12000,2026-08-24T05:41:35Z,コンビニ決済,increment-run-003,workshop-participant,donation_events_003.csv,2026-09-01T00:03:20Z
EVT-FRS-008387,6008387,2003477,462152,3000372,5000,2026-08-24T05:42:56Z,クレジットカード,increment-run-003,workshop-participant,donation_events_003.csv,2026-09-01T00:03:20Z
EVT-FRS-013119,6013119,2004939,362018,3000569,15000,2026-08-24T05:44:23Z,コンビニ決済,increment-run-003,workshop-participant,donation_events_003.csv,2026-09-01T00:03:20Z
EVT-FRS-010730,6010730,2009748,452025,3003435,20000,2026-08-24T05:45:51Z,クレジットカード,increment-run-003,workshop-participant,donation_events_003.csv,2026-09-01T00:03:20Z
EVT-FRS-011155,6011155,2001669,012203,3003863,10000,2026-08-24T05:46:12Z,クレジットカード,increment-run-003,workshop-participant,donation_events_003.csv,2026-09-01T00:03:20Z
EVT-FRS-011337,6011337,2006691,133639,3005825,20000,2026-08-24T05:46:56Z,クレジットカード,increment-run-003,workshop-participant,donation_events_003.csv,2026-09-01T00:03:20Z
EVT-FRS-009970,6009970,2010200,062022,3001393,12000,2026-08-24T05:48:24Z,クレジットカード,increment-run-003,workshop-participant,donation_events_003.csv,2026-09-01T00:03:20Z
EVT-FRS-007586,6007586,2005517,272191,3003927,15000,2026-08-24T05:51:01Z,クレジットカード,increment-run-003,workshop-participant,donation_events_003.csv,2026-09-01T00:03:20Z
EVT-FRS-011538,6011538,2007692,322059,3000456,25000,2026-08-24T05:51:09Z,クレジットカード,increment-run-003,workshop-participant,donation_events_003.csv,2026-09-01T00:03:20Z
EVT-FRS-007528,6007528,2011150,012190,3001672,5000,2026-08-24T05:51:47Z,銀行振込,increment-run-003,workshop-participant,donation_events_003.csv,2026-09-01T00:03:20Z
EVT-FRS-006332,6006332,2005772,082074,3004546,20000,2026-08-24T05:52:02Z,電子決済,increment-run-003,workshop-participant,donation_events_003.csv,2026-09-01T00:03:20Z
EVT-FRS-000023,6000023,2003775,022098,3005578,10000,2026-08-24T05:57:05Z,クレジットカード,increment-run-003,workshop-participant,donation_events_003.csv,2026-09-01T00:03:20Z
EVT-FRS-013473,6013473,2001928,402044,3005173,10000,2026-08-24T06:02:29Z,クレジットカード,increment-run-003,workshop-participant,donation_events_003.csv,2026-09-01T00:03:20Z
EVT-FRS-007864,6007864,2005595,432148,3000945,20000,2026-08-24T06:03:38Z,クレジットカード,increment-run-003,workshop-participant,donation_events_003.csv,2026-09-01T00:03:20Z
EVT-FRS-008053,6008053,2001208,404217,3001210,50000,2026-08-24T06:10:58Z,クレジットカード,increment-run-003,workshop-participant,donation_events_003.csv,2026-09-01T00:03:20Z
EVT-FRS-007943,6007943,2008867,192091,3002918,20000,2026-08-24T06:10:59Z,クレジットカード,increment-run-003,workshop-participant,donation_events_003.csv,2026-09-01T00:03:20Z
EVT-FRS-013018,6013018,2010070,192112,3003615,10000,2026-08-24T06:14:46Z,クレジットカード,increment-run-003,workshop-participant,donation_events_003.csv,2026-09-01T00:03:20Z
EVT-FRS-004428,6004428,2005566,272329,3003678,10000,2026-08-24T06:15:30Z,クレジットカード,increment-run-003,workshop-participant,donation_events_003.csv,2026-09-01T00:03:20Z
EVT-FRS-009534,6009534,2009953,202029,3002523,20000,2026-08-24T06:20:36Z,クレジットカード,increment-run-003,workshop-participant,donation_events_003.csv,2026-09-01T00:03:20Z
EVT-FRS-013864,6013864,2001530,322075,3000267,30000,2026-08-24T06:29:28Z,電子決済,increment-run-003,workshop-participant,donation_events_003.csv,2026-09-01T00:03:20Z
EVT-FRS-002981,6002981,2009215,452025,3003388,12000,2026-08-24T06:29:44Z,クレジットカード,increment-run-003,workshop-participant,donation_events_003.csv,2026-09-01T00:03:20Z
EVT-FRS-014624,6014624,2000300,402168,3002003,10000,2026-08-24T06:29:47Z,クレジットカード,increment-run-003,workshop-participant,donation_events_003.csv,2026-09-01T00:03:20Z
EVT-FRS-001368,6001368,2009534,292109,3002678,10000,2026-08-24T06:33:23Z,銀行振込,increment-run-003,workshop-participant,donation_events_003.csv,2026-09-01T00:03:20Z
EVT-FRS-005445,6005445,2010465,472093,3003580,12000,2026-08-24T06:33:54Z,電子決済,increment-run-003,workshop-participant,donation_events_003.csv,2026-09-01T00:03:20Z
EVT-FRS-004013,6004013,2010353,442135,3000064,25000,2026-08-24T06:34:33Z,クレジットカード,increment-run-003,workshop-participant,donation_events_003.csv,2026-09-01T00:03:20Z
EVT-FRS-004263,6004263,2000978,221309,3003097,15000,2026-08-24T06:34:59Z,クレジットカード,increment-run-003,workshop-participant,donation_events_003.csv,2026-09-01T00:03:20Z
EVT-FRS-013270,6013270,2005453,132039,3000120,30000,2026-08-24T06:35:49Z,クレジットカード,increment-run-003,workshop-participant,donation_events_003.csv,2026-09-01T00:03:20Z
EVT-FRS-008603,6008603,2007666,194298,3005847,20000,2026-08-24T06:43:24Z,電子決済,increment-run-003,workshop-participant,donation_events_003.csv,2026-09-01T00:03:20Z
EVT-FRS-001281,6001281,2001106,052132,3003227,20000,2026-08-24T06:44:40Z,クレジットカード,increment-run-003,workshop-participant,donation_events_003.csv,2026-09-01T00:03:20Z
EVT-FRS-006545,6006545,2004575,122289,3004839,5000,2026-08-24T06:53:16Z,クレジットカード,increment-run-003,workshop-participant,donation_events_003.csv,2026-09-01T00:03:20Z
EVT-FRS-000026,6000026,2006386,232360,3005193,10000,2026-08-24T06:56:03Z,電子決済,increment-run-003,workshop-participant,donation_events_003.csv,2026-09-01T00:03:20Z
EVT-FRS-000933,6000933,2005804,102059,3002862,10000,2026-08-24T06:58:16Z,クレジットカード,increment-run-003,workshop-participant,donation_events_003.csv,2026-09-01T00:03:20Z
EVT-FRS-004640,6004640,2000625,022021,3004791,15000,2026-08-24T06:59:10Z,電子決済,increment-run-003,workshop-participant,donation_events_003.csv,2026-09-01T00:03:20Z
EVT-FRS-010618,6010618,2001416,204463,3001764,10000,2026-08-24T07:10:56Z,銀行振込,increment-run-003,workshop-participant,donation_events_003.csv,2026-09-01T00:03:20Z
EVT-FRS-007356,6007356,2004214,232092,3004369,12000,2026-08-24T07:12:49Z,クレジットカード,increment-run-003,workshop-participant,donation_events_003.csv,2026-09-01T00:03:20Z
EVT-FRS-010920,6010920,2010096,192023,3004434,10000,2026-08-24T07:13:16Z,クレジットカード,increment-run-003,workshop-participant,donation_events_003.csv,2026-09-01T00:03:20Z
EVT-FRS-001064,6001064,2004966,422037,3004900,15000,2026-08-24T07:15:23Z,クレジットカード,increment-run-003,workshop-participant,donation_events_003.csv,2026-09-01T00:03:20Z
EVT-FRS-002719,6002719,2003561,232327,3004991,40000,2026-08-24T07:15:58Z,クレジットカード,increment-run-003,workshop-participant,donation_events_003.csv,2026-09-01T00:03:20Z
EVT-FRS-013522,6013522,2010784,232351,3001145,10000,2026-08-24T07:16:17Z,クレジットカード,increment-run-003,workshop-participant,donation_events_003.csv,2026-09-01T00:03:20Z
EVT-FRS-002565,6002565,2007494,112020,3004330,10000,2026-08-24T07:16:43Z,クレジットカード,increment-run-003,workshop-participant,donation_events_003.csv,2026-09-01T00:03:20Z
EVT-FRS-007475,6007475,2000674,162019,3002130,15000,2026-08-24T07:21:11Z,クレジットカード,increment-run-003,workshop-participant,donation_events_003.csv,2026-09-01T00:03:20Z
EVT-FRS-002103,6002103,2002907,132063,3002333,10000,2026-08-24T07:22:21Z,電子決済,increment-run-003,workshop-participant,donation_events_003.csv,2026-09-01T00:03:20Z
EVT-FRS-001425,6001425,2008765,432032,3004207,20000,2026-08-24T07:25:05Z,クレジットカード,increment-run-003,workshop-participant,donation_events_003.csv,2026-09-01T00:03:20Z
EVT-FRS-002415,6002415,2007238,012092,3001127,25000,2026-08-24T07:27:31Z,コンビニ決済,increment-run-003,workshop-participant,donation_events_003.csv,2026-09-01T00:03:20Z
EVT-FRS-001244,6001244,2006120,013943,3005456,20000,2026-08-24T07:28:41Z,クレジットカード,increment-run-003,workshop-participant,donation_events_003.csv,2026-09-01T00:03:20Z
EVT-FRS-009134,6009134,2002137,132284,3001705,10000,2026-08-24T07:28:46Z,クレジットカード,increment-run-003,workshop-participant,donation_events_003.csv,2026-09-01T00:03:20Z
EVT-FRS-013607,6013607,2000055,412040,3005374,5000,2026-08-24T07:30:13Z,クレジットカード,increment-run-003,workshop-participant,donation_events_003.csv,2026-09-01T00:03:20Z
EVT-FRS-001437,6001437,2010544,422088,3003702,10000,2026-08-24T07:37:40Z,クレジットカード,increment-run-003,workshop-participant,donation_events_003.csv,2026-09-01T00:03:20Z
EVT-FRS-002274,6002274,2010978,092118,3005002,20000,2026-08-24T07:41:39Z,クレジットカード,increment-run-003,workshop-participant,donation_events_003.csv,2026-09-01T00:03:20Z
EVT-FRS-000204,6000204,2009794,473537,3002227,12000,2026-08-24T07:51:00Z,クレジットカード,increment-run-003,workshop-participant,donation_events_003.csv,2026-09-01T00:03:20Z
EVT-FRS-006664,6006664,2006081,022098,3000167,20000,2026-08-24T07:52:20Z,電子決済,increment-run-003,workshop-participant,donation_events_003.csv,2026-09-01T00:03:20Z
EVT-FRS-014004,6014004,2008133,431001,3002332,30000,2026-08-24T07:56:18Z,クレジットカード,increment-run-003,workshop-participant,donation_events_003.csv,2026-09-01T00:03:20Z
EVT-FRS-007492,6007492,2005834,261009,3000615,20000,2026-08-24T07:57:59Z,クレジットカード,increment-run-003,workshop-participant,donation_events_003.csv,2026-09-01T00:03:20Z
EVT-FRS-006217,6006217,2009373,342076,3004292,15000,2026-08-24T08:01:16Z,クレジットカード,increment-run-003,workshop-participant,donation_events_003.csv,2026-09-01T00:03:20Z
EVT-FRS-002738,6002738,2002344,122157,3000277,10000,2026-08-24T08:06:47Z,クレジットカード,increment-run-003,workshop-participant,donation_events_003.csv,2026-09-01T00:03:20Z
EVT-FRS-002045,6002045,2004540,032069,3000875,10000,2026-08-24T08:07:39Z,コンビニ決済,increment-run-003,workshop-participant,donation_events_003.csv,2026-09-01T00:03:20Z
EVT-FRS-002597,6002597,2002598,343099,3004590,12000,2026-08-24T08:08:57Z,クレジットカード,increment-run-003,workshop-participant,donation_events_003.csv,2026-09-01T00:03:20Z
EVT-FRS-007072,6007072,2005993,122297,3005961,10000,2026-08-24T08:09:54Z,コンビニ決済,increment-run-003,workshop-participant,donation_events_003.csv,2026-09-01T00:03:20Z
EVT-FRS-007825,6007825,2001943,192091,3005987,12000,2026-08-24T08:12:00Z,クレジットカード,increment-run-003,workshop-participant,donation_events_003.csv,2026-09-01T00:03:20Z
EVT-FRS-004182,6004182,2000234,012301,3005595,15000,2026-08-24T08:14:14Z,クレジットカード,increment-run-003,workshop-participant,donation_events_003.csv,2026-09-01T00:03:20Z
EVT-FRS-009903,6009903,2010089,194298,3005847,30000,2026-08-24T08:16:31Z,クレジットカード,increment-run-003,workshop-participant,donation_events_003.csv,2026-09-01T00:03:20Z
EVT-FRS-014795,6014795,2003851,152251,3000545,10000,2026-08-24T08:19:14Z,クレジットカード,increment-run-003,workshop-participant,donation_events_003.csv,2026-09-01T00:03:20Z
EVT-FRS-013857,6013857,2006181,272141,3003983,8000,2026-08-24T08:24:23Z,クレジットカード,increment-run-003,workshop-participant,donation_events_003.csv,2026-09-01T00:03:20Z
EVT-FRS-012165,6012165,2004004,442143,3005644,20000,2026-08-24T08:27:44Z,クレジットカード,increment-run-003,workshop-participant,donation_events_003.csv,2026-09-01T00:03:20Z
EVT-FRS-012079,6012079,2002001,272175,3002303,10000,2026-08-24T08:33:54Z,電子決済,increment-run-003,workshop-participant,donation_events_003.csv,2026-09-01T00:03:20Z
EVT-FRS-003603,6003603,2000083,232033,3005166,12000,2026-08-24T08:35:25Z,銀行振込,increment-run-003,workshop-participant,donation_events_003.csv,2026-09-01T00:03:20Z
EVT-FRS-008173,6008173,2003997,232114,3003464,30000,2026-08-24T08:42:15Z,クレジットカード,increment-run-003,workshop-participant,donation_events_003.csv,2026-09-01T00:03:20Z
EVT-FRS-014378,6014378,2005359,262111,3000507,10000,2026-08-24T08:46:23Z,クレジットカード,increment-run-003,workshop-participant,donation_events_003.csv,2026-09-01T00:03:20Z
EVT-FRS-003415,6003415,2005498,422037,3001941,5000,2026-08-24T08:48:31Z,クレジットカード,increment-run-003,workshop-participant,donation_events_003.csv,2026-09-01T00:03:20Z
EVT-FRS-001816,6001816,2007996,032085,3003426,12000,2026-08-24T08:52:27Z,クレジットカード,increment-run-003,workshop-participant,donation_events_003.csv,2026-09-01T00:03:20Z
EVT-FRS-013539,6013539,2010003,204111,3005177,10000,2026-08-24T08:55:57Z,銀行振込,increment-run-003,workshop-participant,donation_events_003.csv,2026-09-01T00:03:20Z
EVT-FRS-012336,6012336,2001768,052159,3003309,15000,2026-08-24T09:00:31Z,クレジットカード,increment-run-003,workshop-participant,donation_events_003.csv,2026-09-01T00:03:20Z
EVT-FRS-010744,6010744,2004422,112437,3003085,8000,2026-08-24T09:03:02Z,クレジットカード,increment-run-003,workshop-participant,donation_events_003.csv,2026-09-01T00:03:20Z
EVT-FRS-013381,6013381,2009213,322032,3001453,5000,2026-08-24T09:05:48Z,クレジットカード,increment-run-003,workshop-participant,donation_events_003.csv,2026-09-01T00:03:20Z
EVT-FRS-008792,6008792,2000291,062057,3003946,15000,2026-08-24T09:07:42Z,銀行振込,increment-run-003,workshop-participant,donation_events_003.csv,2026-09-01T00:03:20Z
EVT-FRS-008208,6008208,2010245,372056,3005050,20000,2026-08-24T09:08:29Z,クレジットカード,increment-run-003,workshop-participant,donation_events_003.csv,2026-09-01T00:03:20Z
EVT-FRS-013653,6013653,2007031,272086,3005869,12000,2026-08-24T09:08:33Z,クレジットカード,increment-run-003,workshop-participant,donation_events_003.csv,2026-09-01T00:03:20Z
EVT-FRS-007449,6007449,2010295,152277,3005413,25000,2026-08-24T09:11:04Z,クレジットカード,increment-run-003,workshop-participant,donation_events_003.csv,2026-09-01T00:03:20Z
EVT-FRS-014201,6014201,2007447,112411,3004315,10000,2026-08-24T09:13:47Z,クレジットカード,increment-run-003,workshop-participant,donation_events_003.csv,2026-09-01T00:03:20Z
EVT-FRS-000009,6000009,2004259,012068,3004718,20000,2026-08-24T09:15:22Z,銀行振込,increment-run-003,workshop-participant,donation_events_003.csv,2026-09-01T00:03:20Z
EVT-FRS-002260,6002260,2011160,292044,3000069,10000,2026-08-24T09:15:24Z,クレジットカード,increment-run-003,workshop-participant,donation_events_003.csv,2026-09-01T00:03:20Z
EVT-FRS-004221,6004221,2011212,102024,3002757,12000,2026-08-24T09:16:15Z,クレジットカード,increment-run-003,workshop-participant,donation_events_003.csv,2026-09-01T00:03:20Z
EVT-FRS-009963,6009963,2000560,152111,3003957,10000,2026-08-24T09:17:45Z,電子決済,increment-run-003,workshop-participant,donation_events_003.csv,2026-09-01T00:03:20Z
EVT-FRS-010409,6010409,2001921,072052,3000698,15000,2026-08-24T09:25:08Z,電子決済,increment-run-003,workshop-participant,donation_events_003.csv,2026-09-01T00:03:20Z
EVT-FRS-004502,6004502,2010975,232343,3004089,150000,2026-08-24T09:32:46Z,クレジットカード,increment-run-003,workshop-participant,donation_events_003.csv,2026-09-01T00:03:20Z
EVT-FRS-006912,6006912,2004326,212091,3004046,20000,2026-08-24T09:35:23Z,クレジットカード,increment-run-003,workshop-participant,donation_events_003.csv,2026-09-01T00:03:20Z
EVT-FRS-004434,6004434,2003147,352039,3004799,15000,2026-08-24T09:42:08Z,コンビニ決済,increment-run-003,workshop-participant,donation_events_003.csv,2026-09-01T00:03:20Z
EVT-FRS-012352,6012352,2000785,052116,3004696,10000,2026-08-24T09:42:14Z,電子決済,increment-run-003,workshop-participant,donation_events_003.csv,2026-09-01T00:03:20Z
EVT-FRS-010052,6010052,2001639,272132,3003549,20000,2026-08-24T09:43:53Z,クレジットカード,increment-run-003,workshop-participant,donation_events_003.csv,2026-09-01T00:03:20Z
EVT-FRS-002490,6002490,2006676,012190,3004508,10000,2026-08-24T09:44:19Z,クレジットカード,increment-run-003,workshop-participant,donation_events_003.csv,2026-09-01T00:03:20Z
EVT-FRS-008188,6008188,2006623,112437,3005754,10000,2026-08-24T09:47:25Z,コンビニ決済,increment-run-003,workshop-participant,donation_events_003.csv,2026-09-01T00:03:20Z
EVT-FRS-003842,6003842,2002524,112321,3001893,50000,2026-08-24T09:50:31Z,電子決済,increment-run-003,workshop-participant,donation_events_003.csv,2026-09-01T00:03:20Z
EVT-FRS-001339,6001339,2007547,434248,3000774,15000,2026-08-24T09:54:33Z,電子決済,increment-run-003,workshop-participant,donation_events_003.csv,2026-09-01T00:03:20Z
EVT-FRS-009182,6009182,2011098,252107,3005323,20000,2026-08-24T09:58:15Z,クレジットカード,increment-run-003,workshop-participant,donation_events_003.csv,2026-09-01T00:03:20Z
EVT-FRS-011742,6011742,2009965,222160,3004778,10000,2026-08-24T09:59:42Z,銀行振込,increment-run-003,workshop-participant,donation_events_003.csv,2026-09-01T00:03:20Z
EVT-FRS-008172,6008172,2010266,353051,3001153,10000,2026-08-24T10:00:51Z,電子決済,increment-run-003,workshop-participant,donation_events_003.csv,2026-09-01T00:03:20Z
EVT-FRS-006995,6006995,2002534,212130,3003028,10000,2026-08-24T10:01:12Z,電子決済,increment-run-003,workshop-participant,donation_events_003.csv,2026-09-01T00:03:20Z
EVT-FRS-007973,6007973,2007131,434418,3004819,30000,2026-08-24T10:01:18Z,クレジットカード,increment-run-003,workshop-participant,donation_events_003.csv,2026-09-01T00:03:20Z
EVT-FRS-009033,6009033,2009822,112259,3001714,15000,2026-08-24T10:06:33Z,電子決済,increment-run-003,workshop-participant,donation_events_003.csv,2026-09-01T00:03:20Z
EVT-FRS-004582,6004582,2002372,204510,3000049,8000,2026-08-24T10:13:56Z,クレジットカード,increment-run-003,workshop-participant,donation_events_003.csv,2026-09-01T00:03:20Z
EVT-FRS-007860,6007860,2009732,402184,3001031,10000,2026-08-24T10:17:41Z,電子決済,increment-run-003,workshop-participant,donation_events_003.csv,2026-09-01T00:03:20Z
EVT-FRS-002713,6002713,2007725,052141,3000352,100000,2026-08-24T10:18:21Z,クレジットカード,increment-run-003,workshop-participant,donation_events_003.csv,2026-09-01T00:03:20Z
EVT-FRS-011943,6011943,2011602,192091,3005062,30000,2026-08-24T10:19:51Z,銀行振込,increment-run-003,workshop-participant,donation_events_003.csv,2026-09-01T00:03:20Z
EVT-FRS-010476,6010476,2006446,432032,3002519,8000,2026-08-24T10:19:53Z,銀行振込,increment-run-003,workshop-participant,donation_events_003.csv,2026-09-01T00:03:20Z
EVT-FRS-009093,6009093,2006261,352128,3003774,25000,2026-08-24T10:28:20Z,クレジットカード,increment-run-003,workshop-participant,donation_events_003.csv,2026-09-01T00:03:20Z
EVT-FRS-013182,6013182,2002745,042099,3002237,20000,2026-08-24T10:36:31Z,クレジットカード,increment-run-003,workshop-participant,donation_events_003.csv,2026-09-01T00:03:20Z
EVT-FRS-003594,6003594,2009071,112381,3000961,12000,2026-08-24T10:38:17Z,コンビニ決済,increment-run-003,workshop-participant,donation_events_003.csv,2026-09-01T00:03:20Z
EVT-FRS-010145,6010145,2001765,372048,3002359,12000,2026-08-24T10:38:47Z,クレジットカード,increment-run-003,workshop-participant,donation_events_003.csv,2026-09-01T00:03:20Z
EVT-FRS-001883,6001883,2001495,392065,3001319,10000,2026-08-24T10:39:52Z,クレジットカード,increment-run-003,workshop-participant,donation_events_003.csv,2026-09-01T00:03:20Z
EVT-FRS-012809,6012809,2003968,452033,3003468,10000,2026-08-24T10:41:04Z,クレジットカード,increment-run-003,workshop-participant,donation_events_003.csv,2026-09-01T00:03:20Z
EVT-FRS-004444,6004444,2007068,172073,3004365,30000,2026-08-24T10:41:14Z,クレジットカード,increment-run-003,workshop-participant,donation_events_003.csv,2026-09-01T00:03:20Z
EVT-FRS-011266,6011266,2003607,042137,3004629,20000,2026-08-24T10:43:57Z,クレジットカード,increment-run-003,workshop-participant,donation_events_003.csv,2026-09-01T00:03:20Z
EVT-FRS-009948,6009948,2004897,392014,3005116,20000,2026-08-24T10:50:17Z,クレジットカード,increment-run-003,workshop-participant,donation_events_003.csv,2026-09-01T00:03:20Z
EVT-FRS-001003,6001003,2003029,183822,3003571,20000,2026-08-24T10:50:55Z,クレジットカード,increment-run-003,workshop-participant,donation_events_003.csv,2026-09-01T00:03:20Z
EVT-FRS-008200,6008200,2006862,442038,3004538,10000,2026-08-24T10:54:04Z,銀行振込,increment-run-003,workshop-participant,donation_events_003.csv,2026-09-01T00:03:20Z
EVT-FRS-010659,6010659,2006359,232271,3003775,12000,2026-08-24T10:59:28Z,クレジットカード,increment-run-003,workshop-participant,donation_events_003.csv,2026-09-01T00:03:20Z
EVT-FRS-008931,6008931,2008902,192023,3004434,8000,2026-08-24T11:04:46Z,クレジットカード,increment-run-003,workshop-participant,donation_events_003.csv,2026-09-01T00:03:20Z
EVT-FRS-007798,6007798,2004297,434477,3001326,10000,2026-08-24T11:05:30Z,クレジットカード,increment-run-003,workshop-participant,donation_events_003.csv,2026-09-01T00:03:20Z
EVT-FRS-005856,6005856,2011650,272205,3004027,15000,2026-08-24T11:06:03Z,電子決済,increment-run-003,workshop-participant,donation_events_003.csv,2026-09-01T00:03:20Z
EVT-FRS-007823,6007823,2003840,294241,3001209,10000,2026-08-24T11:09:13Z,電子決済,increment-run-003,workshop-participant,donation_events_003.csv,2026-09-01T00:03:20Z
EVT-FRS-014559,6014559,2010652,422037,3004900,20000,2026-08-24T11:11:33Z,クレジットカード,increment-run-003,workshop-participant,donation_events_003.csv,2026-09-01T00:03:20Z
EVT-FRS-006769,6006769,2008097,302040,3001821,15000,2026-08-24T11:12:42Z,クレジットカード,increment-run-003,workshop-participant,donation_events_003.csv,2026-09-01T00:03:20Z
EVT-FRS-004163,6004163,2002533,282014,3002089,20000,2026-08-24T11:22:28Z,電子決済,increment-run-003,workshop-participant,donation_events_003.csv,2026-09-01T00:03:20Z
EVT-FRS-001488,6001488,2002400,432156,3001336,10000,2026-08-24T11:24:22Z,銀行振込,increment-run-003,workshop-participant,donation_events_003.csv,2026-09-01T00:03:20Z
EVT-FRS-009986,6009986,2008754,112119,3002676,15000,2026-08-24T11:34:48Z,クレジットカード,increment-run-003,workshop-participant,donation_events_003.csv,2026-09-01T00:03:20Z
EVT-FRS-010916,6010916,2009047,282049,3004141,15000,2026-08-24T11:36:22Z,銀行振込,increment-run-003,workshop-participant,donation_events_003.csv,2026-09-01T00:03:20Z
EVT-FRS-004836,6004836,2010385,302091,3000684,10000,2026-08-24T11:40:16Z,クレジットカード,increment-run-003,workshop-participant,donation_events_003.csv,2026-09-01T00:03:20Z
EVT-FRS-005228,6005228,2007723,342131,3001475,20000,2026-08-24T11:42:24Z,クレジットカード,increment-run-003,workshop-participant,donation_events_003.csv,2026-09-01T00:03:20Z
EVT-FRS-009741,6009741,2010406,122190,3003157,50000,2026-08-24T11:49:26Z,クレジットカード,increment-run-003,workshop-participant,donation_events_003.csv,2026-09-01T00:03:20Z
EVT-FRS-008653,6008653,2002719,044041,3001048,10000,2026-08-24T11:51:00Z,電子決済,increment-run-003,workshop-participant,donation_events_003.csv,2026-09-01T00:03:20Z
EVT-FRS-010027,6010027,2009154,012165,3001399,12000,2026-08-24T11:57:25Z,コンビニ決済,increment-run-003,workshop-participant,donation_events_003.csv,2026-09-01T00:03:20Z
EVT-FRS-013305,6013305,2010103,132021,3001018,5000,2026-08-24T12:01:44Z,クレジットカード,increment-run-003,workshop-participant,donation_events_003.csv,2026-09-01T00:03:20Z
EVT-FRS-006577,6006577,2006856,372030,3002946,5000,2026-08-24T12:03:04Z,クレジットカード,increment-run-003,workshop-participant,donation_events_003.csv,2026-09-01T00:03:20Z
EVT-FRS-011736,6011736,2004009,292079,3002196,12000,2026-08-24T12:03:46Z,クレジットカード,increment-run-003,workshop-participant,donation_events_003.csv,2026-09-01T00:03:20Z
EVT-FRS-000779,6000779,2007308,012084,3005151,10000,2026-08-24T12:16:59Z,クレジットカード,increment-run-003,workshop-participant,donation_events_003.csv,2026-09-01T00:03:20Z
EVT-FRS-004723,6004723,2011295,232149,3000148,8000,2026-08-24T12:18:10Z,クレジットカード,increment-run-003,workshop-participant,donation_events_003.csv,2026-09-01T00:03:20Z
EVT-FRS-010406,6010406,2009209,442020,3002517,15000,2026-08-24T12:28:23Z,コンビニ決済,increment-run-003,workshop-participant,donation_events_003.csv,2026-09-01T00:03:20Z
EVT-FRS-005981,6005981,2010543,352161,3002680,25000,2026-08-24T12:34:14Z,コンビニ決済,increment-run-003,workshop-participant,donation_events_003.csv,2026-09-01T00:03:20Z
EVT-FRS-000899,6000899,2004288,112313,3000874,15000,2026-08-24T12:42:03Z,クレジットカード,increment-run-003,workshop-participant,donation_events_003.csv,2026-09-01T00:03:20Z
EVT-FRS-013245,6013245,2003132,012041,3005081,20000,2026-08-24T12:46:41Z,銀行振込,increment-run-003,workshop-participant,donation_events_003.csv,2026-09-01T00:03:20Z
EVT-FRS-007701,6007701,2007539,162027,3000597,10000,2026-08-24T12:51:33Z,電子決済,increment-run-003,workshop-participant,donation_events_003.csv,2026-09-01T00:03:20Z
EVT-FRS-014426,6014426,2009185,402044,3001133,10000,2026-08-24T12:52:30Z,コンビニ決済,increment-run-003,workshop-participant,donation_events_003.csv,2026-09-01T00:03:20Z
EVT-FRS-002564,6002564,2008415,132233,3001484,10000,2026-08-24T12:52:48Z,銀行振込,increment-run-003,workshop-participant,donation_events_003.csv,2026-09-01T00:03:20Z
EVT-FRS-001565,6001565,2004073,292125,3003219,100000,2026-08-24T12:58:14Z,銀行振込,increment-run-003,workshop-participant,donation_events_003.csv,2026-09-01T00:03:20Z
EVT-FRS-009227,6009227,2005259,222241,3002314,20000,2026-08-24T13:01:46Z,クレジットカード,increment-run-003,workshop-participant,donation_events_003.csv,2026-09-01T00:03:20Z
EVT-FRS-003999,6003999,2003521,202185,3000702,15000,2026-08-24T13:05:24Z,クレジットカード,increment-run-003,workshop-participant,donation_events_003.csv,2026-09-01T00:03:20Z
EVT-FRS-012719,6012719,2010815,392090,3005016,20000,2026-08-24T13:07:24Z,クレジットカード,increment-run-003,workshop-participant,donation_events_003.csv,2026-09-01T00:03:20Z
EVT-FRS-008718,6008718,2004324,192139,3000967,40000,2026-08-24T13:11:52Z,クレジットカード,increment-run-003,workshop-participant,donation_events_003.csv,2026-09-01T00:03:20Z
EVT-FRS-009394,6009394,2010023,022021,3004791,8000,2026-08-24T13:12:40Z,クレジットカード,increment-run-003,workshop-participant,donation_events_003.csv,2026-09-01T00:03:20Z
EVT-FRS-011740,6011740,2003826,462101,3004911,15000,2026-08-24T13:13:35Z,クレジットカード,increment-run-003,workshop-participant,donation_events_003.csv,2026-09-01T00:03:20Z
EVT-FRS-011318,6011318,2000600,402214,3002615,15000,2026-08-24T13:16:04Z,クレジットカード,increment-run-003,workshop-participant,donation_events_003.csv,2026-09-01T00:03:20Z
EVT-FRS-012364,6012364,2004185,172014,3003149,50000,2026-08-24T13:16:38Z,コンビニ決済,increment-run-003,workshop-participant,donation_events_003.csv,2026-09-01T00:03:20Z
EVT-FRS-003149,6003149,2007153,452025,3005848,10000,2026-08-24T13:22:47Z,クレジットカード,increment-run-003,workshop-participant,donation_events_003.csv,2026-09-01T00:03:20Z
EVT-FRS-006511,6006511,2010539,053635,3005626,15000,2026-08-24T13:25:49Z,クレジットカード,increment-run-003,workshop-participant,donation_events_003.csv,2026-09-01T00:03:20Z
EVT-FRS-005047,6005047,2011409,382159,3000333,8000,2026-08-24T13:26:23Z,クレジットカード,increment-run-003,workshop-participant,donation_events_003.csv,2026-09-01T00:03:20Z
EVT-FRS-002473,6002473,2000983,182052,3001707,20000,2026-08-24T13:28:20Z,クレジットカード,increment-run-003,workshop-participant,donation_events_003.csv,2026-09-01T00:03:20Z
EVT-FRS-004624,6004624,2000904,102105,3001582,10000,2026-08-24T13:37:06Z,クレジットカード,increment-run-003,workshop-participant,donation_events_003.csv,2026-09-01T00:03:20Z
EVT-FRS-008239,6008239,2005727,014648,3003394,10000,2026-08-24T13:43:45Z,クレジットカード,increment-run-003,workshop-participant,donation_events_003.csv,2026-09-01T00:03:20Z
EVT-FRS-004309,6004309,2007645,172073,3000441,8000,2026-08-24T13:47:53Z,クレジットカード,increment-run-003,workshop-participant,donation_events_003.csv,2026-09-01T00:03:20Z
EVT-FRS-000060,6000060,2010943,222267,3002667,10000,2026-08-24T13:48:11Z,クレジットカード,increment-run-003,workshop-participant,donation_events_003.csv,2026-09-01T00:03:20Z
EVT-FRS-008043,6008043,2002966,422142,3005051,10000,2026-08-24T13:49:43Z,クレジットカード,increment-run-003,workshop-participant,donation_events_003.csv,2026-09-01T00:03:20Z
EVT-FRS-012247,6012247,2005305,442135,3003352,15000,2026-08-24T13:50:21Z,クレジットカード,increment-run-003,workshop-participant,donation_events_003.csv,2026-09-01T00:03:20Z
EVT-FRS-009946,6009946,2004480,222038,3001333,30000,2026-08-24T13:51:25Z,クレジットカード,increment-run-003,workshop-participant,donation_events_003.csv,2026-09-01T00:03:20Z
EVT-FRS-014674,6014674,2011302,016683,3005576,25000,2026-08-24T13:59:08Z,電子決済,increment-run-003,workshop-participant,donation_events_003.csv,2026-09-01T00:03:20Z
EVT-FRS-006652,6006652,2004930,182028,3002137,10000,2026-08-24T14:02:10Z,クレジットカード,increment-run-003,workshop-participant,donation_events_003.csv,2026-09-01T00:03:20Z
EVT-FRS-000948,6000948,2008677,232050,3004419,10000,2026-08-24T14:12:39Z,クレジットカード,increment-run-003,workshop-participant,donation_events_003.csv,2026-09-01T00:03:20Z
EVT-FRS-012036,6012036,2006568,242055,3000872,12000,2026-08-24T14:23:57Z,クレジットカード,increment-run-003,workshop-participant,donation_events_003.csv,2026-09-01T00:03:20Z
EVT-FRS-012781,6012781,2007761,142051,3002611,8000,2026-08-24T14:26:03Z,クレジットカード,increment-run-003,workshop-participant,donation_events_003.csv,2026-09-01T00:03:20Z
EVT-FRS-008437,6008437,2007716,252123,3000131,10000,2026-08-24T14:26:08Z,クレジットカード,increment-run-003,workshop-participant,donation_events_003.csv,2026-09-01T00:03:20Z
EVT-FRS-003180,6003180,2010235,142166,3000621,20000,2026-08-24T14:29:16Z,クレジットカード,increment-run-003,workshop-participant,donation_events_003.csv,2026-09-01T00:03:20Z
EVT-FRS-007264,6007264,2006518,342033,3001468,12000,2026-08-24T14:29:51Z,クレジットカード,increment-run-003,workshop-participant,donation_events_003.csv,2026-09-01T00:03:20Z
EVT-FRS-013036,6013036,2009269,222054,3002220,20000,2026-08-24T14:33:27Z,銀行振込,increment-run-003,workshop-participant,donation_events_003.csv,2026-09-01T00:03:20Z
EVT-FRS-013022,6013022,2009720,133639,3001875,12000,2026-08-24T14:37:53Z,電子決済,increment-run-003,workshop-participant,donation_events_003.csv,2026-09-01T00:03:20Z
EVT-FRS-007636,6007636,2004388,192074,3005813,10000,2026-08-24T14:39:25Z,クレジットカード,increment-run-003,workshop-participant,donation_events_003.csv,2026-09-01T00:03:20Z
EVT-FRS-005706,6005706,2000865,422126,3004327,10000,2026-08-24T14:40:26Z,クレジットカード,increment-run-003,workshop-participant,donation_events_003.csv,2026-09-01T00:03:20Z
EVT-FRS-013990,6013990,2004409,082112,3005871,10000,2026-08-24T14:45:03Z,銀行振込,increment-run-003,workshop-participant,donation_events_003.csv,2026-09-01T00:03:20Z
EVT-FRS-005683,6005683,2002848,332119,3002246,30000,2026-08-24T14:45:55Z,クレジットカード,increment-run-003,workshop-participant,donation_events_003.csv,2026-09-01T00:03:20Z
EVT-FRS-007410,6007410,2005434,262064,3004540,25000,2026-08-24T14:55:29Z,クレジットカード,increment-run-003,workshop-participant,donation_events_003.csv,2026-09-01T00:03:20Z
EVT-FRS-000444,6000444,2008925,012301,3001629,30000,2026-08-24T14:56:08Z,電子決済,increment-run-003,workshop-participant,donation_events_003.csv,2026-09-01T00:03:20Z
EVT-FRS-008073,6008073,2001174,313289,3002191,10000,2026-08-24T14:56:25Z,クレジットカード,increment-run-003,workshop-participant,donation_events_003.csv,2026-09-01T00:03:20Z
EVT-FRS-009629,6009629,2009725,235636,3005390,20000,2026-08-24T14:56:58Z,クレジットカード,increment-run-003,workshop-participant,donation_events_003.csv,2026-09-01T00:03:20Z
EVT-FRS-012324,6012324,2004425,132233,3000670,5000,2026-08-24T14:59:54Z,電子決済,increment-run-003,workshop-participant,donation_events_003.csv,2026-09-01T00:03:20Z
EVT-FRS-014461,6014461,2000663,092037,3003935,5000,2026-08-24T15:03:10Z,クレジットカード,increment-run-003,workshop-participant,donation_events_003.csv,2026-09-01T00:03:20Z
EVT-FRS-013271,6013271,2010657,141500,3000464,15000,2026-08-24T15:12:45Z,クレジットカード,increment-run-003,workshop-participant,donation_events_003.csv,2026-09-01T00:03:20Z
EVT-FRS-000859,6000859,2004568,052035,3001265,5000,2026-08-24T15:17:02Z,クレジットカード,increment-run-003,workshop-participant,donation_events_003.csv,2026-09-01T00:03:20Z
EVT-FRS-002082,6002082,2008732,022055,3000305,10000,2026-08-24T15:24:07Z,銀行振込,increment-run-003,workshop-participant,donation_events_003.csv,2026-09-01T00:03:20Z
EVT-FRS-013308,6013308,2005080,262145,3005953,8000,2026-08-24T15:29:00Z,クレジットカード,increment-run-003,workshop-participant,donation_events_003.csv,2026-09-01T00:03:20Z
EVT-FRS-013470,6013470,2004045,452025,3002265,10000,2026-08-24T15:32:32Z,電子決済,increment-run-003,workshop-participant,donation_events_003.csv,2026-09-01T00:03:20Z
EVT-FRS-003094,6003094,2001986,422037,3001765,5000,2026-08-24T15:35:59Z,コンビニ決済,increment-run-003,workshop-participant,donation_events_003.csv,2026-09-01T00:03:20Z
EVT-FRS-000126,6000126,2002139,464686,3002337,50000,2026-08-24T15:36:17Z,クレジットカード,increment-run-003,workshop-participant,donation_events_003.csv,2026-09-01T00:03:20Z
EVT-FRS-014156,6014156,2009061,232076,3004155,10000,2026-08-24T15:37:55Z,クレジットカード,increment-run-003,workshop-participant,donation_events_003.csv,2026-09-01T00:03:20Z
EVT-FRS-009723,6009723,2002401,252085,3003506,20000,2026-08-24T15:44:25Z,電子決済,increment-run-003,workshop-participant,donation_events_003.csv,2026-09-01T00:03:20Z
EVT-FRS-001983,6001983,2001512,152111,3000948,20000,2026-08-24T15:50:09Z,クレジットカード,increment-run-003,workshop-participant,donation_events_003.csv,2026-09-01T00:03:20Z
EVT-FRS-008556,6008556,2009573,012203,3000380,15000,2026-08-24T15:51:00Z,クレジットカード,increment-run-003,workshop-participant,donation_events_003.csv,2026-09-01T00:03:20Z
EVT-FRS-012725,6012725,2001754,232351,3002782,20000,2026-08-24T15:53:50Z,クレジットカード,increment-run-003,workshop-participant,donation_events_003.csv,2026-09-01T00:03:20Z
EVT-FRS-013677,6013677,2003504,392120,3000172,12000,2026-08-24T15:58:20Z,クレジットカード,increment-run-003,workshop-participant,donation_events_003.csv,2026-09-01T00:03:20Z
EVT-FRS-010630,6010630,2004840,231002,3003379,10000,2026-08-24T16:00:51Z,電子決済,increment-run-003,workshop-participant,donation_events_003.csv,2026-09-01T00:03:20Z
EVT-FRS-012019,6012019,2005975,412023,3004952,30000,2026-08-24T16:02:00Z,クレジットカード,increment-run-003,workshop-participant,donation_events_003.csv,2026-09-01T00:03:20Z
EVT-FRS-001010,6001010,2002824,452033,3001684,10000,2026-08-24T16:10:50Z,クレジットカード,increment-run-003,workshop-participant,donation_events_003.csv,2026-09-01T00:03:20Z
EVT-FRS-000216,6000216,2010180,142131,3005812,15000,2026-08-24T16:10:53Z,電子決済,increment-run-003,workshop-participant,donation_events_003.csv,2026-09-01T00:03:20Z
EVT-FRS-012601,6012601,2002543,362026,3005849,12000,2026-08-24T16:26:49Z,電子決済,increment-run-003,workshop-participant,donation_events_003.csv,2026-09-01T00:03:20Z
EVT-FRS-011122,6011122,2011628,334618,3003955,8000,2026-08-24T16:28:30Z,クレジットカード,increment-run-003,workshop-participant,donation_events_003.csv,2026-09-01T00:03:20Z
EVT-FRS-008285,6008285,2003542,362077,3000374,10000,2026-08-24T16:34:16Z,クレジットカード,increment-run-003,workshop-participant,donation_events_003.csv,2026-09-01T00:03:20Z
EVT-FRS-004496,6004496,2004849,214019,3001126,10000,2026-08-24T16:39:00Z,クレジットカード,increment-run-003,workshop-participant,donation_events_003.csv,2026-09-01T00:03:20Z
EVT-FRS-014883,6014883,2010726,452025,3002730,60000,2026-08-24T16:41:37Z,クレジットカード,increment-run-003,workshop-participant,donation_events_003.csv,2026-09-01T00:03:20Z
EVT-FRS-009719,6009719,2007136,352080,3003909,10000,2026-08-24T16:42:22Z,クレジットカード,increment-run-003,workshop-participant,donation_events_003.csv,2026-09-01T00:03:20Z
EVT-FRS-010359,6010359,2011328,042111,3000457,10000,2026-08-24T16:48:29Z,クレジットカード,increment-run-003,workshop-participant,donation_events_003.csv,2026-09-01T00:03:20Z
EVT-FRS-010861,6010861,2001266,232114,3004234,30000,2026-08-24T16:50:04Z,クレジットカード,increment-run-003,workshop-participant,donation_events_003.csv,2026-09-01T00:03:20Z
EVT-FRS-009939,6009939,2000708,332101,3002134,20000,2026-08-24T16:52:16Z,クレジットカード,increment-run-003,workshop-participant,donation_events_003.csv,2026-09-01T00:03:20Z
EVT-FRS-012511,6012511,2010297,372064,3000150,8000,2026-08-24T17:03:57Z,クレジットカード,increment-run-003,workshop-participant,donation_events_003.csv,2026-09-01T00:03:20Z
EVT-FRS-014079,6014079,2001994,382132,3001548,20000,2026-08-24T17:06:51Z,クレジットカード,increment-run-003,workshop-participant,donation_events_003.csv,2026-09-01T00:03:20Z
EVT-FRS-014392,6014392,2007743,302031,3000907,15000,2026-08-24T17:14:08Z,コンビニ決済,increment-run-003,workshop-participant,donation_events_003.csv,2026-09-01T00:03:20Z
EVT-FRS-000778,6000778,2004939,232351,3004170,15000,2026-08-24T17:14:53Z,クレジットカード,increment-run-003,workshop-participant,donation_events_003.csv,2026-09-01T00:03:20Z
EVT-FRS-009608,6009608,2005483,082121,3005469,10000,2026-08-24T17:19:37Z,クレジットカード,increment-run-003,workshop-participant,donation_events_003.csv,2026-09-01T00:03:20Z
EVT-FRS-003034,6003034,2009717,373648,3004949,10000,2026-08-24T17:19:59Z,クレジットカード,increment-run-003,workshop-participant,donation_events_003.csv,2026-09-01T00:03:20Z
EVT-FRS-005998,6005998,2011599,043028,3003226,50000,2026-08-24T17:27:23Z,クレジットカード,increment-run-003,workshop-participant,donation_events_003.csv,2026-09-01T00:03:20Z
EVT-FRS-010557,6010557,2002998,212202,3001683,30000,2026-08-24T17:28:28Z,クレジットカード,increment-run-003,workshop-participant,donation_events_003.csv,2026-09-01T00:03:20Z
EVT-FRS-006799,6006799,2008879,192066,3005778,25000,2026-08-24T17:33:32Z,クレジットカード,increment-run-003,workshop-participant,donation_events_003.csv,2026-09-01T00:03:20Z
EVT-FRS-007513,6007513,2009671,132110,3003838,15000,2026-08-24T17:39:46Z,クレジットカード,increment-run-003,workshop-participant,donation_events_003.csv,2026-09-01T00:03:20Z
EVT-FRS-008912,6008912,2011183,272281,3002920,10000,2026-08-24T17:42:38Z,電子決済,increment-run-003,workshop-participant,donation_events_003.csv,2026-09-01T00:03:20Z
EVT-FRS-005644,6005644,2006488,122386,3001846,10000,2026-08-24T17:49:48Z,クレジットカード,increment-run-003,workshop-participant,donation_events_003.csv,2026-09-01T00:03:20Z
EVT-FRS-003979,6003979,2007769,142166,3005251,12000,2026-08-24T17:52:36Z,電子決済,increment-run-003,workshop-participant,donation_events_003.csv,2026-09-01T00:03:20Z
EVT-FRS-007518,6007518,2006541,272183,3002258,25000,2026-08-24T17:55:00Z,クレジットカード,increment-run-003,workshop-participant,donation_events_003.csv,2026-09-01T00:03:20Z
EVT-FRS-005966,6005966,2001954,372072,3002539,5000,2026-08-24T18:06:33Z,クレジットカード,increment-run-003,workshop-participant,donation_events_003.csv,2026-09-01T00:03:20Z
EVT-FRS-000427,6000427,2009954,082198,3001545,40000,2026-08-24T18:08:17Z,クレジットカード,increment-run-003,workshop-participant,donation_events_003.csv,2026-09-01T00:03:20Z
EVT-FRS-002534,6002534,2010740,232122,3000408,10000,2026-08-24T18:09:15Z,電子決済,increment-run-003,workshop-participant,donation_events_003.csv,2026-09-01T00:03:20Z
EVT-FRS-002810,6002810,2003086,232149,3000148,15000,2026-08-24T18:10:00Z,クレジットカード,increment-run-003,workshop-participant,donation_events_003.csv,2026-09-01T00:03:20Z
EVT-FRS-012215,6012215,2006619,353434,3004807,10000,2026-08-24T18:11:59Z,クレジットカード,increment-run-003,workshop-participant,donation_events_003.csv,2026-09-01T00:03:20Z
EVT-FRS-013444,6013444,2011157,022012,3000540,10000,2026-08-24T18:14:04Z,コンビニ決済,increment-run-003,workshop-participant,donation_events_003.csv,2026-09-01T00:03:20Z
EVT-FRS-004045,6004045,2011729,122343,3004699,10000,2026-08-24T18:14:31Z,クレジットカード,increment-run-003,workshop-participant,donation_events_003.csv,2026-09-01T00:03:20Z
EVT-FRS-011897,6011897,2010685,052132,3003227,25000,2026-08-24T18:17:58Z,銀行振込,increment-run-003,workshop-participant,donation_events_003.csv,2026-09-01T00:03:20Z
EVT-FRS-013977,6013977,2009546,282294,3001669,10000,2026-08-24T18:22:54Z,クレジットカード,increment-run-003,workshop-participant,donation_events_003.csv,2026-09-01T00:03:20Z
EVT-FRS-007990,6007990,2010323,462063,3000706,20000,2026-08-24T18:23:03Z,クレジットカード,increment-run-003,workshop-participant,donation_events_003.csv,2026-09-01T00:03:20Z
EVT-FRS-011509,6011509,2006603,092037,3005634,20000,2026-08-24T18:23:08Z,クレジットカード,increment-run-003,workshop-participant,donation_events_003.csv,2026-09-01T00:03:20Z
EVT-FRS-004841,6004841,2000689,242152,3005213,10000,2026-08-24T18:24:51Z,電子決済,increment-run-003,workshop-participant,donation_events_003.csv,2026-09-01T00:03:20Z
EVT-FRS-005514,6005514,2006623,313289,3000734,12000,2026-08-24T18:28:42Z,クレジットカード,increment-run-003,workshop-participant,donation_events_003.csv,2026-09-01T00:03:20Z
EVT-FRS-005940,6005940,2005397,272183,3002258,30000,2026-08-24T18:32:32Z,クレジットカード,increment-run-003,workshop-participant,donation_events_003.csv,2026-09-01T00:03:20Z
EVT-FRS-014105,6014105,2008046,032140,3001928,10000,2026-08-24T18:34:09Z,コンビニ決済,increment-run-003,workshop-participant,donation_events_003.csv,2026-09-01T00:03:20Z
EVT-FRS-003080,6003080,2006971,472093,3001913,15000,2026-08-24T18:38:34Z,電子決済,increment-run-003,workshop-participant,donation_events_003.csv,2026-09-01T00:03:20Z
EVT-FRS-004196,6004196,2007495,043419,3000294,10000,2026-08-24T18:43:49Z,クレジットカード,increment-run-003,workshop-participant,donation_events_003.csv,2026-09-01T00:03:20Z
EVT-FRS-009124,6009124,2010101,322059,3004353,20000,2026-08-24T18:44:52Z,クレジットカード,increment-run-003,workshop-participant,donation_events_003.csv,2026-09-01T00:03:20Z
EVT-FRS-000291,6000291,2004241,103845,3004225,40000,2026-08-24T18:51:48Z,クレジットカード,increment-run-003,workshop-participant,donation_events_003.csv,2026-09-01T00:03:20Z
EVT-FRS-005738,6005738,2009874,112429,3002866,10000,2026-08-24T18:53:13Z,銀行振込,increment-run-003,workshop-participant,donation_events_003.csv,2026-09-01T00:03:20Z
EVT-FRS-007599,6007599,2005580,192066,3005778,10000,2026-08-24T18:53:25Z,クレジットカード,increment-run-003,workshop-participant,donation_events_003.csv,2026-09-01T00:03:20Z
EVT-FRS-012748,6012748,2002919,173657,3005970,5000,2026-08-24T18:54:50Z,クレジットカード,increment-run-003,workshop-participant,donation_events_003.csv,2026-09-01T00:03:20Z
EVT-FRS-003699,6003699,2010527,372064,3002152,15000,2026-08-24T18:55:28Z,クレジットカード,increment-run-003,workshop-participant,donation_events_003.csv,2026-09-01T00:03:20Z
EVT-FRS-001578,6001578,2011060,222241,3003706,5000,2026-08-24T18:56:54Z,電子決済,increment-run-003,workshop-participant,donation_events_003.csv,2026-09-01T00:03:20Z
EVT-FRS-011676,6011676,2006512,272329,3003678,15000,2026-08-24T18:57:09Z,クレジットカード,increment-run-003,workshop-participant,donation_events_003.csv,2026-09-01T00:03:20Z
EVT-FRS-000698,6000698,2002060,454303,3002482,10000,2026-08-24T18:57:18Z,クレジットカード,increment-run-003,workshop-participant,donation_events_003.csv,2026-09-01T00:03:20Z
EVT-FRS-000165,6000165,2000406,231002,3000354,10000,2026-08-24T18:59:31Z,電子決済,increment-run-003,workshop-participant,donation_events_003.csv,2026-09-01T00:03:20Z
EVT-FRS-000898,6000898,2002519,011002,3001271,15000,2026-08-24T19:02:54Z,コンビニ決済,increment-run-003,workshop-participant,donation_events_003.csv,2026-09-01T00:03:20Z
EVT-FRS-012699,6012699,2002501,282171,3004345,12000,2026-08-24T19:03:03Z,クレジットカード,increment-run-003,workshop-participant,donation_events_003.csv,2026-09-01T00:03:20Z
EVT-FRS-001834,6001834,2002159,292010,3001151,10000,2026-08-24T19:03:06Z,クレジットカード,increment-run-003,workshop-participant,donation_events_003.csv,2026-09-01T00:03:20Z
EVT-FRS-013399,6013399,2009935,402184,3001031,25000,2026-08-24T19:07:31Z,クレジットカード,increment-run-003,workshop-participant,donation_events_003.csv,2026-09-01T00:03:20Z
EVT-FRS-008829,6008829,2001019,252140,3003192,20000,2026-08-24T19:09:19Z,銀行振込,increment-run-003,workshop-participant,donation_events_003.csv,2026-09-01T00:03:20Z
EVT-FRS-005390,6005390,2006867,402125,3000405,12000,2026-08-24T19:12:16Z,クレジットカード,increment-run-003,workshop-participant,donation_events_003.csv,2026-09-01T00:03:20Z
EVT-FRS-000747,6000747,2009241,192082,3000813,15000,2026-08-24T19:13:07Z,クレジットカード,increment-run-003,workshop-participant,donation_events_003.csv,2026-09-01T00:03:20Z
EVT-FRS-005576,6005576,2006665,462225,3001972,10000,2026-08-24T19:15:03Z,クレジットカード,increment-run-003,workshop-participant,donation_events_003.csv,2026-09-01T00:03:20Z
EVT-FRS-014751,6014751,2008665,342025,3005473,50000,2026-08-24T19:15:26Z,コンビニ決済,increment-run-003,workshop-participant,donation_events_003.csv,2026-09-01T00:03:20Z
EVT-FRS-011484,6011484,2006287,012319,3000752,15000,2026-08-24T19:17:18Z,電子決済,increment-run-003,workshop-participant,donation_events_003.csv,2026-09-01T00:03:20Z
EVT-FRS-011923,6011923,2000309,272108,3005198,15000,2026-08-24T19:17:52Z,コンビニ決済,increment-run-003,workshop-participant,donation_events_003.csv,2026-09-01T00:03:20Z
EVT-FRS-001001,6001001,2007881,222143,3004491,20000,2026-08-24T19:19:26Z,クレジットカード,increment-run-003,workshop-participant,donation_events_003.csv,2026-09-01T00:03:20Z
EVT-FRS-007131,6007131,2009453,012092,3004670,25000,2026-08-24T19:19:32Z,クレジットカード,increment-run-003,workshop-participant,donation_events_003.csv,2026-09-01T00:03:20Z
EVT-FRS-007077,6007077,2006156,064262,3000959,10000,2026-08-24T19:26:08Z,銀行振込,increment-run-003,workshop-participant,donation_events_003.csv,2026-09-01T00:03:20Z
EVT-FRS-007092,6007092,2010660,072079,3004931,25000,2026-08-24T19:26:34Z,銀行振込,increment-run-003,workshop-participant,donation_events_003.csv,2026-09-01T00:03:20Z
EVT-FRS-001704,6001704,2011099,082309,3003752,10000,2026-08-24T19:31:13Z,電子決済,increment-run-003,workshop-participant,donation_events_003.csv,2026-09-01T00:03:20Z
EVT-FRS-011952,6011952,2000291,032018,3004662,20000,2026-08-24T19:39:38Z,電子決済,increment-run-003,workshop-participant,donation_events_003.csv,2026-09-01T00:03:20Z
EVT-FRS-000275,6000275,2005542,172111,3000728,25000,2026-08-24T19:40:44Z,クレジットカード,increment-run-003,workshop-participant,donation_events_003.csv,2026-09-01T00:03:20Z
EVT-FRS-006564,6006564,2004428,402079,3001406,10000,2026-08-24T19:40:46Z,クレジットカード,increment-run-003,workshop-participant,donation_events_003.csv,2026-09-01T00:03:20Z
EVT-FRS-009271,6009271,2003339,182079,3003995,10000,2026-08-24T19:41:20Z,銀行振込,increment-run-003,workshop-participant,donation_events_003.csv,2026-09-01T00:03:20Z
EVT-FRS-010756,6010756,2008716,082198,3001308,10000,2026-08-24T19:43:34Z,クレジットカード,increment-run-003,workshop-participant,donation_events_003.csv,2026-09-01T00:03:20Z
EVT-FRS-011026,6011026,2004697,072028,3005212,15000,2026-08-24T19:53:19Z,クレジットカード,increment-run-003,workshop-participant,donation_events_003.csv,2026-09-01T00:03:20Z
EVT-FRS-011058,6011058,2011016,092053,3002518,40000,2026-08-24T20:04:12Z,電子決済,increment-run-003,workshop-participant,donation_events_003.csv,2026-09-01T00:03:20Z
EVT-FRS-005165,6005165,2004782,272213,3001155,20000,2026-08-24T20:05:24Z,電子決済,increment-run-003,workshop-participant,donation_events_003.csv,2026-09-01T00:03:20Z
EVT-FRS-010268,6010268,2004926,012033,3000762,10000,2026-08-24T20:14:17Z,電子決済,increment-run-003,workshop-participant,donation_events_003.csv,2026-09-01T00:03:20Z
EVT-FRS-000561,6000561,2005580,406210,3005086,10000,2026-08-24T20:15:32Z,電子決済,increment-run-003,workshop-participant,donation_events_003.csv,2026-09-01T00:03:20Z
EVT-FRS-013148,6013148,2003405,292028,3005268,20000,2026-08-24T20:15:43Z,クレジットカード,increment-run-003,workshop-participant,donation_events_003.csv,2026-09-01T00:03:20Z
EVT-FRS-013520,6013520,2011502,182028,3004811,10000,2026-08-24T20:18:54Z,クレジットカード,increment-run-003,workshop-participant,donation_events_003.csv,2026-09-01T00:03:20Z
EVT-FRS-005398,6005398,2009948,232149,3003556,12000,2026-08-24T20:21:41Z,クレジットカード,increment-run-003,workshop-participant,donation_events_003.csv,2026-09-01T00:03:20Z
EVT-FRS-006890,6006890,2011164,452025,3003952,10000,2026-08-24T20:26:09Z,電子決済,increment-run-003,workshop-participant,donation_events_003.csv,2026-09-01T00:03:20Z
EVT-FRS-008985,6008985,2002146,282065,3005368,8000,2026-08-24T20:28:21Z,クレジットカード,increment-run-003,workshop-participant,donation_events_003.csv,2026-09-01T00:03:20Z
EVT-FRS-007166,6007166,2010970,062031,3005710,15000,2026-08-24T20:36:44Z,銀行振込,increment-run-003,workshop-participant,donation_events_003.csv,2026-09-01T00:03:20Z
EVT-FRS-013949,6013949,2004089,235636,3005977,30000,2026-08-24T20:36:57Z,クレジットカード,increment-run-003,workshop-participant,donation_events_003.csv,2026-09-01T00:03:20Z
EVT-FRS-002160,6002160,2001140,202142,3005614,12000,2026-08-24T20:38:35Z,クレジットカード,increment-run-003,workshop-participant,donation_events_003.csv,2026-09-01T00:03:20Z
EVT-FRS-003561,6003561,2009063,142182,3004337,25000,2026-08-24T20:42:53Z,クレジットカード,increment-run-003,workshop-participant,donation_events_003.csv,2026-09-01T00:03:20Z
EVT-FRS-007623,6007623,2004598,112283,3000906,25000,2026-08-24T20:47:38Z,クレジットカード,increment-run-003,workshop-participant,donation_events_003.csv,2026-09-01T00:03:20Z
EVT-FRS-002854,6002854,2002163,363413,3005266,30000,2026-08-24T20:51:32Z,クレジットカード,increment-run-003,workshop-participant,donation_events_003.csv,2026-09-01T00:03:20Z
EVT-FRS-013807,6013807,2011667,072036,3000323,10000,2026-08-24T20:52:07Z,クレジットカード,increment-run-003,workshop-participant,donation_events_003.csv,2026-09-01T00:03:20Z
EVT-FRS-012810,6012810,2008936,422118,3005534,10000,2026-08-24T20:52:28Z,電子決済,increment-run-003,workshop-participant,donation_events_003.csv,2026-09-01T00:03:20Z
EVT-FRS-010529,6010529,2007054,112321,3002094,20000,2026-08-24T20:52:32Z,クレジットカード,increment-run-003,workshop-participant,donation_events_003.csv,2026-09-01T00:03:20Z
EVT-FRS-009328,6009328,2004416,372048,3000764,10000,2026-08-24T20:55:20Z,クレジットカード,increment-run-003,workshop-participant,donation_events_003.csv,2026-09-01T00:03:20Z
EVT-FRS-009602,6009602,2011041,052141,3004446,10000,2026-08-24T20:57:36Z,電子決済,increment-run-003,workshop-participant,donation_events_003.csv,2026-09-01T00:03:20Z
EVT-FRS-011091,6011091,2005479,222267,3003749,20000,2026-08-24T21:04:34Z,電子決済,increment-run-003,workshop-participant,donation_events_003.csv,2026-09-01T00:03:20Z
EVT-FRS-000048,6000048,2002879,472131,3002289,10000,2026-08-24T21:05:09Z,電子決済,increment-run-003,workshop-participant,donation_events_003.csv,2026-09-01T00:03:20Z
EVT-FRS-002347,6002347,2008837,434426,3002663,10000,2026-08-24T21:08:15Z,クレジットカード,increment-run-003,workshop-participant,donation_events_003.csv,2026-09-01T00:03:20Z
EVT-FRS-008916,6008916,2001054,402192,3001596,5000,2026-08-24T21:12:53Z,クレジットカード,increment-run-003,workshop-participant,donation_events_003.csv,2026-09-01T00:03:20Z
EVT-FRS-001750,6001750,2003544,202045,3005850,5000,2026-08-24T21:17:26Z,クレジットカード,increment-run-003,workshop-participant,donation_events_003.csv,2026-09-01T00:03:20Z
EVT-FRS-013779,6013779,2008520,322041,3001006,40000,2026-08-24T21:18:46Z,電子決済,increment-run-003,workshop-participant,donation_events_003.csv,2026-09-01T00:03:20Z
EVT-FRS-013564,6013564,2008443,282090,3004173,10000,2026-08-24T21:21:26Z,クレジットカード,increment-run-003,workshop-participant,donation_events_003.csv,2026-09-01T00:03:20Z
EVT-FRS-003493,6003493,2011287,262072,3000765,10000,2026-08-24T21:22:39Z,電子決済,increment-run-003,workshop-participant,donation_events_003.csv,2026-09-01T00:03:20Z
EVT-FRS-008295,6008295,2002947,052132,3000492,12000,2026-08-24T21:25:03Z,クレジットカード,increment-run-003,workshop-participant,donation_events_003.csv,2026-09-01T00:03:20Z
EVT-FRS-005511,6005511,2007928,434035,3004042,12000,2026-08-24T21:27:26Z,クレジットカード,increment-run-003,workshop-participant,donation_events_003.csv,2026-09-01T00:03:20Z
EVT-FRS-003209,6003209,2001263,013986,3002141,5000,2026-08-24T21:27:45Z,クレジットカード,increment-run-003,workshop-participant,donation_events_003.csv,2026-09-01T00:03:20Z
EVT-FRS-007289,6007289,2005677,032093,3004322,10000,2026-08-24T21:27:47Z,電子決済,increment-run-003,workshop-participant,donation_events_003.csv,2026-09-01T00:03:20Z
EVT-FRS-014199,6014199,2002761,252042,3002429,50000,2026-08-24T21:31:25Z,電子決済,increment-run-003,workshop-participant,donation_events_003.csv,2026-09-01T00:03:20Z
EVT-FRS-012376,6012376,2002678,111007,3000668,10000,2026-08-24T21:34:07Z,クレジットカード,increment-run-003,workshop-participant,donation_events_003.csv,2026-09-01T00:03:20Z
EVT-FRS-006393,6006393,2008128,112119,3002092,20000,2026-08-24T21:37:20Z,コンビニ決済,increment-run-003,workshop-participant,donation_events_003.csv,2026-09-01T00:03:20Z
EVT-FRS-008282,6008282,2010314,382132,3005049,10000,2026-08-24T21:38:13Z,クレジットカード,increment-run-003,workshop-participant,donation_events_003.csv,2026-09-01T00:03:20Z
EVT-FRS-014451,6014451,2010406,014231,3003390,50000,2026-08-24T21:38:42Z,銀行振込,increment-run-003,workshop-participant,donation_events_003.csv,2026-09-01T00:03:20Z
EVT-FRS-001180,6001180,2004326,092169,3002735,10000,2026-08-24T21:43:34Z,電子決済,increment-run-003,workshop-participant,donation_events_003.csv,2026-09-01T00:03:20Z
EVT-FRS-013453,6013453,2003477,332038,3004529,10000,2026-08-24T21:45:00Z,電子決済,increment-run-003,workshop-participant,donation_events_003.csv,2026-09-01T00:03:20Z
EVT-FRS-003976,6003976,2008601,312029,3005635,8000,2026-08-24T21:45:22Z,クレジットカード,increment-run-003,workshop-participant,donation_events_003.csv,2026-09-01T00:03:20Z
EVT-FRS-005378,6005378,2002443,342149,3004007,15000,2026-08-24T21:45:22Z,電子決済,increment-run-003,workshop-participant,donation_events_003.csv,2026-09-01T00:03:20Z
EVT-FRS-012204,6012204,2002362,141500,3002285,10000,2026-08-24T21:49:53Z,クレジットカード,increment-run-003,workshop-participant,donation_events_003.csv,2026-09-01T00:03:20Z
EVT-FRS-001771,6001771,2004803,122033,3001444,10000,2026-08-24T21:51:48Z,クレジットカード,increment-run-003,workshop-participant,donation_events_003.csv,2026-09-01T00:03:20Z
EVT-FRS-008749,6008749,2002930,122394,3004866,10000,2026-08-24T21:57:23Z,コンビニ決済,increment-run-003,workshop-participant,donation_events_003.csv,2026-09-01T00:03:20Z
EVT-FRS-005788,6005788,2003728,462144,3002513,8000,2026-08-24T21:57:25Z,クレジットカード,increment-run-003,workshop-participant,donation_events_003.csv,2026-09-01T00:03:20Z
EVT-FRS-011157,6011157,2000225,011002,3003438,20000,2026-08-24T22:06:40Z,電子決済,increment-run-003,workshop-participant,donation_events_003.csv,2026-09-01T00:03:20Z
EVT-FRS-013530,6013530,2007502,012068,3004966,10000,2026-08-24T22:08:07Z,クレジットカード,increment-run-003,workshop-participant,donation_events_003.csv,2026-09-01T00:03:20Z
EVT-FRS-001433,6001433,2007335,262111,3002817,12000,2026-08-24T22:09:17Z,銀行振込,increment-run-003,workshop-participant,donation_events_003.csv,2026-09-01T00:03:20Z
EVT-FRS-013757,6013757,2009787,082198,3003465,10000,2026-08-24T22:11:57Z,電子決済,increment-run-003,workshop-participant,donation_events_003.csv,2026-09-01T00:03:20Z
EVT-FRS-003720,6003720,2002504,152111,3003957,5000,2026-08-24T22:13:13Z,クレジットカード,increment-run-003,workshop-participant,donation_events_003.csv,2026-09-01T00:03:20Z
EVT-FRS-004449,6004449,2007817,123421,3004857,5000,2026-08-24T22:13:17Z,クレジットカード,increment-run-003,workshop-participant,donation_events_003.csv,2026-09-01T00:03:20Z
EVT-FRS-006951,6006951,2006373,272299,3004573,5000,2026-08-24T22:13:23Z,クレジットカード,increment-run-003,workshop-participant,donation_events_003.csv,2026-09-01T00:03:20Z
EVT-FRS-010028,6010028,2006259,152251,3002454,15000,2026-08-24T22:20:19Z,クレジットカード,increment-run-003,workshop-participant,donation_events_003.csv,2026-09-01T00:03:20Z
EVT-FRS-002180,6002180,2008125,152081,3004114,10000,2026-08-24T22:26:46Z,銀行振込,increment-run-003,workshop-participant,donation_events_003.csv,2026-09-01T00:03:20Z
EVT-FRS-000738,6000738,2006844,352047,3003208,30000,2026-08-24T22:30:34Z,クレジットカード,increment-run-003,workshop-participant,donation_events_003.csv,2026-09-01T00:03:20Z
EVT-FRS-000321,6000321,2007132,112453,3001726,60000,2026-08-24T22:36:44Z,クレジットカード,increment-run-003,workshop-participant,donation_events_003.csv,2026-09-01T00:03:20Z
EVT-FRS-012091,6012091,2003151,402052,3004187,10000,2026-08-24T22:36:57Z,クレジットカード,increment-run-003,workshop-participant,donation_events_003.csv,2026-09-01T00:03:20Z
EVT-FRS-008650,6008650,2002173,012173,3003495,10000,2026-08-24T22:41:56Z,クレジットカード,increment-run-003,workshop-participant,donation_events_003.csv,2026-09-01T00:03:20Z
EVT-FRS-001356,6001356,2000299,016446,3001965,12000,2026-08-24T22:51:47Z,クレジットカード,increment-run-003,workshop-participant,donation_events_003.csv,2026-09-01T00:03:20Z
EVT-FRS-008017,6008017,2009588,062022,3001748,12000,2026-08-24T22:51:48Z,コンビニ決済,increment-run-003,workshop-participant,donation_events_003.csv,2026-09-01T00:03:20Z
EVT-FRS-008028,6008028,2009078,212032,3004789,12000,2026-08-24T22:52:32Z,コンビニ決済,increment-run-003,workshop-participant,donation_events_003.csv,2026-09-01T00:03:20Z
EVT-FRS-000149,6000149,2002225,212130,3000263,20000,2026-08-24T23:01:35Z,クレジットカード,increment-run-003,workshop-participant,donation_events_003.csv,2026-09-01T00:03:20Z
EVT-FRS-002874,6002874,2002607,462012,3001498,30000,2026-08-24T23:03:05Z,クレジットカード,increment-run-003,workshop-participant,donation_events_003.csv,2026-09-01T00:03:20Z
EVT-FRS-011156,6011156,2005679,254436,3004953,20000,2026-08-24T23:03:19Z,電子決済,increment-run-003,workshop-participant,donation_events_003.csv,2026-09-01T00:03:20Z
EVT-FRS-007195,6007195,2010390,272132,3002927,10000,2026-08-24T23:12:33Z,クレジットカード,increment-run-003,workshop-participant,donation_events_003.csv,2026-09-01T00:03:20Z
EVT-FRS-011422,6011422,2003021,232386,3003278,20000,2026-08-24T23:13:47Z,クレジットカード,increment-run-003,workshop-participant,donation_events_003.csv,2026-09-01T00:03:20Z
EVT-FRS-003784,6003784,2002294,015431,3001052,15000,2026-08-24T23:14:58Z,クレジットカード,increment-run-003,workshop-participant,donation_events_003.csv,2026-09-01T00:03:20Z
EVT-FRS-012762,6012762,2000452,082309,3000185,10000,2026-08-24T23:15:40Z,電子決済,increment-run-003,workshop-participant,donation_events_003.csv,2026-09-01T00:03:20Z
EVT-FRS-008447,6008447,2004484,342122,3005772,8000,2026-08-24T23:19:37Z,銀行振込,increment-run-003,workshop-participant,donation_events_003.csv,2026-09-01T00:03:20Z
EVT-FRS-003387,6003387,2003297,261009,3000615,12000,2026-08-24T23:25:43Z,クレジットカード,increment-run-003,workshop-participant,donation_events_003.csv,2026-09-01T00:03:20Z
EVT-FRS-004158,6004158,2003249,012190,3002126,20000,2026-08-24T23:26:43Z,クレジットカード,increment-run-003,workshop-participant,donation_events_003.csv,2026-09-01T00:03:20Z
EVT-FRS-013153,6013153,2007509,363421,3003733,10000,2026-08-24T23:27:33Z,クレジットカード,increment-run-003,workshop-participant,donation_events_003.csv,2026-09-01T00:03:20Z
EVT-FRS-014382,6014382,2001020,392090,3004520,12000,2026-08-24T23:27:38Z,電子決済,increment-run-003,workshop-participant,donation_events_003.csv,2026-09-01T00:03:20Z
EVT-FRS-007165,6007165,2003912,313840,3004432,20000,2026-08-24T23:30:28Z,電子決済,increment-run-003,workshop-participant,donation_events_003.csv,2026-09-01T00:03:20Z
EVT-FRS-003336,6003336,2006730,103454,3003402,20000,2026-08-24T23:30:31Z,クレジットカード,increment-run-003,workshop-participant,donation_events_003.csv,2026-09-01T00:03:20Z
EVT-FRS-008368,6008368,2002269,062138,3005271,25000,2026-08-24T23:34:40Z,クレジットカード,increment-run-003,workshop-participant,donation_events_003.csv,2026-09-01T00:03:20Z
EVT-FRS-011312,6011312,2001760,452025,3003435,20000,2026-08-24T23:35:30Z,電子決済,increment-run-003,workshop-participant,donation_events_003.csv,2026-09-01T00:03:20Z
EVT-FRS-001444,6001444,2001811,112020,3002647,10000,2026-08-24T23:37:24Z,クレジットカード,increment-run-003,workshop-participant,donation_events_003.csv,2026-09-01T00:03:20Z
EVT-FRS-005003,6005003,2000905,014605,3001085,8000,2026-08-24T23:37:39Z,クレジットカード,increment-run-003,workshop-participant,donation_events_003.csv,2026-09-01T00:03:20Z
EVT-FRS-009647,6009647,2010293,152188,3000658,12000,2026-08-24T23:44:53Z,銀行振込,increment-run-003,workshop-participant,donation_events_003.csv,2026-09-01T00:03:20Z
EVT-FRS-011462,6011462,2007375,192058,3005712,20000,2026-08-24T23:46:59Z,クレジットカード,increment-run-003,workshop-participant,donation_events_003.csv,2026-09-01T00:03:20Z
EVT-FRS-005264,6005264,2001906,402273,3002775,30000,2026-08-24T23:51:14Z,電子決済,increment-run-003,workshop-participant,donation_events_003.csv,2026-09-01T00:03:20Z
EVT-FRS-003217,6003217,2004818,222101,3004147,30000,2026-08-24T23:52:25Z,クレジットカード,increment-run-003,workshop-participant,donation_events_003.csv,2026-09-01T00:03:20Z
EVT-FRS-000190,6000190,2011469,013935,3004739,10000,2026-08-24T23:55:53Z,クレジットカード,increment-run-003,workshop-participant,donation_events_003.csv,2026-09-01T00:03:20Z
EVT-FRS-007139,6007139,2000116,132292,3004086,10000,2026-08-24T23:56:35Z,コンビニ決済,increment-run-003,workshop-participant,donation_events_003.csv,2026-09-01T00:03:20Z
EVT-FRS-006558,6006558,2004706,322075,3000267,5000,2026-08-24T23:57:13Z,クレジットカード,increment-run-003,workshop-participant,donation_events_003.csv,2026-09-01T00:03:20Z
EVT-FRS-004978,6004978,2007316,382078,3001410,10000,2026-08-25T00:01:05Z,クレジットカード,increment-run-003,workshop-participant,donation_events_003.csv,2026-09-01T00:03:20Z
EVT-FRS-006909,6006909,2010294,434825,3001659,12000,2026-08-25T00:03:55Z,クレジットカード,increment-run-003,workshop-participant,donation_events_003.csv,2026-09-01T00:03:20Z
EVT-FRS-011173,6011173,2009914,112186,3002181,15000,2026-08-25T00:12:20Z,クレジットカード,increment-run-003,workshop-participant,donation_events_003.csv,2026-09-01T00:03:20Z
EVT-FRS-004373,6004373,2010144,132187,3005133,10000,2026-08-25T00:15:21Z,電子決済,increment-run-003,workshop-participant,donation_events_003.csv,2026-09-01T00:03:20Z
EVT-FRS-006318,6006318,2011940,304221,3004004,15000,2026-08-25T00:21:41Z,コンビニ決済,increment-run-003,workshop-participant,donation_events_003.csv,2026-09-01T00:03:20Z
EVT-FRS-010752,6010752,2006157,204528,3000325,8000,2026-08-25T00:21:56Z,クレジットカード,increment-run-003,workshop-participant,donation_events_003.csv,2026-09-01T00:03:20Z
EVT-FRS-003132,6003132,2004330,442101,3002897,12000,2026-08-25T00:22:48Z,クレジットカード,increment-run-003,workshop-participant,donation_events_003.csv,2026-09-01T00:03:20Z
EVT-FRS-010893,6010893,2009285,093611,3001661,30000,2026-08-25T00:26:11Z,クレジットカード,increment-run-003,workshop-participant,donation_events_003.csv,2026-09-01T00:03:20Z
EVT-FRS-004761,6004761,2002629,044440,3004229,15000,2026-08-25T00:27:01Z,クレジットカード,increment-run-003,workshop-participant,donation_events_003.csv,2026-09-01T00:03:20Z
EVT-FRS-012025,6012025,2004012,012092,3003696,15000,2026-08-25T00:34:26Z,クレジットカード,increment-run-003,workshop-participant,donation_events_003.csv,2026-09-01T00:03:20Z
EVT-FRS-007344,6007344,2010577,012165,3001715,10000,2026-08-25T00:38:11Z,クレジットカード,increment-run-003,workshop-participant,donation_events_003.csv,2026-09-01T00:03:20Z
EVT-FRS-013247,6013247,2011653,302066,3003709,15000,2026-08-25T00:38:15Z,クレジットカード,increment-run-003,workshop-participant,donation_events_003.csv,2026-09-01T00:03:20Z
EVT-FRS-010853,6010853,2001355,283827,3002913,12000,2026-08-25T00:41:59Z,電子決済,increment-run-003,workshop-participant,donation_events_003.csv,2026-09-01T00:03:20Z
EVT-FRS-002999,6002999,2006089,112151,3005861,8000,2026-08-25T00:47:05Z,銀行振込,increment-run-003,workshop-participant,donation_events_003.csv,2026-09-01T00:03:20Z
EVT-FRS-007280,6007280,2010526,272132,3003896,40000,2026-08-25T00:47:07Z,クレジットカード,increment-run-003,workshop-participant,donation_events_003.csv,2026-09-01T00:03:20Z
EVT-FRS-006838,6006838,2009292,452025,3003435,20000,2026-08-25T00:54:10Z,クレジットカード,increment-run-003,workshop-participant,donation_events_003.csv,2026-09-01T00:03:20Z
EVT-FRS-011377,6011377,2006157,034843,3001190,30000,2026-08-25T00:54:55Z,クレジットカード,increment-run-003,workshop-participant,donation_events_003.csv,2026-09-01T00:03:20Z
EVT-FRS-004874,6004874,2010683,272183,3002885,10000,2026-08-25T00:55:21Z,電子決済,increment-run-003,workshop-participant,donation_events_003.csv,2026-09-01T00:03:20Z
EVT-FRS-007634,6007634,2004089,142042,3004174,20000,2026-08-25T00:59:03Z,電子決済,increment-run-003,workshop-participant,donation_events_003.csv,2026-09-01T00:03:20Z
EVT-FRS-004904,6004904,2009068,254428,3001357,10000,2026-08-25T01:00:34Z,クレジットカード,increment-run-003,workshop-participant,donation_events_003.csv,2026-09-01T00:03:20Z
EVT-FRS-005754,6005754,2007204,012084,3002792,10000,2026-08-25T01:01:13Z,電子決済,increment-run-003,workshop-participant,donation_events_003.csv,2026-09-01T00:03:20Z
EVT-FRS-003443,6003443,2008643,131164,3004671,30000,2026-08-25T01:05:31Z,電子決済,increment-run-003,workshop-participant,donation_events_003.csv,2026-09-01T00:03:20Z
EVT-FRS-005045,6005045,2010769,122190,3004814,8000,2026-08-25T01:06:07Z,クレジットカード,increment-run-003,workshop-participant,donation_events_003.csv,2026-09-01T00:03:20Z
EVT-FRS-012878,6012878,2003661,393011,3001833,20000,2026-08-25T01:07:28Z,クレジットカード,increment-run-003,workshop-participant,donation_events_003.csv,2026-09-01T00:03:20Z
EVT-FRS-010084,6010084,2005350,452041,3005727,10000,2026-08-25T01:09:11Z,クレジットカード,increment-run-003,workshop-participant,donation_events_003.csv,2026-09-01T00:03:20Z
EVT-FRS-001265,6001265,2000401,132225,3005569,20000,2026-08-25T01:10:47Z,銀行振込,increment-run-003,workshop-participant,donation_events_003.csv,2026-09-01T00:03:20Z
EVT-FRS-011257,6011257,2007096,141003,3003285,10000,2026-08-25T01:12:54Z,クレジットカード,increment-run-003,workshop-participant,donation_events_003.csv,2026-09-01T00:03:20Z
EVT-FRS-010973,6010973,2002650,042111,3004989,15000,2026-08-25T01:15:30Z,クレジットカード,increment-run-003,workshop-participant,donation_events_003.csv,2026-09-01T00:03:20Z
EVT-FRS-001277,6001277,2004392,132063,3000220,30000,2026-08-25T01:16:04Z,クレジットカード,increment-run-003,workshop-participant,donation_events_003.csv,2026-09-01T00:03:20Z
EVT-FRS-012360,6012360,2006936,202151,3003574,25000,2026-08-25T01:21:59Z,クレジットカード,increment-run-003,workshop-participant,donation_events_003.csv,2026-09-01T00:03:20Z
EVT-FRS-013858,6013858,2010420,462080,3004455,20000,2026-08-25T01:23:30Z,電子決済,increment-run-003,workshop-participant,donation_events_003.csv,2026-09-01T00:03:20Z
EVT-FRS-004661,6004661,2007267,454290,3001220,40000,2026-08-25T01:24:06Z,クレジットカード,increment-run-003,workshop-participant,donation_events_003.csv,2026-09-01T00:03:20Z
EVT-FRS-014284,6014284,2005281,022055,3001776,5000,2026-08-25T01:26:27Z,銀行振込,increment-run-003,workshop-participant,donation_events_003.csv,2026-09-01T00:03:20Z
EVT-FRS-007108,6007108,2007595,122050,3000225,15000,2026-08-25T01:30:41Z,クレジットカード,increment-run-003,workshop-participant,donation_events_003.csv,2026-09-01T00:03:20Z
EVT-FRS-008253,6008253,2011554,402061,3005581,5000,2026-08-25T01:31:58Z,クレジットカード,increment-run-003,workshop-participant,donation_events_003.csv,2026-09-01T00:03:20Z
EVT-FRS-009915,6009915,2007530,102059,3003790,15000,2026-08-25T01:35:34Z,銀行振込,increment-run-003,workshop-participant,donation_events_003.csv,2026-09-01T00:03:20Z
EVT-FRS-012050,6012050,2010312,102059,3002862,20000,2026-08-25T01:38:50Z,クレジットカード,increment-run-003,workshop-participant,donation_events_003.csv,2026-09-01T00:03:20Z
EVT-FRS-006388,6006388,2004538,131172,3000451,10000,2026-08-25T01:43:18Z,クレジットカード,increment-run-003,workshop-participant,donation_events_003.csv,2026-09-01T00:03:20Z
EVT-FRS-006412,6006412,2006921,322024,3004985,5000,2026-08-25T01:43:26Z,クレジットカード,increment-run-003,workshop-participant,donation_events_003.csv,2026-09-01T00:03:20Z
EVT-FRS-010867,6010867,2010054,122211,3002738,10000,2026-08-25T01:50:43Z,クレジットカード,increment-run-003,workshop-participant,donation_events_003.csv,2026-09-01T00:03:20Z
EVT-FRS-001271,6001271,2011132,452025,3005996,20000,2026-08-25T01:52:22Z,クレジットカード,increment-run-003,workshop-participant,donation_events_003.csv,2026-09-01T00:03:20Z
EVT-FRS-004109,6004109,2000208,132217,3002583,15000,2026-08-25T01:52:36Z,クレジットカード,increment-run-003,workshop-participant,donation_events_003.csv,2026-09-01T00:03:20Z
EVT-FRS-008513,6008513,2007323,122351,3003069,10000,2026-08-25T01:56:38Z,クレジットカード,increment-run-003,workshop-participant,donation_events_003.csv,2026-09-01T00:03:20Z
EVT-FRS-006553,6006553,2000839,182028,3002137,10000,2026-08-25T02:03:45Z,コンビニ決済,increment-run-003,workshop-participant,donation_events_003.csv,2026-09-01T00:03:20Z
EVT-FRS-004518,6004518,2006501,182028,3004323,10000,2026-08-25T02:05:08Z,クレジットカード,increment-run-003,workshop-participant,donation_events_003.csv,2026-09-01T00:03:20Z
EVT-FRS-013671,6013671,2005083,452068,3004641,15000,2026-08-25T02:05:46Z,クレジットカード,increment-run-003,workshop-participant,donation_events_003.csv,2026-09-01T00:03:20Z
EVT-FRS-006052,6006052,2000484,132128,3004592,15000,2026-08-25T02:06:52Z,銀行振込,increment-run-003,workshop-participant,donation_events_003.csv,2026-09-01T00:03:20Z
EVT-FRS-000721,6000721,2001558,012238,3001524,12000,2026-08-25T02:08:03Z,クレジットカード,increment-run-003,workshop-participant,donation_events_003.csv,2026-09-01T00:03:20Z
EVT-FRS-008419,6008419,2000815,112453,3000243,10000,2026-08-25T02:10:49Z,コンビニ決済,increment-run-003,workshop-participant,donation_events_003.csv,2026-09-01T00:03:20Z
EVT-FRS-006709,6006709,2001654,132063,3000220,10000,2026-08-25T02:16:48Z,クレジットカード,increment-run-003,workshop-participant,donation_events_003.csv,2026-09-01T00:03:20Z
EVT-FRS-006247,6006247,2009031,462039,3004805,15000,2026-08-25T02:19:07Z,クレジットカード,increment-run-003,workshop-participant,donation_events_003.csv,2026-09-01T00:03:20Z
EVT-FRS-004505,6004505,2003851,473618,3001810,5000,2026-08-25T02:21:33Z,クレジットカード,increment-run-003,workshop-participant,donation_events_003.csv,2026-09-01T00:03:20Z
EVT-FRS-011530,6011530,2010440,052035,3003562,30000,2026-08-25T02:23:07Z,クレジットカード,increment-run-003,workshop-participant,donation_events_003.csv,2026-09-01T00:03:20Z
EVT-FRS-003484,6003484,2006811,252034,3005091,12000,2026-08-25T02:23:44Z,電子決済,increment-run-003,workshop-participant,donation_events_003.csv,2026-09-01T00:03:20Z
EVT-FRS-011774,6011774,2009547,111007,3005885,20000,2026-08-25T02:24:02Z,電子決済,increment-run-003,workshop-participant,donation_events_003.csv,2026-09-01T00:03:20Z
EVT-FRS-001607,6001607,2007289,322075,3001179,70000,2026-08-25T02:25:12Z,クレジットカード,increment-run-003,workshop-participant,donation_events_003.csv,2026-09-01T00:03:20Z
EVT-FRS-004506,6004506,2009339,192058,3004876,5000,2026-08-25T02:29:23Z,クレジットカード,increment-run-003,workshop-participant,donation_events_003.csv,2026-09-01T00:03:20Z
EVT-FRS-012513,6012513,2006143,272043,3003004,30000,2026-08-25T02:31:14Z,クレジットカード,increment-run-003,workshop-participant,donation_events_003.csv,2026-09-01T00:03:20Z
EVT-FRS-013717,6013717,2010910,435112,3002199,10000,2026-08-25T02:31:30Z,銀行振込,increment-run-003,workshop-participant,donation_events_003.csv,2026-09-01T00:03:20Z
EVT-FRS-003600,6003600,2001859,232335,3000022,15000,2026-08-25T02:31:58Z,電子決済,increment-run-003,workshop-participant,donation_events_003.csv,2026-09-01T00:03:20Z
EVT-FRS-002680,6002680,2011554,212148,3000487,10000,2026-08-25T02:35:23Z,クレジットカード,increment-run-003,workshop-participant,donation_events_003.csv,2026-09-01T00:03:20Z
EVT-FRS-004732,6004732,2010783,092037,3002525,8000,2026-08-25T02:36:16Z,クレジットカード,increment-run-003,workshop-participant,donation_events_003.csv,2026-09-01T00:03:20Z
EVT-FRS-000679,6000679,2006458,462217,3003368,10000,2026-08-25T02:41:25Z,クレジットカード,increment-run-003,workshop-participant,donation_events_003.csv,2026-09-01T00:03:20Z
EVT-FRS-007407,6007407,2010270,252026,3000824,30000,2026-08-25T02:42:45Z,クレジットカード,increment-run-003,workshop-participant,donation_events_003.csv,2026-09-01T00:03:20Z
EVT-FRS-013066,6013066,2000868,222054,3004797,15000,2026-08-25T02:44:30Z,クレジットカード,increment-run-003,workshop-participant,donation_events_003.csv,2026-09-01T00:03:20Z
EVT-FRS-005541,6005541,2008076,294241,3003403,10000,2026-08-25T02:48:12Z,クレジットカード,increment-run-003,workshop-participant,donation_events_003.csv,2026-09-01T00:03:20Z
EVT-FRS-012831,6012831,2007673,062120,3000130,15000,2026-08-25T02:49:48Z,クレジットカード,increment-run-003,workshop-participant,donation_events_003.csv,2026-09-01T00:03:20Z
EVT-FRS-012248,6012248,2008601,262102,3001055,15000,2026-08-25T02:51:55Z,クレジットカード,increment-run-003,workshop-participant,donation_events_003.csv,2026-09-01T00:03:20Z
EVT-FRS-013412,6013412,2009096,392103,3001991,10000,2026-08-25T02:52:57Z,クレジットカード,increment-run-003,workshop-participant,donation_events_003.csv,2026-09-01T00:03:20Z
EVT-FRS-009455,6009455,2003476,462012,3000110,20000,2026-08-25T02:53:32Z,電子決済,increment-run-003,workshop-participant,donation_events_003.csv,2026-09-01T00:03:20Z
EVT-FRS-007501,6007501,2008611,123293,3000031,30000,2026-08-25T02:55:49Z,銀行振込,increment-run-003,workshop-participant,donation_events_003.csv,2026-09-01T00:03:20Z
EVT-FRS-001067,6001067,2002347,142131,3001788,5000,2026-08-25T02:56:43Z,クレジットカード,increment-run-003,workshop-participant,donation_events_003.csv,2026-09-01T00:03:20Z
EVT-FRS-004123,6004123,2011978,342157,3004528,10000,2026-08-25T02:59:26Z,クレジットカード,increment-run-003,workshop-participant,donation_events_003.csv,2026-09-01T00:03:20Z
EVT-FRS-008719,6008719,2011923,312029,3000497,20000,2026-08-25T03:03:08Z,クレジットカード,increment-run-003,workshop-participant,donation_events_003.csv,2026-09-01T00:03:20Z
EVT-FRS-008706,6008706,2009158,222241,3000821,20000,2026-08-25T03:05:02Z,クレジットカード,increment-run-003,workshop-participant,donation_events_003.csv,2026-09-01T00:03:20Z
EVT-FRS-010892,6010892,2001180,412066,3001554,25000,2026-08-25T03:06:52Z,クレジットカード,increment-run-003,workshop-participant,donation_events_003.csv,2026-09-01T00:03:20Z
EVT-FRS-002445,6002445,2006746,272183,3001677,12000,2026-08-25T03:11:03Z,クレジットカード,increment-run-003,workshop-participant,donation_events_003.csv,2026-09-01T00:03:20Z
EVT-FRS-008983,6008983,2006817,412058,3000446,8000,2026-08-25T03:11:05Z,クレジットカード,increment-run-003,workshop-participant,donation_events_003.csv,2026-09-01T00:03:20Z
EVT-FRS-012659,6012659,2003026,452050,3000572,10000,2026-08-25T03:18:13Z,クレジットカード,increment-run-003,workshop-participant,donation_events_003.csv,2026-09-01T00:03:20Z
EVT-FRS-011953,6011953,2007957,092011,3005713,10000,2026-08-25T03:20:43Z,銀行振込,increment-run-003,workshop-participant,donation_events_003.csv,2026-09-01T00:03:20Z
EVT-FRS-011134,6011134,2011293,452041,3004484,15000,2026-08-25T03:22:54Z,電子決済,increment-run-003,workshop-participant,donation_events_003.csv,2026-09-01T00:03:20Z
EVT-FRS-000745,6000745,2000832,262102,3005139,10000,2026-08-25T03:27:07Z,クレジットカード,increment-run-003,workshop-participant,donation_events_003.csv,2026-09-01T00:03:20Z
EVT-FRS-001714,6001714,2007865,422070,3003293,15000,2026-08-25T03:30:13Z,クレジットカード,increment-run-003,workshop-participant,donation_events_003.csv,2026-09-01T00:03:20Z
EVT-FRS-005933,6005933,2002245,431001,3002149,10000,2026-08-25T03:33:50Z,電子決済,increment-run-003,workshop-participant,donation_events_003.csv,2026-09-01T00:03:20Z
EVT-FRS-010475,6010475,2003849,152111,3003957,10000,2026-08-25T03:35:39Z,クレジットカード,increment-run-003,workshop-participant,donation_events_003.csv,2026-09-01T00:03:20Z
EVT-FRS-004052,6004052,2004615,442135,3000064,50000,2026-08-25T03:37:36Z,クレジットカード,increment-run-003,workshop-participant,donation_events_003.csv,2026-09-01T00:03:20Z
EVT-FRS-003898,6003898,2009111,074055,3005063,5000,2026-08-25T03:41:23Z,電子決済,increment-run-003,workshop-participant,donation_events_003.csv,2026-09-01T00:03:20Z
EVT-FRS-000004,6000004,2000443,203840,3002287,50000,2026-08-25T03:48:29Z,コンビニ決済,increment-run-003,workshop-participant,donation_events_003.csv,2026-09-01T00:03:20Z
EVT-FRS-004982,6004982,2000602,473146,3002802,100000,2026-08-25T03:51:01Z,クレジットカード,increment-run-003,workshop-participant,donation_events_003.csv,2026-09-01T00:03:20Z
EVT-FRS-002863,6002863,2010961,232254,3003868,20000,2026-08-25T03:52:23Z,クレジットカード,increment-run-003,workshop-participant,donation_events_003.csv,2026-09-01T00:03:20Z
EVT-FRS-010169,6010169,2001989,022012,3000444,12000,2026-08-25T03:52:35Z,クレジットカード,increment-run-003,workshop-participant,donation_events_003.csv,2026-09-01T00:03:20Z
EVT-FRS-005298,6005298,2004271,112275,3005180,10000,2026-08-25T03:58:18Z,クレジットカード,increment-run-003,workshop-participant,donation_events_003.csv,2026-09-01T00:03:20Z
EVT-FRS-009870,6009870,2007242,452068,3001818,20000,2026-08-25T04:00:45Z,クレジットカード,increment-run-003,workshop-participant,donation_events_003.csv,2026-09-01T00:03:20Z
EVT-FRS-009515,6009515,2011978,192147,3005241,10000,2026-08-25T04:10:55Z,銀行振込,increment-run-003,workshop-participant,donation_events_003.csv,2026-09-01T00:03:20Z
EVT-FRS-014240,6014240,2000804,092100,3001887,12000,2026-08-25T04:10:57Z,クレジットカード,increment-run-003,workshop-participant,donation_events_003.csv,2026-09-01T00:03:20Z
EVT-FRS-011373,6011373,2004741,162043,3005901,20000,2026-08-25T04:11:47Z,クレジットカード,increment-run-003,workshop-participant,donation_events_003.csv,2026-09-01T00:03:20Z
EVT-FRS-006991,6006991,2003084,132071,3002436,10000,2026-08-25T04:12:30Z,クレジットカード,increment-run-003,workshop-participant,donation_events_003.csv,2026-09-01T00:03:20Z
EVT-FRS-010837,6010837,2000662,442135,3005200,15000,2026-08-25T04:12:53Z,電子決済,increment-run-003,workshop-participant,donation_events_003.csv,2026-09-01T00:03:20Z
EVT-FRS-003008,6003008,2009488,112101,3000470,12000,2026-08-25T04:13:59Z,クレジットカード,increment-run-003,workshop-participant,donation_events_003.csv,2026-09-01T00:03:20Z
EVT-FRS-014216,6014216,2000941,294241,3003403,15000,2026-08-25T04:18:55Z,クレジットカード,increment-run-003,workshop-participant,donation_events_003.csv,2026-09-01T00:03:20Z
EVT-FRS-001158,6001158,2009111,112178,3001673,8000,2026-08-25T04:19:04Z,クレジットカード,increment-run-003,workshop-participant,donation_events_003.csv,2026-09-01T00:03:20Z
EVT-FRS-009307,6009307,2004854,292117,3002957,10000,2026-08-25T04:28:48Z,クレジットカード,increment-run-003,workshop-participant,donation_events_003.csv,2026-09-01T00:03:20Z
EVT-FRS-003654,6003654,2003209,015181,3004603,20000,2026-08-25T04:29:16Z,クレジットカード,increment-run-003,workshop-participant,donation_events_003.csv,2026-09-01T00:03:20Z
EVT-FRS-001247,6001247,2004718,151009,3003855,50000,2026-08-25T04:30:40Z,コンビニ決済,increment-run-003,workshop-participant,donation_events_003.csv,2026-09-01T00:03:20Z
EVT-FRS-005334,6005334,2004096,142069,3005721,15000,2026-08-25T04:35:08Z,電子決済,increment-run-003,workshop-participant,donation_events_003.csv,2026-09-01T00:03:20Z
EVT-FRS-007696,6007696,2005082,442038,3005574,20000,2026-08-25T04:40:50Z,電子決済,increment-run-003,workshop-participant,donation_events_003.csv,2026-09-01T00:03:20Z
EVT-FRS-003718,6003718,2003102,072087,3002673,12000,2026-08-25T04:41:17Z,クレジットカード,increment-run-003,workshop-participant,donation_events_003.csv,2026-09-01T00:03:20Z
EVT-FRS-006268,6006268,2011339,121002,3002290,30000,2026-08-25T04:41:50Z,クレジットカード,increment-run-003,workshop-participant,donation_events_003.csv,2026-09-01T00:03:20Z
EVT-FRS-005159,6005159,2005416,402281,3002370,5000,2026-08-25T04:42:27Z,コンビニ決済,increment-run-003,workshop-participant,donation_events_003.csv,2026-09-01T00:03:20Z
EVT-FRS-005320,6005320,2010441,472123,3005196,8000,2026-08-25T04:45:06Z,クレジットカード,increment-run-003,workshop-participant,donation_events_003.csv,2026-09-01T00:03:20Z
EVT-FRS-013161,6013161,2007654,364053,3001743,12000,2026-08-25T04:46:39Z,電子決済,increment-run-003,workshop-participant,donation_events_003.csv,2026-09-01T00:03:20Z
EVT-FRS-001942,6001942,2004031,232254,3005030,25000,2026-08-25T04:46:57Z,クレジットカード,increment-run-003,workshop-participant,donation_events_003.csv,2026-09-01T00:03:20Z
EVT-FRS-001129,6001129,2007444,284424,3001806,40000,2026-08-25T04:47:56Z,コンビニ決済,increment-run-003,workshop-participant,donation_events_003.csv,2026-09-01T00:03:20Z
EVT-FRS-009555,6009555,2009083,123498,3004796,20000,2026-08-25T04:48:48Z,クレジットカード,increment-run-003,workshop-participant,donation_events_003.csv,2026-09-01T00:03:20Z
EVT-FRS-006013,6006013,2002371,364681,3003818,20000,2026-08-25T04:53:14Z,クレジットカード,increment-run-003,workshop-participant,donation_events_003.csv,2026-09-01T00:03:20Z
EVT-FRS-012918,6012918,2004108,142182,3000498,5000,2026-08-25T04:56:45Z,クレジットカード,increment-run-003,workshop-participant,donation_events_003.csv,2026-09-01T00:03:20Z
EVT-FRS-012053,6012053,2003583,322041,3000984,30000,2026-08-25T04:57:32Z,クレジットカード,increment-run-003,workshop-participant,donation_events_003.csv,2026-09-01T00:03:20Z
EVT-FRS-002758,6002758,2010276,406023,3002167,8000,2026-08-25T05:05:44Z,クレジットカード,increment-run-003,workshop-participant,donation_events_003.csv,2026-09-01T00:03:20Z
EVT-FRS-002109,6002109,2004611,393649,3003816,5000,2026-08-25T05:05:52Z,電子決済,increment-run-003,workshop-participant,donation_events_003.csv,2026-09-01T00:03:20Z
EVT-FRS-003639,6003639,2007894,422029,3001293,15000,2026-08-25T05:05:58Z,クレジットカード,increment-run-003,workshop-participant,donation_events_003.csv,2026-09-01T00:03:20Z
EVT-FRS-014162,6014162,2010746,222062,3005252,10000,2026-08-25T05:10:24Z,クレジットカード,increment-run-003,workshop-participant,donation_events_003.csv,2026-09-01T00:03:20Z
EVT-FRS-004813,6004813,2005764,072141,3003575,10000,2026-08-25T05:11:52Z,クレジットカード,increment-run-003,workshop-participant,donation_events_003.csv,2026-09-01T00:03:20Z
EVT-FRS-012024,6012024,2010956,012190,3004508,10000,2026-08-25T05:14:57Z,銀行振込,increment-run-003,workshop-participant,donation_events_003.csv,2026-09-01T00:03:20Z
EVT-FRS-009823,6009823,2005316,082023,3002487,30000,2026-08-25T05:18:10Z,クレジットカード,increment-run-003,workshop-participant,donation_events_003.csv,2026-09-01T00:03:20Z
EVT-FRS-013172,6013172,2011070,442020,3005660,8000,2026-08-25T05:18:59Z,クレジットカード,increment-run-003,workshop-participant,donation_events_003.csv,2026-09-01T00:03:20Z
EVT-FRS-003620,6003620,2010394,012343,3001927,5000,2026-08-25T05:21:14Z,電子決済,increment-run-003,workshop-participant,donation_events_003.csv,2026-09-01T00:03:20Z
EVT-FRS-000491,6000491,2001093,282294,3000053,8000,2026-08-25T05:25:14Z,クレジットカード,increment-run-003,workshop-participant,donation_events_003.csv,2026-09-01T00:03:20Z
EVT-FRS-007618,6007618,2004358,064262,3004287,10000,2026-08-25T05:26:06Z,クレジットカード,increment-run-003,workshop-participant,donation_events_003.csv,2026-09-01T00:03:20Z
EVT-FRS-003857,6003857,2007140,102041,3003698,5000,2026-08-25T05:27:56Z,クレジットカード,increment-run-003,workshop-participant,donation_events_003.csv,2026-09-01T00:03:20Z
EVT-FRS-000646,6000646,2004527,232149,3003066,15000,2026-08-25T05:33:38Z,クレジットカード,increment-run-003,workshop-participant,donation_events_003.csv,2026-09-01T00:03:20Z
EVT-FRS-004585,6004585,2000518,302040,3004606,10000,2026-08-25T05:33:50Z,クレジットカード,increment-run-003,workshop-participant,donation_events_003.csv,2026-09-01T00:03:20Z
EVT-FRS-001535,6001535,2006658,112437,3001647,8000,2026-08-25T05:35:00Z,クレジットカード,increment-run-003,workshop-participant,donation_events_003.csv,2026-09-01T00:03:20Z
EVT-FRS-003602,6003602,2009448,212024,3000719,10000,2026-08-25T05:36:46Z,クレジットカード,increment-run-003,workshop-participant,donation_events_003.csv,2026-09-01T00:03:20Z
EVT-FRS-013928,6013928,2006636,022012,3000608,15000,2026-08-25T05:36:52Z,クレジットカード,increment-run-003,workshop-participant,donation_events_003.csv,2026-09-01T00:03:20Z
EVT-FRS-014565,6014565,2006369,123421,3004857,10000,2026-08-25T05:38:49Z,クレジットカード,increment-run-003,workshop-participant,donation_events_003.csv,2026-09-01T00:03:20Z
EVT-FRS-000562,6000562,2001026,012220,3001136,20000,2026-08-25T05:42:33Z,コンビニ決済,increment-run-003,workshop-participant,donation_events_003.csv,2026-09-01T00:03:20Z
EVT-FRS-003095,6003095,2006193,032107,3003446,10000,2026-08-25T05:44:35Z,クレジットカード,increment-run-003,workshop-participant,donation_events_003.csv,2026-09-01T00:03:20Z
EVT-FRS-014473,6014473,2003458,363413,3005266,15000,2026-08-25T05:46:52Z,クレジットカード,increment-run-003,workshop-participant,donation_events_003.csv,2026-09-01T00:03:20Z
EVT-FRS-010512,6010512,2000352,082228,3002635,5000,2026-08-25T05:50:01Z,銀行振込,increment-run-003,workshop-participant,donation_events_003.csv,2026-09-01T00:03:20Z
EVT-FRS-007506,6007506,2010175,242101,3002709,10000,2026-08-25T05:53:06Z,クレジットカード,increment-run-003,workshop-participant,donation_events_003.csv,2026-09-01T00:03:20Z
EVT-FRS-002334,6002334,2008017,402214,3004675,12000,2026-08-25T05:55:38Z,クレジットカード,increment-run-003,workshop-participant,donation_events_003.csv,2026-09-01T00:03:20Z
EVT-FRS-010404,6010404,2001474,203491,3004611,30000,2026-08-25T05:55:47Z,クレジットカード,increment-run-003,workshop-participant,donation_events_003.csv,2026-09-01T00:03:20Z
EVT-FRS-005316,6005316,2008532,232092,3002582,30000,2026-08-25T05:58:19Z,クレジットカード,increment-run-003,workshop-participant,donation_events_003.csv,2026-09-01T00:03:20Z
EVT-FRS-002079,6002079,2008808,402290,3000830,20000,2026-08-25T06:00:44Z,クレジットカード,increment-run-003,workshop-participant,donation_events_003.csv,2026-09-01T00:03:20Z
EVT-FRS-014006,6014006,2005755,042081,3001074,10000,2026-08-25T06:05:41Z,クレジットカード,increment-run-003,workshop-participant,donation_events_003.csv,2026-09-01T00:03:20Z
EVT-FRS-014699,6014699,2002075,282162,3003417,10000,2026-08-25T06:10:21Z,クレジットカード,increment-run-003,workshop-participant,donation_events_003.csv,2026-09-01T00:03:20Z
EVT-FRS-001217,6001217,2007521,015521,3001835,20000,2026-08-25T06:11:50Z,電子決済,increment-run-003,workshop-participant,donation_events_003.csv,2026-09-01T00:03:20Z
EVT-FRS-001708,6001708,2005343,271004,3004746,15000,2026-08-25T06:20:24Z,コンビニ決済,increment-run-003,workshop-participant,donation_events_003.csv,2026-09-01T00:03:20Z
EVT-FRS-005379,6005379,2007604,152111,3002907,10000,2026-08-25T06:20:25Z,クレジットカード,increment-run-003,workshop-participant,donation_events_003.csv,2026-09-01T00:03:20Z
EVT-FRS-012383,6012383,2008829,173614,3001314,10000,2026-08-25T06:25:27Z,クレジットカード,increment-run-003,workshop-participant,donation_events_003.csv,2026-09-01T00:03:20Z
EVT-FRS-007218,6007218,2009071,044440,3004229,50000,2026-08-25T06:28:34Z,クレジットカード,increment-run-003,workshop-participant,donation_events_003.csv,2026-09-01T00:03:20Z
EVT-FRS-009165,6009165,2009052,222208,3004389,10000,2026-08-25T06:29:30Z,コンビニ決済,increment-run-003,workshop-participant,donation_events_003.csv,2026-09-01T00:03:20Z
EVT-FRS-001699,6001699,2000918,282278,3005137,30000,2026-08-25T06:30:07Z,クレジットカード,increment-run-003,workshop-participant,donation_events_003.csv,2026-09-01T00:03:20Z
EVT-FRS-000843,6000843,2009585,452025,3002730,30000,2026-08-25T06:31:34Z,クレジットカード,increment-run-003,workshop-participant,donation_events_003.csv,2026-09-01T00:03:20Z
EVT-FRS-010577,6010577,2005671,262021,3004997,15000,2026-08-25T06:32:50Z,クレジットカード,increment-run-003,workshop-participant,donation_events_003.csv,2026-09-01T00:03:20Z
EVT-FRS-011803,6011803,2003818,452050,3003836,8000,2026-08-25T06:33:48Z,クレジットカード,increment-run-003,workshop-participant,donation_events_003.csv,2026-09-01T00:03:20Z
EVT-FRS-003640,6003640,2002190,222127,3001668,8000,2026-08-25T06:37:40Z,クレジットカード,increment-run-003,workshop-participant,donation_events_003.csv,2026-09-01T00:03:20Z
EVT-FRS-014538,6014538,2008864,142051,3000739,25000,2026-08-25T06:49:57Z,クレジットカード,increment-run-003,workshop-participant,donation_events_003.csv,2026-09-01T00:03:20Z
EVT-FRS-012071,6012071,2008879,462209,3005074,15000,2026-08-25T06:51:38Z,電子決済,increment-run-003,workshop-participant,donation_events_003.csv,2026-09-01T00:03:20Z
EVT-FRS-011906,6011906,2001132,044016,3000894,5000,2026-08-25T06:52:13Z,電子決済,increment-run-003,workshop-participant,donation_events_003.csv,2026-09-01T00:03:20Z
EVT-FRS-010711,6010711,2001008,332046,3000782,20000,2026-08-25T06:53:25Z,クレジットカード,increment-run-003,workshop-participant,donation_events_003.csv,2026-09-01T00:03:20Z
EVT-FRS-004267,6004267,2009681,212113,3001451,15000,2026-08-25T06:57:40Z,電子決済,increment-run-003,workshop-participant,donation_events_003.csv,2026-09-01T00:03:20Z
EVT-FRS-002561,6002561,2000396,431001,3002599,10000,2026-08-25T06:58:02Z,クレジットカード,increment-run-003,workshop-participant,donation_events_003.csv,2026-09-01T00:03:20Z
EVT-FRS-013484,6013484,2010608,213624,3003222,20000,2026-08-25T07:01:56Z,クレジットカード,increment-run-003,workshop-participant,donation_events_003.csv,2026-09-01T00:03:20Z
EVT-FRS-004391,6004391,2011933,432164,3000310,10000,2026-08-25T07:08:06Z,クレジットカード,increment-run-003,workshop-participant,donation_events_003.csv,2026-09-01T00:03:20Z
EVT-FRS-003382,6003382,2010053,204528,3000325,10000,2026-08-25T07:13:20Z,クレジットカード,increment-run-003,workshop-participant,donation_events_003.csv,2026-09-01T00:03:20Z
EVT-FRS-003641,6003641,2009891,192139,3000924,10000,2026-08-25T07:15:05Z,電子決済,increment-run-003,workshop-participant,donation_events_003.csv,2026-09-01T00:03:20Z
EVT-FRS-008210,6008210,2010031,302023,3004352,10000,2026-08-25T07:18:11Z,クレジットカード,increment-run-003,workshop-participant,donation_events_003.csv,2026-09-01T00:03:20Z
EVT-FRS-010980,6010980,2005817,052108,3001043,20000,2026-08-25T07:22:31Z,コンビニ決済,increment-run-003,workshop-participant,donation_events_003.csv,2026-09-01T00:03:20Z
EVT-FRS-004627,6004627,2011714,232165,3002723,20000,2026-08-25T07:23:04Z,銀行振込,increment-run-003,workshop-participant,donation_events_003.csv,2026-09-01T00:03:20Z
EVT-FRS-001009,6001009,2010846,082325,3000617,12000,2026-08-25T07:23:12Z,クレジットカード,increment-run-003,workshop-participant,donation_events_003.csv,2026-09-01T00:03:20Z
EVT-FRS-006767,6006767,2011910,252018,3004932,12000,2026-08-25T07:26:00Z,銀行振込,increment-run-003,workshop-participant,donation_events_003.csv,2026-09-01T00:03:20Z
EVT-FRS-014509,6014509,2003825,041009,3004355,25000,2026-08-25T07:27:21Z,クレジットカード,increment-run-003,workshop-participant,donation_events_003.csv,2026-09-01T00:03:20Z
EVT-FRS-002599,6002599,2002374,352161,3002680,25000,2026-08-25T07:27:30Z,クレジットカード,increment-run-003,workshop-participant,donation_events_003.csv,2026-09-01T00:03:20Z
EVT-FRS-004288,6004288,2004989,141305,3003138,5000,2026-08-25T07:31:54Z,クレジットカード,increment-run-003,workshop-participant,donation_events_003.csv,2026-09-01T00:03:20Z
EVT-FRS-004273,6004273,2009712,012173,3004329,12000,2026-08-25T07:40:22Z,クレジットカード,increment-run-003,workshop-participant,donation_events_003.csv,2026-09-01T00:03:20Z
EVT-FRS-008606,6008606,2008261,402214,3005753,10000,2026-08-25T07:44:33Z,電子決済,increment-run-003,workshop-participant,donation_events_003.csv,2026-09-01T00:03:20Z
EVT-FRS-006137,6006137,2004713,342076,3004292,10000,2026-08-25T07:49:49Z,電子決済,increment-run-003,workshop-participant,donation_events_003.csv,2026-09-01T00:03:20Z
EVT-FRS-012393,6012393,2007380,232084,3001373,12000,2026-08-25T07:52:03Z,クレジットカード,increment-run-003,workshop-participant,donation_events_003.csv,2026-09-01T00:03:20Z
EVT-FRS-011050,6011050,2008519,012068,3004718,20000,2026-08-25T07:52:21Z,クレジットカード,increment-run-003,workshop-participant,donation_events_003.csv,2026-09-01T00:03:20Z
EVT-FRS-013746,6013746,2006448,462209,3004744,12000,2026-08-25T07:53:56Z,コンビニ決済,increment-run-003,workshop-participant,donation_events_003.csv,2026-09-01T00:03:20Z
EVT-FRS-004426,6004426,2007919,363839,3002889,20000,2026-08-25T07:55:06Z,クレジットカード,increment-run-003,workshop-participant,donation_events_003.csv,2026-09-01T00:03:20Z
EVT-FRS-002461,6002461,2010959,133639,3002578,20000,2026-08-25T07:55:19Z,クレジットカード,increment-run-003,workshop-participant,donation_events_003.csv,2026-09-01T00:03:20Z
EVT-FRS-007591,6007591,2006246,342131,3001475,8000,2026-08-25T08:00:46Z,電子決済,increment-run-003,workshop-participant,donation_events_003.csv,2026-09-01T00:03:20Z
EVT-FRS-003475,6003475,2007199,452025,3004334,5000,2026-08-25T08:02:01Z,電子決済,increment-run-003,workshop-participant,donation_events_003.csv,2026-09-01T00:03:20Z
EVT-FRS-002406,6002406,2001466,442071,3000202,12000,2026-08-25T08:02:29Z,クレジットカード,increment-run-003,workshop-participant,donation_events_003.csv,2026-09-01T00:03:20Z
EVT-FRS-009804,6009804,2002952,072095,3004788,10000,2026-08-25T08:04:15Z,銀行振込,increment-run-003,workshop-participant,donation_events_003.csv,2026-09-01T00:03:20Z
EVT-FRS-000559,6000559,2009693,172031,3004937,10000,2026-08-25T08:13:14Z,クレジットカード,increment-run-003,workshop-participant,donation_events_003.csv,2026-09-01T00:03:20Z
EVT-FRS-006676,6006676,2002289,012360,3003301,8000,2026-08-25T08:21:54Z,電子決済,increment-run-003,workshop-participant,donation_events_003.csv,2026-09-01T00:03:20Z
EVT-FRS-000876,6000876,2004037,112275,3005180,15000,2026-08-25T08:23:16Z,コンビニ決済,increment-run-003,workshop-participant,donation_events_003.csv,2026-09-01T00:03:20Z
EVT-FRS-000471,6000471,2011968,272248,3001740,10000,2026-08-25T08:26:01Z,クレジットカード,increment-run-003,workshop-participant,donation_events_003.csv,2026-09-01T00:03:20Z
EVT-FRS-004750,6004750,2005502,016659,3000045,25000,2026-08-25T08:30:20Z,クレジットカード,increment-run-003,workshop-participant,donation_events_003.csv,2026-09-01T00:03:20Z
EVT-FRS-005325,6005325,2008232,202029,3002523,12000,2026-08-25T08:34:43Z,銀行振込,increment-run-003,workshop-participant,donation_events_003.csv,2026-09-01T00:03:20Z
EVT-FRS-000395,6000395,2000397,052019,3001807,10000,2026-08-25T08:36:48Z,電子決済,increment-run-003,workshop-participant,donation_events_003.csv,2026-09-01T00:03:20Z
EVT-FRS-004809,6004809,2002515,132110,3000197,20000,2026-08-25T08:37:03Z,クレジットカード,increment-run-003,workshop-participant,donation_events_003.csv,2026-09-01T00:03:20Z
EVT-FRS-002476,6002476,2009704,432041,3001761,10000,2026-08-25T08:38:55Z,クレジットカード,increment-run-003,workshop-participant,donation_events_003.csv,2026-09-01T00:03:20Z
EVT-FRS-005654,6005654,2011038,172103,3000913,12000,2026-08-25T08:39:52Z,クレジットカード,increment-run-003,workshop-participant,donation_events_003.csv,2026-09-01T00:03:20Z
EVT-FRS-012851,6012851,2009649,132292,3004086,10000,2026-08-25T08:42:29Z,クレジットカード,increment-run-003,workshop-participant,donation_events_003.csv,2026-09-01T00:03:20Z
EVT-FRS-004641,6004641,2001719,152170,3000182,10000,2026-08-25T08:44:13Z,クレジットカード,increment-run-003,workshop-participant,donation_events_003.csv,2026-09-01T00:03:20Z
EVT-FRS-013029,6013029,2003074,292044,3000069,8000,2026-08-25T08:44:22Z,クレジットカード,increment-run-003,workshop-participant,donation_events_003.csv,2026-09-01T00:03:20Z
EVT-FRS-000537,6000537,2005440,242047,3003027,10000,2026-08-25T08:46:14Z,クレジットカード,increment-run-003,workshop-participant,donation_events_003.csv,2026-09-01T00:03:20Z
EVT-FRS-010723,6010723,2009881,282049,3005940,40000,2026-08-25T08:46:16Z,クレジットカード,increment-run-003,workshop-participant,donation_events_003.csv,2026-09-01T00:03:20Z
EVT-FRS-007338,6007338,2009120,352152,3003255,10000,2026-08-25T08:46:34Z,クレジットカード,increment-run-003,workshop-participant,donation_events_003.csv,2026-09-01T00:03:20Z
EVT-FRS-004167,6004167,2009426,402214,3003809,20000,2026-08-25T08:48:19Z,コンビニ決済,increment-run-003,workshop-participant,donation_events_003.csv,2026-09-01T00:03:20Z
EVT-FRS-014791,6014791,2010174,465305,3003094,10000,2026-08-25T08:49:18Z,銀行振込,increment-run-003,workshop-participant,donation_events_003.csv,2026-09-01T00:03:20Z
EVT-FRS-006725,6006725,2010948,422029,3001088,10000,2026-08-25T08:57:03Z,電子決済,increment-run-003,workshop-participant,donation_events_003.csv,2026-09-01T00:03:20Z
EVT-FRS-012359,6012359,2008109,433691,3001430,15000,2026-08-25T08:58:27Z,クレジットカード,increment-run-003,workshop-participant,donation_events_003.csv,2026-09-01T00:03:20Z
EVT-FRS-000737,6000737,2008698,192112,3003615,40000,2026-08-25T09:03:30Z,クレジットカード,increment-run-003,workshop-participant,donation_events_003.csv,2026-09-01T00:03:20Z
EVT-FRS-003840,6003840,2003304,162078,3001330,10000,2026-08-25T09:04:38Z,クレジットカード,increment-run-003,workshop-participant,donation_events_003.csv,2026-09-01T00:03:20Z
EVT-FRS-003874,6003874,2011018,082368,3002767,30000,2026-08-25T09:07:29Z,クレジットカード,increment-run-003,workshop-participant,donation_events_003.csv,2026-09-01T00:03:20Z
EVT-FRS-008962,6008962,2009526,232050,3005485,20000,2026-08-25T09:11:01Z,クレジットカード,increment-run-003,workshop-participant,donation_events_003.csv,2026-09-01T00:03:20Z
EVT-FRS-003626,6003626,2007602,212164,3000066,40000,2026-08-25T09:13:26Z,クレジットカード,increment-run-003,workshop-participant,donation_events_003.csv,2026-09-01T00:03:20Z
EVT-FRS-002555,6002555,2007991,015598,3003450,30000,2026-08-25T09:14:13Z,クレジットカード,increment-run-003,workshop-participant,donation_events_003.csv,2026-09-01T00:03:20Z
EVT-FRS-008766,6008766,2007639,172065,3004832,10000,2026-08-25T09:15:58Z,クレジットカード,increment-run-003,workshop-participant,donation_events_003.csv,2026-09-01T00:03:20Z
EVT-FRS-014390,6014390,2001191,043214,3003090,30000,2026-08-25T09:17:36Z,クレジットカード,increment-run-003,workshop-participant,donation_events_003.csv,2026-09-01T00:03:20Z
EVT-FRS-001224,6001224,2006686,462195,3002544,5000,2026-08-25T09:19:10Z,クレジットカード,increment-run-003,workshop-participant,donation_events_003.csv,2026-09-01T00:03:20Z
EVT-FRS-010022,6010022,2000060,212067,3003100,50000,2026-08-25T09:21:20Z,クレジットカード,increment-run-003,workshop-participant,donation_events_003.csv,2026-09-01T00:03:20Z
EVT-FRS-005646,6005646,2007504,392120,3001344,15000,2026-08-25T09:21:42Z,クレジットカード,increment-run-003,workshop-participant,donation_events_003.csv,2026-09-01T00:03:20Z
EVT-FRS-001321,6001321,2001170,204048,3004435,20000,2026-08-25T09:24:50Z,電子決済,increment-run-003,workshop-participant,donation_events_003.csv,2026-09-01T00:03:20Z
EVT-FRS-009806,6009806,2006992,012190,3001672,30000,2026-08-25T09:32:51Z,クレジットカード,increment-run-003,workshop-participant,donation_events_003.csv,2026-09-01T00:03:20Z
EVT-FRS-000614,6000614,2008362,122190,3004382,12000,2026-08-25T09:35:33Z,クレジットカード,increment-run-003,workshop-participant,donation_events_003.csv,2026-09-01T00:03:20Z
EVT-FRS-013284,6013284,2008969,202185,3001693,10000,2026-08-25T09:36:02Z,電子決済,increment-run-003,workshop-participant,donation_events_003.csv,2026-09-01T00:03:20Z
EVT-FRS-006688,6006688,2006710,074233,3003371,25000,2026-08-25T09:39:17Z,銀行振込,increment-run-003,workshop-participant,donation_events_003.csv,2026-09-01T00:03:20Z
EVT-FRS-013201,6013201,2005229,012068,3003304,50000,2026-08-25T09:43:31Z,クレジットカード,increment-run-003,workshop-participant,donation_events_003.csv,2026-09-01T00:03:20Z
EVT-FRS-010380,6010380,2006341,111007,3002923,10000,2026-08-25T09:45:40Z,電子決済,increment-run-003,workshop-participant,donation_events_003.csv,2026-09-01T00:03:20Z
EVT-FRS-013833,6013833,2006499,012165,3000290,200000,2026-08-25T09:52:12Z,クレジットカード,increment-run-003,workshop-participant,donation_events_003.csv,2026-09-01T00:03:20Z
EVT-FRS-014138,6014138,2011517,252123,3003920,30000,2026-08-25T09:52:19Z,クレジットカード,increment-run-003,workshop-participant,donation_events_003.csv,2026-09-01T00:03:20Z
EVT-FRS-005822,6005822,2000389,232092,3004369,12000,2026-08-25T09:52:23Z,クレジットカード,increment-run-003,workshop-participant,donation_events_003.csv,2026-09-01T00:03:20Z
EVT-FRS-012375,6012375,2008049,122203,3002686,10000,2026-08-25T09:54:27Z,クレジットカード,increment-run-003,workshop-participant,donation_events_003.csv,2026-09-01T00:03:20Z
EVT-FRS-000803,6000803,2003272,292125,3002556,20000,2026-08-25T09:54:41Z,クレジットカード,increment-run-003,workshop-participant,donation_events_003.csv,2026-09-01T00:03:20Z
EVT-FRS-005531,6005531,2001096,282049,3005452,10000,2026-08-25T09:56:12Z,クレジットカード,increment-run-003,workshop-participant,donation_events_003.csv,2026-09-01T00:03:20Z
EVT-FRS-003882,6003882,2001748,192058,3001919,20000,2026-08-25T10:13:03Z,電子決済,increment-run-003,workshop-participant,donation_events_003.csv,2026-09-01T00:03:20Z
EVT-FRS-003471,6003471,2009858,172014,3003149,12000,2026-08-25T10:13:53Z,クレジットカード,increment-run-003,workshop-participant,donation_events_003.csv,2026-09-01T00:03:20Z
EVT-FRS-014611,6014611,2010549,252018,3001600,10000,2026-08-25T10:15:24Z,コンビニ決済,increment-run-003,workshop-participant,donation_events_003.csv,2026-09-01T00:03:20Z
EVT-FRS-013065,6013065,2005031,452025,3002265,25000,2026-08-25T10:16:31Z,クレジットカード,increment-run-003,workshop-participant,donation_events_003.csv,2026-09-01T00:03:20Z
EVT-FRS-000292,6000292,2004229,234460,3000098,10000,2026-08-25T10:20:18Z,クレジットカード,increment-run-003,workshop-participant,donation_events_003.csv,2026-09-01T00:03:20Z
EVT-FRS-007812,6007812,2010109,142123,3001886,15000,2026-08-25T10:29:33Z,クレジットカード,increment-run-003,workshop-participant,donation_events_003.csv,2026-09-01T00:03:20Z
EVT-FRS-010746,6010746,2000348,282049,3004141,30000,2026-08-25T10:31:28Z,電子決済,increment-run-003,workshop-participant,donation_events_003.csv,2026-09-01T00:03:20Z
EVT-FRS-010559,6010559,2010649,012033,3000311,5000,2026-08-25T10:31:51Z,銀行振込,increment-run-003,workshop-participant,donation_events_003.csv,2026-09-01T00:03:20Z
EVT-FRS-009778,6009778,2001340,212067,3005307,20000,2026-08-25T10:33:31Z,クレジットカード,increment-run-003,workshop-participant,donation_events_003.csv,2026-09-01T00:03:20Z
EVT-FRS-011195,6011195,2000407,012351,3004247,15000,2026-08-25T10:36:38Z,クレジットカード,increment-run-003,workshop-participant,donation_events_003.csv,2026-09-01T00:03:20Z
EVT-FRS-007858,6007858,2011957,453617,3004160,10000,2026-08-25T10:37:26Z,クレジットカード,increment-run-003,workshop-participant,donation_events_003.csv,2026-09-01T00:03:20Z
EVT-FRS-003379,6003379,2001741,272205,3002743,5000,2026-08-25T10:38:40Z,銀行振込,increment-run-003,workshop-participant,donation_events_003.csv,2026-09-01T00:03:20Z
EVT-FRS-007094,6007094,2009095,141305,3002044,25000,2026-08-25T10:38:56Z,クレジットカード,increment-run-003,workshop-participant,donation_events_003.csv,2026-09-01T00:03:20Z
EVT-FRS-001366,6001366,2009088,402214,3002357,10000,2026-08-25T10:40:59Z,クレジットカード,increment-run-003,workshop-participant,donation_events_003.csv,2026-09-01T00:03:20Z
EVT-FRS-008269,6008269,2010186,222160,3004554,50000,2026-08-25T10:45:14Z,クレジットカード,increment-run-003,workshop-participant,donation_events_003.csv,2026-09-01T00:03:20Z
EVT-FRS-004849,6004849,2000229,052035,3003562,30000,2026-08-25T10:46:47Z,クレジットカード,increment-run-003,workshop-participant,donation_events_003.csv,2026-09-01T00:03:20Z
EVT-FRS-012017,6012017,2006071,452025,3002265,12000,2026-08-25T10:47:04Z,電子決済,increment-run-003,workshop-participant,donation_events_003.csv,2026-09-01T00:03:20Z
EVT-FRS-002147,6002147,2002528,393011,3001833,5000,2026-08-25T10:50:12Z,コンビニ決済,increment-run-003,workshop-participant,donation_events_003.csv,2026-09-01T00:03:20Z
EVT-FRS-008867,6008867,2006820,212199,3002110,5000,2026-08-25T10:52:25Z,クレジットカード,increment-run-003,workshop-participant,donation_events_003.csv,2026-09-01T00:03:20Z
EVT-FRS-007095,6007095,2008624,364681,3003818,8000,2026-08-25T10:55:38Z,クレジットカード,increment-run-003,workshop-participant,donation_events_003.csv,2026-09-01T00:03:20Z
EVT-FRS-008752,6008752,2008680,472093,3000877,10000,2026-08-25T10:56:32Z,電子決済,increment-run-003,workshop-participant,donation_events_003.csv,2026-09-01T00:03:20Z
EVT-FRS-011578,6011578,2000149,015555,3001395,15000,2026-08-25T10:58:29Z,クレジットカード,increment-run-003,workshop-participant,donation_events_003.csv,2026-09-01T00:03:20Z
EVT-FRS-013030,6013030,2003567,152251,3000026,10000,2026-08-25T10:58:58Z,クレジットカード,increment-run-003,workshop-participant,donation_events_003.csv,2026-09-01T00:03:20Z
EVT-FRS-004071,6004071,2000859,134210,3003866,10000,2026-08-25T11:01:58Z,クレジットカード,increment-run-003,workshop-participant,donation_events_003.csv,2026-09-01T00:03:20Z
EVT-FRS-008578,6008578,2002277,172073,3003744,20000,2026-08-25T11:13:02Z,クレジットカード,increment-run-003,workshop-participant,donation_events_003.csv,2026-09-01T00:03:20Z
EVT-FRS-002934,6002934,2004350,272205,3002743,12000,2026-08-25T11:26:34Z,クレジットカード,increment-run-003,workshop-participant,donation_events_003.csv,2026-09-01T00:03:20Z
EVT-FRS-005560,6005560,2004573,172065,3004513,15000,2026-08-25T11:27:57Z,クレジットカード,increment-run-003,workshop-participant,donation_events_003.csv,2026-09-01T00:03:20Z
EVT-FRS-014599,6014599,2010051,182052,3001707,25000,2026-08-25T11:31:22Z,クレジットカード,increment-run-003,workshop-participant,donation_events_003.csv,2026-09-01T00:03:20Z
EVT-FRS-005772,6005772,2002005,292028,3003697,20000,2026-08-25T11:32:15Z,クレジットカード,increment-run-003,workshop-participant,donation_events_003.csv,2026-09-01T00:03:20Z
EVT-FRS-002864,6002864,2006179,092100,3002316,15000,2026-08-25T11:39:16Z,クレジットカード,increment-run-003,workshop-participant,donation_events_003.csv,2026-09-01T00:03:20Z
EVT-FRS-013908,6013908,2011126,122122,3002947,50000,2026-08-25T11:47:01Z,クレジットカード,increment-run-003,workshop-participant,donation_events_003.csv,2026-09-01T00:03:20Z
EVT-FRS-010132,6010132,2003993,342131,3002009,10000,2026-08-25T11:52:46Z,クレジットカード,increment-run-003,workshop-participant,donation_events_003.csv,2026-09-01T00:03:20Z
EVT-FRS-007929,6007929,2003769,132241,3003363,8000,2026-08-25T11:54:43Z,クレジットカード,increment-run-003,workshop-participant,donation_events_003.csv,2026-09-01T00:03:20Z
EVT-FRS-010762,6010762,2002938,112216,3003056,15000,2026-08-25T11:55:21Z,銀行振込,increment-run-003,workshop-participant,donation_events_003.csv,2026-09-01T00:03:20Z
EVT-FRS-008010,6008010,2009154,132055,3004790,20000,2026-08-25T11:56:36Z,クレジットカード,increment-run-003,workshop-participant,donation_events_003.csv,2026-09-01T00:03:20Z
EVT-FRS-013919,6013919,2008772,072109,3000107,20000,2026-08-25T11:57:48Z,銀行振込,increment-run-003,workshop-participant,donation_events_003.csv,2026-09-01T00:03:20Z
EVT-FRS-013853,6013853,2004610,401307,3005967,25000,2026-08-25T12:00:17Z,クレジットカード,increment-run-003,workshop-participant,donation_events_003.csv,2026-09-01T00:03:20Z
EVT-FRS-002592,6002592,2011535,325252,3004332,5000,2026-08-25T12:06:02Z,電子決済,increment-run-003,workshop-participant,donation_events_003.csv,2026-09-01T00:03:20Z
EVT-FRS-004372,6004372,2004750,464686,3005084,15000,2026-08-25T12:09:50Z,クレジットカード,increment-run-003,workshop-participant,donation_events_003.csv,2026-09-01T00:03:20Z
EVT-FRS-007313,6007313,2005387,152188,3001403,25000,2026-08-25T12:10:02Z,クレジットカード,increment-run-003,workshop-participant,donation_events_003.csv,2026-09-01T00:03:20Z
EVT-FRS-006410,6006410,2004109,254436,3004953,25000,2026-08-25T12:11:27Z,電子決済,increment-run-003,workshop-participant,donation_events_003.csv,2026-09-01T00:03:20Z
EVT-FRS-010037,6010037,2009345,372013,3001313,10000,2026-08-25T12:14:11Z,クレジットカード,increment-run-003,workshop-participant,donation_events_003.csv,2026-09-01T00:03:20Z
EVT-FRS-001720,6001720,2006227,141003,3001794,30000,2026-08-25T12:14:25Z,クレジットカード,increment-run-003,workshop-participant,donation_events_003.csv,2026-09-01T00:03:20Z
EVT-FRS-001479,6001479,2000714,012076,3000300,30000,2026-08-25T12:16:27Z,クレジットカード,increment-run-003,workshop-participant,donation_events_003.csv,2026-09-01T00:03:20Z
EVT-FRS-014492,6014492,2005123,272078,3003289,10000,2026-08-25T12:16:30Z,クレジットカード,increment-run-003,workshop-participant,donation_events_003.csv,2026-09-01T00:03:20Z
EVT-FRS-009040,6009040,2009316,182028,3002137,20000,2026-08-25T12:19:19Z,クレジットカード,increment-run-003,workshop-participant,donation_events_003.csv,2026-09-01T00:03:20Z
EVT-FRS-010538,6010538,2005326,092053,3004871,12000,2026-08-25T12:32:48Z,クレジットカード,increment-run-003,workshop-participant,donation_events_003.csv,2026-09-01T00:03:20Z
EVT-FRS-001921,6001921,2001733,452041,3004484,25000,2026-08-25T12:36:33Z,クレジットカード,increment-run-003,workshop-participant,donation_events_003.csv,2026-09-01T00:03:20Z
EVT-FRS-006103,6006103,2011670,262064,3000199,5000,2026-08-25T12:37:31Z,クレジットカード,increment-run-003,workshop-participant,donation_events_003.csv,2026-09-01T00:03:20Z
EVT-FRS-000065,6000065,2006703,232220,3004259,12000,2026-08-25T12:38:25Z,クレジットカード,increment-run-003,workshop-participant,donation_events_003.csv,2026-09-01T00:03:20Z
EVT-FRS-010858,6010858,2002021,272248,3001287,20000,2026-08-25T12:39:33Z,クレジットカード,increment-run-003,workshop-participant,donation_events_003.csv,2026-09-01T00:03:20Z
EVT-FRS-005256,6005256,2001333,082317,3001272,70000,2026-08-25T12:39:52Z,クレジットカード,increment-run-003,workshop-participant,donation_events_003.csv,2026-09-01T00:03:20Z
EVT-FRS-008952,6008952,2007811,082325,3003242,10000,2026-08-25T12:41:06Z,クレジットカード,increment-run-003,workshop-participant,donation_events_003.csv,2026-09-01T00:03:20Z
EVT-FRS-009350,6009350,2010428,073644,3004317,25000,2026-08-25T12:44:11Z,コンビニ決済,increment-run-003,workshop-participant,donation_events_003.csv,2026-09-01T00:03:20Z
EVT-FRS-007384,6007384,2000847,422142,3005051,20000,2026-08-25T12:45:54Z,クレジットカード,increment-run-003,workshop-participant,donation_events_003.csv,2026-09-01T00:03:20Z
EVT-FRS-003349,6003349,2008166,132128,3005484,8000,2026-08-25T12:46:15Z,銀行振込,increment-run-003,workshop-participant,donation_events_003.csv,2026-09-01T00:03:20Z
EVT-FRS-005355,6005355,2000010,012106,3000432,15000,2026-08-25T12:51:10Z,クレジットカード,increment-run-003,workshop-participant,donation_events_003.csv,2026-09-01T00:03:20Z
EVT-FRS-007179,6007179,2008231,132250,3004243,8000,2026-08-25T12:56:51Z,クレジットカード,increment-run-003,workshop-participant,donation_events_003.csv,2026-09-01T00:03:20Z
EVT-FRS-005136,6005136,2007315,422037,3002696,20000,2026-08-25T13:06:27Z,電子決済,increment-run-003,workshop-participant,donation_events_003.csv,2026-09-01T00:03:20Z
EVT-FRS-011697,6011697,2010092,012301,3005595,15000,2026-08-25T13:09:16Z,クレジットカード,increment-run-003,workshop-participant,donation_events_003.csv,2026-09-01T00:03:20Z
EVT-FRS-003937,6003937,2004443,232149,3001980,10000,2026-08-25T13:11:18Z,電子決済,increment-run-003,workshop-participant,donation_events_003.csv,2026-09-01T00:03:20Z
EVT-FRS-005731,6005731,2011286,062111,3003973,12000,2026-08-25T13:16:21Z,銀行振込,increment-run-003,workshop-participant,donation_events_003.csv,2026-09-01T00:03:20Z
EVT-FRS-009829,6009829,2005888,242161,3002472,25000,2026-08-25T13:18:10Z,クレジットカード,increment-run-003,workshop-participant,donation_events_003.csv,2026-09-01T00:03:20Z
EVT-FRS-005013,6005013,2001253,442089,3000807,20000,2026-08-25T13:18:27Z,銀行振込,increment-run-003,workshop-participant,donation_events_003.csv,2026-09-01T00:03:20Z
EVT-FRS-002248,6002248,2004760,182010,3001194,10000,2026-08-25T13:19:32Z,電子決済,increment-run-003,workshop-participant,donation_events_003.csv,2026-09-01T00:03:20Z
EVT-FRS-013852,6013852,2008110,131024,3003453,15000,2026-08-25T13:23:11Z,クレジットカード,increment-run-003,workshop-participant,donation_events_003.csv,2026-09-01T00:03:20Z
EVT-FRS-004039,6004039,2006760,452025,3003435,10000,2026-08-25T13:35:56Z,電子決済,increment-run-003,workshop-participant,donation_events_003.csv,2026-09-01T00:03:20Z
EVT-FRS-005673,6005673,2004648,392090,3004647,50000,2026-08-25T13:39:03Z,コンビニ決済,increment-run-003,workshop-participant,donation_events_003.csv,2026-09-01T00:03:20Z
EVT-FRS-014884,6014884,2002322,442101,3004614,20000,2026-08-25T13:40:36Z,銀行振込,increment-run-003,workshop-participant,donation_events_003.csv,2026-09-01T00:03:20Z
EVT-FRS-014071,6014071,2000791,383864,3000920,15000,2026-08-25T13:40:41Z,コンビニ決済,increment-run-003,workshop-participant,donation_events_003.csv,2026-09-01T00:03:20Z
EVT-FRS-001980,6001980,2003542,122114,3001493,10000,2026-08-25T13:51:30Z,電子決済,increment-run-003,workshop-participant,donation_events_003.csv,2026-09-01T00:03:20Z
EVT-FRS-005383,6005383,2000138,012190,3004508,20000,2026-08-25T13:56:14Z,コンビニ決済,increment-run-003,workshop-participant,donation_events_003.csv,2026-09-01T00:03:20Z
EVT-FRS-013281,6013281,2003949,422096,3005809,50000,2026-08-25T13:57:15Z,銀行振込,increment-run-003,workshop-participant,donation_events_003.csv,2026-09-01T00:03:20Z
EVT-FRS-012925,6012925,2000348,112194,3001112,8000,2026-08-25T14:01:45Z,クレジットカード,increment-run-003,workshop-participant,donation_events_003.csv,2026-09-01T00:03:20Z
EVT-FRS-008213,6008213,2001172,252140,3000227,15000,2026-08-25T14:12:52Z,クレジットカード,increment-run-003,workshop-participant,donation_events_003.csv,2026-09-01T00:03:20Z
EVT-FRS-002456,6002456,2000299,252018,3004798,10000,2026-08-25T14:13:22Z,電子決済,increment-run-003,workshop-participant,donation_events_003.csv,2026-09-01T00:03:20Z
EVT-FRS-005052,6005052,2011355,112305,3003207,20000,2026-08-25T14:31:30Z,銀行振込,increment-run-003,workshop-participant,donation_events_003.csv,2026-09-01T00:03:20Z
EVT-FRS-009475,6009475,2005858,403458,3004907,5000,2026-08-25T14:32:10Z,クレジットカード,increment-run-003,workshop-participant,donation_events_003.csv,2026-09-01T00:03:20Z
EVT-FRS-000067,6000067,2009017,412058,3001350,40000,2026-08-25T14:33:14Z,クレジットカード,increment-run-003,workshop-participant,donation_events_003.csv,2026-09-01T00:03:20Z
EVT-FRS-011436,6011436,2008720,134015,3004914,10000,2026-08-25T14:37:17Z,クレジットカード,increment-run-003,workshop-participant,donation_events_003.csv,2026-09-01T00:03:20Z
EVT-FRS-005048,6005048,2008386,272132,3003322,12000,2026-08-25T14:41:22Z,クレジットカード,increment-run-003,workshop-participant,donation_events_003.csv,2026-09-01T00:03:20Z
EVT-FRS-000621,6000621,2008677,182044,3005356,25000,2026-08-25T14:43:39Z,電子決済,increment-run-003,workshop-participant,donation_events_003.csv,2026-09-01T00:03:20Z
EVT-FRS-006068,6006068,2008447,112071,3003734,10000,2026-08-25T14:43:44Z,電子決済,increment-run-003,workshop-participant,donation_events_003.csv,2026-09-01T00:03:20Z
EVT-FRS-011830,6011830,2007352,012084,3001038,15000,2026-08-25T14:48:22Z,電子決済,increment-run-003,workshop-participant,donation_events_003.csv,2026-09-01T00:03:20Z
EVT-FRS-011137,6011137,2009010,204145,3004622,15000,2026-08-25T14:54:26Z,クレジットカード,increment-run-003,workshop-participant,donation_events_003.csv,2026-09-01T00:03:20Z
EVT-FRS-010482,6010482,2003189,232131,3001536,15000,2026-08-25T14:55:52Z,クレジットカード,increment-run-003,workshop-participant,donation_events_003.csv,2026-09-01T00:03:20Z
EVT-FRS-008205,6008205,2004563,173860,3000221,30000,2026-08-25T14:56:37Z,クレジットカード,increment-run-003,workshop-participant,donation_events_003.csv,2026-09-01T00:03:20Z
EVT-FRS-006258,6006258,2006804,463043,3003561,5000,2026-08-25T14:58:13Z,銀行振込,increment-run-003,workshop-participant,donation_events_003.csv,2026-09-01T00:03:20Z
EVT-FRS-011288,6011288,2000220,222127,3001668,20000,2026-08-25T14:59:53Z,クレジットカード,increment-run-003,workshop-participant,donation_events_003.csv,2026-09-01T00:03:20Z
EVT-FRS-011980,6011980,2002982,012092,3003636,5000,2026-08-25T15:01:09Z,クレジットカード,increment-run-003,workshop-participant,donation_events_003.csv,2026-09-01T00:03:20Z
EVT-FRS-007186,6007186,2008586,464686,3004436,25000,2026-08-25T15:02:51Z,電子決済,increment-run-003,workshop-participant,donation_events_003.csv,2026-09-01T00:03:20Z
EVT-FRS-003637,6003637,2006878,152048,3003793,10000,2026-08-25T15:03:28Z,電子決済,increment-run-003,workshop-participant,donation_events_003.csv,2026-09-01T00:03:20Z
EVT-FRS-007296,6007296,2009501,142131,3001788,40000,2026-08-25T15:06:42Z,クレジットカード,increment-run-003,workshop-participant,donation_events_003.csv,2026-09-01T00:03:20Z
EVT-FRS-010149,6010149,2000670,342084,3005652,15000,2026-08-25T15:07:47Z,クレジットカード,increment-run-003,workshop-participant,donation_events_003.csv,2026-09-01T00:03:20Z
EVT-FRS-013548,6013548,2009719,262030,3005771,15000,2026-08-25T15:12:19Z,電子決済,increment-run-003,workshop-participant,donation_events_003.csv,2026-09-01T00:03:20Z
EVT-FRS-005211,6005211,2011031,082031,3002616,20000,2026-08-25T15:15:12Z,銀行振込,increment-run-003,workshop-participant,donation_events_003.csv,2026-09-01T00:03:20Z
EVT-FRS-009623,6009623,2002864,102113,3001739,10000,2026-08-25T15:21:41Z,コンビニ決済,increment-run-003,workshop-participant,donation_events_003.csv,2026-09-01T00:03:20Z
EVT-FRS-007413,6007413,2006900,012203,3003471,10000,2026-08-25T15:27:00Z,クレジットカード,increment-run-003,workshop-participant,donation_events_003.csv,2026-09-01T00:03:20Z
EVT-FRS-001912,6001912,2009687,352110,3004290,20000,2026-08-25T15:29:11Z,クレジットカード,increment-run-003,workshop-participant,donation_events_003.csv,2026-09-01T00:03:20Z
EVT-FRS-014371,6014371,2002998,052141,3001670,12000,2026-08-25T15:31:35Z,電子決済,increment-run-003,workshop-participant,donation_events_003.csv,2026-09-01T00:03:20Z
EVT-FRS-007875,6007875,2000085,122076,3005844,10000,2026-08-25T15:35:25Z,銀行振込,increment-run-003,workshop-participant,donation_events_003.csv,2026-09-01T00:03:20Z
EVT-FRS-010056,6010056,2002907,072079,3000612,30000,2026-08-25T15:43:01Z,クレジットカード,increment-run-003,workshop-participant,donation_events_003.csv,2026-09-01T00:03:20Z
EVT-FRS-012132,6012132,2002935,131059,3002609,30000,2026-08-25T15:54:15Z,電子決済,increment-run-003,workshop-participant,donation_events_003.csv,2026-09-01T00:03:20Z
EVT-FRS-000082,6000082,2008472,342092,3003144,10000,2026-08-25T15:54:36Z,銀行振込,increment-run-003,workshop-participant,donation_events_003.csv,2026-09-01T00:03:20Z
EVT-FRS-010719,6010719,2002124,014087,3002055,10000,2026-08-25T15:56:46Z,クレジットカード,increment-run-003,workshop-participant,donation_events_003.csv,2026-09-01T00:03:20Z
EVT-FRS-005458,6005458,2011420,142018,3001440,20000,2026-08-25T16:01:15Z,クレジットカード,increment-run-003,workshop-participant,donation_events_003.csv,2026-09-01T00:03:20Z
EVT-FRS-012370,6012370,2006394,052116,3000842,10000,2026-08-25T16:01:47Z,クレジットカード,increment-run-003,workshop-participant,donation_events_003.csv,2026-09-01T00:03:20Z
EVT-FRS-005179,6005179,2007975,012319,3000752,10000,2026-08-25T16:02:03Z,クレジットカード,increment-run-003,workshop-participant,donation_events_003.csv,2026-09-01T00:03:20Z
EVT-FRS-014656,6014656,2006359,082325,3005971,15000,2026-08-25T16:05:29Z,クレジットカード,increment-run-003,workshop-participant,donation_events_003.csv,2026-09-01T00:03:20Z
EVT-FRS-011452,6011452,2008079,012173,3002306,30000,2026-08-25T16:11:13Z,銀行振込,increment-run-003,workshop-participant,donation_events_003.csv,2026-09-01T00:03:20Z
EVT-FRS-000710,6000710,2006441,272132,3000548,20000,2026-08-25T16:12:10Z,クレジットカード,increment-run-003,workshop-participant,donation_events_003.csv,2026-09-01T00:03:20Z
EVT-FRS-007368,6007368,2005715,292028,3001924,10000,2026-08-25T16:13:02Z,銀行振込,increment-run-003,workshop-participant,donation_events_003.csv,2026-09-01T00:03:20Z
EVT-FRS-000521,6000521,2000895,016098,3003469,20000,2026-08-25T16:25:49Z,クレジットカード,increment-run-003,workshop-participant,donation_events_003.csv,2026-09-01T00:03:20Z
EVT-FRS-010342,6010342,2000883,142140,3000590,20000,2026-08-25T16:27:34Z,クレジットカード,increment-run-003,workshop-participant,donation_events_003.csv,2026-09-01T00:03:20Z
EVT-FRS-008152,6008152,2004260,234460,3000098,20000,2026-08-25T16:30:05Z,クレジットカード,increment-run-003,workshop-participant,donation_events_003.csv,2026-09-01T00:03:20Z
EVT-FRS-014189,6014189,2002633,012343,3005414,15000,2026-08-25T16:31:45Z,クレジットカード,increment-run-003,workshop-participant,donation_events_003.csv,2026-09-01T00:03:20Z
EVT-FRS-010613,6010613,2010396,192139,3005145,10000,2026-08-25T16:40:16Z,コンビニ決済,increment-run-003,workshop-participant,donation_events_003.csv,2026-09-01T00:03:20Z
EVT-FRS-000309,6000309,2006147,454052,3003795,20000,2026-08-25T16:40:36Z,クレジットカード,increment-run-003,workshop-participant,donation_events_003.csv,2026-09-01T00:03:20Z
EVT-FRS-012452,6012452,2009561,302091,3001261,15000,2026-08-25T16:41:12Z,クレジットカード,increment-run-003,workshop-participant,donation_events_003.csv,2026-09-01T00:03:20Z
EVT-FRS-007294,6007294,2001345,373648,3003651,10000,2026-08-25T16:41:51Z,クレジットカード,increment-run-003,workshop-participant,donation_events_003.csv,2026-09-01T00:03:20Z
EVT-FRS-012292,6012292,2001074,454214,3000985,15000,2026-08-25T16:44:55Z,クレジットカード,increment-run-003,workshop-participant,donation_events_003.csv,2026-09-01T00:03:20Z
EVT-FRS-000806,6000806,2002041,462225,3004840,8000,2026-08-25T16:46:36Z,クレジットカード,increment-run-003,workshop-participant,donation_events_003.csv,2026-09-01T00:03:20Z
EVT-FRS-014010,6014010,2001195,431001,3004301,10000,2026-08-25T16:51:14Z,クレジットカード,increment-run-003,workshop-participant,donation_events_003.csv,2026-09-01T00:03:20Z
EVT-FRS-010881,6010881,2008255,082317,3005487,25000,2026-08-25T16:55:44Z,クレジットカード,increment-run-003,workshop-participant,donation_events_003.csv,2026-09-01T00:03:20Z
EVT-FRS-000701,6000701,2006660,322016,3000140,15000,2026-08-25T16:59:07Z,クレジットカード,increment-run-003,workshop-participant,donation_events_003.csv,2026-09-01T00:03:20Z
EVT-FRS-009322,6009322,2003368,232378,3003470,10000,2026-08-25T17:01:01Z,クレジットカード,increment-run-003,workshop-participant,donation_events_003.csv,2026-09-01T00:03:20Z
EVT-FRS-010594,6010594,2011410,103667,3000949,12000,2026-08-25T17:08:17Z,クレジットカード,increment-run-003,workshop-participant,donation_events_003.csv,2026-09-01T00:03:20Z
EVT-FRS-000370,6000370,2003142,062014,3001248,30000,2026-08-25T17:12:36Z,銀行振込,increment-run-003,workshop-participant,donation_events_003.csv,2026-09-01T00:03:20Z
EVT-FRS-012970,6012970,2005777,442135,3000988,20000,2026-08-25T17:13:58Z,クレジットカード,increment-run-003,workshop-participant,donation_events_003.csv,2026-09-01T00:03:20Z
EVT-FRS-007183,6007183,2010826,392103,3001991,5000,2026-08-25T17:14:12Z,電子決済,increment-run-003,workshop-participant,donation_events_003.csv,2026-09-01T00:03:20Z
EVT-FRS-006294,6006294,2004315,152234,3005205,15000,2026-08-25T17:15:32Z,クレジットカード,increment-run-003,workshop-participant,donation_events_003.csv,2026-09-01T00:03:20Z
EVT-FRS-000233,6000233,2008360,402265,3001891,10000,2026-08-25T17:15:50Z,銀行振込,increment-run-003,workshop-participant,donation_events_003.csv,2026-09-01T00:03:20Z
EVT-FRS-000480,6000480,2007040,012262,3001586,5000,2026-08-25T17:16:30Z,クレジットカード,increment-run-003,workshop-participant,donation_events_003.csv,2026-09-01T00:03:20Z
EVT-FRS-004120,6004120,2006234,332038,3002748,40000,2026-08-25T17:16:52Z,コンビニ決済,increment-run-003,workshop-participant,donation_events_003.csv,2026-09-01T00:03:20Z
EVT-FRS-011909,6011909,2006758,431001,3001882,12000,2026-08-25T17:18:46Z,クレジットカード,increment-run-003,workshop-participant,donation_events_003.csv,2026-09-01T00:03:20Z
EVT-FRS-001774,6001774,2000018,012190,3003992,20000,2026-08-25T17:22:43Z,電子決済,increment-run-003,workshop-participant,donation_events_003.csv,2026-09-01T00:03:20Z
EVT-FRS-006830,6006830,2005180,112429,3000605,12000,2026-08-25T17:25:12Z,クレジットカード,increment-run-003,workshop-participant,donation_events_003.csv,2026-09-01T00:03:20Z
EVT-FRS-003945,6003945,2001467,182028,3002137,15000,2026-08-25T17:29:27Z,銀行振込,increment-run-003,workshop-participant,donation_events_003.csv,2026-09-01T00:03:20Z
EVT-FRS-000317,6000317,2006705,142140,3000663,5000,2026-08-25T17:29:34Z,クレジットカード,increment-run-003,workshop-participant,donation_events_003.csv,2026-09-01T00:03:20Z
EVT-FRS-007172,6007172,2007632,052159,3001578,20000,2026-08-25T17:32:00Z,クレジットカード,increment-run-003,workshop-participant,donation_events_003.csv,2026-09-01T00:03:20Z
EVT-FRS-013069,6013069,2000891,172065,3003006,8000,2026-08-25T17:37:14Z,クレジットカード,increment-run-003,workshop-participant,donation_events_003.csv,2026-09-01T00:03:20Z
EVT-FRS-005858,6005858,2004625,261009,3003755,15000,2026-08-25T17:37:19Z,クレジットカード,increment-run-003,workshop-participant,donation_events_003.csv,2026-09-01T00:03:20Z
EVT-FRS-004847,6004847,2007261,092151,3003926,5000,2026-08-25T17:39:12Z,クレジットカード,increment-run-003,workshop-participant,donation_events_003.csv,2026-09-01T00:03:20Z
EVT-FRS-009496,6009496,2010595,212148,3003637,20000,2026-08-25T17:41:12Z,銀行振込,increment-run-003,workshop-participant,donation_events_003.csv,2026-09-01T00:03:20Z
EVT-FRS-000360,6000360,2003906,012122,3001803,5000,2026-08-25T17:44:17Z,コンビニ決済,increment-run-003,workshop-participant,donation_events_003.csv,2026-09-01T00:03:20Z
EVT-FRS-011068,6011068,2005028,402184,3001031,20000,2026-08-25T17:46:03Z,クレジットカード,increment-run-003,workshop-participant,donation_events_003.csv,2026-09-01T00:03:20Z
EVT-FRS-007425,6007425,2007184,222208,3004192,25000,2026-08-25T17:51:11Z,電子決済,increment-run-003,workshop-participant,donation_events_003.csv,2026-09-01T00:03:20Z
EVT-FRS-008424,6008424,2000593,472123,3000930,10000,2026-08-25T17:52:52Z,電子決済,increment-run-003,workshop-participant,donation_events_003.csv,2026-09-01T00:03:20Z
EVT-FRS-003286,6003286,2004998,282049,3004141,20000,2026-08-25T17:56:10Z,クレジットカード,increment-run-003,workshop-participant,donation_events_003.csv,2026-09-01T00:03:20Z
EVT-FRS-012664,6012664,2010770,452025,3003435,20000,2026-08-25T17:57:24Z,銀行振込,increment-run-003,workshop-participant,donation_events_003.csv,2026-09-01T00:03:20Z
EVT-FRS-008791,6008791,2008919,402265,3005130,70000,2026-08-25T18:01:09Z,クレジットカード,increment-run-003,workshop-participant,donation_events_003.csv,2026-09-01T00:03:20Z
EVT-FRS-004854,6004854,2004677,012122,3005735,15000,2026-08-25T18:07:24Z,コンビニ決済,increment-run-003,workshop-participant,donation_events_003.csv,2026-09-01T00:03:20Z
EVT-FRS-001330,6001330,2005468,052027,3005233,15000,2026-08-25T18:09:15Z,クレジットカード,increment-run-003,workshop-participant,donation_events_003.csv,2026-09-01T00:03:20Z
EVT-FRS-012563,6012563,2006410,112151,3002952,25000,2026-08-25T18:16:16Z,電子決済,increment-run-003,workshop-participant,donation_events_003.csv,2026-09-01T00:03:20Z
EVT-FRS-009713,6009713,2005288,253847,3003374,10000,2026-08-25T18:17:22Z,クレジットカード,increment-run-003,workshop-participant,donation_events_003.csv,2026-09-01T00:03:20Z
EVT-FRS-009034,6009034,2004207,452025,3004014,15000,2026-08-25T18:21:48Z,クレジットカード,increment-run-003,workshop-participant,donation_events_003.csv,2026-09-01T00:03:20Z
EVT-FRS-012437,6012437,2009975,282154,3001387,20000,2026-08-25T18:24:58Z,クレジットカード,increment-run-003,workshop-participant,donation_events_003.csv,2026-09-01T00:03:20Z
EVT-FRS-004590,6004590,2009974,472140,3001328,10000,2026-08-25T18:25:18Z,クレジットカード,increment-run-003,workshop-participant,donation_events_003.csv,2026-09-01T00:03:20Z
EVT-FRS-009319,6009319,2008529,432083,3003635,15000,2026-08-25T18:34:01Z,電子決済,increment-run-003,workshop-participant,donation_events_003.csv,2026-09-01T00:03:20Z
EVT-FRS-000980,6000980,2009218,192074,3000771,15000,2026-08-25T18:34:26Z,クレジットカード,increment-run-003,workshop-participant,donation_events_003.csv,2026-09-01T00:03:20Z
EVT-FRS-011811,6011811,2010206,092169,3005007,10000,2026-08-25T18:43:27Z,クレジットカード,increment-run-003,workshop-participant,donation_events_003.csv,2026-09-01T00:03:20Z
EVT-FRS-011878,6011878,2001913,423831,3002308,10000,2026-08-25T18:44:55Z,電子決済,increment-run-003,workshop-participant,donation_events_003.csv,2026-09-01T00:03:20Z
EVT-FRS-006977,6006977,2007149,012149,3000642,10000,2026-08-25T18:48:24Z,クレジットカード,increment-run-003,workshop-participant,donation_events_003.csv,2026-09-01T00:03:20Z
EVT-FRS-001723,6001723,2006821,462241,3003325,8000,2026-08-25T19:00:29Z,電子決済,increment-run-003,workshop-participant,donation_events_003.csv,2026-09-01T00:03:20Z
EVT-FRS-007839,6007839,2010458,152111,3003212,15000,2026-08-25T19:01:15Z,クレジットカード,increment-run-003,workshop-participant,donation_events_003.csv,2026-09-01T00:03:20Z
EVT-FRS-000936,6000936,2001136,392111,3001783,12000,2026-08-25T19:08:42Z,電子決済,increment-run-003,workshop-participant,donation_events_003.csv,2026-09-01T00:03:20Z
EVT-FRS-009230,6009230,2011308,332143,3003867,10000,2026-08-25T19:09:49Z,クレジットカード,increment-run-003,workshop-participant,donation_events_003.csv,2026-09-01T00:03:20Z
EVT-FRS-012822,6012822,2000526,262064,3002639,40000,2026-08-25T19:17:04Z,クレジットカード,increment-run-003,workshop-participant,donation_events_003.csv,2026-09-01T00:03:20Z
EVT-FRS-009318,6009318,2000835,072141,3003575,15000,2026-08-25T19:23:40Z,クレジットカード,increment-run-003,workshop-participant,donation_events_003.csv,2026-09-01T00:03:20Z
EVT-FRS-008008,6008008,2004685,013471,3005609,10000,2026-08-25T19:25:58Z,電子決済,increment-run-003,workshop-participant,donation_events_003.csv,2026-09-01T00:03:20Z
EVT-FRS-013268,6013268,2010513,232327,3003728,10000,2026-08-25T19:26:25Z,クレジットカード,increment-run-003,workshop-participant,donation_events_003.csv,2026-09-01T00:03:20Z
EVT-FRS-000473,6000473,2001729,132021,3001018,25000,2026-08-25T19:28:47Z,電子決済,increment-run-003,workshop-participant,donation_events_003.csv,2026-09-01T00:03:20Z
EVT-FRS-002058,6002058,2009666,112151,3002281,20000,2026-08-25T19:31:17Z,クレジットカード,increment-run-003,workshop-participant,donation_events_003.csv,2026-09-01T00:03:20Z
EVT-FRS-000046,6000046,2003603,072095,3003970,12000,2026-08-25T19:31:48Z,銀行振込,increment-run-003,workshop-participant,donation_events_003.csv,2026-09-01T00:03:20Z
EVT-FRS-011501,6011501,2001802,272027,3003444,10000,2026-08-25T19:35:29Z,電子決済,increment-run-003,workshop-participant,donation_events_003.csv,2026-09-01T00:03:20Z
EVT-FRS-010849,6010849,2003577,222097,3000401,15000,2026-08-25T19:35:32Z,クレジットカード,increment-run-003,workshop-participant,donation_events_003.csv,2026-09-01T00:03:20Z
EVT-FRS-001045,6001045,2008303,472115,3005292,8000,2026-08-25T19:36:45Z,クレジットカード,increment-run-003,workshop-participant,donation_events_003.csv,2026-09-01T00:03:20Z
EVT-FRS-002137,6002137,2001738,212181,3002211,10000,2026-08-25T19:43:10Z,コンビニ決済,increment-run-003,workshop-participant,donation_events_003.csv,2026-09-01T00:03:20Z
EVT-FRS-008500,6008500,2011571,072010,3000845,40000,2026-08-25T19:43:14Z,クレジットカード,increment-run-003,workshop-participant,donation_events_003.csv,2026-09-01T00:03:20Z
EVT-FRS-007290,6007290,2000394,182010,3001372,5000,2026-08-25T19:46:52Z,クレジットカード,increment-run-003,workshop-participant,donation_events_003.csv,2026-09-01T00:03:20Z
EVT-FRS-009698,6009698,2001222,452025,3002730,50000,2026-08-25T19:48:27Z,電子決済,increment-run-003,workshop-participant,donation_events_003.csv,2026-09-01T00:03:20Z
EVT-FRS-013997,6013997,2011941,122343,3004699,15000,2026-08-25T19:48:28Z,電子決済,increment-run-003,workshop-participant,donation_events_003.csv,2026-09-01T00:03:20Z
EVT-FRS-003616,6003616,2007079,132276,3002538,10000,2026-08-25T19:49:22Z,クレジットカード,increment-run-003,workshop-participant,donation_events_003.csv,2026-09-01T00:03:20Z
EVT-FRS-009422,6009422,2009799,272132,3005617,12000,2026-08-25T19:51:51Z,クレジットカード,increment-run-003,workshop-participant,donation_events_003.csv,2026-09-01T00:03:20Z
EVT-FRS-013668,6013668,2004200,422045,3001423,5000,2026-08-25T19:52:36Z,クレジットカード,increment-run-003,workshop-participant,donation_events_003.csv,2026-09-01T00:03:20Z
EVT-FRS-005752,6005752,2010895,452025,3005996,20000,2026-08-25T19:55:39Z,電子決済,increment-run-003,workshop-participant,donation_events_003.csv,2026-09-01T00:03:20Z
EVT-FRS-012739,6012739,2010667,272027,3001722,10000,2026-08-25T20:08:46Z,クレジットカード,increment-run-003,workshop-participant,donation_events_003.csv,2026-09-01T00:03:20Z
EVT-FRS-014507,6014507,2007642,464821,3005630,8000,2026-08-25T20:15:52Z,銀行振込,increment-run-003,workshop-participant,donation_events_003.csv,2026-09-01T00:03:20Z
EVT-FRS-002239,6002239,2006441,212164,3000066,40000,2026-08-25T20:20:00Z,クレジットカード,increment-run-003,workshop-participant,donation_events_003.csv,2026-09-01T00:03:20Z
EVT-FRS-014463,6014463,2010691,173614,3001314,20000,2026-08-25T20:20:30Z,クレジットカード,increment-run-003,workshop-participant,donation_events_003.csv,2026-09-01T00:03:20Z
EVT-FRS-007228,6007228,2008164,212067,3001953,20000,2026-08-25T20:20:38Z,電子決済,increment-run-003,workshop-participant,donation_events_003.csv,2026-09-01T00:03:20Z
EVT-FRS-000239,6000239,2008428,282162,3005696,20000,2026-08-25T20:24:52Z,クレジットカード,increment-run-003,workshop-participant,donation_events_003.csv,2026-09-01T00:03:20Z
EVT-FRS-008045,6008045,2011094,162108,3003835,8000,2026-08-25T20:30:57Z,クレジットカード,increment-run-003,workshop-participant,donation_events_003.csv,2026-09-01T00:03:20Z
EVT-FRS-012830,6012830,2006859,232157,3005108,10000,2026-08-25T20:33:48Z,クレジットカード,increment-run-003,workshop-participant,donation_events_003.csv,2026-09-01T00:03:20Z
EVT-FRS-012038,6012038,2011281,283819,3004852,25000,2026-08-25T20:35:43Z,クレジットカード,increment-run-003,workshop-participant,donation_events_003.csv,2026-09-01T00:03:20Z
EVT-FRS-011714,6011714,2010388,112011,3005557,30000,2026-08-25T20:41:28Z,電子決済,increment-run-003,workshop-participant,donation_events_003.csv,2026-09-01T00:03:20Z
EVT-FRS-012137,6012137,2003730,012238,3001524,20000,2026-08-25T20:44:31Z,銀行振込,increment-run-003,workshop-participant,donation_events_003.csv,2026-09-01T00:03:20Z
EVT-FRS-001702,6001702,2001358,122297,3000525,12000,2026-08-25T20:49:19Z,クレジットカード,increment-run-003,workshop-participant,donation_events_003.csv,2026-09-01T00:03:20Z
EVT-FRS-003324,6003324,2007898,112348,3000628,10000,2026-08-25T20:51:41Z,クレジットカード,increment-run-003,workshop-participant,donation_events_003.csv,2026-09-01T00:03:20Z
EVT-FRS-010685,6010685,2000419,213624,3004444,20000,2026-08-25T20:51:52Z,銀行振込,increment-run-003,workshop-participant,donation_events_003.csv,2026-09-01T00:03:20Z
EVT-FRS-005935,6005935,2009043,162108,3003835,25000,2026-08-25T20:56:01Z,クレジットカード,increment-run-003,workshop-participant,donation_events_003.csv,2026-09-01T00:03:20Z
EVT-FRS-008611,6008611,2004764,124222,3003405,30000,2026-08-25T20:57:44Z,クレジットカード,increment-run-003,workshop-participant,donation_events_003.csv,2026-09-01T00:03:20Z
EVT-FRS-001364,6001364,2010757,452025,3003435,25000,2026-08-25T21:00:13Z,銀行振込,increment-run-003,workshop-participant,donation_events_003.csv,2026-09-01T00:03:20Z
EVT-FRS-013121,6013121,2007996,113018,3003535,15000,2026-08-25T21:12:04Z,クレジットカード,increment-run-003,workshop-participant,donation_events_003.csv,2026-09-01T00:03:20Z
EVT-FRS-005222,6005222,2006899,082112,3002559,30000,2026-08-25T21:16:05Z,クレジットカード,increment-run-003,workshop-participant,donation_events_003.csv,2026-09-01T00:03:20Z
EVT-FRS-008475,6008475,2005744,212024,3003254,40000,2026-08-25T21:18:51Z,クレジットカード,increment-run-003,workshop-participant,donation_events_003.csv,2026-09-01T00:03:20Z
EVT-FRS-005402,6005402,2005515,464686,3005084,10000,2026-08-25T21:20:02Z,電子決済,increment-run-003,workshop-participant,donation_events_003.csv,2026-09-01T00:03:20Z
EVT-FRS-005771,6005771,2007011,413453,3004747,40000,2026-08-25T21:21:32Z,クレジットカード,increment-run-003,workshop-participant,donation_events_003.csv,2026-09-01T00:03:20Z
EVT-FRS-013199,6013199,2004580,212083,3004324,50000,2026-08-25T21:22:17Z,クレジットカード,increment-run-003,workshop-participant,donation_events_003.csv,2026-09-01T00:03:20Z
EVT-FRS-010698,6010698,2000078,192104,3005381,30000,2026-08-25T21:24:20Z,クレジットカード,increment-run-003,workshop-participant,donation_events_003.csv,2026-09-01T00:03:20Z
EVT-FRS-000443,6000443,2002269,272175,3002303,12000,2026-08-25T21:30:26Z,クレジットカード,increment-run-003,workshop-participant,donation_events_003.csv,2026-09-01T00:03:20Z
EVT-FRS-010059,6010059,2003250,162060,3004561,12000,2026-08-25T21:34:33Z,電子決済,increment-run-003,workshop-participant,donation_events_003.csv,2026-09-01T00:03:20Z
EVT-FRS-006881,6006881,2011632,082341,3000661,40000,2026-08-25T21:36:07Z,クレジットカード,increment-run-003,workshop-participant,donation_events_003.csv,2026-09-01T00:03:20Z
EVT-FRS-013246,6013246,2005356,422096,3005481,10000,2026-08-25T21:40:15Z,クレジットカード,increment-run-003,workshop-participant,donation_events_003.csv,2026-09-01T00:03:20Z
EVT-FRS-014380,6014380,2008689,462179,3001595,25000,2026-08-25T21:41:19Z,電子決済,increment-run-003,workshop-participant,donation_events_003.csv,2026-09-01T00:03:20Z
EVT-FRS-012277,6012277,2009466,222054,3002220,10000,2026-08-25T21:44:42Z,クレジットカード,increment-run-003,workshop-participant,donation_events_003.csv,2026-09-01T00:03:20Z
EVT-FRS-011316,6011316,2001797,422126,3000901,15000,2026-08-25T21:47:04Z,電子決済,increment-run-003,workshop-participant,donation_events_003.csv,2026-09-01T00:03:20Z
EVT-FRS-009610,6009610,2008608,341002,3002197,25000,2026-08-25T21:49:39Z,クレジットカード,increment-run-003,workshop-participant,donation_events_003.csv,2026-09-01T00:03:20Z
EVT-FRS-011271,6011271,2003934,272132,3002927,15000,2026-08-25T21:50:46Z,銀行振込,increment-run-003,workshop-participant,donation_events_003.csv,2026-09-01T00:03:20Z
EVT-FRS-003127,6003127,2000897,182079,3001749,15000,2026-08-25T21:55:39Z,電子決済,increment-run-003,workshop-participant,donation_events_003.csv,2026-09-01T00:03:20Z
EVT-FRS-005122,6005122,2003794,132110,3000197,20000,2026-08-25T21:58:14Z,銀行振込,increment-run-003,workshop-participant,donation_events_003.csv,2026-09-01T00:03:20Z
EVT-FRS-011127,6011127,2005931,082201,3002146,10000,2026-08-25T22:02:06Z,電子決済,increment-run-003,workshop-participant,donation_events_003.csv,2026-09-01T00:03:20Z
EVT-FRS-011217,6011217,2003810,282073,3001812,10000,2026-08-25T22:10:12Z,クレジットカード,increment-run-003,workshop-participant,donation_events_003.csv,2026-09-01T00:03:20Z
EVT-FRS-002099,6002099,2007069,464686,3004436,10000,2026-08-25T22:11:46Z,コンビニ決済,increment-run-003,workshop-participant,donation_events_003.csv,2026-09-01T00:03:20Z
EVT-FRS-002118,6002118,2011271,203823,3000365,20000,2026-08-25T22:14:02Z,クレジットカード,increment-run-003,workshop-participant,donation_events_003.csv,2026-09-01T00:03:20Z
EVT-FRS-007779,6007779,2000822,102024,3002757,10000,2026-08-25T22:14:43Z,コンビニ決済,increment-run-003,workshop-participant,donation_events_003.csv,2026-09-01T00:03:20Z
EVT-FRS-003613,6003613,2000387,462101,3004911,15000,2026-08-25T22:17:34Z,クレジットカード,increment-run-003,workshop-participant,donation_events_003.csv,2026-09-01T00:03:20Z
EVT-FRS-011069,6011069,2007412,012335,3001245,20000,2026-08-25T22:32:21Z,クレジットカード,increment-run-003,workshop-participant,donation_events_003.csv,2026-09-01T00:03:20Z
EVT-FRS-009333,6009333,2008632,422142,3003126,8000,2026-08-25T22:45:38Z,クレジットカード,increment-run-003,workshop-participant,donation_events_003.csv,2026-09-01T00:03:20Z
EVT-FRS-010061,6010061,2008054,462195,3001161,10000,2026-08-25T22:45:48Z,クレジットカード,increment-run-003,workshop-participant,donation_events_003.csv,2026-09-01T00:03:20Z
EVT-FRS-012998,6012998,2005804,122050,3000225,10000,2026-08-25T22:46:55Z,クレジットカード,increment-run-003,workshop-participant,donation_events_003.csv,2026-09-01T00:03:20Z
EVT-FRS-011778,6011778,2011521,012165,3003799,5000,2026-08-25T22:47:12Z,クレジットカード,increment-run-003,workshop-participant,donation_events_003.csv,2026-09-01T00:03:20Z
EVT-FRS-010159,6010159,2008719,412058,3002354,50000,2026-08-25T22:49:48Z,クレジットカード,increment-run-003,workshop-participant,donation_events_003.csv,2026-09-01T00:03:20Z
EVT-FRS-004314,6004314,2007631,012084,3001038,10000,2026-08-25T22:53:16Z,クレジットカード,increment-run-003,workshop-participant,donation_events_003.csv,2026-09-01T00:03:20Z
EVT-FRS-004566,6004566,2008224,405442,3000181,15000,2026-08-25T22:53:26Z,クレジットカード,increment-run-003,workshop-participant,donation_events_003.csv,2026-09-01T00:03:20Z
EVT-FRS-000342,6000342,2007788,012181,3002867,10000,2026-08-25T22:55:23Z,銀行振込,increment-run-003,workshop-participant,donation_events_003.csv,2026-09-01T00:03:20Z
EVT-FRS-006523,6006523,2003419,052027,3001951,10000,2026-08-25T22:56:10Z,クレジットカード,increment-run-003,workshop-participant,donation_events_003.csv,2026-09-01T00:03:20Z
EVT-FRS-003779,6003779,2001194,162078,3001330,20000,2026-08-25T22:57:20Z,電子決済,increment-run-003,workshop-participant,donation_events_003.csv,2026-09-01T00:03:20Z
EVT-FRS-014606,6014606,2000951,302015,3005993,10000,2026-08-25T23:00:32Z,銀行振込,increment-run-003,workshop-participant,donation_events_003.csv,2026-09-01T00:03:20Z
EVT-FRS-004175,6004175,2005898,322016,3004143,10000,2026-08-25T23:06:43Z,クレジットカード,increment-run-003,workshop-participant,donation_events_003.csv,2026-09-01T00:03:20Z
EVT-FRS-014746,6014746,2007059,292087,3000362,8000,2026-08-25T23:16:41Z,クレジットカード,increment-run-003,workshop-participant,donation_events_003.csv,2026-09-01T00:03:20Z
EVT-FRS-003987,6003987,2011092,082112,3000555,12000,2026-08-25T23:20:24Z,クレジットカード,increment-run-003,workshop-participant,donation_events_003.csv,2026-09-01T00:03:20Z
EVT-FRS-009997,6009997,2009274,072125,3000216,10000,2026-08-25T23:27:14Z,クレジットカード,increment-run-003,workshop-participant,donation_events_003.csv,2026-09-01T00:03:20Z
EVT-FRS-000139,6000139,2001616,222127,3000099,5000,2026-08-25T23:30:35Z,電子決済,increment-run-003,workshop-participant,donation_events_003.csv,2026-09-01T00:03:20Z
EVT-FRS-014430,6014430,2005244,012190,3004508,10000,2026-08-25T23:32:11Z,クレジットカード,increment-run-003,workshop-participant,donation_events_003.csv,2026-09-01T00:03:20Z
EVT-FRS-004125,6004125,2008923,122351,3003069,10000,2026-08-25T23:35:42Z,クレジットカード,increment-run-003,workshop-participant,donation_events_003.csv,2026-09-01T00:03:20Z
EVT-FRS-014814,6014814,2008379,202029,3000551,20000,2026-08-25T23:35:49Z,銀行振込,increment-run-003,workshop-participant,donation_events_003.csv,2026-09-01T00:03:20Z
EVT-FRS-011118,6011118,2007043,112071,3002222,8000,2026-08-25T23:36:02Z,クレジットカード,increment-run-003,workshop-participant,donation_events_003.csv,2026-09-01T00:03:20Z
EVT-FRS-001218,6001218,2005989,452050,3002402,10000,2026-08-25T23:43:53Z,クレジットカード,increment-run-003,workshop-participant,donation_events_003.csv,2026-09-01T00:03:20Z
EVT-FRS-007013,6007013,2000083,012220,3004860,10000,2026-08-25T23:51:13Z,コンビニ決済,increment-run-003,workshop-participant,donation_events_003.csv,2026-09-01T00:03:20Z
EVT-FRS-005273,6005273,2006947,132284,3001705,15000,2026-08-25T23:53:44Z,コンビニ決済,increment-run-003,workshop-participant,donation_events_003.csv,2026-09-01T00:03:20Z
EVT-FRS-005004,6005004,2007228,434442,3004168,15000,2026-08-25T23:54:46Z,クレジットカード,increment-run-003,workshop-participant,donation_events_003.csv,2026-09-01T00:03:20Z
EVT-FRS-003075,6003075,2009401,082295,3003797,15000,2026-08-25T23:57:02Z,クレジットカード,increment-run-003,workshop-participant,donation_events_003.csv,2026-09-01T00:03:20Z
EVT-FRS-007033,6007033,2002861,303615,3000499,15000,2026-08-25T23:57:19Z,クレジットカード,increment-run-003,workshop-participant,donation_events_003.csv,2026-09-01T00:03:20Z
EVT-FRS-007761,6007761,2001267,394114,3004253,20000,2026-08-25T23:57:28Z,クレジットカード,increment-run-003,workshop-participant,donation_events_003.csv,2026-09-01T00:03:20Z
EVT-FRS-011838,6011838,2004055,282049,3005940,10000,2026-08-25T23:58:10Z,クレジットカード,increment-run-003,workshop-participant,donation_events_003.csv,2026-09-01T00:03:20Z
EVT-FRS-007682,6007682,2009585,132055,3005931,8000,2026-08-26T00:10:37Z,クレジットカード,increment-run-003,workshop-participant,donation_events_003.csv,2026-09-01T00:03:20Z
EVT-FRS-005286,6005286,2008006,212121,3004157,15000,2026-08-26T00:12:11Z,クレジットカード,increment-run-003,workshop-participant,donation_events_003.csv,2026-09-01T00:03:20Z
EVT-FRS-009645,6009645,2011302,212075,3003978,5000,2026-08-26T00:15:48Z,クレジットカード,increment-run-003,workshop-participant,donation_events_003.csv,2026-09-01T00:03:20Z
EVT-FRS-010777,6010777,2011428,223018,3001507,10000,2026-08-26T00:16:06Z,クレジットカード,increment-run-003,workshop-participant,donation_events_003.csv,2026-09-01T00:03:20Z
EVT-FRS-002391,6002391,2007792,072052,3003253,10000,2026-08-26T00:19:41Z,クレジットカード,increment-run-003,workshop-participant,donation_events_003.csv,2026-09-01T00:03:20Z
EVT-FRS-013358,6013358,2003981,363880,3001689,5000,2026-08-26T00:20:06Z,電子決済,increment-run-003,workshop-participant,donation_events_003.csv,2026-09-01T00:03:20Z
EVT-FRS-013150,6013150,2001382,111007,3003518,30000,2026-08-26T00:23:09Z,クレジットカード,increment-run-003,workshop-participant,donation_events_003.csv,2026-09-01T00:03:20Z
EVT-FRS-014658,6014658,2010844,152056,3004179,10000,2026-08-26T00:25:18Z,クレジットカード,increment-run-003,workshop-participant,donation_events_003.csv,2026-09-01T00:03:20Z
EVT-FRS-011523,6011523,2002352,082261,3001047,30000,2026-08-26T00:25:43Z,コンビニ決済,increment-run-003,workshop-participant,donation_events_003.csv,2026-09-01T00:03:20Z
EVT-FRS-000649,6000649,2003884,364011,3002944,20000,2026-08-26T00:27:06Z,電子決済,increment-run-003,workshop-participant,donation_events_003.csv,2026-09-01T00:03:20Z
EVT-FRS-009202,6009202,2011875,131164,3003290,10000,2026-08-26T00:28:44Z,クレジットカード,increment-run-003,workshop-participant,donation_events_003.csv,2026-09-01T00:03:20Z
EVT-FRS-007606,6007606,2007895,434043,3002580,10000,2026-08-26T00:29:03Z,クレジットカード,increment-run-003,workshop-participant,donation_events_003.csv,2026-09-01T00:03:20Z
EVT-FRS-009061,6009061,2004194,141305,3003138,8000,2026-08-26T00:31:49Z,電子決済,increment-run-003,workshop-participant,donation_events_003.csv,2026-09-01T00:03:20Z
EVT-FRS-000937,6000937,2011853,202011,3000175,20000,2026-08-26T00:41:30Z,電子決済,increment-run-003,workshop-participant,donation_events_003.csv,2026-09-01T00:03:20Z
EVT-FRS-010983,6010983,2000272,364011,3002944,5000,2026-08-26T00:41:55Z,コンビニ決済,increment-run-003,workshop-participant,donation_events_003.csv,2026-09-01T00:03:20Z
EVT-FRS-003541,6003541,2006463,072095,3004788,40000,2026-08-26T00:47:02Z,クレジットカード,increment-run-003,workshop-participant,donation_events_003.csv,2026-09-01T00:03:20Z
EVT-FRS-011407,6011407,2011665,052078,3003224,12000,2026-08-26T00:47:25Z,クレジットカード,increment-run-003,workshop-participant,donation_events_003.csv,2026-09-01T00:03:20Z
EVT-FRS-014534,6014534,2005485,322041,3004987,5000,2026-08-26T00:47:37Z,クレジットカード,increment-run-003,workshop-participant,donation_events_003.csv,2026-09-01T00:03:20Z
EVT-FRS-004399,6004399,2007788,132101,3005249,5000,2026-08-26T00:53:02Z,クレジットカード,increment-run-003,workshop-participant,donation_events_003.csv,2026-09-01T00:03:20Z
EVT-FRS-010561,6010561,2010307,282065,3003642,10000,2026-08-26T00:57:46Z,銀行振込,increment-run-003,workshop-participant,donation_events_003.csv,2026-09-01T00:03:20Z
EVT-FRS-012343,6012343,2000237,352063,3000151,5000,2026-08-26T00:58:38Z,クレジットカード,increment-run-003,workshop-participant,donation_events_003.csv,2026-09-01T00:03:20Z
EVT-FRS-006478,6006478,2009401,102121,3002965,15000,2026-08-26T01:00:26Z,クレジットカード,increment-run-003,workshop-participant,donation_events_003.csv,2026-09-01T00:03:20Z
EVT-FRS-014273,6014273,2005892,132128,3004592,15000,2026-08-26T01:02:09Z,クレジットカード,increment-run-003,workshop-participant,donation_events_003.csv,2026-09-01T00:03:20Z
EVT-FRS-003073,6003073,2000924,162108,3001110,50000,2026-08-26T01:02:36Z,クレジットカード,increment-run-003,workshop-participant,donation_events_003.csv,2026-09-01T00:03:20Z
EVT-FRS-009877,6009877,2001841,202126,3003297,25000,2026-08-26T01:03:03Z,クレジットカード,increment-run-003,workshop-participant,donation_events_003.csv,2026-09-01T00:03:20Z
EVT-FRS-008237,6008237,2005500,242012,3002362,20000,2026-08-26T01:05:23Z,クレジットカード,increment-run-003,workshop-participant,donation_events_003.csv,2026-09-01T00:03:20Z
EVT-FRS-007737,6007737,2000485,202193,3000383,20000,2026-08-26T01:05:38Z,クレジットカード,increment-run-003,workshop-participant,donation_events_003.csv,2026-09-01T00:03:20Z
EVT-FRS-011397,6011397,2001853,406058,3005530,20000,2026-08-26T01:06:37Z,電子決済,increment-run-003,workshop-participant,donation_events_003.csv,2026-09-01T00:03:20Z
EVT-FRS-003764,6003764,2009304,272311,3003984,10000,2026-08-26T01:10:29Z,クレジットカード,increment-run-003,workshop-participant,donation_events_003.csv,2026-09-01T00:03:20Z
EVT-FRS-006713,6006713,2009716,012238,3001524,8000,2026-08-26T01:15:02Z,クレジットカード,increment-run-003,workshop-participant,donation_events_003.csv,2026-09-01T00:03:20Z
EVT-FRS-005457,6005457,2005683,342149,3004007,10000,2026-08-26T01:26:39Z,クレジットカード,increment-run-003,workshop-participant,donation_events_003.csv,2026-09-01T00:03:20Z
EVT-FRS-009654,6009654,2001294,243035,3004041,30000,2026-08-26T01:35:36Z,クレジットカード,increment-run-003,workshop-participant,donation_events_003.csv,2026-09-01T00:03:20Z
EVT-FRS-004007,6004007,2003260,262021,3001836,20000,2026-08-26T01:36:25Z,コンビニ決済,increment-run-003,workshop-participant,donation_events_003.csv,2026-09-01T00:03:20Z
EVT-FRS-013918,6013918,2001827,332101,3005984,5000,2026-08-26T01:39:27Z,クレジットカード,increment-run-003,workshop-participant,donation_events_003.csv,2026-09-01T00:03:20Z
EVT-FRS-014571,6014571,2007600,122394,3004469,40000,2026-08-26T01:39:35Z,電子決済,increment-run-003,workshop-participant,donation_events_003.csv,2026-09-01T00:03:20Z
EVT-FRS-002944,6002944,2011793,022080,3004406,10000,2026-08-26T01:41:59Z,クレジットカード,increment-run-003,workshop-participant,donation_events_003.csv,2026-09-01T00:03:20Z
EVT-FRS-008485,6008485,2010847,462225,3004840,12000,2026-08-26T01:42:16Z,電子決済,increment-run-003,workshop-participant,donation_events_003.csv,2026-09-01T00:03:20Z
EVT-FRS-009489,6009489,2006759,462063,3005524,12000,2026-08-26T01:44:59Z,クレジットカード,increment-run-003,workshop-participant,donation_events_003.csv,2026-09-01T00:03:20Z
EVT-FRS-004242,6004242,2006593,052060,3004806,50000,2026-08-26T01:49:12Z,クレジットカード,increment-run-003,workshop-participant,donation_events_003.csv,2026-09-01T00:03:20Z
EVT-FRS-013601,6013601,2004669,282103,3001939,10000,2026-08-26T01:49:21Z,クレジットカード,increment-run-003,workshop-participant,donation_events_003.csv,2026-09-01T00:03:20Z
EVT-FRS-010609,6010609,2004066,294462,3002937,10000,2026-08-26T01:50:07Z,電子決済,increment-run-003,workshop-participant,donation_events_003.csv,2026-09-01T00:03:20Z
EVT-FRS-000609,6000609,2011582,082031,3000169,60000,2026-08-26T01:58:58Z,クレジットカード,increment-run-003,workshop-participant,donation_events_003.csv,2026-09-01T00:03:20Z
EVT-FRS-010729,6010729,2010061,052108,3002398,30000,2026-08-26T02:00:46Z,クレジットカード,increment-run-003,workshop-participant,donation_events_003.csv,2026-09-01T00:03:20Z
EVT-FRS-005562,6005562,2004966,132195,3004404,5000,2026-08-26T02:03:22Z,クレジットカード,increment-run-003,workshop-participant,donation_events_003.csv,2026-09-01T00:03:20Z
EVT-FRS-007090,6007090,2011543,403423,3005737,8000,2026-08-26T02:08:28Z,クレジットカード,increment-run-003,workshop-participant,donation_events_003.csv,2026-09-01T00:03:20Z
EVT-FRS-002349,6002349,2010825,464686,3003500,15000,2026-08-26T02:15:15Z,銀行振込,increment-run-003,workshop-participant,donation_events_003.csv,2026-09-01T00:03:20Z
EVT-FRS-004144,6004144,2009825,423076,3003296,20000,2026-08-26T02:17:36Z,電子決済,increment-run-003,workshop-participant,donation_events_003.csv,2026-09-01T00:03:20Z
EVT-FRS-010975,6010975,2002294,142174,3002413,5000,2026-08-26T02:26:22Z,クレジットカード,increment-run-003,workshop-participant,donation_events_003.csv,2026-09-01T00:03:20Z
EVT-FRS-013872,6013872,2000207,093424,3005020,10000,2026-08-26T02:28:18Z,クレジットカード,increment-run-003,workshop-participant,donation_events_003.csv,2026-09-01T00:03:20Z
EVT-FRS-008895,6008895,2009145,142131,3004023,50000,2026-08-26T02:28:22Z,クレジットカード,increment-run-003,workshop-participant,donation_events_003.csv,2026-09-01T00:03:20Z
EVT-FRS-009355,6009355,2011791,212059,3005401,10000,2026-08-26T02:29:20Z,クレジットカード,increment-run-003,workshop-participant,donation_events_003.csv,2026-09-01T00:03:20Z
EVT-FRS-005919,6005919,2008514,082198,3001545,12000,2026-08-26T02:35:16Z,クレジットカード,increment-run-003,workshop-participant,donation_events_003.csv,2026-09-01T00:03:20Z
EVT-FRS-008830,6008830,2006569,012173,3004329,20000,2026-08-26T02:38:03Z,コンビニ決済,increment-run-003,workshop-participant,donation_events_003.csv,2026-09-01T00:03:20Z
EVT-FRS-010106,6010106,2008860,472085,3004617,15000,2026-08-26T02:45:56Z,電子決済,increment-run-003,workshop-participant,donation_events_003.csv,2026-09-01T00:03:20Z
EVT-FRS-009999,6009999,2005975,292117,3002957,5000,2026-08-26T02:49:40Z,クレジットカード,increment-run-003,workshop-participant,donation_events_003.csv,2026-09-01T00:03:20Z
EVT-FRS-008764,6008764,2004679,132110,3002960,40000,2026-08-26T02:59:42Z,コンビニ決済,increment-run-003,workshop-participant,donation_events_003.csv,2026-09-01T00:03:20Z
EVT-FRS-010754,6010754,2007932,212172,3003089,10000,2026-08-26T03:05:49Z,クレジットカード,increment-run-003,workshop-participant,donation_events_003.csv,2026-09-01T00:03:20Z
EVT-FRS-000481,6000481,2003956,281000,3003308,50000,2026-08-26T03:12:14Z,クレジットカード,increment-run-003,workshop-participant,donation_events_003.csv,2026-09-01T00:03:20Z
EVT-FRS-000552,6000552,2002458,102113,3005350,5000,2026-08-26T03:14:34Z,クレジットカード,increment-run-003,workshop-participant,donation_events_003.csv,2026-09-01T00:03:20Z
EVT-FRS-007114,6007114,2000281,052035,3004305,20000,2026-08-26T03:16:55Z,クレジットカード,increment-run-003,workshop-participant,donation_events_003.csv,2026-09-01T00:03:20Z
EVT-FRS-009814,6009814,2009127,075221,3001375,12000,2026-08-26T03:17:43Z,クレジットカード,increment-run-003,workshop-participant,donation_events_003.csv,2026-09-01T00:03:20Z
EVT-FRS-006048,6006048,2006843,012131,3000974,15000,2026-08-26T03:19:24Z,電子決済,increment-run-003,workshop-participant,donation_events_003.csv,2026-09-01T00:03:20Z
EVT-FRS-013446,6013446,2001872,082244,3002571,12000,2026-08-26T03:20:13Z,クレジットカード,increment-run-003,workshop-participant,donation_events_003.csv,2026-09-01T00:03:20Z
EVT-FRS-010736,6010736,2001692,202151,3003643,10000,2026-08-26T03:22:30Z,クレジットカード,increment-run-003,workshop-participant,donation_events_003.csv,2026-09-01T00:03:20Z
EVT-FRS-012751,6012751,2008187,012114,3001419,10000,2026-08-26T03:23:10Z,クレジットカード,increment-run-003,workshop-participant,donation_events_003.csv,2026-09-01T00:03:20Z
EVT-FRS-008146,6008146,2005606,062065,3003267,12000,2026-08-26T03:27:19Z,クレジットカード,increment-run-003,workshop-participant,donation_events_003.csv,2026-09-01T00:03:20Z
EVT-FRS-006660,6006660,2011067,332127,3005245,8000,2026-08-26T03:32:22Z,銀行振込,increment-run-003,workshop-participant,donation_events_003.csv,2026-09-01T00:03:20Z
EVT-FRS-002945,6002945,2001673,262064,3000293,10000,2026-08-26T03:32:31Z,電子決済,increment-run-003,workshop-participant,donation_events_003.csv,2026-09-01T00:03:20Z
EVT-FRS-000391,6000391,2011524,402265,3003852,10000,2026-08-26T03:41:08Z,クレジットカード,increment-run-003,workshop-participant,donation_events_003.csv,2026-09-01T00:03:20Z
EVT-FRS-006541,6006541,2000732,162027,3005211,10000,2026-08-26T03:41:31Z,クレジットカード,increment-run-003,workshop-participant,donation_events_003.csv,2026-09-01T00:03:20Z
EVT-FRS-014424,6014424,2007973,082112,3005005,10000,2026-08-26T03:41:49Z,銀行振込,increment-run-003,workshop-participant,donation_events_003.csv,2026-09-01T00:03:20Z
EVT-FRS-013545,6013545,2002534,472051,3005821,40000,2026-08-26T03:42:22Z,クレジットカード,increment-run-003,workshop-participant,donation_events_003.csv,2026-09-01T00:03:20Z
EVT-FRS-014117,6014117,2006031,232386,3000161,15000,2026-08-26T03:43:10Z,電子決済,increment-run-003,workshop-participant,donation_events_003.csv,2026-09-01T00:03:20Z
EVT-FRS-008063,6008063,2010846,032093,3005383,20000,2026-08-26T03:43:25Z,電子決済,increment-run-003,workshop-participant,donation_events_003.csv,2026-09-01T00:03:20Z
EVT-FRS-006190,6006190,2001652,294276,3001738,10000,2026-08-26T03:49:57Z,電子決済,increment-run-003,workshop-participant,donation_events_003.csv,2026-09-01T00:03:20Z
EVT-FRS-009056,6009056,2001952,262102,3003103,12000,2026-08-26T03:56:58Z,クレジットカード,increment-run-003,workshop-participant,donation_events_003.csv,2026-09-01T00:03:20Z
EVT-FRS-002244,6002244,2001367,172057,3004276,20000,2026-08-26T03:57:07Z,電子決済,increment-run-003,workshop-participant,donation_events_003.csv,2026-09-01T00:03:20Z
EVT-FRS-008643,6008643,2011327,062014,3004210,15000,2026-08-26T03:57:36Z,クレジットカード,increment-run-003,workshop-participant,donation_events_003.csv,2026-09-01T00:03:20Z
EVT-FRS-011503,6011503,2007254,282049,3002762,20000,2026-08-26T04:09:59Z,電子決済,increment-run-003,workshop-participant,donation_events_003.csv,2026-09-01T00:03:20Z
EVT-FRS-013517,6013517,2009794,015598,3003441,25000,2026-08-26T04:12:39Z,電子決済,increment-run-003,workshop-participant,donation_events_003.csv,2026-09-01T00:03:20Z
EVT-FRS-014551,6014551,2005576,052060,3001560,10000,2026-08-26T04:13:03Z,電子決済,increment-run-003,workshop-participant,donation_events_003.csv,2026-09-01T00:03:20Z
EVT-FRS-000546,6000546,2006249,012114,3002888,10000,2026-08-26T04:15:52Z,電子決済,increment-run-003,workshop-participant,donation_events_003.csv,2026-09-01T00:03:20Z
EVT-FRS-000429,6000429,2002287,112119,3003552,20000,2026-08-26T04:17:08Z,クレジットカード,increment-run-003,workshop-participant,donation_events_003.csv,2026-09-01T00:03:20Z
EVT-FRS-014590,6014590,2009204,232076,3002384,12000,2026-08-26T04:19:21Z,コンビニ決済,increment-run-003,workshop-participant,donation_events_003.csv,2026-09-01T00:03:20Z
EVT-FRS-007071,6007071,2001338,212130,3003028,30000,2026-08-26T04:23:38Z,クレジットカード,increment-run-003,workshop-participant,donation_events_003.csv,2026-09-01T00:03:20Z
EVT-FRS-010757,6010757,2011287,362051,3004566,15000,2026-08-26T04:27:17Z,クレジットカード,increment-run-003,workshop-participant,donation_events_003.csv,2026-09-01T00:03:20Z
EVT-FRS-001156,6001156,2007169,212075,3003978,10000,2026-08-26T04:28:19Z,クレジットカード,increment-run-003,workshop-participant,donation_events_003.csv,2026-09-01T00:03:20Z
EVT-FRS-008360,6008360,2001100,092029,3001502,15000,2026-08-26T04:30:42Z,クレジットカード,increment-run-003,workshop-participant,donation_events_003.csv,2026-09-01T00:03:20Z
EVT-FRS-009374,6009374,2003057,272230,3002861,12000,2026-08-26T04:31:53Z,クレジットカード,increment-run-003,workshop-participant,donation_events_003.csv,2026-09-01T00:03:20Z
EVT-FRS-007777,6007777,2006042,131032,3004022,12000,2026-08-26T04:32:40Z,クレジットカード,increment-run-003,workshop-participant,donation_events_003.csv,2026-09-01T00:03:20Z
EVT-FRS-009502,6009502,2008048,222224,3005688,25000,2026-08-26T04:37:59Z,クレジットカード,increment-run-003,workshop-participant,donation_events_003.csv,2026-09-01T00:03:20Z
EVT-FRS-011119,6011119,2001828,262056,3002305,12000,2026-08-26T04:40:00Z,電子決済,increment-run-003,workshop-participant,donation_events_003.csv,2026-09-01T00:03:20Z
EVT-FRS-014082,6014082,2011532,242128,3000887,15000,2026-08-26T04:42:08Z,銀行振込,increment-run-003,workshop-participant,donation_events_003.csv,2026-09-01T00:03:20Z
EVT-FRS-010622,6010622,2010229,473481,3004815,5000,2026-08-26T04:43:22Z,電子決済,increment-run-003,workshop-participant,donation_events_003.csv,2026-09-01T00:03:20Z
EVT-FRS-010651,6010651,2010482,312045,3003025,10000,2026-08-26T04:46:18Z,クレジットカード,increment-run-003,workshop-participant,donation_events_003.csv,2026-09-01T00:03:20Z
EVT-FRS-001202,6001202,2000111,452025,3005848,5000,2026-08-26T04:46:29Z,クレジットカード,increment-run-003,workshop-participant,donation_events_003.csv,2026-09-01T00:03:20Z
EVT-FRS-003554,6003554,2004161,452025,3003952,15000,2026-08-26T04:48:40Z,電子決済,increment-run-003,workshop-participant,donation_events_003.csv,2026-09-01T00:03:20Z
EVT-FRS-004530,6004530,2008393,062057,3002466,8000,2026-08-26T04:48:44Z,クレジットカード,increment-run-003,workshop-participant,donation_events_003.csv,2026-09-01T00:03:20Z
EVT-FRS-000288,6000288,2001209,122378,3004319,10000,2026-08-26T04:49:57Z,電子決済,increment-run-003,workshop-participant,donation_events_003.csv,2026-09-01T00:03:20Z
EVT-FRS-005202,6005202,2010196,142174,3002413,30000,2026-08-26T04:51:43Z,クレジットカード,increment-run-003,workshop-participant,donation_events_003.csv,2026-09-01T00:03:20Z
EVT-FRS-013392,6013392,2001459,022021,3004791,10000,2026-08-26T04:54:59Z,クレジットカード,increment-run-003,workshop-participant,donation_events_003.csv,2026-09-01T00:03:20Z
EVT-FRS-000089,6000089,2008822,432059,3002262,12000,2026-08-26T04:55:47Z,クレジットカード,increment-run-003,workshop-participant,donation_events_003.csv,2026-09-01T00:03:20Z
EVT-FRS-010504,6010504,2009831,032077,3003343,8000,2026-08-26T04:59:31Z,クレジットカード,increment-run-003,workshop-participant,donation_events_003.csv,2026-09-01T00:03:20Z
EVT-FRS-004153,6004153,2009870,232301,3003218,10000,2026-08-26T04:59:56Z,銀行振込,increment-run-003,workshop-participant,donation_events_003.csv,2026-09-01T00:03:20Z
EVT-FRS-006625,6006625,2001252,075043,3004090,15000,2026-08-26T05:02:55Z,クレジットカード,increment-run-003,workshop-participant,donation_events_003.csv,2026-09-01T00:03:20Z
EVT-FRS-000848,6000848,2003163,151009,3004526,25000,2026-08-26T05:07:30Z,クレジットカード,increment-run-003,workshop-participant,donation_events_003.csv,2026-09-01T00:03:20Z
EVT-FRS-006441,6006441,2009441,132071,3002552,10000,2026-08-26T05:07:59Z,電子決済,increment-run-003,workshop-participant,donation_events_003.csv,2026-09-01T00:03:20Z
EVT-FRS-004801,6004801,2009924,322041,3005492,10000,2026-08-26T05:08:08Z,クレジットカード,increment-run-003,workshop-participant,donation_events_003.csv,2026-09-01T00:03:20Z
EVT-FRS-004156,6004156,2009047,202151,3000636,15000,2026-08-26T05:11:38Z,電子決済,increment-run-003,workshop-participant,donation_events_003.csv,2026-09-01T00:03:20Z
EVT-FRS-007337,6007337,2011599,302023,3004352,20000,2026-08-26T05:20:47Z,クレジットカード,increment-run-003,workshop-participant,donation_events_003.csv,2026-09-01T00:03:20Z
EVT-FRS-007459,6007459,2001846,075221,3001375,20000,2026-08-26T05:29:36Z,クレジットカード,increment-run-003,workshop-participant,donation_events_003.csv,2026-09-01T00:03:20Z
EVT-FRS-009788,6009788,2003494,012181,3005689,100000,2026-08-26T05:35:26Z,クレジットカード,increment-run-003,workshop-participant,donation_events_003.csv,2026-09-01T00:03:20Z
EVT-FRS-009528,6009528,2009973,462144,3005863,8000,2026-08-26T05:45:38Z,クレジットカード,increment-run-003,workshop-participant,donation_events_003.csv,2026-09-01T00:03:20Z
EVT-FRS-010170,6010170,2007238,082350,3001796,5000,2026-08-26T05:46:50Z,電子決済,increment-run-003,workshop-participant,donation_events_003.csv,2026-09-01T00:03:20Z
EVT-FRS-000098,6000098,2010143,092169,3000803,10000,2026-08-26T05:48:17Z,クレジットカード,increment-run-003,workshop-participant,donation_events_003.csv,2026-09-01T00:03:20Z
EVT-FRS-006572,6006572,2008987,393410,3003813,15000,2026-08-26T05:53:14Z,電子決済,increment-run-003,workshop-participant,donation_events_003.csv,2026-09-01T00:03:20Z
EVT-FRS-013159,6013159,2007192,112151,3002281,12000,2026-08-26T05:55:27Z,電子決済,increment-run-003,workshop-participant,donation_events_003.csv,2026-09-01T00:03:20Z
EVT-FRS-014147,6014147,2011481,092169,3002735,10000,2026-08-26T05:59:00Z,クレジットカード,increment-run-003,workshop-participant,donation_events_003.csv,2026-09-01T00:03:20Z
EVT-FRS-001304,6001304,2001166,016349,3002326,15000,2026-08-26T06:03:33Z,銀行振込,increment-run-003,workshop-participant,donation_events_003.csv,2026-09-01T00:03:20Z
EVT-FRS-010716,6010716,2008503,122076,3005408,10000,2026-08-26T06:06:01Z,クレジットカード,increment-run-003,workshop-participant,donation_events_003.csv,2026-09-01T00:03:20Z
EVT-FRS-006831,6006831,2000863,272086,3004307,12000,2026-08-26T06:08:30Z,銀行振込,increment-run-003,workshop-participant,donation_events_003.csv,2026-09-01T00:03:20Z
EVT-FRS-002100,6002100,2011980,464686,3005084,30000,2026-08-26T06:09:42Z,クレジットカード,increment-run-003,workshop-participant,donation_events_003.csv,2026-09-01T00:03:20Z
EVT-FRS-009844,6009844,2010702,012262,3000254,15000,2026-08-26T06:10:38Z,クレジットカード,increment-run-003,workshop-participant,donation_events_003.csv,2026-09-01T00:03:20Z
EVT-FRS-001186,6001186,2003085,452025,3002730,15000,2026-08-26T06:13:50Z,クレジットカード,increment-run-003,workshop-participant,donation_events_003.csv,2026-09-01T00:03:20Z
EVT-FRS-010098,6010098,2004014,343692,3005006,30000,2026-08-26T06:20:47Z,クレジットカード,increment-run-003,workshop-participant,donation_events_003.csv,2026-09-01T00:03:20Z
EVT-FRS-008350,6008350,2007078,322032,3002855,10000,2026-08-26T06:25:07Z,コンビニ決済,increment-run-003,workshop-participant,donation_events_003.csv,2026-09-01T00:03:20Z
EVT-FRS-006747,6006747,2009090,452025,3003388,15000,2026-08-26T06:25:17Z,クレジットカード,increment-run-003,workshop-participant,donation_events_003.csv,2026-09-01T00:03:20Z
EVT-FRS-006657,6006657,2008332,152161,3003054,20000,2026-08-26T06:27:25Z,クレジットカード,increment-run-003,workshop-participant,donation_events_003.csv,2026-09-01T00:03:20Z
EVT-FRS-004509,6004509,2009878,282081,3005387,12000,2026-08-26T06:28:07Z,銀行振込,increment-run-003,workshop-participant,donation_events_003.csv,2026-09-01T00:03:20Z
EVT-FRS-007842,6007842,2006647,222216,3001446,10000,2026-08-26T06:28:30Z,電子決済,increment-run-003,workshop-participant,donation_events_003.csv,2026-09-01T00:03:20Z
EVT-FRS-006565,6006565,2008517,401307,3001809,10000,2026-08-26T06:30:01Z,電子決済,increment-run-003,workshop-participant,donation_events_003.csv,2026-09-01T00:03:20Z
EVT-FRS-012494,6012494,2008263,292079,3002196,10000,2026-08-26T06:34:35Z,銀行振込,increment-run-003,workshop-participant,donation_events_003.csv,2026-09-01T00:03:20Z
EVT-FRS-004104,6004104,2003345,363014,3004901,60000,2026-08-26T06:35:48Z,銀行振込,increment-run-003,workshop-participant,donation_events_003.csv,2026-09-01T00:03:20Z
EVT-FRS-009210,6009210,2003271,422126,3005107,50000,2026-08-26T06:39:05Z,クレジットカード,increment-run-003,workshop-participant,donation_events_003.csv,2026-09-01T00:03:20Z
EVT-FRS-014877,6014877,2003522,162086,3000308,20000,2026-08-26T06:43:14Z,クレジットカード,increment-run-003,workshop-participant,donation_events_003.csv,2026-09-01T00:03:20Z
EVT-FRS-002526,6002526,2007798,372056,3005600,10000,2026-08-26T06:44:08Z,クレジットカード,increment-run-003,workshop-participant,donation_events_003.csv,2026-09-01T00:03:20Z
EVT-FRS-002005,6002005,2000843,422096,3005809,15000,2026-08-26T06:46:12Z,電子決済,increment-run-003,workshop-participant,donation_events_003.csv,2026-09-01T00:03:20Z
EVT-FRS-008508,6008508,2000389,462241,3001592,12000,2026-08-26T06:51:20Z,クレジットカード,increment-run-003,workshop-participant,donation_events_003.csv,2026-09-01T00:03:20Z
EVT-FRS-013598,6013598,2000762,232122,3001324,8000,2026-08-26T06:51:21Z,クレジットカード,increment-run-003,workshop-participant,donation_events_003.csv,2026-09-01T00:03:20Z
EVT-FRS-000802,6000802,2003235,014877,3000741,10000,2026-08-26T06:54:34Z,銀行振込,increment-run-003,workshop-participant,donation_events_003.csv,2026-09-01T00:03:20Z
EVT-FRS-008939,6008939,2000941,282189,3001646,15000,2026-08-26T06:56:07Z,電子決済,increment-run-003,workshop-participant,donation_events_003.csv,2026-09-01T00:03:20Z
EVT-FRS-002219,6002219,2001480,131024,3004034,12000,2026-08-26T07:00:03Z,クレジットカード,increment-run-003,workshop-participant,donation_events_003.csv,2026-09-01T00:03:20Z
EVT-FRS-014787,6014787,2010920,122297,3001200,20000,2026-08-26T07:01:04Z,クレジットカード,increment-run-003,workshop-participant,donation_events_003.csv,2026-09-01T00:03:20Z
EVT-FRS-007342,6007342,2001700,392111,3004262,12000,2026-08-26T07:04:41Z,クレジットカード,increment-run-003,workshop-participant,donation_events_003.csv,2026-09-01T00:03:20Z
EVT-FRS-004459,6004459,2006718,372056,3003555,30000,2026-08-26T07:06:58Z,コンビニ決済,increment-run-003,workshop-participant,donation_events_003.csv,2026-09-01T00:03:20Z
EVT-FRS-003318,6003318,2004607,142069,3005434,20000,2026-08-26T07:21:21Z,銀行振込,increment-run-003,workshop-participant,donation_events_003.csv,2026-09-01T00:03:20Z
EVT-FRS-014025,6014025,2000648,122238,3005332,15000,2026-08-26T07:25:22Z,クレジットカード,increment-run-003,workshop-participant,donation_events_003.csv,2026-09-01T00:03:20Z
EVT-FRS-002368,6002368,2011063,122050,3002098,12000,2026-08-26T07:27:00Z,クレジットカード,increment-run-003,workshop-participant,donation_events_003.csv,2026-09-01T00:03:20Z
EVT-FRS-014073,6014073,2001023,122254,3000153,20000,2026-08-26T07:40:35Z,クレジットカード,increment-run-003,workshop-participant,donation_events_003.csv,2026-09-01T00:03:20Z
EVT-FRS-007016,6007016,2011933,422011,3002175,15000,2026-08-26T07:48:30Z,クレジットカード,increment-run-003,workshop-participant,donation_events_003.csv,2026-09-01T00:03:20Z
EVT-FRS-006868,6006868,2011959,232386,3004426,20000,2026-08-26T07:51:17Z,クレジットカード,increment-run-003,workshop-participant,donation_events_003.csv,2026-09-01T00:03:20Z
EVT-FRS-008070,6008070,2007507,112071,3002222,12000,2026-08-26T07:54:13Z,電子決済,increment-run-003,workshop-participant,donation_events_003.csv,2026-09-01T00:03:20Z
EVT-FRS-006612,6006612,2005496,232017,3000909,20000,2026-08-26T07:54:17Z,クレジットカード,increment-run-003,workshop-participant,donation_events_003.csv,2026-09-01T00:03:20Z
EVT-FRS-000613,6000613,2010608,261009,3004999,10000,2026-08-26T07:59:13Z,クレジットカード,increment-run-003,workshop-participant,donation_events_003.csv,2026-09-01T00:03:20Z
EVT-FRS-002028,6002028,2000593,112437,3003899,25000,2026-08-26T08:01:19Z,クレジットカード,increment-run-003,workshop-participant,donation_events_003.csv,2026-09-01T00:03:20Z
EVT-FRS-011973,6011973,2010726,222089,3001828,10000,2026-08-26T08:01:44Z,クレジットカード,increment-run-003,workshop-participant,donation_events_003.csv,2026-09-01T00:03:20Z
EVT-FRS-009511,6009511,2002955,422037,3003660,10000,2026-08-26T08:03:59Z,銀行振込,increment-run-003,workshop-participant,donation_events_003.csv,2026-09-01T00:03:20Z
EVT-FRS-002681,6002681,2006859,204129,3002575,10000,2026-08-26T08:07:15Z,クレジットカード,increment-run-003,workshop-participant,donation_events_003.csv,2026-09-01T00:03:20Z
EVT-FRS-003809,6003809,2003831,232122,3003217,8000,2026-08-26T08:07:39Z,クレジットカード,increment-run-003,workshop-participant,donation_events_003.csv,2026-09-01T00:03:20Z
EVT-FRS-012896,6012896,2008948,132080,3004384,15000,2026-08-26T08:14:51Z,電子決済,increment-run-003,workshop-participant,donation_events_003.csv,2026-09-01T00:03:20Z
EVT-FRS-012683,6012683,2004942,452076,3000829,50000,2026-08-26T08:15:18Z,クレジットカード,increment-run-003,workshop-participant,donation_events_003.csv,2026-09-01T00:03:20Z
EVT-FRS-006482,6006482,2009826,142085,3000468,8000,2026-08-26T08:19:32Z,クレジットカード,increment-run-003,workshop-participant,donation_events_003.csv,2026-09-01T00:03:20Z
EVT-FRS-002725,6002725,2008945,012181,3002867,15000,2026-08-26T08:26:02Z,クレジットカード,increment-run-003,workshop-participant,donation_events_003.csv,2026-09-01T00:03:20Z
EVT-FRS-011154,6011154,2005703,072133,3002827,20000,2026-08-26T08:28:53Z,クレジットカード,increment-run-003,workshop-participant,donation_events_003.csv,2026-09-01T00:03:20Z
EVT-FRS-007891,6007891,2004393,192040,3000725,15000,2026-08-26T08:35:13Z,電子決済,increment-run-003,workshop-participant,donation_events_003.csv,2026-09-01T00:03:20Z
EVT-FRS-002654,6002654,2010372,272183,3001677,20000,2026-08-26T08:39:14Z,電子決済,increment-run-003,workshop-participant,donation_events_003.csv,2026-09-01T00:03:20Z
EVT-FRS-004721,6004721,2000023,112101,3001912,12000,2026-08-26T08:39:56Z,電子決済,increment-run-003,workshop-participant,donation_events_003.csv,2026-09-01T00:03:20Z
EVT-FRS-011853,6011853,2006773,352039,3003273,15000,2026-08-26T08:40:31Z,クレジットカード,increment-run-003,workshop-participant,donation_events_003.csv,2026-09-01T00:03:20Z
EVT-FRS-009731,6009731,2004662,012289,3000624,20000,2026-08-26T08:41:44Z,クレジットカード,increment-run-003,workshop-participant,donation_events_003.csv,2026-09-01T00:03:20Z
EVT-FRS-000668,6000668,2003225,092045,3000430,5000,2026-08-26T08:42:30Z,クレジットカード,increment-run-003,workshop-participant,donation_events_003.csv,2026-09-01T00:03:20Z
EVT-FRS-011356,6011356,2000362,152277,3005413,10000,2026-08-26T08:46:07Z,電子決済,increment-run-003,workshop-participant,donation_events_003.csv,2026-09-01T00:03:20Z
EVT-FRS-008625,6008625,2009397,162094,3001520,20000,2026-08-26T08:47:03Z,クレジットカード,increment-run-003,workshop-participant,donation_events_003.csv,2026-09-01T00:03:20Z
EVT-FRS-000996,6000996,2004012,202118,3004475,100000,2026-08-26T09:00:37Z,クレジットカード,increment-run-003,workshop-participant,donation_events_003.csv,2026-09-01T00:03:20Z
EVT-FRS-011834,6011834,2002304,072095,3004630,25000,2026-08-26T09:01:54Z,クレジットカード,increment-run-003,workshop-participant,donation_events_003.csv,2026-09-01T00:03:20Z
EVT-FRS-011690,6011690,2000907,464520,3000154,20000,2026-08-26T09:06:38Z,クレジットカード,increment-run-003,workshop-participant,donation_events_003.csv,2026-09-01T00:03:20Z
EVT-FRS-003210,6003210,2002356,192147,3000571,15000,2026-08-26T09:09:27Z,電子決済,increment-run-003,workshop-participant,donation_events_003.csv,2026-09-01T00:03:20Z
EVT-FRS-001710,6001710,2002195,322075,3003078,20000,2026-08-26T09:14:04Z,クレジットカード,increment-run-003,workshop-participant,donation_events_003.csv,2026-09-01T00:03:20Z
EVT-FRS-000038,6000038,2005379,272132,3002307,20000,2026-08-26T09:14:48Z,クレジットカード,increment-run-003,workshop-participant,donation_events_003.csv,2026-09-01T00:03:20Z
EVT-FRS-004291,6004291,2003474,423912,3003086,10000,2026-08-26T09:16:58Z,クレジットカード,increment-run-003,workshop-participant,donation_events_003.csv,2026-09-01T00:03:20Z
EVT-FRS-012306,6012306,2010250,112216,3000654,20000,2026-08-26T09:17:14Z,クレジットカード,increment-run-003,workshop-participant,donation_events_003.csv,2026-09-01T00:03:20Z
EVT-FRS-014173,6014173,2002831,052108,3002398,12000,2026-08-26T09:18:39Z,クレジットカード,increment-run-003,workshop-participant,donation_events_003.csv,2026-09-01T00:03:20Z
EVT-FRS-002317,6002317,2003626,192147,3005241,10000,2026-08-26T09:19:35Z,電子決済,increment-run-003,workshop-participant,donation_events_003.csv,2026-09-01T00:03:20Z
EVT-FRS-003807,6003807,2006060,012351,3004599,10000,2026-08-26T09:19:55Z,銀行振込,increment-run-003,workshop-participant,donation_events_003.csv,2026-09-01T00:03:20Z
EVT-FRS-008619,6008619,2009114,015130,3001013,12000,2026-08-26T09:20:50Z,銀行振込,increment-run-003,workshop-participant,donation_events_003.csv,2026-09-01T00:03:20Z
EVT-FRS-011790,6011790,2008740,372064,3000231,40000,2026-08-26T09:23:48Z,電子決済,increment-run-003,workshop-participant,donation_events_003.csv,2026-09-01T00:03:20Z
EVT-FRS-012044,6012044,2002256,332160,3005228,20000,2026-08-26T09:27:54Z,クレジットカード,increment-run-003,workshop-participant,donation_events_003.csv,2026-09-01T00:03:20Z
EVT-FRS-005742,6005742,2006146,142140,3003862,12000,2026-08-26T09:28:27Z,銀行振込,increment-run-003,workshop-participant,donation_events_003.csv,2026-09-01T00:03:20Z
EVT-FRS-007792,6007792,2011669,072079,3005665,5000,2026-08-26T09:30:26Z,クレジットカード,increment-run-003,workshop-participant,donation_events_003.csv,2026-09-01T00:03:20Z
EVT-FRS-006891,6006891,2011208,452033,3004403,10000,2026-08-26T09:32:12Z,クレジットカード,increment-run-003,workshop-participant,donation_events_003.csv,2026-09-01T00:03:20Z
EVT-FRS-001852,6001852,2004898,102121,3003671,20000,2026-08-26T09:36:18Z,銀行振込,increment-run-003,workshop-participant,donation_events_003.csv,2026-09-01T00:03:20Z
EVT-FRS-011095,6011095,2005237,112232,3002650,5000,2026-08-26T09:36:26Z,コンビニ決済,increment-run-003,workshop-participant,donation_events_003.csv,2026-09-01T00:03:20Z
EVT-FRS-013005,6013005,2000952,272248,3005946,10000,2026-08-26T09:40:21Z,クレジットカード,increment-run-003,workshop-participant,donation_events_003.csv,2026-09-01T00:03:20Z
EVT-FRS-012954,6012954,2011685,122343,3004699,15000,2026-08-26T09:54:00Z,電子決済,increment-run-003,workshop-participant,donation_events_003.csv,2026-09-01T00:03:20Z
EVT-FRS-004985,6004985,2002786,042072,3001255,10000,2026-08-26T09:57:40Z,電子決済,increment-run-003,workshop-participant,donation_events_003.csv,2026-09-01T00:03:20Z
EVT-FRS-006990,6006990,2010503,192147,3003240,12000,2026-08-26T10:00:24Z,クレジットカード,increment-run-003,workshop-participant,donation_events_003.csv,2026-09-01T00:03:20Z
EVT-FRS-007231,6007231,2008324,222267,3003337,15000,2026-08-26T10:02:12Z,銀行振込,increment-run-003,workshop-participant,donation_events_003.csv,2026-09-01T00:03:20Z
EVT-FRS-012040,6012040,2001149,082317,3005687,5000,2026-08-26T10:02:27Z,クレジットカード,increment-run-003,workshop-participant,donation_events_003.csv,2026-09-01T00:03:20Z
EVT-FRS-006529,6006529,2004504,122378,3001766,12000,2026-08-26T10:06:17Z,コンビニ決済,increment-run-003,workshop-participant,donation_events_003.csv,2026-09-01T00:03:20Z
EVT-FRS-013420,6013420,2007148,442089,3001371,8000,2026-08-26T10:11:43Z,クレジットカード,increment-run-003,workshop-participant,donation_events_003.csv,2026-09-01T00:03:20Z
EVT-FRS-003715,6003715,2011782,261009,3003755,10000,2026-08-26T10:12:18Z,電子決済,increment-run-003,workshop-participant,donation_events_003.csv,2026-09-01T00:03:20Z
EVT-FRS-009425,6009425,2007841,042161,3001249,12000,2026-08-26T10:13:31Z,クレジットカード,increment-run-003,workshop-participant,donation_events_003.csv,2026-09-01T00:03:20Z
EVT-FRS-013300,6013300,2006110,012238,3001524,12000,2026-08-26T10:13:35Z,クレジットカード,increment-run-003,workshop-participant,donation_events_003.csv,2026-09-01T00:03:20Z
EVT-FRS-009043,6009043,2010200,022071,3001533,30000,2026-08-26T10:14:17Z,クレジットカード,increment-run-003,workshop-participant,donation_events_003.csv,2026-09-01T00:03:20Z
EVT-FRS-014267,6014267,2001990,152048,3004458,10000,2026-08-26T10:20:00Z,クレジットカード,increment-run-003,workshop-participant,donation_events_003.csv,2026-09-01T00:03:20Z
EVT-FRS-013059,6013059,2010861,112461,3001185,15000,2026-08-26T10:26:36Z,銀行振込,increment-run-003,workshop-participant,donation_events_003.csv,2026-09-01T00:03:20Z
EVT-FRS-006884,6006884,2005757,282073,3001812,30000,2026-08-26T10:27:41Z,クレジットカード,increment-run-003,workshop-participant,donation_events_003.csv,2026-09-01T00:03:20Z
EVT-FRS-008393,6008393,2007143,292095,3002668,5000,2026-08-26T10:31:05Z,コンビニ決済,increment-run-003,workshop-participant,donation_events_003.csv,2026-09-01T00:03:20Z
EVT-FRS-000349,6000349,2000684,012262,3001586,20000,2026-08-26T10:34:18Z,クレジットカード,increment-run-003,workshop-participant,donation_events_003.csv,2026-09-01T00:03:20Z
EVT-FRS-005915,6005915,2001974,302040,3003168,10000,2026-08-26T10:35:55Z,電子決済,increment-run-003,workshop-participant,donation_events_003.csv,2026-09-01T00:03:20Z
EVT-FRS-005743,6005743,2001798,452025,3002268,15000,2026-08-26T10:38:15Z,電子決済,increment-run-003,workshop-participant,donation_events_003.csv,2026-09-01T00:03:20Z
EVT-FRS-006731,6006731,2003187,013986,3002141,12000,2026-08-26T10:44:31Z,クレジットカード,increment-run-003,workshop-participant,donation_events_003.csv,2026-09-01T00:03:20Z
EVT-FRS-008222,6008222,2005815,272264,3004594,30000,2026-08-26T10:45:25Z,クレジットカード,increment-run-003,workshop-participant,donation_events_003.csv,2026-09-01T00:03:20Z
EVT-FRS-012843,6012843,2009002,462144,3005863,25000,2026-08-26T10:47:48Z,クレジットカード,increment-run-003,workshop-participant,donation_events_003.csv,2026-09-01T00:03:20Z
EVT-FRS-008308,6008308,2006892,292036,3000363,10000,2026-08-26T10:54:49Z,クレジットカード,increment-run-003,workshop-participant,donation_events_003.csv,2026-09-01T00:03:20Z
EVT-FRS-008539,6008539,2005199,322067,3005994,15000,2026-08-26T10:55:24Z,クレジットカード,increment-run-003,workshop-participant,donation_events_003.csv,2026-09-01T00:03:20Z
EVT-FRS-008414,6008414,2007047,272221,3005471,10000,2026-08-26T10:56:09Z,クレジットカード,increment-run-003,workshop-participant,donation_events_003.csv,2026-09-01T00:03:20Z
EVT-FRS-003013,6003013,2005487,083097,3000103,10000,2026-08-26T11:03:19Z,クレジットカード,increment-run-003,workshop-participant,donation_events_003.csv,2026-09-01T00:03:20Z
EVT-FRS-004546,6004546,2009427,073083,3000956,10000,2026-08-26T11:07:48Z,クレジットカード,increment-run-003,workshop-participant,donation_events_003.csv,2026-09-01T00:03:20Z
EVT-FRS-001929,6001929,2009721,064033,3004669,10000,2026-08-26T11:15:06Z,銀行振込,increment-run-003,workshop-participant,donation_events_003.csv,2026-09-01T00:03:20Z
EVT-FRS-009353,6009353,2009619,232386,3002494,10000,2026-08-26T11:19:24Z,電子決済,increment-run-003,workshop-participant,donation_events_003.csv,2026-09-01T00:03:20Z
EVT-FRS-009766,6009766,2000206,422029,3004477,20000,2026-08-26T11:21:59Z,クレジットカード,increment-run-003,workshop-participant,donation_events_003.csv,2026-09-01T00:03:20Z
EVT-FRS-003829,6003829,2005958,442071,3003252,10000,2026-08-26T11:24:08Z,電子決済,increment-run-003,workshop-participant,donation_events_003.csv,2026-09-01T00:03:20Z
EVT-FRS-009559,6009559,2010034,162086,3005707,10000,2026-08-26T11:27:10Z,銀行振込,increment-run-003,workshop-participant,donation_events_003.csv,2026-09-01T00:03:20Z
EVT-FRS-004966,6004966,2003591,112194,3004888,15000,2026-08-26T11:30:24Z,電子決済,increment-run-003,workshop-participant,donation_events_003.csv,2026-09-01T00:03:20Z
EVT-FRS-009826,6009826,2004095,434825,3001659,12000,2026-08-26T11:39:13Z,クレジットカード,increment-run-003,workshop-participant,donation_events_003.csv,2026-09-01T00:03:20Z
EVT-FRS-006642,6006642,2009905,352110,3003256,20000,2026-08-26T11:42:01Z,コンビニ決済,increment-run-003,workshop-participant,donation_events_003.csv,2026-09-01T00:03:20Z
EVT-FRS-008618,6008618,2008044,014320,3004567,5000,2026-08-26T11:42:07Z,銀行振込,increment-run-003,workshop-participant,donation_events_003.csv,2026-09-01T00:03:20Z
EVT-FRS-011556,6011556,2011818,092134,3005906,20000,2026-08-26T11:42:31Z,コンビニ決済,increment-run-003,workshop-participant,donation_events_003.csv,2026-09-01T00:03:20Z
EVT-FRS-005619,6005619,2010282,142069,3004199,10000,2026-08-26T11:45:15Z,電子決済,increment-run-003,workshop-participant,donation_events_003.csv,2026-09-01T00:03:20Z
EVT-FRS-001543,6001543,2007196,122190,3004814,30000,2026-08-26T11:45:50Z,クレジットカード,increment-run-003,workshop-participant,donation_events_003.csv,2026-09-01T00:03:20Z
EVT-FRS-014107,6014107,2007346,262111,3004505,15000,2026-08-26T11:46:22Z,クレジットカード,increment-run-003,workshop-participant,donation_events_003.csv,2026-09-01T00:03:20Z
EVT-FRS-011542,6011542,2010022,072125,3003032,15000,2026-08-26T11:47:27Z,クレジットカード,increment-run-003,workshop-participant,donation_events_003.csv,2026-09-01T00:03:20Z
EVT-FRS-011347,6011347,2006819,222054,3005627,5000,2026-08-26T11:50:38Z,クレジットカード,increment-run-003,workshop-participant,donation_events_003.csv,2026-09-01T00:03:20Z
EVT-FRS-010467,6010467,2006950,042030,3000506,10000,2026-08-26T11:52:05Z,クレジットカード,increment-run-003,workshop-participant,donation_events_003.csv,2026-09-01T00:03:20Z
EVT-FRS-007887,6007887,2004747,152099,3000179,12000,2026-08-26T11:52:11Z,クレジットカード,increment-run-003,workshop-participant,donation_events_003.csv,2026-09-01T00:03:20Z
EVT-FRS-008612,6008612,2002831,232289,3003221,15000,2026-08-26T11:53:33Z,電子決済,increment-run-003,workshop-participant,donation_events_003.csv,2026-09-01T00:03:20Z
EVT-FRS-012926,6012926,2004145,112178,3001673,10000,2026-08-26T12:01:31Z,クレジットカード,increment-run-003,workshop-participant,donation_events_003.csv,2026-09-01T00:03:20Z
EVT-FRS-008904,6008904,2011025,452068,3001818,25000,2026-08-26T12:04:51Z,クレジットカード,increment-run-003,workshop-participant,donation_events_003.csv,2026-09-01T00:03:20Z
EVT-FRS-008699,6008699,2003154,452025,3005848,8000,2026-08-26T12:06:44Z,クレジットカード,increment-run-003,workshop-participant,donation_events_003.csv,2026-09-01T00:03:20Z
EVT-FRS-013075,6013075,2009659,473561,3005612,15000,2026-08-26T12:16:07Z,電子決済,increment-run-003,workshop-participant,donation_events_003.csv,2026-09-01T00:03:20Z
EVT-FRS-010819,6010819,2008778,292010,3001952,30000,2026-08-26T12:20:15Z,クレジットカード,increment-run-003,workshop-participant,donation_events_003.csv,2026-09-01T00:03:20Z
EVT-FRS-010308,6010308,2001017,072028,3002029,10000,2026-08-26T12:20:30Z,クレジットカード,increment-run-003,workshop-participant,donation_events_003.csv,2026-09-01T00:03:20Z
EVT-FRS-008953,6008953,2003285,402303,3005312,15000,2026-08-26T12:21:23Z,クレジットカード,increment-run-003,workshop-participant,donation_events_003.csv,2026-09-01T00:03:20Z
EVT-FRS-013958,6013958,2008331,242080,3005490,12000,2026-08-26T12:22:04Z,クレジットカード,increment-run-003,workshop-participant,donation_events_003.csv,2026-09-01T00:03:20Z
EVT-FRS-006738,6006738,2008203,083097,3000103,8000,2026-08-26T12:22:15Z,電子決済,increment-run-003,workshop-participant,donation_events_003.csv,2026-09-01T00:03:20Z
EVT-FRS-010600,6010600,2010468,214035,3002829,8000,2026-08-26T12:24:02Z,電子決済,increment-run-003,workshop-participant,donation_events_003.csv,2026-09-01T00:03:20Z
EVT-FRS-001620,6001620,2002866,173614,3003096,40000,2026-08-26T12:28:12Z,クレジットカード,increment-run-003,workshop-participant,donation_events_003.csv,2026-09-01T00:03:20Z
EVT-FRS-008111,6008111,2010111,012068,3004718,20000,2026-08-26T12:28:15Z,電子決済,increment-run-003,workshop-participant,donation_events_003.csv,2026-09-01T00:03:20Z
EVT-FRS-007134,6007134,2002159,452025,3003952,15000,2026-08-26T12:28:17Z,クレジットカード,increment-run-003,workshop-participant,donation_events_003.csv,2026-09-01T00:03:20Z
EVT-FRS-014872,6014872,2006275,032158,3004125,50000,2026-08-26T12:29:55Z,電子決済,increment-run-003,workshop-participant,donation_events_003.csv,2026-09-01T00:03:20Z
EVT-FRS-004083,6004083,2006004,302082,3005389,10000,2026-08-26T12:30:42Z,銀行振込,increment-run-003,workshop-participant,donation_events_003.csv,2026-09-01T00:03:20Z
EVT-FRS-004245,6004245,2002284,112321,3003106,12000,2026-08-26T12:31:31Z,クレジットカード,increment-run-003,workshop-participant,donation_events_003.csv,2026-09-01T00:03:20Z
EVT-FRS-003313,6003313,2007124,202207,3003808,12000,2026-08-26T12:32:21Z,銀行振込,increment-run-003,workshop-participant,donation_events_003.csv,2026-09-01T00:03:20Z
EVT-FRS-008531,6008531,2006348,131067,3000034,15000,2026-08-26T12:38:20Z,クレジットカード,increment-run-003,workshop-participant,donation_events_003.csv,2026-09-01T00:03:20Z
EVT-FRS-002805,6002805,2004487,232254,3002334,8000,2026-08-26T12:39:23Z,コンビニ決済,increment-run-003,workshop-participant,donation_events_003.csv,2026-09-01T00:03:20Z
EVT-FRS-012657,6012657,2004918,302066,3004255,10000,2026-08-26T12:41:21Z,電子決済,increment-run-003,workshop-participant,donation_events_003.csv,2026-09-01T00:03:20Z
EVT-FRS-005215,6005215,2000033,272132,3003549,5000,2026-08-26T12:43:27Z,銀行振込,increment-run-003,workshop-participant,donation_events_003.csv,2026-09-01T00:03:20Z
EVT-FRS-001119,6001119,2001694,113638,3002140,30000,2026-08-26T12:45:12Z,電子決済,increment-run-003,workshop-participant,donation_events_003.csv,2026-09-01T00:03:20Z
EVT-FRS-004802,6004802,2005428,442119,3005322,30000,2026-08-26T12:53:32Z,クレジットカード,increment-run-003,workshop-participant,donation_events_003.csv,2026-09-01T00:03:20Z
EVT-FRS-005486,6005486,2005328,182087,3000467,10000,2026-08-26T12:54:39Z,電子決済,increment-run-003,workshop-participant,donation_events_003.csv,2026-09-01T00:03:20Z
EVT-FRS-003174,6003174,2010160,102024,3002757,30000,2026-08-26T12:55:35Z,クレジットカード,increment-run-003,workshop-participant,donation_events_003.csv,2026-09-01T00:03:20Z
EVT-FRS-014118,6014118,2006943,473022,3004924,8000,2026-08-26T13:03:32Z,電子決済,increment-run-003,workshop-participant,donation_events_003.csv,2026-09-01T00:03:20Z
EVT-FRS-005905,6005905,2001945,261009,3004950,15000,2026-08-26T13:04:38Z,クレジットカード,increment-run-003,workshop-participant,donation_events_003.csv,2026-09-01T00:03:20Z
EVT-FRS-009578,6009578,2003964,254428,3000262,10000,2026-08-26T13:25:38Z,クレジットカード,increment-run-003,workshop-participant,donation_events_003.csv,2026-09-01T00:03:20Z
EVT-FRS-003916,6003916,2001325,032085,3002056,5000,2026-08-26T13:30:38Z,クレジットカード,increment-run-003,workshop-participant,donation_events_003.csv,2026-09-01T00:03:20Z
EVT-FRS-002426,6002426,2001277,422142,3003460,15000,2026-08-26T13:32:40Z,電子決済,increment-run-003,workshop-participant,donation_events_003.csv,2026-09-01T00:03:20Z
EVT-FRS-010912,6010912,2002667,292117,3002957,40000,2026-08-26T13:35:23Z,電子決済,increment-run-003,workshop-participant,donation_events_003.csv,2026-09-01T00:03:20Z
EVT-FRS-010772,6010772,2005363,082031,3001172,10000,2026-08-26T13:35:39Z,クレジットカード,increment-run-003,workshop-participant,donation_events_003.csv,2026-09-01T00:03:20Z
EVT-FRS-009112,6009112,2003907,111007,3000639,20000,2026-08-26T13:36:33Z,クレジットカード,increment-run-003,workshop-participant,donation_events_003.csv,2026-09-01T00:03:20Z
EVT-FRS-002070,6002070,2011268,403415,3005106,10000,2026-08-26T13:36:38Z,クレジットカード,increment-run-003,workshop-participant,donation_events_003.csv,2026-09-01T00:03:20Z
EVT-FRS-004400,6004400,2000494,422037,3004900,12000,2026-08-26T13:37:39Z,クレジットカード,increment-run-003,workshop-participant,donation_events_003.csv,2026-09-01T00:03:20Z
EVT-FRS-002280,6002280,2007913,222119,3005757,10000,2026-08-26T13:39:34Z,クレジットカード,increment-run-003,workshop-participant,donation_events_003.csv,2026-09-01T00:03:20Z
EVT-FRS-003615,6003615,2001114,074829,3001710,20000,2026-08-26T13:40:54Z,電子決済,increment-run-003,workshop-participant,donation_events_003.csv,2026-09-01T00:03:20Z
EVT-FRS-011327,6011327,2011329,112071,3004975,30000,2026-08-26T13:41:30Z,電子決済,increment-run-003,workshop-participant,donation_events_003.csv,2026-09-01T00:03:20Z
EVT-FRS-006002,6006002,2001754,172090,3003882,20000,2026-08-26T13:43:57Z,電子決済,increment-run-003,workshop-participant,donation_events_003.csv,2026-09-01T00:03:20Z
EVT-FRS-007821,6007821,2002212,222194,3001954,8000,2026-08-26T13:45:30Z,クレジットカード,increment-run-003,workshop-participant,donation_events_003.csv,2026-09-01T00:03:20Z
EVT-FRS-000966,6000966,2011731,372072,3000704,20000,2026-08-26T13:46:12Z,電子決済,increment-run-003,workshop-participant,donation_events_003.csv,2026-09-01T00:03:20Z
EVT-FRS-014605,6014605,2004554,012220,3003071,40000,2026-08-26T13:56:50Z,クレジットカード,increment-run-003,workshop-participant,donation_events_003.csv,2026-09-01T00:03:20Z
EVT-FRS-014063,6014063,2009839,072087,3003173,25000,2026-08-26T13:56:57Z,クレジットカード,increment-run-003,workshop-participant,donation_events_003.csv,2026-09-01T00:03:20Z
EVT-FRS-009344,6009344,2005783,422029,3001045,12000,2026-08-26T14:03:09Z,銀行振込,increment-run-003,workshop-participant,donation_events_003.csv,2026-09-01T00:03:20Z
EVT-FRS-006910,6006910,2001950,332089,3003796,20000,2026-08-26T14:03:27Z,電子決済,increment-run-003,workshop-participant,donation_events_003.csv,2026-09-01T00:03:20Z
EVT-FRS-014865,6014865,2009134,102121,3002123,20000,2026-08-26T14:04:30Z,電子決済,increment-run-003,workshop-participant,donation_events_003.csv,2026-09-01T00:03:20Z
EVT-FRS-012467,6012467,2009690,132276,3003923,10000,2026-08-26T14:04:50Z,クレジットカード,increment-run-003,workshop-participant,donation_events_003.csv,2026-09-01T00:03:20Z
EVT-FRS-012179,6012179,2005393,442135,3000988,12000,2026-08-26T14:06:43Z,電子決済,increment-run-003,workshop-participant,donation_events_003.csv,2026-09-01T00:03:20Z
EVT-FRS-008854,6008854,2010804,452025,3005848,40000,2026-08-26T14:09:52Z,クレジットカード,increment-run-003,workshop-participant,donation_events_003.csv,2026-09-01T00:03:20Z
EVT-FRS-012231,6012231,2009705,312011,3001241,20000,2026-08-26T14:13:09Z,クレジットカード,increment-run-003,workshop-participant,donation_events_003.csv,2026-09-01T00:03:20Z
EVT-FRS-012418,6012418,2000225,111007,3005885,40000,2026-08-26T14:13:19Z,電子決済,increment-run-003,workshop-participant,donation_events_003.csv,2026-09-01T00:03:20Z
EVT-FRS-001784,6001784,2009813,452025,3002730,12000,2026-08-26T14:14:16Z,クレジットカード,increment-run-003,workshop-participant,donation_events_003.csv,2026-09-01T00:03:20Z
EVT-FRS-014719,6014719,2011187,452041,3002113,10000,2026-08-26T14:15:17Z,クレジットカード,increment-run-003,workshop-participant,donation_events_003.csv,2026-09-01T00:03:20Z
EVT-FRS-006360,6006360,2002713,242144,3001746,5000,2026-08-26T14:19:42Z,クレジットカード,increment-run-003,workshop-participant,donation_events_003.csv,2026-09-01T00:03:20Z
EVT-FRS-001638,6001638,2001081,173614,3003096,50000,2026-08-26T14:23:03Z,クレジットカード,increment-run-003,workshop-participant,donation_events_003.csv,2026-09-01T00:03:20Z
EVT-FRS-014662,6014662,2006308,032140,3002838,30000,2026-08-26T14:25:58Z,クレジットカード,increment-run-003,workshop-participant,donation_events_003.csv,2026-09-01T00:03:20Z
EVT-FRS-005896,6005896,2007884,352039,3001286,25000,2026-08-26T14:26:14Z,クレジットカード,increment-run-003,workshop-participant,donation_events_003.csv,2026-09-01T00:03:20Z
EVT-FRS-005335,6005335,2001656,123421,3004857,10000,2026-08-26T14:32:34Z,クレジットカード,increment-run-003,workshop-participant,donation_events_003.csv,2026-09-01T00:03:20Z
EVT-FRS-013350,6013350,2004281,342157,3005308,20000,2026-08-26T14:42:45Z,電子決済,increment-run-003,workshop-participant,donation_events_003.csv,2026-09-01T00:03:20Z
EVT-FRS-010665,6010665,2000679,012181,3002867,15000,2026-08-26T14:44:42Z,クレジットカード,increment-run-003,workshop-participant,donation_events_003.csv,2026-09-01T00:03:20Z
EVT-FRS-012912,6012912,2003978,273210,3000733,10000,2026-08-26T14:46:55Z,銀行振込,increment-run-003,workshop-participant,donation_events_003.csv,2026-09-01T00:03:20Z
EVT-FRS-011950,6011950,2010371,112194,3004380,10000,2026-08-26T14:51:26Z,クレジットカード,increment-run-003,workshop-participant,donation_events_003.csv,2026-09-01T00:03:20Z
EVT-FRS-000761,6000761,2008208,012190,3004508,20000,2026-08-26T14:51:32Z,電子決済,increment-run-003,workshop-participant,donation_events_003.csv,2026-09-01T00:03:20Z
EVT-FRS-014482,6014482,2009821,453617,3004160,10000,2026-08-26T14:55:57Z,銀行振込,increment-run-003,workshop-participant,donation_events_003.csv,2026-09-01T00:03:20Z
EVT-FRS-011117,6011117,2000038,232254,3001930,10000,2026-08-26T14:57:02Z,クレジットカード,increment-run-003,workshop-participant,donation_events_003.csv,2026-09-01T00:03:20Z
EVT-FRS-012309,6012309,2009446,342122,3001146,10000,2026-08-26T14:57:36Z,クレジットカード,increment-run-003,workshop-participant,donation_events_003.csv,2026-09-01T00:03:20Z
EVT-FRS-007485,6007485,2000052,232017,3002168,20000,2026-08-26T15:04:53Z,コンビニ決済,increment-run-003,workshop-participant,donation_events_003.csv,2026-09-01T00:03:20Z
EVT-FRS-005128,6005128,2005140,222038,3004005,20000,2026-08-26T15:10:30Z,クレジットカード,increment-run-003,workshop-participant,donation_events_003.csv,2026-09-01T00:03:20Z
EVT-FRS-002321,6002321,2000405,012190,3001672,12000,2026-08-26T15:11:04Z,クレジットカード,increment-run-003,workshop-participant,donation_events_003.csv,2026-09-01T00:03:20Z
EVT-FRS-008171,6008171,2009148,052116,3004863,15000,2026-08-26T15:14:15Z,クレジットカード,increment-run-003,workshop-participant,donation_events_003.csv,2026-09-01T00:03:20Z
EVT-FRS-014512,6014512,2004567,102083,3000539,20000,2026-08-26T15:14:52Z,クレジットカード,increment-run-003,workshop-participant,donation_events_003.csv,2026-09-01T00:03:20Z
EVT-FRS-005110,6005110,2007525,432105,3001989,20000,2026-08-26T15:16:11Z,クレジットカード,increment-run-003,workshop-participant,donation_events_003.csv,2026-09-01T00:03:20Z
EVT-FRS-011255,6011255,2010604,112259,3000648,10000,2026-08-26T15:19:21Z,コンビニ決済,increment-run-003,workshop-participant,donation_events_003.csv,2026-09-01T00:03:20Z
EVT-FRS-002486,6002486,2011575,452068,3000805,5000,2026-08-26T15:20:12Z,クレジットカード,increment-run-003,workshop-participant,donation_events_003.csv,2026-09-01T00:03:20Z
EVT-FRS-000607,6000607,2004559,332119,3000340,8000,2026-08-26T15:20:30Z,クレジットカード,increment-run-003,workshop-participant,donation_events_003.csv,2026-09-01T00:03:20Z
EVT-FRS-006955,6006955,2004779,372013,3003657,5000,2026-08-26T15:21:04Z,クレジットカード,increment-run-003,workshop-participant,donation_events_003.csv,2026-09-01T00:03:20Z
EVT-FRS-005318,6005318,2005131,432148,3000945,25000,2026-08-26T15:26:43Z,クレジットカード,increment-run-003,workshop-participant,donation_events_003.csv,2026-09-01T00:03:20Z
EVT-FRS-003524,6003524,2008192,454290,3004822,70000,2026-08-26T15:27:33Z,コンビニ決済,increment-run-003,workshop-participant,donation_events_003.csv,2026-09-01T00:03:20Z
EVT-FRS-005842,6005842,2000697,072079,3000070,30000,2026-08-26T15:29:18Z,クレジットカード,increment-run-003,workshop-participant,donation_events_003.csv,2026-09-01T00:03:20Z
EVT-FRS-002543,6002543,2010055,452068,3004641,50000,2026-08-26T15:35:45Z,クレジットカード,increment-run-003,workshop-participant,donation_events_003.csv,2026-09-01T00:03:20Z
EVT-FRS-010411,6010411,2010527,422100,3003989,20000,2026-08-26T15:41:46Z,クレジットカード,increment-run-003,workshop-participant,donation_events_003.csv,2026-09-01T00:03:20Z
EVT-FRS-004677,6004677,2004528,284815,3005868,5000,2026-08-26T15:43:47Z,クレジットカード,increment-run-003,workshop-participant,donation_events_003.csv,2026-09-01T00:03:20Z
EVT-FRS-004914,6004914,2008091,015458,3002335,20000,2026-08-26T15:49:47Z,クレジットカード,increment-run-003,workshop-participant,donation_events_003.csv,2026-09-01T00:03:20Z
EVT-FRS-005833,6005833,2010429,014052,3003319,8000,2026-08-26T15:50:36Z,銀行振込,increment-run-003,workshop-participant,donation_events_003.csv,2026-09-01T00:03:20Z
EVT-FRS-003611,6003611,2007311,242128,3005700,20000,2026-08-26T15:51:11Z,クレジットカード,increment-run-003,workshop-participant,donation_events_003.csv,2026-09-01T00:03:20Z
EVT-FRS-008570,6008570,2004714,112313,3003525,10000,2026-08-26T15:51:48Z,クレジットカード,increment-run-003,workshop-participant,donation_events_003.csv,2026-09-01T00:03:20Z
EVT-FRS-002657,6002657,2010883,092151,3001911,5000,2026-08-26T15:58:15Z,クレジットカード,increment-run-003,workshop-participant,donation_events_003.csv,2026-09-01T00:03:20Z
EVT-FRS-004066,6004066,2002168,104281,3003986,15000,2026-08-26T15:59:43Z,コンビニ決済,increment-run-003,workshop-participant,donation_events_003.csv,2026-09-01T00:03:20Z
EVT-FRS-001391,6001391,2011435,232157,3005500,10000,2026-08-26T16:00:27Z,クレジットカード,increment-run-003,workshop-participant,donation_events_003.csv,2026-09-01T00:03:20Z
EVT-FRS-001758,6001758,2000590,362069,3000261,10000,2026-08-26T16:00:31Z,クレジットカード,increment-run-003,workshop-participant,donation_events_003.csv,2026-09-01T00:03:20Z
EVT-FRS-006076,6006076,2007222,393860,3000966,15000,2026-08-26T16:02:05Z,クレジットカード,increment-run-003,workshop-participant,donation_events_003.csv,2026-09-01T00:03:20Z
EVT-FRS-005083,6005083,2002642,152021,3003667,10000,2026-08-26T16:08:01Z,クレジットカード,increment-run-003,workshop-participant,donation_events_003.csv,2026-09-01T00:03:20Z
EVT-FRS-007758,6007758,2003854,013960,3001199,25000,2026-08-26T16:09:31Z,銀行振込,increment-run-003,workshop-participant,donation_events_003.csv,2026-09-01T00:03:20Z
EVT-FRS-014542,6014542,2006106,452025,3004334,10000,2026-08-26T16:10:24Z,クレジットカード,increment-run-003,workshop-participant,donation_events_003.csv,2026-09-01T00:03:20Z
EVT-FRS-011032,6011032,2007888,282286,3001394,10000,2026-08-26T16:19:59Z,クレジットカード,increment-run-003,workshop-participant,donation_events_003.csv,2026-09-01T00:03:20Z
EVT-FRS-013097,6013097,2000121,022039,3001949,10000,2026-08-26T16:23:33Z,銀行振込,increment-run-003,workshop-participant,donation_events_003.csv,2026-09-01T00:03:20Z
EVT-FRS-000544,6000544,2008000,282162,3003417,5000,2026-08-26T16:24:51Z,コンビニ決済,increment-run-003,workshop-participant,donation_events_003.csv,2026-09-01T00:03:20Z
EVT-FRS-012770,6012770,2003173,192058,3005712,10000,2026-08-26T16:29:47Z,クレジットカード,increment-run-003,workshop-participant,donation_events_003.csv,2026-09-01T00:03:20Z
EVT-FRS-004411,6004411,2007413,202029,3003172,8000,2026-08-26T16:32:12Z,クレジットカード,increment-run-003,workshop-participant,donation_events_003.csv,2026-09-01T00:03:20Z
EVT-FRS-009603,6009603,2009403,052159,3003068,20000,2026-08-26T16:32:21Z,クレジットカード,increment-run-003,workshop-participant,donation_events_003.csv,2026-09-01T00:03:20Z
EVT-FRS-013772,6013772,2010047,452025,3003388,10000,2026-08-26T16:32:32Z,クレジットカード,increment-run-003,workshop-participant,donation_events_003.csv,2026-09-01T00:03:20Z
EVT-FRS-012641,6012641,2000168,152188,3000505,25000,2026-08-26T16:35:18Z,コンビニ決済,increment-run-003,workshop-participant,donation_events_003.csv,2026-09-01T00:03:20Z
EVT-FRS-002387,6002387,2002220,043214,3003090,15000,2026-08-26T16:39:49Z,クレジットカード,increment-run-003,workshop-participant,donation_events_003.csv,2026-09-01T00:03:20Z
EVT-FRS-014398,6014398,2011154,352063,3005276,100000,2026-08-26T16:55:18Z,クレジットカード,increment-run-003,workshop-participant,donation_events_003.csv,2026-09-01T00:03:20Z
EVT-FRS-001735,6001735,2010609,042030,3001426,12000,2026-08-26T16:57:28Z,電子決済,increment-run-003,workshop-participant,donation_events_003.csv,2026-09-01T00:03:20Z
EVT-FRS-014446,6014446,2009972,092169,3005007,20000,2026-08-26T17:09:53Z,クレジットカード,increment-run-003,workshop-participant,donation_events_003.csv,2026-09-01T00:03:20Z
EVT-FRS-009965,6009965,2003493,364681,3003818,12000,2026-08-26T17:13:44Z,コンビニ決済,increment-run-003,workshop-participant,donation_events_003.csv,2026-09-01T00:03:20Z
EVT-FRS-012013,6012013,2007523,442020,3003067,25000,2026-08-26T17:21:27Z,クレジットカード,increment-run-003,workshop-participant,donation_events_003.csv,2026-09-01T00:03:20Z
EVT-FRS-002326,6002326,2003126,022098,3000167,10000,2026-08-26T17:25:09Z,クレジットカード,increment-run-003,workshop-participant,donation_events_003.csv,2026-09-01T00:03:20Z
EVT-FRS-011689,6011689,2009473,282197,3003282,15000,2026-08-26T17:27:26Z,電子決済,increment-run-003,workshop-participant,donation_events_003.csv,2026-09-01T00:03:20Z
EVT-FRS-012263,6012263,2008348,402273,3000850,10000,2026-08-26T17:39:51Z,クレジットカード,increment-run-003,workshop-participant,donation_events_003.csv,2026-09-01T00:03:20Z
EVT-FRS-010197,6010197,2005830,282286,3000933,10000,2026-08-26T17:43:23Z,クレジットカード,increment-run-003,workshop-participant,donation_events_003.csv,2026-09-01T00:03:20Z
EVT-FRS-014003,6014003,2004533,465313,3002506,15000,2026-08-26T17:43:57Z,クレジットカード,increment-run-003,workshop-participant,donation_events_003.csv,2026-09-01T00:03:20Z
EVT-FRS-013547,6013547,2008950,431001,3002117,30000,2026-08-26T17:45:01Z,クレジットカード,increment-run-003,workshop-participant,donation_events_003.csv,2026-09-01T00:03:20Z
EVT-FRS-001858,6001858,2004595,272027,3003317,20000,2026-08-26T17:48:05Z,クレジットカード,increment-run-003,workshop-participant,donation_events_003.csv,2026-09-01T00:03:20Z
EVT-FRS-000264,6000264,2000698,212121,3004157,12000,2026-08-26T17:53:37Z,クレジットカード,increment-run-003,workshop-participant,donation_events_003.csv,2026-09-01T00:03:20Z
EVT-FRS-003048,6003048,2007251,282286,3003932,12000,2026-08-26T17:56:51Z,クレジットカード,increment-run-003,workshop-participant,donation_events_003.csv,2026-09-01T00:03:20Z
EVT-FRS-008168,6008168,2010681,452050,3000572,15000,2026-08-26T18:00:34Z,クレジットカード,increment-run-003,workshop-participant,donation_events_003.csv,2026-09-01T00:03:20Z
EVT-FRS-007507,6007507,2011635,112119,3002092,40000,2026-08-26T18:03:12Z,電子決済,increment-run-003,workshop-participant,donation_events_003.csv,2026-09-01T00:03:20Z
EVT-FRS-007110,6007110,2007188,294276,3005797,30000,2026-08-26T18:09:18Z,コンビニ決済,increment-run-003,workshop-participant,donation_events_003.csv,2026-09-01T00:03:20Z
EVT-FRS-001476,6001476,2002098,393037,3002787,20000,2026-08-26T18:16:03Z,クレジットカード,increment-run-003,workshop-participant,donation_events_003.csv,2026-09-01T00:03:20Z
EVT-FRS-007189,6007189,2006304,402290,3000864,15000,2026-08-26T18:18:03Z,コンビニ決済,increment-run-003,workshop-participant,donation_events_003.csv,2026-09-01T00:03:20Z
EVT-FRS-001783,6001783,2008712,372013,3005184,10000,2026-08-26T18:19:55Z,クレジットカード,increment-run-003,workshop-participant,donation_events_003.csv,2026-09-01T00:03:20Z
EVT-FRS-005733,6005733,2009024,082031,3000169,10000,2026-08-26T18:24:13Z,クレジットカード,increment-run-003,workshop-participant,donation_events_003.csv,2026-09-01T00:03:20Z
EVT-FRS-000189,6000189,2009536,222267,3004162,15000,2026-08-26T18:27:36Z,クレジットカード,increment-run-003,workshop-participant,donation_events_003.csv,2026-09-01T00:03:20Z
EVT-FRS-014636,6014636,2009297,052043,3002872,30000,2026-08-26T18:29:08Z,電子決済,increment-run-003,workshop-participant,donation_events_003.csv,2026-09-01T00:03:20Z
EVT-FRS-008590,6008590,2002762,142182,3000498,10000,2026-08-26T18:38:25Z,コンビニ決済,increment-run-003,workshop-participant,donation_events_003.csv,2026-09-01T00:03:20Z
EVT-FRS-010935,6010935,2003702,182087,3001071,12000,2026-08-26T18:43:02Z,クレジットカード,increment-run-003,workshop-participant,donation_events_003.csv,2026-09-01T00:03:20Z
EVT-FRS-010909,6010909,2006972,212172,3003089,15000,2026-08-26T18:45:14Z,クレジットカード,increment-run-003,workshop-participant,donation_events_003.csv,2026-09-01T00:03:20Z
EVT-FRS-011804,6011804,2008489,172073,3005905,8000,2026-08-26T18:46:52Z,クレジットカード,increment-run-003,workshop-participant,donation_events_003.csv,2026-09-01T00:03:20Z
EVT-FRS-009620,6009620,2000686,212105,3003206,10000,2026-08-26T18:47:38Z,銀行振込,increment-run-003,workshop-participant,donation_events_003.csv,2026-09-01T00:03:20Z
EVT-FRS-001309,6001309,2011795,222071,3001140,50000,2026-08-26T18:47:53Z,クレジットカード,increment-run-003,workshop-participant,donation_events_003.csv,2026-09-01T00:03:20Z
EVT-FRS-001873,6001873,2004308,012262,3001975,10000,2026-08-26T18:48:39Z,クレジットカード,increment-run-003,workshop-participant,donation_events_003.csv,2026-09-01T00:03:20Z
EVT-FRS-004870,6004870,2005757,422118,3000079,20000,2026-08-26T18:53:27Z,クレジットカード,increment-run-003,workshop-participant,donation_events_003.csv,2026-09-01T00:03:20Z
EVT-FRS-014878,6014878,2007124,222194,3001954,20000,2026-08-26T18:53:31Z,クレジットカード,increment-run-003,workshop-participant,donation_events_003.csv,2026-09-01T00:03:20Z
EVT-FRS-006986,6006986,2010803,074829,3004716,12000,2026-08-26T18:57:21Z,クレジットカード,increment-run-003,workshop-participant,donation_events_003.csv,2026-09-01T00:03:20Z
EVT-FRS-004187,6004187,2004131,412091,3005337,10000,2026-08-26T19:00:07Z,クレジットカード,increment-run-003,workshop-participant,donation_events_003.csv,2026-09-01T00:03:20Z
EVT-FRS-014573,6014573,2004752,302023,3005059,25000,2026-08-26T19:06:54Z,クレジットカード,increment-run-003,workshop-participant,donation_events_003.csv,2026-09-01T00:03:20Z
EVT-FRS-002670,6002670,2010305,016322,3000944,10000,2026-08-26T19:09:44Z,クレジットカード,increment-run-003,workshop-participant,donation_events_003.csv,2026-09-01T00:03:20Z
EVT-FRS-013698,6013698,2009463,342025,3005431,20000,2026-08-26T19:12:49Z,コンビニ決済,increment-run-003,workshop-participant,donation_events_003.csv,2026-09-01T00:03:20Z
EVT-FRS-003960,6003960,2010728,082279,3001109,12000,2026-08-26T19:13:25Z,クレジットカード,increment-run-003,workshop-participant,donation_events_003.csv,2026-09-01T00:03:20Z
EVT-FRS-006039,6006039,2006742,012190,3001672,10000,2026-08-26T19:16:09Z,電子決済,increment-run-003,workshop-participant,donation_events_003.csv,2026-09-01T00:03:20Z
EVT-FRS-005456,6005456,2011035,372048,3001303,20000,2026-08-26T19:18:48Z,クレジットカード,increment-run-003,workshop-participant,donation_events_003.csv,2026-09-01T00:03:20Z
EVT-FRS-014031,6014031,2004508,052019,3001675,10000,2026-08-26T19:18:59Z,電子決済,increment-run-003,workshop-participant,donation_events_003.csv,2026-09-01T00:03:20Z
EVT-FRS-009846,6009846,2010368,442135,3000068,20000,2026-08-26T19:19:18Z,クレジットカード,increment-run-003,workshop-participant,donation_events_003.csv,2026-09-01T00:03:20Z
EVT-FRS-011101,6011101,2007727,384887,3003595,25000,2026-08-26T19:19:25Z,クレジットカード,increment-run-003,workshop-participant,donation_events_003.csv,2026-09-01T00:03:20Z
EVT-FRS-005093,6005093,2003837,272256,3005135,10000,2026-08-26T19:26:05Z,銀行振込,increment-run-003,workshop-participant,donation_events_003.csv,2026-09-01T00:03:20Z
EVT-FRS-013114,6013114,2009614,032085,3002719,20000,2026-08-26T19:26:35Z,クレジットカード,increment-run-003,workshop-participant,donation_events_003.csv,2026-09-01T00:03:20Z
EVT-FRS-002190,6002190,2008491,232220,3001611,30000,2026-08-26T19:28:01Z,クレジットカード,increment-run-003,workshop-participant,donation_events_003.csv,2026-09-01T00:03:20Z
EVT-FRS-005197,6005197,2003874,232041,3001014,10000,2026-08-26T19:32:45Z,クレジットカード,increment-run-003,workshop-participant,donation_events_003.csv,2026-09-01T00:03:20Z
EVT-FRS-011005,6011005,2007858,452068,3000923,15000,2026-08-26T19:33:35Z,クレジットカード,increment-run-003,workshop-participant,donation_events_003.csv,2026-09-01T00:03:20Z
EVT-FRS-014356,6014356,2007466,112453,3000983,30000,2026-08-26T19:36:27Z,クレジットカード,increment-run-003,workshop-participant,donation_events_003.csv,2026-09-01T00:03:20Z
EVT-FRS-012774,6012774,2011124,442135,3000249,10000,2026-08-26T19:40:56Z,コンビニ決済,increment-run-003,workshop-participant,donation_events_003.csv,2026-09-01T00:03:20Z
EVT-FRS-013225,6013225,2009979,242128,3004103,12000,2026-08-26T19:42:01Z,クレジットカード,increment-run-003,workshop-participant,donation_events_003.csv,2026-09-01T00:03:20Z
EVT-FRS-012920,6012920,2002392,072044,3003719,5000,2026-08-26T19:48:49Z,クレジットカード,increment-run-003,workshop-participant,donation_events_003.csv,2026-09-01T00:03:20Z
EVT-FRS-003391,6003391,2010890,462039,3001563,30000,2026-08-26T19:48:51Z,コンビニ決済,increment-run-003,workshop-participant,donation_events_003.csv,2026-09-01T00:03:20Z
EVT-FRS-007711,6007711,2002781,202185,3001693,10000,2026-08-26T19:50:59Z,銀行振込,increment-run-003,workshop-participant,donation_events_003.csv,2026-09-01T00:03:20Z
EVT-FRS-000265,6000265,2010037,022101,3001660,10000,2026-08-26T19:56:05Z,クレジットカード,increment-run-003,workshop-participant,donation_events_003.csv,2026-09-01T00:03:20Z
EVT-FRS-000442,6000442,2007455,012173,3004992,10000,2026-08-26T20:03:52Z,電子決済,increment-run-003,workshop-participant,donation_events_003.csv,2026-09-01T00:03:20Z
EVT-FRS-007780,6007780,2005125,364053,3003889,25000,2026-08-26T20:05:15Z,クレジットカード,increment-run-003,workshop-participant,donation_events_003.csv,2026-09-01T00:03:20Z
EVT-FRS-010187,6010187,2010638,406058,3005530,8000,2026-08-26T20:06:24Z,コンビニ決済,increment-run-003,workshop-participant,donation_events_003.csv,2026-09-01T00:03:20Z
EVT-FRS-006563,6006563,2002377,022055,3000305,30000,2026-08-26T20:10:21Z,クレジットカード,increment-run-003,workshop-participant,donation_events_003.csv,2026-09-01T00:03:20Z
EVT-FRS-005491,6005491,2008573,082287,3000284,30000,2026-08-26T20:19:36Z,クレジットカード,increment-run-003,workshop-participant,donation_events_003.csv,2026-09-01T00:03:20Z
EVT-FRS-003261,6003261,2001777,262056,3003159,15000,2026-08-26T20:30:16Z,銀行振込,increment-run-003,workshop-participant,donation_events_003.csv,2026-09-01T00:03:20Z
EVT-FRS-009213,6009213,2004249,141305,3002044,20000,2026-08-26T20:32:03Z,クレジットカード,increment-run-003,workshop-participant,donation_events_003.csv,2026-09-01T00:03:20Z
EVT-FRS-006879,6006879,2004469,372064,3003118,12000,2026-08-26T20:32:33Z,クレジットカード,increment-run-003,workshop-participant,donation_events_003.csv,2026-09-01T00:03:20Z
EVT-FRS-013434,6013434,2003350,042081,3005740,15000,2026-08-26T20:34:03Z,クレジットカード,increment-run-003,workshop-participant,donation_events_003.csv,2026-09-01T00:03:20Z
EVT-FRS-012889,6012889,2006469,012343,3001927,10000,2026-08-26T20:36:50Z,コンビニ決済,increment-run-003,workshop-participant,donation_events_003.csv,2026-09-01T00:03:20Z
EVT-FRS-006236,6006236,2005719,112321,3004709,20000,2026-08-26T20:38:41Z,クレジットカード,increment-run-003,workshop-participant,donation_events_003.csv,2026-09-01T00:03:20Z
EVT-FRS-005157,6005157,2005511,222208,3003711,10000,2026-08-26T20:43:09Z,クレジットカード,increment-run-003,workshop-participant,donation_events_003.csv,2026-09-01T00:03:20Z
EVT-FRS-001561,6001561,2011157,034851,3000424,10000,2026-08-26T20:47:31Z,クレジットカード,increment-run-003,workshop-participant,donation_events_003.csv,2026-09-01T00:03:20Z
EVT-FRS-006917,6006917,2011876,272281,3005372,8000,2026-08-26T20:49:58Z,クレジットカード,increment-run-003,workshop-participant,donation_events_003.csv,2026-09-01T00:03:20Z
EVT-FRS-014243,6014243,2004689,112071,3003576,12000,2026-08-26T20:52:49Z,電子決済,increment-run-003,workshop-participant,donation_events_003.csv,2026-09-01T00:03:20Z
EVT-FRS-001501,6001501,2005079,182028,3002137,50000,2026-08-26T20:55:50Z,電子決済,increment-run-003,workshop-participant,donation_events_003.csv,2026-09-01T00:03:20Z
EVT-FRS-003972,6003972,2001369,402125,3003281,10000,2026-08-26T20:56:00Z,電子決済,increment-run-003,workshop-participant,donation_events_003.csv,2026-09-01T00:03:20Z
EVT-FRS-000756,6000756,2007635,262129,3000626,10000,2026-08-26T20:56:07Z,電子決済,increment-run-003,workshop-participant,donation_events_003.csv,2026-09-01T00:03:20Z
EVT-FRS-013952,6013952,2010205,142140,3000663,5000,2026-08-26T21:02:53Z,クレジットカード,increment-run-003,workshop-participant,donation_events_003.csv,2026-09-01T00:03:20Z
EVT-FRS-000829,6000829,2006258,223051,3005031,20000,2026-08-26T21:04:42Z,電子決済,increment-run-003,workshop-participant,donation_events_003.csv,2026-09-01T00:03:20Z
EVT-FRS-008048,6008048,2000744,015598,3005183,10000,2026-08-26T21:05:19Z,銀行振込,increment-run-003,workshop-participant,donation_events_003.csv,2026-09-01T00:03:20Z
EVT-FRS-002630,6002630,2005365,464686,3002337,15000,2026-08-26T21:06:14Z,クレジットカード,increment-run-003,workshop-participant,donation_events_003.csv,2026-09-01T00:03:20Z
EVT-FRS-011302,6011302,2000929,232254,3001930,20000,2026-08-26T21:10:48Z,銀行振込,increment-run-003,workshop-participant,donation_events_003.csv,2026-09-01T00:03:20Z
EVT-FRS-013693,6013693,2002119,372013,3005184,20000,2026-08-26T21:14:13Z,クレジットカード,increment-run-003,workshop-participant,donation_events_003.csv,2026-09-01T00:03:20Z
EVT-FRS-006620,6006620,2000633,252140,3000227,8000,2026-08-26T21:14:28Z,クレジットカード,increment-run-003,workshop-participant,donation_events_003.csv,2026-09-01T00:03:20Z
EVT-FRS-004315,6004315,2011785,422134,3000109,20000,2026-08-26T21:19:08Z,コンビニ決済,increment-run-003,workshop-participant,donation_events_003.csv,2026-09-01T00:03:20Z
EVT-FRS-002891,6002891,2005902,262056,3003159,30000,2026-08-26T21:20:02Z,コンビニ決済,increment-run-003,workshop-participant,donation_events_003.csv,2026-09-01T00:03:20Z
EVT-FRS-012710,6012710,2004308,141003,3003285,20000,2026-08-26T21:20:14Z,コンビニ決済,increment-run-003,workshop-participant,donation_events_003.csv,2026-09-01T00:03:20Z
EVT-FRS-002337,6002337,2002498,132241,3001025,10000,2026-08-26T21:23:00Z,コンビニ決済,increment-run-003,workshop-participant,donation_events_003.csv,2026-09-01T00:03:20Z
EVT-FRS-002043,6002043,2011060,182028,3004811,30000,2026-08-26T21:26:19Z,電子決済,increment-run-003,workshop-participant,donation_events_003.csv,2026-09-01T00:03:20Z
EVT-FRS-010915,6010915,2005306,325058,3004028,8000,2026-08-26T21:26:20Z,クレジットカード,increment-run-003,workshop-participant,donation_events_003.csv,2026-09-01T00:03:20Z
EVT-FRS-013391,6013391,2008780,192091,3005062,25000,2026-08-26T21:26:24Z,クレジットカード,increment-run-003,workshop-participant,donation_events_003.csv,2026-09-01T00:03:20Z
EVT-FRS-003730,6003730,2011737,394122,3005102,5000,2026-08-26T21:28:34Z,クレジットカード,increment-run-003,workshop-participant,donation_events_003.csv,2026-09-01T00:03:20Z
EVT-FRS-003355,6003355,2006304,453412,3004333,20000,2026-08-26T21:29:01Z,電子決済,increment-run-003,workshop-participant,donation_events_003.csv,2026-09-01T00:03:20Z
EVT-FRS-006114,6006114,2006097,373648,3001663,20000,2026-08-26T21:32:37Z,クレジットカード,increment-run-003,workshop-participant,donation_events_003.csv,2026-09-01T00:03:20Z
EVT-FRS-000629,6000629,2006563,252140,3001002,12000,2026-08-26T21:33:28Z,クレジットカード,increment-run-003,workshop-participant,donation_events_003.csv,2026-09-01T00:03:20Z
EVT-FRS-009234,6009234,2007889,192066,3001461,10000,2026-08-26T21:33:28Z,クレジットカード,increment-run-003,workshop-participant,donation_events_003.csv,2026-09-01T00:03:20Z
EVT-FRS-001551,6001551,2009423,282189,3002127,10000,2026-08-26T21:34:27Z,クレジットカード,increment-run-003,workshop-participant,donation_events_003.csv,2026-09-01T00:03:20Z
EVT-FRS-000425,6000425,2005449,032140,3002838,15000,2026-08-26T21:35:09Z,電子決済,increment-run-003,workshop-participant,donation_events_003.csv,2026-09-01T00:03:20Z
EVT-FRS-000604,6000604,2011206,152064,3003143,15000,2026-08-26T21:35:13Z,電子決済,increment-run-003,workshop-participant,donation_events_003.csv,2026-09-01T00:03:20Z
EVT-FRS-013802,6013802,2004671,052027,3002016,5000,2026-08-26T21:37:22Z,クレジットカード,increment-run-003,workshop-participant,donation_events_003.csv,2026-09-01T00:03:20Z
EVT-FRS-008875,6008875,2001318,432148,3004906,15000,2026-08-26T21:40:16Z,クレジットカード,increment-run-003,workshop-participant,donation_events_003.csv,2026-09-01T00:03:20Z
EVT-FRS-005275,6005275,2006223,422011,3002348,8000,2026-08-26T21:41:45Z,クレジットカード,increment-run-003,workshop-participant,donation_events_003.csv,2026-09-01T00:03:20Z
EVT-FRS-011927,6011927,2010891,472115,3001804,10000,2026-08-26T21:46:59Z,クレジットカード,increment-run-003,workshop-participant,donation_events_003.csv,2026-09-01T00:03:20Z
EVT-FRS-006142,6006142,2005989,272086,3002349,10000,2026-08-26T21:53:46Z,クレジットカード,increment-run-003,workshop-participant,donation_events_003.csv,2026-09-01T00:03:20Z
EVT-FRS-008129,6008129,2005622,052035,3001400,10000,2026-08-26T21:57:43Z,クレジットカード,increment-run-003,workshop-participant,donation_events_003.csv,2026-09-01T00:03:20Z
EVT-FRS-009055,6009055,2005937,112011,3005325,12000,2026-08-26T21:58:18Z,コンビニ決済,increment-run-003,workshop-participant,donation_events_003.csv,2026-09-01T00:03:20Z
EVT-FRS-001589,6001589,2005768,363014,3004901,50000,2026-08-26T22:01:55Z,電子決済,increment-run-003,workshop-participant,donation_events_003.csv,2026-09-01T00:03:20Z
EVT-FRS-008381,6008381,2005849,462101,3005890,15000,2026-08-26T22:03:02Z,クレジットカード,increment-run-003,workshop-participant,donation_events_003.csv,2026-09-01T00:03:20Z
EVT-FRS-000197,6000197,2000276,182079,3003995,60000,2026-08-26T22:03:28Z,電子決済,increment-run-003,workshop-participant,donation_events_003.csv,2026-09-01T00:03:20Z
EVT-FRS-014893,6014893,2002217,112101,3000777,15000,2026-08-26T22:04:37Z,クレジットカード,increment-run-003,workshop-participant,donation_events_003.csv,2026-09-01T00:03:20Z
EVT-FRS-011871,6011871,2005411,131156,3003345,10000,2026-08-26T22:06:57Z,コンビニ決済,increment-run-003,workshop-participant,donation_events_003.csv,2026-09-01T00:03:20Z
EVT-FRS-000755,6000755,2011315,342025,3004445,5000,2026-08-26T22:07:05Z,クレジットカード,increment-run-003,workshop-participant,donation_events_003.csv,2026-09-01T00:03:20Z
EVT-FRS-005249,6005249,2011421,341002,3005908,15000,2026-08-26T22:07:40Z,クレジットカード,increment-run-003,workshop-participant,donation_events_003.csv,2026-09-01T00:03:20Z
EVT-FRS-010270,6010270,2008652,272183,3003516,50000,2026-08-26T22:08:29Z,銀行振込,increment-run-003,workshop-participant,donation_events_003.csv,2026-09-01T00:03:20Z
EVT-FRS-005038,6005038,2011308,272132,3003549,10000,2026-08-26T22:12:29Z,クレジットカード,increment-run-003,workshop-participant,donation_events_003.csv,2026-09-01T00:03:20Z
EVT-FRS-008569,6008569,2008935,222160,3004719,10000,2026-08-26T22:12:49Z,電子決済,increment-run-003,workshop-participant,donation_events_003.csv,2026-09-01T00:03:20Z
EVT-FRS-006795,6006795,2001554,232025,3005840,10000,2026-08-26T22:22:25Z,コンビニ決済,increment-run-003,workshop-participant,donation_events_003.csv,2026-09-01T00:03:20Z
EVT-FRS-006864,6006864,2011325,242039,3003062,10000,2026-08-26T22:29:09Z,電子決済,increment-run-003,workshop-participant,donation_events_003.csv,2026-09-01T00:03:20Z
EVT-FRS-000672,6000672,2010182,282103,3000517,10000,2026-08-26T22:29:13Z,電子決済,increment-run-003,workshop-participant,donation_events_003.csv,2026-09-01T00:03:20Z
EVT-FRS-001473,6001473,2001765,102024,3004038,12000,2026-08-26T22:33:29Z,クレジットカード,increment-run-003,workshop-participant,donation_events_003.csv,2026-09-01T00:03:20Z
EVT-FRS-012014,6012014,2005477,122319,3004608,50000,2026-08-26T22:35:05Z,クレジットカード,increment-run-003,workshop-participant,donation_events_003.csv,2026-09-01T00:03:20Z
EVT-FRS-009386,6009386,2000469,012190,3001672,30000,2026-08-26T22:40:58Z,電子決済,increment-run-003,workshop-participant,donation_events_003.csv,2026-09-01T00:03:20Z
EVT-FRS-006803,6006803,2006258,352128,3002293,20000,2026-08-26T22:42:15Z,クレジットカード,increment-run-003,workshop-participant,donation_events_003.csv,2026-09-01T00:03:20Z
EVT-FRS-002677,6002677,2009804,374032,3001929,10000,2026-08-26T22:43:49Z,クレジットカード,increment-run-003,workshop-participant,donation_events_003.csv,2026-09-01T00:03:20Z
EVT-FRS-004980,6004980,2001362,012165,3004665,12000,2026-08-26T22:45:16Z,クレジットカード,increment-run-003,workshop-participant,donation_events_003.csv,2026-09-01T00:03:20Z
EVT-FRS-014859,6014859,2000490,252018,3002744,10000,2026-08-26T22:46:56Z,クレジットカード,increment-run-003,workshop-participant,donation_events_003.csv,2026-09-01T00:03:20Z
EVT-FRS-006739,6006739,2007049,232114,3003464,10000,2026-08-26T22:54:03Z,クレジットカード,increment-run-003,workshop-participant,donation_events_003.csv,2026-09-01T00:03:20Z
EVT-FRS-001922,6001922,2009630,152234,3001555,10000,2026-08-26T22:56:45Z,クレジットカード,increment-run-003,workshop-participant,donation_events_003.csv,2026-09-01T00:03:20Z
EVT-FRS-003311,6003311,2004373,332160,3000265,10000,2026-08-26T22:56:58Z,銀行振込,increment-run-003,workshop-participant,donation_events_003.csv,2026-09-01T00:03:20Z
EVT-FRS-003144,6003144,2003606,222071,3004976,20000,2026-08-26T23:04:23Z,クレジットカード,increment-run-003,workshop-participant,donation_events_003.csv,2026-09-01T00:03:20Z
EVT-FRS-006072,6006072,2002787,242012,3002362,25000,2026-08-26T23:05:28Z,クレジットカード,increment-run-003,workshop-participant,donation_events_003.csv,2026-09-01T00:03:20Z
EVT-FRS-010795,6010795,2005260,152251,3002454,10000,2026-08-26T23:11:05Z,クレジットカード,increment-run-003,workshop-participant,donation_events_003.csv,2026-09-01T00:03:20Z
EVT-FRS-000078,6000078,2001818,232351,3001051,12000,2026-08-26T23:12:23Z,クレジットカード,increment-run-003,workshop-participant,donation_events_003.csv,2026-09-01T00:03:20Z
EVT-FRS-007310,6007310,2002338,364011,3004781,10000,2026-08-26T23:18:10Z,クレジットカード,increment-run-003,workshop-participant,donation_events_003.csv,2026-09-01T00:03:20Z
EVT-FRS-000631,6000631,2008724,304042,3000589,15000,2026-08-26T23:19:02Z,クレジットカード,increment-run-003,workshop-participant,donation_events_003.csv,2026-09-01T00:03:20Z
EVT-FRS-014186,6014186,2003378,372072,3003596,25000,2026-08-26T23:28:16Z,クレジットカード,increment-run-003,workshop-participant,donation_events_003.csv,2026-09-01T00:03:20Z
EVT-FRS-009548,6009548,2002224,122114,3001493,10000,2026-08-26T23:31:59Z,電子決済,increment-run-003,workshop-participant,donation_events_003.csv,2026-09-01T00:03:20Z
EVT-FRS-011189,6011189,2011264,362051,3005224,12000,2026-08-26T23:34:10Z,クレジットカード,increment-run-003,workshop-participant,donation_events_003.csv,2026-09-01T00:03:20Z
EVT-FRS-013666,6013666,2010439,232254,3001757,10000,2026-08-26T23:34:15Z,クレジットカード,increment-run-003,workshop-participant,donation_events_003.csv,2026-09-01T00:03:20Z
EVT-FRS-006970,6006970,2000391,242128,3005700,15000,2026-08-26T23:34:37Z,クレジットカード,increment-run-003,workshop-participant,donation_events_003.csv,2026-09-01T00:03:20Z
EVT-FRS-005955,6005955,2008010,122165,3004816,5000,2026-08-26T23:35:13Z,コンビニ決済,increment-run-003,workshop-participant,donation_events_003.csv,2026-09-01T00:03:20Z
EVT-FRS-005551,6005551,2008235,184837,3005810,10000,2026-08-26T23:35:23Z,電子決済,increment-run-003,workshop-participant,donation_events_003.csv,2026-09-01T00:03:20Z
EVT-FRS-012441,6012441,2006984,082287,3005939,15000,2026-08-26T23:35:38Z,クレジットカード,increment-run-003,workshop-participant,donation_events_003.csv,2026-09-01T00:03:20Z
EVT-FRS-003810,6003810,2004181,072087,3003173,20000,2026-08-26T23:38:07Z,クレジットカード,increment-run-003,workshop-participant,donation_events_003.csv,2026-09-01T00:03:20Z
EVT-FRS-003428,6003428,2004003,222127,3001668,5000,2026-08-26T23:45:22Z,クレジットカード,increment-run-003,workshop-participant,donation_events_003.csv,2026-09-01T00:03:20Z
EVT-FRS-001797,6001797,2011288,044245,3004342,10000,2026-08-26T23:48:35Z,クレジットカード,increment-run-003,workshop-participant,donation_events_003.csv,2026-09-01T00:03:20Z
EVT-FRS-007123,6007123,2010783,082368,3002767,15000,2026-08-27T00:00:35Z,クレジットカード,increment-run-003,workshop-participant,donation_events_003.csv,2026-09-01T00:03:20Z
EVT-FRS-000036,6000036,2007118,252026,3000824,12000,2026-08-27T00:00:41Z,クレジットカード,increment-run-003,workshop-participant,donation_events_003.csv,2026-09-01T00:03:20Z
EVT-FRS-003410,6003410,2001431,022047,3000472,20000,2026-08-27T00:02:56Z,クレジットカード,increment-run-003,workshop-participant,donation_events_003.csv,2026-09-01T00:03:20Z
EVT-FRS-012233,6012233,2009228,452041,3005727,20000,2026-08-27T00:03:51Z,クレジットカード,increment-run-003,workshop-participant,donation_events_003.csv,2026-09-01T00:03:20Z
EVT-FRS-012887,6012887,2000876,016390,3005782,40000,2026-08-27T00:04:19Z,電子決済,increment-run-003,workshop-participant,donation_events_003.csv,2026-09-01T00:03:20Z
EVT-FRS-001930,6001930,2009099,272132,3002927,15000,2026-08-27T00:06:08Z,電子決済,increment-run-003,workshop-participant,donation_events_003.csv,2026-09-01T00:03:20Z
EVT-FRS-013839,6013839,2002010,122360,3000063,8000,2026-08-27T00:11:20Z,クレジットカード,increment-run-003,workshop-participant,donation_events_003.csv,2026-09-01T00:03:20Z
EVT-FRS-004359,6004359,2002515,402117,3002515,10000,2026-08-27T00:14:47Z,電子決済,increment-run-003,workshop-participant,donation_events_003.csv,2026-09-01T00:03:20Z
EVT-FRS-005773,6005773,2009839,322016,3005697,10000,2026-08-27T00:30:36Z,クレジットカード,increment-run-003,workshop-participant,donation_events_003.csv,2026-09-01T00:03:20Z
EVT-FRS-003664,6003664,2003333,342157,3004107,30000,2026-08-27T00:35:57Z,クレジットカード,increment-run-003,workshop-participant,donation_events_003.csv,2026-09-01T00:03:20Z
EVT-FRS-013194,6013194,2007641,082198,3001308,10000,2026-08-27T00:49:00Z,クレジットカード,increment-run-003,workshop-participant,donation_events_003.csv,2026-09-01T00:03:20Z
EVT-FRS-004203,6004203,2005999,402168,3000671,10000,2026-08-27T00:49:46Z,電子決済,increment-run-003,workshop-participant,donation_events_003.csv,2026-09-01T00:03:20Z
EVT-FRS-001065,6001065,2005485,223018,3001731,10000,2026-08-27T00:54:56Z,電子決済,increment-run-003,workshop-participant,donation_events_003.csv,2026-09-01T00:03:20Z
EVT-FRS-006650,6006650,2001499,232149,3003556,10000,2026-08-27T00:59:19Z,クレジットカード,increment-run-003,workshop-participant,donation_events_003.csv,2026-09-01T00:03:20Z
EVT-FRS-006328,6006328,2010767,012092,3003845,20000,2026-08-27T01:00:03Z,クレジットカード,increment-run-003,workshop-participant,donation_events_003.csv,2026-09-01T00:03:20Z
EVT-FRS-011180,6011180,2004209,132195,3002231,50000,2026-08-27T01:01:00Z,クレジットカード,increment-run-003,workshop-participant,donation_events_003.csv,2026-09-01T00:03:20Z
EVT-FRS-006538,6006538,2007636,203033,3001471,25000,2026-08-27T01:02:08Z,電子決済,increment-run-003,workshop-participant,donation_events_003.csv,2026-09-01T00:03:20Z
EVT-FRS-005433,6005433,2011221,131202,3005759,10000,2026-08-27T01:02:18Z,クレジットカード,increment-run-003,workshop-participant,donation_events_003.csv,2026-09-01T00:03:20Z
EVT-FRS-002916,6002916,2004626,282227,3000743,40000,2026-08-27T01:07:22Z,クレジットカード,increment-run-003,workshop-participant,donation_events_003.csv,2026-09-01T00:03:20Z
EVT-FRS-000381,6000381,2006510,142085,3000246,10000,2026-08-27T01:08:08Z,電子決済,increment-run-003,workshop-participant,donation_events_003.csv,2026-09-01T00:03:20Z
EVT-FRS-007874,6007874,2004249,272078,3003395,20000,2026-08-27T01:08:54Z,電子決済,increment-run-003,workshop-participant,donation_events_003.csv,2026-09-01T00:03:20Z
EVT-FRS-001325,6001325,2007468,422096,3000859,15000,2026-08-27T01:10:05Z,クレジットカード,increment-run-003,workshop-participant,donation_events_003.csv,2026-09-01T00:03:20Z
EVT-FRS-014647,6014647,2005948,232157,3005500,5000,2026-08-27T01:15:50Z,クレジットカード,increment-run-003,workshop-participant,donation_events_003.csv,2026-09-01T00:03:20Z
EVT-FRS-007918,6007918,2010735,014842,3004927,15000,2026-08-27T01:16:15Z,電子決済,increment-run-003,workshop-participant,donation_events_003.csv,2026-09-01T00:03:20Z
EVT-FRS-011399,6011399,2008803,112020,3001896,5000,2026-08-27T01:18:14Z,クレジットカード,increment-run-003,workshop-participant,donation_events_003.csv,2026-09-01T00:03:20Z
EVT-FRS-000281,6000281,2002709,272132,3005617,15000,2026-08-27T01:23:29Z,クレジットカード,increment-run-003,workshop-participant,donation_events_003.csv,2026-09-01T00:03:20Z
EVT-FRS-011627,6011627,2009402,082112,3000555,60000,2026-08-27T01:23:32Z,電子決済,increment-run-003,workshop-participant,donation_events_003.csv,2026-09-01T00:03:20Z
EVT-FRS-011682,6011682,2010110,112020,3004330,12000,2026-08-27T01:27:22Z,電子決済,increment-run-003,workshop-participant,donation_events_003.csv,2026-09-01T00:03:20Z
EVT-FRS-014052,6014052,2011445,212032,3002988,15000,2026-08-27T01:27:50Z,銀行振込,increment-run-003,workshop-participant,donation_events_003.csv,2026-09-01T00:03:20Z
EVT-FRS-014102,6014102,2003466,462161,3000828,12000,2026-08-27T01:28:17Z,電子決済,increment-run-003,workshop-participant,donation_events_003.csv,2026-09-01T00:03:20Z
EVT-FRS-000709,6000709,2003669,412091,3004079,10000,2026-08-27T01:34:57Z,クレジットカード,increment-run-003,workshop-participant,donation_events_003.csv,2026-09-01T00:03:20Z
EVT-FRS-008255,6008255,2010417,422096,3002215,15000,2026-08-27T01:35:08Z,クレジットカード,increment-run-003,workshop-participant,donation_events_003.csv,2026-09-01T00:03:20Z
EVT-FRS-011223,6011223,2005200,452041,3004484,8000,2026-08-27T01:35:28Z,クレジットカード,increment-run-003,workshop-participant,donation_events_003.csv,2026-09-01T00:03:20Z
EVT-FRS-007801,6007801,2009267,012181,3002867,30000,2026-08-27T01:39:35Z,クレジットカード,increment-run-003,workshop-participant,donation_events_003.csv,2026-09-01T00:03:20Z
EVT-FRS-002437,6002437,2011986,452025,3003388,8000,2026-08-27T01:45:24Z,電子決済,increment-run-003,workshop-participant,donation_events_003.csv,2026-09-01T00:03:20Z
EVT-FRS-003455,6003455,2004041,112071,3002222,15000,2026-08-27T01:45:39Z,クレジットカード,increment-run-003,workshop-participant,donation_events_003.csv,2026-09-01T00:03:20Z
EVT-FRS-014830,6014830,2003416,155047,3004940,20000,2026-08-27T01:48:17Z,クレジットカード,increment-run-003,workshop-participant,donation_events_003.csv,2026-09-01T00:03:20Z
EVT-FRS-004987,6004987,2011008,232165,3005099,8000,2026-08-27T01:49:32Z,クレジットカード,increment-run-003,workshop-participant,donation_events_003.csv,2026-09-01T00:03:20Z
EVT-FRS-003828,6003828,2004090,122271,3000915,10000,2026-08-27T01:50:22Z,クレジットカード,increment-run-003,workshop-participant,donation_events_003.csv,2026-09-01T00:03:20Z
EVT-FRS-013016,6013016,2002733,284815,3005597,15000,2026-08-27T01:50:43Z,クレジットカード,increment-run-003,workshop-participant,donation_events_003.csv,2026-09-01T00:03:20Z
EVT-FRS-005864,6005864,2009391,092053,3005685,10000,2026-08-27T01:52:40Z,銀行振込,increment-run-003,workshop-participant,donation_events_003.csv,2026-09-01T00:03:20Z
EVT-FRS-000744,6000744,2001765,452025,3002268,20000,2026-08-27T01:54:41Z,銀行振込,increment-run-003,workshop-participant,donation_events_003.csv,2026-09-01T00:03:20Z
EVT-FRS-007078,6007078,2009051,152048,3003815,50000,2026-08-27T01:54:58Z,クレジットカード,increment-run-003,workshop-participant,donation_events_003.csv,2026-09-01T00:03:20Z
EVT-FRS-013093,6013093,2009445,402117,3002515,25000,2026-08-27T01:55:58Z,クレジットカード,increment-run-003,workshop-participant,donation_events_003.csv,2026-09-01T00:03:20Z
EVT-FRS-008287,6008287,2009853,472115,3000980,20000,2026-08-27T01:56:07Z,クレジットカード,increment-run-003,workshop-participant,donation_events_003.csv,2026-09-01T00:03:20Z
EVT-FRS-013422,6013422,2011739,122246,3003263,40000,2026-08-27T02:00:24Z,クレジットカード,increment-run-003,workshop-participant,donation_events_003.csv,2026-09-01T00:03:20Z
EVT-FRS-004311,6004311,2007367,122254,3002882,30000,2026-08-27T02:00:44Z,クレジットカード,increment-run-003,workshop-participant,donation_events_003.csv,2026-09-01T00:03:20Z
EVT-FRS-012814,6012814,2000594,202011,3001773,10000,2026-08-27T02:03:18Z,クレジットカード,increment-run-003,workshop-participant,donation_events_003.csv,2026-09-01T00:03:20Z
EVT-FRS-012883,6012883,2005952,212202,3001683,10000,2026-08-27T02:11:09Z,クレジットカード,increment-run-003,workshop-participant,donation_events_003.csv,2026-09-01T00:03:20Z
EVT-FRS-004093,6004093,2007535,132233,3004413,15000,2026-08-27T02:12:52Z,クレジットカード,increment-run-003,workshop-participant,donation_events_003.csv,2026-09-01T00:03:20Z
EVT-FRS-005875,6005875,2000029,015598,3003441,10000,2026-08-27T02:13:41Z,クレジットカード,increment-run-003,workshop-participant,donation_events_003.csv,2026-09-01T00:03:20Z
EVT-FRS-001889,6001889,2001224,082031,3000868,10000,2026-08-27T02:15:01Z,クレジットカード,increment-run-003,workshop-participant,donation_events_003.csv,2026-09-01T00:03:20Z
EVT-FRS-008744,6008744,2000283,141003,3003876,15000,2026-08-27T02:15:06Z,クレジットカード,increment-run-003,workshop-participant,donation_events_003.csv,2026-09-01T00:03:20Z
EVT-FRS-006421,6006421,2006142,272132,3000119,10000,2026-08-27T02:18:50Z,クレジットカード,increment-run-003,workshop-participant,donation_events_003.csv,2026-09-01T00:03:20Z
EVT-FRS-014159,6014159,2004546,052159,3003068,50000,2026-08-27T02:24:55Z,クレジットカード,increment-run-003,workshop-participant,donation_events_003.csv,2026-09-01T00:03:20Z
EVT-FRS-013609,6013609,2000804,112071,3003734,10000,2026-08-27T02:30:46Z,クレジットカード,increment-run-003,workshop-participant,donation_events_003.csv,2026-09-01T00:03:20Z
EVT-FRS-008795,6008795,2004648,072079,3000070,15000,2026-08-27T02:32:02Z,電子決済,increment-run-003,workshop-participant,donation_events_003.csv,2026-09-01T00:03:20Z
EVT-FRS-014266,6014266,2001139,023612,3004750,10000,2026-08-27T02:37:42Z,電子決済,increment-run-003,workshop-participant,donation_events_003.csv,2026-09-01T00:03:20Z
EVT-FRS-008071,6008071,2008326,082155,3000037,20000,2026-08-27T02:38:18Z,電子決済,increment-run-003,workshop-participant,donation_events_003.csv,2026-09-01T00:03:20Z
EVT-FRS-005828,6005828,2001231,222038,3000055,12000,2026-08-27T02:40:40Z,銀行振込,increment-run-003,workshop-participant,donation_events_003.csv,2026-09-01T00:03:20Z
EVT-FRS-002583,6002583,2004912,052027,3001951,15000,2026-08-27T02:44:18Z,クレジットカード,increment-run-003,workshop-participant,donation_events_003.csv,2026-09-01T00:03:20Z
EVT-FRS-012076,6012076,2006405,302091,3004694,15000,2026-08-27T02:47:37Z,電子決済,increment-run-003,workshop-participant,donation_events_003.csv,2026-09-01T00:03:20Z
EVT-FRS-005386,6005386,2011765,272027,3004748,30000,2026-08-27T02:47:48Z,銀行振込,increment-run-003,workshop-participant,donation_events_003.csv,2026-09-01T00:03:20Z
EVT-FRS-006700,6006700,2003081,212148,3000402,30000,2026-08-27T02:52:54Z,クレジットカード,increment-run-003,workshop-participant,donation_events_003.csv,2026-09-01T00:03:20Z
EVT-FRS-010077,6010077,2001546,012068,3003304,25000,2026-08-27T02:53:08Z,電子決済,increment-run-003,workshop-participant,donation_events_003.csv,2026-09-01T00:03:20Z
EVT-FRS-007786,6007786,2005071,232319,3000355,12000,2026-08-27T02:53:57Z,銀行振込,increment-run-003,workshop-participant,donation_events_003.csv,2026-09-01T00:03:20Z
EVT-FRS-012420,6012420,2000362,132128,3005484,10000,2026-08-27T02:54:26Z,クレジットカード,increment-run-003,workshop-participant,donation_events_003.csv,2026-09-01T00:03:20Z
EVT-FRS-011219,6011219,2002619,182028,3002137,10000,2026-08-27T03:06:03Z,クレジットカード,increment-run-003,workshop-participant,donation_events_003.csv,2026-09-01T00:03:20Z
EVT-FRS-011894,6011894,2008208,062031,3003652,10000,2026-08-27T03:07:00Z,電子決済,increment-run-003,workshop-participant,donation_events_003.csv,2026-09-01T00:03:20Z
EVT-FRS-002292,6002292,2007090,232114,3003464,15000,2026-08-27T03:14:11Z,銀行振込,increment-run-003,workshop-participant,donation_events_003.csv,2026-09-01T00:03:20Z
EVT-FRS-006275,6006275,2005055,033812,3002443,8000,2026-08-27T03:14:58Z,コンビニ決済,increment-run-003,workshop-participant,donation_events_003.csv,2026-09-01T00:03:20Z
EVT-FRS-001106,6001106,2005183,212105,3004831,50000,2026-08-27T03:16:02Z,銀行振込,increment-run-003,workshop-participant,donation_events_003.csv,2026-09-01T00:03:20Z
EVT-FRS-004041,6004041,2004001,342122,3004159,12000,2026-08-27T03:23:52Z,クレジットカード,increment-run-003,workshop-participant,donation_events_003.csv,2026-09-01T00:03:20Z
EVT-FRS-010157,6010157,2007253,272167,3001054,15000,2026-08-27T03:24:23Z,クレジットカード,increment-run-003,workshop-participant,donation_events_003.csv,2026-09-01T00:03:20Z
EVT-FRS-000234,6000234,2000099,431001,3002117,10000,2026-08-27T03:27:29Z,コンビニ決済,increment-run-003,workshop-participant,donation_events_003.csv,2026-09-01T00:03:20Z
EVT-FRS-003648,6003648,2006924,162086,3000308,15000,2026-08-27T03:30:43Z,クレジットカード,increment-run-003,workshop-participant,donation_events_003.csv,2026-09-01T00:03:20Z
EVT-FRS-011856,6011856,2002938,105210,3002228,20000,2026-08-27T03:32:19Z,クレジットカード,increment-run-003,workshop-participant,donation_events_003.csv,2026-09-01T00:03:20Z
EVT-FRS-007857,6007857,2006939,192112,3000797,10000,2026-08-27T03:35:31Z,クレジットカード,increment-run-003,workshop-participant,donation_events_003.csv,2026-09-01T00:03:20Z
EVT-FRS-009125,6009125,2010678,014834,3002068,10000,2026-08-27T03:38:53Z,クレジットカード,increment-run-003,workshop-participant,donation_events_003.csv,2026-09-01T00:03:20Z
EVT-FRS-006348,6006348,2007420,302023,3002401,8000,2026-08-27T03:40:08Z,クレジットカード,increment-run-003,workshop-participant,donation_events_003.csv,2026-09-01T00:03:20Z
EVT-FRS-011396,6011396,2001768,302058,3001345,30000,2026-08-27T03:46:30Z,クレジットカード,increment-run-003,workshop-participant,donation_events_003.csv,2026-09-01T00:03:20Z
EVT-FRS-009404,6009404,2010476,142077,3000143,5000,2026-08-27T03:51:34Z,クレジットカード,increment-run-003,workshop-participant,donation_events_003.csv,2026-09-01T00:03:20Z
EVT-FRS-012164,6012164,2010868,465020,3002813,100000,2026-08-27T03:55:17Z,クレジットカード,increment-run-003,workshop-participant,donation_events_003.csv,2026-09-01T00:03:20Z
EVT-FRS-003795,6003795,2008892,384011,3000827,25000,2026-08-27T04:00:04Z,電子決済,increment-run-003,workshop-participant,donation_events_003.csv,2026-09-01T00:03:20Z
EVT-FRS-012028,6012028,2011460,016322,3004069,8000,2026-08-27T04:01:35Z,クレジットカード,increment-run-003,workshop-participant,donation_events_003.csv,2026-09-01T00:03:20Z
EVT-FRS-010425,6010425,2008944,212164,3002736,12000,2026-08-27T04:02:41Z,クレジットカード,increment-run-003,workshop-participant,donation_events_003.csv,2026-09-01T00:03:20Z
EVT-FRS-004405,6004405,2011987,473022,3004217,10000,2026-08-27T04:10:26Z,電子決済,increment-run-003,workshop-participant,donation_events_003.csv,2026-09-01T00:03:20Z
EVT-FRS-003364,6003364,2009624,062103,3002240,10000,2026-08-27T04:10:41Z,コンビニ決済,increment-run-003,workshop-participant,donation_events_003.csv,2026-09-01T00:03:20Z
EVT-FRS-007319,6007319,2006567,332020,3001069,10000,2026-08-27T04:13:12Z,コンビニ決済,increment-run-003,workshop-participant,donation_events_003.csv,2026-09-01T00:03:20Z
EVT-FRS-003948,6003948,2002645,202142,3003865,10000,2026-08-27T04:26:34Z,クレジットカード,increment-run-003,workshop-participant,donation_events_003.csv,2026-09-01T00:03:20Z
EVT-FRS-003321,6003321,2010130,452041,3002113,20000,2026-08-27T04:27:50Z,クレジットカード,increment-run-003,workshop-participant,donation_events_003.csv,2026-09-01T00:03:20Z
EVT-FRS-003129,6003129,2005033,082261,3001047,10000,2026-08-27T04:27:54Z,銀行振込,increment-run-003,workshop-participant,donation_events_003.csv,2026-09-01T00:03:20Z
EVT-FRS-000691,6000691,2009764,092134,3005842,10000,2026-08-27T04:37:26Z,電子決済,increment-run-003,workshop-participant,donation_events_003.csv,2026-09-01T00:03:20Z
EVT-FRS-010042,6010042,2005968,092037,3003935,10000,2026-08-27T04:38:29Z,クレジットカード,increment-run-003,workshop-participant,donation_events_003.csv,2026-09-01T00:03:20Z
EVT-FRS-001198,6001198,2002897,272027,3003975,30000,2026-08-27T04:39:35Z,クレジットカード,increment-run-003,workshop-participant,donation_events_003.csv,2026-09-01T00:03:20Z
EVT-FRS-001312,6001312,2007473,382051,3003645,10000,2026-08-27T04:40:24Z,クレジットカード,increment-run-003,workshop-participant,donation_events_003.csv,2026-09-01T00:03:20Z
EVT-FRS-001011,6001011,2004139,452041,3005727,8000,2026-08-27T04:41:15Z,銀行振込,increment-run-003,workshop-participant,donation_events_003.csv,2026-09-01T00:03:20Z
EVT-FRS-000497,6000497,2000191,012190,3002126,30000,2026-08-27T04:41:56Z,クレジットカード,increment-run-003,workshop-participant,donation_events_003.csv,2026-09-01T00:03:20Z
EVT-FRS-008506,6008506,2010895,322016,3005697,15000,2026-08-27T04:45:21Z,クレジットカード,increment-run-003,workshop-participant,donation_events_003.csv,2026-09-01T00:03:20Z
EVT-FRS-007437,6007437,2005057,064262,3000959,10000,2026-08-27T04:50:47Z,コンビニ決済,increment-run-003,workshop-participant,donation_events_003.csv,2026-09-01T00:03:20Z
EVT-FRS-000879,6000879,2001549,012297,3000018,10000,2026-08-27T04:53:32Z,電子決済,increment-run-003,workshop-participant,donation_events_003.csv,2026-09-01T00:03:20Z
EVT-FRS-008541,6008541,2001895,222119,3001142,10000,2026-08-27T04:57:36Z,クレジットカード,increment-run-003,workshop-participant,donation_events_003.csv,2026-09-01T00:03:20Z
EVT-FRS-001754,6001754,2006023,022098,3001363,12000,2026-08-27T04:58:50Z,電子決済,increment-run-003,workshop-participant,donation_events_003.csv,2026-09-01T00:03:20Z
EVT-FRS-001461,6001461,2010269,232211,3002681,15000,2026-08-27T05:01:30Z,クレジットカード,increment-run-003,workshop-participant,donation_events_003.csv,2026-09-01T00:03:20Z
EVT-FRS-002327,6002327,2007207,192058,3000422,5000,2026-08-27T05:09:40Z,電子決済,increment-run-003,workshop-participant,donation_events_003.csv,2026-09-01T00:03:20Z
EVT-FRS-002074,6002074,2001737,313297,3002843,30000,2026-08-27T05:21:10Z,クレジットカード,increment-run-003,workshop-participant,donation_events_003.csv,2026-09-01T00:03:20Z
EVT-FRS-007076,6007076,2010402,212059,3000685,15000,2026-08-27T05:24:30Z,クレジットカード,increment-run-003,workshop-participant,donation_events_003.csv,2026-09-01T00:03:20Z
EVT-FRS-005216,6005216,2007976,232092,3002582,10000,2026-08-27T05:28:08Z,クレジットカード,increment-run-003,workshop-participant,donation_events_003.csv,2026-09-01T00:03:20Z
EVT-FRS-010305,6010305,2010290,012068,3005494,10000,2026-08-27T05:33:24Z,電子決済,increment-run-003,workshop-participant,donation_events_003.csv,2026-09-01T00:03:20Z
EVT-FRS-007295,6007295,2002920,172073,3003744,25000,2026-08-27T05:33:51Z,クレジットカード,increment-run-003,workshop-participant,donation_events_003.csv,2026-09-01T00:03:20Z
EVT-FRS-011654,6011654,2011478,014010,3001838,10000,2026-08-27T05:34:10Z,電子決済,increment-run-003,workshop-participant,donation_events_003.csv,2026-09-01T00:03:20Z
EVT-FRS-005718,6005718,2010794,232238,3002224,15000,2026-08-27T05:46:16Z,電子決済,increment-run-003,workshop-participant,donation_events_003.csv,2026-09-01T00:03:20Z
EVT-FRS-006178,6006178,2005566,462217,3003368,100000,2026-08-27T05:48:52Z,クレジットカード,increment-run-003,workshop-participant,donation_events_003.csv,2026-09-01T00:03:20Z
EVT-FRS-010469,6010469,2003626,203629,3003768,10000,2026-08-27T05:54:22Z,クレジットカード,increment-run-003,workshop-participant,donation_events_003.csv,2026-09-01T00:03:20Z
EVT-FRS-014227,6014227,2004508,072125,3000315,5000,2026-08-27T05:56:01Z,クレジットカード,increment-run-003,workshop-participant,donation_events_003.csv,2026-09-01T00:03:20Z
EVT-FRS-005832,6005832,2003355,132187,3005133,30000,2026-08-27T05:58:31Z,電子決済,increment-run-003,workshop-participant,donation_events_003.csv,2026-09-01T00:03:20Z
EVT-FRS-001037,6001037,2010407,432121,3000094,20000,2026-08-27T05:58:32Z,クレジットカード,increment-run-003,workshop-participant,donation_events_003.csv,2026-09-01T00:03:20Z
EVT-FRS-005709,6005709,2001554,132063,3000220,30000,2026-08-27T05:59:17Z,クレジットカード,increment-run-003,workshop-participant,donation_events_003.csv,2026-09-01T00:03:20Z
EVT-FRS-013341,6013341,2007479,262102,3003103,10000,2026-08-27T06:05:25Z,クレジットカード,increment-run-003,workshop-participant,donation_events_003.csv,2026-09-01T00:03:20Z
EVT-FRS-008114,6008114,2010664,382141,3000936,5000,2026-08-27T06:06:41Z,クレジットカード,increment-run-003,workshop-participant,donation_events_003.csv,2026-09-01T00:03:20Z
EVT-FRS-007853,6007853,2003573,212202,3001683,20000,2026-08-27T06:14:01Z,銀行振込,increment-run-003,workshop-participant,donation_events_003.csv,2026-09-01T00:03:20Z
EVT-FRS-003243,6003243,2000986,152064,3004674,10000,2026-08-27T06:14:33Z,クレジットカード,increment-run-003,workshop-participant,donation_events_003.csv,2026-09-01T00:03:20Z
EVT-FRS-002066,6002066,2001129,292010,3001952,5000,2026-08-27T06:14:41Z,クレジットカード,increment-run-003,workshop-participant,donation_events_003.csv,2026-09-01T00:03:20Z
EVT-FRS-002163,6002163,2002861,212202,3001683,15000,2026-08-27T06:18:25Z,電子決済,increment-run-003,workshop-participant,donation_events_003.csv,2026-09-01T00:03:20Z
EVT-FRS-007713,6007713,2005974,294471,3004340,8000,2026-08-27T06:19:17Z,クレジットカード,increment-run-003,workshop-participant,donation_events_003.csv,2026-09-01T00:03:20Z
EVT-FRS-009703,6009703,2001867,332160,3004691,50000,2026-08-27T06:24:53Z,クレジットカード,increment-run-003,workshop-participant,donation_events_003.csv,2026-09-01T00:03:20Z
EVT-FRS-003556,6003556,2001284,282243,3000625,5000,2026-08-27T06:28:43Z,電子決済,increment-run-003,workshop-participant,donation_events_003.csv,2026-09-01T00:03:20Z
EVT-FRS-003876,6003876,2004493,232017,3004604,20000,2026-08-27T06:33:36Z,クレジットカード,increment-run-003,workshop-participant,donation_events_003.csv,2026-09-01T00:03:20Z
EVT-FRS-001596,6001596,2008929,082341,3000661,10000,2026-08-27T06:33:40Z,クレジットカード,increment-run-003,workshop-participant,donation_events_003.csv,2026-09-01T00:03:20Z
EVT-FRS-014831,6014831,2002456,414247,3001039,20000,2026-08-27T06:35:28Z,電子決済,increment-run-003,workshop-participant,donation_events_003.csv,2026-09-01T00:03:20Z
EVT-FRS-014638,6014638,2011357,212083,3004324,10000,2026-08-27T06:35:53Z,クレジットカード,increment-run-003,workshop-participant,donation_events_003.csv,2026-09-01T00:03:20Z
EVT-FRS-004949,6004949,2000949,452025,3003952,5000,2026-08-27T06:35:56Z,クレジットカード,increment-run-003,workshop-participant,donation_events_003.csv,2026-09-01T00:03:20Z
EVT-FRS-001810,6001810,2004881,016624,3004724,10000,2026-08-27T06:37:52Z,クレジットカード,increment-run-003,workshop-participant,donation_events_003.csv,2026-09-01T00:03:20Z
EVT-FRS-008124,6008124,2005915,122289,3004839,10000,2026-08-27T06:41:13Z,クレジットカード,increment-run-003,workshop-participant,donation_events_003.csv,2026-09-01T00:03:20Z
EVT-FRS-010601,6010601,2002094,012262,3000968,10000,2026-08-27T06:43:56Z,クレジットカード,increment-run-003,workshop-participant,donation_events_003.csv,2026-09-01T00:03:20Z
EVT-FRS-011430,6011430,2004347,132021,3004346,8000,2026-08-27T06:44:30Z,電子決済,increment-run-003,workshop-participant,donation_events_003.csv,2026-09-01T00:03:20Z
EVT-FRS-007924,6007924,2008937,452050,3003836,15000,2026-08-27T06:44:32Z,クレジットカード,increment-run-003,workshop-participant,donation_events_003.csv,2026-09-01T00:03:20Z
EVT-FRS-013375,6013375,2008942,142069,3001405,8000,2026-08-27T06:48:18Z,銀行振込,increment-run-003,workshop-participant,donation_events_003.csv,2026-09-01T00:03:20Z
EVT-FRS-001350,6001350,2000844,074811,3002993,10000,2026-08-27T06:49:37Z,クレジットカード,increment-run-003,workshop-participant,donation_events_003.csv,2026-09-01T00:03:20Z
EVT-FRS-000232,6000232,2006694,402150,3000176,25000,2026-08-27T06:50:29Z,クレジットカード,increment-run-003,workshop-participant,donation_events_003.csv,2026-09-01T00:03:20Z
EVT-FRS-004106,6004106,2008269,364681,3003818,20000,2026-08-27T06:51:16Z,電子決済,increment-run-003,workshop-participant,donation_events_003.csv,2026-09-01T00:03:20Z
EVT-FRS-006954,6006954,2009958,042021,3004800,30000,2026-08-27T06:53:29Z,クレジットカード,increment-run-003,workshop-participant,donation_events_003.csv,2026-09-01T00:03:20Z
EVT-FRS-002722,6002722,2002594,232254,3001562,8000,2026-08-27T06:55:42Z,クレジットカード,increment-run-003,workshop-participant,donation_events_003.csv,2026-09-01T00:03:20Z
EVT-FRS-003679,6003679,2010737,382132,3001355,10000,2026-08-27T06:59:04Z,クレジットカード,increment-run-003,workshop-participant,donation_events_003.csv,2026-09-01T00:03:20Z
EVT-FRS-006853,6006853,2003492,122114,3003302,8000,2026-08-27T06:59:07Z,クレジットカード,increment-run-003,workshop-participant,donation_events_003.csv,2026-09-01T00:03:20Z
EVT-FRS-006026,6006026,2009715,422037,3002037,50000,2026-08-27T06:59:48Z,クレジットカード,increment-run-003,workshop-participant,donation_events_003.csv,2026-09-01T00:03:20Z
EVT-FRS-005121,6005121,2009745,132187,3005133,10000,2026-08-27T07:03:00Z,クレジットカード,increment-run-003,workshop-participant,donation_events_003.csv,2026-09-01T00:03:20Z
EVT-FRS-003975,6003975,2011326,222127,3004278,8000,2026-08-27T07:04:12Z,クレジットカード,increment-run-003,workshop-participant,donation_events_003.csv,2026-09-01T00:03:20Z
EVT-FRS-012118,6012118,2008260,272167,3004865,12000,2026-08-27T07:04:24Z,クレジットカード,increment-run-003,workshop-participant,donation_events_003.csv,2026-09-01T00:03:20Z
EVT-FRS-012836,6012836,2005787,462144,3002513,10000,2026-08-27T07:10:31Z,クレジットカード,increment-run-003,workshop-participant,donation_events_003.csv,2026-09-01T00:03:20Z
EVT-FRS-004578,6004578,2006639,332151,3003917,10000,2026-08-27T07:12:31Z,クレジットカード,increment-run-003,workshop-participant,donation_events_003.csv,2026-09-01T00:03:20Z
EVT-FRS-011459,6011459,2008157,122301,3003885,8000,2026-08-27T07:19:01Z,電子決済,increment-run-003,workshop-participant,donation_events_003.csv,2026-09-01T00:03:20Z
EVT-FRS-008532,6008532,2009120,442020,3001534,8000,2026-08-27T07:20:06Z,クレジットカード,increment-run-003,workshop-participant,donation_events_003.csv,2026-09-01T00:03:20Z
EVT-FRS-014011,6014011,2006607,232041,3004124,30000,2026-08-27T07:22:47Z,電子決済,increment-run-003,workshop-participant,donation_events_003.csv,2026-09-01T00:03:20Z
EVT-FRS-003684,6003684,2000810,124249,3005175,12000,2026-08-27T07:23:23Z,クレジットカード,increment-run-003,workshop-participant,donation_events_003.csv,2026-09-01T00:03:20Z
EVT-FRS-014616,6014616,2010021,353418,3001389,40000,2026-08-27T07:24:00Z,クレジットカード,increment-run-003,workshop-participant,donation_events_003.csv,2026-09-01T00:03:20Z
EVT-FRS-006403,6006403,2010354,122394,3001416,8000,2026-08-27T07:25:07Z,クレジットカード,increment-run-003,workshop-participant,donation_events_003.csv,2026-09-01T00:03:20Z
EVT-FRS-005152,6005152,2001873,392103,3001991,5000,2026-08-27T07:26:25Z,クレジットカード,increment-run-003,workshop-participant,donation_events_003.csv,2026-09-01T00:03:20Z
EVT-FRS-002060,6002060,2002854,434329,3003851,5000,2026-08-27T07:29:02Z,クレジットカード,increment-run-003,workshop-participant,donation_events_003.csv,2026-09-01T00:03:20Z
EVT-FRS-004823,6004823,2011834,222038,3001333,30000,2026-08-27T07:29:11Z,クレジットカード,increment-run-003,workshop-participant,donation_events_003.csv,2026-09-01T00:03:20Z
EVT-FRS-002553,6002553,2002419,472093,3001913,15000,2026-08-27T07:32:41Z,コンビニ決済,increment-run-003,workshop-participant,donation_events_003.csv,2026-09-01T00:03:20Z
EVT-FRS-008366,6008366,2000757,382078,3001217,15000,2026-08-27T07:33:55Z,クレジットカード,increment-run-003,workshop-participant,donation_events_003.csv,2026-09-01T00:03:20Z
EVT-FRS-002110,6002110,2005005,292087,3002018,8000,2026-08-27T07:36:19Z,クレジットカード,increment-run-003,workshop-participant,donation_events_003.csv,2026-09-01T00:03:20Z
EVT-FRS-006006,6006006,2009024,282251,3002491,15000,2026-08-27T07:40:16Z,電子決済,increment-run-003,workshop-participant,donation_events_003.csv,2026-09-01T00:03:20Z
EVT-FRS-005954,6005954,2006312,214035,3000395,30000,2026-08-27T07:40:57Z,電子決済,increment-run-003,workshop-participant,donation_events_003.csv,2026-09-01T00:03:20Z
EVT-FRS-008212,6008212,2008664,422053,3002232,8000,2026-08-27T07:42:03Z,クレジットカード,increment-run-003,workshop-participant,donation_events_003.csv,2026-09-01T00:03:20Z
EVT-FRS-003372,6003372,2000187,452025,3003435,20000,2026-08-27T07:49:29Z,クレジットカード,increment-run-003,workshop-participant,donation_events_003.csv,2026-09-01T00:03:20Z
EVT-FRS-013490,6013490,2004157,112062,3002255,20000,2026-08-27T07:52:12Z,クレジットカード,increment-run-003,workshop-participant,donation_events_003.csv,2026-09-01T00:03:20Z
EVT-FRS-002682,6002682,2008043,052027,3005233,5000,2026-08-27T07:56:01Z,クレジットカード,increment-run-003,workshop-participant,donation_events_003.csv,2026-09-01T00:03:20Z
EVT-FRS-004560,6004560,2011388,082368,3003366,5000,2026-08-27T07:57:43Z,クレジットカード,increment-run-003,workshop-participant,donation_events_003.csv,2026-09-01T00:03:20Z
EVT-FRS-003442,6003442,2006745,332151,3003917,20000,2026-08-27T08:00:42Z,クレジットカード,increment-run-003,workshop-participant,donation_events_003.csv,2026-09-01T00:03:20Z
EVT-FRS-006638,6006638,2001734,212067,3001495,10000,2026-08-27T08:00:43Z,クレジットカード,increment-run-003,workshop-participant,donation_events_003.csv,2026-09-01T00:03:20Z
EVT-FRS-011152,6011152,2001713,454303,3000633,25000,2026-08-27T08:09:54Z,クレジットカード,increment-run-003,workshop-participant,donation_events_003.csv,2026-09-01T00:03:20Z
EVT-FRS-005614,6005614,2005388,262064,3004909,50000,2026-08-27T08:16:16Z,コンビニ決済,increment-run-003,workshop-participant,donation_events_003.csv,2026-09-01T00:03:20Z
EVT-FRS-007483,6007483,2003008,282138,3002145,15000,2026-08-27T08:17:06Z,クレジットカード,increment-run-003,workshop-participant,donation_events_003.csv,2026-09-01T00:03:20Z
EVT-FRS-005556,6005556,2005978,302015,3002133,5000,2026-08-27T08:17:57Z,クレジットカード,increment-run-003,workshop-participant,donation_events_003.csv,2026-09-01T00:03:20Z
EVT-FRS-006326,6006326,2011903,092037,3002525,15000,2026-08-27T08:22:49Z,クレジットカード,increment-run-003,workshop-participant,donation_events_003.csv,2026-09-01T00:03:20Z
EVT-FRS-007800,6007800,2002511,342041,3002291,12000,2026-08-27T08:22:55Z,銀行振込,increment-run-003,workshop-participant,donation_events_003.csv,2026-09-01T00:03:20Z
EVT-FRS-007787,6007787,2002293,122106,3002643,15000,2026-08-27T08:24:01Z,銀行振込,increment-run-003,workshop-participant,donation_events_003.csv,2026-09-01T00:03:20Z
EVT-FRS-002328,6002328,2001187,322067,3002163,25000,2026-08-27T08:25:52Z,クレジットカード,increment-run-003,workshop-participant,donation_events_003.csv,2026-09-01T00:03:20Z
EVT-FRS-008316,6008316,2007531,242144,3005925,10000,2026-08-27T08:26:13Z,銀行振込,increment-run-003,workshop-participant,donation_events_003.csv,2026-09-01T00:03:20Z
EVT-FRS-013830,6013830,2002785,042099,3005396,10000,2026-08-27T08:27:53Z,クレジットカード,increment-run-003,workshop-participant,donation_events_003.csv,2026-09-01T00:03:20Z
EVT-FRS-013437,6013437,2006900,012190,3002126,10000,2026-08-27T08:28:05Z,クレジットカード,increment-run-003,workshop-participant,donation_events_003.csv,2026-09-01T00:03:20Z
EVT-FRS-012029,6012029,2010944,182028,3004811,20000,2026-08-27T08:30:36Z,クレジットカード,increment-run-003,workshop-participant,donation_events_003.csv,2026-09-01T00:03:20Z
EVT-FRS-003623,6003623,2010898,402214,3004675,12000,2026-08-27T08:30:54Z,クレジットカード,increment-run-003,workshop-participant,donation_events_003.csv,2026-09-01T00:03:20Z
EVT-FRS-012194,6012194,2008255,152111,3002139,70000,2026-08-27T08:31:56Z,クレジットカード,increment-run-003,workshop-participant,donation_events_003.csv,2026-09-01T00:03:20Z
EVT-FRS-011582,6011582,2001151,012190,3001672,8000,2026-08-27T08:36:37Z,クレジットカード,increment-run-003,workshop-participant,donation_events_003.csv,2026-09-01T00:03:20Z
EVT-FRS-013643,6013643,2011181,432148,3004906,10000,2026-08-27T08:40:12Z,クレジットカード,increment-run-003,workshop-participant,donation_events_003.csv,2026-09-01T00:03:20Z
EVT-FRS-008396,6008396,2004040,262048,3004116,10000,2026-08-27T08:40:26Z,電子決済,increment-run-003,workshop-participant,donation_events_003.csv,2026-09-01T00:03:20Z
EVT-FRS-001248,6001248,2004197,464686,3003694,5000,2026-08-27T08:43:05Z,クレジットカード,increment-run-003,workshop-participant,donation_events_003.csv,2026-09-01T00:03:20Z
EVT-FRS-014223,6014223,2000338,452025,3002265,20000,2026-08-27T08:43:37Z,クレジットカード,increment-run-003,workshop-participant,donation_events_003.csv,2026-09-01T00:03:20Z
EVT-FRS-004998,6004998,2006690,062022,3003604,10000,2026-08-27T08:49:52Z,電子決済,increment-run-003,workshop-participant,donation_events_003.csv,2026-09-01T00:03:20Z
EVT-FRS-011936,6011936,2006477,423211,3005521,30000,2026-08-27T08:51:00Z,クレジットカード,increment-run-003,workshop-participant,donation_events_003.csv,2026-09-01T00:03:20Z
EVT-FRS-013692,6013692,2003248,402257,3003638,40000,2026-08-27T08:55:58Z,クレジットカード,increment-run-003,workshop-participant,donation_events_003.csv,2026-09-01T00:03:20Z
EVT-FRS-004489,6004489,2002652,342157,3003725,20000,2026-08-27T08:57:35Z,電子決済,increment-run-003,workshop-participant,donation_events_003.csv,2026-09-01T00:03:20Z
EVT-FRS-005346,6005346,2000952,132110,3003838,20000,2026-08-27T08:58:34Z,クレジットカード,increment-run-003,workshop-participant,donation_events_003.csv,2026-09-01T00:03:20Z
EVT-FRS-011500,6011500,2007689,063410,3000522,10000,2026-08-27T08:58:45Z,クレジットカード,increment-run-003,workshop-participant,donation_events_003.csv,2026-09-01T00:03:20Z
EVT-FRS-002136,6002136,2006844,362051,3004680,25000,2026-08-27T09:00:46Z,クレジットカード,increment-run-003,workshop-participant,donation_events_003.csv,2026-09-01T00:03:20Z
EVT-FRS-000770,6000770,2011169,075027,3002973,10000,2026-08-27T09:03:41Z,クレジットカード,increment-run-003,workshop-participant,donation_events_003.csv,2026-09-01T00:03:20Z
EVT-FRS-002503,6002503,2006211,062120,3001865,12000,2026-08-27T09:04:07Z,クレジットカード,increment-run-003,workshop-participant,donation_events_003.csv,2026-09-01T00:03:20Z
EVT-FRS-013722,6013722,2001246,112062,3003107,20000,2026-08-27T09:05:42Z,クレジットカード,increment-run-003,workshop-participant,donation_events_003.csv,2026-09-01T00:03:20Z
EVT-FRS-001744,6001744,2003571,122165,3002111,8000,2026-08-27T09:07:36Z,電子決済,increment-run-003,workshop-participant,donation_events_003.csv,2026-09-01T00:03:20Z
EVT-FRS-006673,6006673,2006891,131148,3003128,12000,2026-08-27T09:13:21Z,電子決済,increment-run-003,workshop-participant,donation_events_003.csv,2026-09-01T00:03:20Z
EVT-FRS-010314,6010314,2006722,392065,3001973,20000,2026-08-27T09:13:29Z,銀行振込,increment-run-003,workshop-participant,donation_events_003.csv,2026-09-01T00:03:20Z
EVT-FRS-013243,6013243,2006577,232335,3000445,15000,2026-08-27T09:14:55Z,クレジットカード,increment-run-003,workshop-participant,donation_events_003.csv,2026-09-01T00:03:20Z
EVT-FRS-014119,6014119,2008810,222038,3004005,10000,2026-08-27T09:20:19Z,クレジットカード,increment-run-003,workshop-participant,donation_events_003.csv,2026-09-01T00:03:20Z
EVT-FRS-006694,6006694,2010360,452025,3002730,15000,2026-08-27T09:26:31Z,クレジットカード,increment-run-003,workshop-participant,donation_events_003.csv,2026-09-01T00:03:20Z
EVT-FRS-001564,6001564,2003507,014052,3004500,20000,2026-08-27T09:27:41Z,電子決済,increment-run-003,workshop-participant,donation_events_003.csv,2026-09-01T00:03:20Z
EVT-FRS-005757,6005757,2009496,462241,3001592,50000,2026-08-27T09:29:05Z,クレジットカード,increment-run-003,workshop-participant,donation_events_003.csv,2026-09-01T00:03:20Z
EVT-FRS-003351,6003351,2001377,082228,3002635,15000,2026-08-27T09:30:29Z,電子決済,increment-run-003,workshop-participant,donation_events_003.csv,2026-09-01T00:03:20Z
EVT-FRS-007508,6007508,2011552,182095,3000297,10000,2026-08-27T09:38:44Z,クレジットカード,increment-run-003,workshop-participant,donation_events_003.csv,2026-09-01T00:03:20Z
EVT-FRS-008391,6008391,2006136,242080,3005490,12000,2026-08-27T09:39:13Z,クレジットカード,increment-run-003,workshop-participant,donation_events_003.csv,2026-09-01T00:03:20Z
EVT-FRS-005632,6005632,2008449,322059,3001263,20000,2026-08-27T09:43:26Z,クレジットカード,increment-run-003,workshop-participant,donation_events_003.csv,2026-09-01T00:03:20Z
EVT-FRS-005803,6005803,2009878,292052,3005654,15000,2026-08-27T09:55:07Z,クレジットカード,increment-run-003,workshop-participant,donation_events_003.csv,2026-09-01T00:03:20Z
EVT-FRS-000005,6000005,2007489,112291,3003493,15000,2026-08-27T09:56:38Z,銀行振込,increment-run-003,workshop-participant,donation_events_003.csv,2026-09-01T00:03:20Z
EVT-FRS-000920,6000920,2007089,022071,3005607,20000,2026-08-27T09:59:13Z,クレジットカード,increment-run-003,workshop-participant,donation_events_003.csv,2026-09-01T00:03:20Z
EVT-FRS-002730,6002730,2004139,232351,3004367,5000,2026-08-27T09:59:48Z,クレジットカード,increment-run-003,workshop-participant,donation_events_003.csv,2026-09-01T00:03:20Z
EVT-FRS-005209,6005209,2011821,082317,3005687,10000,2026-08-27T10:01:20Z,コンビニ決済,increment-run-003,workshop-participant,donation_events_003.csv,2026-09-01T00:03:20Z
EVT-FRS-012034,6012034,2011750,292036,3000363,5000,2026-08-27T10:07:07Z,クレジットカード,increment-run-003,workshop-participant,donation_events_003.csv,2026-09-01T00:03:20Z
EVT-FRS-004680,6004680,2002064,442089,3003756,10000,2026-08-27T10:14:48Z,クレジットカード,increment-run-003,workshop-participant,donation_events_003.csv,2026-09-01T00:03:20Z
EVT-FRS-004119,6004119,2010044,272175,3002303,10000,2026-08-27T10:16:33Z,電子決済,increment-run-003,workshop-participant,donation_events_003.csv,2026-09-01T00:03:20Z
EVT-FRS-011890,6011890,2007366,212032,3004789,15000,2026-08-27T10:20:27Z,クレジットカード,increment-run-003,workshop-participant,donation_events_003.csv,2026-09-01T00:03:20Z
EVT-FRS-008330,6008330,2002895,282260,3003454,15000,2026-08-27T10:22:25Z,銀行振込,increment-run-003,workshop-participant,donation_events_003.csv,2026-09-01T00:03:20Z
EVT-FRS-007503,6007503,2002832,112119,3002092,20000,2026-08-27T10:22:45Z,クレジットカード,increment-run-003,workshop-participant,donation_events_003.csv,2026-09-01T00:03:20Z
EVT-FRS-013034,6013034,2004558,072028,3002029,10000,2026-08-27T10:30:56Z,電子決済,increment-run-003,workshop-participant,donation_events_003.csv,2026-09-01T00:03:20Z
EVT-FRS-002914,6002914,2010240,082325,3003242,20000,2026-08-27T10:35:20Z,クレジットカード,increment-run-003,workshop-participant,donation_events_003.csv,2026-09-01T00:03:20Z
EVT-FRS-010260,6010260,2008005,212105,3004375,25000,2026-08-27T10:35:23Z,銀行振込,increment-run-003,workshop-participant,donation_events_003.csv,2026-09-01T00:03:20Z
EVT-FRS-002899,6002899,2003466,452025,3002268,15000,2026-08-27T10:38:25Z,クレジットカード,increment-run-003,workshop-participant,donation_events_003.csv,2026-09-01T00:03:20Z
EVT-FRS-011024,6011024,2007211,062090,3002120,20000,2026-08-27T10:38:50Z,クレジットカード,increment-run-003,workshop-participant,donation_events_003.csv,2026-09-01T00:03:20Z
EVT-FRS-002847,6002847,2010055,423211,3005521,12000,2026-08-27T10:41:11Z,電子決済,increment-run-003,workshop-participant,donation_events_003.csv,2026-09-01T00:03:20Z
EVT-FRS-001719,6001719,2001407,042030,3000506,25000,2026-08-27T10:42:43Z,電子決済,increment-run-003,workshop-participant,donation_events_003.csv,2026-09-01T00:03:20Z
EVT-FRS-001682,6001682,2009559,302040,3003997,20000,2026-08-27T10:43:33Z,クレジットカード,increment-run-003,workshop-participant,donation_events_003.csv,2026-09-01T00:03:20Z
EVT-FRS-012057,6012057,2003245,112437,3003085,12000,2026-08-27T10:45:35Z,クレジットカード,increment-run-003,workshop-participant,donation_events_003.csv,2026-09-01T00:03:20Z
EVT-FRS-011057,6011057,2006822,022012,3000455,15000,2026-08-27T10:46:15Z,クレジットカード,increment-run-003,workshop-participant,donation_events_003.csv,2026-09-01T00:03:20Z
EVT-FRS-001972,6001972,2010898,132128,3005484,12000,2026-08-27T10:47:07Z,銀行振込,increment-run-003,workshop-participant,donation_events_003.csv,2026-09-01T00:03:20Z
EVT-FRS-000302,6000302,2009568,122343,3001496,15000,2026-08-27T10:49:33Z,銀行振込,increment-run-003,workshop-participant,donation_events_003.csv,2026-09-01T00:03:20Z
EVT-FRS-004619,6004619,2009512,072095,3005532,10000,2026-08-27T10:55:56Z,銀行振込,increment-run-003,workshop-participant,donation_events_003.csv,2026-09-01T00:03:20Z
EVT-FRS-007015,6007015,2011910,232033,3003788,10000,2026-08-27T10:56:20Z,電子決済,increment-run-003,workshop-participant,donation_events_003.csv,2026-09-01T00:03:20Z
EVT-FRS-009579,6009579,2005205,192082,3000794,25000,2026-08-27T11:06:28Z,銀行振込,increment-run-003,workshop-participant,donation_events_003.csv,2026-09-01T00:03:20Z
EVT-FRS-004500,6004500,2011681,224243,3001843,15000,2026-08-27T11:06:56Z,電子決済,increment-run-003,workshop-participant,donation_events_003.csv,2026-09-01T00:03:20Z
EVT-FRS-013886,6013886,2006044,272132,3000548,10000,2026-08-27T11:11:12Z,クレジットカード,increment-run-003,workshop-participant,donation_events_003.csv,2026-09-01T00:03:20Z
EVT-FRS-005782,6005782,2002922,111007,3002923,10000,2026-08-27T11:14:13Z,クレジットカード,increment-run-003,workshop-participant,donation_events_003.csv,2026-09-01T00:03:20Z
EVT-FRS-013523,6013523,2002844,082163,3000630,10000,2026-08-27T11:20:44Z,クレジットカード,increment-run-003,workshop-participant,donation_events_003.csv,2026-09-01T00:03:20Z
EVT-FRS-012885,6012885,2011160,465020,3000606,12000,2026-08-27T11:22:01Z,電子決済,increment-run-003,workshop-participant,donation_events_003.csv,2026-09-01T00:03:20Z
EVT-FRS-012400,6012400,2004319,342084,3003681,12000,2026-08-27T11:24:57Z,電子決済,increment-run-003,workshop-participant,donation_events_003.csv,2026-09-01T00:03:20Z
EVT-FRS-004636,6004636,2003442,082112,3002739,15000,2026-08-27T11:26:46Z,電子決済,increment-run-003,workshop-participant,donation_events_003.csv,2026-09-01T00:03:20Z
EVT-FRS-004017,6004017,2001904,452068,3000923,10000,2026-08-27T11:27:20Z,クレジットカード,increment-run-003,workshop-participant,donation_events_003.csv,2026-09-01T00:03:20Z
EVT-FRS-009738,6009738,2011463,312011,3001241,15000,2026-08-27T11:31:37Z,クレジットカード,increment-run-003,workshop-participant,donation_events_003.csv,2026-09-01T00:03:20Z
EVT-FRS-001866,6001866,2011065,432113,3004263,20000,2026-08-27T11:35:33Z,電子決済,increment-run-003,workshop-participant,donation_events_003.csv,2026-09-01T00:03:20Z
EVT-FRS-006691,6006691,2010602,442020,3005660,10000,2026-08-27T11:37:37Z,電子決済,increment-run-003,workshop-participant,donation_events_003.csv,2026-09-01T00:03:20Z
EVT-FRS-004281,6004281,2001438,082121,3002417,12000,2026-08-27T11:52:35Z,クレジットカード,increment-run-003,workshop-participant,donation_events_003.csv,2026-09-01T00:03:20Z
EVT-FRS-012778,6012778,2009016,402141,3002645,15000,2026-08-27T11:53:56Z,クレジットカード,increment-run-003,workshop-participant,donation_events_003.csv,2026-09-01T00:03:20Z
EVT-FRS-008047,6008047,2002469,112151,3005861,10000,2026-08-27T11:57:19Z,クレジットカード,increment-run-003,workshop-participant,donation_events_003.csv,2026-09-01T00:03:20Z
EVT-FRS-001901,6001901,2011059,152137,3000528,20000,2026-08-27T12:01:37Z,クレジットカード,increment-run-003,workshop-participant,donation_events_003.csv,2026-09-01T00:03:20Z
EVT-FRS-011922,6011922,2007778,182087,3001071,10000,2026-08-27T12:01:57Z,クレジットカード,increment-run-003,workshop-participant,donation_events_003.csv,2026-09-01T00:03:20Z
EVT-FRS-011045,6011045,2005189,272256,3000676,30000,2026-08-27T12:06:50Z,クレジットカード,increment-run-003,workshop-participant,donation_events_003.csv,2026-09-01T00:03:20Z
EVT-FRS-013261,6013261,2006653,442135,3005200,10000,2026-08-27T12:11:47Z,電子決済,increment-run-003,workshop-participant,donation_events_003.csv,2026-09-01T00:03:20Z
EVT-FRS-014347,6014347,2007176,012190,3001672,30000,2026-08-27T12:18:08Z,電子決済,increment-run-003,workshop-participant,donation_events_003.csv,2026-09-01T00:03:20Z
EVT-FRS-014533,6014533,2004576,112020,3004330,8000,2026-08-27T12:18:21Z,クレジットカード,increment-run-003,workshop-participant,donation_events_003.csv,2026-09-01T00:03:20Z
EVT-FRS-003575,6003575,2000462,281000,3003624,40000,2026-08-27T12:23:46Z,電子決済,increment-run-003,workshop-participant,donation_events_003.csv,2026-09-01T00:03:20Z
EVT-FRS-012647,6012647,2010043,143421,3001658,12000,2026-08-27T12:27:47Z,電子決済,increment-run-003,workshop-participant,donation_events_003.csv,2026-09-01T00:03:20Z
EVT-FRS-011132,6011132,2000361,132241,3004777,15000,2026-08-27T12:27:58Z,クレジットカード,increment-run-003,workshop-participant,donation_events_003.csv,2026-09-01T00:03:20Z
EVT-FRS-004139,6004139,2002507,112321,3003106,10000,2026-08-27T12:37:50Z,クレジットカード,increment-run-003,workshop-participant,donation_events_003.csv,2026-09-01T00:03:20Z
EVT-FRS-012968,6012968,2003754,222127,3003026,10000,2026-08-27T12:44:06Z,コンビニ決済,increment-run-003,workshop-participant,donation_events_003.csv,2026-09-01T00:03:20Z
EVT-FRS-009566,6009566,2003868,464686,3002300,15000,2026-08-27T12:48:33Z,電子決済,increment-run-003,workshop-participant,donation_events_003.csv,2026-09-01T00:03:20Z
EVT-FRS-004707,6004707,2008118,172057,3003537,15000,2026-08-27T12:50:42Z,クレジットカード,increment-run-003,workshop-participant,donation_events_003.csv,2026-09-01T00:03:20Z
EVT-FRS-002976,6002976,2005925,412058,3001350,20000,2026-08-27T12:53:18Z,クレジットカード,increment-run-003,workshop-participant,donation_events_003.csv,2026-09-01T00:03:20Z
EVT-FRS-002983,6002983,2006547,012173,3003495,10000,2026-08-27T13:02:23Z,クレジットカード,increment-run-003,workshop-participant,donation_events_003.csv,2026-09-01T00:03:20Z
EVT-FRS-014054,6014054,2005658,082163,3002600,15000,2026-08-27T13:02:24Z,クレジットカード,increment-run-003,workshop-participant,donation_events_003.csv,2026-09-01T00:03:20Z
EVT-FRS-009873,6009873,2004368,032085,3002719,50000,2026-08-27T13:02:25Z,電子決済,increment-run-003,workshop-participant,donation_events_003.csv,2026-09-01T00:03:20Z
EVT-FRS-001361,6001361,2004179,022080,3001572,10000,2026-08-27T13:03:06Z,クレジットカード,increment-run-003,workshop-participant,donation_events_003.csv,2026-09-01T00:03:20Z
EVT-FRS-001550,6001550,2004660,222208,3004192,25000,2026-08-27T13:04:02Z,電子決済,increment-run-003,workshop-participant,donation_events_003.csv,2026-09-01T00:03:20Z
EVT-FRS-000800,6000800,2010192,082325,3003980,15000,2026-08-27T13:06:36Z,クレジットカード,increment-run-003,workshop-participant,donation_events_003.csv,2026-09-01T00:03:20Z
EVT-FRS-009951,6009951,2004154,313904,3004792,30000,2026-08-27T13:08:43Z,クレジットカード,increment-run-003,workshop-participant,donation_events_003.csv,2026-09-01T00:03:20Z
EVT-FRS-013995,6013995,2006461,372013,3001414,15000,2026-08-27T13:09:17Z,クレジットカード,increment-run-003,workshop-participant,donation_events_003.csv,2026-09-01T00:03:20Z
EVT-FRS-008323,6008323,2005837,012084,3002792,30000,2026-08-27T13:13:52Z,クレジットカード,increment-run-003,workshop-participant,donation_events_003.csv,2026-09-01T00:03:20Z
EVT-FRS-004341,6004341,2009647,342149,3004007,12000,2026-08-27T13:18:02Z,クレジットカード,increment-run-003,workshop-participant,donation_events_003.csv,2026-09-01T00:03:20Z
EVT-FRS-009277,6009277,2009021,032018,3004879,10000,2026-08-27T13:18:20Z,コンビニ決済,increment-run-003,workshop-participant,donation_events_003.csv,2026-09-01T00:03:20Z
EVT-FRS-011801,6011801,2009842,322016,3004143,25000,2026-08-27T13:21:13Z,クレジットカード,increment-run-003,workshop-participant,donation_events_003.csv,2026-09-01T00:03:20Z
EVT-FRS-005303,6005303,2003398,472123,3003348,15000,2026-08-27T13:22:03Z,クレジットカード,increment-run-003,workshop-participant,donation_events_003.csv,2026-09-01T00:03:20Z
EVT-FRS-004840,6004840,2006087,282294,3005369,8000,2026-08-27T13:23:39Z,クレジットカード,increment-run-003,workshop-participant,donation_events_003.csv,2026-09-01T00:03:20Z
EVT-FRS-005347,6005347,2003409,242161,3002472,12000,2026-08-27T13:27:23Z,電子決済,increment-run-003,workshop-participant,donation_events_003.csv,2026-09-01T00:03:20Z
EVT-FRS-002083,6002083,2005246,202142,3002389,50000,2026-08-27T13:33:52Z,クレジットカード,increment-run-003,workshop-participant,donation_events_003.csv,2026-09-01T00:03:20Z
EVT-FRS-005769,6005769,2007104,112216,3000654,20000,2026-08-27T13:36:17Z,クレジットカード,increment-run-003,workshop-participant,donation_events_003.csv,2026-09-01T00:03:20Z
EVT-FRS-002225,6002225,2006586,131199,3001621,20000,2026-08-27T13:37:00Z,コンビニ決済,increment-run-003,workshop-participant,donation_events_003.csv,2026-09-01T00:03:20Z
EVT-FRS-001084,6001084,2008977,122343,3003672,5000,2026-08-27T13:37:04Z,クレジットカード,increment-run-003,workshop-participant,donation_events_003.csv,2026-09-01T00:03:20Z
EVT-FRS-001044,6001044,2009610,232033,3005166,15000,2026-08-27T13:37:06Z,電子決済,increment-run-003,workshop-participant,donation_events_003.csv,2026-09-01T00:03:20Z
EVT-FRS-005884,6005884,2006489,182087,3000467,10000,2026-08-27T13:41:39Z,コンビニ決済,increment-run-003,workshop-participant,donation_events_003.csv,2026-09-01T00:03:20Z
EVT-FRS-000985,6000985,2005131,204145,3000952,25000,2026-08-27T13:50:49Z,クレジットカード,increment-run-003,workshop-participant,donation_events_003.csv,2026-09-01T00:03:20Z
EVT-FRS-006922,6006922,2000858,442135,3003352,10000,2026-08-27T13:52:07Z,クレジットカード,increment-run-003,workshop-participant,donation_events_003.csv,2026-09-01T00:03:20Z
EVT-FRS-006310,6006310,2006167,122165,3000369,8000,2026-08-27T13:53:02Z,クレジットカード,increment-run-003,workshop-participant,donation_events_003.csv,2026-09-01T00:03:20Z
EVT-FRS-003753,6003753,2006786,452025,3003435,30000,2026-08-27T13:57:20Z,クレジットカード,increment-run-003,workshop-participant,donation_events_003.csv,2026-09-01T00:03:20Z
EVT-FRS-006396,6006396,2006923,192023,3004539,25000,2026-08-27T13:57:44Z,クレジットカード,increment-run-003,workshop-participant,donation_events_003.csv,2026-09-01T00:03:20Z
EVT-FRS-008228,6008228,2007391,064262,3004287,10000,2026-08-27T14:04:21Z,銀行振込,increment-run-003,workshop-participant,donation_events_003.csv,2026-09-01T00:03:20Z
EVT-FRS-008972,6008972,2010817,182095,3000297,12000,2026-08-27T14:05:23Z,銀行振込,increment-run-003,workshop-participant,donation_events_003.csv,2026-09-01T00:03:20Z
EVT-FRS-012874,6012874,2007030,152277,3000060,8000,2026-08-27T14:07:16Z,クレジットカード,increment-run-003,workshop-participant,donation_events_003.csv,2026-09-01T00:03:20Z
EVT-FRS-007611,6007611,2010638,231002,3001053,10000,2026-08-27T14:07:37Z,クレジットカード,increment-run-003,workshop-participant,donation_events_003.csv,2026-09-01T00:03:20Z
EVT-FRS-007128,6007128,2000210,442089,3001371,20000,2026-08-27T14:15:16Z,電子決済,increment-run-003,workshop-participant,donation_events_003.csv,2026-09-01T00:03:20Z
EVT-FRS-010366,6010366,2003037,122106,3003869,8000,2026-08-27T14:22:17Z,クレジットカード,increment-run-003,workshop-participant,donation_events_003.csv,2026-09-01T00:03:20Z
EVT-FRS-010324,6010324,2011098,232092,3001544,10000,2026-08-27T14:23:02Z,銀行振込,increment-run-003,workshop-participant,donation_events_003.csv,2026-09-01T00:03:20Z
EVT-FRS-014357,6014357,2001560,262064,3000293,10000,2026-08-27T14:24:03Z,電子決済,increment-run-003,workshop-participant,donation_events_003.csv,2026-09-01T00:03:20Z
EVT-FRS-002102,6002102,2011437,112186,3002992,5000,2026-08-27T14:24:53Z,銀行振込,increment-run-003,workshop-participant,donation_events_003.csv,2026-09-01T00:03:20Z
EVT-FRS-000032,6000032,2009973,452041,3002113,12000,2026-08-27T14:29:17Z,クレジットカード,increment-run-003,workshop-participant,donation_events_003.csv,2026-09-01T00:03:20Z
EVT-FRS-010904,6010904,2004978,294462,3003201,10000,2026-08-27T14:30:24Z,クレジットカード,increment-run-003,workshop-participant,donation_events_003.csv,2026-09-01T00:03:20Z
EVT-FRS-003974,6003974,2010229,142182,3000343,12000,2026-08-27T14:32:06Z,クレジットカード,increment-run-003,workshop-participant,donation_events_003.csv,2026-09-01T00:03:20Z
EVT-FRS-002821,6002821,2005707,172073,3004109,20000,2026-08-27T14:33:22Z,クレジットカード,increment-run-003,workshop-participant,donation_events_003.csv,2026-09-01T00:03:20Z
EVT-FRS-013394,6013394,2010945,022012,3000540,10000,2026-08-27T14:38:38Z,クレジットカード,increment-run-003,workshop-participant,donation_events_003.csv,2026-09-01T00:03:20Z
EVT-FRS-007878,6007878,2007223,032107,3001964,5000,2026-08-27T14:38:42Z,クレジットカード,increment-run-003,workshop-participant,donation_events_003.csv,2026-09-01T00:03:20Z
EVT-FRS-007722,6007722,2004650,442046,3000475,5000,2026-08-27T14:39:11Z,銀行振込,increment-run-003,workshop-participant,donation_events_003.csv,2026-09-01T00:03:20Z
EVT-FRS-014772,6014772,2009295,182087,3004186,25000,2026-08-27T14:47:37Z,コンビニ決済,increment-run-003,workshop-participant,donation_events_003.csv,2026-09-01T00:03:20Z
EVT-FRS-000647,6000647,2008530,222127,3000099,10000,2026-08-27T14:53:27Z,電子決済,increment-run-003,workshop-participant,donation_events_003.csv,2026-09-01T00:03:20Z
EVT-FRS-007666,6007666,2001359,242055,3000872,40000,2026-08-27T15:01:08Z,銀行振込,increment-run-003,workshop-participant,donation_events_003.csv,2026-09-01T00:03:20Z
EVT-FRS-005912,6005912,2010726,142182,3001240,10000,2026-08-27T15:05:26Z,銀行振込,increment-run-003,workshop-participant,donation_events_003.csv,2026-09-01T00:03:20Z
EVT-FRS-007299,6007299,2004262,062103,3005239,10000,2026-08-27T15:05:42Z,クレジットカード,increment-run-003,workshop-participant,donation_events_003.csv,2026-09-01T00:03:20Z
EVT-FRS-003821,6003821,2008866,231002,3000354,12000,2026-08-27T15:08:11Z,クレジットカード,increment-run-003,workshop-participant,donation_events_003.csv,2026-09-01T00:03:20Z
EVT-FRS-007765,6007765,2004204,092169,3005113,30000,2026-08-27T15:08:34Z,クレジットカード,increment-run-003,workshop-participant,donation_events_003.csv,2026-09-01T00:03:20Z
EVT-FRS-007635,6007635,2002935,182087,3002969,12000,2026-08-27T15:12:03Z,電子決済,increment-run-003,workshop-participant,donation_events_003.csv,2026-09-01T00:03:20Z
EVT-FRS-011944,6011944,2009482,012271,3003936,12000,2026-08-27T15:16:58Z,電子決済,increment-run-003,workshop-participant,donation_events_003.csv,2026-09-01T00:03:20Z
EVT-FRS-004114,6004114,2001219,192147,3004237,10000,2026-08-27T15:19:48Z,クレジットカード,increment-run-003,workshop-participant,donation_events_003.csv,2026-09-01T00:03:20Z
EVT-FRS-007234,6007234,2004239,342092,3003144,10000,2026-08-27T15:20:55Z,クレジットカード,increment-run-003,workshop-participant,donation_events_003.csv,2026-09-01T00:03:20Z
EVT-FRS-003569,6003569,2000593,012084,3002792,20000,2026-08-27T15:24:06Z,電子決済,increment-run-003,workshop-participant,donation_events_003.csv,2026-09-01T00:03:20Z
EVT-FRS-010086,6010086,2010564,362018,3004275,12000,2026-08-27T15:27:40Z,電子決済,increment-run-003,workshop-participant,donation_events_003.csv,2026-09-01T00:03:20Z
EVT-FRS-000797,6000797,2008518,352080,3001585,10000,2026-08-27T15:29:01Z,クレジットカード,increment-run-003,workshop-participant,donation_events_003.csv,2026-09-01T00:03:20Z
EVT-FRS-010295,6010295,2008351,452068,3004711,5000,2026-08-27T15:31:25Z,クレジットカード,increment-run-003,workshop-participant,donation_events_003.csv,2026-09-01T00:03:20Z
EVT-FRS-004099,6004099,2007498,232238,3002224,15000,2026-08-27T15:31:54Z,クレジットカード,increment-run-003,workshop-participant,donation_events_003.csv,2026-09-01T00:03:20Z
EVT-FRS-002552,6002552,2010657,072044,3000532,50000,2026-08-27T15:32:13Z,電子決済,increment-run-003,workshop-participant,donation_events_003.csv,2026-09-01T00:03:20Z
EVT-FRS-004086,6004086,2001157,212172,3001983,5000,2026-08-27T15:34:29Z,クレジットカード,increment-run-003,workshop-participant,donation_events_003.csv,2026-09-01T00:03:20Z
EVT-FRS-003473,6003473,2008855,112399,3002954,10000,2026-08-27T15:43:25Z,クレジットカード,increment-run-003,workshop-participant,donation_events_003.csv,2026-09-01T00:03:20Z
EVT-FRS-008374,6008374,2005336,182052,3005605,15000,2026-08-27T15:45:56Z,クレジットカード,increment-run-003,workshop-participant,donation_events_003.csv,2026-09-01T00:03:20Z
EVT-FRS-002695,6002695,2007812,432164,3005154,20000,2026-08-27T15:48:39Z,クレジットカード,increment-run-003,workshop-participant,donation_events_003.csv,2026-09-01T00:03:20Z
EVT-FRS-000555,6000555,2008828,462012,3001763,12000,2026-08-27T15:50:10Z,クレジットカード,increment-run-003,workshop-participant,donation_events_003.csv,2026-09-01T00:03:20Z
EVT-FRS-000659,6000659,2009676,363421,3002529,20000,2026-08-27T15:53:25Z,クレジットカード,increment-run-003,workshop-participant,donation_events_003.csv,2026-09-01T00:03:20Z
EVT-FRS-003416,6003416,2010100,014567,3005242,12000,2026-08-27T15:53:46Z,クレジットカード,increment-run-003,workshop-participant,donation_events_003.csv,2026-09-01T00:03:20Z
EVT-FRS-007251,6007251,2011400,112453,3005253,20000,2026-08-27T15:58:40Z,銀行振込,increment-run-003,workshop-participant,donation_events_003.csv,2026-09-01T00:03:20Z
EVT-FRS-007684,6007684,2010755,205621,3001679,20000,2026-08-27T15:59:27Z,コンビニ決済,increment-run-003,workshop-participant,donation_events_003.csv,2026-09-01T00:03:20Z
EVT-FRS-008324,6008324,2010086,013960,3001199,8000,2026-08-27T16:03:44Z,クレジットカード,increment-run-003,workshop-participant,donation_events_003.csv,2026-09-01T00:03:20Z
EVT-FRS-001492,6001492,2008434,042072,3003933,8000,2026-08-27T16:06:11Z,クレジットカード,increment-run-003,workshop-participant,donation_events_003.csv,2026-09-01T00:03:20Z
EVT-FRS-002231,6002231,2005951,082287,3000284,10000,2026-08-27T16:09:08Z,クレジットカード,increment-run-003,workshop-participant,donation_events_003.csv,2026-09-01T00:03:20Z
EVT-FRS-002312,6002312,2006779,182028,3002137,5000,2026-08-27T16:11:14Z,クレジットカード,increment-run-003,workshop-participant,donation_events_003.csv,2026-09-01T00:03:20Z
EVT-FRS-011723,6011723,2005959,462080,3001315,15000,2026-08-27T16:14:01Z,電子決済,increment-run-003,workshop-participant,donation_events_003.csv,2026-09-01T00:03:20Z
EVT-FRS-005985,6005985,2010823,402273,3003966,5000,2026-08-27T16:19:45Z,クレジットカード,increment-run-003,workshop-participant,donation_events_003.csv,2026-09-01T00:03:20Z
EVT-FRS-000440,6000440,2008806,232262,3000856,20000,2026-08-27T16:21:01Z,クレジットカード,increment-run-003,workshop-participant,donation_events_003.csv,2026-09-01T00:03:20Z
EVT-FRS-014548,6014548,2007143,341002,3004993,15000,2026-08-27T16:33:48Z,クレジットカード,increment-run-003,workshop-participant,donation_events_003.csv,2026-09-01T00:03:20Z
EVT-FRS-009123,6009123,2004240,052141,3004446,8000,2026-08-27T16:33:56Z,クレジットカード,increment-run-003,workshop-participant,donation_events_003.csv,2026-09-01T00:03:20Z
EVT-FRS-008975,6008975,2009570,082163,3004850,15000,2026-08-27T16:37:34Z,クレジットカード,increment-run-003,workshop-participant,donation_events_003.csv,2026-09-01T00:03:20Z
EVT-FRS-010472,6010472,2006953,131156,3000683,10000,2026-08-27T16:40:17Z,電子決済,increment-run-003,workshop-participant,donation_events_003.csv,2026-09-01T00:03:20Z
EVT-FRS-003190,6003190,2003605,062138,3005271,10000,2026-08-27T16:41:22Z,クレジットカード,increment-run-003,workshop-participant,donation_events_003.csv,2026-09-01T00:03:20Z
EVT-FRS-010474,6010474,2009867,372048,3003720,50000,2026-08-27T16:48:14Z,銀行振込,increment-run-003,workshop-participant,donation_events_003.csv,2026-09-01T00:03:20Z
EVT-FRS-004322,6004322,2009029,111007,3005885,50000,2026-08-27T16:58:24Z,クレジットカード,increment-run-003,workshop-participant,donation_events_003.csv,2026-09-01T00:03:20Z
EVT-FRS-003994,6003994,2000900,044229,3005567,10000,2026-08-27T16:59:36Z,クレジットカード,increment-run-003,workshop-participant,donation_events_003.csv,2026-09-01T00:03:20Z
EVT-FRS-010593,6010593,2006967,272132,3000548,20000,2026-08-27T17:01:18Z,クレジットカード,increment-run-003,workshop-participant,donation_events_003.csv,2026-09-01T00:03:20Z
EVT-FRS-001676,6001676,2000152,453617,3002492,10000,2026-08-27T17:02:10Z,コンビニ決済,increment-run-003,workshop-participant,donation_events_003.csv,2026-09-01T00:03:20Z
EVT-FRS-009388,6009388,2008860,182052,3004934,20000,2026-08-27T17:07:24Z,クレジットカード,increment-run-003,workshop-participant,donation_events_003.csv,2026-09-01T00:03:20Z
EVT-FRS-008550,6008550,2011398,132039,3005556,12000,2026-08-27T17:09:08Z,クレジットカード,increment-run-003,workshop-participant,donation_events_003.csv,2026-09-01T00:03:20Z
EVT-FRS-012909,6012909,2011868,111007,3002923,30000,2026-08-27T17:10:21Z,クレジットカード,increment-run-003,workshop-participant,donation_events_003.csv,2026-09-01T00:03:20Z
EVT-FRS-010546,6010546,2008223,122050,3002098,5000,2026-08-27T17:14:53Z,クレジットカード,increment-run-003,workshop-participant,donation_events_003.csv,2026-09-01T00:03:20Z
EVT-FRS-007352,6007352,2008540,282197,3000672,12000,2026-08-27T17:36:51Z,銀行振込,increment-run-003,workshop-participant,donation_events_003.csv,2026-09-01T00:03:20Z
EVT-FRS-011571,6011571,2009527,382108,3003125,20000,2026-08-27T17:37:03Z,クレジットカード,increment-run-003,workshop-participant,donation_events_003.csv,2026-09-01T00:03:20Z
EVT-FRS-005326,6005326,2007607,215058,3002677,10000,2026-08-27T17:44:02Z,銀行振込,increment-run-003,workshop-participant,donation_events_003.csv,2026-09-01T00:03:20Z
EVT-FRS-003608,6003608,2007454,212202,3002014,8000,2026-08-27T17:44:16Z,クレジットカード,increment-run-003,workshop-participant,donation_events_003.csv,2026-09-01T00:03:20Z
EVT-FRS-012051,6012051,2005863,092169,3004115,10000,2026-08-27T17:44:55Z,クレジットカード,increment-run-003,workshop-participant,donation_events_003.csv,2026-09-01T00:03:20Z
EVT-FRS-012123,6012123,2007433,452050,3005041,8000,2026-08-27T17:45:10Z,クレジットカード,increment-run-003,workshop-participant,donation_events_003.csv,2026-09-01T00:03:20Z
EVT-FRS-006945,6006945,2005061,141500,3002285,25000,2026-08-27T17:46:15Z,クレジットカード,increment-run-003,workshop-participant,donation_events_003.csv,2026-09-01T00:03:20Z
EVT-FRS-011116,6011116,2003352,075418,3002764,15000,2026-08-27T17:53:00Z,クレジットカード,increment-run-003,workshop-participant,donation_events_003.csv,2026-09-01T00:03:20Z
EVT-FRS-002721,6002721,2006970,242071,3002692,25000,2026-08-27T17:53:48Z,銀行振込,increment-run-003,workshop-participant,donation_events_003.csv,2026-09-01T00:03:20Z
EVT-FRS-005014,6005014,2005151,272132,3005617,25000,2026-08-27T17:55:37Z,クレジットカード,increment-run-003,workshop-participant,donation_events_003.csv,2026-09-01T00:03:20Z
EVT-FRS-011642,6011642,2009870,122394,3004469,8000,2026-08-27T18:01:12Z,クレジットカード,increment-run-003,workshop-participant,donation_events_003.csv,2026-09-01T00:03:20Z
EVT-FRS-003098,6003098,2010510,452025,3005848,15000,2026-08-27T18:02:54Z,電子決済,increment-run-003,workshop-participant,donation_events_003.csv,2026-09-01T00:03:20Z
EVT-FRS-007905,6007905,2001581,062090,3005758,10000,2026-08-27T18:04:36Z,クレジットカード,increment-run-003,workshop-participant,donation_events_003.csv,2026-09-01T00:03:20Z
EVT-FRS-005064,6005064,2002448,132195,3003568,10000,2026-08-27T18:08:23Z,クレジットカード,increment-run-003,workshop-participant,donation_events_003.csv,2026-09-01T00:03:20Z
EVT-FRS-008728,6008728,2005787,272248,3001089,10000,2026-08-27T18:09:56Z,コンビニ決済,increment-run-003,workshop-participant,donation_events_003.csv,2026-09-01T00:03:20Z
EVT-FRS-014287,6014287,2000301,132110,3002960,10000,2026-08-27T18:10:13Z,クレジットカード,increment-run-003,workshop-participant,donation_events_003.csv,2026-09-01T00:03:20Z
EVT-FRS-008746,6008746,2011611,052078,3001876,10000,2026-08-27T18:10:58Z,クレジットカード,increment-run-003,workshop-participant,donation_events_003.csv,2026-09-01T00:03:20Z
EVT-FRS-011427,6011427,2005243,152056,3001132,10000,2026-08-27T18:11:14Z,クレジットカード,increment-run-003,workshop-participant,donation_events_003.csv,2026-09-01T00:03:20Z
EVT-FRS-009341,6009341,2001391,464686,3003500,8000,2026-08-27T18:11:19Z,銀行振込,increment-run-003,workshop-participant,donation_events_003.csv,2026-09-01T00:03:20Z
EVT-FRS-005974,6005974,2007092,014699,3001888,15000,2026-08-27T18:19:18Z,銀行振込,increment-run-003,workshop-participant,donation_events_003.csv,2026-09-01T00:03:20Z
EVT-FRS-007478,6007478,2011382,202185,3001693,5000,2026-08-27T18:22:47Z,銀行振込,increment-run-003,workshop-participant,donation_events_003.csv,2026-09-01T00:03:20Z
EVT-FRS-010779,6010779,2010885,063657,3001034,5000,2026-08-27T18:23:09Z,銀行振込,increment-run-003,workshop-participant,donation_events_003.csv,2026-09-01T00:03:20Z
EVT-FRS-002303,6002303,2009788,142166,3005251,12000,2026-08-27T18:23:57Z,クレジットカード,increment-run-003,workshop-participant,donation_events_003.csv,2026-09-01T00:03:20Z
EVT-FRS-004312,6004312,2009074,462233,3002548,10000,2026-08-27T18:26:55Z,コンビニ決済,increment-run-003,workshop-participant,donation_events_003.csv,2026-09-01T00:03:20Z
EVT-FRS-002531,6002531,2008332,192112,3003615,15000,2026-08-27T18:30:52Z,クレジットカード,increment-run-003,workshop-participant,donation_events_003.csv,2026-09-01T00:03:20Z
EVT-FRS-003776,6003776,2009320,112321,3005703,20000,2026-08-27T18:36:37Z,クレジットカード,increment-run-003,workshop-participant,donation_events_003.csv,2026-09-01T00:03:20Z
EVT-FRS-014714,6014714,2001482,012173,3005932,15000,2026-08-27T18:36:59Z,クレジットカード,increment-run-003,workshop-participant,donation_events_003.csv,2026-09-01T00:03:20Z
EVT-FRS-000259,6000259,2005674,452025,3002268,12000,2026-08-27T18:40:31Z,銀行振込,increment-run-003,workshop-participant,donation_events_003.csv,2026-09-01T00:03:20Z
EVT-FRS-010569,6010569,2003842,142051,3002755,20000,2026-08-27T18:47:23Z,クレジットカード,increment-run-003,workshop-participant,donation_events_003.csv,2026-09-01T00:03:20Z
EVT-FRS-012820,6012820,2006475,402206,3001123,100000,2026-08-27T18:49:34Z,電子決済,increment-run-003,workshop-participant,donation_events_003.csv,2026-09-01T00:03:20Z
EVT-FRS-010657,6010657,2011518,232068,3001226,12000,2026-08-27T18:53:56Z,クレジットカード,increment-run-003,workshop-participant,donation_events_003.csv,2026-09-01T00:03:20Z
EVT-FRS-008411,6008411,2003032,182010,3002405,15000,2026-08-27T18:54:18Z,クレジットカード,increment-run-003,workshop-participant,donation_events_003.csv,2026-09-01T00:03:20Z
EVT-FRS-010280,6010280,2010842,212172,3001983,50000,2026-08-27T18:54:30Z,クレジットカード,increment-run-003,workshop-participant,donation_events_003.csv,2026-09-01T00:03:20Z
EVT-FRS-005118,6005118,2011264,112160,3000329,20000,2026-08-27T18:56:46Z,銀行振込,increment-run-003,workshop-participant,donation_events_003.csv,2026-09-01T00:03:20Z
EVT-FRS-012813,6012813,2004889,462152,3005616,15000,2026-08-27T18:59:40Z,クレジットカード,increment-run-003,workshop-participant,donation_events_003.csv,2026-09-01T00:03:20Z
EVT-FRS-008499,6008499,2002378,052060,3004806,10000,2026-08-27T19:01:37Z,銀行振込,increment-run-003,workshop-participant,donation_events_003.csv,2026-09-01T00:03:20Z
EVT-FRS-007058,6007058,2010807,452025,3003952,10000,2026-08-27T19:02:49Z,クレジットカード,increment-run-003,workshop-participant,donation_events_003.csv,2026-09-01T00:03:20Z
EVT-FRS-008505,6008505,2003524,063223,3001229,15000,2026-08-27T19:03:42Z,コンビニ決済,increment-run-003,workshop-participant,donation_events_003.csv,2026-09-01T00:03:20Z
EVT-FRS-008813,6008813,2009812,182010,3001040,15000,2026-08-27T19:10:10Z,クレジットカード,increment-run-003,workshop-participant,donation_events_003.csv,2026-09-01T00:03:20Z
EVT-FRS-011896,6011896,2002918,016454,3003739,30000,2026-08-27T19:14:39Z,クレジットカード,increment-run-003,workshop-participant,donation_events_003.csv,2026-09-01T00:03:20Z
EVT-FRS-000531,6000531,2011143,122319,3005618,20000,2026-08-27T19:24:38Z,電子決済,increment-run-003,workshop-participant,donation_events_003.csv,2026-09-01T00:03:20Z
EVT-FRS-005059,6005059,2011674,014087,3001083,50000,2026-08-27T19:27:07Z,電子決済,increment-run-003,workshop-participant,donation_events_003.csv,2026-09-01T00:03:20Z
EVT-FRS-007868,6007868,2007911,373222,3002754,10000,2026-08-27T19:33:36Z,クレジットカード,increment-run-003,workshop-participant,donation_events_003.csv,2026-09-01T00:03:20Z
EVT-FRS-007457,6007457,2002294,162086,3002067,10000,2026-08-27T19:37:08Z,電子決済,increment-run-003,workshop-participant,donation_events_003.csv,2026-09-01T00:03:20Z
EVT-FRS-002811,6002811,2005471,232254,3001757,20000,2026-08-27T19:37:28Z,クレジットカード,increment-run-003,workshop-participant,donation_events_003.csv,2026-09-01T00:03:20Z
EVT-FRS-003315,6003315,2006791,202096,3004948,30000,2026-08-27T19:38:38Z,銀行振込,increment-run-003,workshop-participant,donation_events_003.csv,2026-09-01T00:03:20Z
EVT-FRS-008203,6008203,2009912,282219,3003996,12000,2026-08-27T19:41:00Z,電子決済,increment-run-003,workshop-participant,donation_events_003.csv,2026-09-01T00:03:20Z
EVT-FRS-001343,6001343,2009606,272191,3001421,8000,2026-08-27T19:47:11Z,クレジットカード,increment-run-003,workshop-participant,donation_events_003.csv,2026-09-01T00:03:20Z
EVT-FRS-005480,6005480,2005900,202100,3003857,10000,2026-08-27T19:49:26Z,電子決済,increment-run-003,workshop-participant,donation_events_003.csv,2026-09-01T00:03:20Z
EVT-FRS-014012,6014012,2011034,082317,3004106,20000,2026-08-27T19:53:56Z,クレジットカード,increment-run-003,workshop-participant,donation_events_003.csv,2026-09-01T00:03:20Z
EVT-FRS-012610,6012610,2000971,122025,3003333,20000,2026-08-27T19:54:20Z,クレジットカード,increment-run-003,workshop-participant,donation_events_003.csv,2026-09-01T00:03:20Z
EVT-FRS-011628,6011628,2010069,384011,3000827,12000,2026-08-27T19:55:39Z,電子決済,increment-run-003,workshop-participant,donation_events_003.csv,2026-09-01T00:03:20Z
EVT-FRS-010789,6010789,2001381,462250,3003846,15000,2026-08-27T20:02:47Z,クレジットカード,increment-run-003,workshop-participant,donation_events_003.csv,2026-09-01T00:03:20Z
EVT-FRS-004577,6004577,2009997,082309,3003752,20000,2026-08-27T20:12:43Z,銀行振込,increment-run-003,workshop-participant,donation_events_003.csv,2026-09-01T00:03:20Z
EVT-FRS-007717,6007717,2007642,032158,3005046,10000,2026-08-27T20:14:04Z,クレジットカード,increment-run-003,workshop-participant,donation_events_003.csv,2026-09-01T00:03:20Z
EVT-FRS-005089,6005089,2001349,462241,3001592,15000,2026-08-27T20:14:32Z,銀行振込,increment-run-003,workshop-participant,donation_events_003.csv,2026-09-01T00:03:20Z
EVT-FRS-000626,6000626,2008480,124249,3005175,25000,2026-08-27T20:18:00Z,クレジットカード,increment-run-003,workshop-participant,donation_events_003.csv,2026-09-01T00:03:20Z
EVT-FRS-004165,6004165,2000891,292036,3001530,15000,2026-08-27T20:25:49Z,クレジットカード,increment-run-003,workshop-participant,donation_events_003.csv,2026-09-01T00:03:20Z
EVT-FRS-014729,6014729,2009760,122271,3002360,10000,2026-08-27T20:40:58Z,クレジットカード,increment-run-003,workshop-participant,donation_events_003.csv,2026-09-01T00:03:20Z
EVT-FRS-002872,6002872,2006783,072028,3005212,15000,2026-08-27T20:42:51Z,クレジットカード,increment-run-003,workshop-participant,donation_events_003.csv,2026-09-01T00:03:20Z
EVT-FRS-009770,6009770,2005753,292010,3001156,40000,2026-08-27T20:43:13Z,クレジットカード,increment-run-003,workshop-participant,donation_events_003.csv,2026-09-01T00:03:20Z
EVT-FRS-012958,6012958,2000823,452025,3003952,12000,2026-08-27T20:46:33Z,クレジットカード,increment-run-003,workshop-participant,donation_events_003.csv,2026-09-01T00:03:20Z
EVT-FRS-007004,6007004,2007830,222089,3001824,20000,2026-08-27T20:49:11Z,クレジットカード,increment-run-003,workshop-participant,donation_events_003.csv,2026-09-01T00:03:20Z
EVT-FRS-011706,6011706,2006983,111007,3000639,30000,2026-08-27T20:49:49Z,クレジットカード,increment-run-003,workshop-participant,donation_events_003.csv,2026-09-01T00:03:20Z
EVT-FRS-001392,6001392,2000781,012297,3005065,12000,2026-08-27T20:53:08Z,電子決済,increment-run-003,workshop-participant,donation_events_003.csv,2026-09-01T00:03:20Z
EVT-FRS-007601,6007601,2003293,222267,3005121,20000,2026-08-27T20:54:00Z,クレジットカード,increment-run-003,workshop-participant,donation_events_003.csv,2026-09-01T00:03:20Z
EVT-FRS-009643,6009643,2005966,062090,3002851,12000,2026-08-27T20:56:36Z,クレジットカード,increment-run-003,workshop-participant,donation_events_003.csv,2026-09-01T00:03:20Z
EVT-FRS-001426,6001426,2011646,151009,3005770,10000,2026-08-27T21:02:30Z,クレジットカード,increment-run-003,workshop-participant,donation_events_003.csv,2026-09-01T00:03:20Z
EVT-FRS-001120,6001120,2003811,142174,3003517,10000,2026-08-27T21:02:51Z,クレジットカード,increment-run-003,workshop-participant,donation_events_003.csv,2026-09-01T00:03:20Z
EVT-FRS-004542,6004542,2009392,222127,3000099,40000,2026-08-27T21:10:31Z,クレジットカード,increment-run-003,workshop-participant,donation_events_003.csv,2026-09-01T00:03:20Z
EVT-FRS-010553,6010553,2005972,122343,3001496,10000,2026-08-27T21:11:32Z,クレジットカード,increment-run-003,workshop-participant,donation_events_003.csv,2026-09-01T00:03:20Z
EVT-FRS-005662,6005662,2002598,122050,3004312,10000,2026-08-27T21:11:57Z,電子決済,increment-run-003,workshop-participant,donation_events_003.csv,2026-09-01T00:03:20Z
EVT-FRS-000655,6000655,2009108,242098,3002271,10000,2026-08-27T21:18:45Z,クレジットカード,increment-run-003,workshop-participant,donation_events_003.csv,2026-09-01T00:03:20Z
EVT-FRS-009801,6009801,2005210,442119,3004848,20000,2026-08-27T21:19:21Z,クレジットカード,increment-run-003,workshop-participant,donation_events_003.csv,2026-09-01T00:03:20Z
EVT-FRS-002500,6002500,2008629,272043,3003328,10000,2026-08-27T21:20:04Z,電子決済,increment-run-003,workshop-participant,donation_events_003.csv,2026-09-01T00:03:20Z
EVT-FRS-006228,6006228,2009556,082074,3004119,25000,2026-08-27T21:22:31Z,電子決済,increment-run-003,workshop-participant,donation_events_003.csv,2026-09-01T00:03:20Z
EVT-FRS-004856,6004856,2009453,132276,3002538,15000,2026-08-27T21:24:01Z,クレジットカード,increment-run-003,workshop-participant,donation_events_003.csv,2026-09-01T00:03:20Z
EVT-FRS-014232,6014232,2011276,222241,3003706,50000,2026-08-27T21:26:57Z,クレジットカード,increment-run-003,workshop-participant,donation_events_003.csv,2026-09-01T00:03:20Z
EVT-FRS-006066,6006066,2011356,272213,3001155,20000,2026-08-27T21:28:30Z,クレジットカード,increment-run-003,workshop-participant,donation_events_003.csv,2026-09-01T00:03:20Z
EVT-FRS-000970,6000970,2006208,281000,3003624,20000,2026-08-27T21:30:52Z,クレジットカード,increment-run-003,workshop-participant,donation_events_003.csv,2026-09-01T00:03:20Z
EVT-FRS-001148,6001148,2005095,313025,3005591,10000,2026-08-27T21:32:24Z,クレジットカード,increment-run-003,workshop-participant,donation_events_003.csv,2026-09-01T00:03:20Z
EVT-FRS-013914,6013914,2000306,122106,3003869,15000,2026-08-27T21:33:36Z,クレジットカード,increment-run-003,workshop-participant,donation_events_003.csv,2026-09-01T00:03:20Z
EVT-FRS-007366,6007366,2004377,401307,3000659,15000,2026-08-27T21:35:03Z,クレジットカード,increment-run-003,workshop-participant,donation_events_003.csv,2026-09-01T00:03:20Z
EVT-FRS-004631,6004631,2001169,242110,3005686,10000,2026-08-27T21:44:24Z,電子決済,increment-run-003,workshop-participant,donation_events_003.csv,2026-09-01T00:03:20Z
EVT-FRS-010278,6010278,2007769,082201,3002857,5000,2026-08-27T21:44:51Z,銀行振込,increment-run-003,workshop-participant,donation_events_003.csv,2026-09-01T00:03:20Z
EVT-FRS-011141,6011141,2005265,082295,3003797,8000,2026-08-27T21:49:29Z,電子決済,increment-run-003,workshop-participant,donation_events_003.csv,2026-09-01T00:03:20Z
EVT-FRS-009300,6009300,2006622,062065,3005361,50000,2026-08-27T21:49:53Z,クレジットカード,increment-run-003,workshop-participant,donation_events_003.csv,2026-09-01T00:03:20Z
EVT-FRS-010810,6010810,2007785,402265,3001891,10000,2026-08-27T21:50:39Z,クレジットカード,increment-run-003,workshop-participant,donation_events_003.csv,2026-09-01T00:03:20Z
EVT-FRS-000995,6000995,2000662,312011,3004734,150000,2026-08-27T21:56:08Z,クレジットカード,increment-run-003,workshop-participant,donation_events_003.csv,2026-09-01T00:03:20Z
EVT-FRS-002982,6002982,2003567,282219,3004011,15000,2026-08-27T21:58:00Z,クレジットカード,increment-run-003,workshop-participant,donation_events_003.csv,2026-09-01T00:03:20Z
EVT-FRS-012987,6012987,2000595,103667,3000949,10000,2026-08-27T22:00:12Z,クレジットカード,increment-run-003,workshop-participant,donation_events_003.csv,2026-09-01T00:03:20Z
EVT-FRS-014237,6014237,2003711,082252,3002868,30000,2026-08-27T22:00:28Z,クレジットカード,increment-run-003,workshop-participant,donation_events_003.csv,2026-09-01T00:03:20Z
EVT-FRS-010927,6010927,2003915,402133,3004821,10000,2026-08-27T22:01:20Z,クレジットカード,increment-run-003,workshop-participant,donation_events_003.csv,2026-09-01T00:03:20Z
EVT-FRS-001512,6001512,2009969,122246,3000690,40000,2026-08-27T22:05:26Z,クレジットカード,increment-run-003,workshop-participant,donation_events_003.csv,2026-09-01T00:03:20Z
EVT-FRS-013091,6013091,2011696,012262,3001975,10000,2026-08-27T22:06:22Z,電子決済,increment-run-003,workshop-participant,donation_events_003.csv,2026-09-01T00:03:20Z
EVT-FRS-003381,6003381,2008163,322067,3004673,10000,2026-08-27T22:10:38Z,電子決済,increment-run-003,workshop-participant,donation_events_003.csv,2026-09-01T00:03:20Z
EVT-FRS-006894,6006894,2009244,112241,3000802,5000,2026-08-27T22:10:47Z,クレジットカード,increment-run-003,workshop-participant,donation_events_003.csv,2026-09-01T00:03:20Z
EVT-FRS-001032,6001032,2008035,344621,3004962,15000,2026-08-27T22:21:10Z,クレジットカード,increment-run-003,workshop-participant,donation_events_003.csv,2026-09-01T00:03:20Z
EVT-FRS-008969,6008969,2001410,282197,3005360,20000,2026-08-27T22:23:06Z,電子決済,increment-run-003,workshop-participant,donation_events_003.csv,2026-09-01T00:03:20Z
EVT-FRS-004441,6004441,2002047,012262,3000968,15000,2026-08-27T22:24:54Z,クレジットカード,increment-run-003,workshop-participant,donation_events_003.csv,2026-09-01T00:03:20Z
EVT-FRS-008771,6008771,2009412,072079,3001610,12000,2026-08-27T22:25:01Z,銀行振込,increment-run-003,workshop-participant,donation_events_003.csv,2026-09-01T00:03:20Z
EVT-FRS-005845,6005845,2000995,082261,3002932,20000,2026-08-27T22:25:40Z,クレジットカード,increment-run-003,workshop-participant,donation_events_003.csv,2026-09-01T00:03:20Z
EVT-FRS-001072,6001072,2003684,302031,3001093,8000,2026-08-27T22:28:43Z,クレジットカード,increment-run-003,workshop-participant,donation_events_003.csv,2026-09-01T00:03:20Z
EVT-FRS-000601,6000601,2006024,465275,3002338,25000,2026-08-27T22:30:05Z,クレジットカード,increment-run-003,workshop-participant,donation_events_003.csv,2026-09-01T00:03:20Z
EVT-FRS-001147,6001147,2003303,092053,3004916,10000,2026-08-27T22:30:33Z,クレジットカード,increment-run-003,workshop-participant,donation_events_003.csv,2026-09-01T00:03:20Z
EVT-FRS-003586,6003586,2001570,222194,3001954,25000,2026-08-27T22:32:57Z,電子決済,increment-run-003,workshop-participant,donation_events_003.csv,2026-09-01T00:03:20Z
EVT-FRS-005280,6005280,2006156,142166,3005251,20000,2026-08-27T22:35:06Z,電子決済,increment-run-003,workshop-participant,donation_events_003.csv,2026-09-01T00:03:20Z
EVT-FRS-000421,6000421,2008261,016624,3004724,10000,2026-08-27T22:37:10Z,電子決済,increment-run-003,workshop-participant,donation_events_003.csv,2026-09-01T00:03:20Z
EVT-FRS-007975,6007975,2005285,272141,3001625,8000,2026-08-27T22:37:25Z,クレジットカード,increment-run-003,workshop-participant,donation_events_003.csv,2026-09-01T00:03:20Z
EVT-FRS-005430,6005430,2003545,052141,3005716,10000,2026-08-27T22:38:07Z,クレジットカード,increment-run-003,workshop-participant,donation_events_003.csv,2026-09-01T00:03:20Z
EVT-FRS-012321,6012321,2010037,012351,3004247,15000,2026-08-27T22:41:22Z,クレジットカード,increment-run-003,workshop-participant,donation_events_003.csv,2026-09-01T00:03:20Z
EVT-FRS-005057,6005057,2011483,252107,3005565,50000,2026-08-27T22:42:33Z,クレジットカード,increment-run-003,workshop-participant,donation_events_003.csv,2026-09-01T00:03:20Z
EVT-FRS-005501,6005501,2004025,262111,3002817,15000,2026-08-27T22:43:30Z,電子決済,increment-run-003,workshop-participant,donation_events_003.csv,2026-09-01T00:03:20Z
EVT-FRS-010089,6010089,2001403,152021,3001634,10000,2026-08-27T22:44:56Z,クレジットカード,increment-run-003,workshop-participant,donation_events_003.csv,2026-09-01T00:03:20Z
EVT-FRS-009098,6009098,2007262,064611,3004549,15000,2026-08-27T22:46:36Z,クレジットカード,increment-run-003,workshop-participant,donation_events_003.csv,2026-09-01T00:03:20Z
EVT-FRS-010857,6010857,2003590,372064,3003118,30000,2026-08-27T22:47:50Z,クレジットカード,increment-run-003,workshop-participant,donation_events_003.csv,2026-09-01T00:03:20Z
EVT-FRS-012794,6012794,2008520,174611,3000631,10000,2026-08-27T22:57:14Z,銀行振込,increment-run-003,workshop-participant,donation_events_003.csv,2026-09-01T00:03:20Z
EVT-FRS-010968,6010968,2010784,432164,3005154,5000,2026-08-27T23:05:28Z,クレジットカード,increment-run-003,workshop-participant,donation_events_003.csv,2026-09-01T00:03:20Z
EVT-FRS-013978,6013978,2004183,172103,3004495,15000,2026-08-27T23:06:39Z,クレジットカード,increment-run-003,workshop-participant,donation_events_003.csv,2026-09-01T00:03:20Z
EVT-FRS-002300,6002300,2002846,382035,3003658,10000,2026-08-27T23:07:17Z,クレジットカード,increment-run-003,workshop-participant,donation_events_003.csv,2026-09-01T00:03:20Z
EVT-FRS-000971,6000971,2009502,092142,3005862,8000,2026-08-27T23:07:39Z,コンビニ決済,increment-run-003,workshop-participant,donation_events_003.csv,2026-09-01T00:03:20Z
EVT-FRS-008631,6008631,2003451,182044,3005421,10000,2026-08-27T23:09:40Z,電子決済,increment-run-003,workshop-participant,donation_events_003.csv,2026-09-01T00:03:20Z
EVT-FRS-000500,6000500,2008264,132284,3005554,8000,2026-08-27T23:10:32Z,電子決済,increment-run-003,workshop-participant,donation_events_003.csv,2026-09-01T00:03:20Z
EVT-FRS-001646,6001646,2007774,024503,3005878,10000,2026-08-27T23:15:12Z,クレジットカード,increment-run-003,workshop-participant,donation_events_003.csv,2026-09-01T00:03:20Z
EVT-FRS-005360,6005360,2002915,232190,3003560,10000,2026-08-27T23:16:48Z,クレジットカード,increment-run-003,workshop-participant,donation_events_003.csv,2026-09-01T00:03:20Z
EVT-FRS-013377,6013377,2008112,112321,3003106,10000,2026-08-27T23:17:34Z,クレジットカード,increment-run-003,workshop-participant,donation_events_003.csv,2026-09-01T00:03:20Z
EVT-FRS-001122,6001122,2010346,312029,3001667,15000,2026-08-27T23:21:26Z,クレジットカード,increment-run-003,workshop-participant,donation_events_003.csv,2026-09-01T00:03:20Z
EVT-FRS-010908,6010908,2009018,343692,3003514,20000,2026-08-27T23:21:26Z,クレジットカード,increment-run-003,workshop-participant,donation_events_003.csv,2026-09-01T00:03:20Z
EVT-FRS-002963,6002963,2008068,212164,3004591,12000,2026-08-27T23:22:43Z,クレジットカード,increment-run-003,workshop-participant,donation_events_003.csv,2026-09-01T00:03:20Z
EVT-FRS-006267,6006267,2005106,012301,3005595,30000,2026-08-27T23:25:58Z,電子決済,increment-run-003,workshop-participant,donation_events_003.csv,2026-09-01T00:03:20Z
EVT-FRS-014891,6014891,2003294,012262,3000968,10000,2026-08-27T23:27:25Z,電子決済,increment-run-003,workshop-participant,donation_events_003.csv,2026-09-01T00:03:20Z
EVT-FRS-010382,6010382,2009129,292125,3003219,10000,2026-08-27T23:29:00Z,銀行振込,increment-run-003,workshop-participant,donation_events_003.csv,2026-09-01T00:03:20Z
EVT-FRS-001765,6001765,2005435,131148,3001831,10000,2026-08-27T23:29:21Z,クレジットカード,increment-run-003,workshop-participant,donation_events_003.csv,2026-09-01T00:03:20Z
EVT-FRS-004282,6004282,2003587,282049,3004141,10000,2026-08-27T23:32:22Z,クレジットカード,increment-run-003,workshop-participant,donation_events_003.csv,2026-09-01T00:03:20Z
EVT-FRS-005561,6005561,2001124,402079,3002822,10000,2026-08-27T23:33:46Z,クレジットカード,increment-run-003,workshop-participant,donation_events_003.csv,2026-09-01T00:03:20Z
EVT-FRS-006036,6006036,2005207,284815,3005526,40000,2026-08-27T23:34:40Z,コンビニ決済,increment-run-003,workshop-participant,donation_events_003.csv,2026-09-01T00:03:20Z
EVT-FRS-004875,6004875,2006226,012319,3003185,15000,2026-08-27T23:35:23Z,コンビニ決済,increment-run-003,workshop-participant,donation_events_003.csv,2026-09-01T00:03:20Z
EVT-FRS-000262,6000262,2011866,222259,3004308,8000,2026-08-27T23:45:02Z,クレジットカード,increment-run-003,workshop-participant,donation_events_003.csv,2026-09-01T00:03:20Z
EVT-FRS-012934,6012934,2005040,402125,3000405,15000,2026-08-27T23:46:35Z,電子決済,increment-run-003,workshop-participant,donation_events_003.csv,2026-09-01T00:03:20Z
EVT-FRS-000820,6000820,2009316,212121,3003459,10000,2026-08-27T23:47:38Z,クレジットカード,increment-run-003,workshop-participant,donation_events_003.csv,2026-09-01T00:03:20Z
EVT-FRS-009325,6009325,2009104,462161,3000828,10000,2026-08-27T23:47:51Z,コンビニ決済,increment-run-003,workshop-participant,donation_events_003.csv,2026-09-01T00:03:20Z
EVT-FRS-008996,6008996,2008187,082104,3002929,30000,2026-08-27T23:48:49Z,電子決済,increment-run-003,workshop-participant,donation_events_003.csv,2026-09-01T00:03:20Z
EVT-FRS-009648,6009648,2004975,012157,3003021,15000,2026-08-28T00:03:02Z,クレジットカード,increment-run-003,workshop-participant,donation_events_003.csv,2026-09-01T00:03:20Z
EVT-FRS-014617,6014617,2011211,183822,3002657,12000,2026-08-28T00:04:22Z,クレジットカード,increment-run-003,workshop-participant,donation_events_003.csv,2026-09-01T00:03:20Z
EVT-FRS-012012,6012012,2007580,052141,3001670,15000,2026-08-28T00:14:05Z,クレジットカード,increment-run-003,workshop-participant,donation_events_003.csv,2026-09-01T00:03:20Z
EVT-FRS-013571,6013571,2005054,172022,3005955,10000,2026-08-28T00:15:15Z,クレジットカード,increment-run-003,workshop-participant,donation_events_003.csv,2026-09-01T00:03:20Z
EVT-FRS-003970,6003970,2003803,202185,3000702,15000,2026-08-28T00:16:42Z,クレジットカード,increment-run-003,workshop-participant,donation_events_003.csv,2026-09-01T00:03:20Z
EVT-FRS-002777,6002777,2004091,122335,3005410,12000,2026-08-28T00:18:08Z,コンビニ決済,increment-run-003,workshop-participant,donation_events_003.csv,2026-09-01T00:03:20Z
EVT-FRS-011802,6011802,2008663,232076,3002384,50000,2026-08-28T00:18:09Z,クレジットカード,increment-run-003,workshop-participant,donation_events_003.csv,2026-09-01T00:03:20Z
EVT-FRS-012454,6012454,2011009,442020,3002517,10000,2026-08-28T00:21:41Z,クレジットカード,increment-run-003,workshop-participant,donation_events_003.csv,2026-09-01T00:03:20Z
EVT-FRS-010661,6010661,2009049,442020,3003856,10000,2026-08-28T00:22:36Z,クレジットカード,increment-run-003,workshop-participant,donation_events_003.csv,2026-09-01T00:03:20Z
EVT-FRS-013738,6013738,2010028,221007,3000819,10000,2026-08-28T00:27:04Z,銀行振込,increment-run-003,workshop-participant,donation_events_003.csv,2026-09-01T00:03:20Z
EVT-FRS-013513,6013513,2003340,392065,3000442,10000,2026-08-28T00:29:51Z,クレジットカード,increment-run-003,workshop-participant,donation_events_003.csv,2026-09-01T00:03:20Z
EVT-FRS-006758,6006758,2010356,402214,3003466,12000,2026-08-28T00:31:16Z,電子決済,increment-run-003,workshop-participant,donation_events_003.csv,2026-09-01T00:03:20Z
EVT-FRS-003172,6003172,2004045,232327,3003728,15000,2026-08-28T00:34:00Z,クレジットカード,increment-run-003,workshop-participant,donation_events_003.csv,2026-09-01T00:03:20Z
EVT-FRS-008890,6008890,2007867,012262,3005450,15000,2026-08-28T00:36:21Z,クレジットカード,increment-run-003,workshop-participant,donation_events_003.csv,2026-09-01T00:03:20Z
EVT-FRS-005279,6005279,2004804,082155,3001577,30000,2026-08-28T00:42:41Z,クレジットカード,increment-run-003,workshop-participant,donation_events_003.csv,2026-09-01T00:03:20Z
EVT-FRS-008911,6008911,2007561,272183,3001677,15000,2026-08-28T00:44:11Z,電子決済,increment-run-003,workshop-participant,donation_events_003.csv,2026-09-01T00:03:20Z
EVT-FRS-013967,6013967,2006006,262102,3001883,10000,2026-08-28T00:44:35Z,銀行振込,increment-run-003,workshop-participant,donation_events_003.csv,2026-09-01T00:03:20Z
EVT-FRS-000284,6000284,2000780,132021,3002501,12000,2026-08-28T00:46:24Z,クレジットカード,increment-run-003,workshop-participant,donation_events_003.csv,2026-09-01T00:03:20Z
EVT-FRS-001660,6001660,2009810,342149,3004007,25000,2026-08-28T00:49:51Z,クレジットカード,increment-run-003,workshop-participant,donation_events_003.csv,2026-09-01T00:03:20Z
EVT-FRS-006269,6006269,2000865,262111,3004505,8000,2026-08-28T00:50:44Z,電子決済,increment-run-003,workshop-participant,donation_events_003.csv,2026-09-01T00:03:20Z
EVT-FRS-007270,6007270,2006685,272132,3000484,50000,2026-08-28T00:53:13Z,コンビニ決済,increment-run-003,workshop-participant,donation_events_003.csv,2026-09-01T00:03:20Z
EVT-FRS-008796,6008796,2003825,402231,3001064,10000,2026-08-28T00:55:25Z,クレジットカード,increment-run-003,workshop-participant,donation_events_003.csv,2026-09-01T00:03:20Z
EVT-FRS-000386,6000386,2011006,422037,3003660,10000,2026-08-28T00:58:51Z,銀行振込,increment-run-003,workshop-participant,donation_events_003.csv,2026-09-01T00:03:20Z
EVT-FRS-013882,6013882,2001574,092011,3005713,10000,2026-08-28T01:07:53Z,銀行振込,increment-run-003,workshop-participant,donation_events_003.csv,2026-09-01T00:03:20Z
EVT-FRS-001962,6001962,2006297,382060,3005110,10000,2026-08-28T01:11:22Z,クレジットカード,increment-run-003,workshop-participant,donation_events_003.csv,2026-09-01T00:03:20Z
EVT-FRS-014027,6014027,2001231,462101,3004911,10000,2026-08-28T01:12:04Z,クレジットカード,increment-run-003,workshop-participant,donation_events_003.csv,2026-09-01T00:03:20Z
EVT-FRS-002475,6002475,2009506,082325,3003980,20000,2026-08-28T01:12:43Z,クレジットカード,increment-run-003,workshop-participant,donation_events_003.csv,2026-09-01T00:03:20Z
EVT-FRS-014506,6014506,2003439,212067,3001953,10000,2026-08-28T01:17:45Z,コンビニ決済,increment-run-003,workshop-participant,donation_events_003.csv,2026-09-01T00:03:20Z
EVT-FRS-003692,6003692,2000881,272086,3005568,12000,2026-08-28T01:20:04Z,クレジットカード,increment-run-003,workshop-participant,donation_events_003.csv,2026-09-01T00:03:20Z
EVT-FRS-012378,6012378,2008610,012262,3000968,15000,2026-08-28T01:20:46Z,クレジットカード,increment-run-003,workshop-participant,donation_events_003.csv,2026-09-01T00:03:20Z
EVT-FRS-002168,6002168,2000517,452050,3000572,15000,2026-08-28T01:27:44Z,銀行振込,increment-run-003,workshop-participant,donation_events_003.csv,2026-09-01T00:03:20Z
EVT-FRS-005867,6005867,2009455,182028,3004811,20000,2026-08-28T01:27:50Z,クレジットカード,increment-run-003,workshop-participant,donation_events_003.csv,2026-09-01T00:03:20Z
EVT-FRS-012325,6012325,2002167,222097,3004450,20000,2026-08-28T01:30:36Z,クレジットカード,increment-run-003,workshop-participant,donation_events_003.csv,2026-09-01T00:03:20Z
EVT-FRS-000289,6000289,2004363,141305,3002044,10000,2026-08-28T01:31:08Z,クレジットカード,increment-run-003,workshop-participant,donation_events_003.csv,2026-09-01T00:03:20Z
EVT-FRS-005572,6005572,2000339,142077,3003427,15000,2026-08-28T01:31:16Z,クレジットカード,increment-run-003,workshop-participant,donation_events_003.csv,2026-09-01T00:03:20Z
EVT-FRS-013349,6013349,2008608,082228,3000857,10000,2026-08-28T01:41:06Z,銀行振込,increment-run-003,workshop-participant,donation_events_003.csv,2026-09-01T00:03:20Z
EVT-FRS-004466,6004466,2004370,372064,3000231,5000,2026-08-28T01:45:48Z,電子決済,increment-run-003,workshop-participant,donation_events_003.csv,2026-09-01T00:03:20Z
EVT-FRS-013789,6013789,2011285,242110,3002302,20000,2026-08-28T01:49:35Z,クレジットカード,increment-run-003,workshop-participant,donation_events_003.csv,2026-09-01T00:03:20Z
EVT-FRS-008903,6008903,2006623,072141,3003982,5000,2026-08-28T01:51:30Z,コンビニ決済,increment-run-003,workshop-participant,donation_events_003.csv,2026-09-01T00:03:20Z
EVT-FRS-012922,6012922,2010287,442020,3004882,12000,2026-08-28T01:54:39Z,クレジットカード,increment-run-003,workshop-participant,donation_events_003.csv,2026-09-01T00:03:20Z
EVT-FRS-012730,6012730,2009593,242110,3005319,10000,2026-08-28T01:58:24Z,クレジットカード,increment-run-003,workshop-participant,donation_events_003.csv,2026-09-01T00:03:20Z
EVT-FRS-007663,6007663,2010879,202061,3001397,10000,2026-08-28T02:00:13Z,クレジットカード,increment-run-003,workshop-participant,donation_events_003.csv,2026-09-01T00:03:20Z
EVT-FRS-002096,6002096,2008868,124249,3000753,15000,2026-08-28T02:02:25Z,コンビニ決済,increment-run-003,workshop-participant,donation_events_003.csv,2026-09-01T00:03:20Z
EVT-FRS-014308,6014308,2010039,162019,3003171,5000,2026-08-28T02:05:47Z,銀行振込,increment-run-003,workshop-participant,donation_events_003.csv,2026-09-01T00:03:20Z
EVT-FRS-005941,6005941,2004008,392120,3000172,25000,2026-08-28T02:08:31Z,クレジットカード,increment-run-003,workshop-participant,donation_events_003.csv,2026-09-01T00:03:20Z
EVT-FRS-004327,6004327,2010846,132110,3000197,10000,2026-08-28T02:10:14Z,コンビニ決済,increment-run-003,workshop-participant,donation_events_003.csv,2026-09-01T00:03:20Z
EVT-FRS-007505,6007505,2010415,452068,3003216,10000,2026-08-28T02:15:24Z,電子決済,increment-run-003,workshop-participant,donation_events_003.csv,2026-09-01T00:03:20Z
EVT-FRS-012267,6012267,2000645,223441,3003151,50000,2026-08-28T02:16:32Z,クレジットカード,increment-run-003,workshop-participant,donation_events_003.csv,2026-09-01T00:03:20Z
EVT-FRS-011368,6011368,2010328,414247,3001039,25000,2026-08-28T02:16:49Z,クレジットカード,increment-run-003,workshop-participant,donation_events_003.csv,2026-09-01T00:03:20Z
EVT-FRS-007897,6007897,2010223,102067,3005227,12000,2026-08-28T02:23:00Z,クレジットカード,increment-run-003,workshop-participant,donation_events_003.csv,2026-09-01T00:03:20Z
EVT-FRS-003293,6003293,2000624,261009,3005540,10000,2026-08-28T02:25:59Z,銀行振込,increment-run-003,workshop-participant,donation_events_003.csv,2026-09-01T00:03:20Z
EVT-FRS-004369,6004369,2006778,202142,3002389,12000,2026-08-28T02:28:12Z,クレジットカード,increment-run-003,workshop-participant,donation_events_003.csv,2026-09-01T00:03:20Z
EVT-FRS-008960,6008960,2011072,242161,3002472,30000,2026-08-28T02:30:07Z,クレジットカード,increment-run-003,workshop-participant,donation_events_003.csv,2026-09-01T00:03:20Z
EVT-FRS-000169,6000169,2011372,452025,3004334,10000,2026-08-28T02:31:42Z,クレジットカード,increment-run-003,workshop-participant,donation_events_003.csv,2026-09-01T00:03:20Z
EVT-FRS-012065,6012065,2007271,372064,3002152,10000,2026-08-28T02:36:48Z,銀行振込,increment-run-003,workshop-participant,donation_events_003.csv,2026-09-01T00:03:20Z
EVT-FRS-014752,6014752,2005119,012297,3000018,25000,2026-08-28T02:36:48Z,クレジットカード,increment-run-003,workshop-participant,donation_events_003.csv,2026-09-01T00:03:20Z
EVT-FRS-007731,6007731,2007188,122131,3002877,15000,2026-08-28T02:39:55Z,電子決済,increment-run-003,workshop-participant,donation_events_003.csv,2026-09-01T00:03:20Z
EVT-FRS-008678,6008678,2010747,152111,3005708,5000,2026-08-28T02:44:17Z,クレジットカード,increment-run-003,workshop-participant,donation_events_003.csv,2026-09-01T00:03:20Z
EVT-FRS-012069,6012069,2008524,332143,3002093,5000,2026-08-28T02:45:51Z,クレジットカード,increment-run-003,workshop-participant,donation_events_003.csv,2026-09-01T00:03:20Z
EVT-FRS-002786,6002786,2007047,332143,3000485,10000,2026-08-28T02:46:38Z,電子決済,increment-run-003,workshop-participant,donation_events_003.csv,2026-09-01T00:03:20Z
EVT-FRS-008552,6008552,2003975,232114,3003464,20000,2026-08-28T02:46:45Z,クレジットカード,increment-run-003,workshop-participant,donation_events_003.csv,2026-09-01T00:03:20Z
EVT-FRS-008579,6008579,2011546,252131,3004895,10000,2026-08-28T02:47:58Z,クレジットカード,increment-run-003,workshop-participant,donation_events_003.csv,2026-09-01T00:03:20Z
EVT-FRS-011047,6011047,2000895,122351,3005915,25000,2026-08-28T02:48:35Z,クレジットカード,increment-run-003,workshop-participant,donation_events_003.csv,2026-09-01T00:03:20Z
EVT-FRS-014285,6014285,2004041,392065,3001973,12000,2026-08-28T02:48:39Z,クレジットカード,increment-run-003,workshop-participant,donation_events_003.csv,2026-09-01T00:03:20Z
EVT-FRS-012868,6012868,2003472,252034,3004571,15000,2026-08-28T02:58:44Z,クレジットカード,increment-run-003,workshop-participant,donation_events_003.csv,2026-09-01T00:03:20Z
EVT-FRS-007176,6007176,2005932,392049,3005923,10000,2026-08-28T03:07:04Z,クレジットカード,increment-run-003,workshop-participant,donation_events_003.csv,2026-09-01T00:03:20Z
EVT-FRS-009402,6009402,2009151,242144,3001719,10000,2026-08-28T03:11:52Z,クレジットカード,increment-run-003,workshop-participant,donation_events_003.csv,2026-09-01T00:03:20Z
EVT-FRS-007325,6007325,2000066,462195,3001082,15000,2026-08-28T03:19:54Z,クレジットカード,increment-run-003,workshop-participant,donation_events_003.csv,2026-09-01T00:03:20Z
EVT-FRS-011354,6011354,2011381,104281,3003986,8000,2026-08-28T03:21:50Z,クレジットカード,increment-run-003,workshop-participant,donation_events_003.csv,2026-09-01T00:03:20Z
EVT-FRS-000618,6000618,2011137,272078,3000757,25000,2026-08-28T03:24:01Z,クレジットカード,increment-run-003,workshop-participant,donation_events_003.csv,2026-09-01T00:03:20Z
EVT-FRS-002139,6002139,2007410,402168,3000671,20000,2026-08-28T03:24:44Z,電子決済,increment-run-003,workshop-participant,donation_events_003.csv,2026-09-01T00:03:20Z
EVT-FRS-002027,6002027,2010053,452050,3003836,20000,2026-08-28T03:24:48Z,クレジットカード,increment-run-003,workshop-participant,donation_events_003.csv,2026-09-01T00:03:20Z
EVT-FRS-013319,6013319,2004747,072028,3002617,10000,2026-08-28T03:34:59Z,クレジットカード,increment-run-003,workshop-participant,donation_events_003.csv,2026-09-01T00:03:20Z
EVT-FRS-006189,6006189,2000608,142140,3000663,20000,2026-08-28T03:35:20Z,電子決済,increment-run-003,workshop-participant,donation_events_003.csv,2026-09-01T00:03:20Z
EVT-FRS-002408,6002408,2011531,352063,3005276,20000,2026-08-28T03:37:06Z,クレジットカード,increment-run-003,workshop-participant,donation_events_003.csv,2026-09-01T00:03:20Z
EVT-FRS-011848,6011848,2011556,012238,3001524,10000,2026-08-28T03:38:12Z,電子決済,increment-run-003,workshop-participant,donation_events_003.csv,2026-09-01T00:03:20Z
EVT-FRS-007115,6007115,2000746,014699,3001888,10000,2026-08-28T03:43:52Z,クレジットカード,increment-run-003,workshop-participant,donation_events_003.csv,2026-09-01T00:03:20Z
EVT-FRS-014609,6014609,2006591,232149,3000148,30000,2026-08-28T03:47:55Z,クレジットカード,increment-run-003,workshop-participant,donation_events_003.csv,2026-09-01T00:03:20Z
EVT-FRS-000774,6000774,2002244,142018,3003626,25000,2026-08-28T03:58:12Z,クレジットカード,increment-run-003,workshop-participant,donation_events_003.csv,2026-09-01T00:03:20Z
EVT-FRS-014354,6014354,2010167,392049,3001525,8000,2026-08-28T03:58:20Z,銀行振込,increment-run-003,workshop-participant,donation_events_003.csv,2026-09-01T00:03:20Z
EVT-FRS-008558,6008558,2007483,122157,3004104,20000,2026-08-28T03:59:23Z,クレジットカード,increment-run-003,workshop-participant,donation_events_003.csv,2026-09-01T00:03:20Z
EVT-FRS-008291,6008291,2010468,132241,3003858,15000,2026-08-28T04:06:45Z,電子決済,increment-run-003,workshop-participant,donation_events_003.csv,2026-09-01T00:03:20Z
EVT-FRS-007922,6007922,2010429,221309,3003097,5000,2026-08-28T04:08:53Z,クレジットカード,increment-run-003,workshop-participant,donation_events_003.csv,2026-09-01T00:03:20Z
EVT-FRS-008390,6008390,2009097,112020,3006000,12000,2026-08-28T04:11:11Z,クレジットカード,increment-run-003,workshop-participant,donation_events_003.csv,2026-09-01T00:03:20Z
EVT-FRS-011631,6011631,2009704,205907,3004713,20000,2026-08-28T04:12:28Z,コンビニ決済,increment-run-003,workshop-participant,donation_events_003.csv,2026-09-01T00:03:20Z
EVT-FRS-011845,6011845,2003037,431001,3002117,10000,2026-08-28T04:15:24Z,コンビニ決済,increment-run-003,workshop-participant,donation_events_003.csv,2026-09-01T00:03:20Z
EVT-FRS-001868,6001868,2010947,372021,3000420,20000,2026-08-28T04:19:53Z,クレジットカード,increment-run-003,workshop-participant,donation_events_003.csv,2026-09-01T00:03:20Z
EVT-FRS-008020,6008020,2000234,292028,3000898,15000,2026-08-28T04:21:39Z,クレジットカード,increment-run-003,workshop-participant,donation_events_003.csv,2026-09-01T00:03:20Z
EVT-FRS-008289,6008289,2000795,272141,3003974,5000,2026-08-28T04:34:37Z,クレジットカード,increment-run-003,workshop-participant,donation_events_003.csv,2026-09-01T00:03:20Z
EVT-FRS-006428,6006428,2011762,192139,3003407,30000,2026-08-28T04:38:13Z,クレジットカード,increment-run-003,workshop-participant,donation_events_003.csv,2026-09-01T00:03:20Z
EVT-FRS-003137,6003137,2000468,092088,3005537,12000,2026-08-28T04:46:57Z,銀行振込,increment-run-003,workshop-participant,donation_events_003.csv,2026-09-01T00:03:20Z
EVT-FRS-004689,6004689,2009249,053686,3005976,30000,2026-08-28T04:47:43Z,クレジットカード,increment-run-003,workshop-participant,donation_events_003.csv,2026-09-01T00:03:20Z
EVT-FRS-001201,6001201,2009428,132195,3001368,40000,2026-08-28T04:50:14Z,電子決済,increment-run-003,workshop-participant,donation_events_003.csv,2026-09-01T00:03:20Z
EVT-FRS-008710,6008710,2003927,111007,3002297,10000,2026-08-28T04:54:13Z,クレジットカード,increment-run-003,workshop-participant,donation_events_003.csv,2026-09-01T00:03:20Z
EVT-FRS-013732,6013732,2001517,052043,3003132,10000,2026-08-28T04:59:18Z,クレジットカード,increment-run-003,workshop-participant,donation_events_003.csv,2026-09-01T00:03:20Z
EVT-FRS-001152,6001152,2009264,032018,3004662,25000,2026-08-28T05:04:47Z,クレジットカード,increment-run-003,workshop-participant,donation_events_003.csv,2026-09-01T00:03:20Z
EVT-FRS-013414,6013414,2000753,232173,3005474,12000,2026-08-28T05:05:09Z,電子決済,increment-run-003,workshop-participant,donation_events_003.csv,2026-09-01T00:03:20Z
EVT-FRS-012980,6012980,2002118,364053,3003889,20000,2026-08-28T05:06:06Z,クレジットカード,increment-run-003,workshop-participant,donation_events_003.csv,2026-09-01T00:03:20Z
EVT-FRS-009391,6009391,2011181,322067,3004673,15000,2026-08-28T05:07:55Z,クレジットカード,increment-run-003,workshop-participant,donation_events_003.csv,2026-09-01T00:03:20Z
EVT-FRS-005547,6005547,2006479,092037,3005634,20000,2026-08-28T05:13:01Z,クレジットカード,increment-run-003,workshop-participant,donation_events_003.csv,2026-09-01T00:03:20Z
EVT-FRS-006760,6006760,2008594,272132,3003896,15000,2026-08-28T05:15:35Z,電子決済,increment-run-003,workshop-participant,donation_events_003.csv,2026-09-01T00:03:20Z
EVT-FRS-006720,6006720,2006305,272183,3002885,10000,2026-08-28T05:28:34Z,クレジットカード,increment-run-003,workshop-participant,donation_events_003.csv,2026-09-01T00:03:20Z
EVT-FRS-014459,6014459,2000986,032131,3005191,30000,2026-08-28T05:31:33Z,クレジットカード,increment-run-003,workshop-participant,donation_events_003.csv,2026-09-01T00:03:20Z
EVT-FRS-011580,6011580,2010669,462217,3004556,10000,2026-08-28T05:32:00Z,クレジットカード,increment-run-003,workshop-participant,donation_events_003.csv,2026-09-01T00:03:20Z
EVT-FRS-001846,6001846,2001543,272167,3003384,12000,2026-08-28T05:41:50Z,電子決済,increment-run-003,workshop-participant,donation_events_003.csv,2026-09-01T00:03:20Z
EVT-FRS-002343,6002343,2010934,016390,3005782,25000,2026-08-28T05:43:39Z,電子決済,increment-run-003,workshop-participant,donation_events_003.csv,2026-09-01T00:03:20Z
EVT-FRS-014587,6014587,2000445,322032,3001453,12000,2026-08-28T05:46:39Z,コンビニ決済,increment-run-003,workshop-participant,donation_events_003.csv,2026-09-01T00:03:20Z
EVT-FRS-014613,6014613,2002476,352136,3000080,20000,2026-08-28T05:52:13Z,クレジットカード,increment-run-003,workshop-participant,donation_events_003.csv,2026-09-01T00:03:20Z
EVT-FRS-005135,6005135,2005849,221007,3004284,10000,2026-08-28T05:58:57Z,クレジットカード,increment-run-003,workshop-participant,donation_events_003.csv,2026-09-01T00:03:20Z
EVT-FRS-006075,6006075,2006222,015431,3000072,12000,2026-08-28T06:03:11Z,クレジットカード,increment-run-003,workshop-participant,donation_events_003.csv,2026-09-01T00:03:20Z
EVT-FRS-004289,6004289,2001210,112259,3000648,5000,2026-08-28T06:07:35Z,クレジットカード,increment-run-003,workshop-participant,donation_events_003.csv,2026-09-01T00:03:20Z
EVT-FRS-003482,6003482,2009896,012084,3005151,12000,2026-08-28T06:09:17Z,銀行振込,increment-run-003,workshop-participant,donation_events_003.csv,2026-09-01T00:03:20Z
EVT-FRS-006775,6006775,2009599,293423,3001686,30000,2026-08-28T06:15:37Z,クレジットカード,increment-run-003,workshop-participant,donation_events_003.csv,2026-09-01T00:03:20Z
EVT-FRS-012953,6012953,2009627,142166,3005648,10000,2026-08-28T06:16:38Z,クレジットカード,increment-run-003,workshop-participant,donation_events_003.csv,2026-09-01T00:03:20Z
EVT-FRS-000108,6000108,2002360,432113,3002983,25000,2026-08-28T06:18:22Z,クレジットカード,increment-run-003,workshop-participant,donation_events_003.csv,2026-09-01T00:03:20Z
EVT-FRS-013079,6013079,2008322,082198,3004584,50000,2026-08-28T06:18:34Z,電子決済,increment-run-003,workshop-participant,donation_events_003.csv,2026-09-01T00:03:20Z
EVT-FRS-013576,6013576,2003173,212083,3003958,8000,2026-08-28T06:20:56Z,クレジットカード,increment-run-003,workshop-participant,donation_events_003.csv,2026-09-01T00:03:20Z
EVT-FRS-005319,6005319,2004300,042021,3001049,12000,2026-08-28T06:21:43Z,クレジットカード,increment-run-003,workshop-participant,donation_events_003.csv,2026-09-01T00:03:20Z
EVT-FRS-008935,6008935,2000290,212172,3003089,8000,2026-08-28T06:25:36Z,クレジットカード,increment-run-003,workshop-participant,donation_events_003.csv,2026-09-01T00:03:20Z
EVT-FRS-010766,6010766,2001810,372048,3000764,15000,2026-08-28T06:25:49Z,銀行振込,increment-run-003,workshop-participant,donation_events_003.csv,2026-09-01T00:03:20Z
EVT-FRS-013898,6013898,2006252,442135,3000249,15000,2026-08-28T06:26:47Z,クレジットカード,increment-run-003,workshop-participant,donation_events_003.csv,2026-09-01T00:03:20Z
EVT-FRS-004531,6004531,2008079,122122,3003164,10000,2026-08-28T06:27:57Z,クレジットカード,increment-run-003,workshop-participant,donation_events_003.csv,2026-09-01T00:03:20Z
EVT-FRS-005295,6005295,2006634,442038,3002423,20000,2026-08-28T06:28:32Z,クレジットカード,increment-run-003,workshop-participant,donation_events_003.csv,2026-09-01T00:03:20Z
EVT-FRS-004294,6004294,2004319,092169,3005007,10000,2026-08-28T06:29:45Z,クレジットカード,increment-run-003,workshop-participant,donation_events_003.csv,2026-09-01T00:03:20Z
EVT-FRS-008415,6008415,2010246,232351,3001051,30000,2026-08-28T06:32:40Z,クレジットカード,increment-run-003,workshop-participant,donation_events_003.csv,2026-09-01T00:03:20Z
EVT-FRS-004483,6004483,2004696,392111,3004420,30000,2026-08-28T06:36:10Z,電子決済,increment-run-003,workshop-participant,donation_events_003.csv,2026-09-01T00:03:20Z
EVT-FRS-014748,6014748,2010723,172120,3003102,15000,2026-08-28T06:37:37Z,クレジットカード,increment-run-003,workshop-participant,donation_events_003.csv,2026-09-01T00:03:20Z
EVT-FRS-006019,6006019,2007753,014389,3001777,10000,2026-08-28T06:38:00Z,クレジットカード,increment-run-003,workshop-participant,donation_events_003.csv,2026-09-01T00:03:20Z
EVT-FRS-003889,6003889,2011486,112020,3004330,12000,2026-08-28T06:42:49Z,クレジットカード,increment-run-003,workshop-participant,donation_events_003.csv,2026-09-01T00:03:20Z
EVT-FRS-012440,6012440,2010830,342092,3003144,5000,2026-08-28T06:43:43Z,電子決済,increment-run-003,workshop-participant,donation_events_003.csv,2026-09-01T00:03:20Z
EVT-FRS-005593,6005593,2002660,032026,3001942,15000,2026-08-28T06:45:57Z,電子決済,increment-run-003,workshop-participant,donation_events_003.csv,2026-09-01T00:03:20Z
EVT-FRS-013089,6013089,2004730,012181,3002830,5000,2026-08-28T06:46:53Z,クレジットカード,increment-run-003,workshop-participant,donation_events_003.csv,2026-09-01T00:03:20Z
EVT-FRS-014664,6014664,2011598,122351,3002574,15000,2026-08-28T06:54:51Z,クレジットカード,increment-run-003,workshop-participant,donation_events_003.csv,2026-09-01T00:03:20Z
EVT-FRS-011537,6011537,2011847,232351,3001051,10000,2026-08-28T06:56:25Z,クレジットカード,increment-run-003,workshop-participant,donation_events_003.csv,2026-09-01T00:03:20Z
EVT-FRS-003292,6003292,2010198,372048,3000764,20000,2026-08-28T06:56:50Z,銀行振込,increment-run-003,workshop-participant,donation_events_003.csv,2026-09-01T00:03:20Z
EVT-FRS-014113,6014113,2011908,152111,3003212,20000,2026-08-28T07:04:01Z,電子決済,increment-run-003,workshop-participant,donation_events_003.csv,2026-09-01T00:03:20Z
EVT-FRS-013445,6013445,2003424,313289,3000734,30000,2026-08-28T07:07:25Z,コンビニ決済,increment-run-003,workshop-participant,donation_events_003.csv,2026-09-01T00:03:20Z
EVT-FRS-013906,6013906,2006009,422126,3005107,20000,2026-08-28T07:09:48Z,クレジットカード,increment-run-003,workshop-participant,donation_events_003.csv,2026-09-01T00:03:20Z
EVT-FRS-012724,6012724,2001937,092169,3004115,12000,2026-08-28T07:16:30Z,電子決済,increment-run-003,workshop-participant,donation_events_003.csv,2026-09-01T00:03:20Z
EVT-FRS-007835,6007835,2007243,112151,3002952,30000,2026-08-28T07:16:52Z,電子決済,increment-run-003,workshop-participant,donation_events_003.csv,2026-09-01T00:03:20Z
EVT-FRS-000033,6000033,2000634,262013,3003035,12000,2026-08-28T07:17:21Z,クレジットカード,increment-run-003,workshop-participant,donation_events_003.csv,2026-09-01T00:03:20Z
EVT-FRS-004038,6004038,2010973,232386,3000161,30000,2026-08-28T07:21:25Z,電子決済,increment-run-003,workshop-participant,donation_events_003.csv,2026-09-01T00:03:20Z
EVT-FRS-008848,6008848,2009576,012050,3004745,10000,2026-08-28T07:24:15Z,クレジットカード,increment-run-003,workshop-participant,donation_events_003.csv,2026-09-01T00:03:20Z
EVT-FRS-012391,6012391,2008556,202070,3000976,8000,2026-08-28T07:25:08Z,クレジットカード,increment-run-003,workshop-participant,donation_events_003.csv,2026-09-01T00:03:20Z
EVT-FRS-008095,6008095,2002033,472051,3003735,40000,2026-08-28T07:30:49Z,銀行振込,increment-run-003,workshop-participant,donation_events_003.csv,2026-09-01T00:03:20Z
EVT-FRS-006202,6006202,2006821,452041,3005727,10000,2026-08-28T07:31:09Z,電子決済,increment-run-003,workshop-participant,donation_events_003.csv,2026-09-01T00:03:20Z
EVT-FRS-002039,6002039,2005263,024503,3003474,20000,2026-08-28T07:31:34Z,クレジットカード,increment-run-003,workshop-participant,donation_events_003.csv,2026-09-01T00:03:20Z
EVT-FRS-007700,6007700,2011026,452025,3005996,10000,2026-08-28T07:32:08Z,クレジットカード,increment-run-003,workshop-participant,donation_events_003.csv,2026-09-01T00:03:20Z
EVT-FRS-004172,6004172,2002628,103837,3003051,15000,2026-08-28T07:34:30Z,クレジットカード,increment-run-003,workshop-participant,donation_events_003.csv,2026-09-01T00:03:20Z
EVT-FRS-003703,6003703,2006338,452025,3005848,20000,2026-08-28T07:35:51Z,クレジットカード,increment-run-003,workshop-participant,donation_events_003.csv,2026-09-01T00:03:20Z
EVT-FRS-011883,6011883,2010301,464686,3005084,25000,2026-08-28T07:37:25Z,銀行振込,increment-run-003,workshop-participant,donation_events_003.csv,2026-09-01T00:03:20Z
EVT-FRS-001087,6001087,2002666,222127,3004278,12000,2026-08-28T07:40:30Z,電子決済,increment-run-003,workshop-participant,donation_events_003.csv,2026-09-01T00:03:20Z
EVT-FRS-002533,6002533,2010697,192082,3001338,30000,2026-08-28T07:40:44Z,クレジットカード,increment-run-003,workshop-participant,donation_events_003.csv,2026-09-01T00:03:20Z
EVT-FRS-009501,6009501,2003039,262064,3004208,10000,2026-08-28T07:43:07Z,クレジットカード,increment-run-003,workshop-participant,donation_events_003.csv,2026-09-01T00:03:20Z
EVT-FRS-001223,6001223,2001161,062103,3004743,10000,2026-08-28T07:53:03Z,クレジットカード,increment-run-003,workshop-participant,donation_events_003.csv,2026-09-01T00:03:20Z
EVT-FRS-003531,6003531,2003217,122173,3000041,30000,2026-08-28T07:53:13Z,クレジットカード,increment-run-003,workshop-participant,donation_events_003.csv,2026-09-01T00:03:20Z
EVT-FRS-006116,6006116,2010785,182052,3001264,10000,2026-08-28T07:58:50Z,クレジットカード,increment-run-003,workshop-participant,donation_events_003.csv,2026-09-01T00:03:20Z
EVT-FRS-004922,6004922,2008919,192023,3004643,10000,2026-08-28T08:00:18Z,銀行振込,increment-run-003,workshop-participant,donation_events_003.csv,2026-09-01T00:03:20Z
EVT-FRS-009110,6009110,2011033,082082,3005852,40000,2026-08-28T08:03:25Z,クレジットカード,increment-run-003,workshop-participant,donation_events_003.csv,2026-09-01T00:03:20Z
EVT-FRS-012120,6012120,2001101,262072,3004051,10000,2026-08-28T08:04:12Z,クレジットカード,increment-run-003,workshop-participant,donation_events_003.csv,2026-09-01T00:03:20Z
EVT-FRS-002155,6002155,2001618,344311,3001607,10000,2026-08-28T08:04:34Z,電子決済,increment-run-003,workshop-participant,donation_events_003.csv,2026-09-01T00:03:20Z
EVT-FRS-007056,6007056,2000965,102083,3000539,10000,2026-08-28T08:05:00Z,クレジットカード,increment-run-003,workshop-participant,donation_events_003.csv,2026-09-01T00:03:20Z
EVT-FRS-008059,6008059,2007966,242152,3001120,20000,2026-08-28T08:07:26Z,クレジットカード,increment-run-003,workshop-participant,donation_events_003.csv,2026-09-01T00:03:20Z
EVT-FRS-014826,6014826,2010308,452025,3004014,5000,2026-08-28T08:08:00Z,コンビニ決済,increment-run-003,workshop-participant,donation_events_003.csv,2026-09-01T00:03:20Z
EVT-FRS-008466,6008466,2006860,142107,3001900,5000,2026-08-28T08:10:53Z,電子決済,increment-run-003,workshop-participant,donation_events_003.csv,2026-09-01T00:03:20Z
EVT-FRS-002316,6002316,2011627,012157,3001119,10000,2026-08-28T08:11:25Z,クレジットカード,increment-run-003,workshop-participant,donation_events_003.csv,2026-09-01T00:03:20Z
EVT-FRS-000673,6000673,2004331,223018,3001507,8000,2026-08-28T08:19:28Z,銀行振込,increment-run-003,workshop-participant,donation_events_003.csv,2026-09-01T00:03:20Z
EVT-FRS-012534,6012534,2008691,452068,3001818,12000,2026-08-28T08:21:36Z,電子決済,increment-run-003,workshop-participant,donation_events_003.csv,2026-09-01T00:03:20Z
EVT-FRS-007398,6007398,2000849,012335,3003546,30000,2026-08-28T08:23:50Z,クレジットカード,increment-run-003,workshop-participant,donation_events_003.csv,2026-09-01T00:03:20Z
EVT-FRS-004042,6004042,2007882,082368,3000796,15000,2026-08-28T08:25:23Z,クレジットカード,increment-run-003,workshop-participant,donation_events_003.csv,2026-09-01T00:03:20Z
EVT-FRS-006431,6006431,2009852,263036,3004003,15000,2026-08-28T08:27:05Z,クレジットカード,increment-run-003,workshop-participant,donation_events_003.csv,2026-09-01T00:03:20Z
EVT-FRS-001125,6001125,2005658,131164,3003290,12000,2026-08-28T08:40:42Z,クレジットカード,increment-run-003,workshop-participant,donation_events_003.csv,2026-09-01T00:03:20Z
EVT-FRS-003900,6003900,2003517,382019,3003105,20000,2026-08-28T08:50:43Z,銀行振込,increment-run-003,workshop-participant,donation_events_003.csv,2026-09-01T00:03:20Z
EVT-FRS-005148,6005148,2001300,232351,3004170,20000,2026-08-28T08:58:16Z,電子決済,increment-run-003,workshop-participant,donation_events_003.csv,2026-09-01T00:03:20Z
EVT-FRS-001190,6001190,2006027,282022,3005891,10000,2026-08-28T08:59:46Z,クレジットカード,increment-run-003,workshop-participant,donation_events_003.csv,2026-09-01T00:03:20Z
EVT-FRS-010237,6010237,2005809,223069,3005340,20000,2026-08-28T09:10:26Z,クレジットカード,increment-run-003,workshop-participant,donation_events_003.csv,2026-09-01T00:03:20Z
EVT-FRS-004942,6004942,2004209,462209,3001921,30000,2026-08-28T09:10:44Z,クレジットカード,increment-run-003,workshop-participant,donation_events_003.csv,2026-09-01T00:03:20Z
EVT-FRS-002694,6002694,2010896,152081,3003357,10000,2026-08-28T09:11:26Z,電子決済,increment-run-003,workshop-participant,donation_events_003.csv,2026-09-01T00:03:20Z
EVT-FRS-000703,6000703,2000988,082163,3005032,15000,2026-08-28T09:14:31Z,クレジットカード,increment-run-003,workshop-participant,donation_events_003.csv,2026-09-01T00:03:20Z
EVT-FRS-011611,6011611,2005578,162094,3005691,15000,2026-08-28T09:16:53Z,電子決済,increment-run-003,workshop-participant,donation_events_003.csv,2026-09-01T00:03:20Z
EVT-FRS-008894,6008894,2006390,122246,3003263,30000,2026-08-28T09:25:13Z,電子決済,increment-run-003,workshop-participant,donation_events_003.csv,2026-09-01T00:03:20Z
EVT-FRS-006062,6006062,2006295,112283,3000906,15000,2026-08-28T09:28:14Z,クレジットカード,increment-run-003,workshop-participant,donation_events_003.csv,2026-09-01T00:03:20Z
EVT-FRS-012769,6012769,2005008,122360,3004726,10000,2026-08-28T09:29:46Z,クレジットカード,increment-run-003,workshop-participant,donation_events_003.csv,2026-09-01T00:03:20Z
EVT-FRS-008785,6008785,2006368,431001,3002599,10000,2026-08-28T09:30:55Z,電子決済,increment-run-003,workshop-participant,donation_events_003.csv,2026-09-01T00:03:20Z
EVT-FRS-005343,6005343,2008149,402265,3004153,150000,2026-08-28T09:33:14Z,クレジットカード,increment-run-003,workshop-participant,donation_events_003.csv,2026-09-01T00:03:20Z
EVT-FRS-011618,6011618,2010024,112437,3003085,12000,2026-08-28T09:37:16Z,クレジットカード,increment-run-003,workshop-participant,donation_events_003.csv,2026-09-01T00:03:20Z
EVT-FRS-014101,6014101,2001149,162094,3002151,10000,2026-08-28T09:37:29Z,クレジットカード,increment-run-003,workshop-participant,donation_events_003.csv,2026-09-01T00:03:20Z
EVT-FRS-007796,6007796,2001156,472077,3000523,25000,2026-08-28T09:38:24Z,クレジットカード,increment-run-003,workshop-participant,donation_events_003.csv,2026-09-01T00:03:20Z
EVT-FRS-005184,6005184,2009229,303437,3004836,8000,2026-08-28T09:42:29Z,電子決済,increment-run-003,workshop-participant,donation_events_003.csv,2026-09-01T00:03:20Z
EVT-FRS-014300,6014300,2007971,222194,3001954,15000,2026-08-28T09:47:40Z,クレジットカード,increment-run-003,workshop-participant,donation_events_003.csv,2026-09-01T00:03:20Z
EVT-FRS-012021,6012021,2009378,012173,3004165,12000,2026-08-28T09:55:42Z,クレジットカード,increment-run-003,workshop-participant,donation_events_003.csv,2026-09-01T00:03:20Z
EVT-FRS-009964,6009964,2007052,322016,3004283,40000,2026-08-28T10:02:17Z,クレジットカード,increment-run-003,workshop-participant,donation_events_003.csv,2026-09-01T00:03:20Z
EVT-FRS-002925,6002925,2003383,132063,3000220,12000,2026-08-28T10:02:54Z,コンビニ決済,increment-run-003,workshop-participant,donation_events_003.csv,2026-09-01T00:03:20Z
EVT-FRS-012598,6012598,2010336,032131,3005191,10000,2026-08-28T10:03:21Z,銀行振込,increment-run-003,workshop-participant,donation_events_003.csv,2026-09-01T00:03:20Z
EVT-FRS-014359,6014359,2009047,074454,3005816,50000,2026-08-28T10:04:51Z,電子決済,increment-run-003,workshop-participant,donation_events_003.csv,2026-09-01T00:03:20Z
EVT-FRS-001462,6001462,2008874,342157,3004528,5000,2026-08-28T10:07:43Z,クレジットカード,increment-run-003,workshop-participant,donation_events_003.csv,2026-09-01T00:03:20Z
EVT-FRS-008840,6008840,2010069,432148,3000934,10000,2026-08-28T10:10:43Z,クレジットカード,increment-run-003,workshop-participant,donation_events_003.csv,2026-09-01T00:03:20Z
EVT-FRS-002586,6002586,2004782,452041,3005727,12000,2026-08-28T10:13:49Z,クレジットカード,increment-run-003,workshop-participant,donation_events_003.csv,2026-09-01T00:03:20Z
EVT-FRS-006147,6006147,2007222,022047,3004984,15000,2026-08-28T10:22:21Z,電子決済,increment-run-003,workshop-participant,donation_events_003.csv,2026-09-01T00:03:20Z
EVT-FRS-011265,6011265,2011661,222267,3004162,15000,2026-08-28T10:26:29Z,クレジットカード,increment-run-003,workshop-participant,donation_events_003.csv,2026-09-01T00:03:20Z
EVT-FRS-000962,6000962,2008763,142131,3004023,15000,2026-08-28T10:28:36Z,銀行振込,increment-run-003,workshop-participant,donation_events_003.csv,2026-09-01T00:03:20Z
EVT-FRS-007818,6007818,2007876,332020,3001069,10000,2026-08-28T10:29:11Z,電子決済,increment-run-003,workshop-participant,donation_events_003.csv,2026-09-01T00:03:20Z
EVT-FRS-002296,6002296,2007530,072095,3003970,15000,2026-08-28T10:30:50Z,クレジットカード,increment-run-003,workshop-participant,donation_events_003.csv,2026-09-01T00:03:20Z
EVT-FRS-004247,6004247,2008636,473243,3002514,20000,2026-08-28T10:33:44Z,銀行振込,increment-run-003,workshop-participant,donation_events_003.csv,2026-09-01T00:03:20Z
EVT-FRS-007037,6007037,2005085,012343,3005414,15000,2026-08-28T10:34:00Z,クレジットカード,increment-run-003,workshop-participant,donation_events_003.csv,2026-09-01T00:03:20Z
EVT-FRS-010889,6010889,2005895,352080,3004809,30000,2026-08-28T10:37:17Z,クレジットカード,increment-run-003,workshop-participant,donation_events_003.csv,2026-09-01T00:03:20Z
EVT-FRS-005522,6005522,2004708,272132,3003549,12000,2026-08-28T10:39:51Z,クレジットカード,increment-run-003,workshop-participant,donation_events_003.csv,2026-09-01T00:03:20Z
EVT-FRS-010674,6010674,2002940,132128,3005919,25000,2026-08-28T10:41:44Z,コンビニ決済,increment-run-003,workshop-participant,donation_events_003.csv,2026-09-01T00:03:20Z
EVT-FRS-001115,6001115,2000188,202142,3000695,5000,2026-08-28T10:44:45Z,銀行振込,increment-run-003,workshop-participant,donation_events_003.csv,2026-09-01T00:03:20Z
EVT-FRS-010418,6010418,2010913,473138,3001969,15000,2026-08-28T10:47:14Z,銀行振込,increment-run-003,workshop-participant,donation_events_003.csv,2026-09-01T00:03:20Z
EVT-FRS-009942,6009942,2011967,122319,3005618,30000,2026-08-28T10:48:34Z,電子決済,increment-run-003,workshop-participant,donation_events_003.csv,2026-09-01T00:03:20Z
EVT-FRS-010649,6010649,2010466,402168,3002003,10000,2026-08-28T10:56:49Z,クレジットカード,increment-run-003,workshop-participant,donation_events_003.csv,2026-09-01T00:03:20Z
EVT-FRS-014522,6014522,2008913,292061,3004176,20000,2026-08-28T10:59:52Z,クレジットカード,increment-run-003,workshop-participant,donation_events_003.csv,2026-09-01T00:03:20Z
EVT-FRS-010331,6010331,2000354,182028,3002137,30000,2026-08-28T11:00:41Z,クレジットカード,increment-run-003,workshop-participant,donation_events_003.csv,2026-09-01T00:03:20Z
EVT-FRS-008877,6008877,2005411,382043,3005866,15000,2026-08-28T11:06:52Z,クレジットカード,increment-run-003,workshop-participant,donation_events_003.csv,2026-09-01T00:03:20Z
EVT-FRS-004397,6004397,2009670,112356,3004425,30000,2026-08-28T11:12:30Z,クレジットカード,increment-run-003,workshop-participant,donation_events_003.csv,2026-09-01T00:03:20Z
EVT-FRS-011319,6011319,2004315,014087,3002055,20000,2026-08-28T11:12:57Z,電子決済,increment-run-003,workshop-participant,donation_events_003.csv,2026-09-01T00:03:20Z
EVT-FRS-001592,6001592,2011360,202029,3002606,12000,2026-08-28T11:16:05Z,銀行振込,increment-run-003,workshop-participant,donation_events_003.csv,2026-09-01T00:03:20Z
EVT-FRS-007735,6007735,2001251,432032,3002519,10000,2026-08-28T11:17:02Z,クレジットカード,increment-run-003,workshop-participant,donation_events_003.csv,2026-09-01T00:03:20Z
EVT-FRS-004798,6004798,2011839,232220,3004259,15000,2026-08-28T11:17:30Z,クレジットカード,increment-run-003,workshop-participant,donation_events_003.csv,2026-09-01T00:03:20Z
EVT-FRS-008462,6008462,2005354,044041,3002691,5000,2026-08-28T11:18:03Z,クレジットカード,increment-run-003,workshop-participant,donation_events_003.csv,2026-09-01T00:03:20Z
EVT-FRS-004461,6004461,2003317,012360,3004702,20000,2026-08-28T11:18:13Z,クレジットカード,increment-run-003,workshop-participant,donation_events_003.csv,2026-09-01T00:03:20Z
EVT-FRS-011933,6011933,2008417,282294,3000121,10000,2026-08-28T11:18:35Z,クレジットカード,increment-run-003,workshop-participant,donation_events_003.csv,2026-09-01T00:03:20Z
EVT-FRS-013854,6013854,2001603,132195,3001368,15000,2026-08-28T11:24:52Z,クレジットカード,increment-run-003,workshop-participant,donation_events_003.csv,2026-09-01T00:03:20Z
EVT-FRS-014798,6014798,2002249,422142,3005051,5000,2026-08-28T11:27:11Z,銀行振込,increment-run-003,workshop-participant,donation_events_003.csv,2026-09-01T00:03:20Z
EVT-FRS-000890,6000890,2004142,272281,3004859,40000,2026-08-28T11:28:50Z,クレジットカード,increment-run-003,workshop-participant,donation_events_003.csv,2026-09-01T00:03:20Z
EVT-FRS-012535,6012535,2006086,392081,3001540,25000,2026-08-28T11:39:46Z,クレジットカード,increment-run-003,workshop-participant,donation_events_003.csv,2026-09-01T00:03:20Z
EVT-FRS-010490,6010490,2009706,072036,3000323,20000,2026-08-28T11:40:01Z,クレジットカード,increment-run-003,workshop-participant,donation_events_003.csv,2026-09-01T00:03:20Z
EVT-FRS-003252,6003252,2001187,122335,3002841,20000,2026-08-28T11:41:15Z,クレジットカード,increment-run-003,workshop-participant,donation_events_003.csv,2026-09-01T00:03:20Z
EVT-FRS-005337,6005337,2000021,052027,3005233,8000,2026-08-28T11:45:46Z,電子決済,increment-run-003,workshop-participant,donation_events_003.csv,2026-09-01T00:03:20Z
EVT-FRS-002227,6002227,2000110,302023,3000089,15000,2026-08-28T11:48:25Z,クレジットカード,increment-run-003,workshop-participant,donation_events_003.csv,2026-09-01T00:03:20Z
EVT-FRS-009272,6009272,2010690,282189,3003712,10000,2026-08-28T11:53:52Z,クレジットカード,increment-run-003,workshop-participant,donation_events_003.csv,2026-09-01T00:03:20Z
EVT-FRS-006185,6006185,2007062,452033,3005362,5000,2026-08-28T11:54:14Z,クレジットカード,increment-run-003,workshop-participant,donation_events_003.csv,2026-09-01T00:03:20Z
EVT-FRS-009841,6009841,2010269,112453,3005347,10000,2026-08-28T11:58:45Z,クレジットカード,increment-run-003,workshop-participant,donation_events_003.csv,2026-09-01T00:03:20Z
EVT-FRS-011643,6011643,2003472,262129,3001424,20000,2026-08-28T11:59:13Z,クレジットカード,increment-run-003,workshop-participant,donation_events_003.csv,2026-09-01T00:03:20Z
EVT-FRS-014601,6014601,2003132,332038,3003764,40000,2026-08-28T12:01:32Z,電子決済,increment-run-003,workshop-participant,donation_events_003.csv,2026-09-01T00:03:20Z
EVT-FRS-008458,6008458,2003051,342114,3003738,10000,2026-08-28T12:03:04Z,クレジットカード,increment-run-003,workshop-participant,donation_events_003.csv,2026-09-01T00:03:20Z
EVT-FRS-006235,6006235,2002682,402311,3001250,10000,2026-08-28T12:05:38Z,クレジットカード,increment-run-003,workshop-participant,donation_events_003.csv,2026-09-01T00:03:20Z
EVT-FRS-009545,6009545,2006984,122076,3001613,30000,2026-08-28T12:10:29Z,電子決済,increment-run-003,workshop-participant,donation_events_003.csv,2026-09-01T00:03:20Z
EVT-FRS-004709,6004709,2009876,422029,3001138,10000,2026-08-28T12:10:42Z,クレジットカード,increment-run-003,workshop-participant,donation_events_003.csv,2026-09-01T00:03:20Z
EVT-FRS-006274,6006274,2007784,016071,3001175,30000,2026-08-28T12:12:37Z,クレジットカード,increment-run-003,workshop-participant,donation_events_003.csv,2026-09-01T00:03:20Z
EVT-FRS-005863,6005863,2005349,062090,3002120,10000,2026-08-28T12:16:55Z,クレジットカード,increment-run-003,workshop-participant,donation_events_003.csv,2026-09-01T00:03:20Z
EVT-FRS-007175,6007175,2011222,012203,3003863,40000,2026-08-28T12:20:32Z,銀行振込,increment-run-003,workshop-participant,donation_events_003.csv,2026-09-01T00:03:20Z
EVT-FRS-010808,6010808,2008280,062022,3001514,15000,2026-08-28T12:31:40Z,クレジットカード,increment-run-003,workshop-participant,donation_events_003.csv,2026-09-01T00:03:20Z
EVT-FRS-000012,6000012,2007736,362069,3000261,20000,2026-08-28T12:31:53Z,電子決済,increment-run-003,workshop-participant,donation_events_003.csv,2026-09-01T00:03:20Z
EVT-FRS-005278,6005278,2005357,012068,3000911,30000,2026-08-28T12:33:31Z,電子決済,increment-run-003,workshop-participant,donation_events_003.csv,2026-09-01T00:03:20Z
EVT-FRS-007355,6007355,2000277,014257,3001789,20000,2026-08-28T12:36:31Z,コンビニ決済,increment-run-003,workshop-participant,donation_events_003.csv,2026-09-01T00:03:20Z
EVT-FRS-000632,6000632,2010485,452025,3002265,25000,2026-08-28T12:38:39Z,銀行振込,increment-run-003,workshop-participant,donation_events_003.csv,2026-09-01T00:03:20Z
EVT-FRS-000286,6000286,2004296,131211,3004690,8000,2026-08-28T12:40:55Z,クレジットカード,increment-run-003,workshop-participant,donation_events_003.csv,2026-09-01T00:03:20Z
EVT-FRS-009943,6009943,2004369,242071,3005036,30000,2026-08-28T12:42:12Z,クレジットカード,increment-run-003,workshop-participant,donation_events_003.csv,2026-09-01T00:03:20Z
EVT-FRS-009750,6009750,2011119,072109,3004193,15000,2026-08-28T12:44:26Z,クレジットカード,increment-run-003,workshop-participant,donation_events_003.csv,2026-09-01T00:03:20Z
EVT-FRS-010161,6010161,2010160,302091,3004694,15000,2026-08-28T12:45:05Z,クレジットカード,increment-run-003,workshop-participant,donation_events_003.csv,2026-09-01T00:03:20Z
EVT-FRS-004448,6004448,2006031,462217,3004388,20000,2026-08-28T12:46:11Z,銀行振込,increment-run-003,workshop-participant,donation_events_003.csv,2026-09-01T00:03:20Z
EVT-FRS-012209,6012209,2004234,422070,3000272,15000,2026-08-28T12:51:35Z,クレジットカード,increment-run-003,workshop-participant,donation_events_003.csv,2026-09-01T00:03:20Z
EVT-FRS-011256,6011256,2008607,012351,3004599,15000,2026-08-28T12:54:07Z,電子決済,increment-run-003,workshop-participant,donation_events_003.csv,2026-09-01T00:03:20Z
EVT-FRS-001491,6001491,2006305,342157,3005027,20000,2026-08-28T12:55:13Z,電子決済,increment-run-003,workshop-participant,donation_events_003.csv,2026-09-01T00:03:20Z
EVT-FRS-000034,6000034,2008171,352021,3003127,10000,2026-08-28T12:57:32Z,クレジットカード,increment-run-003,workshop-participant,donation_events_003.csv,2026-09-01T00:03:20Z
EVT-FRS-011411,6011411,2008249,122076,3004241,5000,2026-08-28T13:01:10Z,電子決済,increment-run-003,workshop-participant,donation_events_003.csv,2026-09-01T00:03:20Z
EVT-FRS-000593,6000593,2001486,431001,3002471,20000,2026-08-28T13:01:49Z,クレジットカード,increment-run-003,workshop-participant,donation_events_003.csv,2026-09-01T00:03:20Z
EVT-FRS-013788,6013788,2009593,105210,3002318,15000,2026-08-28T13:06:43Z,クレジットカード,increment-run-003,workshop-participant,donation_events_003.csv,2026-09-01T00:03:20Z
EVT-FRS-012250,6012250,2005634,212016,3001573,20000,2026-08-28T13:09:05Z,クレジットカード,increment-run-003,workshop-participant,donation_events_003.csv,2026-09-01T00:03:20Z
EVT-FRS-011233,6011233,2009813,192082,3003819,12000,2026-08-28T13:14:30Z,クレジットカード,increment-run-003,workshop-participant,donation_events_003.csv,2026-09-01T00:03:20Z
EVT-FRS-000027,6000027,2007625,313866,3005699,15000,2026-08-28T13:14:31Z,クレジットカード,increment-run-003,workshop-participant,donation_events_003.csv,2026-09-01T00:03:20Z
EVT-FRS-005210,6005210,2003502,052141,3000352,15000,2026-08-28T13:18:58Z,銀行振込,increment-run-003,workshop-participant,donation_events_003.csv,2026-09-01T00:03:20Z
EVT-FRS-005661,6005661,2005167,372081,3003073,10000,2026-08-28T13:19:38Z,クレジットカード,increment-run-003,workshop-participant,donation_events_003.csv,2026-09-01T00:03:20Z
EVT-FRS-010682,6010682,2011658,082309,3005003,20000,2026-08-28T13:20:29Z,電子決済,increment-run-003,workshop-participant,donation_events_003.csv,2026-09-01T00:03:20Z
EVT-FRS-004246,6004246,2001391,253847,3002419,15000,2026-08-28T13:22:46Z,電子決済,increment-run-003,workshop-participant,donation_events_003.csv,2026-09-01T00:03:20Z
EVT-FRS-001896,6001896,2003684,112089,3003194,15000,2026-08-28T13:25:03Z,電子決済,increment-run-003,workshop-participant,donation_events_003.csv,2026-09-01T00:03:20Z
EVT-FRS-004186,6004186,2001411,452025,3004014,20000,2026-08-28T13:25:39Z,クレジットカード,increment-run-003,workshop-participant,donation_events_003.csv,2026-09-01T00:03:20Z
EVT-FRS-013052,6013052,2007096,012238,3001524,12000,2026-08-28T13:28:23Z,クレジットカード,increment-run-003,workshop-participant,donation_events_003.csv,2026-09-01T00:03:20Z
EVT-FRS-004088,6004088,2006547,152056,3001132,5000,2026-08-28T13:32:52Z,クレジットカード,increment-run-003,workshop-participant,donation_events_003.csv,2026-09-01T00:03:20Z
EVT-FRS-008863,6008863,2009308,244619,3002884,20000,2026-08-28T13:33:20Z,クレジットカード,increment-run-003,workshop-participant,donation_events_003.csv,2026-09-01T00:03:20Z
EVT-FRS-001904,6001904,2004569,252093,3000074,12000,2026-08-28T13:33:59Z,クレジットカード,increment-run-003,workshop-participant,donation_events_003.csv,2026-09-01T00:03:20Z
EVT-FRS-008084,6008084,2006567,406473,3002850,20000,2026-08-28T13:35:03Z,クレジットカード,increment-run-003,workshop-participant,donation_events_003.csv,2026-09-01T00:03:20Z
EVT-FRS-004712,6004712,2006175,092011,3001063,20000,2026-08-28T13:35:18Z,クレジットカード,increment-run-003,workshop-participant,donation_events_003.csv,2026-09-01T00:03:20Z
EVT-FRS-003017,6003017,2002598,222127,3000099,10000,2026-08-28T13:39:12Z,銀行振込,increment-run-003,workshop-participant,donation_events_003.csv,2026-09-01T00:03:20Z
EVT-FRS-001231,6001231,2011323,402192,3005528,20000,2026-08-28T13:39:28Z,電子決済,increment-run-003,workshop-participant,donation_events_003.csv,2026-09-01T00:03:20Z
EVT-FRS-007598,6007598,2005793,392065,3000662,20000,2026-08-28T13:41:20Z,電子決済,increment-run-003,workshop-participant,donation_events_003.csv,2026-09-01T00:03:20Z
EVT-FRS-011899,6011899,2008658,243434,3001096,25000,2026-08-28T13:41:45Z,クレジットカード,increment-run-003,workshop-participant,donation_events_003.csv,2026-09-01T00:03:20Z
EVT-FRS-008740,6008740,2001742,122271,3003570,25000,2026-08-28T13:48:40Z,クレジットカード,increment-run-003,workshop-participant,donation_events_003.csv,2026-09-01T00:03:20Z
EVT-FRS-007220,6007220,2010669,072052,3004121,15000,2026-08-28T13:50:52Z,銀行振込,increment-run-003,workshop-participant,donation_events_003.csv,2026-09-01T00:03:20Z
EVT-FRS-005040,6005040,2003456,012092,3003845,10000,2026-08-28T13:54:05Z,銀行振込,increment-run-003,workshop-participant,donation_events_003.csv,2026-09-01T00:03:20Z
EVT-FRS-014721,6014721,2004982,024066,3003950,20000,2026-08-28T13:54:12Z,クレジットカード,increment-run-003,workshop-participant,donation_events_003.csv,2026-09-01T00:03:20Z
EVT-FRS-010263,6010263,2000524,262013,3003035,10000,2026-08-28T13:54:13Z,銀行振込,increment-run-003,workshop-participant,donation_events_003.csv,2026-09-01T00:03:20Z
EVT-FRS-004006,6004006,2001607,472123,3000930,10000,2026-08-28T13:56:00Z,クレジットカード,increment-run-003,workshop-participant,donation_events_003.csv,2026-09-01T00:03:20Z
EVT-FRS-011595,6011595,2005486,132144,3001273,20000,2026-08-28T14:01:02Z,クレジットカード,increment-run-003,workshop-participant,donation_events_003.csv,2026-09-01T00:03:20Z
EVT-FRS-014056,6014056,2008377,452025,3002265,5000,2026-08-28T14:02:43Z,クレジットカード,increment-run-003,workshop-participant,donation_events_003.csv,2026-09-01T00:03:20Z
EVT-FRS-004672,6004672,2003136,231002,3001053,10000,2026-08-28T14:06:33Z,クレジットカード,increment-run-003,workshop-participant,donation_events_003.csv,2026-09-01T00:03:20Z
EVT-FRS-007204,6007204,2009192,242128,3004103,10000,2026-08-28T14:07:29Z,電子決済,increment-run-003,workshop-participant,donation_events_003.csv,2026-09-01T00:03:20Z
EVT-FRS-010761,6010761,2007804,352101,3000035,12000,2026-08-28T14:10:17Z,クレジットカード,increment-run-003,workshop-participant,donation_events_003.csv,2026-09-01T00:03:20Z
EVT-FRS-014873,6014873,2008584,282227,3005359,25000,2026-08-28T14:12:13Z,銀行振込,increment-run-003,workshop-participant,donation_events_003.csv,2026-09-01T00:03:20Z
EVT-FRS-007261,6007261,2009717,102113,3001739,15000,2026-08-28T14:19:22Z,電子決済,increment-run-003,workshop-participant,donation_events_003.csv,2026-09-01T00:03:20Z
EVT-FRS-014825,6014825,2004670,202177,3005497,20000,2026-08-28T14:21:07Z,クレジットカード,increment-run-003,workshop-participant,donation_events_003.csv,2026-09-01T00:03:20Z
EVT-FRS-004583,6004583,2010900,012246,3000588,20000,2026-08-28T14:25:01Z,銀行振込,increment-run-003,workshop-participant,donation_events_003.csv,2026-09-01T00:03:20Z
EVT-FRS-002898,6002898,2010844,242152,3003613,10000,2026-08-28T14:29:41Z,クレジットカード,increment-run-003,workshop-participant,donation_events_003.csv,2026-09-01T00:03:20Z
EVT-FRS-014425,6014425,2003710,282057,3002286,10000,2026-08-28T14:32:01Z,クレジットカード,increment-run-003,workshop-participant,donation_events_003.csv,2026-09-01T00:03:20Z
EVT-FRS-014081,6014081,2007699,082155,3000037,8000,2026-08-28T14:36:00Z,クレジットカード,increment-run-003,workshop-participant,donation_events_003.csv,2026-09-01T00:03:20Z
EVT-FRS-011434,6011434,2010041,203840,3001396,10000,2026-08-28T14:45:41Z,クレジットカード,increment-run-003,workshop-participant,donation_events_003.csv,2026-09-01T00:03:20Z
EVT-FRS-009782,6009782,2004389,272329,3005628,10000,2026-08-28T14:49:42Z,銀行振込,increment-run-003,workshop-participant,donation_events_003.csv,2026-09-01T00:03:20Z
EVT-FRS-008307,6008307,2010028,192058,3004876,10000,2026-08-28T14:51:05Z,電子決済,increment-run-003,workshop-participant,donation_events_003.csv,2026-09-01T00:03:20Z
EVT-FRS-011038,6011038,2005813,172014,3003149,10000,2026-08-28T14:51:45Z,電子決済,increment-run-003,workshop-participant,donation_events_003.csv,2026-09-01T00:03:20Z
EVT-FRS-001911,6001911,2011656,112216,3000654,10000,2026-08-28T14:58:23Z,クレジットカード,increment-run-003,workshop-participant,donation_events_003.csv,2026-09-01T00:03:20Z
EVT-FRS-014064,6014064,2000578,232033,3001300,10000,2026-08-28T15:01:12Z,クレジットカード,increment-run-003,workshop-participant,donation_events_003.csv,2026-09-01T00:03:20Z
EVT-FRS-014121,6014121,2009070,212105,3003206,40000,2026-08-28T15:01:59Z,クレジットカード,increment-run-003,workshop-participant,donation_events_003.csv,2026-09-01T00:03:20Z
EVT-FRS-005827,6005827,2010682,362042,3000304,20000,2026-08-28T15:03:46Z,銀行振込,increment-run-003,workshop-participant,donation_events_003.csv,2026-09-01T00:03:20Z
EVT-FRS-012914,6012914,2010316,062103,3000822,12000,2026-08-28T15:07:50Z,クレジットカード,increment-run-003,workshop-participant,donation_events_003.csv,2026-09-01T00:03:20Z
EVT-FRS-002846,6002846,2010506,272175,3002303,10000,2026-08-28T15:08:21Z,電子決済,increment-run-003,workshop-participant,donation_events_003.csv,2026-09-01T00:03:20Z
EVT-FRS-005466,6005466,2007738,022063,3004685,20000,2026-08-28T15:08:27Z,クレジットカード,increment-run-003,workshop-participant,donation_events_003.csv,2026-09-01T00:03:20Z
EVT-FRS-013584,6013584,2007911,462250,3002968,30000,2026-08-28T15:13:35Z,電子決済,increment-run-003,workshop-participant,donation_events_003.csv,2026-09-01T00:03:20Z
EVT-FRS-014218,6014218,2002720,122343,3001630,50000,2026-08-28T15:15:54Z,クレジットカード,increment-run-003,workshop-participant,donation_events_003.csv,2026-09-01T00:03:20Z
EVT-FRS-007465,6007465,2004359,422037,3002909,20000,2026-08-28T15:20:42Z,クレジットカード,increment-run-003,workshop-participant,donation_events_003.csv,2026-09-01T00:03:20Z
EVT-FRS-005443,6005443,2005121,462187,3004770,20000,2026-08-28T15:25:50Z,クレジットカード,increment-run-003,workshop-participant,donation_events_003.csv,2026-09-01T00:03:20Z
EVT-FRS-008236,6008236,2004828,172073,3001487,40000,2026-08-28T15:29:35Z,電子決済,increment-run-003,workshop-participant,donation_events_003.csv,2026-09-01T00:03:20Z
EVT-FRS-010506,6010506,2001750,222054,3002220,30000,2026-08-28T15:33:24Z,クレジットカード,increment-run-003,workshop-participant,donation_events_003.csv,2026-09-01T00:03:20Z
EVT-FRS-005156,6005156,2005183,132128,3001786,15000,2026-08-28T15:41:12Z,クレジットカード,increment-run-003,workshop-participant,donation_events_003.csv,2026-09-01T00:03:20Z
EVT-FRS-006704,6006704,2005642,122190,3003157,20000,2026-08-28T15:42:29Z,クレジットカード,increment-run-003,workshop-participant,donation_events_003.csv,2026-09-01T00:03:20Z
EVT-FRS-010640,6010640,2008652,122041,3002247,20000,2026-08-28T15:47:30Z,クレジットカード,increment-run-003,workshop-participant,donation_events_003.csv,2026-09-01T00:03:20Z
EVT-FRS-008284,6008284,2004129,272230,3001859,8000,2026-08-28T15:48:12Z,クレジットカード,increment-run-003,workshop-participant,donation_events_003.csv,2026-09-01T00:03:20Z
EVT-FRS-014670,6014670,2007202,112232,3000007,20000,2026-08-28T15:48:13Z,クレジットカード,increment-run-003,workshop-participant,donation_events_003.csv,2026-09-01T00:03:20Z
EVT-FRS-004412,6004412,2002816,264652,3000811,15000,2026-08-28T15:52:22Z,電子決済,increment-run-003,workshop-participant,donation_events_003.csv,2026-09-01T00:03:20Z
EVT-FRS-011384,6011384,2007696,222054,3001339,50000,2026-08-28T15:54:54Z,電子決済,increment-run-003,workshop-participant,donation_events_003.csv,2026-09-01T00:03:20Z
EVT-FRS-006841,6006841,2000576,172120,3000647,5000,2026-08-28T16:01:38Z,クレジットカード,increment-run-003,workshop-participant,donation_events_003.csv,2026-09-01T00:03:20Z
EVT-FRS-007339,6007339,2009251,302091,3001261,8000,2026-08-28T16:01:54Z,クレジットカード,increment-run-003,workshop-participant,donation_events_003.csv,2026-09-01T00:03:20Z
EVT-FRS-009017,6009017,2002852,272311,3000210,10000,2026-08-28T16:03:06Z,コンビニ決済,increment-run-003,workshop-participant,donation_events_003.csv,2026-09-01T00:03:20Z
EVT-FRS-001986,6001986,2009489,282065,3002150,8000,2026-08-28T16:03:57Z,電子決済,increment-run-003,workshop-participant,donation_events_003.csv,2026-09-01T00:03:20Z
EVT-FRS-010081,6010081,2009196,272132,3003322,12000,2026-08-28T16:06:25Z,コンビニ決済,increment-run-003,workshop-participant,donation_events_003.csv,2026-09-01T00:03:20Z
EVT-FRS-007915,6007915,2011471,013315,3000404,25000,2026-08-28T16:09:03Z,クレジットカード,increment-run-003,workshop-participant,donation_events_003.csv,2026-09-01T00:03:20Z
EVT-FRS-012043,6012043,2005570,382051,3002712,5000,2026-08-28T16:09:06Z,銀行振込,increment-run-003,workshop-participant,donation_events_003.csv,2026-09-01T00:03:20Z
EVT-FRS-001485,6001485,2011251,302066,3003709,20000,2026-08-28T16:09:20Z,クレジットカード,increment-run-003,workshop-participant,donation_events_003.csv,2026-09-01T00:03:20Z
EVT-FRS-011113,6011113,2004211,452025,3005996,10000,2026-08-28T16:09:23Z,電子決済,increment-run-003,workshop-participant,donation_events_003.csv,2026-09-01T00:03:20Z
EVT-FRS-003124,6003124,2010523,262111,3004615,5000,2026-08-28T16:11:07Z,クレジットカード,increment-run-003,workshop-participant,donation_events_003.csv,2026-09-01T00:03:20Z
EVT-FRS-005155,6005155,2009725,083097,3000103,15000,2026-08-28T16:11:54Z,電子決済,increment-run-003,workshop-participant,donation_events_003.csv,2026-09-01T00:03:20Z
EVT-FRS-003156,6003156,2004165,194221,3001608,10000,2026-08-28T16:15:30Z,電子決済,increment-run-003,workshop-participant,donation_events_003.csv,2026-09-01T00:03:20Z
EVT-FRS-013207,6013207,2009826,042137,3001073,20000,2026-08-28T16:17:40Z,クレジットカード,increment-run-003,workshop-participant,donation_events_003.csv,2026-09-01T00:03:20Z
EVT-FRS-011816,6011816,2002544,232327,3003382,10000,2026-08-28T16:19:12Z,クレジットカード,increment-run-003,workshop-participant,donation_events_003.csv,2026-09-01T00:03:20Z
EVT-FRS-013575,6013575,2010263,232289,3001391,5000,2026-08-28T16:19:35Z,コンビニ決済,increment-run-003,workshop-participant,donation_events_003.csv,2026-09-01T00:03:20Z
EVT-FRS-007831,6007831,2005202,432059,3001721,5000,2026-08-28T16:21:06Z,銀行振込,increment-run-003,workshop-participant,donation_events_003.csv,2026-09-01T00:03:20Z
EVT-FRS-012746,6012746,2009841,092011,3005845,10000,2026-08-28T16:33:10Z,クレジットカード,increment-run-003,workshop-participant,donation_events_003.csv,2026-09-01T00:03:20Z
EVT-FRS-000910,6000910,2005444,364681,3003818,12000,2026-08-28T16:35:02Z,クレジットカード,increment-run-003,workshop-participant,donation_events_003.csv,2026-09-01T00:03:20Z
EVT-FRS-004586,6004586,2011593,132292,3001996,50000,2026-08-28T16:38:36Z,クレジットカード,increment-run-003,workshop-participant,donation_events_003.csv,2026-09-01T00:03:20Z
EVT-FRS-006160,6006160,2011269,232131,3001536,15000,2026-08-28T16:45:55Z,コンビニ決済,increment-run-003,workshop-participant,donation_events_003.csv,2026-09-01T00:03:20Z
EVT-FRS-013741,6013741,2004752,132187,3005854,20000,2026-08-28T16:46:08Z,クレジットカード,increment-run-003,workshop-participant,donation_events_003.csv,2026-09-01T00:03:20Z
EVT-FRS-001711,6001711,2007794,282189,3003916,30000,2026-08-28T16:50:53Z,クレジットカード,increment-run-003,workshop-participant,donation_events_003.csv,2026-09-01T00:03:20Z
EVT-FRS-013887,6013887,2001059,431001,3003941,50000,2026-08-28T16:52:33Z,電子決済,increment-run-003,workshop-participant,donation_events_003.csv,2026-09-01T00:03:20Z
EVT-FRS-013465,6013465,2003008,102024,3005603,30000,2026-08-28T16:58:21Z,クレジットカード,increment-run-003,workshop-participant,donation_events_003.csv,2026-09-01T00:03:20Z
EVT-FRS-007899,6007899,2001704,075043,3004090,10000,2026-08-28T16:58:49Z,クレジットカード,increment-run-003,workshop-participant,donation_events_003.csv,2026-09-01T00:03:20Z
EVT-FRS-011821,6011821,2008442,082171,3004974,10000,2026-08-28T17:07:42Z,電子決済,increment-run-003,workshop-participant,donation_events_003.csv,2026-09-01T00:03:20Z
EVT-FRS-005587,6005587,2000921,202193,3000383,10000,2026-08-28T17:09:26Z,クレジットカード,increment-run-003,workshop-participant,donation_events_003.csv,2026-09-01T00:03:20Z
EVT-FRS-009981,6009981,2006642,472131,3005715,8000,2026-08-28T17:15:07Z,電子決済,increment-run-003,workshop-participant,donation_events_003.csv,2026-09-01T00:03:20Z
EVT-FRS-000248,6000248,2006424,082163,3005032,15000,2026-08-28T17:16:59Z,クレジットカード,increment-run-003,workshop-participant,donation_events_003.csv,2026-09-01T00:03:20Z
EVT-FRS-006368,6006368,2007133,062057,3002588,12000,2026-08-28T17:17:44Z,クレジットカード,increment-run-003,workshop-participant,donation_events_003.csv,2026-09-01T00:03:20Z
EVT-FRS-004626,6004626,2006822,052035,3002714,10000,2026-08-28T17:20:23Z,クレジットカード,increment-run-003,workshop-participant,donation_events_003.csv,2026-09-01T00:03:20Z
EVT-FRS-014059,6014059,2008015,272302,3005056,15000,2026-08-28T17:22:42Z,クレジットカード,increment-run-003,workshop-participant,donation_events_003.csv,2026-09-01T00:03:20Z
EVT-FRS-009154,6009154,2008093,053279,3001946,50000,2026-08-28T17:24:23Z,コンビニ決済,increment-run-003,workshop-participant,donation_events_003.csv,2026-09-01T00:03:20Z
EVT-FRS-007393,6007393,2010741,252140,3000227,12000,2026-08-28T17:28:54Z,クレジットカード,increment-run-003,workshop-participant,donation_events_003.csv,2026-09-01T00:03:20Z
EVT-FRS-008348,6008348,2002139,372048,3004580,25000,2026-08-28T17:33:48Z,クレジットカード,increment-run-003,workshop-participant,donation_events_003.csv,2026-09-01T00:03:20Z
EVT-FRS-002739,6002739,2000731,462012,3000573,5000,2026-08-28T17:34:56Z,クレジットカード,increment-run-003,workshop-participant,donation_events_003.csv,2026-09-01T00:03:20Z
EVT-FRS-002130,6002130,2007073,272132,3002927,10000,2026-08-28T17:36:59Z,クレジットカード,increment-run-003,workshop-participant,donation_events_003.csv,2026-09-01T00:03:20Z
EVT-FRS-001136,6001136,2008624,142123,3005527,30000,2026-08-28T17:37:43Z,電子決済,increment-run-003,workshop-participant,donation_events_003.csv,2026-09-01T00:03:20Z
EVT-FRS-001863,6001863,2001890,122327,3005436,20000,2026-08-28T17:37:46Z,銀行振込,increment-run-003,workshop-participant,donation_events_003.csv,2026-09-01T00:03:20Z
EVT-FRS-000376,6000376,2003260,112071,3002222,10000,2026-08-28T17:46:30Z,クレジットカード,increment-run-003,workshop-participant,donation_events_003.csv,2026-09-01T00:03:20Z
EVT-FRS-012788,6012788,2006532,062014,3004210,15000,2026-08-28T17:46:41Z,クレジットカード,increment-run-003,workshop-participant,donation_events_003.csv,2026-09-01T00:03:20Z
EVT-FRS-000028,6000028,2007216,232165,3002723,40000,2026-08-28T17:47:44Z,クレジットカード,increment-run-003,workshop-participant,donation_events_003.csv,2026-09-01T00:03:20Z
EVT-FRS-010993,6010993,2006396,392031,3003606,12000,2026-08-28T17:47:54Z,クレジットカード,increment-run-003,workshop-participant,donation_events_003.csv,2026-09-01T00:03:20Z
EVT-FRS-006383,6006383,2008356,012092,3004209,5000,2026-08-28T17:48:55Z,クレジットカード,increment-run-003,workshop-participant,donation_events_003.csv,2026-09-01T00:03:20Z
EVT-FRS-008123,6008123,2002507,132233,3000670,12000,2026-08-28T17:50:54Z,電子決済,increment-run-003,workshop-participant,donation_events_003.csv,2026-09-01T00:03:20Z
EVT-FRS-007322,6007322,2003733,362018,3004275,15000,2026-08-28T17:52:19Z,クレジットカード,increment-run-003,workshop-participant,donation_events_003.csv,2026-09-01T00:03:20Z
EVT-FRS-000919,6000919,2001542,142140,3000663,10000,2026-08-28T17:56:41Z,コンビニ決済,increment-run-003,workshop-participant,donation_events_003.csv,2026-09-01T00:03:20Z
EVT-FRS-001935,6001935,2009017,142042,3000722,30000,2026-08-28T17:59:41Z,クレジットカード,increment-run-003,workshop-participant,donation_events_003.csv,2026-09-01T00:03:20Z
EVT-FRS-009367,6009367,2006286,132225,3001252,40000,2026-08-28T18:18:41Z,銀行振込,increment-run-003,workshop-participant,donation_events_003.csv,2026-09-01T00:03:20Z
EVT-FRS-007757,6007757,2002539,272132,3003322,10000,2026-08-28T18:20:45Z,クレジットカード,increment-run-003,workshop-participant,donation_events_003.csv,2026-09-01T00:03:20Z
EVT-FRS-010860,6010860,2000708,432156,3003496,10000,2026-08-28T18:26:35Z,電子決済,increment-run-003,workshop-participant,donation_events_003.csv,2026-09-01T00:03:20Z
EVT-FRS-003054,6003054,2007239,282065,3003642,10000,2026-08-28T18:37:19Z,クレジットカード,increment-run-003,workshop-participant,donation_events_003.csv,2026-09-01T00:03:20Z
EVT-FRS-014528,6014528,2004239,162027,3005341,12000,2026-08-28T18:47:33Z,電子決済,increment-run-003,workshop-participant,donation_events_003.csv,2026-09-01T00:03:20Z
EVT-FRS-001725,6001725,2000611,352021,3003891,20000,2026-08-28T18:52:06Z,クレジットカード,increment-run-003,workshop-participant,donation_events_003.csv,2026-09-01T00:03:20Z
EVT-FRS-007745,6007745,2010075,435074,3004479,30000,2026-08-28T18:53:19Z,銀行振込,increment-run-003,workshop-participant,donation_events_003.csv,2026-09-01T00:03:20Z
EVT-FRS-014447,6014447,2011010,152226,3002391,25000,2026-08-28T18:54:02Z,クレジットカード,increment-run-003,workshop-participant,donation_events_003.csv,2026-09-01T00:03:20Z
EVT-FRS-010507,6010507,2011948,012238,3001524,20000,2026-08-28T18:58:16Z,電子決済,increment-run-003,workshop-participant,donation_events_003.csv,2026-09-01T00:03:20Z
EVT-FRS-004101,6004101,2000229,172049,3003674,15000,2026-08-28T18:59:57Z,クレジットカード,increment-run-003,workshop-participant,donation_events_003.csv,2026-09-01T00:03:20Z
EVT-FRS-010606,6010606,2007555,043231,3004995,10000,2026-08-28T19:01:51Z,クレジットカード,increment-run-003,workshop-participant,donation_events_003.csv,2026-09-01T00:03:20Z
EVT-FRS-012157,6012157,2002445,452025,3002265,20000,2026-08-28T19:12:28Z,クレジットカード,increment-run-003,workshop-participant,donation_events_003.csv,2026-09-01T00:03:20Z
EVT-FRS-009179,6009179,2001143,182095,3004061,30000,2026-08-28T19:12:34Z,クレジットカード,increment-run-003,workshop-participant,donation_events_003.csv,2026-09-01T00:03:20Z
EVT-FRS-014657,6014657,2002370,285862,3002912,15000,2026-08-28T19:12:39Z,電子決済,increment-run-003,workshop-participant,donation_events_003.csv,2026-09-01T00:03:20Z
EVT-FRS-003562,6003562,2008608,432113,3004263,10000,2026-08-28T19:14:54Z,電子決済,increment-run-003,workshop-participant,donation_events_003.csv,2026-09-01T00:03:20Z
EVT-FRS-014368,6014368,2005827,242055,3000872,60000,2026-08-28T19:16:48Z,電子決済,increment-run-003,workshop-participant,donation_events_003.csv,2026-09-01T00:03:20Z
EVT-FRS-004332,6004332,2004794,132209,3005048,10000,2026-08-28T19:18:36Z,クレジットカード,increment-run-003,workshop-participant,donation_events_003.csv,2026-09-01T00:03:20Z
EVT-FRS-005649,6005649,2005966,422096,3005809,8000,2026-08-28T19:19:19Z,クレジットカード,increment-run-003,workshop-participant,donation_events_003.csv,2026-09-01T00:03:20Z
EVT-FRS-008675,6008675,2008654,042145,3000344,5000,2026-08-28T19:25:05Z,コンビニ決済,increment-run-003,workshop-participant,donation_events_003.csv,2026-09-01T00:03:20Z
EVT-FRS-001058,6001058,2005744,232211,3002796,30000,2026-08-28T19:25:30Z,コンビニ決済,increment-run-003,workshop-participant,donation_events_003.csv,2026-09-01T00:03:20Z
EVT-FRS-001252,6001252,2001040,012190,3003992,40000,2026-08-28T19:26:51Z,クレジットカード,increment-run-003,workshop-participant,donation_events_003.csv,2026-09-01T00:03:20Z
EVT-FRS-014470,6014470,2010355,313904,3004002,5000,2026-08-28T19:29:38Z,クレジットカード,increment-run-003,workshop-participant,donation_events_003.csv,2026-09-01T00:03:20Z
EVT-FRS-013098,6013098,2002085,352080,3003909,15000,2026-08-28T19:30:16Z,クレジットカード,increment-run-003,workshop-participant,donation_events_003.csv,2026-09-01T00:03:20Z
EVT-FRS-008902,6008902,2001304,282146,3000279,12000,2026-08-28T19:30:38Z,クレジットカード,increment-run-003,workshop-participant,donation_events_003.csv,2026-09-01T00:03:20Z
EVT-FRS-010367,6010367,2001296,162108,3001288,12000,2026-08-28T19:34:51Z,クレジットカード,increment-run-003,workshop-participant,donation_events_003.csv,2026-09-01T00:03:20Z
EVT-FRS-001347,6001347,2001464,042129,3004834,15000,2026-08-28T19:42:15Z,電子決済,increment-run-003,workshop-participant,donation_events_003.csv,2026-09-01T00:03:20Z
EVT-FRS-004877,6004877,2009811,122220,3000957,15000,2026-08-28T19:50:12Z,クレジットカード,increment-run-003,workshop-participant,donation_events_003.csv,2026-09-01T00:03:20Z
EVT-FRS-013390,6013390,2001912,024121,3005029,8000,2026-08-28T19:54:05Z,クレジットカード,increment-run-003,workshop-participant,donation_events_003.csv,2026-09-01T00:03:20Z
EVT-FRS-005712,6005712,2000698,012181,3004782,12000,2026-08-28T19:57:07Z,コンビニ決済,increment-run-003,workshop-participant,donation_events_003.csv,2026-09-01T00:03:20Z
EVT-FRS-000510,6000510,2008852,402273,3003639,10000,2026-08-28T20:00:35Z,コンビニ決済,increment-run-003,workshop-participant,donation_events_003.csv,2026-09-01T00:03:20Z
EVT-FRS-000699,6000699,2006809,153851,3005220,20000,2026-08-28T20:07:53Z,クレジットカード,increment-run-003,workshop-participant,donation_events_003.csv,2026-09-01T00:03:20Z
EVT-FRS-007018,6007018,2003320,015172,3003583,15000,2026-08-28T20:08:51Z,クレジットカード,increment-run-003,workshop-participant,donation_events_003.csv,2026-09-01T00:03:20Z
EVT-FRS-000457,6000457,2011325,182052,3004934,25000,2026-08-28T20:12:04Z,クレジットカード,increment-run-003,workshop-participant,donation_events_003.csv,2026-09-01T00:03:20Z
EVT-FRS-001832,6001832,2004246,332143,3002115,30000,2026-08-28T20:16:28Z,電子決済,increment-run-003,workshop-participant,donation_events_003.csv,2026-09-01T00:03:20Z
EVT-FRS-005080,6005080,2011369,402133,3000328,10000,2026-08-28T20:17:52Z,電子決済,increment-run-003,workshop-participant,donation_events_003.csv,2026-09-01T00:03:20Z
EVT-FRS-003618,6003618,2010939,132241,3003858,12000,2026-08-28T20:27:53Z,クレジットカード,increment-run-003,workshop-participant,donation_events_003.csv,2026-09-01T00:03:20Z
EVT-FRS-004377,6004377,2003782,102041,3003698,10000,2026-08-28T20:28:28Z,電子決済,increment-run-003,workshop-participant,donation_events_003.csv,2026-09-01T00:03:20Z
EVT-FRS-000198,6000198,2002002,252018,3002496,10000,2026-08-28T20:31:37Z,クレジットカード,increment-run-003,workshop-participant,donation_events_003.csv,2026-09-01T00:03:20Z
EVT-FRS-009759,6009759,2008013,152234,3000222,8000,2026-08-28T20:36:01Z,クレジットカード,increment-run-003,workshop-participant,donation_events_003.csv,2026-09-01T00:03:20Z
EVT-FRS-013124,6013124,2011360,162108,3004626,50000,2026-08-28T20:37:51Z,電子決済,increment-run-003,workshop-participant,donation_events_003.csv,2026-09-01T00:03:20Z
EVT-FRS-007065,6007065,2003728,292109,3005903,15000,2026-08-28T20:38:47Z,電子決済,increment-run-003,workshop-participant,donation_events_003.csv,2026-09-01T00:03:20Z
EVT-FRS-011293,6011293,2008620,232033,3001626,10000,2026-08-28T20:40:55Z,電子決済,increment-run-003,workshop-participant,donation_events_003.csv,2026-09-01T00:03:20Z
EVT-FRS-003511,6003511,2001514,452068,3000923,20000,2026-08-28T20:41:34Z,クレジットカード,increment-run-003,workshop-participant,donation_events_003.csv,2026-09-01T00:03:20Z
EVT-FRS-010801,6010801,2010274,192023,3004539,10000,2026-08-28T20:44:49Z,銀行振込,increment-run-003,workshop-participant,donation_events_003.csv,2026-09-01T00:03:20Z
EVT-FRS-013679,6013679,2002771,112402,3003666,15000,2026-08-28T20:45:59Z,クレジットカード,increment-run-003,workshop-participant,donation_events_003.csv,2026-09-01T00:03:20Z
EVT-FRS-014048,6014048,2009027,112429,3003245,20000,2026-08-28T20:47:02Z,銀行振込,increment-run-003,workshop-participant,donation_events_003.csv,2026-09-01T00:03:20Z
EVT-FRS-007324,6007324,2011985,112321,3001893,20000,2026-08-28T20:49:10Z,銀行振込,increment-run-003,workshop-participant,donation_events_003.csv,2026-09-01T00:03:20Z
EVT-FRS-000786,6000786,2000254,452025,3003435,10000,2026-08-28T20:52:59Z,コンビニ決済,increment-run-003,workshop-participant,donation_events_003.csv,2026-09-01T00:03:20Z
EVT-FRS-012475,6012475,2008300,212164,3000066,20000,2026-08-28T21:11:33Z,コンビニ決済,increment-run-003,workshop-participant,donation_events_003.csv,2026-09-01T00:03:20Z
EVT-FRS-006459,6006459,2008464,442038,3005574,25000,2026-08-28T21:17:42Z,コンビニ決済,increment-run-003,workshop-participant,donation_events_003.csv,2026-09-01T00:03:20Z
EVT-FRS-014087,6014087,2003812,082155,3003616,15000,2026-08-28T21:25:26Z,クレジットカード,increment-run-003,workshop-participant,donation_events_003.csv,2026-09-01T00:03:20Z
EVT-FRS-011585,6011585,2007472,282081,3000712,10000,2026-08-28T21:31:01Z,クレジットカード,increment-run-003,workshop-participant,donation_events_003.csv,2026-09-01T00:03:20Z
EVT-FRS-003308,6003308,2002254,172073,3003305,30000,2026-08-28T21:31:55Z,電子決済,increment-run-003,workshop-participant,donation_events_003.csv,2026-09-01T00:03:20Z
EVT-FRS-004323,6004323,2007419,142034,3002356,5000,2026-08-28T21:32:09Z,クレジットカード,increment-run-003,workshop-participant,donation_events_003.csv,2026-09-01T00:03:20Z
EVT-FRS-001460,6001460,2002347,122297,3002903,20000,2026-08-28T21:37:11Z,クレジットカード,increment-run-003,workshop-participant,donation_events_003.csv,2026-09-01T00:03:20Z
EVT-FRS-007358,6007358,2003775,182028,3002137,12000,2026-08-28T21:38:48Z,電子決済,increment-run-003,workshop-participant,donation_events_003.csv,2026-09-01T00:03:20Z
EVT-FRS-000199,6000199,2011759,042137,3000385,30000,2026-08-28T21:41:49Z,クレジットカード,increment-run-003,workshop-participant,donation_events_003.csv,2026-09-01T00:03:20Z
EVT-FRS-003161,6003161,2006252,132012,3000427,15000,2026-08-28T21:47:32Z,クレジットカード,increment-run-003,workshop-participant,donation_events_003.csv,2026-09-01T00:03:20Z
EVT-FRS-003059,6003059,2004812,204145,3000952,15000,2026-08-28T21:48:48Z,クレジットカード,increment-run-003,workshop-participant,donation_events_003.csv,2026-09-01T00:03:20Z
EVT-FRS-007724,6007724,2006037,402141,3004982,30000,2026-08-28T21:53:06Z,銀行振込,increment-run-003,workshop-participant,donation_events_003.csv,2026-09-01T00:03:20Z
EVT-FRS-014757,6014757,2007061,212164,3004591,25000,2026-08-28T21:55:53Z,コンビニ決済,increment-run-003,workshop-participant,donation_events_003.csv,2026-09-01T00:03:20Z
EVT-FRS-004164,6004164,2008141,232386,3002592,10000,2026-08-28T21:59:23Z,クレジットカード,increment-run-003,workshop-participant,donation_events_003.csv,2026-09-01T00:03:20Z
EVT-FRS-011733,6011733,2005404,472158,3001840,20000,2026-08-28T22:00:26Z,クレジットカード,increment-run-003,workshop-participant,donation_events_003.csv,2026-09-01T00:03:20Z
EVT-FRS-000513,6000513,2001396,152048,3004422,10000,2026-08-28T22:02:25Z,クレジットカード,increment-run-003,workshop-participant,donation_events_003.csv,2026-09-01T00:03:20Z
EVT-FRS-004401,6004401,2009622,082287,3004560,5000,2026-08-28T22:03:34Z,クレジットカード,increment-run-003,workshop-participant,donation_events_003.csv,2026-09-01T00:03:20Z
EVT-FRS-012515,6012515,2003811,364053,3001743,5000,2026-08-28T22:06:17Z,電子決済,increment-run-003,workshop-participant,donation_events_003.csv,2026-09-01T00:03:20Z
EVT-FRS-013297,6013297,2007262,052060,3003485,10000,2026-08-28T22:08:27Z,クレジットカード,increment-run-003,workshop-participant,donation_events_003.csv,2026-09-01T00:03:20Z
EVT-FRS-013879,6013879,2004142,182109,3004695,20000,2026-08-28T22:10:23Z,コンビニ決済,increment-run-003,workshop-participant,donation_events_003.csv,2026-09-01T00:03:20Z
EVT-FRS-005345,6005345,2010398,282065,3005368,10000,2026-08-28T22:14:32Z,クレジットカード,increment-run-003,workshop-participant,donation_events_003.csv,2026-09-01T00:03:20Z
EVT-FRS-014620,6014620,2005967,142131,3001788,5000,2026-08-28T22:18:41Z,クレジットカード,increment-run-003,workshop-participant,donation_events_003.csv,2026-09-01T00:03:20Z
EVT-FRS-007380,6007380,2001282,212164,3000066,10000,2026-08-28T22:24:12Z,銀行振込,increment-run-003,workshop-participant,donation_events_003.csv,2026-09-01T00:03:20Z
EVT-FRS-010220,6010220,2011073,452025,3002265,10000,2026-08-28T22:35:39Z,電子決済,increment-run-003,workshop-participant,donation_events_003.csv,2026-09-01T00:03:20Z
EVT-FRS-003565,6003565,2006944,012190,3001672,50000,2026-08-28T22:37:03Z,クレジットカード,increment-run-003,workshop-participant,donation_events_003.csv,2026-09-01T00:03:20Z
EVT-FRS-002006,6002006,2011749,422053,3003824,10000,2026-08-28T22:37:10Z,クレジットカード,increment-run-003,workshop-participant,donation_events_003.csv,2026-09-01T00:03:20Z
EVT-FRS-009565,6009565,2010902,314030,3000471,10000,2026-08-28T22:38:59Z,電子決済,increment-run-003,workshop-participant,donation_events_003.csv,2026-09-01T00:03:20Z
EVT-FRS-004018,6004018,2007942,432113,3000212,5000,2026-08-28T22:43:36Z,クレジットカード,increment-run-003,workshop-participant,donation_events_003.csv,2026-09-01T00:03:20Z
EVT-FRS-004890,6004890,2011295,392022,3000438,15000,2026-08-28T22:46:35Z,電子決済,increment-run-003,workshop-participant,donation_events_003.csv,2026-09-01T00:03:20Z
EVT-FRS-013917,6013917,2005686,212075,3000366,50000,2026-08-28T22:49:55Z,銀行振込,increment-run-003,workshop-participant,donation_events_003.csv,2026-09-01T00:03:20Z
EVT-FRS-007499,6007499,2002235,074829,3004716,10000,2026-08-28T22:52:53Z,クレジットカード,increment-run-003,workshop-participant,donation_events_003.csv,2026-09-01T00:03:20Z
EVT-FRS-001893,6001893,2006682,142182,3000498,25000,2026-08-28T22:54:06Z,クレジットカード,increment-run-003,workshop-participant,donation_events_003.csv,2026-09-01T00:03:20Z
EVT-FRS-008238,6008238,2004644,142069,3002818,12000,2026-08-28T23:01:34Z,電子決済,increment-run-003,workshop-participant,donation_events_003.csv,2026-09-01T00:03:20Z
EVT-FRS-014288,6014288,2006537,292044,3000514,12000,2026-08-28T23:04:52Z,コンビニ決済,increment-run-003,workshop-participant,donation_events_003.csv,2026-09-01T00:03:20Z
EVT-FRS-011854,6011854,2007241,182028,3004811,10000,2026-08-28T23:11:29Z,電子決済,increment-run-003,workshop-participant,donation_events_003.csv,2026-09-01T00:03:20Z
EVT-FRS-009145,6009145,2011224,462063,3000706,40000,2026-08-28T23:19:40Z,クレジットカード,increment-run-003,workshop-participant,donation_events_003.csv,2026-09-01T00:03:20Z
EVT-FRS-000727,6000727,2001491,092088,3005537,60000,2026-08-28T23:22:31Z,クレジットカード,increment-run-003,workshop-participant,donation_events_003.csv,2026-09-01T00:03:20Z
EVT-FRS-000120,6000120,2000279,012084,3005151,15000,2026-08-28T23:27:51Z,クレジットカード,increment-run-003,workshop-participant,donation_events_003.csv,2026-09-01T00:03:20Z
EVT-FRS-004490,6004490,2002730,272256,3000322,15000,2026-08-28T23:29:51Z,クレジットカード,increment-run-003,workshop-participant,donation_events_003.csv,2026-09-01T00:03:20Z
EVT-FRS-006617,6006617,2010894,192112,3000797,15000,2026-08-28T23:30:47Z,クレジットカード,increment-run-003,workshop-participant,donation_events_003.csv,2026-09-01T00:03:20Z
EVT-FRS-010498,6010498,2007999,124095,3000524,40000,2026-08-28T23:32:14Z,クレジットカード,increment-run-003,workshop-participant,donation_events_003.csv,2026-09-01T00:03:20Z
EVT-FRS-010949,6010949,2000367,282294,3005768,25000,2026-08-28T23:34:29Z,クレジットカード,increment-run-003,workshop-participant,donation_events_003.csv,2026-09-01T00:03:20Z
EVT-FRS-010694,6010694,2005568,112186,3002992,8000,2026-08-28T23:39:15Z,クレジットカード,increment-run-003,workshop-participant,donation_events_003.csv,2026-09-01T00:03:20Z
EVT-FRS-010597,6010597,2009129,222160,3004554,15000,2026-08-28T23:45:58Z,クレジットカード,increment-run-003,workshop-participant,donation_events_003.csv,2026-09-01T00:03:20Z
EVT-FRS-008227,6008227,2009496,372064,3005023,15000,2026-08-28T23:51:36Z,クレジットカード,increment-run-003,workshop-participant,donation_events_003.csv,2026-09-01T00:03:20Z
EVT-FRS-004614,6004614,2004019,204111,3005177,15000,2026-08-28T23:52:00Z,クレジットカード,increment-run-003,workshop-participant,donation_events_003.csv,2026-09-01T00:03:20Z
EVT-FRS-004710,6004710,2001030,352101,3000035,30000,2026-08-28T23:53:08Z,電子決済,increment-run-003,workshop-participant,donation_events_003.csv,2026-09-01T00:03:20Z
EVT-FRS-002182,6002182,2000808,292125,3001198,30000,2026-08-28T23:56:24Z,クレジットカード,increment-run-003,workshop-participant,donation_events_003.csv,2026-09-01T00:03:20Z
EVT-FRS-008220,6008220,2001387,075442,3005454,10000,2026-08-28T23:58:01Z,銀行振込,increment-run-003,workshop-participant,donation_events_003.csv,2026-09-01T00:03:20Z
EVT-FRS-004014,6004014,2011976,112216,3000654,10000,2026-08-29T00:03:31Z,電子決済,increment-run-003,workshop-participant,donation_events_003.csv,2026-09-01T00:03:20Z
EVT-FRS-011806,6011806,2007548,434477,3000453,8000,2026-08-29T00:05:13Z,コンビニ決済,increment-run-003,workshop-participant,donation_events_003.csv,2026-09-01T00:03:20Z
EVT-FRS-002049,6002049,2001030,022063,3004120,10000,2026-08-29T00:06:59Z,クレジットカード,increment-run-003,workshop-participant,donation_events_003.csv,2026-09-01T00:03:20Z
EVT-FRS-003834,6003834,2010115,012203,3001079,10000,2026-08-29T00:08:38Z,クレジットカード,increment-run-003,workshop-participant,donation_events_003.csv,2026-09-01T00:03:20Z
EVT-FRS-003291,6003291,2008519,092169,3004115,20000,2026-08-29T00:16:29Z,クレジットカード,increment-run-003,workshop-participant,donation_events_003.csv,2026-09-01T00:03:20Z
EVT-FRS-004378,6004378,2000177,222038,3000055,12000,2026-08-29T00:19:16Z,クレジットカード,increment-run-003,workshop-participant,donation_events_003.csv,2026-09-01T00:03:20Z
EVT-FRS-005555,6005555,2011201,292117,3002957,10000,2026-08-29T00:24:22Z,クレジットカード,increment-run-003,workshop-participant,donation_events_003.csv,2026-09-01T00:03:20Z
EVT-FRS-010739,6010739,2002697,383864,3001334,10000,2026-08-29T00:24:28Z,コンビニ決済,increment-run-003,workshop-participant,donation_events_003.csv,2026-09-01T00:03:20Z
EVT-FRS-012875,6012875,2010071,352101,3003461,30000,2026-08-29T00:25:11Z,電子決済,increment-run-003,workshop-participant,donation_events_003.csv,2026-09-01T00:03:20Z
EVT-FRS-008202,6008202,2007334,222135,3004644,20000,2026-08-29T00:29:13Z,銀行振込,increment-run-003,workshop-participant,donation_events_003.csv,2026-09-01T00:03:20Z
EVT-FRS-014431,6014431,2001573,202151,3003574,20000,2026-08-29T00:31:53Z,コンビニ決済,increment-run-003,workshop-participant,donation_events_003.csv,2026-09-01T00:03:20Z
EVT-FRS-007030,6007030,2010158,202100,3003857,40000,2026-08-29T00:37:12Z,電子決済,increment-run-003,workshop-participant,donation_events_003.csv,2026-09-01T00:03:20Z
EVT-FRS-010784,6010784,2009813,303411,3001649,8000,2026-08-29T00:37:46Z,クレジットカード,increment-run-003,workshop-participant,donation_events_003.csv,2026-09-01T00:03:20Z
EVT-FRS-001920,6001920,2007668,452025,3002730,10000,2026-08-29T00:43:02Z,銀行振込,increment-run-003,workshop-participant,donation_events_003.csv,2026-09-01T00:03:20Z
EVT-FRS-007781,6007781,2006598,402214,3002615,20000,2026-08-29T00:44:30Z,クレジットカード,increment-run-003,workshop-participant,donation_events_003.csv,2026-09-01T00:03:20Z
EVT-FRS-008148,6008148,2000895,294420,3000527,8000,2026-08-29T00:46:20Z,コンビニ決済,increment-run-003,workshop-participant,donation_events_003.csv,2026-09-01T00:03:20Z
EVT-FRS-005759,6005759,2010338,052060,3002292,30000,2026-08-29T00:49:20Z,クレジットカード,increment-run-003,workshop-participant,donation_events_003.csv,2026-09-01T00:03:20Z
EVT-FRS-005471,6005471,2007648,272051,3002187,15000,2026-08-29T00:50:47Z,電子決済,increment-run-003,workshop-participant,donation_events_003.csv,2026-09-01T00:03:20Z
EVT-FRS-014756,6014756,2003017,222071,3005541,60000,2026-08-29T00:51:25Z,クレジットカード,increment-run-003,workshop-participant,donation_events_003.csv,2026-09-01T00:03:20Z
EVT-FRS-000002,6000002,2007319,024066,3003950,20000,2026-08-29T00:52:00Z,クレジットカード,increment-run-003,workshop-participant,donation_events_003.csv,2026-09-01T00:03:20Z
EVT-FRS-014387,6014387,2002958,132055,3004790,10000,2026-08-29T00:52:08Z,電子決済,increment-run-003,workshop-participant,donation_events_003.csv,2026-09-01T00:03:20Z
EVT-FRS-008312,6008312,2011812,182052,3001707,12000,2026-08-29T00:55:19Z,銀行振込,increment-run-003,workshop-participant,donation_events_003.csv,2026-09-01T00:03:20Z
EVT-FRS-010261,6010261,2008118,082112,3000555,8000,2026-08-29T00:55:53Z,クレジットカード,increment-run-003,workshop-participant,donation_events_003.csv,2026-09-01T00:03:20Z
EVT-FRS-006621,6006621,2011523,032085,3002056,15000,2026-08-29T01:07:37Z,電子決済,increment-run-003,workshop-participant,donation_events_003.csv,2026-09-01T00:03:20Z
EVT-FRS-001390,6001390,2002322,112348,3003976,20000,2026-08-29T01:15:09Z,コンビニ決済,increment-run-003,workshop-participant,donation_events_003.csv,2026-09-01T00:03:20Z
EVT-FRS-003323,6003323,2003585,122025,3002720,10000,2026-08-29T01:21:06Z,クレジットカード,increment-run-003,workshop-participant,donation_events_003.csv,2026-09-01T00:03:20Z
EVT-FRS-011345,6011345,2005381,052078,3003520,25000,2026-08-29T01:21:37Z,銀行振込,increment-run-003,workshop-participant,donation_events_003.csv,2026-09-01T00:03:20Z
EVT-FRS-007584,6007584,2004353,342131,3004767,30000,2026-08-29T01:26:40Z,銀行振込,increment-run-003,workshop-participant,donation_events_003.csv,2026-09-01T00:03:20Z
EVT-FRS-004235,6004235,2007565,222259,3004308,12000,2026-08-29T01:29:30Z,銀行振込,increment-run-003,workshop-participant,donation_events_003.csv,2026-09-01T00:03:20Z
EVT-FRS-009613,6009613,2004051,044245,3004533,8000,2026-08-29T01:31:37Z,電子決済,increment-run-003,workshop-participant,donation_events_003.csv,2026-09-01T00:03:20Z
EVT-FRS-008810,6008810,2000915,322059,3000456,10000,2026-08-29T01:33:46Z,銀行振込,increment-run-003,workshop-participant,donation_events_003.csv,2026-09-01T00:03:20Z
EVT-FRS-006262,6006262,2001703,342157,3004107,10000,2026-08-29T01:38:17Z,電子決済,increment-run-003,workshop-participant,donation_events_003.csv,2026-09-01T00:03:20Z
EVT-FRS-001871,6001871,2009020,192066,3003235,12000,2026-08-29T01:43:14Z,クレジットカード,increment-run-003,workshop-participant,donation_events_003.csv,2026-09-01T00:03:20Z
EVT-FRS-012128,6012128,2008794,162086,3003649,25000,2026-08-29T01:46:52Z,クレジットカード,increment-run-003,workshop-participant,donation_events_003.csv,2026-09-01T00:03:20Z
EVT-FRS-013551,6013551,2002306,394289,3004239,20000,2026-08-29T01:48:22Z,クレジットカード,increment-run-003,workshop-participant,donation_events_003.csv,2026-09-01T00:03:20Z
EVT-FRS-008760,6008760,2000816,142085,3002107,30000,2026-08-29T01:48:32Z,クレジットカード,increment-run-003,workshop-participant,donation_events_003.csv,2026-09-01T00:03:20Z
EVT-FRS-003652,6003652,2010194,292109,3004605,70000,2026-08-29T01:51:25Z,クレジットカード,increment-run-003,workshop-participant,donation_events_003.csv,2026-09-01T00:03:20Z
EVT-FRS-014198,6014198,2010890,012084,3002792,10000,2026-08-29T01:52:34Z,クレジットカード,increment-run-003,workshop-participant,donation_events_003.csv,2026-09-01T00:03:20Z
EVT-FRS-006333,6006333,2003373,232041,3000477,40000,2026-08-29T01:53:35Z,コンビニ決済,increment-run-003,workshop-participant,donation_events_003.csv,2026-09-01T00:03:20Z
EVT-FRS-010984,6010984,2004387,022021,3000544,15000,2026-08-29T01:54:07Z,クレジットカード,increment-run-003,workshop-participant,donation_events_003.csv,2026-09-01T00:03:20Z
EVT-FRS-013760,6013760,2002393,132128,3004592,5000,2026-08-29T02:01:10Z,クレジットカード,increment-run-003,workshop-participant,donation_events_003.csv,2026-09-01T00:03:20Z
EVT-FRS-014725,6014725,2003212,452025,3004014,40000,2026-08-29T02:08:58Z,銀行振込,increment-run-003,workshop-participant,donation_events_003.csv,2026-09-01T00:03:20Z
EVT-FRS-001450,6001450,2009196,012114,3005217,15000,2026-08-29T02:10:12Z,クレジットカード,increment-run-003,workshop-participant,donation_events_003.csv,2026-09-01T00:03:20Z
EVT-FRS-009917,6009917,2003258,122351,3005915,10000,2026-08-29T02:14:53Z,クレジットカード,increment-run-003,workshop-participant,donation_events_003.csv,2026-09-01T00:03:20Z
EVT-FRS-005634,6005634,2003001,312029,3005799,5000,2026-08-29T02:16:35Z,クレジットカード,increment-run-003,workshop-participant,donation_events_003.csv,2026-09-01T00:03:20Z
EVT-FRS-002278,6002278,2002849,462195,3001082,40000,2026-08-29T02:18:14Z,コンビニ決済,increment-run-003,workshop-participant,donation_events_003.csv,2026-09-01T00:03:20Z
EVT-FRS-004516,6004516,2007950,132225,3005569,15000,2026-08-29T02:20:36Z,クレジットカード,increment-run-003,workshop-participant,donation_events_003.csv,2026-09-01T00:03:20Z
EVT-FRS-011880,6011880,2006359,282014,3001425,12000,2026-08-29T02:20:39Z,銀行振込,increment-run-003,workshop-participant,donation_events_003.csv,2026-09-01T00:03:20Z
EVT-FRS-012395,6012395,2003899,221007,3000819,15000,2026-08-29T02:20:59Z,クレジットカード,increment-run-003,workshop-participant,donation_events_003.csv,2026-09-01T00:03:20Z
EVT-FRS-011225,6011225,2005627,435066,3004873,20000,2026-08-29T02:25:14Z,電子決済,increment-run-003,workshop-participant,donation_events_003.csv,2026-09-01T00:03:20Z
EVT-FRS-002183,6002183,2005877,062120,3002741,15000,2026-08-29T02:26:32Z,銀行振込,increment-run-003,workshop-participant,donation_events_003.csv,2026-09-01T00:03:20Z
EVT-FRS-002871,6002871,2000093,342025,3000491,25000,2026-08-29T02:28:37Z,クレジットカード,increment-run-003,workshop-participant,donation_events_003.csv,2026-09-01T00:03:20Z
EVT-FRS-014822,6014822,2010908,232092,3000157,15000,2026-08-29T02:37:12Z,クレジットカード,increment-run-003,workshop-participant,donation_events_003.csv,2026-09-01T00:03:20Z
EVT-FRS-000368,6000368,2005418,042030,3001426,10000,2026-08-29T02:40:04Z,クレジットカード,increment-run-003,workshop-participant,donation_events_003.csv,2026-09-01T00:03:20Z
EVT-FRS-003794,6003794,2005097,032093,3004736,8000,2026-08-29T02:40:15Z,クレジットカード,increment-run-003,workshop-participant,donation_events_003.csv,2026-09-01T00:03:20Z
EVT-FRS-006180,6006180,2008600,142069,3002818,10000,2026-08-29T02:42:21Z,電子決済,increment-run-003,workshop-participant,donation_events_003.csv,2026-09-01T00:03:20Z
EVT-FRS-002978,6002978,2000614,252131,3003967,40000,2026-08-29T02:46:35Z,銀行振込,increment-run-003,workshop-participant,donation_events_003.csv,2026-09-01T00:03:20Z
EVT-FRS-000430,6000430,2003271,132217,3003543,15000,2026-08-29T02:49:27Z,クレジットカード,increment-run-003,workshop-participant,donation_events_003.csv,2026-09-01T00:03:20Z
EVT-FRS-014051,6014051,2008694,212211,3001106,10000,2026-08-29T02:55:33Z,クレジットカード,increment-run-003,workshop-participant,donation_events_003.csv,2026-09-01T00:03:20Z
EVT-FRS-012291,6012291,2003146,172065,3001962,20000,2026-08-29T03:04:17Z,クレジットカード,increment-run-003,workshop-participant,donation_events_003.csv,2026-09-01T00:03:20Z
EVT-FRS-009314,6009314,2000213,292028,3002032,20000,2026-08-29T03:07:24Z,クレジットカード,increment-run-003,workshop-participant,donation_events_003.csv,2026-09-01T00:03:20Z
EVT-FRS-008248,6008248,2010023,182109,3001183,20000,2026-08-29T03:09:49Z,クレジットカード,increment-run-003,workshop-participant,donation_events_003.csv,2026-09-01T00:03:20Z
EVT-FRS-013229,6013229,2011278,012190,3003992,8000,2026-08-29T03:11:29Z,クレジットカード,increment-run-003,workshop-participant,donation_events_003.csv,2026-09-01T00:03:20Z
EVT-FRS-014596,6014596,2010941,422100,3003989,15000,2026-08-29T03:11:49Z,クレジットカード,increment-run-003,workshop-participant,donation_events_003.csv,2026-09-01T00:03:20Z
EVT-FRS-011550,6011550,2005393,352152,3001321,20000,2026-08-29T03:14:41Z,クレジットカード,increment-run-003,workshop-participant,donation_events_003.csv,2026-09-01T00:03:20Z
EVT-FRS-009373,6009373,2001309,372064,3000231,20000,2026-08-29T03:19:04Z,クレジットカード,increment-run-003,workshop-participant,donation_events_003.csv,2026-09-01T00:03:20Z
EVT-FRS-001828,6001828,2005227,032069,3000875,10000,2026-08-29T03:28:36Z,電子決済,increment-run-003,workshop-participant,donation_events_003.csv,2026-09-01T00:03:20Z
EVT-FRS-009796,6009796,2006466,402303,3002367,5000,2026-08-29T03:34:11Z,クレジットカード,increment-run-003,workshop-participant,donation_events_003.csv,2026-09-01T00:03:20Z
EVT-FRS-000163,6000163,2006642,032093,3005383,12000,2026-08-29T03:42:00Z,クレジットカード,increment-run-003,workshop-participant,donation_events_003.csv,2026-09-01T00:03:20Z
EVT-FRS-000884,6000884,2001212,112313,3003525,20000,2026-08-29T03:49:34Z,電子決済,increment-run-003,workshop-participant,donation_events_003.csv,2026-09-01T00:03:20Z
EVT-FRS-009076,6009076,2009923,015440,3004994,15000,2026-08-29T03:53:11Z,クレジットカード,increment-run-003,workshop-participant,donation_events_003.csv,2026-09-01T00:03:20Z
EVT-FRS-000648,6000648,2010071,032131,3002172,10000,2026-08-29T03:54:34Z,クレジットカード,increment-run-003,workshop-participant,donation_events_003.csv,2026-09-01T00:03:20Z
EVT-FRS-007998,6007998,2009441,232190,3003560,15000,2026-08-29T03:55:53Z,コンビニ決済,increment-run-003,workshop-participant,donation_events_003.csv,2026-09-01T00:03:20Z
EVT-FRS-003665,6003665,2000649,122157,3000277,10000,2026-08-29T03:56:39Z,クレジットカード,increment-run-003,workshop-participant,donation_events_003.csv,2026-09-01T00:03:20Z
EVT-FRS-008489,6008489,2007171,203491,3000995,20000,2026-08-29T03:58:24Z,クレジットカード,increment-run-003,workshop-participant,donation_events_003.csv,2026-09-01T00:03:20Z
EVT-FRS-012707,6012707,2000185,402192,3004203,10000,2026-08-29T03:58:31Z,クレジットカード,increment-run-003,workshop-participant,donation_events_003.csv,2026-09-01T00:03:20Z
EVT-FRS-002684,6002684,2008309,462217,3003368,10000,2026-08-29T04:00:50Z,クレジットカード,increment-run-003,workshop-participant,donation_events_003.csv,2026-09-01T00:03:20Z
EVT-FRS-001232,6001232,2009628,272132,3005617,20000,2026-08-29T04:01:19Z,クレジットカード,increment-run-003,workshop-participant,donation_events_003.csv,2026-09-01T00:03:20Z
EVT-FRS-011474,6011474,2005349,012238,3001524,30000,2026-08-29T04:05:36Z,クレジットカード,increment-run-003,workshop-participant,donation_events_003.csv,2026-09-01T00:03:20Z
EVT-FRS-002264,6002264,2002329,112241,3005637,50000,2026-08-29T04:12:13Z,クレジットカード,increment-run-003,workshop-participant,donation_events_003.csv,2026-09-01T00:03:20Z
EVT-FRS-010344,6010344,2002690,272132,3002307,20000,2026-08-29T04:22:21Z,電子決済,increment-run-003,workshop-participant,donation_events_003.csv,2026-09-01T00:03:20Z
EVT-FRS-005429,6005429,2003106,112194,3001112,12000,2026-08-29T04:30:42Z,クレジットカード,increment-run-003,workshop-participant,donation_events_003.csv,2026-09-01T00:03:20Z
EVT-FRS-007477,6007477,2000941,392120,3004708,15000,2026-08-29T04:33:31Z,電子決済,increment-run-003,workshop-participant,donation_events_003.csv,2026-09-01T00:03:20Z
EVT-FRS-000821,6000821,2005886,462012,3003020,25000,2026-08-29T04:37:51Z,クレジットカード,increment-run-003,workshop-participant,donation_events_003.csv,2026-09-01T00:03:20Z
EVT-FRS-004016,6004016,2010678,244414,3005732,12000,2026-08-29T04:37:51Z,電子決済,increment-run-003,workshop-participant,donation_events_003.csv,2026-09-01T00:03:20Z
EVT-FRS-001139,6001139,2005461,452025,3002268,8000,2026-08-29T04:44:26Z,コンビニ決済,increment-run-003,workshop-participant,donation_events_003.csv,2026-09-01T00:03:20Z
EVT-FRS-014555,6014555,2003622,473588,3003959,20000,2026-08-29T04:46:00Z,コンビニ決済,increment-run-003,workshop-participant,donation_events_003.csv,2026-09-01T00:03:20Z
EVT-FRS-004499,6004499,2006915,392103,3002737,15000,2026-08-29T04:46:28Z,クレジットカード,increment-run-003,workshop-participant,donation_events_003.csv,2026-09-01T00:03:20Z
EVT-FRS-006792,6006792,2010698,122271,3000047,30000,2026-08-29T04:52:30Z,クレジットカード,increment-run-003,workshop-participant,donation_events_003.csv,2026-09-01T00:03:20Z
EVT-FRS-013264,6013264,2006861,222071,3005867,8000,2026-08-29T04:54:44Z,銀行振込,increment-run-003,workshop-participant,donation_events_003.csv,2026-09-01T00:03:20Z
EVT-FRS-009170,6009170,2010076,422126,3005107,30000,2026-08-29T04:55:09Z,クレジットカード,increment-run-003,workshop-participant,donation_events_003.csv,2026-09-01T00:03:20Z
EVT-FRS-010812,6010812,2009815,232157,3005108,10000,2026-08-29T04:58:29Z,電子決済,increment-run-003,workshop-participant,donation_events_003.csv,2026-09-01T00:03:20Z
EVT-FRS-014740,6014740,2005830,012165,3001377,15000,2026-08-29T05:02:12Z,電子決済,increment-run-003,workshop-participant,donation_events_003.csv,2026-09-01T00:03:20Z
EVT-FRS-012449,6012449,2003036,235636,3005488,20000,2026-08-29T05:02:18Z,クレジットカード,increment-run-003,workshop-participant,donation_events_003.csv,2026-09-01T00:03:20Z
EVT-FRS-006064,6006064,2008087,272132,3000548,10000,2026-08-29T05:02:46Z,銀行振込,increment-run-003,workshop-participant,donation_events_003.csv,2026-09-01T00:03:20Z
EVT-FRS-012960,6012960,2010264,402265,3005130,50000,2026-08-29T05:05:11Z,クレジットカード,increment-run-003,workshop-participant,donation_events_003.csv,2026-09-01T00:03:20Z
EVT-FRS-001408,6001408,2003377,042056,3001873,20000,2026-08-29T05:08:28Z,クレジットカード,increment-run-003,workshop-participant,donation_events_003.csv,2026-09-01T00:03:20Z
EVT-FRS-009957,6009957,2000239,012262,3001586,12000,2026-08-29T05:11:03Z,コンビニ決済,increment-run-003,workshop-participant,donation_events_003.csv,2026-09-01T00:03:20Z
EVT-FRS-005442,6005442,2006240,112291,3003111,10000,2026-08-29T05:17:34Z,クレジットカード,increment-run-003,workshop-participant,donation_events_003.csv,2026-09-01T00:03:20Z
EVT-FRS-004390,6004390,2003510,452025,3003435,8000,2026-08-29T05:17:40Z,クレジットカード,increment-run-003,workshop-participant,donation_events_003.csv,2026-09-01T00:03:20Z
EVT-FRS-006942,6006942,2002574,222089,3001999,5000,2026-08-29T05:20:42Z,銀行振込,increment-run-003,workshop-participant,donation_events_003.csv,2026-09-01T00:03:20Z
EVT-FRS-003722,6003722,2001139,272132,3003896,50000,2026-08-29T05:21:38Z,クレジットカード,increment-run-003,workshop-participant,donation_events_003.csv,2026-09-01T00:03:20Z
EVT-FRS-009035,6009035,2001917,142042,3003609,12000,2026-08-29T05:27:23Z,クレジットカード,increment-run-003,workshop-participant,donation_events_003.csv,2026-09-01T00:03:20Z
EVT-FRS-014053,6014053,2009367,132071,3004072,30000,2026-08-29T05:27:27Z,電子決済,increment-run-003,workshop-participant,donation_events_003.csv,2026-09-01T00:03:20Z
EVT-FRS-007487,6007487,2003715,462144,3002377,20000,2026-08-29T05:28:11Z,クレジットカード,increment-run-003,workshop-participant,donation_events_003.csv,2026-09-01T00:03:20Z
EVT-FRS-012451,6012451,2008905,382035,3000792,15000,2026-08-29T05:29:34Z,クレジットカード,increment-run-003,workshop-participant,donation_events_003.csv,2026-09-01T00:03:20Z
EVT-FRS-006443,6006443,2004328,092053,3004916,10000,2026-08-29T05:33:39Z,クレジットカード,increment-run-003,workshop-participant,donation_events_003.csv,2026-09-01T00:03:20Z
EVT-FRS-005217,6005217,2002704,012220,3004280,12000,2026-08-29T05:36:09Z,クレジットカード,increment-run-003,workshop-participant,donation_events_003.csv,2026-09-01T00:03:20Z
EVT-FRS-006427,6006427,2001247,282103,3000595,25000,2026-08-29T05:39:37Z,クレジットカード,increment-run-003,workshop-participant,donation_events_003.csv,2026-09-01T00:03:20Z
EVT-FRS-011380,6011380,2008909,162019,3003119,40000,2026-08-29T05:40:26Z,クレジットカード,increment-run-003,workshop-participant,donation_events_003.csv,2026-09-01T00:03:20Z
EVT-FRS-000194,6000194,2011175,062014,3000114,5000,2026-08-29T05:45:31Z,クレジットカード,increment-run-003,workshop-participant,donation_events_003.csv,2026-09-01T00:03:20Z
EVT-FRS-010478,6010478,2000928,434329,3003843,10000,2026-08-29T05:47:49Z,電子決済,increment-run-003,workshop-participant,donation_events_003.csv,2026-09-01T00:03:20Z
EVT-FRS-003152,6003152,2002440,402231,3001064,8000,2026-08-29T05:50:08Z,電子決済,increment-run-003,workshop-participant,donation_events_003.csv,2026-09-01T00:03:20Z
EVT-FRS-013214,6013214,2005696,082309,3000185,15000,2026-08-29T05:50:14Z,クレジットカード,increment-run-003,workshop-participant,donation_events_003.csv,2026-09-01T00:03:20Z
EVT-FRS-011109,6011109,2001621,322041,3004987,25000,2026-08-29T05:53:46Z,クレジットカード,increment-run-003,workshop-participant,donation_events_003.csv,2026-09-01T00:03:20Z
EVT-FRS-011934,6011934,2000766,272051,3002459,10000,2026-08-29T05:56:38Z,クレジットカード,increment-run-003,workshop-participant,donation_events_003.csv,2026-09-01T00:03:20Z
EVT-FRS-013211,6013211,2000709,212059,3000685,10000,2026-08-29T05:59:24Z,クレジットカード,increment-run-003,workshop-participant,donation_events_003.csv,2026-09-01T00:03:20Z
EVT-FRS-010227,6010227,2004905,261009,3004950,20000,2026-08-29T06:00:39Z,クレジットカード,increment-run-003,workshop-participant,donation_events_003.csv,2026-09-01T00:03:20Z
EVT-FRS-005244,6005244,2011540,205885,3001860,40000,2026-08-29T06:09:45Z,クレジットカード,increment-run-003,workshop-participant,donation_events_003.csv,2026-09-01T00:03:20Z
EVT-FRS-006136,6006136,2007055,202118,3002004,5000,2026-08-29T06:10:51Z,銀行振込,increment-run-003,workshop-participant,donation_events_003.csv,2026-09-01T00:03:20Z
EVT-FRS-001787,6001787,2009105,332020,3003115,30000,2026-08-29T06:11:06Z,クレジットカード,increment-run-003,workshop-participant,donation_events_003.csv,2026-09-01T00:03:20Z
EVT-FRS-003963,6003963,2004733,322016,3003564,100000,2026-08-29T06:12:38Z,電子決済,increment-run-003,workshop-participant,donation_events_003.csv,2026-09-01T00:03:20Z
EVT-FRS-002507,6002507,2011977,131083,3004712,10000,2026-08-29T06:15:28Z,クレジットカード,increment-run-003,workshop-participant,donation_events_003.csv,2026-09-01T00:03:20Z
EVT-FRS-007749,6007749,2005642,432059,3000902,20000,2026-08-29T06:18:32Z,クレジットカード,increment-run-003,workshop-participant,donation_events_003.csv,2026-09-01T00:03:20Z
EVT-FRS-008180,6008180,2005444,016489,3000317,20000,2026-08-29T06:19:22Z,クレジットカード,increment-run-003,workshop-participant,donation_events_003.csv,2026-09-01T00:03:20Z
EVT-FRS-006297,6006297,2005463,082198,3001308,20000,2026-08-29T06:21:36Z,クレジットカード,increment-run-003,workshop-participant,donation_events_003.csv,2026-09-01T00:03:20Z
EVT-FRS-004617,6004617,2004892,132187,3005854,12000,2026-08-29T06:23:07Z,コンビニ決済,increment-run-003,workshop-participant,donation_events_003.csv,2026-09-01T00:03:20Z
EVT-FRS-000184,6000184,2006774,052035,3004305,10000,2026-08-29T06:23:28Z,クレジットカード,increment-run-003,workshop-participant,donation_events_003.csv,2026-09-01T00:03:20Z
EVT-FRS-004880,6004880,2000006,131113,3003554,8000,2026-08-29T06:35:41Z,クレジットカード,increment-run-003,workshop-participant,donation_events_003.csv,2026-09-01T00:03:20Z
EVT-FRS-005226,6005226,2000971,372081,3003073,50000,2026-08-29T06:40:04Z,クレジットカード,increment-run-003,workshop-participant,donation_events_003.csv,2026-09-01T00:03:20Z
EVT-FRS-013502,6013502,2003139,074055,3004692,12000,2026-08-29T06:41:50Z,電子決済,increment-run-003,workshop-participant,donation_events_003.csv,2026-09-01T00:03:20Z
EVT-FRS-005944,6005944,2002347,131067,3005706,10000,2026-08-29T06:42:43Z,クレジットカード,increment-run-003,workshop-participant,donation_events_003.csv,2026-09-01T00:03:20Z
EVT-FRS-012207,6012207,2011617,402176,3005659,8000,2026-08-29T06:46:51Z,クレジットカード,increment-run-003,workshop-participant,donation_events_003.csv,2026-09-01T00:03:20Z
EVT-FRS-010083,6010083,2006530,042081,3001968,5000,2026-08-29T06:47:38Z,クレジットカード,increment-run-003,workshop-participant,donation_events_003.csv,2026-09-01T00:03:20Z
EVT-FRS-002969,6002969,2005638,062022,3003604,12000,2026-08-29T06:52:45Z,電子決済,increment-run-003,workshop-participant,donation_events_003.csv,2026-09-01T00:03:20Z
EVT-FRS-005496,6005496,2003129,364894,3003860,50000,2026-08-29T06:54:03Z,クレジットカード,increment-run-003,workshop-participant,donation_events_003.csv,2026-09-01T00:03:20Z
EVT-FRS-011310,6011310,2004357,062031,3001017,40000,2026-08-29T07:08:24Z,クレジットカード,increment-run-003,workshop-participant,donation_events_003.csv,2026-09-01T00:03:20Z
EVT-FRS-007709,6007709,2008080,261009,3004950,10000,2026-08-29T07:10:30Z,クレジットカード,increment-run-003,workshop-participant,donation_events_003.csv,2026-09-01T00:03:20Z
EVT-FRS-001995,6001995,2009318,392049,3005923,10000,2026-08-29T07:11:11Z,コンビニ決済,increment-run-003,workshop-participant,donation_events_003.csv,2026-09-01T00:03:20Z
EVT-FRS-005072,6005072,2008703,072133,3005548,20000,2026-08-29T07:17:46Z,クレジットカード,increment-run-003,workshop-participant,donation_events_003.csv,2026-09-01T00:03:20Z
EVT-FRS-014816,6014816,2008367,432130,3002371,12000,2026-08-29T07:18:24Z,クレジットカード,increment-run-003,workshop-participant,donation_events_003.csv,2026-09-01T00:03:20Z
EVT-FRS-014450,6014450,2002406,282146,3001549,20000,2026-08-29T07:18:34Z,クレジットカード,increment-run-003,workshop-participant,donation_events_003.csv,2026-09-01T00:03:20Z
EVT-FRS-001434,6001434,2008677,402214,3002615,20000,2026-08-29T07:18:44Z,クレジットカード,increment-run-003,workshop-participant,donation_events_003.csv,2026-09-01T00:03:20Z
EVT-FRS-004575,6004575,2002479,112402,3003666,15000,2026-08-29T07:19:13Z,クレジットカード,increment-run-003,workshop-participant,donation_events_003.csv,2026-09-01T00:03:20Z
EVT-FRS-002436,6002436,2007213,212121,3002693,10000,2026-08-29T07:21:28Z,クレジットカード,increment-run-003,workshop-participant,donation_events_003.csv,2026-09-01T00:03:20Z
EVT-FRS-000983,6000983,2004628,074446,3001756,15000,2026-08-29T07:23:22Z,コンビニ決済,increment-run-003,workshop-participant,donation_events_003.csv,2026-09-01T00:03:20Z
EVT-FRS-009584,6009584,2006740,244422,3005571,10000,2026-08-29T07:29:31Z,クレジットカード,increment-run-003,workshop-participant,donation_events_003.csv,2026-09-01T00:03:20Z
EVT-FRS-006635,6006635,2001790,232351,3001145,15000,2026-08-29T07:38:09Z,コンビニ決済,increment-run-003,workshop-participant,donation_events_003.csv,2026-09-01T00:03:20Z
EVT-FRS-008488,6008488,2006575,192040,3000574,30000,2026-08-29T07:39:42Z,クレジットカード,increment-run-003,workshop-participant,donation_events_003.csv,2026-09-01T00:03:20Z
EVT-FRS-010899,6010899,2010908,232343,3002809,15000,2026-08-29T07:47:22Z,クレジットカード,increment-run-003,workshop-participant,donation_events_003.csv,2026-09-01T00:03:20Z
EVT-FRS-002282,6002282,2002867,312037,3000566,25000,2026-08-29T07:54:54Z,銀行振込,increment-run-003,workshop-participant,donation_events_003.csv,2026-09-01T00:03:20Z
EVT-FRS-007243,6007243,2006136,262056,3003159,10000,2026-08-29T07:58:15Z,クレジットカード,increment-run-003,workshop-participant,donation_events_003.csv,2026-09-01T00:03:20Z
EVT-FRS-001697,6001697,2010877,202029,3002076,20000,2026-08-29T07:58:49Z,クレジットカード,increment-run-003,workshop-participant,donation_events_003.csv,2026-09-01T00:03:20Z
EVT-FRS-003739,6003739,2008093,082198,3001269,15000,2026-08-29T08:06:19Z,電子決済,increment-run-003,workshop-participant,donation_events_003.csv,2026-09-01T00:03:20Z
EVT-FRS-007443,6007443,2002506,052078,3002464,10000,2026-08-29T08:11:11Z,クレジットカード,increment-run-003,workshop-participant,donation_events_003.csv,2026-09-01T00:03:20Z
EVT-FRS-010550,6010550,2006457,052027,3005601,12000,2026-08-29T08:16:00Z,銀行振込,increment-run-003,workshop-participant,donation_events_003.csv,2026-09-01T00:03:20Z
EVT-FRS-013790,6013790,2009887,122289,3004430,25000,2026-08-29T08:16:31Z,クレジットカード,increment-run-003,workshop-participant,donation_events_003.csv,2026-09-01T00:03:20Z
EVT-FRS-012408,6012408,2003165,022080,3003964,10000,2026-08-29T08:16:41Z,電子決済,increment-run-003,workshop-participant,donation_events_003.csv,2026-09-01T00:03:20Z
EVT-FRS-006998,6006998,2001140,402141,3003600,10000,2026-08-29T08:20:23Z,クレジットカード,increment-run-003,workshop-participant,donation_events_003.csv,2026-09-01T00:03:20Z
EVT-FRS-014145,6014145,2004745,472107,3003419,8000,2026-08-29T08:27:34Z,クレジットカード,increment-run-003,workshop-participant,donation_events_003.csv,2026-09-01T00:03:20Z
EVT-FRS-005729,6005729,2007059,452025,3002730,30000,2026-08-29T08:28:53Z,クレジットカード,increment-run-003,workshop-participant,donation_events_003.csv,2026-09-01T00:03:20Z
EVT-FRS-014221,6014221,2001033,402125,3005150,20000,2026-08-29T08:29:48Z,電子決済,increment-run-003,workshop-participant,donation_events_003.csv,2026-09-01T00:03:20Z
EVT-FRS-008767,6008767,2005395,014249,3000452,30000,2026-08-29T08:32:01Z,電子決済,increment-run-003,workshop-participant,donation_events_003.csv,2026-09-01T00:03:20Z
EVT-FRS-002017,6002017,2003262,222241,3000510,10000,2026-08-29T08:32:23Z,クレジットカード,increment-run-003,workshop-participant,donation_events_003.csv,2026-09-01T00:03:20Z
EVT-FRS-011115,6011115,2003543,172057,3003903,10000,2026-08-29T08:33:06Z,銀行振込,increment-run-003,workshop-participant,donation_events_003.csv,2026-09-01T00:03:20Z
EVT-FRS-009128,6009128,2007620,282073,3002378,20000,2026-08-29T08:33:38Z,電子決済,increment-run-003,workshop-participant,donation_events_003.csv,2026-09-01T00:03:20Z
EVT-FRS-009368,6009368,2002811,204463,3001764,10000,2026-08-29T08:34:51Z,クレジットカード,increment-run-003,workshop-participant,donation_events_003.csv,2026-09-01T00:03:20Z
EVT-FRS-007565,6007565,2007929,324493,3003365,15000,2026-08-29T08:39:09Z,電子決済,increment-run-003,workshop-participant,donation_events_003.csv,2026-09-01T00:03:20Z
EVT-FRS-002467,6002467,2000972,032026,3002814,30000,2026-08-29T08:42:22Z,クレジットカード,increment-run-003,workshop-participant,donation_events_003.csv,2026-09-01T00:03:20Z
EVT-FRS-002075,6002075,2000969,402273,3000850,20000,2026-08-29T08:43:15Z,クレジットカード,increment-run-003,workshop-participant,donation_events_003.csv,2026-09-01T00:03:20Z
EVT-FRS-013423,6013423,2009573,062065,3003267,15000,2026-08-29T08:44:10Z,銀行振込,increment-run-003,workshop-participant,donation_events_003.csv,2026-09-01T00:03:20Z
EVT-FRS-008450,6008450,2005010,283657,3001527,60000,2026-08-29T08:44:49Z,クレジットカード,increment-run-003,workshop-participant,donation_events_003.csv,2026-09-01T00:03:20Z
EVT-FRS-011169,6011169,2005574,242110,3005686,10000,2026-08-29T08:47:43Z,クレジットカード,increment-run-003,workshop-participant,donation_events_003.csv,2026-09-01T00:03:20Z
EVT-FRS-007894,6007894,2001545,012211,3004754,15000,2026-08-29T08:56:21Z,クレジットカード,increment-run-003,workshop-participant,donation_events_003.csv,2026-09-01T00:03:20Z
EVT-FRS-009839,6009839,2005596,142158,3005293,5000,2026-08-29T08:57:21Z,クレジットカード,increment-run-003,workshop-participant,donation_events_003.csv,2026-09-01T00:03:20Z
EVT-FRS-011357,6011357,2005459,262111,3004381,30000,2026-08-29T08:59:39Z,クレジットカード,increment-run-003,workshop-participant,donation_events_003.csv,2026-09-01T00:03:20Z
EVT-FRS-010818,6010818,2002896,182028,3004811,25000,2026-08-29T09:01:10Z,クレジットカード,increment-run-003,workshop-participant,donation_events_003.csv,2026-09-01T00:03:20Z
EVT-FRS-013729,6013729,2009677,232149,3000148,5000,2026-08-29T09:02:34Z,クレジットカード,increment-run-003,workshop-participant,donation_events_003.csv,2026-09-01T00:03:20Z
EVT-FRS-013838,6013838,2011176,362026,3004362,20000,2026-08-29T09:03:03Z,クレジットカード,increment-run-003,workshop-participant,donation_events_003.csv,2026-09-01T00:03:20Z
EVT-FRS-002617,6002617,2000317,112429,3005021,8000,2026-08-29T09:04:45Z,クレジットカード,increment-run-003,workshop-participant,donation_events_003.csv,2026-09-01T00:03:20Z
EVT-FRS-004087,6004087,2011777,112283,3005284,8000,2026-08-29T09:06:44Z,コンビニ決済,increment-run-003,workshop-participant,donation_events_003.csv,2026-09-01T00:03:20Z
EVT-FRS-007070,6007070,2002592,272132,3000484,8000,2026-08-29T09:06:47Z,電子決済,increment-run-003,workshop-participant,donation_events_003.csv,2026-09-01T00:03:20Z
EVT-FRS-000229,6000229,2011356,012173,3004992,20000,2026-08-29T09:06:50Z,電子決済,increment-run-003,workshop-participant,donation_events_003.csv,2026-09-01T00:03:20Z
EVT-FRS-002107,6002107,2008507,342122,3000989,10000,2026-08-29T09:10:56Z,クレジットカード,increment-run-003,workshop-participant,donation_events_003.csv,2026-09-01T00:03:20Z
EVT-FRS-007211,6007211,2000949,432113,3001974,15000,2026-08-29T09:14:21Z,クレジットカード,increment-run-003,workshop-participant,donation_events_003.csv,2026-09-01T00:03:20Z
EVT-FRS-006168,6006168,2009371,122262,3001918,25000,2026-08-29T09:16:22Z,クレジットカード,increment-run-003,workshop-participant,donation_events_003.csv,2026-09-01T00:03:20Z
EVT-FRS-010057,6010057,2008031,422053,3004267,10000,2026-08-29T09:23:24Z,クレジットカード,increment-run-003,workshop-participant,donation_events_003.csv,2026-09-01T00:03:20Z
EVT-FRS-004328,6004328,2006726,332101,3005363,40000,2026-08-29T09:24:16Z,電子決済,increment-run-003,workshop-participant,donation_events_003.csv,2026-09-01T00:03:20Z
EVT-FRS-010548,6010548,2001458,122131,3004844,15000,2026-08-29T09:24:55Z,クレジットカード,increment-run-003,workshop-participant,donation_events_003.csv,2026-09-01T00:03:20Z
EVT-FRS-005000,6005000,2000092,112020,3004330,10000,2026-08-29T09:26:44Z,銀行振込,increment-run-003,workshop-participant,donation_events_003.csv,2026-09-01T00:03:20Z
EVT-FRS-010269,6010269,2002557,473031,3001204,10000,2026-08-29T09:32:21Z,クレジットカード,increment-run-003,workshop-participant,donation_events_003.csv,2026-09-01T00:03:20Z
EVT-FRS-014045,6014045,2002664,342025,3003772,12000,2026-08-29T09:33:12Z,クレジットカード,increment-run-003,workshop-participant,donation_events_003.csv,2026-09-01T00:03:20Z
EVT-FRS-010204,6010204,2003576,442119,3004655,50000,2026-08-29T09:40:59Z,電子決済,increment-run-003,workshop-participant,donation_events_003.csv,2026-09-01T00:03:20Z
EVT-FRS-009905,6009905,2011035,222119,3001142,10000,2026-08-29T09:41:38Z,クレジットカード,increment-run-003,workshop-participant,donation_events_003.csv,2026-09-01T00:03:20Z
EVT-FRS-007983,6007983,2008630,332054,3002958,10000,2026-08-29T09:42:23Z,銀行振込,increment-run-003,workshop-participant,donation_events_003.csv,2026-09-01T00:03:20Z
EVT-FRS-014615,6014615,2005902,113425,3002902,10000,2026-08-29T09:44:57Z,クレジットカード,increment-run-003,workshop-participant,donation_events_003.csv,2026-09-01T00:03:20Z
EVT-FRS-002117,6002117,2005369,112411,3004315,10000,2026-08-29T09:46:42Z,コンビニ決済,increment-run-003,workshop-participant,donation_events_003.csv,2026-09-01T00:03:20Z
EVT-FRS-001063,6001063,2007841,272191,3001187,12000,2026-08-29T09:47:02Z,クレジットカード,increment-run-003,workshop-participant,donation_events_003.csv,2026-09-01T00:03:20Z
EVT-FRS-000340,6000340,2010529,152226,3005631,10000,2026-08-29T09:50:18Z,電子決済,increment-run-003,workshop-participant,donation_events_003.csv,2026-09-01T00:03:20Z
EVT-FRS-013821,6013821,2008469,392111,3004262,25000,2026-08-29T10:06:00Z,クレジットカード,increment-run-003,workshop-participant,donation_events_003.csv,2026-09-01T00:03:20Z
EVT-FRS-006059,6006059,2005536,452025,3002268,25000,2026-08-29T10:09:32Z,クレジットカード,increment-run-003,workshop-participant,donation_events_003.csv,2026-09-01T00:03:20Z
EVT-FRS-002455,6002455,2007761,112232,3000007,25000,2026-08-29T10:10:20Z,クレジットカード,increment-run-003,workshop-participant,donation_events_003.csv,2026-09-01T00:03:20Z
EVT-FRS-000652,6000652,2007729,022080,3004542,20000,2026-08-29T10:10:50Z,クレジットカード,increment-run-003,workshop-participant,donation_events_003.csv,2026-09-01T00:03:20Z
EVT-FRS-004224,6004224,2006080,212172,3005152,5000,2026-08-29T10:12:09Z,クレジットカード,increment-run-003,workshop-participant,donation_events_003.csv,2026-09-01T00:03:20Z
EVT-FRS-003741,6003741,2007509,134015,3002749,8000,2026-08-29T10:13:12Z,コンビニ決済,increment-run-003,workshop-participant,donation_events_003.csv,2026-09-01T00:03:20Z
EVT-FRS-005308,6005308,2011627,462101,3004911,10000,2026-08-29T10:16:13Z,銀行振込,increment-run-003,workshop-participant,donation_events_003.csv,2026-09-01T00:03:20Z
EVT-FRS-000052,6000052,2010746,322067,3004673,12000,2026-08-29T10:18:48Z,クレジットカード,increment-run-003,workshop-participant,donation_events_003.csv,2026-09-01T00:03:20Z
EVT-FRS-004902,6004902,2006308,142077,3000143,25000,2026-08-29T10:32:23Z,クレジットカード,increment-run-003,workshop-participant,donation_events_003.csv,2026-09-01T00:03:20Z
EVT-FRS-006997,6006997,2008156,012190,3003992,15000,2026-08-29T10:35:57Z,コンビニ決済,increment-run-003,workshop-participant,donation_events_003.csv,2026-09-01T00:03:20Z
EVT-FRS-006840,6006840,2000778,012190,3001672,10000,2026-08-29T10:40:37Z,銀行振込,increment-run-003,workshop-participant,donation_events_003.csv,2026-09-01T00:03:20Z
EVT-FRS-007751,6007751,2009589,012297,3005065,40000,2026-08-29T10:45:49Z,クレジットカード,increment-run-003,workshop-participant,donation_events_003.csv,2026-09-01T00:03:20Z
EVT-FRS-002411,6002411,2000249,202126,3003608,20000,2026-08-29T10:46:14Z,クレジットカード,increment-run-003,workshop-participant,donation_events_003.csv,2026-09-01T00:03:20Z
EVT-FRS-010932,6010932,2007491,382051,3003645,5000,2026-08-29T10:48:09Z,クレジットカード,increment-run-003,workshop-participant,donation_events_003.csv,2026-09-01T00:03:20Z
EVT-FRS-008802,6008802,2004579,032166,3005888,25000,2026-08-29T10:54:13Z,クレジットカード,increment-run-003,workshop-participant,donation_events_003.csv,2026-09-01T00:03:20Z
EVT-FRS-006559,6006559,2011580,462209,3003509,10000,2026-08-29T11:03:49Z,電子決済,increment-run-003,workshop-participant,donation_events_003.csv,2026-09-01T00:03:20Z
EVT-FRS-014279,6014279,2007820,282057,3002286,20000,2026-08-29T11:07:12Z,クレジットカード,increment-run-003,workshop-participant,donation_events_003.csv,2026-09-01T00:03:20Z
EVT-FRS-007752,6007752,2006184,282162,3004266,10000,2026-08-29T11:14:08Z,クレジットカード,increment-run-003,workshop-participant,donation_events_003.csv,2026-09-01T00:03:20Z
EVT-FRS-003065,6003065,2008009,282049,3003839,20000,2026-08-29T11:16:38Z,銀行振込,increment-run-003,workshop-participant,donation_events_003.csv,2026-09-01T00:03:20Z
EVT-FRS-009032,6009032,2002260,406091,3004409,5000,2026-08-29T11:17:36Z,クレジットカード,increment-run-003,workshop-participant,donation_events_003.csv,2026-09-01T00:03:20Z
EVT-FRS-004009,6004009,2001910,232211,3003977,15000,2026-08-29T11:20:07Z,クレジットカード,increment-run-003,workshop-participant,donation_events_003.csv,2026-09-01T00:03:20Z
EVT-FRS-014500,6014500,2008720,402281,3004507,12000,2026-08-29T11:21:01Z,電子決済,increment-run-003,workshop-participant,donation_events_003.csv,2026-09-01T00:03:20Z
EVT-FRS-013113,6013113,2009885,282120,3002797,10000,2026-08-29T11:24:01Z,クレジットカード,increment-run-003,workshop-participant,donation_events_003.csv,2026-09-01T00:03:20Z
EVT-FRS-011912,6011912,2002870,152234,3005205,10000,2026-08-29T11:24:33Z,電子決済,increment-run-003,workshop-participant,donation_events_003.csv,2026-09-01T00:03:20Z
EVT-FRS-006004,6006004,2006328,182087,3001180,50000,2026-08-29T11:24:41Z,コンビニ決済,increment-run-003,workshop-participant,donation_events_003.csv,2026-09-01T00:03:20Z
EVT-FRS-009031,6009031,2009179,074837,3005093,30000,2026-08-29T11:25:45Z,銀行振込,increment-run-003,workshop-participant,donation_events_003.csv,2026-09-01T00:03:20Z
EVT-FRS-007357,6007357,2001746,132080,3000884,15000,2026-08-29T11:25:54Z,電子決済,increment-run-003,workshop-participant,donation_events_003.csv,2026-09-01T00:03:20Z
EVT-FRS-010378,6010378,2006010,032158,3004125,12000,2026-08-29T11:30:48Z,電子決済,increment-run-003,workshop-participant,donation_events_003.csv,2026-09-01T00:03:20Z
EVT-FRS-004423,6004423,2003714,213624,3003222,15000,2026-08-29T11:33:43Z,電子決済,increment-run-003,workshop-participant,donation_events_003.csv,2026-09-01T00:03:20Z
EVT-FRS-011699,6011699,2001213,013960,3001199,10000,2026-08-29T11:35:49Z,クレジットカード,increment-run-003,workshop-participant,donation_events_003.csv,2026-09-01T00:03:20Z
EVT-FRS-012090,6012090,2004475,142140,3000663,30000,2026-08-29T11:38:16Z,電子決済,increment-run-003,workshop-participant,donation_events_003.csv,2026-09-01T00:03:20Z
EVT-FRS-013667,6013667,2005722,284815,3005868,8000,2026-08-29T11:40:11Z,クレジットカード,increment-run-003,workshop-participant,donation_events_003.csv,2026-09-01T00:03:20Z
EVT-FRS-005950,6005950,2005366,122076,3005408,20000,2026-08-29T11:41:00Z,クレジットカード,increment-run-003,workshop-participant,donation_events_003.csv,2026-09-01T00:03:20Z
EVT-FRS-010199,6010199,2005056,232211,3003507,10000,2026-08-29T11:41:06Z,電子決済,increment-run-003,workshop-participant,donation_events_003.csv,2026-09-01T00:03:20Z
EVT-FRS-005162,6005162,2005080,222241,3000821,12000,2026-08-29T11:43:57Z,クレジットカード,increment-run-003,workshop-participant,donation_events_003.csv,2026-09-01T00:03:20Z
EVT-FRS-008986,6008986,2009558,192139,3000967,30000,2026-08-29T11:50:09Z,クレジットカード,increment-run-003,workshop-participant,donation_events_003.csv,2026-09-01T00:03:20Z
EVT-FRS-002525,6002525,2000082,132101,3005249,10000,2026-08-29T11:52:01Z,クレジットカード,increment-run-003,workshop-participant,donation_events_003.csv,2026-09-01T00:03:20Z
EVT-FRS-010102,6010102,2009559,235636,3005390,5000,2026-08-29T11:52:19Z,クレジットカード,increment-run-003,workshop-participant,donation_events_003.csv,2026-09-01T00:03:20Z
EVT-FRS-006597,6006597,2009383,362018,3002036,15000,2026-08-29T11:56:04Z,クレジットカード,increment-run-003,workshop-participant,donation_events_003.csv,2026-09-01T00:03:20Z
EVT-FRS-011489,6011489,2000672,012190,3003992,10000,2026-08-29T11:58:39Z,クレジットカード,increment-run-003,workshop-participant,donation_events_003.csv,2026-09-01T00:03:20Z
EVT-FRS-007301,6007301,2008351,022055,3000419,12000,2026-08-29T12:06:17Z,クレジットカード,increment-run-003,workshop-participant,donation_events_003.csv,2026-09-01T00:03:20Z
EVT-FRS-012558,6012558,2003946,142166,3000621,8000,2026-08-29T12:12:09Z,銀行振込,increment-run-003,workshop-participant,donation_events_003.csv,2026-09-01T00:03:20Z
EVT-FRS-001315,6001315,2003913,142069,3005721,20000,2026-08-29T12:12:55Z,コンビニ決済,increment-run-003,workshop-participant,donation_events_003.csv,2026-09-01T00:03:20Z
EVT-FRS-001943,6001943,2002571,442020,3001534,10000,2026-08-29T12:17:59Z,電子決済,increment-run-003,workshop-participant,donation_events_003.csv,2026-09-01T00:03:20Z
EVT-FRS-010760,6010760,2010098,082198,3003589,15000,2026-08-29T12:21:44Z,クレジットカード,increment-run-003,workshop-participant,donation_events_003.csv,2026-09-01T00:03:20Z
EVT-FRS-006640,6006640,2003589,082368,3003634,12000,2026-08-29T12:22:00Z,クレジットカード,increment-run-003,workshop-participant,donation_events_003.csv,2026-09-01T00:03:20Z
EVT-FRS-006797,6006797,2009284,232084,3000048,30000,2026-08-29T12:24:32Z,電子決済,increment-run-003,workshop-participant,donation_events_003.csv,2026-09-01T00:03:20Z
EVT-FRS-006899,6006899,2005597,332151,3003971,20000,2026-08-29T12:24:55Z,クレジットカード,increment-run-003,workshop-participant,donation_events_003.csv,2026-09-01T00:03:20Z
EVT-FRS-009281,6009281,2002346,012271,3003936,5000,2026-08-29T12:25:43Z,クレジットカード,increment-run-003,workshop-participant,donation_events_003.csv,2026-09-01T00:03:20Z
EVT-FRS-007387,6007387,2008187,222127,3004313,15000,2026-08-29T12:36:45Z,クレジットカード,increment-run-003,workshop-participant,donation_events_003.csv,2026-09-01T00:03:20Z
EVT-FRS-010848,6010848,2003612,132233,3000670,20000,2026-08-29T12:37:27Z,電子決済,increment-run-003,workshop-participant,donation_events_003.csv,2026-09-01T00:03:20Z
EVT-FRS-001518,6001518,2004956,132241,3003363,10000,2026-08-29T12:43:13Z,クレジットカード,increment-run-003,workshop-participant,donation_events_003.csv,2026-09-01T00:03:20Z
EVT-FRS-003165,6003165,2000499,122033,3001444,25000,2026-08-29T12:46:06Z,クレジットカード,increment-run-003,workshop-participant,donation_events_003.csv,2026-09-01T00:03:20Z
EVT-FRS-003097,6003097,2002739,082350,3000213,5000,2026-08-29T12:49:39Z,電子決済,increment-run-003,workshop-participant,donation_events_003.csv,2026-09-01T00:03:20Z
EVT-FRS-004049,6004049,2011540,452025,3003435,10000,2026-08-29T12:51:13Z,銀行振込,increment-run-003,workshop-participant,donation_events_003.csv,2026-09-01T00:03:20Z
EVT-FRS-008482,6008482,2009260,232254,3001562,60000,2026-08-29T12:55:49Z,クレジットカード,increment-run-003,workshop-participant,donation_events_003.csv,2026-09-01T00:03:20Z
EVT-FRS-000585,6000585,2011329,472115,3005292,10000,2026-08-29T12:57:59Z,クレジットカード,increment-run-003,workshop-participant,donation_events_003.csv,2026-09-01T00:03:20Z
EVT-FRS-008977,6008977,2005701,392057,3002553,10000,2026-08-29T13:00:37Z,コンビニ決済,increment-run-003,workshop-participant,donation_events_003.csv,2026-09-01T00:03:20Z
EVT-FRS-008049,6008049,2001554,072010,3000115,30000,2026-08-29T13:04:32Z,電子決済,increment-run-003,workshop-participant,donation_events_003.csv,2026-09-01T00:03:20Z
EVT-FRS-010175,6010175,2011857,092118,3001432,30000,2026-08-29T13:09:03Z,銀行振込,increment-run-003,workshop-participant,donation_events_003.csv,2026-09-01T00:03:20Z
EVT-FRS-012237,6012237,2005947,262111,3003116,10000,2026-08-29T13:17:00Z,クレジットカード,increment-run-003,workshop-participant,donation_events_003.csv,2026-09-01T00:03:20Z
EVT-FRS-009901,6009901,2007025,462012,3005155,10000,2026-08-29T13:18:09Z,クレジットカード,increment-run-003,workshop-participant,donation_events_003.csv,2026-09-01T00:03:20Z
EVT-FRS-014857,6014857,2006055,442046,3001007,30000,2026-08-29T13:20:20Z,クレジットカード,increment-run-003,workshop-participant,donation_events_003.csv,2026-09-01T00:03:20Z
EVT-FRS-009215,6009215,2008751,422029,3004961,30000,2026-08-29T13:22:59Z,電子決済,increment-run-003,workshop-participant,donation_events_003.csv,2026-09-01T00:03:20Z
EVT-FRS-001786,6001786,2007178,103829,3002393,10000,2026-08-29T13:23:03Z,電子決済,increment-run-003,workshop-participant,donation_events_003.csv,2026-09-01T00:03:20Z
EVT-FRS-007148,6007148,2006980,422029,3005311,150000,2026-08-29T13:24:23Z,電子決済,increment-run-003,workshop-participant,donation_events_003.csv,2026-09-01T00:03:20Z
EVT-FRS-004477,6004477,2002475,142107,3001900,12000,2026-08-29T13:26:39Z,電子決済,increment-run-003,workshop-participant,donation_events_003.csv,2026-09-01T00:03:20Z
EVT-FRS-004498,6004498,2001737,042030,3001044,8000,2026-08-29T13:27:51Z,電子決済,increment-run-003,workshop-participant,donation_events_003.csv,2026-09-01T00:03:20Z
EVT-FRS-014200,6014200,2004516,272132,3003896,12000,2026-08-29T13:29:24Z,クレジットカード,increment-run-003,workshop-participant,donation_events_003.csv,2026-09-01T00:03:20Z
EVT-FRS-013081,6013081,2006386,082031,3002616,10000,2026-08-29T13:29:56Z,銀行振込,increment-run-003,workshop-participant,donation_events_003.csv,2026-09-01T00:03:20Z
EVT-FRS-004916,6004916,2005837,122343,3001630,20000,2026-08-29T13:37:59Z,クレジットカード,increment-run-003,workshop-participant,donation_events_003.csv,2026-09-01T00:03:20Z
EVT-FRS-005474,6005474,2000791,142182,3001240,10000,2026-08-29T13:42:08Z,電子決済,increment-run-003,workshop-participant,donation_events_003.csv,2026-09-01T00:03:20Z
EVT-FRS-006603,6006603,2004702,082112,3001211,15000,2026-08-29T13:42:13Z,電子決済,increment-run-003,workshop-participant,donation_events_003.csv,2026-09-01T00:03:20Z
EVT-FRS-006707,6006707,2006385,281000,3002105,10000,2026-08-29T13:43:09Z,クレジットカード,increment-run-003,workshop-participant,donation_events_003.csv,2026-09-01T00:03:20Z
EVT-FRS-010530,6010530,2011634,332097,3001005,10000,2026-08-29T13:43:43Z,クレジットカード,increment-run-003,workshop-participant,donation_events_003.csv,2026-09-01T00:03:20Z
EVT-FRS-005067,6005067,2009746,472085,3004617,30000,2026-08-29T13:45:10Z,コンビニ決済,increment-run-003,workshop-participant,donation_events_003.csv,2026-09-01T00:03:20Z
EVT-FRS-003284,6003284,2006391,202029,3002606,8000,2026-08-29T13:53:18Z,クレジットカード,increment-run-003,workshop-participant,donation_events_003.csv,2026-09-01T00:03:20Z
EVT-FRS-011234,6011234,2009620,142115,3001653,10000,2026-08-29T13:55:30Z,クレジットカード,increment-run-003,workshop-participant,donation_events_003.csv,2026-09-01T00:03:20Z
EVT-FRS-000271,6000271,2003513,341002,3005908,15000,2026-08-29T13:57:13Z,クレジットカード,increment-run-003,workshop-participant,donation_events_003.csv,2026-09-01T00:03:20Z
EVT-FRS-009029,6009029,2006348,212121,3002693,8000,2026-08-29T13:57:24Z,銀行振込,increment-run-003,workshop-participant,donation_events_003.csv,2026-09-01T00:03:20Z
EVT-FRS-006330,6006330,2005562,454036,3005004,15000,2026-08-29T13:57:29Z,電子決済,increment-run-003,workshop-participant,donation_events_003.csv,2026-09-01T00:03:20Z
EVT-FRS-009244,6009244,2011109,292010,3001151,10000,2026-08-29T14:00:36Z,クレジットカード,increment-run-003,workshop-participant,donation_events_003.csv,2026-09-01T00:03:20Z
EVT-FRS-013294,6013294,2008292,142158,3002323,10000,2026-08-29T14:00:56Z,クレジットカード,increment-run-003,workshop-participant,donation_events_003.csv,2026-09-01T00:03:20Z
EVT-FRS-014792,6014792,2009796,192091,3005062,20000,2026-08-29T14:03:37Z,コンビニ決済,increment-run-003,workshop-participant,donation_events_003.csv,2026-09-01T00:03:20Z
EVT-FRS-005608,6005608,2005889,252026,3001037,15000,2026-08-29T14:04:07Z,電子決済,increment-run-003,workshop-participant,donation_events_003.csv,2026-09-01T00:03:20Z
EVT-FRS-002904,6002904,2007186,382060,3005110,10000,2026-08-29T14:06:09Z,クレジットカード,increment-run-003,workshop-participant,donation_events_003.csv,2026-09-01T00:03:20Z
EVT-FRS-008457,6008457,2002594,122050,3002675,30000,2026-08-29T14:10:08Z,電子決済,increment-run-003,workshop-participant,donation_events_003.csv,2026-09-01T00:03:20Z
EVT-FRS-001026,6001026,2008853,072010,3000115,10000,2026-08-29T14:10:25Z,電子決済,increment-run-003,workshop-participant,donation_events_003.csv,2026-09-01T00:03:20Z
EVT-FRS-007575,6007575,2004545,392014,3000166,15000,2026-08-29T14:10:37Z,クレジットカード,increment-run-003,workshop-participant,donation_events_003.csv,2026-09-01T00:03:20Z
EVT-FRS-014680,6014680,2000622,074829,3001710,10000,2026-08-29T14:12:00Z,クレジットカード,increment-run-003,workshop-participant,donation_events_003.csv,2026-09-01T00:03:20Z
EVT-FRS-002480,6002480,2009773,012149,3002079,50000,2026-08-29T14:16:48Z,クレジットカード,increment-run-003,workshop-participant,donation_events_003.csv,2026-09-01T00:03:20Z
EVT-FRS-002892,6002892,2003953,384844,3001401,10000,2026-08-29T14:25:50Z,クレジットカード,increment-run-003,workshop-participant,donation_events_003.csv,2026-09-01T00:03:20Z
EVT-FRS-002153,6002153,2006497,143821,3003449,25000,2026-08-29T14:31:02Z,電子決済,increment-run-003,workshop-participant,donation_events_003.csv,2026-09-01T00:03:20Z
EVT-FRS-003743,6003743,2010674,152081,3003357,5000,2026-08-29T14:34:31Z,クレジットカード,increment-run-003,workshop-participant,donation_events_003.csv,2026-09-01T00:03:20Z
EVT-FRS-000310,6000310,2002977,192082,3000162,20000,2026-08-29T14:35:13Z,クレジットカード,increment-run-003,workshop-participant,donation_events_003.csv,2026-09-01T00:03:20Z
EVT-FRS-000517,6000517,2006947,022012,3004642,20000,2026-08-29T14:38:26Z,電子決済,increment-run-003,workshop-participant,donation_events_003.csv,2026-09-01T00:03:20Z
EVT-FRS-011914,6011914,2010394,402281,3003076,10000,2026-08-29T14:43:51Z,コンビニ決済,increment-run-003,workshop-participant,donation_events_003.csv,2026-09-01T00:03:20Z
EVT-FRS-006327,6006327,2006289,132195,3003568,15000,2026-08-29T14:53:18Z,クレジットカード,increment-run-003,workshop-participant,donation_events_003.csv,2026-09-01T00:03:20Z
EVT-FRS-002068,6002068,2005684,032158,3000004,20000,2026-08-29T14:54:47Z,電子決済,increment-run-003,workshop-participant,donation_events_003.csv,2026-09-01T00:03:20Z
EVT-FRS-013103,6013103,2008728,232211,3002796,5000,2026-08-29T14:58:26Z,クレジットカード,increment-run-003,workshop-participant,donation_events_003.csv,2026-09-01T00:03:20Z
EVT-FRS-011245,6011245,2005664,212199,3002110,15000,2026-08-29T15:06:17Z,クレジットカード,increment-run-003,workshop-participant,donation_events_003.csv,2026-09-01T00:03:20Z
EVT-FRS-012003,6012003,2002783,465330,3004481,15000,2026-08-29T15:06:57Z,クレジットカード,increment-run-003,workshop-participant,donation_events_003.csv,2026-09-01T00:03:20Z
EVT-FRS-012110,6012110,2002520,462241,3000413,20000,2026-08-29T15:08:41Z,銀行振込,increment-run-003,workshop-participant,donation_events_003.csv,2026-09-01T00:03:20Z
EVT-FRS-006241,6006241,2008006,182010,3003048,10000,2026-08-29T15:09:16Z,電子決済,increment-run-003,workshop-participant,donation_events_003.csv,2026-09-01T00:03:20Z
EVT-FRS-011712,6011712,2001381,372064,3002152,20000,2026-08-29T15:11:34Z,クレジットカード,increment-run-003,workshop-participant,donation_events_003.csv,2026-09-01T00:03:20Z
EVT-FRS-007217,6007217,2005514,142174,3001616,10000,2026-08-29T15:11:57Z,コンビニ決済,increment-run-003,workshop-participant,donation_events_003.csv,2026-09-01T00:03:20Z
EVT-FRS-008246,6008246,2010999,303615,3000499,25000,2026-08-29T15:16:48Z,銀行振込,increment-run-003,workshop-participant,donation_events_003.csv,2026-09-01T00:03:20Z
EVT-FRS-004389,6004389,2008659,012033,3000762,15000,2026-08-29T15:22:27Z,コンビニ決済,increment-run-003,workshop-participant,donation_events_003.csv,2026-09-01T00:03:20Z
EVT-FRS-001017,6001017,2002357,272132,3003322,15000,2026-08-29T15:25:35Z,電子決済,increment-run-003,workshop-participant,donation_events_003.csv,2026-09-01T00:03:20Z
EVT-FRS-010505,6010505,2001902,112437,3003899,20000,2026-08-29T15:38:20Z,コンビニ決済,increment-run-003,workshop-participant,donation_events_003.csv,2026-09-01T00:03:20Z
EVT-FRS-009252,6009252,2001647,472123,3004749,20000,2026-08-29T15:38:53Z,クレジットカード,increment-run-003,workshop-participant,donation_events_003.csv,2026-09-01T00:03:20Z
EVT-FRS-007643,6007643,2011888,222224,3000780,12000,2026-08-29T15:42:43Z,クレジットカード,increment-run-003,workshop-participant,donation_events_003.csv,2026-09-01T00:03:20Z
EVT-FRS-008355,6008355,2006479,232351,3001145,10000,2026-08-29T15:45:02Z,クレジットカード,increment-run-003,workshop-participant,donation_events_003.csv,2026-09-01T00:03:20Z
EVT-FRS-007640,6007640,2005503,072052,3005037,15000,2026-08-29T15:54:15Z,クレジットカード,increment-run-003,workshop-participant,donation_events_003.csv,2026-09-01T00:03:20Z
EVT-FRS-010885,6010885,2002024,382051,3005760,20000,2026-08-29T15:55:40Z,クレジットカード,increment-run-003,workshop-participant,donation_events_003.csv,2026-09-01T00:03:20Z
EVT-FRS-000925,6000925,2005448,212130,3001404,20000,2026-08-29T16:05:31Z,コンビニ決済,increment-run-003,workshop-participant,donation_events_003.csv,2026-09-01T00:03:20Z
EVT-FRS-013338,6013338,2011010,082112,3005871,15000,2026-08-29T16:13:10Z,電子決済,increment-run-003,workshop-participant,donation_events_003.csv,2026-09-01T00:03:20Z
EVT-FRS-003879,6003879,2005641,442071,3003252,20000,2026-08-29T16:14:45Z,クレジットカード,increment-run-003,workshop-participant,donation_events_003.csv,2026-09-01T00:03:20Z
EVT-FRS-001360,6001360,2007734,352071,3001374,10000,2026-08-29T16:15:45Z,クレジットカード,increment-run-003,workshop-participant,donation_events_003.csv,2026-09-01T00:03:20Z
EVT-FRS-012734,6012734,2003270,442054,3004078,15000,2026-08-29T16:21:49Z,クレジットカード,increment-run-003,workshop-participant,donation_events_003.csv,2026-09-01T00:03:20Z
EVT-FRS-004838,6004838,2008603,434230,3005185,8000,2026-08-29T16:27:05Z,クレジットカード,increment-run-003,workshop-participant,donation_events_003.csv,2026-09-01T00:03:20Z
EVT-FRS-002195,6002195,2006424,132233,3000670,30000,2026-08-29T16:34:55Z,電子決済,increment-run-003,workshop-participant,donation_events_003.csv,2026-09-01T00:03:20Z
EVT-FRS-011290,6011290,2009264,122190,3004714,10000,2026-08-29T16:40:21Z,クレジットカード,increment-run-003,workshop-participant,donation_events_003.csv,2026-09-01T00:03:20Z
EVT-FRS-013488,6013488,2000553,052035,3001265,5000,2026-08-29T16:41:28Z,銀行振込,increment-run-003,workshop-participant,donation_events_003.csv,2026-09-01T00:03:20Z
EVT-FRS-013817,6013817,2000211,272159,3004031,8000,2026-08-29T16:48:21Z,クレジットカード,increment-run-003,workshop-participant,donation_events_003.csv,2026-09-01T00:03:20Z
EVT-FRS-002363,6002363,2003792,341002,3002197,20000,2026-08-29T16:49:02Z,クレジットカード,increment-run-003,workshop-participant,donation_events_003.csv,2026-09-01T00:03:20Z
EVT-FRS-011867,6011867,2001227,272302,3005525,15000,2026-08-29T16:50:48Z,コンビニ決済,increment-run-003,workshop-participant,donation_events_003.csv,2026-09-01T00:03:20Z
EVT-FRS-005190,6005190,2002359,422100,3004035,20000,2026-08-29T16:52:51Z,電子決済,increment-run-003,workshop-participant,donation_events_003.csv,2026-09-01T00:03:20Z
EVT-FRS-010636,6010636,2007328,112259,3002214,12000,2026-08-29T16:54:12Z,クレジットカード,increment-run-003,workshop-participant,donation_events_003.csv,2026-09-01T00:03:20Z
EVT-FRS-004465,6004465,2005530,112020,3006000,30000,2026-08-29T17:04:07Z,クレジットカード,increment-run-003,workshop-participant,donation_events_003.csv,2026-09-01T00:03:20Z
EVT-FRS-005526,6005526,2007420,212059,3003985,12000,2026-08-29T17:05:38Z,クレジットカード,increment-run-003,workshop-participant,donation_events_003.csv,2026-09-01T00:03:20Z
EVT-FRS-004648,6004648,2010869,072133,3004100,10000,2026-08-29T17:06:41Z,電子決済,increment-run-003,workshop-participant,donation_events_003.csv,2026-09-01T00:03:20Z
EVT-FRS-000868,6000868,2008725,232238,3003280,10000,2026-08-29T17:07:10Z,電子決済,increment-run-003,workshop-participant,donation_events_003.csv,2026-09-01T00:03:20Z
EVT-FRS-006832,6006832,2005763,452025,3004014,10000,2026-08-29T17:07:14Z,クレジットカード,increment-run-003,workshop-participant,donation_events_003.csv,2026-09-01T00:03:20Z
EVT-FRS-001552,6001552,2006276,112321,3001893,12000,2026-08-29T17:13:29Z,クレジットカード,increment-run-003,workshop-participant,donation_events_003.csv,2026-09-01T00:03:20Z
EVT-FRS-012784,6012784,2008728,222119,3003130,20000,2026-08-29T17:13:31Z,クレジットカード,increment-run-003,workshop-participant,donation_events_003.csv,2026-09-01T00:03:20Z
EVT-FRS-008135,6008135,2011996,242101,3003688,15000,2026-08-29T17:17:54Z,電子決済,increment-run-003,workshop-participant,donation_events_003.csv,2026-09-01T00:03:20Z
EVT-FRS-002245,6002245,2002977,112461,3001640,10000,2026-08-29T17:18:26Z,電子決済,increment-run-003,workshop-participant,donation_events_003.csv,2026-09-01T00:03:20Z
EVT-FRS-009529,6009529,2008170,112259,3000648,5000,2026-08-29T17:26:58Z,銀行振込,increment-run-003,workshop-participant,donation_events_003.csv,2026-09-01T00:03:20Z
EVT-FRS-006579,6006579,2008928,422126,3004652,5000,2026-08-29T17:27:03Z,クレジットカード,increment-run-003,workshop-participant,donation_events_003.csv,2026-09-01T00:03:20Z
EVT-FRS-001671,6001671,2000617,302066,3002432,10000,2026-08-29T17:28:45Z,銀行振込,increment-run-003,workshop-participant,donation_events_003.csv,2026-09-01T00:03:20Z
EVT-FRS-000185,6000185,2001792,024058,3002321,5000,2026-08-29T17:29:41Z,電子決済,increment-run-003,workshop-participant,donation_events_003.csv,2026-09-01T00:03:20Z
EVT-FRS-013588,6013588,2004019,182028,3004811,30000,2026-08-29T17:34:31Z,銀行振込,increment-run-003,workshop-participant,donation_events_003.csv,2026-09-01T00:03:20Z
EVT-FRS-007277,6007277,2011880,392065,3000560,15000,2026-08-29T17:38:32Z,クレジットカード,increment-run-003,workshop-participant,donation_events_003.csv,2026-09-01T00:03:20Z
EVT-FRS-012656,6012656,2000041,342157,3003725,10000,2026-08-29T17:43:01Z,クレジットカード,increment-run-003,workshop-participant,donation_events_003.csv,2026-09-01T00:03:20Z
EVT-FRS-000574,6000574,2010985,192074,3005724,20000,2026-08-29T17:43:43Z,クレジットカード,increment-run-003,workshop-participant,donation_events_003.csv,2026-09-01T00:03:20Z
EVT-FRS-001642,6001642,2008049,092096,3004016,8000,2026-08-29T17:44:17Z,クレジットカード,increment-run-003,workshop-participant,donation_events_003.csv,2026-09-01T00:03:20Z
EVT-FRS-005124,6005124,2011643,142034,3002381,10000,2026-08-29T17:47:26Z,コンビニ決済,increment-run-003,workshop-participant,donation_events_003.csv,2026-09-01T00:03:20Z
EVT-FRS-011361,6011361,2000861,174611,3000509,60000,2026-08-29T17:48:30Z,クレジットカード,increment-run-003,workshop-participant,donation_events_003.csv,2026-09-01T00:03:20Z
EVT-FRS-006230,6006230,2008367,442071,3003897,10000,2026-08-29T17:51:42Z,クレジットカード,increment-run-003,workshop-participant,donation_events_003.csv,2026-09-01T00:03:20Z
EVT-FRS-008301,6008301,2000498,151009,3005770,10000,2026-08-29T17:54:06Z,クレジットカード,increment-run-003,workshop-participant,donation_events_003.csv,2026-09-01T00:03:20Z
EVT-FRS-009622,6009622,2005299,132195,3001368,10000,2026-08-29T17:57:14Z,電子決済,increment-run-003,workshop-participant,donation_events_003.csv,2026-09-01T00:03:20Z
EVT-FRS-008511,6008511,2004282,272191,3001187,5000,2026-08-29T17:59:50Z,クレジットカード,increment-run-003,workshop-participant,donation_events_003.csv,2026-09-01T00:03:20Z
EVT-FRS-006184,6006184,2004149,112119,3000912,15000,2026-08-29T18:00:16Z,クレジットカード,increment-run-003,workshop-participant,donation_events_003.csv,2026-09-01T00:03:20Z
EVT-FRS-002309,6002309,2007778,062120,3001865,8000,2026-08-29T18:02:22Z,クレジットカード,increment-run-003,workshop-participant,donation_events_003.csv,2026-09-01T00:03:20Z
EVT-FRS-005879,6005879,2008607,032107,3005060,20000,2026-08-29T18:05:56Z,電子決済,increment-run-003,workshop-participant,donation_events_003.csv,2026-09-01T00:03:20Z
EVT-FRS-005957,6005957,2006551,192015,3003684,20000,2026-08-29T18:06:55Z,クレジットカード,increment-run-003,workshop-participant,donation_events_003.csv,2026-09-01T00:03:20Z
EVT-FRS-009173,6009173,2000151,142140,3000590,30000,2026-08-29T18:08:06Z,電子決済,increment-run-003,workshop-participant,donation_events_003.csv,2026-09-01T00:03:20Z
EVT-FRS-008273,6008273,2006086,122131,3004844,15000,2026-08-29T18:09:16Z,クレジットカード,increment-run-003,workshop-participant,donation_events_003.csv,2026-09-01T00:03:20Z
EVT-FRS-002007,6002007,2005358,382043,3005763,40000,2026-08-29T18:09:22Z,クレジットカード,increment-run-003,workshop-participant,donation_events_003.csv,2026-09-01T00:03:20Z
EVT-FRS-008083,6008083,2000302,092169,3000803,40000,2026-08-29T18:11:23Z,電子決済,increment-run-003,workshop-participant,donation_events_003.csv,2026-09-01T00:03:20Z
EVT-FRS-010414,6010414,2007529,454290,3001220,15000,2026-08-29T18:11:47Z,クレジットカード,increment-run-003,workshop-participant,donation_events_003.csv,2026-09-01T00:03:20Z
EVT-FRS-012840,6012840,2003495,272124,3001817,8000,2026-08-29T18:12:00Z,クレジットカード,increment-run-003,workshop-participant,donation_events_003.csv,2026-09-01T00:03:20Z
EVT-FRS-007014,6007014,2006391,442020,3001534,5000,2026-08-29T18:16:18Z,クレジットカード,increment-run-003,workshop-participant,donation_events_003.csv,2026-09-01T00:03:20Z
EVT-FRS-008918,6008918,2010844,232149,3003556,60000,2026-08-29T18:17:52Z,クレジットカード,increment-run-003,workshop-participant,donation_events_003.csv,2026-09-01T00:03:20Z
EVT-FRS-000692,6000692,2009177,452025,3003435,10000,2026-08-29T18:21:39Z,クレジットカード,increment-run-003,workshop-participant,donation_events_003.csv,2026-09-01T00:03:20Z
EVT-FRS-009099,6009099,2006770,122122,3001072,30000,2026-08-29T18:23:05Z,コンビニ決済,increment-run-003,workshop-participant,donation_events_003.csv,2026-09-01T00:03:20Z
EVT-FRS-005775,6005775,2003304,432121,3000094,40000,2026-08-29T18:28:48Z,銀行振込,increment-run-003,workshop-participant,donation_events_003.csv,2026-09-01T00:03:20Z
EVT-FRS-007495,6007495,2001724,392090,3003060,20000,2026-08-29T18:31:15Z,クレジットカード,increment-run-003,workshop-participant,donation_events_003.csv,2026-09-01T00:03:20Z
EVT-FRS-004062,6004062,2005892,272299,3002670,20000,2026-08-29T18:36:44Z,クレジットカード,increment-run-003,workshop-participant,donation_events_003.csv,2026-09-01T00:03:20Z
EVT-FRS-001405,6001405,2003681,062090,3002851,8000,2026-08-29T18:37:00Z,クレジットカード,increment-run-003,workshop-participant,donation_events_003.csv,2026-09-01T00:03:20Z
EVT-FRS-001048,6001048,2007184,012190,3003992,10000,2026-08-29T18:38:26Z,クレジットカード,increment-run-003,workshop-participant,donation_events_003.csv,2026-09-01T00:03:20Z
EVT-FRS-012939,6012939,2009367,152234,3005205,10000,2026-08-29T18:40:08Z,クレジットカード,increment-run-003,workshop-participant,donation_events_003.csv,2026-09-01T00:03:20Z
EVT-FRS-007646,6007646,2011401,302066,3004255,20000,2026-08-29T18:40:50Z,クレジットカード,increment-run-003,workshop-participant,donation_events_003.csv,2026-09-01T00:03:20Z
EVT-FRS-004442,6004442,2010627,452025,3003435,10000,2026-08-29T18:42:55Z,クレジットカード,increment-run-003,workshop-participant,donation_events_003.csv,2026-09-01T00:03:20Z
EVT-FRS-006139,6006139,2003127,284815,3001931,8000,2026-08-29T18:43:52Z,コンビニ決済,increment-run-003,workshop-participant,donation_events_003.csv,2026-09-01T00:03:20Z
EVT-FRS-002383,6002383,2003037,282227,3005359,10000,2026-08-29T18:46:40Z,クレジットカード,increment-run-003,workshop-participant,donation_events_003.csv,2026-09-01T00:03:20Z
EVT-FRS-009549,6009549,2011446,232157,3005865,10000,2026-08-29T18:57:29Z,クレジットカード,increment-run-003,workshop-participant,donation_events_003.csv,2026-09-01T00:03:20Z
EVT-FRS-009052,6009052,2008165,042072,3004084,10000,2026-08-29T19:00:29Z,クレジットカード,increment-run-003,workshop-participant,donation_events_003.csv,2026-09-01T00:03:20Z
EVT-FRS-013337,6013337,2001761,272299,3002670,20000,2026-08-29T19:01:44Z,クレジットカード,increment-run-003,workshop-participant,donation_events_003.csv,2026-09-01T00:03:20Z
EVT-FRS-013192,6013192,2008010,293431,3004291,30000,2026-08-29T19:01:57Z,銀行振込,increment-run-003,workshop-participant,donation_events_003.csv,2026-09-01T00:03:20Z
EVT-FRS-000059,6000059,2007677,012289,3005477,5000,2026-08-29T19:06:35Z,クレジットカード,increment-run-003,workshop-participant,donation_events_003.csv,2026-09-01T00:03:20Z
EVT-FRS-012949,6012949,2001982,192091,3002434,15000,2026-08-29T19:08:45Z,クレジットカード,increment-run-003,workshop-participant,donation_events_003.csv,2026-09-01T00:03:20Z
EVT-FRS-000697,6000697,2002837,462152,3005258,10000,2026-08-29T19:10:12Z,クレジットカード,increment-run-003,workshop-participant,donation_events_003.csv,2026-09-01T00:03:20Z
EVT-FRS-006662,6006662,2007843,212121,3003593,50000,2026-08-29T19:11:41Z,クレジットカード,increment-run-003,workshop-participant,donation_events_003.csv,2026-09-01T00:03:20Z
EVT-FRS-000769,6000769,2003716,082121,3001322,12000,2026-08-29T19:12:50Z,クレジットカード,increment-run-003,workshop-participant,donation_events_003.csv,2026-09-01T00:03:20Z
EVT-FRS-011352,6011352,2006817,272132,3005617,20000,2026-08-29T19:16:49Z,クレジットカード,increment-run-003,workshop-participant,donation_events_003.csv,2026-09-01T00:03:20Z
EVT-FRS-000637,6000637,2008402,222160,3004778,10000,2026-08-29T19:17:25Z,クレジットカード,increment-run-003,workshop-participant,donation_events_003.csv,2026-09-01T00:03:20Z
EVT-FRS-003407,6003407,2010251,342157,3003725,15000,2026-08-29T19:21:51Z,クレジットカード,increment-run-003,workshop-participant,donation_events_003.csv,2026-09-01T00:03:20Z
EVT-FRS-001213,6001213,2008404,172073,3004365,10000,2026-08-29T19:24:36Z,電子決済,increment-run-003,workshop-participant,donation_events_003.csv,2026-09-01T00:03:20Z
EVT-FRS-003579,6003579,2007298,422142,3005051,30000,2026-08-29T19:32:16Z,クレジットカード,increment-run-003,workshop-participant,donation_events_003.csv,2026-09-01T00:03:20Z
EVT-FRS-001951,6001951,2010514,092037,3001998,20000,2026-08-29T19:35:23Z,クレジットカード,increment-run-003,workshop-participant,donation_events_003.csv,2026-09-01T00:03:20Z
EVT-FRS-014607,6014607,2007596,044458,3005404,15000,2026-08-29T19:36:00Z,クレジットカード,increment-run-003,workshop-participant,donation_events_003.csv,2026-09-01T00:03:20Z
EVT-FRS-002705,6002705,2007130,462241,3001592,10000,2026-08-29T19:38:46Z,クレジットカード,increment-run-003,workshop-participant,donation_events_003.csv,2026-09-01T00:03:20Z
EVT-FRS-012162,6012162,2004531,012173,3001691,10000,2026-08-29T19:42:00Z,クレジットカード,increment-run-003,workshop-participant,donation_events_003.csv,2026-09-01T00:03:20Z
EVT-FRS-013966,6013966,2008568,202193,3000383,25000,2026-08-29T19:42:00Z,電子決済,increment-run-003,workshop-participant,donation_events_003.csv,2026-09-01T00:03:20Z
EVT-FRS-008454,6008454,2002772,082074,3003670,15000,2026-08-29T19:43:20Z,クレジットカード,increment-run-003,workshop-participant,donation_events_003.csv,2026-09-01T00:03:20Z
EVT-FRS-012753,6012753,2009616,132080,3000884,5000,2026-08-29T19:44:01Z,クレジットカード,increment-run-003,workshop-participant,donation_events_003.csv,2026-09-01T00:03:20Z
EVT-FRS-010388,6010388,2002667,042072,3002128,12000,2026-08-29T19:46:17Z,クレジットカード,increment-run-003,workshop-participant,donation_events_003.csv,2026-09-01T00:03:20Z
EVT-FRS-008651,6008651,2006127,282294,3005369,10000,2026-08-29T19:47:14Z,クレジットカード,increment-run-003,workshop-participant,donation_events_003.csv,2026-09-01T00:03:20Z
EVT-FRS-000685,6000685,2004996,052035,3002714,20000,2026-08-29T19:59:53Z,クレジットカード,increment-run-003,workshop-participant,donation_events_003.csv,2026-09-01T00:03:20Z
EVT-FRS-009201,6009201,2006034,372048,3003023,10000,2026-08-29T20:00:53Z,クレジットカード,increment-run-003,workshop-participant,donation_events_003.csv,2026-09-01T00:03:20Z
EVT-FRS-009952,6009952,2002628,452025,3003435,5000,2026-08-29T20:02:51Z,クレジットカード,increment-run-003,workshop-participant,donation_events_003.csv,2026-09-01T00:03:20Z
EVT-FRS-013326,6013326,2008720,412023,3005402,12000,2026-08-29T20:13:19Z,クレジットカード,increment-run-003,workshop-participant,donation_events_003.csv,2026-09-01T00:03:20Z
EVT-FRS-011445,6011445,2010094,332020,3003321,10000,2026-08-29T20:19:18Z,電子決済,increment-run-003,workshop-participant,donation_events_003.csv,2026-09-01T00:03:20Z
EVT-FRS-008367,6008367,2008254,232360,3001825,20000,2026-08-29T20:22:38Z,クレジットカード,increment-run-003,workshop-participant,donation_events_003.csv,2026-09-01T00:03:20Z
EVT-FRS-005392,6005392,2006307,014630,3002871,15000,2026-08-29T20:24:01Z,電子決済,increment-run-003,workshop-participant,donation_events_003.csv,2026-09-01T00:03:20Z
EVT-FRS-004788,6004788,2005330,272248,3005946,12000,2026-08-29T20:25:24Z,銀行振込,increment-run-003,workshop-participant,donation_events_003.csv,2026-09-01T00:03:20Z
EVT-FRS-003288,6003288,2008190,152048,3004458,15000,2026-08-29T20:26:39Z,銀行振込,increment-run-003,workshop-participant,donation_events_003.csv,2026-09-01T00:03:20Z
EVT-FRS-002313,6002313,2005013,172065,3004832,8000,2026-08-29T20:31:59Z,クレジットカード,increment-run-003,workshop-participant,donation_events_003.csv,2026-09-01T00:03:20Z
EVT-FRS-004054,6004054,2007881,112321,3001893,12000,2026-08-29T20:33:16Z,クレジットカード,increment-run-003,workshop-participant,donation_events_003.csv,2026-09-01T00:03:20Z
EVT-FRS-012458,6012458,2004192,232092,3001379,20000,2026-08-29T20:33:58Z,クレジットカード,increment-run-003,workshop-participant,donation_events_003.csv,2026-09-01T00:03:20Z
EVT-FRS-007164,6007164,2007063,012262,3001975,30000,2026-08-29T20:34:16Z,コンビニ決済,increment-run-003,workshop-participant,donation_events_003.csv,2026-09-01T00:03:20Z
EVT-FRS-014650,6014650,2003453,384011,3000827,30000,2026-08-29T20:40:07Z,クレジットカード,increment-run-003,workshop-participant,donation_events_003.csv,2026-09-01T00:03:20Z
EVT-FRS-002131,6002131,2004929,142166,3000621,30000,2026-08-29T20:41:13Z,銀行振込,increment-run-003,workshop-participant,donation_events_003.csv,2026-09-01T00:03:20Z
EVT-FRS-005464,6005464,2010372,432105,3003141,20000,2026-08-29T20:41:38Z,クレジットカード,increment-run-003,workshop-participant,donation_events_003.csv,2026-09-01T00:03:20Z
EVT-FRS-005043,6005043,2008349,402117,3002118,10000,2026-08-29T20:45:29Z,クレジットカード,increment-run-003,workshop-participant,donation_events_003.csv,2026-09-01T00:03:20Z
EVT-FRS-014578,6014578,2008424,402214,3005753,30000,2026-08-29T20:46:45Z,電子決済,increment-run-003,workshop-participant,donation_events_003.csv,2026-09-01T00:03:20Z
EVT-FRS-001499,6001499,2011414,382035,3002099,10000,2026-08-29T20:52:39Z,銀行振込,increment-run-003,workshop-participant,donation_events_003.csv,2026-09-01T00:03:20Z
EVT-FRS-001536,6001536,2005580,013986,3000986,20000,2026-08-29T20:53:22Z,クレジットカード,increment-run-003,workshop-participant,donation_events_003.csv,2026-09-01T00:03:20Z
EVT-FRS-008379,6008379,2000893,083411,3003913,10000,2026-08-29T20:53:56Z,クレジットカード,increment-run-003,workshop-participant,donation_events_003.csv,2026-09-01T00:03:20Z
EVT-FRS-010807,6010807,2001560,092100,3002390,10000,2026-08-29T20:55:33Z,クレジットカード,increment-run-003,workshop-participant,donation_events_003.csv,2026-09-01T00:03:20Z
EVT-FRS-000333,6000333,2004790,222089,3001999,20000,2026-08-29T21:03:12Z,クレジットカード,increment-run-003,workshop-participant,donation_events_003.csv,2026-09-01T00:03:20Z
EVT-FRS-002862,6002862,2006272,082341,3004765,15000,2026-08-29T21:03:26Z,コンビニ決済,increment-run-003,workshop-participant,donation_events_003.csv,2026-09-01T00:03:20Z
EVT-FRS-010298,6010298,2006868,203882,3002522,10000,2026-08-29T21:10:09Z,クレジットカード,increment-run-003,workshop-participant,donation_events_003.csv,2026-09-01T00:03:20Z
EVT-FRS-009241,6009241,2007669,322091,3005449,20000,2026-08-29T21:13:16Z,クレジットカード,increment-run-003,workshop-participant,donation_events_003.csv,2026-09-01T00:03:20Z
EVT-FRS-008158,6008158,2004155,402273,3003639,10000,2026-08-29T21:13:21Z,電子決済,increment-run-003,workshop-participant,donation_events_003.csv,2026-09-01T00:03:20Z
EVT-FRS-003815,6003815,2003598,212105,3004831,15000,2026-08-29T21:13:27Z,銀行振込,increment-run-003,workshop-participant,donation_events_003.csv,2026-09-01T00:03:20Z
EVT-FRS-011387,6011387,2007235,292028,3001924,5000,2026-08-29T21:13:59Z,銀行振込,increment-run-003,workshop-participant,donation_events_003.csv,2026-09-01T00:03:20Z
EVT-FRS-005645,6005645,2005164,012190,3003992,5000,2026-08-29T21:14:33Z,クレジットカード,increment-run-003,workshop-participant,donation_events_003.csv,2026-09-01T00:03:20Z
EVT-FRS-013619,6013619,2011751,012190,3003992,12000,2026-08-29T21:15:43Z,銀行振込,increment-run-003,workshop-participant,donation_events_003.csv,2026-09-01T00:03:20Z
EVT-FRS-007576,6007576,2003048,373249,3003679,10000,2026-08-29T21:17:40Z,クレジットカード,increment-run-003,workshop-participant,donation_events_003.csv,2026-09-01T00:03:20Z
EVT-FRS-012539,6012539,2008322,014877,3000155,20000,2026-08-29T21:19:02Z,銀行振込,increment-run-003,workshop-participant,donation_events_003.csv,2026-09-01T00:03:20Z
EVT-FRS-005984,6005984,2006350,112071,3004185,10000,2026-08-29T21:25:13Z,コンビニ決済,increment-run-003,workshop-participant,donation_events_003.csv,2026-09-01T00:03:20Z
EVT-FRS-009616,6009616,2001146,454290,3002017,8000,2026-08-29T21:26:19Z,クレジットカード,increment-run-003,workshop-participant,donation_events_003.csv,2026-09-01T00:03:20Z
EVT-FRS-013168,6013168,2000817,332160,3001522,20000,2026-08-29T21:29:53Z,クレジットカード,increment-run-003,workshop-participant,donation_events_003.csv,2026-09-01T00:03:20Z
EVT-FRS-014325,6014325,2003416,131237,3005853,8000,2026-08-29T21:31:47Z,クレジットカード,increment-run-003,workshop-participant,donation_events_003.csv,2026-09-01T00:03:20Z
EVT-FRS-005799,6005799,2011501,024023,3000473,20000,2026-08-29T21:33:17Z,クレジットカード,increment-run-003,workshop-participant,donation_events_003.csv,2026-09-01T00:03:20Z
EVT-FRS-003819,6003819,2010817,212164,3003432,25000,2026-08-29T21:35:10Z,クレジットカード,increment-run-003,workshop-participant,donation_events_003.csv,2026-09-01T00:03:20Z
EVT-FRS-014870,6014870,2005433,292028,3003697,20000,2026-08-29T21:35:15Z,クレジットカード,increment-run-003,workshop-participant,donation_events_003.csv,2026-09-01T00:03:20Z
EVT-FRS-005648,6005648,2009197,112453,3001726,25000,2026-08-29T21:36:02Z,クレジットカード,increment-run-003,workshop-participant,donation_events_003.csv,2026-09-01T00:03:20Z
EVT-FRS-000768,6000768,2006312,172049,3003674,25000,2026-08-29T21:36:16Z,クレジットカード,increment-run-003,workshop-participant,donation_events_003.csv,2026-09-01T00:03:20Z
EVT-FRS-014208,6014208,2005973,102059,3002862,12000,2026-08-29T21:36:43Z,クレジットカード,increment-run-003,workshop-participant,donation_events_003.csv,2026-09-01T00:03:20Z
EVT-FRS-010700,6010700,2001057,012343,3001285,10000,2026-08-29T21:46:48Z,クレジットカード,increment-run-003,workshop-participant,donation_events_003.csv,2026-09-01T00:03:20Z
EVT-FRS-002951,6002951,2009158,341002,3002981,10000,2026-08-29T21:48:17Z,クレジットカード,increment-run-003,workshop-participant,donation_events_003.csv,2026-09-01T00:03:20Z
EVT-FRS-011507,6011507,2002004,162094,3005691,20000,2026-08-29T21:56:38Z,クレジットカード,increment-run-003,workshop-participant,donation_events_003.csv,2026-09-01T00:03:20Z
EVT-FRS-001194,6001194,2001893,112232,3000007,15000,2026-08-29T21:58:17Z,銀行振込,increment-run-003,workshop-participant,donation_events_003.csv,2026-09-01T00:03:20Z
EVT-FRS-001504,6001504,2000659,142107,3004010,12000,2026-08-29T22:04:01Z,クレジットカード,increment-run-003,workshop-participant,donation_events_003.csv,2026-09-01T00:03:20Z
EVT-FRS-005720,6005720,2004727,432032,3004207,5000,2026-08-29T22:09:28Z,クレジットカード,increment-run-003,workshop-participant,donation_events_003.csv,2026-09-01T00:03:20Z
EVT-FRS-010844,6010844,2008886,322041,3002549,12000,2026-08-29T22:09:38Z,クレジットカード,increment-run-003,workshop-participant,donation_events_003.csv,2026-09-01T00:03:20Z
EVT-FRS-002897,6002897,2005579,272132,3002307,30000,2026-08-29T22:13:14Z,クレジットカード,increment-run-003,workshop-participant,donation_events_003.csv,2026-09-01T00:03:20Z
EVT-FRS-002602,6002602,2001785,132110,3004621,25000,2026-08-29T22:16:57Z,銀行振込,increment-run-003,workshop-participant,donation_events_003.csv,2026-09-01T00:03:20Z
EVT-FRS-007252,6007252,2005905,072052,3001612,20000,2026-08-29T22:23:12Z,クレジットカード,increment-run-003,workshop-participant,donation_events_003.csv,2026-09-01T00:03:20Z
EVT-FRS-005778,6005778,2003135,261009,3003755,10000,2026-08-29T22:25:49Z,銀行振込,increment-run-003,workshop-participant,donation_events_003.csv,2026-09-01T00:03:20Z
EVT-FRS-001654,6001654,2007624,122068,3003765,10000,2026-08-29T22:26:06Z,クレジットカード,increment-run-003,workshop-participant,donation_events_003.csv,2026-09-01T00:03:20Z
EVT-FRS-012466,6012466,2009517,112411,3001367,15000,2026-08-29T22:26:33Z,クレジットカード,increment-run-003,workshop-participant,donation_events_003.csv,2026-09-01T00:03:20Z
EVT-FRS-003606,6003606,2001816,223018,3001507,15000,2026-08-29T22:28:07Z,電子決済,increment-run-003,workshop-participant,donation_events_003.csv,2026-09-01T00:03:20Z
EVT-FRS-011982,6011982,2001589,341002,3000156,10000,2026-08-29T22:31:23Z,クレジットカード,increment-run-003,workshop-participant,donation_events_003.csv,2026-09-01T00:03:20Z
EVT-FRS-004826,6004826,2001873,122343,3004699,10000,2026-08-29T22:34:18Z,電子決済,increment-run-003,workshop-participant,donation_events_003.csv,2026-09-01T00:03:20Z
EVT-FRS-014850,6014850,2011722,282049,3005452,15000,2026-08-29T22:37:34Z,クレジットカード,increment-run-003,workshop-participant,donation_events_003.csv,2026-09-01T00:03:20Z
EVT-FRS-009398,6009398,2003032,012122,3002547,8000,2026-08-29T22:38:23Z,クレジットカード,increment-run-003,workshop-participant,donation_events_003.csv,2026-09-01T00:03:20Z
EVT-FRS-003245,6003245,2007922,232262,3001292,20000,2026-08-29T22:57:24Z,クレジットカード,increment-run-003,workshop-participant,donation_events_003.csv,2026-09-01T00:03:20Z
EVT-FRS-000385,6000385,2006037,042072,3003933,10000,2026-08-29T22:57:56Z,コンビニ決済,increment-run-003,workshop-participant,donation_events_003.csv,2026-09-01T00:03:20Z
EVT-FRS-006187,6006187,2006128,012190,3004508,10000,2026-08-29T22:58:49Z,クレジットカード,increment-run-003,workshop-participant,donation_events_003.csv,2026-09-01T00:03:20Z
EVT-FRS-010328,6010328,2001342,472077,3001492,30000,2026-08-29T23:00:25Z,電子決済,increment-run-003,workshop-participant,donation_events_003.csv,2026-09-01T00:03:20Z
EVT-FRS-000054,6000054,2006008,122271,3000047,10000,2026-08-29T23:08:54Z,銀行振込,increment-run-003,workshop-participant,donation_events_003.csv,2026-09-01T00:03:20Z
EVT-FRS-002671,6002671,2005501,082279,3001215,10000,2026-08-29T23:10:45Z,クレジットカード,increment-run-003,workshop-participant,donation_events_003.csv,2026-09-01T00:03:20Z
EVT-FRS-008412,6008412,2007127,302040,3005579,10000,2026-08-29T23:15:54Z,クレジットカード,increment-run-003,workshop-participant,donation_events_003.csv,2026-09-01T00:03:20Z
EVT-FRS-010536,6010536,2010194,435104,3000854,12000,2026-08-29T23:21:06Z,クレジットカード,increment-run-003,workshop-participant,donation_events_003.csv,2026-09-01T00:03:20Z
EVT-FRS-000704,6000704,2006018,282189,3003712,5000,2026-08-29T23:23:06Z,電子決済,increment-run-003,workshop-participant,donation_events_003.csv,2026-09-01T00:03:20Z
EVT-FRS-009807,6009807,2002370,162078,3002589,10000,2026-08-29T23:28:35Z,電子決済,increment-run-003,workshop-participant,donation_events_003.csv,2026-09-01T00:03:20Z
EVT-FRS-006030,6006030,2000691,182061,3003628,10000,2026-08-29T23:31:15Z,電子決済,increment-run-003,workshop-participant,donation_events_003.csv,2026-09-01T00:03:20Z
EVT-FRS-011708,6011708,2001906,014567,3005242,12000,2026-08-29T23:36:15Z,銀行振込,increment-run-003,workshop-participant,donation_events_003.csv,2026-09-01T00:03:20Z
EVT-FRS-002491,6002491,2009941,452025,3003435,25000,2026-08-29T23:42:29Z,クレジットカード,increment-run-003,workshop-participant,donation_events_003.csv,2026-09-01T00:03:20Z
EVT-FRS-008529,6008529,2005144,092151,3003926,20000,2026-08-29T23:43:12Z,クレジットカード,increment-run-003,workshop-participant,donation_events_003.csv,2026-09-01T00:03:20Z
EVT-FRS-001729,6001729,2011991,012190,3002126,50000,2026-08-29T23:48:16Z,電子決済,increment-run-003,workshop-participant,donation_events_003.csv,2026-09-01T00:03:20Z
EVT-FRS-002243,6002243,2007331,232220,3001866,25000,2026-08-29T23:49:39Z,コンビニ決済,increment-run-003,workshop-participant,donation_events_003.csv,2026-09-01T00:03:20Z
EVT-FRS-012075,6012075,2002409,272132,3002927,10000,2026-08-29T23:55:01Z,銀行振込,increment-run-003,workshop-participant,donation_events_003.csv,2026-09-01T00:03:20Z
EVT-FRS-007453,6007453,2011250,302031,3004632,8000,2026-08-29T23:58:41Z,クレジットカード,increment-run-003,workshop-participant,donation_events_003.csv,2026-09-01T00:03:20Z
EVT-FRS-002033,6002033,2003700,464686,3002300,5000,2026-08-30T00:00:23Z,クレジットカード,increment-run-003,workshop-participant,donation_events_003.csv,2026-09-01T00:03:20Z
EVT-FRS-009278,6009278,2003364,075469,3002230,60000,2026-08-30T00:19:48Z,クレジットカード,increment-run-003,workshop-participant,donation_events_003.csv,2026-09-01T00:03:20Z
EVT-FRS-003597,6003597,2001249,172090,3004033,50000,2026-08-30T00:21:07Z,電子決済,increment-run-003,workshop-participant,donation_events_003.csv,2026-09-01T00:03:20Z
EVT-FRS-002179,6002179,2010905,192112,3000891,10000,2026-08-30T00:21:20Z,クレジットカード,increment-run-003,workshop-participant,donation_events_003.csv,2026-09-01T00:03:20Z
EVT-FRS-010677,6010677,2008608,202193,3000384,15000,2026-08-30T00:26:38Z,銀行振込,increment-run-003,workshop-participant,donation_events_003.csv,2026-09-01T00:03:20Z
EVT-FRS-013127,6013127,2004960,032034,3003582,15000,2026-08-30T00:27:03Z,コンビニ決済,increment-run-003,workshop-participant,donation_events_003.csv,2026-09-01T00:03:20Z
EVT-FRS-011441,6011441,2009853,032018,3005024,25000,2026-08-30T00:30:05Z,クレジットカード,increment-run-003,workshop-participant,donation_events_003.csv,2026-09-01T00:03:20Z
EVT-FRS-008177,6008177,2000449,342025,3002620,12000,2026-08-30T00:38:03Z,クレジットカード,increment-run-003,workshop-participant,donation_events_003.csv,2026-09-01T00:03:20Z
EVT-FRS-005056,6005056,2002887,272027,3003317,12000,2026-08-30T00:46:20Z,電子決済,increment-run-003,workshop-participant,donation_events_003.csv,2026-09-01T00:03:20Z
EVT-FRS-002342,6002342,2002286,162060,3000889,10000,2026-08-30T00:47:36Z,クレジットカード,increment-run-003,workshop-participant,donation_events_003.csv,2026-09-01T00:03:20Z
EVT-FRS-000610,6000610,2002159,182095,3003265,40000,2026-08-30T00:57:59Z,クレジットカード,increment-run-003,workshop-participant,donation_events_003.csv,2026-09-01T00:03:20Z
EVT-FRS-003705,6003705,2011566,232041,3000665,12000,2026-08-30T01:01:55Z,クレジットカード,increment-run-003,workshop-participant,donation_events_003.csv,2026-09-01T00:03:20Z
EVT-FRS-014838,6014838,2000192,232149,3000148,8000,2026-08-30T01:04:06Z,クレジットカード,increment-run-003,workshop-participant,donation_events_003.csv,2026-09-01T00:03:20Z
EVT-FRS-007581,6007581,2008973,294241,3001209,10000,2026-08-30T01:08:15Z,クレジットカード,increment-run-003,workshop-participant,donation_events_003.csv,2026-09-01T00:03:20Z
EVT-FRS-001752,6001752,2009224,292010,3001156,15000,2026-08-30T01:13:45Z,電子決済,increment-run-003,workshop-participant,donation_events_003.csv,2026-09-01T00:03:20Z
EVT-FRS-013162,6013162,2011438,392031,3003606,25000,2026-08-30T01:18:38Z,クレジットカード,increment-run-003,workshop-participant,donation_events_003.csv,2026-09-01T00:03:20Z
EVT-FRS-010492,6010492,2006966,262064,3000293,8000,2026-08-30T01:22:45Z,クレジットカード,increment-run-003,workshop-participant,donation_events_003.csv,2026-09-01T00:03:20Z
EVT-FRS-010337,6010337,2002666,122114,3003302,10000,2026-08-30T01:25:17Z,コンビニ決済,increment-run-003,workshop-participant,donation_events_003.csv,2026-09-01T00:03:20Z
EVT-FRS-013663,6013663,2010518,442135,3000701,25000,2026-08-30T01:26:16Z,電子決済,increment-run-003,workshop-participant,donation_events_003.csv,2026-09-01T00:03:20Z
EVT-FRS-007716,6007716,2001652,222259,3004308,5000,2026-08-30T01:26:49Z,クレジットカード,increment-run-003,workshop-participant,donation_events_003.csv,2026-09-01T00:03:20Z
EVT-FRS-000539,6000539,2000173,152056,3002250,30000,2026-08-30T01:27:03Z,クレジットカード,increment-run-003,workshop-participant,donation_events_003.csv,2026-09-01T00:03:20Z
EVT-FRS-010336,6010336,2004080,232041,3004124,10000,2026-08-30T01:27:47Z,クレジットカード,increment-run-003,workshop-participant,donation_events_003.csv,2026-09-01T00:03:20Z
EVT-FRS-009762,6009762,2009201,282065,3003642,5000,2026-08-30T01:33:39Z,電子決済,increment-run-003,workshop-participant,donation_events_003.csv,2026-09-01T00:03:20Z
EVT-FRS-001014,6001014,2004683,084433,3001230,10000,2026-08-30T01:35:54Z,クレジットカード,increment-run-003,workshop-participant,donation_events_003.csv,2026-09-01T00:03:20Z
EVT-FRS-002796,6002796,2011474,402036,3001139,15000,2026-08-30T01:36:24Z,銀行振込,increment-run-003,workshop-participant,donation_events_003.csv,2026-09-01T00:03:20Z
EVT-FRS-001570,6001570,2002512,172111,3000518,20000,2026-08-30T01:40:53Z,クレジットカード,increment-run-003,workshop-participant,donation_events_003.csv,2026-09-01T00:03:20Z
EVT-FRS-002577,6002577,2000329,402214,3005753,20000,2026-08-30T01:45:51Z,クレジットカード,increment-run-003,workshop-participant,donation_events_003.csv,2026-09-01T00:03:20Z
EVT-FRS-006411,6006411,2001170,102059,3002894,10000,2026-08-30T01:47:44Z,電子決済,increment-run-003,workshop-participant,donation_events_003.csv,2026-09-01T00:03:20Z
EVT-FRS-011634,6011634,2005332,012343,3001609,25000,2026-08-30T01:48:21Z,クレジットカード,increment-run-003,workshop-participant,donation_events_003.csv,2026-09-01T00:03:20Z
EVT-FRS-003633,6003633,2008616,072125,3001141,20000,2026-08-30T01:49:43Z,クレジットカード,increment-run-003,workshop-participant,donation_events_003.csv,2026-09-01T00:03:20Z
EVT-FRS-007686,6007686,2001159,204463,3003396,5000,2026-08-30T01:50:36Z,電子決済,increment-run-003,workshop-participant,donation_events_003.csv,2026-09-01T00:03:20Z
EVT-FRS-010560,6010560,2002752,412058,3000391,10000,2026-08-30T01:51:17Z,電子決済,increment-run-003,workshop-participant,donation_events_003.csv,2026-09-01T00:03:20Z
EVT-FRS-000477,6000477,2002552,432067,3003114,20000,2026-08-30T01:58:27Z,電子決済,increment-run-003,workshop-participant,donation_events_003.csv,2026-09-01T00:03:20Z
EVT-FRS-007023,6007023,2001984,012203,3004149,12000,2026-08-30T02:01:01Z,電子決済,increment-run-003,workshop-participant,donation_events_003.csv,2026-09-01T00:03:20Z
EVT-FRS-013562,6013562,2007477,122351,3005774,10000,2026-08-30T02:01:41Z,クレジットカード,increment-run-003,workshop-participant,donation_events_003.csv,2026-09-01T00:03:20Z
EVT-FRS-013024,6013024,2005361,312037,3000566,10000,2026-08-30T02:05:34Z,クレジットカード,increment-run-003,workshop-participant,donation_events_003.csv,2026-09-01T00:03:20Z
EVT-FRS-011197,6011197,2001469,182087,3002106,25000,2026-08-30T02:09:12Z,銀行振込,increment-run-003,workshop-participant,donation_events_003.csv,2026-09-01T00:03:20Z
EVT-FRS-002002,6002002,2009477,012084,3001038,10000,2026-08-30T02:09:26Z,クレジットカード,increment-run-003,workshop-participant,donation_events_003.csv,2026-09-01T00:03:20Z
EVT-FRS-008161,6008161,2010932,292028,3002624,8000,2026-08-30T02:11:30Z,電子決済,increment-run-003,workshop-participant,donation_events_003.csv,2026-09-01T00:03:20Z
EVT-FRS-006871,6006871,2000248,442127,3002864,10000,2026-08-30T02:14:32Z,クレジットカード,increment-run-003,workshop-participant,donation_events_003.csv,2026-09-01T00:03:20Z
EVT-FRS-003145,6003145,2010808,462063,3003370,10000,2026-08-30T02:14:55Z,クレジットカード,increment-run-003,workshop-participant,donation_events_003.csv,2026-09-01T00:03:20Z
EVT-FRS-004199,6004199,2004989,364045,3004623,30000,2026-08-30T02:31:17Z,クレジットカード,increment-run-003,workshop-participant,donation_events_003.csv,2026-09-01T00:03:20Z
EVT-FRS-007060,6007060,2008449,272132,3000548,10000,2026-08-30T02:34:43Z,クレジットカード,increment-run-003,workshop-participant,donation_events_003.csv,2026-09-01T00:03:20Z
EVT-FRS-003089,6003089,2001784,032140,3002838,12000,2026-08-30T02:39:03Z,クレジットカード,increment-run-003,workshop-participant,donation_events_003.csv,2026-09-01T00:03:20Z
EVT-FRS-005095,6005095,2004455,132128,3004592,40000,2026-08-30T02:39:15Z,電子決済,increment-run-003,workshop-participant,donation_events_003.csv,2026-09-01T00:03:20Z
EVT-FRS-012219,6012219,2010588,122394,3004469,10000,2026-08-30T02:41:58Z,銀行振込,increment-run-003,workshop-participant,donation_events_003.csv,2026-09-01T00:03:20Z
EVT-FRS-011865,6011865,2000459,272132,3003896,10000,2026-08-30T03:00:43Z,銀行振込,increment-run-003,workshop-participant,donation_events_003.csv,2026-09-01T00:03:20Z
EVT-FRS-009968,6009968,2007891,412058,3000446,5000,2026-08-30T03:01:05Z,クレジットカード,increment-run-003,workshop-participant,donation_events_003.csv,2026-09-01T00:03:20Z
EVT-FRS-014202,6014202,2003803,204862,3005256,12000,2026-08-30T03:01:29Z,クレジットカード,increment-run-003,workshop-participant,donation_events_003.csv,2026-09-01T00:03:20Z
EVT-FRS-011171,6011171,2007109,293431,3003473,10000,2026-08-30T03:07:09Z,電子決済,increment-run-003,workshop-participant,donation_events_003.csv,2026-09-01T00:03:20Z
EVT-FRS-011097,6011097,2006903,016098,3005286,20000,2026-08-30T03:08:41Z,電子決済,increment-run-003,workshop-participant,donation_events_003.csv,2026-09-01T00:03:20Z
EVT-FRS-000978,6000978,2004039,232050,3004942,10000,2026-08-30T03:11:46Z,クレジットカード,increment-run-003,workshop-participant,donation_events_003.csv,2026-09-01T00:03:20Z
EVT-FRS-012506,6012506,2001555,042072,3003933,25000,2026-08-30T03:14:27Z,電子決済,increment-run-003,workshop-participant,donation_events_003.csv,2026-09-01T00:03:20Z
EVT-FRS-000705,6000705,2006174,015181,3002725,10000,2026-08-30T03:26:23Z,銀行振込,increment-run-003,workshop-participant,donation_events_003.csv,2026-09-01T00:03:20Z
EVT-FRS-004989,6004989,2000939,012351,3002299,15000,2026-08-30T03:26:48Z,電子決済,increment-run-003,workshop-participant,donation_events_003.csv,2026-09-01T00:03:20Z
EVT-FRS-011340,6011340,2004228,122068,3001390,20000,2026-08-30T03:27:01Z,クレジットカード,increment-run-003,workshop-participant,donation_events_003.csv,2026-09-01T00:03:20Z
EVT-FRS-009343,6009343,2008638,182087,3001180,10000,2026-08-30T03:28:30Z,銀行振込,increment-run-003,workshop-participant,donation_events_003.csv,2026-09-01T00:03:20Z
EVT-FRS-001124,6001124,2006784,043028,3003226,10000,2026-08-30T03:33:41Z,クレジットカード,increment-run-003,workshop-participant,donation_events_003.csv,2026-09-01T00:03:20Z
EVT-FRS-006476,6006476,2004672,282260,3005097,15000,2026-08-30T03:36:31Z,クレジットカード,increment-run-003,workshop-participant,donation_events_003.csv,2026-09-01T00:03:20Z
EVT-FRS-012304,6012304,2009576,462233,3001459,12000,2026-08-30T03:39:18Z,銀行振込,increment-run-003,workshop-participant,donation_events_003.csv,2026-09-01T00:03:20Z
EVT-FRS-007208,6007208,2003999,322032,3001218,20000,2026-08-30T03:45:30Z,銀行振込,increment-run-003,workshop-participant,donation_events_003.csv,2026-09-01T00:03:20Z
EVT-FRS-001478,6001478,2000623,282065,3005368,20000,2026-08-30T03:54:21Z,クレジットカード,increment-run-003,workshop-participant,donation_events_003.csv,2026-09-01T00:03:20Z
EVT-FRS-009601,6009601,2007631,232297,3003703,12000,2026-08-30T04:08:28Z,クレジットカード,increment-run-003,workshop-participant,donation_events_003.csv,2026-09-01T00:03:20Z
EVT-FRS-001547,6001547,2001997,014087,3001083,5000,2026-08-30T04:09:23Z,電子決済,increment-run-003,workshop-participant,donation_events_003.csv,2026-09-01T00:03:20Z
EVT-FRS-009973,6009973,2011958,473588,3002823,10000,2026-08-30T04:09:34Z,クレジットカード,increment-run-003,workshop-participant,donation_events_003.csv,2026-09-01T00:03:20Z
EVT-FRS-001997,6001997,2008284,252034,3004110,20000,2026-08-30T04:10:13Z,クレジットカード,increment-run-003,workshop-participant,donation_events_003.csv,2026-09-01T00:03:20Z
EVT-FRS-012175,6012175,2000455,432105,3003141,10000,2026-08-30T04:12:44Z,クレジットカード,increment-run-003,workshop-participant,donation_events_003.csv,2026-09-01T00:03:20Z
EVT-FRS-009562,6009562,2000076,122190,3004814,15000,2026-08-30T04:13:39Z,クレジットカード,increment-run-003,workshop-participant,donation_events_003.csv,2026-09-01T00:03:20Z
EVT-FRS-005692,6005692,2011752,182079,3005144,10000,2026-08-30T04:17:45Z,電子決済,increment-run-003,workshop-participant,donation_events_003.csv,2026-09-01T00:03:20Z
EVT-FRS-012982,6012982,2001819,472131,3001848,25000,2026-08-30T04:17:58Z,クレジットカード,increment-run-003,workshop-participant,donation_events_003.csv,2026-09-01T00:03:20Z
EVT-FRS-010292,6010292,2005748,052035,3003562,25000,2026-08-30T04:20:16Z,電子決済,increment-run-003,workshop-participant,donation_events_003.csv,2026-09-01T00:03:20Z
EVT-FRS-007688,6007688,2007048,075442,3005454,50000,2026-08-30T04:22:53Z,クレジットカード,increment-run-003,workshop-participant,donation_events_003.csv,2026-09-01T00:03:20Z
EVT-FRS-005427,6005427,2005624,292117,3001231,15000,2026-08-30T04:23:06Z,クレジットカード,increment-run-003,workshop-participant,donation_events_003.csv,2026-09-01T00:03:20Z
EVT-FRS-005090,6005090,2007818,012203,3001079,10000,2026-08-30T04:28:55Z,クレジットカード,increment-run-003,workshop-participant,donation_events_003.csv,2026-09-01T00:03:20Z
EVT-FRS-005876,6005876,2001914,382027,3001378,10000,2026-08-30T04:29:12Z,電子決済,increment-run-003,workshop-participant,donation_events_003.csv,2026-09-01T00:03:20Z
EVT-FRS-010384,6010384,2006384,272141,3003974,20000,2026-08-30T04:37:46Z,クレジットカード,increment-run-003,workshop-participant,donation_events_003.csv,2026-09-01T00:03:20Z
EVT-FRS-001027,6001027,2008116,112461,3001185,15000,2026-08-30T04:39:57Z,銀行振込,increment-run-003,workshop-participant,donation_events_003.csv,2026-09-01T00:03:20Z
EVT-FRS-008768,6008768,2005774,094072,3005518,10000,2026-08-30T04:40:50Z,クレジットカード,increment-run-003,workshop-participant,donation_events_003.csv,2026-09-01T00:03:20Z
EVT-FRS-008624,6008624,2007020,352136,3000080,15000,2026-08-30T04:44:05Z,クレジットカード,increment-run-003,workshop-participant,donation_events_003.csv,2026-09-01T00:03:20Z
EVT-FRS-003043,6003043,2005811,202029,3003172,25000,2026-08-30T04:44:39Z,銀行振込,increment-run-003,workshop-participant,donation_events_003.csv,2026-09-01T00:03:20Z
EVT-FRS-000862,6000862,2001485,212105,3000627,15000,2026-08-30T04:48:15Z,クレジットカード,increment-run-003,workshop-participant,donation_events_003.csv,2026-09-01T00:03:20Z
EVT-FRS-003935,6003935,2005594,082341,3005160,10000,2026-08-30T04:54:15Z,クレジットカード,increment-run-003,workshop-participant,donation_events_003.csv,2026-09-01T00:03:20Z
EVT-FRS-001085,6001085,2004553,312029,3005635,8000,2026-08-30T04:59:33Z,クレジットカード,increment-run-003,workshop-participant,donation_events_003.csv,2026-09-01T00:03:20Z
EVT-FRS-012124,6012124,2002680,062111,3003973,10000,2026-08-30T05:06:13Z,銀行振込,increment-run-003,workshop-participant,donation_events_003.csv,2026-09-01T00:03:20Z
EVT-FRS-009221,6009221,2007612,012173,3004329,100000,2026-08-30T05:09:35Z,電子決済,increment-run-003,workshop-participant,donation_events_003.csv,2026-09-01T00:03:20Z
EVT-FRS-000394,6000394,2001128,194247,3000168,20000,2026-08-30T05:17:49Z,電子決済,increment-run-003,workshop-participant,donation_events_003.csv,2026-09-01T00:03:20Z
EVT-FRS-009649,6009649,2005803,202029,3000897,12000,2026-08-30T05:35:04Z,クレジットカード,increment-run-003,workshop-participant,donation_events_003.csv,2026-09-01T00:03:20Z
EVT-FRS-014710,6014710,2004207,452025,3002265,10000,2026-08-30T05:37:17Z,コンビニ決済,increment-run-003,workshop-participant,donation_events_003.csv,2026-09-01T00:03:20Z
EVT-FRS-013044,6013044,2002490,012084,3001038,15000,2026-08-30T05:47:10Z,銀行振込,increment-run-003,workshop-participant,donation_events_003.csv,2026-09-01T00:03:20Z
EVT-FRS-002223,6002223,2005485,432059,3004971,12000,2026-08-30T05:53:24Z,電子決済,increment-run-003,workshop-participant,donation_events_003.csv,2026-09-01T00:03:20Z
EVT-FRS-010879,6010879,2002394,232068,3000577,20000,2026-08-30T05:55:37Z,電子決済,increment-run-003,workshop-participant,donation_events_003.csv,2026-09-01T00:03:20Z
EVT-FRS-006683,6006683,2006950,261009,3003755,100000,2026-08-30T05:57:21Z,銀行振込,increment-run-003,workshop-participant,donation_events_003.csv,2026-09-01T00:03:20Z
EVT-FRS-008325,6008325,2003061,141003,3001794,40000,2026-08-30T05:59:18Z,クレジットカード,increment-run-003,workshop-participant,donation_events_003.csv,2026-09-01T00:03:20Z
EVT-FRS-010720,6010720,2001585,222062,3003484,25000,2026-08-30T06:03:01Z,クレジットカード,increment-run-003,workshop-participant,donation_events_003.csv,2026-09-01T00:03:20Z
EVT-FRS-001351,6001351,2008410,272027,3003444,8000,2026-08-30T06:05:04Z,銀行振込,increment-run-003,workshop-participant,donation_events_003.csv,2026-09-01T00:03:20Z
EVT-FRS-003100,6003100,2004041,452025,3004334,10000,2026-08-30T06:10:32Z,電子決済,increment-run-003,workshop-participant,donation_events_003.csv,2026-09-01T00:03:20Z
EVT-FRS-007865,6007865,2007407,422096,3002215,25000,2026-08-30T06:10:46Z,クレジットカード,increment-run-003,workshop-participant,donation_events_003.csv,2026-09-01T00:03:20Z
EVT-FRS-005958,6005958,2010835,272116,3003142,15000,2026-08-30T06:11:06Z,クレジットカード,increment-run-003,workshop-participant,donation_events_003.csv,2026-09-01T00:03:20Z
EVT-FRS-002663,6002663,2000324,252069,3003411,10000,2026-08-30T06:16:48Z,クレジットカード,increment-run-003,workshop-participant,donation_events_003.csv,2026-09-01T00:03:20Z
EVT-FRS-011903,6011903,2000421,192082,3000162,15000,2026-08-30T06:19:03Z,クレジットカード,increment-run-003,workshop-participant,donation_events_003.csv,2026-09-01T00:03:20Z
EVT-FRS-000935,6000935,2004654,242047,3005342,12000,2026-08-30T06:21:41Z,電子決済,increment-run-003,workshop-participant,donation_events_003.csv,2026-09-01T00:03:20Z
EVT-FRS-012474,6012474,2006175,282081,3005387,10000,2026-08-30T06:24:34Z,電子決済,increment-run-003,workshop-participant,donation_events_003.csv,2026-09-01T00:03:20Z
EVT-FRS-004447,6004447,2002368,152234,3005205,8000,2026-08-30T06:26:55Z,クレジットカード,increment-run-003,workshop-participant,donation_events_003.csv,2026-09-01T00:03:20Z
EVT-FRS-002478,6002478,2010858,102067,3005651,10000,2026-08-30T06:27:58Z,クレジットカード,increment-run-003,workshop-participant,donation_events_003.csv,2026-09-01T00:03:20Z
EVT-FRS-013007,6013007,2002021,252140,3000227,15000,2026-08-30T06:29:13Z,クレジットカード,increment-run-003,workshop-participant,donation_events_003.csv,2026-09-01T00:03:20Z
EVT-FRS-012550,6012550,2001199,212211,3001106,15000,2026-08-30T06:30:32Z,クレジットカード,increment-run-003,workshop-participant,donation_events_003.csv,2026-09-01T00:03:20Z
EVT-FRS-008982,6008982,2009014,212130,3001404,5000,2026-08-30T06:31:56Z,クレジットカード,increment-run-003,workshop-participant,donation_events_003.csv,2026-09-01T00:03:20Z
EVT-FRS-010689,6010689,2008390,262111,3001539,10000,2026-08-30T06:38:50Z,クレジットカード,increment-run-003,workshop-participant,donation_events_003.csv,2026-09-01T00:03:20Z
EVT-FRS-012196,6012196,2006425,142042,3004174,20000,2026-08-30T06:44:22Z,クレジットカード,increment-run-003,workshop-participant,donation_events_003.csv,2026-09-01T00:03:20Z
EVT-FRS-011951,6011951,2008336,422142,3003460,15000,2026-08-30T06:47:13Z,クレジットカード,increment-run-003,workshop-participant,donation_events_003.csv,2026-09-01T00:03:20Z
EVT-FRS-008515,6008515,2010216,332101,3002134,20000,2026-08-30T06:52:11Z,クレジットカード,increment-run-003,workshop-participant,donation_events_003.csv,2026-09-01T00:03:20Z
EVT-FRS-001587,6001587,2000194,472123,3001223,5000,2026-08-30T06:55:44Z,クレジットカード,increment-run-003,workshop-participant,donation_events_003.csv,2026-09-01T00:03:20Z
EVT-FRS-011819,6011819,2009580,422126,3004327,20000,2026-08-30T06:56:20Z,クレジットカード,increment-run-003,workshop-participant,donation_events_003.csv,2026-09-01T00:03:20Z
EVT-FRS-001990,6001990,2001861,112356,3005583,10000,2026-08-30T06:56:36Z,クレジットカード,increment-run-003,workshop-participant,donation_events_003.csv,2026-09-01T00:03:20Z
EVT-FRS-007222,6007222,2000577,272302,3005525,20000,2026-08-30T06:57:51Z,銀行振込,increment-run-003,workshop-participant,donation_events_003.csv,2026-09-01T00:03:20Z
EVT-FRS-004102,6004102,2001281,332143,3002115,10000,2026-08-30T06:58:52Z,クレジットカード,increment-run-003,workshop-participant,donation_events_003.csv,2026-09-01T00:03:20Z
EVT-FRS-002479,6002479,2011281,032034,3005912,12000,2026-08-30T06:59:37Z,クレジットカード,increment-run-003,workshop-participant,donation_events_003.csv,2026-09-01T00:03:20Z
EVT-FRS-000955,6000955,2009795,222127,3003026,30000,2026-08-30T07:02:33Z,クレジットカード,increment-run-003,workshop-participant,donation_events_003.csv,2026-09-01T00:03:20Z
EVT-FRS-013303,6013303,2007084,412058,3000135,12000,2026-08-30T07:03:28Z,コンビニ決済,increment-run-003,workshop-participant,donation_events_003.csv,2026-09-01T00:03:20Z
EVT-FRS-004702,6004702,2008986,282294,3002963,25000,2026-08-30T07:03:35Z,クレジットカード,increment-run-003,workshop-participant,donation_events_003.csv,2026-09-01T00:03:20Z
EVT-FRS-013805,6013805,2008275,014818,3001979,20000,2026-08-30T07:09:24Z,電子決済,increment-run-003,workshop-participant,donation_events_003.csv,2026-09-01T00:03:20Z
EVT-FRS-007920,6007920,2007296,052159,3001578,20000,2026-08-30T07:18:46Z,電子決済,increment-run-003,workshop-participant,donation_events_003.csv,2026-09-01T00:03:20Z
EVT-FRS-009734,6009734,2011813,222160,3004778,20000,2026-08-30T07:23:56Z,クレジットカード,increment-run-003,workshop-participant,donation_events_003.csv,2026-09-01T00:03:20Z
EVT-FRS-010759,6010759,2000021,343099,3004590,30000,2026-08-30T07:24:22Z,電子決済,increment-run-003,workshop-participant,donation_events_003.csv,2026-09-01T00:03:20Z
EVT-FRS-014477,6014477,2004079,442038,3002423,30000,2026-08-30T07:29:24Z,電子決済,increment-run-003,workshop-participant,donation_events_003.csv,2026-09-01T00:03:20Z
EVT-FRS-008459,6008459,2000338,472140,3002791,10000,2026-08-30T07:29:36Z,電子決済,increment-run-003,workshop-participant,donation_events_003.csv,2026-09-01T00:03:20Z
EVT-FRS-005734,6005734,2005433,112071,3001439,15000,2026-08-30T07:30:17Z,クレジットカード,increment-run-003,workshop-participant,donation_events_003.csv,2026-09-01T00:03:20Z
EVT-FRS-003533,6003533,2003725,172057,3003903,20000,2026-08-30T07:36:47Z,銀行振込,increment-run-003,workshop-participant,donation_events_003.csv,2026-09-01T00:03:20Z
EVT-FRS-004336,6004336,2004757,342157,3005308,5000,2026-08-30T07:39:22Z,クレジットカード,increment-run-003,workshop-participant,donation_events_003.csv,2026-09-01T00:03:20Z
EVT-FRS-002626,6002626,2007934,192066,3001488,10000,2026-08-30T07:41:40Z,クレジットカード,increment-run-003,workshop-participant,donation_events_003.csv,2026-09-01T00:03:20Z
EVT-FRS-001179,6001179,2009014,394033,3005833,12000,2026-08-30T07:41:47Z,クレジットカード,increment-run-003,workshop-participant,donation_events_003.csv,2026-09-01T00:03:20Z
EVT-FRS-003766,6003766,2001241,124419,3002274,12000,2026-08-30T07:51:52Z,クレジットカード,increment-run-003,workshop-participant,donation_events_003.csv,2026-09-01T00:03:20Z
EVT-FRS-014360,6014360,2011024,203505,3001795,30000,2026-08-30T07:53:51Z,電子決済,increment-run-003,workshop-participant,donation_events_003.csv,2026-09-01T00:03:20Z
EVT-FRS-004290,6004290,2004270,402036,3005796,5000,2026-08-30T07:57:51Z,クレジットカード,increment-run-003,workshop-participant,donation_events_003.csv,2026-09-01T00:03:20Z
EVT-FRS-002776,6002776,2011047,152048,3004422,10000,2026-08-30T08:02:42Z,クレジットカード,increment-run-003,workshop-participant,donation_events_003.csv,2026-09-01T00:03:20Z
EVT-FRS-008968,6008968,2004173,212091,3000613,10000,2026-08-30T08:02:50Z,電子決済,increment-run-003,workshop-participant,donation_events_003.csv,2026-09-01T00:03:20Z
EVT-FRS-005243,6005243,2003671,052078,3002464,10000,2026-08-30T08:04:35Z,クレジットカード,increment-run-003,workshop-participant,donation_events_003.csv,2026-09-01T00:03:20Z
EVT-FRS-013558,6013558,2001811,452025,3004334,15000,2026-08-30T08:05:38Z,電子決済,increment-run-003,workshop-participant,donation_events_003.csv,2026-09-01T00:03:20Z
EVT-FRS-014591,6014591,2006598,382035,3003763,12000,2026-08-30T08:09:37Z,電子決済,increment-run-003,workshop-participant,donation_events_003.csv,2026-09-01T00:03:20Z
EVT-FRS-004198,6004198,2007232,304212,3005883,10000,2026-08-30T08:10:29Z,クレジットカード,increment-run-003,workshop-participant,donation_events_003.csv,2026-09-01T00:03:20Z
EVT-FRS-002753,6002753,2003208,341002,3002981,10000,2026-08-30T08:19:00Z,クレジットカード,increment-run-003,workshop-participant,donation_events_003.csv,2026-09-01T00:03:20Z
EVT-FRS-012190,6012190,2007532,122190,3004714,10000,2026-08-30T08:21:23Z,コンビニ決済,increment-run-003,workshop-participant,donation_events_003.csv,2026-09-01T00:03:20Z
EVT-FRS-008988,6008988,2000664,114421,3001422,10000,2026-08-30T08:22:37Z,電子決済,increment-run-003,workshop-participant,donation_events_003.csv,2026-09-01T00:03:20Z
EVT-FRS-007331,6007331,2010550,464686,3002859,10000,2026-08-30T08:23:59Z,クレジットカード,increment-run-003,workshop-participant,donation_events_003.csv,2026-09-01T00:03:20Z
EVT-FRS-001818,6001818,2000423,232076,3004155,20000,2026-08-30T08:25:50Z,電子決済,increment-run-003,workshop-participant,donation_events_003.csv,2026-09-01T00:03:20Z
EVT-FRS-004190,6004190,2002748,012114,3002888,8000,2026-08-30T08:26:08Z,銀行振込,increment-run-003,workshop-participant,donation_events_003.csv,2026-09-01T00:03:20Z
EVT-FRS-002996,6002996,2002683,042099,3003890,10000,2026-08-30T08:28:56Z,銀行振込,increment-run-003,workshop-participant,donation_events_003.csv,2026-09-01T00:03:20Z
EVT-FRS-000299,6000299,2007811,082155,3003616,15000,2026-08-30T08:34:04Z,クレジットカード,increment-run-003,workshop-participant,donation_events_003.csv,2026-09-01T00:03:20Z
EVT-FRS-001398,6001398,2004750,452025,3002265,15000,2026-08-30T08:34:47Z,クレジットカード,increment-run-003,workshop-participant,donation_events_003.csv,2026-09-01T00:03:20Z
EVT-FRS-002279,6002279,2004663,112151,3002952,20000,2026-08-30T08:40:45Z,クレジットカード,increment-run-003,workshop-participant,donation_events_003.csv,2026-09-01T00:03:20Z
EVT-FRS-001127,6001127,2009863,112241,3004001,10000,2026-08-30T08:41:25Z,銀行振込,increment-run-003,workshop-participant,donation_events_003.csv,2026-09-01T00:03:20Z
EVT-FRS-012102,6012102,2002730,122262,3004433,30000,2026-08-30T08:42:42Z,電子決済,increment-run-003,workshop-participant,donation_events_003.csv,2026-09-01T00:03:20Z
EVT-FRS-009717,6009717,2007024,016098,3003091,5000,2026-08-30T08:47:59Z,クレジットカード,increment-run-003,workshop-participant,donation_events_003.csv,2026-09-01T00:03:20Z
EVT-FRS-007999,6007999,2011414,092011,3005845,10000,2026-08-30T08:53:43Z,クレジットカード,increment-run-003,workshop-participant,donation_events_003.csv,2026-09-01T00:03:20Z
EVT-FRS-003365,6003365,2002748,222089,3003577,20000,2026-08-30T08:57:43Z,クレジットカード,increment-run-003,workshop-participant,donation_events_003.csv,2026-09-01T00:03:20Z
EVT-FRS-009169,6009169,2011689,112461,3002844,20000,2026-08-30T09:07:01Z,クレジットカード,increment-run-003,workshop-participant,donation_events_003.csv,2026-09-01T00:03:20Z
EVT-FRS-008223,6008223,2010772,012246,3000588,20000,2026-08-30T09:15:18Z,クレジットカード,increment-run-003,workshop-participant,donation_events_003.csv,2026-09-01T00:03:20Z
EVT-FRS-011175,6011175,2008979,472115,3005292,12000,2026-08-30T09:17:44Z,銀行振込,increment-run-003,workshop-participant,donation_events_003.csv,2026-09-01T00:03:20Z
EVT-FRS-014046,6014046,2003167,192074,3000771,25000,2026-08-30T09:30:05Z,クレジットカード,increment-run-003,workshop-participant,donation_events_003.csv,2026-09-01T00:03:20Z
EVT-FRS-011942,6011942,2005642,232149,3003066,20000,2026-08-30T09:32:12Z,クレジットカード,increment-run-003,workshop-participant,donation_events_003.csv,2026-09-01T00:03:20Z
EVT-FRS-008879,6008879,2006725,024431,3000466,20000,2026-08-30T09:35:33Z,クレジットカード,increment-run-003,workshop-participant,donation_events_003.csv,2026-09-01T00:03:20Z
EVT-FRS-013874,6013874,2009288,452025,3002730,25000,2026-08-30T09:36:44Z,クレジットカード,increment-run-003,workshop-participant,donation_events_003.csv,2026-09-01T00:03:20Z
EVT-FRS-001824,6001824,2002866,341002,3002197,10000,2026-08-30T09:39:54Z,クレジットカード,increment-run-003,workshop-participant,donation_events_003.csv,2026-09-01T00:03:20Z
EVT-FRS-004458,6004458,2002733,182109,3001183,8000,2026-08-30T09:47:13Z,電子決済,increment-run-003,workshop-participant,donation_events_003.csv,2026-09-01T00:03:20Z
EVT-FRS-004928,6004928,2007173,122131,3005400,8000,2026-08-30T09:48:31Z,銀行振込,increment-run-003,workshop-participant,donation_events_003.csv,2026-09-01T00:03:20Z
EVT-FRS-009547,6009547,2002289,252107,3005565,15000,2026-08-30T09:51:04Z,クレジットカード,increment-run-003,workshop-participant,donation_events_003.csv,2026-09-01T00:03:20Z
EVT-FRS-009660,6009660,2005080,452025,3004014,10000,2026-08-30T09:54:15Z,クレジットカード,increment-run-003,workshop-participant,donation_events_003.csv,2026-09-01T00:03:20Z
EVT-FRS-011303,6011303,2011675,261009,3003755,10000,2026-08-30T10:02:09Z,銀行振込,increment-run-003,workshop-participant,donation_events_003.csv,2026-09-01T00:03:20Z
EVT-FRS-014021,6014021,2011633,452025,3002268,15000,2026-08-30T10:05:19Z,電子決済,increment-run-003,workshop-participant,donation_events_003.csv,2026-09-01T00:03:20Z
EVT-FRS-004973,6004973,2008477,012246,3000588,10000,2026-08-30T10:07:39Z,クレジットカード,increment-run-003,workshop-participant,donation_events_003.csv,2026-09-01T00:03:20Z
EVT-FRS-009208,6009208,2002555,042129,3000866,10000,2026-08-30T10:09:28Z,電子決済,increment-run-003,workshop-participant,donation_events_003.csv,2026-09-01T00:03:20Z
EVT-FRS-003825,6003825,2010278,132039,3005556,30000,2026-08-30T10:13:18Z,クレジットカード,increment-run-003,workshop-participant,donation_events_003.csv,2026-09-01T00:03:20Z
EVT-FRS-009409,6009409,2003785,392031,3002504,40000,2026-08-30T10:15:59Z,クレジットカード,increment-run-003,workshop-participant,donation_events_003.csv,2026-09-01T00:03:20Z
EVT-FRS-013343,6013343,2004273,392111,3001783,12000,2026-08-30T10:16:34Z,クレジットカード,increment-run-003,workshop-participant,donation_events_003.csv,2026-09-01T00:03:20Z
EVT-FRS-000969,6000969,2001336,452025,3002268,20000,2026-08-30T10:17:03Z,クレジットカード,increment-run-003,workshop-participant,donation_events_003.csv,2026-09-01T00:03:20Z
EVT-FRS-004082,6004082,2011276,142042,3004488,15000,2026-08-30T10:18:19Z,クレジットカード,increment-run-003,workshop-participant,donation_events_003.csv,2026-09-01T00:03:20Z
EVT-FRS-008231,6008231,2006030,121002,3002290,20000,2026-08-30T10:22:49Z,クレジットカード,increment-run-003,workshop-participant,donation_events_003.csv,2026-09-01T00:03:20Z
EVT-FRS-003907,6003907,2009386,212172,3003089,15000,2026-08-30T10:24:51Z,電子決済,increment-run-003,workshop-participant,donation_events_003.csv,2026-09-01T00:03:20Z
EVT-FRS-003400,6003400,2008579,232114,3003464,12000,2026-08-30T10:26:52Z,クレジットカード,increment-run-003,workshop-participant,donation_events_003.csv,2026-09-01T00:03:20Z
EVT-FRS-002716,6002716,2007944,212083,3004324,10000,2026-08-30T10:29:40Z,クレジットカード,increment-run-003,workshop-participant,donation_events_003.csv,2026-09-01T00:03:20Z
EVT-FRS-006132,6006132,2001097,232025,3002204,25000,2026-08-30T10:30:15Z,クレジットカード,increment-run-003,workshop-participant,donation_events_003.csv,2026-09-01T00:03:20Z
EVT-FRS-003719,6003719,2005194,112275,3004454,5000,2026-08-30T10:30:44Z,電子決済,increment-run-003,workshop-participant,donation_events_003.csv,2026-09-01T00:03:20Z
EVT-FRS-006633,6006633,2007166,402273,3002775,10000,2026-08-30T10:34:03Z,クレジットカード,increment-run-003,workshop-participant,donation_events_003.csv,2026-09-01T00:03:20Z
EVT-FRS-003677,6003677,2011276,182087,3000467,15000,2026-08-30T10:38:06Z,電子決済,increment-run-003,workshop-participant,donation_events_003.csv,2026-09-01T00:03:20Z
EVT-FRS-009519,6009519,2007073,111007,3004877,10000,2026-08-30T10:39:00Z,クレジットカード,increment-run-003,workshop-participant,donation_events_003.csv,2026-09-01T00:03:20Z
EVT-FRS-008851,6008851,2004872,062120,3000130,10000,2026-08-30T10:39:41Z,クレジットカード,increment-run-003,workshop-participant,donation_events_003.csv,2026-09-01T00:03:20Z
EVT-FRS-010449,6010449,2001235,405442,3004531,12000,2026-08-30T10:44:40Z,クレジットカード,increment-run-003,workshop-participant,donation_events_003.csv,2026-09-01T00:03:20Z
EVT-FRS-006721,6006721,2006511,232335,3002428,10000,2026-08-30T10:47:45Z,銀行振込,increment-run-003,workshop-participant,donation_events_003.csv,2026-09-01T00:03:20Z
EVT-FRS-007734,6007734,2003612,062120,3002741,30000,2026-08-30T10:49:45Z,クレジットカード,increment-run-003,workshop-participant,donation_events_003.csv,2026-09-01T00:03:20Z
EVT-FRS-003936,6003936,2006145,282286,3000933,10000,2026-08-30T10:53:49Z,クレジットカード,increment-run-003,workshop-participant,donation_events_003.csv,2026-09-01T00:03:20Z
EVT-FRS-009644,6009644,2008076,032107,3005255,8000,2026-08-30T11:03:09Z,電子決済,increment-run-003,workshop-participant,donation_events_003.csv,2026-09-01T00:03:20Z
EVT-FRS-000322,6000322,2010662,343072,3002655,15000,2026-08-30T11:12:53Z,クレジットカード,increment-run-003,workshop-participant,donation_events_003.csv,2026-09-01T00:03:20Z
EVT-FRS-013926,6013926,2005694,024236,3005240,12000,2026-08-30T11:14:49Z,銀行振込,increment-run-003,workshop-participant,donation_events_003.csv,2026-09-01T00:03:20Z
EVT-FRS-000666,6000666,2002594,404471,3004407,15000,2026-08-30T11:16:32Z,クレジットカード,increment-run-003,workshop-participant,donation_events_003.csv,2026-09-01T00:03:20Z
EVT-FRS-004207,6004207,2006589,112305,3005512,8000,2026-08-30T11:17:07Z,電子決済,increment-run-003,workshop-participant,donation_events_003.csv,2026-09-01T00:03:20Z
EVT-FRS-005658,6005658,2009935,252140,3003192,10000,2026-08-30T11:17:25Z,クレジットカード,increment-run-003,workshop-participant,donation_events_003.csv,2026-09-01T00:03:20Z
EVT-FRS-011493,6011493,2006440,261009,3000615,20000,2026-08-30T11:20:18Z,銀行振込,increment-run-003,workshop-participant,donation_events_003.csv,2026-09-01T00:03:20Z
EVT-FRS-013983,6013983,2004093,182010,3001372,15000,2026-08-30T11:31:28Z,電子決済,increment-run-003,workshop-participant,donation_events_003.csv,2026-09-01T00:03:20Z
EVT-FRS-005836,6005836,2005469,232017,3004604,15000,2026-08-30T11:32:39Z,クレジットカード,increment-run-003,workshop-participant,donation_events_003.csv,2026-09-01T00:03:20Z
EVT-FRS-010584,6010584,2008187,192023,3004977,50000,2026-08-30T11:43:23Z,クレジットカード,increment-run-003,workshop-participant,donation_events_003.csv,2026-09-01T00:03:20Z
EVT-FRS-012910,6012910,2003819,462144,3000929,20000,2026-08-30T11:45:15Z,銀行振込,increment-run-003,workshop-participant,donation_events_003.csv,2026-09-01T00:03:20Z
EVT-FRS-005518,6005518,2003309,462144,3003108,20000,2026-08-30T11:52:54Z,クレジットカード,increment-run-003,workshop-participant,donation_events_003.csv,2026-09-01T00:03:20Z
EVT-FRS-005582,6005582,2008971,262013,3002409,15000,2026-08-30T11:55:20Z,コンビニ決済,increment-run-003,workshop-participant,donation_events_003.csv,2026-09-01T00:03:20Z
EVT-FRS-006666,6006666,2007163,462217,3004556,30000,2026-08-30T11:56:21Z,クレジットカード,increment-run-003,workshop-participant,donation_events_003.csv,2026-09-01T00:03:20Z
EVT-FRS-013684,6013684,2009030,102113,3003773,10000,2026-08-30T11:57:48Z,銀行振込,increment-run-003,workshop-participant,donation_events_003.csv,2026-09-01T00:03:20Z
EVT-FRS-013462,6013462,2009470,252018,3002744,12000,2026-08-30T12:02:09Z,クレジットカード,increment-run-003,workshop-participant,donation_events_003.csv,2026-09-01T00:03:20Z
EVT-FRS-011249,6011249,2010679,172057,3005364,10000,2026-08-30T12:02:51Z,銀行振込,increment-run-003,workshop-participant,donation_events_003.csv,2026-09-01T00:03:20Z
EVT-FRS-002252,6002252,2011284,112399,3000578,20000,2026-08-30T12:04:24Z,クレジットカード,increment-run-003,workshop-participant,donation_events_003.csv,2026-09-01T00:03:20Z
EVT-FRS-003109,6003109,2000737,304042,3000589,5000,2026-08-30T12:06:50Z,電子決済,increment-run-003,workshop-participant,donation_events_003.csv,2026-09-01T00:03:20Z
EVT-FRS-001658,6001658,2005295,452025,3002268,40000,2026-08-30T12:07:32Z,クレジットカード,increment-run-003,workshop-participant,donation_events_003.csv,2026-09-01T00:03:20Z
EVT-FRS-012377,6012377,2011934,462080,3004455,10000,2026-08-30T12:08:20Z,コンビニ決済,increment-run-003,workshop-participant,donation_events_003.csv,2026-09-01T00:03:20Z
EVT-FRS-000490,6000490,2005988,252018,3001600,15000,2026-08-30T12:09:00Z,銀行振込,increment-run-003,workshop-participant,donation_events_003.csv,2026-09-01T00:03:20Z
EVT-FRS-002452,6002452,2005359,262129,3004562,20000,2026-08-30T12:09:57Z,コンビニ決済,increment-run-003,workshop-participant,donation_events_003.csv,2026-09-01T00:03:20Z
EVT-FRS-001371,6001371,2001906,422096,3005809,12000,2026-08-30T12:10:00Z,クレジットカード,increment-run-003,workshop-participant,donation_events_003.csv,2026-09-01T00:03:20Z
EVT-FRS-012944,6012944,2010958,092096,3004732,15000,2026-08-30T12:12:31Z,クレジットカード,increment-run-003,workshop-participant,donation_events_003.csv,2026-09-01T00:03:20Z
EVT-FRS-001049,6001049,2007916,122254,3000153,10000,2026-08-30T12:15:03Z,電子決済,increment-run-003,workshop-participant,donation_events_003.csv,2026-09-01T00:03:20Z
EVT-FRS-013263,6013263,2010257,082023,3000429,15000,2026-08-30T12:16:53Z,クレジットカード,increment-run-003,workshop-participant,donation_events_003.csv,2026-09-01T00:03:20Z
EVT-FRS-010300,6010300,2008065,142042,3004174,50000,2026-08-30T12:23:27Z,クレジットカード,increment-run-003,workshop-participant,donation_events_003.csv,2026-09-01T00:03:20Z
EVT-FRS-008970,6008970,2005641,202096,3001348,10000,2026-08-30T12:27:45Z,クレジットカード,increment-run-003,workshop-participant,donation_events_003.csv,2026-09-01T00:03:20Z
EVT-FRS-009876,6009876,2001850,422134,3000962,10000,2026-08-30T12:31:59Z,クレジットカード,increment-run-003,workshop-participant,donation_events_003.csv,2026-09-01T00:03:20Z
EVT-FRS-006346,6006346,2008667,182052,3000208,15000,2026-08-30T12:36:27Z,クレジットカード,increment-run-003,workshop-participant,donation_events_003.csv,2026-09-01T00:03:20Z
EVT-FRS-008620,6008620,2010566,052035,3003562,10000,2026-08-30T12:37:53Z,電子決済,increment-run-003,workshop-participant,donation_events_003.csv,2026-09-01T00:03:20Z
EVT-FRS-008507,6008507,2001487,452025,3004334,15000,2026-08-30T12:41:40Z,クレジットカード,increment-run-003,workshop-participant,donation_events_003.csv,2026-09-01T00:03:20Z
EVT-FRS-007901,6007901,2005657,232157,3003410,15000,2026-08-30T12:44:16Z,クレジットカード,increment-run-003,workshop-participant,donation_events_003.csv,2026-09-01T00:03:20Z
EVT-FRS-005638,6005638,2003952,462101,3002426,15000,2026-08-30T12:58:01Z,クレジットカード,increment-run-003,workshop-participant,donation_events_003.csv,2026-09-01T00:03:20Z
EVT-FRS-010151,6010151,2010552,282049,3004141,5000,2026-08-30T12:59:41Z,銀行振込,increment-run-003,workshop-participant,donation_events_003.csv,2026-09-01T00:03:20Z
EVT-FRS-011535,6011535,2009728,435112,3002199,5000,2026-08-30T13:05:50Z,クレジットカード,increment-run-003,workshop-participant,donation_events_003.csv,2026-09-01T00:03:20Z
EVT-FRS-002325,6002325,2003442,016942,3002531,15000,2026-08-30T13:06:24Z,クレジットカード,increment-run-003,workshop-participant,donation_events_003.csv,2026-09-01T00:03:20Z
EVT-FRS-003440,6003440,2010493,052078,3003981,10000,2026-08-30T13:09:37Z,クレジットカード,increment-run-003,workshop-participant,donation_events_003.csv,2026-09-01T00:03:20Z
EVT-FRS-004976,6004976,2009800,282189,3001458,25000,2026-08-30T13:09:44Z,電子決済,increment-run-003,workshop-participant,donation_events_003.csv,2026-09-01T00:03:20Z
EVT-FRS-013536,6013536,2005044,431001,3002599,30000,2026-08-30T13:39:38Z,クレジットカード,increment-run-003,workshop-participant,donation_events_003.csv,2026-09-01T00:03:20Z
EVT-FRS-000161,6000161,2000042,272027,3003317,12000,2026-08-30T13:41:02Z,クレジットカード,increment-run-003,workshop-participant,donation_events_003.csv,2026-09-01T00:03:20Z
EVT-FRS-006996,6006996,2011030,082341,3004765,20000,2026-08-30T13:46:58Z,電子決済,increment-run-003,workshop-participant,donation_events_003.csv,2026-09-01T00:03:20Z
EVT-FRS-010420,6010420,2000266,122025,3001734,30000,2026-08-30T13:53:22Z,クレジットカード,increment-run-003,workshop-participant,donation_events_003.csv,2026-09-01T00:03:20Z
EVT-FRS-009369,6009369,2008294,203505,3004838,20000,2026-08-30T13:54:35Z,コンビニ決済,increment-run-003,workshop-participant,donation_events_003.csv,2026-09-01T00:03:20Z
EVT-FRS-006872,6006872,2002302,272329,3003678,10000,2026-08-30T13:56:41Z,電子決済,increment-run-003,workshop-participant,donation_events_003.csv,2026-09-01T00:03:20Z
EVT-FRS-001415,6001415,2007147,462233,3000126,20000,2026-08-30T13:57:18Z,クレジットカード,increment-run-003,workshop-participant,donation_events_003.csv,2026-09-01T00:03:20Z
EVT-FRS-003224,6003224,2004956,152251,3005094,10000,2026-08-30T13:58:47Z,電子決済,increment-run-003,workshop-participant,donation_events_003.csv,2026-09-01T00:03:20Z
EVT-FRS-014185,6014185,2008200,222127,3003026,15000,2026-08-30T13:58:47Z,銀行振込,increment-run-003,workshop-participant,donation_events_003.csv,2026-09-01T00:03:20Z
EVT-FRS-001494,6001494,2000712,292125,3003219,5000,2026-08-30T13:59:30Z,コンビニ決済,increment-run-003,workshop-participant,donation_events_003.csv,2026-09-01T00:03:20Z
EVT-FRS-002263,6002263,2003814,431001,3003941,8000,2026-08-30T14:03:10Z,クレジットカード,increment-run-003,workshop-participant,donation_events_003.csv,2026-09-01T00:03:20Z
EVT-FRS-012064,6012064,2011576,292044,3000591,30000,2026-08-30T14:04:12Z,クレジットカード,increment-run-003,workshop-participant,donation_events_003.csv,2026-09-01T00:03:20Z
EVT-FRS-009015,6009015,2009518,012131,3001380,10000,2026-08-30T14:07:57Z,銀行振込,increment-run-003,workshop-participant,donation_events_003.csv,2026-09-01T00:03:20Z
EVT-FRS-012074,6012074,2000079,402079,3002822,10000,2026-08-30T14:11:10Z,銀行振込,increment-run-003,workshop-participant,donation_events_003.csv,2026-09-01T00:03:20Z
EVT-FRS-007265,6007265,2008807,182095,3003814,10000,2026-08-30T14:14:30Z,クレジットカード,increment-run-003,workshop-participant,donation_events_003.csv,2026-09-01T00:03:20Z
EVT-FRS-011776,6011776,2003116,422100,3002248,10000,2026-08-30T14:15:34Z,クレジットカード,increment-run-003,workshop-participant,donation_events_003.csv,2026-09-01T00:03:20Z
EVT-FRS-012957,6012957,2006416,282189,3001458,8000,2026-08-30T14:15:42Z,クレジットカード,increment-run-003,workshop-participant,donation_events_003.csv,2026-09-01T00:03:20Z
EVT-FRS-005948,6005948,2009779,024121,3001628,10000,2026-08-30T14:17:02Z,クレジットカード,increment-run-003,workshop-participant,donation_events_003.csv,2026-09-01T00:03:20Z
EVT-FRS-000589,6000589,2001130,112062,3003107,20000,2026-08-30T14:18:27Z,クレジットカード,increment-run-003,workshop-participant,donation_events_003.csv,2026-09-01T00:03:20Z
EVT-FRS-013397,6013397,2001238,452076,3005465,10000,2026-08-30T14:18:45Z,クレジットカード,increment-run-003,workshop-participant,donation_events_003.csv,2026-09-01T00:03:20Z
EVT-FRS-014283,6014283,2011819,124265,3005351,15000,2026-08-30T14:18:53Z,コンビニ決済,increment-run-003,workshop-participant,donation_events_003.csv,2026-09-01T00:03:20Z
EVT-FRS-006215,6006215,2003110,465305,3001084,25000,2026-08-30T14:20:30Z,クレジットカード,increment-run-003,workshop-participant,donation_events_003.csv,2026-09-01T00:03:20Z
EVT-FRS-012718,6012718,2011583,112399,3002895,12000,2026-08-30T14:20:38Z,銀行振込,increment-run-003,workshop-participant,donation_events_003.csv,2026-09-01T00:03:20Z
EVT-FRS-013237,6013237,2001556,294471,3004340,30000,2026-08-30T14:21:25Z,クレジットカード,increment-run-003,workshop-participant,donation_events_003.csv,2026-09-01T00:03:20Z
EVT-FRS-013244,6013244,2005223,352039,3001519,10000,2026-08-30T14:21:31Z,クレジットカード,increment-run-003,workshop-participant,donation_events_003.csv,2026-09-01T00:03:20Z
EVT-FRS-012314,6012314,2001827,042099,3005396,10000,2026-08-30T14:22:17Z,電子決済,increment-run-003,workshop-participant,donation_events_003.csv,2026-09-01T00:03:20Z
EVT-FRS-013141,6013141,2008236,075647,3002752,10000,2026-08-30T14:22:52Z,電子決済,increment-run-003,workshop-participant,donation_events_003.csv,2026-09-01T00:03:20Z
EVT-FRS-003700,6003700,2004755,242101,3005425,50000,2026-08-30T14:23:27Z,電子決済,increment-run-003,workshop-participant,donation_events_003.csv,2026-09-01T00:03:20Z
EVT-FRS-005023,6005023,2008532,112348,3001747,10000,2026-08-30T14:25:55Z,銀行振込,increment-run-003,workshop-participant,donation_events_003.csv,2026-09-01T00:03:20Z
EVT-FRS-009460,6009460,2000800,103837,3003051,10000,2026-08-30T14:31:18Z,銀行振込,increment-run-003,workshop-participant,donation_events_003.csv,2026-09-01T00:03:20Z
EVT-FRS-006415,6006415,2009540,122190,3005157,10000,2026-08-30T14:33:22Z,クレジットカード,increment-run-003,workshop-participant,donation_events_003.csv,2026-09-01T00:03:20Z
EVT-FRS-011870,6011870,2008503,042072,3002128,20000,2026-08-30T14:37:55Z,クレジットカード,increment-run-003,workshop-participant,donation_events_003.csv,2026-09-01T00:03:20Z
EVT-FRS-001457,6001457,2010697,182095,3005262,20000,2026-08-30T14:39:08Z,電子決済,increment-run-003,workshop-participant,donation_events_003.csv,2026-09-01T00:03:20Z
EVT-FRS-002781,6002781,2001866,102059,3001521,12000,2026-08-30T14:42:30Z,クレジットカード,increment-run-003,workshop-participant,donation_events_003.csv,2026-09-01T00:03:20Z
EVT-FRS-010675,6010675,2004190,073628,3005244,8000,2026-08-30T14:46:10Z,銀行振込,increment-run-003,workshop-participant,donation_events_003.csv,2026-09-01T00:03:20Z
EVT-FRS-009843,6009843,2010186,462101,3002426,15000,2026-08-30T14:59:35Z,クレジットカード,increment-run-003,workshop-participant,donation_events_003.csv,2026-09-01T00:03:20Z
EVT-FRS-001185,6001185,2007937,272086,3005869,10000,2026-08-30T15:03:13Z,クレジットカード,increment-run-003,workshop-participant,donation_events_003.csv,2026-09-01T00:03:20Z
EVT-FRS-012119,6012119,2003273,212032,3004789,25000,2026-08-30T15:03:25Z,クレジットカード,increment-run-003,workshop-participant,donation_events_003.csv,2026-09-01T00:03:20Z
EVT-FRS-000187,6000187,2008009,192074,3004282,20000,2026-08-30T15:05:35Z,クレジットカード,increment-run-003,workshop-participant,donation_events_003.csv,2026-09-01T00:03:20Z
EVT-FRS-006611,6006611,2003692,192074,3005236,15000,2026-08-30T15:06:35Z,クレジットカード,increment-run-003,workshop-participant,donation_events_003.csv,2026-09-01T00:03:20Z
EVT-FRS-004189,6004189,2001076,452025,3002265,15000,2026-08-30T15:06:57Z,銀行振込,increment-run-003,workshop-participant,donation_events_003.csv,2026-09-01T00:03:20Z
EVT-FRS-006083,6006083,2010499,132110,3004621,15000,2026-08-30T15:08:21Z,銀行振込,increment-run-003,workshop-participant,donation_events_003.csv,2026-09-01T00:03:20Z
EVT-FRS-011792,6011792,2007291,044245,3004533,20000,2026-08-30T15:11:21Z,クレジットカード,increment-run-003,workshop-participant,donation_events_003.csv,2026-09-01T00:03:20Z
EVT-FRS-000156,6000156,2005704,132152,3004579,15000,2026-08-30T15:12:36Z,クレジットカード,increment-run-003,workshop-participant,donation_events_003.csv,2026-09-01T00:03:20Z
EVT-FRS-008050,6008050,2010931,272302,3000214,40000,2026-08-30T15:12:58Z,クレジットカード,increment-run-003,workshop-participant,donation_events_003.csv,2026-09-01T00:03:20Z
EVT-FRS-002990,6002990,2000220,462209,3003401,10000,2026-08-30T15:21:06Z,クレジットカード,increment-run-003,workshop-participant,donation_events_003.csv,2026-09-01T00:03:20Z
EVT-FRS-009636,6009636,2010415,132101,3005249,10000,2026-08-30T15:23:27Z,電子決済,increment-run-003,workshop-participant,donation_events_003.csv,2026-09-01T00:03:20Z
EVT-FRS-000358,6000358,2000160,111007,3003518,12000,2026-08-30T15:23:39Z,電子決済,increment-run-003,workshop-participant,donation_events_003.csv,2026-09-01T00:03:20Z
EVT-FRS-005913,6005913,2010083,052035,3004305,8000,2026-08-30T15:25:24Z,クレジットカード,increment-run-003,workshop-participant,donation_events_003.csv,2026-09-01T00:03:20Z
EVT-FRS-004605,6004605,2011050,282201,3004756,20000,2026-08-30T15:32:19Z,コンビニ決済,increment-run-003,workshop-participant,donation_events_003.csv,2026-09-01T00:03:20Z
EVT-FRS-011147,6011147,2007593,112399,3000578,20000,2026-08-30T15:33:15Z,クレジットカード,increment-run-003,workshop-participant,donation_events_003.csv,2026-09-01T00:03:20Z
EVT-FRS-006094,6006094,2006817,242152,3003613,10000,2026-08-30T15:33:56Z,クレジットカード,increment-run-003,workshop-participant,donation_events_003.csv,2026-09-01T00:03:20Z
EVT-FRS-013340,6013340,2010130,232254,3005030,12000,2026-08-30T15:36:37Z,電子決済,increment-run-003,workshop-participant,donation_events_003.csv,2026-09-01T00:03:20Z
EVT-FRS-010501,6010501,2003373,052043,3000433,10000,2026-08-30T15:40:39Z,電子決済,increment-run-003,workshop-participant,donation_events_003.csv,2026-09-01T00:03:20Z
EVT-FRS-004819,6004819,2007044,332097,3003430,10000,2026-08-30T15:41:43Z,クレジットカード,increment-run-003,workshop-participant,donation_events_003.csv,2026-09-01T00:03:20Z
EVT-FRS-004771,6004771,2005921,122351,3002051,30000,2026-08-30T15:45:12Z,クレジットカード,increment-run-003,workshop-participant,donation_events_003.csv,2026-09-01T00:03:20Z
EVT-FRS-013686,6013686,2002875,034851,3000237,10000,2026-08-30T15:49:33Z,クレジットカード,increment-run-003,workshop-participant,donation_events_003.csv,2026-09-01T00:03:20Z
EVT-FRS-000224,6000224,2004778,271004,3001569,12000,2026-08-30T15:50:18Z,クレジットカード,increment-run-003,workshop-participant,donation_events_003.csv,2026-09-01T00:03:20Z
EVT-FRS-007125,6007125,2008655,322075,3003078,20000,2026-08-30T15:51:08Z,クレジットカード,increment-run-003,workshop-participant,donation_events_003.csv,2026-09-01T00:03:20Z
EVT-FRS-006722,6006722,2003485,202070,3000976,10000,2026-08-30T15:52:55Z,銀行振込,increment-run-003,workshop-participant,donation_events_003.csv,2026-09-01T00:03:20Z
EVT-FRS-005616,6005616,2010230,402257,3003638,30000,2026-08-30T15:56:37Z,クレジットカード,increment-run-003,workshop-participant,donation_events_003.csv,2026-09-01T00:03:20Z
EVT-FRS-008878,6008878,2010420,212016,3001573,25000,2026-08-30T16:02:08Z,クレジットカード,increment-run-003,workshop-participant,donation_events_003.csv,2026-09-01T00:03:20Z
EVT-FRS-014747,6014747,2010520,372013,3005422,40000,2026-08-30T16:03:33Z,クレジットカード,increment-run-003,workshop-participant,donation_events_003.csv,2026-09-01T00:03:20Z
EVT-FRS-001840,6001840,2004264,473588,3005918,20000,2026-08-30T16:05:11Z,電子決済,increment-run-003,workshop-participant,donation_events_003.csv,2026-09-01T00:03:20Z
EVT-FRS-010343,6010343,2004921,343692,3005006,20000,2026-08-30T16:05:28Z,コンビニ決済,increment-run-003,workshop-participant,donation_events_003.csv,2026-09-01T00:03:20Z
EVT-FRS-000006,6000006,2009461,102041,3004624,30000,2026-08-30T16:05:58Z,クレジットカード,increment-run-003,workshop-participant,donation_events_003.csv,2026-09-01T00:03:20Z
EVT-FRS-005620,6005620,2003278,232386,3002592,40000,2026-08-30T16:09:48Z,コンビニ決済,increment-run-003,workshop-participant,donation_events_003.csv,2026-09-01T00:03:20Z
EVT-FRS-002857,6002857,2011899,472140,3001328,15000,2026-08-30T16:12:29Z,銀行振込,increment-run-003,workshop-participant,donation_events_003.csv,2026-09-01T00:03:20Z
EVT-FRS-006507,6006507,2000724,012122,3001803,15000,2026-08-30T16:14:28Z,クレジットカード,increment-run-003,workshop-participant,donation_events_003.csv,2026-09-01T00:03:20Z
EVT-FRS-004674,6004674,2004841,202177,3005680,10000,2026-08-30T16:14:36Z,クレジットカード,increment-run-003,workshop-participant,donation_events_003.csv,2026-09-01T00:03:20Z
EVT-FRS-011321,6011321,2000905,233625,3001382,20000,2026-08-30T16:22:43Z,クレジットカード,increment-run-003,workshop-participant,donation_events_003.csv,2026-09-01T00:03:20Z
EVT-FRS-004422,6004422,2002239,282251,3002491,10000,2026-08-30T16:24:04Z,電子決済,increment-run-003,workshop-participant,donation_events_003.csv,2026-09-01T00:03:20Z
EVT-FRS-001955,6001955,2006183,304018,3000418,10000,2026-08-30T16:26:28Z,クレジットカード,increment-run-003,workshop-participant,donation_events_003.csv,2026-09-01T00:03:20Z
EVT-FRS-002277,6002277,2011626,192139,3000924,8000,2026-08-30T16:36:31Z,コンビニ決済,increment-run-003,workshop-participant,donation_events_003.csv,2026-09-01T00:03:20Z
EVT-FRS-005419,6005419,2001379,082074,3000530,5000,2026-08-30T16:39:18Z,クレジットカード,increment-run-003,workshop-participant,donation_events_003.csv,2026-09-01T00:03:20Z
EVT-FRS-006741,6006741,2010440,142166,3005251,20000,2026-08-30T16:44:57Z,電子決済,increment-run-003,workshop-participant,donation_events_003.csv,2026-09-01T00:03:20Z
EVT-FRS-010702,6010702,2001029,232289,3003221,12000,2026-08-30T16:57:17Z,クレジットカード,increment-run-003,workshop-participant,donation_events_003.csv,2026-09-01T00:03:20Z
EVT-FRS-011085,6011085,2004695,102091,3005625,12000,2026-08-30T16:59:18Z,クレジットカード,increment-run-003,workshop-participant,donation_events_003.csv,2026-09-01T00:03:20Z
EVT-FRS-014737,6014737,2010093,173614,3001314,10000,2026-08-30T17:00:51Z,電子決済,increment-run-003,workshop-participant,donation_events_003.csv,2026-09-01T00:03:20Z
EVT-FRS-001706,6001706,2011968,464686,3003694,20000,2026-08-30T17:03:03Z,クレジットカード,increment-run-003,workshop-participant,donation_events_003.csv,2026-09-01T00:03:20Z
EVT-FRS-009825,6009825,2010345,112020,3004330,40000,2026-08-30T17:06:33Z,クレジットカード,increment-run-003,workshop-participant,donation_events_003.csv,2026-09-01T00:03:20Z
EVT-FRS-011955,6011955,2007744,182010,3001194,12000,2026-08-30T17:12:08Z,銀行振込,increment-run-003,workshop-participant,donation_events_003.csv,2026-09-01T00:03:20Z
EVT-FRS-002735,6002735,2008638,042030,3000019,10000,2026-08-30T17:14:38Z,クレジットカード,increment-run-003,workshop-participant,donation_events_003.csv,2026-09-01T00:03:20Z
EVT-FRS-014677,6014677,2001558,132144,3005755,20000,2026-08-30T17:18:02Z,銀行振込,increment-run-003,workshop-participant,donation_events_003.csv,2026-09-01T00:03:20Z
EVT-FRS-008234,6008234,2003585,012092,3004391,15000,2026-08-30T17:18:29Z,電子決済,increment-run-003,workshop-participant,donation_events_003.csv,2026-09-01T00:03:20Z
EVT-FRS-002668,6002668,2009679,232033,3004969,5000,2026-08-30T17:19:05Z,電子決済,increment-run-003,workshop-participant,donation_events_003.csv,2026-09-01T00:03:20Z
EVT-FRS-007893,6007893,2008080,012289,3000624,12000,2026-08-30T17:27:14Z,電子決済,increment-run-003,workshop-participant,donation_events_003.csv,2026-09-01T00:03:20Z
EVT-FRS-002151,6002151,2011042,112381,3005470,10000,2026-08-30T17:27:51Z,クレジットカード,increment-run-003,workshop-participant,donation_events_003.csv,2026-09-01T00:03:20Z
EVT-FRS-003263,6003263,2008993,352080,3004809,15000,2026-08-30T17:28:15Z,銀行振込,increment-run-003,workshop-participant,donation_events_003.csv,2026-09-01T00:03:20Z
EVT-FRS-003007,6003007,2005032,232211,3001937,12000,2026-08-30T17:30:15Z,銀行振込,increment-run-003,workshop-participant,donation_events_003.csv,2026-09-01T00:03:20Z
EVT-FRS-003485,6003485,2010719,152111,3002907,15000,2026-08-30T17:32:36Z,クレジットカード,increment-run-003,workshop-participant,donation_events_003.csv,2026-09-01T00:03:20Z
EVT-FRS-012450,6012450,2008749,032093,3004659,10000,2026-08-30T17:37:29Z,電子決済,increment-run-003,workshop-participant,donation_events_003.csv,2026-09-01T00:03:20Z
EVT-FRS-006080,6006080,2004270,234451,3000916,10000,2026-08-30T17:41:13Z,電子決済,increment-run-003,workshop-participant,donation_events_003.csv,2026-09-01T00:03:20Z
EVT-FRS-002584,6002584,2011660,122190,3001473,5000,2026-08-30T17:43:03Z,クレジットカード,increment-run-003,workshop-participant,donation_events_003.csv,2026-09-01T00:03:20Z
EVT-FRS-002284,6002284,2011852,312011,3001340,10000,2026-08-30T17:43:49Z,クレジットカード,increment-run-003,workshop-participant,donation_events_003.csv,2026-09-01T00:03:20Z
EVT-FRS-009947,6009947,2007245,153613,3003491,12000,2026-08-30T17:44:25Z,クレジットカード,increment-run-003,workshop-participant,donation_events_003.csv,2026-09-01T00:03:20Z
EVT-FRS-000885,6000885,2011632,122131,3004844,8000,2026-08-30T17:44:35Z,電子決済,increment-run-003,workshop-participant,donation_events_003.csv,2026-09-01T00:03:20Z
EVT-FRS-002293,6002293,2010838,042081,3004201,30000,2026-08-30T17:53:02Z,クレジットカード,increment-run-003,workshop-participant,donation_events_003.csv,2026-09-01T00:03:20Z
EVT-FRS-003211,6003211,2007963,112194,3001112,15000,2026-08-30T17:53:19Z,電子決済,increment-run-003,workshop-participant,donation_events_003.csv,2026-09-01T00:03:20Z
EVT-FRS-000596,6000596,2003275,112305,3004215,12000,2026-08-30T17:56:41Z,クレジットカード,increment-run-003,workshop-participant,donation_events_003.csv,2026-09-01T00:03:20Z
EVT-FRS-006439,6006439,2002921,092134,3004933,20000,2026-08-30T18:03:09Z,クレジットカード,increment-run-003,workshop-participant,donation_events_003.csv,2026-09-01T00:03:20Z
EVT-FRS-010242,6010242,2008156,312037,3000846,20000,2026-08-30T18:07:06Z,コンビニ決済,increment-run-003,workshop-participant,donation_events_003.csv,2026-09-01T00:03:20Z
EVT-FRS-010217,6010217,2004224,465356,3001587,20000,2026-08-30T18:07:16Z,電子決済,increment-run-003,workshop-participant,donation_events_003.csv,2026-09-01T00:03:20Z
EVT-FRS-000846,6000846,2003518,373222,3002754,30000,2026-08-30T18:11:10Z,電子決済,increment-run-003,workshop-participant,donation_events_003.csv,2026-09-01T00:03:20Z
EVT-FRS-000858,6000858,2010062,472123,3001104,60000,2026-08-30T18:15:20Z,クレジットカード,increment-run-003,workshop-participant,donation_events_003.csv,2026-09-01T00:03:20Z
EVT-FRS-005726,6005726,2009008,282189,3001898,12000,2026-08-30T18:25:54Z,銀行振込,increment-run-003,workshop-participant,donation_events_003.csv,2026-09-01T00:03:20Z
EVT-FRS-003587,6003587,2001370,282260,3005097,15000,2026-08-30T18:26:35Z,クレジットカード,increment-run-003,workshop-participant,donation_events_003.csv,2026-09-01T00:03:20Z
EVT-FRS-011039,6011039,2001064,112461,3001185,40000,2026-08-30T18:30:14Z,クレジットカード,increment-run-003,workshop-participant,donation_events_003.csv,2026-09-01T00:03:20Z
EVT-FRS-010211,6010211,2000283,452025,3005848,25000,2026-08-30T18:31:31Z,コンビニ決済,increment-run-003,workshop-participant,donation_events_003.csv,2026-09-01T00:03:20Z
EVT-FRS-006175,6006175,2005019,222089,3003489,200000,2026-08-30T18:32:53Z,クレジットカード,increment-run-003,workshop-participant,donation_events_003.csv,2026-09-01T00:03:20Z
EVT-FRS-011044,6011044,2007671,222208,3004192,10000,2026-08-30T18:47:48Z,クレジットカード,increment-run-003,workshop-participant,donation_events_003.csv,2026-09-01T00:03:20Z
EVT-FRS-004061,6004061,2007189,022071,3005607,10000,2026-08-30T18:50:44Z,クレジットカード,increment-run-003,workshop-participant,donation_events_003.csv,2026-09-01T00:03:20Z
EVT-FRS-005516,6005516,2008974,312037,3000601,10000,2026-08-30T18:51:18Z,クレジットカード,increment-run-003,workshop-participant,donation_events_003.csv,2026-09-01T00:03:20Z
EVT-FRS-003461,6003461,2005974,442143,3005644,20000,2026-08-30T18:53:16Z,コンビニ決済,increment-run-003,workshop-participant,donation_events_003.csv,2026-09-01T00:03:20Z
EVT-FRS-002224,6002224,2006557,232050,3005485,12000,2026-08-30T18:57:00Z,クレジットカード,increment-run-003,workshop-participant,donation_events_003.csv,2026-09-01T00:03:20Z
EVT-FRS-014215,6014215,2000004,082325,3003242,10000,2026-08-30T18:57:41Z,銀行振込,increment-run-003,workshop-participant,donation_events_003.csv,2026-09-01T00:03:20Z
EVT-FRS-010250,6010250,2005617,023621,3003810,10000,2026-08-30T18:57:47Z,電子決済,increment-run-003,workshop-participant,donation_events_003.csv,2026-09-01T00:03:20Z
EVT-FRS-002447,6002447,2005695,282090,3004173,10000,2026-08-30T19:00:39Z,クレジットカード,increment-run-003,workshop-participant,donation_events_003.csv,2026-09-01T00:03:20Z
EVT-FRS-006508,6006508,2011633,272167,3003247,30000,2026-08-30T19:01:25Z,クレジットカード,increment-run-003,workshop-participant,donation_events_003.csv,2026-09-01T00:03:20Z
EVT-FRS-005163,6005163,2003329,402257,3002072,10000,2026-08-30T19:02:11Z,クレジットカード,increment-run-003,workshop-participant,donation_events_003.csv,2026-09-01T00:03:20Z
EVT-FRS-009774,6009774,2001506,232254,3001562,30000,2026-08-30T19:02:18Z,銀行振込,increment-run-003,workshop-participant,donation_events_003.csv,2026-09-01T00:03:20Z
EVT-FRS-003690,6003690,2010469,202011,3001450,10000,2026-08-30T19:06:15Z,クレジットカード,increment-run-003,workshop-participant,donation_events_003.csv,2026-09-01T00:03:20Z
EVT-FRS-007950,6007950,2004512,271004,3001569,30000,2026-08-30T19:12:49Z,クレジットカード,increment-run-003,workshop-participant,donation_events_003.csv,2026-09-01T00:03:20Z
EVT-FRS-004625,6004625,2000775,263664,3002119,15000,2026-08-30T19:14:35Z,クレジットカード,increment-run-003,workshop-participant,donation_events_003.csv,2026-09-01T00:03:20Z
EVT-FRS-008030,6008030,2010884,452025,3004334,25000,2026-08-30T19:14:36Z,コンビニ決済,increment-run-003,workshop-participant,donation_events_003.csv,2026-09-01T00:03:20Z
EVT-FRS-002344,6002344,2011807,282146,3001549,5000,2026-08-30T19:17:35Z,クレジットカード,increment-run-003,workshop-participant,donation_events_003.csv,2026-09-01T00:03:20Z
EVT-FRS-009787,6009787,2011414,142069,3005434,15000,2026-08-30T19:21:11Z,クレジットカード,increment-run-003,workshop-participant,donation_events_003.csv,2026-09-01T00:03:20Z
EVT-FRS-008891,6008891,2000467,435112,3002199,10000,2026-08-30T19:22:49Z,電子決済,increment-run-003,workshop-participant,donation_events_003.csv,2026-09-01T00:03:20Z
EVT-FRS-010277,6010277,2008067,452025,3004014,10000,2026-08-30T19:23:58Z,銀行振込,increment-run-003,workshop-participant,donation_events_003.csv,2026-09-01T00:03:20Z
EVT-FRS-013292,6013292,2010743,212130,3000263,10000,2026-08-30T19:24:18Z,銀行振込,increment-run-003,workshop-participant,donation_events_003.csv,2026-09-01T00:03:20Z
EVT-FRS-008856,6008856,2010921,122343,3001630,20000,2026-08-30T19:24:51Z,電子決済,increment-run-003,workshop-participant,donation_events_003.csv,2026-09-01T00:03:20Z
EVT-FRS-002150,6002150,2003978,072010,3000726,15000,2026-08-30T19:25:57Z,クレジットカード,increment-run-003,workshop-participant,donation_events_003.csv,2026-09-01T00:03:20Z
EVT-FRS-014197,6014197,2002840,012262,3005895,12000,2026-08-30T19:30:16Z,電子決済,increment-run-003,workshop-participant,donation_events_003.csv,2026-09-01T00:03:20Z
EVT-FRS-007192,6007192,2003907,032158,3000004,20000,2026-08-30T19:30:22Z,クレジットカード,increment-run-003,workshop-participant,donation_events_003.csv,2026-09-01T00:03:20Z
EVT-FRS-003582,6003582,2003550,052043,3003132,5000,2026-08-30T19:32:17Z,コンビニ決済,increment-run-003,workshop-participant,donation_events_003.csv,2026-09-01T00:03:20Z
EVT-FRS-009560,6009560,2006744,152048,3001642,10000,2026-08-30T19:32:34Z,クレジットカード,increment-run-003,workshop-participant,donation_events_003.csv,2026-09-01T00:03:20Z
EVT-FRS-008132,6008132,2006138,141003,3005723,60000,2026-08-30T19:33:02Z,コンビニ決済,increment-run-003,workshop-participant,donation_events_003.csv,2026-09-01T00:03:20Z
EVT-FRS-014373,6014373,2010453,072079,3005665,15000,2026-08-30T19:39:39Z,クレジットカード,increment-run-003,workshop-participant,donation_events_003.csv,2026-09-01T00:03:20Z
EVT-FRS-009881,6009881,2003020,392103,3001858,10000,2026-08-30T19:39:55Z,電子決済,increment-run-003,workshop-participant,donation_events_003.csv,2026-09-01T00:03:20Z
EVT-FRS-014820,6014820,2007053,232238,3005843,5000,2026-08-30T19:48:50Z,銀行振込,increment-run-003,workshop-participant,donation_events_003.csv,2026-09-01T00:03:20Z
EVT-FRS-005652,6005652,2001137,014524,3001465,15000,2026-08-30T19:54:46Z,クレジットカード,increment-run-003,workshop-participant,donation_events_003.csv,2026-09-01T00:03:20Z
EVT-FRS-009983,6009983,2008889,192066,3001461,15000,2026-08-30T19:57:27Z,コンビニ決済,increment-run-003,workshop-participant,donation_events_003.csv,2026-09-01T00:03:20Z
EVT-FRS-007888,6007888,2001886,294276,3002164,12000,2026-08-30T19:58:20Z,クレジットカード,increment-run-003,workshop-participant,donation_events_003.csv,2026-09-01T00:03:20Z
EVT-FRS-006856,6006856,2000507,013315,3000404,8000,2026-08-30T19:59:26Z,クレジットカード,increment-run-003,workshop-participant,donation_events_003.csv,2026-09-01T00:03:20Z
EVT-FRS-011159,6011159,2002687,122319,3004608,5000,2026-08-30T20:03:25Z,電子決済,increment-run-003,workshop-participant,donation_events_003.csv,2026-09-01T00:03:20Z
EVT-FRS-014397,6014397,2004623,272086,3002349,10000,2026-08-30T20:04:12Z,クレジットカード,increment-run-003,workshop-participant,donation_events_003.csv,2026-09-01T00:03:20Z
EVT-FRS-004717,6004717,2001151,302058,3002476,15000,2026-08-30T20:05:14Z,クレジットカード,increment-run-003,workshop-participant,donation_events_003.csv,2026-09-01T00:03:20Z
EVT-FRS-000476,6000476,2003417,473553,3000368,10000,2026-08-30T20:09:22Z,銀行振込,increment-run-003,workshop-participant,donation_events_003.csv,2026-09-01T00:03:20Z
EVT-FRS-007569,6007569,2004364,352071,3002144,10000,2026-08-30T20:10:47Z,クレジットカード,increment-run-003,workshop-participant,donation_events_003.csv,2026-09-01T00:03:20Z
EVT-FRS-012305,6012305,2006186,465011,3000174,5000,2026-08-30T20:19:08Z,コンビニ決済,increment-run-003,workshop-participant,donation_events_003.csv,2026-09-01T00:03:20Z
EVT-FRS-004320,6004320,2001342,024431,3000466,8000,2026-08-30T20:21:14Z,クレジットカード,increment-run-003,workshop-participant,donation_events_003.csv,2026-09-01T00:03:20Z
EVT-FRS-004253,6004253,2011515,222097,3004450,8000,2026-08-30T20:26:19Z,クレジットカード,increment-run-003,workshop-participant,donation_events_003.csv,2026-09-01T00:03:20Z
EVT-FRS-012087,6012087,2004197,302031,3004632,10000,2026-08-30T20:31:52Z,電子決済,increment-run-003,workshop-participant,donation_events_003.csv,2026-09-01T00:03:20Z
EVT-FRS-010740,6010740,2010297,473537,3000700,25000,2026-08-30T20:33:53Z,電子決済,increment-run-003,workshop-participant,donation_events_003.csv,2026-09-01T00:03:20Z
EVT-FRS-014716,6014716,2006239,472085,3004926,25000,2026-08-30T20:34:12Z,クレジットカード,increment-run-003,workshop-participant,donation_events_003.csv,2026-09-01T00:03:20Z
EVT-FRS-002910,6002910,2007709,292044,3000591,25000,2026-08-30T20:35:26Z,電子決済,increment-run-003,workshop-participant,donation_events_003.csv,2026-09-01T00:03:20Z
EVT-FRS-003046,6003046,2002523,132292,3000910,10000,2026-08-30T20:35:28Z,クレジットカード,increment-run-003,workshop-participant,donation_events_003.csv,2026-09-01T00:03:20Z
EVT-FRS-006855,6006855,2004532,082287,3000763,10000,2026-08-30T20:35:32Z,クレジットカード,increment-run-003,workshop-participant,donation_events_003.csv,2026-09-01T00:03:20Z
EVT-FRS-013989,6013989,2000757,012238,3001524,20000,2026-08-30T20:44:25Z,コンビニ決済,increment-run-003,workshop-participant,donation_events_003.csv,2026-09-01T00:03:20Z
EVT-FRS-009025,6009025,2007429,062073,3004766,20000,2026-08-30T20:50:54Z,銀行振込,increment-run-003,workshop-participant,donation_events_003.csv,2026-09-01T00:03:20Z
EVT-FRS-014154,6014154,2011144,442038,3000443,20000,2026-08-30T20:54:29Z,コンビニ決済,increment-run-003,workshop-participant,donation_events_003.csv,2026-09-01T00:03:20Z
EVT-FRS-013606,6013606,2009017,062138,3003163,15000,2026-08-30T20:57:09Z,クレジットカード,increment-run-003,workshop-participant,donation_events_003.csv,2026-09-01T00:03:20Z
EVT-FRS-013190,6013190,2008434,322024,3000714,25000,2026-08-30T21:04:30Z,クレジットカード,increment-run-003,workshop-participant,donation_events_003.csv,2026-09-01T00:03:20Z
EVT-FRS-001608,6001608,2009628,352039,3004799,12000,2026-08-30T21:11:14Z,クレジットカード,increment-run-003,workshop-participant,donation_events_003.csv,2026-09-01T00:03:20Z
EVT-FRS-007229,6007229,2009843,212083,3004324,30000,2026-08-30T21:13:01Z,クレジットカード,increment-run-003,workshop-participant,donation_events_003.csv,2026-09-01T00:03:20Z
EVT-FRS-002975,6002975,2000854,222143,3004025,5000,2026-08-30T21:13:23Z,クレジットカード,increment-run-003,workshop-participant,donation_events_003.csv,2026-09-01T00:03:20Z
EVT-FRS-001747,6001747,2009478,024058,3000951,8000,2026-08-30T21:14:26Z,電子決済,increment-run-003,workshop-participant,donation_events_003.csv,2026-09-01T00:03:20Z
EVT-FRS-001876,6001876,2009668,152188,3000658,10000,2026-08-30T21:15:07Z,クレジットカード,increment-run-003,workshop-participant,donation_events_003.csv,2026-09-01T00:03:20Z
EVT-FRS-003362,6003362,2009784,152111,3003957,20000,2026-08-30T21:17:07Z,クレジットカード,increment-run-003,workshop-participant,donation_events_003.csv,2026-09-01T00:03:20Z
EVT-FRS-002320,6002320,2005555,052060,3004806,10000,2026-08-30T21:18:12Z,電子決済,increment-run-003,workshop-participant,donation_events_003.csv,2026-09-01T00:03:20Z
EVT-FRS-000399,6000399,2004065,272132,3003549,15000,2026-08-30T21:19:22Z,電子決済,increment-run-003,workshop-participant,donation_events_003.csv,2026-09-01T00:03:20Z
EVT-FRS-001932,6001932,2000857,112402,3003633,25000,2026-08-30T21:24:29Z,クレジットカード,increment-run-003,workshop-participant,donation_events_003.csv,2026-09-01T00:03:20Z
EVT-FRS-005276,6005276,2009665,284424,3001125,15000,2026-08-30T21:26:02Z,クレジットカード,increment-run-003,workshop-participant,donation_events_003.csv,2026-09-01T00:03:20Z
EVT-FRS-006099,6006099,2011771,382078,3000557,10000,2026-08-30T21:29:36Z,クレジットカード,increment-run-003,workshop-participant,donation_events_003.csv,2026-09-01T00:03:20Z
EVT-FRS-010842,6010842,2006033,212024,3002456,12000,2026-08-30T21:33:29Z,クレジットカード,increment-run-003,workshop-participant,donation_events_003.csv,2026-09-01T00:03:20Z
EVT-FRS-000362,6000362,2004703,032026,3001942,5000,2026-08-30T21:37:39Z,銀行振込,increment-run-003,workshop-participant,donation_events_003.csv,2026-09-01T00:03:20Z
EVT-FRS-001940,6001940,2008092,082040,3003794,8000,2026-08-30T21:44:34Z,電子決済,increment-run-003,workshop-participant,donation_events_003.csv,2026-09-01T00:03:20Z
EVT-FRS-002950,6002950,2011729,232238,3002224,5000,2026-08-30T21:47:22Z,クレジットカード,increment-run-003,workshop-participant,donation_events_003.csv,2026-09-01T00:03:20Z
EVT-FRS-003478,6003478,2003232,052035,3001265,15000,2026-08-30T22:02:33Z,クレジットカード,increment-run-003,workshop-participant,donation_events_003.csv,2026-09-01T00:03:20Z
EVT-FRS-009413,6009413,2000441,272132,3003322,10000,2026-08-30T22:06:57Z,コンビニ決済,increment-run-003,workshop-participant,donation_events_003.csv,2026-09-01T00:03:20Z
EVT-FRS-014773,6014773,2004316,122076,3005018,5000,2026-08-30T22:07:27Z,銀行振込,increment-run-003,workshop-participant,donation_events_003.csv,2026-09-01T00:03:20Z
EVT-FRS-010611,6010611,2002570,062120,3001865,10000,2026-08-30T22:08:18Z,コンビニ決済,increment-run-003,workshop-participant,donation_events_003.csv,2026-09-01T00:03:20Z
EVT-FRS-000813,6000813,2006061,242039,3005424,8000,2026-08-30T22:08:38Z,銀行振込,increment-run-003,workshop-participant,donation_events_003.csv,2026-09-01T00:03:20Z
EVT-FRS-009132,6009132,2010293,022039,3004557,20000,2026-08-30T22:08:46Z,クレジットカード,increment-run-003,workshop-participant,donation_events_003.csv,2026-09-01T00:03:20Z
EVT-FRS-010428,6010428,2010951,032131,3005978,8000,2026-08-30T22:12:51Z,銀行振込,increment-run-003,workshop-participant,donation_events_003.csv,2026-09-01T00:03:20Z
EVT-FRS-013299,6013299,2006610,312037,3000846,10000,2026-08-30T22:15:40Z,クレジットカード,increment-run-003,workshop-participant,donation_events_003.csv,2026-09-01T00:03:20Z
EVT-FRS-006751,6006751,2011483,092011,3005845,20000,2026-08-30T22:22:07Z,銀行振込,increment-run-003,workshop-participant,donation_events_003.csv,2026-09-01T00:03:20Z
EVT-FRS-002775,6002775,2000801,112020,3002647,30000,2026-08-30T22:22:52Z,クレジットカード,increment-run-003,workshop-participant,donation_events_003.csv,2026-09-01T00:03:20Z
EVT-FRS-008518,6008518,2004925,434477,3000453,20000,2026-08-30T22:25:29Z,電子決済,increment-run-003,workshop-participant,donation_events_003.csv,2026-09-01T00:03:20Z
EVT-FRS-004484,6004484,2002694,392057,3002553,8000,2026-08-30T22:26:32Z,クレジットカード,increment-run-003,workshop-participant,donation_events_003.csv,2026-09-01T00:03:20Z
EVT-FRS-002407,6002407,2004756,282243,3001115,10000,2026-08-30T22:30:49Z,クレジットカード,increment-run-003,workshop-participant,donation_events_003.csv,2026-09-01T00:03:20Z
EVT-FRS-002269,6002269,2006715,172073,3005905,10000,2026-08-30T22:35:02Z,銀行振込,increment-run-003,workshop-participant,donation_events_003.csv,2026-09-01T00:03:20Z
EVT-FRS-012632,6012632,2002049,052035,3004305,15000,2026-08-30T22:37:53Z,クレジットカード,increment-run-003,workshop-participant,donation_events_003.csv,2026-09-01T00:03:20Z
EVT-FRS-010104,6010104,2010893,132144,3001273,12000,2026-08-30T22:43:05Z,電子決済,increment-run-003,workshop-participant,donation_events_003.csv,2026-09-01T00:03:20Z
EVT-FRS-008739,6008739,2001429,092100,3002316,25000,2026-08-30T22:45:35Z,銀行振込,increment-run-003,workshop-participant,donation_events_003.csv,2026-09-01T00:03:20Z
EVT-FRS-004789,6004789,2010335,032034,3003582,30000,2026-08-30T22:47:15Z,銀行振込,increment-run-003,workshop-participant,donation_events_003.csv,2026-09-01T00:03:20Z
EVT-FRS-014663,6014663,2010192,322016,3005722,20000,2026-08-30T22:54:49Z,クレジットカード,increment-run-003,workshop-participant,donation_events_003.csv,2026-09-01T00:03:20Z
EVT-FRS-013232,6013232,2002609,202126,3003297,8000,2026-08-30T22:59:00Z,クレジットカード,increment-run-003,workshop-participant,donation_events_003.csv,2026-09-01T00:03:20Z
EVT-FRS-000545,6000545,2001459,112356,3004425,8000,2026-08-30T23:02:16Z,クレジットカード,increment-run-003,workshop-participant,donation_events_003.csv,2026-09-01T00:03:20Z
EVT-FRS-009541,6009541,2009925,112119,3002092,30000,2026-08-30T23:02:53Z,電子決済,increment-run-003,workshop-participant,donation_events_003.csv,2026-09-01T00:03:20Z
EVT-FRS-008582,6008582,2009296,292109,3002678,30000,2026-08-30T23:04:02Z,電子決済,increment-run-003,workshop-participant,donation_events_003.csv,2026-09-01T00:03:20Z
EVT-FRS-013644,6013644,2007011,082121,3005469,10000,2026-08-30T23:06:33Z,クレジットカード,increment-run-003,workshop-participant,donation_events_003.csv,2026-09-01T00:03:20Z
EVT-FRS-011669,6011669,2003190,412082,3002475,5000,2026-08-30T23:07:42Z,電子決済,increment-run-003,workshop-participant,donation_events_003.csv,2026-09-01T00:03:20Z
EVT-FRS-001469,6001469,2004412,262111,3000507,10000,2026-08-30T23:10:50Z,クレジットカード,increment-run-003,workshop-participant,donation_events_003.csv,2026-09-01T00:03:20Z
EVT-FRS-001967,6001967,2008368,092011,3003972,10000,2026-08-30T23:10:56Z,クレジットカード,increment-run-003,workshop-participant,donation_events_003.csv,2026-09-01T00:03:20Z
EVT-FRS-000272,6000272,2007824,092142,3005862,10000,2026-08-30T23:17:36Z,銀行振込,increment-run-003,workshop-participant,donation_events_003.csv,2026-09-01T00:03:20Z
EVT-FRS-003257,6003257,2002480,072133,3000436,12000,2026-08-30T23:20:57Z,クレジットカード,increment-run-003,workshop-participant,donation_events_003.csv,2026-09-01T00:03:20Z
EVT-FRS-008418,6008418,2007692,112020,3006000,10000,2026-08-30T23:22:12Z,銀行振込,increment-run-003,workshop-participant,donation_events_003.csv,2026-09-01T00:03:20Z
EVT-FRS-004946,6004946,2011191,112089,3003059,10000,2026-08-30T23:23:48Z,コンビニ決済,increment-run-003,workshop-participant,donation_events_003.csv,2026-09-01T00:03:20Z
EVT-FRS-003314,6003314,2002518,332020,3001960,10000,2026-08-30T23:25:42Z,クレジットカード,increment-run-003,workshop-participant,donation_events_003.csv,2026-09-01T00:03:20Z
EVT-FRS-007196,6007196,2001850,222119,3001142,40000,2026-08-30T23:27:33Z,銀行振込,increment-run-003,workshop-participant,donation_events_003.csv,2026-09-01T00:03:20Z
EVT-FRS-004354,6004354,2000653,142140,3003346,5000,2026-08-30T23:28:23Z,電子決済,increment-run-003,workshop-participant,donation_events_003.csv,2026-09-01T00:03:20Z
EVT-FRS-004225,6004225,2003069,372013,3004589,10000,2026-08-30T23:29:35Z,クレジットカード,increment-run-003,workshop-participant,donation_events_003.csv,2026-09-01T00:03:20Z
EVT-FRS-009967,6009967,2001884,322016,3000140,15000,2026-08-30T23:30:12Z,コンビニ決済,increment-run-003,workshop-participant,donation_events_003.csv,2026-09-01T00:03:20Z
EVT-FRS-002624,6002624,2000972,261009,3000615,25000,2026-08-30T23:33:56Z,電子決済,increment-run-003,workshop-participant,donation_events_003.csv,2026-09-01T00:03:20Z
EVT-FRS-013553,6013553,2006368,113247,3003145,60000,2026-08-30T23:41:10Z,クレジットカード,increment-run-003,workshop-participant,donation_events_003.csv,2026-09-01T00:03:20Z
EVT-FRS-013848,6013848,2008060,192023,3004539,10000,2026-08-30T23:46:04Z,銀行振込,increment-run-003,workshop-participant,donation_events_003.csv,2026-09-01T00:03:20Z
EVT-FRS-001960,6001960,2000662,044067,3003784,5000,2026-08-30T23:46:06Z,クレジットカード,increment-run-003,workshop-participant,donation_events_003.csv,2026-09-01T00:03:20Z
EVT-FRS-011102,6011102,2009369,082201,3002249,10000,2026-08-30T23:49:51Z,クレジットカード,increment-run-003,workshop-participant,donation_events_003.csv,2026-09-01T00:03:20Z
EVT-FRS-002549,6002549,2002120,454036,3005004,10000,2026-08-30T23:55:56Z,クレジットカード,increment-run-003,workshop-participant,donation_events_003.csv,2026-09-01T00:03:20Z
EVT-FRS-006096,6006096,2010472,192082,3003819,5000,2026-08-31T00:00:57Z,クレジットカード,increment-run-003,workshop-participant,donation_events_003.csv,2026-09-01T00:03:20Z
EVT-FRS-011534,6011534,2003768,132209,3000356,20000,2026-08-31T00:03:49Z,クレジットカード,increment-run-003,workshop-participant,donation_events_003.csv,2026-09-01T00:03:20Z
EVT-FRS-011165,6011165,2009059,122131,3004844,20000,2026-08-31T00:04:08Z,クレジットカード,increment-run-003,workshop-participant,donation_events_003.csv,2026-09-01T00:03:20Z
EVT-FRS-013249,6013249,2010501,111007,3005885,15000,2026-08-31T00:10:08Z,クレジットカード,increment-run-003,workshop-participant,donation_events_003.csv,2026-09-01T00:03:20Z
EVT-FRS-008442,6008442,2000883,032085,3002719,10000,2026-08-31T00:10:39Z,クレジットカード,increment-run-003,workshop-participant,donation_events_003.csv,2026-09-01T00:03:20Z
EVT-FRS-005999,6005999,2007673,032158,3005046,15000,2026-08-31T00:13:32Z,クレジットカード,increment-run-003,workshop-participant,donation_events_003.csv,2026-09-01T00:03:20Z
EVT-FRS-000100,6000100,2010950,401307,3001809,15000,2026-08-31T00:15:36Z,クレジットカード,increment-run-003,workshop-participant,donation_events_003.csv,2026-09-01T00:03:20Z
EVT-FRS-014171,6014171,2009160,012173,3004329,8000,2026-08-31T00:15:56Z,クレジットカード,increment-run-003,workshop-participant,donation_events_003.csv,2026-09-01T00:03:20Z
EVT-FRS-009531,6009531,2000757,422037,3001941,10000,2026-08-31T00:18:16Z,クレジットカード,increment-run-003,workshop-participant,donation_events_003.csv,2026-09-01T00:03:20Z
EVT-FRS-003725,6003725,2001711,016683,3005576,8000,2026-08-31T00:27:11Z,クレジットカード,increment-run-003,workshop-participant,donation_events_003.csv,2026-09-01T00:03:20Z
EVT-FRS-000297,6000297,2002254,012041,3002396,10000,2026-08-31T00:34:15Z,クレジットカード,increment-run-003,workshop-participant,donation_events_003.csv,2026-09-01T00:03:20Z
EVT-FRS-006972,6006972,2010182,382159,3000333,50000,2026-08-31T00:41:20Z,クレジットカード,increment-run-003,workshop-participant,donation_events_003.csv,2026-09-01T00:03:20Z
EVT-FRS-004974,6004974,2002591,372072,3003596,15000,2026-08-31T00:49:07Z,電子決済,increment-run-003,workshop-participant,donation_events_003.csv,2026-09-01T00:03:20Z
EVT-FRS-006334,6006334,2004408,402214,3003809,10000,2026-08-31T00:50:03Z,銀行振込,increment-run-003,workshop-participant,donation_events_003.csv,2026-09-01T00:03:20Z
EVT-FRS-003366,6003366,2009829,012181,3005689,15000,2026-08-31T00:55:01Z,銀行振込,increment-run-003,workshop-participant,donation_events_003.csv,2026-09-01T00:03:20Z
EVT-FRS-007288,6007288,2000310,162019,3004070,20000,2026-08-31T00:55:44Z,クレジットカード,increment-run-003,workshop-participant,donation_events_003.csv,2026-09-01T00:03:20Z
EVT-FRS-001966,6001966,2004602,112453,3005253,20000,2026-08-31T00:56:55Z,コンビニ決済,increment-run-003,workshop-participant,donation_events_003.csv,2026-09-01T00:03:20Z
EVT-FRS-009824,6009824,2011257,472123,3004891,10000,2026-08-31T00:58:21Z,クレジットカード,increment-run-003,workshop-participant,donation_events_003.csv,2026-09-01T00:03:20Z
EVT-FRS-014251,6014251,2002133,262102,3001552,20000,2026-08-31T00:59:30Z,クレジットカード,increment-run-003,workshop-participant,donation_events_003.csv,2026-09-01T00:03:20Z
EVT-FRS-012281,6012281,2000148,042099,3004087,10000,2026-08-31T01:02:32Z,クレジットカード,increment-run-003,workshop-participant,donation_events_003.csv,2026-09-01T00:03:20Z
EVT-FRS-003799,6003799,2006412,402303,3003422,25000,2026-08-31T01:10:28Z,クレジットカード,increment-run-003,workshop-participant,donation_events_003.csv,2026-09-01T00:03:20Z
EVT-FRS-011259,6011259,2001317,402265,3005130,15000,2026-08-31T01:14:27Z,電子決済,increment-run-003,workshop-participant,donation_events_003.csv,2026-09-01T00:03:20Z
EVT-FRS-000122,6000122,2008067,122076,3005519,10000,2026-08-31T01:14:43Z,クレジットカード,increment-run-003,workshop-participant,donation_events_003.csv,2026-09-01T00:03:20Z
EVT-FRS-005196,6005196,2007175,282294,3005768,20000,2026-08-31T01:16:01Z,銀行振込,increment-run-003,workshop-participant,donation_events_003.csv,2026-09-01T00:03:20Z
EVT-FRS-007109,6007109,2007073,382019,3004717,10000,2026-08-31T01:23:53Z,クレジットカード,increment-run-003,workshop-participant,donation_events_003.csv,2026-09-01T00:03:20Z
EVT-FRS-009641,6009641,2009562,232246,3003364,40000,2026-08-31T01:25:19Z,銀行振込,increment-run-003,workshop-participant,donation_events_003.csv,2026-09-01T00:03:20Z
EVT-FRS-011333,6011333,2005320,075043,3005907,12000,2026-08-31T01:29:22Z,クレジットカード,increment-run-003,workshop-participant,donation_events_003.csv,2026-09-01T00:03:20Z
EVT-FRS-004780,6004780,2008997,252140,3003192,12000,2026-08-31T01:37:38Z,クレジットカード,increment-run-003,workshop-participant,donation_events_003.csv,2026-09-01T00:03:20Z
EVT-FRS-005488,6005488,2008874,152188,3003418,12000,2026-08-31T01:38:21Z,クレジットカード,increment-run-003,workshop-participant,donation_events_003.csv,2026-09-01T00:03:20Z
EVT-FRS-009095,6009095,2007043,012238,3001524,50000,2026-08-31T01:39:56Z,クレジットカード,increment-run-003,workshop-participant,donation_events_003.csv,2026-09-01T00:03:20Z
EVT-FRS-014055,6014055,2003371,435058,3003821,12000,2026-08-31T01:40:49Z,クレジットカード,increment-run-003,workshop-participant,donation_events_003.csv,2026-09-01T00:03:20Z
EVT-FRS-011443,6011443,2002293,452025,3004014,20000,2026-08-31T01:41:05Z,クレジットカード,increment-run-003,workshop-participant,donation_events_003.csv,2026-09-01T00:03:20Z
EVT-FRS-011385,6011385,2004432,182087,3001180,12000,2026-08-31T01:44:51Z,クレジットカード,increment-run-003,workshop-participant,donation_events_003.csv,2026-09-01T00:03:20Z
EVT-FRS-010673,6010673,2008029,232017,3005230,12000,2026-08-31T01:53:04Z,電子決済,increment-run-003,workshop-participant,donation_events_003.csv,2026-09-01T00:03:20Z
EVT-FRS-001135,6001135,2011208,272311,3000210,15000,2026-08-31T01:53:32Z,クレジットカード,increment-run-003,workshop-participant,donation_events_003.csv,2026-09-01T00:03:20Z
EVT-FRS-002836,6002836,2010333,093441,3004610,30000,2026-08-31T01:53:50Z,コンビニ決済,increment-run-003,workshop-participant,donation_events_003.csv,2026-09-01T00:03:20Z
EVT-FRS-014376,6014376,2003051,404471,3003233,8000,2026-08-31T01:53:54Z,クレジットカード,increment-run-003,workshop-participant,donation_events_003.csv,2026-09-01T00:03:20Z
EVT-FRS-004864,6004864,2004387,142077,3000143,15000,2026-08-31T01:53:58Z,クレジットカード,increment-run-003,workshop-participant,donation_events_003.csv,2026-09-01T00:03:20Z
EVT-FRS-009909,6009909,2008746,041009,3004355,12000,2026-08-31T01:59:21Z,クレジットカード,increment-run-003,workshop-participant,donation_events_003.csv,2026-09-01T00:03:20Z
EVT-FRS-009297,6009297,2006304,452025,3002730,25000,2026-08-31T02:00:25Z,クレジットカード,increment-run-003,workshop-participant,donation_events_003.csv,2026-09-01T00:03:20Z
EVT-FRS-001949,6001949,2003483,262056,3002305,15000,2026-08-31T02:00:45Z,電子決済,increment-run-003,workshop-participant,donation_events_003.csv,2026-09-01T00:03:20Z
EVT-FRS-013507,6013507,2003442,341002,3005908,10000,2026-08-31T02:01:51Z,クレジットカード,increment-run-003,workshop-participant,donation_events_003.csv,2026-09-01T00:03:20Z
EVT-FRS-012084,6012084,2002352,452025,3003388,30000,2026-08-31T02:03:26Z,クレジットカード,increment-run-003,workshop-participant,donation_events_003.csv,2026-09-01T00:03:20Z
EVT-FRS-000328,6000328,2001614,052027,3005601,12000,2026-08-31T02:14:36Z,銀行振込,increment-run-003,workshop-participant,donation_events_003.csv,2026-09-01T00:03:20Z
EVT-FRS-000294,6000294,2009438,132144,3004619,15000,2026-08-31T02:15:49Z,電子決済,increment-run-003,workshop-participant,donation_events_003.csv,2026-09-01T00:03:20Z
EVT-FRS-011267,6011267,2008955,013030,3002503,10000,2026-08-31T02:18:10Z,電子決済,increment-run-003,workshop-participant,donation_events_003.csv,2026-09-01T00:03:20Z
EVT-FRS-005536,6005536,2007535,221007,3005304,20000,2026-08-31T02:24:46Z,電子決済,increment-run-003,workshop-participant,donation_events_003.csv,2026-09-01T00:03:20Z
EVT-FRS-003458,6003458,2010671,314021,3000791,30000,2026-08-31T02:26:46Z,クレジットカード,increment-run-003,workshop-participant,donation_events_003.csv,2026-09-01T00:03:20Z
EVT-FRS-013664,6013664,2010612,016322,3003050,10000,2026-08-31T02:31:30Z,クレジットカード,increment-run-003,workshop-participant,donation_events_003.csv,2026-09-01T00:03:20Z
EVT-FRS-012104,6012104,2011960,212130,3000263,20000,2026-08-31T02:32:21Z,クレジットカード,increment-run-003,workshop-participant,donation_events_003.csv,2026-09-01T00:03:20Z
EVT-FRS-013689,6013689,2010070,016411,3003167,10000,2026-08-31T02:32:53Z,銀行振込,increment-run-003,workshop-participant,donation_events_003.csv,2026-09-01T00:03:20Z
EVT-FRS-009540,6009540,2003105,282162,3003417,20000,2026-08-31T02:34:28Z,クレジットカード,increment-run-003,workshop-participant,donation_events_003.csv,2026-09-01T00:03:20Z
EVT-FRS-009975,6009975,2007908,221007,3005304,12000,2026-08-31T02:37:42Z,コンビニ決済,increment-run-003,workshop-participant,donation_events_003.csv,2026-09-01T00:03:20Z
EVT-FRS-012872,6012872,2011265,473588,3005451,10000,2026-08-31T02:37:42Z,銀行振込,increment-run-003,workshop-participant,donation_events_003.csv,2026-09-01T00:03:20Z
EVT-FRS-008800,6008800,2008881,263664,3002119,15000,2026-08-31T02:42:18Z,クレジットカード,increment-run-003,workshop-participant,donation_events_003.csv,2026-09-01T00:03:20Z
EVT-FRS-012232,6012232,2008557,012262,3001586,15000,2026-08-31T02:44:04Z,クレジットカード,increment-run-003,workshop-participant,donation_events_003.csv,2026-09-01T00:03:20Z
EVT-FRS-003028,6003028,2011040,012092,3004670,25000,2026-08-31T02:46:26Z,電子決済,increment-run-003,workshop-participant,donation_events_003.csv,2026-09-01T00:03:20Z
EVT-FRS-003246,6003246,2008534,162027,3000597,20000,2026-08-31T02:48:30Z,クレジットカード,increment-run-003,workshop-participant,donation_events_003.csv,2026-09-01T00:03:20Z
EVT-FRS-006944,6006944,2004588,092029,3005761,15000,2026-08-31T02:51:54Z,クレジットカード,increment-run-003,workshop-participant,donation_events_003.csv,2026-09-01T00:03:20Z
EVT-FRS-009311,6009311,2004446,222054,3000341,10000,2026-08-31T02:58:30Z,クレジットカード,increment-run-003,workshop-participant,donation_events_003.csv,2026-09-01T00:03:20Z
EVT-FRS-005710,6005710,2005519,082171,3005405,8000,2026-08-31T03:00:46Z,クレジットカード,increment-run-003,workshop-participant,donation_events_003.csv,2026-09-01T00:03:20Z
EVT-FRS-012600,6012600,2004299,012220,3003077,10000,2026-08-31T03:01:16Z,クレジットカード,increment-run-003,workshop-participant,donation_events_003.csv,2026-09-01T00:03:20Z
EVT-FRS-001753,6001753,2010392,402303,3005312,15000,2026-08-31T03:02:55Z,電子決済,increment-run-003,workshop-participant,donation_events_003.csv,2026-09-01T00:03:20Z
EVT-FRS-004857,6004857,2008412,182044,3004869,10000,2026-08-31T03:04:27Z,クレジットカード,increment-run-003,workshop-participant,donation_events_003.csv,2026-09-01T00:03:20Z
EVT-FRS-001627,6001627,2001080,203033,3001471,12000,2026-08-31T03:09:19Z,銀行振込,increment-run-003,workshop-participant,donation_events_003.csv,2026-09-01T00:03:20Z
EVT-FRS-001338,6001338,2004212,092037,3002525,20000,2026-08-31T03:11:36Z,電子決済,increment-run-003,workshop-participant,donation_events_003.csv,2026-09-01T00:03:20Z
EVT-FRS-001073,6001073,2000795,131156,3005348,8000,2026-08-31T03:12:13Z,コンビニ決済,increment-run-003,workshop-participant,donation_events_003.csv,2026-09-01T00:03:20Z
EVT-FRS-014874,6014874,2000598,112241,3003492,5000,2026-08-31T03:19:47Z,電子決済,increment-run-003,workshop-participant,donation_events_003.csv,2026-09-01T00:03:20Z
EVT-FRS-008676,6008676,2006094,092169,3002735,12000,2026-08-31T03:23:55Z,クレジットカード,increment-run-003,workshop-participant,donation_events_003.csv,2026-09-01T00:03:20Z
EVT-FRS-003546,6003546,2006850,252085,3000925,25000,2026-08-31T03:24:12Z,電子決済,increment-run-003,workshop-participant,donation_events_003.csv,2026-09-01T00:03:20Z
EVT-FRS-007819,6007819,2006748,122190,3001473,20000,2026-08-31T03:29:00Z,クレジットカード,increment-run-003,workshop-participant,donation_events_003.csv,2026-09-01T00:03:20Z
EVT-FRS-014406,6014406,2000974,072095,3003970,15000,2026-08-31T03:29:57Z,クレジットカード,increment-run-003,workshop-participant,donation_events_003.csv,2026-09-01T00:03:20Z
EVT-FRS-006057,6006057,2008829,292010,3002355,40000,2026-08-31T03:30:57Z,電子決済,increment-run-003,workshop-participant,donation_events_003.csv,2026-09-01T00:03:20Z
EVT-FRS-006584,6006584,2002155,332151,3003971,10000,2026-08-31T03:31:04Z,電子決済,increment-run-003,workshop-participant,donation_events_003.csv,2026-09-01T00:03:20Z
EVT-FRS-008089,6008089,2003481,172014,3002272,20000,2026-08-31T03:32:22Z,電子決済,increment-run-003,workshop-participant,donation_events_003.csv,2026-09-01T00:03:20Z
EVT-FRS-005288,6005288,2010534,342114,3003738,25000,2026-08-31T03:36:52Z,クレジットカード,increment-run-003,workshop-participant,donation_events_003.csv,2026-09-01T00:03:20Z
EVT-FRS-000316,6000316,2007221,262064,3000908,25000,2026-08-31T03:40:17Z,クレジットカード,increment-run-003,workshop-participant,donation_events_003.csv,2026-09-01T00:03:20Z
EVT-FRS-003159,6003159,2008067,232319,3004102,8000,2026-08-31T03:53:51Z,電子決済,increment-run-003,workshop-participant,donation_events_003.csv,2026-09-01T00:03:20Z
EVT-FRS-014766,6014766,2011598,012190,3003992,20000,2026-08-31T03:56:07Z,クレジットカード,increment-run-003,workshop-participant,donation_events_003.csv,2026-09-01T00:03:20Z
EVT-FRS-005694,6005694,2003245,272124,3001820,10000,2026-08-31T03:59:18Z,電子決済,increment-run-003,workshop-participant,donation_events_003.csv,2026-09-01T00:03:20Z
EVT-FRS-011129,6011129,2007499,052132,3003227,12000,2026-08-31T04:00:24Z,電子決済,increment-run-003,workshop-participant,donation_events_003.csv,2026-09-01T00:03:20Z
EVT-FRS-012236,6012236,2008548,122343,3004699,10000,2026-08-31T04:02:17Z,クレジットカード,increment-run-003,workshop-participant,donation_events_003.csv,2026-09-01T00:03:20Z
EVT-FRS-012058,6012058,2010829,402192,3002455,10000,2026-08-31T04:02:36Z,電子決済,increment-run-003,workshop-participant,donation_events_003.csv,2026-09-01T00:03:20Z
EVT-FRS-005774,6005774,2011898,432121,3005674,50000,2026-08-31T04:05:12Z,コンビニ決済,increment-run-003,workshop-participant,donation_events_003.csv,2026-09-01T00:03:20Z
EVT-FRS-008473,6008473,2009560,342131,3001985,10000,2026-08-31T04:06:29Z,コンビニ決済,increment-run-003,workshop-participant,donation_events_003.csv,2026-09-01T00:03:20Z
EVT-FRS-014253,6014253,2009149,462047,3003316,50000,2026-08-31T04:07:36Z,クレジットカード,increment-run-003,workshop-participant,donation_events_003.csv,2026-09-01T00:03:20Z
EVT-FRS-003296,6003296,2006870,192015,3003684,5000,2026-08-31T04:10:26Z,クレジットカード,increment-run-003,workshop-participant,donation_events_003.csv,2026-09-01T00:03:20Z
EVT-FRS-012603,6012603,2007678,412082,3000229,10000,2026-08-31T04:15:40Z,クレジットカード,increment-run-003,workshop-participant,donation_events_003.csv,2026-09-01T00:03:20Z
EVT-FRS-004457,6004457,2001647,202088,3000738,30000,2026-08-31T04:16:59Z,クレジットカード,increment-run-003,workshop-participant,donation_events_003.csv,2026-09-01T00:03:20Z
EVT-FRS-005487,6005487,2001677,342157,3003725,15000,2026-08-31T04:18:22Z,クレジットカード,increment-run-003,workshop-participant,donation_events_003.csv,2026-09-01T00:03:20Z
EVT-FRS-004773,6004773,2002850,192066,3000823,25000,2026-08-31T04:19:50Z,クレジットカード,increment-run-003,workshop-participant,donation_events_003.csv,2026-09-01T00:03:20Z
EVT-FRS-013323,6013323,2004515,012203,3003863,20000,2026-08-31T04:20:30Z,クレジットカード,increment-run-003,workshop-participant,donation_events_003.csv,2026-09-01T00:03:20Z
EVT-FRS-006174,6006174,2008478,016390,3002959,30000,2026-08-31T04:23:12Z,クレジットカード,increment-run-003,workshop-participant,donation_events_003.csv,2026-09-01T00:03:20Z
EVT-FRS-010473,6010473,2005587,452025,3002265,10000,2026-08-31T04:23:46Z,コンビニ決済,increment-run-003,workshop-participant,donation_events_003.csv,2026-09-01T00:03:20Z
EVT-FRS-005139,6005139,2010606,232084,3001373,10000,2026-08-31T04:24:38Z,クレジットカード,increment-run-003,workshop-participant,donation_events_003.csv,2026-09-01T00:03:20Z
EVT-FRS-002761,6002761,2003051,082295,3004551,12000,2026-08-31T04:31:55Z,クレジットカード,increment-run-003,workshop-participant,donation_events_003.csv,2026-09-01T00:03:20Z
EVT-FRS-002984,6002984,2008025,453412,3004333,10000,2026-08-31T04:32:05Z,クレジットカード,increment-run-003,workshop-participant,donation_events_003.csv,2026-09-01T00:03:20Z
EVT-FRS-000432,6000432,2000646,122025,3001708,30000,2026-08-31T04:32:12Z,クレジットカード,increment-run-003,workshop-participant,donation_events_003.csv,2026-09-01T00:03:20Z
EVT-FRS-006905,6006905,2007823,082309,3000519,60000,2026-08-31T04:34:36Z,クレジットカード,increment-run-003,workshop-participant,donation_events_003.csv,2026-09-01T00:03:20Z
EVT-FRS-000188,6000188,2003109,252018,3003412,30000,2026-08-31T04:38:08Z,銀行振込,increment-run-003,workshop-participant,donation_events_003.csv,2026-09-01T00:03:20Z
EVT-FRS-012607,6012607,2001163,222241,3002314,8000,2026-08-31T04:38:45Z,クレジットカード,increment-run-003,workshop-participant,donation_events_003.csv,2026-09-01T00:03:20Z
EVT-FRS-000260,6000260,2005143,372048,3002171,15000,2026-08-31T04:40:14Z,クレジットカード,increment-run-003,workshop-participant,donation_events_003.csv,2026-09-01T00:03:20Z
EVT-FRS-005131,6005131,2005530,082228,3002635,150000,2026-08-31T04:46:18Z,クレジットカード,increment-run-003,workshop-participant,donation_events_003.csv,2026-09-01T00:03:20Z
EVT-FRS-012005,6012005,2008295,252131,3004895,10000,2026-08-31T04:46:57Z,クレジットカード,increment-run-003,workshop-participant,donation_events_003.csv,2026-09-01T00:03:20Z
EVT-FRS-000330,6000330,2009624,172065,3004513,10000,2026-08-31T04:47:22Z,クレジットカード,increment-run-003,workshop-participant,donation_events_003.csv,2026-09-01T00:03:20Z
EVT-FRS-013865,6013865,2002978,012238,3001524,40000,2026-08-31T04:49:52Z,クレジットカード,increment-run-003,workshop-participant,donation_events_003.csv,2026-09-01T00:03:20Z
EVT-FRS-005965,6005965,2000941,292036,3005161,8000,2026-08-31T04:51:06Z,クレジットカード,increment-run-003,workshop-participant,donation_events_003.csv,2026-09-01T00:03:20Z
EVT-FRS-010911,6010911,2006149,212041,3002852,30000,2026-08-31T04:56:21Z,電子決済,increment-run-003,workshop-participant,donation_events_003.csv,2026-09-01T00:03:20Z
EVT-FRS-009178,6009178,2001037,202142,3001116,10000,2026-08-31T04:57:01Z,電子決済,increment-run-003,workshop-participant,donation_events_003.csv,2026-09-01T00:03:20Z
EVT-FRS-002833,6002833,2011505,372048,3001604,10000,2026-08-31T04:57:40Z,クレジットカード,increment-run-003,workshop-participant,donation_events_003.csv,2026-09-01T00:03:20Z
EVT-FRS-008138,6008138,2009983,342076,3002569,10000,2026-08-31T05:07:32Z,クレジットカード,increment-run-003,workshop-participant,donation_events_003.csv,2026-09-01T00:03:20Z
EVT-FRS-001917,6001917,2010820,452041,3002113,8000,2026-08-31T05:08:30Z,クレジットカード,increment-run-003,workshop-participant,donation_events_003.csv,2026-09-01T00:03:20Z
EVT-FRS-014728,6014728,2010979,464520,3000154,20000,2026-08-31T05:10:24Z,クレジットカード,increment-run-003,workshop-participant,donation_events_003.csv,2026-09-01T00:03:20Z
EVT-FRS-009471,6009471,2004622,362018,3001819,20000,2026-08-31T05:10:46Z,クレジットカード,increment-run-003,workshop-participant,donation_events_003.csv,2026-09-01T00:03:20Z
EVT-FRS-012238,6012238,2006900,452025,3003952,20000,2026-08-31T05:13:26Z,コンビニ決済,increment-run-003,workshop-participant,donation_events_003.csv,2026-09-01T00:03:20Z
EVT-FRS-007415,6007415,2006490,352012,3005927,50000,2026-08-31T05:13:45Z,電子決済,increment-run-003,workshop-participant,donation_events_003.csv,2026-09-01T00:03:20Z
EVT-FRS-009119,6009119,2000552,452025,3002730,15000,2026-08-31T05:14:14Z,クレジットカード,increment-run-003,workshop-participant,donation_events_003.csv,2026-09-01T00:03:20Z
EVT-FRS-004621,6004621,2011395,052132,3005222,30000,2026-08-31T05:15:39Z,クレジットカード,increment-run-003,workshop-participant,donation_events_003.csv,2026-09-01T00:03:20Z
EVT-FRS-005001,6005001,2000687,423220,3003930,15000,2026-08-31T05:15:47Z,銀行振込,increment-run-003,workshop-participant,donation_events_003.csv,2026-09-01T00:03:20Z
EVT-FRS-012033,6012033,2003334,412023,3005402,15000,2026-08-31T05:29:19Z,クレジットカード,increment-run-003,workshop-participant,donation_events_003.csv,2026-09-01T00:03:20Z
EVT-FRS-007884,6007884,2011328,232084,3000048,20000,2026-08-31T05:31:45Z,クレジットカード,increment-run-003,workshop-participant,donation_events_003.csv,2026-09-01T00:03:20Z
EVT-FRS-009305,6009305,2009248,052027,3001951,8000,2026-08-31T05:35:14Z,クレジットカード,increment-run-003,workshop-participant,donation_events_003.csv,2026-09-01T00:03:20Z
EVT-FRS-007008,6007008,2005952,012025,3005573,10000,2026-08-31T05:40:24Z,クレジットカード,increment-run-003,workshop-participant,donation_events_003.csv,2026-09-01T00:03:20Z
EVT-FRS-012186,6012186,2000791,403831,3001472,12000,2026-08-31T05:43:46Z,銀行振込,increment-run-003,workshop-participant,donation_events_003.csv,2026-09-01T00:03:20Z
EVT-FRS-001794,6001794,2006352,111007,3000639,20000,2026-08-31T05:46:05Z,クレジットカード,increment-run-003,workshop-participant,donation_events_003.csv,2026-09-01T00:03:20Z
EVT-FRS-006166,6006166,2003438,462152,3000372,10000,2026-08-31T05:47:45Z,クレジットカード,increment-run-003,workshop-participant,donation_events_003.csv,2026-09-01T00:03:20Z
EVT-FRS-009739,6009739,2004362,082198,3001269,15000,2026-08-31T05:48:55Z,電子決済,increment-run-003,workshop-participant,donation_events_003.csv,2026-09-01T00:03:20Z
EVT-FRS-009331,6009331,2000938,244619,3002884,30000,2026-08-31T05:49:26Z,クレジットカード,increment-run-003,workshop-participant,donation_events_003.csv,2026-09-01T00:03:20Z
EVT-FRS-000961,6000961,2003936,272299,3005493,50000,2026-08-31T05:52:22Z,クレジットカード,increment-run-003,workshop-participant,donation_events_003.csv,2026-09-01T00:03:20Z
EVT-FRS-010271,6010271,2011931,062057,3002466,10000,2026-08-31T06:11:26Z,電子決済,increment-run-003,workshop-participant,donation_events_003.csv,2026-09-01T00:03:20Z
EVT-FRS-014497,6014497,2006593,472107,3002653,25000,2026-08-31T06:11:51Z,電子決済,increment-run-003,workshop-participant,donation_events_003.csv,2026-09-01T00:03:20Z
EVT-FRS-001439,6001439,2000388,122106,3004156,30000,2026-08-31T06:13:27Z,クレジットカード,increment-run-003,workshop-participant,donation_events_003.csv,2026-09-01T00:03:20Z
EVT-FRS-013568,6013568,2004707,232335,3002428,20000,2026-08-31T06:13:49Z,クレジットカード,increment-run-003,workshop-participant,donation_events_003.csv,2026-09-01T00:03:20Z
EVT-FRS-000201,6000201,2010446,464686,3002859,20000,2026-08-31T06:14:22Z,クレジットカード,increment-run-003,workshop-participant,donation_events_003.csv,2026-09-01T00:03:20Z
EVT-FRS-005681,6005681,2008287,022101,3002778,25000,2026-08-31T06:15:40Z,クレジットカード,increment-run-003,workshop-participant,donation_events_003.csv,2026-09-01T00:03:20Z
EVT-FRS-005183,6005183,2003187,362026,3001720,8000,2026-08-31T06:25:44Z,クレジットカード,increment-run-003,workshop-participant,donation_events_003.csv,2026-09-01T00:03:20Z
EVT-FRS-000094,6000094,2005840,262064,3000199,12000,2026-08-31T06:26:28Z,電子決済,increment-run-003,workshop-participant,donation_events_003.csv,2026-09-01T00:03:20Z
EVT-FRS-010641,6010641,2004584,433675,3004878,12000,2026-08-31T06:27:02Z,電子決済,increment-run-003,workshop-participant,donation_events_003.csv,2026-09-01T00:03:20Z
EVT-FRS-008413,6008413,2010660,105236,3000667,40000,2026-08-31T06:31:27Z,銀行振込,increment-run-003,workshop-participant,donation_events_003.csv,2026-09-01T00:03:20Z
EVT-FRS-008340,6008340,2005846,405442,3001203,20000,2026-08-31T06:32:17Z,クレジットカード,increment-run-003,workshop-participant,donation_events_003.csv,2026-09-01T00:03:20Z
EVT-FRS-009861,6009861,2002012,152048,3003815,10000,2026-08-31T06:34:48Z,クレジットカード,increment-run-003,workshop-participant,donation_events_003.csv,2026-09-01T00:03:20Z
EVT-FRS-000870,6000870,2009911,152048,3001642,5000,2026-08-31T06:35:39Z,クレジットカード,increment-run-003,workshop-participant,donation_events_003.csv,2026-09-01T00:03:20Z
EVT-FRS-011746,6011746,2010534,232254,3003868,10000,2026-08-31T06:37:00Z,クレジットカード,increment-run-003,workshop-participant,donation_events_003.csv,2026-09-01T00:03:20Z
EVT-FRS-009057,6009057,2007193,245615,3004074,10000,2026-08-31T06:39:35Z,クレジットカード,increment-run-003,workshop-participant,donation_events_003.csv,2026-09-01T00:03:20Z
EVT-FRS-010687,6010687,2002460,312037,3003200,5000,2026-08-31T06:40:04Z,クレジットカード,increment-run-003,workshop-participant,donation_events_003.csv,2026-09-01T00:03:20Z
EVT-FRS-004728,6004728,2011890,122041,3000893,20000,2026-08-31T06:41:38Z,コンビニ決済,increment-run-003,workshop-participant,donation_events_003.csv,2026-09-01T00:03:20Z
EVT-FRS-008941,6008941,2004892,052078,3001876,5000,2026-08-31T06:41:54Z,コンビニ決済,increment-run-003,workshop-participant,donation_events_003.csv,2026-09-01T00:03:20Z
EVT-FRS-010680,6010680,2002677,212024,3005880,5000,2026-08-31T06:42:56Z,電子決済,increment-run-003,workshop-participant,donation_events_003.csv,2026-09-01T00:03:20Z
EVT-FRS-005584,6005584,2010918,435058,3002083,40000,2026-08-31T06:43:13Z,電子決済,increment-run-003,workshop-participant,donation_events_003.csv,2026-09-01T00:03:20Z
EVT-FRS-002218,6002218,2002516,152081,3003098,10000,2026-08-31T06:48:03Z,クレジットカード,increment-run-003,workshop-participant,donation_events_003.csv,2026-09-01T00:03:20Z
EVT-FRS-013061,6013061,2008235,212148,3000402,20000,2026-08-31T06:48:52Z,クレジットカード,increment-run-003,workshop-participant,donation_events_003.csv,2026-09-01T00:03:20Z
EVT-FRS-005065,6005065,2011689,232343,3000746,12000,2026-08-31T06:50:22Z,クレジットカード,increment-run-003,workshop-participant,donation_events_003.csv,2026-09-01T00:03:20Z
EVT-FRS-007511,6007511,2005340,022012,3000608,5000,2026-08-31T06:51:19Z,クレジットカード,increment-run-003,workshop-participant,donation_events_003.csv,2026-09-01T00:03:20Z
EVT-FRS-009979,6009979,2005386,022012,3000444,10000,2026-08-31T06:52:18Z,クレジットカード,increment-run-003,workshop-participant,donation_events_003.csv,2026-09-01T00:03:20Z
EVT-FRS-008495,6008495,2005604,232297,3002002,15000,2026-08-31T07:06:03Z,クレジットカード,increment-run-003,workshop-participant,donation_events_003.csv,2026-09-01T00:03:20Z
EVT-FRS-002856,6002856,2011838,112071,3001439,10000,2026-08-31T07:07:06Z,クレジットカード,increment-run-003,workshop-participant,donation_events_003.csv,2026-09-01T00:03:20Z
EVT-FRS-004718,6004718,2011962,353434,3000818,8000,2026-08-31T07:07:06Z,クレジットカード,increment-run-003,workshop-participant,donation_events_003.csv,2026-09-01T00:03:20Z
EVT-FRS-004988,6004988,2004422,122262,3002632,15000,2026-08-31T07:07:34Z,クレジットカード,increment-run-003,workshop-participant,donation_events_003.csv,2026-09-01T00:03:20Z
EVT-FRS-011494,6011494,2011897,132187,3004886,15000,2026-08-31T07:09:03Z,クレジットカード,increment-run-003,workshop-participant,donation_events_003.csv,2026-09-01T00:03:20Z
EVT-FRS-008461,6008461,2004086,292117,3002957,10000,2026-08-31T07:22:55Z,クレジットカード,increment-run-003,workshop-participant,donation_events_003.csv,2026-09-01T00:03:20Z
EVT-FRS-010749,6010749,2002620,262030,3002382,20000,2026-08-31T07:23:15Z,銀行振込,increment-run-003,workshop-participant,donation_events_003.csv,2026-09-01T00:03:20Z
EVT-FRS-008191,6008191,2011726,432105,3001470,20000,2026-08-31T07:26:30Z,クレジットカード,increment-run-003,workshop-participant,donation_events_003.csv,2026-09-01T00:03:20Z
EVT-FRS-000451,6000451,2006927,122297,3000010,10000,2026-08-31T07:31:44Z,電子決済,increment-run-003,workshop-participant,donation_events_003.csv,2026-09-01T00:03:20Z
EVT-FRS-013389,6013389,2002749,042137,3001073,15000,2026-08-31T07:32:31Z,銀行振込,increment-run-003,workshop-participant,donation_events_003.csv,2026-09-01T00:03:20Z
EVT-FRS-006010,6006010,2009935,372072,3001553,10000,2026-08-31T07:35:14Z,クレジットカード,increment-run-003,workshop-participant,donation_events_003.csv,2026-09-01T00:03:20Z
EVT-FRS-006893,6006893,2002654,092088,3000614,15000,2026-08-31T07:36:02Z,クレジットカード,increment-run-003,workshop-participant,donation_events_003.csv,2026-09-01T00:03:20Z
EVT-FRS-001495,6001495,2008512,034029,3002339,10000,2026-08-31T07:41:32Z,クレジットカード,increment-run-003,workshop-participant,donation_events_003.csv,2026-09-01T00:03:20Z
EVT-FRS-000227,6000227,2004508,472115,3005292,5000,2026-08-31T07:48:41Z,クレジットカード,increment-run-003,workshop-participant,donation_events_003.csv,2026-09-01T00:03:20Z
EVT-FRS-004660,6004660,2011862,082228,3004200,10000,2026-08-31T07:53:13Z,クレジットカード,increment-run-003,workshop-participant,donation_events_003.csv,2026-09-01T00:03:20Z
EVT-FRS-009972,6009972,2002138,012157,3004222,25000,2026-08-31T07:58:44Z,クレジットカード,increment-run-003,workshop-participant,donation_events_003.csv,2026-09-01T00:03:20Z
EVT-FRS-003232,6003232,2005449,012238,3001524,30000,2026-08-31T07:59:05Z,クレジットカード,increment-run-003,workshop-participant,donation_events_003.csv,2026-09-01T00:03:20Z
EVT-FRS-007585,6007585,2011794,402303,3002367,10000,2026-08-31T08:02:57Z,クレジットカード,increment-run-003,workshop-participant,donation_events_003.csv,2026-09-01T00:03:20Z
EVT-FRS-001602,6001602,2005157,182028,3004811,15000,2026-08-31T08:03:09Z,クレジットカード,increment-run-003,workshop-participant,donation_events_003.csv,2026-09-01T00:03:20Z
EVT-FRS-014464,6014464,2000166,202011,3001773,10000,2026-08-31T08:07:32Z,クレジットカード,increment-run-003,workshop-participant,donation_events_003.csv,2026-09-01T00:03:20Z
EVT-FRS-004665,6004665,2000968,182028,3002137,50000,2026-08-31T08:07:46Z,電子決済,increment-run-003,workshop-participant,donation_events_003.csv,2026-09-01T00:03:20Z
EVT-FRS-002516,6002516,2000642,342114,3000013,12000,2026-08-31T08:14:34Z,クレジットカード,increment-run-003,workshop-participant,donation_events_003.csv,2026-09-01T00:03:20Z
EVT-FRS-008928,6008928,2004959,132128,3001786,40000,2026-08-31T08:15:35Z,クレジットカード,increment-run-003,workshop-participant,donation_events_003.csv,2026-09-01T00:03:20Z
EVT-FRS-007834,6007834,2008105,332151,3003939,15000,2026-08-31T08:16:38Z,クレジットカード,increment-run-003,workshop-participant,donation_events_003.csv,2026-09-01T00:03:20Z
EVT-FRS-014525,6014525,2004759,232190,3005560,20000,2026-08-31T08:17:44Z,電子決済,increment-run-003,workshop-participant,donation_events_003.csv,2026-09-01T00:03:20Z
EVT-FRS-008364,6008364,2001535,452025,3003952,25000,2026-08-31T08:23:12Z,銀行振込,increment-run-003,workshop-participant,donation_events_003.csv,2026-09-01T00:03:20Z
EVT-FRS-007562,6007562,2003371,102059,3002862,15000,2026-08-31T08:24:55Z,電子決済,increment-run-003,workshop-participant,donation_events_003.csv,2026-09-01T00:03:20Z
EVT-FRS-013296,6013296,2000267,012343,3000779,50000,2026-08-31T08:25:03Z,電子決済,increment-run-003,workshop-participant,donation_events_003.csv,2026-09-01T00:03:20Z
EVT-FRS-006530,6006530,2008840,072079,3000070,10000,2026-08-31T08:26:27Z,電子決済,increment-run-003,workshop-participant,donation_events_003.csv,2026-09-01T00:03:20Z
EVT-FRS-004252,6004252,2006099,272248,3005898,15000,2026-08-31T08:31:38Z,銀行振込,increment-run-003,workshop-participant,donation_events_003.csv,2026-09-01T00:03:20Z
EVT-FRS-013512,6013512,2001488,202053,3005246,50000,2026-08-31T08:33:03Z,クレジットカード,increment-run-003,workshop-participant,donation_events_003.csv,2026-09-01T00:03:20Z
EVT-FRS-002860,6002860,2000374,252131,3004895,20000,2026-08-31T08:33:58Z,クレジットカード,increment-run-003,workshop-participant,donation_events_003.csv,2026-09-01T00:03:20Z
EVT-FRS-014759,6014759,2002616,272183,3002885,8000,2026-08-31T08:36:23Z,クレジットカード,increment-run-003,workshop-participant,donation_events_003.csv,2026-09-01T00:03:20Z
EVT-FRS-010599,6010599,2005432,452025,3005996,100000,2026-08-31T08:36:26Z,電子決済,increment-run-003,workshop-participant,donation_events_003.csv,2026-09-01T00:03:20Z
EVT-FRS-009393,6009393,2007165,402265,3003852,10000,2026-08-31T08:36:53Z,クレジットカード,increment-run-003,workshop-participant,donation_events_003.csv,2026-09-01T00:03:20Z
EVT-FRS-005078,6005078,2001381,392111,3001783,8000,2026-08-31T08:40:33Z,電子決済,increment-run-003,workshop-participant,donation_events_003.csv,2026-09-01T00:03:20Z
EVT-FRS-012060,6012060,2008400,332020,3003115,20000,2026-08-31T08:41:43Z,電子決済,increment-run-003,workshop-participant,donation_events_003.csv,2026-09-01T00:03:20Z
EVT-FRS-000930,6000930,2008935,072079,3005665,8000,2026-08-31T08:43:06Z,クレジットカード,increment-run-003,workshop-participant,donation_events_003.csv,2026-09-01T00:03:20Z
EVT-FRS-008487,6008487,2006768,012262,3005450,5000,2026-08-31T08:43:08Z,クレジットカード,increment-run-003,workshop-participant,donation_events_003.csv,2026-09-01T00:03:20Z
EVT-FRS-010158,6010158,2010977,252034,3005091,30000,2026-08-31T08:44:15Z,クレジットカード,increment-run-003,workshop-participant,donation_events_003.csv,2026-09-01T00:03:20Z
EVT-FRS-005928,6005928,2001929,182109,3002995,15000,2026-08-31T08:45:59Z,電子決済,increment-run-003,workshop-participant,donation_events_003.csv,2026-09-01T00:03:20Z
EVT-FRS-001143,6001143,2011695,462225,3000096,12000,2026-08-31T08:48:02Z,クレジットカード,increment-run-003,workshop-participant,donation_events_003.csv,2026-09-01T00:03:20Z
EVT-FRS-006023,6006023,2010263,082112,3005005,30000,2026-08-31T08:53:42Z,クレジットカード,increment-run-003,workshop-participant,donation_events_003.csv,2026-09-01T00:03:20Z
EVT-FRS-010346,6010346,2001317,082201,3001620,10000,2026-08-31T08:54:51Z,クレジットカード,increment-run-003,workshop-participant,donation_events_003.csv,2026-09-01T00:03:20Z
EVT-FRS-002073,6002073,2007117,012238,3001524,12000,2026-08-31T09:00:34Z,クレジットカード,increment-run-003,workshop-participant,donation_events_003.csv,2026-09-01T00:03:20Z
EVT-FRS-007579,6007579,2002676,132276,3000809,5000,2026-08-31T09:01:33Z,クレジットカード,increment-run-003,workshop-participant,donation_events_003.csv,2026-09-01T00:03:20Z
EVT-FRS-002499,6002499,2005281,014818,3001979,30000,2026-08-31T09:01:56Z,クレジットカード,increment-run-003,workshop-participant,donation_events_003.csv,2026-09-01T00:03:20Z
EVT-FRS-011071,6011071,2005321,172065,3004832,8000,2026-08-31T09:02:25Z,クレジットカード,increment-run-003,workshop-participant,donation_events_003.csv,2026-09-01T00:03:20Z
EVT-FRS-013311,6013311,2011596,015458,3002477,15000,2026-08-31T09:02:51Z,クレジットカード,increment-run-003,workshop-participant,donation_events_003.csv,2026-09-01T00:03:20Z
EVT-FRS-003307,6003307,2008082,242080,3000173,12000,2026-08-31T09:07:08Z,クレジットカード,increment-run-003,workshop-participant,donation_events_003.csv,2026-09-01T00:03:20Z
EVT-FRS-008682,6008682,2008644,342157,3004107,5000,2026-08-31T09:15:20Z,電子決済,increment-run-003,workshop-participant,donation_events_003.csv,2026-09-01T00:03:20Z
EVT-FRS-010397,6010397,2000894,132292,3001996,30000,2026-08-31T09:15:57Z,クレジットカード,increment-run-003,workshop-participant,donation_events_003.csv,2026-09-01T00:03:20Z
EVT-FRS-006556,6006556,2007008,422053,3001130,40000,2026-08-31T09:19:44Z,クレジットカード,increment-run-003,workshop-participant,donation_events_003.csv,2026-09-01T00:03:20Z
EVT-FRS-013524,6013524,2002341,272329,3003678,50000,2026-08-31T09:21:12Z,クレジットカード,increment-run-003,workshop-participant,donation_events_003.csv,2026-09-01T00:03:20Z
EVT-FRS-014813,6014813,2008687,082112,3005871,15000,2026-08-31T09:27:14Z,電子決済,increment-run-003,workshop-participant,donation_events_003.csv,2026-09-01T00:03:20Z
EVT-FRS-000456,6000456,2004516,032085,3003088,25000,2026-08-31T09:28:04Z,銀行振込,increment-run-003,workshop-participant,donation_events_003.csv,2026-09-01T00:03:20Z
EVT-FRS-005595,6005595,2007194,082309,3005299,25000,2026-08-31T09:29:46Z,クレジットカード,increment-run-003,workshop-participant,donation_events_003.csv,2026-09-01T00:03:20Z
EVT-FRS-000624,6000624,2008770,222194,3001954,10000,2026-08-31T09:30:34Z,クレジットカード,increment-run-003,workshop-participant,donation_events_003.csv,2026-09-01T00:03:20Z
EVT-FRS-014259,6014259,2011776,292079,3002196,10000,2026-08-31T09:32:11Z,クレジットカード,increment-run-003,workshop-participant,donation_events_003.csv,2026-09-01T00:03:20Z
EVT-FRS-006186,6006186,2005044,442135,3000988,5000,2026-08-31T09:40:01Z,クレジットカード,increment-run-003,workshop-participant,donation_events_003.csv,2026-09-01T00:03:20Z
EVT-FRS-006661,6006661,2009907,062022,3003604,20000,2026-08-31T09:42:12Z,電子決済,increment-run-003,workshop-participant,donation_events_003.csv,2026-09-01T00:03:20Z
EVT-FRS-014475,6014475,2007387,042072,3003933,8000,2026-08-31T09:43:34Z,電子決済,increment-run-003,workshop-participant,donation_events_003.csv,2026-09-01T00:03:20Z
EVT-FRS-013278,6013278,2000131,272132,3003896,40000,2026-08-31T09:46:50Z,電子決済,increment-run-003,workshop-participant,donation_events_003.csv,2026-09-01T00:03:20Z
EVT-FRS-011003,6011003,2003359,092011,3001063,10000,2026-08-31T09:49:47Z,銀行振込,increment-run-003,workshop-participant,donation_events_003.csv,2026-09-01T00:03:20Z
EVT-FRS-009048,6009048,2001737,332054,3000347,30000,2026-08-31T09:50:33Z,コンビニ決済,increment-run-003,workshop-participant,donation_events_003.csv,2026-09-01T00:03:20Z
EVT-FRS-009820,6009820,2002107,062022,3004009,20000,2026-08-31T09:51:49Z,クレジットカード,increment-run-003,workshop-participant,donation_events_003.csv,2026-09-01T00:03:20Z
EVT-FRS-006092,6006092,2009320,032085,3002719,20000,2026-08-31T10:02:05Z,クレジットカード,increment-run-003,workshop-participant,donation_events_003.csv,2026-09-01T00:03:20Z
EVT-FRS-012533,6012533,2005055,232157,3000502,8000,2026-08-31T10:06:47Z,クレジットカード,increment-run-003,workshop-participant,donation_events_003.csv,2026-09-01T00:03:20Z
EVT-FRS-005289,6005289,2011873,422037,3004029,12000,2026-08-31T10:07:10Z,クレジットカード,increment-run-003,workshop-participant,donation_events_003.csv,2026-09-01T00:03:20Z
EVT-FRS-010967,6010967,2006712,082040,3003794,15000,2026-08-31T10:13:12Z,電子決済,increment-run-003,workshop-participant,donation_events_003.csv,2026-09-01T00:03:20Z
EVT-FRS-004257,6004257,2010542,024023,3002610,20000,2026-08-31T10:15:08Z,クレジットカード,increment-run-003,workshop-participant,donation_events_003.csv,2026-09-01T00:03:20Z
EVT-FRS-008278,6008278,2006387,013986,3002141,10000,2026-08-31T10:15:15Z,クレジットカード,increment-run-003,workshop-participant,donation_events_003.csv,2026-09-01T00:03:20Z
EVT-FRS-002424,6002424,2011803,322091,3001551,15000,2026-08-31T10:20:12Z,クレジットカード,increment-run-003,workshop-participant,donation_events_003.csv,2026-09-01T00:03:20Z
EVT-FRS-008328,6008328,2009609,012157,3003021,5000,2026-08-31T10:23:24Z,クレジットカード,increment-run-003,workshop-participant,donation_events_003.csv,2026-09-01T00:03:20Z
EVT-FRS-009183,6009183,2004678,372072,3002684,10000,2026-08-31T10:28:49Z,銀行振込,increment-run-003,workshop-participant,donation_events_003.csv,2026-09-01T00:03:20Z
EVT-FRS-008117,6008117,2002333,012165,3000543,5000,2026-08-31T10:33:38Z,クレジットカード,increment-run-003,workshop-participant,donation_events_003.csv,2026-09-01T00:03:20Z
EVT-FRS-011839,6011839,2000462,152226,3001102,10000,2026-08-31T10:34:07Z,クレジットカード,increment-run-003,workshop-participant,donation_events_003.csv,2026-09-01T00:03:20Z
EVT-FRS-001436,6001436,2001538,044440,3004229,10000,2026-08-31T10:34:25Z,クレジットカード,increment-run-003,workshop-participant,donation_events_003.csv,2026-09-01T00:03:20Z
EVT-FRS-000261,6000261,2002085,452092,3002644,10000,2026-08-31T10:37:53Z,クレジットカード,increment-run-003,workshop-participant,donation_events_003.csv,2026-09-01T00:03:20Z
EVT-FRS-009720,6009720,2008223,132250,3004243,10000,2026-08-31T10:38:23Z,電子決済,increment-run-003,workshop-participant,donation_events_003.csv,2026-09-01T00:03:20Z
EVT-FRS-003196,6003196,2001731,072010,3000845,30000,2026-08-31T10:41:06Z,電子決済,increment-run-003,workshop-participant,donation_events_003.csv,2026-09-01T00:03:20Z
EVT-FRS-008406,6008406,2001556,462152,3004285,15000,2026-08-31T10:41:22Z,コンビニ決済,increment-run-003,workshop-participant,donation_events_003.csv,2026-09-01T00:03:20Z
EVT-FRS-004340,6004340,2002596,016446,3001965,10000,2026-08-31T10:42:41Z,クレジットカード,increment-run-003,workshop-participant,donation_events_003.csv,2026-09-01T00:03:20Z
EVT-FRS-013634,6013634,2009620,242039,3003062,5000,2026-08-31T10:43:58Z,銀行振込,increment-run-003,workshop-participant,donation_events_003.csv,2026-09-01T00:03:20Z
EVT-FRS-011309,6011309,2010926,252042,3002429,10000,2026-08-31T10:45:33Z,クレジットカード,increment-run-003,workshop-participant,donation_events_003.csv,2026-09-01T00:03:20Z
EVT-FRS-001114,6001114,2011158,132292,3004086,10000,2026-08-31T10:48:47Z,コンビニ決済,increment-run-003,workshop-participant,donation_events_003.csv,2026-09-01T00:03:20Z
EVT-FRS-005389,6005389,2007169,112127,3002652,8000,2026-08-31T10:49:47Z,クレジットカード,increment-run-003,workshop-participant,donation_events_003.csv,2026-09-01T00:03:20Z
EVT-FRS-012812,6012812,2005191,302082,3005134,10000,2026-08-31T10:52:06Z,クレジットカード,increment-run-003,workshop-participant,donation_events_003.csv,2026-09-01T00:03:20Z
EVT-FRS-008842,6008842,2006606,202193,3000383,20000,2026-08-31T10:53:03Z,クレジットカード,increment-run-003,workshop-participant,donation_events_003.csv,2026-09-01T00:03:20Z
EVT-FRS-008351,6008351,2003771,232068,3000513,40000,2026-08-31T10:53:17Z,クレジットカード,increment-run-003,workshop-participant,donation_events_003.csv,2026-09-01T00:03:20Z
EVT-FRS-013950,6013950,2005692,212199,3002524,12000,2026-08-31T10:56:22Z,クレジットカード,increment-run-003,workshop-participant,donation_events_003.csv,2026-09-01T00:03:20Z
EVT-FRS-008973,6008973,2010366,192066,3005778,20000,2026-08-31T10:56:48Z,クレジットカード,increment-run-003,workshop-participant,donation_events_003.csv,2026-09-01T00:03:20Z
EVT-FRS-004961,6004961,2005067,402231,3002661,10000,2026-08-31T10:57:31Z,コンビニ決済,increment-run-003,workshop-participant,donation_events_003.csv,2026-09-01T00:03:20Z
EVT-FRS-008826,6008826,2009681,432024,3000580,12000,2026-08-31T10:57:59Z,クレジットカード,increment-run-003,workshop-participant,donation_events_003.csv,2026-09-01T00:03:20Z
EVT-FRS-009667,6009667,2007669,302091,3000684,20000,2026-08-31T10:58:03Z,クレジットカード,increment-run-003,workshop-participant,donation_events_003.csv,2026-09-01T00:03:20Z
EVT-FRS-014618,6014618,2000803,042081,3001074,20000,2026-08-31T10:58:59Z,電子決済,increment-run-003,workshop-participant,donation_events_003.csv,2026-09-01T00:03:20Z
EVT-FRS-001151,6001151,2003542,122050,3003467,8000,2026-08-31T10:59:34Z,電子決済,increment-run-003,workshop-participant,donation_events_003.csv,2026-09-01T00:03:20Z
EVT-FRS-006109,6006109,2007620,112241,3002603,5000,2026-08-31T11:00:57Z,クレジットカード,increment-run-003,workshop-participant,donation_events_003.csv,2026-09-01T00:03:20Z
EVT-FRS-005260,6005260,2005767,215015,3004723,5000,2026-08-31T11:04:36Z,クレジットカード,increment-run-003,workshop-participant,donation_events_003.csv,2026-09-01T00:03:20Z
EVT-FRS-009612,6009612,2010670,373648,3005219,12000,2026-08-31T11:05:13Z,電子決済,increment-run-003,workshop-participant,donation_events_003.csv,2026-09-01T00:03:20Z
EVT-FRS-010882,6010882,2004673,272311,3000298,20000,2026-08-31T11:11:08Z,クレジットカード,increment-run-003,workshop-participant,donation_events_003.csv,2026-09-01T00:03:20Z
EVT-FRS-012591,6012591,2006175,204129,3002575,10000,2026-08-31T11:11:11Z,クレジットカード,increment-run-003,workshop-participant,donation_events_003.csv,2026-09-01T00:03:20Z
EVT-FRS-013815,6013815,2002164,082317,3000841,12000,2026-08-31T11:11:35Z,クレジットカード,increment-run-003,workshop-participant,donation_events_003.csv,2026-09-01T00:03:20Z
EVT-FRS-005970,6005970,2009676,062014,3004210,20000,2026-08-31T11:12:13Z,クレジットカード,increment-run-003,workshop-participant,donation_events_003.csv,2026-09-01T00:03:20Z
EVT-FRS-012471,6012471,2007146,142182,3001240,10000,2026-08-31T11:17:13Z,クレジットカード,increment-run-003,workshop-participant,donation_events_003.csv,2026-09-01T00:03:20Z
EVT-FRS-004396,6004396,2002028,074616,3005380,10000,2026-08-31T11:17:17Z,銀行振込,increment-run-003,workshop-participant,donation_events_003.csv,2026-09-01T00:03:20Z
EVT-FRS-007221,6007221,2006755,012254,3003607,8000,2026-08-31T11:18:04Z,クレジットカード,increment-run-003,workshop-participant,donation_events_003.csv,2026-09-01T00:03:20Z
EVT-FRS-013561,6013561,2007160,352080,3004250,15000,2026-08-31T11:18:40Z,コンビニ決済,increment-run-003,workshop-participant,donation_events_003.csv,2026-09-01T00:03:20Z
EVT-FRS-013944,6013944,2007260,032166,3005888,10000,2026-08-31T11:21:47Z,クレジットカード,increment-run-003,workshop-participant,donation_events_003.csv,2026-09-01T00:03:20Z
EVT-FRS-011508,6011508,2007816,332020,3001632,10000,2026-08-31T11:27:02Z,クレジットカード,increment-run-003,workshop-participant,donation_events_003.csv,2026-09-01T00:03:20Z
EVT-FRS-010107,6010107,2001705,112321,3005766,15000,2026-08-31T11:35:03Z,電子決済,increment-run-003,workshop-participant,donation_events_003.csv,2026-09-01T00:03:20Z
EVT-FRS-003216,6003216,2001056,122050,3001654,5000,2026-08-31T11:42:02Z,クレジットカード,increment-run-003,workshop-participant,donation_events_003.csv,2026-09-01T00:03:20Z
EVT-FRS-007627,6007627,2010140,112186,3002992,5000,2026-08-31T11:42:27Z,クレジットカード,increment-run-003,workshop-participant,donation_events_003.csv,2026-09-01T00:03:20Z
EVT-FRS-005186,6005186,2011874,034843,3005123,10000,2026-08-31T11:47:51Z,電子決済,increment-run-003,workshop-participant,donation_events_003.csv,2026-09-01T00:03:20Z
EVT-FRS-007815,6007815,2006988,232386,3003278,10000,2026-08-31T11:51:00Z,銀行振込,increment-run-003,workshop-participant,donation_events_003.csv,2026-09-01T00:03:20Z
EVT-FRS-013368,6013368,2009386,452041,3002113,10000,2026-08-31T11:54:54Z,クレジットカード,increment-run-003,workshop-participant,donation_events_003.csv,2026-09-01T00:03:20Z
EVT-FRS-005835,6005835,2001016,452025,3004014,15000,2026-08-31T11:58:39Z,クレジットカード,increment-run-003,workshop-participant,donation_events_003.csv,2026-09-01T00:03:20Z
EVT-FRS-006979,6006979,2008166,342157,3004528,10000,2026-08-31T12:01:41Z,クレジットカード,increment-run-003,workshop-participant,donation_events_003.csv,2026-09-01T00:03:20Z
EVT-FRS-010855,6010855,2005021,132128,3000831,5000,2026-08-31T12:03:47Z,電子決済,increment-run-003,workshop-participant,donation_events_003.csv,2026-09-01T00:03:20Z
EVT-FRS-012924,6012924,2005189,112127,3002652,12000,2026-08-31T12:04:47Z,クレジットカード,increment-run-003,workshop-participant,donation_events_003.csv,2026-09-01T00:03:20Z
EVT-FRS-002449,6002449,2010158,012220,3003071,20000,2026-08-31T12:08:41Z,銀行振込,increment-run-003,workshop-participant,donation_events_003.csv,2026-09-01T00:03:20Z
EVT-FRS-011661,6011661,2007355,262064,3004909,20000,2026-08-31T12:12:27Z,電子決済,increment-run-003,workshop-participant,donation_events_003.csv,2026-09-01T00:03:20Z
EVT-FRS-004573,6004573,2010197,112020,3002647,5000,2026-08-31T12:13:46Z,クレジットカード,increment-run-003,workshop-participant,donation_events_003.csv,2026-09-01T00:03:20Z
EVT-FRS-001253,6001253,2003025,012190,3001672,20000,2026-08-31T12:19:26Z,クレジットカード,increment-run-003,workshop-participant,donation_events_003.csv,2026-09-01T00:03:20Z
EVT-FRS-011720,6011720,2009809,294501,3001583,15000,2026-08-31T12:23:20Z,電子決済,increment-run-003,workshop-participant,donation_events_003.csv,2026-09-01T00:03:20Z
EVT-FRS-000532,6000532,2005958,013331,3003650,10000,2026-08-31T12:24:40Z,クレジットカード,increment-run-003,workshop-participant,donation_events_003.csv,2026-09-01T00:03:20Z
EVT-FRS-003187,6003187,2003502,273619,3005817,12000,2026-08-31T12:25:48Z,クレジットカード,increment-run-003,workshop-participant,donation_events_003.csv,2026-09-01T00:03:20Z
EVT-FRS-005847,6005847,2006547,102059,3005478,10000,2026-08-31T12:29:01Z,電子決済,increment-run-003,workshop-participant,donation_events_003.csv,2026-09-01T00:03:20Z
EVT-FRS-001344,6001344,2008190,342025,3004445,10000,2026-08-31T12:29:56Z,銀行振込,increment-run-003,workshop-participant,donation_events_003.csv,2026-09-01T00:03:20Z
EVT-FRS-010737,6010737,2002993,102067,3000568,10000,2026-08-31T12:30:54Z,クレジットカード,increment-run-003,workshop-participant,donation_events_003.csv,2026-09-01T00:03:20Z
EVT-FRS-013593,6013593,2006885,252131,3004895,20000,2026-08-31T12:31:06Z,クレジットカード,increment-run-003,workshop-participant,donation_events_003.csv,2026-09-01T00:03:20Z
EVT-FRS-007461,6007461,2007244,252140,3003192,10000,2026-08-31T12:39:32Z,コンビニ決済,increment-run-003,workshop-participant,donation_events_003.csv,2026-09-01T00:03:20Z
EVT-FRS-014134,6014134,2002315,242021,3000029,20000,2026-08-31T12:43:22Z,クレジットカード,increment-run-003,workshop-participant,donation_events_003.csv,2026-09-01T00:03:20Z
EVT-FRS-005598,6005598,2010460,292109,3000397,8000,2026-08-31T12:43:31Z,コンビニ決済,increment-run-003,workshop-participant,donation_events_003.csv,2026-09-01T00:03:20Z
EVT-FRS-006490,6006490,2007693,452068,3004641,12000,2026-08-31T12:44:41Z,銀行振込,increment-run-003,workshop-participant,donation_events_003.csv,2026-09-01T00:03:20Z
EVT-FRS-005046,6005046,2003671,282278,3004467,30000,2026-08-31T12:52:24Z,電子決済,increment-run-003,workshop-participant,donation_events_003.csv,2026-09-01T00:03:20Z
EVT-FRS-006667,6006667,2002540,152137,3002925,10000,2026-08-31T12:54:27Z,クレジットカード,increment-run-003,workshop-participant,donation_events_003.csv,2026-09-01T00:03:20Z
EVT-FRS-009380,6009380,2002405,212148,3000286,20000,2026-08-31T12:55:21Z,クレジットカード,increment-run-003,workshop-participant,donation_events_003.csv,2026-09-01T00:03:20Z
EVT-FRS-003481,6003481,2003528,041009,3001599,30000,2026-08-31T12:56:33Z,クレジットカード,increment-run-003,workshop-participant,donation_events_003.csv,2026-09-01T00:03:20Z
EVT-FRS-000804,6000804,2006968,464686,3004436,10000,2026-08-31T12:58:41Z,クレジットカード,increment-run-003,workshop-participant,donation_events_003.csv,2026-09-01T00:03:20Z
EVT-FRS-002918,6002918,2009363,222071,3005867,15000,2026-08-31T13:03:55Z,クレジットカード,increment-run-003,workshop-participant,donation_events_003.csv,2026-09-01T00:03:20Z
EVT-FRS-008799,6008799,2007305,132195,3004404,50000,2026-08-31T13:12:51Z,銀行振込,increment-run-003,workshop-participant,donation_events_003.csv,2026-09-01T00:03:20Z
EVT-FRS-000784,6000784,2008623,462187,3004448,20000,2026-08-31T13:16:35Z,クレジットカード,increment-run-003,workshop-participant,donation_events_003.csv,2026-09-01T00:03:20Z
EVT-FRS-014370,6014370,2001872,402206,3001123,20000,2026-08-31T13:17:06Z,クレジットカード,increment-run-003,workshop-participant,donation_events_003.csv,2026-09-01T00:03:20Z
EVT-FRS-009837,6009837,2007334,282103,3005275,10000,2026-08-31T13:28:16Z,電子決済,increment-run-003,workshop-participant,donation_events_003.csv,2026-09-01T00:03:20Z
EVT-FRS-003229,6003229,2001063,012181,3002867,10000,2026-08-31T13:28:17Z,クレジットカード,increment-run-003,workshop-participant,donation_events_003.csv,2026-09-01T00:03:20Z
EVT-FRS-009094,6009094,2001302,262111,3004505,10000,2026-08-31T13:33:36Z,クレジットカード,increment-run-003,workshop-participant,donation_events_003.csv,2026-09-01T00:03:20Z
EVT-FRS-000524,6000524,2004152,363022,3002021,15000,2026-08-31T13:36:44Z,クレジットカード,increment-run-003,workshop-participant,donation_events_003.csv,2026-09-01T00:03:20Z
EVT-FRS-012099,6012099,2010014,452050,3001657,10000,2026-08-31T13:39:38Z,電子決済,increment-run-003,workshop-participant,donation_events_003.csv,2026-09-01T00:03:20Z
EVT-FRS-001956,6001956,2007555,034851,3000237,20000,2026-08-31T13:41:03Z,クレジットカード,increment-run-003,workshop-participant,donation_events_003.csv,2026-09-01T00:03:20Z
EVT-FRS-005665,6005665,2008117,212067,3004402,30000,2026-08-31T13:43:45Z,電子決済,increment-run-003,workshop-participant,donation_events_003.csv,2026-09-01T00:03:20Z
EVT-FRS-001740,6001740,2005683,222054,3000826,15000,2026-08-31T13:45:13Z,電子決済,increment-run-003,workshop-participant,donation_events_003.csv,2026-09-01T00:03:20Z
EVT-FRS-008660,6008660,2002425,282278,3004874,10000,2026-08-31T13:46:59Z,電子決済,increment-run-003,workshop-participant,donation_events_003.csv,2026-09-01T00:03:20Z
EVT-FRS-003653,6003653,2008743,103667,3000949,10000,2026-08-31T13:52:32Z,クレジットカード,increment-run-003,workshop-participant,donation_events_003.csv,2026-09-01T00:03:20Z
EVT-FRS-002545,6002545,2006374,272086,3004787,15000,2026-08-31T14:05:06Z,コンビニ決済,increment-run-003,workshop-participant,donation_events_003.csv,2026-09-01T00:03:20Z
EVT-FRS-008604,6008604,2005782,272264,3004088,30000,2026-08-31T14:08:29Z,電子決済,increment-run-003,workshop-participant,donation_events_003.csv,2026-09-01T00:03:20Z
EVT-FRS-009746,6009746,2005888,012238,3001524,15000,2026-08-31T14:11:18Z,コンビニ決済,increment-run-003,workshop-participant,donation_events_003.csv,2026-09-01T00:03:20Z
EVT-FRS-003997,6003997,2001414,072125,3000091,8000,2026-08-31T14:11:58Z,電子決済,increment-run-003,workshop-participant,donation_events_003.csv,2026-09-01T00:03:20Z
EVT-FRS-011372,6011372,2004960,272132,3000548,15000,2026-08-31T14:16:29Z,クレジットカード,increment-run-003,workshop-participant,donation_events_003.csv,2026-09-01T00:03:20Z
EVT-FRS-006151,6006151,2003645,472093,3003580,8000,2026-08-31T14:17:18Z,クレジットカード,increment-run-003,workshop-participant,donation_events_003.csv,2026-09-01T00:03:20Z
EVT-FRS-013456,6013456,2005039,472093,3000756,50000,2026-08-31T14:19:09Z,クレジットカード,increment-run-003,workshop-participant,donation_events_003.csv,2026-09-01T00:03:20Z
EVT-FRS-002894,6002894,2008450,382043,3005763,40000,2026-08-31T14:19:20Z,クレジットカード,increment-run-003,workshop-participant,donation_events_003.csv,2026-09-01T00:03:20Z
EVT-FRS-003429,6003429,2001939,062014,3005701,10000,2026-08-31T14:21:38Z,クレジットカード,increment-run-003,workshop-participant,donation_events_003.csv,2026-09-01T00:03:20Z
EVT-FRS-014033,6014033,2008521,282090,3002876,10000,2026-08-31T14:30:06Z,クレジットカード,increment-run-003,workshop-participant,donation_events_003.csv,2026-09-01T00:03:20Z
EVT-FRS-008693,6008693,2005722,292125,3002556,5000,2026-08-31T14:32:45Z,クレジットカード,increment-run-003,workshop-participant,donation_events_003.csv,2026-09-01T00:03:20Z
EVT-FRS-012468,6012468,2004287,032026,3001042,20000,2026-08-31T14:33:32Z,クレジットカード,increment-run-003,workshop-participant,donation_events_003.csv,2026-09-01T00:03:20Z
EVT-FRS-009176,6009176,2000943,452068,3003216,10000,2026-08-31T14:42:17Z,クレジットカード,increment-run-003,workshop-participant,donation_events_003.csv,2026-09-01T00:03:20Z
EVT-FRS-010431,6010431,2000310,302023,3002401,10000,2026-08-31T14:45:39Z,クレジットカード,increment-run-003,workshop-participant,donation_events_003.csv,2026-09-01T00:03:20Z
EVT-FRS-007789,6007789,2010851,222151,3005610,10000,2026-08-31T14:59:16Z,クレジットカード,increment-run-003,workshop-participant,donation_events_003.csv,2026-09-01T00:03:20Z
EVT-FRS-014248,6014248,2002800,223051,3005031,20000,2026-08-31T15:00:05Z,クレジットカード,increment-run-003,workshop-participant,donation_events_003.csv,2026-09-01T00:03:20Z
EVT-FRS-010007,6010007,2001106,132195,3004404,8000,2026-08-31T15:01:50Z,クレジットカード,increment-run-003,workshop-participant,donation_events_003.csv,2026-09-01T00:03:20Z
EVT-FRS-011548,6011548,2010326,462063,3004095,15000,2026-08-31T15:02:08Z,電子決済,increment-run-003,workshop-participant,donation_events_003.csv,2026-09-01T00:03:20Z
EVT-FRS-000290,6000290,2011277,272299,3004573,40000,2026-08-31T15:02:40Z,クレジットカード,increment-run-003,workshop-participant,donation_events_003.csv,2026-09-01T00:03:20Z
EVT-FRS-005745,6005745,2005354,462233,3003611,15000,2026-08-31T15:05:13Z,電子決済,increment-run-003,workshop-participant,donation_events_003.csv,2026-09-01T00:03:20Z
EVT-FRS-011036,6011036,2005271,014591,3004485,30000,2026-08-31T15:12:42Z,クレジットカード,increment-run-003,workshop-participant,donation_events_003.csv,2026-09-01T00:03:20Z
EVT-FRS-002395,6002395,2008023,112305,3005512,5000,2026-08-31T15:13:38Z,クレジットカード,increment-run-003,workshop-participant,donation_events_003.csv,2026-09-01T00:03:20Z
EVT-FRS-007427,6007427,2009852,131211,3004690,25000,2026-08-31T15:14:10Z,クレジットカード,increment-run-003,workshop-participant,donation_events_003.csv,2026-09-01T00:03:20Z
EVT-FRS-012902,6012902,2004528,141003,3003285,15000,2026-08-31T15:19:22Z,クレジットカード,increment-run-003,workshop-participant,donation_events_003.csv,2026-09-01T00:03:20Z
EVT-FRS-002207,6002207,2010195,212199,3004230,10000,2026-08-31T15:20:16Z,クレジットカード,increment-run-003,workshop-participant,donation_events_003.csv,2026-09-01T00:03:20Z
EVT-FRS-003212,6003212,2008331,172111,3000728,15000,2026-08-31T15:25:20Z,クレジットカード,increment-run-003,workshop-participant,donation_events_003.csv,2026-09-01T00:03:20Z
EVT-FRS-007896,6007896,2001323,392103,3003399,10000,2026-08-31T15:26:19Z,クレジットカード,increment-run-003,workshop-participant,donation_events_003.csv,2026-09-01T00:03:20Z
EVT-FRS-008422,6008422,2008257,232068,3002771,12000,2026-08-31T15:28:55Z,クレジットカード,increment-run-003,workshop-participant,donation_events_003.csv,2026-09-01T00:03:20Z
EVT-FRS-001785,6001785,2005956,272183,3002258,8000,2026-08-31T15:33:06Z,クレジットカード,increment-run-003,workshop-participant,donation_events_003.csv,2026-09-01T00:03:20Z
EVT-FRS-002172,6002172,2000817,112461,3000403,20000,2026-08-31T15:37:37Z,クレジットカード,increment-run-003,workshop-participant,donation_events_003.csv,2026-09-01T00:03:20Z
EVT-FRS-011937,6011937,2004106,132110,3003838,8000,2026-08-31T15:37:39Z,電子決済,increment-run-003,workshop-participant,donation_events_003.csv,2026-09-01T00:03:20Z
EVT-FRS-006173,6006173,2007590,335860,3004405,20000,2026-08-31T15:39:39Z,クレジットカード,increment-run-003,workshop-participant,donation_events_003.csv,2026-09-01T00:03:20Z
EVT-FRS-001417,6001417,2000059,152081,3000386,25000,2026-08-31T15:56:53Z,銀行振込,increment-run-003,workshop-participant,donation_events_003.csv,2026-09-01T00:03:20Z
EVT-FRS-009819,6009819,2000620,362051,3004566,10000,2026-08-31T15:58:07Z,クレジットカード,increment-run-003,workshop-participant,donation_events_003.csv,2026-09-01T00:03:20Z
EVT-FRS-010639,6010639,2003567,402184,3001031,5000,2026-08-31T15:59:30Z,電子決済,increment-run-003,workshop-participant,donation_events_003.csv,2026-09-01T00:03:20Z
EVT-FRS-008281,6008281,2001547,016675,3005924,10000,2026-08-31T16:00:22Z,クレジットカード,increment-run-003,workshop-participant,donation_events_003.csv,2026-09-01T00:03:20Z
EVT-FRS-012755,6012755,2003173,272183,3001677,5000,2026-08-31T16:01:18Z,クレジットカード,increment-run-003,workshop-participant,donation_events_003.csv,2026-09-01T00:03:20Z
EVT-FRS-012327,6012327,2010896,473031,3001204,15000,2026-08-31T16:02:55Z,クレジットカード,increment-run-003,workshop-participant,donation_events_003.csv,2026-09-01T00:03:20Z
EVT-FRS-014178,6014178,2006467,152188,3002550,25000,2026-08-31T16:06:15Z,クレジットカード,increment-run-003,workshop-participant,donation_events_003.csv,2026-09-01T00:03:20Z
EVT-FRS-003223,6003223,2007889,402117,3000751,20000,2026-08-31T16:07:24Z,クレジットカード,increment-run-003,workshop-participant,donation_events_003.csv,2026-09-01T00:03:20Z
EVT-FRS-000102,6000102,2010660,132039,3000120,10000,2026-08-31T16:10:17Z,クレジットカード,increment-run-003,workshop-participant,donation_events_003.csv,2026-09-01T00:03:20Z
EVT-FRS-008907,6008907,2005585,122122,3001464,10000,2026-08-31T16:11:14Z,クレジットカード,increment-run-003,workshop-participant,donation_events_003.csv,2026-09-01T00:03:20Z
EVT-FRS-009021,6009021,2001600,122165,3000339,10000,2026-08-31T16:12:22Z,クレジットカード,increment-run-003,workshop-participant,donation_events_003.csv,2026-09-01T00:03:20Z
EVT-FRS-011471,6011471,2002675,242047,3005269,10000,2026-08-31T16:14:02Z,電子決済,increment-run-003,workshop-participant,donation_events_003.csv,2026-09-01T00:03:20Z
EVT-FRS-009786,6009786,2001985,102059,3002894,10000,2026-08-31T16:16:24Z,電子決済,increment-run-003,workshop-participant,donation_events_003.csv,2026-09-01T00:03:20Z
EVT-FRS-009088,6009088,2000531,322041,3001006,15000,2026-08-31T16:18:29Z,クレジットカード,increment-run-003,workshop-participant,donation_events_003.csv,2026-09-01T00:03:20Z
EVT-FRS-011529,6011529,2000061,142166,3004427,12000,2026-08-31T16:26:58Z,電子決済,increment-run-003,workshop-participant,donation_events_003.csv,2026-09-01T00:03:20Z
EVT-FRS-013936,6013936,2002118,312029,3003101,20000,2026-08-31T16:29:53Z,コンビニ決済,increment-run-003,workshop-participant,donation_events_003.csv,2026-09-01T00:03:20Z
EVT-FRS-012439,6012439,2002729,184837,3002853,50000,2026-08-31T16:31:34Z,クレジットカード,increment-run-003,workshop-participant,donation_events_003.csv,2026-09-01T00:03:20Z
EVT-FRS-010373,6010373,2000607,412104,3005345,15000,2026-08-31T16:31:48Z,電子決済,increment-run-003,workshop-participant,donation_events_003.csv,2026-09-01T00:03:20Z
EVT-FRS-014097,6014097,2008878,452025,3005848,25000,2026-08-31T16:32:22Z,銀行振込,increment-run-003,workshop-participant,donation_events_003.csv,2026-09-01T00:03:20Z
EVT-FRS-002820,6002820,2007719,373222,3002754,40000,2026-08-31T16:49:41Z,銀行振込,increment-run-003,workshop-participant,donation_events_003.csv,2026-09-01T00:03:20Z
EVT-FRS-001101,6001101,2011134,082031,3003807,40000,2026-08-31T16:49:46Z,クレジットカード,increment-run-003,workshop-participant,donation_events_003.csv,2026-09-01T00:03:20Z
EVT-FRS-001867,6001867,2010199,282197,3001184,15000,2026-08-31T17:04:51Z,クレジットカード,increment-run-003,workshop-participant,donation_events_003.csv,2026-09-01T00:03:20Z
EVT-FRS-004319,6004319,2003365,406252,3001137,20000,2026-08-31T17:09:01Z,クレジットカード,increment-run-003,workshop-participant,donation_events_003.csv,2026-09-01T00:03:20Z
EVT-FRS-003530,6003530,2008825,282146,3001029,20000,2026-08-31T17:13:11Z,クレジットカード,increment-run-003,workshop-participant,donation_events_003.csv,2026-09-01T00:03:20Z
EVT-FRS-008431,6008431,2007860,152111,3003757,25000,2026-08-31T17:13:32Z,クレジットカード,increment-run-003,workshop-participant,donation_events_003.csv,2026-09-01T00:03:20Z
EVT-FRS-014557,6014557,2003884,012041,3002396,15000,2026-08-31T17:15:17Z,クレジットカード,increment-run-003,workshop-participant,donation_events_003.csv,2026-09-01T00:03:20Z
EVT-FRS-010642,6010642,2010145,142166,3005251,10000,2026-08-31T17:15:35Z,銀行振込,increment-run-003,workshop-participant,donation_events_003.csv,2026-09-01T00:03:20Z
EVT-FRS-010951,6010951,2009831,174637,3001760,10000,2026-08-31T17:15:53Z,電子決済,increment-run-003,workshop-participant,donation_events_003.csv,2026-09-01T00:03:20Z
EVT-FRS-005554,6005554,2006926,124214,3000800,8000,2026-08-31T17:19:04Z,クレジットカード,increment-run-003,workshop-participant,donation_events_003.csv,2026-09-01T00:03:20Z
EVT-FRS-006436,6006436,2002878,042030,3000506,30000,2026-08-31T17:20:00Z,クレジットカード,increment-run-003,workshop-participant,donation_events_003.csv,2026-09-01T00:03:20Z
EVT-FRS-008353,6008353,2009742,044067,3003784,15000,2026-08-31T17:27:59Z,銀行振込,increment-run-003,workshop-participant,donation_events_003.csv,2026-09-01T00:03:20Z
EVT-FRS-010010,6010010,2000281,223255,3002331,30000,2026-08-31T17:34:32Z,クレジットカード,increment-run-003,workshop-participant,donation_events_003.csv,2026-09-01T00:03:20Z
EVT-FRS-003535,6003535,2009267,452025,3003388,10000,2026-08-31T17:34:53Z,クレジットカード,increment-run-003,workshop-participant,donation_events_003.csv,2026-09-01T00:03:20Z
EVT-FRS-006379,6006379,2009231,142182,3001240,15000,2026-08-31T17:38:30Z,クレジットカード,increment-run-003,workshop-participant,donation_events_003.csv,2026-09-01T00:03:20Z
EVT-FRS-004476,6004476,2001678,222143,3000723,15000,2026-08-31T17:40:16Z,クレジットカード,increment-run-003,workshop-participant,donation_events_003.csv,2026-09-01T00:03:20Z
EVT-FRS-010676,6010676,2003617,012246,3002511,5000,2026-08-31T17:40:16Z,クレジットカード,increment-run-003,workshop-participant,donation_events_003.csv,2026-09-01T00:03:20Z
EVT-FRS-011339,6011339,2005546,102091,3000059,20000,2026-08-31T17:40:48Z,クレジットカード,increment-run-003,workshop-participant,donation_events_003.csv,2026-09-01T00:03:20Z
EVT-FRS-010364,6010364,2004971,132047,3005163,10000,2026-08-31T17:42:49Z,クレジットカード,increment-run-003,workshop-participant,donation_events_003.csv,2026-09-01T00:03:20Z
EVT-FRS-004130,6004130,2011589,142140,3003862,25000,2026-08-31T17:45:00Z,クレジットカード,increment-run-003,workshop-participant,donation_events_003.csv,2026-09-01T00:03:20Z
EVT-FRS-010437,6010437,2000541,423831,3005206,50000,2026-08-31T17:46:10Z,コンビニ決済,increment-run-003,workshop-participant,donation_events_003.csv,2026-09-01T00:03:20Z
EVT-FRS-010586,6010586,2011470,052116,3004863,30000,2026-08-31T17:51:01Z,銀行振込,increment-run-003,workshop-participant,donation_events_003.csv,2026-09-01T00:03:20Z
EVT-FRS-009070,6009070,2006942,112313,3003968,15000,2026-08-31T17:51:15Z,クレジットカード,increment-run-003,workshop-participant,donation_events_003.csv,2026-09-01T00:03:20Z
EVT-FRS-012977,6012977,2010177,232203,3002562,15000,2026-08-31T17:51:17Z,クレジットカード,increment-run-003,workshop-participant,donation_events_003.csv,2026-09-01T00:03:20Z
EVT-FRS-009598,6009598,2007369,442071,3000202,5000,2026-08-31T17:53:25Z,電子決済,increment-run-003,workshop-participant,donation_events_003.csv,2026-09-01T00:03:20Z
EVT-FRS-009075,6009075,2002379,153851,3002577,10000,2026-08-31T17:53:46Z,クレジットカード,increment-run-003,workshop-participant,donation_events_003.csv,2026-09-01T00:03:20Z
EVT-FRS-003070,6003070,2006206,472140,3000761,5000,2026-08-31T17:55:48Z,クレジットカード,increment-run-003,workshop-participant,donation_events_003.csv,2026-09-01T00:03:20Z
EVT-FRS-001977,6001977,2004434,182044,3003831,30000,2026-08-31T18:03:01Z,クレジットカード,increment-run-003,workshop-participant,donation_events_003.csv,2026-09-01T00:03:20Z
EVT-FRS-005028,6005028,2002758,152129,3001015,15000,2026-08-31T18:03:20Z,コンビニ決済,increment-run-003,workshop-participant,donation_events_003.csv,2026-09-01T00:03:20Z
EVT-FRS-005764,6005764,2004029,232157,3005108,10000,2026-08-31T18:03:46Z,コンビニ決済,increment-run-003,workshop-participant,donation_events_003.csv,2026-09-01T00:03:20Z
EVT-FRS-009789,6009789,2004553,012092,3001127,5000,2026-08-31T18:04:20Z,電子決済,increment-run-003,workshop-participant,donation_events_003.csv,2026-09-01T00:03:20Z
EVT-FRS-002412,6002412,2009503,222127,3003026,15000,2026-08-31T18:06:27Z,銀行振込,increment-run-003,workshop-participant,donation_events_003.csv,2026-09-01T00:03:20Z
EVT-FRS-001428,6001428,2010101,232017,3002168,50000,2026-08-31T18:07:03Z,クレジットカード,increment-run-003,workshop-participant,donation_events_003.csv,2026-09-01T00:03:20Z
EVT-FRS-005904,6005904,2000506,124036,3004646,12000,2026-08-31T18:09:28Z,電子決済,increment-run-003,workshop-participant,donation_events_003.csv,2026-09-01T00:03:20Z
EVT-FRS-002335,6002335,2001968,262072,3004715,10000,2026-08-31T18:10:01Z,電子決済,increment-run-003,workshop-participant,donation_events_003.csv,2026-09-01T00:03:20Z
EVT-FRS-007493,6007493,2006140,142069,3001405,15000,2026-08-31T18:11:21Z,クレジットカード,increment-run-003,workshop-participant,donation_events_003.csv,2026-09-01T00:03:20Z
EVT-FRS-011179,6011179,2009632,012084,3001038,15000,2026-08-31T18:13:15Z,電子決済,increment-run-003,workshop-participant,donation_events_003.csv,2026-09-01T00:03:20Z
EVT-FRS-008677,6008677,2008052,112071,3004975,8000,2026-08-31T18:14:31Z,コンビニ決済,increment-run-003,workshop-participant,donation_events_003.csv,2026-09-01T00:03:20Z
EVT-FRS-007498,6007498,2008850,222267,3003337,15000,2026-08-31T18:19:00Z,コンビニ決済,increment-run-003,workshop-participant,donation_events_003.csv,2026-09-01T00:03:20Z
EVT-FRS-002703,6002703,2001771,052060,3004806,10000,2026-08-31T18:19:45Z,コンビニ決済,increment-run-003,workshop-participant,donation_events_003.csv,2026-09-01T00:03:20Z
EVT-FRS-003826,6003826,2005607,192147,3005241,20000,2026-08-31T18:19:53Z,クレジットカード,increment-run-003,workshop-participant,donation_events_003.csv,2026-09-01T00:03:20Z
EVT-FRS-010799,6010799,2004105,042081,3001074,20000,2026-08-31T18:22:04Z,クレジットカード,increment-run-003,workshop-participant,donation_events_003.csv,2026-09-01T00:03:20Z
EVT-FRS-000881,6000881,2009814,012173,3003495,10000,2026-08-31T18:23:05Z,クレジットカード,increment-run-003,workshop-participant,donation_events_003.csv,2026-09-01T00:03:20Z
EVT-FRS-004249,6004249,2008333,362051,3005224,15000,2026-08-31T18:26:19Z,クレジットカード,increment-run-003,workshop-participant,donation_events_003.csv,2026-09-01T00:03:20Z
EVT-FRS-007386,6007386,2011240,012238,3001524,20000,2026-08-31T18:31:12Z,クレジットカード,increment-run-003,workshop-participant,donation_events_003.csv,2026-09-01T00:03:20Z
EVT-FRS-005229,6005229,2002493,422142,3000008,5000,2026-08-31T18:34:55Z,クレジットカード,increment-run-003,workshop-participant,donation_events_003.csv,2026-09-01T00:03:20Z
EVT-FRS-007718,6007718,2005922,312011,3001365,10000,2026-08-31T18:37:04Z,クレジットカード,increment-run-003,workshop-participant,donation_events_003.csv,2026-09-01T00:03:20Z
EVT-FRS-011059,6011059,2003773,082325,3005971,10000,2026-08-31T18:41:57Z,銀行振込,increment-run-003,workshop-participant,donation_events_003.csv,2026-09-01T00:03:20Z
EVT-FRS-004699,6004699,2003786,312037,3000566,10000,2026-08-31T18:44:02Z,クレジットカード,increment-run-003,workshop-participant,donation_events_003.csv,2026-09-01T00:03:20Z
EVT-FRS-002567,6002567,2007845,412015,3003778,30000,2026-08-31T18:53:52Z,クレジットカード,increment-run-003,workshop-participant,donation_events_003.csv,2026-09-01T00:03:20Z
EVT-FRS-004584,6004584,2011934,422053,3004817,8000,2026-08-31T18:54:56Z,銀行振込,increment-run-003,workshop-participant,donation_events_003.csv,2026-09-01T00:03:20Z
EVT-FRS-013131,6013131,2006445,204251,3002008,12000,2026-08-31T18:56:14Z,クレジットカード,increment-run-003,workshop-participant,donation_events_003.csv,2026-09-01T00:03:20Z
EVT-FRS-013740,6013740,2008879,422029,3001138,10000,2026-08-31T18:57:00Z,銀行振込,increment-run-003,workshop-participant,donation_events_003.csv,2026-09-01T00:03:20Z
EVT-FRS-011721,6011721,2011869,232050,3005485,5000,2026-08-31T18:57:38Z,クレジットカード,increment-run-003,workshop-participant,donation_events_003.csv,2026-09-01T00:03:20Z
EVT-FRS-006464,6006464,2009326,122165,3002111,12000,2026-08-31T18:59:40Z,クレジットカード,increment-run-003,workshop-participant,donation_events_003.csv,2026-09-01T00:03:20Z
EVT-FRS-007087,6007087,2008520,422126,3004327,5000,2026-08-31T19:00:08Z,コンビニ決済,increment-run-003,workshop-participant,donation_events_003.csv,2026-09-01T00:03:20Z
EVT-FRS-011861,6011861,2001621,372072,3003404,30000,2026-08-31T19:01:11Z,クレジットカード,increment-run-003,workshop-participant,donation_events_003.csv,2026-09-01T00:03:20Z
EVT-FRS-014603,6014603,2010110,012122,3001803,25000,2026-08-31T19:02:52Z,コンビニ決済,increment-run-003,workshop-participant,donation_events_003.csv,2026-09-01T00:03:20Z
EVT-FRS-005423,6005423,2001938,192074,3005724,60000,2026-08-31T19:03:13Z,クレジットカード,increment-run-003,workshop-participant,donation_events_003.csv,2026-09-01T00:03:20Z
EVT-FRS-004032,6004032,2007850,452050,3003161,10000,2026-08-31T19:12:44Z,銀行振込,increment-run-003,workshop-participant,donation_events_003.csv,2026-09-01T00:03:20Z
EVT-FRS-005507,6005507,2000348,232173,3004912,15000,2026-08-31T19:16:42Z,クレジットカード,increment-run-003,workshop-participant,donation_events_003.csv,2026-09-01T00:03:20Z
EVT-FRS-005420,6005420,2001015,022012,3002418,20000,2026-08-31T19:19:59Z,銀行振込,increment-run-003,workshop-participant,donation_events_003.csv,2026-09-01T00:03:20Z
EVT-FRS-009676,6009676,2008296,473146,3002404,8000,2026-08-31T19:31:40Z,クレジットカード,increment-run-003,workshop-participant,donation_events_003.csv,2026-09-01T00:03:20Z
EVT-FRS-005937,6005937,2001830,082317,3000992,10000,2026-08-31T19:31:56Z,クレジットカード,increment-run-003,workshop-participant,donation_events_003.csv,2026-09-01T00:03:20Z
EVT-FRS-013002,6013002,2006986,362026,3005849,20000,2026-08-31T19:32:16Z,クレジットカード,increment-run-003,workshop-participant,donation_events_003.csv,2026-09-01T00:03:20Z
EVT-FRS-000733,6000733,2000056,382043,3005949,10000,2026-08-31T19:33:15Z,クレジットカード,increment-run-003,workshop-participant,donation_events_003.csv,2026-09-01T00:03:20Z
EVT-FRS-005990,6005990,2004974,312045,3003025,10000,2026-08-31T19:35:17Z,クレジットカード,increment-run-003,workshop-participant,donation_events_003.csv,2026-09-01T00:03:20Z
EVT-FRS-003433,6003433,2007824,151009,3003855,15000,2026-08-31T19:40:41Z,電子決済,increment-run-003,workshop-participant,donation_events_003.csv,2026-09-01T00:03:20Z
EVT-FRS-011176,6011176,2001155,332160,3004691,15000,2026-08-31T19:44:13Z,クレジットカード,increment-run-003,workshop-participant,donation_events_003.csv,2026-09-01T00:03:20Z
EVT-FRS-006987,6006987,2005375,292061,3004176,10000,2026-08-31T19:46:25Z,銀行振込,increment-run-003,workshop-participant,donation_events_003.csv,2026-09-01T00:03:20Z
EVT-FRS-005026,6005026,2002548,392065,3000560,12000,2026-08-31T19:49:53Z,電子決済,increment-run-003,workshop-participant,donation_events_003.csv,2026-09-01T00:03:20Z
EVT-FRS-012869,6012869,2008354,341002,3002197,10000,2026-08-31T19:51:05Z,クレジットカード,increment-run-003,workshop-participant,donation_events_003.csv,2026-09-01T00:03:20Z
EVT-FRS-002370,6002370,2009057,252140,3001002,10000,2026-08-31T19:55:00Z,クレジットカード,increment-run-003,workshop-participant,donation_events_003.csv,2026-09-01T00:03:20Z
EVT-FRS-013585,6013585,2007010,202053,3001717,10000,2026-08-31T19:55:12Z,クレジットカード,increment-run-003,workshop-participant,donation_events_003.csv,2026-09-01T00:03:20Z
EVT-FRS-013094,6013094,2009956,222160,3001027,15000,2026-08-31T19:55:39Z,電子決済,increment-run-003,workshop-participant,donation_events_003.csv,2026-09-01T00:03:20Z
EVT-FRS-013438,6013438,2009703,402117,3000556,30000,2026-08-31T19:57:40Z,クレジットカード,increment-run-003,workshop-participant,donation_events_003.csv,2026-09-01T00:03:20Z
EVT-FRS-007715,6007715,2009600,092118,3003827,12000,2026-08-31T20:00:06Z,クレジットカード,increment-run-003,workshop-participant,donation_events_003.csv,2026-09-01T00:03:20Z
EVT-FRS-007546,6007546,2006533,212181,3003892,5000,2026-08-31T20:02:55Z,電子決済,increment-run-003,workshop-participant,donation_events_003.csv,2026-09-01T00:03:20Z
EVT-FRS-012884,6012884,2004421,332151,3000137,15000,2026-08-31T20:03:07Z,クレジットカード,increment-run-003,workshop-participant,donation_events_003.csv,2026-09-01T00:03:20Z
EVT-FRS-002988,6002988,2009655,302091,3001261,10000,2026-08-31T20:03:23Z,クレジットカード,increment-run-003,workshop-participant,donation_events_003.csv,2026-09-01T00:03:20Z
EVT-FRS-008726,6008726,2005583,112305,3003207,10000,2026-08-31T20:03:44Z,クレジットカード,increment-run-003,workshop-participant,donation_events_003.csv,2026-09-01T00:03:20Z
EVT-FRS-001250,6001250,2006840,432059,3002262,12000,2026-08-31T20:04:22Z,クレジットカード,increment-run-003,workshop-participant,donation_events_003.csv,2026-09-01T00:03:20Z
EVT-FRS-012580,6012580,2001422,112321,3004656,30000,2026-08-31T20:12:34Z,電子決済,increment-run-003,workshop-participant,donation_events_003.csv,2026-09-01T00:03:20Z
EVT-FRS-006839,6006839,2006602,192023,3004643,10000,2026-08-31T20:19:01Z,クレジットカード,increment-run-003,workshop-participant,donation_events_003.csv,2026-09-01T00:03:20Z
EVT-FRS-003121,6003121,2001639,141500,3001359,10000,2026-08-31T20:22:14Z,銀行振込,increment-run-003,workshop-participant,donation_events_003.csv,2026-09-01T00:03:20Z
EVT-FRS-012576,6012576,2002471,134015,3004862,8000,2026-08-31T20:23:17Z,クレジットカード,increment-run-003,workshop-participant,donation_events_003.csv,2026-09-01T00:03:20Z
EVT-FRS-001419,6001419,2010526,282049,3003839,20000,2026-08-31T20:30:35Z,クレジットカード,increment-run-003,workshop-participant,donation_events_003.csv,2026-09-01T00:03:20Z
EVT-FRS-004171,6004171,2005565,131067,3000034,20000,2026-08-31T20:30:59Z,クレジットカード,increment-run-003,workshop-participant,donation_events_003.csv,2026-09-01T00:03:20Z
EVT-FRS-001724,6001724,2003121,462136,3005966,15000,2026-08-31T20:36:32Z,クレジットカード,increment-run-003,workshop-participant,donation_events_003.csv,2026-09-01T00:03:20Z
EVT-FRS-000186,6000186,2001693,082031,3002616,10000,2026-08-31T20:41:47Z,クレジットカード,increment-run-003,workshop-participant,donation_events_003.csv,2026-09-01T00:03:20Z
EVT-FRS-008695,6008695,2000406,072133,3000436,12000,2026-08-31T20:42:08Z,クレジットカード,increment-run-003,workshop-participant,donation_events_003.csv,2026-09-01T00:03:20Z
EVT-FRS-002625,6002625,2006587,393878,3004254,50000,2026-08-31T20:42:33Z,クレジットカード,increment-run-003,workshop-participant,donation_events_003.csv,2026-09-01T00:03:20Z
EVT-FRS-014258,6014258,2011048,242080,3000173,10000,2026-08-31T20:49:40Z,クレジットカード,increment-run-003,workshop-participant,donation_events_003.csv,2026-09-01T00:03:20Z
EVT-FRS-009868,6009868,2005734,465054,3001662,30000,2026-08-31T20:51:20Z,電子決済,increment-run-003,workshop-participant,donation_events_003.csv,2026-09-01T00:03:20Z
EVT-FRS-009724,6009724,2011723,062138,3003163,50000,2026-08-31T20:51:52Z,クレジットカード,increment-run-003,workshop-participant,donation_events_003.csv,2026-09-01T00:03:20Z
EVT-FRS-004795,6004795,2008434,402125,3001699,50000,2026-08-31T20:52:43Z,クレジットカード,increment-run-003,workshop-participant,donation_events_003.csv,2026-09-01T00:03:20Z
EVT-FRS-011981,6011981,2010405,472158,3001840,12000,2026-08-31T20:55:27Z,クレジットカード,increment-run-003,workshop-participant,donation_events_003.csv,2026-09-01T00:03:20Z
EVT-FRS-011815,6011815,2007633,252069,3005321,10000,2026-08-31T20:58:45Z,クレジットカード,increment-run-003,workshop-participant,donation_events_003.csv,2026-09-01T00:03:20Z
EVT-FRS-005450,6005450,2008629,142174,3003517,30000,2026-08-31T21:04:46Z,クレジットカード,increment-run-003,workshop-participant,donation_events_003.csv,2026-09-01T00:03:20Z
EVT-FRS-010232,6010232,2002269,462136,3005966,50000,2026-08-31T21:04:51Z,電子決済,increment-run-003,workshop-participant,donation_events_003.csv,2026-09-01T00:03:20Z
EVT-FRS-006470,6006470,2004419,435104,3003478,5000,2026-08-31T21:06:13Z,クレジットカード,increment-run-003,workshop-participant,donation_events_003.csv,2026-09-01T00:03:20Z
EVT-FRS-010509,6010509,2008620,112321,3001016,30000,2026-08-31T21:07:05Z,コンビニ決済,increment-run-003,workshop-participant,donation_events_003.csv,2026-09-01T00:03:20Z
EVT-FRS-009776,6009776,2007899,122114,3000531,30000,2026-08-31T21:07:57Z,銀行振込,increment-run-003,workshop-participant,donation_events_003.csv,2026-09-01T00:03:20Z
EVT-FRS-006456,6006456,2007948,252018,3001600,15000,2026-08-31T21:08:35Z,クレジットカード,increment-run-003,workshop-participant,donation_events_003.csv,2026-09-01T00:03:20Z
EVT-FRS-011098,6011098,2004106,182028,3002137,100000,2026-08-31T21:10:56Z,クレジットカード,increment-run-003,workshop-participant,donation_events_003.csv,2026-09-01T00:03:20Z
EVT-FRS-006514,6006514,2002446,072028,3002029,20000,2026-08-31T21:17:01Z,コンビニ決済,increment-run-003,workshop-participant,donation_events_003.csv,2026-09-01T00:03:20Z
EVT-FRS-004738,6004738,2000229,102032,3003024,150000,2026-08-31T21:17:19Z,クレジットカード,increment-run-003,workshop-participant,donation_events_003.csv,2026-09-01T00:03:20Z
EVT-FRS-010589,6010589,2009990,102041,3003698,12000,2026-08-31T21:29:10Z,電子決済,increment-run-003,workshop-participant,donation_events_003.csv,2026-09-01T00:03:20Z
EVT-FRS-005181,6005181,2007326,232157,3000502,30000,2026-08-31T21:35:13Z,クレジットカード,increment-run-003,workshop-participant,donation_events_003.csv,2026-09-01T00:03:20Z
EVT-FRS-010147,6010147,2006163,432113,3002983,10000,2026-08-31T21:36:56Z,クレジットカード,increment-run-003,workshop-participant,donation_events_003.csv,2026-09-01T00:03:20Z
EVT-FRS-013173,6013173,2002163,182095,3003814,10000,2026-08-31T21:37:46Z,クレジットカード,increment-run-003,workshop-participant,donation_events_003.csv,2026-09-01T00:03:20Z
EVT-FRS-012666,6012666,2009256,082112,3005005,8000,2026-08-31T21:40:14Z,電子決済,increment-run-003,workshop-participant,donation_events_003.csv,2026-09-01T00:03:20Z
EVT-FRS-004356,6004356,2005507,052060,3001560,30000,2026-08-31T21:46:08Z,クレジットカード,increment-run-003,workshop-participant,donation_events_003.csv,2026-09-01T00:03:20Z
EVT-FRS-006582,6006582,2006806,262064,3000293,25000,2026-08-31T21:50:21Z,クレジットカード,increment-run-003,workshop-participant,donation_events_003.csv,2026-09-01T00:03:20Z
EVT-FRS-005525,6005525,2007024,082163,3002600,5000,2026-08-31T21:51:02Z,クレジットカード,increment-run-003,workshop-participant,donation_events_003.csv,2026-09-01T00:03:20Z
EVT-FRS-004571,6004571,2000907,192058,3005712,10000,2026-08-31T21:52:55Z,クレジットカード,increment-run-003,workshop-participant,donation_events_003.csv,2026-09-01T00:03:20Z
EVT-FRS-010554,6010554,2009149,082104,3004578,15000,2026-08-31T21:57:07Z,コンビニ決済,increment-run-003,workshop-participant,donation_events_003.csv,2026-09-01T00:03:20Z
EVT-FRS-011064,6011064,2006978,222160,3004719,12000,2026-08-31T21:57:32Z,クレジットカード,increment-run-003,workshop-participant,donation_events_003.csv,2026-09-01T00:03:20Z
EVT-FRS-005403,6005403,2003584,042161,3001249,20000,2026-08-31T22:02:37Z,電子決済,increment-run-003,workshop-participant,donation_events_003.csv,2026-09-01T00:03:20Z
EVT-FRS-007965,6007965,2002847,282162,3005696,8000,2026-08-31T22:04:13Z,クレジットカード,increment-run-003,workshop-participant,donation_events_003.csv,2026-09-01T00:03:20Z
EVT-FRS-009878,6009878,2011414,022080,3003964,10000,2026-08-31T22:08:54Z,銀行振込,increment-run-003,workshop-participant,donation_events_003.csv,2026-09-01T00:03:20Z
EVT-FRS-011638,6011638,2007575,012319,3000752,10000,2026-08-31T22:12:44Z,クレジットカード,increment-run-003,workshop-participant,donation_events_003.csv,2026-09-01T00:03:20Z
EVT-FRS-012765,6012765,2010767,342041,3002509,10000,2026-08-31T22:12:56Z,銀行振込,increment-run-003,workshop-participant,donation_events_003.csv,2026-09-01T00:03:20Z
EVT-FRS-011596,6011596,2005779,075442,3005454,5000,2026-08-31T22:20:51Z,電子決済,increment-run-003,workshop-participant,donation_events_003.csv,2026-09-01T00:03:20Z
EVT-FRS-013767,6013767,2005678,352128,3002293,10000,2026-08-31T22:25:19Z,銀行振込,increment-run-003,workshop-participant,donation_events_003.csv,2026-09-01T00:03:20Z
EVT-FRS-014148,6014148,2006741,212148,3000402,15000,2026-08-31T22:34:17Z,クレジットカード,increment-run-003,workshop-participant,donation_events_003.csv,2026-09-01T00:03:20Z
EVT-FRS-009809,6009809,2002232,062065,3002945,12000,2026-08-31T22:52:53Z,クレジットカード,increment-run-003,workshop-participant,donation_events_003.csv,2026-09-01T00:03:20Z
EVT-FRS-006719,6006719,2007814,016683,3001826,10000,2026-08-31T22:55:51Z,電子決済,increment-run-003,workshop-participant,donation_events_003.csv,2026-09-01T00:03:20Z
EVT-FRS-004220,6004220,2011732,132195,3003568,15000,2026-08-31T22:56:23Z,クレジットカード,increment-run-003,workshop-participant,donation_events_003.csv,2026-09-01T00:03:20Z
EVT-FRS-001884,6001884,2008843,414018,3001723,20000,2026-08-31T23:06:59Z,クレジットカード,increment-run-003,workshop-participant,donation_events_003.csv,2026-09-01T00:03:20Z
EVT-FRS-007525,6007525,2008467,012297,3000018,30000,2026-08-31T23:08:32Z,クレジットカード,increment-run-003,workshop-participant,donation_events_003.csv,2026-09-01T00:03:20Z
EVT-FRS-006121,6006121,2009666,082058,3004768,12000,2026-08-31T23:13:20Z,電子決済,increment-run-003,workshop-participant,donation_events_003.csv,2026-09-01T00:03:20Z
EVT-FRS-007645,6007645,2000653,372013,3005184,15000,2026-08-31T23:14:13Z,銀行振込,increment-run-003,workshop-participant,donation_events_003.csv,2026-09-01T00:03:20Z
EVT-FRS-006828,6006828,2008576,334618,3000076,20000,2026-08-31T23:17:27Z,クレジットカード,increment-run-003,workshop-participant,donation_events_003.csv,2026-09-01T00:03:20Z
EVT-FRS-007022,6007022,2008044,442101,3002897,30000,2026-08-31T23:20:17Z,クレジットカード,increment-run-003,workshop-participant,donation_events_003.csv,2026-09-01T00:03:20Z
EVT-FRS-010210,6010210,2006852,272213,3004399,10000,2026-08-31T23:22:16Z,電子決済,increment-run-003,workshop-participant,donation_events_003.csv,2026-09-01T00:03:20Z
EVT-FRS-001814,6001814,2006823,345458,3001113,15000,2026-08-31T23:36:25Z,銀行振込,increment-run-003,workshop-participant,donation_events_003.csv,2026-09-01T00:03:20Z
EVT-FRS-007743,6007743,2002877,074659,3001356,10000,2026-08-31T23:40:40Z,電子決済,increment-run-003,workshop-participant,donation_events_003.csv,2026-09-01T00:03:20Z
EVT-FRS-005797,6005797,2003645,452050,3000572,5000,2026-08-31T23:46:46Z,クレジットカード,increment-run-003,workshop-participant,donation_events_003.csv,2026-09-01T00:03:20Z
EVT-FRS-007082,6007082,2000292,272213,3001155,10000,2026-08-31T23:47:46Z,クレジットカード,increment-run-003,workshop-participant,donation_events_003.csv,2026-09-01T00:03:20Z
EVT-FRS-009773,6009773,2006867,232157,3005582,12000,2026-08-31T23:49:20Z,クレジットカード,increment-run-003,workshop-participant,donation_events_003.csv,2026-09-01T00:03:20Z
EVT-FRS-001230,6001230,2003682,422037,3002037,12000,2026-08-31T23:58:20Z,コンビニ決済,increment-run-003,workshop-participant,donation_events_003.csv,2026-09-01T00:03:20Z
