BusinessID,GiftID
4000001,3000258
4000001,3003988
4000001,3005946
4000002,3001015
4000002,3002391
4000002,3003210
4000003,3000262
4000003,3001202
4000003,3003411
4000003,3003804
4000003,3004953
4000004,3001840
4000004,3002991
4000004,3003730
4000004,3005303
4000004,3005529
4000005,3000086
4000005,3000653
4000005,3002243
4000005,3002817
4000005,3004163
4000005,3005540
4000006,3000236
4000006,3000659
4000006,3001406
4000006,3001775
4000006,3002455
4000007,3001600
4000007,3002319
4000007,3002744
4000007,3003156
4000007,3003779
4000007,3004571
4000008,3001438
4000008,3003774
4000008,3005276
4000009,3003448
4000009,3003926
4000009,3004410
4000009,3005234
4000010,3000281
4000010,3000532
4000010,3001695
4000010,3002715
4000010,3002989
4000010,3005039
4000010,3005093
4000010,3005453
4000010,3005532
4000010,3005748
4000010,3005816
4000011,3001110
4000011,3002067
4000011,3002679
4000011,3004073
4000012,3003114
4000012,3003821
4000012,3004273
4000012,3004479
4000013,3001384
4000013,3001995
4000013,3003555
4000013,3004131
4000013,3004620
4000013,3005566
4000014,3001484
4000014,3002327
4000014,3003456
4000014,3004690
4000015,3001481
4000015,3002404
4000015,3003298
4000015,3003699
4000015,3004583
4000015,3004891
4000015,3005892
4000016,3001948
4000016,3002376
4000016,3002646
4000016,3004103
4000016,3005342
4000017,3000420
4000017,3000704
4000017,3001929
4000017,3002754
4000017,3004589
4000017,3005050
4000017,3005119
4000017,3005563
4000017,3005926
4000018,3000389
4000018,3000412
4000018,3001662
4000018,3002300
4000018,3002975
4000018,3005376
4000018,3005508
4000019,3000862
4000019,3000912
4000019,3001422
4000019,3002891
4000019,3003840
4000020,3000369
4000020,3002632
4000020,3002882
4000020,3003487
4000020,3003601
4000020,3005044
4000020,3005622
4000021,3000058
4000021,3000987
4000021,3001596
4000021,3002118
4000021,3002352
4000021,3003007
4000021,3004049
4000021,3004861
4000021,3005312
4000022,3000335
4000022,3001231
4000022,3001952
4000022,3002196
4000022,3002355
4000022,3002601
4000022,3003391
4000022,3004204
4000022,3005161
4000023,3000444
4000023,3000473
4000023,3000540
4000023,3002038
4000023,3002765
4000024,3004801
4000024,3005514
4000025,3000298
4000025,3001157
4000025,3001580
4000025,3001820
4000025,3003990
4000025,3004787
4000025,3005463
4000025,3005682
4000026,3000208
4000026,3000321
4000026,3001744
4000027,3000967
4000027,3002918
4000027,3003819
4000027,3004237
4000027,3005587
4000027,3005778
4000028,3000824
4000028,3005403
4000029,3002886
4000029,3003107
4000029,3003393
4000029,3004845
4000030,3000121
4000030,3000279
4000030,3003839
4000030,3004151
4000030,3004874
4000030,3005057
4000030,3005369
4000030,3005743
4000030,3005744
4000030,3005940
4000031,3000043
4000031,3000788
4000031,3001061
4000031,3001108
4000031,3001471
4000031,3002074
4000031,3004076
4000031,3005080
4000032,3000351
4000032,3000724
4000032,3004233
4000032,3004658
4000032,3004914
4000032,3005264
4000033,3000932
4000033,3001645
4000033,3002401
4000033,3004352
4000033,3005059
4000033,3005418
4000034,3001204
4000034,3002931
4000034,3003292
4000034,3003699
4000035,3000346
4000035,3001833
4000035,3002930
4000035,3004647
4000036,3000679
4000036,3001795
4000036,3002004
4000036,3002671
4000037,3001699
4000037,3001762
4000037,3002072
4000037,3002451
4000037,3004654
4000037,3004826
4000037,3004861
4000037,3005172
4000038,3000601
4000038,3001730
4000038,3003101
4000038,3003766
4000038,3004792
4000038,3005767
4000039,3000870
4000039,3002793
4000039,3003358
4000039,3003431
4000039,3005085
4000040,3000088
4000040,3000114
4000040,3001046
4000040,3001867
4000040,3002614
4000040,3003947
4000041,3000912
4000041,3002255
4000041,3003059
4000041,3003518
4000041,3004784
4000042,3000003
4000042,3001229
4000042,3003195
4000042,3005710
4000043,3001607
4000043,3002655
4000043,3003853
4000043,3004295
4000043,3004445
4000043,3005043
4000044,3000980
4000044,3002786
4000044,3004583
4000044,3005995
4000045,3002009
4000045,3003681
4000045,3004558
4000045,3004767
4000045,3005043
4000045,3005394
4000046,3000495
4000046,3000694
4000046,3000975
4000046,3001245
4000046,3001346
4000046,3001511
4000046,3001789
4000046,3002026
4000046,3003686
4000046,3004494
4000046,3004500
4000046,3004780
4000046,3004958
4000046,3005159
4000046,3005242
4000046,3005282
4000046,3005443
4000046,3005547
4000046,3005609
4000046,3005928
4000047,3000622
4000047,3000784
4000047,3002250
4000047,3003054
4000047,3005215
4000047,3005306
4000048,3000545
4000048,3000848
4000048,3001102
4000048,3001642
4000048,3002873
4000048,3003212
4000048,3003558
4000048,3003855
4000048,3004585
4000049,3000340
4000049,3001522
4000049,3003513
4000049,3004595
4000050,3000457
4000050,3001049
4000050,3001249
4000050,3002626
4000050,3002685
4000050,3002691
4000050,3003890
4000050,3004084
4000050,3004935
4000050,3005877
4000051,3000036
4000051,3001212
4000051,3002036
4000051,3004275
4000051,3004653
4000051,3004901
4000051,3005186
4000052,3001439
4000052,3001483
4000052,3001823
4000052,3002281
4000052,3002499
4000052,3005122
4000053,3000887
4000053,3001096
4000053,3001434
4000053,3002376
4000053,3005571
4000053,3005686
4000053,3005718
4000054,3001146
4000054,3001594
4000054,3002197
4000054,3002620
4000054,3002655
4000054,3003738
4000054,3004292
4000054,3005394
4000054,3005662
4000055,3001266
4000055,3001389
4000055,3003208
4000055,3003324
4000056,3000131
4000056,3002276
4000056,3003455
4000056,3005112
4000056,3005914
4000057,3000894
4000057,3002805
4000057,3003090
4000057,3003915
4000057,3004629
4000058,3000838
4000058,3002479
4000058,3002493
4000058,3002981
4000058,3004552
4000058,3004590
4000059,3000638
4000059,3001753
4000059,3003795
4000059,3003836
4000060,3004846
4000060,3005197
4000060,3005697
4000060,3005714
4000061,3000046
4000061,3000881
4000061,3003671
4000062,3001198
4000062,3003201
4000062,3003473
4000062,3004755
4000062,3004773
4000063,3001357
4000063,3001885
4000063,3003411
4000063,3004798
4000064,3000496
4000064,3002250
4000064,3003815
4000064,3004114
4000064,3004480
4000064,3004674
4000065,3000794
4000065,3000939
4000065,3000967
4000065,3003385
4000065,3004126
4000065,3004434
4000065,3004876
4000066,3001138
4000066,3002833
4000066,3004311
4000066,3005717
4000067,3000747
4000067,3001840
4000067,3002900
4000067,3005196
4000068,3000645
4000068,3001578
4000068,3002714
4000069,3001602
4000069,3003239
4000069,3003713
4000069,3004587
4000069,3005268
4000070,3000961
4000070,3001367
4000070,3001422
4000070,3001673
4000070,3003535
4000070,3003633
4000070,3004904
4000070,3005510
4000071,3003531
4000071,3004505
4000072,3000254
4000072,3000762
4000072,3001271
4000072,3001516
4000072,3001826
4000072,3002365
4000072,3002396
4000072,3002867
4000072,3003799
4000072,3004548
4000072,3004599
4000072,3004754
4000072,3005576
4000072,3005671
4000073,3001358
4000073,3001947
4000073,3003017
4000073,3003530
4000073,3004290
4000073,3005927
4000074,3002102
4000074,3003726
4000074,3003797
4000074,3005299
4000074,3005479
4000075,3000370
4000075,3002934
4000075,3003913
4000075,3004516
4000075,3005939
4000076,3000086
4000076,3001081
4000076,3001105
4000076,3004997
4000077,3000003
4000077,3000209
4000077,3001017
4000077,3001316
4000077,3001748
4000077,3003074
4000077,3005393
4000078,3002420
4000078,3002683
4000078,3003991
4000078,3004094
4000078,3004099
4000079,3000566
4000079,3000644
4000079,3000990
4000079,3003038
4000079,3003944
4000079,3004432
4000080,3000103
4000080,3000841
4000080,3000895
4000080,3002336
4000080,3002600
4000080,3002932
4000080,3002951
4000080,3003243
4000080,3004493
4000080,3005270
4000081,3001044
4000081,3001124
4000081,3004700
4000081,3005764
4000081,3005875
4000082,3000391
4000082,3001723
4000082,3004018
4000082,3005653
4000082,3005879
4000083,3000069
4000083,3000883
4000083,3001231
4000083,3003945
4000083,3004490
4000083,3005028
4000083,3005395
4000083,3005975
4000084,3000437
4000084,3000955
4000084,3002092
4000084,3002281
4000084,3002369
4000084,3003056
4000084,3003535
4000084,3003734
4000084,3004036
4000084,3004215
4000084,3004845
4000084,3005284
4000084,3005430
4000084,3005954
4000085,3000013
4000085,3002569
4000085,3002655
4000085,3003999
4000085,3005662
4000086,3000005
4000086,3000445
4000086,3001930
4000086,3001933
4000086,3001955
4000086,3002428
4000086,3003286
4000086,3004843
4000086,3005294
4000086,3005792
4000087,3000352
4000087,3001265
4000087,3001951
4000087,3002917
4000087,3003562
4000087,3004244
4000087,3005222
4000088,3000364
4000088,3000632
4000088,3002038
4000088,3004320
4000088,3005019
4000088,3005029
4000088,3005240
4000089,3000546
4000089,3001472
4000089,3001775
4000089,3002458
4000089,3002987
4000089,3005412
4000090,3000823
4000090,3000924
4000090,3001919
4000090,3003079
4000090,3004434
4000091,3001355
4000091,3001410
4000091,3003825
4000091,3005049
4000091,3005110
4000092,3000891
4000092,3001178
4000092,3001711
4000092,3003566
4000092,3005884
4000093,3000531
4000093,3000957
4000093,3002574
4000093,3003569
4000093,3004433
4000093,3004796
4000094,3000036
4000094,3000569
4000094,3004362
4000094,3005117
4000094,3005959
4000095,3000036
4000095,3001212
4000095,3004362
4000095,3004679
4000095,3005117
4000095,3005298
4000096,3004684
4000096,3005635
4000097,3001260
4000097,3002846
4000097,3003260
4000097,3003872
4000097,3003896
4000097,3005135
4000098,3000218
4000098,3000627
4000098,3001633
4000098,3001728
4000099,3003102
4000099,3003284
4000099,3005765
4000100,3000580
4000100,3000922
4000100,3001003
4000100,3002935
4000100,3003928
4000100,3004301
4000101,3000855
4000101,3001716
4000101,3001719
4000101,3002007
4000101,3002302
4000101,3002507
4000101,3003969
4000101,3004074
4000101,3005210
4000101,3005425
4000101,3005719
4000102,3000707
4000102,3001774
4000102,3003626
4000102,3003682
4000103,3000732
4000103,3003738
4000103,3003751
4000103,3004249
4000103,3005006
4000104,3000387
4000104,3001032
4000104,3001190
4000104,3001889
4000104,3004565
4000104,3004662
4000104,3005324
4000104,3005872
4000105,3000492
4000105,3003068
4000105,3003981
4000105,3004863
4000106,3001514
4000106,3001561
4000106,3002180
4000106,3004549
4000106,3005531
4000106,3005678
4000107,3000872
4000107,3000940
4000107,3001075
4000107,3002362
4000107,3003969
4000107,3004041
4000108,3001804
4000108,3002124
4000108,3003580
4000108,3004133
4000108,3005892
4000109,3000266
4000109,3002071
4000109,3002271
4000110,3000126
4000110,3000413
4000110,3000573
4000110,3000655
4000110,3000971
4000110,3001479
4000110,3002010
4000110,3002694
4000110,3003846
4000111,3001773
4000111,3004374
4000111,3004607
4000111,3005012
4000111,3005256
4000111,3005489
4000112,3000557
4000112,3000602
4000112,3000827
4000112,3001217
4000112,3002269
4000112,3003595
4000112,3003825
4000112,3004006
4000112,3005354
4000112,3005763
4000113,3000044
4000113,3001224
4000113,3001673
4000113,3001690
4000113,3003359
4000113,3004521
4000113,3004877
4000113,3005619
4000114,3000375
4000114,3000612
4000114,3002666
4000114,3004489
4000114,3004689
4000114,3004692
4000114,3004716
4000114,3004825
4000115,3002175
4000115,3002308
4000115,3002682
4000115,3003660
4000115,3004961
4000116,3003649
4000116,3005391
4000116,3005751
4000117,3000325
4000117,3002239
4000117,3003590
4000117,3004946
4000117,3005012
4000117,3005916
4000118,3001605
4000118,3002235
4000118,3004180
4000118,3005083
4000118,3005404
4000118,3005789
4000118,3005790
4000119,3001431
4000119,3001534
4000119,3002745
4000119,3003352
4000120,3000097
4000120,3002011
4000120,3002099
4000120,3002269
4000120,3002660
4000120,3005049
4000121,3000994
4000121,3005927
4000122,3000660
4000122,3001569
4000122,3002920
4000122,3003384
4000122,3003678
4000122,3003983
4000123,3000626
4000123,3001057
4000123,3001105
4000123,3001883
4000123,3005953
4000124,3000313
4000124,3000906
4000124,3001112
4000124,3001221
4000124,3001896
4000124,3002297
4000124,3002971
4000124,3003245
4000125,3003428
4000125,3005923
4000126,3000306
4000126,3000611
4000126,3000912
4000127,3001781
4000127,3002364
4000127,3002893
4000127,3005483
4000128,3000865
4000128,3001027
4000128,3001140
4000128,3004313
4000128,3005794
4000129,3002214
4000129,3003109
4000129,3003893
4000129,3003976
4000129,3004486
4000129,3004877
4000129,3005781
4000130,3000561
4000130,3004403
4000130,3005004
4000131,3001664
4000131,3002184
4000131,3002313
4000131,3004715
4000132,3002084
4000132,3002197
4000132,3002479
4000132,3002569
4000132,3004528
4000132,3005043
4000132,3005662
4000132,3005908
4000133,3002998
4000133,3003192
4000133,3003762
4000133,3004953
4000134,3000307
4000134,3001650
4000134,3001969
4000134,3002289
4000134,3004891
4000134,3004996
4000134,3005292
4000135,3000006
4000135,3000009
4000135,3000947
4000135,3001631
4000135,3001895
4000135,3002283
4000135,3003396
4000135,3003536
4000135,3003963
4000135,3004894
4000135,3005920
4000136,3001128
4000136,3003168
4000136,3005389
4000137,3001943
4000137,3002143
4000137,3003738
4000137,3003999
4000137,3004249
4000137,3004968
4000137,3005129
4000138,3000955
4000138,3001644
4000138,3002895
4000138,3003271
4000138,3004833
4000138,3004904
4000138,3005284
4000138,3005820
4000139,3000362
4000139,3001855
4000140,3000484
4000140,3001155
4000140,3001157
4000140,3003287
4000141,3000167
4000141,3000280
4000141,3000444
4000141,3001207
4000141,3001628
4000141,3004955
4000141,3005124
4000141,3005552
4000142,3000748
4000142,3000860
4000142,3000974
4000142,3001033
4000142,3001228
4000142,3001609
4000142,3001777
4000142,3002209
4000142,3002437
4000142,3002531
4000142,3002976
4000142,3003077
4000142,3003696
4000142,3003759
4000142,3004603
4000142,3005081
4000142,3005384
4000142,3005580
4000143,3000538
4000143,3001188
4000143,3001290
4000143,3002977
4000143,3003202
4000143,3003574
4000143,3003808
4000143,3005330
4000144,3001029
4000144,3004761
4000144,3005940
4000145,3001505
4000145,3002027
4000145,3002096
4000145,3003461
4000145,3004638
4000145,3005952
4000146,3000844
4000146,3001771
4000146,3002231
4000146,3002578
4000146,3004072
4000146,3004233
4000146,3005554
4000147,3001568
4000147,3001920
4000147,3002032
4000147,3002668
4000147,3002937
4000147,3005265
4000148,3000701
4000148,3002864
4000148,3004443
4000148,3005200
4000148,3005644
4000149,3001778
4000149,3002208
4000149,3002657
4000150,3001410
4000150,3002057
4000150,3003139
4000151,3000195
4000151,3002429
4000151,3004152
4000151,3004640
4000151,3004895
4000151,3005323
4000152,3001026
4000152,3001338
4000152,3002013
4000152,3003615
4000152,3004643
4000152,3004876
4000153,3002265
4000153,3002397
4000153,3003435
4000153,3005672
4000154,3000506
4000154,3001074
4000154,3001360
4000155,3000391
4000155,3000820
4000155,3001341
4000155,3001364
4000155,3002722
4000155,3004747
4000155,3004952
4000156,3000464
4000156,3000707
4000156,3001381
4000156,3003449
4000156,3005251
4000157,3003476
4000157,3004016
4000157,3004923
4000157,3004933
4000158,3002378
4000158,3002457
4000158,3003597
4000158,3004517
4000158,3004892
4000158,3005137
4000158,3005606
4000159,3005790
4000160,3000512
4000160,3001573
4000160,3001728
4000160,3002110
4000160,3002996
4000161,3000021
4000161,3000174
4000161,3000655
4000161,3001498
4000161,3003262
4000161,3003500
4000161,3003540
4000161,3004388
4000161,3004770
4000161,3004872
4000161,3005838
4000161,3005956
4000162,3000202
4000162,3000275
4000162,3001534
4000162,3004344
4000162,3005731
4000163,3002065
4000163,3002809
4000163,3003146
4000163,3003464
4000163,3005485
4000164,3004613
4000164,3005144
4000164,3005810
4000165,3001121
4000165,3001632
4000165,3002069
4000165,3005670
4000166,3002529
4000166,3002978
4000166,3003820
4000166,3003889
4000167,3000283
4000167,3002504
4000167,3002553
4000167,3002858
4000167,3004020
4000167,3005120
4000167,3005592
4000168,3000962
4000168,3001423
4000168,3001462
4000168,3001945
4000168,3002446
4000168,3004760
4000168,3004801
4000168,3005807
4000169,3000093
4000169,3000601
4000169,3001090
4000169,3001730
4000170,3000687
4000170,3000911
4000170,3001289
4000170,3001901
4000170,3002131
4000170,3002135
4000170,3003034
4000170,3004069
4000170,3004508
4000170,3004545
4000170,3004555
4000170,3004628
4000170,3005065
4000170,3005171
4000170,3005997
4000171,3002031
4000171,3002971
4000171,3003207
4000171,3006000
4000172,3002973
4000172,3003002
4000172,3003354
4000172,3005079
4000172,3005453
4000172,3005665
4000172,3005816
4000173,3002227
4000173,3002786
4000173,3005918
4000174,3005066
4000175,3001504
4000175,3002250
4000175,3003855
4000175,3004458
4000176,3003825
4000176,3003883
4000176,3004006
4000177,3000778
4000177,3000939
4000177,3001619
4000177,3003240
4000177,3004959
4000177,3005847
4000178,3000531
4000178,3000863
4000178,3001766
4000178,3002643
4000178,3002881
4000178,3003158
4000178,3004024
4000178,3005127
4000179,3000365
4000179,3000795
4000179,3001188
4000179,3001447
4000179,3001471
4000179,3001724
4000179,3002213
4000179,3003608
4000179,3004379
4000180,3000559
4000180,3001373
4000180,3001503
4000180,3002002
4000180,3002065
4000180,3002066
4000180,3002280
4000180,3002555
4000180,3002582
4000180,3003286
4000180,3003703
4000181,3000864
4000181,3001210
4000181,3001698
4000181,3002447
4000181,3002458
4000181,3002645
4000181,3004236
4000181,3004370
4000181,3004861
4000181,3005343
4000181,3005596
4000182,3000169
4000182,3000630
4000182,3001100
4000182,3001577
4000182,3004286
4000182,3004729
4000182,3004850
4000182,3005221
4000182,3005299
4000183,3000087
4000183,3001658
4000183,3003215
4000183,3003591
4000183,3003873
4000184,3000312
4000184,3000408
4000184,3001544
4000184,3001678
4000184,3002564
4000184,3003033
4000184,3004124
4000184,3004398
4000184,3005064
4000184,3005166
4000185,3000692
4000185,3003889
4000186,3000835
4000186,3001040
4000186,3001071
4000186,3003628
4000186,3004323
4000186,3005356
4000187,3000545
4000187,3000749
4000187,3001132
4000187,3002587
4000187,3003143
4000187,3003667
4000187,3004093
4000187,3004635
4000188,3000471
4000188,3003186
4000188,3003944
4000188,3004684
4000188,3004792
4000188,3005957
4000189,3001500
4000189,3002077
4000189,3002800
4000189,3003550
4000189,3003673
4000189,3004781
4000189,3005186
4000189,3005231
4000189,3005455
4000190,3000102
4000190,3000407
4000190,3002892
4000190,3002997
4000190,3003631
4000190,3003857
4000190,3004464
4000190,3004622
4000191,3001660
4000191,3002321
4000191,3003095
4000191,3003150
4000191,3003747
4000191,3004065
4000191,3005578
4000192,3000357
4000192,3000826
4000192,3001310
4000192,3001843
4000192,3002473
4000192,3002758
4000192,3004162
4000192,3004778
4000192,3005013
4000192,3005340
4000193,3000153
4000193,3002290
4000193,3003669
4000193,3004269
4000193,3004697
4000193,3005044
4000194,3000991
4000194,3001039
4000194,3002475
4000194,3004246
4000195,3000488
4000195,3000514
4000195,3002546
4000195,3003914
4000196,3001323
4000196,3001827
4000196,3003134
4000196,3004255
4000197,3003017
4000197,3004575
4000198,3001071
4000199,3000714
4000199,3001263
4000199,3002794
4000199,3004673
4000199,3005300
4000200,3000007
4000200,3000243
4000200,3000906
4000200,3001644
4000200,3003111
4000200,3005619
4000201,3003991
4000201,3005653
4000202,3000389
4000202,3002813
4000202,3002847
4000202,3003094
4000202,3003113
4000202,3004481
4000202,3004805
4000202,3005966
4000203,3000421
4000203,3001035
4000203,3002535
4000203,3005691
4000204,3001707
4000204,3002106
4000204,3002657
4000204,3003571
4000204,3004323
4000205,3002349
4000205,3002927
4000205,3003516
4000205,3003975
4000205,3005762
4000206,3000825
4000206,3001110
4000206,3002576
4000206,3004238
4000206,3005211
4000207,3000511
4000207,3000723
4000207,3001446
4000207,3001579
4000207,3002489
4000207,3004719
4000207,3004976
4000208,3000733
4000208,3001421
4000208,3003004
4000208,3003880
4000208,3004594
4000209,3000366
4000209,3000474
4000209,3001418
4000209,3002677
4000209,3003254
4000209,3003665
4000210,3000039
4000210,3000810
4000210,3002100
4000210,3004347
4000210,3004847
4000210,3005496
4000211,3000269
4000211,3002261
4000211,3003193
4000211,3003313
4000211,3004820
4000211,3005239
4000211,3005531
4000212,3002316
4000212,3002735
4000212,3003714
4000212,3004871
4000212,3005007
4000212,3005234
4000212,3005655
4000212,3005773
4000213,3000403
4000213,3000680
4000213,3002954
4000213,3003145
4000213,3003414
4000213,3005189
4000213,3005470
4000213,3005506
4000214,3000402
4000214,3002793
4000214,3003254
4000214,3003892
4000214,3005551
4000215,3003249
4000215,3003322
4000215,3003384
4000215,3003423
4000215,3005525
4000215,3005562
4000216,3000871
4000216,3000934
4000216,3002545
4000216,3002942
4000216,3003924
4000216,3004479
4000217,3000188
4000217,3000499
4000217,3001128
4000217,3001811
4000217,3002773
4000217,3003716
4000218,3000487
4000218,3000512
4000218,3000627
4000218,3002829
4000218,3003647
4000219,3001889
4000219,3002481
4000219,3004232
4000219,3004879
4000220,3000905
4000220,3001292
4000220,3001298
4000220,3001391
4000220,3001980
4000220,3002168
4000220,3002555
4000220,3002809
4000220,3004170
4000221,3000386
4000221,3000658
4000221,3001189
4000221,3003210
4000221,3003957
4000221,3005911
4000222,3000096
4000222,3000593
4000222,3001150
4000222,3003500
4000222,3004725
4000223,3001343
4000223,3004016
4000223,3004742
4000223,3004812
4000223,3005655
4000223,3005906
4000224,3001850
4000224,3002234
4000224,3004078
4000224,3004655
4000224,3004731
4000224,3004848
4000225,3000183
4000225,3003324
4000225,3004575
4000225,3004638
4000226,3000070
4000226,3000361
4000226,3000465
4000226,3000876
4000226,3001591
4000226,3001990
4000226,3002230
4000226,3002973
4000226,3003408
4000226,3004063
4000226,3004182
4000226,3005681
4000227,3000218
4000227,3000395
4000227,3000651
4000227,3000873
4000227,3001633
4000227,3001983
4000227,3002110
4000227,3002430
4000227,3002988
4000227,3003029
4000227,3003084
4000227,3003861
4000228,3000036
4000228,3000374
4000228,3005266
4000229,3000135
4000229,3005374
4000230,3000997
4000230,3001498
4000230,3003264
4000230,3003598
4000230,3003846
4000230,3004770
4000230,3005287
4000230,3005349
4000230,3005555
4000231,3000700
4000231,3001848
4000231,3001913
4000231,3002414
4000231,3004197
4000232,3000055
4000232,3000646
4000232,3001636
4000232,3002331
4000232,3004025
4000232,3004192
4000232,3004389
4000233,3000122
4000233,3000950
4000233,3002526
4000233,3004680
4000234,3001590
4000234,3002040
4000234,3003181
4000234,3003312
4000234,3004899
4000234,3005228
4000234,3005398
4000235,3001528
4000235,3002783
4000235,3003542
4000235,3003962
4000235,3004169
4000235,3004732
4000235,3005791
4000236,3001007
4000236,3001304
4000236,3001534
4000236,3005092
4000237,3001338
4000237,3001619
4000237,3003079
4000237,3005587
4000238,3000236
4000238,3002155
4000238,3002410
4000238,3004657
4000238,3005277
4000238,3005796
4000239,3000182
4000239,3000622
4000239,3001648
4000239,3001815
4000239,3002702
4000239,3004458
4000240,3000139
4000240,3002528
4000240,3003106
4000241,3000297
4000241,3003722
4000241,3004695
4000241,3005144
4000242,3000071
4000242,3000866
4000242,3001124
4000242,3001968
4000242,3002651
4000242,3004268
4000242,3005207
4000242,3005777
4000243,3001681
4000243,3004461
4000243,3005415
4000244,3000864
4000244,3002451
4000244,3002661
4000244,3003966
4000244,3004861
4000244,3005467
4000245,3000772
4000245,3003781
4000246,3001355
4000246,3002395
4000246,3003139
4000247,3002296
4000247,3003783
4000247,3004921
4000247,3005438
4000248,3000989
4000248,3003681
4000248,3004249
4000248,3004528
4000248,3005129
4000249,3000241
4000249,3000530
4000249,3001047
4000249,3002064
4000249,3002425
4000249,3003614
4000249,3003621
4000249,3003797
4000249,3003802
4000249,3004612
4000249,3004880
4000249,3005650
4000249,3005739
4000250,3001331
4000250,3004571
4000250,3005091
4000251,3001265
4000251,3001279
4000251,3001675
4000251,3001852
4000251,3001876
4000251,3002714
4000251,3002967
4000251,3004026
4000252,3000054
4000252,3001443
4000252,3001498
4000252,3003336
4000252,3005084
4000253,3001773
4000253,3002216
4000253,3002637
4000253,3003590
4000253,3003859
4000253,3004475
4000253,3005828
4000254,3000166
4000254,3000966
4000254,3002505
4000254,3002699
4000254,3003742
4000254,3005016
4000254,3005116
4000255,3000656
4000255,3001430
4000255,3001721
4000255,3003141
4000255,3003356
4000255,3003532
4000255,3003941
4000256,3000426
4000256,3000953
4000256,3001400
4000256,3001852
4000256,3002398
4000256,3002495
4000256,3003548
4000256,3004534
4000257,3001311
4000257,3001723
4000258,3002557
4000258,3002823
4000258,3004111
4000258,3004749
4000258,3005663
4000259,3000803
4000259,3003627
4000259,3005862
4000260,3002046
4000260,3002097
4000260,3002351
4000260,3002747
4000260,3002757
4000260,3004944
4000261,3000321
4000261,3002969
4000261,3002995
4000261,3005144
4000262,3000572
4000262,3003468
4000262,3004177
4000263,3002039
4000263,3002278
4000263,3004467
4000263,3005201
4000263,3005726
4000263,3005868
4000264,3000678
4000264,3001256
4000264,3001277
4000264,3001704
4000264,3001927
4000264,3002267
4000264,3002347
4000264,3003013
4000264,3003077
4000264,3003091
4000264,3004416
4000265,3001261
4000265,3001323
4000265,3001649
4000265,3002432
4000265,3003168
4000265,3003482
4000265,3003690
4000265,3003842
4000265,3004138
4000265,3004352
4000265,3004356
4000266,3000170
4000266,3000625
4000266,3001184
4000266,3001984
4000266,3003663
4000266,3003921
4000266,3004266
4000266,3004983
4000266,3005597
4000267,3000913
4000267,3001751
4000267,3001962
4000267,3003646
4000268,3001151
4000268,3002624
4000268,3003693
4000268,3004291
4000268,3005028
4000269,3002469
4000269,3002832
4000269,3002842
4000269,3005300
4000270,3000146
4000270,3001307
4000270,3001754
4000270,3003279
4000270,3005714
4000270,3005722
4000271,3001254
4000271,3002483
4000271,3003347
4000271,3003975
4000271,3004307
4000271,3004865
4000272,3001460
4000272,3002612
4000272,3003124
4000272,3005305
4000272,3005368
4000272,3005917
4000273,3000368
4000273,3002791
4000273,3004583
4000273,3004815
4000273,3005073
4000274,3000025
4000274,3000400
4000274,3001030
4000274,3004159
4000274,3005027
4000275,3000584
4000275,3001582
4000275,3002781
4000275,3002905
4000275,3004624
4000276,3000294
4000276,3001873
4000276,3003534
4000276,3003890
4000276,3004084
4000276,3004800
4000276,3005000
4000277,3000755
4000277,3001821
4000277,3003842
4000277,3004649
4000278,3000447
4000278,3001219
4000278,3001474
4000278,3001583
4000278,3004204
4000278,3004668
4000279,3001344
4000279,3001540
4000279,3002060
4000279,3003283
4000280,3001304
4000280,3004245
4000280,3004538
4000281,3001595
4000281,3001718
4000281,3003316
4000281,3004455
4000281,3005074
4000281,3005376
4000282,3001119
4000282,3001199
4000282,3001398
4000282,3001437
4000282,3003016
4000282,3003019
4000282,3003304
4000282,3003495
4000282,3004782
4000282,3005824
4000282,3005829
4000282,3005932
4000283,3000288
4000283,3001182
4000283,3001354
4000283,3002062
4000283,3002328
4000283,3003121
4000283,3003142
4000283,3003988
4000283,3004088
4000283,3004859
4000283,3004939
4000283,3005570
4000284,3000884
4000284,3001273
4000284,3002949
4000284,3003456
4000284,3003832
4000284,3003904
4000284,3004413
4000284,3005133
4000284,3005853
4000285,3001475
4000285,3002084
4000285,3005431
4000286,3002367
4000286,3003233
4000286,3004654
4000286,3004907
4000287,3000213
4000287,3000555
4000287,3000992
4000287,3001543
4000287,3002724
4000287,3003726
4000287,3004130
4000288,3000318
4000288,3000352
4000288,3001675
4000288,3004314
4000288,3004806
4000289,3003622
4000289,3003793
4000289,3004179
4000289,3004216
4000289,3004627
4000290,3000614
4000290,3001661
4000290,3004226
4000290,3005537
4000290,3005811
4000290,3005979
4000291,3001325
4000291,3001532
4000291,3002500
4000291,3002865
4000291,3004799
4000291,3005276
4000291,3005927
4000291,3005952
4000292,3000631
4000292,3000913
4000292,3002087
4000292,3003149
4000292,3003646
4000292,3004832
4000293,3001220
4000293,3002644
4000293,3002883
4000293,3003795
4000293,3004014
4000293,3004270
4000294,3003475
4000294,3004413
4000294,3005163
4000294,3005249
4000294,3005695
4000294,3005931
4000295,3000722
4000295,3002356
4000295,3002611
4000295,3003724
4000295,3004514
4000296,3000392
4000296,3002759
4000296,3003096
4000296,3004109
4000296,3005942
4000296,3005964
4000297,3001203
4000297,3002022
4000297,3002352
4000297,3002455
4000297,3002458
4000297,3002938
4000297,3003848
4000297,3003951
4000297,3004423
4000297,3005054
4000297,3005746
4000297,3005887
4000298,3000903
4000298,3001735
4000298,3001763
4000298,3002665
4000298,3002847
4000298,3004341
4000299,3000606
4000299,3000849
4000299,3001972
4000299,3002188
4000299,3002878
4000299,3003675
4000299,3004459
4000299,3004872
4000299,3005052
4000300,3000981
4000300,3001118
4000300,3005975
4000301,3000028
4000301,3001471
4000301,3002239
4000301,3002374
4000301,3002606
4000301,3002939
4000301,3003623
4000301,3003874
4000301,3004374
4000301,3005330
4000301,3005828
4000302,3000237
4000302,3001385
4000302,3001928
4000302,3002339
4000303,3000656
4000303,3001659
4000303,3002566
4000303,3002935
4000303,3003496
4000303,3003851
4000303,3003928
4000303,3004896
4000303,3005185
4000303,3005302
4000303,3005815
4000304,3000230
4000304,3000451
4000304,3002333
4000304,3002436
4000304,3003345
4000304,3004338
4000304,3004601
4000304,3005126
4000304,3005725
4000304,3005853
4000304,3005874
4000305,3000570
4000305,3000860
4000305,3000968
4000305,3001127
4000305,3002871
4000305,3003770
4000305,3004508
4000305,3004964
4000305,3005114
4000305,3005895
4000305,3005929
4000305,3005950
4000306,3000412
4000306,3001982
4000306,3002188
4000306,3002694
4000306,3004424
4000306,3005630
4000307,3000715
4000307,3000922
4000307,3003008
4000307,3003223
4000308,3000978
4000308,3001350
4000308,3004079
4000309,3000806
4000309,3001661
4000309,3004226
4000309,3004923
4000309,3005113
4000309,3005713
4000310,3004680
4000311,3000467
4000311,3002058
4000311,3004869
4000311,3005421
4000312,3003585
4000312,3005260
4000312,3005457
4000313,3001355
4000313,3003139
4000313,3004717
4000314,3000774
4000314,3002519
4000314,3003478
4000314,3003721
4000314,3004273
4000314,3005154
4000314,3005315
4000315,3001813
4000315,3003294
4000315,3004010
4000315,3004488
4000316,3000644
4000316,3001241
4000316,3001340
4000316,3003179
4000316,3004910
4000317,3001664
4000317,3003116
4000317,3005139
4000318,3003489
4000318,3003711
4000318,3004171
4000318,3004525
4000319,3002005
4000319,3002602
4000319,3002864
4000320,3000859
4000320,3000901
4000320,3001366
4000320,3003296
4000320,3005481
4000321,3000644
4000321,3000990
4000321,3004326
4000321,3005575
4000321,3005699
4000322,3001146
4000322,3002812
4000322,3003045
4000322,3003750
4000323,3002140
4000323,3003812
4000323,3004315
4000323,3005347
4000323,3005420
4000324,3000198
4000324,3000208
4000324,3000297
4000324,3001372
4000324,3001744
4000324,3002995
4000324,3005605
4000325,3000153
4000325,3000935
4000325,3000957
4000325,3001613
4000325,3001654
4000325,3001766
4000325,3002360
4000325,3002643
4000325,3002686
4000325,3004156
4000325,3004469
4000326,3000695
4000326,3000795
4000326,3001188
4000326,3001877
4000326,3002637
4000326,3003483
4000326,3004431
4000326,3004622
4000327,3001186
4000327,3001434
4000327,3002837
4000327,3002914
4000327,3003445
4000328,3003093
4000328,3003184
4000328,3005181
4000328,3005493
4000328,3005568
4000328,3005762
4000329,3002376
4000329,3004074
4000330,3000605
4000330,3001439
4000330,3002222
4000330,3003001
4000330,3003234
4000330,3003552
4000330,3005557
4000330,3005820
4000331,3002123
4000331,3002411
4000331,3002435
4000331,3002465
4000331,3004294
4000331,3004957
4000331,3005651
4000332,3000350
4000332,3001233
4000332,3001409
4000332,3002163
4000332,3002842
4000332,3002855
4000332,3003365
4000332,3004242
4000332,3004730
4000333,3000065
4000333,3000819
4000333,3002331
4000333,3003749
4000333,3004802
4000334,3001275
4000334,3002056
4000334,3002662
4000334,3003501
4000334,3003582
4000334,3004795
4000334,3005123
4000334,3005324
4000335,3000334
4000335,3000684
4000335,3001093
4000335,3001128
4000335,3002312
4000335,3004649
4000335,3005579
4000336,3000417
4000336,3003425
4000336,3003616
4000336,3004368
4000336,3005254
4000337,3003692
4000337,3005303
4000338,3000419
4000338,3000444
4000338,3001856
4000338,3001949
4000338,3003964
4000338,3004428
4000338,3004542
4000338,3004791
4000338,3005169
4000339,3000621
4000339,3001658
4000339,3001774
4000339,3002266
4000339,3002804
4000339,3003876
4000339,3004023
4000339,3005355
4000340,3003750
4000340,3004445
4000340,3004528
4000341,3000092
4000341,3000099
4000341,3001000
4000341,3002220
4000341,3002510
4000341,3002512
4000341,3003894
4000341,3004278
4000341,3004535
4000342,3000666
4000342,3002713
4000342,3003329
4000342,3003588
4000342,3003790
4000342,3005350
4000343,3001525
4000343,3003490
4000343,3005647
4000344,3001802
4000344,3002085
4000344,3002129
4000344,3003382
4000344,3003703
4000344,3004155
4000344,3004367
4000344,3004835
4000345,3001194
4000345,3002177
4000345,3002405
4000345,3003995
4000345,3004869
4000345,3005793
4000345,3005810
4000346,3000923
4000346,3002138
4000346,3003836
4000346,3004837
4000346,3005136
4000347,3000165
4000347,3000796
4000347,3001538
4000347,3001845
4000347,3001992
4000347,3002766
4000347,3002929
4000347,3003634
4000347,3005739
4000348,3002657
4000348,3004856
4000349,3001068
4000349,3001149
4000349,3001418
4000349,3003028
4000349,3003593
4000350,3002514
4000350,3003209
4000350,3003527
4000350,3003586
4000350,3003761
4000350,3003806
4000350,3004133
4000350,3004583
4000351,3000391
4000351,3002707
4000351,3005345
4000351,3005539
4000352,3003720
4000352,3004620
4000353,3000889
4000353,3003632
4000354,3000151
4000354,3000196
4000354,3001585
4000354,3005067
4000355,3000458
4000355,3002069
4000355,3002431
4000355,3003939
4000355,3005432
4000356,3000557
4000356,3000936
4000356,3001548
4000356,3002395
4000356,3003763
4000356,3005949
4000357,3002005
4000357,3004390
4000357,3005644
4000358,3002160
4000358,3002712
4000358,3004101
4000358,3005763
4000359,3000518
4000359,3002052
4000359,3003149
4000359,3005148
4000360,3000996
4000360,3001261
4000360,3002498
4000360,3003801
4000360,3003842
4000361,3002303
4000361,3002816
4000361,3003180
4000361,3003549
4000361,3004810
4000361,3004823
4000361,3004841
4000361,3005968
4000362,3000358
4000362,3001862
4000362,3001864
4000362,3001940
4000362,3002228
4000362,3003986
4000363,3002235
4000363,3003350
4000363,3004629
4000363,3004700
4000364,3001666
4000364,3001876
4000364,3003224
4000364,3004466
4000364,3005624
4000365,3000007
4000365,3000084
4000365,3000329
4000365,3001893
4000365,3002281
4000365,3002676
4000365,3002902
4000365,3002924
4000365,3003812
4000365,3004784
4000365,3005284
4000365,3005766
4000366,3000817
4000366,3001120
4000366,3002376
4000366,3002709
4000366,3004465
4000366,3005078
4000367,3001822
4000367,3001946
4000367,3003030
4000367,3005089
4000368,3000590
4000368,3001077
4000368,3001794
4000368,3002173
4000368,3003547
4000368,3004096
4000368,3004427
4000369,3000033
4000369,3001164
4000369,3003120
4000370,3000021
4000370,3000606
4000370,3000655
4000370,3003943
4000370,3004459
4000370,3004543
4000370,3005074
4000370,3005287
4000370,3005966
4000371,3000245
4000371,3002572
4000371,3002915
4000371,3003168
4000371,3003997
4000372,3000059
4000372,3001427
4000372,3002070
4000372,3002123
4000372,3002747
4000372,3002862
4000372,3003986
4000372,3005599
4000373,3000666
4000373,3001129
4000373,3001427
4000373,3002351
4000373,3004144
4000373,3004957
4000374,3000012
4000374,3002392
4000374,3004615
4000375,3002184
4000375,3002305
4000375,3002382
4000375,3003103
4000375,3004999
4000375,3005771
4000376,3000486
4000376,3000544
4000376,3001320
4000376,3004639
4000377,3002742
4000377,3003162
4000377,3004393
4000378,3000550
4000378,3000720
4000378,3002264
4000378,3002309
4000378,3002363
4000378,3002455
4000378,3003486
4000378,3004821
4000378,3005412
4000378,3005945
4000379,3001747
4000379,3002999
4000379,3004256
4000379,3005827
4000380,3000077
4000380,3002597
4000380,3004237
4000381,3000507
4000381,3000886
4000381,3002392
4000381,3003755
4000381,3004615
4000381,3004645
4000381,3005076
4000381,3005771
4000382,3000541
4000382,3001929
4000382,3002152
4000382,3004580
4000383,3000493
4000383,3001964
4000383,3002275
4000383,3002835
4000383,3003120
4000383,3004331
4000383,3005060
4000383,3005191
4000383,3005383
4000384,3000132
4000384,3000396
4000384,3000566
4000384,3000990
4000384,3001241
4000384,3002843
4000384,3003731
4000384,3003944
4000384,3004650
4000384,3005799
4000385,3000973
4000385,3001048
4000385,3002705
4000385,3003226
4000385,3004705
4000385,3004941
4000385,3005549
4000386,3000420
4000386,3001553
4000386,3004580
4000386,3004949
4000387,3000575
4000387,3001733
4000387,3001970
4000387,3004150
4000387,3005077
4000388,3000435
4000388,3001314
4000388,3004365
4000389,3000482
4000389,3000521
4000389,3001049
4000389,3002805
4000389,3004941
4000389,3005549
4000389,3005896
4000390,3000362
4000390,3000488
4000390,3001780
4000390,3002179
4000390,3004755
4000391,3001011
4000391,3003396
4000391,3003590
4000391,3005643
4000392,3001934
4000392,3003558
4000392,3004052
4000393,3001222
4000393,3001382
4000393,3004419
4000393,3004835
4000393,3005513
4000394,3000058
4000394,3002486
4000394,3005150
4000394,3005467
4000395,3000897
4000395,3001169
4000395,3003590
4000395,3005177
4000396,3001913
4000396,3002185
4000396,3003348
4000396,3003462
4000396,3003580
4000396,3003586
4000396,3004749
4000396,3004996
4000397,3000150
4000397,3002450
4000397,3002754
4000398,3000295
4000398,3001397
4000398,3001615
4000398,3002301
4000398,3002575
4000398,3002977
4000398,3004738
4000398,3005095
4000398,3005446
4000399,3000221
4000399,3000392
4000399,3000435
4000399,3001854
4000399,3002898
4000399,3003903
4000399,3005964
4000400,3003288
4000400,3003915
4000400,3004068
4000400,3004264
4000401,3001865
4000401,3002120
4000401,3002741
4000401,3003947
4000401,3005433
4000401,3005531
4000402,3001146
4000403,3000275
4000403,3000537
4000403,3000988
4000403,3003083
4000403,3004078
4000403,3004441
4000403,3004655
4000403,3005574
4000403,3005660
4000404,3000277
4000404,3001200
4000404,3001278
4000404,3002086
4000404,3004104
4000404,3004814
4000405,3001476
4000405,3001893
4000405,3005766
4000406,3002035
4000406,3002265
4000406,3002402
4000406,3004158
4000407,3000229
4000407,3001486
4000407,3004099
4000407,3004747
4000408,3001082
4000408,3001863
4000408,3004285
4000408,3004840
4000408,3005890
4000409,3001847
4000409,3002009
4000409,3002655
4000409,3003751
4000409,3004007
4000409,3004159
4000409,3004528
4000409,3005308
4000410,3001479
4000410,3001563
4000410,3002426
4000410,3003094
4000411,3000319
4000411,3000898
4000411,3003219
4000411,3005028
4000411,3005975
4000412,3001185
4000412,3001367
4000412,3001916
4000412,3002304
4000412,3002954
4000412,3003497
4000412,3003893
4000412,3004185
4000413,3001486
4000413,3001508
4000413,3002628
4000413,3005374
4000414,3003822
4000414,3004382
4000414,3005042
4000415,3001009
4000415,3002293
4000415,3003049
4000415,3004123
4000415,3004638
4000415,3005067
4000416,3003039
4000416,3003042
4000416,3005043
4000417,3001363
4000417,3001494
4000417,3001660
4000417,3002024
4000417,3003349
4000417,3004120
4000418,3000647
4000418,3000882
4000418,3003010
4000418,3004033
4000418,3004109
4000418,3004276
4000418,3005364
4000419,3001623
4000419,3004181
4000419,3004448
4000419,3005084
4000420,3001834
4000420,3002499
4000420,3002647
4000420,3002895
4000420,3003106
4000420,3003497
4000420,3004454
4000420,3004631
4000421,3000411
4000421,3001264
4000421,3001744
4000421,3002853
4000421,3003628
4000421,3003995
4000421,3004695
4000422,3000731
4000422,3001233
4000422,3002157
4000423,3000442
4000423,3001833
4000423,3003399
4000423,3005951
4000423,3005986
4000424,3000464
4000424,3000468
4000424,3000598
4000424,3001405
4000424,3003427
4000424,3003724
4000425,3000155
4000425,3000439
4000425,3000562
4000425,3000944
4000425,3001712
4000425,3002141
4000425,3002259
4000425,3002867
4000425,3003167
4000425,3003362
4000425,3003729
4000425,3003881
4000425,3004310
4000425,3004745
4000425,3005159
4000425,3005657
4000426,3000262
4000426,3002520
4000427,3001453
4000427,3001551
4000427,3002163
4000427,3004987
4000427,3005449
4000428,3000791
4000428,3001241
4000428,3001667
4000428,3002132
4000428,3003741
4000428,3004684
4000428,3004734
4000429,3000151
4000429,3002027
4000429,3004918
4000429,3005629
4000430,3000328
4000430,3001203
4000430,3001250
4000430,3001762
4000430,3002264
4000430,3003122
4000430,3003281
4000430,3003398
4000430,3004289
4000430,3005312
4000431,3000374
4000431,3003820
4000431,3004623
4000431,3004653
4000432,3000333
4000432,3002099
4000432,3002689
4000432,3003125
4000432,3003266
4000433,3001158
4000433,3001180
4000433,3003628
4000433,3003995
4000433,3004811
4000434,3000079
4000434,3001941
4000434,3004327
4000434,3004733
4000435,3001799
4000435,3003171
4000435,3003901
4000435,3004073
4000435,3004213
4000435,3004602
4000435,3004956
4000436,3000060
4000436,3000948
4000437,3000062
4000437,3000646
4000437,3000723
4000437,3000826
4000437,3001142
4000437,3001731
4000437,3002758
4000437,3003787
4000437,3003894
4000437,3003905
4000437,3004818
4000437,3005156
4000437,3005688
4000438,3000356
4000438,3003190
4000438,3003363
4000438,3004601
4000438,3004735
4000438,3004914
4000438,3005392
4000438,3005931
4000439,3000436
4000439,3001352
4000439,3001356
4000439,3002029
4000439,3003058
4000439,3003659
4000439,3003970
4000439,3004476
4000439,3004701
4000439,3005611
4000439,3005736
4000439,3005816
4000440,3001241
4000440,3002101
4000440,3003038
4000440,3004432
4000440,3005668
4000441,3001661
4000441,3005655
4000442,3000209
4000442,3003604
4000442,3004743
4000442,3005267
4000443,3001624
4000443,3002171
4000443,3003073
4000443,3004589
4000443,3005023
4000443,3005219
4000444,3000498
4000444,3002364
4000444,3002755
4000444,3003005
4000444,3005483
4000444,3005812
4000445,3000043
4000445,3000551
4000445,3000788
4000445,3000795
4000445,3004607
4000445,3004827
4000445,3004943
4000445,3004946
4000446,3001806
4000446,3002797
4000446,3003022
4000446,3003642
4000446,3004056
4000446,3004345
4000446,3004761
4000446,3005097
4000446,3005275
4000447,3000083
4000447,3000877
4000447,3003041
4000448,3000734
4000448,3002101
4000448,3003186
4000448,3004792
4000449,3002253
4000450,3001743
4000450,3003938
4000450,3004248
4000451,3002471
4000451,3004971
4000451,3005216
4000451,3005288
4000451,3005315
4000452,3000993
4000452,3001224
4000452,3002304
4000452,3003335
4000452,3003526
4000452,3005885
4000453,3000520
4000453,3002171
4000453,3002359
4000453,3005566
4000454,3000239
4000454,3000418
4000454,3002312
4000454,3002773
4000454,3004632
4000454,3005806
4000454,3005902
4000455,3002246
4000455,3002431
4000456,3002527
4000456,3003564
4000457,3002525
4000457,3002735
4000457,3004410
4000457,3004923
4000458,3002340
4000458,3003010
4000458,3003102
4000458,3003882
4000458,3004937
4000459,3002297
4000459,3002650
4000459,3003085
4000459,3005325
4000459,3005426
4000460,3000425
4000460,3002604
4000460,3003175
4000461,3002515
4000461,3003367
4000461,3004105
4000461,3004348
4000461,3004423
4000461,3004531
4000462,3000881
4000462,3002123
4000462,3003024
4000462,3004144
4000462,3004851
4000462,3005227
4000462,3005599
4000463,3000121
4000463,3000170
4000463,3000790
4000463,3001394
4000463,3001425
4000463,3001460
4000463,3001931
4000463,3002125
4000463,3002286
4000463,3003308
4000463,3003994
4000463,3005369
4000463,3005795
4000464,3001948
4000464,3002271
4000464,3002302
4000464,3002910
4000464,3003613
4000464,3004634
4000464,3005213
4000464,3005571
4000465,3001435
4000465,3001649
4000465,3002312
4000466,3002505
4000466,3002551
4000466,3003075
4000466,3004048
4000466,3005647
4000466,3005814
4000467,3001232
4000467,3001398
4000467,3002020
4000467,3002055
4000467,3002792
4000467,3002888
4000467,3003185
4000467,3003306
4000467,3004184
4000467,3004209
4000467,3004567
4000467,3004665
4000468,3000539
4000468,3002757
4000468,3002894
4000468,3003791
4000468,3004196
4000468,3005749
4000469,3000450
4000469,3003300
4000469,3003606
4000470,3000711
4000470,3001336
4000470,3003133
4000471,3000302
4000471,3001212
4000471,3002226
4000471,3003820
4000471,3004275
4000472,3001305
4000472,3004224
4000472,3004585
4000472,3005770
4000473,3000622
4000473,3001132
4000473,3001713
4000473,3002454
4000473,3004627
4000473,3004830
4000473,3005188
4000474,3000964
4000474,3001977
4000474,3002024
4000474,3003810
4000474,3004955
4000474,3005029
4000475,3000261
4000475,3000304
4000475,3002648
4000475,3004055
4000475,3005202
4000475,3005266
4000476,3000106
4000476,3002742
4000476,3003506
4000476,3003804
4000476,3004110
4000476,3004953
4000476,3005403
4000477,3004878
4000477,3005075
4000478,3000205
4000478,3002689
4000478,3003125
4000478,3003641
4000478,3005354
4000478,3005760
4000479,3001069
4000479,3001121
4000479,3001144
4000479,3001270
4000479,3002982
4000479,3004021
4000480,3000089
4000480,3000334
4000480,3001537
4000480,3001645
4000480,3001811
4000480,3002401
4000480,3002785
4000480,3002845
4000480,3003246
4000480,3004318
4000481,3000984
4000481,3004987
4000482,3002636
4000482,3002907
4000482,3003680
4000482,3005708
4000483,3002950
4000483,3005345
4000483,3005539
4000483,3005879
4000484,3000426
4000484,3001560
4000484,3001876
4000484,3002156
4000484,3003309
4000484,3005040
4000484,3005233
4000485,3000760
4000485,3001182
4000485,3002187
4000485,3002743
4000485,3002824
4000485,3002980
4000485,3003230
4000485,3004088
4000485,3005135
4000485,3005946
4000486,3000288
4000486,3003247
4000486,3003260
4000486,3005218
4000486,3005397
4000487,3000767
4000487,3001555
4000487,3002250
4000487,3002636
4000487,3003212
4000487,3003855
4000488,3000904
4000488,3002837
4000488,3003850
4000488,3004112
4000488,3004963
4000489,3000600
4000489,3003049
4000489,3003255
4000490,3003525
4000490,3003968
4000490,3004975
4000490,3005347
4000490,3005557
4000491,3000232
4000491,3000417
4000491,3001001
4000491,3001543
4000491,3001963
4000491,3002868
4000491,3003465
4000492,3001225
4000492,3001980
4000492,3003199
4000492,3004259
4000492,3004774
4000492,3004867
4000492,3005507
4000493,3000485
4000493,3001213
4000493,3002748
4000493,3003115
4000493,3005864
4000494,3000400
4000494,3001468
4000494,3001475
4000494,3002009
4000494,3003999
4000494,3004968
4000494,3005431
4000495,3000177
4000495,3000292
4000495,3001362
4000495,3001902
4000495,3002017
4000495,3002717
4000496,3003885
4000496,3004857
4000496,3005018
4000497,3000477
4000497,3000754
4000497,3001899
4000497,3002159
4000497,3002681
4000497,3003146
4000497,3003221
4000497,3004102
4000497,3004234
4000497,3004835
4000497,3005826
4000498,3000330
4000498,3002302
4000498,3002994
4000498,3004041
4000498,3004936
4000498,3005425
4000499,3000908
4000499,3002382
4000499,3002621
4000499,3003035
4000499,3004439
4000499,3004461
4000499,3004540
4000500,3000258
4000500,3001054
4000500,3001254
4000500,3003121
4000500,3003433
4000500,3003983
4000500,3003990
4000500,3005471
4000501,3000963
4000501,3001535
4000501,3001672
4000501,3003081
4000501,3003196
4000501,3003394
4000501,3003686
4000501,3003925
4000501,3004165
4000501,3004219
4000501,3004335
4000501,3004600
4000501,3004670
4000501,3004702
4000501,3005114
4000501,3005203
4000501,3005573
4000501,3005960
4000501,3005974
4000502,3000159
4000502,3001553
4000502,3003760
4000502,3005422
4000503,3000472
4000504,3000329
4000504,3001823
4000504,3002222
4000504,3004769
4000505,3002231
4000505,3004309
4000505,3004328
4000505,3005556
4000505,3005769
4000505,3005853
4000506,3001723
4000506,3002683
4000506,3003875
4000506,3003991
4000506,3004747
4000507,3005849
4000508,3000638
4000508,3000829
4000508,3002402
4000508,3004641
4000509,3003043
4000509,3004020
4000509,3004288
4000509,3004550
4000509,3004704
4000509,3004708
4000509,3005503
4000509,3005647
4000510,3003818
4000510,3004275
4000510,3005117
4000511,3000309
4000511,3001349
4000511,3004907
4000511,3005243
4000511,3005419
4000512,3000187
4000512,3000902
4000512,3001276
4000512,3002262
4000512,3003886
4000512,3004042
4000512,3005553
4000513,3003993
4000513,3004287
4000513,3004678
4000513,3005709
4000514,3000382
4000514,3000454
4000514,3001115
4000514,3002150
4000514,3002876
4000514,3003594
4000514,3003932
4000514,3004175
4000514,3005317
4000514,3005696
4000515,3002442
4000515,3003708
4000515,3003956
4000515,3005476
4000516,3000220
4000516,3001370
4000516,3002749
4000516,3003323
4000516,3003858
4000516,3003866
4000516,3004862
4000516,3005125
4000516,3005769
4000517,3001265
4000517,3001560
4000517,3002016
4000517,3002292
4000517,3002967
4000517,3004534
4000517,3005601
4000518,3000213
4000518,3000232
4000518,3000661
4000518,3001308
4000518,3002236
4000518,3002358
4000518,3002559
4000518,3002766
4000518,3003182
4000518,3003634
4000518,3004612
4000519,3001284
4000519,3002925
4000519,3004468
4000519,3004940
4000520,3000443
4000520,3000988
4000520,3001905
4000520,3002745
4000521,3000906
4000521,3001455
4000521,3002924
4000521,3003576
4000521,3003668
4000521,3004057
4000521,3005426
4000522,3000276
4000522,3002339
4000522,3004013
4000522,3005673
4000523,3000217
4000523,3001514
4000523,3001865
4000523,3003800
4000523,3004532
4000523,3004618
4000523,3005523
4000523,3005710
4000524,3000057
4000524,3000680
4000524,3004380
4000524,3004425
4000524,3004771
4000524,3004784
4000524,3005546
4000524,3005822
4000524,3005861
4000525,3000008
4000525,3000587
4000525,3001366
4000525,3002122
4000525,3002248
4000525,3002446
4000525,3002933
4000525,3005841
4000526,3000537
4000526,3001268
4000526,3003332
4000526,3004245
4000526,3004655
4000527,3001616
4000527,3001978
4000527,3002251
4000527,3003355
4000527,3003447
4000527,3003609
4000527,3004488
4000527,3005483
4000527,3005527
4000528,3002727
4000528,3002917
4000528,3003981
4000528,3004842
4000529,3000030
4000529,3000984
4000529,3001491
4000529,3004143
4000529,3004987
4000529,3005197
4000529,3005492
4000530,3001364
4000530,3002420
4000530,3003776
4000530,3004246
4000530,3005345
4000530,3005539
4000531,3001303
4000531,3003657
4000531,3003720
4000532,3000428
4000532,3000446
4000532,3004747
4000533,3003819
4000533,3005847
4000534,3000205
4000534,3000602
4000534,3000920
4000534,3004101
4000534,3005022
4000535,3001353
4000535,3005036
4000535,3005078
4000535,3005406
4000535,3005445
4000536,3001462
4000536,3003415
4000536,3004760
4000536,3005807
4000537,3000194
4000537,3002783
4000537,3004016
4000537,3004973
4000537,3005655
4000537,3005862
4000538,3000337
4000538,3001223
4000538,3001481
4000538,3003292
4000538,3005584
4000539,3000127
4000539,3001163
4000539,3001741
4000539,3001849
4000539,3002351
4000539,3003671
4000539,3005558
4000540,3005007
4000540,3005981
4000541,3002022
4000541,3002325
4000541,3004407
4000541,3004763
4000541,3005150
4000541,3005467
4000542,3001401
4000542,3003070
4000542,3003763
4000542,3004703
4000543,3001219
4000543,3001602
4000543,3001952
4000543,3002556
4000543,3004395
4000543,3004490
4000544,3000426
4000544,3001299
4000544,3003309
4000544,3004188
4000544,3004696
4000545,3001700
4000545,3003079
4000545,3003240
4000545,3003360
4000545,3004682
4000546,3001077
4000546,3001658
4000546,3001844
4000546,3002364
4000546,3003661
4000546,3005320
4000547,3004443
4000547,3005574
4000547,3005644
4000548,3000702
4000548,3002522
4000548,3003483
4000548,3004497
4000548,3004948
4000548,3005246
4000549,3000965
4000549,3001506
4000549,3003075
4000549,3003283
4000550,3000113
4000550,3001907
4000550,3004536
4000550,3004692
4000550,3005665
4000551,3000050
4000551,3001402
4000551,3003161
4000551,3003934
4000552,3000166
4000552,3002815
4000552,3003813
4000552,3003953
4000552,3004706
4000552,3005120
4000552,3005365
4000552,3005592
4000553,3000357
4000553,3000511
4000553,3001507
4000553,3001603
4000553,3001814
4000554,3000140
4000554,3001491
4000554,3004242
4000554,3005714
4000555,3001914
4000555,3002934
4000555,3003726
4000555,3005090
4000555,3005326
4000555,3005501
4000556,3002917
4000556,3003187
4000556,3003520
4000557,3000334
4000557,3001574
4000557,3003644
4000557,3004376
4000558,3000036
4000558,3000122
4000558,3000302
4000558,3001689
4000558,3003550
4000558,3004781
4000558,3005117
4000558,3005959
4000559,3000087
4000559,3001098
4000559,3003005
4000559,3003427
4000559,3003862
4000560,3001663
4000560,3002152
4000560,3002946
4000560,3004580
4000561,3001270
4000561,3002073
4000561,3002115
4000561,3002958
4000561,3003979
4000561,3005670
4000562,3000367
4000562,3001429
4000562,3001701
4000562,3004346
4000562,3005728
4000563,3000290
4000563,3000388
4000563,3000434
4000563,3000481
4000563,3002593
4000563,3003792
4000563,3004128
4000563,3005468
4000563,3005929
4000564,3000886
4000564,3000908
4000564,3002621
4000564,3003191
4000564,3004208
4000564,3005076
4000564,3005077
4000565,3001065
4000565,3001218
4000565,3002157
4000565,3003564
4000565,3005994
4000566,3000160
4000566,3000688
4000566,3002560
4000566,3002905
4000566,3003052
4000566,3005478
4000567,3000297
4000567,3001158
4000567,3002058
4000568,3002838
4000568,3003270
4000569,3000350
4000569,3000714
4000569,3000731
4000569,3001409
4000569,3001453
4000569,3003559
4000569,3005492
4000569,3005636
4000569,3005658
4000570,3001378
4000570,3003070
4000570,3003299
4000570,3003883
4000570,3003884
4000571,3000671
4000571,3000751
4000571,3001031
4000571,3002769
4000571,3005008
4000572,3000721
4000572,3005199
4000572,3005637
4000573,3001019
4000573,3002634
4000573,3002978
4000573,3003011
4000573,3003673
4000573,3004653
4000573,3005224
4000574,3000888
4000574,3000931
4000574,3001057
4000574,3002409
4000574,3004868
4000574,3005077
4000574,3005272
4000574,3005771
4000575,3000190
4000575,3000501
4000575,3000963
4000575,3001119
4000575,3001175
4000575,3001838
4000575,3001965
4000575,3002082
4000575,3002126
4000575,3002449
4000575,3004751
4000576,3002530
4000576,3003059
4000576,3004057
4000577,3000798
4000577,3001264
4000577,3004186
4000577,3005356
4000578,3000512
4000578,3001950
4000578,3002541
4000578,3002831
4000578,3003214
4000578,3004757
4000579,3001180
4000579,3002995
4000579,3003265
4000579,3005262
4000580,3000268
4000580,3000506
4000580,3001599
4000580,3002638
4000580,3003331
4000580,3004087
4000580,3004229
4000581,3001719
4000582,3001621
4000582,3001996
4000582,3003539
4000582,3003895
4000582,3004663
4000582,3005263
4000582,3005382
4000583,3000077
4000583,3000162
4000583,3000794
4000583,3001919
4000583,3003110
4000583,3003407
4000583,3004925
4000584,3000888
4000584,3002305
4000584,3002579
4000584,3004381
4000584,3004515
4000584,3004540
4000585,3004366
4000585,3005098
4000585,3005465
4000585,3005727
4000586,3000622
4000586,3000658
4000586,3002925
4000586,3004179
4000586,3004216
4000586,3005770
4000587,3000930
4000587,3001492
4000587,3002124
4000587,3002802
4000587,3004926
4000587,3005247
4000587,3005612
4000588,3000708
4000588,3003590
4000588,3005140
4000588,3005437
4000589,3001785
4000589,3002174
4000589,3004287
4000589,3005427
4000590,3000319
4000590,3000527
4000590,3002957
4000590,3002974
4000590,3003945
4000590,3004651
4000591,3000034
4000591,3001018
4000591,3001165
4000591,3001456
4000591,3002028
4000591,3002536
4000591,3002552
4000591,3003231
4000591,3003904
4000591,3003923
4000591,3004690
4000591,3005358
4000592,3000329
4000592,3001476
4000592,3002140
4000592,3002999
4000592,3003976
4000592,3004888
4000592,3005297
4000592,3005703
4000593,3002445
4000593,3002602
4000593,3002897
4000593,3003756
4000593,3005092
4000594,3000632
4000594,3000951
4000594,3001776
4000594,3003213
4000594,3003268
4000594,3003810
4000594,3004406
4000594,3005593
4000595,3000406
4000595,3001080
4000595,3001193
4000595,3001297
4000595,3001493
4000595,3003117
4000595,3003310
4000595,3003320
4000595,3003885
4000595,3004979
4000595,3005618
4000596,3001424
4000596,3001664
4000596,3001805
4000596,3003159
4000596,3003605
4000596,3004051
4000596,3005415
4000597,3000236
4000597,3003700
4000597,3004153
4000597,3004296
4000597,3005172
4000597,3005243
4000598,3000455
4000598,3000609
4000598,3002373
4000598,3002778
4000598,3004411
4000598,3004764
4000599,3000640
4000599,3001387
4000599,3001806
4000599,3002876
4000599,3004793
4000599,3004852
4000599,3005940
4000600,3000022
4000600,3001391
4000600,3002315
4000600,3002384
4000600,3003599
4000600,3005474
4000600,3005513
4000601,3000676
4000601,3001187
4000601,3001638
4000601,3001677
4000601,3002042
4000601,3002258
4000601,3002710
4000601,3005869
4000602,3001059
4000602,3001442
4000602,3002923
4000602,3003492
4000602,3003533
4000602,3003899
4000602,3005284
4000602,3005637
4000603,3000008
4000603,3000901
4000603,3002037
4000603,3002175
4000603,3003746
4000603,3003930
4000603,3004029
4000603,3005206
4000604,3001751
4000604,3004109
4000604,3004937
4000604,3005765
4000604,3005830
4000605,3000272
4000605,3000962
4000605,3001088
4000605,3001509
4000605,3001706
4000605,3002308
4000605,3005717
4000606,3000209
4000606,3001865
4000606,3002798
4000607,3000383
4000607,3001680
4000607,3001869
4000607,3002287
4000607,3002523
4000607,3002849
4000607,3002916
4000607,3003175
4000607,3004611
4000607,3004838
4000607,3005138
4000608,3000828
4000608,3001084
4000608,3001161
4000608,3003620
4000608,3003675
4000608,3003811
4000608,3004285
4000608,3004388
4000608,3004448
4000608,3005616
4000608,3005630
4000609,3001576
4000609,3001939
4000609,3002731
4000609,3002789
4000609,3003232
4000609,3003642
4000609,3004386
4000609,3005359
4000609,3005597
4000610,3001107
4000610,3001312
4000610,3001644
4000610,3001779
4000610,3002165
4000610,3004709
4000610,3005226
4000611,3000638
4000611,3001902
4000611,3002138
4000611,3003771
4000611,3004014
4000611,3004334
4000611,3004711
4000611,3005011
4000612,3000297
4000612,3000798
4000612,3001183
4000612,3002170
4000612,3003048
4000613,3000701
4000613,3001850
4000613,3002517
4000613,3002602
4000614,3000261
4000614,3002294
4000614,3002672
4000614,3002697
4000614,3005117
4000614,3005231
4000614,3005266
4000615,3000518
4000615,3000647
4000615,3002153
4000615,3004920
4000615,3005148
4000615,3005955
4000616,3000359
4000616,3001321
4000616,3001358
4000616,3002500
4000616,3005061
4000617,3001936
4000617,3003826
4000617,3004520
4000617,3004884
4000618,3001958
4000619,3001164
4000619,3001190
4000619,3001928
4000619,3002838
4000619,3004564
4000620,3000414
4000620,3002093
4000620,3003837
4000620,3004899
4000621,3003778
4000621,3004099
4000621,3005374
4000622,3000114
4000622,3000226
4000622,3000515
4000622,3000592
4000622,3002148
4000622,3002799
4000622,3003652
4000622,3005523
4000623,3000592
4000623,3001034
4000623,3002799
4000623,3004988
4000623,3005232
4000623,3005577
4000624,3001300
4000624,3002204
4000624,3003165
4000624,3003351
4000624,3003656
4000624,3004604
4000624,3005230
4000624,3005826
4000625,3000004
4000625,3000387
4000625,3001042
4000625,3003582
4000625,3004013
4000625,3004214
4000625,3005462
4000626,3000030
4000626,3002469
4000626,3005300
4000627,3001836
4000627,3002382
4000627,3003318
4000627,3004715
4000627,3005373
4000627,3005540
4000627,3005886
4000628,3003038
4000628,3004910
4000628,3005957
4000629,3000074
4000629,3004152
4000629,3004640
4000629,3004932
4000630,3000641
4000630,3000685
4000630,3001737
4000630,3001953
4000630,3003089
4000631,3002657
4000631,3003814
4000631,3005356
4000632,3000181
4000632,3002367
4000632,3002615
4000632,3003367
4000632,3003700
4000632,3005086
4000632,3005419
4000633,3000927
4000633,3004191
4000633,3004819
4000633,3004873
4000633,3005553
4000634,3001639
4000634,3005373
4000635,3002529
4000635,3005298
4000636,3000305
4000636,3000316
4000636,3001238
4000636,3001407
4000636,3001494
4000636,3002038
4000636,3004557
4000637,3002263
4000637,3003582
4000637,3004879
4000637,3005123
4000637,3005888
4000638,3000633
4000638,3000985
4000638,3001070
4000638,3002644
4000638,3002836
4000638,3003244
4000638,3003771
4000638,3003836
4000639,3000230
4000639,3000451
4000639,3000969
4000639,3001018
4000639,3001025
4000639,3003923
4000639,3004140
4000639,3004776
4000639,3004777
4000639,3005237
4000639,3005392
4000640,3000770
4000640,3001653
4000640,3002413
4000640,3002611
4000640,3002893
4000640,3003285
4000640,3005742
4000641,3002863
4000641,3003447
4000641,3003517
4000641,3005313
4000642,3001141
4000642,3001352
4000642,3002673
4000643,3001132
4000643,3002059
4000643,3002139
4000643,3002840
4000643,3002906
4000643,3005516
4000644,3000806
4000644,3001063
4000644,3002518
4000644,3002784
4000644,3002943
4000644,3004226
4000644,3005518
4000644,3005842
4000645,3000006
4000645,3000636
4000645,3001471
4000645,3003623
4000645,3003631
4000645,3005509
4000646,3000712
4000646,3001527
4000646,3001759
4000646,3004011
4000646,3005360
4000647,3000728
4000647,3005148
4000647,3005238
4000647,3005364
4000648,3000560
4000648,3000966
4000648,3001973
4000648,3002553
4000648,3004048
4000648,3005102
4000649,3000301
4000649,3000474
4000649,3001413
4000649,3004157
4000649,3004757
4000650,3000534
4000650,3000581
4000650,3000628
4000650,3002279
4000651,3001004
4000651,3002880
4000651,3003247
4000651,3003317
4000651,3003340
4000651,3005568
4000652,3002143
4000652,3004824
4000652,3005043
4000653,3000048
4000653,3001324
4000653,3002168
4000653,3002592
4000653,3003364
4000653,3003410
4000653,3003977
4000653,3005704
4000654,3001220
4000654,3001362
4000654,3002397
4000654,3004270
4000654,3004837
4000655,3001220
4000655,3002482
4000655,3003836
4000655,3005465
4000655,3005848
4000656,3002444
4000656,3004792
4000656,3005799
4000657,3000959
4000657,3001514
4000657,3002623
4000657,3003267
4000657,3005232
4000658,3000661
4000658,3000775
4000658,3001274
4000658,3002146
4000658,3002635
4000658,3002857
4000658,3004082
4000658,3004119
4000658,3004286
4000658,3004516
4000658,3005405
4000659,3000867
4000659,3002773
4000659,3004255
4000659,3004632
4000660,3002237
4000660,3005567
4000660,3005790
4000661,3000478
4000661,3001226
4000661,3001899
4000661,3002723
4000661,3003470
4000661,3003502
4000661,3004155
4000662,3000561
4000662,3003388
4000662,3005362
4000663,3003072
4000663,3004463
4000663,3004821
4000664,3000493
4000664,3002263
4000664,3003088
4000664,3003270
4000664,3004736
4000665,3000137
4000665,3003312
4000665,3003321
4000665,3003452
4000665,3003867
4000665,3004529
4000665,3005260
4000666,3001241
4000666,3002345
4000666,3003186
4000666,3005668
4000666,3005699
4000667,3000489
4000667,3000612
4000667,3002542
4000667,3002581
4000667,3002617
4000667,3003371
4000667,3003937
4000667,3004182
4000667,3004563
4000667,3005611
4000668,3001840
4000668,3003419
4000668,3004387
4000669,3002925
4000669,3003622
4000669,3003667
4000669,3004499
4000669,3004637
4000669,3005094
4000669,3005911
4000670,3000027
4000670,3002443
4000670,3002619
4000670,3005978
4000671,3000082
4000671,3001706
4000671,3002933
4000671,3003824
4000671,3004267
4000671,3005051
4000672,3001602
4000672,3004176
4000672,3004574
4000672,3005395
4000673,3002223
4000673,3002776
4000673,3002798
4000673,3003973
4000673,3004532
4000673,3004678
4000674,3001371
4000674,3005200
4000675,3000768
4000675,3001010
4000675,3001290
4000675,3001448
4000675,3001643
4000675,3002074
4000675,3003092
4000675,3003643
4000675,3004622
4000675,3004803
4000676,3000143
4000676,3001978
4000676,3002381
4000676,3002716
4000676,3005015
4000677,3000354
4000677,3000408
4000677,3000549
4000677,3000665
4000677,3001930
4000677,3002085
4000677,3004367
4000677,3004867
4000677,3004991
4000677,3005977
4000678,3000591
4000678,3000981
4000678,3004340
4000678,3004574
4000679,3000225
4000679,3001200
4000679,3002554
4000679,3003443
4000679,3004414
4000679,3005378
4000680,3000235
4000680,3002706
4000680,3004139
4000680,3005607
4000681,3000576
4000681,3002383
4000681,3002670
4000681,3002816
4000681,3003112
4000681,3003184
4000681,3005463
4000682,3000966
4000682,3002505
4000682,3004647
4000682,3005365
4000683,3004439
4000683,3004997
4000684,3002151
4000684,3004956
4000684,3005491
4000684,3005711
4000685,3002534
4000685,3003697
4000685,3003914
4000685,3004490
4000685,3004587
4000686,3000008
4000686,3001509
4000686,3003296
4000687,3000286
4000687,3000627
4000687,3002014
4000687,3002524
4000687,3003084
4000687,3003089
4000687,3004324
4000688,3000205
4000688,3000282
4000688,3000827
4000688,3000936
4000688,3001334
4000688,3001401
4000688,3002057
4000688,3003479
4000688,3003595
4000688,3003658
4000688,3003825
4000688,3004101
4000688,3005921
4000689,3000500
4000689,3001142
4000689,3001170
4000689,3002273
4000689,3005031
4000689,3005958
4000690,3000950
4000690,3002529
4000690,3005224
4000690,3005298
4000691,3000400
4000691,3002479
4000691,3003725
4000691,3005431
4000692,3000253
4000692,3000686
4000692,3002991
4000692,3003348
4000692,3005892
4000693,3000583
4000693,3000742
4000693,3000946
4000693,3001708
4000693,3002051
4000693,3002561
4000693,3002882
4000693,3003487
4000693,3004223
4000693,3004469
4000693,3005992
4000694,3000060
4000694,3001800
4000694,3004830
4000695,3000575
4000695,3001639
4000695,3002940
4000695,3004051
4000695,3004116
4000695,3004251
4000696,3000594
4000696,3002147
4000696,3002354
4000696,3002516
4000697,3003017
4000697,3003127
4000697,3003774
4000697,3003909
4000697,3005276
4000698,3000491
4000698,3001113
4000698,3004295
4000698,3004528
4000699,3001477
4000699,3001542
4000699,3004899
4000700,3001066
4000700,3001502
4000700,3001887
4000700,3003962
4000700,3005634
4000700,3005761
4000700,3005979
4000701,3004533
4000701,3005567
4000702,3000712
4000702,3000743
4000702,3001092
4000702,3001669
4000702,3002565
4000702,3003916
4000703,3000066
4000703,3000301
4000703,3000643
4000703,3002110
4000703,3004789
4000703,3005187
4000703,3005278
4000703,3005941
4000704,3000142
4000704,3000519
4000704,3000847
4000704,3001001
4000704,3002820
4000704,3003589
4000704,3003752
4000704,3003961
4000704,3004015
4000704,3004081
4000704,3005254
4000704,3005501
4000705,3000474
4000705,3001683
4000705,3002104
4000705,3003459
4000705,3003907
4000705,3004358
4000705,3004460
4000705,3004569
4000705,3004609
4000705,3005278
4000706,3001522
4000706,3002748
4000706,3003796
4000706,3003955
4000706,3005873
4000707,3004614
4000707,3005322
4000707,3005574
4000708,3000508
4000708,3002949
4000708,3003204
4000708,3003554
4000708,3004022
4000708,3004172
4000708,3004404
4000708,3004707
4000708,3005407
4000708,3005535
4000709,3001882
4000709,3002199
4000709,3002330
4000709,3003314
4000709,3003361
4000709,3004265
4000709,3005082
4000709,3005216
4000710,3000707
4000710,3000812
4000710,3003630
4000710,3003682
4000710,3005742
4000711,3001002
4000711,3002319
4000711,3004895
4000712,3000787
4000712,3003718
4000712,3005851
4000713,3003824
4000713,3003930
4000714,3000948
4000714,3002034
4000714,3003793
4000714,3004487
4000714,3005475
4000715,3000249
4000715,3001267
4000715,3002864
4000715,3003352
4000715,3004344
4000715,3005200
4000716,3000338
4000716,3000638
4000716,3000805
4000716,3002298
4000716,3003771
4000716,3005248
4000717,3001951
4000717,3002714
4000717,3002917
4000717,3002967
4000717,3003014
4000717,3004898
4000718,3002312
4000718,3002432
4000718,3002845
4000718,3004632
4000719,3000178
4000719,3000246
4000719,3001886
4000719,3003005
4000719,3003449
4000719,3005293
4000720,3000411
4000720,3001264
4000720,3002405
4000720,3003831
4000720,3004323
4000720,3005669
4000721,3001176
4000721,3001962
4000721,3002729
4000721,3003882
4000721,3005970
4000722,3000156
4000722,3000491
4000722,3003045
4000722,3004292
4000723,3000124
4000723,3001330
4000723,3002679
4000723,3005341
4000723,3005491
4000723,3005691
4000723,3005707
4000724,3000026
4000724,3001305
4000725,3001191
4000725,3003221
4000725,3003278
4000725,3003280
4000725,3003379
4000725,3003854
4000725,3004398
4000725,3004426
4000726,3000644
4000726,3001730
4000726,3003065
4000726,3004677
4000727,3000564
4000727,3001028
4000727,3001450
4000727,3002977
4000727,3003389
4000727,3003960
4000727,3005750
4000728,3000397
4000728,3001151
4000728,3001637
4000728,3002032
4000728,3003504
4000728,3003713
4000729,3001804
4000729,3002404
4000729,3004503
4000729,3004617
4000729,3004965
4000730,3001137
4000730,3003330
4000730,3004504
4000730,3004972
4000730,3005130
4000731,3000129
4000731,3000633
4000731,3001220
4000731,3003952
4000731,3004014
4000732,3001760
4000732,3003276
4000732,3003284
4000732,3004033
4000732,3004832
4000733,3000624
4000733,3000843
4000733,3001168
4000733,3001246
4000733,3001524
4000733,3001976
4000733,3002407
4000733,3003406
4000733,3003610
4000733,3003845
4000733,3003922
4000733,3004058
4000733,3005273
4000734,3002265
4000734,3003244
4000734,3004270
4000734,3004298
4000735,3000313
4000735,3000802
4000735,3004471
4000736,3000415
4000736,3000432
4000736,3000542
4000736,3000570
4000736,3001085
4000736,3001175
4000736,3001277
4000736,3001465
4000736,3002068
4000736,3002774
4000736,3003662
4000736,3004687
4000736,3005170
4000736,3005242
4000736,3005450
4000736,3005468
4000736,3005572
4000736,3005788
4000737,3001374
4000737,3001438
4000737,3003774
4000737,3004638
4000737,3005538
4000738,3001209
4000738,3001474
4000738,3002342
4000738,3004490
4000739,3003853
4000739,3004249
4000739,3004292
4000739,3004993
4000740,3002800
4000740,3005472
4000741,3000844
4000741,3001618
4000741,3001967
4000741,3002609
4000741,3002654
4000741,3003044
4000741,3003047
4000741,3003906
4000741,3005195
4000741,3005535
4000742,3000531
4000742,3001072
4000742,3001237
4000742,3001874
4000742,3002047
4000742,3002882
4000742,3004866
4000743,3000137
4000743,3000494
4000743,3002431
4000743,3002982
4000743,3003707
4000743,3005522
4000744,3003305
4000744,3004495
4000744,3004513
4000744,3005364
4000744,3005964
4000745,3000599
4000745,3001558
4000745,3001741
4000745,3003376
4000745,3004038
4000746,3000520
4000746,3000696
4000746,3001384
4000746,3002152
4000746,3002450
4000746,3003555
4000746,3003596
4000747,3001254
4000747,3001625
4000747,3003121
4000747,3003988
4000747,3004939
4000747,3005198
4000748,3000381
4000748,3000985
4000748,3002265
4000748,3002397
4000748,3003612
4000748,3005727
4000749,3000734
4000749,3000846
4000749,3003731
4000749,3004910
4000750,3000227
4000750,3000262
4000750,3001925
4000750,3002368
4000750,3003506
4000750,3003762
4000750,3005321
4000751,3000724
4000751,3000831
4000751,3001597
4000751,3002028
4000751,3004619
4000752,3000637
4000752,3001048
4000752,3003629
4000752,3004218
4000752,3004342
4000752,3004355
4000752,3005000
4000752,3005789
4000753,3000350
4000753,3001409
4000753,3002157
4000753,3002659
4000753,3004353
4000754,3000820
4000754,3002707
4000754,3002722
4000755,3002692
4000755,3003259
4000755,3003613
4000755,3004112
4000755,3005319
4000756,3000628
4000756,3002140
4000756,3002279
4000756,3002460
4000756,3002844
4000756,3004330
4000756,3005226
4000757,3000815
4000757,3000830
4000757,3003638
4000757,3003701
4000758,3000669
4000758,3001602
4000758,3001738
4000758,3002018
4000758,3002317
4000758,3003219
4000759,3001746
4000759,3002472
4000759,3004041
4000759,3004936
4000759,3005406
4000760,3000458
4000760,3001590
4000760,3002093
4000760,3003261
4000760,3003480
4000760,3003707
4000760,3003917
4000760,3005245
4000761,3000234
4000761,3000881
4000761,3002757
4000761,3003402
4000761,3004616
4000761,3004944
4000761,3005274
4000762,3000104
4000762,3001681
4000762,3004505
4000762,3004950
4000763,3000340
4000763,3003837
4000763,3005457
4000763,3005899
4000764,3000268
4000764,3000385
4000764,3000814
4000764,3001617
4000764,3002219
4000764,3002688
4000764,3003331
4000764,3004068
4000764,3004989
4000765,3000091
4000765,3000956
4000765,3001956
4000765,3002284
4000765,3002993
4000765,3003032
4000765,3003253
4000765,3003767
4000765,3004221
4000765,3004938
4000765,3005466
4000766,3001887
4000766,3002525
4000766,3003063
4000766,3003291
4000766,3003962
4000766,3005020
4000766,3005113
4000766,3005518
4000767,3001303
4000767,3001604
4000767,3003720
4000768,3003838
4000768,3003904
4000768,3005058
4000768,3005281
4000768,3005382
4000769,3000703
4000769,3001482
4000769,3002252
4000769,3003371
4000769,3003723
4000769,3005386
4000769,3005983
4000770,3000531
4000770,3001327
4000770,3003069
4000770,3004024
4000770,3004646
4000770,3004699
4000770,3005400
4000770,3005410
4000771,3000606
4000771,3001651
4000771,3004189
4000771,3005068
4000771,3005524
4000771,3005890
4000772,3000460
4000772,3000644
4000772,3000846
4000772,3002444
4000772,3005635
4000773,3000124
4000773,3000308
4000773,3004073
4000774,3001203
4000774,3001517
4000774,3003472
4000774,3003700
4000774,3004463
4000774,3005411
4000775,3002539
4000775,3002684
4000775,3002754
4000776,3003181
4000776,3003430
4000776,3005522
4000776,3005900
4000777,3000392
4000777,3002052
4000777,3002320
4000777,3005955
4000778,3000920
4000778,3001236
4000778,3001334
4000778,3004080
4000779,3000606
4000779,3001150
4000779,3002426
4000779,3002506
4000779,3004492
4000779,3004543
4000779,3004911
4000780,3000917
4000780,3001140
4000780,3001339
4000780,3001731
4000780,3001999
4000780,3002075
4000780,3002911
4000780,3005504
4000781,3000339
4000781,3001416
4000781,3002111
4000781,3005204
4000781,3005332
4000781,3005444
4000782,3004267
4000782,3004900
4000782,3005107
4000783,3000521
4000783,3001048
4000783,3001469
4000783,3004180
4000783,3004700
4000784,3003255
4000784,3004807
4000784,3004918
4000784,3005067
4000785,3000068
4000785,3000701
4000785,3003332
4000786,3003484
4000786,3004818
4000786,3005944
4000787,3001073
4000787,3005747
4000787,3005877
4000788,3002859
4000788,3003401
4000788,3003561
4000788,3003811
4000788,3004132
4000788,3004388
4000788,3004805
4000788,3004947
4000788,3005860
4000788,3005863
4000789,3000006
4000789,3001290
4000789,3001471
4000789,3001717
4000789,3001795
4000789,3002202
4000789,3002637
4000789,3003297
4000789,3003834
4000789,3004607
4000789,3005138
4000789,3005437
4000790,3000016
4000790,3000211
4000790,3000452
4000790,3000642
4000790,3001281
4000790,3001870
4000790,3002326
4000790,3002375
4000790,3002394
4000790,3003636
4000790,3004600
4000790,3004960
4000790,3005174
4000790,3005785
4000791,3000920
4000791,3003070
4000791,3004006
4000791,3005049
4000791,3005110
4000791,3005921
4000792,3001132
4000792,3001634
4000792,3002250
4000792,3004458
4000792,3005366
4000793,3000377
4000793,3001148
4000793,3001198
4000793,3001231
4000793,3002317
4000793,3004377
4000793,3004490
4000793,3004605
4000793,3004773
4000794,3000487
4000794,3000613
4000794,3001181
4000794,3002641
4000794,3002996
4000794,3003358
4000794,3004261
4000794,3005401
4000795,3002197
4000795,3004445
4000796,3001847
4000796,3002687
4000796,3004159
4000797,3001563
4000797,3002463
4000797,3004436
4000797,3004744
4000797,3005155
4000797,3005167
4000798,3000303
4000798,3002008
4000798,3002901
4000798,3003768
4000798,3003960
4000798,3004713
4000798,3004803
4000798,3004948
4000798,3005385
4000799,3000029
4000799,3000173
4000799,3000904
4000799,3004363
4000800,3000664
4000800,3000863
4000800,3001080
4000800,3001327
4000800,3001464
4000800,3002111
4000800,3002136
4000800,3003129
4000800,3003310
4000800,3003715
4000800,3004814
4000800,3005100
4000800,3005963
4000801,3000144
4000801,3000793
4000801,3002358
4000801,3002571
4000801,3002922
4000801,3002929
4000801,3004220
4000801,3004693
4000801,3004945
4000802,3002053
4000802,3003014
4000802,3004304
4000802,3004863
4000802,3005716
4000802,3005969
4000803,3000032
4000803,3000427
4000803,3000565
4000803,3000683
4000803,3001526
4000803,3001529
4000803,3001831
4000803,3002361
4000803,3003047
4000803,3003197
4000803,3003511
4000803,3003568
4000803,3004227
4000804,3000181
4000804,3000556
4000804,3000720
4000804,3002451
4000804,3003303
4000804,3005001
4000804,3005530
4000805,3000085
4000805,3001884
4000805,3002133
4000805,3005059
4000806,3000175
4000806,3000291
4000806,3000623
4000806,3001764
4000806,3002008
4000806,3002649
4000806,3003258
4000806,3003421
4000806,3003834
4000806,3004827
4000806,3005437
4000806,3005497
4000807,3003758
4000807,3004893
4000807,3005449
4000807,3005658
4000808,3000097
4000808,3000282
4000808,3001236
4000808,3002689
4000808,3003883
4000808,3005866
4000809,3000168
4000809,3000771
4000809,3003235
4000809,3004434
4000810,3000510
4000810,3000723
4000810,3001027
4000810,3001694
4000810,3002625
4000810,3003130
4000810,3003484
4000810,3004450
4000810,3004797
4000811,3000189
4000811,3000199
4000811,3002926
4000811,3004540
4000812,3000586
4000812,3004054
4000812,3004434
4000812,3005145
4000812,3005813
4000813,3000267
4000813,3000350
4000813,3000461
4000813,3001065
4000813,3001179
4000813,3001551
4000813,3005197
4000813,3005636
4000814,3000913
4000814,3001314
4000814,3001751
4000814,3003674
4000814,3003744
4000815,3000352
4000815,3000842
4000815,3002495
4000816,3001103
4000816,3001566
4000816,3003381
4000816,3005726
4000816,3005855
4000817,3000161
4000817,3001550
4000817,3001626
4000817,3001782
4000817,3002353
4000817,3003342
4000817,3005409
4000817,3005495
4000817,3005840
4000818,3000750
4000818,3001060
4000818,3001586
4000818,3002547
4000818,3003450
4000818,3004485
4000818,3004728
4000818,3004780
4000818,3004905
4000818,3005190
4000818,3005414
4000819,3002814
4000819,3004322
4000819,3004564
4000820,3000925
4000820,3003162
4000820,3003967
4000820,3004152
4000821,3001927
4000821,3002169
4000821,3002206
4000821,3002590
4000821,3002869
4000821,3002966
4000821,3003148
4000821,3003437
4000821,3003607
4000821,3003636
4000821,3004336
4000821,3004470
4000821,3004581
4000821,3004722
4000821,3004740
4000821,3004967
4000821,3005561
4000822,3001936
4000822,3002521
4000822,3003490
4000822,3004239
4000822,3004506
4000823,3000666
4000823,3001247
4000823,3001862
4000823,3001892
4000823,3003024
4000823,3004196
4000823,3004225
4000823,3005350
4000823,3005603
4000824,3001121
4000824,3001542
4000824,3003321
4000824,3005873
4000825,3000878
4000825,3002311
4000825,3002734
4000825,3003367
4000825,3004153
4000825,3005283
4000825,3005746
4000826,3000030
4000826,3004028
4000826,3004673
4000826,3004727
4000826,3004730
4000827,3000566
4000827,3001365
4000827,3004650
4000828,3000395
4000828,3002537
4000828,3003100
4000828,3003870
4000828,3004359
4000828,3004887
4000828,3004990
4000829,3000029
4000829,3000207
4000829,3000855
4000829,3003850
4000830,3000081
4000830,3001432
4000830,3005791
4000831,3002535
4000831,3005149
4000832,3001904
4000832,3002518
4000832,3002783
4000832,3003220
4000832,3003827
4000832,3004502
4000832,3004683
4000832,3005020
4000833,3000642
4000833,3000986
4000833,3001052
4000833,3001803
4000833,3001922
4000833,3002090
4000833,3002335
4000833,3002825
4000833,3004329
4000833,3004633
4000833,3005072
4000833,3005559
4000833,3005788
4000834,3000755
4000834,3000996
4000834,3001196
4000834,3003482
4000834,3003709
4000834,3005883
4000835,3000447
4000835,3001198
4000835,3003239
4000835,3005395
4000836,3000205
4000836,3000602
4000836,3000885
4000836,3001378
4000836,3003299
4000836,3003595
4000836,3005949
4000837,3000441
4000837,3000631
4000837,3004937
4000838,3000077
4000838,3000201
4000838,3000778
4000838,3001026
4000838,3003829
4000838,3004925
4000838,3005381
4000838,3005913
4000839,3001624
4000839,3002171
4000839,3002359
4000839,3004620
4000839,3005119
4000840,3000259
4000840,3001114
4000840,3001134
4000840,3002438
4000840,3002768
4000840,3002770
4000840,3002908
4000840,3003440
4000840,3003949
4000840,3004391
4000840,3004728
4000840,3004745
4000840,3004870
4000841,3002492
4000841,3003952
4000841,3004333
4000841,3005996
4000842,3000137
4000842,3001213
4000842,3003939
4000842,3004691
4000842,3005179
4000842,3005900
4000843,3002243
4000843,3003116
4000843,3003755
4000843,3005953
4000844,3000165
4000844,3001655
4000844,3002238
4000844,3002790
4000844,3004854
4000844,3005299
4000844,3005487
4000844,3005550
4000845,3000200
4000845,3000665
4000845,3000674
4000845,3000799
4000845,3002129
4000845,3002399
4000845,3002592
4000845,3003160
4000845,3004234
4000845,3004917
4000845,3004991
4000845,3005495
4000846,3000252
4000846,3000268
4000846,3000521
4000846,3001360
4000846,3004268
4000846,3005549
4000846,3005777
4000847,3001151
4000847,3001920
4000847,3001952
4000847,3002032
4000847,3004302
4000847,3004605
4000848,3002599
4000848,3004737
4000848,3004873
4000848,3005154
4000849,3002046
4000849,3002296
4000849,3003420
4000849,3005227
4000849,3005353
4000849,3005379
4000850,3000296
4000850,3000361
4000850,3000603
4000850,3000921
4000850,3001971
4000850,3003031
4000850,3003053
4000850,3003087
4000850,3003575
4000850,3004064
4000850,3004489
4000850,3005259
4000850,3005548
4000851,3000343
4000851,3000812
4000851,3002173
4000851,3004023
4000852,3000929
4000852,3003500
4000852,3003620
4000852,3004872
4000853,3001111
4000853,3001167
4000853,3004602
4000853,3004626
4000854,3001264
4000854,3002995
4000855,3000470
4000855,3000648
4000855,3003393
4000855,3003602
4000856,3000192
4000856,3000351
4000856,3000740
4000856,3001529
4000856,3002949
4000856,3004022
4000856,3004140
4000856,3005146
4000856,3005263
4000856,3005825
4000857,3001083
4000857,3001235
4000857,3001480
4000857,3001518
4000857,3001523
4000857,3001777
4000857,3002126
4000857,3002438
4000857,3002725
4000857,3002726
4000857,3002899
4000857,3003406
4000857,3004508
4000857,3004728
4000857,3005328
4000857,3005785
4000857,3005929
4000858,3000651
4000858,3001428
4000859,3000253
4000859,3000256
4000859,3001104
4000859,3003348
4000859,3004597
4000860,3000597
4000860,3000869
4000860,3001035
4000860,3002596
4000860,3003171
4000860,3005149
4000861,3000341
4000861,3001668
4000861,3001843
4000861,3001986
4000861,3005856
4000861,3005893
4000862,3000324
4000862,3000346
4000862,3000399
4000862,3002737
4000862,3004420
4000862,3005070
4000862,3005801
4000863,3000353
4000863,3000892
4000863,3002720
4000863,3002738
4000863,3003164
4000863,3003570
4000863,3004844
4000864,3001444
4000864,3002218
4000864,3003765
4000864,3003822
4000864,3004857
4000864,3005017
4000865,3000517
4000865,3001598
4000865,3004447
4000865,3005309
4000865,3005368
4000865,3005795
4000866,3000653
4000866,3000908
4000866,3001836
4000866,3001970
4000866,3002940
4000866,3003238
4000866,3004461
4000866,3004868
4000866,3004909
4000867,3001351
4000867,3002228
4000867,3003402
4000867,3003791
4000867,3005379
4000867,3005625
4000868,3001340
4000868,3004326
4000869,3000441
4000869,3001725
4000869,3004109
4000869,3005964
4000870,3001517
4000870,3002329
4000870,3002357
4000870,3003147
4000870,3003466
4000870,3003809
4000870,3003966
4000870,3004826
4000870,3005054
4000870,3005086
4000870,3005596
4000871,3002466
4000871,3004418
4000871,3004593
4000871,3005267
4000871,3005577
4000872,3000937
4000872,3002885
4000872,3003974
4000872,3003984
4000872,3004746
4000872,3004810
4000873,3000242
4000873,3000631
4000873,3000647
4000873,3002729
4000873,3003744
4000873,3005765
4000874,3001938
4000874,3003702
4000874,3004900
4000875,3001276
4000875,3003037
4000875,3003532
4000875,3003886
4000875,3004479
4000876,3000159
4000876,3002684
4000876,3003651
4000876,3004589
4000876,3005511
4000877,3000821
4000877,3001731
4000877,3002732
4000877,3003040
4000877,3003749
4000877,3004192
4000877,3005156
4000877,3005958
4000878,3003049
4000879,3002692
4000879,3004634
4000879,3005036
4000880,3001882
4000880,3002545
4000880,3003691
4000881,3001945
4000881,3002446
4000881,3005841
4000882,3000329
4000882,3001640
4000882,3001834
4000882,3002222
4000882,3002297
4000882,3002971
4000882,3003194
4000882,3005430
4000883,3000141
4000883,3000588
4000883,3001629
4000883,3001798
4000883,3001957
4000883,3002365
4000883,3002441
4000883,3002860
4000883,3003441
4000883,3003471
4000883,3003918
4000883,3004524
4000883,3004860
4000883,3005456
4000884,3000306
4000884,3002488
4000884,3003393
4000884,3003633
4000884,3005464
4000885,3000106
4000885,3001037
4000885,3004152
4000886,3000942
4000886,3001364
4000886,3002722
4000886,3004747
4000886,3004779
4000887,3000147
4000887,3002533
4000887,3005199
4000888,3000250
4000888,3000778
4000888,3003344
4000888,3005236
4000889,3000043
4000889,3000702
4000889,3001159
4000889,3002849
4000889,3002901
4000889,3003592
4000889,3003865
4000889,3005680
4000890,3003248
4000890,3003270
4000890,3004062
4000890,3005324
4000890,3005383
4000890,3005888
4000891,3001186
4000891,3002472
4000891,3004017
4000891,3004041
4000891,3005718
4000892,3000274
4000892,3001959
4000892,3002205
4000892,3002407
4000892,3002449
4000892,3002511
4000892,3002770
4000892,3003450
4000892,3003610
4000892,3004929
4000892,3005025
4000892,3005586
4000892,3005693
4000892,3005924
4000893,3000025
4000893,3001030
4000893,3001594
4000893,3002242
4000893,3003725
4000893,3005473
4000894,3000568
4000894,3001201
4000894,3001801
4000894,3001849
4000894,3002502
4000894,3003024
4000894,3003519
4000895,3000228
4000895,3001101
4000895,3001992
4000895,3002088
4000895,3002570
4000895,3002724
4000895,3003366
4000895,3004286
4000895,3004321
4000895,3004855
4000895,3005479
4000896,3000159
4000896,3001414
4000896,3001624
4000896,3002826
4000896,3003651
4000897,3001045
4000897,3001765
4000897,3003702
4000897,3004666
4000898,3002221
4000898,3002352
4000898,3002370
4000898,3002515
4000898,3002615
4000899,3000140
4000899,3000146
4000899,3000461
4000900,3000499
4000900,3001872
4000900,3003709
4000900,3004004
4000900,3004828
4000900,3004836
4000900,3005993
4000901,3000671
4000901,3000720
4000901,3001809
4000901,3003122
4000901,3004409
4000901,3004511
4000901,3005411
4000902,3000756
4000902,3002653
4000902,3005318
4000902,3005821
4000902,3005995
4000903,3002576
4000903,3003119
4000903,3003632
4000903,3005211
4000904,3001167
4000904,3001197
4000904,3005391
4000905,3001050
4000905,3001092
4000905,3001787
4000905,3001812
4000905,3003624
4000905,3004060
4000905,3005452
4000906,3001851
4000906,3001969
4000906,3002573
4000906,3003579
4000906,3003699
4000906,3004522
4000906,3005612
4000907,3001743
4000907,3002077
4000907,3002190
4000907,3005182
4000908,3000764
4000908,3001797
4000908,3003118
4000908,3004580
4000909,3000390
4000909,3001393
4000909,3003652
4000909,3004418
4000910,3000175
4000910,3000342
4000910,3001693
4000910,3001860
4000910,3003172
4000910,3003372
4000910,3004431
4000910,3004622
4000910,3005780
4000911,3004466
4000911,3004864
4000911,3005033
4000911,3005626
4000912,3000168
4000912,3000823
4000912,3000939
4000912,3001178
4000912,3005778
4000912,3005962
4000913,3000374
4000913,3001243
4000913,3001689
4000913,3002021
4000913,3002282
4000913,3004055
4000913,3004679
4000913,3005266
4000913,3005849
4000913,3005973
4000914,3000933
4000914,3001184
4000914,3002890
4000914,3003381
4000914,3003839
4000915,3000463
4000915,3000670
4000915,3001705
4000915,3004140
4000915,3004338
4000915,3004707
4000915,3004712
4000915,3005335
4000916,3000352
4000916,3000842
4000916,3001906
4000916,3002292
4000916,3003187
4000916,3003309
4000916,3003485
4000916,3003727
4000916,3004244
4000916,3004466
4000916,3004534
4000916,3004806
4000916,3005222
4000916,3005819
4000917,3000093
4000917,3000734
4000917,3003200
4000917,3003944
4000917,3004326
4000917,3004432
4000918,3000251
4000918,3000656
4000918,3004207
4000918,3004971
4000919,3000280
4000919,3000914
4000919,3003307
4000919,3003887
4000919,3003964
4000919,3004371
4000919,3004685
4000919,3004750
4000920,3000958
4000920,3002072
4000920,3003057
4000920,3003472
4000920,3003809
4000920,3003848
4000920,3004105
4000920,3004409
4000920,3005295
4000920,3005753
4000921,3000722
4000921,3000919
4000921,3001440
4000921,3002251
4000921,3002413
4000921,3003547
4000921,3003724
4000922,3001941
4000922,3002446
4000922,3004666
4000922,3004817
4000922,3005641
4000923,3001475
4000924,3000669
4000924,3001602
4000924,3005265
4000925,3002167
4000925,3002221
4000925,3003848
4000925,3004049
4000925,3004625
4000925,3004763
4000925,3005295
4000925,3005967
4000926,3000416
4000926,3000502
4000926,3000674
4000926,3001174
4000926,3001292
4000926,3001802
4000926,3001980
4000926,3002384
4000926,3003908
4000927,3000242
4000927,3000441
4000927,3004033
4000927,3005238
4000928,3000201
4000928,3003012
4000929,3000476
4000929,3001195
4000929,3002596
4000929,3003198
4000929,3005707
4000930,3000171
4000930,3000566
4000930,3000791
4000930,3001730
4000930,3002843
4000930,3003038
4000930,3003186
4000931,3001300
4000931,3002186
4000931,3002424
4000931,3004912
4000932,3000056
4000932,3000854
4000932,3000945
4000932,3002199
4000932,3004301
4000932,3004896
4000932,3005216
4000933,3000131
4000933,3002936
4000933,3003162
4000934,3000251
4000934,3000459
4000934,3000710
4000934,3002158
4000934,3002545
4000934,3003521
4000934,3003532
4000934,3003851
4000934,3005009
4000934,3005315
4000934,3005553
4000934,3005598
4000935,3001584
4000935,3002323
4000935,3002381
4000935,3004514
4000936,3000755
4000936,3001076
4000936,3001345
4000936,3001435
4000936,3002595
4000936,3004829
4000936,3005134
4000937,3000392
4000937,3001751
4000937,3003010
4000937,3003276
4000937,3005942
4000938,3001343
4000938,3003476
4000938,3004410
4000938,3004437
4000938,3004812
4000938,3005676
4000939,3004006
4000939,3004717
4000939,3005760
4000940,3000587
4000940,3000962
4000940,3002048
4000940,3002232
4000940,3004327
4000940,3005481
4000941,3000210
4000941,3001004
4000941,3001260
4000941,3002258
4000941,3002558
4000941,3004748
4000941,3005493
4000942,3002861
4000942,3003516
4000942,3004088
4000942,3004097
4000942,3004980
4000942,3005372
4000943,3001197
4000943,3001736
4000943,3004238
4000943,3005149
4000944,3002087
4000945,3001036
4000945,3001505
4000945,3001519
4000945,3002500
4000945,3003324
4000946,3001652
4000946,3003061
4000946,3003135
4000946,3003677
4000946,3005463
4000946,3005515
4000946,3005869
4000947,3000759
4000947,3002251
4000947,3002381
4000948,3000334
4000948,3000996
4000948,3002785
4000948,3003168
4000948,3005134
4000949,3004605
4000950,3000612
4000950,3001907
4000950,3002605
4000950,3003058
4000950,3003970
4000950,3004357
4000950,3004442
4000950,3004630
4000950,3005823
4000951,3000531
4000951,3001734
4000951,3002247
4000951,3002632
4000951,3004430
4000951,3004433
4000951,3004816
4000952,3000954
4000952,3001020
4000952,3002125
4000952,3002762
4000952,3004011
4000952,3005368
4000953,3000407
4000953,3000695
4000953,3000995
4000953,3001570
4000953,3002216
4000953,3002239
4000953,3003202
4000953,3003572
4000953,3005930
4000954,3001533
4000954,3004065
4000954,3004228
4000955,3002343
4000955,3003062
4000955,3005490
4000956,3000191
4000956,3000729
4000956,3000748
4000956,3000808
4000956,3001060
4000956,3001235
4000956,3001687
4000956,3002131
4000956,3002821
4000956,3003438
4000956,3004202
4000956,3005286
4000956,3005494
4000956,3005580
4000956,3005698
4000957,3000269
4000957,3003553
4000957,3005239
4000957,3005267
4000957,3005775
4000958,3000630
4000958,3001021
4000958,3001094
4000958,3002189
4000958,3003425
4000958,3003512
4000958,3003913
4000958,3004220
4000958,3005469
4000958,3005894
4000959,3000212
4000959,3000582
4000959,3001556
4000959,3005075
4000960,3000036
4000960,3001243
4000960,3001500
4000960,3002190
4000960,3003550
4000960,3005224
4000961,3000182
4000961,3004499
4000962,3000879
4000962,3000890
4000962,3001304
4000962,3002517
4000962,3004154
4000962,3004538
4000963,3000336
4000963,3000414
4000963,3001960
4000964,3003113
4000964,3003264
4000964,3003370
4000964,3003611
4000964,3004770
4000964,3005376
4000965,3000996
4000965,3001093
4000965,3002572
4000965,3004649
4000966,3001208
4000966,3001463
4000966,3003063
4000966,3003220
4000966,3004812
4000967,3000696
4000967,3002754
4000967,3004620
4000967,3005023
4000968,3000801
4000968,3001135
4000968,3001861
4000968,3002000
4000968,3002091
4000968,3002598
4000968,3002726
4000968,3002984
4000968,3003863
4000968,3003881
4000968,3004149
4000968,3005595
4000969,3002990
4000969,3004579
4000969,3004592
4000969,3004621
4000969,3004886
4000969,3005382
4000969,3005556
4000969,3005759
4000970,3000171
4000970,3002591
4000970,3003178
4000970,3004432
4000971,3000024
4000971,3000215
4000971,3001094
4000971,3001253
4000971,3001577
4000971,3001917
4000971,3002350
4000971,3002417
4000971,3003589
4000971,3004855
4000971,3004974
4000971,3005871
4000972,3000456
4000972,3001551
4000972,3002163
4000972,3002842
4000972,3004143
4000972,3004332
4000972,3005441
4000972,3005449
4000973,3000877
4000973,3001840
4000973,3002176
4000973,3002289
4000973,3004926
4000973,3005892
4000973,3005918
4000974,3000923
4000974,3001958
4000974,3003388
4000974,3003625
4000975,3001911
4000975,3004502
4000975,3005020
4000975,3005634
4000975,3005685
4000976,3000004
4000976,3001164
4000976,3002339
4000976,3003270
4000976,3004125
4000977,3000587
4000977,3001941
4000977,3003824
4000977,3004666
4000977,3004733
4000978,3001502
4000978,3001752
4000978,3002518
4000978,3003627
4000978,3004226
4000978,3005634
4000979,3001305
4000979,3001800
4000979,3003680
4000979,3003757
4000979,3005306
4000980,3000068
4000980,3000807
4000980,3000879
4000980,3001850
4000980,3002423
4000980,3002602
4000980,3003756
4000980,3003897
4000981,3000218
4000981,3000870
4000981,3001633
4000981,3002641
4000981,3003508
4000981,3003864
4000981,3004723
4000981,3005035
4000982,3000304
4000982,3001212
4000982,3001386
4000982,3005186
4000983,3000819
4000983,3004005
4000983,3004025
4000983,3004194
4000984,3000132
4000984,3000791
4000984,3003741
4000984,3004277
4000984,3004910
4000984,3005591
4000984,3005799
4000985,3001275
4000985,3004565
4000985,3005888
4000986,3000704
4000986,3001995
4000986,3002870
4000987,3000454
4000987,3002698
4000987,3003282
4000987,3003392
4000987,3003499
4000988,3000188
4000988,3002904
4000988,3002915
4000988,3004257
4000988,3005134
4000989,3002067
4000990,3000180
4000990,3000548
4000990,3003249
4000990,3003260
4000991,3000355
4000991,3002564
4000991,3003567
4000991,3003584
4000991,3004369
4000991,3005544
4000992,3001637
4000992,3002032
4000992,3004651
4000993,3001124
4000993,3003587
4000993,3003784
4000993,3003933
4000993,3005375
4000993,3005549
4000993,3005789
4000994,3000128
4000994,3000668
4000994,3000912
4000994,3001016
4000994,3002631
4000994,3004215
4000994,3004397
4000994,3004568
4000995,3000760
4000995,3001722
4000995,3003093
4000995,3003272
4000995,3003617
4000995,3004349
4000995,3004573
4000995,3004939
4000996,3002049
4000996,3003018
4000996,3003618
4000996,3004660
4000996,3005154
4000996,3005185
4000996,3005938
4000997,3001095
4000997,3001111
4000997,3005691
4000998,3000027
4000998,3001770
4000998,3003169
4000998,3003708
4000998,3004232
4000998,3005103
4000999,3000924
4000999,3001608
4000999,3001688
4000999,3003819
4000999,3004282
4000999,3005847
4000999,3005884
4001000,3000202
4001000,3001152
4001000,3001267
4001001,3000709
4001001,3001463
4001001,3004410
4001001,3004808
4001001,3004871
4001001,3005791
4001002,3000496
4001002,3000767
4001002,3000848
4001002,3001132
4001002,3001504
4001002,3004998
4001002,3005205
4001002,3005536
4001003,3000365
4001003,3000976
4001003,3000995
4001003,3001622
4001003,3001717
4001003,3001961
4001003,3002076
4001003,3004713
4001004,3000857
4001004,3001269
4001004,3002616
4001004,3003243
4001004,3003619
4001004,3003980
4001004,3005045
4001004,3005270
4001005,3001037
4001005,3001357
4001005,3003411
4001006,3001019
4001006,3004055
4001006,3005849
4001007,3002855
4001007,3003559
4001007,3003564
4001007,3004332
4001008,3000106
4001008,3002744
4001008,3004343
4001008,3004640
4001009,3000602
4001009,3001401
4001009,3003717
4001009,3004519
4001010,3004691
4001010,3004890
4001011,3000286
4001011,3001830
4001011,3002061
4001011,3002677
4001011,3003459
4001011,3004261
4001011,3005661
4001011,3005756
4001011,3005880
4001012,3002096
4001012,3002640
4001013,3000471
4001013,3002444
4001013,3003179
4001014,3000700
4001014,3003209
4001014,3003730
4001014,3004387
4001014,3005621
4001015,3000171
4001015,3000734
4001015,3002439
4001015,3005591
4001015,3005767
4001016,3000515
4001016,3005101
4001016,3005523
4001016,3005702
4001017,3000471
4001017,3000497
4001017,3003179
4001017,3004792
4001018,3002034
4001018,3002587
4001018,3002873
4001018,3004422
4001018,3004468
4001018,3005589
4001019,3000322
4001019,3001089
4001019,3001216
4001019,3002740
4001019,3003322
4001019,3003872
4001019,3003983
4001019,3004498
4001020,3001520
4001021,3000529
4001021,3000713
4001021,3002185
4001021,3003209
4001021,3003761
4001021,3003959
4001021,3004815
4001022,3001779
4001022,3004085
4001022,3004451
4001022,3004471
4001022,3004709
4001022,3005426
4001022,3005766
4001023,3000553
4001023,3000669
4001023,3001151
4001023,3001530
4001023,3001568
4001023,3002164
4001023,3002534
4001023,3004340
4001024,3002496
4001024,3003804
4001024,3004953
4001024,3005321
4001024,3005565
4001025,3002549
4001025,3002832
4001025,3003365
4001025,3004472
4001026,3003265
4001026,3003457
4001026,3004934
4001027,3000464
4001027,3000759
4001027,3001658
4001027,3002178
4001027,3003449
4001027,3003683
4001027,3003876
4001027,3005251
4001028,3000433
4001028,3000645
4001028,3002967
4001028,3003224
4001028,3005626
4001029,3000379
4001029,3002318
4001029,3003790
4001030,3000443
4001030,3000879
4001030,3003083
4001030,3005667
4001031,3001171
4001031,3003133
4001031,3003356
4001031,3003843
4001031,3004819
4001031,3004971
4001031,3005082
4001032,3000102
4001032,3000108
4001032,3002225
4001032,3003859
4001032,3004475
4001032,3004607
4001032,3005250
4001033,3000251
4001033,3000711
4001033,3003941
4001033,3004191
4001034,3000590
4001034,3000663
4001034,3000722
4001034,3002863
4001034,3003517
4001034,3003862
4001034,3004337
4001034,3004427
4001034,3005633
4001035,3000553
4001035,3002342
4001035,3002957
4001035,3004091
4001035,3005797
4001036,3000077
4001036,3003012
4001036,3004126
4001036,3004501
4001037,3002727
4001037,3003187
4001037,3004806
4001037,3004898
4001037,3005819
4001038,3000901
4001038,3001130
4001038,3001641
4001038,3001945
4001038,3002037
4001038,3005311
4001038,3005481
4001039,3000042
4001039,3000231
4001039,3000682
4001039,3002450
4001039,3003023
4001039,3003720
4001040,3000368
4001040,3002176
4001040,3004133
4001040,3004142
4001041,3001788
4001041,3002611
4001041,3002893
4001041,3005316
4001041,3005434
4001042,3000176
4001042,3000405
4001042,3002311
4001042,3002363
4001042,3002447
4001042,3002987
4001042,3003281
4001042,3004348
4001043,3000154
4001043,3000606
4001043,3000706
4001043,3001459
4001043,3001498
4001043,3003777
4001043,3003943
4001043,3005630
4001044,3000336
4001044,3000782
4001044,3001005
4001044,3001477
4001044,3002982
4001044,3003979
4001044,3004529
4001044,3005228
4001044,3005363
4001044,3005864
4001044,3005947
4001045,3001885
4001045,3002744
4001046,3000247
4001046,3000650
4001046,3000893
4001046,3001496
4001046,3002690
4001046,3002841
4001046,3002947
4001046,3003036
4001046,3003467
4001046,3003869
4001046,3004118
4001046,3004396
4001046,3004433
4001046,3004844
4001046,3005408
4001047,3000189
4001047,3001539
4001047,3002579
4001047,3004999
4001048,3001594
4001048,3001692
4001048,3004107
4001048,3004552
4001048,3004968
4001048,3005772
4001049,3001126
4001049,3001257
4001049,3001541
4001049,3004527
4001049,3004752
4001050,3001015
4001050,3003418
4001050,3003957
4001050,3004637
4001051,3000394
4001051,3000537
4001051,3002517
4001051,3002745
4001051,3002864
4001051,3002897
4001051,3005660
4001052,3003646
4001052,3004050
4001052,3004109
4001052,3005148
4001053,3000414
4001053,3000782
4001053,3002069
4001053,3002134
4001053,3002958
4001054,3000221
4001054,3003284
4001054,3003646
4001054,3005970
4001055,3001557
4001055,3002630
4001055,3002985
4001055,3003711
4001055,3003894
4001055,3004509
4001055,3005121
4001055,3005331
4001055,3005944
4001056,3002356
4001056,3005776
4001057,3000430
4001057,3003935
4001057,3004303
4001057,3004437
4001057,3004742
4001057,3005981
4001058,3002773
4001058,3003168
4001058,3004257
4001058,3005418
4001058,3005883
4001059,3000422
4001059,3000571
4001059,3002918
4001059,3003828
4001059,3004040
4001059,3004501
4001059,3005062
4001059,3005847
4001060,3001999
4001060,3002630
4001060,3003577
4001060,3003706
4001060,3005757
4001061,3000084
4001061,3000147
4001061,3000578
4001061,3002460
4001061,3002603
4001061,3002971
4001061,3004256
4001061,3005754
4001062,3002897
4001062,3003897
4001062,3004614
4001063,3002036
4001063,3003673
4001063,3003820
4001063,3005298
4001064,3000737
4001064,3003476
4001064,3003542
4001064,3003935
4001064,3004742
4001064,3005981
4001065,3001352
4001065,3001375
4001065,3001971
4001065,3002029
4001065,3002627
4001065,3002827
4001065,3003354
4001065,3004064
4001065,3004090
4001066,3001022
4001066,3001056
4001066,3001988
4001066,3004141
4001066,3004429
4001067,3000104
4001067,3000615
4001067,3000888
4001067,3000931
4001067,3004645
4001067,3005373
4001067,3005953
4001068,3000109
4001068,3002696
4001068,3003293
4001068,3003740
4001068,3004029
4001068,3005717
4001069,3000287
4001069,3000456
4001069,3001453
4001069,3005658
4001069,3005714
4001070,3001469
4001070,3001873
4001071,3000293
4001071,3000629
4001071,3001932
4001071,3002313
4001071,3002422
4001072,3002256
4001072,3003107
4001072,3003335
4001072,3005827
4001073,3002013
4001073,3005724
4001074,3001202
4001074,3001331
4001074,3002276
4001074,3002368
4001074,3004798
4001074,3005112
4001075,3000468
4001075,3001077
4001075,3001359
4001075,3003138
4001075,3003294
4001075,3005251
4001075,3005648
4001076,3002463
4001076,3003020
4001076,3003620
4001076,3004448
4001076,3005838
4001077,3000256
4001077,3001804
4001077,3002227
4001077,3002900
4001077,3003761
4001077,3004217
4001077,3004996
4001077,3005460
4001078,3001303
4001078,3001414
4001078,3003274
4001078,3005023
4001079,3000052
4001079,3000152
4001079,3000577
4001079,3001793
4001079,3002494
4001079,3002723
4001079,3003165
4001079,3004019
4001079,3004373
4001079,3005108
4001079,3005390
4001079,3005488
4001079,3005639
4001080,3000431
4001080,3001002
4001080,3003779
4001080,3004152
4001080,3004343
4001080,3004667
4001081,3000567
4001081,3004099
4001082,3000111
4001082,3000818
4001082,3001374
4001082,3001457
4001082,3003461
4001082,3005538
4001083,3002659
4001083,3003365
4001083,3004462
4001084,3000084
4001084,3000639
4001084,3000983
4001084,3001714
4001084,3001912
4001084,3002256
4001084,3002828
4001084,3003552
4001084,3005325
4001085,3000081
4001085,3000806
4001085,3003962
4001085,3004610
4001086,3003113
4001086,3004840
4001086,3005349
4001087,3001319
4001087,3001833
4001087,3002521
4001087,3002787
4001087,3003742
4001087,3005016
4001087,3005070
4001087,3005115
4001087,3005120
4001088,3000169
4001088,3000284
4001088,3002385
4001088,3002570
4001088,3002629
4001088,3002724
4001088,3002932
4001088,3004578
4001089,3000017
4001089,3002312
4001089,3002904
4001089,3003690
4001089,3003801
4001089,3004881
4001090,3001436
4001090,3004091
4001090,3004605
4001091,3000077
4001091,3000771
4001091,3001461
4001091,3001619
4001091,3003079
4001091,3003240
4001091,3004762
4001091,3005062
4001092,3000586
4001092,3000939
4001092,3002013
4001092,3003012
4001092,3003385
4001092,3004126
4001092,3004237
4001093,3000491
4001093,3000732
4001093,3001468
4001093,3003772
4001093,3004292
4001094,3000569
4001094,3002077
4001094,3003550
4001094,3003860
4001094,3003938
4001094,3005202
4001094,3005224
4001095,3001158
4001095,3001194
4001095,3002106
4001095,3003048
4001095,3005262
4001095,3005357
4001096,3001878
4001096,3002557
4001096,3002931
4001096,3005615
4001097,3000264
4001097,3003176
4001097,3003226
4001097,3005549
4001098,3003681
4001098,3003999
4001098,3004528
4001098,3004824
4001099,3000389
4001099,3001587
4001099,3001592
4001099,3003500
4001099,3003694
4001099,3004412
4001099,3005838
4001100,3000512
4001100,3003870
4001100,3004990
4001100,3005147
4001100,3005922
4001101,3001324
4001101,3001373
4001101,3001489
4001101,3001536
4001101,3002002
4001101,3002159
4001101,3002701
4001101,3003557
4001101,3004398
4001101,3005064
4001101,3005448
4001101,3005582
4001101,3005826
4001102,3000811
4001102,3002422
4001102,3003375
4001102,3004381
4001103,3000378
4001103,3000800
4001103,3001766
4001103,3002274
4001103,3002738
4001103,3002881
4001103,3003405
4001103,3003869
4001103,3004726
4001103,3005410
4001103,3005590
4001104,3000786
4001104,3002435
4001104,3004092
4001104,3005353
4001105,3000218
4001105,3000896
4001105,3002753
4001106,3003326
4001106,3003762
4001106,3004343
4001106,3004953
4001107,3000051
4001107,3001374
4001107,3001857
4001107,3002293
4001107,3003383
4001107,3005629
4001108,3000195
4001108,3001925
4001108,3003154
4001108,3003455
4001108,3003762
4001108,3004393
4001108,3004953
4001109,3000896
4001109,3001573
4001109,3001915
4001109,3002693
4001109,3003515
4001109,3003985
4001109,3004272
4001109,3005352
4001110,3000195
4001110,3001202
4001110,3003455
4001110,3003920
4001110,3004110
4001110,3005214
4001110,3005321
4001110,3005914
4001111,3001296
4001111,3001309
4001111,3001961
4001111,3001993
4001111,3003369
4001111,3003434
4001111,3004607
4001112,3002016
4001112,3003014
4001112,3003132
4001112,3003648
4001113,3001143
4001113,3002452
4001113,3003972
4001113,3004440
4001113,3004916
4001113,3005020
4001113,3005685
4001113,3005761
4001113,3005862
4001114,3000387
4001114,3001385
4001114,3003248
4001114,3003341
4001114,3003823
4001114,3003956
4001114,3005103
4001114,3005447
4001114,3005673
4001115,3001089
4001115,3001260
4001115,3002558
4001115,3002567
4001115,3004865
4001115,3005734
4001115,3005832
4001116,3001665
4001116,3002802
4001116,3003705
4001116,3003761
4001116,3005918
4001117,3002094
4001117,3002631
4001117,3002652
4001117,3003111
4001117,3003552
4001117,3005637
4001118,3000192
4001118,3002972
4001118,3003055
4001118,3003554
4001118,3005348
4001119,3000228
4001119,3001109
4001119,3001253
4001119,3002350
4001119,3002766
4001119,3003752
4001119,3003794
4001119,3003807
4001119,3005003
4001119,3005687
4001119,3005871
4001120,3000065
4001120,3000075
4001120,3000357
4001120,3000865
4001120,3001170
4001120,3004278
4001120,3004802
4001120,3005867
4001121,3000872
4001121,3001948
4001121,3003062
4001121,3003445
4001121,3003841
4001121,3005342
4001122,3000869
4001122,3000889
4001122,3002695
4001122,3003632
4001122,3004238
4001123,3001180
4001123,3001372
4001123,3002106
4001123,3002137
4001123,3003228
4001124,3000467
4001124,3002106
4001124,3002170
4001124,3003228
4001124,3003457
4001124,3003571
4001124,3005144
4001125,3000138
4001125,3001234
4001125,3001364
4001125,3001486
4001125,3002147
4001125,3002516
4001125,3002856
4001125,3003545
4001125,3003778
4001126,3000262
4001126,3000925
4001126,3002233
4001126,3003411
4001126,3004953
4001127,3001520
4001127,3003171
4001127,3003789
4001127,3004070
4001127,3005751
4001128,3001520
4001128,3002067
4001128,3004073
4001128,3004238
4001128,3005707
4001129,3000861
4001129,3001810
4001129,3002227
4001129,3002931
4001129,3003292
4001129,3003692
4001129,3004387
4001129,3004922
4001130,3000375
4001130,3000532
4001130,3000698
4001130,3001356
4001130,3002252
4001131,3000880
4001131,3002733
4001131,3002850
4001131,3003600
4001131,3004153
4001131,3005459
4001132,3001123
4001132,3002613
4001132,3003639
4001132,3004982
4001133,3000572
4001133,3002138
4001133,3003161
4001133,3003929
4001133,3003934
4001133,3005996
4001134,3001154
4001134,3001726
4001134,3001916
4001134,3002924
4001134,3003414
4001134,3003526
4001134,3004471
4001134,3005954
4001134,3006000
4001135,3000143
4001135,3000468
4001135,3001077
4001135,3001359
4001135,3003547
4001135,3005723
4001135,3005812
4001136,3000124
4001136,3000476
4001136,3003632
4001136,3005149
4001136,3005341
4001136,3005491
4001136,3005751
4001137,3001468
4001137,3003039
4001137,3005908
4001138,3001126
4001138,3001950
4001138,3003637
4001138,3004710
4001138,3005162
4001138,3005880
4001139,3000426
4001139,3000433
4001139,3000492
4001139,3000953
4001139,3001832
4001139,3002896
4001139,3005716
4001140,3000086
4001140,3001055
4001140,3001173
4001140,3002382
4001140,3003238
4001140,3004645
4001140,3005540
4001140,3005802
4001141,3005117
4001142,3000300
4001142,3000851
4001142,3001715
4001142,3001979
4001142,3002020
4001142,3002341
4001142,3002779
4001142,3003650
4001142,3003936
4001142,3004297
4001142,3004994
4001142,3005143
4001142,3005242
4001142,3005989
4001143,3001977
4001143,3003307
4001143,3003474
4001143,3005029
4001144,3000891
4001144,3001868
4001144,3002434
4001144,3004954
4001145,3000684
4001145,3000932
4001145,3001323
4001145,3002476
4001145,3003134
4001145,3004138
4001145,3005806
4001146,3000715
4001146,3000854
4001146,3002663
4001146,3003843
4001146,3004906
4001146,3005533
4001147,3000692
4001147,3001019
4001147,3003011
4001147,3003820
4001147,3003889
4001147,3005959
4001148,3000994
4001148,3001374
4001148,3002293
4001148,3002500
4001148,3003049
4001149,3000368
4001149,3001804
4001149,3002704
4001149,3004597
4001150,3000453
4001150,3000582
4001150,3000773
4001150,3000836
4001150,3000902
4001150,3002117
4001150,3002599
4001150,3003803
4001150,3003924
4001151,3000647
4001151,3000728
4001151,3001546
4001151,3002340
4001151,3002729
4001151,3003646
4001152,3001530
4001152,3002196
4001152,3002556
4001152,3003403
4001152,3004091
4001152,3005268
4001152,3005904
4001153,3001201
4001153,3001849
4001153,3004225
4001153,3004624
4001154,3001555
4001154,3002139
4001154,3002454
4001154,3005911
4001155,3000861
4001155,3001411
4001155,3001650
4001155,3002203
4001155,3004133
4001155,3005715
4001156,3000218
4001156,3002033
4001156,3004230
4001157,3000502
4001157,3001292
4001157,3001933
4001157,3002334
4001157,3002809
4001157,3005010
4001158,3000229
4001158,3000820
4001158,3000991
4001158,3001039
4001158,3001311
4001158,3002475
4001158,3002856
4001158,3003991
4001158,3004079
4001158,3005374
4001159,3003753
4001159,3004296
4001159,3004409
4001159,3005038
4001160,3000488
4001160,3001306
4001160,3002342
4001160,3004176
4001161,3001325
4001161,3005067
4001161,3005276
4001162,3004820
4001163,3001549
4001163,3002105
4001163,3003932
4001163,3004173
4001163,3005604
4001163,3005726
4001164,3000068
4001164,3001267
4001164,3001268
4001164,3003756
4001164,3005574
4001165,3000541
4001165,3000696
4001165,3001995
4001165,3002192
4001165,3002754
4001166,3000467
4001166,3001180
4001166,3002058
4001166,3003203
4001167,3002801
4001167,3003820
4001167,3003860
4001168,3000362
4001168,3002103
4001168,3002678
4001168,3004755
4001169,3001498
4001169,3002337
4001169,3003264
4001169,3005349
4001170,3002117
4001170,3004042
4001170,3004168
4001170,3005815
4001171,3000046
4001171,3000358
4001171,3002351
4001171,3002781
4001171,3003791
4001171,3004066
4001172,3000025
4001172,3003514
4001172,3003738
4001172,3004044
4001172,3005006
4001173,3001130
4001173,3002682
4001173,3004961
4001173,3005051
4001174,3000120
4001174,3000197
4001174,3000670
4001174,3000809
4001174,3000837
4001174,3001808
4001174,3001997
4001174,3002960
4001174,3002972
4001174,3003047
4001174,3003453
4001174,3003539
4001175,3000394
4001175,3002453
4001175,3005200
4001175,3005574
4001175,3005660
4001175,3005731
4001176,3000449
4001176,3000753
4001176,3001080
4001176,3001278
4001176,3001881
4001176,3002136
4001176,3003157
4001176,3004198
4001176,3004979
4001176,3005042
4001176,3005961
4001177,3000499
4001177,3001702
4001177,3002845
4001177,3004694
4001177,3005389
4001178,3002228
4001178,3005227
4001179,3001220
4001179,3002113
4001179,3002298
4001179,3003468
4001179,3004325
4001179,3004484
4001179,3005362
4001179,3005848
4001180,3001154
4001180,3001747
4001180,3003107
4001180,3003353
4001180,3003522
4001180,3004380
4001180,3005458
4001180,3005783
4001181,3001021
4001181,3002951
4001181,3003366
4001181,3003616
4001181,3003961
4001181,3004119
4001181,3004183
4001181,3004200
4001182,3001451
4001182,3002054
4001183,3000020
4001183,3000352
4001183,3001043
4001183,3001560
4001183,3001578
4001183,3002156
4001183,3002292
4001183,3004305
4001184,3004263
4001184,3004971
4001184,3005674
4001185,3003118
4001185,3004620
4001186,3001043
4001186,3002917
4001186,3003485
4001186,3004026
4001187,3000832
4001187,3003960
4001187,3004738
4001187,3004943
4001187,3005055
4001188,3001953
4001188,3002033
4001188,3002829
4001188,3003254
4001188,3003538
4001188,3004402
4001188,3004438
4001188,3005502
4001189,3001309
4001189,3001724
4001189,3002806
4001189,3003275
4001189,3004076
4001189,3004523
4001189,3005643
4001190,3000266
4001190,3002362
4001190,3002376
4001190,3002994
4001190,3003613
4001190,3004103
4001190,3004417
4001190,3004634
4001191,3000497
4001191,3003080
4001191,3003104
4001191,3003178
4001191,3003200
4001191,3005699
4001192,3000307
4001192,3001665
4001192,3003419
4001192,3003527
4001192,3005460
4001193,3000166
4001193,3000662
4001193,3001991
4001193,3004262
4001193,3004547
4001193,3005585
4001193,3005951
4001194,3000216
4001194,3001990
4001194,3002542
4001194,3002715
4001194,3004931
4001194,3005037
4001195,3000056
4001195,3000836
4001195,3002330
4001195,3004042
4001195,3004168
4001195,3004878
4001196,3002201
4001197,3000201
4001197,3001026
4001197,3002416
4001197,3003360
4001197,3003828
4001197,3005884
4001198,3000577
4001198,3000905
4001198,3001489
4001198,3001825
4001198,3002224
4001198,3002564
4001198,3002809
4001198,3004259
4001198,3004367
4001198,3004604
4001198,3005230
4001198,3005390
4001198,3005843
4001199,3000328
4001199,3000880
4001199,3001564
4001199,3002022
4001199,3002118
4001199,3002325
4001199,3002427
4001199,3003466
4001199,3004167
4001199,3004907
4001200,3000977
4001200,3001458
4001200,3002890
4001200,3003381
4001200,3003663
4001200,3004756
4001200,3005131
4001200,3005305
4001201,3000590
4001201,3001616
4001201,3002356
4001201,3003005
4001201,3003294
4001201,3003724
4001201,3004488
4001202,3002177
4001202,3002208
4001202,3002372
4001202,3004695
4001203,3002030
4001203,3002481
4001203,3003088
4001203,3004452
4001203,3005046
4001203,3005888
4001204,3000391
4001204,3000567
4001204,3001234
4001204,3002475
4001204,3002683
4001204,3003991
4001204,3004099
4001205,3001003
4001205,3001727
4001205,3002566
4001205,3002580
4001205,3003314
4001205,3005876
4001206,3000365
4001206,3002374
4001206,3003389
4001206,3004045
4001206,3004738
4001206,3004838
4001207,3000045
4001207,3000516
4001207,3000752
4001207,3001480
4001207,3001888
4001207,3002477
4001207,3003046
4001207,3003319
4001207,3003685
4001207,3004927
4001207,3005208
4001207,3005988
4001208,3000503
4001208,3001349
4001208,3002850
4001208,3002938
4001208,3005967
4001209,3001448
4001209,3003434
4001209,3004943
4001210,3000621
4001210,3001788
4001210,3002266
4001210,3004337
4001210,3005812
4001211,3000894
4001211,3002805
4001211,3003890
4001211,3005933
4001212,3000409
4001212,3002015
4001212,3002125
4001212,3002963
4001212,3004056
4001212,3005744
4001213,3001749
4001213,3003722
4001213,3003814
4001213,3005144
4001214,3001081
4001214,3001784
4001214,3002618
4001214,3002926
4001215,3001320
4001215,3001776
4001215,3001856
4001215,3001977
4001216,3000956
4001216,3002288
4001216,3002993
4001216,3003354
4001217,3000714
4001217,3001307
4001217,3001453
4001217,3004332
4001217,3004730
4001218,3000265
4001218,3003971
4001218,3003979
4001218,3004021
4001219,3000078
4001219,3001020
4001219,3002078
4001219,3005768
4001219,3005868
4001220,3000696
4001220,3001369
4001220,3003720
4001220,3004131
4001220,3004620
4001220,3004949
4001220,3005023
4001220,3005219
4001221,3000480
4001221,3000673
4001221,3000769
4001221,3001975
4001221,3002193
4001221,3003334
4001221,3003390
4001221,3003992
4001221,3004058
4001221,3005014
4001221,3005730
4001221,3005932
4001222,3001017
4001222,3001034
4001222,3001748
4001222,3002120
4001222,3002148
4001222,3005053
4001223,3000920
4001223,3000936
4001223,3001217
4001223,3001334
4001223,3001378
4001223,3003658
4001223,3004101
4001224,3000980
4001224,3001328
4001224,3003735
4001224,3003806
4001225,3000258
4001225,3000937
4001225,3003990
4001225,3004853
4001225,3005628
4001226,3000142
4001226,3001635
4001226,3002350
4001226,3003183
4001226,3004220
4001227,3000064
4001227,3000579
4001227,3001755
4001227,3003067
4001227,3004441
4001227,3004538
4001227,3004731
4001227,3004882
4001228,3000056
4001228,3000773
4001228,3001556
4001228,3001721
4001228,3003843
4001229,3000013
4001229,3001607
4001229,3001847
4001229,3001943
4001229,3004993
4001229,3005431
4001229,3005473
4001230,3001299
4001230,3001852
4001230,3004244
4001231,3000373
4001231,3001378
4001231,3001401
4001231,3002395
4001231,3003070
4001231,3004080
4001232,3001286
4001232,3005291
4001232,3005927
4001233,3000064
4001233,3000879
4001233,3002423
4001233,3003015
4001233,3003897
4001233,3004390
4001233,3004538
4001233,3004882
4001234,3002110
4001234,3002524
4001234,3003089
4001234,3003864
4001234,3004569
4001235,3000565
4001235,3001529
4001235,3001996
4001235,3002501
4001235,3003047
4001235,3003231
4001235,3004413
4001235,3005854
4001236,3000874
4001236,3001656
4001236,3001908
4001236,3004001
4001236,3004383
4001236,3004570
4001236,3005021
4001236,3005608
4001237,3000735
4001237,3003246
4001237,3003849
4001238,3000319
4001238,3000898
4001238,3001306
4001238,3001767
4001238,3002032
4001238,3004395
4001238,3004755
4001239,3000878
4001239,3001210
4001239,3002515
4001239,3002775
4001239,3004167
4001239,3004511
4001239,3004907
4001239,3005164
4001240,3000086
4001240,3001552
4001240,3002243
4001240,3002940
4001240,3004163
4001240,3004559
4001240,3004950
4001240,3005077
4001241,3002245
4001241,3002521
4001241,3002858
4001241,3002930
4001241,3003606
4001242,3000066
4001242,3000285
4001242,3001404
4001242,3002456
4001242,3003254
4001243,3000727
4001243,3000855
4001243,3001120
4001243,3002343
4001243,3002669
4001243,3004936
4001243,3005700
4001243,3005719
4001244,3001985
4001244,3002143
4001244,3002509
4001244,3003750
4001245,3000392
4001245,3002153
4001245,3003674
4001245,3005765
4001246,3000774
4001246,3000852
4001246,3001430
4001246,3001761
4001246,3002117
4001246,3002955
4001247,3000100
4001247,3000379
4001247,3000688
4001247,3001201
4001247,3001558
4001247,3002097
4001247,3003773
4001247,3003965
4001247,3005705
4001248,3000391
4001248,3000978
4001248,3004079
4001248,3004231
4001249,3000130
4001249,3000320
4001249,3002240
4001249,3002466
4001249,3003498
4001249,3003652
4001249,3004743
4001250,3000875
4001250,3004232
4001250,3005024
4001250,3005738
4001250,3005872
4001251,3000460
4001251,3000566
4001251,3003104
4001251,3003200
4001251,3004002
4001252,3001519
4001252,3004676
4001253,3000209
4001253,3001034
4001253,3001046
4001254,3000110
4001254,3003694
4001254,3004556
4001254,3005047
4001254,3005084
4001255,3000316
4001255,3002610
4001255,3002718
4001255,3002961
4001255,3003150
4001255,3005786
4001256,3000031
4001256,3000204
4001256,3000406
4001256,3002643
4001256,3002903
4001256,3004596
4001256,3004697
4001256,3005858
4001257,3000903
4001257,3003561
4001257,3005508
4001257,3005545
4001258,3000607
4001258,3002401
4001258,3003168
4001258,3004376
4001259,3000834
4001259,3001393
4001259,3001561
4001259,3003424
4001259,3004009
4001259,3005427
4001259,3005745
4001260,3000533
4001260,3000679
4001260,3001993
4001260,3002004
4001260,3002216
4001260,3002892
4001260,3004838
4001261,3000289
4001261,3000920
4001261,3003595
4001261,3003641
4001261,3005022
4001262,3001202
4001262,3003156
4001262,3003162
4001262,3003967
4001263,3001066
4001263,3004610
4001263,3005429
4001263,3005676
4001263,3005811
4001264,3000233
4001264,3000751
4001264,3001139
4001264,3003152
4001264,3003250
4001264,3005312
4001264,3005945
4001264,3005967
4001265,3000097
4001265,3000557
4001265,3001548
4001265,3004703
4001266,3001234
4001266,3004094
4001267,3000914
4001267,3002961
4001267,3003964
4001267,3004371
4001267,3004639
4001267,3005593
4001268,3000311
4001268,3000326
4001268,3000504
4001268,3000779
4001268,3000785
4001268,3001038
4001268,3001199
4001268,3002000
4001268,3002090
4001268,3002299
4001268,3002403
4001268,3002779
4001268,3003021
4001268,3003687
4001268,3004247
4001268,3004280
4001268,3004905
4001268,3005071
4001268,3005477
4001268,3005576
4001268,3005677
4001268,3005735
4001268,3005895
4001269,3000631
4001269,3003537
4001269,3005830
4001269,3005964
4001270,3000079
4001270,3000859
4001270,3002348
4001270,3004267
4001270,3004900
4001271,3000216
4001271,3001695
4001271,3003032
4001271,3003653
4001271,3003982
4001271,3005212
4001272,3000314
4001272,3002276
4001272,3003506
4001272,3005914
4001273,3001166
4001273,3001181
4001273,3002456
4001273,3003028
4001273,3004358
4001273,3005922
4001273,3005941
4001274,3000040
4001274,3000100
4001274,3002560
4001274,3004144
4001274,3005227
4001274,3005603
4001275,3000900
4001275,3001396
4001275,3001454
4001275,3004948
4001275,3005920
4001276,3000255
4001276,3000545
4001276,3000658
4001276,3001713
4001276,3005413
4001277,3001060
4001277,3001395
4001277,3001629
4001277,3001742
4001277,3002001
4001277,3002375
4001277,3002750
4001277,3003494
4001277,3003541
4001277,3004555
4001277,3005329
4001277,3005909
4001278,3000748
4001278,3001013
4001278,3001361
4001278,3001408
4001278,3001627
4001278,3001835
4001278,3002182
4001278,3002335
4001278,3003050
4001278,3003451
4001278,3004722
4001278,3004908
4001278,3004970
4001278,3005014
4001278,3005025
4001278,3005609
4001279,3003132
4001279,3003227
4001279,3003727
4001279,3004026
4001279,3004188
4001279,3004244
4001279,3004446
4001279,3004466
4001279,3005716
4001280,3001790
4001280,3002425
4001280,3003242
4001280,3003670
4001280,3004130
4001280,3005141
4001280,3005808
4001280,3005935
4001281,3000557
4001281,3000920
4001281,3003717
4001281,3005760
4001282,3001879
4001282,3002232
4001282,3003086
4001282,3003660
4001282,3003702
4001282,3003930
4001282,3004029
4001282,3004666
4001282,3005206
4001283,3000122
4001283,3004901
4001283,3005224
4001284,3001143
4001284,3001904
4001284,3002316
4001284,3004115
4001285,3000454
4001285,3002125
4001285,3003381
4001285,3003417
4001285,3003597
4001285,3003910
4001285,3003996
4001285,3004141
4001285,3005696
4001285,3005891
4001285,3005940
4001286,3000596
4001286,3001685
4001286,3001826
4001286,3001976
4001286,3002112
4001286,3002503
4001286,3003071
4001286,3003469
4001286,3003739
4001286,3004184
4001286,3004670
4001286,3004724
4001286,3004927
4001286,3004966
4001286,3004994
4001286,3005128
4001286,3005974
4001287,3002978
4001287,3003673
4001287,3003818
4001287,3004248
4001288,3003625
4001288,3004334
4001288,3004403
4001289,3000164
4001289,3001279
4001289,3002746
4001289,3004244
4001289,3004720
4001289,3005040
4001290,3000869
4001290,3001736
4001290,3002664
4001290,3004073
4001290,3004213
4001291,3001058
4001291,3005305
4001291,3005768
4001292,3000394
4001292,3000537
4001292,3000579
4001292,3001152
4001292,3004443
4001293,3000792
4001293,3001410
4001293,3002057
4001293,3003479
4001293,3004519
4001293,3004703
4001293,3005344
4001293,3005354
4001294,3000123
4001294,3000144
4001294,3001796
4001294,3002415
4001294,3002929
4001294,3004106
4001294,3005032
4001294,3005405
4001294,3005939
4001295,3001416
4001295,3002780
4001295,3002839
4001295,3002903
4001295,3005044
4001296,3000056
4001296,3003141
4001297,3000822
4001297,3002851
4001297,3003553
4001297,3003946
4001297,3005101
4001298,3001646
4001298,3002127
4001298,3003769
4001298,3003780
4001298,3004145
4001298,3004429
4001299,3004322
4001300,3002036
4001300,3002944
4001300,3004653
4001301,3002316
4001301,3004169
4001301,3005020
4001301,3005334
4001302,3001584
4001302,3001788
4001302,3002044
4001303,3002143
4001303,3003676
4001303,3004159
4001303,3004759
4001303,3004968
4001304,3000019
4001304,3000344
4001304,3000973
4001304,3003226
4001304,3005549
4001304,3005740
4001305,3000073
4001305,3001493
4001305,3002412
4001305,3002919
4001305,3004928
4001306,3001045
4001306,3001423
4001306,3002037
4001307,3005502
4001308,3002699
4001308,3003060
4001308,3003816
4001308,3005729
4001309,3002139
4001309,3003188
4001309,3003793
4001309,3004458
4001309,3005366
4001310,3000136
4001310,3002427
4001310,3005528
4001310,3005746
4001311,3001438
4001311,3003461
4001311,3004250
4001311,3004575
4001311,3004809
4001312,3000645
4001312,3001400
4001312,3003068
4001312,3003520
4001312,3003548
4001312,3004720
4001312,3004864
4001312,3005233
4001313,3001195
4001313,3002535
4001314,3000466
4001314,3001572
4001314,3002418
4001314,3002706
4001314,3002778
4001314,3003177
4001314,3004698
4001314,3005948
4001315,3000482
4001315,3000637
4001315,3002219
4001315,3002685
4001316,3000246
4001316,3000598
4001316,3000707
4001316,3001077
4001316,3002323
4001316,3002611
4001316,3003873
4001316,3004096
4001316,3004337
4001316,3005316
4001316,3005723
4001317,3002050
4001317,3002420
4001317,3002707
4001317,3003545
4001317,3005402
4001318,3001063
4001318,3002390
4001318,3003220
4001318,3005020
4001318,3005634
4001319,3001785
4001319,3002474
4001319,3002945
4001319,3003604
4001319,3003718
4001319,3005271
4001319,3005361
4001319,3005775
4001320,3001849
4001320,3003420
4001320,3003698
4001320,3004038
4001320,3004225
4001320,3005353
4001321,3001063
4001321,3002316
4001321,3004016
4001321,3005811
4001322,3002527
4001322,3002659
4001322,3002794
4001322,3004462
4001322,3004985
4001322,3005492
4001323,3000443
4001323,3001152
4001323,3001431
4001323,3001755
4001323,3003015
4001323,3003252
4001323,3003948
4001324,3000713
4001324,3003959
4001324,3004197
4001325,3001349
4001325,3002155
4001325,3002329
4001325,3002987
4001325,3003639
4001325,3004187
4001325,3004463
4001325,3004675
4001326,3003012
4001326,3003407
4001326,3003566
4001326,3004501
4001327,3002576
4001327,3004238
4001328,3001386
4001328,3002183
4001328,3002294
4001328,3002889
4001328,3004680
4001328,3005266
4001329,3001384
4001329,3001414
4001329,3002777
4001329,3002946
4001329,3003596
4001329,3005566
4001330,3001178
4001330,3001461
4001330,3001839
4001330,3002586
4001330,3004354
4001331,3000018
4001331,3000736
4001331,3000853
4001331,3001206
4001331,3001691
4001331,3001870
4001331,3002324
4001331,3003583
4001331,3004775
4001331,3004929
4001331,3005176
4001331,3005289
4001331,3005602
4001332,3001658
4001332,3002178
4001332,3002818
4001332,3004023
4001333,3001451
4001333,3002829
4001333,3002852
4001333,3003538
4001333,3003907
4001333,3004046
4001333,3005147
4001334,3000353
4001334,3000369
4001334,3001193
4001334,3001708
4001334,3002274
4001334,3002877
4001334,3004241
4001334,3005857
4001335,3000653
4001335,3001883
4001335,3002926
4001335,3003211
4001335,3004039
4001335,3004051
4001335,3005886
4001336,3000528
4001336,3000848
4001336,3002059
4001337,3002430
4001337,3002703
4001337,3002736
4001337,3002793
4001338,3000592
4001338,3000834
4001338,3001291
4001338,3002851
4001338,3005678
4001338,3005937
4001339,3001227
4001339,3002351
4001339,3002781
4001339,3002894
4001339,3004400
4001339,3005749
4001340,3001019
4001340,3002190
4001340,3002282
4001340,3002648
4001340,3005664
4001341,3000321
4001341,3002137
4001341,3002853
4001341,3004695
4001341,3004856
4001342,3000921
4001342,3001242
4001342,3001610
4001342,3002108
4001342,3002764
4001342,3003058
4001342,3003173
4001342,3005517
4001343,3001573
4001343,3003864
4001343,3004358
4001343,3004789
4001344,3003445
4001344,3004415
4001345,3000114
4001345,3000332
4001345,3000592
4001345,3001046
4001345,3002623
4001345,3004287
4001345,3004549
4001345,3005851
4001346,3001614
4001346,3001895
4001346,3002522
4001346,3003463
4001346,3003483
4001346,3003768
4001346,3004134
4001346,3004475
4001346,3005246
4001346,3005881
4001347,3002153
4001347,3004513
4001347,3005964
4001348,3003289
4001348,3004097
4001348,3004127
4001348,3005372
4001349,3000341
4001349,3001668
4001349,3001999
4001349,3002075
4001349,3002667
4001349,3004271
4001349,3004778
4001349,3005541
4001350,3000074
4001350,3000824
4001350,3000925
4001350,3002742
4001350,3003154
4001350,3003326
4001350,3004640
4001350,3004798
4001350,3004895
4001351,3002660
4001351,3004006
4001351,3004101
4001351,3005110
4001352,3001138
4001352,3002833
4001352,3003989
4001352,3005534
4001353,3001500
4001353,3002854
4001353,3003011
4001353,3003844
4001353,3005973
4001354,3000956
4001354,3001674
4001354,3002468
4001354,3003736
4001354,3004240
4001354,3005752
4001355,3002389
4001355,3002622
4001355,3003631
4001355,3005916
4001356,3000711
4001356,3001721
4001356,3003037
4001356,3003635
4001356,3005075
4001357,3002081
4001357,3002915
4001357,3003849
4001357,3004352
4001357,3005134
4001357,3005579
4001357,3005883
4001358,3001714
4001358,3002297
4001358,3002400
4001358,3002543
4001358,3003001
4001358,3004769
4001359,3002152
4001359,3002171
4001359,3005600
4001360,3001788
4001360,3003876
4001360,3004408
4001361,3000196
4001361,3002865
4001361,3003255
4001361,3003891
4001361,3004915
4001361,3005538
4001362,3001282
4001362,3001776
4001362,3002100
4001362,3004136
4001362,3004639
4001362,3005878
4001363,3000011
4001363,3005692
4001364,3000711
4001364,3003037
4001364,3003361
4001364,3003691
4001364,3005288
4001364,3005336
4001364,3005542
4001365,3002439
4001365,3003179
4001365,3003200
4001365,3004277
4001365,3005575
4001365,3005957
4001366,3000560
4001366,3000965
4001366,3001319
4001366,3001575
4001366,3003300
4001366,3004212
4001367,3001474
4001367,3001924
4001367,3002018
4001367,3002080
4001367,3002103
4001367,3002974
4001367,3003945
4001367,3004490
4001367,3004981
4001368,3001176
4001368,3002898
4001368,3003744
4001369,3000114
4001369,3000834
4001369,3002798
4001369,3003193
4001369,3003718
4001369,3004919
4001370,3001122
4001370,3001349
4001370,3001547
4001370,3001762
4001370,3003486
4001370,3005831
4001371,3000165
4001371,3000185
4001371,3000943
4001371,3002146
4001371,3002322
4001371,3002760
4001371,3003797
4001371,3004081
4001371,3005935
4001372,3000225
4001372,3001390
4001372,3001841
4001372,3002098
4001372,3002121
4001372,3002675
4001372,3002690
4001372,3003302
4001372,3003672
4001372,3005127
4001373,3000535
4001373,3000623
4001373,3004431
4001373,3005256
4001373,3005385
4001373,3005683
4001374,3001905
4001375,3000194
4001375,3000614
4001375,3004440
4001375,3005334
4001375,3005906
4001375,3005979
4001376,3000447
4001376,3001118
4001376,3001686
4001376,3001920
4001377,3000163
4001377,3000997
4001377,3004947
4001377,3005074
4001377,3005158
4001378,3000346
4001378,3001783
4001378,3001858
4001378,3003060
4001378,3003153
4001378,3005333
4001379,3000732
4001379,3000838
4001379,3001692
4001379,3002260
4001379,3003514
4001379,3003772
4001379,3004528
4001379,3005837
4001380,3001499
4001380,3003959
4001380,3005715
4001381,3000755
4001381,3000816
4001381,3002498
4001381,3004356
4001381,3005910
4001382,3000039
4001382,3000280
4001382,3000472
4001382,3000951
4001382,3003150
4001382,3003747
4001382,3004685
4001382,3005124
4001382,3005607
4001383,3000468
4001383,3000681
4001383,3000739
4001383,3000919
4001383,3001781
4001383,3003346
4001383,3004010
4001384,3000179
4001384,3000505
4001384,3001284
4001384,3002034
4001384,3003558
4001384,3003855
4001384,3004216
4001384,3005413
4001384,3005708
4001384,3005770
4001385,3000137
4001385,3000485
4001385,3002045
4001385,3002958
4001385,3003837
4001385,3004405
4001385,3004691
4001386,3000199
4001386,3001424
4001386,3001552
4001386,3002382
4001386,3005139
4001387,3001947
4001387,3002865
4001387,3005629
4001388,3000246
4001388,3002323
4001388,3003902
4001388,3004010
4001388,3004408
4001388,3005015
4001389,3000002
4001389,3001310
4001389,3001441
4001389,3001603
4001389,3001954
4001389,3003251
4001389,3004171
4001389,3004644
4001389,3004797
4001390,3003917
4001390,3003979
4001391,3001561
4001391,3001792
4001391,3002270
4001391,3002945
4001391,3005229
4001392,3000602
4001392,3000827
4001392,3000920
4001392,3002011
4001392,3002160
4001392,3002712
4001392,3004006
4001393,3000212
4001393,3000453
4001393,3001470
4001393,3001659
4001393,3002199
4001393,3003008
4001393,3004265
4001394,3000089
4001394,3001093
4001395,3000027
4001395,3000493
4001395,3001042
4001395,3003270
4001395,3004564
4001395,3004659
4001395,3005912
4001396,3000922
4001396,3003314
4001396,3004737
4001397,3000194
4001397,3001208
4001397,3001935
4001397,3005537
4001397,3005979
4001398,3000053
4001398,3002127
4001398,3004146
4001398,3004345
4001398,3005597
4001399,3000978
4001399,3001723
4001399,3002707
4001399,3004079
4001399,3004094
4001399,3004099
4001399,3004449
4001400,3002058
4001400,3003228
4001400,3003241
4001400,3005421
4001401,3001007
4001401,3002445
4001401,3002517
4001401,3003856
4001402,3000036
4001402,3001500
4001402,3001720
4001402,3002944
4001402,3003820
4001402,3004248
4001402,3005849
4001403,3000242
4001403,3000882
4001403,3001854
4001403,3003010
4001403,3005238
4001403,3005955
4001404,3000528
4001404,3000749
4001404,3002925
4001404,3003879
4001405,3001838
4001405,3002408
4001405,3002928
4001405,3003269
4001405,3003441
4001405,3004545
4001405,3004908
4001405,3005192
4001405,3005328
4001405,3005561
4001406,3000875
4001406,3001709
4001406,3002443
4001406,3002835
4001406,3003120
4001406,3004062
4001407,3000456
4001407,3002855
4001407,3004893
4001407,3005972
4001408,3000792
4001408,3001401
4001408,3005921
4001409,3000363
4001409,3001099
4001409,3001148
4001409,3001156
4001409,3002080
4001409,3002179
4001409,3002532
4001410,3000677
4001410,3000834
4001410,3001792
4001410,3002120
4001410,3005702
4001411,3000072
4001411,3000125
4001411,3000133
4001411,3000311
4001411,3000938
4001411,3001285
4001411,3001445
4001411,3005689
4001411,3005730
4001412,3000428
4001412,3000567
4001412,3000594
4001412,3005879
4001413,3004071
4001413,3004365
4001413,3004832
4001414,3000989
4001414,3002084
4001414,3003750
4001414,3004107
4001414,3004558
4001414,3004741
4001415,3000347
4001415,3000972
4001415,3001477
4001415,3001522
4001415,3003585
4001415,3003917
4001416,3000015
4001416,3001120
4001416,3002884
4001416,3005571
4001416,3005686
4001417,3002967
4001418,3000566
4001418,3005699
4001419,3001721
4001419,3003843
4001419,3005302
4001419,3005336
4001419,3005533
4001420,3000121
4001420,3000563
4001420,3001394
4001420,3001669
4001420,3002698
4001420,3004852
4001420,3005137
4001421,3000847
4001421,3001100
4001421,3004098
4001421,3004546
4001422,3001205
4001422,3001421
4001422,3001829
4001422,3002885
4001422,3002941
4001422,3002980
4001422,3003328
4001422,3003549
4001422,3005832
4001423,3000194
4001423,3000430
4001423,3002390
4001423,3003542
4001423,3003972
4001423,3004410
4001423,3004732
4001423,3005020
4001423,3005429
4001423,3005713
4001423,3005862
4001424,3000778
4001424,3002006
4001424,3002586
4001424,3004054
4001424,3004539
4001425,3001902
4001425,3003468
4001425,3004325
4001425,3005041
4001426,3000079
4001426,3001462
4001426,3001879
4001426,3001897
4001426,3002122
4001426,3003126
4001426,3005311
4001427,3000098
4001427,3000148
4001427,3000157
4001427,3000513
4001427,3000758
4001427,3000909
4001427,3001379
4001427,3001489
4001427,3001536
4001427,3003218
4001427,3003560
4001427,3004367
4001427,3005560
4001428,3002759
4001428,3003744
4001428,3004920
4001428,3005238
4001428,3005830
4001429,3002674
4001429,3002927
4001429,3003230
4001429,3003289
4001429,3003927
4001429,3004097
4001429,3004190
4001429,3004980
4001430,3002128
4001430,3003288
4001430,3004117
4001430,3004700
4001431,3001081
4001431,3004381
4001432,3004197
4001432,3004891
4001433,3002714
4001434,3001403
4001434,3002034
4001434,3002587
4001434,3002636
4001434,3002702
4001434,3004114
4001434,3004179
4001434,3004487
4001435,3000488
4001435,3000553
4001435,3001436
4001435,3001602
4001435,3003403
4001436,3001571
4001436,3002497
4001437,3000011
4001437,3000027
4001437,3001732
4001437,3002442
4001437,3002619
4001438,3001729
4001439,3004932
4001439,3005091
4001439,3005321
4001440,3001918
4001440,3002086
4001440,3002098
4001440,3002198
4001440,3002218
4001440,3003715
4001440,3003830
4001440,3004576
4001440,3004608
4001440,3005915
4001441,3000411
4001441,3000467
4001441,3002405
4001441,3004934
4001442,3000242
4001442,3001314
4001442,3004050
4001442,3004832
4001442,3005905
4001443,3001314
4001443,3001546
4001443,3002253
4001443,3002508
4001443,3003284
4001443,3003537
4001443,3003744
4001443,3004937
4001443,3005364
4001444,3002591
4001444,3003104
4001444,3004457
4001444,3004734
4001445,3000283
4001445,3000469
4001445,3001506
4001445,3005365
4001445,3005585
4001446,3001769
4001446,3002451
4001446,3003147
4001446,3003233
4001446,3004972
4001446,3005632
4001446,3005659
4001446,3005803
4001447,3000089
4001447,3000589
4001447,3001827
4001447,3004632
4001447,3005389
4001447,3005993
4001448,3002465
4001448,3002502
4001448,3004944
4001449,3001143
4001449,3002783
4001449,3003827
4001449,3005518
4001449,3005685
4001450,3001167
4001450,3002067
4001450,3002664
4001450,3002679
4001450,3003649
4001450,3004070
4001450,3005491
4001451,3000137
4001451,3000347
4001451,3000552
4001451,3001542
4001451,3002431
4001451,3004021
4001451,3004691
4001451,3005998
4001452,3000573
4001452,3000593
4001452,3003544
4001452,3004043
4001452,3004492
4001452,3005834
4001452,3005863
4001453,3000159
4001453,3001663
4001453,3002684
4001453,3003657
4001453,3004589
4001453,3004949
4001454,3000962
4001454,3002248
4001454,3003205
4001454,3005107
4001455,3000899
4001455,3003774
4001455,3004290
4001455,3004530
4001455,3004918
4001455,3005927
4001456,3002036
4001456,3002294
4001456,3002944
4001456,3004566
4001457,3000653
4001457,3000960
4001457,3001055
4001457,3003211
4001457,3003375
4001457,3003529
4001457,3003605
4001457,3004208
4001457,3004381
4001457,3004562
4001457,3005540
4001458,3002036
4001458,3002889
4001459,3000113
4001459,3001842
4001459,3002989
4001459,3003371
4001459,3004357
4001459,3005093
4001460,3000934
4001460,3002942
4001460,3003114
4001460,3005815
4001461,3000563
4001461,3001050
4001461,3001759
4001461,3002378
4001461,3003888
4001461,3003994
4001461,3004129
4001461,3004151
4001461,3004235
4001462,3002481
4001462,3002619
4001462,3003120
4001462,3003248
4001462,3003446
4001462,3005462
4001463,3001833
4001463,3002060
4001463,3003174
4001463,3004550
4001464,3000262
4001464,3001342
4001464,3002419
4001464,3002496
4001464,3002520
4001464,3003162
4001464,3003326
4001464,3003920
4001464,3005091
4001465,3005300
4001465,3005636
4001466,3000772
4001466,3002800
4001466,3004623
4001466,3004781
4001467,3002037
4001467,3003339
4001467,3004961
4001468,3002321
4001468,3004406
4001468,3004648
4001468,3005124
4001469,3000776
4001469,3000824
4001469,3001331
4001469,3001357
4001469,3003762
4001469,3003779
4001469,3004343
4001469,3004953
4001469,3005323
4001470,3000863
4001470,3001067
4001470,3001329
4001470,3002877
4001470,3003263
4001470,3003570
4001471,3001468
4001471,3002981
4001471,3003738
4001471,3003751
4001471,3004741
4001471,3005027
4001472,3001548
4001472,3002160
4001472,3005109
4001473,3000367
4001473,3000683
4001473,3004172
4001473,3005263
4001473,3005482
4001474,3002272
4001474,3003284
4001474,3003305
4001474,3005955
4001475,3000315
4001475,3000323
4001475,3000603
4001475,3002627
4001475,3004148
4001475,3005665
4001476,3001145
4001476,3001503
4001476,3001544
4001476,3003166
4001476,3003464
4001477,3001935
4001477,3003476
4001477,3004303
4001477,3004502
4001477,3004610
4001477,3004933
4001478,3000295
4001478,3000636
4001478,3000745
4001478,3000795
4001478,3000900
4001478,3003258
4001478,3004431
4001478,3005256
4001479,3001794
4001479,3002173
4001479,3002285
4001479,3003215
4001479,3003449
4001479,3003630
4001479,3004199
4001480,3000223
4001480,3002140
4001480,3004299
4001480,3004397
4001480,3005021
4001481,3000221
4001481,3001546
4001481,3005765
4001481,3005970
4001482,3000233
4001482,3000815
4001482,3001133
4001482,3002221
4001482,3003639
4001482,3005130
4001482,3005753
4001483,3000161
4001483,3001382
4001483,3001866
4001483,3003655
4001483,3004089
4001483,3005800
4001484,3002626
4001484,3003277
4001484,3004201
4001484,3005396
4001484,3005404
4001485,3003680
4001485,3004674
4001485,3005388
4001486,3000213
4001486,3000617
4001486,3001283
4001486,3001620
4001486,3002358
4001486,3002487
4001486,3002868
4001486,3003315
4001486,3003794
4001486,3004108
4001486,3004551
4001486,3005739
4001487,3000218
4001487,3002430
4001487,3002541
4001487,3002693
4001487,3004710
4001488,3000767
4001488,3001284
4001488,3004093
4001488,3005306
4001489,3002492
4001489,3003161
4001489,3004014
4001489,3004298
4001489,3004325
4001490,3001078
4001490,3001302
4001490,3001587
4001490,3002694
4001490,3003108
4001490,3005258
4001490,3005349
4001490,3005836
4001491,3001387
4001491,3001425
4001491,3001669
4001491,3001931
4001491,3002912
4001491,3003594
4001491,3003642
4001491,3003996
4001491,3004756
4001492,3000198
4001492,3001264
4001492,3003228
4001492,3005605
4001493,3001702
4001493,3003168
4001493,3004836
4001494,3002043
4001494,3002087
4001494,3003149
4001494,3004050
4001494,3004513
4001495,3000681
4001495,3000744
4001495,3001098
4001495,3003005
4001495,3003355
4001496,3000139
4001496,3003271
4001496,3003359
4001496,3005226
4001497,3000613
4001497,3002061
4001497,3003409
4001497,3003508
4001497,3005985
4001498,3000268
4001498,3001605
4001498,3002651
4001498,3002705
4001498,3003288
4001498,3005777
4001498,3005789
4001499,3000243
4001499,3002708
4001499,3003525
4001499,3003734
4001500,3001288
4001500,3002596
4001500,3003171
4001500,3004626
4001500,3005149
4001500,3005341
4001500,3005707
4001500,3005711
4001501,3001334
4001501,3001378
4001501,3001548
4001501,3002099
4001501,3005949
4001502,3001335
4001502,3003343
4001502,3004565
4001502,3005738
4001502,3005888
4001503,3001684
4001503,3002482
4001503,3004822
4001504,3001403
4001504,3001501
4001504,3001800
4001504,3003054
4001504,3004216
4001504,3004637
4001504,3005366
4001504,3005377
4001505,3002581
4001505,3003919
4001505,3004563
4001506,3001128
4001506,3003716
4001506,3003997
4001506,3004649
4001506,3004694
4001506,3004836
4001507,3000563
4001507,3000672
4001507,3000954
4001507,3000999
4001507,3001056
4001507,3001566
4001507,3003136
4001507,3003282
4001507,3003624
4001507,3005097
4001507,3005368
4001507,3005846
4001508,3005033
4001508,3005233
4001508,3005716
4001509,3002452
4001509,3002735
4001509,3003448
4001509,3004916
4001509,3005842
4001510,3000434
4001510,3000439
4001510,3000452
4001510,3000938
4001510,3000974
4001510,3001136
4001510,3001399
4001510,3001672
4001510,3002135
4001510,3002807
4001510,3002834
4001510,3003334
4001510,3003650
4001510,3003754
4001510,3004178
4001510,3004206
4001510,3004672
4001510,3004780
4001510,3004870
4001510,3005505
4001510,3005675
4001511,3000013
4001511,3001607
4001511,3002197
4001511,3003676
4001511,3004007
4001512,3000319
4001512,3001099
4001512,3002624
4001512,3004758
4001513,3000361
4001513,3000697
4001513,3000726
4001513,3001301
4001513,3001375
4001513,3001589
4001513,3002029
4001513,3002284
4001513,3002617
4001513,3002633
4001513,3002715
4001513,3005079
4001513,3005907
4001514,3001623
4001514,3001972
4001514,3002338
4001514,3003745
4001514,3004805
4001515,3000510
4001515,3002473
4001515,3003484
4001515,3003749
4001516,3000718
4001516,3001229
4001516,3001514
4001516,3001792
4001516,3002148
4001516,3002466
4001516,3002799
4001516,3003195
4001517,3000714
4001517,3001551
4001517,3004472
4001517,3005449
4001517,3005994
4001518,3000865
4001518,3001339
4001518,3002911
4001518,3003026
4001518,3004818
4001519,3000275
4001519,3000988
4001519,3001267
4001519,3001431
4001519,3001449
4001519,3001534
4001519,3002234
4001519,3002445
4001519,3003948
4001519,3004614
4001520,3002364
4001520,3003215
4001520,3003427
4001520,3004199
4001521,3001129
4001521,3002070
4001521,3002862
4001521,3003311
4001521,3003420
4001521,3003588
4001521,3003698
4001521,3004196
4001521,3004921
4001522,3001475
4001522,3002291
4001522,3003750
4001523,3000600
4001523,3001438
4001523,3003127
4001524,3000308
4001524,3001195
4001524,3002695
4001524,3003198
4001525,3000246
4001525,3003346
4001525,3003940
4001525,3004408
4001526,3000537
4001526,3001007
4001526,3002234
4001526,3002745
4001526,3004614
4001526,3005731
4001527,3000936
4001527,3002057
4001527,3002099
4001527,3002689
4001527,3003641
4001527,3004006
4001527,3004519
4001528,3002863
4001528,3003940
4001528,3005316
4001529,3000332
4001529,3001034
4001529,3001291
4001529,3002741
4001529,3002945
4001529,3003267
4001529,3003652
4001529,3004453
4001529,3004549
4001530,3000978
4001530,3002628
4001530,3005879
4001531,3000554
4001531,3003736
4001531,3003970
4001531,3004563
4001531,3004788
4001532,3000669
4001532,3001209
4001532,3002803
4001532,3003219
4001532,3003504
4001532,3004395
4001533,3000896
4001533,3001728
4001533,3003206
4001533,3003665
4001533,3005085
4001534,3000277
4001534,3001327
4001534,3002690
4001534,3004118
4001534,3005018
4001534,3005444
4001534,3005590
4001535,3002158
4001535,3002332
4001535,3002935
4001535,3003635
4001535,3004279
4001535,3005674
4001536,3000529
4001536,3001913
4001536,3002227
4001536,3004217
4001536,3005892
4001537,3001549
4001537,3002145
4001537,3002913
4001537,3005368
4001537,3005416
4001537,3005798
4001538,3000350
4001538,3000984
4001538,3001409
4001538,3003559
4001538,3004846
4001539,3000315
4001539,3001242
4001539,3001356
4001539,3002752
4001539,3002973
4001539,3003653
4001539,3004100
4001539,3004473
4001539,3004825
4001539,3004931
4001539,3005982
4001540,3000716
4001540,3002891
4001540,3002954
4001540,3003099
4001540,3003207
4001541,3000698
4001541,3002344
4001541,3002673
4001541,3003354
4001541,3003387
4001541,3005039
4001541,3005752
4001541,3005816
4001541,3005934
4001542,3001389
4001542,3001505
4001542,3001857
4001542,3002027
4001542,3003530
4001542,3004530
4001543,3002697
4001543,3003889
4001543,3005959
4001544,3000035
4001544,3000183
4001544,3000547
4001544,3001009
4001544,3001947
4001544,3004807
4001544,3005067
4001545,3001169
4001545,3001923
4001545,3002277
4001545,3002916
4001545,3004783
4001545,3004804
4001545,3004894
4001546,3000008
4001546,3000901
4001546,3001045
4001546,3001130
4001546,3001423
4001546,3001641
4001546,3001765
4001546,3005423
4001546,3005514
4001546,3005717
4001546,3005807
4001547,3000352
4001547,3001400
4001547,3001876
4001548,3002505
4001548,3003428
4001548,3004708
4001549,3000287
4001549,3004028
4001549,3005636
4001550,3000144
4001550,3000370
4001550,3001230
4001550,3001635
4001550,3002146
4001550,3003182
4001550,3003425
4001550,3004321
4001550,3004360
4001550,3004612
4001550,3004855
4001551,3000053
4001551,3002457
4001551,3002762
4001551,3003232
4001551,3003916
4001551,3003931
4001551,3003932
4001551,3004146
4001551,3005104
4001552,3000676
4001552,3002328
4001552,3002795
4001552,3003121
4001552,3003142
4001552,3003317
4001552,3003640
4001552,3005397
4001552,3005515
4001553,3000493
4001553,3005692
4001554,3000641
4001554,3001415
4001554,3002104
4001554,3002161
4001554,3002962
4001554,3003029
4001554,3003432
4001554,3003508
4001554,3004460
4001555,3000202
4001555,3001007
4001555,3001268
4001555,3003332
4001555,3004245
4001555,3004441
4001556,3002302
4001556,3002472
4001556,3002642
4001556,3003027
4001556,3005424
4001557,3001294
4001557,3001638
4001557,3002740
4001557,3002846
4001557,3003990
4001558,3000331
4001558,3000923
4001558,3004333
4001558,3004334
4001559,3000727
4001559,3000887
4001559,3003259
4001559,3004103
4001559,3004936
4001559,3005425
4001560,3003123
4001560,3003187
4001560,3003981
4001560,3004806
4001561,3001341
4001561,3002147
4001561,3002950
4001561,3003778
4001561,3005402
4001562,3001309
4001562,3003859
4001563,3000806
4001563,3001661
4001563,3002783
4001563,3003926
4001563,3005020
4001563,3005906
4001563,3005979
4001563,3005981
4001564,3000315
4001564,3001177
4001564,3001280
4001564,3002827
4001564,3002948
4001564,3004221
4001564,3004496
4001564,3005079
4001564,3005259
4001565,3002048
4001565,3002175
4001565,3002933
4001565,3003293
4001565,3004029
4001565,3004817
4001565,3004900
4001565,3005521
4001565,3005641
4001566,3000515
4001566,3000834
4001566,3002588
4001566,3003718
4001566,3005851
4001567,3000629
4001567,3000908
4001567,3001057
4001567,3001664
4001567,3002817
4001567,3004051
4001567,3005953
4001568,3000184
4001568,3000216
4001568,3001971
4001568,3002284
4001568,3004931
4001568,3005244
4001569,3000939
4001569,3004925
4001570,3000095
4001570,3002265
4001570,3004334
4001571,3000586
4001571,3002416
4001571,3003684
4001571,3003877
4001571,3004539
4001571,3005847
4001572,3000138
4001572,3000978
4001572,3001234
4001572,3002050
4001572,3003545
4001572,3004099
4001572,3005374
4001573,3000576
4001573,3002816
4001573,3003003
4001573,3003112
4001573,3004772
4001573,3005218
4001574,3000178
4001574,3000919
4001574,3002107
4001574,3002251
4001574,3002323
4001574,3003862
4001574,3005721
4001575,3004205
4001575,3004349
4001575,3005371
4001575,3005562
4001576,3000272
4001576,3001941
4001576,3003296
4001576,3004801
4001577,3000870
4001577,3001149
4001577,3001728
4001577,3002014
4001577,3004324
4001577,3005187
4001578,3000005
4001578,3000445
4001578,3001225
4001578,3002494
4001578,3003912
4001578,3004124
4001578,3005099
4001579,3001719
4001579,3002302
4001579,3002910
4001579,3005718
4001580,3000902
4001580,3001606
4001580,3003018
4001581,3000322
4001581,3000937
4001581,3002328
4001581,3003289
4001581,3003317
4001581,3005397
4001582,3000784
4001582,3001815
4001582,3002034
4001583,3000297
4001583,3000321
4001583,3001194
4001583,3001264
4001583,3003722
4001583,3005356
4001584,3001507
4001584,3001986
4001584,3004025
4001584,3004059
4001584,3004818
4001584,3005867
4001585,3001500
4001585,3001743
4001585,3002634
4001585,3003889
4001585,3005455
4001586,3001851
4001586,3002704
4001586,3004891
4001586,3005529
4001586,3005663
4001587,3001204
4001587,3001258
4001587,3002791
4001587,3003959
4001588,3000054
4001588,3000096
4001588,3000389
4001588,3001515
4001588,3001592
4001588,3002377
4001588,3002608
4001588,3003561
4001588,3004132
4001588,3004341
4001588,3004448
4001589,3001752
4001589,3001887
4001589,3001904
4001589,3002518
4001589,3003448
4001589,3005007
4001590,3000184
4001590,3001890
4001590,3002041
4001590,3002284
4001590,3003477
4001590,3004221
4001590,3004701
4001590,3004716
4001590,3005063
4001591,3000080
4001591,3000111
4001591,3000600
4001591,3001374
4001591,3003909
4001592,3001775
4001592,3002003
4001592,3003701
4001593,3000324
4001593,3000662
4001593,3002245
4001593,3003153
4001593,3005439
4001593,3005965
4001594,3001050
4001594,3001103
4001594,3001115
4001594,3003888
4001594,3004235
4001594,3005309
4001594,3005868
4001595,3003296
4001595,3003339
4001595,3003460
4001595,3004900
4001595,3004961
4001595,3005206
4001596,3001268
4001596,3003352
4001596,3004390
4001597,3002123
4001597,3003986
4001597,3004281
4001597,3004903
4001598,3000337
4001598,3001258
4001598,3001745
4001598,3003579
4001599,3000230
4001599,3000831
4001599,3001252
4001599,3001368
4001599,3002241
4001599,3002490
4001599,3003204
4001599,3003858
4001599,3004083
4001599,3004086
4001599,3004309
4001599,3004413
4001599,3004482
4001599,3005125
4001599,3005484
4001599,3005706
4001600,3000585
4001600,3001989
4001600,3003008
4001600,3003114
4001600,3003361
4001600,3003691
4001601,3001010
4001601,3002964
4001601,3003865
4001601,3004464
4001601,3004838
4001602,3000243
4001602,3001747
4001602,3002952
4001602,3003576
4001602,3004036
4001602,3005253
4001602,3005458
4001602,3005861
4001603,3001372
4001603,3002208
4001603,3002848
4001603,3003170
4001603,3003571
4001603,3004061
4001603,3004186
4001604,3000130
4001604,3000677
4001604,3003800
4001604,3005267
4001604,3005577
4001604,3005775
4001605,3001214
4001605,3001220
4001605,3001295
4001605,3001958
4001605,3002883
4001605,3003771
4001605,3003952
4001605,3004403
4001605,3004484
4001606,3002504
4001606,3003490
4001606,3003816
4001606,3004254
4001606,3005439
4001606,3005833
4001607,3000423
4001607,3000858
4001607,3002198
4001607,3003378
4001607,3004414
4001607,3005017
4001607,3005157
4001607,3005209
4001607,3005963
4001608,3000150
4001608,3001313
4001608,3003404
4001608,3004131
4001609,3000115
4001609,3000697
4001609,3002041
4001609,3002605
4001609,3002827
4001609,3004182
4001609,3004221
4001609,3004978
4001609,3005244
4001609,3005380
4001609,3005386
4001610,3001171
4001610,3001326
4001610,3002149
4001610,3003821
4001611,3000288
4001611,3000548
4001611,3000937
4001611,3002200
4001611,3002880
4001611,3003444
4001611,3003974
4001611,3003975
4001611,3004012
4001611,3004122
4001611,3005628
4001612,3000025
4001612,3005652
4001613,3000797
4001613,3003360
4001613,3004237
4001614,3001247
4001614,3001521
4001614,3001940
4001614,3002747
4001614,3004400
4001614,3004616
4001614,3005499
4001614,3005599
4001615,3001000
4001615,3004818
4001616,3000675
4001616,3000864
4001616,3002003
4001616,3002212
4001616,3003076
4001616,3003330
4001616,3003817
4001616,3004049
4001616,3005038
4001616,3005150
4001616,3005882
4001617,3000462
4001617,3000836
4001617,3002346
4001617,3002371
4001617,3003223
4001617,3003886
4001617,3005302
4001618,3000471
4001618,3002345
4001618,3003179
4001618,3003731
4001618,3005575
4001619,3000284
4001619,3002236
4001619,3002385
4001619,3003695
4001619,3004220
4001619,3004546
4001619,3005270
4001620,3000138
4001620,3001554
4001620,3001559
4001620,3002475
4001620,3003875
4001620,3004037
4001621,3002016
4001621,3002727
4001621,3002746
4001621,3004864
4001622,3000075
4001622,3000646
4001622,3000819
4001622,3003151
4001622,3005121
4001622,3005304
4001622,3005794
4001623,3000103
4001623,3000992
4001623,3001211
4001623,3001790
4001623,3003425
4001623,3003798
4001623,3004855
4001623,3005142
4001624,3000024
4001624,3000763
4001624,3002322
4001624,3002739
4001624,3005032
4001624,3005852
4001625,3000896
4001625,3002594
4001625,3004359
4001625,3005152
4001626,3000587
4001626,3001088
4001626,3001938
4001626,3003565
4001626,3005051
4001626,3005514
4001627,3000440
4001627,3001484
4001627,3001967
4001627,3003231
4001627,3003543
4001627,3004252
4001627,3004671
4001627,3005314
4001628,3000319
4001628,3000883
4001628,3002974
4001628,3003945
4001628,3004897
4001628,3005395
4001629,3000757
4001629,3002187
4001629,3002674
4001629,3003247
4001629,3003444
4001629,3004746
4001629,3005069
4001630,3000477
4001630,3000577
4001630,3000649
4001630,3001145
4001630,3001544
4001630,3001562
4001630,3001930
4001630,3001955
4001630,3002066
4001630,3003166
4001630,3003199
4001630,3003656
4001630,3004969
4001630,3005279
4001630,3005290
4001630,3005474
4001631,3004682
4001631,3004925
4001631,3004959
4001631,3004977
4001631,3005223
4001632,3000054
4001632,3000154
4001632,3001623
4001632,3001662
4001632,3002878
4001632,3003561
4001632,3003694
4001633,3000027
4001633,3001160
4001633,3001709
4001633,3002481
4001634,3001019
4001634,3001243
4001634,3002529
4001634,3003938
4001634,3004679
4001635,3000866
4001635,3002237
4001635,3005375
4001636,3000260
4001636,3002241
4001636,3003710
4001636,3005125
4001636,3005264
4001636,3005370
4001636,3005407
4001636,3005554
4001637,3000926
4001637,3000960
4001637,3002568
4001637,3004559
4001637,3004562
4001638,3000909
4001638,3001174
4001638,3001899
4001638,3002562
4001638,3003033
4001638,3003278
4001638,3003380
4001638,3003868
4001638,3004166
4001638,3004942
4001638,3004991
4001638,3005500
4001638,3005897
4001639,3000085
4001639,3001537
4001639,3001811
4001639,3002773
4001639,3002845
4001639,3003709
4001639,3005902
4001640,3001730
4001640,3002132
4001640,3003186
4001640,3004326
4001640,3004677
4001640,3004910
4001641,3000097
4001641,3000827
4001641,3003884
4001641,3005110
4001641,3005344
4001642,3000116
4001642,3000322
4001642,3002674
4001642,3003974
4001642,3004127
4001642,3004307
4001642,3005435
4001642,3005898
4001643,3000441
4001643,3002272
4001643,3005645
4001643,3005970
4001644,3000543
4001644,3000741
4001644,3000779
4001644,3001012
4001644,3001380
4001644,3001888
4001644,3002421
4001644,3002984
4001644,3003081
4001644,3003301
4001644,3003546
4001644,3004960
4001644,3004967
4001644,3005417
4001644,3005461
4001644,3005573
4001645,3001006
4001645,3001307
4001645,3003189
4001646,3000083
4001646,3002203
4001646,3002514
4001646,3004583
4001646,3004965
4001646,3005451
4001646,3005529
4001647,3001059
4001647,3002222
4001647,3002828
4001647,3003522
4001647,3004769
4001647,3005180
4001647,3005253
4001647,3005420
4001648,3000110
4001648,3001315
4001648,3001921
4001648,3003620
4001648,3004947
4001649,3000790
4001649,3001020
4001649,3001115
4001649,3001460
4001649,3004141
4001649,3004293
4001650,3000540
4001650,3001628
4001650,3002366
4001650,3003900
4001650,3004648
4001650,3005878
4001650,3005948
4001651,3002835
4001651,3003341
4001651,3004214
4001652,3002084
4001652,3004741
4001653,3001463
4001653,3002525
4001653,3005113
4001653,3005655
4001654,3000390
4001654,3001748
4001654,3002261
4001654,3002711
4001655,3000372
4001655,3000389
4001655,3002847
4001655,3003675
4001655,3004483
4001655,3004492
4001655,3005860
4001656,3001820
4001656,3002042
4001656,3002062
4001656,3003516
4001657,3000308
4001657,3001330
4001657,3002130
4001657,3003171
4001657,3005341
4001658,3001039
4001658,3001350
4001658,3005374
4001658,3005684
4001659,3000218
4001659,3001415
4001659,3001633
4001660,3000042
4001660,3000150
4001660,3000682
4001660,3000696
4001660,3000764
4001660,3001414
4001660,3003274
4001661,3001217
4001661,3003266
4001661,3003763
4001661,3004080
4001661,3004703
4001661,3005109
4001661,3005921
4001661,3005949
4001662,3002812
4001662,3003144
4001662,3003681
4001662,3005027
4001663,3000928
4001663,3002145
4001663,3002207
4001663,3004235
4001663,3005798
4001664,3003644
4001664,3003716
4001664,3004004
4001664,3004138
4001664,3004694
4001665,3000336
4001665,3000458
4001665,3000552
4001665,3000782
4001665,3001270
4001666,3000701
4001666,3002453
4001666,3004441
4001667,3000378
4001667,3000935
4001667,3001297
4001667,3002254
4001667,3004396
4001667,3005017
4001667,3005999
4001668,3000186
4001668,3000208
4001668,3004695
4001668,3004811
4001668,3004986
4001668,3005357
4001669,3001106
4001669,3001257
4001669,3002211
4001669,3003637
4001669,3003647
4001669,3004527
4001669,3005162
4001670,3000385
4001670,3001044
4001670,3001249
4001670,3002235
4001670,3002705
4001670,3003288
4001670,3003933
4001670,3004834
4001671,3000231
4001671,3002450
4001671,3003118
4001671,3005119
4001671,3005184
4001672,3000198
4001672,3002657
4001672,3004856
4001673,3000337
4001673,3001481
4001673,3001810
4001673,3001837
4001673,3003298
4001673,3005451
4001673,3005715
4001674,3000491
4001674,3001594
4001674,3002509
4001674,3003750
4001674,3004962
4001675,3000310
4001675,3001162
4001675,3002955
4001676,3000318
4001676,3000804
4001676,3001578
4001676,3001906
4001676,3003485
4001676,3003727
4001676,3005601
4001676,3005819
4001677,3000188
4001677,3004632
4001677,3005134
4001678,3000634
4001678,3000646
4001678,3002331
4001678,3002732
4001678,3004059
4001678,3004192
4001678,3004313
4001678,3005013
4001678,3005156
4001678,3005688
4001679,3001418
4001679,3003254
4001679,3003578
4001679,3004272
4001680,3000093
4001680,3000601
4001680,3000846
4001680,3003179
4001680,3003200
4001680,3003766
4001681,3000186
4001681,3000411
4001681,3001023
4001681,3001158
4001681,3002405
4001681,3003203
4001681,3005262
4001682,3000175
4001682,3000384
4001682,3001923
4001682,3002939
4001682,3003505
4001682,3004713
4001682,3004913
4001682,3005256
4001682,3005614
4001682,3005643
4001682,3005920
4001683,3000727
4001683,3000940
4001684,3000125
4001684,3000219
4001684,3000274
4001684,3000452
4001684,3001091
4001684,3002869
4001684,3003541
4001684,3004664
4001684,3004992
4001684,3005217
4001684,3005782
4001684,3005824
4001685,3000602
4001685,3001217
4001685,3002099
4001685,3002660
4001686,3000696
4001686,3001909
4001686,3002359
4001686,3002684
4001687,3000902
4001687,3002371
4001687,3004813
4001687,3004819
4001687,3005185
4001688,3001233
4001688,3002469
4001688,3003805
4001688,3004987
4001689,3001171
4001689,3002371
4001689,3003691
4001689,3005302
4001689,3005679
4001690,3000994
4001690,3002874
4001690,3004575
4001690,3004918
4001691,3000423
4001691,3000858
4001691,3004260
4001691,3004382
4001691,3004726
4001692,3001578
4001692,3002292
4001692,3004842
4001692,3004863
4001692,3005819
4001693,3001506
4001693,3001936
4001693,3005116
4001693,3005365
4001694,3000028
4001694,3001159
4001694,3001309
4001694,3001447
4001694,3001860
4001694,3001895
4001694,3002604
4001694,3002606
4001694,3003421
4001694,3003463
4001694,3003572
4001695,3001071
4001695,3002405
4001696,3000490
4001696,3001864
4001696,3002318
4001696,3002351
4001696,3002411
4001696,3003519
4001697,3002201
4001697,3002263
4001697,3002838
4001697,3003446
4001698,3001670
4001698,3002053
4001698,3004720
4001698,3005716
4001699,3001098
4001699,3003005
4001699,3003591
4001699,3005633
4001700,3000303
4001700,3000564
4001700,3001010
4001700,3001116
4001700,3003140
4001700,3003396
4001700,3004537
4001700,3004622
4001700,3004827
4001701,3003648
4001701,3003981
4001701,3004314
4001701,3004385
4001702,3000597
4001702,3002589
4001702,3005901
4001703,3000061
4001703,3000645
4001703,3001578
4001703,3003224
4001704,3000297
4001704,3000411
4001704,3001183
4001704,3002405
4001704,3003265
4001704,3004811
4001704,3004986
4001704,3005356
4001705,3000019
4001705,3001249
4001705,3003176
4001706,3000256
4001706,3000747
4001706,3000980
4001706,3002786
4001706,3003298
4001706,3005995
4001707,3000822
4001707,3001248
4001707,3001393
4001707,3002120
4001707,3002174
4001707,3003074
4001707,3003163
4001707,3005267
4001707,3005745
4001708,3001204
4001708,3001328
4001708,3002203
4001708,3002514
4001708,3002823
4001708,3005612
4001709,3000245
4001709,3001345
4001709,3002476
4001709,3003134
4001709,3003246
4001709,3004351
4001710,3000888
4001710,3004039
4001710,3004150
4001710,3004461
4001710,3005077
4001711,3000556
4001711,3001994
4001711,3003147
4001711,3003281
4001711,3004203
4001711,3004763
4001711,3005106
4001711,3005581
4001712,3001125
4001712,3001417
4001712,3001812
4001712,3001898
4001712,3002913
4001712,3003136
4001712,3004145
4001712,3004874
4001712,3005726
4001712,3005795
4001713,3002521
4001713,3002551
4001713,3002787
4001713,3003523
4001713,3003826
4001713,3004048
4001713,3005115
4001714,3001661
4001714,3003926
4001714,3004933
4001714,3005773
4001714,3005845
4001715,3000872
4001715,3001716
4001715,3002007
4001715,3003062
4001715,3004017
4001715,3004074
4001715,3004363
4001716,3000049
4001716,3000551
4001716,3000738
4001716,3001041
4001716,3002277
4001716,3002806
4001716,3005012
4001716,3005095
4001716,3005594
4001716,3005690
4001717,3001571
4001717,3002260
4001717,3002620
4001717,3004968
4001718,3002697
4001718,3003781
4001718,3003938
4001718,3004055
4001718,3005182
4001718,3005202
4001718,3005224
4001718,3005472
4001719,3000150
4001719,3001369
4001719,3001553
4001719,3001909
4001719,3002450
4001719,3004580
4001720,3000568
4001720,3001163
4001720,3001351
4001720,3001892
4001720,3002781
4001720,3003329
4001720,3005274
4001721,3001126
4001721,3003100
4001721,3004075
4001721,3005187
4001721,3005278
4001722,3000076
4001722,3000348
4001722,3001270
4001722,3002958
4001722,3003513
4001722,3005457
4001723,3000116
4001723,3000298
4001723,3001580
4001723,3001677
4001723,3003289
4001723,3003395
4001724,3002016
4001724,3002917
4001724,3002967
4001724,3004446
4001724,3004863
4001724,3005233
4001725,3000135
4001725,3000820
4001725,3001486
4001725,3004952
4001725,3005684
4001726,3003070
4001726,3003479
4001727,3000401
4001727,3000780
4001727,3001986
4001727,3002229
4001727,3004778
4001727,3005610
4001728,3000292
4001728,3002268
4001728,3002482
4001728,3005362
4001728,3005720
4001728,3005996
4001729,3000062
4001729,3001824
4001729,3001828
4001729,3001986
4001729,3002489
4001729,3004284
4001729,3004308
4001729,3004313
4001729,3004525
4001729,3005031
4001729,3005340
4001729,3005944
4001730,3001463
4001730,3002784
4001730,3003448
4001730,3003926
4001730,3004683
4001731,3000394
4001731,3000475
4001731,3001431
4001731,3003083
4001732,3000985
4001732,3003216
4001732,3005011
4001732,3005098
4001732,3005465
4001733,3000265
4001733,3000691
4001733,3003452
4001733,3003707
4001733,3003955
4001734,3000400
4001734,3002084
4001734,3002493
4001734,3004249
4001734,3004741
4001734,3005662
4001735,3001383
4001735,3002154
4001735,3002213
4001735,3002575
4001735,3003369
4001735,3005080
4001735,3005683
4001736,3000973
4001736,3001599
4001736,3001605
4001736,3005740
4001737,3000433
4001737,3001832
4001737,3004385
4001737,3005969
4001738,3000106
4001738,3000314
4001738,3003154
4001738,3003804
4001738,3004953
4001739,3001113
4001739,3002493
4001739,3002687
4001739,3004159
4001739,3004741
4001739,3004962
4001740,3000499
4001740,3000907
4001740,3002785
4001741,3000823
4001741,3002013
4001741,3002434
4001741,3003012
4001741,3003360
4001741,3004054
4001741,3005987
4001742,3000181
4001742,3001123
4001742,3003472
4001742,3003486
4001742,3003852
4001742,3004657
4001742,3004972
4001742,3005588
4001742,3005659
4001743,3000182
4001743,3001501
4001743,3001815
4001743,3002550
4001743,3002587
4001743,3003732
4001743,3004480
4001744,3000618
4001744,3001697
4001744,3003164
4001744,3003830
4001744,3004844
4001745,3002518
4001745,3003627
4001745,3004502
4001745,3005811
4001746,3000715
4001746,3000773
4001746,3000836
4001746,3003361
4001746,3004372
4001746,3005679
4001747,3000029
4001747,3005445
4001747,3005732
4001748,3000156
4001748,3000491
4001748,3002143
4001748,3003042
4001748,3003738
4001748,3003772
4001748,3003999
4001748,3004107
4001749,3000500
4001749,3000819
4001749,3001142
4001749,3001814
4001749,3002314
4001749,3002667
4001749,3002811
4001749,3005121
4001750,3000132
4001750,3000460
4001750,3000497
4001750,3000791
4001750,3000846
4001750,3003179
4001750,3003186
4001750,3003944
4001750,3004002
4001750,3004792
4001750,3005575
4001751,3001293
4001751,3001423
4001751,3001765
4001751,3005514
4001751,3005809
4001752,3000224
4001752,3000616
4001752,3000619
4001752,3000805
4001752,3001295
4001752,3001362
4001752,3001902
4001752,3002035
4001752,3004334
4001753,3001075
4001753,3002343
4001753,3002692
4001753,3004074
4001753,3004415
4001753,3005342
4001753,3005445
4001754,3001079
4001754,3001523
4001754,3002750
4001754,3002979
4001754,3004688
4001754,3005480
4001755,3000287
4001755,3000456
4001755,3002794
4001756,3000424
4001756,3002481
4001756,3003088
4001756,3003270
4001756,3005324
4001756,3005990
4001757,3000263
4001757,3001404
4001757,3001696
4001758,3000819
4001758,3002985
4001758,3003040
4001758,3003337
4001758,3004509
4001758,3004535
4001758,3005252
4001758,3005835
4001759,3000821
4001759,3002012
4001759,3004147
4001759,3004554
4001759,3005331
4001759,3005893
4001760,3000039
4001760,3000248
4001760,3001949
4001760,3002366
4001761,3001005
4001761,3001069
4001761,3002748
4001761,3003115
4001762,3000146
4001762,3001218
4001762,3002832
4001762,3005300
4001762,3005492
4001763,3001778
4001763,3002137
4001763,3002208
4001763,3002853
4001763,3002969
4001763,3003831
4001763,3004869
4001763,3005357
4001764,3000611
4001764,3000777
4001764,3001059
4001764,3001747
4001764,3002031
4001764,3004471
4001764,3004553
4001764,3005512
4001765,3000818
4001765,3001857
4001766,3001797
4001766,3001909
4001766,3003760
4001766,3004949
4001766,3005422
4001767,3001519
4001767,3003256
4001767,3003461
4001767,3004250
4001767,3004799
4001768,3001621
4001768,3001967
4001768,3002327
4001768,3002467
4001768,3002538
4001768,3003543
4001768,3004227
4001768,3004306
4001768,3004619
4001769,3000120
4001769,3000356
4001769,3002490
4001769,3002578
4001769,3004384
4001769,3004663
4001769,3004930
4001770,3000091
4001770,3000107
4001770,3000698
4001770,3001612
4001770,3002029
4001770,3002288
4001770,3002344
4001770,3002810
4001770,3002953
4001770,3002973
4001770,3003002
4001770,3004064
4001770,3004442
4001770,3004788
4001771,3000128
4001771,3000243
4001771,3000534
4001771,3000611
4001771,3002488
4001771,3002647
4001771,3003518
4001771,3003576
4001771,3003968
4001771,3004001
4001771,3005225
4001772,3000061
4001772,3002746
4001772,3003030
4001772,3003224
4001772,3004898
4001773,3000171
4001773,3003065
4001773,3004792
4001774,3001163
4001774,3001849
4001774,3001892
4001774,3002097
4001774,3002393
4001774,3003773
4001775,3000749
4001775,3001713
4001775,3002587
4001775,3003436
4001775,3004830
4001775,3004998
4001776,3000447
4001776,3001780
4001776,3001855
4001776,3002355
4001776,3002534
4001776,3004340
4001776,3004755
4001776,3005666
4001777,3000428
4001777,3002683
4001777,3005402
4001777,3005539
4001778,3002914
4001778,3002994
4001778,3004041
4001778,3005425
4001778,3005490
4001778,3005732
4001778,3005741
4001779,3000140
4001779,3001218
4001779,3001491
4001779,3003078
4001779,3004730
4001779,3004985
4001779,3005636
4001779,3005722
4001780,3000362
4001780,3000514
4001780,3000591
4001780,3000982
4001780,3001530
4001780,3002179
4001780,3002678
4001780,3003239
4001781,3000373
4001781,3001217
4001781,3002395
4001781,3003125
4001781,3003825
4001781,3005760
4001782,3000402
4001782,3000479
4001782,3001068
4001782,3002430
4001782,3002693
4001782,3004046
4001782,3004544
4001783,3000820
4001783,3000991
4001783,3001311
4001783,3001508
4001783,3001559
4001783,3002050
4001783,3002856
4001783,3004094
4001783,3004747
4001784,3001106
4001784,3001126
4001784,3002104
4001784,3004438
4001784,3004544
4001784,3004569
4001784,3005756
4001785,3000704
4001785,3001624
4001785,3002777
4001785,3003118
4001785,3004589
4001785,3004620
4001785,3005119
4001786,3002833
4001786,3003339
4001786,3005311
4001787,3000083
4001787,3000398
4001787,3002289
4001787,3003806
4001787,3004503
4001788,3000393
4001788,3002558
4001788,3003984
4001788,3004823
4001788,3005056
4001788,3005628
4001789,3001132
4001789,3001189
4001789,3001588
4001789,3001634
4001789,3002391
4001789,3002550
4001789,3003212
4001790,3000287
4001790,3001263
4001790,3001491
4001790,3002527
4001790,3005697
4001791,3000682
4001791,3002684
4001791,3002870
4001791,3003023
4001791,3004131
4001791,3005219
4001792,3000985
4001792,3001966
4001792,3003244
4001792,3005656
4001793,3000101
4001793,3000253
4001793,3000877
4001793,3000930
4001793,3001328
4001793,3001492
4001793,3004133
4001793,3004387
4001793,3004926
4001793,3005451
4001794,3002579
4001794,3004615
4001794,3005076
4001795,3000594
4001795,3001723
4001795,3002485
4001795,3005345
4001796,3002540
4001796,3005565
4001797,3000945
4001797,3002332
4001797,3004168
4001797,3005288
4001798,3001282
4001798,3001977
4001798,3002706
4001798,3003268
4001798,3004428
4001798,3005019
4001799,3003025
4001799,3003038
4001799,3005591
4001800,3001385
4001800,3002814
4001800,3005978
4001801,3002211
4001801,3004375
4001801,3004444
4001801,3004723
4001802,3000051
4001802,3001009
4001802,3001947
4001802,3002680
4001803,3000753
4001803,3003487
4001803,3004241
4001804,3000377
4001804,3001767
4001804,3002103
4001804,3002317
4001804,3003713
4001805,3000692
4001805,3001019
4001805,3002889
4001805,3005664
4001806,3000761
4001806,3001969
4001806,3003705
4001806,3003735
4001806,3004583
4001806,3005918
4001807,3001352
4001807,3001591
4001807,3001612
4001807,3003575
4001807,3004030
4001807,3004100
4001807,3004195
4001807,3004496
4001807,3004692
4001807,3004978
4001807,3005454
4001808,3000400
4001808,3001468
4001808,3002143
4001808,3003045
4001808,3004552
4001808,3005908
4001809,3000413
4001809,3001443
4001809,3001587
4001809,3002379
4001809,3002608
4001809,3004455
4001809,3004805
4001810,3001616
4001810,3001676
4001810,3001886
4001811,3000950
4001811,3001019
4001811,3002077
4001811,3004566
4001812,3003343
4001812,3003708
4001812,3004214
4001812,3004564
4001812,3005024
4001812,3005447
4001812,3005476
4001813,3000149
4001813,3000672
4001813,3001417
4001813,3002089
4001813,3004129
4001813,3004345
4001813,3005795
4001814,3001488
4001814,3001700
4001814,3005587
4001814,3005724
4001814,3005813
4001814,3005987
4001815,3000079
4001815,3004801
4001815,3005206
4001815,3005514
4001816,3000602
4001816,3000827
4001816,3001236
4001816,3001355
4001816,3002057
4001816,3003105
4001816,3004080
4001816,3004101
4001817,3000641
4001817,3000873
4001817,3001573
4001817,3002677
4001817,3002793
4001817,3002988
4001817,3003409
4001817,3003432
4001817,3003978
4001818,3002132
4001818,3003080
4001818,3003101
4001818,3004326
4001819,3000519
4001819,3000526
4001819,3000661
4001819,3000730
4001819,3000847
4001819,3001215
4001819,3001538
4001819,3001963
4001819,3002616
4001819,3002658
4001819,3002951
4001819,3003752
4001819,3003847
4001819,3004850
4001819,3005160
4001820,3000278
4001820,3000386
4001820,3000767
4001820,3000948
4001820,3003054
4001820,3004940
4001820,3005770
4001821,3002045
4001821,3002069
4001821,3003764
4001821,3003837
4001821,3003971
4001822,3001419
4001822,3001685
4001822,3002306
4001822,3002387
4001822,3002394
4001822,3002403
4001822,3003009
4001822,3005183
4001822,3005289
4001823,3001081
4001823,3001105
4001823,3001424
4001823,3001565
4001823,3002621
4001823,3003082
4001823,3003605
4001823,3005077
4001824,3001096
4001824,3001716
4001824,3004417
4001824,3005210
4001824,3005445
4001824,3005700
4001824,3005741
4001825,3002773
4001825,3004649
4001826,3002431
4001826,3002748
4001826,3004405
4001826,3005179
4001826,3005363
4001827,3001343
4001827,3003926
4001827,3004437
4001827,3004742
4001827,3005002
4001827,3005113
4001828,3001497
4001828,3001727
4001828,3001882
4001828,3002083
4001828,3003356
4001828,3003478
4001828,3004878
4001828,3005009
4001828,3005075
4001828,3005315
4001829,3000717
4001829,3002497
4001829,3004824
4001829,3005662
4001830,3000066
4001830,3001117
4001830,3001257
4001830,3003647
4001830,3004402
4001830,3004752
4001830,3004831
4001831,3000811
4001831,3001681
4001831,3002380
4001831,3002579
4001832,3000915
4001832,3002019
4001832,3002290
4001832,3002700
4001832,3002738
4001832,3003443
4001832,3004726
4001832,3005858
4001833,3002464
4001833,3002585
4001833,3003014
4001834,3002696
4001834,3004588
4001834,3004666
4001835,3000021
4001835,3001515
4001835,3001662
4001835,3002440
4001835,3003325
4001835,3004412
4001835,3005376
4001836,3001037
4001836,3002233
4001836,3002319
4001836,3002496
4001836,3003412
4001836,3004110
4001836,3004667
4001836,3005214
4001837,3000680
4001837,3002844
4001837,3003510
4001837,3004315
4001837,3005583
4001838,3000265
4001838,3001632
4001838,3005179
4001838,3005260
4001838,3005670
4001839,3001197
4001839,3001736
4001839,3002596
4001839,3004956
4001839,3005149
4001840,3002856
4001840,3002950
4001840,3003991
4001840,3005337
4001841,3001743
4001841,3003550
4001841,3005849
4001842,3001871
4001842,3002247
4001842,3003117
4001842,3003400
4001842,3004839
4001842,3005351
4001843,3000071
4001843,3000457
4001843,3001255
4001843,3001968
4001843,3004700
4001843,3004800
4001844,3001035
4001844,3003119
4001844,3004213
4001844,3004238
4001845,3000076
4001845,3000348
4001845,3002751
4001845,3003115
4001845,3003707
4001846,3000437
4001846,3000912
4001846,3001224
4001846,3001442
4001846,3002297
4001846,3003668
4001847,3000033
4001847,3000270
4001847,3000875
4001847,3004232
4001847,3005046
4001848,3001080
4001848,3001708
4001848,3001841
4001848,3002882
4001848,3003833
4001848,3004269
4001848,3004714
4001848,3005774
4001849,3001781
4001849,3002107
4001849,3003294
4001849,3003626
4001849,3005320
4001850,3000615
4001850,3002305
4001850,3004559
4001850,3004645
4001850,3005646
4001851,3000794
4001851,3004434
4001851,3005962
4001851,3005987
4001852,3001293
4001852,3001509
4001852,3002048
4001852,3002215
4001852,3002696
4001852,3003415
4001852,3003740
4001852,3005481
4001852,3005534
4001853,3000475
4001853,3001267
4001853,3002234
4001853,3002517
4001853,3004655
4001854,3000619
4001854,3001853
4001854,3002035
4001854,3003244
4001854,3003468
4001854,3004177
4001854,3004837
4001855,3000273
4001855,3000655
4001855,3000941
4001855,3001459
4001855,3003113
4001855,3003368
4001855,3004436
4001855,3004543
4001855,3004753
4001856,3005625
4001857,3000442
4001857,3002879
4001857,3003490
4001857,3004706
4001857,3005333
4001858,3002995
4001858,3003241
4001858,3003457
4001858,3003831
4001858,3004061
4001859,3000991
4001859,3001554
4001859,3002354
4001859,3002950
4001859,3004018
4001859,3004246
4001859,3004779
4001860,3000803
4001860,3003627
4001860,3004440
4001860,3004683
4001860,3004973
4001860,3005845
4001861,3000171
4001861,3000566
4001861,3003065
4001861,3003179
4001861,3003766
4001861,3003944
4001861,3004677
4001862,3000117
4001862,3004406
4001862,3004847
4001863,3000898
4001863,3003391
4001863,3005666
4001864,3000083
4001864,3001104
4001864,3001328
4001864,3004387
4001864,3004924
4001864,3005715
4001865,3000218
4001865,3000286
4001865,3001683
4001865,3002703
4001865,3002831
4001865,3004375
4001865,3004609
4001865,3005551
4001866,3000088
4001866,3000217
4001866,3001865
4001866,3002711
4001866,3003947
4001866,3004453
4001866,3005701
4001866,3005758
4001867,3001504
4001867,3001642
4001867,3003558
4001867,3005220
4001868,3000579
4001868,3003352
4001868,3004245
4001869,3001928
4001869,3001942
4001869,3003229
4001870,3001915
4001870,3002448
4001870,3002524
4001870,3003206
4001870,3003748
4001870,3004786
4001870,3005661
4001871,3000765
4001871,3002382
4001871,3002621
4001871,3002639
4001871,3003191
4001871,3003318
4001871,3003531
4001871,3004163
4001871,3004562
4001871,3005272
4001872,3000730
4001872,3000793
4001872,3002559
4001872,3002763
4001872,3003670
4001872,3003695
4001872,3004560
4001872,3005299
4001873,3000352
4001873,3001560
4001873,3002292
4001873,3002788
4001873,3004304
4001873,3004466
4001873,3005969
4001874,3000158
4001874,3001406
4001874,3001891
4001874,3002155
4001874,3003147
4001874,3005086
4001875,3004968
4001875,3005652
4001875,3005772
4001876,3002778
4001876,3003900
4001876,3004858
4001877,3000643
4001877,3000651
4001877,3001495
4001877,3002014
4001877,3002211
4001877,3004375
4001877,3005147
4001878,3001384
4001878,3001995
4001878,3005566
4001879,3000363
4001879,3000591
4001879,3002624
4001879,3003239
4001879,3004981
4001880,3000261
4001880,3002183
4001880,3004362
4001880,3004781
4001881,3000685
4001881,3001259
4001881,3001950
4001881,3002541
4001881,3004230
4001881,3005152
4001881,3005880
4001882,3001733
4001882,3004116
4001882,3004615
4001882,3004950
4001883,3002197
4001883,3002260
4001883,3004590
4001883,3005431
4001884,3001321
4001884,3001532
4001884,3001947
4001884,3002865
4001884,3003461
4001885,3000314
4001885,3000431
4001885,3001357
4001885,3002744
4001885,3003162
4001885,3004798
4001886,3002233
4001886,3003920
4001886,3004393
4001887,3000349
4001887,3000733
4001887,3005617
4001888,3000037
4001888,3000144
4001888,3000241
4001888,3000519
4001888,3001100
4001888,3001172
4001888,3001322
4001888,3001433
4001888,3001545
4001888,3002635
4001888,3004015
4001888,3004130
4001889,3005905
4001890,3001573
4001890,3002161
4001890,3002537
4001890,3003214
4001890,3005352
4001890,3005922
4001891,3000176
4001891,3001547
4001891,3001775
4001891,3001809
4001891,3004187
4001891,3004370
4001891,3005737
4001892,3000384
4001892,3003808
4001892,3004435
4001892,3004464
4001892,3005916
4001893,3000207
4001893,3000904
4001893,3003327
4001893,3005342
4001893,3005925
4001894,3004042
4001894,3004191
4001894,3004263
4001894,3004301
4001894,3004878
4001894,3005154
4001894,3005288
4001894,3005338
4001894,3005542
4001895,3000509
4001895,3000970
4001895,3002153
4001895,3003276
4001896,3000089
4001896,3000839
4001896,3001128
4001896,3001649
4001896,3001702
4001896,3002476
4001896,3002845
4001896,3002904
4001896,3004606
4001896,3005902
4001897,3000199
4001897,3001883
4001897,3002184
4001897,3002305
4001897,3002940
4001897,3004559
4001897,3004909
4001898,3000162
4001898,3000168
4001898,3003819
4001899,3000282
4001899,3001378
4001899,3003595
4001899,3003641
4001899,3005760
4001900,3001851
4001900,3003041
4001900,3003292
4001900,3005694
4001901,3004655
4001901,3004731
4001902,3000158
4001902,3000789
4001902,3000830
4001902,3001762
4001902,3002656
4001902,3005164
4001903,3003224
4001903,3004026
4001903,3004898
4001904,3000737
4001904,3002525
4001904,3005334
4001904,3005862
4001905,3000074
4001905,3002368
4001905,3005914
4001906,3000086
4001906,3000293
4001906,3000811
4001906,3002119
4001906,3003103
4001906,3003116
4001907,3003006
4001907,3004365
4001908,3000282
4001908,3003645
4001908,3003763
4001908,3004703
4001909,3003300
4001909,3004586
4001909,3005116
4001909,3005640
4001910,3000345
4001910,3001305
4001910,3003357
4001910,3004487
4001910,3004526
4001910,3005708
4001911,3001499
4001911,3003348
4001911,3003735
4001911,3004583
4001911,3005196
4001911,3005451
4001912,3000110
4001912,3000941
4001912,3001443
4001912,3001735
4001912,3001921
4001912,3002337
4001912,3002440
4001912,3005155
4001912,3005890
4001913,3001502
4001913,3001528
4001913,3002783
4001913,3002943
4001913,3003291
4001913,3004973
4001914,3000069
4001914,3001156
4001914,3001855
4001914,3003239
4001914,3004981
4001915,3002161
4001915,3003861
4001915,3004786
4001915,3004789
4001916,3000094
4001916,3000922
4001916,3002371
4001917,3002695
4001917,3004561
4001917,3004626
4001917,3004956
4001918,3000567
4001918,3001554
4001918,3002147
4001918,3002420
4001918,3004079
4001919,3000022
4001919,3000052
4001919,3001536
4001919,3001937
4001919,3002555
4001919,3002681
4001919,3002782
4001919,3004019
4001919,3004774
4001919,3005865
4001920,3001914
4001920,3002336
4001920,3003242
4001920,3004108
4001920,3004135
4001920,3004493
4001920,3005005
4001921,3000760
4001921,3001569
4001921,3002941
4001921,3003003
4001921,3005463
4001922,3000249
4001922,3003067
4001922,3003856
4001923,3003357
4001923,3004422
4001924,3000598
4001924,3001978
4001924,3002611
4001924,3002755
4001925,3000365
4001925,3001348
4001925,3001447
4001925,3001795
4001925,3002977
4001925,3003236
4001925,3004622
4001926,3000298
4001926,3001187
4001926,3001287
4001926,3001625
4001926,3001859
4001926,3003289
4001926,3005135
4001927,3000838
4001927,3003676
4001927,3005431
4001928,3002435
4001928,3002965
4001928,3003790
4001928,3003965
4001929,3000106
4001929,3000131
4001929,3000314
4001929,3001202
4001929,3001342
4001929,3002540
4001929,3002936
4001929,3004902
4001930,3000234
4001930,3002894
4001930,3005859
4001931,3000976
4001931,3001028
4001931,3001993
4001931,3005296
4001932,3000435
4001932,3000631
4001932,3000728
4001932,3001962
4001932,3002043
4001932,3003903
4001932,3004050
4001932,3004495
4001932,3005970
4001933,3000332
4001933,3000787
4001933,3002180
4001933,3003993
4001933,3005851
4001934,3001510
4001934,3005714
4001935,3003086
4001935,3003339
4001935,3004035
4001935,3005717
4001936,3001148
4001936,3001758
4001936,3002103
4001936,3003201
4001936,3003219
4001936,3003914
4001936,3004204
4001937,3000591
4001937,3001686
4001937,3001952
4001937,3002668
4001937,3003713
4001937,3004302
4001938,3001723
4001938,3002683
4001939,3003778
4001939,3004079
4001939,3004231
4001940,3000399
4001940,3001991
4001940,3004020
4001940,3004212
4001940,3004239
4001940,3004586
4001940,3004706
4001940,3005801
4001941,3000159
4001941,3001553
4001941,3001797
4001941,3001929
4001941,3005422
4001941,3005926
4001942,3000212
4001942,3000462
4001942,3000871
4001942,3002049
4001942,3003314
4001942,3003635
4001942,3003886
4001942,3004273
4001943,3000201
4001943,3000422
4001943,3000571
4001943,3003828
4001943,3004237
4001943,3004643
4001943,3005236
4001944,3002275
4001944,3002814
4001944,3003501
4001944,3004232
4001944,3005255
4001944,3005462
4001945,3000936
4001945,3005763
4001945,3005866
4001946,3001651
4001946,3001718
4001946,3003611
4001946,3003745
4001946,3005167
4001947,3000492
4001947,3001807
4001948,3000980
4001948,3001258
4001948,3003348
4001948,3004924
4001949,3000220
4001949,3000884
4001949,3003290
4001949,3003458
4001949,3003475
4001949,3004681
4001949,3004790
4001949,3004885
4001949,3005257
4001949,3005301
4001949,3005620
4001950,3001729
4001950,3001994
4001950,3002455
4001950,3002515
4001950,3002769
4001950,3003422
4001951,3001506
4001951,3003237
4001951,3003399
4001951,3003428
4001951,3005070
4001951,3005585
4001951,3005647
4001952,3000209
4001952,3000320
4001952,3002223
4001952,3002851
4001952,3004669
4001953,3001303
4001953,3004620
4001953,3004949
4001954,3000923
4001954,3002388
4001954,3002717
4001954,3002730
4001954,3003625
4001954,3005656
4001955,3000502
4001955,3000665
4001955,3000746
4001955,3001611
4001955,3002315
4001955,3003146
4001955,3003728
4001955,3003788
4001955,3003977
4001955,3004339
4001955,3004835
4001956,3003262
4001957,3000551
4001957,3000768
4001957,3000998
4001957,3001011
4001957,3001877
4001957,3002076
4001957,3004113
4001958,3000534
4001958,3001455
4001958,3002400
4001958,3002992
4001958,3003234
4001958,3003812
4001958,3004397
4001958,3005325
4001959,3001241
4001959,3002591
4001959,3004002
4001960,3000497
4001961,3001783
4001961,3002815
4001961,3003060
4001961,3004884
4001961,3005965
4001962,3001649
4001962,3002401
4001963,3002636
4001963,3002772
4001963,3003793
4001963,3005516
4001964,3000118
4001964,3000700
4001964,3000747
4001964,3001848
4001964,3001851
4001964,3002931
4001964,3004503
4001964,3004965
4001964,3005073
4001965,3001669
4001965,3005891
4001966,3000286
4001966,3002988
4001966,3003084
4001966,3003413
4001966,3004723
4001966,3005307
4001967,3000221
4001967,3001314
4001967,3002272
4001967,3004276
4001968,3000832
4001968,3001679
4001968,3002892
4001968,3003140
4001968,3003859
4001968,3004913
4001969,3000867
4001969,3001093
4001969,3001702
4001969,3001811
4001969,3002845
4001969,3004661
4001969,3004694
4001969,3005389
4001969,3005910
4001970,3000470
4001970,3000654
4001970,3000668
4001970,3000716
4001970,3000777
4001970,3000955
4001970,3003522
4001970,3003581
4001970,3004397
4001970,3004471
4001970,3005506
4001971,3000429
4001971,3000555
4001971,3002570
4001971,3004082
4001971,3004584
4001971,3004768
4001972,3000122
4001973,3000817
4001973,3001513
4001973,3002472
4001973,3004963
4001973,3005269
4001973,3005342
4001973,3005686
4001974,3000287
4001974,3001218
4001974,3005994
4001975,3000224
4001975,3000331
4001975,3000338
4001975,3002017
4001975,3004160
4001975,3004484
4001976,3002473
4001976,3002811
4001976,3004059
4001976,3004491
4001976,3005252
4001976,3005331
4001976,3005610
4001976,3005627
4001977,3000069
4001977,3001156
4001977,3001686
4001977,3002546
4001977,3003391
4001977,3003693
4001977,3004755
4001977,3004883
4001978,3000137
4001978,3000552
4001978,3001144
4001978,3002246
4001978,3003867
4001978,3005864
4001979,3000705
4001979,3001774
4001979,3002584
4001979,3003005
4001979,3003294
4001979,3004337
4001979,3005527
4001979,3005784
4001980,3000074
4001980,3000195
4001980,3001331
4001980,3002742
4001980,3002998
4001980,3003156
4001980,3003162
4001980,3003374
4001980,3004953
4001981,3001744
4001981,3002170
4001981,3002657
4001981,3003048
4001981,3003265
4001981,3004323
4001981,3005144
4001981,3005421
4001982,3000713
4001982,3001223
4001982,3002414
4001982,3002786
4001982,3003692
4001982,3004387
4001982,3005367
4001983,3000025
4001983,3003144
4001983,3004007
4001983,3005837
4001984,3000420
4001984,3000682
4001984,3004949
4001984,3005023
4001985,3000073
4001985,3000524
4001985,3001237
4001985,3003302
4001985,3003333
4001985,3003737
4001985,3004430
4001986,3000064
4001986,3001007
4001986,3004344
4001986,3005805
4001987,3000071
4001987,3001048
4001987,3001469
4001987,3002235
4001987,3002433
4001987,3003350
4001987,3003534
4001987,3004117
4001987,3005787
4001988,3000059
4001988,3003329
4001988,3003783
4001988,3005603
4001989,3000471
4001989,3001730
4001989,3002191
4001989,3004650
4001989,3005699
4001990,3000691
4001990,3003131
4001990,3003312
4001990,3004405
4001991,3001584
4001991,3002178
4001991,3003138
4001991,3004023
4001991,3004096
4001991,3005943
4001992,3001648
4001992,3002454
4001992,3002772
4001992,3003558
4001992,3004585
4001992,3004627
4001993,3001261
4001993,3001884
4001993,3002498
4001993,3003709
4001993,3003849
4001993,3005059
4001994,3000118
4001994,3000253
4001994,3000368
4001994,3001318
4001994,3002124
4001994,3004597
4001994,3004996
4001994,3005346
4001995,3000824
4001995,3001885
4001995,3003156
4001995,3003162
4001995,3004895
4001995,3005403
4001996,3000083
4001996,3001258
4001996,3001804
4001996,3002653
4001996,3004522
4001996,3005821
4001997,3000131
4001997,3002276
4001997,3002998
4001997,3004393
4001998,3001068
4001998,3001166
4001998,3002962
4001998,3003222
4001998,3003409
4001998,3004723
4001999,3000134
4001999,3001352
4001999,3001610
4001999,3001894
4001999,3003058
4001999,3004121
4001999,3004716
4002000,3001630
4002000,3001766
4002000,3002047
4002000,3002136
4002000,3002675
4002000,3003158
4002000,3003601
4002000,3004433
4002000,3004686
4002000,3004816
4002001,3000203
4002001,3000278
4002001,3003098
4002001,3003957
4002001,3004114
4002002,3000172
4002002,3000438
4002002,3005116
4002003,3002843
4002003,3004734
4002003,3005575
4002004,3002550
4002004,3002772
4002004,3002925
4002005,3000783
4002005,3000949
4002005,3002296
4002005,3002713
4002005,3002894
4002005,3003965
4002005,3004903
4002006,3000173
4002006,3002343
4002006,3003688
4002006,3005213
4002006,3005571
4002007,3000587
4002007,3001941
4002007,3003989
4002007,3004961
4002007,3005521
4002007,3005534
4002008,3000243
4002008,3000483
4002008,3002460
4002008,3002603
4002008,3003510
4002008,3003522
4002008,3003954
4002008,3004330
4002008,3004512
4002008,3004631
4002008,3005510
4002008,3005512
4002009,3001118
4002009,3001148
4002009,3001767
4002010,3000994
4002010,3001153
4002010,3001266
4002011,3000523
4002011,3001665
4002011,3002704
4002011,3003041
4002011,3004111
4002011,3005615
4002012,3002566
4002012,3005876
4002013,3000706
4002013,3000903
4002013,3001601
4002013,3001763
4002013,3003368
4002013,3004047
4002013,3004189
4002014,3000293
4002014,3002406
4002014,3004562
4002014,3005889
4002015,3002248
4002015,3003824
4002015,3004029
4002016,3001288
4002016,3002679
4002016,3004626
4002016,3005707
4002017,3000100
4002017,3000568
4002017,3000949
4002017,3001521
4002017,3001862
4002017,3003783
4002017,3005165
4002017,3005261
4002017,3005558
4002018,3002228
4002018,3002351
4002018,3003420
4002018,3003671
4002019,3000870
4002019,3003222
4002019,3005307
4002019,3005352
4002020,3000276
4002020,3001770
4002020,3002263
4002020,3002662
4002020,3003501
4002020,3003956
4002020,3004879
4002020,3005872
4002021,3000791
4002021,3004277
4002021,3004326
4002022,3000301
4002022,3000719
4002022,3002061
4002022,3003593
4002022,3003665
4002023,3002848
4002023,3004323
4002023,3005421
4002024,3001904
4002024,3001911
4002024,3004440
4002024,3005811
4002025,3000077
4002025,3002918
4002025,3003385
4002025,3003615
4002025,3004126
4002025,3005587
4002025,3005712
4002025,3005987
4002026,3000842
4002026,3001560
4002026,3001807
4002026,3002585
4002026,3004305
4002026,3005976
4002027,3002058
4002027,3002170
4002027,3002657
4002027,3004186
4002027,3004323
4002028,3000139
4002028,3001779
4002028,3002094
4002028,3002400
4002028,3002563
4002028,3002828
4002028,3003353
4002028,3004299
4002028,3005021
4002029,3000835
4002029,3001264
4002029,3002208
4002030,3001817
4002030,3002795
4002030,3003249
4002030,3004000
4002030,3005198
4002030,3005463
4002030,3005734
4002031,3000289
4002031,3001355
4002031,3001548
4002031,3002395
4002031,3002689
4002031,3003070
4002031,3003645
4002032,3000179
4002032,3003491
4002032,3003815
4002032,3004674
4002032,3004998
4002032,3005094
4002032,3005631
4002033,3000731
4002033,3000984
4002033,3001491
4002033,3001510
4002033,3002842
4002033,3003365
4002033,3004242
4002033,3005441
4002033,3005636
4002034,3000017
4002034,3000499
4002035,3000024
4002035,3000165
4002035,3001347
4002035,3002249
4002035,3002616
4002035,3002820
4002035,3005032
4002035,3005326
4002036,3002907
4002036,3003732
4002036,3004179
4002036,3005770
4002037,3002548
4002037,3002975
4002037,3003509
4002037,3003943
4002037,3004095
4002038,3002061
4002038,3004075
4002038,3004591
4002039,3000688
4002039,3000949
4002039,3001129
4002039,3001739
4002039,3001849
4002039,3002296
4002039,3002905
4002040,3000349
4002040,3002483
4002040,3002795
4002040,3003433
4002040,3004012
4002040,3005153
4002040,3005617
4002041,3001276
4002041,3003018
4002041,3003429
4002041,3003941
4002041,3004263
4002042,3001548
4002042,3002057
4002042,3002395
4002042,3004378
4002042,3005344
4002043,3002170
4002043,3002995
4002043,3003571
4002043,3004186
4002043,3005144
4002044,3003344
4002044,3004040
4002044,3005241
4002044,3005913
4002045,3000013
4002045,3000989
4002045,3003042
4002045,3004295
4002045,3004528
4002045,3005043
4002046,3000338
4002046,3001070
4002046,3001402
4002046,3002388
4002046,3003836
4002046,3003934
4002047,3001099
4002047,3001219
4002047,3001478
4002047,3001758
4002047,3002179
4002047,3003914
4002048,3000067
4002048,3000469
4002048,3000662
4002048,3001344
4002048,3002551
4002048,3002699
4002048,3004077
4002049,3000377
4002049,3000397
4002049,3001151
4002049,3002355
4002049,3003403
4002049,3005285
4002050,3000257
4002050,3001757
4002050,3001825
4002050,3002085
4002050,3002159
4002050,3003373
4002050,3003871
4002050,3003942
4002050,3004166
4002050,3004419
4002050,3005030
4002050,3005064
4002050,3005193
4002051,3002320
4002051,3003305
4002051,3005238
4002051,3005830
4002052,3000222
4002052,3001189
4002052,3002921
4002052,3003491
4002052,3003622
4002052,3004830
4002053,3000889
4002053,3001110
4002053,3002679
4002053,3004070
4002053,3005691
4002054,3000127
4002054,3001558
4002054,3001864
4002054,3003698
4002054,3005705
4002055,3000842
4002055,3003123
4002055,3004026
4002055,3004863
4002055,3005089
4002055,3005969
4002056,3000756
4002056,3002721
4002056,3004583
4002056,3005318
4002056,3005543
4002056,3005715
4002057,3000088
4002057,3000320
4002057,3000522
4002057,3001561
4002057,3004766
4002057,3004919
4002057,3005577
4002058,3000096
4002058,3000163
4002058,3000273
4002058,3000971
4002058,3002968
4002058,3003689
4002058,3004412
4002058,3005047
4002059,3001468
4002059,3002569
4002059,3003676
4002059,3004824
4002059,3005129
4002059,3005908
4002060,3002215
4002061,3000047
4002061,3000277
4002061,3001278
4002061,3001388
4002061,3004024
4002061,3005044
4002062,3000625
4002062,3002491
4002062,3002612
4002062,3002912
4002062,3003454
4002063,3000880
4002063,3002734
4002063,3004507
4002064,3000936
4002064,3001401
4002064,3003479
4002065,3000376
4002065,3001875
4002065,3003128
4002065,3003225
4002065,3004579
4002065,3005392
4002065,3005620
4002065,3005755
4002066,3003062
4002066,3003327
4002066,3003969
4002066,3004074
4002067,3000613
4002067,3001696
4002067,3003515
4002067,3004710
4002067,3004990
4002067,3005147
4002068,3004937
4002068,3005964
4002069,3001717
4002069,3003960
4002070,3000345
4002070,3000505
4002070,3004468
4002070,3004940
4002070,3005188
4002071,3001867
4002071,3003163
4002071,3005101
4002071,3005267
4002071,3005361
4002072,3001400
4002072,3003548
4002073,3001160
4002073,3001244
4002073,3002719
4002073,3003120
4002073,3003785
4002073,3004214
4002073,3004452
4002073,3004565
4002074,3000978
4002074,3002050
4002074,3002147
4002074,3002516
4002074,3005374
4002075,3000306
4002075,3002140
4002075,3004256
4002075,3004845
4002076,3003901
4002076,3005111
4002077,3000093
4002077,3000171
4002077,3000471
4002077,3001730
4002077,3003104
4002077,3004002
4002077,3004457
4002077,3005635
4002078,3001392
4002078,3001859
4002078,3004787
4002079,3001073
4002079,3002626
4002079,3005567
4002079,3005790
4002080,3000689
4002080,3002015
4002080,3003124
4002080,3003624
4002080,3003932
4002080,3005416
4002080,3005743
4002081,3000433
4002081,3000492
4002081,3000645
4002081,3001666
4002081,3003014
4002081,3003981
4002082,3000235
4002082,3000419
4002082,3000472
4002082,3000486
4002082,3004139
4002082,3004228
4002082,3004274
4002082,3004685
4002083,3001182
4002083,3003003
4002083,3003927
4002083,3004164
4002083,3004787
4002083,3005682
4002084,3000589
4002084,3000755
4002084,3001574
4002084,3002432
4002084,3003134
4002084,3003716
4002084,3005806
4002085,3000140
4002086,3002688
4002086,3002691
4002086,3002705
4002086,3003350
4002086,3003782
4002086,3004533
4002086,3005066
4002086,3005207
4002087,3001009
4002087,3001457
4002087,3003208
4002087,3003774
4002087,3004676
4002087,3004918
4002088,3000097
4002088,3003105
4002088,3003139
4002088,3003645
4002088,3003763
4002089,3000094
4002089,3000927
4002089,3002049
4002089,3004878
4002090,3001568
4002090,3002164
4002090,3002196
4002090,3002310
4002090,3004091
4002090,3005666
4002091,3001928
4002091,3004062
4002091,3004214
4002091,3004401
4002091,3005912
4002092,3002200
4002092,3002459
4002092,3003112
4002092,3003155
4002092,3003317
4002092,3004399
4002092,3005218
4002092,3005486
4002093,3000393
4002093,3002042
4002093,3002558
4002093,3004746
4002094,3000310
4002094,3000580
4002094,3000871
4002094,3001003
4002094,3001761
4002094,3001981
4002094,3002545
4002094,3003821
4002095,3000023
4002095,3001110
4002095,3001330
4002095,3002535
4002095,3003649
4002095,3003789
4002095,3004626
4002095,3005341
4002096,3000414
4002096,3002751
4002096,3004595
4002096,3005457
4002096,3005900
4002097,3000450
4002097,3002819
4002097,3003043
4002097,3003300
4002097,3003816
4002097,3003953
4002098,3000916
4002098,3001466
4002098,3001562
4002098,3002186
4002098,3002462
4002098,3002796
4002098,3003280
4002098,3003464
4002098,3003557
4002098,3003656
4002098,3004019
4002098,3004456
4002098,3005230
4002098,3005290
4002098,3005936
4002099,3000197
4002099,3000969
4002099,3001618
4002099,3001786
4002099,3002538
4002099,3003453
4002099,3003475
4002099,3003551
4002099,3004243
4002099,3005048
4002099,3005058
4002099,3005088
4002099,3005484
4002100,3000327
4002100,3000608
4002100,3000810
4002100,3002778
4002100,3004577
4002100,3004639
4002100,3005029
4002100,3005169
4002100,3005878
4002101,3001487
4002101,3001760
4002101,3004920
4002102,3000597
4002102,3000825
4002102,3003632
4002102,3004626
4002102,3005707
4002103,3003784
4002103,3004117
4002103,3005877
4002104,3001006
4002104,3001491
4002104,3002163
4002104,3002469
4002104,3002527
4002104,3002842
4002104,3003758
4002104,3004472
4002105,3000507
4002105,3000886
4002105,3001105
4002105,3001836
4002105,3003082
4002105,3003529
4002105,3003755
4002106,3000202
4002106,3000890
4002106,3000988
4002106,3003067
4002106,3005087
4002107,3002737
4002107,3003174
4002107,3005115
4002108,3000718
4002108,3001046
4002108,3001229
4002108,3003743
4002108,3004766
4002109,3002471
4002109,3004042
4002109,3004207
4002109,3005674
4002110,3001162
4002110,3004737
4002110,3005302
4002110,3005336
4002111,3000176
4002111,3000309
4002111,3000830
4002111,3001064
4002111,3001809
4002111,3002987
4002111,3004203
4002111,3004821
4002112,3000194
4002112,3000614
4002112,3000709
4002112,3001998
4002112,3003063
4002112,3004742
4002113,3000425
4002113,3000604
4002113,3000979
4002113,3001296
4002113,3001717
4002113,3001993
4002113,3002671
4002113,3003865
4002113,3005804
4002113,3005850
4002114,3000327
4002114,3001407
4002114,3001856
4002114,3004371
4002114,3004428
4002114,3004557
4002114,3005496
4002114,3005552
4002114,3005980
4002115,3000164
4002115,3000426
4002115,3002967
4002115,3003068
4002115,3003648
4002115,3004026
4002115,3005624
4002116,3000082
4002116,3000901
4002116,3002037
4002116,3002696
4002116,3003702
4002117,3000430
4002117,3001063
4002117,3004502
4002117,3004732
4002117,3005906
4002118,3000116
4002118,3000119
4002118,3000214
4002118,3000833
4002118,3001569
4002118,3002042
4002118,3002795
4002119,3002148
4002119,3002607
4002119,3004210
4002119,3005851
4002120,3002544
4002120,3002859
4002120,3003137
4002120,3004189
4002120,3005616
4002121,3000023
4002121,3001288
4002121,3002151
4002121,3003198
4002121,3004956
4002121,3005901
4002122,3000328
4002122,3000987
4002122,3001139
4002122,3002167
4002122,3002728
4002122,3002938
4002122,3003600
4002122,3004370
4002122,3004423
4002122,3005086
4002122,3005803
4002123,3000061
4002123,3001832
4002123,3002398
4002123,3003123
4002123,3004466
4002123,3005601
4002123,3005624
4002124,3001594
4002124,3002260
4002124,3002497
4002124,3002761
4002125,3001019
4002125,3001500
4002125,3001743
4002125,3002672
4002125,3003844
4002126,3000089
4002126,3001827
4002127,3000171
4002127,3002843
4002127,3004326
4002127,3005767
4002128,3000835
4002128,3001023
4002128,3003241
4002128,3004856
4002128,3005669
4002129,3000595
4002129,3002278
4002129,3002491
4002129,3003232
4002129,3003308
4002129,3004145
4002129,3004892
4002130,3000046
4002130,3000783
4002131,3002054
4002131,3002110
4002131,3005870
4002131,3005880
4002132,3000613
4002132,3002211
4002132,3002541
4002132,3003100
4002132,3004157
4002132,3004324
4002132,3005187
4002133,3000520
4002133,3003073
4002133,3003657
4002133,3003720
4002133,3005023
4002134,3000376
4002134,3000451
4002134,3000724
4002134,3001567
4002134,3001618
4002134,3004086
4002134,3004636
4002134,3005163
4002134,3005195
4002134,3005358
4002134,3005695
4002135,3001386
4002135,3003733
4002135,3003781
4002135,3005117
4002135,3005182
4002136,3000247
4002136,3000277
4002136,3000957
4002136,3001067
4002136,3001327
4002136,3002218
4002136,3003885
4002136,3004319
4002136,3004839
4002137,3000994
4002137,3003461
4002137,3003891
4002137,3005629
4002137,3005952
4002138,3000105
4002138,3001525
4002138,3003606
4002138,3003816
4002139,3001383
4002139,3002283
4002139,3002301
4002140,3002673
4002140,3002827
4002140,3003767
4002140,3004090
4002140,3004572
4002140,3005380
4002141,3000907
4002141,3001076
4002141,3001345
4002141,3002595
4002141,3003801
4002141,3004649
4002141,3004836
4002142,3001607
4002142,3002143
4002142,3004445
4002142,3004590
4002142,3005006
4002142,3005043
4002143,3000856
4002143,3001053
4002143,3001562
4002143,3002063
4002143,3002257
4002143,3003380
4002143,3003908
4002144,3001744
4002144,3002058
4002144,3002372
4002144,3002853
4002144,3004008
4002144,3004186
4002145,3001942
4002145,3002275
4002145,3003823
4002146,3000567
4002146,3001234
4002146,3001559
4002146,3001723
4002146,3002354
4002146,3005653
4002147,3001403
4002147,3001648
4002147,3003357
4002147,3005377
4002147,3005516
4002148,3000410
4002148,3001552
4002148,3004381
4002148,3004562
4002149,3000453
4002149,3000656
4002149,3000854
4002149,3001162
4002149,3002955
4002149,3003691
4002149,3003843
4002149,3003941
4002150,3000961
4002150,3001647
4002150,3003666
4002150,3006000
4002151,3000601
4002151,3000644
4002151,3002101
4002151,3003766
4002152,3000694
4002152,3000918
4002152,3001377
4002152,3002825
4002152,3002959
4002152,3003185
4002152,3003503
4002152,3004161
4002152,3004718
4002152,3005782
4002153,3000090
4002153,3000193
4002153,3001062
4002153,3001174
4002153,3002334
4002153,3004604
4002154,3000882
4002154,3004365
4002154,3004495
4002154,3005905
4002155,3002689
4002155,3004080
4002155,3004519
4002156,3000621
4002156,3002116
4002156,3003626
4002156,3004199
4002157,3001807
4002157,3002016
4002157,3002788
4002157,3004305
4002158,3001029
4002158,3001050
4002158,3002015
4002158,3002565
4002158,3002789
4002158,3003417
4002158,3003704
4002158,3003839
4002158,3004145
4002158,3005359
4002158,3005726
4002159,3001858
4002159,3001936
4002159,3002060
4002159,3002505
4002159,3002521
4002159,3002699
4002159,3004212
4002159,3004288
4002159,3004586
4002159,3005503
4002159,3005640
4002160,3000590
4002160,3000759
4002160,3001676
4002160,3001794
4002160,3002863
4002160,3005015
4002160,3005943
4002161,3001144
4002161,3001147
4002161,3001590
4002161,3002115
4002161,3004890
4002161,3004951
4002161,3005310
4002161,3005864
4002162,3000001
4002162,3000999
4002162,3002127
4002162,3004056
4002162,3005359
4002162,3005526
4002162,3005604
4002162,3005798
4002163,3000289
4002163,3003139
4002164,3002377
4002164,3003020
4002164,3003370
4002164,3003416
4002164,3005068
4002164,3005836
4002165,3000426
4002165,3001265
4002165,3001675
4002165,3003562
4002165,3004304
4002165,3005819
4002166,3000179
4002166,3000203
4002166,3001588
4002166,3001648
4002166,3002702
4002166,3002840
4002166,3004674
4002166,3005708
4002167,3000875
4002167,3001275
4002167,3001964
4002167,3002339
4002167,3004062
4002167,3004452
4002167,3004565
4002167,3005447
4002168,3000180
4002168,3000833
4002168,3001580
4002168,3002307
4002168,3002459
4002168,3002558
4002168,3003423
4002169,3001299
4002169,3001400
4002169,3001876
4002170,3000373
4002170,3000920
4002170,3002057
4002170,3002395
4002170,3003883
4002170,3004378
4002170,3005344
4002170,3005763
4002170,3005949
4002171,3000359
4002171,3001321
4002171,3001857
4002171,3002096
4002171,3002144
4002171,3003909
4002172,3000509
4002172,3000728
4002172,3002052
4002172,3002759
4002172,3003149
4002172,3003744
4002173,3000040
4002173,3000599
4002173,3004038
4002173,3005379
4002173,3005478
4002174,3000159
4002174,3002171
4002174,3002870
4002174,3005119
4002174,3005498
4002174,3005926
4002175,3000383
4002175,3000533
4002175,3000657
4002175,3001679
4002175,3002095
4002175,3002202
4002175,3004804
4002175,3005012
4002175,3005437
4002175,3005594
4002175,3005839
4002176,3001485
4002176,3001490
4002176,3001671
4002176,3001987
4002176,3002264
4002176,3002822
4002176,3002938
4002176,3003233
4002176,3005803
4002177,3000060
4002177,3000222
4002177,3001192
4002177,3001713
4002177,3001934
4002177,3003622
4002177,3004052
4002177,3005188
4002178,3001926
4002178,3003005
4002178,3003346
4002179,3000242
4002179,3002729
4002179,3003010
4002179,3003276
4002180,3001063
4002180,3003827
4002180,3004016
4002180,3004169
4002180,3004610
4002181,3000491
4002181,3003045
4002181,3003386
4002181,3003750
4002181,3005431
4002181,3005652
4002182,3000827
4002182,3002099
4002182,3003105
4002182,3003266
4002182,3003658
4002183,3000574
4002183,3000778
4002183,3000967
4002183,3001868
4002184,3000690
4002184,3001329
4002184,3001416
4002184,3002881
4002184,3003672
4002184,3003765
4002185,3000467
4002185,3002177
4002185,3002995
4002185,3003722
4002185,3005793
4002186,3000399
4002186,3001525
4002186,3002787
4002186,3004647
4002186,3005070
4002187,3000079
4002187,3000272
4002187,3002037
4002187,3002446
4002187,3002909
4002187,3003415
4002188,3002071
4002188,3004963
4002189,3001078
4002189,3003777
4002189,3005074
4002189,3005838
4002190,3002316
4002190,3003542
4002190,3003827
4002190,3004410
4002191,3003096
4002191,3003102
4002191,3004050
4002191,3005765
4002192,3000794
4002192,3001688
4002192,3001868
4002192,3003828
4002192,3004054
4002192,3005236
4002193,3000685
4002193,3002244
4002193,3003028
4002193,3004710
4002194,3000164
4002194,3001043
4002194,3002896
4002194,3002917
4002194,3003014
4002194,3003727
4002195,3001936
4002195,3003060
4002195,3004077
4002195,3004550
4002195,3005585
4002196,3001897
4002196,3003660
4002196,3004035
4002196,3005107
4002197,3001779
4002197,3002214
4002197,3002297
4002197,3002528
4002197,3003107
4002197,3005510
4002198,3001098
4002198,3004427
4002199,3001364
4002199,3003545
4002199,3003776
4002199,3004246
4002199,3004449
4002199,3005402
4002200,3002692
4002200,3003969
4002200,3004103
4002200,3004112
4002200,3005638
4002201,3001453
4002201,3001551
4002201,3003564
4002201,3005441
4002201,3005658
4002202,3002291
4002202,3002761
4002202,3003772
4002202,3005394
4002203,3001588
4002203,3005366
4002204,3000199
4002204,3001932
4002204,3004909
4002204,3005564
4002204,3005646
4002205,3000321
4002205,3001778
4002205,3002137
4002206,3000537
4002206,3003897
4002206,3004344
4002206,3004441
4002206,3005092
4002207,3001366
4002207,3001706
4002207,3003660
4002207,3005809
4002208,3001293
4002208,3001945
4002208,3003824
4002208,3004900
4002208,3005481
4002208,3005809
4002209,3000618
4002209,3001388
4002209,3001846
4002209,3002098
4002209,3003157
4002209,3003158
4002209,3003570
4002209,3004430
4002209,3004474
4002209,3005844
4002210,3000557
4002210,3003299
4002210,3003658
4002210,3004703
4002211,3001999
4002211,3002331
4002211,3003337
4002211,3004450
4002211,3004778
4002211,3005757
4002212,3000131
4002212,3001037
4002212,3001342
4002212,3003154
4002213,3004186
4002213,3005605
4002214,3002069
4002214,3002246
4002214,3002751
4002214,3003115
4002214,3003261
4002214,3003585
4002214,3005096
4002214,3005245
4002214,3005457
4002214,3005984
4002214,3005998
4002215,3000776
4002215,3003156
4002215,3005914
4002216,3002172
4002216,3004662
4002216,3005060
4002216,3005990
4002217,3002431
4002217,3002982
4002217,3003312
4002217,3003955
4002217,3005096
4002218,3001822
4002218,3001946
4002218,3002585
4002218,3002872
4002218,3004446
4002218,3004842
4002218,3005233
4002219,3001720
4002219,3002978
4002219,3003844
4002220,3000233
4002220,3001596
4002220,3002363
4002220,3002451
4002220,3002987
4002220,3003250
4002220,3004258
4002220,3005596
4002221,3000088
4002221,3000217
4002221,3001748
4002221,3002180
4002221,3004287
4002221,3004743
4002221,3004919
4002221,3005393
4002221,3005531
4002221,3005701
4002222,3001423
4002222,3001945
4002222,3005423
4002223,3000682
4002223,3001909
4002223,3002359
4002223,3002539
4002223,3002826
4002223,3003679
4002223,3003720
4002224,3000798
4002224,3001023
4002224,3002058
4002224,3002969
4002224,3003048
4002224,3003203
4002224,3003228
4002225,3000101
4002225,3002557
4002225,3002573
4002225,3002721
4002225,3004053
4002226,3000957
4002226,3001278
4002226,3001630
4002226,3002700
4002226,3003064
4002226,3003443
4002226,3004156
4002226,3004394
4002226,3005157
4002226,3005436
4002227,3001381
4002227,3002251
4002227,3002863
4002227,3004067
4002227,3005015
4002228,3000296
4002228,3000315
4002228,3001842
4002228,3004193
4002228,3004496
4002228,3005823
4002229,3000755
4002229,3000839
4002229,3002133
4002229,3002785
4002230,3001647
4002230,3001896
4002230,3002181
4002230,3002369
4002230,3003059
4002230,3003510
4002230,3003893
4002230,3004350
4002230,3005180
4002230,3005506
4002231,3000192
4002231,3000360
4002231,3000910
4002231,3001251
4002231,3001412
4002231,3001786
4002231,3002538
4002231,3003225
4002231,3005535
4002232,3002577
4002232,3003188
4002232,3004635
4002233,3002137
4002233,3002995
4002233,3003170
4002234,3001519
4002234,3002293
4002234,3005291
4002235,3000505
4002235,3001284
4002235,3005306
4002235,3005413
4002235,3005536
4002235,3005631
4002236,3000035
4002236,3000051
4002236,3001009
4002236,3001153
4002236,3001438
4002236,3001457
4002236,3002640
4002236,3003273
4002236,3003530
4002236,3004530
4002236,3004799
4002236,3005538
4002236,3005952
4002237,3001848
4002237,3002786
4002237,3003209
4002237,3004522
4002237,3004815
4002238,3000271
4002238,3003318
4002239,3003234
4002239,3003414
4002240,3000817
4002240,3001716
4002240,3002669
4002240,3002914
4002240,3005078
4002240,3005406
4002241,3002051
4002241,3005178
4002241,3005408
4002242,3000156
4002242,3002569
4002242,3005652
4002243,3000594
4002243,3002950
4002243,3004747
4002243,3005345
4002244,3001462
4002244,3001938
4002244,3001945
4002244,3003293
4002244,3004477
4002244,3005481
4002245,3002115
4002245,3002246
4002245,3003917
4002245,3004899
4002245,3005984
4002246,3002075
4002246,3002489
4002246,3002667
4002246,3003040
4002246,3003706
4002247,3001819
4002247,3002021
4002247,3002077
4002247,3002526
4002247,3004362
4002247,3005117
4002248,3000312
4002248,3000674
4002248,3000909
4002248,3001014
4002248,3001562
4002248,3001611
4002248,3002771
4002248,3003556
4002248,3005818
4002249,3000571
4002249,3000813
4002249,3001178
4002249,3001839
4002249,3002434
4002249,3003877
4002249,3004539
4002249,3004762
4002249,3005724
4002250,3002343
4002250,3002956
4002250,3003062
4002250,3004936
4002250,3005424
4002250,3005425
4002251,3002115
4002251,3002134
4002251,3002431
4002251,3003452
4002251,3003979
4002251,3005873
4002251,3005900
4002252,3001623
4002252,3003336
4002252,3003509
4002252,3004047
4002253,3003448
4002253,3004115
4002253,3004303
4002253,3004502
4002254,3000286
4002254,3000487
4002254,3001573
4002254,3001950
4002254,3003958
4002254,3004544
4002254,3004786
4002255,3000489
4002255,3000698
4002255,3001301
4002255,3001971
4002255,3002344
4002255,3002581
4002255,3002666
4002255,3003723
4002255,3004063
4002255,3004221
4002255,3005212
4002255,3005517
4002256,3000151
4002256,3002640
4002256,3002756
4002256,3002865
4002256,3005629
4002257,3001750
4002258,3002442
4002258,3003426
4002258,3004322
4002258,3004565
4002258,3005673
4002258,3005991
4002259,3000709
4002259,3002783
4002259,3003827
4002259,3005761
4002260,3000668
4002260,3001112
4002260,3002181
4002260,3004541
4002260,3005325
4002261,3000840
4002261,3001327
4002261,3002841
4002261,3002919
4002261,3003378
4002261,3003443
4002261,3004646
4002261,3004699
4002261,3004866
4002261,3005961
4002262,3000816
4002262,3001196
4002262,3002785
4002262,3005134
4002262,3005806
4002263,3000910
4002263,3002231
4002263,3002583
4002263,3003551
4002263,3004034
4002263,3004328
4002263,3005642
4002264,3000848
4002264,3002454
4002264,3002772
4002264,3004487
4002265,3000137
4002265,3004529
4002265,3005026
4002266,3002348
4002266,3003126
4002266,3003460
4002266,3004311
4002266,3004817
4002267,3000103
4002267,3000232
4002267,3000238
4002267,3001332
4002267,3002385
4002267,3002570
4002267,3004765
4002267,3004880
4002267,3005971
4002268,3000216
4002268,3000436
4002268,3001356
4002268,3001710
4002268,3003087
4002268,3003481
4002268,3004473
4002268,3004582
4002268,3005037
4002268,3005386
4002269,3000038
4002269,3000911
4002269,3001531
4002269,3001609
4002269,3001903
4002269,3002025
4002269,3003050
4002269,3003081
4002269,3003295
4002269,3004329
4002269,3004739
4002269,3004875
4002269,3004889
4002269,3005280
4002269,3005613
4002269,3005924
4002270,3000761
4002270,3000861
4002270,3003419
4002270,3005318
4002271,3001359
4002271,3002970
4002271,3004067
4002271,3005251
4002272,3001470
4002272,3005288
4002272,3005598
4002273,3000488
4002273,3002668
4002273,3003239
4002273,3003403
4002273,3004176
4002273,3004651
4002273,3005395
4002273,3005903
4002273,3005975
4002274,3000960
4002274,3001639
4002274,3004518
4002274,3004950
4002275,3001293
4002275,3001879
4002275,3001945
4002275,3002037
4002275,3003930
4002275,3005423
4002276,3002200
4002276,3002483
4002276,3002980
4002276,3003135
4002276,3003272
4002276,3003395
4002276,3004027
4002276,3005628
4002276,3005817
4002276,3005832
4002277,3000138
4002277,3001039
4002277,3001486
4002277,3005402
4002277,3005684
4002278,3000572
4002278,3002035
4002278,3002644
4002278,3002717
4002278,3003625
4002278,3004158
4002278,3004160
4002279,3000140
4002279,3001453
4002279,3002109
4002279,3002659
4002279,3002855
4002279,3004143
4002279,3004283
4002279,3005300
4002279,3005636
4002280,3001794
4002280,3001900
4002280,3003517
4002280,3003591
4002280,3003683
4002280,3005723
4002281,3000155
4002281,3000190
4002281,3000536
4002281,3001086
4002281,3001246
4002281,3001420
4002281,3001682
4002281,3002091
4002281,3002166
4002281,3002195
4002281,3002396
4002281,3003000
4002281,3003196
4002281,3003377
4002281,3003488
4002281,3005071
4002281,3005194
4002282,3004383
4002282,3004397
4002282,3004631
4002283,3000517
4002283,3001092
4002283,3003417
4002283,3003712
4002283,3004151
4002284,3001666
4002284,3002585
4002284,3004863
4002284,3005716
4002284,3005976
4002285,3000104
4002285,3000293
4002285,3001639
4002285,3001664
4002285,3002926
4002285,3003442
4002285,3004950
4002285,3005415
4002286,3001386
4002286,3002183
4002286,3002854
4002286,3004055
4002287,3001740
4002287,3002307
4002287,3002483
4002287,3002674
4002287,3004594
4002287,3005056
4002288,3000394
4002288,3004344
4002288,3004614
4002288,3004794
4002288,3004848
4002288,3005087
4002288,3005731
4002289,3001386
4002289,3001819
4002289,3002190
4002289,3002978
4002289,3003938
4002289,3004275
4002289,3004901
4002290,3001818
4002290,3001853
4002290,3002644
4002290,3002883
4002290,3003836
4002290,3004158
4002290,3004334
4002290,3004641
4002291,3001760
4002291,3002153
4002292,3000555
4002292,3001211
4002292,3004106
4002292,3004220
4002292,3005105
4002292,3005687
4002293,3000061
4002293,3003485
4002293,3004314
4002293,3005819
4002294,3000754
4002294,3002771
4002294,3003507
4002294,3003898
4002294,3005294
4002294,3005623
4002295,3000270
4002295,3000875
4002295,3001042
4002295,3003169
4002295,3005060
4002296,3002965
4002296,3003791
4002296,3004038
4002296,3004196
4002296,3005379
4002297,3000348
4002297,3001593
4002297,3004021
4002297,3005432
4002297,3005984
4002298,3000359
4002298,3000818
4002298,3001585
4002298,3002144
4002298,3002640
4002298,3002865
4002298,3003273
4002298,3004918
4002299,3000178
4002299,3001381
4002299,3001926
4002299,3002356
4002299,3003547
4002299,3003630
4002299,3005434
4002299,3005527
4002300,3001941
4002300,3002122
4002300,3002308
4002300,3002833
4002300,3003296
4002300,3003565
4002300,3004801
4002301,3002953
4002301,3003653
4002301,3005779
4002301,3005982
4002301,3005983
4002302,3001451
4002302,3003222
4002302,3003432
4002302,3004887
4002303,3000368
4002303,3001837
4002303,3002176
4002303,3004142
4002303,3004996
4002303,3005995
4002304,3000709
4002304,3001935
4002304,3002452
4002304,3002943
4002304,3005002
4002305,3000462
4002305,3003361
4002305,3005009
4002305,3005533
4002306,3000885
4002306,3002011
4002306,3003070
4002306,3003645
4002306,3005109
4002306,3005344
4002306,3005763
4002307,3001878
4002307,3003699
4002307,3004749
4002308,3001799
4002308,3002151
4002308,3002664
4002308,3005111
4002308,3005341
4002308,3005391
4002309,3000319
4002309,3000514
4002309,3001231
4002309,3001478
4002309,3002179
4002309,3002532
4002309,3004587
4002310,3001244
4002310,3003169
4002310,3004565
4002311,3000227
4002311,3002233
4002311,3002808
4002311,3003326
4002311,3004393
4002311,3004902
4002312,3002521
4002312,3002930
4002312,3005833
4002313,3000794
4002313,3001488
4002313,3002416
4002313,3003615
4002313,3003877
4002314,3000039
4002314,3000544
4002314,3000632
4002314,3001660
4002314,3001772
4002314,3002610
4002314,3002706
4002314,3004639
4002314,3004642
4002314,3004847
4002315,3000459
4002315,3001171
4002315,3001974
4002315,3002346
4002315,3002519
4002315,3002935
4002315,3004263
4002316,3000264
4002316,3000457
4002316,3001074
4002316,3001124
4002316,3002128
4002316,3004180
4002316,3004941
4002316,3005896
4002317,3000301
4002317,3003358
4002317,3004075
4002317,3004438
4002317,3004510
4002317,3004591
4002317,3005278
4002318,3000456
4002318,3002549
4002318,3002659
4002318,3004846
4002318,3005722
4002319,3000525
4002319,3002690
4002319,3003439
4002319,3003563
4002319,3005100
4002319,3005175
4002319,3005442
4002320,3000055
4002320,3000357
4002320,3001170
4002320,3001333
4002320,3003151
4002321,3001887
4002321,3001998
4002321,3002525
4002321,3004610
4002321,3005634
4002321,3005845
4002321,3005862
4002322,3000704
4002322,3001369
4002322,3002152
4002322,3002946
4002322,3004949
4002322,3005184
4002323,3000916
4002323,3003066
4002323,3004339
4002324,3000092
4002324,3000099
4002324,3000821
4002324,3000917
4002324,3003528
4002324,3004308
4002324,3004389
4002324,3005331
4002325,3000145
4002325,3000244
4002325,3000341
4002325,3001333
4002325,3001824
4002325,3002229
4002325,3002386
4002325,3002510
4002325,3004284
4002326,3000002
4002326,3001636
4002326,3004389
4002326,3004491
4002326,3004778
4002326,3005688
4002326,3005794
4002326,3005835
4002327,3000734
4002327,3001090
4002327,3003186
4002327,3004326
4002327,3005668
4002327,3005799
4002328,3005337
4002329,3004434
4002329,3005241
4002330,3000399
4002330,3002060
4002330,3002142
4002330,3005116
4002330,3005923
4002331,3000766
4002331,3000774
4002331,3001703
4002331,3002371
4002331,3003429
4002331,3004207
4002331,3004263
4002331,3005876
4002332,3000428
4002332,3002147
4002332,3004952
4002333,3000017
4002333,3002595
4002333,3005418
4002333,3005902
4002334,3005575
4002334,3005635
4002334,3005767
4002335,3000170
4002335,3000279
4002335,3000999
4002335,3001598
4002335,3002023
4002335,3002963
4002335,3005305
4002335,3005387
4002336,3000797
4002336,3001338
4002336,3005913
4002337,3000067
4002337,3000172
4002337,3002504
4002337,3003075
4002337,3004048
4002337,3004506
4002337,3005951
4002338,3000414
4002338,3000782
4002338,3001632
4002338,3003796
4002339,3001293
4002339,3001879
4002339,3003824
4002339,3004652
4002340,3000010
4002340,3000041
4002340,3000583
4002340,3001390
4002340,3002290
4002340,3002738
4002340,3004844
4002340,3005017
4002340,3005618
4002341,3000095
4002341,3001657
4002341,3002730
4002341,3004366
4002341,3004403
4002341,3005727
4002342,3002591
4002342,3003038
4002343,3000410
4002343,3000507
4002343,3000931
4002343,3001539
4002343,3002392
4002343,3002568
4002343,3003211
4002343,3004003
4002343,3004039
4002343,3005415
4002343,3005802
4002344,3000861
4002344,3001492
4002344,3002704
4002344,3004583
4002344,3004597
4002344,3004965
4002344,3005621
4002345,3002404
4002345,3002514
4002345,3003419
4002345,3003527
4002345,3004522
4002345,3004891
4002345,3005367
4002345,3005460
4002346,3000276
4002346,3001160
4002346,3001385
4002346,3004452
4002346,3004795
4002347,3000635
4002347,3000925
4002347,3001600
4002347,3004571
4002347,3004798
4002348,3000732
4002348,3001692
4002348,3003042
4002348,3003386
4002348,3004107
4002348,3004759
4002348,3005043
4002349,3000576
4002349,3001820
4002349,3003003
4002349,3004164
4002350,3002309
4002350,3003152
4002350,3003638
4002350,3003701
4002350,3004348
4002350,3004625
4002350,3005528
4002351,3001916
4002351,3002480
4002351,3002533
4002351,3003245
4002351,3004478
4002351,3004656
4002352,3004566
4002352,3004901
4002352,3005182
4002352,3005849
4002353,3000441
4002353,3000631
4002353,3002759
4002353,3004937
4002353,3005645
4002353,3005964
4002354,3000221
4002354,3000242
4002354,3000728
4002354,3003674
4002354,3005148
4002354,3005955
4002355,3000344
4002355,3005777
4002356,3000111
4002356,3002680
4002356,3002756
4002356,3003324
4002356,3004290
4002357,3000955
4002357,3003893
4002357,3004057
4002357,3004380
4002358,3000513
4002358,3001899
4002358,3002478
4002358,3003217
4002358,3003775
4002358,3005495
4002359,3001144
4002359,3003312
4002359,3003764
4002359,3004899
4002360,3001512
4002360,3001619
4002360,3003407
4002360,3005241
4002360,3005381
4002361,3000498
4002361,3002044
4002361,3003609
4002361,3003873
4002361,3003940
4002361,3003998
4002361,3004023
4002361,3004174
4002361,3005313
4002362,3001182
4002362,3001740
4002362,3001859
4002362,3002383
4002362,3004853
4002362,3005435
4002363,3003205
4002363,3005521
4002363,3005641
4002363,3005807
4002364,3000764
4002364,3001313
4002364,3004620
4002364,3004949
4002365,3002994
4002365,3003850
4002366,3002819
4002366,3003813
4002366,3004253
4002366,3005120
4002367,3000308
4002367,3005111
4002368,3001303
4002368,3001553
4002368,3001624
4002368,3002152
4002368,3003118
4002368,3003274
4002368,3003404
4002368,3005050
4002369,3001641
4002369,3001706
4002369,3003565
4002369,3004817
4002369,3005423
4002369,3005717
4002370,3002006
4002370,3002416
4002370,3003079
4002370,3004354
4002370,3005145
4002370,3005847
4002370,3005962
4002371,3000777
4002371,3002866
4002371,3004215
4002371,3005885
4002372,3002983
4002372,3003803
4002372,3004896
4002372,3004971
4002372,3005674
4002372,3005938
4002373,3000068
4002373,3000202
4002373,3000807
4002373,3001431
4002373,3003756
4002373,3003856
4002373,3004154
4002373,3005731
4002374,3000249
4002374,3002005
4002374,3004614
4002375,3000342
4002375,3000952
4002375,3001028
4002375,3002283
4002375,3003572
4002375,3005780
4002376,3004322
4002376,3004659
4002376,3005046
4002377,3001537
4002378,3002200
4002378,3004849
4002378,3005069
4002378,3005734
4002379,3001262
4002379,3002467
4002379,3002654
4002379,3003055
4002379,3003906
4002379,3004211
4002379,3004346
4002379,3004621
4002379,3005048
4002379,3005301
4002379,3005695
4002380,3000367
4002380,3000440
4002380,3001567
4002380,3001875
4002380,3001967
4002380,3003338
4002380,3003539
4002380,3004032
4002380,3004172
4002380,3005569
4002381,3000067
4002381,3000399
4002381,3002505
4002381,3005016
4002381,3005070
4002382,3000252
4002382,3000448
4002382,3000521
4002382,3000866
4002382,3001426
4002382,3001467
4002382,3001873
4002382,3001968
4002382,3002685
4002382,3002805
4002382,3003090
4002382,3003890
4002383,3000063
4002383,3002554
4002383,3003378
4002383,3004312
4002383,3004396
4002384,3001652
4002384,3002042
4002384,3005869
4002385,3000393
4002385,3001182
4002385,3001205
4002385,3001260
4002385,3004031
4002386,3000058
4002386,3000699
4002386,3001729
4002386,3002615
4002386,3004463
4002386,3005277
4002387,3000887
4002387,3002271
4002387,3002669
4002387,3003841
4002387,3004017
4002387,3004041
4002387,3004465
4002387,3004963
4002387,3005445
4002388,3001487
4002388,3002253
4002388,3003096
4002388,3004033
4002388,3004109
4002388,3004276
4002389,3000299
4002389,3001533
4002389,3001572
4002389,3001772
4002389,3003950
4002389,3004685
4002389,3005029
4002390,3002106
4002390,3003170
4002390,3003265
4002391,3002645
4002391,3004316
4002392,3000126
4002392,3000903
4002392,3002513
4002392,3002875
4002392,3002878
4002392,3003401
4002392,3003675
4002392,3005508
4002393,3000092
4002393,3000500
4002393,3001824
4002393,3002625
4002393,3003097
4002393,3003251
4002393,3003577
4002393,3003905
4002393,3004171
4002393,3005944
4002394,3000866
4002394,3001467
4002394,3003915
4002394,3004705
4002394,3004989
4002394,3004995
4002394,3005747
4002395,3000303
4002395,3000342
4002395,3001290
4002395,3001309
4002395,3001397
4002395,3001768
4002395,3002074
4002395,3002997
4002395,3005138
4002395,3005246
4002395,3005428
4002395,3005690
4002396,3001051
4002396,3001191
4002396,3001452
4002396,3002114
4002396,3002478
4002396,3003217
4002396,3003654
4002396,3003911
4002397,3000583
4002397,3001871
4002397,3002254
4002397,3003158
4002397,3004421
4002397,3005157
4002397,3005378
4002398,3000014
4002398,3000444
4002398,3000455
4002398,3000486
4002398,3001024
4002398,3001363
4002398,3004411
4002398,3004598
4002398,3004764
4002398,3004984
4002398,3005649
4002399,3001554
4002399,3002475
4002399,3002516
4002399,3003545
4002399,3004079
4002399,3004779
4002399,3005337
4002400,3001231
4002400,3002018
4002400,3004091
4002401,3000311
4002401,3000388
4002401,3000673
4002401,3001008
4002401,3001228
4002401,3001239
4002401,3002162
4002401,3003071
4002401,3004222
4002401,3004524
4002401,3005034
4002401,3005151
4002401,3005399
4002402,3000341
4002402,3000693
4002402,3001140
4002402,3001668
4002402,3003787
4002402,3004025
4002402,3004535
4002402,3005893
4002403,3001756
4002403,3003659
4002403,3003719
4002403,3004193
4002403,3004825
4002403,3005212
4002404,3000295
4002404,3000535
4002404,3002389
4002404,3003590
4002404,3003808
4002404,3005177
4002405,3001493
4002405,3002780
4002405,3004118
4002405,3005132
4002406,3000083
4002406,3000101
4002406,3000337
4002406,3002802
4002406,3005346
4002407,3002788
4002407,3003309
4002407,3004188
4002407,3005819
4002408,3000139
4002408,3001016
4002408,3003533
4002408,3003812
4002408,3003893
4002408,3003987
4002408,3004001
4002408,3004299
4002408,3004784
4002408,3005297
4002409,3002017
4002409,3002138
4002409,3002717
4002409,3003244
4002409,3003836
4002409,3004334
4002409,3004822
4002409,3005004
4002409,3005656
4002410,3000129
4002410,3001214
4002410,3004403
4002410,3005041
4002410,3005656
4002410,3005672
4002410,3005848
4002411,3000191
4002411,3001337
4002411,3002079
4002411,3002210
4002411,3002470
4002411,3003009
4002411,3003306
4002411,3003319
4002411,3004361
4002411,3005327
4002411,3005671
4002412,3000422
4002412,3003012
4002412,3003079
4002412,3003878
4002412,3004682
4002412,3005223
4002413,3003448
4002413,3004115
4002413,3004169
4002414,3000391
4002414,3002707
4002415,3000413
4002415,3001317
4002415,3001651
4002415,3003137
4002415,3003401
4002415,3004455
4002415,3005047
4002415,3005860
4002416,3000717
4002416,3001985
4002416,3004993
4002416,3005473
4002417,3000334
4002417,3000589
4002417,3001076
4002417,3001537
4002417,3002572
4002417,3002915
4002417,3005168
4002418,3000597
4002418,3001095
4002418,3001736
4002418,3002535
4002418,3002589
4002418,3003835
4002419,3001113
4002419,3003042
4002419,3003772
4002419,3004528
4002419,3004968
4002419,3005129
4002420,3000899
4002420,3001358
4002420,3002096
4002420,3002144
4002420,3002500
4002420,3003049
4002420,3004676
4002420,3004915
4002420,3005276
4002421,3000667
4002421,3001558
4002421,3001741
4002421,3003024
4002421,3003783
4002421,3004281
4002421,3004616
4002421,3005165
4002421,3005859
4002422,3000344
4002422,3001360
4002422,3002433
4002422,3004629
4002422,3004785
4002422,3004989
4002422,3005747
4002422,3005789
4002422,3005933
4002423,3000620
4002423,3002483
4002423,3003257
4002423,3005617
4002424,3000202
4002424,3001268
4002424,3001534
4002424,3001755
4002424,3003083
4002425,3001196
4002425,3001323
4002425,3001811
4002425,3001872
4002425,3002081
4002425,3002432
4002425,3004257
4002425,3004694
4002425,3004881
4002426,3000176
4002426,3000309
4002426,3002661
4002426,3002733
4002426,3002887
4002426,3003007
4002426,3005086
4002426,3005467
4002426,3005887
4002427,3000123
4002427,3001433
4002427,3004765
4002427,3005487
4002427,3005935
4002428,3000626
4002428,3002380
4002428,3003211
4002428,3003318
4002428,3003603
4002429,3000978
4002429,3002683
4002429,3002722
4002429,3002950
4002429,3003991
4002429,3004449
4002430,3002456
4002430,3003647
4002430,3003864
4002430,3004527
4002430,3005035
4002430,3005870
4002431,3000141
4002431,3000259
4002431,3000380
4002431,3000404
4002431,3000750
4002431,3001097
4002431,3001131
4002431,3001376
4002431,3001826
4002431,3003397
4002431,3005159
4002431,3005520
4002432,3002316
4002432,3002784
4002433,3000206
4002433,3000371
4002433,3001018
4002433,3001581
4002433,3002028
4002433,3003047
4002433,3003524
4002433,3003838
4002433,3005235
4002433,3005392
4002433,3005874
4002434,3000552
4002434,3002958
4002434,3004405
4002434,3004691
4002434,3005398
4002434,3005900
4002435,3000240
4002435,3000309
4002435,3000558
4002435,3001769
4002435,3001809
4002435,3005173
4002436,3000110
4002436,3001317
4002436,3001972
4002436,3002506
4002436,3003137
4002436,3003811
4002436,3005863
4002437,3001306
4002437,3001637
4002437,3004883
4002437,3004897
4002437,3004981
4002437,3005654
4002437,3005666
4002438,3002787
4002438,3003490
4002438,3004239
4002438,3005503
4002438,3005814
4002439,3001551
4002439,3002163
4002439,3004846
4002440,3001087
4002440,3001370
4002440,3003190
4002440,3003456
4002440,3004681
4002440,3005146
4002440,3005382
4002440,3005919
4002441,3000891
4002441,3003110
4002441,3003819
4002441,3004126
4002441,3005778
4002442,3000990
4002442,3002345
4002442,3002843
4002442,3003101
4002443,3000635
4002443,3002276
4002443,3004571
4002443,3004667
4002444,3000187
4002444,3000927
4002444,3001703
4002444,3002599
4002444,3003521
4002444,3005288
4002445,3001977
4002445,3003268
4002445,3003786
4002445,3004320
4002445,3004347
4002445,3005240
4002445,3005552
4002445,3005649
4002446,3000725
4002446,3000797
4002446,3002006
4002446,3003240
4002446,3003684
4002446,3004040
4002446,3005962
4002447,3001152
4002447,3002602
4002447,3003252
4002447,3005805
4002448,3003998
4002448,3005251
4002449,3002052
4002449,3003006
4002449,3004365
4002449,3005148
4002450,3000222
4002450,3001642
4002450,3002873
4002450,3003210
4002450,3004224
4002450,3005631
4002451,3001186
4002451,3002646
4002451,3004936
4002451,3005741
4002452,3000112
4002452,3000781
4002452,3002295
4002452,3002352
4002452,3002661
4002452,3002986
4002452,3004105
4002452,3005596
4002453,3004213
4002453,3004626
4002454,3000939
4002454,3001608
4002454,3003385
4002454,3003615
4002454,3004501
4002454,3005118
4002454,3005223
4002455,3000429
4002455,3000610
4002455,3001109
4002455,3001791
4002455,3002767
4002455,3002857
4002455,3003242
4002455,3004135
4002455,3005650
4002456,3000031
4002456,3000423
4002456,3001464
4002456,3001473
4002456,3001816
4002457,3001046
4002457,3001316
4002457,3003193
4002457,3005433
4002458,3000438
4002458,3001910
4002458,3003174
4002458,3004708
4002458,3005923
4002459,3001163
4002459,3002435
4002459,3003051
4002459,3003052
4002459,3003402
4002460,3001753
4002460,3001818
4002460,3005011
4002460,3005041
4002460,3005656
4002461,3000868
4002461,3001269
4002461,3001272
4002461,3002760
4002461,3002767
4002461,3004584
4002461,3004945
4002461,3005142
4002462,3001378
4002462,3002712
4002462,3005949
4002463,3000276
4002463,3001032
4002463,3005476
4002463,3005673
4002464,3004199
4002464,3004337
4002465,3000385
4002465,3000973
4002465,3001467
4002465,3001599
4002465,3003890
4002465,3005000
4002466,3000806
4002466,3001432
4002466,3004808
4002466,3005842
4002466,3005979
4002467,3000250
4002467,3001338
4002467,3003344
4002467,3003878
4002468,3000030
4002468,3002527
4002468,3003365
4002469,3001528
4002469,3002784
4002469,3003827
4002469,3005334
4002469,3005537
4002470,3002263
4002470,3003785
4002470,3005978
4002471,3000970
4002471,3004109
4002472,3000594
4002472,3002475
4002472,3003776
4002472,3004099
4002472,3005879
4002473,3000872
4002473,3001944
4002473,3002362
4002473,3002646
4002473,3003969
4002473,3004103
4002473,3005733
4002474,3001231
4002474,3001602
4002474,3001738
4002474,3003239
4002474,3003573
4002474,3004377
4002474,3004392
4002474,3004897
4002474,3005268
4002475,3000138
4002475,3000391
4002475,3000978
4002475,3001341
4002475,3001508
4002475,3002628
4002475,3002856
4002475,3003778
4002475,3004037
4002475,3004099
4002475,3004449
4002476,3000178
4002476,3001240
4002476,3001616
4002476,3002970
4002476,3003005
4002476,3004174
4002477,3000160
4002477,3000666
4002477,3000688
4002477,3000881
4002477,3002393
4002478,3000869
4002478,3001035
4002478,3001195
4002478,3005691
4002479,3000012
4002479,3000293
4002479,3001805
4002479,3002119
4002479,3002194
4002479,3005139
4002479,3005373
4002479,3005415
4002479,3005802
4002480,3000051
4002480,3001585
4002480,3004676
4002480,3005440
4002481,3000345
4002481,3002587
4002481,3002907
4002481,3005536
4002482,3000471
4002482,3000791
4002482,3003025
4002482,3003038
4002482,3004277
4002483,3000497
4002484,3000317
4002484,3001038
4002484,3002461
4002484,3002484
4002484,3002830
4002484,3003495
4002484,3004364
4002484,3004721
4002484,3004754
4002485,3003611
4002485,3004047
4002485,3005349
4002485,3005555
4002485,3005838
4002486,3000132
4002486,3000990
4002486,3002345
4002486,3002439
4002486,3003731
4002486,3003944
4002486,3005767
4002487,3002841
4002487,3002882
4002487,3003320
4002487,3003885
4002487,3005178
4002487,3005519
4002487,3005963
4002488,3003778
4002488,3004079
4002488,3004449
4002489,3000416
4002489,3001880
4002489,3002257
4002489,3003470
4002489,3003664
4002489,3005339
4002489,3005409
4002489,3005560
4002489,3005897
4002490,3001027
4002490,3003484
4002490,3004308
4002490,3004509
4002490,3004778
4002490,3005541
4002490,3005944
4002491,3000686
4002491,3000700
4002491,3004749
4002491,3005346
4002491,3005543
4002491,3005694
4002492,3000313
4002492,3000652
4002492,3002891
4002492,3003493
4002493,3002844
4002493,3002866
4002493,3003533
4002493,3003535
4002493,3004001
4002493,3004300
4002493,3004454
4002493,3005464
4002493,3005781
4002494,3000897
4002494,3001108
4002494,3001570
4002494,3001773
4002494,3002074
4002494,3002649
4002494,3002901
4002494,3003505
4002494,3005428
4002494,3005780
4002495,3000172
4002495,3000560
4002495,3001973
4002495,3002815
4002495,3002819
4002495,3003742
4002495,3004020
4002495,3004239
4002495,3004520
4002495,3005120
4002495,3005365
4002495,3005986
4002496,3000068
4002496,3002005
4002496,3003948
4002496,3004538
4002496,3004614
4002496,3004794
4002496,3005660
4002497,3000850
4002497,3001139
4002497,3003817
4002497,3004137
4002497,3005312
4002498,3000312
4002498,3002217
4002498,3002478
4002498,3002555
4002498,3003911
4002498,3004426
4002498,3005010
4002498,3005544
4002498,3005792
4002499,3000216
4002499,3000436
4002499,3000845
4002499,3002468
4002499,3002973
4002499,3004317
4002499,3004938
4002500,3001102
4002500,3003558
4002500,3003680
4002500,3004480
