DonorID,DonorName,PrefectureID,Age,Occupation,PrefectureName,PrefectureNameEn,OccupationEn
2000001,後藤桜,14,32,販売員,神奈川県,Kanagawa,Retail staff
2000002,杉本涼太,17,52,パート・アルバイト,石川県,Ishikawa,Part-time worker
2000003,石川真一,27,36,学生,大阪府,Osaka,Student
2000004,星野久美子,23,55,飲食業,愛知県,Aichi,Food service
2000005,松岡心春,28,47,会社員,兵庫県,Hyogo,Company employee
2000006,太田沙織,12,26,営業職,千葉県,Chiba,Sales
2000007,三浦美咲,32,22,経理・財務,島根県,Shimane,Accounting and finance
2000008,宮崎健太,13,33,販売員,東京都,Tokyo,Retail staff
2000009,渡部奈々,14,48,研究職,神奈川県,Kanagawa,Researcher
2000010,小島志保,14,51,エンジニア,神奈川県,Kanagawa,Engineer
2000011,斉藤哲也,40,42,会社員,福岡県,Fukuoka,Company employee
2000012,村上節子,40,72,農業,福岡県,Fukuoka,Farmer
2000013,安藤翔太,12,48,自営業,千葉県,Chiba,Self-employed
2000014,丸山悠斗,37,68,研究職,香川県,Kagawa,Researcher
2000015,大西志保,23,43,主婦・主夫,愛知県,Aichi,Homemaker
2000016,村上凛,30,76,建築士,和歌山県,Wakayama,Architect
2000017,平野直樹,12,49,医師,千葉県,Chiba,Physician
2000018,滝沢大輝,17,52,エンジニア,石川県,Ishikawa,Engineer
2000019,石井慎太郎,12,25,飲食業,千葉県,Chiba,Food service
2000020,浜田大輝,15,54,弁護士,新潟県,Niigata,Lawyer
2000021,菊地奈々,23,29,学生,愛知県,Aichi,Student
2000022,坂本陸,1,43,弁護士,北海道,Hokkaido,Lawyer
2000023,田口千尋,30,60,飲食業,和歌山県,Wakayama,Food service
2000024,久保瑞穂,11,53,農業,埼玉県,Saitama,Farmer
2000025,松本沙織,16,64,医師,富山県,Toyama,Physician
2000026,田中洋子,28,53,保育士,兵庫県,Hyogo,Childcare worker
2000027,林奈々,36,25,弁護士,徳島県,Tokushima,Lawyer
2000028,井上駿,12,36,教員,千葉県,Chiba,Teacher
2000029,滝沢楓,41,55,漁業,佐賀県,Saga,Fisher
2000030,中村駿,22,65,経理・財務,静岡県,Shizuoka,Accounting and finance
2000031,阿部真一,26,41,主婦・主夫,京都府,Kyoto,Homemaker
2000032,安田陸,20,77,医師,長野県,Nagano,Physician
2000033,山口蓮,28,75,保育士,兵庫県,Hyogo,Childcare worker
2000034,酒井瑞穂,31,21,飲食業,鳥取県,Tottori,Food service
2000035,白石瑞穂,23,24,主婦・主夫,愛知県,Aichi,Homemaker
2000036,小林亮,12,55,公務員,千葉県,Chiba,Public servant
2000037,斉藤春香,17,42,建築士,石川県,Ishikawa,Architect
2000038,池田香織,12,51,パート・アルバイト,千葉県,Chiba,Part-time worker
2000039,中山志保,23,64,エンジニア,愛知県,Aichi,Engineer
2000040,林和子,23,30,建築士,愛知県,Aichi,Architect
2000041,横田結衣,1,46,コンサルタント,北海道,Hokkaido,Consultant
2000042,松本和也,40,37,弁護士,福岡県,Fukuoka,Lawyer
2000043,田口沙織,24,33,漁業,三重県,Mie,Fisher
2000044,篠原楓,13,37,飲食業,東京都,Tokyo,Food service
2000045,林直樹,11,28,建築士,埼玉県,Saitama,Architect
2000046,酒井凛,11,31,弁護士,埼玉県,Saitama,Lawyer
2000047,大西亜希子,28,20,漁業,兵庫県,Hyogo,Fisher
2000048,野村結衣,12,32,販売員,千葉県,Chiba,Retail staff
2000049,中島凛,20,64,弁護士,長野県,Nagano,Lawyer
2000050,小松一郎,34,41,農業,広島県,Hiroshima,Farmer
2000051,大野祐樹,13,37,営業職,東京都,Tokyo,Sales
2000052,森田桜,12,36,自営業,千葉県,Chiba,Self-employed
2000053,飯田秀樹,13,42,その他,東京都,Tokyo,Other
2000054,中川芽衣,1,63,デザイナー,北海道,Hokkaido,Designer
2000055,上野亜希子,2,43,経理・財務,青森県,Aomori,Accounting and finance
2000056,野村凛,1,51,弁護士,北海道,Hokkaido,Lawyer
2000057,松田義明,13,27,デザイナー,東京都,Tokyo,Designer
2000058,横田涼太,12,58,学生,千葉県,Chiba,Student
2000059,近藤香織,10,49,研究職,群馬県,Gunma,Researcher
2000060,谷口将也,43,29,医師,熊本県,Kumamoto,Physician
2000061,村田結衣,33,32,その他,岡山県,Okayama,Other
2000062,安藤悠斗,13,46,年金受給者,東京都,Tokyo,Pensioner
2000063,石川一郎,26,49,営業職,京都府,Kyoto,Sales
2000064,高木隆志,35,31,飲食業,山口県,Yamaguchi,Food service
2000065,高木凛,16,43,漁業,富山県,Toyama,Fisher
2000066,新井翔太,25,44,主婦・主夫,滋賀県,Shiga,Homemaker
2000067,谷口達也,26,44,自営業,京都府,Kyoto,Self-employed
2000068,竹内慎太郎,20,54,農業,長野県,Nagano,Farmer
2000069,斎藤久美子,29,45,美容師,奈良県,Nara,Hairdresser
2000070,小島隆志,13,42,パート・アルバイト,東京都,Tokyo,Part-time worker
2000071,今井洋子,30,36,教員,和歌山県,Wakayama,Teacher
2000072,阿部悠人,27,20,医師,大阪府,Osaka,Physician
2000073,太田誠,11,36,年金受給者,埼玉県,Saitama,Pensioner
2000074,杉本楓,23,75,保育士,愛知県,Aichi,Childcare worker
2000075,河野結衣,13,44,営業職,東京都,Tokyo,Sales
2000076,島田由美,23,50,運転手,愛知県,Aichi,Driver
2000077,野村直美,13,24,建築士,東京都,Tokyo,Architect
2000078,山本志保,10,37,販売員,群馬県,Gunma,Retail staff
2000079,山田義明,22,49,年金受給者,静岡県,Shizuoka,Pensioner
2000080,岩崎亜希子,11,39,保育士,埼玉県,Saitama,Childcare worker
2000081,佐野義明,40,28,建築士,福岡県,Fukuoka,Architect
2000082,今井克彦,28,52,パート・アルバイト,兵庫県,Hyogo,Part-time worker
2000083,丸山正樹,11,39,経理・財務,埼玉県,Saitama,Accounting and finance
2000084,岩崎駿,13,48,研究職,東京都,Tokyo,Researcher
2000085,伊藤真一,23,38,運転手,愛知県,Aichi,Driver
2000086,大塚駿,11,20,学生,埼玉県,Saitama,Student
2000087,山本大輝,31,72,弁護士,鳥取県,Tottori,Lawyer
2000088,山田陽介,11,31,研究職,埼玉県,Saitama,Researcher
2000089,松井志保,27,47,医師,大阪府,Osaka,Physician
2000090,上野陸,28,20,営業職,兵庫県,Hyogo,Sales
2000091,新井結衣,5,62,運転手,秋田県,Akita,Driver
2000092,中島義明,31,36,看護師,鳥取県,Tottori,Nurse
2000093,中島亜希子,28,48,建築士,兵庫県,Hyogo,Architect
2000094,杉本隆志,27,30,教員,大阪府,Osaka,Teacher
2000095,東結衣,11,44,営業職,埼玉県,Saitama,Sales
2000096,上田裕子,15,43,主婦・主夫,新潟県,Niigata,Homemaker
2000097,池田蓮,45,43,農業,宮崎県,Miyazaki,Farmer
2000098,橋本幸子,40,51,農業,福岡県,Fukuoka,Farmer
2000099,渡辺涼太,28,56,運転手,兵庫県,Hyogo,Driver
2000100,今井京子,37,68,会社員,香川県,Kagawa,Company employee
2000101,藤井洋平,40,40,飲食業,福岡県,Fukuoka,Food service
2000102,武田京子,14,54,美容師,神奈川県,Kanagawa,Hairdresser
2000103,前田京子,21,34,美容師,岐阜県,Gifu,Hairdresser
2000104,今井和也,27,39,研究職,大阪府,Osaka,Researcher
2000105,山口裕子,2,61,教員,青森県,Aomori,Teacher
2000106,市川美咲,45,68,エンジニア,宮崎県,Miyazaki,Engineer
2000107,武田直美,36,59,エンジニア,徳島県,Tokushima,Engineer
2000108,村田啓介,26,55,主婦・主夫,京都府,Kyoto,Homemaker
2000109,安藤克彦,42,53,主婦・主夫,長崎県,Nagasaki,Homemaker
2000110,山本文子,17,31,研究職,石川県,Ishikawa,Researcher
2000111,林幸子,28,34,看護師,兵庫県,Hyogo,Nurse
2000112,田口千尋,43,26,経理・財務,熊本県,Kumamoto,Accounting and finance
2000113,高橋幸子,13,65,販売員,東京都,Tokyo,Retail staff
2000114,中野真央,27,27,漁業,大阪府,Osaka,Fisher
2000115,小島心春,11,40,会計士,埼玉県,Saitama,Accountant
2000116,上田義明,40,33,公務員,福岡県,Fukuoka,Public servant
2000117,松田孝之,30,54,販売員,和歌山県,Wakayama,Retail staff
2000118,石川春香,15,39,医師,新潟県,Niigata,Physician
2000119,田村隆志,14,68,教員,神奈川県,Kanagawa,Teacher
2000120,石川美咲,27,54,年金受給者,大阪府,Osaka,Pensioner
2000121,久保啓介,11,35,美容師,埼玉県,Saitama,Hairdresser
2000122,大野亜希子,11,37,弁護士,埼玉県,Saitama,Lawyer
2000123,鈴木陽子,13,64,弁護士,東京都,Tokyo,Lawyer
2000124,藤田楓,25,39,会社員,滋賀県,Shiga,Company employee
2000125,横田千尋,19,22,薬剤師,山梨県,Yamanashi,Pharmacist
2000126,菊地将也,38,42,その他,愛媛県,Ehime,Other
2000127,中川葵,28,40,公務員,兵庫県,Hyogo,Public servant
2000128,東澪,40,76,公務員,福岡県,Fukuoka,Public servant
2000129,森一郎,28,43,コンサルタント,兵庫県,Hyogo,Consultant
2000130,林和子,11,46,年金受給者,埼玉県,Saitama,Pensioner
2000131,前田航,11,61,年金受給者,埼玉県,Saitama,Pensioner
2000132,田口幸子,13,53,自営業,東京都,Tokyo,Self-employed
2000133,藤井奈々,33,50,学生,岡山県,Okayama,Student
2000134,竹内芽衣,14,32,主婦・主夫,神奈川県,Kanagawa,Homemaker
2000135,斎藤哲也,14,67,運転手,神奈川県,Kanagawa,Driver
2000136,山崎悠人,13,30,看護師,東京都,Tokyo,Nurse
2000137,山本楓,11,46,年金受給者,埼玉県,Saitama,Pensioner
2000138,遠藤真一,18,61,エンジニア,福井県,Fukui,Engineer
2000139,山崎七海,14,42,建築士,神奈川県,Kanagawa,Architect
2000140,林久美子,27,42,主婦・主夫,大阪府,Osaka,Homemaker
2000141,渡部志保,13,36,保育士,東京都,Tokyo,Childcare worker
2000142,山本義明,8,79,漁業,茨城県,Ibaraki,Fisher
2000143,千葉洋平,22,39,看護師,静岡県,Shizuoka,Nurse
2000144,関雄大,27,40,飲食業,大阪府,Osaka,Food service
2000145,森亜希子,13,27,会社員,東京都,Tokyo,Company employee
2000146,杉山和也,14,37,学生,神奈川県,Kanagawa,Student
2000147,岡本節子,13,45,パート・アルバイト,東京都,Tokyo,Part-time worker
2000148,近藤陽介,44,34,営業職,大分県,Oita,Sales
2000149,高橋彩,1,39,美容師,北海道,Hokkaido,Hairdresser
2000150,坂本直樹,13,31,営業職,東京都,Tokyo,Sales
2000151,木村香織,32,37,その他,島根県,Shimane,Other
2000152,武田彩,13,64,飲食業,東京都,Tokyo,Food service
2000153,石川沙織,34,30,弁護士,広島県,Hiroshima,Lawyer
2000154,杉山義明,13,50,研究職,東京都,Tokyo,Researcher
2000155,千葉陸,29,53,パート・アルバイト,奈良県,Nara,Part-time worker
2000156,上田隆志,28,55,農業,兵庫県,Hyogo,Farmer
2000157,村上蓮,13,42,販売員,東京都,Tokyo,Retail staff
2000158,宮崎久美子,14,43,その他,神奈川県,Kanagawa,Other
2000159,岡本陽介,16,21,薬剤師,富山県,Toyama,Pharmacist
2000160,井上瑞穂,11,64,パート・アルバイト,埼玉県,Saitama,Part-time worker
2000161,本田一郎,13,25,会社員,東京都,Tokyo,Company employee
2000162,小林克彦,42,45,エンジニア,長崎県,Nagasaki,Engineer
2000163,内田博之,35,49,研究職,山口県,Yamaguchi,Researcher
2000164,田村奈々,23,45,看護師,愛知県,Aichi,Nurse
2000165,小林義明,31,33,保育士,鳥取県,Tottori,Childcare worker
2000166,平野玲子,27,45,その他,大阪府,Osaka,Other
2000167,飯田直樹,47,63,医師,沖縄県,Okinawa,Physician
2000168,菊地陽子,20,47,弁護士,長野県,Nagano,Lawyer
2000169,坂本和也,27,58,会社員,大阪府,Osaka,Company employee
2000170,渡部美咲,28,32,販売員,兵庫県,Hyogo,Retail staff
2000171,大塚幸子,4,78,主婦・主夫,宮城県,Miyagi,Homemaker
2000172,森田沙織,40,59,農業,福岡県,Fukuoka,Farmer
2000173,高田香織,14,30,建築士,神奈川県,Kanagawa,Architect
2000174,青木正樹,2,35,保育士,青森県,Aomori,Childcare worker
2000175,山田芽衣,6,49,医師,山形県,Yamagata,Physician
2000176,中川康平,15,42,主婦・主夫,新潟県,Niigata,Homemaker
2000177,上野楓,19,46,経理・財務,山梨県,Yamanashi,Accounting and finance
2000178,森涼太,17,40,公務員,石川県,Ishikawa,Public servant
2000179,村田達也,23,39,建築士,愛知県,Aichi,Architect
2000180,菊地将也,27,39,パート・アルバイト,大阪府,Osaka,Part-time worker
2000181,滝沢幸子,23,68,建築士,愛知県,Aichi,Architect
2000182,橋本正樹,4,20,エンジニア,宮城県,Miyagi,Engineer
2000183,杉本洋平,22,26,弁護士,静岡県,Shizuoka,Lawyer
2000184,竹内浩二,27,23,看護師,大阪府,Osaka,Nurse
2000185,藤原芽衣,8,43,経理・財務,茨城県,Ibaraki,Accounting and finance
2000186,木村優,23,25,自営業,愛知県,Aichi,Self-employed
2000187,安田美咲,22,38,営業職,静岡県,Shizuoka,Sales
2000188,宮崎義明,40,43,医師,福岡県,Fukuoka,Physician
2000189,杉山航,23,53,農業,愛知県,Aichi,Farmer
2000190,久保志保,43,48,エンジニア,熊本県,Kumamoto,Engineer
2000191,金子真一,1,36,コンサルタント,北海道,Hokkaido,Consultant
2000192,飯田美穂,11,55,その他,埼玉県,Saitama,Other
2000193,中村大地,31,48,営業職,鳥取県,Tottori,Sales
2000194,田中和也,29,26,エンジニア,奈良県,Nara,Engineer
2000195,岡本京子,30,55,会計士,和歌山県,Wakayama,Accountant
2000196,中島節子,11,34,弁護士,埼玉県,Saitama,Lawyer
2000197,近藤凛,16,46,デザイナー,富山県,Toyama,Designer
2000198,大野拓也,1,44,主婦・主夫,北海道,Hokkaido,Homemaker
2000199,伊藤光子,27,30,薬剤師,大阪府,Osaka,Pharmacist
2000200,鈴木達也,47,57,自営業,沖縄県,Okinawa,Self-employed
2000201,田口光子,28,52,経理・財務,兵庫県,Hyogo,Accounting and finance
2000202,水野澪,31,50,学生,鳥取県,Tottori,Student
2000203,高橋玲子,14,20,デザイナー,神奈川県,Kanagawa,Designer
2000204,菊地久美子,9,49,保育士,栃木県,Tochigi,Childcare worker
2000205,丸山啓介,27,48,保育士,大阪府,Osaka,Childcare worker
2000206,柴田英樹,23,37,看護師,愛知県,Aichi,Nurse
2000207,武田陽介,13,53,その他,東京都,Tokyo,Other
2000208,近藤悠人,44,53,エンジニア,大分県,Oita,Engineer
2000209,篠原陸,27,35,学生,大阪府,Osaka,Student
2000210,太田美咲,1,46,経理・財務,北海道,Hokkaido,Accounting and finance
2000211,森田正樹,28,43,パート・アルバイト,兵庫県,Hyogo,Part-time worker
2000212,大野誠,30,42,エンジニア,和歌山県,Wakayama,Engineer
2000213,田村智也,31,58,漁業,鳥取県,Tottori,Fisher
2000214,森田愛,13,52,飲食業,東京都,Tokyo,Food service
2000215,野村春香,23,56,農業,愛知県,Aichi,Farmer
2000216,松尾祐樹,28,60,飲食業,兵庫県,Hyogo,Food service
2000217,大塚啓介,33,32,漁業,岡山県,Okayama,Fisher
2000218,坂本義明,47,55,美容師,沖縄県,Okinawa,Hairdresser
2000219,千葉恵,23,58,デザイナー,愛知県,Aichi,Designer
2000220,大野文子,46,60,公務員,鹿児島県,Kagoshima,Public servant
2000221,松田芽衣,40,23,会計士,福岡県,Fukuoka,Accountant
2000222,石川陽子,11,27,看護師,埼玉県,Saitama,Nurse
2000223,林祐樹,23,41,研究職,愛知県,Aichi,Researcher
2000224,松田達也,27,36,薬剤師,大阪府,Osaka,Pharmacist
2000225,中川将也,33,53,会計士,岡山県,Okayama,Accountant
2000226,小野玲子,26,37,公務員,京都府,Kyoto,Public servant
2000227,渡部智也,14,45,エンジニア,神奈川県,Kanagawa,Engineer
2000228,岩崎恵,1,75,自営業,北海道,Hokkaido,Self-employed
2000229,古川千尋,31,29,飲食業,鳥取県,Tottori,Food service
2000230,浜田祐樹,39,62,主婦・主夫,高知県,Kochi,Homemaker
2000231,中川芽衣,1,53,看護師,北海道,Hokkaido,Nurse
2000232,福田直美,12,41,教員,千葉県,Chiba,Teacher
2000233,太田沙織,24,43,保育士,三重県,Mie,Childcare worker
2000234,坂本光子,13,42,その他,東京都,Tokyo,Other
2000235,渡辺春香,14,47,美容師,神奈川県,Kanagawa,Hairdresser
2000236,増田陽子,34,65,自営業,広島県,Hiroshima,Self-employed
2000237,青木正樹,40,54,公務員,福岡県,Fukuoka,Public servant
2000238,岩崎一郎,27,33,公務員,大阪府,Osaka,Public servant
2000239,大塚亮,14,34,エンジニア,神奈川県,Kanagawa,Engineer
2000240,上野愛,44,71,運転手,大分県,Oita,Driver
2000241,宮本健太,22,43,教員,静岡県,Shizuoka,Teacher
2000242,中島涼太,22,39,漁業,静岡県,Shizuoka,Fisher
2000243,大塚七海,20,53,公務員,長野県,Nagano,Public servant
2000244,松井春香,26,26,デザイナー,京都府,Kyoto,Designer
2000245,太田孝之,14,30,営業職,神奈川県,Kanagawa,Sales
2000246,杉山真一,14,31,年金受給者,神奈川県,Kanagawa,Pensioner
2000247,田口康平,13,56,学生,東京都,Tokyo,Student
2000248,柴田朱莉,5,75,会計士,秋田県,Akita,Accountant
2000249,飯田真央,23,36,保育士,愛知県,Aichi,Childcare worker
2000250,中島真央,19,43,販売員,山梨県,Yamanashi,Retail staff
2000251,斉藤蓮,13,32,弁護士,東京都,Tokyo,Lawyer
2000252,村上智也,36,57,薬剤師,徳島県,Tokushima,Pharmacist
2000253,斎藤雄大,27,21,パート・アルバイト,大阪府,Osaka,Part-time worker
2000254,横山真央,1,46,美容師,北海道,Hokkaido,Hairdresser
2000255,伊藤美咲,13,28,学生,東京都,Tokyo,Student
2000256,田村典子,27,39,飲食業,大阪府,Osaka,Food service
2000257,遠藤大輝,14,40,看護師,神奈川県,Kanagawa,Nurse
2000258,小林翔太,32,48,研究職,島根県,Shimane,Researcher
2000259,藤原大輝,12,53,飲食業,千葉県,Chiba,Food service
2000260,柴田慎太郎,40,37,経理・財務,福岡県,Fukuoka,Accounting and finance
2000261,田中桜,15,66,医師,新潟県,Niigata,Physician
2000262,清水桜,27,27,デザイナー,大阪府,Osaka,Designer
2000263,岡田彩,13,43,販売員,東京都,Tokyo,Retail staff
2000264,松田悠斗,14,31,エンジニア,神奈川県,Kanagawa,Engineer
2000265,吉田七海,43,73,年金受給者,熊本県,Kumamoto,Pensioner
2000266,石井義明,1,41,会社員,北海道,Hokkaido,Company employee
2000267,松田千尋,17,32,看護師,石川県,Ishikawa,Nurse
2000268,前田悠人,14,73,主婦・主夫,神奈川県,Kanagawa,Homemaker
2000269,森田博之,27,31,エンジニア,大阪府,Osaka,Engineer
2000270,森隆志,27,53,飲食業,大阪府,Osaka,Food service
2000271,柴田秀樹,42,73,飲食業,長崎県,Nagasaki,Food service
2000272,山口芽衣,13,59,研究職,東京都,Tokyo,Researcher
2000273,東節子,12,42,コンサルタント,千葉県,Chiba,Consultant
2000274,木下光,1,41,建築士,北海道,Hokkaido,Architect
2000275,関春香,14,47,年金受給者,神奈川県,Kanagawa,Pensioner
2000276,島田優,4,30,農業,宮城県,Miyagi,Farmer
2000277,西村直樹,9,24,運転手,栃木県,Tochigi,Driver
2000278,大西葵,1,45,主婦・主夫,北海道,Hokkaido,Homemaker
2000279,太田莉子,12,34,デザイナー,千葉県,Chiba,Designer
2000280,東翔太,19,53,美容師,山梨県,Yamanashi,Hairdresser
2000281,青木智子,11,44,営業職,埼玉県,Saitama,Sales
2000282,岩崎祐樹,27,37,経理・財務,大阪府,Osaka,Accounting and finance
2000283,佐々木将也,23,39,保育士,愛知県,Aichi,Childcare worker
2000284,内田美咲,39,33,医師,高知県,Kochi,Physician
2000285,篠原哲也,6,50,会社員,山形県,Yamagata,Company employee
2000286,渡辺七海,27,21,建築士,大阪府,Osaka,Architect
2000287,斎藤春香,13,50,学生,東京都,Tokyo,Student
2000288,後藤陽子,23,53,弁護士,愛知県,Aichi,Lawyer
2000289,松岡正樹,2,33,営業職,青森県,Aomori,Sales
2000290,森田誠,13,52,建築士,東京都,Tokyo,Architect
2000291,佐藤蓮,36,64,会計士,徳島県,Tokushima,Accountant
2000292,谷口春香,42,43,その他,長崎県,Nagasaki,Other
2000293,平野亮,11,30,美容師,埼玉県,Saitama,Hairdresser
2000294,竹内七海,15,30,営業職,新潟県,Niigata,Sales
2000295,斎藤節子,12,35,パート・アルバイト,千葉県,Chiba,Part-time worker
2000296,藤本康平,27,25,薬剤師,大阪府,Osaka,Pharmacist
2000297,岩崎拓也,2,38,研究職,青森県,Aomori,Researcher
2000298,内田志保,27,35,農業,大阪府,Osaka,Farmer
2000299,坂本朱莉,11,33,パート・アルバイト,埼玉県,Saitama,Part-time worker
2000300,浜田真一,37,56,研究職,香川県,Kagawa,Researcher
2000301,渡部光,17,49,会計士,石川県,Ishikawa,Accountant
2000302,田中克彦,12,43,美容師,千葉県,Chiba,Hairdresser
2000303,浜田達也,27,54,漁業,大阪府,Osaka,Fisher
2000304,古川裕子,23,21,主婦・主夫,愛知県,Aichi,Homemaker
2000305,野口文子,14,49,漁業,神奈川県,Kanagawa,Fisher
2000306,横田浩二,19,45,経理・財務,山梨県,Yamanashi,Accounting and finance
2000307,渡部春香,11,27,経理・財務,埼玉県,Saitama,Accounting and finance
2000308,篠原光,25,37,保育士,滋賀県,Shiga,Childcare worker
2000309,高木義明,26,46,パート・アルバイト,京都府,Kyoto,Part-time worker
2000310,平野誠,13,20,農業,東京都,Tokyo,Farmer
2000311,篠原陸,40,44,販売員,福岡県,Fukuoka,Retail staff
2000312,杉本心春,22,43,飲食業,静岡県,Shizuoka,Food service
2000313,安田裕子,17,72,研究職,石川県,Ishikawa,Researcher
2000314,森光子,12,58,会社員,千葉県,Chiba,Company employee
2000315,竹内凛,27,37,学生,大阪府,Osaka,Student
2000316,水野玲子,2,57,パート・アルバイト,青森県,Aomori,Part-time worker
2000317,阿部啓介,14,44,看護師,神奈川県,Kanagawa,Nurse
2000318,河野智也,27,43,会社員,大阪府,Osaka,Company employee
2000319,金子光子,27,45,会計士,大阪府,Osaka,Accountant
2000320,中山博之,46,42,学生,鹿児島県,Kagoshima,Student
2000321,坂本七海,23,53,エンジニア,愛知県,Aichi,Engineer
2000322,工藤健太,11,39,会社員,埼玉県,Saitama,Company employee
2000323,安田結衣,5,65,公務員,秋田県,Akita,Public servant
2000324,野口朱莉,25,20,公務員,滋賀県,Shiga,Public servant
2000325,横田由美,13,32,研究職,東京都,Tokyo,Researcher
2000326,横田瑞穂,40,48,デザイナー,福岡県,Fukuoka,Designer
2000327,木下結衣,14,31,美容師,神奈川県,Kanagawa,Hairdresser
2000328,山本哲也,41,54,飲食業,佐賀県,Saga,Food service
2000329,森田優,31,41,主婦・主夫,鳥取県,Tottori,Homemaker
2000330,水野陽子,11,42,会社員,埼玉県,Saitama,Company employee
2000331,竹内沙織,27,43,学生,大阪府,Osaka,Student
2000332,前田芽衣,17,23,営業職,石川県,Ishikawa,Sales
2000333,小松大地,14,64,会社員,神奈川県,Kanagawa,Company employee
2000334,太田慎太郎,1,69,漁業,北海道,Hokkaido,Fisher
2000335,河野駿,28,48,建築士,兵庫県,Hyogo,Architect
2000336,松井智也,33,31,公務員,岡山県,Okayama,Public servant
2000337,菊地航,29,26,経理・財務,奈良県,Nara,Accounting and finance
2000338,原田愛,25,54,経理・財務,滋賀県,Shiga,Accounting and finance
2000339,平野健太,23,27,飲食業,愛知県,Aichi,Food service
2000340,増田蓮,8,36,会計士,茨城県,Ibaraki,Accountant
2000341,小林沙織,16,54,経理・財務,富山県,Toyama,Accounting and finance
2000342,伊藤桜,5,67,公務員,秋田県,Akita,Public servant
2000343,岡本沙織,27,71,営業職,大阪府,Osaka,Sales
2000344,井上文子,22,53,医師,静岡県,Shizuoka,Physician
2000345,工藤桜,32,57,学生,島根県,Shimane,Student
2000346,柴田桜,22,41,運転手,静岡県,Shizuoka,Driver
2000347,篠原陸,5,47,看護師,秋田県,Akita,Nurse
2000348,酒井翔太,27,54,会社員,大阪府,Osaka,Company employee
2000349,菊地航,1,40,自営業,北海道,Hokkaido,Self-employed
2000350,河野克彦,11,47,美容師,埼玉県,Saitama,Hairdresser
2000351,藤本心春,24,78,建築士,三重県,Mie,Architect
2000352,水野志保,27,65,研究職,大阪府,Osaka,Researcher
2000353,中村智子,13,53,自営業,東京都,Tokyo,Self-employed
2000354,井上典子,22,77,建築士,静岡県,Shizuoka,Architect
2000355,工藤心春,12,52,建築士,千葉県,Chiba,Architect
2000356,木村英樹,27,35,美容師,大阪府,Osaka,Hairdresser
2000357,関克彦,41,33,営業職,佐賀県,Saga,Sales
2000358,原田達也,32,45,自営業,島根県,Shimane,Self-employed
2000359,宮本陸,3,41,会計士,岩手県,Iwate,Accountant
2000360,宮本彩,47,54,販売員,沖縄県,Okinawa,Retail staff
2000361,和田結衣,13,22,医師,東京都,Tokyo,Physician
2000362,高橋典子,5,66,弁護士,秋田県,Akita,Lawyer
2000363,滝沢大輝,12,70,教員,千葉県,Chiba,Teacher
2000364,上田智也,32,46,建築士,島根県,Shimane,Architect
2000365,中島博之,13,65,公務員,東京都,Tokyo,Public servant
2000366,藤田一郎,13,48,経理・財務,東京都,Tokyo,Accounting and finance
2000367,竹内千尋,21,62,弁護士,岐阜県,Gifu,Lawyer
2000368,高田節子,11,67,保育士,埼玉県,Saitama,Childcare worker
2000369,池田澪,23,41,デザイナー,愛知県,Aichi,Designer
2000370,岩崎芽衣,23,45,販売員,愛知県,Aichi,Retail staff
2000371,田口莉子,29,68,保育士,奈良県,Nara,Childcare worker
2000372,大西朱莉,39,76,年金受給者,高知県,Kochi,Pensioner
2000373,滝沢節子,13,31,飲食業,東京都,Tokyo,Food service
2000374,林航,18,37,エンジニア,福井県,Fukui,Engineer
2000375,和田洋子,44,26,公務員,大分県,Oita,Public servant
2000376,小川春香,29,62,医師,奈良県,Nara,Physician
2000377,水野亮,23,25,自営業,愛知県,Aichi,Self-employed
2000378,高橋春香,18,58,弁護士,福井県,Fukui,Lawyer
2000379,工藤芽衣,4,47,自営業,宮城県,Miyagi,Self-employed
2000380,渡部節子,22,42,薬剤師,静岡県,Shizuoka,Pharmacist
2000381,松岡洋子,40,52,公務員,福岡県,Fukuoka,Public servant
2000382,河野航,14,57,年金受給者,神奈川県,Kanagawa,Pensioner
2000383,谷口莉子,43,71,年金受給者,熊本県,Kumamoto,Pensioner
2000384,大野久美子,12,32,漁業,千葉県,Chiba,Fisher
2000385,田口英樹,46,31,弁護士,鹿児島県,Kagoshima,Lawyer
2000386,大塚光子,23,52,その他,愛知県,Aichi,Other
2000387,武田志保,38,31,美容師,愛媛県,Ehime,Hairdresser
2000388,田村恵,23,33,公務員,愛知県,Aichi,Public servant
2000389,木村澪,13,40,コンサルタント,東京都,Tokyo,Consultant
2000390,村田心春,7,39,年金受給者,福島県,Fukushima,Pensioner
2000391,中山朱莉,22,61,営業職,静岡県,Shizuoka,Sales
2000392,関真央,15,36,薬剤師,新潟県,Niigata,Pharmacist
2000393,星野結衣,27,44,学生,大阪府,Osaka,Student
2000394,星野美穂,44,30,パート・アルバイト,大分県,Oita,Part-time worker
2000395,中村志保,12,52,漁業,千葉県,Chiba,Fisher
2000396,桜井哲也,23,55,年金受給者,愛知県,Aichi,Pensioner
2000397,小川沙織,28,46,研究職,兵庫県,Hyogo,Researcher
2000398,中川智子,40,32,コンサルタント,福岡県,Fukuoka,Consultant
2000399,田口桜,13,53,学生,東京都,Tokyo,Student
2000400,大野結衣,25,56,年金受給者,滋賀県,Shiga,Pensioner
2000401,田口和子,38,26,コンサルタント,愛媛県,Ehime,Consultant
2000402,岡田瑞穂,16,54,農業,富山県,Toyama,Farmer
2000403,菅原七海,7,71,漁業,福島県,Fukushima,Fisher
2000404,西村香織,14,69,運転手,神奈川県,Kanagawa,Driver
2000405,竹内久美子,13,34,エンジニア,東京都,Tokyo,Engineer
2000406,吉田陽子,44,44,保育士,大分県,Oita,Childcare worker
2000407,村田香織,14,51,会社員,神奈川県,Kanagawa,Company employee
2000408,佐々木智也,14,54,農業,神奈川県,Kanagawa,Farmer
2000409,佐藤陸,40,43,会社員,福岡県,Fukuoka,Company employee
2000410,滝沢朱莉,22,31,販売員,静岡県,Shizuoka,Retail staff
2000411,篠原誠,7,48,漁業,福島県,Fukushima,Fisher
2000412,安藤莉子,21,47,コンサルタント,岐阜県,Gifu,Consultant
2000413,島田瑞穂,12,27,販売員,千葉県,Chiba,Retail staff
2000414,松井涼太,33,37,弁護士,岡山県,Okayama,Lawyer
2000415,市川蓮,13,39,自営業,東京都,Tokyo,Self-employed
2000416,藤井義明,3,45,運転手,岩手県,Iwate,Driver
2000417,山下智也,13,66,デザイナー,東京都,Tokyo,Designer
2000418,後藤達也,5,47,公務員,秋田県,Akita,Public servant
2000419,藤本結衣,40,42,医師,福岡県,Fukuoka,Physician
2000420,柴田莉子,18,37,運転手,福井県,Fukui,Driver
2000421,新井和也,31,67,主婦・主夫,鳥取県,Tottori,Homemaker
2000422,松岡亜希子,32,61,主婦・主夫,島根県,Shimane,Homemaker
2000423,大塚亜希子,31,33,建築士,鳥取県,Tottori,Architect
2000424,野村隆志,20,30,自営業,長野県,Nagano,Self-employed
2000425,藤本久美子,14,42,研究職,神奈川県,Kanagawa,Researcher
2000426,横田健太,5,65,会社員,秋田県,Akita,Company employee
2000427,古川凛,21,45,医師,岐阜県,Gifu,Physician
2000428,丸山陽子,13,56,薬剤師,東京都,Tokyo,Pharmacist
2000429,田村由美,13,43,コンサルタント,東京都,Tokyo,Consultant
2000430,横田美咲,11,77,弁護士,埼玉県,Saitama,Lawyer
2000431,山田克彦,32,68,建築士,島根県,Shimane,Architect
2000432,井上智子,12,25,建築士,千葉県,Chiba,Architect
2000433,遠藤正樹,28,65,看護師,兵庫県,Hyogo,Nurse
2000434,松岡隆志,36,58,会計士,徳島県,Tokushima,Accountant
2000435,増田久美子,44,40,研究職,大分県,Oita,Researcher
2000436,小川久美子,30,34,研究職,和歌山県,Wakayama,Researcher
2000437,小野千尋,27,42,教員,大阪府,Osaka,Teacher
2000438,白石玲子,22,38,飲食業,静岡県,Shizuoka,Food service
2000439,中野結衣,18,41,その他,福井県,Fukui,Other
2000440,太田莉子,41,68,学生,佐賀県,Saga,Student
2000441,千葉久美子,19,34,営業職,山梨県,Yamanashi,Sales
2000442,杉山彩,28,45,販売員,兵庫県,Hyogo,Retail staff
2000443,菅原葵,6,35,その他,山形県,Yamagata,Other
2000444,田口美咲,28,67,研究職,兵庫県,Hyogo,Researcher
2000445,林大地,19,59,教員,山梨県,Yamanashi,Teacher
2000446,千葉啓介,25,68,漁業,滋賀県,Shiga,Fisher
2000447,山下秀樹,45,44,会社員,宮崎県,Miyazaki,Company employee
2000448,木村楓,15,23,運転手,新潟県,Niigata,Driver
2000449,水野心春,27,66,営業職,大阪府,Osaka,Sales
2000450,谷口将也,13,41,公務員,東京都,Tokyo,Public servant
2000451,前田拓也,44,57,保育士,大分県,Oita,Childcare worker
2000452,東典子,27,42,運転手,大阪府,Osaka,Driver
2000453,松井翔太,13,49,農業,東京都,Tokyo,Farmer
2000454,小野亜希子,23,51,教員,愛知県,Aichi,Teacher
2000455,中川亜希子,22,31,公務員,静岡県,Shizuoka,Public servant
2000456,原健太,11,77,パート・アルバイト,埼玉県,Saitama,Part-time worker
2000457,酒井正樹,22,39,医師,静岡県,Shizuoka,Physician
2000458,原田悠人,13,26,営業職,東京都,Tokyo,Sales
2000459,木村和也,23,40,主婦・主夫,愛知県,Aichi,Homemaker
2000460,青木雄大,23,58,美容師,愛知県,Aichi,Hairdresser
2000461,藤田健太,27,48,教員,大阪府,Osaka,Teacher
2000462,大西一郎,3,46,農業,岩手県,Iwate,Farmer
2000463,島田隆志,3,21,運転手,岩手県,Iwate,Driver
2000464,河野拓也,23,33,販売員,愛知県,Aichi,Retail staff
2000465,加藤瑞穂,37,76,公務員,香川県,Kagawa,Public servant
2000466,青木裕子,11,78,パート・アルバイト,埼玉県,Saitama,Part-time worker
2000467,内田啓介,2,43,エンジニア,青森県,Aomori,Engineer
2000468,遠藤澪,13,29,デザイナー,東京都,Tokyo,Designer
2000469,野口裕子,12,30,公務員,千葉県,Chiba,Public servant
2000470,野村達也,10,26,経理・財務,群馬県,Gunma,Accounting and finance
2000471,酒井光,31,45,その他,鳥取県,Tottori,Other
2000472,佐々木楓,14,74,販売員,神奈川県,Kanagawa,Retail staff
2000473,木下誠,11,26,運転手,埼玉県,Saitama,Driver
2000474,久保直樹,18,42,教員,福井県,Fukui,Teacher
2000475,長谷川美咲,38,47,学生,愛媛県,Ehime,Student
2000476,福田祐樹,45,24,漁業,宮崎県,Miyazaki,Fisher
2000477,小野正樹,40,51,教員,福岡県,Fukuoka,Teacher
2000478,鈴木悠人,14,39,美容師,神奈川県,Kanagawa,Hairdresser
2000479,池田和子,28,34,会計士,兵庫県,Hyogo,Accountant
2000480,飯田雄大,1,39,主婦・主夫,北海道,Hokkaido,Homemaker
2000481,福田心春,37,56,パート・アルバイト,香川県,Kagawa,Part-time worker
2000482,安田真央,13,29,その他,東京都,Tokyo,Other
2000483,山下典子,32,33,飲食業,島根県,Shimane,Food service
2000484,平野恵,21,24,看護師,岐阜県,Gifu,Nurse
2000485,野村義明,1,61,弁護士,北海道,Hokkaido,Lawyer
2000486,村上哲也,12,66,研究職,千葉県,Chiba,Researcher
2000487,中野文子,46,64,学生,鹿児島県,Kagoshima,Student
2000488,藤本洋平,19,36,年金受給者,山梨県,Yamanashi,Pensioner
2000489,武田美咲,28,34,会社員,兵庫県,Hyogo,Company employee
2000490,中山克彦,27,70,自営業,大阪府,Osaka,Self-employed
2000491,原田智子,20,24,コンサルタント,長野県,Nagano,Consultant
2000492,酒井裕子,2,59,薬剤師,青森県,Aomori,Pharmacist
2000493,岡本涼太,14,28,研究職,神奈川県,Kanagawa,Researcher
2000494,新井康平,13,45,建築士,東京都,Tokyo,Architect
2000495,吉田航,32,46,漁業,島根県,Shimane,Fisher
2000496,野口洋子,22,45,美容師,静岡県,Shizuoka,Hairdresser
2000497,後藤志保,23,50,美容師,愛知県,Aichi,Hairdresser
2000498,橋本誠,39,48,美容師,高知県,Kochi,Hairdresser
2000499,斉藤智子,23,35,会計士,愛知県,Aichi,Accountant
2000500,大西和也,12,34,運転手,千葉県,Chiba,Driver
2000501,横山将也,1,49,会計士,北海道,Hokkaido,Accountant
2000502,長谷川克彦,14,60,主婦・主夫,神奈川県,Kanagawa,Homemaker
2000503,平野光子,23,37,経理・財務,愛知県,Aichi,Accounting and finance
2000504,平野真一,24,64,主婦・主夫,三重県,Mie,Homemaker
2000505,井上京子,36,42,公務員,徳島県,Tokushima,Public servant
2000506,平野結衣,26,37,営業職,京都府,Kyoto,Sales
2000507,藤田由美,27,35,薬剤師,大阪府,Osaka,Pharmacist
2000508,久保博之,1,60,会計士,北海道,Hokkaido,Accountant
2000509,高橋慎太郎,23,50,営業職,愛知県,Aichi,Sales
2000510,村田心春,14,60,建築士,神奈川県,Kanagawa,Architect
2000511,高田由美,25,56,主婦・主夫,滋賀県,Shiga,Homemaker
2000512,山口孝之,24,43,漁業,三重県,Mie,Fisher
2000513,上野駿,10,52,コンサルタント,群馬県,Gunma,Consultant
2000514,水野克彦,37,43,その他,香川県,Kagawa,Other
2000515,渡部慎太郎,42,22,保育士,長崎県,Nagasaki,Childcare worker
2000516,山田直美,42,44,エンジニア,長崎県,Nagasaki,Engineer
2000517,井上洋子,9,23,建築士,栃木県,Tochigi,Architect
2000518,中山康平,45,49,弁護士,宮崎県,Miyazaki,Lawyer
2000519,三浦葵,23,42,看護師,愛知県,Aichi,Nurse
2000520,村上一郎,38,41,研究職,愛媛県,Ehime,Researcher
2000521,桜井将也,13,61,その他,東京都,Tokyo,Other
2000522,岩崎陸,22,55,コンサルタント,静岡県,Shizuoka,Consultant
2000523,佐々木康平,11,41,運転手,埼玉県,Saitama,Driver
2000524,吉田秀樹,23,21,保育士,愛知県,Aichi,Childcare worker
2000525,福田奈々,27,43,教員,大阪府,Osaka,Teacher
2000526,松本京子,13,44,経理・財務,東京都,Tokyo,Accounting and finance
2000527,谷口義明,14,51,会社員,神奈川県,Kanagawa,Company employee
2000528,藤本涼太,1,73,漁業,北海道,Hokkaido,Fisher
2000529,小川美穂,28,45,会社員,兵庫県,Hyogo,Company employee
2000530,加藤美咲,23,25,飲食業,愛知県,Aichi,Food service
2000531,佐野芽衣,34,35,パート・アルバイト,広島県,Hiroshima,Part-time worker
2000532,山口沙織,23,53,看護師,愛知県,Aichi,Nurse
2000533,岡本智也,47,70,公務員,沖縄県,Okinawa,Public servant
2000534,千葉大地,23,46,自営業,愛知県,Aichi,Self-employed
2000535,高橋浩二,19,57,建築士,山梨県,Yamanashi,Architect
2000536,菅原駿,23,20,農業,愛知県,Aichi,Farmer
2000537,柴田雄大,40,42,公務員,福岡県,Fukuoka,Public servant
2000538,中野結衣,8,31,建築士,茨城県,Ibaraki,Architect
2000539,後藤陸,19,20,医師,山梨県,Yamanashi,Physician
2000540,金子光子,27,49,主婦・主夫,大阪府,Osaka,Homemaker
2000541,伊藤春香,25,29,弁護士,滋賀県,Shiga,Lawyer
2000542,山下莉子,46,67,薬剤師,鹿児島県,Kagoshima,Pharmacist
2000543,村田洋子,1,30,自営業,北海道,Hokkaido,Self-employed
2000544,近藤航,16,74,デザイナー,富山県,Toyama,Designer
2000545,大塚葵,13,50,漁業,東京都,Tokyo,Fisher
2000546,野村直樹,27,41,建築士,大阪府,Osaka,Architect
2000547,吉田洋子,28,73,パート・アルバイト,兵庫県,Hyogo,Part-time worker
2000548,増田和也,14,62,パート・アルバイト,神奈川県,Kanagawa,Part-time worker
2000549,鈴木一郎,23,30,デザイナー,愛知県,Aichi,Designer
2000550,森桜,34,40,教員,広島県,Hiroshima,Teacher
2000551,内田博之,22,43,営業職,静岡県,Shizuoka,Sales
2000552,坂本直美,12,44,会計士,千葉県,Chiba,Accountant
2000553,岩崎愛,42,34,教員,長崎県,Nagasaki,Teacher
2000554,坂本桜,13,71,その他,東京都,Tokyo,Other
2000555,渡部悠人,14,47,学生,神奈川県,Kanagawa,Student
2000556,中川幸子,17,50,看護師,石川県,Ishikawa,Nurse
2000557,丸山雄大,10,59,飲食業,群馬県,Gunma,Food service
2000558,佐々木雄大,5,56,弁護士,秋田県,Akita,Lawyer
2000559,上田幸子,13,64,医師,東京都,Tokyo,Physician
2000560,増田和也,12,69,医師,千葉県,Chiba,Physician
2000561,上野裕子,37,23,パート・アルバイト,香川県,Kagawa,Part-time worker
2000562,島田啓介,13,53,建築士,東京都,Tokyo,Architect
2000563,山崎健太,13,35,その他,東京都,Tokyo,Other
2000564,松本智也,16,31,美容師,富山県,Toyama,Hairdresser
2000565,近藤愛,13,57,看護師,東京都,Tokyo,Nurse
2000566,松岡和子,14,49,販売員,神奈川県,Kanagawa,Retail staff
2000567,木村一郎,27,36,デザイナー,大阪府,Osaka,Designer
2000568,小林秀樹,33,61,弁護士,岡山県,Okayama,Lawyer
2000569,杉本啓介,27,64,運転手,大阪府,Osaka,Driver
2000570,小林慎太郎,11,51,教員,埼玉県,Saitama,Teacher
2000571,木下隆志,14,48,保育士,神奈川県,Kanagawa,Childcare worker
2000572,安田久美子,28,66,建築士,兵庫県,Hyogo,Architect
2000573,田中悠斗,22,30,運転手,静岡県,Shizuoka,Driver
2000574,金子瑞穂,13,33,薬剤師,東京都,Tokyo,Pharmacist
2000575,桜井澪,27,43,農業,大阪府,Osaka,Farmer
2000576,池田哲也,29,20,エンジニア,奈良県,Nara,Engineer
2000577,太田陽子,13,27,コンサルタント,東京都,Tokyo,Consultant
2000578,内田翔太,12,58,建築士,千葉県,Chiba,Architect
2000579,中野凛,7,55,弁護士,福島県,Fukushima,Lawyer
2000580,池田和子,11,60,会計士,埼玉県,Saitama,Accountant
2000581,安藤芽衣,27,59,その他,大阪府,Osaka,Other
2000582,斎藤孝之,27,46,デザイナー,大阪府,Osaka,Designer
2000583,遠藤蓮,4,69,農業,宮城県,Miyagi,Farmer
2000584,桜井秀樹,34,46,研究職,広島県,Hiroshima,Researcher
2000585,水野優,15,71,自営業,新潟県,Niigata,Self-employed
2000586,山崎秀樹,22,78,薬剤師,静岡県,Shizuoka,Pharmacist
2000587,鈴木直美,12,60,会計士,千葉県,Chiba,Accountant
2000588,大野結衣,46,35,エンジニア,鹿児島県,Kagoshima,Engineer
2000589,横山幸子,41,32,漁業,佐賀県,Saga,Fisher
2000590,市川啓介,37,46,自営業,香川県,Kagawa,Self-employed
2000591,小林幸子,23,60,販売員,愛知県,Aichi,Retail staff
2000592,市川将也,27,43,弁護士,大阪府,Osaka,Lawyer
2000593,安藤幸子,26,49,看護師,京都府,Kyoto,Nurse
2000594,松本真央,5,25,エンジニア,秋田県,Akita,Engineer
2000595,村上香織,17,66,年金受給者,石川県,Ishikawa,Pensioner
2000596,木下秀樹,40,54,美容師,福岡県,Fukuoka,Hairdresser
2000597,田村志保,23,50,薬剤師,愛知県,Aichi,Pharmacist
2000598,加藤桜,23,28,農業,愛知県,Aichi,Farmer
2000599,増田悠人,40,47,パート・アルバイト,福岡県,Fukuoka,Part-time worker
2000600,加藤翔太,8,54,会計士,茨城県,Ibaraki,Accountant
2000601,古川久美子,12,33,主婦・主夫,千葉県,Chiba,Homemaker
2000602,原亜希子,1,31,建築士,北海道,Hokkaido,Architect
2000603,山口智也,14,26,コンサルタント,神奈川県,Kanagawa,Consultant
2000604,中島彩,35,46,会計士,山口県,Yamaguchi,Accountant
2000605,高橋義明,12,47,教員,千葉県,Chiba,Teacher
2000606,宮本瑞穂,27,54,漁業,大阪府,Osaka,Fisher
2000607,岡田香織,8,40,飲食業,茨城県,Ibaraki,Food service
2000608,小野誠,13,63,エンジニア,東京都,Tokyo,Engineer
2000609,大野沙織,11,25,教員,埼玉県,Saitama,Teacher
2000610,山崎哲也,47,26,年金受給者,沖縄県,Okinawa,Pensioner
2000611,岡本孝之,21,43,美容師,岐阜県,Gifu,Hairdresser
2000612,宮崎愛,13,73,会計士,東京都,Tokyo,Accountant
2000613,阿部正樹,14,55,販売員,神奈川県,Kanagawa,Retail staff
2000614,大野恵,28,42,教員,兵庫県,Hyogo,Teacher
2000615,村田義明,11,46,保育士,埼玉県,Saitama,Childcare worker
2000616,太田正樹,12,32,パート・アルバイト,千葉県,Chiba,Part-time worker
2000617,山下真一,10,38,美容師,群馬県,Gunma,Hairdresser
2000618,村上典子,44,63,建築士,大分県,Oita,Architect
2000619,星野由美,27,25,研究職,大阪府,Osaka,Researcher
2000620,太田大輝,24,63,飲食業,三重県,Mie,Food service
2000621,小川春香,11,62,研究職,埼玉県,Saitama,Researcher
2000622,近藤七海,40,41,研究職,福岡県,Fukuoka,Researcher
2000623,鈴木久美子,7,62,保育士,福島県,Fukushima,Childcare worker
2000624,桜井悠人,28,56,公務員,兵庫県,Hyogo,Public servant
2000625,宮崎智子,27,39,コンサルタント,大阪府,Osaka,Consultant
2000626,菅原達也,43,31,経理・財務,熊本県,Kumamoto,Accounting and finance
2000627,安藤大地,38,37,医師,愛媛県,Ehime,Physician
2000628,木村芽衣,11,37,薬剤師,埼玉県,Saitama,Pharmacist
2000629,竹内悠人,32,39,コンサルタント,島根県,Shimane,Consultant
2000630,野口結衣,40,29,運転手,福岡県,Fukuoka,Driver
2000631,阿部真央,22,52,その他,静岡県,Shizuoka,Other
2000632,田口雄大,13,47,コンサルタント,東京都,Tokyo,Consultant
2000633,阿部玲子,14,32,その他,神奈川県,Kanagawa,Other
2000634,長谷川典子,26,62,漁業,京都府,Kyoto,Fisher
2000635,村田京子,40,56,建築士,福岡県,Fukuoka,Architect
2000636,藤原莉子,1,75,教員,北海道,Hokkaido,Teacher
2000637,原田慎太郎,23,45,営業職,愛知県,Aichi,Sales
2000638,小野悠斗,19,20,デザイナー,山梨県,Yamanashi,Designer
2000639,宮崎秀樹,12,34,デザイナー,千葉県,Chiba,Designer
2000640,増田優,23,46,会計士,愛知県,Aichi,Accountant
2000641,本田楓,44,42,主婦・主夫,大分県,Oita,Homemaker
2000642,安藤光子,14,51,弁護士,神奈川県,Kanagawa,Lawyer
2000643,村田直樹,35,31,営業職,山口県,Yamaguchi,Sales
2000644,中川陽介,26,57,弁護士,京都府,Kyoto,Lawyer
2000645,山崎凛,45,35,自営業,宮崎県,Miyazaki,Self-employed
2000646,大塚蓮,2,61,農業,青森県,Aomori,Farmer
2000647,白石亮,29,70,飲食業,奈良県,Nara,Food service
2000648,藤井克彦,8,49,年金受給者,茨城県,Ibaraki,Pensioner
2000649,鈴木雄大,12,44,経理・財務,千葉県,Chiba,Accounting and finance
2000650,谷口亜希子,34,38,研究職,広島県,Hiroshima,Researcher
2000651,河野文子,13,51,飲食業,東京都,Tokyo,Food service
2000652,松尾光,13,22,保育士,東京都,Tokyo,Childcare worker
2000653,松本大地,10,41,保育士,群馬県,Gunma,Childcare worker
2000654,古川心春,27,42,年金受給者,大阪府,Osaka,Pensioner
2000655,東光子,23,43,エンジニア,愛知県,Aichi,Engineer
2000656,松井秀樹,25,46,コンサルタント,滋賀県,Shiga,Consultant
2000657,田口七海,17,49,薬剤師,石川県,Ishikawa,Pharmacist
2000658,長谷川楓,22,20,会社員,静岡県,Shizuoka,Company employee
2000659,長谷川誠,2,33,建築士,青森県,Aomori,Architect
2000660,橋本蓮,38,37,自営業,愛媛県,Ehime,Self-employed
2000661,大西京子,13,39,美容師,東京都,Tokyo,Hairdresser
2000662,岡本啓介,23,30,薬剤師,愛知県,Aichi,Pharmacist
2000663,林陽介,13,58,漁業,東京都,Tokyo,Fisher
2000664,松井裕子,29,53,パート・アルバイト,奈良県,Nara,Part-time worker
2000665,白石文子,27,47,主婦・主夫,大阪府,Osaka,Homemaker
2000666,西村凛,33,40,美容師,岡山県,Okayama,Hairdresser
2000667,白石沙織,10,60,営業職,群馬県,Gunma,Sales
2000668,藤田慎太郎,12,71,教員,千葉県,Chiba,Teacher
2000669,横田幸子,23,53,会社員,愛知県,Aichi,Company employee
2000670,佐藤直美,40,26,コンサルタント,福岡県,Fukuoka,Consultant
2000671,工藤美穂,10,34,エンジニア,群馬県,Gunma,Engineer
2000672,今井和子,7,59,建築士,福島県,Fukushima,Architect
2000673,河野隆志,47,26,会計士,沖縄県,Okinawa,Accountant
2000674,小林洋平,16,44,会計士,富山県,Toyama,Accountant
2000675,島田智子,32,41,運転手,島根県,Shimane,Driver
2000676,久保美穂,14,22,研究職,神奈川県,Kanagawa,Researcher
2000677,竹内翔太,13,31,飲食業,東京都,Tokyo,Food service
2000678,渡辺直美,24,39,漁業,三重県,Mie,Fisher
2000679,小島春香,39,59,建築士,高知県,Kochi,Architect
2000680,福田文子,27,31,経理・財務,大阪府,Osaka,Accounting and finance
2000681,斉藤京子,8,76,農業,茨城県,Ibaraki,Farmer
2000682,山口春香,25,73,研究職,滋賀県,Shiga,Researcher
2000683,今井由美,32,35,漁業,島根県,Shimane,Fisher
2000684,河野美穂,27,41,薬剤師,大阪府,Osaka,Pharmacist
2000685,木村光,1,33,薬剤師,北海道,Hokkaido,Pharmacist
2000686,青木彩,6,28,美容師,山形県,Yamagata,Hairdresser
2000687,安藤典子,44,38,会計士,大分県,Oita,Accountant
2000688,遠藤真一,14,59,飲食業,神奈川県,Kanagawa,Food service
2000689,宮本志保,23,41,美容師,愛知県,Aichi,Hairdresser
2000690,田村秀樹,38,47,年金受給者,愛媛県,Ehime,Pensioner
2000691,柴田一郎,27,68,保育士,大阪府,Osaka,Childcare worker
2000692,藤原駿,13,38,デザイナー,東京都,Tokyo,Designer
2000693,酒井大輝,18,31,弁護士,福井県,Fukui,Lawyer
2000694,加藤久美子,27,28,主婦・主夫,大阪府,Osaka,Homemaker
2000695,大野啓介,27,46,会社員,大阪府,Osaka,Company employee
2000696,岡本陽子,4,39,看護師,宮城県,Miyagi,Nurse
2000697,山口春香,37,52,販売員,香川県,Kagawa,Retail staff
2000698,飯田洋平,14,40,主婦・主夫,神奈川県,Kanagawa,Homemaker
2000699,後藤亮,40,42,営業職,福岡県,Fukuoka,Sales
2000700,加藤幸子,14,69,弁護士,神奈川県,Kanagawa,Lawyer
2000701,石川和子,1,36,教員,北海道,Hokkaido,Teacher
2000702,久保将也,13,39,パート・アルバイト,東京都,Tokyo,Part-time worker
2000703,岩崎浩二,13,38,年金受給者,東京都,Tokyo,Pensioner
2000704,武田智也,1,53,農業,北海道,Hokkaido,Farmer
2000705,高橋航,14,43,販売員,神奈川県,Kanagawa,Retail staff
2000706,上野愛,37,37,その他,香川県,Kagawa,Other
2000707,小野直美,17,62,医師,石川県,Ishikawa,Physician
2000708,原田直美,12,56,運転手,千葉県,Chiba,Driver
2000709,坂本光,29,45,運転手,奈良県,Nara,Driver
2000710,今井航,10,26,経理・財務,群馬県,Gunma,Accounting and finance
2000711,島田光,40,59,教員,福岡県,Fukuoka,Teacher
2000712,工藤直樹,35,39,主婦・主夫,山口県,Yamaguchi,Homemaker
2000713,斉藤悠人,12,32,会社員,千葉県,Chiba,Company employee
2000714,松尾瑞穂,27,78,エンジニア,大阪府,Osaka,Engineer
2000715,島田亮,23,29,学生,愛知県,Aichi,Student
2000716,原直樹,40,40,販売員,福岡県,Fukuoka,Retail staff
2000717,藤本洋平,27,31,研究職,大阪府,Osaka,Researcher
2000718,坂本悠人,1,22,会計士,北海道,Hokkaido,Accountant
2000719,藤本浩二,28,35,漁業,兵庫県,Hyogo,Fisher
2000720,浜田結衣,13,49,漁業,東京都,Tokyo,Fisher
2000721,井上孝之,32,25,美容師,島根県,Shimane,Hairdresser
2000722,内田典子,23,43,コンサルタント,愛知県,Aichi,Consultant
2000723,田中直美,41,37,公務員,佐賀県,Saga,Public servant
2000724,池田正樹,1,67,販売員,北海道,Hokkaido,Retail staff
2000725,小林健太,11,42,公務員,埼玉県,Saitama,Public servant
2000726,山口心春,28,46,デザイナー,兵庫県,Hyogo,Designer
2000727,佐藤京子,12,71,保育士,千葉県,Chiba,Childcare worker
2000728,高田光子,11,56,学生,埼玉県,Saitama,Student
2000729,吉田光子,13,50,販売員,東京都,Tokyo,Retail staff
2000730,大西陽子,41,57,美容師,佐賀県,Saga,Hairdresser
2000731,岩崎陽介,19,56,コンサルタント,山梨県,Yamanashi,Consultant
2000732,桜井陸,13,41,運転手,東京都,Tokyo,Driver
2000733,今井裕子,16,21,営業職,富山県,Toyama,Sales
2000734,内田秀樹,9,22,コンサルタント,栃木県,Tochigi,Consultant
2000735,竹内和子,13,47,教員,東京都,Tokyo,Teacher
2000736,松本澪,28,20,薬剤師,兵庫県,Hyogo,Pharmacist
2000737,小松光,14,45,教員,神奈川県,Kanagawa,Teacher
2000738,白石結衣,11,52,会社員,埼玉県,Saitama,Company employee
2000739,斉藤光,30,38,会計士,和歌山県,Wakayama,Accountant
2000740,鈴木奈々,13,48,保育士,東京都,Tokyo,Childcare worker
2000741,中島節子,26,23,飲食業,京都府,Kyoto,Food service
2000742,小島秀樹,13,59,運転手,東京都,Tokyo,Driver
2000743,古川直樹,13,23,飲食業,東京都,Tokyo,Food service
2000744,伊藤亜希子,31,38,主婦・主夫,鳥取県,Tottori,Homemaker
2000745,藤田博之,13,40,営業職,東京都,Tokyo,Sales
2000746,太田駿,14,50,農業,神奈川県,Kanagawa,Farmer
2000747,金子一郎,6,37,経理・財務,山形県,Yamagata,Accounting and finance
2000748,久保慎太郎,7,58,自営業,福島県,Fukushima,Self-employed
2000749,杉本玲子,14,39,農業,神奈川県,Kanagawa,Farmer
2000750,小野裕子,11,48,保育士,埼玉県,Saitama,Childcare worker
2000751,松尾義明,10,49,建築士,群馬県,Gunma,Architect
2000752,竹内彩,32,34,学生,島根県,Shimane,Student
2000753,原莉子,23,20,パート・アルバイト,愛知県,Aichi,Part-time worker
2000754,西村陽介,31,47,会計士,鳥取県,Tottori,Accountant
2000755,伊藤航,12,37,研究職,千葉県,Chiba,Researcher
2000756,千葉和子,13,41,建築士,東京都,Tokyo,Architect
2000757,橋本悠人,13,57,建築士,東京都,Tokyo,Architect
2000758,丸山由美,14,43,弁護士,神奈川県,Kanagawa,Lawyer
2000759,安田涼太,13,21,主婦・主夫,東京都,Tokyo,Homemaker
2000760,後藤彩,23,25,美容師,愛知県,Aichi,Hairdresser
2000761,伊藤亜希子,46,42,学生,鹿児島県,Kagoshima,Student
2000762,斉藤由美,43,33,飲食業,熊本県,Kumamoto,Food service
2000763,渡辺京子,27,56,年金受給者,大阪府,Osaka,Pensioner
2000764,佐野博之,24,23,薬剤師,三重県,Mie,Pharmacist
2000765,市川和也,14,61,飲食業,神奈川県,Kanagawa,Food service
2000766,市川大輝,23,52,自営業,愛知県,Aichi,Self-employed
2000767,青木拓也,11,44,保育士,埼玉県,Saitama,Childcare worker
2000768,千葉文子,1,53,営業職,北海道,Hokkaido,Sales
2000769,安藤春香,38,66,エンジニア,愛媛県,Ehime,Engineer
2000770,和田陽子,23,33,公務員,愛知県,Aichi,Public servant
2000771,中島香織,13,47,デザイナー,東京都,Tokyo,Designer
2000772,和田志保,24,40,年金受給者,三重県,Mie,Pensioner
2000773,清水陽子,15,33,飲食業,新潟県,Niigata,Food service
2000774,清水葵,23,59,教員,愛知県,Aichi,Teacher
2000775,長谷川朱莉,27,42,年金受給者,大阪府,Osaka,Pensioner
2000776,前田優,46,59,その他,鹿児島県,Kagoshima,Other
2000777,後藤香織,28,42,年金受給者,兵庫県,Hyogo,Pensioner
2000778,伊藤康平,14,42,主婦・主夫,神奈川県,Kanagawa,Homemaker
2000779,前田悠斗,22,40,医師,静岡県,Shizuoka,Physician
2000780,松井隆志,35,50,パート・アルバイト,山口県,Yamaguchi,Part-time worker
2000781,小野陽子,13,32,年金受給者,東京都,Tokyo,Pensioner
2000782,桜井大地,13,38,飲食業,東京都,Tokyo,Food service
2000783,横山美咲,27,52,営業職,大阪府,Osaka,Sales
2000784,市川葵,27,52,年金受給者,大阪府,Osaka,Pensioner
2000785,西村博之,34,79,パート・アルバイト,広島県,Hiroshima,Part-time worker
2000786,佐藤幸子,40,37,農業,福岡県,Fukuoka,Farmer
2000787,山下克彦,11,59,年金受給者,埼玉県,Saitama,Pensioner
2000788,中島一郎,23,48,教員,愛知県,Aichi,Teacher
2000789,井上由美,12,22,建築士,千葉県,Chiba,Architect
2000790,森蓮,12,49,パート・アルバイト,千葉県,Chiba,Part-time worker
2000791,新井康平,22,41,漁業,静岡県,Shizuoka,Fisher
2000792,渡辺陽介,27,49,販売員,大阪府,Osaka,Retail staff
2000793,高田瑞穂,26,61,農業,京都府,Kyoto,Farmer
2000794,井上文子,13,31,漁業,東京都,Tokyo,Fisher
2000795,佐野心春,22,29,看護師,静岡県,Shizuoka,Nurse
2000796,杉本愛,13,60,公務員,東京都,Tokyo,Public servant
2000797,増田智子,1,49,漁業,北海道,Hokkaido,Fisher
2000798,大野悠斗,2,41,運転手,青森県,Aomori,Driver
2000799,谷口航,12,51,看護師,千葉県,Chiba,Nurse
2000800,島田心春,44,34,弁護士,大分県,Oita,Lawyer
2000801,村田奈々,9,25,農業,栃木県,Tochigi,Farmer
2000802,阿部美咲,26,59,主婦・主夫,京都府,Kyoto,Homemaker
2000803,松尾由美,14,49,経理・財務,神奈川県,Kanagawa,Accounting and finance
2000804,原田健太,12,44,会社員,千葉県,Chiba,Company employee
2000805,阿部蓮,9,66,営業職,栃木県,Tochigi,Sales
2000806,長谷川京子,23,23,デザイナー,愛知県,Aichi,Designer
2000807,小林心春,14,52,経理・財務,神奈川県,Kanagawa,Accounting and finance
2000808,滝沢楓,10,39,漁業,群馬県,Gunma,Fisher
2000809,中村葵,40,20,自営業,福岡県,Fukuoka,Self-employed
2000810,工藤澪,13,22,販売員,東京都,Tokyo,Retail staff
2000811,河野亜希子,42,44,医師,長崎県,Nagasaki,Physician
2000812,山口智子,35,32,教員,山口県,Yamaguchi,Teacher
2000813,平野一郎,26,31,教員,京都府,Kyoto,Teacher
2000814,大野陸,24,39,公務員,三重県,Mie,Public servant
2000815,山本隆志,40,61,運転手,福岡県,Fukuoka,Driver
2000816,篠原洋平,27,47,薬剤師,大阪府,Osaka,Pharmacist
2000817,星野彩,27,44,会計士,大阪府,Osaka,Accountant
2000818,金子真一,14,25,保育士,神奈川県,Kanagawa,Childcare worker
2000819,酒井洋子,17,64,デザイナー,石川県,Ishikawa,Designer
2000820,藤田正樹,12,25,会計士,千葉県,Chiba,Accountant
2000821,原田心春,43,59,農業,熊本県,Kumamoto,Farmer
2000822,岡田洋平,42,74,農業,長崎県,Nagasaki,Farmer
2000823,坂本駿,21,27,弁護士,岐阜県,Gifu,Lawyer
2000824,近藤和子,12,33,会計士,千葉県,Chiba,Accountant
2000825,宮本隆志,27,24,コンサルタント,大阪府,Osaka,Consultant
2000826,佐藤凛,14,39,学生,神奈川県,Kanagawa,Student
2000827,野口真央,23,58,医師,愛知県,Aichi,Physician
2000828,武田楓,14,52,販売員,神奈川県,Kanagawa,Retail staff
2000829,飯田澪,14,39,営業職,神奈川県,Kanagawa,Sales
2000830,藤本蓮,9,44,エンジニア,栃木県,Tochigi,Engineer
2000831,渡部芽衣,34,46,主婦・主夫,広島県,Hiroshima,Homemaker
2000832,安田真央,27,50,公務員,大阪府,Osaka,Public servant
2000833,宮崎凛,18,28,営業職,福井県,Fukui,Sales
2000834,山下正樹,18,37,医師,福井県,Fukui,Physician
2000835,木下祐樹,13,68,飲食業,東京都,Tokyo,Food service
2000836,岩崎智也,14,57,主婦・主夫,神奈川県,Kanagawa,Homemaker
2000837,今井哲也,40,26,会計士,福岡県,Fukuoka,Accountant
2000838,松岡七海,13,44,会社員,東京都,Tokyo,Company employee
2000839,木下奈々,11,72,薬剤師,埼玉県,Saitama,Pharmacist
2000840,岡本沙織,28,69,看護師,兵庫県,Hyogo,Nurse
2000841,佐藤春香,21,22,学生,岐阜県,Gifu,Student
2000842,斎藤彩,29,32,看護師,奈良県,Nara,Nurse
2000843,中島光,3,36,パート・アルバイト,岩手県,Iwate,Part-time worker
2000844,杉本隆志,24,50,研究職,三重県,Mie,Researcher
2000845,谷口奈々,7,47,学生,福島県,Fukushima,Student
2000846,木村涼太,27,44,医師,大阪府,Osaka,Physician
2000847,篠原春香,22,57,看護師,静岡県,Shizuoka,Nurse
2000848,山口涼太,11,38,営業職,埼玉県,Saitama,Sales
2000849,和田恵,33,50,営業職,岡山県,Okayama,Sales
2000850,吉田将也,13,74,コンサルタント,東京都,Tokyo,Consultant
2000851,佐々木優,14,56,会社員,神奈川県,Kanagawa,Company employee
2000852,山田隆志,13,33,保育士,東京都,Tokyo,Childcare worker
2000853,横田陽介,2,51,公務員,青森県,Aomori,Public servant
2000854,横山千尋,11,50,主婦・主夫,埼玉県,Saitama,Homemaker
2000855,吉田英樹,21,34,薬剤師,岐阜県,Gifu,Pharmacist
2000856,高橋達也,2,45,薬剤師,青森県,Aomori,Pharmacist
2000857,上田大地,45,59,医師,宮崎県,Miyazaki,Physician
2000858,島田典子,7,40,会計士,福島県,Fukushima,Accountant
2000859,金子文子,11,50,運転手,埼玉県,Saitama,Driver
2000860,斎藤彩,40,75,年金受給者,福岡県,Fukuoka,Pensioner
2000861,白石啓介,12,55,エンジニア,千葉県,Chiba,Engineer
2000862,中村美穂,21,32,販売員,岐阜県,Gifu,Retail staff
2000863,大西瑞穂,14,35,建築士,神奈川県,Kanagawa,Architect
2000864,松本愛,14,43,運転手,神奈川県,Kanagawa,Driver
2000865,野村優,19,38,その他,山梨県,Yamanashi,Other
2000866,藤田義明,12,51,その他,千葉県,Chiba,Other
2000867,内田典子,16,32,デザイナー,富山県,Toyama,Designer
2000868,松本涼太,27,22,漁業,大阪府,Osaka,Fisher
2000869,高田駿,40,50,パート・アルバイト,福岡県,Fukuoka,Part-time worker
2000870,松岡雄大,27,24,建築士,大阪府,Osaka,Architect
2000871,金子浩二,9,63,自営業,栃木県,Tochigi,Self-employed
2000872,田村沙織,14,47,農業,神奈川県,Kanagawa,Farmer
2000873,市川亮,28,49,販売員,兵庫県,Hyogo,Retail staff
2000874,山田悠人,1,41,看護師,北海道,Hokkaido,Nurse
2000875,山下葵,19,35,学生,山梨県,Yamanashi,Student
2000876,木村洋平,1,46,会計士,北海道,Hokkaido,Accountant
2000877,竹内航,1,58,農業,北海道,Hokkaido,Farmer
2000878,橋本典子,13,33,年金受給者,東京都,Tokyo,Pensioner
2000879,吉田沙織,5,60,経理・財務,秋田県,Akita,Accounting and finance
2000880,上田博之,23,30,販売員,愛知県,Aichi,Retail staff
2000881,宮本陽介,40,28,教員,福岡県,Fukuoka,Teacher
2000882,小野慎太郎,28,43,エンジニア,兵庫県,Hyogo,Engineer
2000883,島田恵,19,63,主婦・主夫,山梨県,Yamanashi,Homemaker
2000884,阿部克彦,14,34,看護師,神奈川県,Kanagawa,Nurse
2000885,藤井陸,26,60,デザイナー,京都府,Kyoto,Designer
2000886,藤田玲子,14,43,年金受給者,神奈川県,Kanagawa,Pensioner
2000887,水野翔太,27,32,デザイナー,大阪府,Osaka,Designer
2000888,菊地恵,27,46,公務員,大阪府,Osaka,Public servant
2000889,久保玲子,14,30,学生,神奈川県,Kanagawa,Student
2000890,三浦悠人,2,63,薬剤師,青森県,Aomori,Pharmacist
2000891,浜田洋平,23,73,薬剤師,愛知県,Aichi,Pharmacist
2000892,藤田大地,11,66,建築士,埼玉県,Saitama,Architect
2000893,井上由美,28,51,公務員,兵庫県,Hyogo,Public servant
2000894,竹内恵,22,38,自営業,静岡県,Shizuoka,Self-employed
2000895,伊藤雄大,45,73,会計士,宮崎県,Miyazaki,Accountant
2000896,大塚真央,34,44,デザイナー,広島県,Hiroshima,Designer
2000897,近藤真央,13,31,美容師,東京都,Tokyo,Hairdresser
2000898,田口涼太,13,27,建築士,東京都,Tokyo,Architect
2000899,三浦千尋,3,38,会計士,岩手県,Iwate,Accountant
2000900,石井光,20,78,会社員,長野県,Nagano,Company employee
2000901,河野香織,14,50,デザイナー,神奈川県,Kanagawa,Designer
2000902,村上莉子,14,35,デザイナー,神奈川県,Kanagawa,Designer
2000903,山田陽子,45,33,会社員,宮崎県,Miyazaki,Company employee
2000904,前田将也,22,30,看護師,静岡県,Shizuoka,Nurse
2000905,菅原祐樹,12,40,医師,千葉県,Chiba,Physician
2000906,青木和也,1,29,会計士,北海道,Hokkaido,Accountant
2000907,原恵,27,31,会社員,大阪府,Osaka,Company employee
2000908,斉藤康平,13,42,教員,東京都,Tokyo,Teacher
2000909,井上心春,36,20,公務員,徳島県,Tokushima,Public servant
2000910,松本和子,34,39,学生,広島県,Hiroshima,Student
2000911,清水将也,12,38,農業,千葉県,Chiba,Farmer
2000912,渡辺葵,21,32,経理・財務,岐阜県,Gifu,Accounting and finance
2000913,水野玲子,13,59,エンジニア,東京都,Tokyo,Engineer
2000914,佐野幸子,28,49,建築士,兵庫県,Hyogo,Architect
2000915,渡辺航,43,42,その他,熊本県,Kumamoto,Other
2000916,小島澪,27,50,パート・アルバイト,大阪府,Osaka,Part-time worker
2000917,福田雄大,23,36,保育士,愛知県,Aichi,Childcare worker
2000918,浜田光,5,53,漁業,秋田県,Akita,Fisher
2000919,小野翔太,36,49,経理・財務,徳島県,Tokushima,Accounting and finance
2000920,安藤奈々,36,37,パート・アルバイト,徳島県,Tokushima,Part-time worker
2000921,安田凛,23,59,経理・財務,愛知県,Aichi,Accounting and finance
2000922,柴田誠,27,42,経理・財務,大阪府,Osaka,Accounting and finance
2000923,長谷川悠斗,46,67,デザイナー,鹿児島県,Kagoshima,Designer
2000924,鈴木誠,46,55,営業職,鹿児島県,Kagoshima,Sales
2000925,石井駿,28,53,薬剤師,兵庫県,Hyogo,Pharmacist
2000926,横田慎太郎,27,33,パート・アルバイト,大阪府,Osaka,Part-time worker
2000927,小川洋平,14,69,その他,神奈川県,Kanagawa,Other
2000928,小野陽子,17,25,販売員,石川県,Ishikawa,Retail staff
2000929,高橋洋平,14,36,農業,神奈川県,Kanagawa,Farmer
2000930,本田大地,6,67,会計士,山形県,Yamagata,Accountant
2000931,久保奈々,12,26,建築士,千葉県,Chiba,Architect
2000932,白石沙織,23,23,運転手,愛知県,Aichi,Driver
2000933,木村大地,17,61,運転手,石川県,Ishikawa,Driver
2000934,木下春香,21,47,保育士,岐阜県,Gifu,Childcare worker
2000935,横田誠,10,75,運転手,群馬県,Gunma,Driver
2000936,桜井拓也,4,40,医師,宮城県,Miyagi,Physician
2000937,原玲子,13,28,パート・アルバイト,東京都,Tokyo,Part-time worker
2000938,林航,31,60,保育士,鳥取県,Tottori,Childcare worker
2000939,水野沙織,28,26,会社員,兵庫県,Hyogo,Company employee
2000940,篠原正樹,27,47,美容師,大阪府,Osaka,Hairdresser
2000941,池田瑞穂,8,35,漁業,茨城県,Ibaraki,Fisher
2000942,井上七海,23,30,保育士,愛知県,Aichi,Childcare worker
2000943,安田光子,13,44,主婦・主夫,東京都,Tokyo,Homemaker
2000944,大西直美,25,20,看護師,滋賀県,Shiga,Nurse
2000945,山崎航,5,65,販売員,秋田県,Akita,Retail staff
2000946,岡本真一,28,74,自営業,兵庫県,Hyogo,Self-employed
2000947,宮崎一郎,22,37,漁業,静岡県,Shizuoka,Fisher
2000948,関桜,23,66,年金受給者,愛知県,Aichi,Pensioner
2000949,山下美咲,8,43,運転手,茨城県,Ibaraki,Driver
2000950,金子秀樹,14,69,看護師,神奈川県,Kanagawa,Nurse
2000951,渡部香織,14,24,美容師,神奈川県,Kanagawa,Hairdresser
2000952,本田駿,28,29,経理・財務,兵庫県,Hyogo,Accounting and finance
2000953,藤井一郎,13,48,自営業,東京都,Tokyo,Self-employed
2000954,滝沢莉子,14,57,パート・アルバイト,神奈川県,Kanagawa,Part-time worker
2000955,田村康平,45,35,経理・財務,宮崎県,Miyazaki,Accounting and finance
2000956,飯田志保,39,38,パート・アルバイト,高知県,Kochi,Part-time worker
2000957,福田拓也,20,58,会社員,長野県,Nagano,Company employee
2000958,佐野朱莉,43,54,薬剤師,熊本県,Kumamoto,Pharmacist
2000959,松田洋子,36,37,デザイナー,徳島県,Tokushima,Designer
2000960,清水智也,19,21,販売員,山梨県,Yamanashi,Retail staff
2000961,谷口真央,3,33,研究職,岩手県,Iwate,Researcher
2000962,宮崎健太,34,60,建築士,広島県,Hiroshima,Architect
2000963,菅原直美,26,48,研究職,京都府,Kyoto,Researcher
2000964,原美穂,1,54,コンサルタント,北海道,Hokkaido,Consultant
2000965,増田瑞穂,14,52,パート・アルバイト,神奈川県,Kanagawa,Part-time worker
2000966,阿部七海,26,20,公務員,京都府,Kyoto,Public servant
2000967,竹内誠,13,48,主婦・主夫,東京都,Tokyo,Homemaker
2000968,杉山恵,13,30,公務員,東京都,Tokyo,Public servant
2000969,杉本慎太郎,13,22,その他,東京都,Tokyo,Other
2000970,田口克彦,26,69,弁護士,京都府,Kyoto,Lawyer
2000971,野口啓介,10,39,パート・アルバイト,群馬県,Gunma,Part-time worker
2000972,河野玲子,21,47,デザイナー,岐阜県,Gifu,Designer
2000973,上田玲子,11,70,経理・財務,埼玉県,Saitama,Accounting and finance
2000974,西村誠,14,47,年金受給者,神奈川県,Kanagawa,Pensioner
2000975,谷口智子,23,51,学生,愛知県,Aichi,Student
2000976,木下裕子,14,24,運転手,神奈川県,Kanagawa,Driver
2000977,池田将也,18,76,研究職,福井県,Fukui,Researcher
2000978,山本雄大,12,42,弁護士,千葉県,Chiba,Lawyer
2000979,井上智子,45,57,営業職,宮崎県,Miyazaki,Sales
2000980,加藤浩二,13,55,農業,東京都,Tokyo,Farmer
2000981,白石節子,13,67,飲食業,東京都,Tokyo,Food service
2000982,関莉子,29,49,デザイナー,奈良県,Nara,Designer
2000983,森田康平,3,38,漁業,岩手県,Iwate,Fisher
2000984,市川雄大,40,56,農業,福岡県,Fukuoka,Farmer
2000985,大塚翔太,21,50,弁護士,岐阜県,Gifu,Lawyer
2000986,増田秀樹,13,31,エンジニア,東京都,Tokyo,Engineer
2000987,小川航,12,45,弁護士,千葉県,Chiba,Lawyer
2000988,大西拓也,18,40,看護師,福井県,Fukui,Nurse
2000989,林和也,27,27,飲食業,大阪府,Osaka,Food service
2000990,平野陽介,38,69,医師,愛媛県,Ehime,Physician
2000991,藤本一郎,40,59,飲食業,福岡県,Fukuoka,Food service
2000992,大西春香,14,43,主婦・主夫,神奈川県,Kanagawa,Homemaker
2000993,太田英樹,31,60,会社員,鳥取県,Tottori,Company employee
2000994,安田久美子,6,41,弁護士,山形県,Yamagata,Lawyer
2000995,安田香織,1,37,漁業,北海道,Hokkaido,Fisher
2000996,上田陽子,28,41,会計士,兵庫県,Hyogo,Accountant
2000997,谷口洋平,26,55,会社員,京都府,Kyoto,Company employee
2000998,中野文子,11,38,研究職,埼玉県,Saitama,Researcher
2000999,森田英樹,23,43,教員,愛知県,Aichi,Teacher
2001000,森田一郎,13,66,美容師,東京都,Tokyo,Hairdresser
2001001,平野一郎,9,35,漁業,栃木県,Tochigi,Fisher
2001002,藤原一郎,1,28,農業,北海道,Hokkaido,Farmer
2001003,安藤博之,40,55,営業職,福岡県,Fukuoka,Sales
2001004,篠原祐樹,11,37,学生,埼玉県,Saitama,Student
2001005,酒井七海,11,22,弁護士,埼玉県,Saitama,Lawyer
2001006,松本智子,24,47,医師,三重県,Mie,Physician
2001007,杉山洋子,12,23,パート・アルバイト,千葉県,Chiba,Part-time worker
2001008,斉藤洋子,40,29,漁業,福岡県,Fukuoka,Fisher
2001009,木下愛,28,54,エンジニア,兵庫県,Hyogo,Engineer
2001010,坂本慎太郎,13,63,デザイナー,東京都,Tokyo,Designer
2001011,竹内優,16,55,建築士,富山県,Toyama,Architect
2001012,大西拓也,10,58,薬剤師,群馬県,Gunma,Pharmacist
2001013,原由美,28,29,研究職,兵庫県,Hyogo,Researcher
2001014,佐々木瑞穂,28,52,自営業,兵庫県,Hyogo,Self-employed
2001015,横田春香,3,63,会社員,岩手県,Iwate,Company employee
2001016,和田克彦,1,41,デザイナー,北海道,Hokkaido,Designer
2001017,工藤恵,34,38,コンサルタント,広島県,Hiroshima,Consultant
2001018,渡辺英樹,15,50,公務員,新潟県,Niigata,Public servant
2001019,野口秀樹,11,46,運転手,埼玉県,Saitama,Driver
2001020,渡辺七海,14,42,年金受給者,神奈川県,Kanagawa,Pensioner
2001021,大野達也,13,62,弁護士,東京都,Tokyo,Lawyer
2001022,谷口英樹,41,34,運転手,佐賀県,Saga,Driver
2001023,星野翔太,11,65,保育士,埼玉県,Saitama,Childcare worker
2001024,横山結衣,27,21,営業職,大阪府,Osaka,Sales
2001025,三浦将也,40,32,自営業,福岡県,Fukuoka,Self-employed
2001026,中川康平,42,48,自営業,長崎県,Nagasaki,Self-employed
2001027,横山雄大,40,27,経理・財務,福岡県,Fukuoka,Accounting and finance
2001028,大塚沙織,9,56,その他,栃木県,Tochigi,Other
2001029,石田優,5,53,その他,秋田県,Akita,Other
2001030,安藤慎太郎,30,50,年金受給者,和歌山県,Wakayama,Pensioner
2001031,横田智子,32,69,販売員,島根県,Shimane,Retail staff
2001032,上野達也,46,51,デザイナー,鹿児島県,Kagoshima,Designer
2001033,橋本香織,23,21,医師,愛知県,Aichi,Physician
2001034,鈴木文子,5,24,薬剤師,秋田県,Akita,Pharmacist
2001035,野口典子,23,42,パート・アルバイト,愛知県,Aichi,Part-time worker
2001036,長谷川結衣,13,50,薬剤師,東京都,Tokyo,Pharmacist
2001037,小松典子,40,66,その他,福岡県,Fukuoka,Other
2001038,森田洋子,33,31,年金受給者,岡山県,Okayama,Pensioner
2001039,中島哲也,1,53,漁業,北海道,Hokkaido,Fisher
2001040,酒井瑞穂,15,33,自営業,新潟県,Niigata,Self-employed
2001041,小島悠人,18,33,公務員,福井県,Fukui,Public servant
2001042,石井七海,40,54,年金受給者,福岡県,Fukuoka,Pensioner
2001043,長谷川春香,35,51,漁業,山口県,Yamaguchi,Fisher
2001044,松尾浩二,27,46,運転手,大阪府,Osaka,Driver
2001045,横田陸,20,60,会計士,長野県,Nagano,Accountant
2001046,横田拓也,4,57,コンサルタント,宮城県,Miyagi,Consultant
2001047,柴田春香,15,29,美容師,新潟県,Niigata,Hairdresser
2001048,藤本莉子,27,52,弁護士,大阪府,Osaka,Lawyer
2001049,大西洋平,27,44,教員,大阪府,Osaka,Teacher
2001050,西村沙織,27,35,会計士,大阪府,Osaka,Accountant
2001051,青木千尋,38,21,会社員,愛媛県,Ehime,Company employee
2001052,原田拓也,22,34,その他,静岡県,Shizuoka,Other
2001053,藤田和子,27,42,公務員,大阪府,Osaka,Public servant
2001054,横田哲也,7,45,看護師,福島県,Fukushima,Nurse
2001055,久保桜,27,41,年金受給者,大阪府,Osaka,Pensioner
2001056,松尾義明,41,38,研究職,佐賀県,Saga,Researcher
2001057,鈴木心春,3,67,エンジニア,岩手県,Iwate,Engineer
2001058,大西志保,10,46,主婦・主夫,群馬県,Gunma,Homemaker
2001059,小島一郎,31,77,会計士,鳥取県,Tottori,Accountant
2001060,森達也,30,26,公務員,和歌山県,Wakayama,Public servant
2001061,水野航,8,24,美容師,茨城県,Ibaraki,Hairdresser
2001062,島田智也,40,48,漁業,福岡県,Fukuoka,Fisher
2001063,杉本航,11,57,漁業,埼玉県,Saitama,Fisher
2001064,西村亜希子,27,29,パート・アルバイト,大阪府,Osaka,Part-time worker
2001065,鈴木涼太,28,60,公務員,兵庫県,Hyogo,Public servant
2001066,滝沢裕子,14,30,会社員,神奈川県,Kanagawa,Company employee
2001067,近藤和也,6,45,保育士,山形県,Yamagata,Childcare worker
2001068,渡部和子,28,45,学生,兵庫県,Hyogo,Student
2001069,星野直樹,16,57,教員,富山県,Toyama,Teacher
2001070,吉田葵,38,36,運転手,愛媛県,Ehime,Driver
2001071,斎藤和子,16,42,パート・アルバイト,富山県,Toyama,Part-time worker
2001072,菅原英樹,37,25,研究職,香川県,Kagawa,Researcher
2001073,千葉亜希子,14,72,公務員,神奈川県,Kanagawa,Public servant
2001074,山田光子,34,78,主婦・主夫,広島県,Hiroshima,Homemaker
2001075,木村春香,13,32,経理・財務,東京都,Tokyo,Accounting and finance
2001076,石井正樹,14,57,教員,神奈川県,Kanagawa,Teacher
2001077,大西奈々,28,25,営業職,兵庫県,Hyogo,Sales
2001078,前田哲也,47,40,主婦・主夫,沖縄県,Okinawa,Homemaker
2001079,河野一郎,35,58,弁護士,山口県,Yamaguchi,Lawyer
2001080,林拓也,16,32,漁業,富山県,Toyama,Fisher
2001081,杉本節子,11,40,エンジニア,埼玉県,Saitama,Engineer
2001082,森涼太,39,56,自営業,高知県,Kochi,Self-employed
2001083,中村春香,28,50,運転手,兵庫県,Hyogo,Driver
2001084,松田裕子,1,40,会計士,北海道,Hokkaido,Accountant
2001085,丸山久美子,46,36,経理・財務,鹿児島県,Kagoshima,Accounting and finance
2001086,宮崎正樹,42,38,運転手,長崎県,Nagasaki,Driver
2001087,鈴木浩二,47,26,公務員,沖縄県,Okinawa,Public servant
2001088,岡田香織,14,48,会計士,神奈川県,Kanagawa,Accountant
2001089,野口拓也,35,57,自営業,山口県,Yamaguchi,Self-employed
2001090,安藤真一,40,65,運転手,福岡県,Fukuoka,Driver
2001091,河野心春,3,35,医師,岩手県,Iwate,Physician
2001092,坂本沙織,9,54,公務員,栃木県,Tochigi,Public servant
2001093,藤田沙織,23,37,運転手,愛知県,Aichi,Driver
2001094,田中由美,27,24,研究職,大阪府,Osaka,Researcher
2001095,古川洋子,13,36,デザイナー,東京都,Tokyo,Designer
2001096,杉山悠人,12,43,営業職,千葉県,Chiba,Sales
2001097,松本健太,27,45,パート・アルバイト,大阪府,Osaka,Part-time worker
2001098,鈴木裕子,27,49,漁業,大阪府,Osaka,Fisher
2001099,大野陽子,13,39,弁護士,東京都,Tokyo,Lawyer
2001100,松尾葵,1,34,その他,北海道,Hokkaido,Other
2001101,小島楓,17,31,コンサルタント,石川県,Ishikawa,Consultant
2001102,藤田美咲,23,49,営業職,愛知県,Aichi,Sales
2001103,本田恵,35,48,コンサルタント,山口県,Yamaguchi,Consultant
2001104,松尾智也,5,32,学生,秋田県,Akita,Student
2001105,金子翔太,1,61,営業職,北海道,Hokkaido,Sales
2001106,内田美穂,45,41,自営業,宮崎県,Miyazaki,Self-employed
2001107,松本和也,41,61,会計士,佐賀県,Saga,Accountant
2001108,坂本光子,13,40,その他,東京都,Tokyo,Other
2001109,田中洋平,22,52,販売員,静岡県,Shizuoka,Retail staff
2001110,小松蓮,38,27,会社員,愛媛県,Ehime,Company employee
2001111,阿部大地,23,42,公務員,愛知県,Aichi,Public servant
2001112,小川一郎,13,44,農業,東京都,Tokyo,Farmer
2001113,大塚雄大,14,53,年金受給者,神奈川県,Kanagawa,Pensioner
2001114,遠藤沙織,11,32,農業,埼玉県,Saitama,Farmer
2001115,滝沢亮,1,34,飲食業,北海道,Hokkaido,Food service
2001116,高木七海,47,42,販売員,沖縄県,Okinawa,Retail staff
2001117,星野和也,13,34,美容師,東京都,Tokyo,Hairdresser
2001118,小林愛,17,35,年金受給者,石川県,Ishikawa,Pensioner
2001119,市川翔太,26,40,飲食業,京都府,Kyoto,Food service
2001120,斉藤翔太,3,41,会計士,岩手県,Iwate,Accountant
2001121,小川典子,1,73,研究職,北海道,Hokkaido,Researcher
2001122,古川結衣,22,44,自営業,静岡県,Shizuoka,Self-employed
2001123,野口悠人,6,60,主婦・主夫,山形県,Yamagata,Homemaker
2001124,松井玲子,6,52,看護師,山形県,Yamagata,Nurse
2001125,藤井節子,27,42,経理・財務,大阪府,Osaka,Accounting and finance
2001126,山下祐樹,11,32,飲食業,埼玉県,Saitama,Food service
2001127,竹内智也,29,31,医師,奈良県,Nara,Physician
2001128,上野悠人,22,52,デザイナー,静岡県,Shizuoka,Designer
2001129,石井美咲,27,32,漁業,大阪府,Osaka,Fisher
2001130,山崎大地,9,32,美容師,栃木県,Tochigi,Hairdresser
2001131,太田秀樹,40,60,看護師,福岡県,Fukuoka,Nurse
2001132,村上博之,41,30,薬剤師,佐賀県,Saga,Pharmacist
2001133,福田孝之,18,24,弁護士,福井県,Fukui,Lawyer
2001134,岡田愛,12,51,薬剤師,千葉県,Chiba,Pharmacist
2001135,新井英樹,13,32,漁業,東京都,Tokyo,Fisher
2001136,長谷川健太,11,45,その他,埼玉県,Saitama,Other
2001137,西村沙織,39,52,薬剤師,高知県,Kochi,Pharmacist
2001138,松井愛,2,53,看護師,青森県,Aomori,Nurse
2001139,柴田朱莉,13,24,保育士,東京都,Tokyo,Childcare worker
2001140,伊藤正樹,33,57,その他,岡山県,Okayama,Other
2001141,佐々木真央,13,77,学生,東京都,Tokyo,Student
2001142,田村朱莉,12,66,販売員,千葉県,Chiba,Retail staff
2001143,大塚祐樹,40,39,公務員,福岡県,Fukuoka,Public servant
2001144,浜田志保,28,43,研究職,兵庫県,Hyogo,Researcher
2001145,本田蓮,22,61,デザイナー,静岡県,Shizuoka,Designer
2001146,杉山久美子,35,49,年金受給者,山口県,Yamaguchi,Pensioner
2001147,池田航,35,35,販売員,山口県,Yamaguchi,Retail staff
2001148,菊地啓介,27,49,経理・財務,大阪府,Osaka,Accounting and finance
2001149,星野彩,39,39,農業,高知県,Kochi,Farmer
2001150,小林美穂,12,53,弁護士,千葉県,Chiba,Lawyer
2001151,丸山光子,39,68,デザイナー,高知県,Kochi,Designer
2001152,田口雄大,23,64,会計士,愛知県,Aichi,Accountant
2001153,岡本陸,36,27,建築士,徳島県,Tokushima,Architect
2001154,市川文子,8,68,美容師,茨城県,Ibaraki,Hairdresser
2001155,野口美穂,7,35,研究職,福島県,Fukushima,Researcher
2001156,高木航,17,54,公務員,石川県,Ishikawa,Public servant
2001157,坂本直樹,25,44,営業職,滋賀県,Shiga,Sales
2001158,浜田彩,13,41,農業,東京都,Tokyo,Farmer
2001159,大野奈々,23,57,その他,愛知県,Aichi,Other
2001160,森亮,25,66,美容師,滋賀県,Shiga,Hairdresser
2001161,遠藤陽子,26,38,デザイナー,京都府,Kyoto,Designer
2001162,今井涼太,40,39,運転手,福岡県,Fukuoka,Driver
2001163,篠原文子,6,31,飲食業,山形県,Yamagata,Food service
2001164,太田悠人,19,31,保育士,山梨県,Yamanashi,Childcare worker
2001165,中山康平,13,38,農業,東京都,Tokyo,Farmer
2001166,松本亮,18,34,建築士,福井県,Fukui,Architect
2001167,山本奈々,1,24,販売員,北海道,Hokkaido,Retail staff
2001168,鈴木葵,14,54,弁護士,神奈川県,Kanagawa,Lawyer
2001169,大野和子,22,44,公務員,静岡県,Shizuoka,Public servant
2001170,野村楓,26,49,主婦・主夫,京都府,Kyoto,Homemaker
2001171,高木直美,46,57,デザイナー,鹿児島県,Kagoshima,Designer
2001172,宮本志保,4,20,会社員,宮城県,Miyagi,Company employee
2001173,村田光,27,48,会計士,大阪府,Osaka,Accountant
2001174,丸山亮,4,32,公務員,宮城県,Miyagi,Public servant
2001175,浜田雄大,1,37,農業,北海道,Hokkaido,Farmer
2001176,小島亮,9,78,弁護士,栃木県,Tochigi,Lawyer
2001177,松井香織,29,50,会社員,奈良県,Nara,Company employee
2001178,山下心春,13,38,公務員,東京都,Tokyo,Public servant
2001179,佐野駿,17,40,弁護士,石川県,Ishikawa,Lawyer
2001180,渡部芽衣,27,40,学生,大阪府,Osaka,Student
2001181,滝沢祐樹,17,38,会社員,石川県,Ishikawa,Company employee
2001182,村上莉子,17,36,コンサルタント,石川県,Ishikawa,Consultant
2001183,渡辺由美,43,51,保育士,熊本県,Kumamoto,Childcare worker
2001184,安田誠,18,38,医師,福井県,Fukui,Physician
2001185,菅原健太,13,41,年金受給者,東京都,Tokyo,Pensioner
2001186,松尾蓮,32,48,その他,島根県,Shimane,Other
2001187,山口正樹,13,54,会社員,東京都,Tokyo,Company employee
2001188,太田亮,38,20,医師,愛媛県,Ehime,Physician
2001189,安藤志保,34,68,営業職,広島県,Hiroshima,Sales
2001190,小野博之,14,45,薬剤師,神奈川県,Kanagawa,Pharmacist
2001191,渡部美咲,27,58,パート・アルバイト,大阪府,Osaka,Part-time worker
2001192,小野香織,12,43,農業,千葉県,Chiba,Farmer
2001193,石田陽介,13,45,エンジニア,東京都,Tokyo,Engineer
2001194,中村秀樹,40,33,飲食業,福岡県,Fukuoka,Food service
2001195,高木陽介,33,42,会社員,岡山県,Okayama,Company employee
2001196,松本将也,40,23,パート・アルバイト,福岡県,Fukuoka,Part-time worker
2001197,安田博之,12,39,看護師,千葉県,Chiba,Nurse
2001198,斎藤幸子,39,27,学生,高知県,Kochi,Student
2001199,千葉義明,1,33,その他,北海道,Hokkaido,Other
2001200,白石浩二,13,46,自営業,東京都,Tokyo,Self-employed
2001201,三浦美咲,23,49,学生,愛知県,Aichi,Student
2001202,高田朱莉,29,30,農業,奈良県,Nara,Farmer
2001203,小島悠人,23,68,公務員,愛知県,Aichi,Public servant
2001204,飯田美穂,23,53,エンジニア,愛知県,Aichi,Engineer
2001205,中山真一,38,48,薬剤師,愛媛県,Ehime,Pharmacist
2001206,佐々木愛,13,41,営業職,東京都,Tokyo,Sales
2001207,村上芽衣,19,31,主婦・主夫,山梨県,Yamanashi,Homemaker
2001208,杉本亮,12,58,漁業,千葉県,Chiba,Fisher
2001209,岩崎秀樹,4,27,自営業,宮城県,Miyagi,Self-employed
2001210,上野京子,45,36,漁業,宮崎県,Miyazaki,Fisher
2001211,藤原京子,15,68,保育士,新潟県,Niigata,Childcare worker
2001212,宮崎香織,28,51,コンサルタント,兵庫県,Hyogo,Consultant
2001213,松田亮,40,75,主婦・主夫,福岡県,Fukuoka,Homemaker
2001214,桜井文子,33,55,デザイナー,岡山県,Okayama,Designer
2001215,斎藤真一,40,59,その他,福岡県,Fukuoka,Other
2001216,森田隆志,7,57,看護師,福島県,Fukushima,Nurse
2001217,大西博之,10,73,自営業,群馬県,Gunma,Self-employed
2001218,佐藤康平,32,33,研究職,島根県,Shimane,Researcher
2001219,松岡康平,14,31,年金受給者,神奈川県,Kanagawa,Pensioner
2001220,太田大地,27,52,会社員,大阪府,Osaka,Company employee
2001221,菅原奈々,13,54,運転手,東京都,Tokyo,Driver
2001222,小島克彦,9,60,農業,栃木県,Tochigi,Farmer
2001223,渡部光,23,64,飲食業,愛知県,Aichi,Food service
2001224,田中祐樹,20,52,教員,長野県,Nagano,Teacher
2001225,竹内健太,12,59,農業,千葉県,Chiba,Farmer
2001226,木村陸,13,43,薬剤師,東京都,Tokyo,Pharmacist
2001227,宮本由美,20,42,自営業,長野県,Nagano,Self-employed
2001228,青木和子,14,34,コンサルタント,神奈川県,Kanagawa,Consultant
2001229,藤原和也,12,38,弁護士,千葉県,Chiba,Lawyer
2001230,木村典子,19,21,飲食業,山梨県,Yamanashi,Food service
2001231,小林英樹,12,71,経理・財務,千葉県,Chiba,Accounting and finance
2001232,菊地悠斗,2,41,パート・アルバイト,青森県,Aomori,Part-time worker
2001233,高田大地,32,62,主婦・主夫,島根県,Shimane,Homemaker
2001234,山田翔太,31,59,研究職,鳥取県,Tottori,Researcher
2001235,野口彩,23,53,経理・財務,愛知県,Aichi,Accounting and finance
2001236,長谷川沙織,12,23,弁護士,千葉県,Chiba,Lawyer
2001237,浜田拓也,23,51,その他,愛知県,Aichi,Other
2001238,星野悠人,35,41,農業,山口県,Yamaguchi,Farmer
2001239,池田一郎,27,47,農業,大阪府,Osaka,Farmer
2001240,中野和也,41,34,その他,佐賀県,Saga,Other
2001241,斎藤瑞穂,4,24,看護師,宮城県,Miyagi,Nurse
2001242,中村達也,31,32,自営業,鳥取県,Tottori,Self-employed
2001243,岡本楓,29,58,コンサルタント,奈良県,Nara,Consultant
2001244,今井光子,13,56,販売員,東京都,Tokyo,Retail staff
2001245,高橋悠人,40,54,パート・アルバイト,福岡県,Fukuoka,Part-time worker
2001246,高木楓,1,55,薬剤師,北海道,Hokkaido,Pharmacist
2001247,山田光,28,20,会計士,兵庫県,Hyogo,Accountant
2001248,田中結衣,11,75,研究職,埼玉県,Saitama,Researcher
2001249,桜井陸,20,49,デザイナー,長野県,Nagano,Designer
2001250,内田心春,40,68,自営業,福岡県,Fukuoka,Self-employed
2001251,斉藤朱莉,7,61,農業,福島県,Fukushima,Farmer
2001252,原亜希子,42,65,飲食業,長崎県,Nagasaki,Food service
2001253,山本沙織,5,34,パート・アルバイト,秋田県,Akita,Part-time worker
2001254,工藤桜,8,58,教員,茨城県,Ibaraki,Teacher
2001255,東達也,7,49,エンジニア,福島県,Fukushima,Engineer
2001256,小島亮,29,38,コンサルタント,奈良県,Nara,Consultant
2001257,中野朱莉,25,41,主婦・主夫,滋賀県,Shiga,Homemaker
2001258,安田健太,42,61,建築士,長崎県,Nagasaki,Architect
2001259,増田志保,1,43,薬剤師,北海道,Hokkaido,Pharmacist
2001260,杉本朱莉,27,78,年金受給者,大阪府,Osaka,Pensioner
2001261,高橋健太,12,38,会計士,千葉県,Chiba,Accountant
2001262,小野沙織,27,29,自営業,大阪府,Osaka,Self-employed
2001263,飯田典子,36,53,エンジニア,徳島県,Tokushima,Engineer
2001264,工藤洋平,36,44,運転手,徳島県,Tokushima,Driver
2001265,小松和子,8,33,美容師,茨城県,Ibaraki,Hairdresser
2001266,西村香織,13,34,販売員,東京都,Tokyo,Retail staff
2001267,大塚秀樹,22,34,その他,静岡県,Shizuoka,Other
2001268,杉山志保,5,28,会社員,秋田県,Akita,Company employee
2001269,飯田克彦,23,52,コンサルタント,愛知県,Aichi,Consultant
2001270,原浩二,13,35,会計士,東京都,Tokyo,Accountant
2001271,市川千尋,31,45,薬剤師,鳥取県,Tottori,Pharmacist
2001272,中川達也,18,40,保育士,福井県,Fukui,Childcare worker
2001273,杉本祐樹,6,43,エンジニア,山形県,Yamagata,Engineer
2001274,増田和子,1,59,コンサルタント,北海道,Hokkaido,Consultant
2001275,原朱莉,37,45,営業職,香川県,Kagawa,Sales
2001276,石川沙織,13,31,農業,東京都,Tokyo,Farmer
2001277,千葉智也,43,25,看護師,熊本県,Kumamoto,Nurse
2001278,島田光子,23,67,その他,愛知県,Aichi,Other
2001279,和田秀樹,12,47,エンジニア,千葉県,Chiba,Engineer
2001280,飯田翔太,11,30,会計士,埼玉県,Saitama,Accountant
2001281,原春香,14,69,医師,神奈川県,Kanagawa,Physician
2001282,西村七海,38,48,建築士,愛媛県,Ehime,Architect
2001283,高橋由美,14,75,エンジニア,神奈川県,Kanagawa,Engineer
2001284,大野愛,42,46,自営業,長崎県,Nagasaki,Self-employed
2001285,大野悠人,28,63,建築士,兵庫県,Hyogo,Architect
2001286,中川桜,37,34,デザイナー,香川県,Kagawa,Designer
2001287,市川奈々,12,42,会社員,千葉県,Chiba,Company employee
2001288,高木結衣,1,30,自営業,北海道,Hokkaido,Self-employed
2001289,清水雄大,27,52,パート・アルバイト,大阪府,Osaka,Part-time worker
2001290,上野真一,13,41,建築士,東京都,Tokyo,Architect
2001291,岡本彩,17,60,主婦・主夫,石川県,Ishikawa,Homemaker
2001292,林航,27,25,保育士,大阪府,Osaka,Childcare worker
2001293,藤原志保,23,45,美容師,愛知県,Aichi,Hairdresser
2001294,桜井志保,28,41,教員,兵庫県,Hyogo,Teacher
2001295,福田直美,13,34,運転手,東京都,Tokyo,Driver
2001296,小野航,47,69,飲食業,沖縄県,Okinawa,Food service
2001297,松尾涼太,13,64,パート・アルバイト,東京都,Tokyo,Part-time worker
2001298,岡本直樹,34,36,自営業,広島県,Hiroshima,Self-employed
2001299,斉藤駿,25,64,販売員,滋賀県,Shiga,Retail staff
2001300,菅原和也,37,32,建築士,香川県,Kagawa,Architect
2001301,石田浩二,13,41,保育士,東京都,Tokyo,Childcare worker
2001302,長谷川洋平,3,38,会計士,岩手県,Iwate,Accountant
2001303,工藤裕子,43,35,公務員,熊本県,Kumamoto,Public servant
2001304,西村健太,36,50,保育士,徳島県,Tokushima,Childcare worker
2001305,武田裕子,11,37,自営業,埼玉県,Saitama,Self-employed
2001306,山本直樹,16,22,会計士,富山県,Toyama,Accountant
2001307,本田智子,34,24,公務員,広島県,Hiroshima,Public servant
2001308,坂本航,27,35,コンサルタント,大阪府,Osaka,Consultant
2001309,岩崎和子,28,37,デザイナー,兵庫県,Hyogo,Designer
2001310,宮崎光,13,74,デザイナー,東京都,Tokyo,Designer
2001311,福田光,9,46,研究職,栃木県,Tochigi,Researcher
2001312,杉本洋子,4,48,建築士,宮城県,Miyagi,Architect
2001313,高田和也,39,67,飲食業,高知県,Kochi,Food service
2001314,松井正樹,20,37,販売員,長野県,Nagano,Retail staff
2001315,星野瑞穂,16,25,建築士,富山県,Toyama,Architect
2001316,星野和子,41,31,学生,佐賀県,Saga,Student
2001317,島田洋平,20,62,主婦・主夫,長野県,Nagano,Homemaker
2001318,田村京子,6,26,研究職,山形県,Yamagata,Researcher
2001319,河野京子,17,38,公務員,石川県,Ishikawa,Public servant
2001320,杉山博之,13,61,経理・財務,東京都,Tokyo,Accounting and finance
2001321,森田浩二,13,41,飲食業,東京都,Tokyo,Food service
2001322,森陽子,22,42,エンジニア,静岡県,Shizuoka,Engineer
2001323,島田典子,45,31,弁護士,宮崎県,Miyazaki,Lawyer
2001324,中島和子,13,61,保育士,東京都,Tokyo,Childcare worker
2001325,林久美子,13,56,営業職,東京都,Tokyo,Sales
2001326,阿部七海,14,48,その他,神奈川県,Kanagawa,Other
2001327,柴田千尋,23,28,会計士,愛知県,Aichi,Accountant
2001328,青木啓介,27,76,営業職,大阪府,Osaka,Sales
2001329,原航,13,33,保育士,東京都,Tokyo,Childcare worker
2001330,村上洋子,23,28,エンジニア,愛知県,Aichi,Engineer
2001331,青木楓,39,35,営業職,高知県,Kochi,Sales
2001332,増田拓也,27,78,会社員,大阪府,Osaka,Company employee
2001333,木村陸,27,46,漁業,大阪府,Osaka,Fisher
2001334,大野凛,16,56,研究職,富山県,Toyama,Researcher
2001335,石川正樹,38,56,経理・財務,愛媛県,Ehime,Accounting and finance
2001336,藤原和也,11,67,農業,埼玉県,Saitama,Farmer
2001337,長谷川光子,44,41,公務員,大分県,Oita,Public servant
2001338,松尾心春,40,20,経理・財務,福岡県,Fukuoka,Accounting and finance
2001339,青木楓,29,24,会計士,奈良県,Nara,Accountant
2001340,佐藤悠斗,24,46,会社員,三重県,Mie,Company employee
2001341,横山奈々,11,65,農業,埼玉県,Saitama,Farmer
2001342,小松洋平,19,59,教員,山梨県,Yamanashi,Teacher
2001343,森田陸,40,55,デザイナー,福岡県,Fukuoka,Designer
2001344,前田光子,46,58,学生,鹿児島県,Kagoshima,Student
2001345,高田翔太,43,24,教員,熊本県,Kumamoto,Teacher
2001346,田村真一,19,51,パート・アルバイト,山梨県,Yamanashi,Part-time worker
2001347,宮本義明,12,45,年金受給者,千葉県,Chiba,Pensioner
2001348,野口凛,23,40,パート・アルバイト,愛知県,Aichi,Part-time worker
2001349,石井正樹,23,34,看護師,愛知県,Aichi,Nurse
2001350,山田翔太,23,28,販売員,愛知県,Aichi,Retail staff
2001351,小野亜希子,14,68,営業職,神奈川県,Kanagawa,Sales
2001352,山田玲子,24,40,看護師,三重県,Mie,Nurse
2001353,岩崎瑞穂,10,59,年金受給者,群馬県,Gunma,Pensioner
2001354,吉田洋平,37,68,建築士,香川県,Kagawa,Architect
2001355,増田翔太,4,45,弁護士,宮城県,Miyagi,Lawyer
2001356,太田智子,10,45,デザイナー,群馬県,Gunma,Designer
2001357,内田雄大,28,56,看護師,兵庫県,Hyogo,Nurse
2001358,高橋直樹,39,58,会計士,高知県,Kochi,Accountant
2001359,村田凛,39,42,パート・アルバイト,高知県,Kochi,Part-time worker
2001360,松尾千尋,42,49,教員,長崎県,Nagasaki,Teacher
2001361,山田航,41,48,会計士,佐賀県,Saga,Accountant
2001362,原玲子,16,53,研究職,富山県,Toyama,Researcher
2001363,斎藤克彦,14,47,教員,神奈川県,Kanagawa,Teacher
2001364,高橋将也,12,66,建築士,千葉県,Chiba,Architect
2001365,斉藤光,14,32,年金受給者,神奈川県,Kanagawa,Pensioner
2001366,柴田志保,13,47,年金受給者,東京都,Tokyo,Pensioner
2001367,本田光,27,43,自営業,大阪府,Osaka,Self-employed
2001368,中島駿,1,68,農業,北海道,Hokkaido,Farmer
2001369,林千尋,14,44,その他,神奈川県,Kanagawa,Other
2001370,木村奈々,41,53,公務員,佐賀県,Saga,Public servant
2001371,菅原美穂,27,62,販売員,大阪府,Osaka,Retail staff
2001372,坂本駿,5,59,年金受給者,秋田県,Akita,Pensioner
2001373,野村桜,42,54,その他,長崎県,Nagasaki,Other
2001374,藤原桜,27,36,学生,大阪府,Osaka,Student
2001375,上田悠人,27,35,営業職,大阪府,Osaka,Sales
2001376,石井克彦,4,49,学生,宮城県,Miyagi,Student
2001377,山本哲也,11,32,教員,埼玉県,Saitama,Teacher
2001378,中村真一,14,63,運転手,神奈川県,Kanagawa,Driver
2001379,加藤裕子,27,43,農業,大阪府,Osaka,Farmer
2001380,松本孝之,28,25,会社員,兵庫県,Hyogo,Company employee
2001381,安田誠,25,33,デザイナー,滋賀県,Shiga,Designer
2001382,菊地秀樹,3,78,研究職,岩手県,Iwate,Researcher
2001383,三浦達也,9,39,主婦・主夫,栃木県,Tochigi,Homemaker
2001384,斎藤陽介,14,39,その他,神奈川県,Kanagawa,Other
2001385,石田由美,23,62,販売員,愛知県,Aichi,Retail staff
2001386,石田陽介,12,35,パート・アルバイト,千葉県,Chiba,Part-time worker
2001387,田口志保,8,22,会社員,茨城県,Ibaraki,Company employee
2001388,浜田大地,46,55,デザイナー,鹿児島県,Kagoshima,Designer
2001389,古川沙織,13,42,営業職,東京都,Tokyo,Sales
2001390,田中和也,11,38,販売員,埼玉県,Saitama,Retail staff
2001391,青木智也,47,68,会社員,沖縄県,Okinawa,Company employee
2001392,石田孝之,14,43,販売員,神奈川県,Kanagawa,Retail staff
2001393,佐々木千尋,1,69,弁護士,北海道,Hokkaido,Lawyer
2001394,飯田大輝,45,58,デザイナー,宮崎県,Miyazaki,Designer
2001395,金子拓也,28,39,会社員,兵庫県,Hyogo,Company employee
2001396,横山正樹,19,20,自営業,山梨県,Yamanashi,Self-employed
2001397,前田真一,13,32,学生,東京都,Tokyo,Student
2001398,橋本和子,16,61,弁護士,富山県,Toyama,Lawyer
2001399,藤田悠人,38,37,研究職,愛媛県,Ehime,Researcher
2001400,清水大輝,40,47,会計士,福岡県,Fukuoka,Accountant
2001401,大西健太,1,35,医師,北海道,Hokkaido,Physician
2001402,渡部典子,36,36,経理・財務,徳島県,Tokushima,Accounting and finance
2001403,上野香織,20,51,その他,長野県,Nagano,Other
2001404,佐野一郎,22,57,営業職,静岡県,Shizuoka,Sales
2001405,中島大輝,26,27,農業,京都府,Kyoto,Farmer
2001406,内田由美,23,54,経理・財務,愛知県,Aichi,Accounting and finance
2001407,森幸子,2,35,その他,青森県,Aomori,Other
2001408,宮本克彦,44,55,教員,大分県,Oita,Teacher
2001409,藤原楓,36,47,年金受給者,徳島県,Tokushima,Pensioner
2001410,大塚春香,12,35,学生,千葉県,Chiba,Student
2001411,岡田大地,29,37,美容師,奈良県,Nara,Hairdresser
2001412,星野朱莉,22,42,保育士,静岡県,Shizuoka,Childcare worker
2001413,大塚美穂,13,35,弁護士,東京都,Tokyo,Lawyer
2001414,中野陽子,4,22,会社員,宮城県,Miyagi,Company employee
2001415,原航,34,44,運転手,広島県,Hiroshima,Driver
2001416,大西葵,5,37,デザイナー,秋田県,Akita,Designer
2001417,上田慎太郎,46,66,公務員,鹿児島県,Kagoshima,Public servant
2001418,佐野亮,19,36,会計士,山梨県,Yamanashi,Accountant
2001419,篠原典子,1,47,医師,北海道,Hokkaido,Physician
2001420,坂本康平,14,48,看護師,神奈川県,Kanagawa,Nurse
2001421,高木孝之,45,42,薬剤師,宮崎県,Miyazaki,Pharmacist
2001422,横山義明,47,40,エンジニア,沖縄県,Okinawa,Engineer
2001423,本田瑞穂,33,47,公務員,岡山県,Okayama,Public servant
2001424,安田桜,11,35,弁護士,埼玉県,Saitama,Lawyer
2001425,石井千尋,37,60,経理・財務,香川県,Kagawa,Accounting and finance
2001426,松岡京子,13,38,医師,東京都,Tokyo,Physician
2001427,平野義明,39,46,医師,高知県,Kochi,Physician
2001428,松井玲子,1,40,自営業,北海道,Hokkaido,Self-employed
2001429,中川浩二,27,61,研究職,大阪府,Osaka,Researcher
2001430,西村駿,4,35,建築士,宮城県,Miyagi,Architect
2001431,星野和也,32,53,デザイナー,島根県,Shimane,Designer
2001432,山口文子,33,32,美容師,岡山県,Okayama,Hairdresser
2001433,坂本由美,23,38,農業,愛知県,Aichi,Farmer
2001434,佐藤将也,6,34,薬剤師,山形県,Yamagata,Pharmacist
2001435,大野亜希子,1,46,運転手,北海道,Hokkaido,Driver
2001436,関文子,17,44,自営業,石川県,Ishikawa,Self-employed
2001437,横田洋子,27,52,運転手,大阪府,Osaka,Driver
2001438,白石美咲,36,68,教員,徳島県,Tokushima,Teacher
2001439,藤本節子,11,49,美容師,埼玉県,Saitama,Hairdresser
2001440,金子春香,31,43,美容師,鳥取県,Tottori,Hairdresser
2001441,井上彩,26,60,エンジニア,京都府,Kyoto,Engineer
2001442,松尾結衣,33,65,飲食業,岡山県,Okayama,Food service
2001443,小川春香,2,40,その他,青森県,Aomori,Other
2001444,金子陽介,32,37,自営業,島根県,Shimane,Self-employed
2001445,前田真央,14,33,医師,神奈川県,Kanagawa,Physician
2001446,田村康平,16,40,美容師,富山県,Toyama,Hairdresser
2001447,丸山拓也,14,48,教員,神奈川県,Kanagawa,Teacher
2001448,原田将也,21,46,漁業,岐阜県,Gifu,Fisher
2001449,中村英樹,23,44,看護師,愛知県,Aichi,Nurse
2001450,田中美穂,31,58,エンジニア,鳥取県,Tottori,Engineer
2001451,遠藤千尋,28,36,エンジニア,兵庫県,Hyogo,Engineer
2001452,横山典子,13,27,コンサルタント,東京都,Tokyo,Consultant
2001453,中島裕子,19,53,教員,山梨県,Yamanashi,Teacher
2001454,水野桜,31,52,飲食業,鳥取県,Tottori,Food service
2001455,大西和也,10,65,パート・アルバイト,群馬県,Gunma,Part-time worker
2001456,藤原洋平,36,38,パート・アルバイト,徳島県,Tokushima,Part-time worker
2001457,島田悠斗,43,34,デザイナー,熊本県,Kumamoto,Designer
2001458,小島七海,14,46,主婦・主夫,神奈川県,Kanagawa,Homemaker
2001459,藤田真一,45,22,看護師,宮崎県,Miyazaki,Nurse
2001460,山下美咲,3,20,年金受給者,岩手県,Iwate,Pensioner
2001461,藤原節子,27,65,エンジニア,大阪府,Osaka,Engineer
2001462,大西涼太,45,23,経理・財務,宮崎県,Miyazaki,Accounting and finance
2001463,斎藤直樹,42,36,研究職,長崎県,Nagasaki,Researcher
2001464,木下彩,1,27,その他,北海道,Hokkaido,Other
2001465,酒井智子,12,48,教員,千葉県,Chiba,Teacher
2001466,松本春香,1,39,運転手,北海道,Hokkaido,Driver
2001467,杉本心春,8,39,学生,茨城県,Ibaraki,Student
2001468,青木光子,46,42,漁業,鹿児島県,Kagoshima,Fisher
2001469,浜田桜,45,56,販売員,宮崎県,Miyazaki,Retail staff
2001470,本田英樹,13,62,教員,東京都,Tokyo,Teacher
2001471,山崎真央,3,40,デザイナー,岩手県,Iwate,Designer
2001472,関蓮,11,35,医師,埼玉県,Saitama,Physician
2001473,山下浩二,13,75,農業,東京都,Tokyo,Farmer
2001474,水野節子,12,31,看護師,千葉県,Chiba,Nurse
2001475,藤井美咲,42,41,その他,長崎県,Nagasaki,Other
2001476,小川和子,1,32,学生,北海道,Hokkaido,Student
2001477,石井和子,34,42,公務員,広島県,Hiroshima,Public servant
2001478,岡田桜,16,62,看護師,富山県,Toyama,Nurse
2001479,上野春香,27,31,エンジニア,大阪府,Osaka,Engineer
2001480,長谷川康平,12,44,エンジニア,千葉県,Chiba,Engineer
2001481,原玲子,32,31,エンジニア,島根県,Shimane,Engineer
2001482,水野節子,13,20,公務員,東京都,Tokyo,Public servant
2001483,林光,27,23,会計士,大阪府,Osaka,Accountant
2001484,青木香織,22,78,その他,静岡県,Shizuoka,Other
2001485,前田雄大,34,45,看護師,広島県,Hiroshima,Nurse
2001486,森田慎太郎,24,35,パート・アルバイト,三重県,Mie,Part-time worker
2001487,青木義明,22,36,主婦・主夫,静岡県,Shizuoka,Homemaker
2001488,菊地祐樹,7,43,飲食業,福島県,Fukushima,Food service
2001489,菊地航,37,44,教員,香川県,Kagawa,Teacher
2001490,斎藤文子,14,39,公務員,神奈川県,Kanagawa,Public servant
2001491,遠藤駿,27,41,学生,大阪府,Osaka,Student
2001492,山下陽子,41,77,販売員,佐賀県,Saga,Retail staff
2001493,杉本慎太郎,42,30,会社員,長崎県,Nagasaki,Company employee
2001494,田中文子,35,43,営業職,山口県,Yamaguchi,Sales
2001495,新井洋子,4,49,会計士,宮城県,Miyagi,Accountant
2001496,大西康平,27,20,飲食業,大阪府,Osaka,Food service
2001497,小川誠,13,39,自営業,東京都,Tokyo,Self-employed
2001498,桜井結衣,38,36,美容師,愛媛県,Ehime,Hairdresser
2001499,高田大地,8,43,販売員,茨城県,Ibaraki,Retail staff
2001500,平野航,19,30,主婦・主夫,山梨県,Yamanashi,Homemaker
2001501,渡辺楓,32,72,その他,島根県,Shimane,Other
2001502,森田洋平,30,21,会社員,和歌山県,Wakayama,Company employee
2001503,森田裕子,12,44,看護師,千葉県,Chiba,Nurse
2001504,小林久美子,40,74,経理・財務,福岡県,Fukuoka,Accounting and finance
2001505,太田亮,12,64,運転手,千葉県,Chiba,Driver
2001506,藤本正樹,29,62,営業職,奈良県,Nara,Sales
2001507,西村節子,22,36,美容師,静岡県,Shizuoka,Hairdresser
2001508,木下真央,26,37,研究職,京都府,Kyoto,Researcher
2001509,島田義明,40,49,会社員,福岡県,Fukuoka,Company employee
2001510,田口彩,11,33,コンサルタント,埼玉県,Saitama,Consultant
2001511,水野慎太郎,33,51,漁業,岡山県,Okayama,Fisher
2001512,長谷川文子,11,77,飲食業,埼玉県,Saitama,Food service
2001513,松井七海,16,20,パート・アルバイト,富山県,Toyama,Part-time worker
2001514,島田正樹,42,34,美容師,長崎県,Nagasaki,Hairdresser
2001515,竹内京子,27,36,看護師,大阪府,Osaka,Nurse
2001516,杉本莉子,1,48,販売員,北海道,Hokkaido,Retail staff
2001517,杉山駿,35,54,看護師,山口県,Yamaguchi,Nurse
2001518,井上裕子,16,32,コンサルタント,富山県,Toyama,Consultant
2001519,遠藤芽衣,27,67,看護師,大阪府,Osaka,Nurse
2001520,安藤玲子,29,54,パート・アルバイト,奈良県,Nara,Part-time worker
2001521,林恵,41,70,主婦・主夫,佐賀県,Saga,Homemaker
2001522,石田幸子,40,28,エンジニア,福岡県,Fukuoka,Engineer
2001523,丸山浩二,33,22,薬剤師,岡山県,Okayama,Pharmacist
2001524,加藤智子,1,31,漁業,北海道,Hokkaido,Fisher
2001525,藤井啓介,8,21,研究職,茨城県,Ibaraki,Researcher
2001526,安藤亜希子,13,25,美容師,東京都,Tokyo,Hairdresser
2001527,増田隆志,13,52,経理・財務,東京都,Tokyo,Accounting and finance
2001528,斉藤香織,27,40,漁業,大阪府,Osaka,Fisher
2001529,篠原幸子,13,69,会計士,東京都,Tokyo,Accountant
2001530,浜田香織,22,39,教員,静岡県,Shizuoka,Teacher
2001531,上野陽子,23,41,販売員,愛知県,Aichi,Retail staff
2001532,池田直美,24,54,飲食業,三重県,Mie,Food service
2001533,岡本隆志,7,33,公務員,福島県,Fukushima,Public servant
2001534,久保亜希子,13,72,年金受給者,東京都,Tokyo,Pensioner
2001535,金子芽衣,11,20,会計士,埼玉県,Saitama,Accountant
2001536,増田春香,9,35,薬剤師,栃木県,Tochigi,Pharmacist
2001537,加藤和子,4,62,運転手,宮城県,Miyagi,Driver
2001538,原和子,47,42,美容師,沖縄県,Okinawa,Hairdresser
2001539,杉山光子,18,36,美容師,福井県,Fukui,Hairdresser
2001540,松岡彩,22,49,エンジニア,静岡県,Shizuoka,Engineer
2001541,近藤航,13,21,飲食業,東京都,Tokyo,Food service
2001542,渡辺千尋,23,52,医師,愛知県,Aichi,Physician
2001543,福田楓,27,47,農業,大阪府,Osaka,Farmer
2001544,竹内大輝,13,28,運転手,東京都,Tokyo,Driver
2001545,水野文子,15,35,会社員,新潟県,Niigata,Company employee
2001546,柴田祐樹,44,56,エンジニア,大分県,Oita,Engineer
2001547,西村凛,23,41,自営業,愛知県,Aichi,Self-employed
2001548,吉田健太,14,32,公務員,神奈川県,Kanagawa,Public servant
2001549,後藤澪,23,44,保育士,愛知県,Aichi,Childcare worker
2001550,市川裕子,13,48,営業職,東京都,Tokyo,Sales
2001551,武田芽衣,13,51,漁業,東京都,Tokyo,Fisher
2001552,横田康平,11,27,デザイナー,埼玉県,Saitama,Designer
2001553,大野祐樹,13,70,エンジニア,東京都,Tokyo,Engineer
2001554,工藤愛,27,34,学生,大阪府,Osaka,Student
2001555,河野典子,40,33,公務員,福岡県,Fukuoka,Public servant
2001556,太田義明,22,39,エンジニア,静岡県,Shizuoka,Engineer
2001557,原田玲子,28,47,看護師,兵庫県,Hyogo,Nurse
2001558,岡田悠人,20,45,薬剤師,長野県,Nagano,Pharmacist
2001559,西村大地,19,41,建築士,山梨県,Yamanashi,Architect
2001560,野村健太,34,27,経理・財務,広島県,Hiroshima,Accounting and finance
2001561,林陸,12,32,医師,千葉県,Chiba,Physician
2001562,佐藤久美子,43,60,自営業,熊本県,Kumamoto,Self-employed
2001563,河野千尋,14,36,医師,神奈川県,Kanagawa,Physician
2001564,小松節子,8,73,薬剤師,茨城県,Ibaraki,Pharmacist
2001565,篠原楓,43,39,弁護士,熊本県,Kumamoto,Lawyer
2001566,松井心春,26,50,主婦・主夫,京都府,Kyoto,Homemaker
2001567,市川美穂,14,36,営業職,神奈川県,Kanagawa,Sales
2001568,青木香織,11,72,農業,埼玉県,Saitama,Farmer
2001569,斉藤涼太,27,44,コンサルタント,大阪府,Osaka,Consultant
2001570,工藤亜希子,14,69,薬剤師,神奈川県,Kanagawa,Pharmacist
2001571,藤原光,32,29,美容師,島根県,Shimane,Hairdresser
2001572,千葉祐樹,14,66,経理・財務,神奈川県,Kanagawa,Accounting and finance
2001573,安藤達也,46,47,美容師,鹿児島県,Kagoshima,Hairdresser
2001574,青木智也,27,47,自営業,大阪府,Osaka,Self-employed
2001575,前田誠,22,76,美容師,静岡県,Shizuoka,Hairdresser
2001576,宮本大輝,36,51,自営業,徳島県,Tokushima,Self-employed
2001577,藤井美咲,13,48,漁業,東京都,Tokyo,Fisher
2001578,浜田愛,3,28,パート・アルバイト,岩手県,Iwate,Part-time worker
2001579,篠原浩二,5,51,年金受給者,秋田県,Akita,Pensioner
2001580,田村文子,12,26,薬剤師,千葉県,Chiba,Pharmacist
2001581,原田春香,15,46,パート・アルバイト,新潟県,Niigata,Part-time worker
2001582,久保彩,12,37,薬剤師,千葉県,Chiba,Pharmacist
2001583,武田裕子,13,47,看護師,東京都,Tokyo,Nurse
2001584,藤本優,11,20,学生,埼玉県,Saitama,Student
2001585,河野恵,14,34,飲食業,神奈川県,Kanagawa,Food service
2001586,渡部光,23,73,デザイナー,愛知県,Aichi,Designer
2001587,中島義明,27,52,薬剤師,大阪府,Osaka,Pharmacist
2001588,吉田啓介,25,44,主婦・主夫,滋賀県,Shiga,Homemaker
2001589,藤井葵,2,47,デザイナー,青森県,Aomori,Designer
2001590,高橋秀樹,13,41,パート・アルバイト,東京都,Tokyo,Part-time worker
2001591,千葉浩二,40,57,エンジニア,福岡県,Fukuoka,Engineer
2001592,野口将也,23,45,会計士,愛知県,Aichi,Accountant
2001593,安藤智子,28,44,医師,兵庫県,Hyogo,Physician
2001594,清水祐樹,8,53,研究職,茨城県,Ibaraki,Researcher
2001595,内田七海,1,51,エンジニア,北海道,Hokkaido,Engineer
2001596,渡部拓也,19,39,自営業,山梨県,Yamanashi,Self-employed
2001597,河野陽介,13,35,コンサルタント,東京都,Tokyo,Consultant
2001598,千葉結衣,30,51,弁護士,和歌山県,Wakayama,Lawyer
2001599,安田千尋,40,79,薬剤師,福岡県,Fukuoka,Pharmacist
2001600,滝沢大輝,19,30,薬剤師,山梨県,Yamanashi,Pharmacist
2001601,岩崎亜希子,23,22,その他,愛知県,Aichi,Other
2001602,石井玲子,19,55,年金受給者,山梨県,Yamanashi,Pensioner
2001603,野口誠,8,74,学生,茨城県,Ibaraki,Student
2001604,宮崎京子,42,59,主婦・主夫,長崎県,Nagasaki,Homemaker
2001605,今井瑞穂,30,53,漁業,和歌山県,Wakayama,Fisher
2001606,武田光子,43,25,看護師,熊本県,Kumamoto,Nurse
2001607,高木直樹,5,49,年金受給者,秋田県,Akita,Pensioner
2001608,石井雄大,13,62,美容師,東京都,Tokyo,Hairdresser
2001609,千葉奈々,23,78,自営業,愛知県,Aichi,Self-employed
2001610,安藤涼太,11,56,販売員,埼玉県,Saitama,Retail staff
2001611,中山光子,13,50,公務員,東京都,Tokyo,Public servant
2001612,谷口誠,39,42,パート・アルバイト,高知県,Kochi,Part-time worker
2001613,菊地志保,28,37,主婦・主夫,兵庫県,Hyogo,Homemaker
2001614,横田隆志,26,45,エンジニア,京都府,Kyoto,Engineer
2001615,松岡美咲,22,44,農業,静岡県,Shizuoka,Farmer
2001616,丸山陽子,23,29,経理・財務,愛知県,Aichi,Accounting and finance
2001617,森田雄大,12,39,その他,千葉県,Chiba,Other
2001618,高橋孝之,30,54,経理・財務,和歌山県,Wakayama,Accounting and finance
2001619,岡田京子,20,51,エンジニア,長野県,Nagano,Engineer
2001620,小野千尋,22,29,弁護士,静岡県,Shizuoka,Lawyer
2001621,石田大輝,38,72,学生,愛媛県,Ehime,Student
2001622,上野愛,14,42,薬剤師,神奈川県,Kanagawa,Pharmacist
2001623,阿部浩二,28,41,デザイナー,兵庫県,Hyogo,Designer
2001624,藤原陸,13,58,エンジニア,東京都,Tokyo,Engineer
2001625,高田和子,23,50,公務員,愛知県,Aichi,Public servant
2001626,村上哲也,14,71,会社員,神奈川県,Kanagawa,Company employee
2001627,小野典子,40,47,保育士,福岡県,Fukuoka,Childcare worker
2001628,小林瑞穂,13,31,コンサルタント,東京都,Tokyo,Consultant
2001629,吉田彩,14,36,看護師,神奈川県,Kanagawa,Nurse
2001630,村上博之,19,67,医師,山梨県,Yamanashi,Physician
2001631,森田優,9,57,教員,栃木県,Tochigi,Teacher
2001632,谷口智子,35,30,弁護士,山口県,Yamaguchi,Lawyer
2001633,伊藤真一,20,47,デザイナー,長野県,Nagano,Designer
2001634,中山拓也,30,36,その他,和歌山県,Wakayama,Other
2001635,平野陽子,37,51,主婦・主夫,香川県,Kagawa,Homemaker
2001636,酒井和也,27,63,年金受給者,大阪府,Osaka,Pensioner
2001637,木下裕子,46,62,デザイナー,鹿児島県,Kagoshima,Designer
2001638,本田節子,13,46,経理・財務,東京都,Tokyo,Accounting and finance
2001639,田中誠,38,41,美容師,愛媛県,Ehime,Hairdresser
2001640,長谷川将也,13,40,看護師,東京都,Tokyo,Nurse
2001641,安藤啓介,13,57,漁業,東京都,Tokyo,Fisher
2001642,野村典子,29,52,経理・財務,奈良県,Nara,Accounting and finance
2001643,太田博之,2,37,薬剤師,青森県,Aomori,Pharmacist
2001644,横田慎太郎,33,46,医師,岡山県,Okayama,Physician
2001645,遠藤春香,13,46,デザイナー,東京都,Tokyo,Designer
2001646,関正樹,1,54,会社員,北海道,Hokkaido,Company employee
2001647,渡辺陸,29,76,農業,奈良県,Nara,Farmer
2001648,西村隆志,30,35,美容師,和歌山県,Wakayama,Hairdresser
2001649,林美穂,40,61,医師,福岡県,Fukuoka,Physician
2001650,野村正樹,14,40,医師,神奈川県,Kanagawa,Physician
2001651,竹内直美,1,62,美容師,北海道,Hokkaido,Hairdresser
2001652,田口桜,28,41,会社員,兵庫県,Hyogo,Company employee
2001653,田中蓮,27,66,公務員,大阪府,Osaka,Public servant
2001654,坂本達也,23,46,公務員,愛知県,Aichi,Public servant
2001655,坂本千尋,10,75,年金受給者,群馬県,Gunma,Pensioner
2001656,河野文子,43,24,デザイナー,熊本県,Kumamoto,Designer
2001657,杉山亜希子,23,59,運転手,愛知県,Aichi,Driver
2001658,伊藤航,14,49,エンジニア,神奈川県,Kanagawa,Engineer
2001659,竹内節子,45,47,建築士,宮崎県,Miyazaki,Architect
2001660,木村陸,13,64,デザイナー,東京都,Tokyo,Designer
2001661,中山啓介,13,36,経理・財務,東京都,Tokyo,Accounting and finance
2001662,遠藤京子,12,28,自営業,千葉県,Chiba,Self-employed
2001663,高田真央,13,59,薬剤師,東京都,Tokyo,Pharmacist
2001664,大野翔太,41,44,公務員,佐賀県,Saga,Public servant
2001665,千葉春香,26,51,パート・アルバイト,京都府,Kyoto,Part-time worker
2001666,石田誠,40,50,年金受給者,福岡県,Fukuoka,Pensioner
2001667,大西康平,22,43,学生,静岡県,Shizuoka,Student
2001668,今井沙織,19,32,その他,山梨県,Yamanashi,Other
2001669,河野悠人,26,44,看護師,京都府,Kyoto,Nurse
2001670,柴田優,40,58,農業,福岡県,Fukuoka,Farmer
2001671,斉藤将也,27,75,その他,大阪府,Osaka,Other
2001672,本田心春,14,50,会計士,神奈川県,Kanagawa,Accountant
2001673,白石達也,13,59,医師,東京都,Tokyo,Physician
2001674,内田誠,39,58,コンサルタント,高知県,Kochi,Consultant
2001675,菊地光,23,39,会計士,愛知県,Aichi,Accountant
2001676,山下陽介,11,53,教員,埼玉県,Saitama,Teacher
2001677,田村葵,14,59,運転手,神奈川県,Kanagawa,Driver
2001678,田口陽子,1,65,パート・アルバイト,北海道,Hokkaido,Part-time worker
2001679,田村義明,23,56,営業職,愛知県,Aichi,Sales
2001680,千葉愛,13,31,エンジニア,東京都,Tokyo,Engineer
2001681,野村幸子,28,36,研究職,兵庫県,Hyogo,Researcher
2001682,宮崎洋子,13,49,農業,東京都,Tokyo,Farmer
2001683,柴田志保,33,46,公務員,岡山県,Okayama,Public servant
2001684,小川彩,13,67,その他,東京都,Tokyo,Other
2001685,平野典子,13,54,エンジニア,東京都,Tokyo,Engineer
2001686,横山彩,47,37,美容師,沖縄県,Okinawa,Hairdresser
2001687,前田莉子,24,58,看護師,三重県,Mie,Nurse
2001688,松本京子,33,41,研究職,岡山県,Okayama,Researcher
2001689,田中楓,13,33,保育士,東京都,Tokyo,Childcare worker
2001690,佐藤楓,34,54,保育士,広島県,Hiroshima,Childcare worker
2001691,渡部誠,28,35,主婦・主夫,兵庫県,Hyogo,Homemaker
2001692,久保康平,11,58,パート・アルバイト,埼玉県,Saitama,Part-time worker
2001693,東克彦,8,22,研究職,茨城県,Ibaraki,Researcher
2001694,岡本達也,1,42,教員,北海道,Hokkaido,Teacher
2001695,原田朱莉,11,59,看護師,埼玉県,Saitama,Nurse
2001696,渡辺幸子,29,49,農業,奈良県,Nara,Farmer
2001697,市川正樹,13,48,農業,東京都,Tokyo,Farmer
2001698,新井雄大,40,33,教員,福岡県,Fukuoka,Teacher
2001699,山本直樹,25,43,パート・アルバイト,滋賀県,Shiga,Part-time worker
2001700,渡辺智子,28,43,パート・アルバイト,兵庫県,Hyogo,Part-time worker
2001701,原田隆志,23,59,看護師,愛知県,Aichi,Nurse
2001702,増田航,46,38,コンサルタント,鹿児島県,Kagoshima,Consultant
2001703,浜田七海,40,54,漁業,福岡県,Fukuoka,Fisher
2001704,宮崎優,14,44,エンジニア,神奈川県,Kanagawa,Engineer
2001705,清水亮,27,36,会計士,大阪府,Osaka,Accountant
2001706,山崎駿,14,27,弁護士,神奈川県,Kanagawa,Lawyer
2001707,岡田亜希子,11,48,漁業,埼玉県,Saitama,Fisher
2001708,佐々木隆志,22,59,主婦・主夫,静岡県,Shizuoka,Homemaker
2001709,佐々木和子,40,52,教員,福岡県,Fukuoka,Teacher
2001710,佐々木真央,23,46,デザイナー,愛知県,Aichi,Designer
2001711,松尾陽子,4,22,医師,宮城県,Miyagi,Physician
2001712,山田節子,3,59,保育士,岩手県,Iwate,Childcare worker
2001713,井上駿,11,60,薬剤師,埼玉県,Saitama,Pharmacist
2001714,松岡優,13,51,その他,東京都,Tokyo,Other
2001715,丸山康平,13,43,会社員,東京都,Tokyo,Company employee
2001716,福田孝之,30,42,経理・財務,和歌山県,Wakayama,Accounting and finance
2001717,竹内葵,19,33,経理・財務,山梨県,Yamanashi,Accounting and finance
2001718,村上香織,14,55,薬剤師,神奈川県,Kanagawa,Pharmacist
2001719,石川祐樹,46,68,弁護士,鹿児島県,Kagoshima,Lawyer
2001720,河野瑞穂,34,22,漁業,広島県,Hiroshima,Fisher
2001721,野村亜希子,22,46,医師,静岡県,Shizuoka,Physician
2001722,谷口楓,27,61,その他,大阪府,Osaka,Other
2001723,村田久美子,11,63,経理・財務,埼玉県,Saitama,Accounting and finance
2001724,阿部志保,9,78,農業,栃木県,Tochigi,Farmer
2001725,藤井由美,38,56,コンサルタント,愛媛県,Ehime,Consultant
2001726,中野陽子,14,38,研究職,神奈川県,Kanagawa,Researcher
2001727,菅原澪,23,20,その他,愛知県,Aichi,Other
2001728,西村健太,9,37,弁護士,栃木県,Tochigi,Lawyer
2001729,宮崎隆志,32,23,年金受給者,島根県,Shimane,Pensioner
2001730,加藤哲也,2,45,年金受給者,青森県,Aomori,Pensioner
2001731,千葉光子,41,42,薬剤師,佐賀県,Saga,Pharmacist
2001732,村上正樹,38,32,営業職,愛媛県,Ehime,Sales
2001733,杉本智也,23,32,漁業,愛知県,Aichi,Fisher
2001734,古川悠斗,14,51,弁護士,神奈川県,Kanagawa,Lawyer
2001735,井上玲子,1,55,漁業,北海道,Hokkaido,Fisher
2001736,丸山優,21,69,弁護士,岐阜県,Gifu,Lawyer
2001737,小松智子,13,45,漁業,東京都,Tokyo,Fisher
2001738,佐々木慎太郎,8,43,営業職,茨城県,Ibaraki,Sales
2001739,杉本澪,23,42,コンサルタント,愛知県,Aichi,Consultant
2001740,横田和子,9,41,漁業,栃木県,Tochigi,Fisher
2001741,佐野千尋,23,41,公務員,愛知県,Aichi,Public servant
2001742,中野航,40,35,保育士,福岡県,Fukuoka,Childcare worker
2001743,上田克彦,13,38,飲食業,東京都,Tokyo,Food service
2001744,市川博之,10,42,医師,群馬県,Gunma,Physician
2001745,佐藤将也,22,36,デザイナー,静岡県,Shizuoka,Designer
2001746,菊地愛,21,38,学生,岐阜県,Gifu,Student
2001747,長谷川由美,19,29,年金受給者,山梨県,Yamanashi,Pensioner
2001748,山崎文子,1,48,会計士,北海道,Hokkaido,Accountant
2001749,小島浩二,35,69,美容師,山口県,Yamaguchi,Hairdresser
2001750,渡部節子,13,78,主婦・主夫,東京都,Tokyo,Homemaker
2001751,大野愛,37,30,建築士,香川県,Kagawa,Architect
2001752,中島誠,28,24,年金受給者,兵庫県,Hyogo,Pensioner
2001753,上田誠,26,54,販売員,京都府,Kyoto,Retail staff
2001754,丸山彩,27,30,自営業,大阪府,Osaka,Self-employed
2001755,杉本蓮,14,21,コンサルタント,神奈川県,Kanagawa,Consultant
2001756,浜田博之,11,63,漁業,埼玉県,Saitama,Fisher
2001757,後藤莉子,13,44,デザイナー,東京都,Tokyo,Designer
2001758,桜井洋子,11,38,美容師,埼玉県,Saitama,Hairdresser
2001759,清水彩,33,67,会計士,岡山県,Okayama,Accountant
2001760,田村節子,40,42,年金受給者,福岡県,Fukuoka,Pensioner
2001761,工藤愛,12,59,会計士,千葉県,Chiba,Accountant
2001762,新井智子,12,48,医師,千葉県,Chiba,Physician
2001763,田村陽子,27,44,コンサルタント,大阪府,Osaka,Consultant
2001764,斉藤和子,11,22,弁護士,埼玉県,Saitama,Lawyer
2001765,安田隆志,23,44,コンサルタント,愛知県,Aichi,Consultant
2001766,山田陸,37,30,保育士,香川県,Kagawa,Childcare worker
2001767,竹内玲子,12,48,公務員,千葉県,Chiba,Public servant
2001768,阿部悠斗,13,68,デザイナー,東京都,Tokyo,Designer
2001769,渡部真央,45,62,運転手,宮崎県,Miyazaki,Driver
2001770,福田裕子,27,41,薬剤師,大阪府,Osaka,Pharmacist
2001771,今井裕子,11,34,コンサルタント,埼玉県,Saitama,Consultant
2001772,安藤秀樹,27,42,看護師,大阪府,Osaka,Nurse
2001773,増田康平,21,36,保育士,岐阜県,Gifu,Childcare worker
2001774,伊藤由美,23,58,農業,愛知県,Aichi,Farmer
2001775,田村啓介,12,30,農業,千葉県,Chiba,Farmer
2001776,東光子,11,57,営業職,埼玉県,Saitama,Sales
2001777,松本拓也,14,58,主婦・主夫,神奈川県,Kanagawa,Homemaker
2001778,長谷川雄大,37,53,経理・財務,香川県,Kagawa,Accounting and finance
2001779,山口悠人,40,74,薬剤師,福岡県,Fukuoka,Pharmacist
2001780,坂本心春,43,70,デザイナー,熊本県,Kumamoto,Designer
2001781,和田亮,27,46,建築士,大阪府,Osaka,Architect
2001782,島田裕子,14,33,農業,神奈川県,Kanagawa,Farmer
2001783,石井節子,12,21,飲食業,千葉県,Chiba,Food service
2001784,平野将也,14,34,飲食業,神奈川県,Kanagawa,Food service
2001785,岩崎奈々,15,75,年金受給者,新潟県,Niigata,Pensioner
2001786,阿部悠人,25,43,デザイナー,滋賀県,Shiga,Designer
2001787,石川洋子,7,67,年金受給者,福島県,Fukushima,Pensioner
2001788,斉藤沙織,13,55,飲食業,東京都,Tokyo,Food service
2001789,谷口悠人,39,35,教員,高知県,Kochi,Teacher
2001790,安田結衣,34,31,その他,広島県,Hiroshima,Other
2001791,小野桜,46,46,経理・財務,鹿児島県,Kagoshima,Accounting and finance
2001792,三浦誠,33,22,経理・財務,岡山県,Okayama,Accounting and finance
2001793,桜井由美,31,46,美容師,鳥取県,Tottori,Hairdresser
2001794,今井正樹,33,48,建築士,岡山県,Okayama,Architect
2001795,後藤秀樹,28,53,学生,兵庫県,Hyogo,Student
2001796,市川涼太,29,50,学生,奈良県,Nara,Student
2001797,斎藤啓介,23,62,保育士,愛知県,Aichi,Childcare worker
2001798,河野将也,28,48,研究職,兵庫県,Hyogo,Researcher
2001799,山下葵,14,41,美容師,神奈川県,Kanagawa,Hairdresser
2001800,飯田春香,42,34,主婦・主夫,長崎県,Nagasaki,Homemaker
2001801,菊地涼太,13,51,美容師,東京都,Tokyo,Hairdresser
2001802,中山澪,41,30,学生,佐賀県,Saga,Student
2001803,林京子,27,34,デザイナー,大阪府,Osaka,Designer
2001804,小松文子,12,73,コンサルタント,千葉県,Chiba,Consultant
2001805,岡本正樹,27,47,教員,大阪府,Osaka,Teacher
2001806,平野優,19,32,公務員,山梨県,Yamanashi,Public servant
2001807,岡田七海,43,38,デザイナー,熊本県,Kumamoto,Designer
2001808,小野恵,29,50,運転手,奈良県,Nara,Driver
2001809,杉山将也,14,70,会計士,神奈川県,Kanagawa,Accountant
2001810,小島蓮,3,57,保育士,岩手県,Iwate,Childcare worker
2001811,横田美咲,22,41,年金受給者,静岡県,Shizuoka,Pensioner
2001812,東涼太,14,66,医師,神奈川県,Kanagawa,Physician
2001813,小島悠人,28,45,学生,兵庫県,Hyogo,Student
2001814,市川哲也,35,48,会社員,山口県,Yamaguchi,Company employee
2001815,酒井奈々,14,39,薬剤師,神奈川県,Kanagawa,Pharmacist
2001816,杉本陽介,47,32,美容師,沖縄県,Okinawa,Hairdresser
2001817,桜井拓也,21,26,営業職,岐阜県,Gifu,Sales
2001818,滝沢啓介,31,33,保育士,鳥取県,Tottori,Childcare worker
2001819,石井義明,31,48,コンサルタント,鳥取県,Tottori,Consultant
2001820,三浦楓,28,58,その他,兵庫県,Hyogo,Other
2001821,太田雄大,1,47,パート・アルバイト,北海道,Hokkaido,Part-time worker
2001822,武田沙織,14,34,デザイナー,神奈川県,Kanagawa,Designer
2001823,白石慎太郎,5,56,美容師,秋田県,Akita,Hairdresser
2001824,田中義明,27,55,自営業,大阪府,Osaka,Self-employed
2001825,佐藤由美,39,55,研究職,高知県,Kochi,Researcher
2001826,松井恵,31,58,看護師,鳥取県,Tottori,Nurse
2001827,岡本駿,41,46,主婦・主夫,佐賀県,Saga,Homemaker
2001828,松井真央,27,20,保育士,大阪府,Osaka,Childcare worker
2001829,岩崎拓也,12,35,会計士,千葉県,Chiba,Accountant
2001830,森亮,46,44,教員,鹿児島県,Kagoshima,Teacher
2001831,上田春香,11,45,主婦・主夫,埼玉県,Saitama,Homemaker
2001832,菅原隆志,27,71,デザイナー,大阪府,Osaka,Designer
2001833,白石誠,5,38,年金受給者,秋田県,Akita,Pensioner
2001834,清水沙織,13,41,運転手,東京都,Tokyo,Driver
2001835,河野祐樹,11,46,農業,埼玉県,Saitama,Farmer
2001836,遠藤克彦,40,39,運転手,福岡県,Fukuoka,Driver
2001837,鈴木優,34,49,エンジニア,広島県,Hiroshima,Engineer
2001838,中野達也,2,75,美容師,青森県,Aomori,Hairdresser
2001839,白石裕子,28,53,薬剤師,兵庫県,Hyogo,Pharmacist
2001840,渡部沙織,14,44,飲食業,神奈川県,Kanagawa,Food service
2001841,桜井七海,43,34,農業,熊本県,Kumamoto,Farmer
2001842,上野和也,14,43,経理・財務,神奈川県,Kanagawa,Accounting and finance
2001843,藤田恵,39,39,農業,高知県,Kochi,Farmer
2001844,丸山陸,11,55,保育士,埼玉県,Saitama,Childcare worker
2001845,太田久美子,23,25,公務員,愛知県,Aichi,Public servant
2001846,中野七海,23,41,公務員,愛知県,Aichi,Public servant
2001847,本田亮,4,70,薬剤師,宮城県,Miyagi,Pharmacist
2001848,藤原由美,45,48,営業職,宮崎県,Miyazaki,Sales
2001849,増田涼太,28,43,漁業,兵庫県,Hyogo,Fisher
2001850,木村結衣,23,24,美容師,愛知県,Aichi,Hairdresser
2001851,中島孝之,32,39,営業職,島根県,Shimane,Sales
2001852,金子七海,34,41,エンジニア,広島県,Hiroshima,Engineer
2001853,白石恵,13,37,研究職,東京都,Tokyo,Researcher
2001854,古川陽子,3,34,コンサルタント,岩手県,Iwate,Consultant
2001855,木村亜希子,1,60,デザイナー,北海道,Hokkaido,Designer
2001856,桜井亮,23,28,学生,愛知県,Aichi,Student
2001857,酒井真一,27,48,薬剤師,大阪府,Osaka,Pharmacist
2001858,久保翔太,19,70,コンサルタント,山梨県,Yamanashi,Consultant
2001859,近藤克彦,2,55,経理・財務,青森県,Aomori,Accounting and finance
2001860,丸山亜希子,34,25,公務員,広島県,Hiroshima,Public servant
2001861,岡本真央,30,30,会社員,和歌山県,Wakayama,Company employee
2001862,竹内玲子,44,33,漁業,大分県,Oita,Fisher
2001863,坂本涼太,40,55,経理・財務,福岡県,Fukuoka,Accounting and finance
2001864,松井沙織,21,69,その他,岐阜県,Gifu,Other
2001865,関陽子,12,43,公務員,千葉県,Chiba,Public servant
2001866,宮本拓也,3,49,会社員,岩手県,Iwate,Company employee
2001867,山口陽介,12,44,年金受給者,千葉県,Chiba,Pensioner
2001868,清水大輝,11,52,主婦・主夫,埼玉県,Saitama,Homemaker
2001869,小川雄大,14,58,教員,神奈川県,Kanagawa,Teacher
2001870,市川航,43,75,弁護士,熊本県,Kumamoto,Lawyer
2001871,松岡志保,14,50,自営業,神奈川県,Kanagawa,Self-employed
2001872,安田祐樹,14,40,学生,神奈川県,Kanagawa,Student
2001873,三浦桜,47,58,その他,沖縄県,Okinawa,Other
2001874,西村大輝,14,27,看護師,神奈川県,Kanagawa,Nurse
2001875,福田香織,45,28,学生,宮崎県,Miyazaki,Student
2001876,古川義明,23,26,医師,愛知県,Aichi,Physician
2001877,水野久美子,15,44,年金受給者,新潟県,Niigata,Pensioner
2001878,滝沢真一,11,31,教員,埼玉県,Saitama,Teacher
2001879,篠原凛,11,20,コンサルタント,埼玉県,Saitama,Consultant
2001880,桜井陽子,4,28,学生,宮城県,Miyagi,Student
2001881,白石洋子,14,31,弁護士,神奈川県,Kanagawa,Lawyer
2001882,鈴木結衣,14,67,公務員,神奈川県,Kanagawa,Public servant
2001883,橋本慎太郎,7,46,販売員,福島県,Fukushima,Retail staff
2001884,伊藤航,23,20,主婦・主夫,愛知県,Aichi,Homemaker
2001885,山田秀樹,13,68,薬剤師,東京都,Tokyo,Pharmacist
2001886,武田蓮,27,33,飲食業,大阪府,Osaka,Food service
2001887,宮本翔太,1,59,公務員,北海道,Hokkaido,Public servant
2001888,藤本優,13,74,教員,東京都,Tokyo,Teacher
2001889,山本京子,37,46,公務員,香川県,Kagawa,Public servant
2001890,阿部健太,13,56,美容師,東京都,Tokyo,Hairdresser
2001891,池田雄大,1,33,経理・財務,北海道,Hokkaido,Accounting and finance
2001892,小林恵,40,30,販売員,福岡県,Fukuoka,Retail staff
2001893,大西節子,19,42,学生,山梨県,Yamanashi,Student
2001894,島田和子,6,40,デザイナー,山形県,Yamagata,Designer
2001895,横田美咲,14,41,建築士,神奈川県,Kanagawa,Architect
2001896,橋本彩,2,75,会社員,青森県,Aomori,Company employee
2001897,野村一郎,23,68,デザイナー,愛知県,Aichi,Designer
2001898,浜田義明,14,35,年金受給者,神奈川県,Kanagawa,Pensioner
2001899,岩崎哲也,13,38,医師,東京都,Tokyo,Physician
2001900,大西洋子,1,68,会計士,北海道,Hokkaido,Accountant
2001901,岡本優,14,47,デザイナー,神奈川県,Kanagawa,Designer
2001902,小川智子,21,64,教員,岐阜県,Gifu,Teacher
2001903,谷口心春,39,42,薬剤師,高知県,Kochi,Pharmacist
2001904,中村文子,22,43,飲食業,静岡県,Shizuoka,Food service
2001905,伊藤志保,14,43,弁護士,神奈川県,Kanagawa,Lawyer
2001906,内田洋平,33,68,漁業,岡山県,Okayama,Fisher
2001907,石井裕子,2,75,年金受給者,青森県,Aomori,Pensioner
2001908,杉本奈々,11,23,デザイナー,埼玉県,Saitama,Designer
2001909,藤本優,15,35,公務員,新潟県,Niigata,Public servant
2001910,増田涼太,40,22,会社員,福岡県,Fukuoka,Company employee
2001911,中川克彦,47,39,販売員,沖縄県,Okinawa,Retail staff
2001912,平野幸子,13,31,教員,東京都,Tokyo,Teacher
2001913,上田一郎,27,24,年金受給者,大阪府,Osaka,Pensioner
2001914,横田浩二,15,58,自営業,新潟県,Niigata,Self-employed
2001915,大西陽介,28,48,会社員,兵庫県,Hyogo,Company employee
2001916,横田慎太郎,40,38,薬剤師,福岡県,Fukuoka,Pharmacist
2001917,藤原義明,13,52,販売員,東京都,Tokyo,Retail staff
2001918,前田美咲,12,51,営業職,千葉県,Chiba,Sales
2001919,小林香織,40,48,弁護士,福岡県,Fukuoka,Lawyer
2001920,山本楓,27,41,教員,大阪府,Osaka,Teacher
2001921,菊地文子,14,47,営業職,神奈川県,Kanagawa,Sales
2001922,石川心春,23,60,パート・アルバイト,愛知県,Aichi,Part-time worker
2001923,工藤節子,22,39,学生,静岡県,Shizuoka,Student
2001924,坂本雄大,13,33,自営業,東京都,Tokyo,Self-employed
2001925,星野大地,4,50,営業職,宮城県,Miyagi,Sales
2001926,木村優,25,32,教員,滋賀県,Shiga,Teacher
2001927,阿部雄大,43,35,会社員,熊本県,Kumamoto,Company employee
2001928,池田智也,36,38,農業,徳島県,Tokushima,Farmer
2001929,安藤大地,40,40,学生,福岡県,Fukuoka,Student
2001930,高橋瑞穂,11,42,美容師,埼玉県,Saitama,Hairdresser
2001931,山本心春,12,37,会計士,千葉県,Chiba,Accountant
2001932,安藤芽衣,27,37,教員,大阪府,Osaka,Teacher
2001933,田村拓也,22,56,建築士,静岡県,Shizuoka,Architect
2001934,関亮,22,34,営業職,静岡県,Shizuoka,Sales
2001935,丸山光子,20,56,会計士,長野県,Nagano,Accountant
2001936,渡辺祐樹,1,29,経理・財務,北海道,Hokkaido,Accounting and finance
2001937,野村博之,13,46,弁護士,東京都,Tokyo,Lawyer
2001938,石井凛,28,57,農業,兵庫県,Hyogo,Farmer
2001939,清水正樹,40,75,保育士,福岡県,Fukuoka,Childcare worker
2001940,原田大地,35,29,会計士,山口県,Yamaguchi,Accountant
2001941,青木浩二,13,31,医師,東京都,Tokyo,Physician
2001942,小野心春,21,34,看護師,岐阜県,Gifu,Nurse
2001943,古川節子,14,53,看護師,神奈川県,Kanagawa,Nurse
2001944,佐々木由美,9,25,会社員,栃木県,Tochigi,Company employee
2001945,小野瑞穂,23,55,飲食業,愛知県,Aichi,Food service
2001946,安藤澪,45,41,保育士,宮崎県,Miyazaki,Childcare worker
2001947,横山慎太郎,8,59,学生,茨城県,Ibaraki,Student
2001948,高田彩,3,77,会計士,岩手県,Iwate,Accountant
2001949,森田彩,24,26,会計士,三重県,Mie,Accountant
2001950,野口澪,17,31,教員,石川県,Ishikawa,Teacher
2001951,山下秀樹,43,50,建築士,熊本県,Kumamoto,Architect
2001952,平野朱莉,43,66,主婦・主夫,熊本県,Kumamoto,Homemaker
2001953,後藤翔太,11,38,教員,埼玉県,Saitama,Teacher
2001954,工藤朱莉,45,64,漁業,宮崎県,Miyazaki,Fisher
2001955,木村恵,12,74,エンジニア,千葉県,Chiba,Engineer
2001956,太田悠斗,14,27,美容師,神奈川県,Kanagawa,Hairdresser
2001957,本田健太,46,30,漁業,鹿児島県,Kagoshima,Fisher
2001958,石井千尋,13,31,美容師,東京都,Tokyo,Hairdresser
2001959,高木拓也,1,52,学生,北海道,Hokkaido,Student
2001960,藤井桜,41,68,コンサルタント,佐賀県,Saga,Consultant
2001961,藤本沙織,27,23,デザイナー,大阪府,Osaka,Designer
2001962,久保祐樹,24,49,主婦・主夫,三重県,Mie,Homemaker
2001963,中川哲也,12,45,経理・財務,千葉県,Chiba,Accounting and finance
2001964,島田悠斗,13,53,デザイナー,東京都,Tokyo,Designer
2001965,中野桜,13,43,教員,東京都,Tokyo,Teacher
2001966,原田一郎,14,74,その他,神奈川県,Kanagawa,Other
2001967,飯田美咲,12,23,漁業,千葉県,Chiba,Fisher
2001968,木村節子,40,30,経理・財務,福岡県,Fukuoka,Accounting and finance
2001969,石井春香,47,46,学生,沖縄県,Okinawa,Student
2001970,工藤美穂,11,44,漁業,埼玉県,Saitama,Fisher
2001971,森田葵,13,38,看護師,東京都,Tokyo,Nurse
2001972,佐々木真一,12,60,研究職,千葉県,Chiba,Researcher
2001973,遠藤美咲,38,57,運転手,愛媛県,Ehime,Driver
2001974,白石孝之,14,29,研究職,神奈川県,Kanagawa,Researcher
2001975,斎藤大地,11,47,会社員,埼玉県,Saitama,Company employee
2001976,市川和子,23,45,飲食業,愛知県,Aichi,Food service
2001977,小島哲也,31,65,会計士,鳥取県,Tottori,Accountant
2001978,藤田芽衣,27,59,会社員,大阪府,Osaka,Company employee
2001979,新井智也,13,39,美容師,東京都,Tokyo,Hairdresser
2001980,山田隆志,20,32,営業職,長野県,Nagano,Sales
2001981,松尾京子,13,59,販売員,東京都,Tokyo,Retail staff
2001982,古川英樹,47,51,販売員,沖縄県,Okinawa,Retail staff
2001983,河野康平,28,68,公務員,兵庫県,Hyogo,Public servant
2001984,市川裕子,28,78,会計士,兵庫県,Hyogo,Accountant
2001985,和田啓介,33,25,コンサルタント,岡山県,Okayama,Consultant
2001986,原田将也,3,29,研究職,岩手県,Iwate,Researcher
2001987,前田隆志,14,41,弁護士,神奈川県,Kanagawa,Lawyer
2001988,田口大地,23,41,飲食業,愛知県,Aichi,Food service
2001989,小松克彦,40,43,公務員,福岡県,Fukuoka,Public servant
2001990,水野光子,37,63,会社員,香川県,Kagawa,Company employee
2001991,松岡悠斗,9,26,医師,栃木県,Tochigi,Physician
2001992,渡部孝之,12,38,パート・アルバイト,千葉県,Chiba,Part-time worker
2001993,丸山誠,23,78,営業職,愛知県,Aichi,Sales
2001994,松井久美子,28,65,漁業,兵庫県,Hyogo,Fisher
2001995,阿部拓也,2,49,会計士,青森県,Aomori,Accountant
2001996,大塚心春,29,30,営業職,奈良県,Nara,Sales
2001997,島田浩二,28,55,学生,兵庫県,Hyogo,Student
2001998,加藤芽衣,13,76,経理・財務,東京都,Tokyo,Accounting and finance
2001999,野口孝之,28,25,医師,兵庫県,Hyogo,Physician
2002000,山下英樹,29,47,運転手,奈良県,Nara,Driver
2002001,石田愛,11,54,その他,埼玉県,Saitama,Other
2002002,増田秀樹,45,26,漁業,宮崎県,Miyazaki,Fisher
2002003,高田雄大,23,74,学生,愛知県,Aichi,Student
2002004,近藤沙織,5,31,薬剤師,秋田県,Akita,Pharmacist
2002005,本田香織,35,30,医師,山口県,Yamaguchi,Physician
2002006,東駿,22,50,経理・財務,静岡県,Shizuoka,Accounting and finance
2002007,小野久美子,23,34,学生,愛知県,Aichi,Student
2002008,藤本浩二,12,38,看護師,千葉県,Chiba,Nurse
2002009,安田誠,23,49,コンサルタント,愛知県,Aichi,Consultant
2002010,横山誠,13,33,医師,東京都,Tokyo,Physician
2002011,新井陽子,13,35,漁業,東京都,Tokyo,Fisher
2002012,藤本莉子,13,58,自営業,東京都,Tokyo,Self-employed
2002013,安藤沙織,32,62,建築士,島根県,Shimane,Architect
2002014,桜井亜希子,36,26,経理・財務,徳島県,Tokushima,Accounting and finance
2002015,宮崎康平,7,50,主婦・主夫,福島県,Fukushima,Homemaker
2002016,松尾祐樹,22,52,デザイナー,静岡県,Shizuoka,Designer
2002017,田中駿,3,65,営業職,岩手県,Iwate,Sales
2002018,清水義明,40,40,年金受給者,福岡県,Fukuoka,Pensioner
2002019,田村七海,27,48,漁業,大阪府,Osaka,Fisher
2002020,青木瑞穂,27,51,薬剤師,大阪府,Osaka,Pharmacist
2002021,白石莉子,12,31,弁護士,千葉県,Chiba,Lawyer
2002022,大野結衣,44,74,デザイナー,大分県,Oita,Designer
2002023,長谷川正樹,16,56,医師,富山県,Toyama,Physician
2002024,橋本沙織,4,30,弁護士,宮城県,Miyagi,Lawyer
2002025,小川京子,27,34,農業,大阪府,Osaka,Farmer
2002026,藤本恵,14,26,エンジニア,神奈川県,Kanagawa,Engineer
2002027,藤井裕子,11,37,会社員,埼玉県,Saitama,Company employee
2002028,岡田秀樹,27,37,デザイナー,大阪府,Osaka,Designer
2002029,岩崎和也,13,31,公務員,東京都,Tokyo,Public servant
2002030,桜井彩,18,42,運転手,福井県,Fukui,Driver
2002031,中川芽衣,9,49,保育士,栃木県,Tochigi,Childcare worker
2002032,中島陽介,13,29,コンサルタント,東京都,Tokyo,Consultant
2002033,金子隆志,23,47,研究職,愛知県,Aichi,Researcher
2002034,野村久美子,27,28,経理・財務,大阪府,Osaka,Accounting and finance
2002035,野口節子,12,21,会社員,千葉県,Chiba,Company employee
2002036,星野朱莉,14,52,飲食業,神奈川県,Kanagawa,Food service
2002037,松尾亜希子,25,46,経理・財務,滋賀県,Shiga,Accounting and finance
2002038,後藤優,12,40,薬剤師,千葉県,Chiba,Pharmacist
2002039,木村京子,1,74,漁業,北海道,Hokkaido,Fisher
2002040,水野凛,14,63,その他,神奈川県,Kanagawa,Other
2002041,中山慎太郎,27,67,自営業,大阪府,Osaka,Self-employed
2002042,西村由美,45,39,パート・アルバイト,宮崎県,Miyazaki,Part-time worker
2002043,加藤志保,8,31,美容師,茨城県,Ibaraki,Hairdresser
2002044,高橋祐樹,22,43,会計士,静岡県,Shizuoka,Accountant
2002045,渡辺雄大,5,46,デザイナー,秋田県,Akita,Designer
2002046,古川奈々,13,23,弁護士,東京都,Tokyo,Lawyer
2002047,加藤結衣,27,43,美容師,大阪府,Osaka,Hairdresser
2002048,加藤智也,45,42,医師,宮崎県,Miyazaki,Physician
2002049,佐野芽衣,24,64,美容師,三重県,Mie,Hairdresser
2002050,佐野節子,1,36,その他,北海道,Hokkaido,Other
2002051,藤井節子,27,41,保育士,大阪府,Osaka,Childcare worker
2002052,水野秀樹,25,65,学生,滋賀県,Shiga,Student
2002053,谷口瑞穂,23,59,学生,愛知県,Aichi,Student
2002054,斎藤朱莉,22,46,デザイナー,静岡県,Shizuoka,Designer
2002055,山田幸子,11,26,学生,埼玉県,Saitama,Student
2002056,関将也,3,24,自営業,岩手県,Iwate,Self-employed
2002057,金子和子,13,58,建築士,東京都,Tokyo,Architect
2002058,山崎哲也,6,52,会計士,山形県,Yamagata,Accountant
2002059,星野慎太郎,14,44,美容師,神奈川県,Kanagawa,Hairdresser
2002060,藤井芽衣,46,37,経理・財務,鹿児島県,Kagoshima,Accounting and finance
2002061,小川楓,46,53,保育士,鹿児島県,Kagoshima,Childcare worker
2002062,村上英樹,14,38,美容師,神奈川県,Kanagawa,Hairdresser
2002063,河野由美,12,79,医師,千葉県,Chiba,Physician
2002064,小松文子,34,46,美容師,広島県,Hiroshima,Hairdresser
2002065,松尾真一,23,62,公務員,愛知県,Aichi,Public servant
2002066,星野義明,22,22,研究職,静岡県,Shizuoka,Researcher
2002067,山口沙織,13,29,薬剤師,東京都,Tokyo,Pharmacist
2002068,池田隆志,27,66,研究職,大阪府,Osaka,Researcher
2002069,前田孝之,27,76,医師,大阪府,Osaka,Physician
2002070,千葉楓,12,48,営業職,千葉県,Chiba,Sales
2002071,新井典子,5,34,研究職,秋田県,Akita,Researcher
2002072,松井義明,7,38,経理・財務,福島県,Fukushima,Accounting and finance
2002073,小川健太,16,44,自営業,富山県,Toyama,Self-employed
2002074,山下英樹,11,26,運転手,埼玉県,Saitama,Driver
2002075,清水香織,23,35,会社員,愛知県,Aichi,Company employee
2002076,久保彩,31,38,デザイナー,鳥取県,Tottori,Designer
2002077,東大輝,13,44,公務員,東京都,Tokyo,Public servant
2002078,岩崎莉子,10,33,漁業,群馬県,Gunma,Fisher
2002079,水野結衣,13,62,販売員,東京都,Tokyo,Retail staff
2002080,高田春香,34,25,デザイナー,広島県,Hiroshima,Designer
2002081,本田和子,40,58,その他,福岡県,Fukuoka,Other
2002082,関志保,27,69,農業,大阪府,Osaka,Farmer
2002083,斉藤亜希子,14,62,医師,神奈川県,Kanagawa,Physician
2002084,小島心春,36,38,漁業,徳島県,Tokushima,Fisher
2002085,山本亜希子,23,41,年金受給者,愛知県,Aichi,Pensioner
2002086,佐野慎太郎,27,55,漁業,大阪府,Osaka,Fisher
2002087,星野志保,11,69,飲食業,埼玉県,Saitama,Food service
2002088,前田智也,13,75,デザイナー,東京都,Tokyo,Designer
2002089,林文子,22,54,その他,静岡県,Shizuoka,Other
2002090,谷口直美,40,20,販売員,福岡県,Fukuoka,Retail staff
2002091,森田健太,1,26,教員,北海道,Hokkaido,Teacher
2002092,岡田澪,39,31,自営業,高知県,Kochi,Self-employed
2002093,岡本義明,47,38,建築士,沖縄県,Okinawa,Architect
2002094,村上駿,11,55,看護師,埼玉県,Saitama,Nurse
2002095,佐野朱莉,27,46,医師,大阪府,Osaka,Physician
2002096,斎藤真一,3,65,学生,岩手県,Iwate,Student
2002097,田中光子,12,38,経理・財務,千葉県,Chiba,Accounting and finance
2002098,酒井春香,12,31,公務員,千葉県,Chiba,Public servant
2002099,森拓也,13,31,漁業,東京都,Tokyo,Fisher
2002100,平野奈々,17,36,運転手,石川県,Ishikawa,Driver
2002101,原節子,13,58,飲食業,東京都,Tokyo,Food service
2002102,森田雄大,26,25,看護師,京都府,Kyoto,Nurse
2002103,松本光,40,57,保育士,福岡県,Fukuoka,Childcare worker
2002104,菊地朱莉,2,24,会社員,青森県,Aomori,Company employee
2002105,原田翔太,11,47,薬剤師,埼玉県,Saitama,Pharmacist
2002106,田口楓,27,38,パート・アルバイト,大阪府,Osaka,Part-time worker
2002107,村田芽衣,13,24,農業,東京都,Tokyo,Farmer
2002108,古川真央,13,43,公務員,東京都,Tokyo,Public servant
2002109,杉本光,23,61,建築士,愛知県,Aichi,Architect
2002110,藤本陽介,8,69,販売員,茨城県,Ibaraki,Retail staff
2002111,岡田和也,24,32,自営業,三重県,Mie,Self-employed
2002112,石川隆志,33,61,会社員,岡山県,Okayama,Company employee
2002113,武田節子,14,49,その他,神奈川県,Kanagawa,Other
2002114,前田大地,17,45,経理・財務,石川県,Ishikawa,Accounting and finance
2002115,中島涼太,40,31,その他,福岡県,Fukuoka,Other
2002116,井上京子,12,35,教員,千葉県,Chiba,Teacher
2002117,星野涼太,12,47,飲食業,千葉県,Chiba,Food service
2002118,佐々木孝之,36,22,弁護士,徳島県,Tokushima,Lawyer
2002119,原田智子,23,57,その他,愛知県,Aichi,Other
2002120,太田節子,14,45,営業職,神奈川県,Kanagawa,Sales
2002121,小林春香,46,31,美容師,鹿児島県,Kagoshima,Hairdresser
2002122,武田朱莉,28,62,経理・財務,兵庫県,Hyogo,Accounting and finance
2002123,浜田千尋,14,35,コンサルタント,神奈川県,Kanagawa,Consultant
2002124,藤原拓也,23,40,パート・アルバイト,愛知県,Aichi,Part-time worker
2002125,竹内瑞穂,32,30,研究職,島根県,Shimane,Researcher
2002126,白石雄大,11,39,エンジニア,埼玉県,Saitama,Engineer
2002127,竹内隆志,46,50,エンジニア,鹿児島県,Kagoshima,Engineer
2002128,藤田康平,4,44,薬剤師,宮城県,Miyagi,Pharmacist
2002129,市川凛,11,27,デザイナー,埼玉県,Saitama,Designer
2002130,菅原桜,12,29,学生,千葉県,Chiba,Student
2002131,大西一郎,29,46,教員,奈良県,Nara,Teacher
2002132,中野心春,40,48,医師,福岡県,Fukuoka,Physician
2002133,横山凛,40,42,看護師,福岡県,Fukuoka,Nurse
2002134,清水愛,14,30,農業,神奈川県,Kanagawa,Farmer
2002135,関拓也,13,22,公務員,東京都,Tokyo,Public servant
2002136,吉田亜希子,23,36,運転手,愛知県,Aichi,Driver
2002137,古川朱莉,12,52,運転手,千葉県,Chiba,Driver
2002138,木下隆志,9,35,研究職,栃木県,Tochigi,Researcher
2002139,木村美穂,13,34,主婦・主夫,東京都,Tokyo,Homemaker
2002140,山下駿,27,38,美容師,大阪府,Osaka,Hairdresser
2002141,宮崎千尋,27,20,会計士,大阪府,Osaka,Accountant
2002142,吉田洋子,40,29,漁業,福岡県,Fukuoka,Fisher
2002143,今井大輝,24,59,経理・財務,三重県,Mie,Accounting and finance
2002144,森孝之,28,43,公務員,兵庫県,Hyogo,Public servant
2002145,柴田真央,27,61,エンジニア,大阪府,Osaka,Engineer
2002146,原田七海,25,46,経理・財務,滋賀県,Shiga,Accounting and finance
2002147,増田裕子,23,22,会計士,愛知県,Aichi,Accountant
2002148,市川陽介,12,50,その他,千葉県,Chiba,Other
2002149,安田蓮,16,79,会計士,富山県,Toyama,Accountant
2002150,内田亮,14,40,コンサルタント,神奈川県,Kanagawa,Consultant
2002151,田村裕子,13,32,農業,東京都,Tokyo,Farmer
2002152,上野洋子,13,37,自営業,東京都,Tokyo,Self-employed
2002153,桜井陽子,4,35,飲食業,宮城県,Miyagi,Food service
2002154,鈴木香織,27,20,その他,大阪府,Osaka,Other
2002155,山田智也,32,35,医師,島根県,Shimane,Physician
2002156,篠原恵,30,31,エンジニア,和歌山県,Wakayama,Engineer
2002157,菊地拓也,32,50,主婦・主夫,島根県,Shimane,Homemaker
2002158,田中孝之,23,69,教員,愛知県,Aichi,Teacher
2002159,増田陽子,19,41,学生,山梨県,Yamanashi,Student
2002160,菊地秀樹,14,25,コンサルタント,神奈川県,Kanagawa,Consultant
2002161,大西達也,40,23,会計士,福岡県,Fukuoka,Accountant
2002162,藤原愛,22,56,自営業,静岡県,Shizuoka,Self-employed
2002163,岡田京子,47,58,保育士,沖縄県,Okinawa,Childcare worker
2002164,宮本雄大,11,53,弁護士,埼玉県,Saitama,Lawyer
2002165,田中陸,17,31,飲食業,石川県,Ishikawa,Food service
2002166,久保桜,27,30,医師,大阪府,Osaka,Physician
2002167,横田誠,22,63,農業,静岡県,Shizuoka,Farmer
2002168,菅原正樹,17,76,公務員,石川県,Ishikawa,Public servant
2002169,関結衣,11,37,農業,埼玉県,Saitama,Farmer
2002170,石川瑞穂,1,20,会計士,北海道,Hokkaido,Accountant
2002171,小松正樹,6,79,経理・財務,山形県,Yamagata,Accounting and finance
2002172,水野文子,23,38,コンサルタント,愛知県,Aichi,Consultant
2002173,藤原洋平,14,51,飲食業,神奈川県,Kanagawa,Food service
2002174,内田沙織,31,40,運転手,鳥取県,Tottori,Driver
2002175,斉藤翔太,46,25,公務員,鹿児島県,Kagoshima,Public servant
2002176,前田翔太,32,22,デザイナー,島根県,Shimane,Designer
2002177,藤原春香,39,38,教員,高知県,Kochi,Teacher
2002178,増田真一,45,41,農業,宮崎県,Miyazaki,Farmer
2002179,篠原洋平,28,34,保育士,兵庫県,Hyogo,Childcare worker
2002180,中村健太,1,30,コンサルタント,北海道,Hokkaido,Consultant
2002181,本田志保,12,44,主婦・主夫,千葉県,Chiba,Homemaker
2002182,岡田由美,1,37,経理・財務,北海道,Hokkaido,Accounting and finance
2002183,石川悠斗,36,41,パート・アルバイト,徳島県,Tokushima,Part-time worker
2002184,大塚葵,1,35,年金受給者,北海道,Hokkaido,Pensioner
2002185,加藤光子,11,67,弁護士,埼玉県,Saitama,Lawyer
2002186,金子美咲,18,41,自営業,福井県,Fukui,Self-employed
2002187,小松優,13,51,営業職,東京都,Tokyo,Sales
2002188,井上直美,22,21,運転手,静岡県,Shizuoka,Driver
2002189,坂本光子,24,68,農業,三重県,Mie,Farmer
2002190,斉藤美穂,8,55,エンジニア,茨城県,Ibaraki,Engineer
2002191,遠藤典子,28,66,薬剤師,兵庫県,Hyogo,Pharmacist
2002192,松尾亜希子,20,33,年金受給者,長野県,Nagano,Pensioner
2002193,太田莉子,39,57,医師,高知県,Kochi,Physician
2002194,篠原真一,29,41,主婦・主夫,奈良県,Nara,Homemaker
2002195,小林航,13,49,コンサルタント,東京都,Tokyo,Consultant
2002196,大野達也,12,58,経理・財務,千葉県,Chiba,Accounting and finance
2002197,岡田桜,33,21,飲食業,岡山県,Okayama,Food service
2002198,高木隆志,33,56,農業,岡山県,Okayama,Farmer
2002199,佐々木千尋,22,23,その他,静岡県,Shizuoka,Other
2002200,宮崎航,47,36,エンジニア,沖縄県,Okinawa,Engineer
2002201,工藤光子,37,33,漁業,香川県,Kagawa,Fisher
2002202,石川航,14,69,主婦・主夫,神奈川県,Kanagawa,Homemaker
2002203,藤井秀樹,14,43,会社員,神奈川県,Kanagawa,Company employee
2002204,中山蓮,6,55,販売員,山形県,Yamagata,Retail staff
2002205,斉藤和也,27,25,学生,大阪府,Osaka,Student
2002206,小林文子,33,28,公務員,岡山県,Okayama,Public servant
2002207,金子隆志,22,47,建築士,静岡県,Shizuoka,Architect
2002208,遠藤節子,20,36,パート・アルバイト,長野県,Nagano,Part-time worker
2002209,新井恵,41,28,公務員,佐賀県,Saga,Public servant
2002210,近藤美咲,28,49,建築士,兵庫県,Hyogo,Architect
2002211,平野香織,13,60,美容師,東京都,Tokyo,Hairdresser
2002212,山下一郎,14,64,その他,神奈川県,Kanagawa,Other
2002213,森玲子,32,59,エンジニア,島根県,Shimane,Engineer
2002214,池田智也,11,69,看護師,埼玉県,Saitama,Nurse
2002215,太田隆志,13,45,農業,東京都,Tokyo,Farmer
2002216,野口光,27,38,薬剤師,大阪府,Osaka,Pharmacist
2002217,遠藤典子,8,39,弁護士,茨城県,Ibaraki,Lawyer
2002218,山崎亮,13,35,エンジニア,東京都,Tokyo,Engineer
2002219,岡本亮,39,42,会社員,高知県,Kochi,Company employee
2002220,大塚心春,20,24,エンジニア,長野県,Nagano,Engineer
2002221,吉田和子,22,31,公務員,静岡県,Shizuoka,Public servant
2002222,増田恵,6,56,漁業,山形県,Yamagata,Fisher
2002223,松本健太,20,31,その他,長野県,Nagano,Other
2002224,斎藤洋子,1,55,公務員,北海道,Hokkaido,Public servant
2002225,中野陽子,21,65,農業,岐阜県,Gifu,Farmer
2002226,藤井香織,13,37,年金受給者,東京都,Tokyo,Pensioner
2002227,藤本孝之,14,30,美容師,神奈川県,Kanagawa,Hairdresser
2002228,林節子,13,21,デザイナー,東京都,Tokyo,Designer
2002229,安田凛,27,39,農業,大阪府,Osaka,Farmer
2002230,谷口香織,13,31,パート・アルバイト,東京都,Tokyo,Part-time worker
2002231,鈴木美穂,25,57,建築士,滋賀県,Shiga,Architect
2002232,岡田春香,27,65,運転手,大阪府,Osaka,Driver
2002233,原田悠人,42,20,研究職,長崎県,Nagasaki,Researcher
2002234,安田桜,47,40,パート・アルバイト,沖縄県,Okinawa,Part-time worker
2002235,武田孝之,44,52,看護師,大分県,Oita,Nurse
2002236,木村彩,21,36,弁護士,岐阜県,Gifu,Lawyer
2002237,吉田義明,23,40,公務員,愛知県,Aichi,Public servant
2002238,松井沙織,29,41,医師,奈良県,Nara,Physician
2002239,井上大輝,9,54,年金受給者,栃木県,Tochigi,Pensioner
2002240,安田楓,10,42,教員,群馬県,Gunma,Teacher
2002241,星野心春,31,26,公務員,鳥取県,Tottori,Public servant
2002242,太田沙織,25,65,販売員,滋賀県,Shiga,Retail staff
2002243,松本駿,11,51,年金受給者,埼玉県,Saitama,Pensioner
2002244,横田澪,21,55,農業,岐阜県,Gifu,Farmer
2002245,滝沢美咲,14,76,営業職,神奈川県,Kanagawa,Sales
2002246,斉藤蓮,36,45,美容師,徳島県,Tokushima,Hairdresser
2002247,林拓也,23,43,薬剤師,愛知県,Aichi,Pharmacist
2002248,杉本智也,1,79,保育士,北海道,Hokkaido,Childcare worker
2002249,石田蓮,40,64,美容師,福岡県,Fukuoka,Hairdresser
2002250,佐野孝之,1,55,学生,北海道,Hokkaido,Student
2002251,松井悠斗,23,39,教員,愛知県,Aichi,Teacher
2002252,太田葵,11,38,営業職,埼玉県,Saitama,Sales
2002253,東桜,13,60,販売員,東京都,Tokyo,Retail staff
2002254,杉山香織,44,71,医師,大分県,Oita,Physician
2002255,岡本千尋,14,67,パート・アルバイト,神奈川県,Kanagawa,Part-time worker
2002256,村田智子,11,35,主婦・主夫,埼玉県,Saitama,Homemaker
2002257,佐藤愛,14,47,公務員,神奈川県,Kanagawa,Public servant
2002258,松岡祐樹,30,38,飲食業,和歌山県,Wakayama,Food service
2002259,原陸,33,23,学生,岡山県,Okayama,Student
2002260,松岡涼太,2,70,コンサルタント,青森県,Aomori,Consultant
2002261,安田陽介,10,51,教員,群馬県,Gunma,Teacher
2002262,小松志保,34,51,弁護士,広島県,Hiroshima,Lawyer
2002263,小野愛,40,48,薬剤師,福岡県,Fukuoka,Pharmacist
2002264,野口恵,11,57,研究職,埼玉県,Saitama,Researcher
2002265,松井葵,37,52,会計士,香川県,Kagawa,Accountant
2002266,坂本悠斗,6,34,主婦・主夫,山形県,Yamagata,Homemaker
2002267,水野達也,13,76,自営業,東京都,Tokyo,Self-employed
2002268,木村一郎,26,20,飲食業,京都府,Kyoto,Food service
2002269,吉田誠,14,26,薬剤師,神奈川県,Kanagawa,Pharmacist
2002270,石川直美,27,31,学生,大阪府,Osaka,Student
2002271,岡田久美子,38,47,年金受給者,愛媛県,Ehime,Pensioner
2002272,村田亜希子,14,62,パート・アルバイト,神奈川県,Kanagawa,Part-time worker
2002273,岡本大地,7,40,会社員,福島県,Fukushima,Company employee
2002274,吉田優,25,40,デザイナー,滋賀県,Shiga,Designer
2002275,金子一郎,13,75,学生,東京都,Tokyo,Student
2002276,中村洋平,38,58,美容師,愛媛県,Ehime,Hairdresser
2002277,篠原和也,30,35,学生,和歌山県,Wakayama,Student
2002278,阿部光,13,20,建築士,東京都,Tokyo,Architect
2002279,河野優,13,49,美容師,東京都,Tokyo,Hairdresser
2002280,和田優,13,48,漁業,東京都,Tokyo,Fisher
2002281,後藤裕子,1,36,弁護士,北海道,Hokkaido,Lawyer
2002282,渡辺慎太郎,23,74,公務員,愛知県,Aichi,Public servant
2002283,渡部陽介,13,45,農業,東京都,Tokyo,Farmer
2002284,新井啓介,13,57,漁業,東京都,Tokyo,Fisher
2002285,長谷川蓮,27,71,会社員,大阪府,Osaka,Company employee
2002286,松井裕子,11,32,教員,埼玉県,Saitama,Teacher
2002287,石田愛,29,49,美容師,奈良県,Nara,Hairdresser
2002288,坂本彩,11,24,営業職,埼玉県,Saitama,Sales
2002289,谷口亜希子,21,28,デザイナー,岐阜県,Gifu,Designer
2002290,関啓介,31,26,保育士,鳥取県,Tottori,Childcare worker
2002291,島田秀樹,17,74,販売員,石川県,Ishikawa,Retail staff
2002292,松井亮,30,51,その他,和歌山県,Wakayama,Other
2002293,小川陸,7,59,会計士,福島県,Fukushima,Accountant
2002294,長谷川哲也,14,47,弁護士,神奈川県,Kanagawa,Lawyer
2002295,田口隆志,27,49,農業,大阪府,Osaka,Farmer
2002296,前田光,46,50,看護師,鹿児島県,Kagoshima,Nurse
2002297,大塚拓也,31,45,販売員,鳥取県,Tottori,Retail staff
2002298,山口洋子,23,59,医師,愛知県,Aichi,Physician
2002299,横山誠,15,51,薬剤師,新潟県,Niigata,Pharmacist
2002300,山崎七海,38,44,美容師,愛媛県,Ehime,Hairdresser
2002301,長谷川雄大,41,43,薬剤師,佐賀県,Saga,Pharmacist
2002302,山崎蓮,47,37,運転手,沖縄県,Okinawa,Driver
2002303,松田久美子,4,20,美容師,宮城県,Miyagi,Hairdresser
2002304,久保光,12,21,営業職,千葉県,Chiba,Sales
2002305,藤本亮,13,44,パート・アルバイト,東京都,Tokyo,Part-time worker
2002306,村田陽子,27,69,会社員,大阪府,Osaka,Company employee
2002307,山本文子,13,37,主婦・主夫,東京都,Tokyo,Homemaker
2002308,伊藤陽子,27,43,運転手,大阪府,Osaka,Driver
2002309,久保文子,45,48,販売員,宮崎県,Miyazaki,Retail staff
2002310,長谷川亜希子,31,40,美容師,鳥取県,Tottori,Hairdresser
2002311,高木恵,13,43,経理・財務,東京都,Tokyo,Accounting and finance
2002312,森葵,14,43,パート・アルバイト,神奈川県,Kanagawa,Part-time worker
2002313,松田裕子,40,37,自営業,福岡県,Fukuoka,Self-employed
2002314,横山典子,23,71,農業,愛知県,Aichi,Farmer
2002315,酒井大地,23,54,エンジニア,愛知県,Aichi,Engineer
2002316,小松亜希子,40,26,公務員,福岡県,Fukuoka,Public servant
2002317,松本桜,12,57,看護師,千葉県,Chiba,Nurse
2002318,田口文子,13,49,飲食業,東京都,Tokyo,Food service
2002319,藤本裕子,23,41,運転手,愛知県,Aichi,Driver
2002320,松田義明,23,47,学生,愛知県,Aichi,Student
2002321,水野健太,8,32,学生,茨城県,Ibaraki,Student
2002322,林裕子,23,64,コンサルタント,愛知県,Aichi,Consultant
2002323,安藤光,3,53,コンサルタント,岩手県,Iwate,Consultant
2002324,福田美穂,11,37,保育士,埼玉県,Saitama,Childcare worker
2002325,横山達也,11,67,会計士,埼玉県,Saitama,Accountant
2002326,渡部玲子,27,48,飲食業,大阪府,Osaka,Food service
2002327,木村恵,40,28,看護師,福岡県,Fukuoka,Nurse
2002328,大西愛,27,34,経理・財務,大阪府,Osaka,Accounting and finance
2002329,増田芽衣,11,74,営業職,埼玉県,Saitama,Sales
2002330,原田陽介,11,31,医師,埼玉県,Saitama,Physician
2002331,今井奈々,15,62,薬剤師,新潟県,Niigata,Pharmacist
2002332,小島香織,5,45,コンサルタント,秋田県,Akita,Consultant
2002333,阿部文子,40,53,美容師,福岡県,Fukuoka,Hairdresser
2002334,水野秀樹,13,66,研究職,東京都,Tokyo,Researcher
2002335,太田光子,39,73,会社員,高知県,Kochi,Company employee
2002336,白石義明,13,39,医師,東京都,Tokyo,Physician
2002337,浜田雄大,28,55,運転手,兵庫県,Hyogo,Driver
2002338,横田涼太,19,39,運転手,山梨県,Yamanashi,Driver
2002339,中島美穂,14,28,弁護士,神奈川県,Kanagawa,Lawyer
2002340,島田莉子,2,68,コンサルタント,青森県,Aomori,Consultant
2002341,水野陸,22,74,建築士,静岡県,Shizuoka,Architect
2002342,伊藤陽介,14,37,教員,神奈川県,Kanagawa,Teacher
2002343,関美穂,27,22,飲食業,大阪府,Osaka,Food service
2002344,遠藤大輝,1,43,主婦・主夫,北海道,Hokkaido,Homemaker
2002345,中川愛,1,22,美容師,北海道,Hokkaido,Hairdresser
2002346,星野啓介,11,51,運転手,埼玉県,Saitama,Driver
2002347,和田奈々,14,51,飲食業,神奈川県,Kanagawa,Food service
2002348,大西陽介,23,24,建築士,愛知県,Aichi,Architect
2002349,石田典子,28,39,弁護士,兵庫県,Hyogo,Lawyer
2002350,増田澪,22,51,看護師,静岡県,Shizuoka,Nurse
2002351,白石駿,27,63,運転手,大阪府,Osaka,Driver
2002352,林真一,8,61,経理・財務,茨城県,Ibaraki,Accounting and finance
2002353,横田光,22,70,エンジニア,静岡県,Shizuoka,Engineer
2002354,松井凛,1,22,運転手,北海道,Hokkaido,Driver
2002355,平野亜希子,32,34,経理・財務,島根県,Shimane,Accounting and finance
2002356,上野秀樹,2,28,運転手,青森県,Aomori,Driver
2002357,田村葵,28,77,飲食業,兵庫県,Hyogo,Food service
2002358,伊藤隆志,8,51,漁業,茨城県,Ibaraki,Fisher
2002359,平野智子,30,56,パート・アルバイト,和歌山県,Wakayama,Part-time worker
2002360,原千尋,20,39,会計士,長野県,Nagano,Accountant
2002361,山下直樹,6,58,建築士,山形県,Yamagata,Architect
2002362,新井陽介,14,43,飲食業,神奈川県,Kanagawa,Food service
2002363,藤田凛,10,79,公務員,群馬県,Gunma,Public servant
2002364,菊地京子,11,45,看護師,埼玉県,Saitama,Nurse
2002365,大野心春,13,38,営業職,東京都,Tokyo,Sales
2002366,松井隆志,27,33,年金受給者,大阪府,Osaka,Pensioner
2002367,青木葵,2,32,年金受給者,青森県,Aomori,Pensioner
2002368,古川正樹,32,49,看護師,島根県,Shimane,Nurse
2002369,阿部駿,41,43,営業職,佐賀県,Saga,Sales
2002370,中川健太,24,67,飲食業,三重県,Mie,Food service
2002371,岡本誠,13,40,学生,東京都,Tokyo,Student
2002372,小島正樹,31,35,農業,鳥取県,Tottori,Farmer
2002373,藤田一郎,24,36,建築士,三重県,Mie,Architect
2002374,橋本凛,11,62,販売員,埼玉県,Saitama,Retail staff
2002375,坂本涼太,42,40,パート・アルバイト,長崎県,Nagasaki,Part-time worker
2002376,井上瑞穂,12,43,自営業,千葉県,Chiba,Self-employed
2002377,渡部克彦,46,23,公務員,鹿児島県,Kagoshima,Public servant
2002378,平野博之,4,58,保育士,宮城県,Miyagi,Childcare worker
2002379,高橋典子,41,37,美容師,佐賀県,Saga,Hairdresser
2002380,山田真一,13,50,建築士,東京都,Tokyo,Architect
2002381,小林哲也,12,55,保育士,千葉県,Chiba,Childcare worker
2002382,岡田和子,27,42,農業,大阪府,Osaka,Farmer
2002383,関康平,13,30,運転手,東京都,Tokyo,Driver
2002384,増田由美,37,26,農業,香川県,Kagawa,Farmer
2002385,市川健太,38,53,デザイナー,愛媛県,Ehime,Designer
2002386,佐々木玲子,12,65,経理・財務,千葉県,Chiba,Accounting and finance
2002387,桜井凛,26,48,看護師,京都府,Kyoto,Nurse
2002388,田村文子,27,41,医師,大阪府,Osaka,Physician
2002389,宮本英樹,28,35,漁業,兵庫県,Hyogo,Fisher
2002390,横田幸子,6,52,保育士,山形県,Yamagata,Childcare worker
2002391,藤井陸,40,22,保育士,福岡県,Fukuoka,Childcare worker
2002392,斎藤朱莉,40,43,経理・財務,福岡県,Fukuoka,Accounting and finance
2002393,久保蓮,13,46,看護師,東京都,Tokyo,Nurse
2002394,平野悠斗,11,63,デザイナー,埼玉県,Saitama,Designer
2002395,杉山美咲,27,54,経理・財務,大阪府,Osaka,Accounting and finance
2002396,小松隆志,23,31,保育士,愛知県,Aichi,Childcare worker
2002397,田中啓介,23,73,その他,愛知県,Aichi,Other
2002398,原田雄大,7,65,教員,福島県,Fukushima,Teacher
2002399,田口芽衣,14,47,薬剤師,神奈川県,Kanagawa,Pharmacist
2002400,松井真央,27,53,主婦・主夫,大阪府,Osaka,Homemaker
2002401,藤本沙織,1,24,看護師,北海道,Hokkaido,Nurse
2002402,田村優,5,63,弁護士,秋田県,Akita,Lawyer
2002403,今井朱莉,20,41,漁業,長野県,Nagano,Fisher
2002404,西村義明,25,27,保育士,滋賀県,Shiga,Childcare worker
2002405,飯田洋子,12,38,パート・アルバイト,千葉県,Chiba,Part-time worker
2002406,水野和也,21,28,主婦・主夫,岐阜県,Gifu,Homemaker
2002407,松井真央,22,39,看護師,静岡県,Shizuoka,Nurse
2002408,東達也,27,38,エンジニア,大阪府,Osaka,Engineer
2002409,阿部義明,32,55,経理・財務,島根県,Shimane,Accounting and finance
2002410,三浦真一,39,78,年金受給者,高知県,Kochi,Pensioner
2002411,木下京子,21,27,自営業,岐阜県,Gifu,Self-employed
2002412,野口和也,5,25,保育士,秋田県,Akita,Childcare worker
2002413,菅原由美,12,36,その他,千葉県,Chiba,Other
2002414,杉本久美子,35,34,看護師,山口県,Yamaguchi,Nurse
2002415,遠藤由美,13,52,経理・財務,東京都,Tokyo,Accounting and finance
2002416,本田慎太郎,13,25,漁業,東京都,Tokyo,Fisher
2002417,井上愛,13,30,エンジニア,東京都,Tokyo,Engineer
2002418,田村優,12,27,看護師,千葉県,Chiba,Nurse
2002419,今井香織,9,24,農業,栃木県,Tochigi,Farmer
2002420,井上翔太,23,38,教員,愛知県,Aichi,Teacher
2002421,星野誠,44,31,経理・財務,大分県,Oita,Accounting and finance
2002422,岡本真一,22,76,農業,静岡県,Shizuoka,Farmer
2002423,飯田彩,13,25,研究職,東京都,Tokyo,Researcher
2002424,関啓介,23,24,年金受給者,愛知県,Aichi,Pensioner
2002425,村上和也,11,35,パート・アルバイト,埼玉県,Saitama,Part-time worker
2002426,村上和子,12,26,学生,千葉県,Chiba,Student
2002427,山田楓,43,34,運転手,熊本県,Kumamoto,Driver
2002428,中村裕子,22,42,会社員,静岡県,Shizuoka,Company employee
2002429,桜井義明,14,59,医師,神奈川県,Kanagawa,Physician
2002430,藤本香織,9,22,弁護士,栃木県,Tochigi,Lawyer
2002431,中島大輝,47,32,学生,沖縄県,Okinawa,Student
2002432,武田真一,25,32,エンジニア,滋賀県,Shiga,Engineer
2002433,大塚沙織,23,49,教員,愛知県,Aichi,Teacher
2002434,山下駿,11,41,教員,埼玉県,Saitama,Teacher
2002435,中村奈々,13,21,自営業,東京都,Tokyo,Self-employed
2002436,岩崎陸,12,38,営業職,千葉県,Chiba,Sales
2002437,上野亮,44,47,経理・財務,大分県,Oita,Accounting and finance
2002438,中山桜,13,46,保育士,東京都,Tokyo,Childcare worker
2002439,上野誠,21,70,研究職,岐阜県,Gifu,Researcher
2002440,宮本大地,12,49,運転手,千葉県,Chiba,Driver
2002441,上野亜希子,13,43,薬剤師,東京都,Tokyo,Pharmacist
2002442,山口陸,23,78,研究職,愛知県,Aichi,Researcher
2002443,山本将也,2,68,会計士,青森県,Aomori,Accountant
2002444,宮本楓,33,55,営業職,岡山県,Okayama,Sales
2002445,大西翔太,43,41,研究職,熊本県,Kumamoto,Researcher
2002446,上野洋子,3,25,建築士,岩手県,Iwate,Architect
2002447,小島拓也,28,40,研究職,兵庫県,Hyogo,Researcher
2002448,野村智也,21,45,エンジニア,岐阜県,Gifu,Engineer
2002449,田中典子,17,26,研究職,石川県,Ishikawa,Researcher
2002450,森一郎,38,25,研究職,愛媛県,Ehime,Researcher
2002451,藤井美穂,27,20,販売員,大阪府,Osaka,Retail staff
2002452,高橋七海,27,20,運転手,大阪府,Osaka,Driver
2002453,新井澪,13,33,経理・財務,東京都,Tokyo,Accounting and finance
2002454,増田節子,42,42,パート・アルバイト,長崎県,Nagasaki,Part-time worker
2002455,原田直美,12,45,エンジニア,千葉県,Chiba,Engineer
2002456,竹内哲也,27,22,看護師,大阪府,Osaka,Nurse
2002457,中島陽子,33,44,コンサルタント,岡山県,Okayama,Consultant
2002458,吉田一郎,34,73,営業職,広島県,Hiroshima,Sales
2002459,藤原春香,23,57,会計士,愛知県,Aichi,Accountant
2002460,河野真央,11,55,エンジニア,埼玉県,Saitama,Engineer
2002461,岡田和子,1,28,農業,北海道,Hokkaido,Farmer
2002462,中村光子,23,36,その他,愛知県,Aichi,Other
2002463,関大輝,40,40,学生,福岡県,Fukuoka,Student
2002464,篠原悠人,23,39,会社員,愛知県,Aichi,Company employee
2002465,松尾恵,24,53,営業職,三重県,Mie,Sales
2002466,山崎桜,10,61,教員,群馬県,Gunma,Teacher
2002467,松岡陽子,33,59,農業,岡山県,Okayama,Farmer
2002468,藤本心春,13,70,研究職,東京都,Tokyo,Researcher
2002469,酒井桜,13,69,その他,東京都,Tokyo,Other
2002470,丸山亜希子,1,60,建築士,北海道,Hokkaido,Architect
2002471,石井光,37,31,その他,香川県,Kagawa,Other
2002472,菊地康平,25,42,販売員,滋賀県,Shiga,Retail staff
2002473,菅原凛,16,42,研究職,富山県,Toyama,Researcher
2002474,岡本志保,12,53,経理・財務,千葉県,Chiba,Accounting and finance
2002475,中島香織,23,43,エンジニア,愛知県,Aichi,Engineer
2002476,松本翔太,38,55,薬剤師,愛媛県,Ehime,Pharmacist
2002477,中山瑞穂,35,45,学生,山口県,Yamaguchi,Student
2002478,渡部瑞穂,7,69,看護師,福島県,Fukushima,Nurse
2002479,小林陸,11,38,営業職,埼玉県,Saitama,Sales
2002480,武田愛,27,20,会計士,大阪府,Osaka,Accountant
2002481,山口亮,27,73,その他,大阪府,Osaka,Other
2002482,大西典子,1,48,飲食業,北海道,Hokkaido,Food service
2002483,藤井孝之,12,66,その他,千葉県,Chiba,Other
2002484,佐野典子,13,41,営業職,東京都,Tokyo,Sales
2002485,藤原彩,23,49,農業,愛知県,Aichi,Farmer
2002486,清水美穂,43,60,建築士,熊本県,Kumamoto,Architect
2002487,佐野祐樹,29,21,コンサルタント,奈良県,Nara,Consultant
2002488,森田玲子,32,52,エンジニア,島根県,Shimane,Engineer
2002489,原田英樹,22,30,その他,静岡県,Shizuoka,Other
2002490,千葉沙織,18,35,美容師,福井県,Fukui,Hairdresser
2002491,三浦浩二,36,44,飲食業,徳島県,Tokushima,Food service
2002492,松岡典子,27,45,研究職,大阪府,Osaka,Researcher
2002493,高橋達也,11,26,建築士,埼玉県,Saitama,Architect
2002494,増田陽子,23,33,飲食業,愛知県,Aichi,Food service
2002495,山田千尋,11,54,自営業,埼玉県,Saitama,Self-employed
2002496,後藤久美子,13,36,建築士,東京都,Tokyo,Architect
2002497,斎藤雄大,35,41,飲食業,山口県,Yamaguchi,Food service
2002498,平野幸子,7,35,デザイナー,福島県,Fukushima,Designer
2002499,伊藤拓也,23,22,会計士,愛知県,Aichi,Accountant
2002500,渡部七海,27,57,建築士,大阪府,Osaka,Architect
2002501,水野正樹,39,52,年金受給者,高知県,Kochi,Pensioner
2002502,木下英樹,1,55,美容師,北海道,Hokkaido,Hairdresser
2002503,松井七海,14,35,自営業,神奈川県,Kanagawa,Self-employed
2002504,久保克彦,28,51,保育士,兵庫県,Hyogo,Childcare worker
2002505,宮本誠,3,22,会計士,岩手県,Iwate,Accountant
2002506,新井真一,28,31,漁業,兵庫県,Hyogo,Fisher
2002507,上田大地,13,26,教員,東京都,Tokyo,Teacher
2002508,林久美子,2,46,研究職,青森県,Aomori,Researcher
2002509,中村健太,27,55,年金受給者,大阪府,Osaka,Pensioner
2002510,篠原秀樹,20,40,保育士,長野県,Nagano,Childcare worker
2002511,橋本直樹,33,39,主婦・主夫,岡山県,Okayama,Homemaker
2002512,上田玲子,35,59,弁護士,山口県,Yamaguchi,Lawyer
2002513,横山真一,22,62,会社員,静岡県,Shizuoka,Company employee
2002514,中島康平,12,50,農業,千葉県,Chiba,Farmer
2002515,田口洋子,14,45,漁業,神奈川県,Kanagawa,Fisher
2002516,伊藤健太,14,31,運転手,神奈川県,Kanagawa,Driver
2002517,竹内慎太郎,23,31,漁業,愛知県,Aichi,Fisher
2002518,小野誠,40,58,自営業,福岡県,Fukuoka,Self-employed
2002519,増田澪,40,61,コンサルタント,福岡県,Fukuoka,Consultant
2002520,太田英樹,14,26,美容師,神奈川県,Kanagawa,Hairdresser
2002521,小松澪,7,54,保育士,福島県,Fukushima,Childcare worker
2002522,増田楓,34,43,建築士,広島県,Hiroshima,Architect
2002523,岩崎蓮,43,31,薬剤師,熊本県,Kumamoto,Pharmacist
2002524,横山文子,13,20,看護師,東京都,Tokyo,Nurse
2002525,上野節子,23,41,販売員,愛知県,Aichi,Retail staff
2002526,松岡英樹,11,54,会社員,埼玉県,Saitama,Company employee
2002527,飯田陽介,30,22,飲食業,和歌山県,Wakayama,Food service
2002528,山崎浩二,12,60,その他,千葉県,Chiba,Other
2002529,白石葵,12,35,運転手,千葉県,Chiba,Driver
2002530,関悠斗,44,44,飲食業,大分県,Oita,Food service
2002531,木村哲也,39,37,会社員,高知県,Kochi,Company employee
2002532,星野将也,17,27,建築士,石川県,Ishikawa,Architect
2002533,宮本優,28,43,経理・財務,兵庫県,Hyogo,Accounting and finance
2002534,市川芽衣,14,56,自営業,神奈川県,Kanagawa,Self-employed
2002535,和田志保,23,48,デザイナー,愛知県,Aichi,Designer
2002536,小林蓮,5,29,建築士,秋田県,Akita,Architect
2002537,小川洋平,28,35,飲食業,兵庫県,Hyogo,Food service
2002538,高橋航,28,62,運転手,兵庫県,Hyogo,Driver
2002539,安藤秀樹,36,47,主婦・主夫,徳島県,Tokushima,Homemaker
2002540,市川美穂,23,21,その他,愛知県,Aichi,Other
2002541,杉本澪,13,45,医師,東京都,Tokyo,Physician
2002542,高橋奈々,40,30,販売員,福岡県,Fukuoka,Retail staff
2002543,島田亜希子,23,58,教員,愛知県,Aichi,Teacher
2002544,浜田陽子,30,30,会社員,和歌山県,Wakayama,Company employee
2002545,千葉澪,1,39,その他,北海道,Hokkaido,Other
2002546,河野悠斗,36,27,研究職,徳島県,Tokushima,Researcher
2002547,村田正樹,19,41,会社員,山梨県,Yamanashi,Company employee
2002548,松田洋平,13,39,自営業,東京都,Tokyo,Self-employed
2002549,桜井智也,11,45,自営業,埼玉県,Saitama,Self-employed
2002550,横山瑞穂,42,49,弁護士,長崎県,Nagasaki,Lawyer
2002551,東駿,1,57,年金受給者,北海道,Hokkaido,Pensioner
2002552,山本陸,13,51,自営業,東京都,Tokyo,Self-employed
2002553,上野志保,22,48,会社員,静岡県,Shizuoka,Company employee
2002554,後藤達也,23,37,主婦・主夫,愛知県,Aichi,Homemaker
2002555,藤原恵,37,64,漁業,香川県,Kagawa,Fisher
2002556,篠原哲也,46,45,薬剤師,鹿児島県,Kagoshima,Pharmacist
2002557,木村光子,11,35,農業,埼玉県,Saitama,Farmer
2002558,横田光,19,43,保育士,山梨県,Yamanashi,Childcare worker
2002559,佐野沙織,12,63,コンサルタント,千葉県,Chiba,Consultant
2002560,近藤将也,26,55,学生,京都府,Kyoto,Student
2002561,松本航,16,47,パート・アルバイト,富山県,Toyama,Part-time worker
2002562,吉田博之,13,31,薬剤師,東京都,Tokyo,Pharmacist
2002563,中川康平,26,39,営業職,京都府,Kyoto,Sales
2002564,上田悠斗,29,52,学生,奈良県,Nara,Student
2002565,武田健太,14,56,主婦・主夫,神奈川県,Kanagawa,Homemaker
2002566,柴田拓也,17,54,美容師,石川県,Ishikawa,Hairdresser
2002567,安藤浩二,34,57,公務員,広島県,Hiroshima,Public servant
2002568,佐野秀樹,36,30,看護師,徳島県,Tokushima,Nurse
2002569,高田玲子,38,24,エンジニア,愛媛県,Ehime,Engineer
2002570,柴田悠斗,12,51,医師,千葉県,Chiba,Physician
2002571,村上直樹,39,41,主婦・主夫,高知県,Kochi,Homemaker
2002572,新井玲子,11,39,販売員,埼玉県,Saitama,Retail staff
2002573,滝沢一郎,22,49,漁業,静岡県,Shizuoka,Fisher
2002574,白石博之,14,52,年金受給者,神奈川県,Kanagawa,Pensioner
2002575,古川隆志,15,49,コンサルタント,新潟県,Niigata,Consultant
2002576,中川義明,14,42,販売員,神奈川県,Kanagawa,Retail staff
2002577,松田啓介,33,63,デザイナー,岡山県,Okayama,Designer
2002578,菊地英樹,34,67,美容師,広島県,Hiroshima,Hairdresser
2002579,阿部光子,34,37,その他,広島県,Hiroshima,Other
2002580,斉藤香織,27,57,研究職,大阪府,Osaka,Researcher
2002581,後藤英樹,27,47,会社員,大阪府,Osaka,Company employee
2002582,島田蓮,14,40,漁業,神奈川県,Kanagawa,Fisher
2002583,藤本恵,39,46,薬剤師,高知県,Kochi,Pharmacist
2002584,坂本亮,11,60,漁業,埼玉県,Saitama,Fisher
2002585,宮本光子,27,58,保育士,大阪府,Osaka,Childcare worker
2002586,野口将也,18,34,保育士,福井県,Fukui,Childcare worker
2002587,水野正樹,1,47,看護師,北海道,Hokkaido,Nurse
2002588,小松航,45,54,飲食業,宮崎県,Miyazaki,Food service
2002589,田村節子,15,40,弁護士,新潟県,Niigata,Lawyer
2002590,池田亮,40,33,農業,福岡県,Fukuoka,Farmer
2002591,渡辺陽子,2,45,デザイナー,青森県,Aomori,Designer
2002592,森田駿,23,49,保育士,愛知県,Aichi,Childcare worker
2002593,杉本直美,35,33,保育士,山口県,Yamaguchi,Childcare worker
2002594,安藤恵,42,51,医師,長崎県,Nagasaki,Physician
2002595,小松凛,13,75,パート・アルバイト,東京都,Tokyo,Part-time worker
2002596,白石悠斗,12,49,会社員,千葉県,Chiba,Company employee
2002597,原田英樹,11,50,営業職,埼玉県,Saitama,Sales
2002598,大西洋平,40,48,建築士,福岡県,Fukuoka,Architect
2002599,斉藤桜,11,38,薬剤師,埼玉県,Saitama,Pharmacist
2002600,酒井亮,28,65,コンサルタント,兵庫県,Hyogo,Consultant
2002601,水野大輝,20,41,パート・アルバイト,長野県,Nagano,Part-time worker
2002602,佐野誠,25,53,販売員,滋賀県,Shiga,Retail staff
2002603,飯田大地,27,43,エンジニア,大阪府,Osaka,Engineer
2002604,野口沙織,13,72,建築士,東京都,Tokyo,Architect
2002605,水野美穂,13,67,学生,東京都,Tokyo,Student
2002606,近藤洋子,13,28,主婦・主夫,東京都,Tokyo,Homemaker
2002607,杉山智子,11,34,飲食業,埼玉県,Saitama,Food service
2002608,山本葵,13,36,運転手,東京都,Tokyo,Driver
2002609,高橋英樹,1,69,飲食業,北海道,Hokkaido,Food service
2002610,松岡香織,14,69,教員,神奈川県,Kanagawa,Teacher
2002611,福田優,11,31,弁護士,埼玉県,Saitama,Lawyer
2002612,松田康平,13,31,公務員,東京都,Tokyo,Public servant
2002613,内田志保,24,43,主婦・主夫,三重県,Mie,Homemaker
2002614,谷口涼太,13,36,会計士,東京都,Tokyo,Accountant
2002615,野村節子,11,50,販売員,埼玉県,Saitama,Retail staff
2002616,高木芽衣,1,26,保育士,北海道,Hokkaido,Childcare worker
2002617,菊地光子,27,71,販売員,大阪府,Osaka,Retail staff
2002618,藤原玲子,13,49,研究職,東京都,Tokyo,Researcher
2002619,横田澪,28,43,コンサルタント,兵庫県,Hyogo,Consultant
2002620,菊地啓介,11,64,学生,埼玉県,Saitama,Student
2002621,宮本奈々,27,69,医師,大阪府,Osaka,Physician
2002622,渡部陸,11,57,美容師,埼玉県,Saitama,Hairdresser
2002623,飯田英樹,11,57,公務員,埼玉県,Saitama,Public servant
2002624,杉本陽介,27,41,会計士,大阪府,Osaka,Accountant
2002625,水野芽衣,27,31,デザイナー,大阪府,Osaka,Designer
2002626,原直樹,37,39,弁護士,香川県,Kagawa,Lawyer
2002627,岡田芽衣,11,49,漁業,埼玉県,Saitama,Fisher
2002628,森田瑞穂,35,43,看護師,山口県,Yamaguchi,Nurse
2002629,松井七海,13,48,医師,東京都,Tokyo,Physician
2002630,藤原駿,17,58,薬剤師,石川県,Ishikawa,Pharmacist
2002631,山崎隆志,31,43,看護師,鳥取県,Tottori,Nurse
2002632,松尾彩,23,32,営業職,愛知県,Aichi,Sales
2002633,伊藤香織,41,39,年金受給者,佐賀県,Saga,Pensioner
2002634,新井心春,14,22,飲食業,神奈川県,Kanagawa,Food service
2002635,丸山光子,31,47,コンサルタント,鳥取県,Tottori,Consultant
2002636,中川誠,6,44,飲食業,山形県,Yamagata,Food service
2002637,藤井達也,4,27,学生,宮城県,Miyagi,Student
2002638,久保克彦,27,24,年金受給者,大阪府,Osaka,Pensioner
2002639,野村結衣,42,70,飲食業,長崎県,Nagasaki,Food service
2002640,横山玲子,28,39,年金受給者,兵庫県,Hyogo,Pensioner
2002641,原香織,39,45,保育士,高知県,Kochi,Childcare worker
2002642,丸山涼太,11,39,主婦・主夫,埼玉県,Saitama,Homemaker
2002643,久保浩二,23,52,学生,愛知県,Aichi,Student
2002644,市川孝之,42,26,学生,長崎県,Nagasaki,Student
2002645,安藤心春,13,39,漁業,東京都,Tokyo,Fisher
2002646,藤井節子,25,46,デザイナー,滋賀県,Shiga,Designer
2002647,森博之,14,24,建築士,神奈川県,Kanagawa,Architect
2002648,高橋彩,8,60,研究職,茨城県,Ibaraki,Researcher
2002649,桜井典子,3,55,運転手,岩手県,Iwate,Driver
2002650,上野英樹,41,54,教員,佐賀県,Saga,Teacher
2002651,桜井悠人,15,23,医師,新潟県,Niigata,Physician
2002652,工藤真一,14,50,パート・アルバイト,神奈川県,Kanagawa,Part-time worker
2002653,上田和也,3,57,営業職,岩手県,Iwate,Sales
2002654,滝沢愛,30,57,漁業,和歌山県,Wakayama,Fisher
2002655,丸山恵,13,51,販売員,東京都,Tokyo,Retail staff
2002656,横田英樹,14,39,パート・アルバイト,神奈川県,Kanagawa,Part-time worker
2002657,浜田和也,12,38,デザイナー,千葉県,Chiba,Designer
2002658,水野愛,14,78,デザイナー,神奈川県,Kanagawa,Designer
2002659,中村智也,8,42,看護師,茨城県,Ibaraki,Nurse
2002660,伊藤亮,23,33,営業職,愛知県,Aichi,Sales
2002661,中島直樹,13,42,学生,東京都,Tokyo,Student
2002662,大西一郎,35,40,弁護士,山口県,Yamaguchi,Lawyer
2002663,柴田京子,13,53,農業,東京都,Tokyo,Farmer
2002664,山崎朱莉,27,20,その他,大阪府,Osaka,Other
2002665,斉藤亜希子,10,34,エンジニア,群馬県,Gunma,Engineer
2002666,関美咲,28,52,美容師,兵庫県,Hyogo,Hairdresser
2002667,藤井桜,23,53,コンサルタント,愛知県,Aichi,Consultant
2002668,千葉航,32,60,経理・財務,島根県,Shimane,Accounting and finance
2002669,中村克彦,24,28,弁護士,三重県,Mie,Lawyer
2002670,宮崎浩二,1,45,研究職,北海道,Hokkaido,Researcher
2002671,篠原翔太,14,22,会社員,神奈川県,Kanagawa,Company employee
2002672,佐藤達也,40,47,営業職,福岡県,Fukuoka,Sales
2002673,浜田悠人,41,36,自営業,佐賀県,Saga,Self-employed
2002674,伊藤沙織,13,44,保育士,東京都,Tokyo,Childcare worker
2002675,池田直美,12,73,営業職,千葉県,Chiba,Sales
2002676,森優,31,59,経理・財務,鳥取県,Tottori,Accounting and finance
2002677,太田光,44,65,自営業,大分県,Oita,Self-employed
2002678,菅原沙織,15,51,パート・アルバイト,新潟県,Niigata,Part-time worker
2002679,吉田誠,27,31,漁業,大阪府,Osaka,Fisher
2002680,吉田正樹,46,51,研究職,鹿児島県,Kagoshima,Researcher
2002681,松岡玲子,29,42,デザイナー,奈良県,Nara,Designer
2002682,石井健太,28,55,漁業,兵庫県,Hyogo,Fisher
2002683,竹内春香,13,53,漁業,東京都,Tokyo,Fisher
2002684,谷口光子,27,39,飲食業,大阪府,Osaka,Food service
2002685,田村澪,28,67,パート・アルバイト,兵庫県,Hyogo,Part-time worker
2002686,飯田千尋,21,61,エンジニア,岐阜県,Gifu,Engineer
2002687,桜井光子,27,40,コンサルタント,大阪府,Osaka,Consultant
2002688,小川陽介,10,26,デザイナー,群馬県,Gunma,Designer
2002689,野村恵,8,51,飲食業,茨城県,Ibaraki,Food service
2002690,内田直樹,35,38,飲食業,山口県,Yamaguchi,Food service
2002691,篠原優,40,46,運転手,福岡県,Fukuoka,Driver
2002692,藤本啓介,16,52,会計士,富山県,Toyama,Accountant
2002693,久保真一,28,39,医師,兵庫県,Hyogo,Physician
2002694,菅原哲也,13,35,学生,東京都,Tokyo,Student
2002695,金子愛,38,44,教員,愛媛県,Ehime,Teacher
2002696,和田一郎,35,40,教員,山口県,Yamaguchi,Teacher
2002697,山田大輝,40,30,経理・財務,福岡県,Fukuoka,Accounting and finance
2002698,林智子,12,73,経理・財務,千葉県,Chiba,Accounting and finance
2002699,高橋孝之,17,59,公務員,石川県,Ishikawa,Public servant
2002700,東桜,1,25,会計士,北海道,Hokkaido,Accountant
2002701,井上楓,22,45,保育士,静岡県,Shizuoka,Childcare worker
2002702,池田孝之,11,74,販売員,埼玉県,Saitama,Retail staff
2002703,小林千尋,35,57,公務員,山口県,Yamaguchi,Public servant
2002704,菊地直樹,36,51,エンジニア,徳島県,Tokushima,Engineer
2002705,田口大地,12,30,営業職,千葉県,Chiba,Sales
2002706,森田蓮,46,39,エンジニア,鹿児島県,Kagoshima,Engineer
2002707,松田大地,13,61,漁業,東京都,Tokyo,Fisher
2002708,三浦愛,11,51,販売員,埼玉県,Saitama,Retail staff
2002709,野口祐樹,42,38,看護師,長崎県,Nagasaki,Nurse
2002710,森田英樹,24,47,公務員,三重県,Mie,Public servant
2002711,浜田典子,27,44,会計士,大阪府,Osaka,Accountant
2002712,山口愛,23,72,医師,愛知県,Aichi,Physician
2002713,鈴木和也,13,39,飲食業,東京都,Tokyo,Food service
2002714,中山美穂,23,43,農業,愛知県,Aichi,Farmer
2002715,松尾幸子,5,54,飲食業,秋田県,Akita,Food service
2002716,増田康平,14,42,営業職,神奈川県,Kanagawa,Sales
2002717,千葉莉子,13,49,営業職,東京都,Tokyo,Sales
2002718,上野桜,12,37,飲食業,千葉県,Chiba,Food service
2002719,上田正樹,13,55,主婦・主夫,東京都,Tokyo,Homemaker
2002720,斉藤心春,12,63,薬剤師,千葉県,Chiba,Pharmacist
2002721,安田直樹,21,67,その他,岐阜県,Gifu,Other
2002722,坂本千尋,39,48,看護師,高知県,Kochi,Nurse
2002723,坂本彩,22,57,教員,静岡県,Shizuoka,Teacher
2002724,吉田文子,4,40,建築士,宮城県,Miyagi,Architect
2002725,前田一郎,28,23,飲食業,兵庫県,Hyogo,Food service
2002726,谷口裕子,13,54,美容師,東京都,Tokyo,Hairdresser
2002727,東拓也,5,41,主婦・主夫,秋田県,Akita,Homemaker
2002728,渡部智子,13,52,自営業,東京都,Tokyo,Self-employed
2002729,工藤瑞穂,33,38,営業職,岡山県,Okayama,Sales
2002730,河野健太,27,37,農業,大阪府,Osaka,Farmer
2002731,大野朱莉,14,27,美容師,神奈川県,Kanagawa,Hairdresser
2002732,野口芽衣,1,29,弁護士,北海道,Hokkaido,Lawyer
2002733,松田雄大,40,44,運転手,福岡県,Fukuoka,Driver
2002734,森幸子,40,25,看護師,福岡県,Fukuoka,Nurse
2002735,藤本雄大,13,59,デザイナー,東京都,Tokyo,Designer
2002736,佐野京子,22,37,パート・アルバイト,静岡県,Shizuoka,Part-time worker
2002737,森田智子,13,34,農業,東京都,Tokyo,Farmer
2002738,村上拓也,20,33,自営業,長野県,Nagano,Self-employed
2002739,菊地将也,35,43,パート・アルバイト,山口県,Yamaguchi,Part-time worker
2002740,三浦亜希子,24,44,運転手,三重県,Mie,Driver
2002741,大塚彩,14,31,農業,神奈川県,Kanagawa,Farmer
2002742,大野志保,4,34,コンサルタント,宮城県,Miyagi,Consultant
2002743,鈴木義明,28,30,美容師,兵庫県,Hyogo,Hairdresser
2002744,西村凛,13,47,薬剤師,東京都,Tokyo,Pharmacist
2002745,岩崎義明,27,36,研究職,大阪府,Osaka,Researcher
2002746,桜井亜希子,23,46,看護師,愛知県,Aichi,Nurse
2002747,中村京子,12,30,パート・アルバイト,千葉県,Chiba,Part-time worker
2002748,三浦優,45,31,農業,宮崎県,Miyazaki,Farmer
2002749,阿部亜希子,20,42,美容師,長野県,Nagano,Hairdresser
2002750,藤井健太,14,48,弁護士,神奈川県,Kanagawa,Lawyer
2002751,久保陽介,11,68,経理・財務,埼玉県,Saitama,Accounting and finance
2002752,武田拓也,22,60,販売員,静岡県,Shizuoka,Retail staff
2002753,古川恵,5,39,年金受給者,秋田県,Akita,Pensioner
2002754,上田智子,9,45,飲食業,栃木県,Tochigi,Food service
2002755,加藤慎太郎,40,43,美容師,福岡県,Fukuoka,Hairdresser
2002756,野村英樹,27,31,デザイナー,大阪府,Osaka,Designer
2002757,西村恵,14,56,教員,神奈川県,Kanagawa,Teacher
2002758,杉本誠,9,28,学生,栃木県,Tochigi,Student
2002759,青木直樹,20,53,飲食業,長野県,Nagano,Food service
2002760,東翔太,23,71,会計士,愛知県,Aichi,Accountant
2002761,岩崎健太,14,48,薬剤師,神奈川県,Kanagawa,Pharmacist
2002762,野口翔太,23,40,弁護士,愛知県,Aichi,Lawyer
2002763,藤田雄大,8,45,保育士,茨城県,Ibaraki,Childcare worker
2002764,藤原陽子,13,29,弁護士,東京都,Tokyo,Lawyer
2002765,藤田雄大,42,48,その他,長崎県,Nagasaki,Other
2002766,小野駿,11,47,パート・アルバイト,埼玉県,Saitama,Part-time worker
2002767,高田秀樹,21,24,研究職,岐阜県,Gifu,Researcher
2002768,西村陽子,4,54,保育士,宮城県,Miyagi,Childcare worker
2002769,橋本結衣,34,52,飲食業,広島県,Hiroshima,Food service
2002770,内田直樹,14,59,会社員,神奈川県,Kanagawa,Company employee
2002771,市川真央,8,43,運転手,茨城県,Ibaraki,Driver
2002772,岡本涼太,13,35,教員,東京都,Tokyo,Teacher
2002773,遠藤大地,14,44,教員,神奈川県,Kanagawa,Teacher
2002774,渡部凛,11,36,運転手,埼玉県,Saitama,Driver
2002775,長谷川幸子,14,40,コンサルタント,神奈川県,Kanagawa,Consultant
2002776,藤本悠人,43,30,営業職,熊本県,Kumamoto,Sales
2002777,高田慎太郎,18,49,パート・アルバイト,福井県,Fukui,Part-time worker
2002778,山崎将也,7,46,飲食業,福島県,Fukushima,Food service
2002779,篠原京子,29,39,医師,奈良県,Nara,Physician
2002780,久保克彦,40,70,薬剤師,福岡県,Fukuoka,Pharmacist
2002781,斉藤陸,12,46,経理・財務,千葉県,Chiba,Accounting and finance
2002782,加藤啓介,30,37,看護師,和歌山県,Wakayama,Nurse
2002783,大西玲子,40,59,弁護士,福岡県,Fukuoka,Lawyer
2002784,藤田亮,22,54,コンサルタント,静岡県,Shizuoka,Consultant
2002785,大西和也,27,69,公務員,大阪府,Osaka,Public servant
2002786,金子悠斗,20,32,会計士,長野県,Nagano,Accountant
2002787,遠藤瑞穂,41,29,パート・アルバイト,佐賀県,Saga,Part-time worker
2002788,山崎浩二,43,48,弁護士,熊本県,Kumamoto,Lawyer
2002789,橋本陸,46,37,その他,鹿児島県,Kagoshima,Other
2002790,市川恵,18,62,薬剤師,福井県,Fukui,Pharmacist
2002791,小島幸子,35,58,年金受給者,山口県,Yamaguchi,Pensioner
2002792,渡部哲也,45,42,美容師,宮崎県,Miyazaki,Hairdresser
2002793,小野大輝,33,51,主婦・主夫,岡山県,Okayama,Homemaker
2002794,藤田莉子,37,40,公務員,香川県,Kagawa,Public servant
2002795,田口一郎,39,43,会計士,高知県,Kochi,Accountant
2002796,谷口彩,40,65,看護師,福岡県,Fukuoka,Nurse
2002797,大西一郎,30,44,公務員,和歌山県,Wakayama,Public servant
2002798,近藤航,12,30,保育士,千葉県,Chiba,Childcare worker
2002799,竹内大輝,43,48,会社員,熊本県,Kumamoto,Company employee
2002800,坂本節子,27,73,保育士,大阪府,Osaka,Childcare worker
2002801,池田隆志,13,79,経理・財務,東京都,Tokyo,Accounting and finance
2002802,安田楓,23,39,建築士,愛知県,Aichi,Architect
2002803,小松玲子,22,59,販売員,静岡県,Shizuoka,Retail staff
2002804,宮本康平,20,71,自営業,長野県,Nagano,Self-employed
2002805,野口優,36,25,研究職,徳島県,Tokushima,Researcher
2002806,藤本陸,12,52,会社員,千葉県,Chiba,Company employee
2002807,藤井陽子,27,59,経理・財務,大阪府,Osaka,Accounting and finance
2002808,今井将也,27,26,学生,大阪府,Osaka,Student
2002809,千葉洋子,1,50,建築士,北海道,Hokkaido,Architect
2002810,岩崎克彦,41,52,自営業,佐賀県,Saga,Self-employed
2002811,藤原蓮,22,65,経理・財務,静岡県,Shizuoka,Accounting and finance
2002812,篠原桜,37,28,農業,香川県,Kagawa,Farmer
2002813,橋本孝之,18,45,飲食業,福井県,Fukui,Food service
2002814,山本亮,13,27,飲食業,東京都,Tokyo,Food service
2002815,本田祐樹,23,32,建築士,愛知県,Aichi,Architect
2002816,関美穂,11,50,会計士,埼玉県,Saitama,Accountant
2002817,森田朱莉,21,66,医師,岐阜県,Gifu,Physician
2002818,藤原秀樹,28,68,デザイナー,兵庫県,Hyogo,Designer
2002819,後藤恵,28,53,会社員,兵庫県,Hyogo,Company employee
2002820,上田駿,27,34,美容師,大阪府,Osaka,Hairdresser
2002821,水野悠斗,23,54,年金受給者,愛知県,Aichi,Pensioner
2002822,飯田智也,34,64,建築士,広島県,Hiroshima,Architect
2002823,木下和也,28,43,運転手,兵庫県,Hyogo,Driver
2002824,上野直樹,16,32,公務員,富山県,Toyama,Public servant
2002825,千葉拓也,4,44,経理・財務,宮城県,Miyagi,Accounting and finance
2002826,中村拓也,12,64,営業職,千葉県,Chiba,Sales
2002827,後藤亜希子,13,46,エンジニア,東京都,Tokyo,Engineer
2002828,安田啓介,23,53,教員,愛知県,Aichi,Teacher
2002829,千葉義明,13,28,農業,東京都,Tokyo,Farmer
2002830,中山一郎,13,48,パート・アルバイト,東京都,Tokyo,Part-time worker
2002831,村上雄大,10,47,コンサルタント,群馬県,Gunma,Consultant
2002832,岡田奈々,12,32,販売員,千葉県,Chiba,Retail staff
2002833,村上美咲,11,20,農業,埼玉県,Saitama,Farmer
2002834,菅原心春,1,45,主婦・主夫,北海道,Hokkaido,Homemaker
2002835,阿部真一,45,48,農業,宮崎県,Miyazaki,Farmer
2002836,宮崎玲子,13,46,会社員,東京都,Tokyo,Company employee
2002837,渡部義明,40,45,デザイナー,福岡県,Fukuoka,Designer
2002838,竹内健太,30,60,公務員,和歌山県,Wakayama,Public servant
2002839,長谷川英樹,40,59,デザイナー,福岡県,Fukuoka,Designer
2002840,井上結衣,8,56,公務員,茨城県,Ibaraki,Public servant
2002841,山田凛,28,38,看護師,兵庫県,Hyogo,Nurse
2002842,久保陽介,22,68,弁護士,静岡県,Shizuoka,Lawyer
2002843,藤本結衣,9,79,美容師,栃木県,Tochigi,Hairdresser
2002844,篠原典子,13,35,年金受給者,東京都,Tokyo,Pensioner
2002845,小島智也,14,32,農業,神奈川県,Kanagawa,Farmer
2002846,桜井一郎,7,41,自営業,福島県,Fukushima,Self-employed
2002847,今井美咲,40,20,農業,福岡県,Fukuoka,Farmer
2002848,前田拓也,22,26,販売員,静岡県,Shizuoka,Retail staff
2002849,森田文子,16,27,パート・アルバイト,富山県,Toyama,Part-time worker
2002850,東涼太,16,22,飲食業,富山県,Toyama,Food service
2002851,斉藤楓,33,32,営業職,岡山県,Okayama,Sales
2002852,福田哲也,12,68,美容師,千葉県,Chiba,Hairdresser
2002853,中川由美,14,40,自営業,神奈川県,Kanagawa,Self-employed
2002854,伊藤千尋,14,38,看護師,神奈川県,Kanagawa,Nurse
2002855,渡辺典子,46,60,看護師,鹿児島県,Kagoshima,Nurse
2002856,山下光,23,29,医師,愛知県,Aichi,Physician
2002857,浜田慎太郎,8,36,その他,茨城県,Ibaraki,Other
2002858,松田奈々,13,48,デザイナー,東京都,Tokyo,Designer
2002859,中野智也,17,29,研究職,石川県,Ishikawa,Researcher
2002860,岡本凛,13,53,弁護士,東京都,Tokyo,Lawyer
2002861,柴田愛,46,77,会社員,鹿児島県,Kagoshima,Company employee
2002862,篠原正樹,13,63,弁護士,東京都,Tokyo,Lawyer
2002863,関和也,18,30,コンサルタント,福井県,Fukui,Consultant
2002864,竹内芽衣,14,26,会計士,神奈川県,Kanagawa,Accountant
2002865,清水翔太,22,45,建築士,静岡県,Shizuoka,Architect
2002866,小松裕子,23,71,自営業,愛知県,Aichi,Self-employed
2002867,橋本光,13,67,建築士,東京都,Tokyo,Architect
2002868,松尾直美,28,43,主婦・主夫,兵庫県,Hyogo,Homemaker
2002869,岩崎悠人,2,42,販売員,青森県,Aomori,Retail staff
2002870,菅原玲子,27,40,主婦・主夫,大阪府,Osaka,Homemaker
2002871,大西凛,12,24,販売員,千葉県,Chiba,Retail staff
2002872,上野洋平,27,32,学生,大阪府,Osaka,Student
2002873,吉田結衣,46,48,年金受給者,鹿児島県,Kagoshima,Pensioner
2002874,菊地達也,37,48,農業,香川県,Kagawa,Farmer
2002875,滝沢克彦,28,31,建築士,兵庫県,Hyogo,Architect
2002876,浜田優,14,26,弁護士,神奈川県,Kanagawa,Lawyer
2002877,新井将也,4,32,自営業,宮城県,Miyagi,Self-employed
2002878,杉山志保,23,30,運転手,愛知県,Aichi,Driver
2002879,山本一郎,23,52,美容師,愛知県,Aichi,Hairdresser
2002880,清水和也,27,71,弁護士,大阪府,Osaka,Lawyer
2002881,谷口陽子,14,57,飲食業,神奈川県,Kanagawa,Food service
2002882,村田陽介,38,29,経理・財務,愛媛県,Ehime,Accounting and finance
2002883,星野優,1,37,飲食業,北海道,Hokkaido,Food service
2002884,佐藤春香,21,63,営業職,岐阜県,Gifu,Sales
2002885,藤田一郎,42,35,年金受給者,長崎県,Nagasaki,Pensioner
2002886,清水翔太,23,45,コンサルタント,愛知県,Aichi,Consultant
2002887,平野幸子,39,32,販売員,高知県,Kochi,Retail staff
2002888,佐野慎太郎,19,51,研究職,山梨県,Yamanashi,Researcher
2002889,千葉祐樹,26,30,研究職,京都府,Kyoto,Researcher
2002890,佐野孝之,14,42,会計士,神奈川県,Kanagawa,Accountant
2002891,安田真央,13,53,経理・財務,東京都,Tokyo,Accounting and finance
2002892,後藤澪,26,59,漁業,京都府,Kyoto,Fisher
2002893,近藤大輝,13,34,エンジニア,東京都,Tokyo,Engineer
2002894,新井真一,28,34,公務員,兵庫県,Hyogo,Public servant
2002895,中川亜希子,27,20,会計士,大阪府,Osaka,Accountant
2002896,飯田光,14,64,販売員,神奈川県,Kanagawa,Retail staff
2002897,宮本芽衣,38,20,弁護士,愛媛県,Ehime,Lawyer
2002898,中野健太,27,57,看護師,大阪府,Osaka,Nurse
2002899,三浦典子,42,38,主婦・主夫,長崎県,Nagasaki,Homemaker
2002900,上田優,37,48,医師,香川県,Kagawa,Physician
2002901,田中大地,23,32,建築士,愛知県,Aichi,Architect
2002902,藤本幸子,28,31,保育士,兵庫県,Hyogo,Childcare worker
2002903,小島典子,27,66,会社員,大阪府,Osaka,Company employee
2002904,石井亜希子,23,67,コンサルタント,愛知県,Aichi,Consultant
2002905,伊藤将也,13,22,デザイナー,東京都,Tokyo,Designer
2002906,竹内典子,11,21,その他,埼玉県,Saitama,Other
2002907,原和子,14,72,建築士,神奈川県,Kanagawa,Architect
2002908,佐々木文子,5,73,学生,秋田県,Akita,Student
2002909,酒井瑞穂,41,56,農業,佐賀県,Saga,Farmer
2002910,藤井玲子,22,44,美容師,静岡県,Shizuoka,Hairdresser
2002911,中村孝之,13,24,医師,東京都,Tokyo,Physician
2002912,和田陸,14,37,飲食業,神奈川県,Kanagawa,Food service
2002913,滝沢澪,14,59,エンジニア,神奈川県,Kanagawa,Engineer
2002914,平野沙織,16,50,弁護士,富山県,Toyama,Lawyer
2002915,木村隆志,8,67,研究職,茨城県,Ibaraki,Researcher
2002916,大西恵,27,38,エンジニア,大阪府,Osaka,Engineer
2002917,東和子,14,53,自営業,神奈川県,Kanagawa,Self-employed
2002918,高田莉子,13,24,教員,東京都,Tokyo,Teacher
2002919,吉田心春,47,44,経理・財務,沖縄県,Okinawa,Accounting and finance
2002920,浜田七海,8,30,主婦・主夫,茨城県,Ibaraki,Homemaker
2002921,佐野愛,45,77,主婦・主夫,宮崎県,Miyazaki,Homemaker
2002922,松尾凛,23,55,販売員,愛知県,Aichi,Retail staff
2002923,渡部智也,27,21,美容師,大阪府,Osaka,Hairdresser
2002924,青木孝之,23,46,パート・アルバイト,愛知県,Aichi,Part-time worker
2002925,白石奈々,23,38,デザイナー,愛知県,Aichi,Designer
2002926,前田駿,4,77,漁業,宮城県,Miyagi,Fisher
2002927,松岡莉子,45,75,エンジニア,宮崎県,Miyazaki,Engineer
2002928,鈴木雄大,44,59,建築士,大分県,Oita,Architect
2002929,中野幸子,4,51,教員,宮城県,Miyagi,Teacher
2002930,滝沢文子,23,69,コンサルタント,愛知県,Aichi,Consultant
2002931,野村桜,23,38,会計士,愛知県,Aichi,Accountant
2002932,星野愛,27,27,経理・財務,大阪府,Osaka,Accounting and finance
2002933,安田直美,41,55,運転手,佐賀県,Saga,Driver
2002934,山崎拓也,15,46,パート・アルバイト,新潟県,Niigata,Part-time worker
2002935,藤田久美子,41,35,薬剤師,佐賀県,Saga,Pharmacist
2002936,高橋陽子,27,32,販売員,大阪府,Osaka,Retail staff
2002937,水野直樹,35,47,教員,山口県,Yamaguchi,Teacher
2002938,佐野千尋,13,31,エンジニア,東京都,Tokyo,Engineer
2002939,丸山啓介,28,56,経理・財務,兵庫県,Hyogo,Accounting and finance
2002940,藤原幸子,14,63,弁護士,神奈川県,Kanagawa,Lawyer
2002941,渡部健太,12,46,学生,千葉県,Chiba,Student
2002942,山下拓也,35,35,漁業,山口県,Yamaguchi,Fisher
2002943,安藤葵,17,47,医師,石川県,Ishikawa,Physician
2002944,酒井洋平,44,65,運転手,大分県,Oita,Driver
2002945,石川陽介,27,39,パート・アルバイト,大阪府,Osaka,Part-time worker
2002946,今井智也,37,66,弁護士,香川県,Kagawa,Lawyer
2002947,井上和也,2,35,漁業,青森県,Aomori,Fisher
2002948,野村澪,40,27,建築士,福岡県,Fukuoka,Architect
2002949,新井悠斗,13,33,研究職,東京都,Tokyo,Researcher
2002950,中村大輝,11,21,主婦・主夫,埼玉県,Saitama,Homemaker
2002951,青木真一,11,46,建築士,埼玉県,Saitama,Architect
2002952,篠原由美,24,31,建築士,三重県,Mie,Architect
2002953,小島玲子,13,51,会社員,東京都,Tokyo,Company employee
2002954,酒井玲子,14,54,飲食業,神奈川県,Kanagawa,Food service
2002955,吉田悠斗,16,67,経理・財務,富山県,Toyama,Accounting and finance
2002956,飯田楓,27,57,デザイナー,大阪府,Osaka,Designer
2002957,中島沙織,22,48,エンジニア,静岡県,Shizuoka,Engineer
2002958,篠原孝之,11,71,研究職,埼玉県,Saitama,Researcher
2002959,伊藤悠斗,14,49,エンジニア,神奈川県,Kanagawa,Engineer
2002960,小川和子,4,40,飲食業,宮城県,Miyagi,Food service
2002961,古川節子,6,38,農業,山形県,Yamagata,Farmer
2002962,大西哲也,23,53,農業,愛知県,Aichi,Farmer
2002963,宮本亮,39,37,美容師,高知県,Kochi,Hairdresser
2002964,佐野健太,14,44,会社員,神奈川県,Kanagawa,Company employee
2002965,遠藤朱莉,14,38,年金受給者,神奈川県,Kanagawa,Pensioner
2002966,上田大地,12,38,保育士,千葉県,Chiba,Childcare worker
2002967,吉田誠,19,47,会計士,山梨県,Yamanashi,Accountant
2002968,中川智子,11,36,学生,埼玉県,Saitama,Student
2002969,原田大地,47,42,年金受給者,沖縄県,Okinawa,Pensioner
2002970,小野瑞穂,23,61,エンジニア,愛知県,Aichi,Engineer
2002971,石田楓,19,45,農業,山梨県,Yamanashi,Farmer
2002972,中村楓,2,55,デザイナー,青森県,Aomori,Designer
2002973,武田由美,27,37,研究職,大阪府,Osaka,Researcher
2002974,宮崎直樹,40,51,美容師,福岡県,Fukuoka,Hairdresser
2002975,青木陽介,26,31,農業,京都府,Kyoto,Farmer
2002976,本田京子,13,23,その他,東京都,Tokyo,Other
2002977,野村志保,23,52,運転手,愛知県,Aichi,Driver
2002978,安藤亮,23,31,経理・財務,愛知県,Aichi,Accounting and finance
2002979,小野美穂,13,28,美容師,東京都,Tokyo,Hairdresser
2002980,桜井啓介,11,38,建築士,埼玉県,Saitama,Architect
2002981,前田雄大,3,40,弁護士,岩手県,Iwate,Lawyer
2002982,岡本祐樹,32,40,コンサルタント,島根県,Shimane,Consultant
2002983,今井芽衣,13,47,運転手,東京都,Tokyo,Driver
2002984,上野直樹,22,52,その他,静岡県,Shizuoka,Other
2002985,大西陽子,4,71,弁護士,宮城県,Miyagi,Lawyer
2002986,武田翔太,27,39,美容師,大阪府,Osaka,Hairdresser
2002987,白石博之,13,20,学生,東京都,Tokyo,Student
2002988,斉藤蓮,1,42,公務員,北海道,Hokkaido,Public servant
2002989,本田京子,36,63,農業,徳島県,Tokushima,Farmer
2002990,橋本直美,40,62,エンジニア,福岡県,Fukuoka,Engineer
2002991,高橋孝之,44,50,公務員,大分県,Oita,Public servant
2002992,岡本光,11,52,その他,埼玉県,Saitama,Other
2002993,中野光子,15,26,美容師,新潟県,Niigata,Hairdresser
2002994,上田正樹,13,36,デザイナー,東京都,Tokyo,Designer
2002995,杉本芽衣,38,50,医師,愛媛県,Ehime,Physician
2002996,菊地直樹,27,45,学生,大阪府,Osaka,Student
2002997,大西康平,19,39,学生,山梨県,Yamanashi,Student
2002998,伊藤真一,13,63,学生,東京都,Tokyo,Student
2002999,野村亮,18,36,自営業,福井県,Fukui,Self-employed
2003000,藤原真一,40,47,会計士,福岡県,Fukuoka,Accountant
2003001,滝沢智也,13,67,コンサルタント,東京都,Tokyo,Consultant
2003002,森真一,13,72,飲食業,東京都,Tokyo,Food service
2003003,佐野博之,31,49,コンサルタント,鳥取県,Tottori,Consultant
2003004,小島裕子,13,37,エンジニア,東京都,Tokyo,Engineer
2003005,長谷川和子,42,45,弁護士,長崎県,Nagasaki,Lawyer
2003006,松田克彦,11,56,農業,埼玉県,Saitama,Farmer
2003007,原田裕子,13,47,農業,東京都,Tokyo,Farmer
2003008,山下玲子,12,44,弁護士,千葉県,Chiba,Lawyer
2003009,三浦節子,42,59,自営業,長崎県,Nagasaki,Self-employed
2003010,島田楓,1,53,主婦・主夫,北海道,Hokkaido,Homemaker
2003011,佐々木哲也,12,58,主婦・主夫,千葉県,Chiba,Homemaker
2003012,渡辺祐樹,32,66,研究職,島根県,Shimane,Researcher
2003013,村田芽衣,34,73,販売員,広島県,Hiroshima,Retail staff
2003014,小林亜希子,13,29,農業,東京都,Tokyo,Farmer
2003015,小野涼太,23,43,医師,愛知県,Aichi,Physician
2003016,田中駿,28,57,漁業,兵庫県,Hyogo,Fisher
2003017,高橋真一,27,60,保育士,大阪府,Osaka,Childcare worker
2003018,高田光,29,65,デザイナー,奈良県,Nara,Designer
2003019,小林一郎,10,34,薬剤師,群馬県,Gunma,Pharmacist
2003020,中村真央,23,63,エンジニア,愛知県,Aichi,Engineer
2003021,渡部博之,17,34,薬剤師,石川県,Ishikawa,Pharmacist
2003022,近藤典子,12,48,研究職,千葉県,Chiba,Researcher
2003023,松本洋平,5,42,経理・財務,秋田県,Akita,Accounting and finance
2003024,伊藤和也,11,41,コンサルタント,埼玉県,Saitama,Consultant
2003025,野口亜希子,1,30,飲食業,北海道,Hokkaido,Food service
2003026,大西心春,13,65,研究職,東京都,Tokyo,Researcher
2003027,横田悠斗,13,35,その他,東京都,Tokyo,Other
2003028,田中蓮,40,20,パート・アルバイト,福岡県,Fukuoka,Part-time worker
2003029,渡部京子,12,53,教員,千葉県,Chiba,Teacher
2003030,佐野亮,37,66,保育士,香川県,Kagawa,Childcare worker
2003031,武田美咲,11,46,デザイナー,埼玉県,Saitama,Designer
2003032,松尾正樹,7,33,看護師,福島県,Fukushima,Nurse
2003033,松本義明,27,51,会計士,大阪府,Osaka,Accountant
2003034,野口幸子,1,66,薬剤師,北海道,Hokkaido,Pharmacist
2003035,関千尋,13,47,学生,東京都,Tokyo,Student
2003036,野口香織,8,61,農業,茨城県,Ibaraki,Farmer
2003037,斎藤久美子,13,42,運転手,東京都,Tokyo,Driver
2003038,丸山美咲,27,25,運転手,大阪府,Osaka,Driver
2003039,長谷川和子,23,48,教員,愛知県,Aichi,Teacher
2003040,渡部祐樹,30,55,パート・アルバイト,和歌山県,Wakayama,Part-time worker
2003041,藤原葵,13,39,会計士,東京都,Tokyo,Accountant
2003042,大塚誠,35,40,デザイナー,山口県,Yamaguchi,Designer
2003043,松岡秀樹,19,51,弁護士,山梨県,Yamanashi,Lawyer
2003044,松井健太,42,50,教員,長崎県,Nagasaki,Teacher
2003045,野口大地,13,58,販売員,東京都,Tokyo,Retail staff
2003046,森翔太,30,69,飲食業,和歌山県,Wakayama,Food service
2003047,三浦楓,11,46,看護師,埼玉県,Saitama,Nurse
2003048,武田楓,23,32,教員,愛知県,Aichi,Teacher
2003049,宮本凛,22,27,漁業,静岡県,Shizuoka,Fisher
2003050,岡本航,32,32,教員,島根県,Shimane,Teacher
2003051,安藤蓮,13,60,年金受給者,東京都,Tokyo,Pensioner
2003052,金子陽介,11,59,運転手,埼玉県,Saitama,Driver
2003053,長谷川智也,13,29,建築士,東京都,Tokyo,Architect
2003054,石川光,23,59,その他,愛知県,Aichi,Other
2003055,田口隆志,27,39,医師,大阪府,Osaka,Physician
2003056,横田慎太郎,13,40,エンジニア,東京都,Tokyo,Engineer
2003057,青木秀樹,10,22,漁業,群馬県,Gunma,Fisher
2003058,木下光,14,31,自営業,神奈川県,Kanagawa,Self-employed
2003059,松田陽子,13,29,その他,東京都,Tokyo,Other
2003060,飯田駿,22,25,建築士,静岡県,Shizuoka,Architect
2003061,池田奈々,26,31,研究職,京都府,Kyoto,Researcher
2003062,佐野秀樹,27,39,自営業,大阪府,Osaka,Self-employed
2003063,宮崎美穂,18,71,経理・財務,福井県,Fukui,Accounting and finance
2003064,大野悠斗,13,22,販売員,東京都,Tokyo,Retail staff
2003065,佐藤文子,34,43,販売員,広島県,Hiroshima,Retail staff
2003066,岩崎哲也,11,22,弁護士,埼玉県,Saitama,Lawyer
2003067,長谷川千尋,23,25,学生,愛知県,Aichi,Student
2003068,千葉隆志,13,53,会計士,東京都,Tokyo,Accountant
2003069,滝沢直美,46,24,コンサルタント,鹿児島県,Kagoshima,Consultant
2003070,木村節子,11,48,保育士,埼玉県,Saitama,Childcare worker
2003071,松本亜希子,40,50,学生,福岡県,Fukuoka,Student
2003072,高橋芽衣,13,32,教員,東京都,Tokyo,Teacher
2003073,吉田蓮,20,51,研究職,長野県,Nagano,Researcher
2003074,中川朱莉,36,38,エンジニア,徳島県,Tokushima,Engineer
2003075,小島京子,30,39,漁業,和歌山県,Wakayama,Fisher
2003076,丸山和也,41,32,会計士,佐賀県,Saga,Accountant
2003077,渡部洋平,11,76,美容師,埼玉県,Saitama,Hairdresser
2003078,井上沙織,27,47,美容師,大阪府,Osaka,Hairdresser
2003079,内田沙織,13,39,運転手,東京都,Tokyo,Driver
2003080,山本桜,31,45,運転手,鳥取県,Tottori,Driver
2003081,山下光子,22,52,教員,静岡県,Shizuoka,Teacher
2003082,石田澪,19,32,パート・アルバイト,山梨県,Yamanashi,Part-time worker
2003083,山崎久美子,11,60,年金受給者,埼玉県,Saitama,Pensioner
2003084,久保美穂,46,31,漁業,鹿児島県,Kagoshima,Fisher
2003085,石井由美,20,59,コンサルタント,長野県,Nagano,Consultant
2003086,藤井一郎,33,69,販売員,岡山県,Okayama,Retail staff
2003087,丸山健太,11,37,運転手,埼玉県,Saitama,Driver
2003088,石川陽子,27,21,弁護士,大阪府,Osaka,Lawyer
2003089,浜田和子,34,55,主婦・主夫,広島県,Hiroshima,Homemaker
2003090,島田春香,4,33,自営業,宮城県,Miyagi,Self-employed
2003091,佐々木京子,1,60,主婦・主夫,北海道,Hokkaido,Homemaker
2003092,渡辺隆志,13,52,パート・アルバイト,東京都,Tokyo,Part-time worker
2003093,宮本京子,22,40,弁護士,静岡県,Shizuoka,Lawyer
2003094,木村七海,5,54,エンジニア,秋田県,Akita,Engineer
2003095,森田彩,44,55,美容師,大分県,Oita,Hairdresser
2003096,西村直樹,40,79,美容師,福岡県,Fukuoka,Hairdresser
2003097,太田美穂,12,30,デザイナー,千葉県,Chiba,Designer
2003098,松井葵,3,45,自営業,岩手県,Iwate,Self-employed
2003099,藤井楓,14,38,飲食業,神奈川県,Kanagawa,Food service
2003100,池田真央,21,59,会計士,岐阜県,Gifu,Accountant
2003101,藤井恵,18,58,建築士,福井県,Fukui,Architect
2003102,増田亮,13,32,飲食業,東京都,Tokyo,Food service
2003103,石田美穂,22,71,薬剤師,静岡県,Shizuoka,Pharmacist
2003104,丸山恵,16,20,教員,富山県,Toyama,Teacher
2003105,福田香織,31,36,農業,鳥取県,Tottori,Farmer
2003106,本田莉子,13,62,農業,東京都,Tokyo,Farmer
2003107,武田智也,26,65,飲食業,京都府,Kyoto,Food service
2003108,大野悠人,28,42,運転手,兵庫県,Hyogo,Driver
2003109,酒井光子,23,63,研究職,愛知県,Aichi,Researcher
2003110,内田博之,18,71,保育士,福井県,Fukui,Childcare worker
2003111,東真央,27,37,年金受給者,大阪府,Osaka,Pensioner
2003112,小川隆志,22,56,建築士,静岡県,Shizuoka,Architect
2003113,東蓮,40,23,エンジニア,福岡県,Fukuoka,Engineer
2003114,杉本康平,13,21,エンジニア,東京都,Tokyo,Engineer
2003115,久保和也,28,37,エンジニア,兵庫県,Hyogo,Engineer
2003116,石井玲子,23,41,看護師,愛知県,Aichi,Nurse
2003117,青木航,35,38,パート・アルバイト,山口県,Yamaguchi,Part-time worker
2003118,木下瑞穂,1,69,パート・アルバイト,北海道,Hokkaido,Part-time worker
2003119,山田直美,23,52,建築士,愛知県,Aichi,Architect
2003120,石井和子,14,77,保育士,神奈川県,Kanagawa,Childcare worker
2003121,村田浩二,37,44,弁護士,香川県,Kagawa,Lawyer
2003122,和田孝之,14,20,看護師,神奈川県,Kanagawa,Nurse
2003123,酒井裕子,46,36,デザイナー,鹿児島県,Kagoshima,Designer
2003124,後藤彩,31,50,その他,鳥取県,Tottori,Other
2003125,近藤結衣,1,37,コンサルタント,北海道,Hokkaido,Consultant
2003126,星野真一,18,53,学生,福井県,Fukui,Student
2003127,宮崎美穂,27,63,建築士,大阪府,Osaka,Architect
2003128,橋本洋平,14,24,学生,神奈川県,Kanagawa,Student
2003129,佐藤和子,13,20,主婦・主夫,東京都,Tokyo,Homemaker
2003130,村田莉子,14,41,営業職,神奈川県,Kanagawa,Sales
2003131,木村哲也,45,30,飲食業,宮崎県,Miyazaki,Food service
2003132,松尾義明,6,46,飲食業,山形県,Yamagata,Food service
2003133,桜井光,1,43,運転手,北海道,Hokkaido,Driver
2003134,石田奈々,14,33,会計士,神奈川県,Kanagawa,Accountant
2003135,岡田英樹,6,61,看護師,山形県,Yamagata,Nurse
2003136,横山凛,23,51,運転手,愛知県,Aichi,Driver
2003137,谷口芽衣,23,66,パート・アルバイト,愛知県,Aichi,Part-time worker
2003138,増田蓮,13,21,公務員,東京都,Tokyo,Public servant
2003139,鈴木健太,27,63,飲食業,大阪府,Osaka,Food service
2003140,千葉真一,12,55,農業,千葉県,Chiba,Farmer
2003141,杉山義明,40,48,教員,福岡県,Fukuoka,Teacher
2003142,佐藤恵,25,31,研究職,滋賀県,Shiga,Researcher
2003143,遠藤達也,23,42,経理・財務,愛知県,Aichi,Accounting and finance
2003144,小島志保,25,42,主婦・主夫,滋賀県,Shiga,Homemaker
2003145,篠原直樹,8,55,美容師,茨城県,Ibaraki,Hairdresser
2003146,篠原彩,28,31,薬剤師,兵庫県,Hyogo,Pharmacist
2003147,宮本京子,4,43,会社員,宮城県,Miyagi,Company employee
2003148,山口朱莉,23,38,コンサルタント,愛知県,Aichi,Consultant
2003149,渡部智也,18,32,薬剤師,福井県,Fukui,Pharmacist
2003150,松井結衣,28,65,弁護士,兵庫県,Hyogo,Lawyer
2003151,坂本愛,21,72,販売員,岐阜県,Gifu,Retail staff
2003152,上野和子,1,30,研究職,北海道,Hokkaido,Researcher
2003153,篠原孝之,12,64,美容師,千葉県,Chiba,Hairdresser
2003154,宮本涼太,9,31,その他,栃木県,Tochigi,Other
2003155,藤原陽介,22,56,販売員,静岡県,Shizuoka,Retail staff
2003156,石井志保,18,46,教員,福井県,Fukui,Teacher
2003157,木村裕子,27,41,販売員,大阪府,Osaka,Retail staff
2003158,清水健太,12,41,会社員,千葉県,Chiba,Company employee
2003159,原直樹,10,73,会社員,群馬県,Gunma,Company employee
2003160,和田楓,23,44,営業職,愛知県,Aichi,Sales
2003161,田口涼太,19,62,学生,山梨県,Yamanashi,Student
2003162,岡本千尋,15,49,研究職,新潟県,Niigata,Researcher
2003163,工藤七海,14,52,公務員,神奈川県,Kanagawa,Public servant
2003164,菅原英樹,6,63,会社員,山形県,Yamagata,Company employee
2003165,横田克彦,14,33,主婦・主夫,神奈川県,Kanagawa,Homemaker
2003166,谷口大地,23,47,教員,愛知県,Aichi,Teacher
2003167,西村彩,42,52,年金受給者,長崎県,Nagasaki,Pensioner
2003168,中村澪,7,50,看護師,福島県,Fukushima,Nurse
2003169,山崎直樹,13,40,会社員,東京都,Tokyo,Company employee
2003170,阿部康平,14,24,保育士,神奈川県,Kanagawa,Childcare worker
2003171,青木哲也,42,58,建築士,長崎県,Nagasaki,Architect
2003172,近藤哲也,13,48,デザイナー,東京都,Tokyo,Designer
2003173,斉藤真一,2,62,教員,青森県,Aomori,Teacher
2003174,青木朱莉,33,37,保育士,岡山県,Okayama,Childcare worker
2003175,増田涼太,13,56,保育士,東京都,Tokyo,Childcare worker
2003176,上野克彦,17,57,公務員,石川県,Ishikawa,Public servant
2003177,松岡芽衣,43,40,看護師,熊本県,Kumamoto,Nurse
2003178,前田真一,12,49,弁護士,千葉県,Chiba,Lawyer
2003179,西村桜,1,49,弁護士,北海道,Hokkaido,Lawyer
2003180,金子啓介,14,24,教員,神奈川県,Kanagawa,Teacher
2003181,市川雄大,12,49,パート・アルバイト,千葉県,Chiba,Part-time worker
2003182,渡辺直樹,13,57,経理・財務,東京都,Tokyo,Accounting and finance
2003183,加藤大地,23,40,自営業,愛知県,Aichi,Self-employed
2003184,村上真央,46,27,医師,鹿児島県,Kagoshima,Physician
2003185,東彩,1,52,美容師,北海道,Hokkaido,Hairdresser
2003186,田中義明,11,31,自営業,埼玉県,Saitama,Self-employed
2003187,千葉凛,14,43,会計士,神奈川県,Kanagawa,Accountant
2003188,藤田葵,13,43,会計士,東京都,Tokyo,Accountant
2003189,近藤光子,12,56,運転手,千葉県,Chiba,Driver
2003190,池田朱莉,23,29,エンジニア,愛知県,Aichi,Engineer
2003191,吉田幸子,27,41,その他,大阪府,Osaka,Other
2003192,石川和子,13,53,年金受給者,東京都,Tokyo,Pensioner
2003193,中島誠,42,40,薬剤師,長崎県,Nagasaki,Pharmacist
2003194,三浦駿,13,34,薬剤師,東京都,Tokyo,Pharmacist
2003195,今井慎太郎,3,23,デザイナー,岩手県,Iwate,Designer
2003196,中川玲子,4,37,教員,宮城県,Miyagi,Teacher
2003197,白石京子,31,53,会社員,鳥取県,Tottori,Company employee
2003198,工藤京子,14,22,デザイナー,神奈川県,Kanagawa,Designer
2003199,本田哲也,12,37,コンサルタント,千葉県,Chiba,Consultant
2003200,松尾拓也,18,32,弁護士,福井県,Fukui,Lawyer
2003201,竹内彩,4,48,保育士,宮城県,Miyagi,Childcare worker
2003202,野村一郎,28,57,会社員,兵庫県,Hyogo,Company employee
2003203,金子洋子,23,75,運転手,愛知県,Aichi,Driver
2003204,高橋浩二,13,22,自営業,東京都,Tokyo,Self-employed
2003205,安田奈々,13,64,エンジニア,東京都,Tokyo,Engineer
2003206,野村洋子,22,58,会計士,静岡県,Shizuoka,Accountant
2003207,吉田美穂,22,47,会社員,静岡県,Shizuoka,Company employee
2003208,佐々木澪,31,26,運転手,鳥取県,Tottori,Driver
2003209,中野陽介,30,78,医師,和歌山県,Wakayama,Physician
2003210,増田春香,2,56,飲食業,青森県,Aomori,Food service
2003211,岡本七海,12,58,経理・財務,千葉県,Chiba,Accounting and finance
2003212,宮崎七海,27,32,薬剤師,大阪府,Osaka,Pharmacist
2003213,大野浩二,11,40,年金受給者,埼玉県,Saitama,Pensioner
2003214,杉山奈々,13,43,コンサルタント,東京都,Tokyo,Consultant
2003215,菊地七海,13,23,会社員,東京都,Tokyo,Company employee
2003216,和田沙織,2,54,会社員,青森県,Aomori,Company employee
2003217,杉山優,33,48,公務員,岡山県,Okayama,Public servant
2003218,田中大輝,23,39,営業職,愛知県,Aichi,Sales
2003219,増田博之,11,39,運転手,埼玉県,Saitama,Driver
2003220,内田誠,22,31,経理・財務,静岡県,Shizuoka,Accounting and finance
2003221,石川啓介,40,47,医師,福岡県,Fukuoka,Physician
2003222,伊藤啓介,36,26,弁護士,徳島県,Tokushima,Lawyer
2003223,村上直美,11,51,漁業,埼玉県,Saitama,Fisher
2003224,山本和也,11,68,年金受給者,埼玉県,Saitama,Pensioner
2003225,石井秀樹,14,53,教員,神奈川県,Kanagawa,Teacher
2003226,石川蓮,13,48,農業,東京都,Tokyo,Farmer
2003227,斉藤香織,16,67,飲食業,富山県,Toyama,Food service
2003228,青木蓮,13,37,主婦・主夫,東京都,Tokyo,Homemaker
2003229,浜田達也,14,71,年金受給者,神奈川県,Kanagawa,Pensioner
2003230,野村慎太郎,13,57,自営業,東京都,Tokyo,Self-employed
2003231,吉田大輝,23,44,その他,愛知県,Aichi,Other
2003232,上田亜希子,13,59,漁業,東京都,Tokyo,Fisher
2003233,林拓也,10,34,会社員,群馬県,Gunma,Company employee
2003234,石川雄大,21,33,年金受給者,岐阜県,Gifu,Pensioner
2003235,石井彩,28,51,学生,兵庫県,Hyogo,Student
2003236,大塚光子,13,36,学生,東京都,Tokyo,Student
2003237,遠藤駿,23,35,会計士,愛知県,Aichi,Accountant
2003238,武田桜,45,37,年金受給者,宮崎県,Miyazaki,Pensioner
2003239,金子陽子,38,42,薬剤師,愛媛県,Ehime,Pharmacist
2003240,千葉結衣,23,75,運転手,愛知県,Aichi,Driver
2003241,松本雄大,23,24,薬剤師,愛知県,Aichi,Pharmacist
2003242,武田千尋,24,44,運転手,三重県,Mie,Driver
2003243,横田七海,3,36,飲食業,岩手県,Iwate,Food service
2003244,村上洋平,23,58,年金受給者,愛知県,Aichi,Pensioner
2003245,藤井愛,38,34,公務員,愛媛県,Ehime,Public servant
2003246,杉山典子,23,62,農業,愛知県,Aichi,Farmer
2003247,石川翔太,46,78,その他,鹿児島県,Kagoshima,Other
2003248,井上康平,15,46,年金受給者,新潟県,Niigata,Pensioner
2003249,鈴木悠斗,13,25,飲食業,東京都,Tokyo,Food service
2003250,杉山将也,27,54,看護師,大阪府,Osaka,Nurse
2003251,池田陽介,41,40,パート・アルバイト,佐賀県,Saga,Part-time worker
2003252,新井春香,40,39,コンサルタント,福岡県,Fukuoka,Consultant
2003253,佐藤陽介,28,67,エンジニア,兵庫県,Hyogo,Engineer
2003254,工藤千尋,27,68,営業職,大阪府,Osaka,Sales
2003255,竹内千尋,4,35,経理・財務,宮城県,Miyagi,Accounting and finance
2003256,佐々木莉子,27,79,薬剤師,大阪府,Osaka,Pharmacist
2003257,中島秀樹,12,27,年金受給者,千葉県,Chiba,Pensioner
2003258,桜井悠人,46,44,漁業,鹿児島県,Kagoshima,Fisher
2003259,田中駿,11,21,主婦・主夫,埼玉県,Saitama,Homemaker
2003260,石田和也,14,43,研究職,神奈川県,Kanagawa,Researcher
2003261,原沙織,15,43,会計士,新潟県,Niigata,Accountant
2003262,小林雄大,23,26,パート・アルバイト,愛知県,Aichi,Part-time worker
2003263,宮本陸,20,47,販売員,長野県,Nagano,Retail staff
2003264,中島幸子,34,36,保育士,広島県,Hiroshima,Childcare worker
2003265,斎藤七海,16,50,研究職,富山県,Toyama,Researcher
2003266,岩崎京子,12,33,医師,千葉県,Chiba,Physician
2003267,高橋京子,22,75,教員,静岡県,Shizuoka,Teacher
2003268,阿部蓮,7,77,医師,福島県,Fukushima,Physician
2003269,藤原芽衣,15,42,弁護士,新潟県,Niigata,Lawyer
2003270,古川結衣,8,50,教員,茨城県,Ibaraki,Teacher
2003271,中野真央,27,73,研究職,大阪府,Osaka,Researcher
2003272,山田哲也,40,62,経理・財務,福岡県,Fukuoka,Accounting and finance
2003273,大塚一郎,40,55,看護師,福岡県,Fukuoka,Nurse
2003274,小林陸,10,58,弁護士,群馬県,Gunma,Lawyer
2003275,横田直美,13,40,パート・アルバイト,東京都,Tokyo,Part-time worker
2003276,佐野節子,13,52,パート・アルバイト,東京都,Tokyo,Part-time worker
2003277,篠原大輝,27,43,漁業,大阪府,Osaka,Fisher
2003278,池田沙織,44,51,会社員,大分県,Oita,Company employee
2003279,前田博之,2,39,会計士,青森県,Aomori,Accountant
2003280,杉山桜,23,45,学生,愛知県,Aichi,Student
2003281,橋本克彦,37,43,主婦・主夫,香川県,Kagawa,Homemaker
2003282,上田千尋,39,42,看護師,高知県,Kochi,Nurse
2003283,和田七海,28,36,保育士,兵庫県,Hyogo,Childcare worker
2003284,和田優,13,52,看護師,東京都,Tokyo,Nurse
2003285,岡田葵,23,39,デザイナー,愛知県,Aichi,Designer
2003286,山本陸,13,32,薬剤師,東京都,Tokyo,Pharmacist
2003287,工藤洋子,11,33,教員,埼玉県,Saitama,Teacher
2003288,武田直美,31,71,学生,鳥取県,Tottori,Student
2003289,遠藤千尋,14,40,薬剤師,神奈川県,Kanagawa,Pharmacist
2003290,福田光,28,22,教員,兵庫県,Hyogo,Teacher
2003291,井上光,33,34,弁護士,岡山県,Okayama,Lawyer
2003292,岡田奈々,46,66,医師,鹿児島県,Kagoshima,Physician
2003293,松本慎太郎,1,55,漁業,北海道,Hokkaido,Fisher
2003294,木村陽子,13,40,デザイナー,東京都,Tokyo,Designer
2003295,山本英樹,1,20,その他,北海道,Hokkaido,Other
2003296,工藤光子,11,49,農業,埼玉県,Saitama,Farmer
2003297,久保悠斗,27,22,教員,大阪府,Osaka,Teacher
2003298,藤本彩,32,36,コンサルタント,島根県,Shimane,Consultant
2003299,増田克彦,27,31,飲食業,大阪府,Osaka,Food service
2003300,柴田直樹,27,36,デザイナー,大阪府,Osaka,Designer
2003301,平野浩二,14,59,農業,神奈川県,Kanagawa,Farmer
2003302,伊藤隆志,32,38,経理・財務,島根県,Shimane,Accounting and finance
2003303,菅原莉子,13,52,学生,東京都,Tokyo,Student
2003304,野口千尋,44,43,看護師,大分県,Oita,Nurse
2003305,石井久美子,12,43,デザイナー,千葉県,Chiba,Designer
2003306,杉山蓮,33,38,薬剤師,岡山県,Okayama,Pharmacist
2003307,宮本典子,13,46,販売員,東京都,Tokyo,Retail staff
2003308,田口克彦,13,25,経理・財務,東京都,Tokyo,Accounting and finance
2003309,佐野正樹,28,43,農業,兵庫県,Hyogo,Farmer
2003310,村上蓮,1,37,コンサルタント,北海道,Hokkaido,Consultant
2003311,星野美穂,17,60,会社員,石川県,Ishikawa,Company employee
2003312,岩崎駿,35,74,公務員,山口県,Yamaguchi,Public servant
2003313,渡部哲也,28,38,農業,兵庫県,Hyogo,Farmer
2003314,和田蓮,13,54,販売員,東京都,Tokyo,Retail staff
2003315,高田一郎,13,38,主婦・主夫,東京都,Tokyo,Homemaker
2003316,宮崎達也,19,58,弁護士,山梨県,Yamanashi,Lawyer
2003317,藤田玲子,1,52,教員,北海道,Hokkaido,Teacher
2003318,中川翔太,27,42,医師,大阪府,Osaka,Physician
2003319,横山慎太郎,14,74,漁業,神奈川県,Kanagawa,Fisher
2003320,松尾芽衣,41,57,パート・アルバイト,佐賀県,Saga,Part-time worker
2003321,松岡和子,27,39,弁護士,大阪府,Osaka,Lawyer
2003322,野村智也,33,58,薬剤師,岡山県,Okayama,Pharmacist
2003323,福田楓,14,23,経理・財務,神奈川県,Kanagawa,Accounting and finance
2003324,前田航,27,40,保育士,大阪府,Osaka,Childcare worker
2003325,渡部蓮,13,30,薬剤師,東京都,Tokyo,Pharmacist
2003326,浜田和子,4,55,自営業,宮城県,Miyagi,Self-employed
2003327,滝沢美穂,2,44,デザイナー,青森県,Aomori,Designer
2003328,近藤志保,34,45,保育士,広島県,Hiroshima,Childcare worker
2003329,村上葵,30,66,販売員,和歌山県,Wakayama,Retail staff
2003330,松岡春香,44,38,会社員,大分県,Oita,Company employee
2003331,山口澪,27,64,営業職,大阪府,Osaka,Sales
2003332,菅原凛,14,55,経理・財務,神奈川県,Kanagawa,Accounting and finance
2003333,山口一郎,2,45,農業,青森県,Aomori,Farmer
2003334,谷口慎太郎,14,48,その他,神奈川県,Kanagawa,Other
2003335,内田彩,11,55,弁護士,埼玉県,Saitama,Lawyer
2003336,市川真央,22,51,パート・アルバイト,静岡県,Shizuoka,Part-time worker
2003337,和田真央,27,51,会社員,大阪府,Osaka,Company employee
2003338,新井博之,14,47,主婦・主夫,神奈川県,Kanagawa,Homemaker
2003339,後藤正樹,22,65,医師,静岡県,Shizuoka,Physician
2003340,村田芽衣,27,46,美容師,大阪府,Osaka,Hairdresser
2003341,遠藤一郎,40,27,美容師,福岡県,Fukuoka,Hairdresser
2003342,工藤久美子,13,31,農業,東京都,Tokyo,Farmer
2003343,平野洋平,13,48,エンジニア,東京都,Tokyo,Engineer
2003344,今井駿,22,36,エンジニア,静岡県,Shizuoka,Engineer
2003345,中村心春,11,40,教員,埼玉県,Saitama,Teacher
2003346,加藤大輝,27,57,会社員,大阪府,Osaka,Company employee
2003347,河野秀樹,21,51,販売員,岐阜県,Gifu,Retail staff
2003348,木村隆志,46,34,美容師,鹿児島県,Kagoshima,Hairdresser
2003349,岡本千尋,46,78,美容師,鹿児島県,Kagoshima,Hairdresser
2003350,宮本奈々,11,48,主婦・主夫,埼玉県,Saitama,Homemaker
2003351,浜田京子,11,31,販売員,埼玉県,Saitama,Retail staff
2003352,阿部幸子,34,31,その他,広島県,Hiroshima,Other
2003353,藤田秀樹,27,53,薬剤師,大阪府,Osaka,Pharmacist
2003354,横山幸子,19,45,年金受給者,山梨県,Yamanashi,Pensioner
2003355,中野奈々,14,53,美容師,神奈川県,Kanagawa,Hairdresser
2003356,村上光,35,34,会社員,山口県,Yamaguchi,Company employee
2003357,青木智也,1,33,漁業,北海道,Hokkaido,Fisher
2003358,平野志保,28,35,建築士,兵庫県,Hyogo,Architect
2003359,井上真央,22,34,パート・アルバイト,静岡県,Shizuoka,Part-time worker
2003360,古川誠,12,53,経理・財務,千葉県,Chiba,Accounting and finance
2003361,斉藤京子,14,52,運転手,神奈川県,Kanagawa,Driver
2003362,島田直樹,33,57,会計士,岡山県,Okayama,Accountant
2003363,安田智子,1,39,飲食業,北海道,Hokkaido,Food service
2003364,宮本拓也,8,56,教員,茨城県,Ibaraki,Teacher
2003365,池田光子,8,34,会計士,茨城県,Ibaraki,Accountant
2003366,谷口啓介,28,59,農業,兵庫県,Hyogo,Farmer
2003367,増田駿,38,36,運転手,愛媛県,Ehime,Driver
2003368,阿部玲子,27,32,弁護士,大阪府,Osaka,Lawyer
2003369,岡田恵,39,65,年金受給者,高知県,Kochi,Pensioner
2003370,青木正樹,14,30,会計士,神奈川県,Kanagawa,Accountant
2003371,田口朱莉,11,30,会計士,埼玉県,Saitama,Accountant
2003372,平野智也,14,52,医師,神奈川県,Kanagawa,Physician
2003373,東莉子,13,37,教員,東京都,Tokyo,Teacher
2003374,石井節子,9,45,年金受給者,栃木県,Tochigi,Pensioner
2003375,青木恵,21,42,主婦・主夫,岐阜県,Gifu,Homemaker
2003376,竹内慎太郎,27,39,主婦・主夫,大阪府,Osaka,Homemaker
2003377,小松光子,1,33,エンジニア,北海道,Hokkaido,Engineer
2003378,小野翔太,38,57,会計士,愛媛県,Ehime,Accountant
2003379,大野葵,11,32,保育士,埼玉県,Saitama,Childcare worker
2003380,木村典子,16,37,その他,富山県,Toyama,Other
2003381,市川義明,13,44,研究職,東京都,Tokyo,Researcher
2003382,吉田莉子,35,41,デザイナー,山口県,Yamaguchi,Designer
2003383,野口孝之,27,40,コンサルタント,大阪府,Osaka,Consultant
2003384,阿部博之,14,29,公務員,神奈川県,Kanagawa,Public servant
2003385,佐々木文子,28,34,看護師,兵庫県,Hyogo,Nurse
2003386,松尾将也,40,62,医師,福岡県,Fukuoka,Physician
2003387,加藤隆志,27,21,コンサルタント,大阪府,Osaka,Consultant
2003388,長谷川光子,11,28,看護師,埼玉県,Saitama,Nurse
2003389,前田祐樹,14,69,保育士,神奈川県,Kanagawa,Childcare worker
2003390,宮本芽衣,12,66,主婦・主夫,千葉県,Chiba,Homemaker
2003391,伊藤悠人,40,43,建築士,福岡県,Fukuoka,Architect
2003392,篠原七海,10,29,パート・アルバイト,群馬県,Gunma,Part-time worker
2003393,田村航,43,38,漁業,熊本県,Kumamoto,Fisher
2003394,岩崎克彦,44,29,飲食業,大分県,Oita,Food service
2003395,高橋美咲,27,53,運転手,大阪府,Osaka,Driver
2003396,高橋香織,35,41,農業,山口県,Yamaguchi,Farmer
2003397,林和子,10,41,主婦・主夫,群馬県,Gunma,Homemaker
2003398,篠原芽衣,47,59,デザイナー,沖縄県,Okinawa,Designer
2003399,横田和也,14,25,エンジニア,神奈川県,Kanagawa,Engineer
2003400,山田大地,13,38,エンジニア,東京都,Tokyo,Engineer
2003401,石井瑞穂,21,31,美容師,岐阜県,Gifu,Hairdresser
2003402,後藤玲子,26,51,飲食業,京都府,Kyoto,Food service
2003403,藤井光子,27,45,経理・財務,大阪府,Osaka,Accounting and finance
2003404,石井莉子,22,58,保育士,静岡県,Shizuoka,Childcare worker
2003405,白石由美,28,59,エンジニア,兵庫県,Hyogo,Engineer
2003406,武田葵,11,40,デザイナー,埼玉県,Saitama,Designer
2003407,滝沢彩,28,37,その他,兵庫県,Hyogo,Other
2003408,山本誠,24,32,年金受給者,三重県,Mie,Pensioner
2003409,白石駿,13,44,コンサルタント,東京都,Tokyo,Consultant
2003410,太田結衣,11,62,公務員,埼玉県,Saitama,Public servant
2003411,加藤英樹,28,77,弁護士,兵庫県,Hyogo,Lawyer
2003412,松田駿,11,56,経理・財務,埼玉県,Saitama,Accounting and finance
2003413,佐藤誠,11,31,年金受給者,埼玉県,Saitama,Pensioner
2003414,藤井大地,37,31,公務員,香川県,Kagawa,Public servant
2003415,佐々木志保,28,49,美容師,兵庫県,Hyogo,Hairdresser
2003416,清水桜,9,47,主婦・主夫,栃木県,Tochigi,Homemaker
2003417,井上陽介,43,48,建築士,熊本県,Kumamoto,Architect
2003418,渡辺陸,6,27,医師,山形県,Yamagata,Physician
2003419,小松楓,47,46,運転手,沖縄県,Okinawa,Driver
2003420,金子一郎,23,41,自営業,愛知県,Aichi,Self-employed
2003421,石井大輝,27,32,営業職,大阪府,Osaka,Sales
2003422,安田芽衣,13,70,パート・アルバイト,東京都,Tokyo,Part-time worker
2003423,久保直美,22,40,研究職,静岡県,Shizuoka,Researcher
2003424,島田光子,23,73,会計士,愛知県,Aichi,Accountant
2003425,星野結衣,28,45,経理・財務,兵庫県,Hyogo,Accounting and finance
2003426,近藤英樹,11,69,コンサルタント,埼玉県,Saitama,Consultant
2003427,原田正樹,24,30,飲食業,三重県,Mie,Food service
2003428,横田莉子,12,42,会計士,千葉県,Chiba,Accountant
2003429,杉山節子,11,23,薬剤師,埼玉県,Saitama,Pharmacist
2003430,島田蓮,13,49,エンジニア,東京都,Tokyo,Engineer
2003431,石井愛,16,53,飲食業,富山県,Toyama,Food service
2003432,近藤浩二,35,57,医師,山口県,Yamaguchi,Physician
2003433,鈴木真央,6,27,医師,山形県,Yamagata,Physician
2003434,市川大地,27,34,販売員,大阪府,Osaka,Retail staff
2003435,後藤直樹,11,46,公務員,埼玉県,Saitama,Public servant
2003436,田口朱莉,20,28,薬剤師,長野県,Nagano,Pharmacist
2003437,松本玲子,40,24,薬剤師,福岡県,Fukuoka,Pharmacist
2003438,後藤和子,13,56,農業,東京都,Tokyo,Farmer
2003439,安田裕子,11,57,主婦・主夫,埼玉県,Saitama,Homemaker
2003440,平野智也,12,78,エンジニア,千葉県,Chiba,Engineer
2003441,松岡奈々,27,30,医師,大阪府,Osaka,Physician
2003442,原愛,5,72,経理・財務,秋田県,Akita,Accounting and finance
2003443,工藤駿,28,50,経理・財務,兵庫県,Hyogo,Accounting and finance
2003444,安藤和也,13,29,保育士,東京都,Tokyo,Childcare worker
2003445,杉本芽衣,11,44,弁護士,埼玉県,Saitama,Lawyer
2003446,杉山祐樹,18,31,経理・財務,福井県,Fukui,Accounting and finance
2003447,坂本久美子,27,52,その他,大阪府,Osaka,Other
2003448,谷口京子,14,30,販売員,神奈川県,Kanagawa,Retail staff
2003449,本田莉子,27,33,弁護士,大阪府,Osaka,Lawyer
2003450,東慎太郎,13,53,学生,東京都,Tokyo,Student
2003451,石田陽介,1,36,農業,北海道,Hokkaido,Farmer
2003452,平野啓介,7,31,学生,福島県,Fukushima,Student
2003453,井上由美,13,45,飲食業,東京都,Tokyo,Food service
2003454,飯田直樹,13,31,建築士,東京都,Tokyo,Architect
2003455,宮崎志保,23,52,経理・財務,愛知県,Aichi,Accounting and finance
2003456,坂本裕子,21,56,主婦・主夫,岐阜県,Gifu,Homemaker
2003457,原田美咲,20,33,パート・アルバイト,長野県,Nagano,Part-time worker
2003458,佐野義明,13,55,会社員,東京都,Tokyo,Company employee
2003459,松岡一郎,12,26,建築士,千葉県,Chiba,Architect
2003460,森祐樹,9,45,薬剤師,栃木県,Tochigi,Pharmacist
2003461,金子愛,40,37,コンサルタント,福岡県,Fukuoka,Consultant
2003462,田中誠,26,28,営業職,京都府,Kyoto,Sales
2003463,中村裕子,11,36,教員,埼玉県,Saitama,Teacher
2003464,石井康平,18,23,看護師,福井県,Fukui,Nurse
2003465,藤井直美,23,67,会計士,愛知県,Aichi,Accountant
2003466,遠藤啓介,22,69,建築士,静岡県,Shizuoka,Architect
2003467,松岡正樹,40,45,飲食業,福岡県,Fukuoka,Food service
2003468,村上由美,1,55,公務員,北海道,Hokkaido,Public servant
2003469,青木美咲,39,48,その他,高知県,Kochi,Other
2003470,田口京子,38,41,年金受給者,愛媛県,Ehime,Pensioner
2003471,佐藤瑞穂,22,38,自営業,静岡県,Shizuoka,Self-employed
2003472,前田涼太,13,47,教員,東京都,Tokyo,Teacher
2003473,坂本蓮,1,70,弁護士,北海道,Hokkaido,Lawyer
2003474,岩崎恵,14,37,その他,神奈川県,Kanagawa,Other
2003475,白石瑞穂,16,37,年金受給者,富山県,Toyama,Pensioner
2003476,金子和也,9,31,飲食業,栃木県,Tochigi,Food service
2003477,久保真央,43,66,営業職,熊本県,Kumamoto,Sales
2003478,松尾拓也,20,30,教員,長野県,Nagano,Teacher
2003479,長谷川美穂,14,64,建築士,神奈川県,Kanagawa,Architect
2003480,村上葵,21,41,薬剤師,岐阜県,Gifu,Pharmacist
2003481,浜田航,12,20,美容師,千葉県,Chiba,Hairdresser
2003482,井上直樹,13,43,研究職,東京都,Tokyo,Researcher
2003483,佐藤愛,46,38,学生,鹿児島県,Kagoshima,Student
2003484,水野陽子,14,47,パート・アルバイト,神奈川県,Kanagawa,Part-time worker
2003485,新井恵,28,35,農業,兵庫県,Hyogo,Farmer
2003486,星野由美,36,54,運転手,徳島県,Tokushima,Driver
2003487,松尾瑞穂,14,32,販売員,神奈川県,Kanagawa,Retail staff
2003488,菊地一郎,14,57,学生,神奈川県,Kanagawa,Student
2003489,阿部朱莉,40,69,公務員,福岡県,Fukuoka,Public servant
2003490,森芽衣,13,48,年金受給者,東京都,Tokyo,Pensioner
2003491,柴田直樹,32,77,保育士,島根県,Shimane,Childcare worker
2003492,金子陽介,14,27,販売員,神奈川県,Kanagawa,Retail staff
2003493,中島雄大,31,48,建築士,鳥取県,Tottori,Architect
2003494,村上正樹,12,48,美容師,千葉県,Chiba,Hairdresser
2003495,前田涼太,13,48,エンジニア,東京都,Tokyo,Engineer
2003496,滝沢英樹,13,35,建築士,東京都,Tokyo,Architect
2003497,松井英樹,2,47,会計士,青森県,Aomori,Accountant
2003498,星野康平,14,52,看護師,神奈川県,Kanagawa,Nurse
2003499,藤原幸子,13,39,年金受給者,東京都,Tokyo,Pensioner
2003500,福田彩,44,46,建築士,大分県,Oita,Architect
2003501,渡辺香織,13,42,飲食業,東京都,Tokyo,Food service
2003502,太田志保,1,79,デザイナー,北海道,Hokkaido,Designer
2003503,阿部凛,26,67,医師,京都府,Kyoto,Physician
2003504,関結衣,36,52,パート・アルバイト,徳島県,Tokushima,Part-time worker
2003505,小川香織,4,54,弁護士,宮城県,Miyagi,Lawyer
2003506,石井亮,3,21,運転手,岩手県,Iwate,Driver
2003507,新井大輝,12,59,パート・アルバイト,千葉県,Chiba,Part-time worker
2003508,佐藤涼太,13,51,経理・財務,東京都,Tokyo,Accounting and finance
2003509,木下彩,4,65,弁護士,宮城県,Miyagi,Lawyer
2003510,安藤洋子,26,44,教員,京都府,Kyoto,Teacher
2003511,千葉幸子,45,48,学生,宮崎県,Miyazaki,Student
2003512,阿部智也,40,30,漁業,福岡県,Fukuoka,Fisher
2003513,石井千尋,23,36,主婦・主夫,愛知県,Aichi,Homemaker
2003514,安田慎太郎,32,77,会社員,島根県,Shimane,Company employee
2003515,斎藤心春,27,50,飲食業,大阪府,Osaka,Food service
2003516,菅原駿,15,36,看護師,新潟県,Niigata,Nurse
2003517,杉山幸子,40,66,美容師,福岡県,Fukuoka,Hairdresser
2003518,久保愛,41,30,コンサルタント,佐賀県,Saga,Consultant
2003519,篠原拓也,35,38,保育士,山口県,Yamaguchi,Childcare worker
2003520,村上亜希子,13,66,看護師,東京都,Tokyo,Nurse
2003521,森香織,13,24,パート・アルバイト,東京都,Tokyo,Part-time worker
2003522,酒井典子,28,66,弁護士,兵庫県,Hyogo,Lawyer
2003523,岩崎浩二,39,25,営業職,高知県,Kochi,Sales
2003524,千葉裕子,27,54,建築士,大阪府,Osaka,Architect
2003525,小島洋子,41,41,飲食業,佐賀県,Saga,Food service
2003526,宮崎真央,11,74,自営業,埼玉県,Saitama,Self-employed
2003527,井上典子,29,40,主婦・主夫,奈良県,Nara,Homemaker
2003528,野村達也,7,78,弁護士,福島県,Fukushima,Lawyer
2003529,菅原節子,23,48,学生,愛知県,Aichi,Student
2003530,東洋平,40,55,自営業,福岡県,Fukuoka,Self-employed
2003531,原葵,22,22,建築士,静岡県,Shizuoka,Architect
2003532,千葉光,40,21,漁業,福岡県,Fukuoka,Fisher
2003533,後藤博之,11,53,自営業,埼玉県,Saitama,Self-employed
2003534,工藤愛,11,52,販売員,埼玉県,Saitama,Retail staff
2003535,原愛,38,71,公務員,愛媛県,Ehime,Public servant
2003536,星野光,13,56,エンジニア,東京都,Tokyo,Engineer
2003537,千葉和也,15,56,自営業,新潟県,Niigata,Self-employed
2003538,大野拓也,18,31,会社員,福井県,Fukui,Company employee
2003539,菅原幸子,39,52,建築士,高知県,Kochi,Architect
2003540,石井真央,26,30,デザイナー,京都府,Kyoto,Designer
2003541,福田英樹,13,36,営業職,東京都,Tokyo,Sales
2003542,池田直美,27,75,デザイナー,大阪府,Osaka,Designer
2003543,山口康平,2,36,薬剤師,青森県,Aomori,Pharmacist
2003544,桜井和也,23,48,公務員,愛知県,Aichi,Public servant
2003545,東一郎,34,61,建築士,広島県,Hiroshima,Architect
2003546,井上祐樹,24,72,研究職,三重県,Mie,Researcher
2003547,古川翔太,34,47,薬剤師,広島県,Hiroshima,Pharmacist
2003548,松本康平,12,29,美容師,千葉県,Chiba,Hairdresser
2003549,和田誠,15,43,学生,新潟県,Niigata,Student
2003550,谷口直美,1,40,薬剤師,北海道,Hokkaido,Pharmacist
2003551,原文子,27,23,運転手,大阪府,Osaka,Driver
2003552,和田陸,13,69,医師,東京都,Tokyo,Physician
2003553,中島結衣,15,25,公務員,新潟県,Niigata,Public servant
2003554,中川彩,14,39,エンジニア,神奈川県,Kanagawa,Engineer
2003555,佐藤孝之,14,26,薬剤師,神奈川県,Kanagawa,Pharmacist
2003556,高橋駿,34,52,デザイナー,広島県,Hiroshima,Designer
2003557,白石智也,36,47,医師,徳島県,Tokushima,Physician
2003558,鈴木一郎,44,39,医師,大分県,Oita,Physician
2003559,杉山彩,27,38,コンサルタント,大阪府,Osaka,Consultant
2003560,松岡春香,12,51,エンジニア,千葉県,Chiba,Engineer
2003561,上田博之,11,61,漁業,埼玉県,Saitama,Fisher
2003562,中野亜希子,38,25,販売員,愛媛県,Ehime,Retail staff
2003563,河野将也,7,40,その他,福島県,Fukushima,Other
2003564,池田浩二,25,71,販売員,滋賀県,Shiga,Retail staff
2003565,関瑞穂,27,73,自営業,大阪府,Osaka,Self-employed
2003566,大塚陽介,27,77,飲食業,大阪府,Osaka,Food service
2003567,浜田誠,3,30,デザイナー,岩手県,Iwate,Designer
2003568,松井裕子,28,66,自営業,兵庫県,Hyogo,Self-employed
2003569,中村孝之,1,66,年金受給者,北海道,Hokkaido,Pensioner
2003570,林悠斗,23,62,エンジニア,愛知県,Aichi,Engineer
2003571,島田智也,13,41,経理・財務,東京都,Tokyo,Accounting and finance
2003572,佐々木亮,33,36,漁業,岡山県,Okayama,Fisher
2003573,三浦浩二,21,32,パート・アルバイト,岐阜県,Gifu,Part-time worker
2003574,上田拓也,47,28,保育士,沖縄県,Okinawa,Childcare worker
2003575,大塚愛,14,30,薬剤師,神奈川県,Kanagawa,Pharmacist
2003576,東結衣,34,41,研究職,広島県,Hiroshima,Researcher
2003577,内田悠人,10,30,公務員,群馬県,Gunma,Public servant
2003578,原田真央,13,22,エンジニア,東京都,Tokyo,Engineer
2003579,中野秀樹,28,24,販売員,兵庫県,Hyogo,Retail staff
2003580,加藤孝之,16,32,看護師,富山県,Toyama,Nurse
2003581,佐野智也,13,64,運転手,東京都,Tokyo,Driver
2003582,村上翔太,40,31,薬剤師,福岡県,Fukuoka,Pharmacist
2003583,前田志保,32,71,薬剤師,島根県,Shimane,Pharmacist
2003584,飯田真央,14,31,運転手,神奈川県,Kanagawa,Driver
2003585,酒井和也,11,28,農業,埼玉県,Saitama,Farmer
2003586,滝沢玲子,14,27,薬剤師,神奈川県,Kanagawa,Pharmacist
2003587,小川和也,12,77,販売員,千葉県,Chiba,Retail staff
2003588,平野葵,24,30,弁護士,三重県,Mie,Lawyer
2003589,池田香織,22,75,看護師,静岡県,Shizuoka,Nurse
2003590,三浦雄大,11,40,医師,埼玉県,Saitama,Physician
2003591,原田裕子,13,70,飲食業,東京都,Tokyo,Food service
2003592,井上悠斗,1,58,運転手,北海道,Hokkaido,Driver
2003593,浜田芽衣,17,32,販売員,石川県,Ishikawa,Retail staff
2003594,内田節子,23,38,薬剤師,愛知県,Aichi,Pharmacist
2003595,小野凛,28,49,建築士,兵庫県,Hyogo,Architect
2003596,木村洋子,40,25,コンサルタント,福岡県,Fukuoka,Consultant
2003597,田村悠斗,14,35,その他,神奈川県,Kanagawa,Other
2003598,篠原千尋,8,56,エンジニア,茨城県,Ibaraki,Engineer
2003599,斉藤朱莉,11,54,会社員,埼玉県,Saitama,Company employee
2003600,坂本芽衣,22,37,その他,静岡県,Shizuoka,Other
2003601,渡部愛,40,49,農業,福岡県,Fukuoka,Farmer
2003602,水野朱莉,29,37,飲食業,奈良県,Nara,Food service
2003603,阿部智也,28,31,自営業,兵庫県,Hyogo,Self-employed
2003604,宮本哲也,12,55,研究職,千葉県,Chiba,Researcher
2003605,山本光,13,22,学生,東京都,Tokyo,Student
2003606,大塚拓也,11,51,公務員,埼玉県,Saitama,Public servant
2003607,田口幸子,13,31,年金受給者,東京都,Tokyo,Pensioner
2003608,松岡和子,34,24,飲食業,広島県,Hiroshima,Food service
2003609,鈴木翔太,25,52,薬剤師,滋賀県,Shiga,Pharmacist
2003610,星野洋子,28,37,主婦・主夫,兵庫県,Hyogo,Homemaker
2003611,大野大輝,13,58,美容師,東京都,Tokyo,Hairdresser
2003612,白石誠,47,43,農業,沖縄県,Okinawa,Farmer
2003613,横山朱莉,14,64,年金受給者,神奈川県,Kanagawa,Pensioner
2003614,中山沙織,24,55,美容師,三重県,Mie,Hairdresser
2003615,横田楓,31,48,医師,鳥取県,Tottori,Physician
2003616,青木美咲,13,68,保育士,東京都,Tokyo,Childcare worker
2003617,谷口涼太,28,42,看護師,兵庫県,Hyogo,Nurse
2003618,山本智也,5,44,運転手,秋田県,Akita,Driver
2003619,菊地光,11,56,薬剤師,埼玉県,Saitama,Pharmacist
2003620,藤本陽介,19,29,経理・財務,山梨県,Yamanashi,Accounting and finance
2003621,杉本千尋,23,48,コンサルタント,愛知県,Aichi,Consultant
2003622,橋本由美,1,43,医師,北海道,Hokkaido,Physician
2003623,中川直美,23,27,会社員,愛知県,Aichi,Company employee
2003624,篠原愛,24,30,パート・アルバイト,三重県,Mie,Part-time worker
2003625,山本浩二,22,70,その他,静岡県,Shizuoka,Other
2003626,小松英樹,23,40,販売員,愛知県,Aichi,Retail staff
2003627,東七海,23,53,保育士,愛知県,Aichi,Childcare worker
2003628,菊地朱莉,1,28,コンサルタント,北海道,Hokkaido,Consultant
2003629,山本奈々,46,47,その他,鹿児島県,Kagoshima,Other
2003630,山崎凛,22,47,医師,静岡県,Shizuoka,Physician
2003631,谷口凛,35,64,主婦・主夫,山口県,Yamaguchi,Homemaker
2003632,小川澪,12,33,農業,千葉県,Chiba,Farmer
2003633,平野春香,23,65,経理・財務,愛知県,Aichi,Accounting and finance
2003634,斎藤千尋,23,23,保育士,愛知県,Aichi,Childcare worker
2003635,石川陸,31,53,学生,鳥取県,Tottori,Student
2003636,上野慎太郎,13,63,経理・財務,東京都,Tokyo,Accounting and finance
2003637,西村莉子,15,41,薬剤師,新潟県,Niigata,Pharmacist
2003638,金子結衣,27,55,教員,大阪府,Osaka,Teacher
2003639,藤井結衣,23,31,自営業,愛知県,Aichi,Self-employed
2003640,木村誠,1,51,年金受給者,北海道,Hokkaido,Pensioner
2003641,今井慎太郎,13,78,保育士,東京都,Tokyo,Childcare worker
2003642,吉田玲子,6,70,その他,山形県,Yamagata,Other
2003643,加藤航,40,47,教員,福岡県,Fukuoka,Teacher
2003644,関克彦,47,48,運転手,沖縄県,Okinawa,Driver
2003645,藤本香織,25,21,主婦・主夫,滋賀県,Shiga,Homemaker
2003646,渡部京子,27,62,デザイナー,大阪府,Osaka,Designer
2003647,今井陽子,14,49,その他,神奈川県,Kanagawa,Other
2003648,石井智也,27,32,美容師,大阪府,Osaka,Hairdresser
2003649,石田悠斗,12,49,飲食業,千葉県,Chiba,Food service
2003650,千葉香織,13,78,美容師,東京都,Tokyo,Hairdresser
2003651,佐藤美穂,12,68,販売員,千葉県,Chiba,Retail staff
2003652,新井秀樹,12,31,会計士,千葉県,Chiba,Accountant
2003653,内田朱莉,14,26,経理・財務,神奈川県,Kanagawa,Accounting and finance
2003654,武田洋平,23,68,主婦・主夫,愛知県,Aichi,Homemaker
2003655,野口拓也,11,57,デザイナー,埼玉県,Saitama,Designer
2003656,白石沙織,1,68,年金受給者,北海道,Hokkaido,Pensioner
2003657,松本啓介,12,38,漁業,千葉県,Chiba,Fisher
2003658,河野洋平,14,45,弁護士,神奈川県,Kanagawa,Lawyer
2003659,山口芽衣,22,51,学生,静岡県,Shizuoka,Student
2003660,井上裕子,1,56,コンサルタント,北海道,Hokkaido,Consultant
2003661,森田優,27,62,公務員,大阪府,Osaka,Public servant
2003662,和田哲也,40,55,美容師,福岡県,Fukuoka,Hairdresser
2003663,和田英樹,27,32,医師,大阪府,Osaka,Physician
2003664,古川京子,13,22,デザイナー,東京都,Tokyo,Designer
2003665,坂本和也,27,43,自営業,大阪府,Osaka,Self-employed
2003666,遠藤涼太,30,55,美容師,和歌山県,Wakayama,Hairdresser
2003667,村上大輝,22,62,会社員,静岡県,Shizuoka,Company employee
2003668,後藤典子,3,32,公務員,岩手県,Iwate,Public servant
2003669,谷口香織,40,37,運転手,福岡県,Fukuoka,Driver
2003670,橋本隆志,29,47,コンサルタント,奈良県,Nara,Consultant
2003671,坂本陽介,22,22,主婦・主夫,静岡県,Shizuoka,Homemaker
2003672,田村陽子,40,41,医師,福岡県,Fukuoka,Physician
2003673,遠藤裕子,14,31,会計士,神奈川県,Kanagawa,Accountant
2003674,佐野義明,25,52,農業,滋賀県,Shiga,Farmer
2003675,内田沙織,34,45,主婦・主夫,広島県,Hiroshima,Homemaker
2003676,西村隆志,8,47,学生,茨城県,Ibaraki,Student
2003677,浜田久美子,13,68,漁業,東京都,Tokyo,Fisher
2003678,小島恵,17,41,漁業,石川県,Ishikawa,Fisher
2003679,長谷川健太,13,58,自営業,東京都,Tokyo,Self-employed
2003680,中野博之,14,33,看護師,神奈川県,Kanagawa,Nurse
2003681,吉田蓮,27,72,美容師,大阪府,Osaka,Hairdresser
2003682,西村澪,35,59,保育士,山口県,Yamaguchi,Childcare worker
2003683,松井裕子,8,31,自営業,茨城県,Ibaraki,Self-employed
2003684,河野陽介,23,43,経理・財務,愛知県,Aichi,Accounting and finance
2003685,井上芽衣,28,68,弁護士,兵庫県,Hyogo,Lawyer
2003686,新井康平,44,34,研究職,大分県,Oita,Researcher
2003687,原田美咲,13,35,自営業,東京都,Tokyo,Self-employed
2003688,平野慎太郎,41,30,その他,佐賀県,Saga,Other
2003689,坂本典子,23,37,その他,愛知県,Aichi,Other
2003690,山崎結衣,39,40,美容師,高知県,Kochi,Hairdresser
2003691,後藤誠,28,41,経理・財務,兵庫県,Hyogo,Accounting and finance
2003692,吉田文子,11,66,経理・財務,埼玉県,Saitama,Accounting and finance
2003693,藤本陸,13,34,営業職,東京都,Tokyo,Sales
2003694,松本典子,11,37,運転手,埼玉県,Saitama,Driver
2003695,金子玲子,28,58,研究職,兵庫県,Hyogo,Researcher
2003696,斎藤亜希子,1,51,経理・財務,北海道,Hokkaido,Accounting and finance
2003697,関美穂,28,38,営業職,兵庫県,Hyogo,Sales
2003698,杉本愛,23,54,会計士,愛知県,Aichi,Accountant
2003699,横田亮,23,69,パート・アルバイト,愛知県,Aichi,Part-time worker
2003700,本田亮,14,35,教員,神奈川県,Kanagawa,Teacher
2003701,森香織,22,40,会社員,静岡県,Shizuoka,Company employee
2003702,藤井悠斗,33,43,年金受給者,岡山県,Okayama,Pensioner
2003703,横田雄大,47,50,パート・アルバイト,沖縄県,Okinawa,Part-time worker
2003704,小林直美,18,31,その他,福井県,Fukui,Other
2003705,丸山彩,14,60,農業,神奈川県,Kanagawa,Farmer
2003706,石田澪,29,73,農業,奈良県,Nara,Farmer
2003707,青木拓也,28,43,会社員,兵庫県,Hyogo,Company employee
2003708,田中誠,36,38,弁護士,徳島県,Tokushima,Lawyer
2003709,佐野芽衣,13,30,教員,東京都,Tokyo,Teacher
2003710,杉山蓮,40,56,エンジニア,福岡県,Fukuoka,Engineer
2003711,井上光子,23,36,教員,愛知県,Aichi,Teacher
2003712,横田慎太郎,26,68,医師,京都府,Kyoto,Physician
2003713,酒井幸子,12,69,エンジニア,千葉県,Chiba,Engineer
2003714,前田智也,14,34,会社員,神奈川県,Kanagawa,Company employee
2003715,河野陸,22,44,漁業,静岡県,Shizuoka,Fisher
2003716,山本蓮,40,55,年金受給者,福岡県,Fukuoka,Pensioner
2003717,原裕子,13,24,会計士,東京都,Tokyo,Accountant
2003718,杉本航,31,50,販売員,鳥取県,Tottori,Retail staff
2003719,佐野蓮,34,54,漁業,広島県,Hiroshima,Fisher
2003720,中川悠斗,11,50,薬剤師,埼玉県,Saitama,Pharmacist
2003721,東葵,22,76,会計士,静岡県,Shizuoka,Accountant
2003722,加藤千尋,38,55,研究職,愛媛県,Ehime,Researcher
2003723,村上節子,13,64,薬剤師,東京都,Tokyo,Pharmacist
2003724,西村沙織,17,36,自営業,石川県,Ishikawa,Self-employed
2003725,竹内直美,34,30,主婦・主夫,広島県,Hiroshima,Homemaker
2003726,高木美咲,27,53,デザイナー,大阪府,Osaka,Designer
2003727,山口京子,4,31,保育士,宮城県,Miyagi,Childcare worker
2003728,安藤葵,12,57,弁護士,千葉県,Chiba,Lawyer
2003729,遠藤光,4,56,美容師,宮城県,Miyagi,Hairdresser
2003730,森拓也,11,33,その他,埼玉県,Saitama,Other
2003731,清水光,14,48,建築士,神奈川県,Kanagawa,Architect
2003732,野村慎太郎,11,60,教員,埼玉県,Saitama,Teacher
2003733,杉本大輝,12,57,建築士,千葉県,Chiba,Architect
2003734,白石智子,21,66,営業職,岐阜県,Gifu,Sales
2003735,野村愛,27,35,保育士,大阪府,Osaka,Childcare worker
2003736,岩崎光子,16,67,研究職,富山県,Toyama,Researcher
2003737,岡田雄大,40,54,保育士,福岡県,Fukuoka,Childcare worker
2003738,斉藤美穂,23,57,農業,愛知県,Aichi,Farmer
2003739,増田沙織,23,42,営業職,愛知県,Aichi,Sales
2003740,金子正樹,6,78,会計士,山形県,Yamagata,Accountant
2003741,森誠,12,58,主婦・主夫,千葉県,Chiba,Homemaker
2003742,坂本陸,31,41,会計士,鳥取県,Tottori,Accountant
2003743,青木七海,38,39,デザイナー,愛媛県,Ehime,Designer
2003744,藤本康平,3,69,会計士,岩手県,Iwate,Accountant
2003745,高木陽子,44,70,建築士,大分県,Oita,Architect
2003746,藤原真央,13,48,保育士,東京都,Tokyo,Childcare worker
2003747,山崎陸,35,41,営業職,山口県,Yamaguchi,Sales
2003748,武田彩,30,42,パート・アルバイト,和歌山県,Wakayama,Part-time worker
2003749,坂本健太,13,47,運転手,東京都,Tokyo,Driver
2003750,河野義明,21,59,営業職,岐阜県,Gifu,Sales
2003751,中川雄大,13,63,農業,東京都,Tokyo,Farmer
2003752,木下結衣,42,43,パート・アルバイト,長崎県,Nagasaki,Part-time worker
2003753,遠藤慎太郎,23,42,経理・財務,愛知県,Aichi,Accounting and finance
2003754,小島朱莉,13,68,会社員,東京都,Tokyo,Company employee
2003755,松岡京子,43,79,デザイナー,熊本県,Kumamoto,Designer
2003756,渡辺節子,20,24,会計士,長野県,Nagano,Accountant
2003757,田中駿,12,40,エンジニア,千葉県,Chiba,Engineer
2003758,山本美咲,12,38,コンサルタント,千葉県,Chiba,Consultant
2003759,小野孝之,9,55,教員,栃木県,Tochigi,Teacher
2003760,高木幸子,12,56,飲食業,千葉県,Chiba,Food service
2003761,中山翔太,5,42,販売員,秋田県,Akita,Retail staff
2003762,青木莉子,8,49,エンジニア,茨城県,Ibaraki,Engineer
2003763,田口亮,11,44,漁業,埼玉県,Saitama,Fisher
2003764,新井春香,11,27,建築士,埼玉県,Saitama,Architect
2003765,鈴木澪,27,50,弁護士,大阪府,Osaka,Lawyer
2003766,近藤博之,5,40,デザイナー,秋田県,Akita,Designer
2003767,谷口博之,12,40,公務員,千葉県,Chiba,Public servant
2003768,小野久美子,27,28,飲食業,大阪府,Osaka,Food service
2003769,篠原凛,42,42,看護師,長崎県,Nagasaki,Nurse
2003770,大西桜,28,34,会計士,兵庫県,Hyogo,Accountant
2003771,白石健太,7,74,漁業,福島県,Fukushima,Fisher
2003772,滝沢秀樹,11,45,弁護士,埼玉県,Saitama,Lawyer
2003773,岡本久美子,33,24,薬剤師,岡山県,Okayama,Pharmacist
2003774,中村直樹,23,55,研究職,愛知県,Aichi,Researcher
2003775,山本楓,11,64,保育士,埼玉県,Saitama,Childcare worker
2003776,高橋直美,29,37,美容師,奈良県,Nara,Hairdresser
2003777,森英樹,25,54,年金受給者,滋賀県,Shiga,Pensioner
2003778,内田香織,8,54,学生,茨城県,Ibaraki,Student
2003779,篠原雄大,27,36,運転手,大阪府,Osaka,Driver
2003780,山口祐樹,4,61,薬剤師,宮城県,Miyagi,Pharmacist
2003781,三浦駿,4,60,学生,宮城県,Miyagi,Student
2003782,横山亜希子,43,48,学生,熊本県,Kumamoto,Student
2003783,杉本大輝,11,65,運転手,埼玉県,Saitama,Driver
2003784,松田航,2,38,経理・財務,青森県,Aomori,Accounting and finance
2003785,石川博之,12,50,デザイナー,千葉県,Chiba,Designer
2003786,池田千尋,41,46,飲食業,佐賀県,Saga,Food service
2003787,山田啓介,34,79,会計士,広島県,Hiroshima,Accountant
2003788,村上誠,1,34,学生,北海道,Hokkaido,Student
2003789,田村桜,13,36,営業職,東京都,Tokyo,Sales
2003790,伊藤久美子,6,22,自営業,山形県,Yamagata,Self-employed
2003791,菊地克彦,22,68,看護師,静岡県,Shizuoka,Nurse
2003792,小林洋子,3,69,経理・財務,岩手県,Iwate,Accounting and finance
2003793,福田陸,13,46,営業職,東京都,Tokyo,Sales
2003794,岡田克彦,6,20,飲食業,山形県,Yamagata,Food service
2003795,斎藤節子,27,69,飲食業,大阪府,Osaka,Food service
2003796,柴田千尋,27,50,販売員,大阪府,Osaka,Retail staff
2003797,松井七海,22,43,建築士,静岡県,Shizuoka,Architect
2003798,高木志保,43,47,会計士,熊本県,Kumamoto,Accountant
2003799,横田秀樹,13,29,その他,東京都,Tokyo,Other
2003800,岡田啓介,27,25,デザイナー,大阪府,Osaka,Designer
2003801,村田光子,26,30,飲食業,京都府,Kyoto,Food service
2003802,加藤孝之,19,65,経理・財務,山梨県,Yamanashi,Accounting and finance
2003803,藤本莉子,14,46,漁業,神奈川県,Kanagawa,Fisher
2003804,遠藤莉子,11,43,教員,埼玉県,Saitama,Teacher
2003805,今井悠斗,39,37,看護師,高知県,Kochi,Nurse
2003806,西村康平,13,58,運転手,東京都,Tokyo,Driver
2003807,松井光,28,37,コンサルタント,兵庫県,Hyogo,Consultant
2003808,遠藤誠,12,44,主婦・主夫,千葉県,Chiba,Homemaker
2003809,高橋凛,13,56,営業職,東京都,Tokyo,Sales
2003810,上野和也,11,35,販売員,埼玉県,Saitama,Retail staff
2003811,小林七海,16,70,医師,富山県,Toyama,Physician
2003812,松本玲子,29,57,公務員,奈良県,Nara,Public servant
2003813,増田久美子,7,68,販売員,福島県,Fukushima,Retail staff
2003814,後藤澪,14,73,自営業,神奈川県,Kanagawa,Self-employed
2003815,佐々木拓也,42,43,経理・財務,長崎県,Nagasaki,Accounting and finance
2003816,久保美穂,22,55,その他,静岡県,Shizuoka,Other
2003817,中川典子,40,55,教員,福岡県,Fukuoka,Teacher
2003818,山崎孝之,28,39,美容師,兵庫県,Hyogo,Hairdresser
2003819,石川義明,1,36,デザイナー,北海道,Hokkaido,Designer
2003820,中野志保,17,32,営業職,石川県,Ishikawa,Sales
2003821,松尾慎太郎,3,45,会社員,岩手県,Iwate,Company employee
2003822,松岡駿,10,69,公務員,群馬県,Gunma,Public servant
2003823,大西和子,12,68,公務員,千葉県,Chiba,Public servant
2003824,小林雄大,13,28,自営業,東京都,Tokyo,Self-employed
2003825,岩崎亮,13,43,美容師,東京都,Tokyo,Hairdresser
2003826,藤原健太,40,32,その他,福岡県,Fukuoka,Other
2003827,佐藤春香,40,44,販売員,福岡県,Fukuoka,Retail staff
2003828,水野蓮,23,58,漁業,愛知県,Aichi,Fisher
2003829,青木智子,13,37,農業,東京都,Tokyo,Farmer
2003830,武田洋平,42,23,運転手,長崎県,Nagasaki,Driver
2003831,岡田志保,11,33,学生,埼玉県,Saitama,Student
2003832,清水慎太郎,13,46,営業職,東京都,Tokyo,Sales
2003833,大野悠人,1,45,エンジニア,北海道,Hokkaido,Engineer
2003834,西村義明,12,43,公務員,千葉県,Chiba,Public servant
2003835,中野恵,13,79,医師,東京都,Tokyo,Physician
2003836,藤田蓮,13,59,会計士,東京都,Tokyo,Accountant
2003837,武田大輝,22,28,会社員,静岡県,Shizuoka,Company employee
2003838,西村悠斗,14,51,年金受給者,神奈川県,Kanagawa,Pensioner
2003839,増田蓮,12,33,農業,千葉県,Chiba,Farmer
2003840,水野一郎,1,25,販売員,北海道,Hokkaido,Retail staff
2003841,山崎朱莉,11,35,薬剤師,埼玉県,Saitama,Pharmacist
2003842,竹内桜,38,40,弁護士,愛媛県,Ehime,Lawyer
2003843,竹内智也,42,49,弁護士,長崎県,Nagasaki,Lawyer
2003844,中山恵,28,36,エンジニア,兵庫県,Hyogo,Engineer
2003845,山本航,34,56,研究職,広島県,Hiroshima,Researcher
2003846,今井達也,27,53,運転手,大阪府,Osaka,Driver
2003847,河野哲也,11,65,コンサルタント,埼玉県,Saitama,Consultant
2003848,高田亮,47,37,エンジニア,沖縄県,Okinawa,Engineer
2003849,木村博之,23,25,エンジニア,愛知県,Aichi,Engineer
2003850,滝沢陽介,27,59,デザイナー,大阪府,Osaka,Designer
2003851,斉藤浩二,20,37,農業,長野県,Nagano,Farmer
2003852,野村沙織,20,36,弁護士,長野県,Nagano,Lawyer
2003853,中野慎太郎,31,32,エンジニア,鳥取県,Tottori,Engineer
2003854,渡辺洋平,8,50,研究職,茨城県,Ibaraki,Researcher
2003855,島田節子,14,48,年金受給者,神奈川県,Kanagawa,Pensioner
2003856,滝沢玲子,33,30,看護師,岡山県,Okayama,Nurse
2003857,上田直美,19,76,研究職,山梨県,Yamanashi,Researcher
2003858,木村大地,23,44,その他,愛知県,Aichi,Other
2003859,上田隆志,39,21,飲食業,高知県,Kochi,Food service
2003860,浜田陽介,27,55,飲食業,大阪府,Osaka,Food service
2003861,井上楓,27,62,公務員,大阪府,Osaka,Public servant
2003862,中村久美子,14,31,漁業,神奈川県,Kanagawa,Fisher
2003863,橋本健太,23,41,公務員,愛知県,Aichi,Public servant
2003864,福田文子,24,44,研究職,三重県,Mie,Researcher
2003865,渡部心春,40,54,デザイナー,福岡県,Fukuoka,Designer
2003866,木村祐樹,22,67,販売員,静岡県,Shizuoka,Retail staff
2003867,山口洋子,40,46,薬剤師,福岡県,Fukuoka,Pharmacist
2003868,松尾直樹,13,26,自営業,東京都,Tokyo,Self-employed
2003869,古川駿,19,62,主婦・主夫,山梨県,Yamanashi,Homemaker
2003870,小川将也,34,25,営業職,広島県,Hiroshima,Sales
2003871,橋本一郎,14,52,弁護士,神奈川県,Kanagawa,Lawyer
2003872,野村博之,27,69,エンジニア,大阪府,Osaka,Engineer
2003873,村田洋子,30,24,自営業,和歌山県,Wakayama,Self-employed
2003874,増田心春,40,57,運転手,福岡県,Fukuoka,Driver
2003875,木下哲也,39,45,公務員,高知県,Kochi,Public servant
2003876,鈴木朱莉,22,42,営業職,静岡県,Shizuoka,Sales
2003877,丸山正樹,23,44,飲食業,愛知県,Aichi,Food service
2003878,斎藤和也,14,35,保育士,神奈川県,Kanagawa,Childcare worker
2003879,太田将也,13,23,自営業,東京都,Tokyo,Self-employed
2003880,林誠,3,49,経理・財務,岩手県,Iwate,Accounting and finance
2003881,酒井大地,22,38,デザイナー,静岡県,Shizuoka,Designer
2003882,田中隆志,47,39,運転手,沖縄県,Okinawa,Driver
2003883,野村洋平,40,36,エンジニア,福岡県,Fukuoka,Engineer
2003884,池田智也,47,78,パート・アルバイト,沖縄県,Okinawa,Part-time worker
2003885,佐藤桜,12,21,薬剤師,千葉県,Chiba,Pharmacist
2003886,久保優,27,27,年金受給者,大阪府,Osaka,Pensioner
2003887,松井七海,14,67,看護師,神奈川県,Kanagawa,Nurse
2003888,佐々木典子,17,55,会社員,石川県,Ishikawa,Company employee
2003889,石田駿,8,42,飲食業,茨城県,Ibaraki,Food service
2003890,渡部秀樹,5,62,薬剤師,秋田県,Akita,Pharmacist
2003891,斉藤一郎,8,40,美容師,茨城県,Ibaraki,Hairdresser
2003892,小松莉子,9,30,学生,栃木県,Tochigi,Student
2003893,橋本凛,22,30,農業,静岡県,Shizuoka,Farmer
2003894,小野典子,11,34,販売員,埼玉県,Saitama,Retail staff
2003895,岩崎奈々,6,54,建築士,山形県,Yamagata,Architect
2003896,横田慎太郎,24,60,経理・財務,三重県,Mie,Accounting and finance
2003897,小野七海,38,56,飲食業,愛媛県,Ehime,Food service
2003898,松岡桜,27,49,飲食業,大阪府,Osaka,Food service
2003899,田口桜,40,48,建築士,福岡県,Fukuoka,Architect
2003900,佐藤凛,36,39,飲食業,徳島県,Tokushima,Food service
2003901,前田洋子,44,35,デザイナー,大分県,Oita,Designer
2003902,後藤真一,27,72,経理・財務,大阪府,Osaka,Accounting and finance
2003903,丸山誠,13,56,弁護士,東京都,Tokyo,Lawyer
2003904,安藤光,11,54,デザイナー,埼玉県,Saitama,Designer
2003905,工藤涼太,12,42,学生,千葉県,Chiba,Student
2003906,小島亜希子,9,36,販売員,栃木県,Tochigi,Retail staff
2003907,島田光,8,33,デザイナー,茨城県,Ibaraki,Designer
2003908,岡本博之,14,54,保育士,神奈川県,Kanagawa,Childcare worker
2003909,斎藤美咲,12,52,保育士,千葉県,Chiba,Childcare worker
2003910,飯田雄大,22,70,農業,静岡県,Shizuoka,Farmer
2003911,中川幸子,30,61,飲食業,和歌山県,Wakayama,Food service
2003912,山口雄大,2,35,保育士,青森県,Aomori,Childcare worker
2003913,森涼太,40,47,主婦・主夫,福岡県,Fukuoka,Homemaker
2003914,飯田直樹,1,62,美容師,北海道,Hokkaido,Hairdresser
2003915,加藤幸子,3,48,デザイナー,岩手県,Iwate,Designer
2003916,加藤健太,13,40,保育士,東京都,Tokyo,Childcare worker
2003917,岡本孝之,14,66,エンジニア,神奈川県,Kanagawa,Engineer
2003918,増田志保,1,53,その他,北海道,Hokkaido,Other
2003919,横田香織,27,47,美容師,大阪府,Osaka,Hairdresser
2003920,小川文子,10,30,年金受給者,群馬県,Gunma,Pensioner
2003921,増田光,18,44,飲食業,福井県,Fukui,Food service
2003922,小林節子,12,38,薬剤師,千葉県,Chiba,Pharmacist
2003923,鈴木陽子,13,45,会社員,東京都,Tokyo,Company employee
2003924,松井京子,6,59,パート・アルバイト,山形県,Yamagata,Part-time worker
2003925,野口拓也,14,38,自営業,神奈川県,Kanagawa,Self-employed
2003926,菅原涼太,14,37,デザイナー,神奈川県,Kanagawa,Designer
2003927,石川彩,23,69,農業,愛知県,Aichi,Farmer
2003928,柴田拓也,44,64,自営業,大分県,Oita,Self-employed
2003929,森田達也,36,54,薬剤師,徳島県,Tokushima,Pharmacist
2003930,安田駿,36,41,研究職,徳島県,Tokushima,Researcher
2003931,田村悠斗,23,55,看護師,愛知県,Aichi,Nurse
2003932,丸山文子,22,31,保育士,静岡県,Shizuoka,Childcare worker
2003933,阿部陽介,13,66,その他,東京都,Tokyo,Other
2003934,後藤浩二,35,31,建築士,山口県,Yamaguchi,Architect
2003935,宮崎美咲,8,53,デザイナー,茨城県,Ibaraki,Designer
2003936,岡本智也,27,34,デザイナー,大阪府,Osaka,Designer
2003937,清水文子,17,72,公務員,石川県,Ishikawa,Public servant
2003938,斎藤慎太郎,47,68,デザイナー,沖縄県,Okinawa,Designer
2003939,河野智子,40,45,営業職,福岡県,Fukuoka,Sales
2003940,近藤光,5,29,教員,秋田県,Akita,Teacher
2003941,中野由美,6,31,薬剤師,山形県,Yamagata,Pharmacist
2003942,阿部哲也,14,33,主婦・主夫,神奈川県,Kanagawa,Homemaker
2003943,山下美穂,6,39,建築士,山形県,Yamagata,Architect
2003944,杉山由美,13,31,デザイナー,東京都,Tokyo,Designer
2003945,白石祐樹,40,53,保育士,福岡県,Fukuoka,Childcare worker
2003946,岩崎達也,11,52,看護師,埼玉県,Saitama,Nurse
2003947,橋本真一,27,36,美容師,大阪府,Osaka,Hairdresser
2003948,武田航,13,44,看護師,東京都,Tokyo,Nurse
2003949,杉本恵,13,36,研究職,東京都,Tokyo,Researcher
2003950,内田裕子,39,60,医師,高知県,Kochi,Physician
2003951,千葉澪,47,31,営業職,沖縄県,Okinawa,Sales
2003952,原哲也,13,58,自営業,東京都,Tokyo,Self-employed
2003953,杉山愛,6,58,保育士,山形県,Yamagata,Childcare worker
2003954,清水香織,23,38,教員,愛知県,Aichi,Teacher
2003955,渡辺結衣,15,23,漁業,新潟県,Niigata,Fisher
2003956,福田大輝,13,48,建築士,東京都,Tokyo,Architect
2003957,柴田千尋,12,48,経理・財務,千葉県,Chiba,Accounting and finance
2003958,横山裕子,23,44,エンジニア,愛知県,Aichi,Engineer
2003959,福田久美子,28,62,教員,兵庫県,Hyogo,Teacher
2003960,加藤陸,6,33,デザイナー,山形県,Yamagata,Designer
2003961,柴田澪,11,36,運転手,埼玉県,Saitama,Driver
2003962,武田志保,13,21,教員,東京都,Tokyo,Teacher
2003963,渡辺達也,23,40,主婦・主夫,愛知県,Aichi,Homemaker
2003964,松岡和子,16,42,運転手,富山県,Toyama,Driver
2003965,島田真一,45,55,教員,宮崎県,Miyazaki,Teacher
2003966,青木朱莉,12,30,販売員,千葉県,Chiba,Retail staff
2003967,岡田博之,40,59,美容師,福岡県,Fukuoka,Hairdresser
2003968,岡田春香,12,40,デザイナー,千葉県,Chiba,Designer
2003969,関直美,19,75,営業職,山梨県,Yamanashi,Sales
2003970,小林真一,37,59,学生,香川県,Kagawa,Student
2003971,斎藤浩二,11,32,その他,埼玉県,Saitama,Other
2003972,太田心春,26,35,教員,京都府,Kyoto,Teacher
2003973,岡田翔太,1,31,医師,北海道,Hokkaido,Physician
2003974,内田達也,12,77,経理・財務,千葉県,Chiba,Accounting and finance
2003975,岡田芽衣,1,28,保育士,北海道,Hokkaido,Childcare worker
2003976,岡本愛,23,42,農業,愛知県,Aichi,Farmer
2003977,谷口恵,43,75,エンジニア,熊本県,Kumamoto,Engineer
2003978,佐野悠斗,39,22,弁護士,高知県,Kochi,Lawyer
2003979,東文子,23,64,会社員,愛知県,Aichi,Company employee
2003980,松井優,21,65,エンジニア,岐阜県,Gifu,Engineer
2003981,東直美,23,53,経理・財務,愛知県,Aichi,Accounting and finance
2003982,工藤千尋,11,63,経理・財務,埼玉県,Saitama,Accounting and finance
2003983,中島和子,14,79,学生,神奈川県,Kanagawa,Student
2003984,阿部結衣,12,59,教員,千葉県,Chiba,Teacher
2003985,関典子,40,21,薬剤師,福岡県,Fukuoka,Pharmacist
2003986,田村楓,12,43,保育士,千葉県,Chiba,Childcare worker
2003987,小川啓介,47,45,医師,沖縄県,Okinawa,Physician
2003988,高田直美,37,48,建築士,香川県,Kagawa,Architect
2003989,金子真一,12,27,薬剤師,千葉県,Chiba,Pharmacist
2003990,岩崎七海,24,44,美容師,三重県,Mie,Hairdresser
2003991,原田奈々,2,45,デザイナー,青森県,Aomori,Designer
2003992,田口楓,12,20,保育士,千葉県,Chiba,Childcare worker
2003993,山田航,33,38,主婦・主夫,岡山県,Okayama,Homemaker
2003994,岩崎玲子,11,56,営業職,埼玉県,Saitama,Sales
2003995,斎藤一郎,28,42,その他,兵庫県,Hyogo,Other
2003996,島田裕子,12,66,薬剤師,千葉県,Chiba,Pharmacist
2003997,菊地駿,13,55,教員,東京都,Tokyo,Teacher
2003998,河野由美,2,46,会社員,青森県,Aomori,Company employee
2003999,小林悠人,4,29,デザイナー,宮城県,Miyagi,Designer
2004000,清水英樹,30,70,エンジニア,和歌山県,Wakayama,Engineer
2004001,杉本智子,16,41,保育士,富山県,Toyama,Childcare worker
2004002,吉田澪,41,49,運転手,佐賀県,Saga,Driver
2004003,加藤陽介,13,40,美容師,東京都,Tokyo,Hairdresser
2004004,佐々木葵,1,34,会社員,北海道,Hokkaido,Company employee
2004005,横田志保,26,53,年金受給者,京都府,Kyoto,Pensioner
2004006,山口心春,11,42,美容師,埼玉県,Saitama,Hairdresser
2004007,武田和也,8,56,会社員,茨城県,Ibaraki,Company employee
2004008,山崎洋平,23,25,看護師,愛知県,Aichi,Nurse
2004009,原優,4,52,営業職,宮城県,Miyagi,Sales
2004010,藤井香織,17,38,研究職,石川県,Ishikawa,Researcher
2004011,田中孝之,28,47,弁護士,兵庫県,Hyogo,Lawyer
2004012,本田誠,13,68,コンサルタント,東京都,Tokyo,Consultant
2004013,田村哲也,28,38,美容師,兵庫県,Hyogo,Hairdresser
2004014,木下達也,19,33,販売員,山梨県,Yamanashi,Retail staff
2004015,大西京子,13,24,美容師,東京都,Tokyo,Hairdresser
2004016,篠原和子,12,71,弁護士,千葉県,Chiba,Lawyer
2004017,松岡光子,18,43,保育士,福井県,Fukui,Childcare worker
2004018,柴田大地,6,36,飲食業,山形県,Yamagata,Food service
2004019,安田奈々,17,36,教員,石川県,Ishikawa,Teacher
2004020,清水志保,27,36,保育士,大阪府,Osaka,Childcare worker
2004021,坂本大地,13,59,教員,東京都,Tokyo,Teacher
2004022,古川優,14,33,研究職,神奈川県,Kanagawa,Researcher
2004023,村田陽介,13,38,経理・財務,東京都,Tokyo,Accounting and finance
2004024,小林英樹,1,40,経理・財務,北海道,Hokkaido,Accounting and finance
2004025,山本悠人,40,38,会社員,福岡県,Fukuoka,Company employee
2004026,田村亮,10,43,漁業,群馬県,Gunma,Fisher
2004027,中野涼太,27,47,自営業,大阪府,Osaka,Self-employed
2004028,佐藤芽衣,12,52,パート・アルバイト,千葉県,Chiba,Part-time worker
2004029,小島澪,14,41,運転手,神奈川県,Kanagawa,Driver
2004030,三浦駿,25,38,主婦・主夫,滋賀県,Shiga,Homemaker
2004031,松岡啓介,14,28,営業職,神奈川県,Kanagawa,Sales
2004032,宮崎典子,11,43,薬剤師,埼玉県,Saitama,Pharmacist
2004033,久保哲也,13,54,販売員,東京都,Tokyo,Retail staff
2004034,小島涼太,4,31,学生,宮城県,Miyagi,Student
2004035,長谷川澪,13,42,会計士,東京都,Tokyo,Accountant
2004036,松尾香織,23,69,教員,愛知県,Aichi,Teacher
2004037,村田玲子,13,21,飲食業,東京都,Tokyo,Food service
2004038,杉本蓮,19,48,飲食業,山梨県,Yamanashi,Food service
2004039,森田志保,31,43,学生,鳥取県,Tottori,Student
2004040,岩崎裕子,13,69,販売員,東京都,Tokyo,Retail staff
2004041,原駿,20,64,美容師,長野県,Nagano,Hairdresser
2004042,佐々木直樹,40,40,営業職,福岡県,Fukuoka,Sales
2004043,加藤航,2,70,その他,青森県,Aomori,Other
2004044,浜田千尋,39,39,その他,高知県,Kochi,Other
2004045,後藤美穂,23,35,自営業,愛知県,Aichi,Self-employed
2004046,中川啓介,37,57,研究職,香川県,Kagawa,Researcher
2004047,竹内直樹,44,70,薬剤師,大分県,Oita,Pharmacist
2004048,河野駿,38,20,研究職,愛媛県,Ehime,Researcher
2004049,金子浩二,33,65,農業,岡山県,Okayama,Farmer
2004050,田村駿,18,74,教員,福井県,Fukui,Teacher
2004051,丸山康平,40,40,漁業,福岡県,Fukuoka,Fisher
2004052,木村愛,13,74,デザイナー,東京都,Tokyo,Designer
2004053,野口七海,8,39,飲食業,茨城県,Ibaraki,Food service
2004054,杉本桜,22,32,医師,静岡県,Shizuoka,Physician
2004055,島田悠斗,29,43,研究職,奈良県,Nara,Researcher
2004056,工藤玲子,22,68,デザイナー,静岡県,Shizuoka,Designer
2004057,横山大輝,13,63,弁護士,東京都,Tokyo,Lawyer
2004058,高田七海,40,42,営業職,福岡県,Fukuoka,Sales
2004059,松本愛,17,66,年金受給者,石川県,Ishikawa,Pensioner
2004060,河野達也,1,59,運転手,北海道,Hokkaido,Driver
2004061,小林由美,22,31,医師,静岡県,Shizuoka,Physician
2004062,後藤陽子,10,55,販売員,群馬県,Gunma,Retail staff
2004063,高橋洋平,14,46,コンサルタント,神奈川県,Kanagawa,Consultant
2004064,谷口陽介,44,44,医師,大分県,Oita,Physician
2004065,大塚一郎,12,46,建築士,千葉県,Chiba,Architect
2004066,前田美咲,27,30,建築士,大阪府,Osaka,Architect
2004067,山崎香織,12,42,農業,千葉県,Chiba,Farmer
2004068,村上一郎,19,24,研究職,山梨県,Yamanashi,Researcher
2004069,横山翔太,4,49,美容師,宮城県,Miyagi,Hairdresser
2004070,河野和也,3,34,会計士,岩手県,Iwate,Accountant
2004071,原幸子,47,45,学生,沖縄県,Okinawa,Student
2004072,篠原祐樹,4,43,学生,宮城県,Miyagi,Student
2004073,近藤奈々,14,53,主婦・主夫,神奈川県,Kanagawa,Homemaker
2004074,酒井啓介,35,58,看護師,山口県,Yamaguchi,Nurse
2004075,小松康平,33,30,営業職,岡山県,Okayama,Sales
2004076,坂本裕子,29,35,主婦・主夫,奈良県,Nara,Homemaker
2004077,田村真央,12,50,美容師,千葉県,Chiba,Hairdresser
2004078,浜田智也,32,47,会計士,島根県,Shimane,Accountant
2004079,杉本沙織,18,76,漁業,福井県,Fukui,Fisher
2004080,高橋陸,40,37,デザイナー,福岡県,Fukuoka,Designer
2004081,小野莉子,11,36,エンジニア,埼玉県,Saitama,Engineer
2004082,山田達也,20,46,建築士,長野県,Nagano,Architect
2004083,鈴木克彦,10,50,デザイナー,群馬県,Gunma,Designer
2004084,木村光,36,77,看護師,徳島県,Tokushima,Nurse
2004085,佐野和也,7,47,運転手,福島県,Fukushima,Driver
2004086,三浦翔太,28,47,漁業,兵庫県,Hyogo,Fisher
2004087,遠藤心春,42,42,運転手,長崎県,Nagasaki,Driver
2004088,杉本浩二,14,45,建築士,神奈川県,Kanagawa,Architect
2004089,藤本哲也,16,33,薬剤師,富山県,Toyama,Pharmacist
2004090,山本朱莉,27,31,運転手,大阪府,Osaka,Driver
2004091,橋本涼太,18,53,美容師,福井県,Fukui,Hairdresser
2004092,河野雄大,13,21,看護師,東京都,Tokyo,Nurse
2004093,今井誠,27,21,営業職,大阪府,Osaka,Sales
2004094,横田光,12,65,経理・財務,千葉県,Chiba,Accounting and finance
2004095,増田義明,24,47,会計士,三重県,Mie,Accountant
2004096,青木澪,34,56,教員,広島県,Hiroshima,Teacher
2004097,島田文子,22,78,コンサルタント,静岡県,Shizuoka,Consultant
2004098,藤田奈々,16,30,会計士,富山県,Toyama,Accountant
2004099,高田奈々,10,52,販売員,群馬県,Gunma,Retail staff
2004100,木下真央,12,58,学生,千葉県,Chiba,Student
2004101,松井航,12,47,自営業,千葉県,Chiba,Self-employed
2004102,谷口真一,8,58,販売員,茨城県,Ibaraki,Retail staff
2004103,杉山正樹,33,42,エンジニア,岡山県,Okayama,Engineer
2004104,杉山慎太郎,9,65,年金受給者,栃木県,Tochigi,Pensioner
2004105,武田由美,13,24,エンジニア,東京都,Tokyo,Engineer
2004106,新井志保,11,63,エンジニア,埼玉県,Saitama,Engineer
2004107,佐野志保,13,31,その他,東京都,Tokyo,Other
2004108,橋本正樹,14,56,経理・財務,神奈川県,Kanagawa,Accounting and finance
2004109,渡辺陽子,26,46,営業職,京都府,Kyoto,Sales
2004110,安田陽介,23,41,飲食業,愛知県,Aichi,Food service
2004111,大塚健太,27,45,看護師,大阪府,Osaka,Nurse
2004112,吉田光子,26,57,デザイナー,京都府,Kyoto,Designer
2004113,千葉隆志,45,30,漁業,宮崎県,Miyazaki,Fisher
2004114,清水愛,27,54,主婦・主夫,大阪府,Osaka,Homemaker
2004115,山下拓也,13,57,運転手,東京都,Tokyo,Driver
2004116,岩崎七海,12,50,看護師,千葉県,Chiba,Nurse
2004117,安田莉子,5,63,弁護士,秋田県,Akita,Lawyer
2004118,佐々木葵,44,31,漁業,大分県,Oita,Fisher
2004119,渡部隆志,1,46,運転手,北海道,Hokkaido,Driver
2004120,関航,4,44,研究職,宮城県,Miyagi,Researcher
2004121,山下博之,40,37,その他,福岡県,Fukuoka,Other
2004122,金子隆志,14,57,漁業,神奈川県,Kanagawa,Fisher
2004123,高木裕子,12,42,教員,千葉県,Chiba,Teacher
2004124,平野光子,25,73,販売員,滋賀県,Shiga,Retail staff
2004125,市川洋平,41,71,自営業,佐賀県,Saga,Self-employed
2004126,石井翔太,14,31,主婦・主夫,神奈川県,Kanagawa,Homemaker
2004127,東美咲,1,43,会社員,北海道,Hokkaido,Company employee
2004128,原田智也,35,47,保育士,山口県,Yamaguchi,Childcare worker
2004129,原田哲也,9,33,パート・アルバイト,栃木県,Tochigi,Part-time worker
2004130,平野義明,10,35,美容師,群馬県,Gunma,Hairdresser
2004131,近藤幸子,10,28,漁業,群馬県,Gunma,Fisher
2004132,丸山智也,37,37,主婦・主夫,香川県,Kagawa,Homemaker
2004133,長谷川健太,42,42,漁業,長崎県,Nagasaki,Fisher
2004134,高橋陽子,12,33,弁護士,千葉県,Chiba,Lawyer
2004135,田村美穂,23,33,美容師,愛知県,Aichi,Hairdresser
2004136,関由美,33,55,飲食業,岡山県,Okayama,Food service
2004137,上野桜,5,49,看護師,秋田県,Akita,Nurse
2004138,森七海,14,39,経理・財務,神奈川県,Kanagawa,Accounting and finance
2004139,前田和也,11,63,運転手,埼玉県,Saitama,Driver
2004140,石井恵,27,51,美容師,大阪府,Osaka,Hairdresser
2004141,岩崎健太,14,59,パート・アルバイト,神奈川県,Kanagawa,Part-time worker
2004142,安田朱莉,27,34,自営業,大阪府,Osaka,Self-employed
2004143,田口祐樹,14,37,弁護士,神奈川県,Kanagawa,Lawyer
2004144,石田春香,1,54,営業職,北海道,Hokkaido,Sales
2004145,松田光,11,45,その他,埼玉県,Saitama,Other
2004146,藤本京子,25,46,医師,滋賀県,Shiga,Physician
2004147,松尾亜希子,10,71,薬剤師,群馬県,Gunma,Pharmacist
2004148,酒井楓,22,32,弁護士,静岡県,Shizuoka,Lawyer
2004149,大塚瑞穂,11,59,保育士,埼玉県,Saitama,Childcare worker
2004150,野村優,27,29,建築士,大阪府,Osaka,Architect
2004151,斎藤彩,36,27,漁業,徳島県,Tokushima,Fisher
2004152,田村彩,23,33,エンジニア,愛知県,Aichi,Engineer
2004153,安藤祐樹,26,58,医師,京都府,Kyoto,Physician
2004154,木村直樹,14,40,コンサルタント,神奈川県,Kanagawa,Consultant
2004155,渡辺玲子,12,40,その他,千葉県,Chiba,Other
2004156,橋本雄大,18,37,エンジニア,福井県,Fukui,Engineer
2004157,安藤翔太,14,66,農業,神奈川県,Kanagawa,Farmer
2004158,松井智子,13,78,漁業,東京都,Tokyo,Fisher
2004159,山口哲也,1,24,販売員,北海道,Hokkaido,Retail staff
2004160,松井節子,43,47,経理・財務,熊本県,Kumamoto,Accounting and finance
2004161,大野孝之,7,47,コンサルタント,福島県,Fukushima,Consultant
2004162,加藤智子,13,44,公務員,東京都,Tokyo,Public servant
2004163,加藤陸,22,52,主婦・主夫,静岡県,Shizuoka,Homemaker
2004164,松本大地,13,40,営業職,東京都,Tokyo,Sales
2004165,村田康平,31,53,医師,鳥取県,Tottori,Physician
2004166,小松美穂,11,45,運転手,埼玉県,Saitama,Driver
2004167,岡本凛,10,49,公務員,群馬県,Gunma,Public servant
2004168,白石健太,13,34,学生,東京都,Tokyo,Student
2004169,谷口大輝,30,50,医師,和歌山県,Wakayama,Physician
2004170,中村大地,27,48,農業,大阪府,Osaka,Farmer
2004171,高橋裕子,12,74,経理・財務,千葉県,Chiba,Accounting and finance
2004172,木村悠人,44,40,農業,大分県,Oita,Farmer
2004173,中川亮,27,22,看護師,大阪府,Osaka,Nurse
2004174,上田朱莉,13,49,学生,東京都,Tokyo,Student
2004175,浜田優,23,53,美容師,愛知県,Aichi,Hairdresser
2004176,内田浩二,23,33,学生,愛知県,Aichi,Student
2004177,河野誠,23,42,主婦・主夫,愛知県,Aichi,Homemaker
2004178,中野孝之,23,41,パート・アルバイト,愛知県,Aichi,Part-time worker
2004179,村田恵,11,39,教員,埼玉県,Saitama,Teacher
2004180,藤原大地,23,40,漁業,愛知県,Aichi,Fisher
2004181,山口亮,27,39,コンサルタント,大阪府,Osaka,Consultant
2004182,中山真一,14,30,コンサルタント,神奈川県,Kanagawa,Consultant
2004183,森田孝之,31,21,教員,鳥取県,Tottori,Teacher
2004184,滝沢沙織,37,45,その他,香川県,Kagawa,Other
2004185,渡部芽衣,1,55,公務員,北海道,Hokkaido,Public servant
2004186,山田英樹,16,32,その他,富山県,Toyama,Other
2004187,野口一郎,22,43,飲食業,静岡県,Shizuoka,Food service
2004188,市川悠斗,8,41,経理・財務,茨城県,Ibaraki,Accounting and finance
2004189,井上桜,14,41,農業,神奈川県,Kanagawa,Farmer
2004190,村上優,11,40,看護師,埼玉県,Saitama,Nurse
2004191,渡辺凛,12,25,営業職,千葉県,Chiba,Sales
2004192,山本和子,3,57,エンジニア,岩手県,Iwate,Engineer
2004193,宮崎愛,34,43,薬剤師,広島県,Hiroshima,Pharmacist
2004194,山口航,11,58,販売員,埼玉県,Saitama,Retail staff
2004195,原田洋子,12,76,薬剤師,千葉県,Chiba,Pharmacist
2004196,森京子,27,37,弁護士,大阪府,Osaka,Lawyer
2004197,河野祐樹,32,35,営業職,島根県,Shimane,Sales
2004198,太田千尋,27,53,弁護士,大阪府,Osaka,Lawyer
2004199,今井美穂,13,35,看護師,東京都,Tokyo,Nurse
2004200,千葉大輝,4,40,保育士,宮城県,Miyagi,Childcare worker
2004201,桜井七海,1,38,教員,北海道,Hokkaido,Teacher
2004202,河野由美,6,68,飲食業,山形県,Yamagata,Food service
2004203,原田結衣,12,44,教員,千葉県,Chiba,Teacher
2004204,篠原哲也,27,39,研究職,大阪府,Osaka,Researcher
2004205,飯田健太,27,68,薬剤師,大阪府,Osaka,Pharmacist
2004206,藤田達也,13,40,教員,東京都,Tokyo,Teacher
2004207,中川駿,46,39,経理・財務,鹿児島県,Kagoshima,Accounting and finance
2004208,松岡博之,36,40,経理・財務,徳島県,Tokushima,Accounting and finance
2004209,河野智也,13,66,研究職,東京都,Tokyo,Researcher
2004210,近藤直美,38,24,弁護士,愛媛県,Ehime,Lawyer
2004211,横山博之,1,60,薬剤師,北海道,Hokkaido,Pharmacist
2004212,中山朱莉,47,48,教員,沖縄県,Okinawa,Teacher
2004213,小島光子,28,22,看護師,兵庫県,Hyogo,Nurse
2004214,大西芽衣,33,50,美容師,岡山県,Okayama,Hairdresser
2004215,岡田健太,23,26,主婦・主夫,愛知県,Aichi,Homemaker
2004216,三浦直樹,23,54,会計士,愛知県,Aichi,Accountant
2004217,加藤智子,8,39,営業職,茨城県,Ibaraki,Sales
2004218,古川健太,23,69,保育士,愛知県,Aichi,Childcare worker
2004219,安藤秀樹,11,71,デザイナー,埼玉県,Saitama,Designer
2004220,村上玲子,27,29,建築士,大阪府,Osaka,Architect
2004221,松尾久美子,13,38,主婦・主夫,東京都,Tokyo,Homemaker
2004222,横田英樹,44,38,自営業,大分県,Oita,Self-employed
2004223,横田裕子,38,37,公務員,愛媛県,Ehime,Public servant
2004224,河野裕子,21,35,主婦・主夫,岐阜県,Gifu,Homemaker
2004225,藤本七海,25,57,研究職,滋賀県,Shiga,Researcher
2004226,石井亮,12,39,パート・アルバイト,千葉県,Chiba,Part-time worker
2004227,渡部克彦,24,59,デザイナー,三重県,Mie,Designer
2004228,森田心春,26,77,販売員,京都府,Kyoto,Retail staff
2004229,上野結衣,14,38,自営業,神奈川県,Kanagawa,Self-employed
2004230,安田莉子,1,39,建築士,北海道,Hokkaido,Architect
2004231,安藤洋子,19,56,保育士,山梨県,Yamanashi,Childcare worker
2004232,藤原美穂,1,40,美容師,北海道,Hokkaido,Hairdresser
2004233,松井千尋,19,35,エンジニア,山梨県,Yamanashi,Engineer
2004234,松井美穂,12,44,営業職,千葉県,Chiba,Sales
2004235,藤原美穂,23,54,自営業,愛知県,Aichi,Self-employed
2004236,林結衣,11,54,その他,埼玉県,Saitama,Other
2004237,東翔太,6,41,デザイナー,山形県,Yamagata,Designer
2004238,浜田凛,22,43,営業職,静岡県,Shizuoka,Sales
2004239,酒井光子,1,46,主婦・主夫,北海道,Hokkaido,Homemaker
2004240,金子和子,12,59,会計士,千葉県,Chiba,Accountant
2004241,中島楓,33,44,医師,岡山県,Okayama,Physician
2004242,阿部将也,35,50,経理・財務,山口県,Yamaguchi,Accounting and finance
2004243,柴田恵,23,34,研究職,愛知県,Aichi,Researcher
2004244,山口節子,1,24,デザイナー,北海道,Hokkaido,Designer
2004245,渡辺志保,26,57,主婦・主夫,京都府,Kyoto,Homemaker
2004246,三浦悠人,14,46,主婦・主夫,神奈川県,Kanagawa,Homemaker
2004247,高田浩二,27,43,看護師,大阪府,Osaka,Nurse
2004248,青木翔太,1,57,薬剤師,北海道,Hokkaido,Pharmacist
2004249,古川直樹,11,52,営業職,埼玉県,Saitama,Sales
2004250,太田悠人,13,61,会計士,東京都,Tokyo,Accountant
2004251,浜田和也,34,52,建築士,広島県,Hiroshima,Architect
2004252,佐々木駿,23,59,農業,愛知県,Aichi,Farmer
2004253,関直美,38,29,コンサルタント,愛媛県,Ehime,Consultant
2004254,中山陸,46,55,公務員,鹿児島県,Kagoshima,Public servant
2004255,木村洋平,13,32,エンジニア,東京都,Tokyo,Engineer
2004256,松尾誠,33,60,年金受給者,岡山県,Okayama,Pensioner
2004257,中川秀樹,5,47,美容師,秋田県,Akita,Hairdresser
2004258,藤原美穂,13,58,年金受給者,東京都,Tokyo,Pensioner
2004259,三浦真央,42,57,漁業,長崎県,Nagasaki,Fisher
2004260,上田芽衣,11,57,コンサルタント,埼玉県,Saitama,Consultant
2004261,青木悠人,7,43,弁護士,福島県,Fukushima,Lawyer
2004262,岩崎洋平,3,41,薬剤師,岩手県,Iwate,Pharmacist
2004263,田中沙織,6,46,教員,山形県,Yamagata,Teacher
2004264,高橋直美,34,42,デザイナー,広島県,Hiroshima,Designer
2004265,坂本雄大,24,39,自営業,三重県,Mie,Self-employed
2004266,岡田京子,23,49,営業職,愛知県,Aichi,Sales
2004267,工藤春香,3,22,主婦・主夫,岩手県,Iwate,Homemaker
2004268,田村一郎,30,35,コンサルタント,和歌山県,Wakayama,Consultant
2004269,小川真一,27,72,農業,大阪府,Osaka,Farmer
2004270,柴田祐樹,40,54,弁護士,福岡県,Fukuoka,Lawyer
2004271,今井沙織,25,45,販売員,滋賀県,Shiga,Retail staff
2004272,高田洋子,41,72,販売員,佐賀県,Saga,Retail staff
2004273,滝沢陽子,22,52,パート・アルバイト,静岡県,Shizuoka,Part-time worker
2004274,木村葵,23,52,経理・財務,愛知県,Aichi,Accounting and finance
2004275,千葉克彦,13,49,弁護士,東京都,Tokyo,Lawyer
2004276,白石洋平,8,47,美容師,茨城県,Ibaraki,Hairdresser
2004277,横田陽子,13,20,学生,東京都,Tokyo,Student
2004278,西村志保,28,33,農業,兵庫県,Hyogo,Farmer
2004279,松井莉子,1,49,漁業,北海道,Hokkaido,Fisher
2004280,小野祐樹,31,31,主婦・主夫,鳥取県,Tottori,Homemaker
2004281,田村蓮,14,25,漁業,神奈川県,Kanagawa,Fisher
2004282,鈴木春香,22,49,漁業,静岡県,Shizuoka,Fisher
2004283,西村凛,40,32,農業,福岡県,Fukuoka,Farmer
2004284,岩崎陽子,28,79,漁業,兵庫県,Hyogo,Fisher
2004285,森由美,1,35,学生,北海道,Hokkaido,Student
2004286,武田誠,13,27,主婦・主夫,東京都,Tokyo,Homemaker
2004287,鈴木陽介,6,40,運転手,山形県,Yamagata,Driver
2004288,加藤玲子,1,79,会計士,北海道,Hokkaido,Accountant
2004289,坂本真一,19,76,農業,山梨県,Yamanashi,Farmer
2004290,松尾隆志,11,32,その他,埼玉県,Saitama,Other
2004291,原悠人,24,26,その他,三重県,Mie,Other
2004292,石田康平,25,42,コンサルタント,滋賀県,Shiga,Consultant
2004293,中村恵,11,30,建築士,埼玉県,Saitama,Architect
2004294,篠原正樹,1,48,建築士,北海道,Hokkaido,Architect
2004295,藤田心春,13,36,弁護士,東京都,Tokyo,Lawyer
2004296,千葉京子,1,40,漁業,北海道,Hokkaido,Fisher
2004297,白石久美子,9,23,飲食業,栃木県,Tochigi,Food service
2004298,高木心春,11,47,営業職,埼玉県,Saitama,Sales
2004299,山本美穂,11,51,コンサルタント,埼玉県,Saitama,Consultant
2004300,渡部達也,35,32,漁業,山口県,Yamaguchi,Fisher
2004301,新井光子,13,43,保育士,東京都,Tokyo,Childcare worker
2004302,大野哲也,11,53,美容師,埼玉県,Saitama,Hairdresser
2004303,松岡浩二,22,65,会計士,静岡県,Shizuoka,Accountant
2004304,佐野美穂,7,34,教員,福島県,Fukushima,Teacher
2004305,林文子,26,49,弁護士,京都府,Kyoto,Lawyer
2004306,渡辺亜希子,39,47,販売員,高知県,Kochi,Retail staff
2004307,高木真央,28,35,運転手,兵庫県,Hyogo,Driver
2004308,吉田康平,13,35,会計士,東京都,Tokyo,Accountant
2004309,木村浩二,13,62,デザイナー,東京都,Tokyo,Designer
2004310,和田浩二,27,75,エンジニア,大阪府,Osaka,Engineer
2004311,前田瑞穂,27,37,販売員,大阪府,Osaka,Retail staff
2004312,古川結衣,23,21,デザイナー,愛知県,Aichi,Designer
2004313,松井葵,13,39,公務員,東京都,Tokyo,Public servant
2004314,小林香織,3,44,デザイナー,岩手県,Iwate,Designer
2004315,島田正樹,1,76,飲食業,北海道,Hokkaido,Food service
2004316,山口凛,36,65,飲食業,徳島県,Tokushima,Food service
2004317,久保祐樹,11,46,建築士,埼玉県,Saitama,Architect
2004318,竹内洋子,23,48,公務員,愛知県,Aichi,Public servant
2004319,吉田悠人,23,59,自営業,愛知県,Aichi,Self-employed
2004320,後藤典子,14,41,主婦・主夫,神奈川県,Kanagawa,Homemaker
2004321,白石孝之,40,41,経理・財務,福岡県,Fukuoka,Accounting and finance
2004322,木下哲也,27,48,経理・財務,大阪府,Osaka,Accounting and finance
2004323,柴田悠人,35,69,会計士,山口県,Yamaguchi,Accountant
2004324,今井啓介,2,39,看護師,青森県,Aomori,Nurse
2004325,加藤洋子,35,74,自営業,山口県,Yamaguchi,Self-employed
2004326,斉藤久美子,35,35,建築士,山口県,Yamaguchi,Architect
2004327,小野和也,46,56,学生,鹿児島県,Kagoshima,Student
2004328,杉山雄大,28,40,経理・財務,兵庫県,Hyogo,Accounting and finance
2004329,西村啓介,13,43,漁業,東京都,Tokyo,Fisher
2004330,高田秀樹,27,35,学生,大阪府,Osaka,Student
2004331,島田愛,14,46,会社員,神奈川県,Kanagawa,Company employee
2004332,小川亜希子,18,47,美容師,福井県,Fukui,Hairdresser
2004333,松井桜,13,33,会社員,東京都,Tokyo,Company employee
2004334,原田洋子,5,36,学生,秋田県,Akita,Student
2004335,斉藤健太,12,26,農業,千葉県,Chiba,Farmer
2004336,白石光子,22,51,会社員,静岡県,Shizuoka,Company employee
2004337,佐野真央,15,21,販売員,新潟県,Niigata,Retail staff
2004338,山本英樹,12,69,パート・アルバイト,千葉県,Chiba,Part-time worker
2004339,岩崎裕子,14,40,農業,神奈川県,Kanagawa,Farmer
2004340,池田春香,1,21,運転手,北海道,Hokkaido,Driver
2004341,池田雄大,13,67,営業職,東京都,Tokyo,Sales
2004342,藤本一郎,11,31,弁護士,埼玉県,Saitama,Lawyer
2004343,伊藤亜希子,23,30,飲食業,愛知県,Aichi,Food service
2004344,斉藤浩二,11,48,学生,埼玉県,Saitama,Student
2004345,古川彩,15,25,公務員,新潟県,Niigata,Public servant
2004346,安藤智子,28,30,美容師,兵庫県,Hyogo,Hairdresser
2004347,西村浩二,14,26,エンジニア,神奈川県,Kanagawa,Engineer
2004348,池田翔太,45,68,公務員,宮崎県,Miyazaki,Public servant
2004349,丸山瑞穂,27,52,会社員,大阪府,Osaka,Company employee
2004350,横山洋平,23,53,美容師,愛知県,Aichi,Hairdresser
2004351,水野康平,5,30,学生,秋田県,Akita,Student
2004352,山田悠人,11,30,建築士,埼玉県,Saitama,Architect
2004353,佐野克彦,40,41,主婦・主夫,福岡県,Fukuoka,Homemaker
2004354,藤原翔太,8,46,弁護士,茨城県,Ibaraki,Lawyer
2004355,三浦智也,44,30,建築士,大分県,Oita,Architect
2004356,大西雄大,22,29,年金受給者,静岡県,Shizuoka,Pensioner
2004357,柴田由美,19,37,その他,山梨県,Yamanashi,Other
2004358,高田涼太,31,21,飲食業,鳥取県,Tottori,Food service
2004359,上田駿,11,59,薬剤師,埼玉県,Saitama,Pharmacist
2004360,中島芽衣,27,46,コンサルタント,大阪府,Osaka,Consultant
2004361,大塚文子,27,33,パート・アルバイト,大阪府,Osaka,Part-time worker
2004362,斎藤真央,10,49,弁護士,群馬県,Gunma,Lawyer
2004363,大西幸子,33,35,運転手,岡山県,Okayama,Driver
2004364,小野美咲,41,42,年金受給者,佐賀県,Saga,Pensioner
2004365,松尾智子,20,44,漁業,長野県,Nagano,Fisher
2004366,千葉哲也,46,46,会計士,鹿児島県,Kagoshima,Accountant
2004367,石川美咲,27,46,保育士,大阪府,Osaka,Childcare worker
2004368,青木浩二,16,36,研究職,富山県,Toyama,Researcher
2004369,桜井心春,20,56,建築士,長野県,Nagano,Architect
2004370,平野和也,27,34,漁業,大阪府,Osaka,Fisher
2004371,石川将也,33,41,年金受給者,岡山県,Okayama,Pensioner
2004372,松尾大地,27,21,医師,大阪府,Osaka,Physician
2004373,今井浩二,47,49,漁業,沖縄県,Okinawa,Fisher
2004374,武田直美,1,31,その他,北海道,Hokkaido,Other
2004375,浜田陽子,27,35,主婦・主夫,大阪府,Osaka,Homemaker
2004376,菅原凛,22,60,美容師,静岡県,Shizuoka,Hairdresser
2004377,浜田京子,36,57,農業,徳島県,Tokushima,Farmer
2004378,宮崎陽介,20,21,自営業,長野県,Nagano,Self-employed
2004379,大塚達也,25,76,飲食業,滋賀県,Shiga,Food service
2004380,野村康平,23,31,漁業,愛知県,Aichi,Fisher
2004381,藤本真一,33,40,自営業,岡山県,Okayama,Self-employed
2004382,渡辺奈々,1,41,会計士,北海道,Hokkaido,Accountant
2004383,前田大輝,9,51,エンジニア,栃木県,Tochigi,Engineer
2004384,上野裕子,25,44,医師,滋賀県,Shiga,Physician
2004385,野口駿,40,78,看護師,福岡県,Fukuoka,Nurse
2004386,中村涼太,24,39,自営業,三重県,Mie,Self-employed
2004387,山田啓介,1,56,経理・財務,北海道,Hokkaido,Accounting and finance
2004388,遠藤智子,1,45,美容師,北海道,Hokkaido,Hairdresser
2004389,滝沢久美子,44,37,薬剤師,大分県,Oita,Pharmacist
2004390,田口真央,27,35,運転手,大阪府,Osaka,Driver
2004391,橋本節子,6,27,建築士,山形県,Yamagata,Architect
2004392,遠藤航,11,57,運転手,埼玉県,Saitama,Driver
2004393,岡本航,25,65,その他,滋賀県,Shiga,Other
2004394,上野克彦,22,59,運転手,静岡県,Shizuoka,Driver
2004395,市川典子,15,24,経理・財務,新潟県,Niigata,Accounting and finance
2004396,石川将也,17,34,看護師,石川県,Ishikawa,Nurse
2004397,森航,13,34,農業,東京都,Tokyo,Farmer
2004398,安田直美,12,31,主婦・主夫,千葉県,Chiba,Homemaker
2004399,上田啓介,43,30,漁業,熊本県,Kumamoto,Fisher
2004400,前田祐樹,7,78,営業職,福島県,Fukushima,Sales
2004401,水野啓介,23,22,パート・アルバイト,愛知県,Aichi,Part-time worker
2004402,田村誠,12,30,自営業,千葉県,Chiba,Self-employed
2004403,宮崎一郎,27,57,営業職,大阪府,Osaka,Sales
2004404,杉本京子,11,53,学生,埼玉県,Saitama,Student
2004405,本田誠,14,45,農業,神奈川県,Kanagawa,Farmer
2004406,久保幸子,27,52,経理・財務,大阪府,Osaka,Accounting and finance
2004407,佐野美咲,19,25,エンジニア,山梨県,Yamanashi,Engineer
2004408,滝沢典子,10,31,弁護士,群馬県,Gunma,Lawyer
2004409,原直美,3,22,コンサルタント,岩手県,Iwate,Consultant
2004410,本田久美子,27,53,公務員,大阪府,Osaka,Public servant
2004411,長谷川千尋,29,42,エンジニア,奈良県,Nara,Engineer
2004412,池田朱莉,13,58,運転手,東京都,Tokyo,Driver
2004413,上野義明,29,46,主婦・主夫,奈良県,Nara,Homemaker
2004414,宮崎克彦,22,47,漁業,静岡県,Shizuoka,Fisher
2004415,山本亜希子,12,53,公務員,千葉県,Chiba,Public servant
2004416,古川美咲,11,31,デザイナー,埼玉県,Saitama,Designer
2004417,林楓,3,59,看護師,岩手県,Iwate,Nurse
2004418,加藤慎太郎,27,60,農業,大阪府,Osaka,Farmer
2004419,松井和也,12,60,運転手,千葉県,Chiba,Driver
2004420,松岡大地,14,57,デザイナー,神奈川県,Kanagawa,Designer
2004421,安藤美咲,40,28,販売員,福岡県,Fukuoka,Retail staff
2004422,篠原亜希子,23,23,医師,愛知県,Aichi,Physician
2004423,村田澪,13,36,販売員,東京都,Tokyo,Retail staff
2004424,佐野涼太,14,33,美容師,神奈川県,Kanagawa,Hairdresser
2004425,桜井悠人,14,45,会社員,神奈川県,Kanagawa,Company employee
2004426,加藤達也,40,60,パート・アルバイト,福岡県,Fukuoka,Part-time worker
2004427,山口達也,27,43,コンサルタント,大阪府,Osaka,Consultant
2004428,岡本美咲,39,38,美容師,高知県,Kochi,Hairdresser
2004429,中山啓介,11,63,運転手,埼玉県,Saitama,Driver
2004430,近藤葵,14,50,漁業,神奈川県,Kanagawa,Fisher
2004431,島田真一,13,53,漁業,東京都,Tokyo,Fisher
2004432,斎藤和也,41,48,看護師,佐賀県,Saga,Nurse
2004433,山本拓也,23,60,弁護士,愛知県,Aichi,Lawyer
2004434,藤田和也,28,72,建築士,兵庫県,Hyogo,Architect
2004435,石田大輝,5,42,年金受給者,秋田県,Akita,Pensioner
2004436,小川美穂,1,44,農業,北海道,Hokkaido,Farmer
2004437,小川慎太郎,12,56,飲食業,千葉県,Chiba,Food service
2004438,阿部哲也,46,36,販売員,鹿児島県,Kagoshima,Retail staff
2004439,安田恵,7,63,教員,福島県,Fukushima,Teacher
2004440,酒井陸,27,39,会社員,大阪府,Osaka,Company employee
2004441,斎藤亮,14,57,美容師,神奈川県,Kanagawa,Hairdresser
2004442,中川蓮,13,44,農業,東京都,Tokyo,Farmer
2004443,藤井雄大,23,50,医師,愛知県,Aichi,Physician
2004444,杉山直樹,25,50,研究職,滋賀県,Shiga,Researcher
2004445,前田莉子,46,46,経理・財務,鹿児島県,Kagoshima,Accounting and finance
2004446,高木節子,33,34,美容師,岡山県,Okayama,Hairdresser
2004447,藤井浩二,33,31,コンサルタント,岡山県,Okayama,Consultant
2004448,渡辺義明,13,26,医師,東京都,Tokyo,Physician
2004449,高橋幸子,14,35,看護師,神奈川県,Kanagawa,Nurse
2004450,杉本香織,25,57,薬剤師,滋賀県,Shiga,Pharmacist
2004451,野村陸,4,53,保育士,宮城県,Miyagi,Childcare worker
2004452,森田春香,25,28,教員,滋賀県,Shiga,Teacher
2004453,宮本一郎,18,43,主婦・主夫,福井県,Fukui,Homemaker
2004454,中村美穂,13,55,弁護士,東京都,Tokyo,Lawyer
2004455,大西朱莉,14,22,漁業,神奈川県,Kanagawa,Fisher
2004456,中山和子,10,54,会計士,群馬県,Gunma,Accountant
2004457,柴田結衣,14,52,公務員,神奈川県,Kanagawa,Public servant
2004458,小川芽衣,24,59,パート・アルバイト,三重県,Mie,Part-time worker
2004459,大塚愛,21,64,弁護士,岐阜県,Gifu,Lawyer
2004460,岡田優,41,52,農業,佐賀県,Saga,Farmer
2004461,内田涼太,10,35,自営業,群馬県,Gunma,Self-employed
2004462,池田誠,40,53,研究職,福岡県,Fukuoka,Researcher
2004463,中村真央,1,41,建築士,北海道,Hokkaido,Architect
2004464,増田志保,19,59,販売員,山梨県,Yamanashi,Retail staff
2004465,藤原愛,22,40,自営業,静岡県,Shizuoka,Self-employed
2004466,平野直美,11,74,看護師,埼玉県,Saitama,Nurse
2004467,小島祐樹,13,55,会社員,東京都,Tokyo,Company employee
2004468,岩崎正樹,22,34,看護師,静岡県,Shizuoka,Nurse
2004469,宮本真央,18,41,会計士,福井県,Fukui,Accountant
2004470,前田奈々,14,29,研究職,神奈川県,Kanagawa,Researcher
2004471,松岡沙織,13,46,運転手,東京都,Tokyo,Driver
2004472,宮本大地,28,37,美容師,兵庫県,Hyogo,Hairdresser
2004473,谷口愛,23,39,保育士,愛知県,Aichi,Childcare worker
2004474,山本健太,4,35,学生,宮城県,Miyagi,Student
2004475,篠原由美,14,28,営業職,神奈川県,Kanagawa,Sales
2004476,清水和子,11,47,販売員,埼玉県,Saitama,Retail staff
2004477,古川克彦,16,33,弁護士,富山県,Toyama,Lawyer
2004478,岡本誠,15,46,販売員,新潟県,Niigata,Retail staff
2004479,藤原直樹,10,66,運転手,群馬県,Gunma,Driver
2004480,新井真一,14,34,農業,神奈川県,Kanagawa,Farmer
2004481,大西洋子,10,29,運転手,群馬県,Gunma,Driver
2004482,松田和也,22,64,弁護士,静岡県,Shizuoka,Lawyer
2004483,佐藤智子,22,59,年金受給者,静岡県,Shizuoka,Pensioner
2004484,中野陽子,11,62,パート・アルバイト,埼玉県,Saitama,Part-time worker
2004485,太田志保,23,55,研究職,愛知県,Aichi,Researcher
2004486,森田朱莉,33,27,販売員,岡山県,Okayama,Retail staff
2004487,杉山七海,46,43,経理・財務,鹿児島県,Kagoshima,Accounting and finance
2004488,丸山真央,14,51,年金受給者,神奈川県,Kanagawa,Pensioner
2004489,山下英樹,10,42,農業,群馬県,Gunma,Farmer
2004490,吉田義明,38,64,飲食業,愛媛県,Ehime,Food service
2004491,高田節子,40,62,エンジニア,福岡県,Fukuoka,Engineer
2004492,田口光,40,40,学生,福岡県,Fukuoka,Student
2004493,横山幸子,28,61,会計士,兵庫県,Hyogo,Accountant
2004494,丸山千尋,1,59,薬剤師,北海道,Hokkaido,Pharmacist
2004495,山田大地,40,61,販売員,福岡県,Fukuoka,Retail staff
2004496,太田結衣,43,56,その他,熊本県,Kumamoto,Other
2004497,小野玲子,37,34,会計士,香川県,Kagawa,Accountant
2004498,大野大地,6,48,美容師,山形県,Yamagata,Hairdresser
2004499,三浦澪,13,31,看護師,東京都,Tokyo,Nurse
2004500,渡辺優,23,64,美容師,愛知県,Aichi,Hairdresser
2004501,三浦隆志,9,74,美容師,栃木県,Tochigi,Hairdresser
2004502,白石涼太,11,43,学生,埼玉県,Saitama,Student
2004503,渡辺和也,13,47,主婦・主夫,東京都,Tokyo,Homemaker
2004504,野村康平,14,68,その他,神奈川県,Kanagawa,Other
2004505,斎藤和子,6,54,飲食業,山形県,Yamagata,Food service
2004506,星野幸子,47,49,経理・財務,沖縄県,Okinawa,Accounting and finance
2004507,青木陽介,12,45,経理・財務,千葉県,Chiba,Accounting and finance
2004508,伊藤七海,27,52,教員,大阪府,Osaka,Teacher
2004509,河野優,12,64,エンジニア,千葉県,Chiba,Engineer
2004510,藤原陸,28,51,教員,兵庫県,Hyogo,Teacher
2004511,太田智也,11,30,教員,埼玉県,Saitama,Teacher
2004512,佐野澪,13,51,看護師,東京都,Tokyo,Nurse
2004513,石田陸,30,67,医師,和歌山県,Wakayama,Physician
2004514,小松文子,23,48,会計士,愛知県,Aichi,Accountant
2004515,中島久美子,12,56,公務員,千葉県,Chiba,Public servant
2004516,前田康平,27,69,エンジニア,大阪府,Osaka,Engineer
2004517,石井航,47,59,学生,沖縄県,Okinawa,Student
2004518,高田翔太,13,29,飲食業,東京都,Tokyo,Food service
2004519,村上智也,23,59,飲食業,愛知県,Aichi,Food service
2004520,増田真央,42,50,飲食業,長崎県,Nagasaki,Food service
2004521,佐藤澪,28,52,営業職,兵庫県,Hyogo,Sales
2004522,福田悠人,12,73,学生,千葉県,Chiba,Student
2004523,橋本博之,13,63,コンサルタント,東京都,Tokyo,Consultant
2004524,大野智子,18,65,年金受給者,福井県,Fukui,Pensioner
2004525,竹内恵,22,58,薬剤師,静岡県,Shizuoka,Pharmacist
2004526,山本駿,25,28,公務員,滋賀県,Shiga,Public servant
2004527,遠藤翔太,12,41,飲食業,千葉県,Chiba,Food service
2004528,三浦莉子,10,43,農業,群馬県,Gunma,Farmer
2004529,吉田志保,10,37,農業,群馬県,Gunma,Farmer
2004530,小野瑞穂,12,54,保育士,千葉県,Chiba,Childcare worker
2004531,藤原直樹,14,22,経理・財務,神奈川県,Kanagawa,Accounting and finance
2004532,丸山朱莉,28,41,経理・財務,兵庫県,Hyogo,Accounting and finance
2004533,福田慎太郎,1,50,薬剤師,北海道,Hokkaido,Pharmacist
2004534,水野美穂,22,78,教員,静岡県,Shizuoka,Teacher
2004535,大塚悠斗,23,32,その他,愛知県,Aichi,Other
2004536,上野楓,23,31,その他,愛知県,Aichi,Other
2004537,増田大地,7,29,自営業,福島県,Fukushima,Self-employed
2004538,本田彩,13,27,主婦・主夫,東京都,Tokyo,Homemaker
2004539,藤原大地,8,30,学生,茨城県,Ibaraki,Student
2004540,高木心春,45,40,経理・財務,宮崎県,Miyazaki,Accounting and finance
2004541,松井智子,6,21,薬剤師,山形県,Yamagata,Pharmacist
2004542,山本雄大,33,43,主婦・主夫,岡山県,Okayama,Homemaker
2004543,佐野直樹,17,68,自営業,石川県,Ishikawa,Self-employed
2004544,原蓮,23,31,経理・財務,愛知県,Aichi,Accounting and finance
2004545,木下真央,23,38,会計士,愛知県,Aichi,Accountant
2004546,上野桜,13,55,主婦・主夫,東京都,Tokyo,Homemaker
2004547,大野玲子,20,37,運転手,長野県,Nagano,Driver
2004548,山崎莉子,13,56,経理・財務,東京都,Tokyo,Accounting and finance
2004549,近藤陽介,25,45,薬剤師,滋賀県,Shiga,Pharmacist
2004550,柴田蓮,30,54,学生,和歌山県,Wakayama,Student
2004551,高橋陽子,45,62,その他,宮崎県,Miyazaki,Other
2004552,野口美穂,27,76,教員,大阪府,Osaka,Teacher
2004553,安田亜希子,38,63,美容師,愛媛県,Ehime,Hairdresser
2004554,小川裕子,13,39,自営業,東京都,Tokyo,Self-employed
2004555,松尾拓也,45,56,自営業,宮崎県,Miyazaki,Self-employed
2004556,太田直樹,14,37,弁護士,神奈川県,Kanagawa,Lawyer
2004557,大野大輝,23,31,エンジニア,愛知県,Aichi,Engineer
2004558,柴田大地,13,42,運転手,東京都,Tokyo,Driver
2004559,柴田義明,13,46,営業職,東京都,Tokyo,Sales
2004560,今井誠,23,54,経理・財務,愛知県,Aichi,Accounting and finance
2004561,本田涼太,12,28,保育士,千葉県,Chiba,Childcare worker
2004562,山口悠人,9,55,教員,栃木県,Tochigi,Teacher
2004563,野口彩,14,41,弁護士,神奈川県,Kanagawa,Lawyer
2004564,島田七海,40,20,営業職,福岡県,Fukuoka,Sales
2004565,金子義明,27,37,コンサルタント,大阪府,Osaka,Consultant
2004566,藤本沙織,46,48,会社員,鹿児島県,Kagoshima,Company employee
2004567,遠藤光,22,70,販売員,静岡県,Shizuoka,Retail staff
2004568,森光,13,37,販売員,東京都,Tokyo,Retail staff
2004569,野村孝之,13,29,デザイナー,東京都,Tokyo,Designer
2004570,斎藤恵,28,23,その他,兵庫県,Hyogo,Other
2004571,橋本七海,13,32,漁業,東京都,Tokyo,Fisher
2004572,田村香織,31,55,会社員,鳥取県,Tottori,Company employee
2004573,遠藤典子,28,26,医師,兵庫県,Hyogo,Physician
2004574,小野浩二,13,51,エンジニア,東京都,Tokyo,Engineer
2004575,坂本悠斗,10,57,主婦・主夫,群馬県,Gunma,Homemaker
2004576,宮本達也,1,25,医師,北海道,Hokkaido,Physician
2004577,中島光子,40,30,営業職,福岡県,Fukuoka,Sales
2004578,大西洋子,42,50,医師,長崎県,Nagasaki,Physician
2004579,高橋慎太郎,29,45,販売員,奈良県,Nara,Retail staff
2004580,石川陸,23,51,公務員,愛知県,Aichi,Public servant
2004581,三浦和子,41,36,パート・アルバイト,佐賀県,Saga,Part-time worker
2004582,柴田将也,47,40,飲食業,沖縄県,Okinawa,Food service
2004583,阿部楓,26,44,農業,京都府,Kyoto,Farmer
2004584,新井美咲,11,46,主婦・主夫,埼玉県,Saitama,Homemaker
2004585,高木正樹,14,61,医師,神奈川県,Kanagawa,Physician
2004586,白石幸子,14,31,学生,神奈川県,Kanagawa,Student
2004587,藤井健太,14,48,年金受給者,神奈川県,Kanagawa,Pensioner
2004588,松尾哲也,19,46,飲食業,山梨県,Yamanashi,Food service
2004589,加藤千尋,23,24,美容師,愛知県,Aichi,Hairdresser
2004590,上田結衣,21,45,公務員,岐阜県,Gifu,Public servant
2004591,篠原京子,1,47,年金受給者,北海道,Hokkaido,Pensioner
2004592,松岡結衣,47,30,建築士,沖縄県,Okinawa,Architect
2004593,松本和子,43,33,漁業,熊本県,Kumamoto,Fisher
2004594,太田桜,35,47,教員,山口県,Yamaguchi,Teacher
2004595,前田英樹,43,62,飲食業,熊本県,Kumamoto,Food service
2004596,和田亜希子,13,31,公務員,東京都,Tokyo,Public servant
2004597,坂本陸,16,71,医師,富山県,Toyama,Physician
2004598,金子真央,39,58,年金受給者,高知県,Kochi,Pensioner
2004599,和田哲也,21,60,デザイナー,岐阜県,Gifu,Designer
2004600,佐野博之,18,77,デザイナー,福井県,Fukui,Designer
2004601,本田久美子,13,46,美容師,東京都,Tokyo,Hairdresser
2004602,松尾慎太郎,27,65,農業,大阪府,Osaka,Farmer
2004603,加藤愛,19,60,美容師,山梨県,Yamanashi,Hairdresser
2004604,大塚七海,29,67,デザイナー,奈良県,Nara,Designer
2004605,清水健太,12,64,会社員,千葉県,Chiba,Company employee
2004606,山下玲子,28,67,自営業,兵庫県,Hyogo,Self-employed
2004607,山田悠斗,28,44,自営業,兵庫県,Hyogo,Self-employed
2004608,久保朱莉,19,21,医師,山梨県,Yamanashi,Physician
2004609,森田秀樹,21,54,薬剤師,岐阜県,Gifu,Pharmacist
2004610,丸山航,1,46,会社員,北海道,Hokkaido,Company employee
2004611,原田澪,5,41,教員,秋田県,Akita,Teacher
2004612,吉田陽子,36,55,経理・財務,徳島県,Tokushima,Accounting and finance
2004613,新井哲也,14,61,薬剤師,神奈川県,Kanagawa,Pharmacist
2004614,武田沙織,27,61,パート・アルバイト,大阪府,Osaka,Part-time worker
2004615,大野結衣,13,42,保育士,東京都,Tokyo,Childcare worker
2004616,藤井凛,44,38,デザイナー,大分県,Oita,Designer
2004617,菅原芽衣,29,59,会計士,奈良県,Nara,Accountant
2004618,石井英樹,13,43,会社員,東京都,Tokyo,Company employee
2004619,石田正樹,12,56,パート・アルバイト,千葉県,Chiba,Part-time worker
2004620,杉本凛,13,21,医師,東京都,Tokyo,Physician
2004621,青木哲也,13,67,エンジニア,東京都,Tokyo,Engineer
2004622,藤原典子,35,50,自営業,山口県,Yamaguchi,Self-employed
2004623,新井典子,23,24,営業職,愛知県,Aichi,Sales
2004624,水野亜希子,21,34,学生,岐阜県,Gifu,Student
2004625,斎藤和也,2,38,会計士,青森県,Aomori,Accountant
2004626,横田亮,11,34,学生,埼玉県,Saitama,Student
2004627,西村奈々,2,61,会計士,青森県,Aomori,Accountant
2004628,木下典子,2,43,弁護士,青森県,Aomori,Lawyer
2004629,藤田七海,37,46,会社員,香川県,Kagawa,Company employee
2004630,関達也,31,32,経理・財務,鳥取県,Tottori,Accounting and finance
2004631,村上光子,25,49,薬剤師,滋賀県,Shiga,Pharmacist
2004632,井上香織,32,41,研究職,島根県,Shimane,Researcher
2004633,岡田愛,41,58,その他,佐賀県,Saga,Other
2004634,菊地光,45,29,コンサルタント,宮崎県,Miyazaki,Consultant
2004635,和田智也,4,50,美容師,宮城県,Miyagi,Hairdresser
2004636,金子隆志,46,33,農業,鹿児島県,Kagoshima,Farmer
2004637,千葉浩二,22,40,研究職,静岡県,Shizuoka,Researcher
2004638,鈴木千尋,27,70,薬剤師,大阪府,Osaka,Pharmacist
2004639,小林博之,40,32,経理・財務,福岡県,Fukuoka,Accounting and finance
2004640,村田真央,3,23,パート・アルバイト,岩手県,Iwate,Part-time worker
2004641,後藤大地,40,36,エンジニア,福岡県,Fukuoka,Engineer
2004642,水野優,13,66,販売員,東京都,Tokyo,Retail staff
2004643,内田航,1,21,漁業,北海道,Hokkaido,Fisher
2004644,清水大輝,28,23,営業職,兵庫県,Hyogo,Sales
2004645,山田亜希子,28,53,建築士,兵庫県,Hyogo,Architect
2004646,原楓,1,30,医師,北海道,Hokkaido,Physician
2004647,伊藤結衣,12,72,経理・財務,千葉県,Chiba,Accounting and finance
2004648,森田和子,36,46,教員,徳島県,Tokushima,Teacher
2004649,青木亮,14,30,農業,神奈川県,Kanagawa,Farmer
2004650,前田和子,11,25,保育士,埼玉県,Saitama,Childcare worker
2004651,岡田陽介,23,37,弁護士,愛知県,Aichi,Lawyer
2004652,白石七海,13,21,弁護士,東京都,Tokyo,Lawyer
2004653,中川義明,11,30,自営業,埼玉県,Saitama,Self-employed
2004654,松尾陽子,35,47,自営業,山口県,Yamaguchi,Self-employed
2004655,林真一,4,54,その他,宮城県,Miyagi,Other
2004656,菊地七海,28,45,学生,兵庫県,Hyogo,Student
2004657,伊藤拓也,13,34,農業,東京都,Tokyo,Farmer
2004658,清水涼太,28,40,研究職,兵庫県,Hyogo,Researcher
2004659,阿部陽介,34,32,弁護士,広島県,Hiroshima,Lawyer
2004660,林千尋,11,47,公務員,埼玉県,Saitama,Public servant
2004661,河野亮,27,31,その他,大阪府,Osaka,Other
2004662,三浦文子,13,54,販売員,東京都,Tokyo,Retail staff
2004663,杉本健太,40,39,漁業,福岡県,Fukuoka,Fisher
2004664,野村亮,24,49,美容師,三重県,Mie,Hairdresser
2004665,島田莉子,13,68,エンジニア,東京都,Tokyo,Engineer
2004666,前田愛,1,25,主婦・主夫,北海道,Hokkaido,Homemaker
2004667,伊藤真央,23,67,学生,愛知県,Aichi,Student
2004668,渡部真一,11,62,美容師,埼玉県,Saitama,Hairdresser
2004669,工藤大地,28,74,パート・アルバイト,兵庫県,Hyogo,Part-time worker
2004670,原陽子,28,30,会計士,兵庫県,Hyogo,Accountant
2004671,市川駿,11,75,主婦・主夫,埼玉県,Saitama,Homemaker
2004672,金子亮,27,34,農業,大阪府,Osaka,Farmer
2004673,金子慎太郎,41,26,コンサルタント,佐賀県,Saga,Consultant
2004674,宮本志保,42,56,薬剤師,長崎県,Nagasaki,Pharmacist
2004675,森田駿,29,49,エンジニア,奈良県,Nara,Engineer
2004676,関京子,23,27,年金受給者,愛知県,Aichi,Pensioner
2004677,浜田陽介,13,29,医師,東京都,Tokyo,Physician
2004678,金子真央,25,56,農業,滋賀県,Shiga,Farmer
2004679,前田楓,43,51,運転手,熊本県,Kumamoto,Driver
2004680,森志保,20,33,経理・財務,長野県,Nagano,Accounting and finance
2004681,小林千尋,23,44,エンジニア,愛知県,Aichi,Engineer
2004682,千葉千尋,16,45,農業,富山県,Toyama,Farmer
2004683,山口香織,9,56,保育士,栃木県,Tochigi,Childcare worker
2004684,大塚芽衣,41,35,主婦・主夫,佐賀県,Saga,Homemaker
2004685,松田航,2,49,会計士,青森県,Aomori,Accountant
2004686,佐野博之,14,35,営業職,神奈川県,Kanagawa,Sales
2004687,池田義明,28,31,建築士,兵庫県,Hyogo,Architect
2004688,小野秀樹,46,68,経理・財務,鹿児島県,Kagoshima,Accounting and finance
2004689,小林結衣,22,38,飲食業,静岡県,Shizuoka,Food service
2004690,市川義明,28,41,年金受給者,兵庫県,Hyogo,Pensioner
2004691,大塚美穂,39,20,農業,高知県,Kochi,Farmer
2004692,長谷川拓也,13,45,学生,東京都,Tokyo,Student
2004693,竹内英樹,1,51,運転手,北海道,Hokkaido,Driver
2004694,中山心春,11,69,運転手,埼玉県,Saitama,Driver
2004695,近藤大地,40,31,デザイナー,福岡県,Fukuoka,Designer
2004696,中村瑞穂,21,50,建築士,岐阜県,Gifu,Architect
2004697,篠原陽子,23,47,デザイナー,愛知県,Aichi,Designer
2004698,山本七海,27,34,会社員,大阪府,Osaka,Company employee
2004699,鈴木千尋,29,41,弁護士,奈良県,Nara,Lawyer
2004700,横田陽介,14,78,美容師,神奈川県,Kanagawa,Hairdresser
2004701,近藤雄大,23,66,運転手,愛知県,Aichi,Driver
2004702,今井博之,27,65,保育士,大阪府,Osaka,Childcare worker
2004703,大野典子,13,67,教員,東京都,Tokyo,Teacher
2004704,村田博之,12,49,その他,千葉県,Chiba,Other
2004705,後藤桜,15,30,営業職,新潟県,Niigata,Sales
2004706,青木浩二,22,28,漁業,静岡県,Shizuoka,Fisher
2004707,大西千尋,13,44,その他,東京都,Tokyo,Other
2004708,岡本香織,40,20,コンサルタント,福岡県,Fukuoka,Consultant
2004709,後藤瑞穂,9,35,経理・財務,栃木県,Tochigi,Accounting and finance
2004710,高橋拓也,25,44,保育士,滋賀県,Shiga,Childcare worker
2004711,村田康平,9,31,年金受給者,栃木県,Tochigi,Pensioner
2004712,松尾蓮,13,40,医師,東京都,Tokyo,Physician
2004713,上野拓也,11,51,パート・アルバイト,埼玉県,Saitama,Part-time worker
2004714,原田博之,13,37,会社員,東京都,Tokyo,Company employee
2004715,竹内秀樹,34,68,教員,広島県,Hiroshima,Teacher
2004716,高橋亮,14,70,エンジニア,神奈川県,Kanagawa,Engineer
2004717,中山京子,13,40,パート・アルバイト,東京都,Tokyo,Part-time worker
2004718,上野七海,11,51,販売員,埼玉県,Saitama,Retail staff
2004719,石井博之,44,42,農業,大分県,Oita,Farmer
2004720,横山大地,21,35,会社員,岐阜県,Gifu,Company employee
2004721,山下義明,13,43,販売員,東京都,Tokyo,Retail staff
2004722,大野香織,14,38,農業,神奈川県,Kanagawa,Farmer
2004723,新井陽子,28,66,コンサルタント,兵庫県,Hyogo,Consultant
2004724,松尾真央,14,59,教員,神奈川県,Kanagawa,Teacher
2004725,石井悠斗,11,21,看護師,埼玉県,Saitama,Nurse
2004726,浜田洋平,3,63,営業職,岩手県,Iwate,Sales
2004727,松本芽衣,22,39,農業,静岡県,Shizuoka,Farmer
2004728,菅原陽子,15,68,美容師,新潟県,Niigata,Hairdresser
2004729,平野和也,16,63,研究職,富山県,Toyama,Researcher
2004730,石川真央,22,73,建築士,静岡県,Shizuoka,Architect
2004731,上野克彦,13,35,医師,東京都,Tokyo,Physician
2004732,原克彦,12,39,営業職,千葉県,Chiba,Sales
2004733,滝沢洋子,3,51,パート・アルバイト,岩手県,Iwate,Part-time worker
2004734,近藤誠,41,39,パート・アルバイト,佐賀県,Saga,Part-time worker
2004735,佐々木隆志,27,23,デザイナー,大阪府,Osaka,Designer
2004736,酒井彩,13,40,経理・財務,東京都,Tokyo,Accounting and finance
2004737,滝沢涼太,13,58,漁業,東京都,Tokyo,Fisher
2004738,森田康平,28,47,農業,兵庫県,Hyogo,Farmer
2004739,藤田達也,40,24,建築士,福岡県,Fukuoka,Architect
2004740,岩崎陽介,27,32,医師,大阪府,Osaka,Physician
2004741,菊地健太,33,43,販売員,岡山県,Okayama,Retail staff
2004742,中川亮,34,40,看護師,広島県,Hiroshima,Nurse
2004743,久保楓,13,52,建築士,東京都,Tokyo,Architect
2004744,岡田直美,27,32,販売員,大阪府,Osaka,Retail staff
2004745,藤田莉子,6,71,教員,山形県,Yamagata,Teacher
2004746,小野智子,33,20,漁業,岡山県,Okayama,Fisher
2004747,松岡凛,1,56,研究職,北海道,Hokkaido,Researcher
2004748,木下幸子,11,41,美容師,埼玉県,Saitama,Hairdresser
2004749,藤井莉子,37,47,経理・財務,香川県,Kagawa,Accounting and finance
2004750,岡田智也,40,34,運転手,福岡県,Fukuoka,Driver
2004751,高木彩,13,45,飲食業,東京都,Tokyo,Food service
2004752,藤井慎太郎,24,29,薬剤師,三重県,Mie,Pharmacist
2004753,鈴木玲子,28,64,看護師,兵庫県,Hyogo,Nurse
2004754,松本七海,35,71,デザイナー,山口県,Yamaguchi,Designer
2004755,鈴木優,12,58,看護師,千葉県,Chiba,Nurse
2004756,佐野智子,18,34,運転手,福井県,Fukui,Driver
2004757,小林和也,22,74,年金受給者,静岡県,Shizuoka,Pensioner
2004758,河野千尋,28,33,学生,兵庫県,Hyogo,Student
2004759,渡部桜,11,36,学生,埼玉県,Saitama,Student
2004760,工藤愛,11,53,弁護士,埼玉県,Saitama,Lawyer
2004761,福田涼太,39,22,看護師,高知県,Kochi,Nurse
2004762,滝沢正樹,14,29,自営業,神奈川県,Kanagawa,Self-employed
2004763,後藤洋子,11,37,農業,埼玉県,Saitama,Farmer
2004764,大西康平,18,28,デザイナー,福井県,Fukui,Designer
2004765,武田英樹,28,20,看護師,兵庫県,Hyogo,Nurse
2004766,太田光,11,31,公務員,埼玉県,Saitama,Public servant
2004767,大塚英樹,23,48,飲食業,愛知県,Aichi,Food service
2004768,本田典子,15,34,教員,新潟県,Niigata,Teacher
2004769,山田直樹,23,35,農業,愛知県,Aichi,Farmer
2004770,中山由美,40,35,弁護士,福岡県,Fukuoka,Lawyer
2004771,森田将也,41,37,会社員,佐賀県,Saga,Company employee
2004772,桜井大輝,24,64,建築士,三重県,Mie,Architect
2004773,後藤和子,35,66,看護師,山口県,Yamaguchi,Nurse
2004774,野村航,14,30,看護師,神奈川県,Kanagawa,Nurse
2004775,木下由美,13,60,デザイナー,東京都,Tokyo,Designer
2004776,阿部悠斗,23,65,自営業,愛知県,Aichi,Self-employed
2004777,中山美穂,27,75,教員,大阪府,Osaka,Teacher
2004778,岩崎洋平,11,24,教員,埼玉県,Saitama,Teacher
2004779,杉本凛,3,35,会計士,岩手県,Iwate,Accountant
2004780,中野博之,2,48,自営業,青森県,Aomori,Self-employed
2004781,橋本芽衣,28,68,営業職,兵庫県,Hyogo,Sales
2004782,内田浩二,36,60,漁業,徳島県,Tokushima,Fisher
2004783,中島将也,29,22,会社員,奈良県,Nara,Company employee
2004784,岩崎澪,33,32,建築士,岡山県,Okayama,Architect
2004785,石井蓮,29,29,エンジニア,奈良県,Nara,Engineer
2004786,滝沢大地,45,42,デザイナー,宮崎県,Miyazaki,Designer
2004787,横山結衣,38,44,教員,愛媛県,Ehime,Teacher
2004788,杉山亜希子,23,39,建築士,愛知県,Aichi,Architect
2004789,桜井正樹,7,34,自営業,福島県,Fukushima,Self-employed
2004790,岡本心春,13,21,主婦・主夫,東京都,Tokyo,Homemaker
2004791,杉本彩,9,56,美容師,栃木県,Tochigi,Hairdresser
2004792,岡田祐樹,12,48,学生,千葉県,Chiba,Student
2004793,水野浩二,13,34,学生,東京都,Tokyo,Student
2004794,岡本芽衣,42,30,経理・財務,長崎県,Nagasaki,Accounting and finance
2004795,酒井心春,25,57,パート・アルバイト,滋賀県,Shiga,Part-time worker
2004796,上野洋平,14,46,運転手,神奈川県,Kanagawa,Driver
2004797,青木大輝,28,49,保育士,兵庫県,Hyogo,Childcare worker
2004798,斎藤美咲,23,68,美容師,愛知県,Aichi,Hairdresser
2004799,山下翔太,25,51,漁業,滋賀県,Shiga,Fisher
2004800,横山直樹,1,49,医師,北海道,Hokkaido,Physician
2004801,岡田浩二,1,41,運転手,北海道,Hokkaido,Driver
2004802,野村大輝,45,29,医師,宮崎県,Miyazaki,Physician
2004803,小松涼太,11,35,エンジニア,埼玉県,Saitama,Engineer
2004804,島田陽介,13,44,運転手,東京都,Tokyo,Driver
2004805,阿部京子,12,25,エンジニア,千葉県,Chiba,Engineer
2004806,白石将也,11,78,建築士,埼玉県,Saitama,Architect
2004807,吉田陽介,12,22,教員,千葉県,Chiba,Teacher
2004808,古川陸,13,52,主婦・主夫,東京都,Tokyo,Homemaker
2004809,小林悠人,13,32,営業職,東京都,Tokyo,Sales
2004810,佐々木千尋,46,30,デザイナー,鹿児島県,Kagoshima,Designer
2004811,菅原優,43,43,その他,熊本県,Kumamoto,Other
2004812,松本隆志,15,46,教員,新潟県,Niigata,Teacher
2004813,新井直樹,32,44,公務員,島根県,Shimane,Public servant
2004814,小川啓介,40,39,コンサルタント,福岡県,Fukuoka,Consultant
2004815,新井航,23,32,保育士,愛知県,Aichi,Childcare worker
2004816,新井秀樹,27,34,公務員,大阪府,Osaka,Public servant
2004817,菊地典子,21,38,公務員,岐阜県,Gifu,Public servant
2004818,小島瑞穂,47,50,保育士,沖縄県,Okinawa,Childcare worker
2004819,斉藤悠斗,20,39,研究職,長野県,Nagano,Researcher
2004820,石田直樹,11,47,運転手,埼玉県,Saitama,Driver
2004821,上田孝之,7,52,公務員,福島県,Fukushima,Public servant
2004822,林達也,42,53,漁業,長崎県,Nagasaki,Fisher
2004823,加藤大地,1,20,営業職,北海道,Hokkaido,Sales
2004824,藤本愛,29,50,その他,奈良県,Nara,Other
2004825,坂本悠人,1,63,保育士,北海道,Hokkaido,Childcare worker
2004826,鈴木啓介,11,46,保育士,埼玉県,Saitama,Childcare worker
2004827,酒井駿,13,46,パート・アルバイト,東京都,Tokyo,Part-time worker
2004828,藤本美穂,25,42,販売員,滋賀県,Shiga,Retail staff
2004829,井上直樹,39,41,その他,高知県,Kochi,Other
2004830,竹内京子,46,25,エンジニア,鹿児島県,Kagoshima,Engineer
2004831,宮本沙織,46,55,漁業,鹿児島県,Kagoshima,Fisher
2004832,森和也,31,39,年金受給者,鳥取県,Tottori,Pensioner
2004833,松岡啓介,22,59,エンジニア,静岡県,Shizuoka,Engineer
2004834,後藤秀樹,2,43,農業,青森県,Aomori,Farmer
2004835,池田駿,23,42,会計士,愛知県,Aichi,Accountant
2004836,本田瑞穂,13,42,エンジニア,東京都,Tokyo,Engineer
2004837,関芽衣,35,61,研究職,山口県,Yamaguchi,Researcher
2004838,松岡亮,22,47,経理・財務,静岡県,Shizuoka,Accounting and finance
2004839,市川光子,29,41,営業職,奈良県,Nara,Sales
2004840,水野春香,31,47,建築士,鳥取県,Tottori,Architect
2004841,田村孝之,22,42,教員,静岡県,Shizuoka,Teacher
2004842,平野涼太,25,58,看護師,滋賀県,Shiga,Nurse
2004843,加藤彩,1,36,エンジニア,北海道,Hokkaido,Engineer
2004844,工藤彩,27,56,自営業,大阪府,Osaka,Self-employed
2004845,井上浩二,27,30,飲食業,大阪府,Osaka,Food service
2004846,清水克彦,27,66,エンジニア,大阪府,Osaka,Engineer
2004847,松岡七海,27,58,コンサルタント,大阪府,Osaka,Consultant
2004848,加藤悠人,14,57,会社員,神奈川県,Kanagawa,Company employee
2004849,藤井博之,34,27,コンサルタント,広島県,Hiroshima,Consultant
2004850,佐野一郎,20,79,漁業,長野県,Nagano,Fisher
2004851,山本哲也,14,47,医師,神奈川県,Kanagawa,Physician
2004852,安藤誠,16,37,会社員,富山県,Toyama,Company employee
2004853,島田航,1,57,教員,北海道,Hokkaido,Teacher
2004854,中野瑞穂,27,77,公務員,大阪府,Osaka,Public servant
2004855,岩崎義明,7,41,医師,福島県,Fukushima,Physician
2004856,石井航,14,43,教員,神奈川県,Kanagawa,Teacher
2004857,野口浩二,27,41,研究職,大阪府,Osaka,Researcher
2004858,安藤恵,14,54,弁護士,神奈川県,Kanagawa,Lawyer
2004859,佐藤瑞穂,45,32,会計士,宮崎県,Miyazaki,Accountant
2004860,清水朱莉,5,40,自営業,秋田県,Akita,Self-employed
2004861,加藤博之,18,55,販売員,福井県,Fukui,Retail staff
2004862,古川春香,27,32,医師,大阪府,Osaka,Physician
2004863,森七海,27,76,その他,大阪府,Osaka,Other
2004864,池田亮,17,31,農業,石川県,Ishikawa,Farmer
2004865,高木莉子,14,62,コンサルタント,神奈川県,Kanagawa,Consultant
2004866,上野芽衣,47,32,パート・アルバイト,沖縄県,Okinawa,Part-time worker
2004867,横田浩二,12,46,その他,千葉県,Chiba,Other
2004868,大塚志保,16,24,その他,富山県,Toyama,Other
2004869,原田芽衣,24,54,薬剤師,三重県,Mie,Pharmacist
2004870,上野一郎,27,56,パート・アルバイト,大阪府,Osaka,Part-time worker
2004871,近藤雄大,28,54,飲食業,兵庫県,Hyogo,Food service
2004872,橋本沙織,22,20,パート・アルバイト,静岡県,Shizuoka,Part-time worker
2004873,鈴木光子,9,31,営業職,栃木県,Tochigi,Sales
2004874,近藤愛,13,31,保育士,東京都,Tokyo,Childcare worker
2004875,斎藤蓮,32,52,パート・アルバイト,島根県,Shimane,Part-time worker
2004876,今井楓,33,43,自営業,岡山県,Okayama,Self-employed
2004877,佐野雄大,40,57,コンサルタント,福岡県,Fukuoka,Consultant
2004878,佐々木沙織,6,35,デザイナー,山形県,Yamagata,Designer
2004879,桜井朱莉,13,34,学生,東京都,Tokyo,Student
2004880,本田誠,40,38,学生,福岡県,Fukuoka,Student
2004881,工藤義明,13,44,農業,東京都,Tokyo,Farmer
2004882,宮崎航,37,48,自営業,香川県,Kagawa,Self-employed
2004883,中村心春,39,29,会社員,高知県,Kochi,Company employee
2004884,柴田亮,25,42,建築士,滋賀県,Shiga,Architect
2004885,市川心春,15,57,デザイナー,新潟県,Niigata,Designer
2004886,斎藤達也,27,38,弁護士,大阪府,Osaka,Lawyer
2004887,滝沢久美子,34,41,医師,広島県,Hiroshima,Physician
2004888,滝沢楓,13,48,運転手,東京都,Tokyo,Driver
2004889,関将也,27,25,教員,大阪府,Osaka,Teacher
2004890,横山義明,14,50,公務員,神奈川県,Kanagawa,Public servant
2004891,坂本桜,29,36,営業職,奈良県,Nara,Sales
2004892,工藤京子,13,46,薬剤師,東京都,Tokyo,Pharmacist
2004893,山本隆志,14,48,その他,神奈川県,Kanagawa,Other
2004894,千葉凛,42,44,会計士,長崎県,Nagasaki,Accountant
2004895,市川七海,27,53,美容師,大阪府,Osaka,Hairdresser
2004896,増田葵,14,41,営業職,神奈川県,Kanagawa,Sales
2004897,菊地達也,12,32,美容師,千葉県,Chiba,Hairdresser
2004898,関典子,11,40,看護師,埼玉県,Saitama,Nurse
2004899,柴田悠人,23,33,漁業,愛知県,Aichi,Fisher
2004900,渡辺航,13,68,エンジニア,東京都,Tokyo,Engineer
2004901,村上由美,14,48,パート・アルバイト,神奈川県,Kanagawa,Part-time worker
2004902,大西千尋,47,33,学生,沖縄県,Okinawa,Student
2004903,関一郎,13,53,漁業,東京都,Tokyo,Fisher
2004904,原田春香,40,39,経理・財務,福岡県,Fukuoka,Accounting and finance
2004905,遠藤大輝,11,40,漁業,埼玉県,Saitama,Fisher
2004906,内田七海,28,38,営業職,兵庫県,Hyogo,Sales
2004907,林蓮,37,43,営業職,香川県,Kagawa,Sales
2004908,松井由美,12,38,運転手,千葉県,Chiba,Driver
2004909,小林大輝,15,59,主婦・主夫,新潟県,Niigata,Homemaker
2004910,大野誠,13,64,自営業,東京都,Tokyo,Self-employed
2004911,内田真一,31,54,建築士,鳥取県,Tottori,Architect
2004912,宮崎孝之,1,29,薬剤師,北海道,Hokkaido,Pharmacist
2004913,古川雄大,14,24,会計士,神奈川県,Kanagawa,Accountant
2004914,井上彩,14,46,弁護士,神奈川県,Kanagawa,Lawyer
2004915,武田心春,13,40,教員,東京都,Tokyo,Teacher
2004916,原田玲子,28,36,教員,兵庫県,Hyogo,Teacher
2004917,篠原春香,18,49,経理・財務,福井県,Fukui,Accounting and finance
2004918,石井航,21,48,医師,岐阜県,Gifu,Physician
2004919,藤井真一,28,69,自営業,兵庫県,Hyogo,Self-employed
2004920,小林隆志,34,75,会計士,広島県,Hiroshima,Accountant
2004921,田村光子,38,62,学生,愛媛県,Ehime,Student
2004922,清水香織,31,59,公務員,鳥取県,Tottori,Public servant
2004923,上田瑞穂,18,32,自営業,福井県,Fukui,Self-employed
2004924,林直美,5,57,漁業,秋田県,Akita,Fisher
2004925,橋本悠人,7,32,医師,福島県,Fukushima,Physician
2004926,松田京子,40,40,主婦・主夫,福岡県,Fukuoka,Homemaker
2004927,井上美穂,15,21,美容師,新潟県,Niigata,Hairdresser
2004928,山下智子,14,31,主婦・主夫,神奈川県,Kanagawa,Homemaker
2004929,岡田駿,3,39,研究職,岩手県,Iwate,Researcher
2004930,木村幸子,5,40,自営業,秋田県,Akita,Self-employed
2004931,中川節子,13,28,農業,東京都,Tokyo,Farmer
2004932,横田悠斗,17,57,その他,石川県,Ishikawa,Other
2004933,佐野秀樹,6,40,パート・アルバイト,山形県,Yamagata,Part-time worker
2004934,藤原秀樹,23,56,その他,愛知県,Aichi,Other
2004935,篠原京子,12,55,その他,千葉県,Chiba,Other
2004936,市川七海,23,48,デザイナー,愛知県,Aichi,Designer
2004937,平野直樹,43,43,販売員,熊本県,Kumamoto,Retail staff
2004938,島田文子,40,38,公務員,福岡県,Fukuoka,Public servant
2004939,後藤秀樹,27,55,公務員,大阪府,Osaka,Public servant
2004940,山田直美,39,65,営業職,高知県,Kochi,Sales
2004941,村上幸子,7,49,教員,福島県,Fukushima,Teacher
2004942,福田将也,14,47,医師,神奈川県,Kanagawa,Physician
2004943,高田楓,27,68,医師,大阪府,Osaka,Physician
2004944,星野心春,11,46,デザイナー,埼玉県,Saitama,Designer
2004945,岡本光,11,24,医師,埼玉県,Saitama,Physician
2004946,杉本亜希子,18,47,薬剤師,福井県,Fukui,Pharmacist
2004947,小野祐樹,28,52,美容師,兵庫県,Hyogo,Hairdresser
2004948,杉本和也,44,41,保育士,大分県,Oita,Childcare worker
2004949,武田啓介,13,52,看護師,東京都,Tokyo,Nurse
2004950,小林光子,14,71,建築士,神奈川県,Kanagawa,Architect
2004951,千葉春香,31,56,飲食業,鳥取県,Tottori,Food service
2004952,中島直樹,1,27,主婦・主夫,北海道,Hokkaido,Homemaker
2004953,岡本陸,46,59,営業職,鹿児島県,Kagoshima,Sales
2004954,野口蓮,27,53,経理・財務,大阪府,Osaka,Accounting and finance
2004955,大塚孝之,25,77,農業,滋賀県,Shiga,Farmer
2004956,宮崎心春,11,47,弁護士,埼玉県,Saitama,Lawyer
2004957,木下拓也,8,62,運転手,茨城県,Ibaraki,Driver
2004958,小野恵,27,41,営業職,大阪府,Osaka,Sales
2004959,橋本文子,12,78,主婦・主夫,千葉県,Chiba,Homemaker
2004960,藤田七海,14,56,販売員,神奈川県,Kanagawa,Retail staff
2004961,松井京子,27,40,パート・アルバイト,大阪府,Osaka,Part-time worker
2004962,長谷川駿,18,35,美容師,福井県,Fukui,Hairdresser
2004963,中村香織,41,32,自営業,佐賀県,Saga,Self-employed
2004964,高橋光,40,58,自営業,福岡県,Fukuoka,Self-employed
2004965,小川愛,20,68,デザイナー,長野県,Nagano,Designer
2004966,菅原結衣,11,73,営業職,埼玉県,Saitama,Sales
2004967,村上直樹,12,46,エンジニア,千葉県,Chiba,Engineer
2004968,横田文子,14,68,運転手,神奈川県,Kanagawa,Driver
2004969,村田奈々,13,59,美容師,東京都,Tokyo,Hairdresser
2004970,山本由美,26,48,飲食業,京都府,Kyoto,Food service
2004971,藤原悠人,39,34,建築士,高知県,Kochi,Architect
2004972,藤原洋子,27,62,営業職,大阪府,Osaka,Sales
2004973,村田秀樹,13,50,医師,東京都,Tokyo,Physician
2004974,増田文子,17,65,医師,石川県,Ishikawa,Physician
2004975,新井航,39,41,農業,高知県,Kochi,Farmer
2004976,山崎義明,8,24,弁護士,茨城県,Ibaraki,Lawyer
2004977,中村和子,13,43,農業,東京都,Tokyo,Farmer
2004978,三浦真央,39,28,飲食業,高知県,Kochi,Food service
2004979,後藤和子,29,49,漁業,奈良県,Nara,Fisher
2004980,後藤陽子,23,48,農業,愛知県,Aichi,Farmer
2004981,中川陸,42,30,経理・財務,長崎県,Nagasaki,Accounting and finance
2004982,小林陸,36,40,医師,徳島県,Tokushima,Physician
2004983,中川陸,14,64,その他,神奈川県,Kanagawa,Other
2004984,河野陸,14,48,会社員,神奈川県,Kanagawa,Company employee
2004985,谷口陽子,17,55,美容師,石川県,Ishikawa,Hairdresser
2004986,佐野文子,14,66,年金受給者,神奈川県,Kanagawa,Pensioner
2004987,飯田桜,27,57,会計士,大阪府,Osaka,Accountant
2004988,松尾義明,44,78,漁業,大分県,Oita,Fisher
2004989,井上幸子,1,55,保育士,北海道,Hokkaido,Childcare worker
2004990,中島直美,3,44,看護師,岩手県,Iwate,Nurse
2004991,高木瑞穂,20,33,運転手,長野県,Nagano,Driver
2004992,中島悠斗,23,24,パート・アルバイト,愛知県,Aichi,Part-time worker
2004993,田中亮,43,65,研究職,熊本県,Kumamoto,Researcher
2004994,工藤京子,39,47,エンジニア,高知県,Kochi,Engineer
2004995,藤原結衣,28,44,会社員,兵庫県,Hyogo,Company employee
2004996,杉山志保,38,51,保育士,愛媛県,Ehime,Childcare worker
2004997,菅原和也,14,35,美容師,神奈川県,Kanagawa,Hairdresser
2004998,内田優,13,33,飲食業,東京都,Tokyo,Food service
2004999,太田克彦,41,42,営業職,佐賀県,Saga,Sales
2005000,石井浩二,12,59,研究職,千葉県,Chiba,Researcher
2005001,井上康平,13,39,販売員,東京都,Tokyo,Retail staff
2005002,谷口秀樹,40,41,主婦・主夫,福岡県,Fukuoka,Homemaker
2005003,石井将也,38,64,自営業,愛媛県,Ehime,Self-employed
2005004,谷口秀樹,4,50,自営業,宮城県,Miyagi,Self-employed
2005005,石川芽衣,28,30,学生,兵庫県,Hyogo,Student
2005006,白石翔太,14,32,農業,神奈川県,Kanagawa,Farmer
2005007,河野洋平,13,21,コンサルタント,東京都,Tokyo,Consultant
2005008,高橋直樹,47,31,デザイナー,沖縄県,Okinawa,Designer
2005009,山下美穂,27,54,学生,大阪府,Osaka,Student
2005010,東莉子,23,44,教員,愛知県,Aichi,Teacher
2005011,星野啓介,41,40,漁業,佐賀県,Saga,Fisher
2005012,伊藤達也,14,54,教員,神奈川県,Kanagawa,Teacher
2005013,千葉心春,12,24,その他,千葉県,Chiba,Other
2005014,柴田真央,40,44,弁護士,福岡県,Fukuoka,Lawyer
2005015,中川春香,2,34,運転手,青森県,Aomori,Driver
2005016,伊藤正樹,18,41,販売員,福井県,Fukui,Retail staff
2005017,白石光,27,20,会社員,大阪府,Osaka,Company employee
2005018,東洋平,25,61,漁業,滋賀県,Shiga,Fisher
2005019,山田朱莉,9,57,医師,栃木県,Tochigi,Physician
2005020,田口裕子,31,24,コンサルタント,鳥取県,Tottori,Consultant
2005021,武田洋平,23,55,教員,愛知県,Aichi,Teacher
2005022,原義明,23,57,自営業,愛知県,Aichi,Self-employed
2005023,野口涼太,20,37,医師,長野県,Nagano,Physician
2005024,加藤隆志,1,36,自営業,北海道,Hokkaido,Self-employed
2005025,松田隆志,14,45,漁業,神奈川県,Kanagawa,Fisher
2005026,平野翔太,21,71,建築士,岐阜県,Gifu,Architect
2005027,小野春香,28,41,美容師,兵庫県,Hyogo,Hairdresser
2005028,中山春香,27,37,建築士,大阪府,Osaka,Architect
2005029,工藤将也,1,47,エンジニア,北海道,Hokkaido,Engineer
2005030,千葉博之,12,39,年金受給者,千葉県,Chiba,Pensioner
2005031,小林裕子,2,44,年金受給者,青森県,Aomori,Pensioner
2005032,杉本達也,17,36,パート・アルバイト,石川県,Ishikawa,Part-time worker
2005033,古川節子,13,43,農業,東京都,Tokyo,Farmer
2005034,小野洋子,19,33,営業職,山梨県,Yamanashi,Sales
2005035,上田智子,14,43,その他,神奈川県,Kanagawa,Other
2005036,横山心春,40,33,エンジニア,福岡県,Fukuoka,Engineer
2005037,菊地優,15,46,その他,新潟県,Niigata,Other
2005038,藤田秀樹,16,53,学生,富山県,Toyama,Student
2005039,田村陽介,13,58,保育士,東京都,Tokyo,Childcare worker
2005040,中島航,27,66,自営業,大阪府,Osaka,Self-employed
2005041,佐野直美,12,73,パート・アルバイト,千葉県,Chiba,Part-time worker
2005042,林真一,24,47,弁護士,三重県,Mie,Lawyer
2005043,水野亜希子,13,65,その他,東京都,Tokyo,Other
2005044,田口玲子,17,35,販売員,石川県,Ishikawa,Retail staff
2005045,上野慎太郎,33,75,学生,岡山県,Okayama,Student
2005046,杉山文子,11,50,販売員,埼玉県,Saitama,Retail staff
2005047,原田一郎,1,42,薬剤師,北海道,Hokkaido,Pharmacist
2005048,近藤七海,14,33,その他,神奈川県,Kanagawa,Other
2005049,山崎大輝,22,46,運転手,静岡県,Shizuoka,Driver
2005050,藤原澪,27,34,エンジニア,大阪府,Osaka,Engineer
2005051,白石陸,5,56,農業,秋田県,Akita,Farmer
2005052,中村七海,13,55,デザイナー,東京都,Tokyo,Designer
2005053,田口翔太,4,39,エンジニア,宮城県,Miyagi,Engineer
2005054,松田節子,22,55,漁業,静岡県,Shizuoka,Fisher
2005055,藤原光,7,50,パート・アルバイト,福島県,Fukushima,Part-time worker
2005056,柴田奈々,27,40,薬剤師,大阪府,Osaka,Pharmacist
2005057,杉本雄大,28,69,会計士,兵庫県,Hyogo,Accountant
2005058,池田拓也,13,54,医師,東京都,Tokyo,Physician
2005059,白石克彦,14,29,医師,神奈川県,Kanagawa,Physician
2005060,田中一郎,43,62,自営業,熊本県,Kumamoto,Self-employed
2005061,吉田一郎,33,62,自営業,岡山県,Okayama,Self-employed
2005062,小川文子,40,66,自営業,福岡県,Fukuoka,Self-employed
2005063,菅原恵,42,33,会社員,長崎県,Nagasaki,Company employee
2005064,河野直美,23,34,会計士,愛知県,Aichi,Accountant
2005065,阿部隆志,13,37,学生,東京都,Tokyo,Student
2005066,林真一,30,32,農業,和歌山県,Wakayama,Farmer
2005067,太田美穂,13,54,営業職,東京都,Tokyo,Sales
2005068,松井久美子,43,44,教員,熊本県,Kumamoto,Teacher
2005069,後藤和子,13,62,会社員,東京都,Tokyo,Company employee
2005070,千葉凛,32,38,営業職,島根県,Shimane,Sales
2005071,太田隆志,3,37,公務員,岩手県,Iwate,Public servant
2005072,中村智也,40,44,販売員,福岡県,Fukuoka,Retail staff
2005073,浜田祐樹,22,51,販売員,静岡県,Shizuoka,Retail staff
2005074,岡本凛,40,55,会計士,福岡県,Fukuoka,Accountant
2005075,野口啓介,13,63,パート・アルバイト,東京都,Tokyo,Part-time worker
2005076,松田莉子,13,22,自営業,東京都,Tokyo,Self-employed
2005077,松井恵,30,36,医師,和歌山県,Wakayama,Physician
2005078,篠原将也,1,45,販売員,北海道,Hokkaido,Retail staff
2005079,浜田玲子,12,52,美容師,千葉県,Chiba,Hairdresser
2005080,宮崎大地,13,43,学生,東京都,Tokyo,Student
2005081,工藤陽介,11,41,美容師,埼玉県,Saitama,Hairdresser
2005082,池田祐樹,6,50,デザイナー,山形県,Yamagata,Designer
2005083,柴田桜,27,49,研究職,大阪府,Osaka,Researcher
2005084,柴田将也,1,36,教員,北海道,Hokkaido,Teacher
2005085,今井翔太,2,40,エンジニア,青森県,Aomori,Engineer
2005086,小川美咲,1,52,美容師,北海道,Hokkaido,Hairdresser
2005087,千葉美穂,13,55,会計士,東京都,Tokyo,Accountant
2005088,木下千尋,1,55,教員,北海道,Hokkaido,Teacher
2005089,高橋直樹,28,20,飲食業,兵庫県,Hyogo,Food service
2005090,滝沢結衣,5,21,看護師,秋田県,Akita,Nurse
2005091,横山克彦,11,43,自営業,埼玉県,Saitama,Self-employed
2005092,平野葵,11,67,薬剤師,埼玉県,Saitama,Pharmacist
2005093,小川和也,1,67,自営業,北海道,Hokkaido,Self-employed
2005094,安藤葵,32,22,運転手,島根県,Shimane,Driver
2005095,上田航,12,38,薬剤師,千葉県,Chiba,Pharmacist
2005096,水野駿,43,27,学生,熊本県,Kumamoto,Student
2005097,今井義明,28,29,研究職,兵庫県,Hyogo,Researcher
2005098,山崎達也,24,69,薬剤師,三重県,Mie,Pharmacist
2005099,太田幸子,40,34,デザイナー,福岡県,Fukuoka,Designer
2005100,菅原玲子,13,69,会社員,東京都,Tokyo,Company employee
2005101,菅原心春,13,24,薬剤師,東京都,Tokyo,Pharmacist
2005102,岡田悠斗,11,55,会計士,埼玉県,Saitama,Accountant
2005103,岩崎健太,11,49,運転手,埼玉県,Saitama,Driver
2005104,田口蓮,12,46,保育士,千葉県,Chiba,Childcare worker
2005105,坂本和也,45,21,学生,宮崎県,Miyazaki,Student
2005106,林幸子,28,47,農業,兵庫県,Hyogo,Farmer
2005107,島田陽介,13,21,公務員,東京都,Tokyo,Public servant
2005108,上田莉子,9,40,弁護士,栃木県,Tochigi,Lawyer
2005109,清水誠,25,46,保育士,滋賀県,Shiga,Childcare worker
2005110,横田拓也,13,67,医師,東京都,Tokyo,Physician
2005111,田口浩二,42,30,保育士,長崎県,Nagasaki,Childcare worker
2005112,安田凛,47,27,建築士,沖縄県,Okinawa,Architect
2005113,橋本大地,5,36,教員,秋田県,Akita,Teacher
2005114,滝沢翔太,22,30,学生,静岡県,Shizuoka,Student
2005115,大西駿,6,36,経理・財務,山形県,Yamagata,Accounting and finance
2005116,関玲子,30,69,コンサルタント,和歌山県,Wakayama,Consultant
2005117,木下大地,42,25,薬剤師,長崎県,Nagasaki,Pharmacist
2005118,中野光子,13,68,パート・アルバイト,東京都,Tokyo,Part-time worker
2005119,本田亮,1,64,経理・財務,北海道,Hokkaido,Accounting and finance
2005120,坂本真一,43,42,その他,熊本県,Kumamoto,Other
2005121,佐々木朱莉,13,34,漁業,東京都,Tokyo,Fisher
2005122,平野楓,2,47,販売員,青森県,Aomori,Retail staff
2005123,白石凛,10,33,農業,群馬県,Gunma,Farmer
2005124,松本拓也,40,55,学生,福岡県,Fukuoka,Student
2005125,石田亜希子,7,43,会計士,福島県,Fukushima,Accountant
2005126,伊藤澪,10,35,研究職,群馬県,Gunma,Researcher
2005127,小林玲子,13,55,建築士,東京都,Tokyo,Architect
2005128,菊地康平,44,50,営業職,大分県,Oita,Sales
2005129,松岡芽衣,14,35,薬剤師,神奈川県,Kanagawa,Pharmacist
2005130,前田翔太,16,47,看護師,富山県,Toyama,Nurse
2005131,加藤雄大,24,33,看護師,三重県,Mie,Nurse
2005132,小島涼太,40,51,コンサルタント,福岡県,Fukuoka,Consultant
2005133,島田春香,6,69,美容師,山形県,Yamagata,Hairdresser
2005134,佐々木光子,14,55,その他,神奈川県,Kanagawa,Other
2005135,宮本玲子,22,50,保育士,静岡県,Shizuoka,Childcare worker
2005136,林真一,47,53,薬剤師,沖縄県,Okinawa,Pharmacist
2005137,木下蓮,13,24,販売員,東京都,Tokyo,Retail staff
2005138,小野博之,11,44,営業職,埼玉県,Saitama,Sales
2005139,藤田結衣,38,22,年金受給者,愛媛県,Ehime,Pensioner
2005140,斎藤哲也,28,58,看護師,兵庫県,Hyogo,Nurse
2005141,阿部直樹,22,28,経理・財務,静岡県,Shizuoka,Accounting and finance
2005142,小林健太,40,46,薬剤師,福岡県,Fukuoka,Pharmacist
2005143,井上亜希子,5,43,飲食業,秋田県,Akita,Food service
2005144,千葉由美,14,40,医師,神奈川県,Kanagawa,Physician
2005145,佐野義明,12,32,販売員,千葉県,Chiba,Retail staff
2005146,田口洋平,1,25,会社員,北海道,Hokkaido,Company employee
2005147,加藤康平,28,38,営業職,兵庫県,Hyogo,Sales
2005148,渡部美咲,11,35,公務員,埼玉県,Saitama,Public servant
2005149,小松心春,44,46,看護師,大分県,Oita,Nurse
2005150,阿部幸子,28,44,エンジニア,兵庫県,Hyogo,Engineer
2005151,中山正樹,14,61,研究職,神奈川県,Kanagawa,Researcher
2005152,近藤幸子,19,27,会計士,山梨県,Yamanashi,Accountant
2005153,小松悠斗,20,34,営業職,長野県,Nagano,Sales
2005154,上田隆志,30,33,看護師,和歌山県,Wakayama,Nurse
2005155,近藤香織,10,56,販売員,群馬県,Gunma,Retail staff
2005156,新井由美,33,51,保育士,岡山県,Okayama,Childcare worker
2005157,宮本達也,41,55,販売員,佐賀県,Saga,Retail staff
2005158,大塚英樹,28,29,デザイナー,兵庫県,Hyogo,Designer
2005159,新井義明,12,53,弁護士,千葉県,Chiba,Lawyer
2005160,千葉芽衣,15,43,建築士,新潟県,Niigata,Architect
2005161,福田陽子,14,68,販売員,神奈川県,Kanagawa,Retail staff
2005162,石川智子,22,47,コンサルタント,静岡県,Shizuoka,Consultant
2005163,星野啓介,29,34,研究職,奈良県,Nara,Researcher
2005164,高田直樹,27,32,年金受給者,大阪府,Osaka,Pensioner
2005165,高木美咲,7,31,コンサルタント,福島県,Fukushima,Consultant
2005166,増田和也,12,40,自営業,千葉県,Chiba,Self-employed
2005167,斎藤京子,23,23,会社員,愛知県,Aichi,Company employee
2005168,遠藤哲也,13,42,弁護士,東京都,Tokyo,Lawyer
2005169,原莉子,22,54,漁業,静岡県,Shizuoka,Fisher
2005170,浜田智子,5,51,販売員,秋田県,Akita,Retail staff
2005171,石井拓也,11,45,美容師,埼玉県,Saitama,Hairdresser
2005172,篠原智也,26,69,弁護士,京都府,Kyoto,Lawyer
2005173,石川直樹,13,24,経理・財務,東京都,Tokyo,Accounting and finance
2005174,渡部孝之,43,43,農業,熊本県,Kumamoto,Farmer
2005175,池田莉子,3,22,自営業,岩手県,Iwate,Self-employed
2005176,佐々木洋平,14,50,年金受給者,神奈川県,Kanagawa,Pensioner
2005177,橋本智也,20,67,経理・財務,長野県,Nagano,Accounting and finance
2005178,石川凛,40,45,運転手,福岡県,Fukuoka,Driver
2005179,松本博之,28,31,自営業,兵庫県,Hyogo,Self-employed
2005180,大塚芽衣,43,45,エンジニア,熊本県,Kumamoto,Engineer
2005181,高木美穂,40,42,建築士,福岡県,Fukuoka,Architect
2005182,和田彩,30,49,農業,和歌山県,Wakayama,Farmer
2005183,高田雄大,1,21,デザイナー,北海道,Hokkaido,Designer
2005184,古川哲也,11,54,飲食業,埼玉県,Saitama,Food service
2005185,中山洋子,12,57,教員,千葉県,Chiba,Teacher
2005186,古川陸,40,46,販売員,福岡県,Fukuoka,Retail staff
2005187,斎藤沙織,12,63,コンサルタント,千葉県,Chiba,Consultant
2005188,森京子,15,71,経理・財務,新潟県,Niigata,Accounting and finance
2005189,木村光,14,47,運転手,神奈川県,Kanagawa,Driver
2005190,藤田隆志,30,32,飲食業,和歌山県,Wakayama,Food service
2005191,今井博之,28,51,営業職,兵庫県,Hyogo,Sales
2005192,加藤和也,22,44,美容師,静岡県,Shizuoka,Hairdresser
2005193,柴田楓,40,49,飲食業,福岡県,Fukuoka,Food service
2005194,島田真一,14,42,デザイナー,神奈川県,Kanagawa,Designer
2005195,井上孝之,22,60,建築士,静岡県,Shizuoka,Architect
2005196,阿部亜希子,40,38,エンジニア,福岡県,Fukuoka,Engineer
2005197,松岡凛,45,51,建築士,宮崎県,Miyazaki,Architect
2005198,宮崎智也,24,28,その他,三重県,Mie,Other
2005199,増田康平,28,32,看護師,兵庫県,Hyogo,Nurse
2005200,増田隆志,23,35,エンジニア,愛知県,Aichi,Engineer
2005201,中野奈々,13,75,公務員,東京都,Tokyo,Public servant
2005202,山下典子,40,24,看護師,福岡県,Fukuoka,Nurse
2005203,村上啓介,14,21,医師,神奈川県,Kanagawa,Physician
2005204,河野蓮,32,28,会計士,島根県,Shimane,Accountant
2005205,柴田隆志,11,53,弁護士,埼玉県,Saitama,Lawyer
2005206,中村悠斗,11,20,年金受給者,埼玉県,Saitama,Pensioner
2005207,小野洋平,12,40,主婦・主夫,千葉県,Chiba,Homemaker
2005208,本田翔太,13,32,学生,東京都,Tokyo,Student
2005209,大西涼太,46,64,教員,鹿児島県,Kagoshima,Teacher
2005210,後藤裕子,12,39,自営業,千葉県,Chiba,Self-employed
2005211,山田博之,11,37,薬剤師,埼玉県,Saitama,Pharmacist
2005212,酒井凛,39,27,研究職,高知県,Kochi,Researcher
2005213,青木慎太郎,21,30,その他,岐阜県,Gifu,Other
2005214,横山雄大,11,41,研究職,埼玉県,Saitama,Researcher
2005215,久保澪,13,37,学生,東京都,Tokyo,Student
2005216,浜田誠,40,45,主婦・主夫,福岡県,Fukuoka,Homemaker
2005217,藤田凛,22,40,デザイナー,静岡県,Shizuoka,Designer
2005218,森葵,13,28,薬剤師,東京都,Tokyo,Pharmacist
2005219,星野大輝,46,49,その他,鹿児島県,Kagoshima,Other
2005220,原田楓,12,39,保育士,千葉県,Chiba,Childcare worker
2005221,野村心春,1,33,薬剤師,北海道,Hokkaido,Pharmacist
2005222,杉山美穂,43,30,医師,熊本県,Kumamoto,Physician
2005223,和田克彦,1,40,販売員,北海道,Hokkaido,Retail staff
2005224,杉山航,28,79,美容師,兵庫県,Hyogo,Hairdresser
2005225,木下拓也,13,39,美容師,東京都,Tokyo,Hairdresser
2005226,河野香織,27,35,自営業,大阪府,Osaka,Self-employed
2005227,岡田春香,16,21,パート・アルバイト,富山県,Toyama,Part-time worker
2005228,後藤大輝,45,22,美容師,宮崎県,Miyazaki,Hairdresser
2005229,佐藤和子,13,43,医師,東京都,Tokyo,Physician
2005230,清水久美子,28,79,デザイナー,兵庫県,Hyogo,Designer
2005231,竹内春香,13,29,その他,東京都,Tokyo,Other
2005232,鈴木亜希子,25,47,会計士,滋賀県,Shiga,Accountant
2005233,近藤朱莉,28,21,医師,兵庫県,Hyogo,Physician
2005234,村田義明,28,44,医師,兵庫県,Hyogo,Physician
2005235,内田祐樹,12,34,年金受給者,千葉県,Chiba,Pensioner
2005236,杉本直美,9,45,保育士,栃木県,Tochigi,Childcare worker
2005237,石川奈々,24,30,パート・アルバイト,三重県,Mie,Part-time worker
2005238,渡部真一,17,28,年金受給者,石川県,Ishikawa,Pensioner
2005239,河野節子,47,32,美容師,沖縄県,Okinawa,Hairdresser
2005240,武田美咲,13,34,教員,東京都,Tokyo,Teacher
2005241,野村一郎,13,63,建築士,東京都,Tokyo,Architect
2005242,内田玲子,30,44,年金受給者,和歌山県,Wakayama,Pensioner
2005243,森田京子,27,41,教員,大阪府,Osaka,Teacher
2005244,藤田節子,13,45,公務員,東京都,Tokyo,Public servant
2005245,篠原将也,20,41,飲食業,長野県,Nagano,Food service
2005246,高木直美,23,24,看護師,愛知県,Aichi,Nurse
2005247,丸山雄大,4,29,年金受給者,宮城県,Miyagi,Pensioner
2005248,関克彦,27,73,漁業,大阪府,Osaka,Fisher
2005249,森田将也,33,74,建築士,岡山県,Okayama,Architect
2005250,中島拓也,34,26,保育士,広島県,Hiroshima,Childcare worker
2005251,白石克彦,27,29,パート・アルバイト,大阪府,Osaka,Part-time worker
2005252,森田桜,23,24,エンジニア,愛知県,Aichi,Engineer
2005253,大野沙織,25,40,パート・アルバイト,滋賀県,Shiga,Part-time worker
2005254,武田達也,27,45,漁業,大阪府,Osaka,Fisher
2005255,白石美穂,25,38,飲食業,滋賀県,Shiga,Food service
2005256,上野正樹,4,57,デザイナー,宮城県,Miyagi,Designer
2005257,柴田涼太,33,62,年金受給者,岡山県,Okayama,Pensioner
2005258,吉田真一,13,37,会社員,東京都,Tokyo,Company employee
2005259,市川克彦,2,32,会社員,青森県,Aomori,Company employee
2005260,後藤奈々,37,66,看護師,香川県,Kagawa,Nurse
2005261,田村正樹,27,69,弁護士,大阪府,Osaka,Lawyer
2005262,杉山由美,28,20,年金受給者,兵庫県,Hyogo,Pensioner
2005263,太田芽衣,42,25,年金受給者,長崎県,Nagasaki,Pensioner
2005264,松尾瑞穂,44,50,エンジニア,大分県,Oita,Engineer
2005265,白石瑞穂,34,46,美容師,広島県,Hiroshima,Hairdresser
2005266,横山春香,14,51,経理・財務,神奈川県,Kanagawa,Accounting and finance
2005267,三浦博之,12,48,販売員,千葉県,Chiba,Retail staff
2005268,田中節子,46,60,経理・財務,鹿児島県,Kagoshima,Accounting and finance
2005269,田口博之,34,48,経理・財務,広島県,Hiroshima,Accounting and finance
2005270,滝沢悠斗,8,24,運転手,茨城県,Ibaraki,Driver
2005271,長谷川凛,33,25,販売員,岡山県,Okayama,Retail staff
2005272,福田恵,45,41,自営業,宮崎県,Miyazaki,Self-employed
2005273,小林美穂,1,32,美容師,北海道,Hokkaido,Hairdresser
2005274,遠藤和也,14,26,年金受給者,神奈川県,Kanagawa,Pensioner
2005275,中山由美,21,40,エンジニア,岐阜県,Gifu,Engineer
2005276,三浦光子,47,35,研究職,沖縄県,Okinawa,Researcher
2005277,小野直樹,13,41,建築士,東京都,Tokyo,Architect
2005278,加藤浩二,19,51,弁護士,山梨県,Yamanashi,Lawyer
2005279,上野凛,27,39,コンサルタント,大阪府,Osaka,Consultant
2005280,石川和子,20,40,公務員,長野県,Nagano,Public servant
2005281,新井悠斗,33,63,教員,岡山県,Okayama,Teacher
2005282,関葵,23,31,弁護士,愛知県,Aichi,Lawyer
2005283,斎藤光,1,32,飲食業,北海道,Hokkaido,Food service
2005284,柴田陸,12,55,学生,千葉県,Chiba,Student
2005285,関楓,37,42,学生,香川県,Kagawa,Student
2005286,山下文子,44,73,薬剤師,大分県,Oita,Pharmacist
2005287,横山玲子,37,52,経理・財務,香川県,Kagawa,Accounting and finance
2005288,斎藤悠人,23,49,学生,愛知県,Aichi,Student
2005289,松本駿,26,32,飲食業,京都府,Kyoto,Food service
2005290,小島葵,14,41,コンサルタント,神奈川県,Kanagawa,Consultant
2005291,安田心春,28,35,会社員,兵庫県,Hyogo,Company employee
2005292,菊地健太,20,31,弁護士,長野県,Nagano,Lawyer
2005293,丸山克彦,24,77,公務員,三重県,Mie,Public servant
2005294,岡本美咲,17,55,年金受給者,石川県,Ishikawa,Pensioner
2005295,佐藤涼太,11,34,医師,埼玉県,Saitama,Physician
2005296,佐野健太,13,41,農業,東京都,Tokyo,Farmer
2005297,久保澪,14,63,年金受給者,神奈川県,Kanagawa,Pensioner
2005298,島田優,4,33,保育士,宮城県,Miyagi,Childcare worker
2005299,谷口克彦,13,46,パート・アルバイト,東京都,Tokyo,Part-time worker
2005300,大塚由美,11,76,その他,埼玉県,Saitama,Other
2005301,水野洋平,13,34,教員,東京都,Tokyo,Teacher
2005302,中川康平,23,33,医師,愛知県,Aichi,Physician
2005303,金子節子,12,29,経理・財務,千葉県,Chiba,Accounting and finance
2005304,井上典子,28,52,研究職,兵庫県,Hyogo,Researcher
2005305,石田奈々,37,53,年金受給者,香川県,Kagawa,Pensioner
2005306,谷口京子,36,58,コンサルタント,徳島県,Tokushima,Consultant
2005307,佐々木陽子,5,35,その他,秋田県,Akita,Other
2005308,古川浩二,27,76,薬剤師,大阪府,Osaka,Pharmacist
2005309,林隆志,22,30,自営業,静岡県,Shizuoka,Self-employed
2005310,原田涼太,28,44,弁護士,兵庫県,Hyogo,Lawyer
2005311,福田光子,11,36,学生,埼玉県,Saitama,Student
2005312,佐藤健太,36,32,看護師,徳島県,Tokushima,Nurse
2005313,青木涼太,7,52,エンジニア,福島県,Fukushima,Engineer
2005314,斎藤直美,13,56,弁護士,東京都,Tokyo,Lawyer
2005315,関洋子,22,49,農業,静岡県,Shizuoka,Farmer
2005316,藤井文子,14,53,医師,神奈川県,Kanagawa,Physician
2005317,星野奈々,13,46,弁護士,東京都,Tokyo,Lawyer
2005318,安田節子,11,44,会社員,埼玉県,Saitama,Company employee
2005319,森田節子,10,40,弁護士,群馬県,Gunma,Lawyer
2005320,今井裕子,38,43,美容師,愛媛県,Ehime,Hairdresser
2005321,藤井澪,12,30,経理・財務,千葉県,Chiba,Accounting and finance
2005322,上田幸子,12,55,その他,千葉県,Chiba,Other
2005323,大西陽介,27,36,医師,大阪府,Osaka,Physician
2005324,佐々木将也,41,39,保育士,佐賀県,Saga,Childcare worker
2005325,山下朱莉,2,58,その他,青森県,Aomori,Other
2005326,加藤康平,11,52,その他,埼玉県,Saitama,Other
2005327,中島博之,27,49,建築士,大阪府,Osaka,Architect
2005328,宮本幸子,18,59,自営業,福井県,Fukui,Self-employed
2005329,森田沙織,28,36,学生,兵庫県,Hyogo,Student
2005330,三浦彩,13,26,経理・財務,東京都,Tokyo,Accounting and finance
2005331,安藤駿,16,20,研究職,富山県,Toyama,Researcher
2005332,西村涼太,11,79,その他,埼玉県,Saitama,Other
2005333,田中達也,3,34,会社員,岩手県,Iwate,Company employee
2005334,三浦智子,10,29,医師,群馬県,Gunma,Physician
2005335,高田駿,14,43,保育士,神奈川県,Kanagawa,Childcare worker
2005336,市川恵,41,41,主婦・主夫,佐賀県,Saga,Homemaker
2005337,森田幸子,13,78,会社員,東京都,Tokyo,Company employee
2005338,横田和子,21,73,年金受給者,岐阜県,Gifu,Pensioner
2005339,鈴木悠斗,29,73,主婦・主夫,奈良県,Nara,Homemaker
2005340,遠藤浩二,13,46,パート・アルバイト,東京都,Tokyo,Part-time worker
2005341,橋本秀樹,23,25,経理・財務,愛知県,Aichi,Accounting and finance
2005342,平野凛,26,56,建築士,京都府,Kyoto,Architect
2005343,中島節子,13,68,運転手,東京都,Tokyo,Driver
2005344,竹内洋子,29,46,主婦・主夫,奈良県,Nara,Homemaker
2005345,太田陽子,28,43,自営業,兵庫県,Hyogo,Self-employed
2005346,高橋彩,25,74,経理・財務,滋賀県,Shiga,Accounting and finance
2005347,村上孝之,13,35,看護師,東京都,Tokyo,Nurse
2005348,滝沢京子,6,47,建築士,山形県,Yamagata,Architect
2005349,松岡智子,38,36,教員,愛媛県,Ehime,Teacher
2005350,岩崎京子,43,44,年金受給者,熊本県,Kumamoto,Pensioner
2005351,谷口美咲,13,41,デザイナー,東京都,Tokyo,Designer
2005352,高木香織,12,28,その他,千葉県,Chiba,Other
2005353,中野和子,43,40,会社員,熊本県,Kumamoto,Company employee
2005354,山田葵,24,40,農業,三重県,Mie,Farmer
2005355,石井莉子,36,49,パート・アルバイト,徳島県,Tokushima,Part-time worker
2005356,鈴木正樹,22,42,教員,静岡県,Shizuoka,Teacher
2005357,内田博之,11,36,経理・財務,埼玉県,Saitama,Accounting and finance
2005358,久保陽子,13,22,研究職,東京都,Tokyo,Researcher
2005359,斎藤正樹,42,22,医師,長崎県,Nagasaki,Physician
2005360,後藤悠人,40,31,運転手,福岡県,Fukuoka,Driver
2005361,工藤瑞穂,32,30,パート・アルバイト,島根県,Shimane,Part-time worker
2005362,阿部春香,40,65,薬剤師,福岡県,Fukuoka,Pharmacist
2005363,松本沙織,12,59,販売員,千葉県,Chiba,Retail staff
2005364,本田陸,31,23,飲食業,鳥取県,Tottori,Food service
2005365,森慎太郎,46,57,看護師,鹿児島県,Kagoshima,Nurse
2005366,渡部洋子,20,39,漁業,長野県,Nagano,Fisher
2005367,前田愛,33,48,会計士,岡山県,Okayama,Accountant
2005368,藤井澪,12,54,運転手,千葉県,Chiba,Driver
2005369,武田和子,13,66,経理・財務,東京都,Tokyo,Accounting and finance
2005370,小野達也,40,55,主婦・主夫,福岡県,Fukuoka,Homemaker
2005371,東大地,25,53,保育士,滋賀県,Shiga,Childcare worker
2005372,千葉博之,28,37,看護師,兵庫県,Hyogo,Nurse
2005373,太田凛,23,33,エンジニア,愛知県,Aichi,Engineer
2005374,藤原心春,22,40,デザイナー,静岡県,Shizuoka,Designer
2005375,佐野祐樹,28,59,エンジニア,兵庫県,Hyogo,Engineer
2005376,前田智子,45,47,看護師,宮崎県,Miyazaki,Nurse
2005377,後藤拓也,27,40,販売員,大阪府,Osaka,Retail staff
2005378,西村拓也,2,74,看護師,青森県,Aomori,Nurse
2005379,中島和也,11,26,医師,埼玉県,Saitama,Physician
2005380,山下瑞穂,22,25,経理・財務,静岡県,Shizuoka,Accounting and finance
2005381,後藤哲也,13,21,飲食業,東京都,Tokyo,Food service
2005382,吉田千尋,5,56,弁護士,秋田県,Akita,Lawyer
2005383,野口彩,25,49,薬剤師,滋賀県,Shiga,Pharmacist
2005384,阿部愛,18,38,学生,福井県,Fukui,Student
2005385,菅原桜,9,32,美容師,栃木県,Tochigi,Hairdresser
2005386,鈴木拓也,23,68,農業,愛知県,Aichi,Farmer
2005387,岡田悠斗,11,33,コンサルタント,埼玉県,Saitama,Consultant
2005388,原田誠,13,31,弁護士,東京都,Tokyo,Lawyer
2005389,久保亮,47,52,漁業,沖縄県,Okinawa,Fisher
2005390,古川達也,4,36,建築士,宮城県,Miyagi,Architect
2005391,斎藤香織,11,48,公務員,埼玉県,Saitama,Public servant
2005392,安藤智也,14,41,研究職,神奈川県,Kanagawa,Researcher
2005393,今井悠斗,26,22,看護師,京都府,Kyoto,Nurse
2005394,関和子,14,53,経理・財務,神奈川県,Kanagawa,Accounting and finance
2005395,佐野智子,11,41,パート・アルバイト,埼玉県,Saitama,Part-time worker
2005396,石川美咲,5,51,保育士,秋田県,Akita,Childcare worker
2005397,宮本葵,23,57,農業,愛知県,Aichi,Farmer
2005398,古川心春,32,43,営業職,島根県,Shimane,Sales
2005399,佐々木和子,13,34,会計士,東京都,Tokyo,Accountant
2005400,関美穂,17,42,その他,石川県,Ishikawa,Other
2005401,青木健太,23,70,飲食業,愛知県,Aichi,Food service
2005402,千葉智也,33,48,エンジニア,岡山県,Okayama,Engineer
2005403,工藤雄大,11,32,漁業,埼玉県,Saitama,Fisher
2005404,篠原陽子,11,29,パート・アルバイト,埼玉県,Saitama,Part-time worker
2005405,石井香織,27,69,弁護士,大阪府,Osaka,Lawyer
2005406,野村亮,11,65,研究職,埼玉県,Saitama,Researcher
2005407,中山凛,11,41,会計士,埼玉県,Saitama,Accountant
2005408,工藤千尋,28,31,美容師,兵庫県,Hyogo,Hairdresser
2005409,杉本拓也,2,32,公務員,青森県,Aomori,Public servant
2005410,星野美咲,7,46,医師,福島県,Fukushima,Physician
2005411,山崎文子,28,77,学生,兵庫県,Hyogo,Student
2005412,古川健太,24,51,教員,三重県,Mie,Teacher
2005413,和田翔太,10,53,美容師,群馬県,Gunma,Hairdresser
2005414,岩崎陽介,30,42,主婦・主夫,和歌山県,Wakayama,Homemaker
2005415,平野悠斗,34,55,研究職,広島県,Hiroshima,Researcher
2005416,原田誠,28,29,飲食業,兵庫県,Hyogo,Food service
2005417,浜田典子,18,69,看護師,福井県,Fukui,Nurse
2005418,井上節子,40,74,デザイナー,福岡県,Fukuoka,Designer
2005419,清水凛,23,27,デザイナー,愛知県,Aichi,Designer
2005420,小松駿,1,39,研究職,北海道,Hokkaido,Researcher
2005421,高木陸,13,46,保育士,東京都,Tokyo,Childcare worker
2005422,小川浩二,18,21,保育士,福井県,Fukui,Childcare worker
2005423,酒井志保,13,78,販売員,東京都,Tokyo,Retail staff
2005424,山口文子,16,52,コンサルタント,富山県,Toyama,Consultant
2005425,佐野久美子,12,28,飲食業,千葉県,Chiba,Food service
2005426,小林瑞穂,13,78,薬剤師,東京都,Tokyo,Pharmacist
2005427,大西美穂,26,41,医師,京都府,Kyoto,Physician
2005428,渡部義明,4,40,漁業,宮城県,Miyagi,Fisher
2005429,三浦優,14,24,弁護士,神奈川県,Kanagawa,Lawyer
2005430,小野瑞穂,45,40,美容師,宮崎県,Miyazaki,Hairdresser
2005431,工藤啓介,12,44,運転手,千葉県,Chiba,Driver
2005432,松尾蓮,32,52,医師,島根県,Shimane,Physician
2005433,大西光子,11,41,コンサルタント,埼玉県,Saitama,Consultant
2005434,後藤翔太,1,45,保育士,北海道,Hokkaido,Childcare worker
2005435,井上葵,23,73,飲食業,愛知県,Aichi,Food service
2005436,渡辺駿,27,49,弁護士,大阪府,Osaka,Lawyer
2005437,石川蓮,25,30,経理・財務,滋賀県,Shiga,Accounting and finance
2005438,石田悠人,27,45,飲食業,大阪府,Osaka,Food service
2005439,岩崎光,11,69,建築士,埼玉県,Saitama,Architect
2005440,松井蓮,1,33,運転手,北海道,Hokkaido,Driver
2005441,鈴木康平,31,25,エンジニア,鳥取県,Tottori,Engineer
2005442,松岡桜,27,51,医師,大阪府,Osaka,Physician
2005443,山崎春香,38,46,コンサルタント,愛媛県,Ehime,Consultant
2005444,中山香織,12,56,美容師,千葉県,Chiba,Hairdresser
2005445,鈴木浩二,28,30,エンジニア,兵庫県,Hyogo,Engineer
2005446,市川一郎,34,73,学生,広島県,Hiroshima,Student
2005447,野村節子,27,74,保育士,大阪府,Osaka,Childcare worker
2005448,安田直樹,29,33,農業,奈良県,Nara,Farmer
2005449,千葉桜,26,24,美容師,京都府,Kyoto,Hairdresser
2005450,小島香織,6,65,医師,山形県,Yamagata,Physician
2005451,前田和也,13,34,飲食業,東京都,Tokyo,Food service
2005452,村田康平,4,46,保育士,宮城県,Miyagi,Childcare worker
2005453,林典子,10,38,主婦・主夫,群馬県,Gunma,Homemaker
2005454,大塚芽衣,38,41,自営業,愛媛県,Ehime,Self-employed
2005455,中山陽子,13,39,エンジニア,東京都,Tokyo,Engineer
2005456,太田一郎,14,28,営業職,神奈川県,Kanagawa,Sales
2005457,岡本隆志,13,44,薬剤師,東京都,Tokyo,Pharmacist
2005458,丸山健太,40,22,建築士,福岡県,Fukuoka,Architect
2005459,藤井航,13,45,美容師,東京都,Tokyo,Hairdresser
2005460,平野久美子,23,33,飲食業,愛知県,Aichi,Food service
2005461,高木誠,36,29,医師,徳島県,Tokushima,Physician
2005462,菊地七海,13,27,研究職,東京都,Tokyo,Researcher
2005463,丸山直美,3,33,会計士,岩手県,Iwate,Accountant
2005464,長谷川文子,32,56,教員,島根県,Shimane,Teacher
2005465,新井葵,40,40,公務員,福岡県,Fukuoka,Public servant
2005466,金子莉子,40,34,薬剤師,福岡県,Fukuoka,Pharmacist
2005467,内田大輝,15,69,公務員,新潟県,Niigata,Public servant
2005468,前田駿,17,42,デザイナー,石川県,Ishikawa,Designer
2005469,安藤春香,6,51,建築士,山形県,Yamagata,Architect
2005470,上田康平,13,32,デザイナー,東京都,Tokyo,Designer
2005471,増田陸,13,32,飲食業,東京都,Tokyo,Food service
2005472,岩崎美咲,13,41,エンジニア,東京都,Tokyo,Engineer
2005473,柴田千尋,8,45,会社員,茨城県,Ibaraki,Company employee
2005474,高木美穂,11,42,教員,埼玉県,Saitama,Teacher
2005475,篠原莉子,32,23,薬剤師,島根県,Shimane,Pharmacist
2005476,山口桜,27,47,教員,大阪府,Osaka,Teacher
2005477,森朱莉,14,29,農業,神奈川県,Kanagawa,Farmer
2005478,石川千尋,28,44,デザイナー,兵庫県,Hyogo,Designer
2005479,小川心春,14,39,パート・アルバイト,神奈川県,Kanagawa,Part-time worker
2005480,佐藤智子,28,28,自営業,兵庫県,Hyogo,Self-employed
2005481,岡田浩二,11,36,会計士,埼玉県,Saitama,Accountant
2005482,原田一郎,14,37,看護師,神奈川県,Kanagawa,Nurse
2005483,坂本真央,12,31,コンサルタント,千葉県,Chiba,Consultant
2005484,加藤涼太,47,55,コンサルタント,沖縄県,Okinawa,Consultant
2005485,杉本悠斗,13,34,漁業,東京都,Tokyo,Fisher
2005486,河野涼太,16,79,年金受給者,富山県,Toyama,Pensioner
2005487,中村瑞穂,15,58,教員,新潟県,Niigata,Teacher
2005488,藤井悠斗,22,52,弁護士,静岡県,Shizuoka,Lawyer
2005489,中川陽介,23,32,デザイナー,愛知県,Aichi,Designer
2005490,山下美穂,13,53,看護師,東京都,Tokyo,Nurse
2005491,松岡陽子,9,38,漁業,栃木県,Tochigi,Fisher
2005492,小野志保,1,31,自営業,北海道,Hokkaido,Self-employed
2005493,池田克彦,8,26,年金受給者,茨城県,Ibaraki,Pensioner
2005494,高田陽介,24,36,研究職,三重県,Mie,Researcher
2005495,原田博之,44,42,営業職,大分県,Oita,Sales
2005496,渡部真一,22,37,デザイナー,静岡県,Shizuoka,Designer
2005497,島田博之,18,41,教員,福井県,Fukui,Teacher
2005498,和田正樹,27,32,主婦・主夫,大阪府,Osaka,Homemaker
2005499,水野浩二,13,51,建築士,東京都,Tokyo,Architect
2005500,竹内浩二,2,47,年金受給者,青森県,Aomori,Pensioner
2005501,林志保,13,51,パート・アルバイト,東京都,Tokyo,Part-time worker
2005502,近藤将也,27,45,教員,大阪府,Osaka,Teacher
2005503,小川典子,28,41,デザイナー,兵庫県,Hyogo,Designer
2005504,松井直樹,8,41,営業職,茨城県,Ibaraki,Sales
2005505,山崎千尋,23,47,美容師,愛知県,Aichi,Hairdresser
2005506,高田秀樹,23,49,運転手,愛知県,Aichi,Driver
2005507,星野洋平,13,75,エンジニア,東京都,Tokyo,Engineer
2005508,宮本由美,20,27,農業,長野県,Nagano,Farmer
2005509,河野幸子,14,46,会計士,神奈川県,Kanagawa,Accountant
2005510,阿部康平,43,31,農業,熊本県,Kumamoto,Farmer
2005511,杉山祐樹,40,26,研究職,福岡県,Fukuoka,Researcher
2005512,今井節子,11,72,看護師,埼玉県,Saitama,Nurse
2005513,河野真央,23,46,保育士,愛知県,Aichi,Childcare worker
2005514,横山節子,28,41,エンジニア,兵庫県,Hyogo,Engineer
2005515,竹内真一,8,48,薬剤師,茨城県,Ibaraki,Pharmacist
2005516,田口義明,24,35,美容師,三重県,Mie,Hairdresser
2005517,小島亜希子,20,58,主婦・主夫,長野県,Nagano,Homemaker
2005518,島田葵,6,44,教員,山形県,Yamagata,Teacher
2005519,岩崎七海,13,42,看護師,東京都,Tokyo,Nurse
2005520,伊藤達也,32,59,経理・財務,島根県,Shimane,Accounting and finance
2005521,上野心春,14,28,パート・アルバイト,神奈川県,Kanagawa,Part-time worker
2005522,小松和子,13,30,コンサルタント,東京都,Tokyo,Consultant
2005523,青木智子,1,48,看護師,北海道,Hokkaido,Nurse
2005524,東葵,39,33,薬剤師,高知県,Kochi,Pharmacist
2005525,東優,13,27,薬剤師,東京都,Tokyo,Pharmacist
2005526,石井博之,21,44,自営業,岐阜県,Gifu,Self-employed
2005527,山田久美子,35,68,看護師,山口県,Yamaguchi,Nurse
2005528,平野亜希子,14,57,美容師,神奈川県,Kanagawa,Hairdresser
2005529,伊藤志保,11,62,年金受給者,埼玉県,Saitama,Pensioner
2005530,木村祐樹,43,46,コンサルタント,熊本県,Kumamoto,Consultant
2005531,柴田英樹,2,66,販売員,青森県,Aomori,Retail staff
2005532,飯田誠,14,42,医師,神奈川県,Kanagawa,Physician
2005533,森田康平,23,34,エンジニア,愛知県,Aichi,Engineer
2005534,中島瑞穂,27,43,薬剤師,大阪府,Osaka,Pharmacist
2005535,飯田悠人,11,52,その他,埼玉県,Saitama,Other
2005536,武田浩二,35,68,年金受給者,山口県,Yamaguchi,Pensioner
2005537,杉山直美,27,34,漁業,大阪府,Osaka,Fisher
2005538,藤田真央,1,69,年金受給者,北海道,Hokkaido,Pensioner
2005539,上野真一,38,38,飲食業,愛媛県,Ehime,Food service
2005540,三浦康平,1,48,看護師,北海道,Hokkaido,Nurse
2005541,谷口達也,11,56,会計士,埼玉県,Saitama,Accountant
2005542,山口拓也,20,67,学生,長野県,Nagano,Student
2005543,藤原英樹,13,58,年金受給者,東京都,Tokyo,Pensioner
2005544,佐々木葵,13,38,弁護士,東京都,Tokyo,Lawyer
2005545,杉本智也,13,55,美容師,東京都,Tokyo,Hairdresser
2005546,井上京子,31,69,自営業,鳥取県,Tottori,Self-employed
2005547,福田直樹,39,24,経理・財務,高知県,Kochi,Accounting and finance
2005548,高橋孝之,15,33,飲食業,新潟県,Niigata,Food service
2005549,平野光子,14,39,薬剤師,神奈川県,Kanagawa,Pharmacist
2005550,山田直美,16,48,会社員,富山県,Toyama,Company employee
2005551,小島祐樹,25,36,その他,滋賀県,Shiga,Other
2005552,山口智子,30,48,会計士,和歌山県,Wakayama,Accountant
2005553,原田幸子,22,78,その他,静岡県,Shizuoka,Other
2005554,藤田克彦,13,65,会計士,東京都,Tokyo,Accountant
2005555,佐々木航,7,75,美容師,福島県,Fukushima,Hairdresser
2005556,谷口駿,12,37,年金受給者,千葉県,Chiba,Pensioner
2005557,宮崎愛,11,41,農業,埼玉県,Saitama,Farmer
2005558,村田浩二,12,54,デザイナー,千葉県,Chiba,Designer
2005559,林久美子,13,23,漁業,東京都,Tokyo,Fisher
2005560,田口香織,11,38,建築士,埼玉県,Saitama,Architect
2005561,木下祐樹,14,34,美容師,神奈川県,Kanagawa,Hairdresser
2005562,山崎美咲,6,51,主婦・主夫,山形県,Yamagata,Homemaker
2005563,中山拓也,46,50,学生,鹿児島県,Kagoshima,Student
2005564,森田達也,3,42,年金受給者,岩手県,Iwate,Pensioner
2005565,小林春香,28,53,エンジニア,兵庫県,Hyogo,Engineer
2005566,林裕子,13,26,学生,東京都,Tokyo,Student
2005567,藤田直美,42,22,漁業,長崎県,Nagasaki,Fisher
2005568,木村朱莉,23,30,販売員,愛知県,Aichi,Retail staff
2005569,高橋葵,28,44,農業,兵庫県,Hyogo,Farmer
2005570,安田典子,25,24,飲食業,滋賀県,Shiga,Food service
2005571,佐藤智也,27,59,主婦・主夫,大阪府,Osaka,Homemaker
2005572,野口愛,13,40,看護師,東京都,Tokyo,Nurse
2005573,山口七海,23,42,年金受給者,愛知県,Aichi,Pensioner
2005574,遠藤桜,45,78,漁業,宮崎県,Miyazaki,Fisher
2005575,水野真一,13,37,公務員,東京都,Tokyo,Public servant
2005576,佐野心春,1,29,農業,北海道,Hokkaido,Farmer
2005577,篠原和子,23,61,販売員,愛知県,Aichi,Retail staff
2005578,田村直樹,40,78,漁業,福岡県,Fukuoka,Fisher
2005579,石田洋平,27,56,美容師,大阪府,Osaka,Hairdresser
2005580,小川英樹,14,30,販売員,神奈川県,Kanagawa,Retail staff
2005581,松岡楓,27,37,エンジニア,大阪府,Osaka,Engineer
2005582,松岡節子,27,42,コンサルタント,大阪府,Osaka,Consultant
2005583,中山一郎,19,39,経理・財務,山梨県,Yamanashi,Accounting and finance
2005584,山下志保,26,37,経理・財務,京都府,Kyoto,Accounting and finance
2005585,田中典子,47,30,美容師,沖縄県,Okinawa,Hairdresser
2005586,田村心春,1,64,エンジニア,北海道,Hokkaido,Engineer
2005587,関玲子,20,76,経理・財務,長野県,Nagano,Accounting and finance
2005588,安田久美子,23,40,会計士,愛知県,Aichi,Accountant
2005589,松本正樹,27,33,建築士,大阪府,Osaka,Architect
2005590,古川文子,33,55,会社員,岡山県,Okayama,Company employee
2005591,長谷川葵,28,26,パート・アルバイト,兵庫県,Hyogo,Part-time worker
2005592,酒井典子,8,40,デザイナー,茨城県,Ibaraki,Designer
2005593,原田和子,13,60,看護師,東京都,Tokyo,Nurse
2005594,前田祐樹,28,24,デザイナー,兵庫県,Hyogo,Designer
2005595,伊藤幸子,34,66,営業職,広島県,Hiroshima,Sales
2005596,近藤陸,19,58,美容師,山梨県,Yamanashi,Hairdresser
2005597,森優,23,24,公務員,愛知県,Aichi,Public servant
2005598,斎藤洋平,14,54,エンジニア,神奈川県,Kanagawa,Engineer
2005599,田口哲也,27,41,農業,大阪府,Osaka,Farmer
2005600,中山美咲,9,58,エンジニア,栃木県,Tochigi,Engineer
2005601,高田康平,27,38,公務員,大阪府,Osaka,Public servant
2005602,滝沢駿,9,37,営業職,栃木県,Tochigi,Sales
2005603,木村千尋,40,29,美容師,福岡県,Fukuoka,Hairdresser
2005604,太田七海,11,55,自営業,埼玉県,Saitama,Self-employed
2005605,松田結衣,13,61,薬剤師,東京都,Tokyo,Pharmacist
2005606,水野光,34,40,教員,広島県,Hiroshima,Teacher
2005607,阿部和也,43,33,販売員,熊本県,Kumamoto,Retail staff
2005608,伊藤奈々,23,35,営業職,愛知県,Aichi,Sales
2005609,松田涼太,14,21,教員,神奈川県,Kanagawa,Teacher
2005610,河野雄大,12,24,保育士,千葉県,Chiba,Childcare worker
2005611,田村洋平,26,39,その他,京都府,Kyoto,Other
2005612,山口悠斗,12,49,研究職,千葉県,Chiba,Researcher
2005613,杉山洋子,18,67,漁業,福井県,Fukui,Fisher
2005614,松尾香織,14,39,美容師,神奈川県,Kanagawa,Hairdresser
2005615,星野瑞穂,8,33,漁業,茨城県,Ibaraki,Fisher
2005616,高田奈々,23,32,エンジニア,愛知県,Aichi,Engineer
2005617,松田博之,14,44,看護師,神奈川県,Kanagawa,Nurse
2005618,山口澪,11,63,研究職,埼玉県,Saitama,Researcher
2005619,清水智子,25,38,主婦・主夫,滋賀県,Shiga,Homemaker
2005620,増田春香,32,58,コンサルタント,島根県,Shimane,Consultant
2005621,遠藤楓,44,31,農業,大分県,Oita,Farmer
2005622,佐野悠斗,27,37,教員,大阪府,Osaka,Teacher
2005623,中山香織,36,41,パート・アルバイト,徳島県,Tokushima,Part-time worker
2005624,竹内光子,12,40,その他,千葉県,Chiba,Other
2005625,林彩,11,23,コンサルタント,埼玉県,Saitama,Consultant
2005626,橋本朱莉,3,67,自営業,岩手県,Iwate,Self-employed
2005627,藤本洋平,40,55,会計士,福岡県,Fukuoka,Accountant
2005628,平野陸,23,30,飲食業,愛知県,Aichi,Food service
2005629,山崎光子,40,57,営業職,福岡県,Fukuoka,Sales
2005630,野村直樹,19,53,美容師,山梨県,Yamanashi,Hairdresser
2005631,斎藤沙織,20,30,公務員,長野県,Nagano,Public servant
2005632,阿部亮,11,57,主婦・主夫,埼玉県,Saitama,Homemaker
2005633,松尾結衣,12,33,教員,千葉県,Chiba,Teacher
2005634,小林陽介,23,25,弁護士,愛知県,Aichi,Lawyer
2005635,島田悠人,24,46,保育士,三重県,Mie,Childcare worker
2005636,岩崎誠,1,36,運転手,北海道,Hokkaido,Driver
2005637,野口京子,33,55,コンサルタント,岡山県,Okayama,Consultant
2005638,谷口洋平,28,69,その他,兵庫県,Hyogo,Other
2005639,桜井陽介,4,55,エンジニア,宮城県,Miyagi,Engineer
2005640,木村陸,40,78,医師,福岡県,Fukuoka,Physician
2005641,長谷川節子,12,68,主婦・主夫,千葉県,Chiba,Homemaker
2005642,谷口春香,27,35,漁業,大阪府,Osaka,Fisher
2005643,村田京子,12,53,保育士,千葉県,Chiba,Childcare worker
2005644,橋本裕子,1,26,運転手,北海道,Hokkaido,Driver
2005645,和田大地,14,28,保育士,神奈川県,Kanagawa,Childcare worker
2005646,河野裕子,29,36,会社員,奈良県,Nara,Company employee
2005647,横田恵,43,69,研究職,熊本県,Kumamoto,Researcher
2005648,長谷川隆志,1,65,保育士,北海道,Hokkaido,Childcare worker
2005649,中島智也,1,35,飲食業,北海道,Hokkaido,Food service
2005650,大野義明,33,49,研究職,岡山県,Okayama,Researcher
2005651,山崎直美,46,49,医師,鹿児島県,Kagoshima,Physician
2005652,高橋和也,12,35,会社員,千葉県,Chiba,Company employee
2005653,安藤和子,5,22,美容師,秋田県,Akita,Hairdresser
2005654,関康平,2,33,農業,青森県,Aomori,Farmer
2005655,工藤光,12,65,建築士,千葉県,Chiba,Architect
2005656,宮本智也,28,49,主婦・主夫,兵庫県,Hyogo,Homemaker
2005657,田中直美,14,40,主婦・主夫,神奈川県,Kanagawa,Homemaker
2005658,前田玲子,22,47,主婦・主夫,静岡県,Shizuoka,Homemaker
2005659,木下瑞穂,28,32,運転手,兵庫県,Hyogo,Driver
2005660,斎藤智也,14,49,漁業,神奈川県,Kanagawa,Fisher
2005661,市川大地,43,54,販売員,熊本県,Kumamoto,Retail staff
2005662,小島光,11,54,保育士,埼玉県,Saitama,Childcare worker
2005663,佐藤陽介,35,49,研究職,山口県,Yamaguchi,Researcher
2005664,杉本正樹,27,59,自営業,大阪府,Osaka,Self-employed
2005665,池田正樹,22,52,経理・財務,静岡県,Shizuoka,Accounting and finance
2005666,増田哲也,23,67,会社員,愛知県,Aichi,Company employee
2005667,菅原千尋,38,38,建築士,愛媛県,Ehime,Architect
2005668,上野一郎,40,53,デザイナー,福岡県,Fukuoka,Designer
2005669,木下莉子,28,32,建築士,兵庫県,Hyogo,Architect
2005670,白石祐樹,14,43,農業,神奈川県,Kanagawa,Farmer
2005671,金子真央,22,39,販売員,静岡県,Shizuoka,Retail staff
2005672,佐藤航,24,36,主婦・主夫,三重県,Mie,Homemaker
2005673,安田美穂,4,62,農業,宮城県,Miyagi,Farmer
2005674,長谷川浩二,13,33,教員,東京都,Tokyo,Teacher
2005675,平野大地,11,43,建築士,埼玉県,Saitama,Architect
2005676,森玲子,7,43,薬剤師,福島県,Fukushima,Pharmacist
2005677,渡辺涼太,13,49,医師,東京都,Tokyo,Physician
2005678,石川洋子,26,41,建築士,京都府,Kyoto,Architect
2005679,桜井典子,11,62,美容師,埼玉県,Saitama,Hairdresser
2005680,遠藤健太,32,41,コンサルタント,島根県,Shimane,Consultant
2005681,浜田光,42,36,学生,長崎県,Nagasaki,Student
2005682,石田亜希子,23,39,パート・アルバイト,愛知県,Aichi,Part-time worker
2005683,佐藤悠斗,12,33,農業,千葉県,Chiba,Farmer
2005684,原沙織,36,32,教員,徳島県,Tokushima,Teacher
2005685,新井悠人,6,28,エンジニア,山形県,Yamagata,Engineer
2005686,長谷川翔太,40,49,薬剤師,福岡県,Fukuoka,Pharmacist
2005687,渡辺拓也,12,22,医師,千葉県,Chiba,Physician
2005688,森田雄大,23,54,自営業,愛知県,Aichi,Self-employed
2005689,市川涼太,42,28,建築士,長崎県,Nagasaki,Architect
2005690,中野和子,24,49,漁業,三重県,Mie,Fisher
2005691,木村美穂,40,27,薬剤師,福岡県,Fukuoka,Pharmacist
2005692,横山澪,11,34,パート・アルバイト,埼玉県,Saitama,Part-time worker
2005693,松田心春,22,49,運転手,静岡県,Shizuoka,Driver
2005694,林洋平,30,34,学生,和歌山県,Wakayama,Student
2005695,小林結衣,6,34,販売員,山形県,Yamagata,Retail staff
2005696,菊地典子,14,47,美容師,神奈川県,Kanagawa,Hairdresser
2005697,佐々木悠斗,27,42,農業,大阪府,Osaka,Farmer
2005698,柴田智也,18,76,コンサルタント,福井県,Fukui,Consultant
2005699,山口愛,20,65,経理・財務,長野県,Nagano,Accounting and finance
2005700,三浦英樹,13,42,教員,東京都,Tokyo,Teacher
2005701,遠藤心春,46,52,美容師,鹿児島県,Kagoshima,Hairdresser
2005702,野口光子,12,28,パート・アルバイト,千葉県,Chiba,Part-time worker
2005703,中野義明,23,56,漁業,愛知県,Aichi,Fisher
2005704,田中祐樹,28,66,パート・アルバイト,兵庫県,Hyogo,Part-time worker
2005705,丸山裕子,13,58,弁護士,東京都,Tokyo,Lawyer
2005706,清水節子,37,46,弁護士,香川県,Kagawa,Lawyer
2005707,工藤康平,44,56,医師,大分県,Oita,Physician
2005708,前田心春,27,32,薬剤師,大阪府,Osaka,Pharmacist
2005709,飯田七海,25,31,自営業,滋賀県,Shiga,Self-employed
2005710,後藤洋平,22,45,保育士,静岡県,Shizuoka,Childcare worker
2005711,石川凛,14,43,年金受給者,神奈川県,Kanagawa,Pensioner
2005712,高橋航,39,30,コンサルタント,高知県,Kochi,Consultant
2005713,佐野大地,47,49,医師,沖縄県,Okinawa,Physician
2005714,関隆志,27,21,保育士,大阪府,Osaka,Childcare worker
2005715,横山春香,10,51,営業職,群馬県,Gunma,Sales
2005716,遠藤健太,35,76,弁護士,山口県,Yamaguchi,Lawyer
2005717,水野真一,14,45,営業職,神奈川県,Kanagawa,Sales
2005718,村田大輝,14,56,医師,神奈川県,Kanagawa,Physician
2005719,井上義明,8,36,コンサルタント,茨城県,Ibaraki,Consultant
2005720,池田亜希子,31,45,営業職,鳥取県,Tottori,Sales
2005721,中島裕子,11,61,会計士,埼玉県,Saitama,Accountant
2005722,木村悠斗,27,46,美容師,大阪府,Osaka,Hairdresser
2005723,前田直美,14,42,デザイナー,神奈川県,Kanagawa,Designer
2005724,金子哲也,12,46,デザイナー,千葉県,Chiba,Designer
2005725,石井志保,35,32,学生,山口県,Yamaguchi,Student
2005726,星野義明,18,43,農業,福井県,Fukui,Farmer
2005727,西村直樹,14,54,漁業,神奈川県,Kanagawa,Fisher
2005728,武田葵,19,50,看護師,山梨県,Yamanashi,Nurse
2005729,桜井結衣,39,37,その他,高知県,Kochi,Other
2005730,山下祐樹,1,39,デザイナー,北海道,Hokkaido,Designer
2005731,村田恵,31,36,主婦・主夫,鳥取県,Tottori,Homemaker
2005732,千葉克彦,20,47,看護師,長野県,Nagano,Nurse
2005733,大野雄大,27,38,エンジニア,大阪府,Osaka,Engineer
2005734,増田大地,23,57,会計士,愛知県,Aichi,Accountant
2005735,長谷川典子,12,39,教員,千葉県,Chiba,Teacher
2005736,菊地涼太,44,25,デザイナー,大分県,Oita,Designer
2005737,松尾玲子,44,50,保育士,大分県,Oita,Childcare worker
2005738,石井直樹,28,36,販売員,兵庫県,Hyogo,Retail staff
2005739,山崎健太,24,37,運転手,三重県,Mie,Driver
2005740,河野孝之,28,21,保育士,兵庫県,Hyogo,Childcare worker
2005741,関洋平,39,54,経理・財務,高知県,Kochi,Accounting and finance
2005742,太田祐樹,14,31,公務員,神奈川県,Kanagawa,Public servant
2005743,柴田隆志,14,50,漁業,神奈川県,Kanagawa,Fisher
2005744,青木和也,12,42,公務員,千葉県,Chiba,Public servant
2005745,松岡直樹,22,77,エンジニア,静岡県,Shizuoka,Engineer
2005746,田中節子,25,47,年金受給者,滋賀県,Shiga,Pensioner
2005747,上野澪,12,30,教員,千葉県,Chiba,Teacher
2005748,森田優,1,51,経理・財務,北海道,Hokkaido,Accounting and finance
2005749,山口裕子,13,53,会社員,東京都,Tokyo,Company employee
2005750,中島啓介,12,63,飲食業,千葉県,Chiba,Food service
2005751,今井桜,13,48,教員,東京都,Tokyo,Teacher
2005752,藤本悠斗,3,67,教員,岩手県,Iwate,Teacher
2005753,東直美,10,57,年金受給者,群馬県,Gunma,Pensioner
2005754,藤本裕子,27,58,運転手,大阪府,Osaka,Driver
2005755,山田陸,16,34,薬剤師,富山県,Toyama,Pharmacist
2005756,木下美咲,1,37,弁護士,北海道,Hokkaido,Lawyer
2005757,林光子,34,47,デザイナー,広島県,Hiroshima,Designer
2005758,加藤博之,44,30,保育士,大分県,Oita,Childcare worker
2005759,小島秀樹,27,53,コンサルタント,大阪府,Osaka,Consultant
2005760,市川久美子,28,31,飲食業,兵庫県,Hyogo,Food service
2005761,増田節子,13,31,自営業,東京都,Tokyo,Self-employed
2005762,小林悠人,3,37,保育士,岩手県,Iwate,Childcare worker
2005763,菊地瑞穂,23,62,会社員,愛知県,Aichi,Company employee
2005764,小松久美子,17,43,保育士,石川県,Ishikawa,Childcare worker
2005765,三浦康平,16,33,教員,富山県,Toyama,Teacher
2005766,高田沙織,23,56,漁業,愛知県,Aichi,Fisher
2005767,武田将也,45,21,年金受給者,宮崎県,Miyazaki,Pensioner
2005768,柴田沙織,19,43,エンジニア,山梨県,Yamanashi,Engineer
2005769,杉本涼太,40,60,学生,福岡県,Fukuoka,Student
2005770,中川心春,23,42,会計士,愛知県,Aichi,Accountant
2005771,滝沢結衣,23,75,デザイナー,愛知県,Aichi,Designer
2005772,千葉陽子,22,65,営業職,静岡県,Shizuoka,Sales
2005773,石田京子,9,33,主婦・主夫,栃木県,Tochigi,Homemaker
2005774,渡辺涼太,1,64,パート・アルバイト,北海道,Hokkaido,Part-time worker
2005775,田中文子,3,52,建築士,岩手県,Iwate,Architect
2005776,大西和也,12,36,医師,千葉県,Chiba,Physician
2005777,高橋恵,6,33,営業職,山形県,Yamagata,Sales
2005778,大野英樹,27,40,保育士,大阪府,Osaka,Childcare worker
2005779,清水莉子,13,38,看護師,東京都,Tokyo,Nurse
2005780,藤本幸子,11,39,研究職,埼玉県,Saitama,Researcher
2005781,工藤愛,23,37,医師,愛知県,Aichi,Physician
2005782,菊地恵,27,47,パート・アルバイト,大阪府,Osaka,Part-time worker
2005783,千葉啓介,13,43,看護師,東京都,Tokyo,Nurse
2005784,中野駿,11,24,デザイナー,埼玉県,Saitama,Designer
2005785,木下健太,6,39,教員,山形県,Yamagata,Teacher
2005786,市川節子,1,33,自営業,北海道,Hokkaido,Self-employed
2005787,斎藤千尋,38,65,公務員,愛媛県,Ehime,Public servant
2005788,村上奈々,28,26,看護師,兵庫県,Hyogo,Nurse
2005789,本田拓也,18,38,会社員,福井県,Fukui,Company employee
2005790,千葉大輝,45,26,会社員,宮崎県,Miyazaki,Company employee
2005791,竹内光,13,21,会計士,東京都,Tokyo,Accountant
2005792,清水誠,11,24,公務員,埼玉県,Saitama,Public servant
2005793,木村光子,7,41,医師,福島県,Fukushima,Physician
2005794,山口正樹,11,63,医師,埼玉県,Saitama,Physician
2005795,清水蓮,14,49,研究職,神奈川県,Kanagawa,Researcher
2005796,山下千尋,6,46,自営業,山形県,Yamagata,Self-employed
2005797,野口京子,14,44,飲食業,神奈川県,Kanagawa,Food service
2005798,高橋裕子,10,45,医師,群馬県,Gunma,Physician
2005799,坂本亮,23,48,美容師,愛知県,Aichi,Hairdresser
2005800,原洋子,10,54,年金受給者,群馬県,Gunma,Pensioner
2005801,宮崎智也,11,37,保育士,埼玉県,Saitama,Childcare worker
2005802,小川克彦,1,35,運転手,北海道,Hokkaido,Driver
2005803,坂本愛,27,45,コンサルタント,大阪府,Osaka,Consultant
2005804,渡辺心春,13,63,年金受給者,東京都,Tokyo,Pensioner
2005805,伊藤恵,11,71,会計士,埼玉県,Saitama,Accountant
2005806,池田正樹,27,36,飲食業,大阪府,Osaka,Food service
2005807,内田朱莉,35,33,薬剤師,山口県,Yamaguchi,Pharmacist
2005808,上野航,27,59,公務員,大阪府,Osaka,Public servant
2005809,阿部志保,5,37,会社員,秋田県,Akita,Company employee
2005810,和田幸子,29,69,看護師,奈良県,Nara,Nurse
2005811,林文子,13,35,年金受給者,東京都,Tokyo,Pensioner
2005812,渡部秀樹,40,50,パート・アルバイト,福岡県,Fukuoka,Part-time worker
2005813,内田澪,13,72,コンサルタント,東京都,Tokyo,Consultant
2005814,関千尋,12,30,医師,千葉県,Chiba,Physician
2005815,渡部凛,20,48,美容師,長野県,Nagano,Hairdresser
2005816,横田航,40,39,薬剤師,福岡県,Fukuoka,Pharmacist
2005817,千葉直樹,28,66,販売員,兵庫県,Hyogo,Retail staff
2005818,河野航,16,55,美容師,富山県,Toyama,Hairdresser
2005819,上野航,23,54,コンサルタント,愛知県,Aichi,Consultant
2005820,白石京子,23,67,その他,愛知県,Aichi,Other
2005821,岡本玲子,28,62,営業職,兵庫県,Hyogo,Sales
2005822,石田春香,12,55,会計士,千葉県,Chiba,Accountant
2005823,森田大輝,27,41,医師,大阪府,Osaka,Physician
2005824,河野悠人,12,44,飲食業,千葉県,Chiba,Food service
2005825,増田義明,26,27,会計士,京都府,Kyoto,Accountant
2005826,桜井葵,7,73,年金受給者,福島県,Fukushima,Pensioner
2005827,木下京子,14,43,保育士,神奈川県,Kanagawa,Childcare worker
2005828,池田亜希子,43,45,デザイナー,熊本県,Kumamoto,Designer
2005829,杉本幸子,28,50,飲食業,兵庫県,Hyogo,Food service
2005830,飯田結衣,13,56,教員,東京都,Tokyo,Teacher
2005831,工藤祐樹,28,46,保育士,兵庫県,Hyogo,Childcare worker
2005832,鈴木恵,28,75,デザイナー,兵庫県,Hyogo,Designer
2005833,浜田美穂,40,59,年金受給者,福岡県,Fukuoka,Pensioner
2005834,丸山洋子,44,59,薬剤師,大分県,Oita,Pharmacist
2005835,河野翔太,13,34,経理・財務,東京都,Tokyo,Accounting and finance
2005836,西村英樹,12,58,販売員,千葉県,Chiba,Retail staff
2005837,田村一郎,14,35,学生,神奈川県,Kanagawa,Student
2005838,横山志保,27,67,飲食業,大阪府,Osaka,Food service
2005839,野村真一,4,30,保育士,宮城県,Miyagi,Childcare worker
2005840,青木義明,27,74,美容師,大阪府,Osaka,Hairdresser
2005841,佐々木真央,11,70,運転手,埼玉県,Saitama,Driver
2005842,島田光,12,50,美容師,千葉県,Chiba,Hairdresser
2005843,酒井愛,13,36,販売員,東京都,Tokyo,Retail staff
2005844,石井裕子,33,77,経理・財務,岡山県,Okayama,Accounting and finance
2005845,野村一郎,4,69,保育士,宮城県,Miyagi,Childcare worker
2005846,原田典子,27,52,美容師,大阪府,Osaka,Hairdresser
2005847,佐野直美,36,47,飲食業,徳島県,Tokushima,Food service
2005848,谷口幸子,31,26,主婦・主夫,鳥取県,Tottori,Homemaker
2005849,安藤隆志,37,55,その他,香川県,Kagawa,Other
2005850,大塚秀樹,13,45,学生,東京都,Tokyo,Student
2005851,長谷川陽介,28,33,医師,兵庫県,Hyogo,Physician
2005852,高木大輝,41,76,経理・財務,佐賀県,Saga,Accounting and finance
2005853,岩崎直樹,40,66,自営業,福岡県,Fukuoka,Self-employed
2005854,高木光,41,55,会計士,佐賀県,Saga,Accountant
2005855,加藤英樹,22,75,営業職,静岡県,Shizuoka,Sales
2005856,岩崎英樹,11,22,会計士,埼玉県,Saitama,Accountant
2005857,渡部達也,27,31,デザイナー,大阪府,Osaka,Designer
2005858,佐野亜希子,1,40,研究職,北海道,Hokkaido,Researcher
2005859,福田拓也,12,21,建築士,千葉県,Chiba,Architect
2005860,上田美穂,17,40,農業,石川県,Ishikawa,Farmer
2005861,佐藤隆志,31,29,弁護士,鳥取県,Tottori,Lawyer
2005862,斉藤正樹,27,76,研究職,大阪府,Osaka,Researcher
2005863,原悠斗,13,35,保育士,東京都,Tokyo,Childcare worker
2005864,岩崎翔太,46,63,デザイナー,鹿児島県,Kagoshima,Designer
2005865,遠藤浩二,11,40,医師,埼玉県,Saitama,Physician
2005866,杉山雄大,47,28,弁護士,沖縄県,Okinawa,Lawyer
2005867,古川亮,27,68,エンジニア,大阪府,Osaka,Engineer
2005868,橋本雄大,11,43,保育士,埼玉県,Saitama,Childcare worker
2005869,近藤葵,3,57,自営業,岩手県,Iwate,Self-employed
2005870,杉山莉子,1,35,自営業,北海道,Hokkaido,Self-employed
2005871,桜井義明,27,54,飲食業,大阪府,Osaka,Food service
2005872,池田洋平,20,44,コンサルタント,長野県,Nagano,Consultant
2005873,橋本亜希子,13,50,美容師,東京都,Tokyo,Hairdresser
2005874,西村悠人,42,60,会社員,長崎県,Nagasaki,Company employee
2005875,杉山香織,36,46,パート・アルバイト,徳島県,Tokushima,Part-time worker
2005876,橋本航,13,40,学生,東京都,Tokyo,Student
2005877,島田葵,22,42,運転手,静岡県,Shizuoka,Driver
2005878,本田陽子,26,79,エンジニア,京都府,Kyoto,Engineer
2005879,工藤由美,22,38,販売員,静岡県,Shizuoka,Retail staff
2005880,古川結衣,23,40,経理・財務,愛知県,Aichi,Accounting and finance
2005881,山田秀樹,2,30,教員,青森県,Aomori,Teacher
2005882,小島克彦,32,62,コンサルタント,島根県,Shimane,Consultant
2005883,大塚心春,22,30,薬剤師,静岡県,Shizuoka,Pharmacist
2005884,酒井洋平,11,46,建築士,埼玉県,Saitama,Architect
2005885,河野哲也,27,27,デザイナー,大阪府,Osaka,Designer
2005886,横山愛,1,49,運転手,北海道,Hokkaido,Driver
2005887,久保沙織,11,72,漁業,埼玉県,Saitama,Fisher
2005888,渡部典子,5,54,研究職,秋田県,Akita,Researcher
2005889,市川啓介,2,40,エンジニア,青森県,Aomori,Engineer
2005890,山口義明,18,33,主婦・主夫,福井県,Fukui,Homemaker
2005891,佐藤哲也,47,21,自営業,沖縄県,Okinawa,Self-employed
2005892,武田千尋,12,57,自営業,千葉県,Chiba,Self-employed
2005893,小林洋平,6,53,販売員,山形県,Yamagata,Retail staff
2005894,篠原彩,14,31,販売員,神奈川県,Kanagawa,Retail staff
2005895,遠藤愛,10,48,研究職,群馬県,Gunma,Researcher
2005896,松尾和也,14,35,会社員,神奈川県,Kanagawa,Company employee
2005897,村田光子,16,59,運転手,富山県,Toyama,Driver
2005898,松井康平,40,79,研究職,福岡県,Fukuoka,Researcher
2005899,高橋航,12,24,パート・アルバイト,千葉県,Chiba,Part-time worker
2005900,中村智也,20,51,医師,長野県,Nagano,Physician
2005901,佐々木香織,37,61,エンジニア,香川県,Kagawa,Engineer
2005902,古川孝之,11,32,デザイナー,埼玉県,Saitama,Designer
2005903,前田航,1,30,エンジニア,北海道,Hokkaido,Engineer
2005904,横田洋平,28,32,弁護士,兵庫県,Hyogo,Lawyer
2005905,中村博之,47,42,医師,沖縄県,Okinawa,Physician
2005906,松田志保,27,43,コンサルタント,大阪府,Osaka,Consultant
2005907,内田真一,20,77,会計士,長野県,Nagano,Accountant
2005908,古川朱莉,41,44,看護師,佐賀県,Saga,Nurse
2005909,飯田博之,13,38,医師,東京都,Tokyo,Physician
2005910,村田陽子,15,45,主婦・主夫,新潟県,Niigata,Homemaker
2005911,山下悠人,14,58,年金受給者,神奈川県,Kanagawa,Pensioner
2005912,岡田楓,23,32,漁業,愛知県,Aichi,Fisher
2005913,上田義明,14,54,その他,神奈川県,Kanagawa,Other
2005914,中村澪,15,76,教員,新潟県,Niigata,Teacher
2005915,森光,1,66,看護師,北海道,Hokkaido,Nurse
2005916,石井将也,42,36,農業,長崎県,Nagasaki,Farmer
2005917,山崎陽子,23,38,農業,愛知県,Aichi,Farmer
2005918,高橋孝之,40,69,会計士,福岡県,Fukuoka,Accountant
2005919,野村京子,13,51,保育士,東京都,Tokyo,Childcare worker
2005920,斉藤直樹,13,43,建築士,東京都,Tokyo,Architect
2005921,金子恵,25,51,看護師,滋賀県,Shiga,Nurse
2005922,高橋慎太郎,23,43,医師,愛知県,Aichi,Physician
2005923,森田陽子,26,44,パート・アルバイト,京都府,Kyoto,Part-time worker
2005924,上野直美,17,25,主婦・主夫,石川県,Ishikawa,Homemaker
2005925,松田克彦,40,47,農業,福岡県,Fukuoka,Farmer
2005926,渡部陽子,14,71,医師,神奈川県,Kanagawa,Physician
2005927,青木達也,28,53,会社員,兵庫県,Hyogo,Company employee
2005928,金子美咲,9,48,経理・財務,栃木県,Tochigi,Accounting and finance
2005929,山下凛,13,35,研究職,東京都,Tokyo,Researcher
2005930,吉田幸子,15,45,デザイナー,新潟県,Niigata,Designer
2005931,丸山久美子,13,35,主婦・主夫,東京都,Tokyo,Homemaker
2005932,山本博之,33,41,研究職,岡山県,Okayama,Researcher
2005933,渡部陽子,11,49,弁護士,埼玉県,Saitama,Lawyer
2005934,松尾京子,24,21,漁業,三重県,Mie,Fisher
2005935,千葉桜,14,41,医師,神奈川県,Kanagawa,Physician
2005936,新井直樹,26,33,学生,京都府,Kyoto,Student
2005937,安藤和子,27,21,建築士,大阪府,Osaka,Architect
2005938,藤井秀樹,15,69,漁業,新潟県,Niigata,Fisher
2005939,池田典子,44,25,建築士,大分県,Oita,Architect
2005940,阿部拓也,23,23,パート・アルバイト,愛知県,Aichi,Part-time worker
2005941,山本京子,13,29,運転手,東京都,Tokyo,Driver
2005942,加藤志保,14,57,教員,神奈川県,Kanagawa,Teacher
2005943,滝沢光,10,68,看護師,群馬県,Gunma,Nurse
2005944,横田久美子,30,63,会計士,和歌山県,Wakayama,Accountant
2005945,杉山秀樹,40,27,公務員,福岡県,Fukuoka,Public servant
2005946,桜井京子,18,33,美容師,福井県,Fukui,Hairdresser
2005947,長谷川香織,40,56,その他,福岡県,Fukuoka,Other
2005948,平野美咲,23,36,飲食業,愛知県,Aichi,Food service
2005949,佐藤智也,16,66,公務員,富山県,Toyama,Public servant
2005950,渡辺由美,23,39,会計士,愛知県,Aichi,Accountant
2005951,島田裕子,22,43,建築士,静岡県,Shizuoka,Architect
2005952,星野真央,13,65,運転手,東京都,Tokyo,Driver
2005953,今井久美子,21,67,運転手,岐阜県,Gifu,Driver
2005954,加藤直樹,1,41,コンサルタント,北海道,Hokkaido,Consultant
2005955,柴田亮,45,54,エンジニア,宮崎県,Miyazaki,Engineer
2005956,田村愛,41,42,看護師,佐賀県,Saga,Nurse
2005957,太田七海,12,59,公務員,千葉県,Chiba,Public servant
2005958,井上玲子,15,55,経理・財務,新潟県,Niigata,Accounting and finance
2005959,原芽衣,21,36,エンジニア,岐阜県,Gifu,Engineer
2005960,田中澪,23,33,販売員,愛知県,Aichi,Retail staff
2005961,清水洋平,7,57,年金受給者,福島県,Fukushima,Pensioner
2005962,田中光子,14,59,会計士,神奈川県,Kanagawa,Accountant
2005963,安藤克彦,26,53,漁業,京都府,Kyoto,Fisher
2005964,横田春香,11,61,その他,埼玉県,Saitama,Other
2005965,本田蓮,44,34,コンサルタント,大分県,Oita,Consultant
2005966,井上光子,13,31,飲食業,東京都,Tokyo,Food service
2005967,安田亜希子,26,40,会計士,京都府,Kyoto,Accountant
2005968,原正樹,38,38,その他,愛媛県,Ehime,Other
2005969,岡田亜希子,13,66,会社員,東京都,Tokyo,Company employee
2005970,安田祐樹,19,59,飲食業,山梨県,Yamanashi,Food service
2005971,上田心春,12,56,エンジニア,千葉県,Chiba,Engineer
2005972,原田春香,13,47,コンサルタント,東京都,Tokyo,Consultant
2005973,松田孝之,40,67,販売員,福岡県,Fukuoka,Retail staff
2005974,佐藤智也,7,68,薬剤師,福島県,Fukushima,Pharmacist
2005975,岡田浩二,14,47,主婦・主夫,神奈川県,Kanagawa,Homemaker
2005976,小川芽衣,27,70,コンサルタント,大阪府,Osaka,Consultant
2005977,森田志保,20,57,学生,長野県,Nagano,Student
2005978,村田涼太,30,66,コンサルタント,和歌山県,Wakayama,Consultant
2005979,中山博之,27,54,看護師,大阪府,Osaka,Nurse
2005980,斎藤慎太郎,1,52,漁業,北海道,Hokkaido,Fisher
2005981,宮本心春,12,48,薬剤師,千葉県,Chiba,Pharmacist
2005982,滝沢航,29,43,漁業,奈良県,Nara,Fisher
2005983,佐藤裕子,21,43,農業,岐阜県,Gifu,Farmer
2005984,吉田澪,31,26,主婦・主夫,鳥取県,Tottori,Homemaker
2005985,石田和子,17,40,その他,石川県,Ishikawa,Other
2005986,野口沙織,22,43,保育士,静岡県,Shizuoka,Childcare worker
2005987,平野和子,1,51,販売員,北海道,Hokkaido,Retail staff
2005988,石川孝之,36,31,経理・財務,徳島県,Tokushima,Accounting and finance
2005989,藤本結衣,38,24,エンジニア,愛媛県,Ehime,Engineer
2005990,坂本大地,22,34,農業,静岡県,Shizuoka,Farmer
2005991,篠原和也,25,75,弁護士,滋賀県,Shiga,Lawyer
2005992,坂本悠人,11,55,その他,埼玉県,Saitama,Other
2005993,岡田哲也,11,33,研究職,埼玉県,Saitama,Researcher
2005994,佐々木直樹,11,44,薬剤師,埼玉県,Saitama,Pharmacist
2005995,佐野沙織,20,51,自営業,長野県,Nagano,Self-employed
2005996,安藤典子,22,58,飲食業,静岡県,Shizuoka,Food service
2005997,岡田克彦,28,39,その他,兵庫県,Hyogo,Other
2005998,岡田恵,2,57,看護師,青森県,Aomori,Nurse
2005999,柴田将也,27,76,薬剤師,大阪府,Osaka,Pharmacist
2006000,岩崎康平,13,54,農業,東京都,Tokyo,Farmer
2006001,林和也,23,45,薬剤師,愛知県,Aichi,Pharmacist
2006002,斉藤克彦,23,65,建築士,愛知県,Aichi,Architect
2006003,渡部悠斗,23,25,自営業,愛知県,Aichi,Self-employed
2006004,藤田啓介,43,44,看護師,熊本県,Kumamoto,Nurse
2006005,原田澪,24,67,営業職,三重県,Mie,Sales
2006006,佐藤陸,13,40,学生,東京都,Tokyo,Student
2006007,森田奈々,27,71,年金受給者,大阪府,Osaka,Pensioner
2006008,安田美咲,21,39,保育士,岐阜県,Gifu,Childcare worker
2006009,佐藤将也,43,35,美容師,熊本県,Kumamoto,Hairdresser
2006010,中村翔太,28,79,エンジニア,兵庫県,Hyogo,Engineer
2006011,坂本裕子,26,47,エンジニア,京都府,Kyoto,Engineer
2006012,大野楓,13,26,デザイナー,東京都,Tokyo,Designer
2006013,東隆志,23,49,会計士,愛知県,Aichi,Accountant
2006014,田口愛,30,50,その他,和歌山県,Wakayama,Other
2006015,阿部隆志,42,73,薬剤師,長崎県,Nagasaki,Pharmacist
2006016,大塚航,11,63,エンジニア,埼玉県,Saitama,Engineer
2006017,藤本奈々,35,50,年金受給者,山口県,Yamaguchi,Pensioner
2006018,大塚由美,28,62,医師,兵庫県,Hyogo,Physician
2006019,桜井博之,3,55,会計士,岩手県,Iwate,Accountant
2006020,原英樹,12,47,農業,千葉県,Chiba,Farmer
2006021,林亮,13,57,学生,東京都,Tokyo,Student
2006022,大西恵,14,29,運転手,神奈川県,Kanagawa,Driver
2006023,野口博之,46,36,パート・アルバイト,鹿児島県,Kagoshima,Part-time worker
2006024,武田智子,23,32,飲食業,愛知県,Aichi,Food service
2006025,森田涼太,27,40,美容師,大阪府,Osaka,Hairdresser
2006026,篠原由美,5,43,保育士,秋田県,Akita,Childcare worker
2006027,山田哲也,20,56,経理・財務,長野県,Nagano,Accounting and finance
2006028,井上翔太,47,25,営業職,沖縄県,Okinawa,Sales
2006029,鈴木文子,12,46,薬剤師,千葉県,Chiba,Pharmacist
2006030,宮崎節子,13,37,医師,東京都,Tokyo,Physician
2006031,藤田隆志,44,25,エンジニア,大分県,Oita,Engineer
2006032,飯田文子,12,35,販売員,千葉県,Chiba,Retail staff
2006033,宮本楓,27,33,保育士,大阪府,Osaka,Childcare worker
2006034,長谷川陽介,3,37,販売員,岩手県,Iwate,Retail staff
2006035,田口直樹,13,57,販売員,東京都,Tokyo,Retail staff
2006036,斎藤典子,1,33,年金受給者,北海道,Hokkaido,Pensioner
2006037,田村典子,11,60,自営業,埼玉県,Saitama,Self-employed
2006038,山田雄大,10,71,建築士,群馬県,Gunma,Architect
2006039,太田正樹,17,77,建築士,石川県,Ishikawa,Architect
2006040,近藤英樹,17,31,エンジニア,石川県,Ishikawa,Engineer
2006041,藤井健太,37,28,年金受給者,香川県,Kagawa,Pensioner
2006042,木下七海,13,46,農業,東京都,Tokyo,Farmer
2006043,吉田洋平,8,66,経理・財務,茨城県,Ibaraki,Accounting and finance
2006044,古川洋平,13,38,教員,東京都,Tokyo,Teacher
2006045,関玲子,35,50,パート・アルバイト,山口県,Yamaguchi,Part-time worker
2006046,丸山義明,12,35,研究職,千葉県,Chiba,Researcher
2006047,野村拓也,14,28,パート・アルバイト,神奈川県,Kanagawa,Part-time worker
2006048,松井京子,27,72,営業職,大阪府,Osaka,Sales
2006049,関愛,35,47,保育士,山口県,Yamaguchi,Childcare worker
2006050,本田七海,39,22,コンサルタント,高知県,Kochi,Consultant
2006051,小野沙織,11,35,美容師,埼玉県,Saitama,Hairdresser
2006052,杉本陽介,31,58,コンサルタント,鳥取県,Tottori,Consultant
2006053,山下智子,20,21,保育士,長野県,Nagano,Childcare worker
2006054,和田浩二,23,37,美容師,愛知県,Aichi,Hairdresser
2006055,工藤翔太,22,31,販売員,静岡県,Shizuoka,Retail staff
2006056,岡本和子,30,32,運転手,和歌山県,Wakayama,Driver
2006057,小林彩,47,69,パート・アルバイト,沖縄県,Okinawa,Part-time worker
2006058,原田優,20,60,会社員,長野県,Nagano,Company employee
2006059,森田秀樹,36,66,看護師,徳島県,Tokushima,Nurse
2006060,高田洋平,40,43,医師,福岡県,Fukuoka,Physician
2006061,森田朱莉,6,55,自営業,山形県,Yamagata,Self-employed
2006062,滝沢駿,40,40,公務員,福岡県,Fukuoka,Public servant
2006063,本田亮,1,30,経理・財務,北海道,Hokkaido,Accounting and finance
2006064,後藤陽介,44,32,営業職,大分県,Oita,Sales
2006065,岡田京子,25,62,薬剤師,滋賀県,Shiga,Pharmacist
2006066,工藤七海,33,44,農業,岡山県,Okayama,Farmer
2006067,山本春香,7,56,建築士,福島県,Fukushima,Architect
2006068,青木克彦,14,30,農業,神奈川県,Kanagawa,Farmer
2006069,村田裕子,9,22,デザイナー,栃木県,Tochigi,Designer
2006070,酒井凛,30,66,パート・アルバイト,和歌山県,Wakayama,Part-time worker
2006071,杉山将也,39,23,主婦・主夫,高知県,Kochi,Homemaker
2006072,斉藤大地,38,35,看護師,愛媛県,Ehime,Nurse
2006073,加藤陽子,11,24,運転手,埼玉県,Saitama,Driver
2006074,新井義明,28,60,美容師,兵庫県,Hyogo,Hairdresser
2006075,阿部慎太郎,13,27,営業職,東京都,Tokyo,Sales
2006076,平野蓮,40,23,漁業,福岡県,Fukuoka,Fisher
2006077,田村陽子,23,37,営業職,愛知県,Aichi,Sales
2006078,浜田奈々,5,55,保育士,秋田県,Akita,Childcare worker
2006079,滝沢啓介,40,66,教員,福岡県,Fukuoka,Teacher
2006080,松田達也,7,47,弁護士,福島県,Fukushima,Lawyer
2006081,木村真一,27,35,公務員,大阪府,Osaka,Public servant
2006082,大野健太,22,33,漁業,静岡県,Shizuoka,Fisher
2006083,小松康平,35,32,エンジニア,山口県,Yamaguchi,Engineer
2006084,田口葵,46,33,会計士,鹿児島県,Kagoshima,Accountant
2006085,山下朱莉,38,53,その他,愛媛県,Ehime,Other
2006086,松井文子,14,51,主婦・主夫,神奈川県,Kanagawa,Homemaker
2006087,酒井誠,47,45,エンジニア,沖縄県,Okinawa,Engineer
2006088,坂本洋子,27,58,販売員,大阪府,Osaka,Retail staff
2006089,杉本祐樹,12,79,学生,千葉県,Chiba,Student
2006090,田村義明,22,33,建築士,静岡県,Shizuoka,Architect
2006091,山口優,22,68,学生,静岡県,Shizuoka,Student
2006092,増田洋子,20,48,教員,長野県,Nagano,Teacher
2006093,松岡奈々,12,55,漁業,千葉県,Chiba,Fisher
2006094,杉山結衣,27,64,建築士,大阪府,Osaka,Architect
2006095,高橋由美,27,24,年金受給者,大阪府,Osaka,Pensioner
2006096,渡部楓,2,38,主婦・主夫,青森県,Aomori,Homemaker
2006097,杉山香織,11,46,エンジニア,埼玉県,Saitama,Engineer
2006098,清水祐樹,12,79,パート・アルバイト,千葉県,Chiba,Part-time worker
2006099,野村義明,1,44,会社員,北海道,Hokkaido,Company employee
2006100,木下駿,27,27,美容師,大阪府,Osaka,Hairdresser
2006101,山口孝之,11,33,建築士,埼玉県,Saitama,Architect
2006102,西村悠人,19,64,経理・財務,山梨県,Yamanashi,Accounting and finance
2006103,橋本幸子,37,30,コンサルタント,香川県,Kagawa,Consultant
2006104,中野光,46,56,営業職,鹿児島県,Kagoshima,Sales
2006105,森浩二,40,75,会社員,福岡県,Fukuoka,Company employee
2006106,滝沢節子,13,59,教員,東京都,Tokyo,Teacher
2006107,星野京子,14,20,医師,神奈川県,Kanagawa,Physician
2006108,千葉文子,23,60,学生,愛知県,Aichi,Student
2006109,佐藤久美子,11,41,薬剤師,埼玉県,Saitama,Pharmacist
2006110,大塚英樹,33,48,パート・アルバイト,岡山県,Okayama,Part-time worker
2006111,佐々木悠人,1,49,会社員,北海道,Hokkaido,Company employee
2006112,星野蓮,14,68,農業,神奈川県,Kanagawa,Farmer
2006113,竹内蓮,39,40,飲食業,高知県,Kochi,Food service
2006114,山下由美,11,38,農業,埼玉県,Saitama,Farmer
2006115,藤井大輝,13,36,建築士,東京都,Tokyo,Architect
2006116,丸山将也,24,22,薬剤師,三重県,Mie,Pharmacist
2006117,木村克彦,43,63,弁護士,熊本県,Kumamoto,Lawyer
2006118,浜田幸子,22,45,学生,静岡県,Shizuoka,Student
2006119,高木文子,13,27,営業職,東京都,Tokyo,Sales
2006120,渡辺美穂,4,40,自営業,宮城県,Miyagi,Self-employed
2006121,丸山京子,11,35,学生,埼玉県,Saitama,Student
2006122,山田哲也,27,21,看護師,大阪府,Osaka,Nurse
2006123,前田芽衣,28,79,経理・財務,兵庫県,Hyogo,Accounting and finance
2006124,中野博之,12,47,会社員,千葉県,Chiba,Company employee
2006125,村上陽子,14,58,美容師,神奈川県,Kanagawa,Hairdresser
2006126,河野和也,28,48,コンサルタント,兵庫県,Hyogo,Consultant
2006127,今井玲子,47,23,教員,沖縄県,Okinawa,Teacher
2006128,林節子,27,69,弁護士,大阪府,Osaka,Lawyer
2006129,星野恵,14,30,コンサルタント,神奈川県,Kanagawa,Consultant
2006130,高田駿,26,28,漁業,京都府,Kyoto,Fisher
2006131,斎藤直樹,46,46,コンサルタント,鹿児島県,Kagoshima,Consultant
2006132,小島美穂,19,34,農業,山梨県,Yamanashi,Farmer
2006133,池田博之,27,41,保育士,大阪府,Osaka,Childcare worker
2006134,村上悠人,27,43,飲食業,大阪府,Osaka,Food service
2006135,内田和子,20,59,看護師,長野県,Nagano,Nurse
2006136,石田結衣,35,58,弁護士,山口県,Yamaguchi,Lawyer
2006137,三浦幸子,46,48,デザイナー,鹿児島県,Kagoshima,Designer
2006138,白石哲也,14,63,自営業,神奈川県,Kanagawa,Self-employed
2006139,東沙織,33,52,学生,岡山県,Okayama,Student
2006140,横山陽介,14,22,営業職,神奈川県,Kanagawa,Sales
2006141,水野翔太,41,47,主婦・主夫,佐賀県,Saga,Homemaker
2006142,山口幸子,20,33,建築士,長野県,Nagano,Architect
2006143,藤原陽子,1,56,美容師,北海道,Hokkaido,Hairdresser
2006144,岡田翔太,27,44,教員,大阪府,Osaka,Teacher
2006145,山崎恵,26,47,漁業,京都府,Kyoto,Fisher
2006146,増田亮,14,53,弁護士,神奈川県,Kanagawa,Lawyer
2006147,久保京子,39,55,主婦・主夫,高知県,Kochi,Homemaker
2006148,金子康平,41,68,看護師,佐賀県,Saga,Nurse
2006149,工藤志保,28,63,販売員,兵庫県,Hyogo,Retail staff
2006150,杉山彩,13,57,販売員,東京都,Tokyo,Retail staff
2006151,近藤心春,14,63,会計士,神奈川県,Kanagawa,Accountant
2006152,安藤雄大,40,20,研究職,福岡県,Fukuoka,Researcher
2006153,白石真一,27,21,パート・アルバイト,大阪府,Osaka,Part-time worker
2006154,佐藤直樹,13,58,営業職,東京都,Tokyo,Sales
2006155,松尾達也,13,46,運転手,東京都,Tokyo,Driver
2006156,三浦玲子,1,62,研究職,北海道,Hokkaido,Researcher
2006157,太田和子,31,72,年金受給者,鳥取県,Tottori,Pensioner
2006158,斎藤将也,40,41,農業,福岡県,Fukuoka,Farmer
2006159,松井一郎,9,62,建築士,栃木県,Tochigi,Architect
2006160,遠藤悠人,36,34,医師,徳島県,Tokushima,Physician
2006161,安田莉子,23,69,漁業,愛知県,Aichi,Fisher
2006162,上野葵,14,45,弁護士,神奈川県,Kanagawa,Lawyer
2006163,杉山芽衣,11,43,会計士,埼玉県,Saitama,Accountant
2006164,田村智也,3,30,自営業,岩手県,Iwate,Self-employed
2006165,後藤洋平,32,63,建築士,島根県,Shimane,Architect
2006166,宮本芽衣,41,47,飲食業,佐賀県,Saga,Food service
2006167,池田哲也,5,39,農業,秋田県,Akita,Farmer
2006168,原田幸子,9,43,弁護士,栃木県,Tochigi,Lawyer
2006169,星野洋平,42,73,年金受給者,長崎県,Nagasaki,Pensioner
2006170,西村和子,12,37,自営業,千葉県,Chiba,Self-employed
2006171,石田亜希子,16,48,会計士,富山県,Toyama,Accountant
2006172,池田直樹,11,20,飲食業,埼玉県,Saitama,Food service
2006173,原大輝,2,42,エンジニア,青森県,Aomori,Engineer
2006174,竹内陽介,9,51,農業,栃木県,Tochigi,Farmer
2006175,清水美穂,13,54,公務員,東京都,Tokyo,Public servant
2006176,吉田光,11,43,医師,埼玉県,Saitama,Physician
2006177,杉山大地,27,60,コンサルタント,大阪府,Osaka,Consultant
2006178,小野雄大,13,31,主婦・主夫,東京都,Tokyo,Homemaker
2006179,石井沙織,46,65,弁護士,鹿児島県,Kagoshima,Lawyer
2006180,近藤和子,47,25,教員,沖縄県,Okinawa,Teacher
2006181,桜井結衣,40,24,経理・財務,福岡県,Fukuoka,Accounting and finance
2006182,金子博之,12,37,看護師,千葉県,Chiba,Nurse
2006183,原慎太郎,35,61,看護師,山口県,Yamaguchi,Nurse
2006184,上田幸子,22,37,会計士,静岡県,Shizuoka,Accountant
2006185,上田孝之,14,30,保育士,神奈川県,Kanagawa,Childcare worker
2006186,石川慎太郎,27,53,パート・アルバイト,大阪府,Osaka,Part-time worker
2006187,高木悠人,5,42,研究職,秋田県,Akita,Researcher
2006188,渡辺悠人,13,69,運転手,東京都,Tokyo,Driver
2006189,横田美咲,11,31,パート・アルバイト,埼玉県,Saitama,Part-time worker
2006190,高木光,3,53,運転手,岩手県,Iwate,Driver
2006191,太田正樹,27,55,会社員,大阪府,Osaka,Company employee
2006192,石田亜希子,22,39,漁業,静岡県,Shizuoka,Fisher
2006193,宮本久美子,14,26,デザイナー,神奈川県,Kanagawa,Designer
2006194,中川光子,23,76,公務員,愛知県,Aichi,Public servant
2006195,武田克彦,14,64,会計士,神奈川県,Kanagawa,Accountant
2006196,藤田航,14,26,経理・財務,神奈川県,Kanagawa,Accounting and finance
2006197,石田志保,22,47,薬剤師,静岡県,Shizuoka,Pharmacist
2006198,山本愛,27,21,飲食業,大阪府,Osaka,Food service
2006199,佐々木凛,11,68,美容師,埼玉県,Saitama,Hairdresser
2006200,松田美穂,28,71,弁護士,兵庫県,Hyogo,Lawyer
2006201,島田智子,39,67,飲食業,高知県,Kochi,Food service
2006202,杉山朱莉,16,69,保育士,富山県,Toyama,Childcare worker
2006203,宮崎愛,20,53,年金受給者,長野県,Nagano,Pensioner
2006204,増田蓮,14,74,その他,神奈川県,Kanagawa,Other
2006205,石川健太,17,36,農業,石川県,Ishikawa,Farmer
2006206,松田大輝,6,43,医師,山形県,Yamagata,Physician
2006207,鈴木香織,27,53,会計士,大阪府,Osaka,Accountant
2006208,佐々木恵,28,21,保育士,兵庫県,Hyogo,Childcare worker
2006209,上田悠人,14,42,営業職,神奈川県,Kanagawa,Sales
2006210,島田結衣,29,41,エンジニア,奈良県,Nara,Engineer
2006211,和田春香,25,34,経理・財務,滋賀県,Shiga,Accounting and finance
2006212,藤原志保,25,25,パート・アルバイト,滋賀県,Shiga,Part-time worker
2006213,石田和子,28,47,エンジニア,兵庫県,Hyogo,Engineer
2006214,小野浩二,23,57,営業職,愛知県,Aichi,Sales
2006215,中島翔太,14,44,建築士,神奈川県,Kanagawa,Architect
2006216,山田誠,28,61,コンサルタント,兵庫県,Hyogo,Consultant
2006217,岩崎孝之,43,33,会社員,熊本県,Kumamoto,Company employee
2006218,杉山朱莉,11,48,販売員,埼玉県,Saitama,Retail staff
2006219,中島裕子,10,68,飲食業,群馬県,Gunma,Food service
2006220,前田陽子,14,77,経理・財務,神奈川県,Kanagawa,Accounting and finance
2006221,林桜,27,42,自営業,大阪府,Osaka,Self-employed
2006222,大野春香,3,70,主婦・主夫,岩手県,Iwate,Homemaker
2006223,原田文子,13,31,パート・アルバイト,東京都,Tokyo,Part-time worker
2006224,横田祐樹,11,58,会計士,埼玉県,Saitama,Accountant
2006225,工藤沙織,18,52,運転手,福井県,Fukui,Driver
2006226,佐野愛,27,68,学生,大阪府,Osaka,Student
2006227,西村春香,45,56,コンサルタント,宮崎県,Miyazaki,Consultant
2006228,横田久美子,23,55,販売員,愛知県,Aichi,Retail staff
2006229,林愛,12,63,飲食業,千葉県,Chiba,Food service
2006230,中村節子,22,44,看護師,静岡県,Shizuoka,Nurse
2006231,村上沙織,6,55,その他,山形県,Yamagata,Other
2006232,大野朱莉,13,49,主婦・主夫,東京都,Tokyo,Homemaker
2006233,石田洋平,28,43,デザイナー,兵庫県,Hyogo,Designer
2006234,森田隆志,46,32,飲食業,鹿児島県,Kagoshima,Food service
2006235,篠原志保,22,36,弁護士,静岡県,Shizuoka,Lawyer
2006236,東悠斗,14,35,主婦・主夫,神奈川県,Kanagawa,Homemaker
2006237,飯田拓也,14,37,美容師,神奈川県,Kanagawa,Hairdresser
2006238,中川美穂,40,70,コンサルタント,福岡県,Fukuoka,Consultant
2006239,山田結衣,28,46,自営業,兵庫県,Hyogo,Self-employed
2006240,工藤智子,11,53,自営業,埼玉県,Saitama,Self-employed
2006241,小川心春,47,39,医師,沖縄県,Okinawa,Physician
2006242,藤本康平,13,65,建築士,東京都,Tokyo,Architect
2006243,原田香織,13,47,保育士,東京都,Tokyo,Childcare worker
2006244,藤本孝之,12,32,教員,千葉県,Chiba,Teacher
2006245,遠藤孝之,13,45,医師,東京都,Tokyo,Physician
2006246,安田幸子,1,45,公務員,北海道,Hokkaido,Public servant
2006247,渡辺幸子,13,59,会社員,東京都,Tokyo,Company employee
2006248,伊藤心春,13,36,飲食業,東京都,Tokyo,Food service
2006249,市川幸子,23,65,漁業,愛知県,Aichi,Fisher
2006250,藤原秀樹,20,51,研究職,長野県,Nagano,Researcher
2006251,岩崎春香,45,22,自営業,宮崎県,Miyazaki,Self-employed
2006252,岩崎彩,26,54,販売員,京都府,Kyoto,Retail staff
2006253,森田葵,6,21,運転手,山形県,Yamagata,Driver
2006254,藤田孝之,34,25,自営業,広島県,Hiroshima,Self-employed
2006255,鈴木真一,43,36,薬剤師,熊本県,Kumamoto,Pharmacist
2006256,市川京子,20,50,研究職,長野県,Nagano,Researcher
2006257,高木雄大,36,40,医師,徳島県,Tokushima,Physician
2006258,阿部真央,13,37,弁護士,東京都,Tokyo,Lawyer
2006259,木下大地,13,53,弁護士,東京都,Tokyo,Lawyer
2006260,山下志保,36,54,パート・アルバイト,徳島県,Tokushima,Part-time worker
2006261,白石航,27,49,パート・アルバイト,大阪府,Osaka,Part-time worker
2006262,松田文子,14,54,エンジニア,神奈川県,Kanagawa,Engineer
2006263,丸山節子,22,56,営業職,静岡県,Shizuoka,Sales
2006264,高木英樹,29,44,経理・財務,奈良県,Nara,Accounting and finance
2006265,市川愛,47,48,年金受給者,沖縄県,Okinawa,Pensioner
2006266,山田光,1,37,その他,北海道,Hokkaido,Other
2006267,池田瑞穂,16,45,飲食業,富山県,Toyama,Food service
2006268,滝沢博之,14,58,エンジニア,神奈川県,Kanagawa,Engineer
2006269,飯田由美,20,45,農業,長野県,Nagano,Farmer
2006270,中川一郎,28,54,その他,兵庫県,Hyogo,Other
2006271,佐藤典子,9,26,農業,栃木県,Tochigi,Farmer
2006272,村上直美,3,36,その他,岩手県,Iwate,Other
2006273,松岡典子,6,38,教員,山形県,Yamagata,Teacher
2006274,松田瑞穂,11,46,運転手,埼玉県,Saitama,Driver
2006275,斉藤智子,42,52,美容師,長崎県,Nagasaki,Hairdresser
2006276,渡辺大輝,15,36,公務員,新潟県,Niigata,Public servant
2006277,斉藤拓也,27,67,自営業,大阪府,Osaka,Self-employed
2006278,西村誠,23,29,美容師,愛知県,Aichi,Hairdresser
2006279,横田文子,12,35,医師,千葉県,Chiba,Physician
2006280,高田節子,45,36,主婦・主夫,宮崎県,Miyazaki,Homemaker
2006281,大塚心春,14,41,販売員,神奈川県,Kanagawa,Retail staff
2006282,山田楓,16,34,漁業,富山県,Toyama,Fisher
2006283,松岡直樹,30,54,デザイナー,和歌山県,Wakayama,Designer
2006284,高田玲子,25,56,漁業,滋賀県,Shiga,Fisher
2006285,山本健太,13,46,教員,東京都,Tokyo,Teacher
2006286,新井陽子,27,58,医師,大阪府,Osaka,Physician
2006287,藤原裕子,47,51,会社員,沖縄県,Okinawa,Company employee
2006288,青木光,31,44,美容師,鳥取県,Tottori,Hairdresser
2006289,藤井英樹,13,48,販売員,東京都,Tokyo,Retail staff
2006290,高田駿,12,29,保育士,千葉県,Chiba,Childcare worker
2006291,上田幸子,12,45,会計士,千葉県,Chiba,Accountant
2006292,河野朱莉,23,48,営業職,愛知県,Aichi,Sales
2006293,山口香織,21,36,パート・アルバイト,岐阜県,Gifu,Part-time worker
2006294,福田将也,43,51,看護師,熊本県,Kumamoto,Nurse
2006295,藤井誠,12,48,その他,千葉県,Chiba,Other
2006296,竹内悠斗,24,59,公務員,三重県,Mie,Public servant
2006297,山崎翔太,2,27,弁護士,青森県,Aomori,Lawyer
2006298,金子智也,9,56,その他,栃木県,Tochigi,Other
2006299,木下悠斗,43,30,コンサルタント,熊本県,Kumamoto,Consultant
2006300,野村航,46,49,コンサルタント,鹿児島県,Kagoshima,Consultant
2006301,千葉七海,27,58,美容師,大阪府,Osaka,Hairdresser
2006302,関悠人,45,37,デザイナー,宮崎県,Miyazaki,Designer
2006303,安田京子,12,56,自営業,千葉県,Chiba,Self-employed
2006304,横田葵,9,33,教員,栃木県,Tochigi,Teacher
2006305,新井洋平,27,44,会社員,大阪府,Osaka,Company employee
2006306,山口啓介,45,42,その他,宮崎県,Miyazaki,Other
2006307,中野和也,11,53,薬剤師,埼玉県,Saitama,Pharmacist
2006308,後藤誠,1,68,漁業,北海道,Hokkaido,Fisher
2006309,藤原真央,34,29,建築士,広島県,Hiroshima,Architect
2006310,安田浩二,23,45,コンサルタント,愛知県,Aichi,Consultant
2006311,篠原英樹,23,53,弁護士,愛知県,Aichi,Lawyer
2006312,林隆志,5,27,保育士,秋田県,Akita,Childcare worker
2006313,後藤英樹,1,41,薬剤師,北海道,Hokkaido,Pharmacist
2006314,藤原拓也,11,39,その他,埼玉県,Saitama,Other
2006315,上田玲子,29,52,保育士,奈良県,Nara,Childcare worker
2006316,横山葵,34,52,パート・アルバイト,広島県,Hiroshima,Part-time worker
2006317,福田直樹,12,39,研究職,千葉県,Chiba,Researcher
2006318,森田英樹,1,57,学生,北海道,Hokkaido,Student
2006319,伊藤裕子,31,27,会計士,鳥取県,Tottori,Accountant
2006320,藤本光,42,34,運転手,長崎県,Nagasaki,Driver
2006321,浜田心春,13,22,公務員,東京都,Tokyo,Public servant
2006322,加藤光子,14,26,飲食業,神奈川県,Kanagawa,Food service
2006323,星野智也,12,79,主婦・主夫,千葉県,Chiba,Homemaker
2006324,山本裕子,38,53,自営業,愛媛県,Ehime,Self-employed
2006325,藤原陽介,1,40,会計士,北海道,Hokkaido,Accountant
2006326,横田翔太,2,23,建築士,青森県,Aomori,Architect
2006327,山口亮,46,44,漁業,鹿児島県,Kagoshima,Fisher
2006328,安田大地,23,56,主婦・主夫,愛知県,Aichi,Homemaker
2006329,新井亜希子,45,23,自営業,宮崎県,Miyazaki,Self-employed
2006330,上田克彦,45,49,薬剤師,宮崎県,Miyazaki,Pharmacist
2006331,竹内桜,1,33,会計士,北海道,Hokkaido,Accountant
2006332,桜井陽介,23,22,自営業,愛知県,Aichi,Self-employed
2006333,篠原洋子,27,59,農業,大阪府,Osaka,Farmer
2006334,山口秀樹,12,57,漁業,千葉県,Chiba,Fisher
2006335,竹内沙織,13,41,看護師,東京都,Tokyo,Nurse
2006336,増田澪,26,38,運転手,京都府,Kyoto,Driver
2006337,吉田智也,23,51,弁護士,愛知県,Aichi,Lawyer
2006338,宮崎優,9,37,運転手,栃木県,Tochigi,Driver
2006339,近藤秀樹,13,44,パート・アルバイト,東京都,Tokyo,Part-time worker
2006340,佐藤智也,23,43,研究職,愛知県,Aichi,Researcher
2006341,平野芽衣,12,31,弁護士,千葉県,Chiba,Lawyer
2006342,松岡涼太,23,34,パート・アルバイト,愛知県,Aichi,Part-time worker
2006343,宮崎裕子,11,59,飲食業,埼玉県,Saitama,Food service
2006344,武田結衣,32,55,エンジニア,島根県,Shimane,Engineer
2006345,安藤智子,28,42,デザイナー,兵庫県,Hyogo,Designer
2006346,小島隆志,14,53,医師,神奈川県,Kanagawa,Physician
2006347,安藤典子,7,41,会社員,福島県,Fukushima,Company employee
2006348,野村瑞穂,31,35,自営業,鳥取県,Tottori,Self-employed
2006349,酒井桜,27,42,研究職,大阪府,Osaka,Researcher
2006350,桜井春香,3,39,建築士,岩手県,Iwate,Architect
2006351,渡辺雄大,24,79,研究職,三重県,Mie,Researcher
2006352,星野達也,25,40,漁業,滋賀県,Shiga,Fisher
2006353,中村義明,27,51,保育士,大阪府,Osaka,Childcare worker
2006354,滝沢真一,1,54,年金受給者,北海道,Hokkaido,Pensioner
2006355,石川志保,13,58,自営業,東京都,Tokyo,Self-employed
2006356,原康平,34,45,学生,広島県,Hiroshima,Student
2006357,杉山啓介,13,34,保育士,東京都,Tokyo,Childcare worker
2006358,原田莉子,38,46,その他,愛媛県,Ehime,Other
2006359,遠藤洋平,40,61,薬剤師,福岡県,Fukuoka,Pharmacist
2006360,清水秀樹,23,44,教員,愛知県,Aichi,Teacher
2006361,青木航,45,62,デザイナー,宮崎県,Miyazaki,Designer
2006362,菊地亜希子,12,45,主婦・主夫,千葉県,Chiba,Homemaker
2006363,石田直樹,11,45,美容師,埼玉県,Saitama,Hairdresser
2006364,藤本芽衣,23,34,会社員,愛知県,Aichi,Company employee
2006365,桜井陽介,46,50,経理・財務,鹿児島県,Kagoshima,Accounting and finance
2006366,横山久美子,39,49,研究職,高知県,Kochi,Researcher
2006367,桜井典子,13,48,年金受給者,東京都,Tokyo,Pensioner
2006368,菊地美穂,46,63,販売員,鹿児島県,Kagoshima,Retail staff
2006369,小野恵,27,60,医師,大阪府,Osaka,Physician
2006370,藤井悠斗,23,79,医師,愛知県,Aichi,Physician
2006371,山下拓也,33,31,美容師,岡山県,Okayama,Hairdresser
2006372,渡部亮,10,57,運転手,群馬県,Gunma,Driver
2006373,佐野蓮,11,33,主婦・主夫,埼玉県,Saitama,Homemaker
2006374,篠原裕子,13,77,漁業,東京都,Tokyo,Fisher
2006375,藤原悠斗,28,75,保育士,兵庫県,Hyogo,Childcare worker
2006376,滝沢一郎,9,34,エンジニア,栃木県,Tochigi,Engineer
2006377,千葉悠斗,13,61,エンジニア,東京都,Tokyo,Engineer
2006378,長谷川芽衣,18,35,主婦・主夫,福井県,Fukui,Homemaker
2006379,上田真一,18,47,パート・アルバイト,福井県,Fukui,Part-time worker
2006380,中村結衣,40,47,エンジニア,福岡県,Fukuoka,Engineer
2006381,水野陽子,25,47,学生,滋賀県,Shiga,Student
2006382,井上美咲,28,75,看護師,兵庫県,Hyogo,Nurse
2006383,中山大輝,23,25,保育士,愛知県,Aichi,Childcare worker
2006384,福田悠人,22,39,運転手,静岡県,Shizuoka,Driver
2006385,新井和子,5,51,運転手,秋田県,Akita,Driver
2006386,横田優,40,56,公務員,福岡県,Fukuoka,Public servant
2006387,加藤光子,13,40,公務員,東京都,Tokyo,Public servant
2006388,石田香織,14,73,漁業,神奈川県,Kanagawa,Fisher
2006389,遠藤久美子,23,31,営業職,愛知県,Aichi,Sales
2006390,和田愛,15,41,漁業,新潟県,Niigata,Fisher
2006391,阿部京子,40,45,主婦・主夫,福岡県,Fukuoka,Homemaker
2006392,谷口陽介,28,45,飲食業,兵庫県,Hyogo,Food service
2006393,横山結衣,42,32,営業職,長崎県,Nagasaki,Sales
2006394,内田直樹,11,45,運転手,埼玉県,Saitama,Driver
2006395,坂本将也,28,39,経理・財務,兵庫県,Hyogo,Accounting and finance
2006396,石川典子,12,49,その他,千葉県,Chiba,Other
2006397,東博之,27,55,エンジニア,大阪府,Osaka,Engineer
2006398,木下正樹,3,49,美容師,岩手県,Iwate,Hairdresser
2006399,関陽介,28,37,その他,兵庫県,Hyogo,Other
2006400,谷口直樹,23,49,パート・アルバイト,愛知県,Aichi,Part-time worker
2006401,桜井光,13,24,デザイナー,東京都,Tokyo,Designer
2006402,白石裕子,13,25,エンジニア,東京都,Tokyo,Engineer
2006403,佐々木陸,1,43,会社員,北海道,Hokkaido,Company employee
2006404,佐藤祐樹,41,27,飲食業,佐賀県,Saga,Food service
2006405,高田亜希子,28,32,営業職,兵庫県,Hyogo,Sales
2006406,杉山哲也,31,55,美容師,鳥取県,Tottori,Hairdresser
2006407,山崎智也,28,39,教員,兵庫県,Hyogo,Teacher
2006408,安田大輝,26,54,パート・アルバイト,京都府,Kyoto,Part-time worker
2006409,工藤楓,46,53,飲食業,鹿児島県,Kagoshima,Food service
2006410,高田啓介,28,38,弁護士,兵庫県,Hyogo,Lawyer
2006411,酒井孝之,28,20,農業,兵庫県,Hyogo,Farmer
2006412,後藤愛,22,28,学生,静岡県,Shizuoka,Student
2006413,藤井和子,23,74,建築士,愛知県,Aichi,Architect
2006414,柴田悠人,42,44,飲食業,長崎県,Nagasaki,Food service
2006415,杉山真一,37,42,販売員,香川県,Kagawa,Retail staff
2006416,小松芽衣,13,57,教員,東京都,Tokyo,Teacher
2006417,長谷川美穂,27,36,医師,大阪府,Osaka,Physician
2006418,飯田光子,2,55,運転手,青森県,Aomori,Driver
2006419,三浦美咲,22,61,研究職,静岡県,Shizuoka,Researcher
2006420,鈴木克彦,23,46,デザイナー,愛知県,Aichi,Designer
2006421,横山彩,3,30,運転手,岩手県,Iwate,Driver
2006422,小島香織,36,27,自営業,徳島県,Tokushima,Self-employed
2006423,森田心春,15,32,研究職,新潟県,Niigata,Researcher
2006424,田中光子,26,57,美容師,京都府,Kyoto,Hairdresser
2006425,岡本桜,10,30,経理・財務,群馬県,Gunma,Accounting and finance
2006426,菅原康平,22,29,年金受給者,静岡県,Shizuoka,Pensioner
2006427,和田康平,40,52,建築士,福岡県,Fukuoka,Architect
2006428,島田真央,14,55,漁業,神奈川県,Kanagawa,Fisher
2006429,増田雄大,27,61,保育士,大阪府,Osaka,Childcare worker
2006430,藤田康平,23,52,看護師,愛知県,Aichi,Nurse
2006431,横田拓也,1,33,農業,北海道,Hokkaido,Farmer
2006432,渡辺優,27,48,年金受給者,大阪府,Osaka,Pensioner
2006433,阿部心春,27,51,会社員,大阪府,Osaka,Company employee
2006434,篠原智子,46,30,薬剤師,鹿児島県,Kagoshima,Pharmacist
2006435,浜田正樹,22,45,営業職,静岡県,Shizuoka,Sales
2006436,藤本悠人,13,34,コンサルタント,東京都,Tokyo,Consultant
2006437,和田幸子,19,36,看護師,山梨県,Yamanashi,Nurse
2006438,水野和子,44,38,農業,大分県,Oita,Farmer
2006439,中川澪,19,31,医師,山梨県,Yamanashi,Physician
2006440,太田康平,12,59,薬剤師,千葉県,Chiba,Pharmacist
2006441,木下典子,7,51,会社員,福島県,Fukushima,Company employee
2006442,宮崎優,23,55,看護師,愛知県,Aichi,Nurse
2006443,飯田沙織,43,57,パート・アルバイト,熊本県,Kumamoto,Part-time worker
2006444,田口七海,44,33,農業,大分県,Oita,Farmer
2006445,鈴木克彦,25,45,パート・アルバイト,滋賀県,Shiga,Part-time worker
2006446,大西節子,31,48,デザイナー,鳥取県,Tottori,Designer
2006447,村上智子,12,56,薬剤師,千葉県,Chiba,Pharmacist
2006448,山口桜,1,35,エンジニア,北海道,Hokkaido,Engineer
2006449,佐藤慎太郎,13,60,漁業,東京都,Tokyo,Fisher
2006450,原田幸子,21,41,コンサルタント,岐阜県,Gifu,Consultant
2006451,吉田雄大,13,71,エンジニア,東京都,Tokyo,Engineer
2006452,横田春香,29,35,販売員,奈良県,Nara,Retail staff
2006453,西村真央,12,31,運転手,千葉県,Chiba,Driver
2006454,松田正樹,12,66,主婦・主夫,千葉県,Chiba,Homemaker
2006455,上田愛,14,74,販売員,神奈川県,Kanagawa,Retail staff
2006456,清水光子,27,62,飲食業,大阪府,Osaka,Food service
2006457,関陸,26,47,会社員,京都府,Kyoto,Company employee
2006458,斎藤将也,38,67,公務員,愛媛県,Ehime,Public servant
2006459,藤田涼太,24,33,薬剤師,三重県,Mie,Pharmacist
2006460,白石和也,2,39,学生,青森県,Aomori,Student
2006461,丸山蓮,42,38,看護師,長崎県,Nagasaki,Nurse
2006462,田村陸,13,62,会計士,東京都,Tokyo,Accountant
2006463,吉田優,44,31,公務員,大分県,Oita,Public servant
2006464,遠藤朱莉,13,37,その他,東京都,Tokyo,Other
2006465,本田典子,13,69,美容師,東京都,Tokyo,Hairdresser
2006466,小林優,23,31,弁護士,愛知県,Aichi,Lawyer
2006467,渡部凛,25,35,看護師,滋賀県,Shiga,Nurse
2006468,田村和也,22,40,会社員,静岡県,Shizuoka,Company employee
2006469,千葉朱莉,27,47,会計士,大阪府,Osaka,Accountant
2006470,佐々木真央,17,32,研究職,石川県,Ishikawa,Researcher
2006471,武田奈々,27,61,弁護士,大阪府,Osaka,Lawyer
2006472,飯田義明,40,61,医師,福岡県,Fukuoka,Physician
2006473,松本真央,27,48,薬剤師,大阪府,Osaka,Pharmacist
2006474,藤原陽介,31,32,営業職,鳥取県,Tottori,Sales
2006475,阿部結衣,30,33,農業,和歌山県,Wakayama,Farmer
2006476,大野美咲,21,37,学生,岐阜県,Gifu,Student
2006477,吉田春香,11,38,会計士,埼玉県,Saitama,Accountant
2006478,藤田千尋,32,20,漁業,島根県,Shimane,Fisher
2006479,柴田光,28,24,その他,兵庫県,Hyogo,Other
2006480,加藤七海,40,44,看護師,福岡県,Fukuoka,Nurse
2006481,酒井克彦,29,58,学生,奈良県,Nara,Student
2006482,藤井香織,2,33,デザイナー,青森県,Aomori,Designer
2006483,田村亜希子,33,62,保育士,岡山県,Okayama,Childcare worker
2006484,安藤典子,1,72,会計士,北海道,Hokkaido,Accountant
2006485,安藤航,46,27,弁護士,鹿児島県,Kagoshima,Lawyer
2006486,水野啓介,37,53,パート・アルバイト,香川県,Kagawa,Part-time worker
2006487,佐野彩,32,73,薬剤師,島根県,Shimane,Pharmacist
2006488,本田正樹,13,38,農業,東京都,Tokyo,Farmer
2006489,今井康平,13,66,エンジニア,東京都,Tokyo,Engineer
2006490,森田正樹,27,35,保育士,大阪府,Osaka,Childcare worker
2006491,小林克彦,6,31,経理・財務,山形県,Yamagata,Accounting and finance
2006492,上野智也,28,72,美容師,兵庫県,Hyogo,Hairdresser
2006493,桜井陽介,11,65,コンサルタント,埼玉県,Saitama,Consultant
2006494,宮本陽子,14,61,コンサルタント,神奈川県,Kanagawa,Consultant
2006495,大西慎太郎,38,65,飲食業,愛媛県,Ehime,Food service
2006496,阿部陽子,27,41,農業,大阪府,Osaka,Farmer
2006497,上田朱莉,1,30,営業職,北海道,Hokkaido,Sales
2006498,高木雄大,36,53,公務員,徳島県,Tokushima,Public servant
2006499,吉田洋子,15,50,美容師,新潟県,Niigata,Hairdresser
2006500,小野祐樹,13,23,公務員,東京都,Tokyo,Public servant
2006501,杉本涼太,14,29,エンジニア,神奈川県,Kanagawa,Engineer
2006502,上野桜,2,46,主婦・主夫,青森県,Aomori,Homemaker
2006503,田村義明,6,47,漁業,山形県,Yamagata,Fisher
2006504,林陽子,16,20,運転手,富山県,Toyama,Driver
2006505,橋本光子,11,35,会計士,埼玉県,Saitama,Accountant
2006506,金子啓介,5,49,薬剤師,秋田県,Akita,Pharmacist
2006507,小川祐樹,39,66,自営業,高知県,Kochi,Self-employed
2006508,木下健太,44,26,薬剤師,大分県,Oita,Pharmacist
2006509,藤原美穂,30,53,美容師,和歌山県,Wakayama,Hairdresser
2006510,林大地,22,37,主婦・主夫,静岡県,Shizuoka,Homemaker
2006511,坂本香織,14,37,学生,神奈川県,Kanagawa,Student
2006512,長谷川七海,13,74,販売員,東京都,Tokyo,Retail staff
2006513,桜井直樹,26,69,その他,京都府,Kyoto,Other
2006514,中島将也,13,49,看護師,東京都,Tokyo,Nurse
2006515,千葉結衣,1,59,会計士,北海道,Hokkaido,Accountant
2006516,村上香織,14,56,学生,神奈川県,Kanagawa,Student
2006517,小松義明,23,46,デザイナー,愛知県,Aichi,Designer
2006518,高橋悠人,16,20,飲食業,富山県,Toyama,Food service
2006519,松尾洋子,11,36,研究職,埼玉県,Saitama,Researcher
2006520,工藤葵,7,54,デザイナー,福島県,Fukushima,Designer
2006521,上野亜希子,1,42,デザイナー,北海道,Hokkaido,Designer
2006522,久保結衣,11,36,飲食業,埼玉県,Saitama,Food service
2006523,酒井涼太,1,64,飲食業,北海道,Hokkaido,Food service
2006524,滝沢葵,23,33,公務員,愛知県,Aichi,Public servant
2006525,高田澪,40,33,パート・アルバイト,福岡県,Fukuoka,Part-time worker
2006526,松本正樹,11,47,薬剤師,埼玉県,Saitama,Pharmacist
2006527,千葉智也,13,28,医師,東京都,Tokyo,Physician
2006528,滝沢克彦,41,59,営業職,佐賀県,Saga,Sales
2006529,加藤沙織,13,56,その他,東京都,Tokyo,Other
2006530,水野啓介,13,58,自営業,東京都,Tokyo,Self-employed
2006531,松田健太,11,37,主婦・主夫,埼玉県,Saitama,Homemaker
2006532,菅原久美子,46,57,薬剤師,鹿児島県,Kagoshima,Pharmacist
2006533,河野莉子,14,30,エンジニア,神奈川県,Kanagawa,Engineer
2006534,太田志保,20,30,公務員,長野県,Nagano,Public servant
2006535,木村春香,41,25,自営業,佐賀県,Saga,Self-employed
2006536,河野澪,12,42,運転手,千葉県,Chiba,Driver
2006537,渡部彩,10,38,農業,群馬県,Gunma,Farmer
2006538,白石一郎,45,45,主婦・主夫,宮崎県,Miyazaki,Homemaker
2006539,浜田大輝,23,47,看護師,愛知県,Aichi,Nurse
2006540,桜井哲也,19,48,デザイナー,山梨県,Yamanashi,Designer
2006541,長谷川航,10,35,営業職,群馬県,Gunma,Sales
2006542,山本直樹,11,37,主婦・主夫,埼玉県,Saitama,Homemaker
2006543,谷口陽介,8,53,看護師,茨城県,Ibaraki,Nurse
2006544,岡本美咲,11,33,エンジニア,埼玉県,Saitama,Engineer
2006545,加藤秀樹,14,49,販売員,神奈川県,Kanagawa,Retail staff
2006546,松岡拓也,45,54,保育士,宮崎県,Miyazaki,Childcare worker
2006547,藤田芽衣,13,33,美容師,東京都,Tokyo,Hairdresser
2006548,森田亮,25,24,保育士,滋賀県,Shiga,Childcare worker
2006549,菅原幸子,1,30,飲食業,北海道,Hokkaido,Food service
2006550,山本悠人,6,73,その他,山形県,Yamagata,Other
2006551,久保美穂,11,30,コンサルタント,埼玉県,Saitama,Consultant
2006552,関亮,23,29,経理・財務,愛知県,Aichi,Accounting and finance
2006553,市川真一,11,35,農業,埼玉県,Saitama,Farmer
2006554,山本朱莉,13,40,建築士,東京都,Tokyo,Architect
2006555,松田玲子,40,77,販売員,福岡県,Fukuoka,Retail staff
2006556,田中結衣,14,43,販売員,神奈川県,Kanagawa,Retail staff
2006557,山下由美,13,39,エンジニア,東京都,Tokyo,Engineer
2006558,宮本洋子,25,36,保育士,滋賀県,Shiga,Childcare worker
2006559,今井一郎,17,41,パート・アルバイト,石川県,Ishikawa,Part-time worker
2006560,佐々木博之,42,50,自営業,長崎県,Nagasaki,Self-employed
2006561,藤原愛,11,29,飲食業,埼玉県,Saitama,Food service
2006562,坂本啓介,40,50,販売員,福岡県,Fukuoka,Retail staff
2006563,本田直樹,14,51,経理・財務,神奈川県,Kanagawa,Accounting and finance
2006564,谷口翔太,11,26,農業,埼玉県,Saitama,Farmer
2006565,佐藤陸,27,41,建築士,大阪府,Osaka,Architect
2006566,石川義明,27,30,年金受給者,大阪府,Osaka,Pensioner
2006567,千葉志保,23,42,年金受給者,愛知県,Aichi,Pensioner
2006568,星野正樹,19,34,医師,山梨県,Yamanashi,Physician
2006569,中山直美,19,45,コンサルタント,山梨県,Yamanashi,Consultant
2006570,松本真一,13,37,会社員,東京都,Tokyo,Company employee
2006571,杉山隆志,10,37,主婦・主夫,群馬県,Gunma,Homemaker
2006572,酒井啓介,27,42,保育士,大阪府,Osaka,Childcare worker
2006573,西村光,28,55,自営業,兵庫県,Hyogo,Self-employed
2006574,野村陽子,11,53,医師,埼玉県,Saitama,Physician
2006575,田中博之,23,46,自営業,愛知県,Aichi,Self-employed
2006576,平野慎太郎,19,41,公務員,山梨県,Yamanashi,Public servant
2006577,坂本啓介,38,52,教員,愛媛県,Ehime,Teacher
2006578,白石葵,23,45,研究職,愛知県,Aichi,Researcher
2006579,今井沙織,1,37,会社員,北海道,Hokkaido,Company employee
2006580,柴田慎太郎,28,26,エンジニア,兵庫県,Hyogo,Engineer
2006581,今井健太,24,37,飲食業,三重県,Mie,Food service
2006582,中山恵,39,44,主婦・主夫,高知県,Kochi,Homemaker
2006583,白石駿,10,50,運転手,群馬県,Gunma,Driver
2006584,太田香織,47,30,エンジニア,沖縄県,Okinawa,Engineer
2006585,林真一,12,23,教員,千葉県,Chiba,Teacher
2006586,千葉玲子,13,48,年金受給者,東京都,Tokyo,Pensioner
2006587,佐野和也,33,38,経理・財務,岡山県,Okayama,Accounting and finance
2006588,松本朱莉,27,30,自営業,大阪府,Osaka,Self-employed
2006589,宮崎真央,13,61,コンサルタント,東京都,Tokyo,Consultant
2006590,河野亮,42,54,教員,長崎県,Nagasaki,Teacher
2006591,村上拓也,12,29,営業職,千葉県,Chiba,Sales
2006592,三浦英樹,12,38,公務員,千葉県,Chiba,Public servant
2006593,三浦陽子,27,30,経理・財務,大阪府,Osaka,Accounting and finance
2006594,木村誠,28,64,運転手,兵庫県,Hyogo,Driver
2006595,中川凛,11,21,会社員,埼玉県,Saitama,Company employee
2006596,渡辺千尋,29,24,弁護士,奈良県,Nara,Lawyer
2006597,小島七海,12,31,薬剤師,千葉県,Chiba,Pharmacist
2006598,谷口凛,11,47,教員,埼玉県,Saitama,Teacher
2006599,浜田陸,46,67,教員,鹿児島県,Kagoshima,Teacher
2006600,田口愛,13,40,会社員,東京都,Tokyo,Company employee
2006601,谷口孝之,1,50,看護師,北海道,Hokkaido,Nurse
2006602,東和子,1,26,飲食業,北海道,Hokkaido,Food service
2006603,佐々木香織,28,37,飲食業,兵庫県,Hyogo,Food service
2006604,河野秀樹,13,47,経理・財務,東京都,Tokyo,Accounting and finance
2006605,小林直美,47,41,医師,沖縄県,Okinawa,Physician
2006606,小林沙織,17,51,運転手,石川県,Ishikawa,Driver
2006607,井上心春,13,22,コンサルタント,東京都,Tokyo,Consultant
2006608,大野光,12,58,自営業,千葉県,Chiba,Self-employed
2006609,内田智子,11,47,コンサルタント,埼玉県,Saitama,Consultant
2006610,山下典子,15,36,飲食業,新潟県,Niigata,Food service
2006611,星野朱莉,23,45,経理・財務,愛知県,Aichi,Accounting and finance
2006612,藤田莉子,11,48,学生,埼玉県,Saitama,Student
2006613,武田哲也,1,79,医師,北海道,Hokkaido,Physician
2006614,木下慎太郎,27,70,営業職,大阪府,Osaka,Sales
2006615,渡部澪,13,66,主婦・主夫,東京都,Tokyo,Homemaker
2006616,藤田哲也,8,24,販売員,茨城県,Ibaraki,Retail staff
2006617,高橋正樹,28,73,農業,兵庫県,Hyogo,Farmer
2006618,佐藤浩二,2,67,建築士,青森県,Aomori,Architect
2006619,松井大輝,29,37,自営業,奈良県,Nara,Self-employed
2006620,中山陽介,1,20,医師,北海道,Hokkaido,Physician
2006621,斉藤由美,27,25,自営業,大阪府,Osaka,Self-employed
2006622,谷口和也,27,45,パート・アルバイト,大阪府,Osaka,Part-time worker
2006623,白石健太,13,26,公務員,東京都,Tokyo,Public servant
2006624,横田裕子,1,54,弁護士,北海道,Hokkaido,Lawyer
2006625,高田幸子,14,24,営業職,神奈川県,Kanagawa,Sales
2006626,千葉光子,13,50,飲食業,東京都,Tokyo,Food service
2006627,酒井朱莉,27,43,医師,大阪府,Osaka,Physician
2006628,佐野奈々,9,36,保育士,栃木県,Tochigi,Childcare worker
2006629,古川陸,28,48,教員,兵庫県,Hyogo,Teacher
2006630,村田亮,11,39,教員,埼玉県,Saitama,Teacher
2006631,村上葵,33,58,保育士,岡山県,Okayama,Childcare worker
2006632,松田玲子,20,20,教員,長野県,Nagano,Teacher
2006633,宮本翔太,40,36,研究職,福岡県,Fukuoka,Researcher
2006634,今井健太,13,61,年金受給者,東京都,Tokyo,Pensioner
2006635,白石達也,14,78,美容師,神奈川県,Kanagawa,Hairdresser
2006636,三浦将也,1,44,販売員,北海道,Hokkaido,Retail staff
2006637,竹内康平,46,59,コンサルタント,鹿児島県,Kagoshima,Consultant
2006638,横田智子,1,53,教員,北海道,Hokkaido,Teacher
2006639,東莉子,23,46,販売員,愛知県,Aichi,Retail staff
2006640,福田陽子,28,57,エンジニア,兵庫県,Hyogo,Engineer
2006641,新井英樹,12,41,運転手,千葉県,Chiba,Driver
2006642,小松芽衣,36,42,教員,徳島県,Tokushima,Teacher
2006643,中島大地,40,33,会社員,福岡県,Fukuoka,Company employee
2006644,清水真一,23,69,公務員,愛知県,Aichi,Public servant
2006645,高橋幸子,23,51,研究職,愛知県,Aichi,Researcher
2006646,井上香織,23,45,会社員,愛知県,Aichi,Company employee
2006647,平野一郎,21,32,研究職,岐阜県,Gifu,Researcher
2006648,菊地洋平,5,41,研究職,秋田県,Akita,Researcher
2006649,河野優,14,24,看護師,神奈川県,Kanagawa,Nurse
2006650,安田春香,19,34,教員,山梨県,Yamanashi,Teacher
2006651,野村結衣,28,33,会計士,兵庫県,Hyogo,Accountant
2006652,田中真央,27,31,営業職,大阪府,Osaka,Sales
2006653,遠藤達也,11,55,年金受給者,埼玉県,Saitama,Pensioner
2006654,飯田京子,13,25,その他,東京都,Tokyo,Other
2006655,藤田直美,13,41,医師,東京都,Tokyo,Physician
2006656,中村京子,13,47,販売員,東京都,Tokyo,Retail staff
2006657,木村真一,14,38,医師,神奈川県,Kanagawa,Physician
2006658,佐野彩,10,39,看護師,群馬県,Gunma,Nurse
2006659,飯田智也,28,27,その他,兵庫県,Hyogo,Other
2006660,増田美咲,22,50,デザイナー,静岡県,Shizuoka,Designer
2006661,野村真一,12,40,デザイナー,千葉県,Chiba,Designer
2006662,中島美穂,28,51,パート・アルバイト,兵庫県,Hyogo,Part-time worker
2006663,白石亜希子,13,63,自営業,東京都,Tokyo,Self-employed
2006664,後藤恵,23,49,コンサルタント,愛知県,Aichi,Consultant
2006665,田中文子,46,58,公務員,鹿児島県,Kagoshima,Public servant
2006666,東結衣,18,72,会社員,福井県,Fukui,Company employee
2006667,竹内美穂,23,31,研究職,愛知県,Aichi,Researcher
2006668,藤原駿,13,33,経理・財務,東京都,Tokyo,Accounting and finance
2006669,篠原慎太郎,11,77,研究職,埼玉県,Saitama,Researcher
2006670,横田哲也,24,53,薬剤師,三重県,Mie,Pharmacist
2006671,井上誠,31,56,医師,鳥取県,Tottori,Physician
2006672,太田拓也,40,50,薬剤師,福岡県,Fukuoka,Pharmacist
2006673,今井智子,34,20,コンサルタント,広島県,Hiroshima,Consultant
2006674,村田大地,11,41,研究職,埼玉県,Saitama,Researcher
2006675,大野亮,27,38,経理・財務,大阪府,Osaka,Accounting and finance
2006676,菅原楓,22,68,主婦・主夫,静岡県,Shizuoka,Homemaker
2006677,藤井将也,1,53,弁護士,北海道,Hokkaido,Lawyer
2006678,森田志保,27,34,運転手,大阪府,Osaka,Driver
2006679,市川美穂,1,27,自営業,北海道,Hokkaido,Self-employed
2006680,安藤克彦,21,46,漁業,岐阜県,Gifu,Fisher
2006681,丸山文子,31,32,会社員,鳥取県,Tottori,Company employee
2006682,竹内瑞穂,24,46,会計士,三重県,Mie,Accountant
2006683,森博之,39,76,美容師,高知県,Kochi,Hairdresser
2006684,中野千尋,27,63,自営業,大阪府,Osaka,Self-employed
2006685,和田澪,8,23,会計士,茨城県,Ibaraki,Accountant
2006686,浜田美穂,4,60,エンジニア,宮城県,Miyagi,Engineer
2006687,岩崎愛,11,20,弁護士,埼玉県,Saitama,Lawyer
2006688,佐野光子,27,37,学生,大阪府,Osaka,Student
2006689,星野慎太郎,18,52,飲食業,福井県,Fukui,Food service
2006690,岡田直美,25,43,医師,滋賀県,Shiga,Physician
2006691,鈴木春香,24,38,会計士,三重県,Mie,Accountant
2006692,中村奈々,14,51,美容師,神奈川県,Kanagawa,Hairdresser
2006693,橋本健太,37,35,農業,香川県,Kagawa,Farmer
2006694,中山恵,13,42,看護師,東京都,Tokyo,Nurse
2006695,岡本文子,10,54,その他,群馬県,Gunma,Other
2006696,加藤大地,11,72,パート・アルバイト,埼玉県,Saitama,Part-time worker
2006697,飯田克彦,28,66,公務員,兵庫県,Hyogo,Public servant
2006698,山本光,35,56,年金受給者,山口県,Yamaguchi,Pensioner
2006699,市川大輝,11,67,美容師,埼玉県,Saitama,Hairdresser
2006700,藤本正樹,6,50,その他,山形県,Yamagata,Other
2006701,星野和子,13,37,主婦・主夫,東京都,Tokyo,Homemaker
2006702,清水奈々,11,20,建築士,埼玉県,Saitama,Architect
2006703,井上達也,27,24,会計士,大阪府,Osaka,Accountant
2006704,古川悠人,12,48,薬剤師,千葉県,Chiba,Pharmacist
2006705,福田香織,2,49,会社員,青森県,Aomori,Company employee
2006706,小林拓也,34,34,会社員,広島県,Hiroshima,Company employee
2006707,小林京子,12,77,保育士,千葉県,Chiba,Childcare worker
2006708,岩崎和子,27,52,運転手,大阪府,Osaka,Driver
2006709,松田愛,14,30,美容師,神奈川県,Kanagawa,Hairdresser
2006710,中島直美,13,34,看護師,東京都,Tokyo,Nurse
2006711,松井博之,25,58,販売員,滋賀県,Shiga,Retail staff
2006712,市川愛,6,73,営業職,山形県,Yamagata,Sales
2006713,加藤亜希子,5,42,主婦・主夫,秋田県,Akita,Homemaker
2006714,杉本節子,28,63,会社員,兵庫県,Hyogo,Company employee
2006715,桜井陽子,23,21,飲食業,愛知県,Aichi,Food service
2006716,武田光,22,25,年金受給者,静岡県,Shizuoka,Pensioner
2006717,宮本慎太郎,22,41,経理・財務,静岡県,Shizuoka,Accounting and finance
2006718,清水幸子,21,59,教員,岐阜県,Gifu,Teacher
2006719,本田航,3,30,販売員,岩手県,Iwate,Retail staff
2006720,佐野美咲,13,49,教員,東京都,Tokyo,Teacher
2006721,河野陸,7,26,パート・アルバイト,福島県,Fukushima,Part-time worker
2006722,小川愛,1,61,漁業,北海道,Hokkaido,Fisher
2006723,菅原蓮,35,51,学生,山口県,Yamaguchi,Student
2006724,井上大輝,45,28,コンサルタント,宮崎県,Miyazaki,Consultant
2006725,宮崎拓也,22,49,医師,静岡県,Shizuoka,Physician
2006726,福田智子,47,38,年金受給者,沖縄県,Okinawa,Pensioner
2006727,増田陽子,40,27,弁護士,福岡県,Fukuoka,Lawyer
2006728,近藤光,25,20,農業,滋賀県,Shiga,Farmer
2006729,小林美穂,15,42,弁護士,新潟県,Niigata,Lawyer
2006730,岡本春香,23,77,漁業,愛知県,Aichi,Fisher
2006731,藤田悠人,4,44,弁護士,宮城県,Miyagi,Lawyer
2006732,東典子,38,47,会計士,愛媛県,Ehime,Accountant
2006733,千葉典子,27,29,漁業,大阪府,Osaka,Fisher
2006734,伊藤大地,42,30,年金受給者,長崎県,Nagasaki,Pensioner
2006735,鈴木幸子,28,69,美容師,兵庫県,Hyogo,Hairdresser
2006736,森美咲,15,36,学生,新潟県,Niigata,Student
2006737,山口直美,11,59,医師,埼玉県,Saitama,Physician
2006738,小林亮,40,41,自営業,福岡県,Fukuoka,Self-employed
2006739,中野亮,20,25,農業,長野県,Nagano,Farmer
2006740,後藤陽介,28,47,会計士,兵庫県,Hyogo,Accountant
2006741,木村美咲,27,42,建築士,大阪府,Osaka,Architect
2006742,松尾涼太,27,56,運転手,大阪府,Osaka,Driver
2006743,林節子,29,38,医師,奈良県,Nara,Physician
2006744,橋本美穂,28,36,学生,兵庫県,Hyogo,Student
2006745,野村智也,40,40,運転手,福岡県,Fukuoka,Driver
2006746,飯田美穂,27,45,自営業,大阪府,Osaka,Self-employed
2006747,石井芽衣,47,40,公務員,沖縄県,Okinawa,Public servant
2006748,小松莉子,40,30,会計士,福岡県,Fukuoka,Accountant
2006749,中野涼太,5,36,美容師,秋田県,Akita,Hairdresser
2006750,武田孝之,27,59,経理・財務,大阪府,Osaka,Accounting and finance
2006751,中川澪,35,27,保育士,山口県,Yamaguchi,Childcare worker
2006752,野村悠斗,22,53,公務員,静岡県,Shizuoka,Public servant
2006753,増田優,17,48,エンジニア,石川県,Ishikawa,Engineer
2006754,岡本駿,19,78,主婦・主夫,山梨県,Yamanashi,Homemaker
2006755,藤田和子,31,48,エンジニア,鳥取県,Tottori,Engineer
2006756,金子駿,30,33,保育士,和歌山県,Wakayama,Childcare worker
2006757,阿部涼太,23,33,コンサルタント,愛知県,Aichi,Consultant
2006758,和田志保,38,36,看護師,愛媛県,Ehime,Nurse
2006759,増田康平,27,31,デザイナー,大阪府,Osaka,Designer
2006760,山本大輝,14,54,農業,神奈川県,Kanagawa,Farmer
2006761,千葉節子,17,42,会社員,石川県,Ishikawa,Company employee
2006762,原桜,33,41,運転手,岡山県,Okayama,Driver
2006763,斉藤隆志,15,27,その他,新潟県,Niigata,Other
2006764,田口哲也,27,44,販売員,大阪府,Osaka,Retail staff
2006765,久保真央,39,34,経理・財務,高知県,Kochi,Accounting and finance
2006766,池田哲也,28,56,主婦・主夫,兵庫県,Hyogo,Homemaker
2006767,桜井朱莉,29,48,公務員,奈良県,Nara,Public servant
2006768,中村朱莉,15,25,看護師,新潟県,Niigata,Nurse
2006769,大塚恵,13,55,建築士,東京都,Tokyo,Architect
2006770,大野真央,7,45,販売員,福島県,Fukushima,Retail staff
2006771,河野亜希子,10,53,学生,群馬県,Gunma,Student
2006772,飯田健太,11,66,漁業,埼玉県,Saitama,Fisher
2006773,野口久美子,35,34,自営業,山口県,Yamaguchi,Self-employed
2006774,遠藤雄大,27,46,看護師,大阪府,Osaka,Nurse
2006775,河野啓介,29,52,漁業,奈良県,Nara,Fisher
2006776,小林由美,28,20,年金受給者,兵庫県,Hyogo,Pensioner
2006777,丸山克彦,13,66,薬剤師,東京都,Tokyo,Pharmacist
2006778,飯田亮,14,36,エンジニア,神奈川県,Kanagawa,Engineer
2006779,小松智也,1,41,建築士,北海道,Hokkaido,Architect
2006780,高木義明,14,64,看護師,神奈川県,Kanagawa,Nurse
2006781,千葉一郎,13,62,会社員,東京都,Tokyo,Company employee
2006782,白石心春,40,50,コンサルタント,福岡県,Fukuoka,Consultant
2006783,石田孝之,13,23,営業職,東京都,Tokyo,Sales
2006784,阿部由美,32,54,農業,島根県,Shimane,Farmer
2006785,岡本真一,12,65,公務員,千葉県,Chiba,Public servant
2006786,東洋平,13,63,学生,東京都,Tokyo,Student
2006787,中村彩,14,48,主婦・主夫,神奈川県,Kanagawa,Homemaker
2006788,前田浩二,1,33,販売員,北海道,Hokkaido,Retail staff
2006789,渡辺幸子,12,49,学生,千葉県,Chiba,Student
2006790,田村誠,23,68,販売員,愛知県,Aichi,Retail staff
2006791,山崎洋平,13,23,年金受給者,東京都,Tokyo,Pensioner
2006792,杉山文子,23,48,研究職,愛知県,Aichi,Researcher
2006793,藤田陽子,13,23,医師,東京都,Tokyo,Physician
2006794,宮崎美咲,13,35,エンジニア,東京都,Tokyo,Engineer
2006795,内田拓也,23,62,運転手,愛知県,Aichi,Driver
2006796,清水楓,10,51,年金受給者,群馬県,Gunma,Pensioner
2006797,藤田朱莉,8,22,販売員,茨城県,Ibaraki,Retail staff
2006798,中川啓介,30,60,薬剤師,和歌山県,Wakayama,Pharmacist
2006799,藤井恵,28,60,デザイナー,兵庫県,Hyogo,Designer
2006800,大塚将也,23,47,公務員,愛知県,Aichi,Public servant
2006801,武田悠人,26,29,主婦・主夫,京都府,Kyoto,Homemaker
2006802,青木哲也,13,48,エンジニア,東京都,Tokyo,Engineer
2006803,千葉義明,31,47,漁業,鳥取県,Tottori,Fisher
2006804,杉山克彦,27,22,主婦・主夫,大阪府,Osaka,Homemaker
2006805,和田大地,16,78,販売員,富山県,Toyama,Retail staff
2006806,後藤真央,13,48,建築士,東京都,Tokyo,Architect
2006807,吉田典子,42,64,農業,長崎県,Nagasaki,Farmer
2006808,野口哲也,12,53,看護師,千葉県,Chiba,Nurse
2006809,古川光,12,31,運転手,千葉県,Chiba,Driver
2006810,横山奈々,46,50,主婦・主夫,鹿児島県,Kagoshima,Homemaker
2006811,後藤典子,40,46,学生,福岡県,Fukuoka,Student
2006812,村上光子,14,21,自営業,神奈川県,Kanagawa,Self-employed
2006813,竹内志保,27,29,自営業,大阪府,Osaka,Self-employed
2006814,太田悠斗,7,37,会計士,福島県,Fukushima,Accountant
2006815,谷口沙織,27,40,主婦・主夫,大阪府,Osaka,Homemaker
2006816,山田正樹,16,49,医師,富山県,Toyama,Physician
2006817,藤井玲子,5,29,建築士,秋田県,Akita,Architect
2006818,遠藤葵,43,60,公務員,熊本県,Kumamoto,Public servant
2006819,桜井優,39,20,保育士,高知県,Kochi,Childcare worker
2006820,中野悠斗,12,70,研究職,千葉県,Chiba,Researcher
2006821,藤原克彦,1,59,弁護士,北海道,Hokkaido,Lawyer
2006822,藤井悠斗,46,52,研究職,鹿児島県,Kagoshima,Researcher
2006823,新井桜,25,44,販売員,滋賀県,Shiga,Retail staff
2006824,松田智子,12,48,経理・財務,千葉県,Chiba,Accounting and finance
2006825,山崎将也,40,54,公務員,福岡県,Fukuoka,Public servant
2006826,山口奈々,11,56,主婦・主夫,埼玉県,Saitama,Homemaker
2006827,柴田正樹,34,36,看護師,広島県,Hiroshima,Nurse
2006828,田中玲子,6,56,研究職,山形県,Yamagata,Researcher
2006829,松井恵,40,52,販売員,福岡県,Fukuoka,Retail staff
2006830,小林大地,34,47,会計士,広島県,Hiroshima,Accountant
2006831,石田哲也,2,57,主婦・主夫,青森県,Aomori,Homemaker
2006832,東慎太郎,13,78,会社員,東京都,Tokyo,Company employee
2006833,石井正樹,27,38,看護師,大阪府,Osaka,Nurse
2006834,村田大輝,14,31,薬剤師,神奈川県,Kanagawa,Pharmacist
2006835,松尾康平,14,50,運転手,神奈川県,Kanagawa,Driver
2006836,森田一郎,18,45,教員,福井県,Fukui,Teacher
2006837,関優,14,43,公務員,神奈川県,Kanagawa,Public servant
2006838,安藤涼太,7,57,公務員,福島県,Fukushima,Public servant
2006839,新井亮,11,46,販売員,埼玉県,Saitama,Retail staff
2006840,佐野春香,21,66,年金受給者,岐阜県,Gifu,Pensioner
2006841,柴田奈々,28,22,漁業,兵庫県,Hyogo,Fisher
2006842,久保彩,13,51,飲食業,東京都,Tokyo,Food service
2006843,飯田幸子,28,41,主婦・主夫,兵庫県,Hyogo,Homemaker
2006844,福田京子,21,33,保育士,岐阜県,Gifu,Childcare worker
2006845,飯田駿,23,46,教員,愛知県,Aichi,Teacher
2006846,中島孝之,38,56,農業,愛媛県,Ehime,Farmer
2006847,菊地拓也,18,21,コンサルタント,福井県,Fukui,Consultant
2006848,高田悠人,13,38,運転手,東京都,Tokyo,Driver
2006849,杉山幸子,47,54,自営業,沖縄県,Okinawa,Self-employed
2006850,石田陸,9,32,会計士,栃木県,Tochigi,Accountant
2006851,水野香織,13,41,医師,東京都,Tokyo,Physician
2006852,山口隆志,44,22,経理・財務,大分県,Oita,Accounting and finance
2006853,河野洋平,47,60,研究職,沖縄県,Okinawa,Researcher
2006854,加藤久美子,11,52,その他,埼玉県,Saitama,Other
2006855,古川和也,36,58,運転手,徳島県,Tokushima,Driver
2006856,高木凛,5,28,年金受給者,秋田県,Akita,Pensioner
2006857,松岡和也,13,33,年金受給者,東京都,Tokyo,Pensioner
2006858,村上葵,28,46,飲食業,兵庫県,Hyogo,Food service
2006859,西村真央,14,53,研究職,神奈川県,Kanagawa,Researcher
2006860,増田祐樹,27,36,エンジニア,大阪府,Osaka,Engineer
2006861,三浦英樹,47,51,公務員,沖縄県,Okinawa,Public servant
2006862,原田祐樹,34,51,公務員,広島県,Hiroshima,Public servant
2006863,小松玲子,1,47,経理・財務,北海道,Hokkaido,Accounting and finance
2006864,松本隆志,23,44,学生,愛知県,Aichi,Student
2006865,佐藤正樹,5,34,自営業,秋田県,Akita,Self-employed
2006866,関澪,11,59,自営業,埼玉県,Saitama,Self-employed
2006867,三浦沙織,27,66,デザイナー,大阪府,Osaka,Designer
2006868,今井涼太,43,59,年金受給者,熊本県,Kumamoto,Pensioner
2006869,岡本由美,40,47,エンジニア,福岡県,Fukuoka,Engineer
2006870,松本英樹,12,25,会計士,千葉県,Chiba,Accountant
2006871,篠原久美子,12,76,主婦・主夫,千葉県,Chiba,Homemaker
2006872,大西将也,28,27,運転手,兵庫県,Hyogo,Driver
2006873,菊地光子,39,32,保育士,高知県,Kochi,Childcare worker
2006874,山下駿,41,32,飲食業,佐賀県,Saga,Food service
2006875,大塚英樹,22,58,農業,静岡県,Shizuoka,Farmer
2006876,平野将也,27,21,運転手,大阪府,Osaka,Driver
2006877,山本美咲,2,31,パート・アルバイト,青森県,Aomori,Part-time worker
2006878,松井志保,14,76,教員,神奈川県,Kanagawa,Teacher
2006879,柴田凛,13,60,漁業,東京都,Tokyo,Fisher
2006880,横田陽子,12,64,飲食業,千葉県,Chiba,Food service
2006881,青木亜希子,27,20,医師,大阪府,Osaka,Physician
2006882,菊地京子,23,76,年金受給者,愛知県,Aichi,Pensioner
2006883,山本蓮,13,20,会社員,東京都,Tokyo,Company employee
2006884,田村朱莉,43,31,経理・財務,熊本県,Kumamoto,Accounting and finance
2006885,原田恵,27,24,弁護士,大阪府,Osaka,Lawyer
2006886,篠原玲子,40,57,デザイナー,福岡県,Fukuoka,Designer
2006887,青木和子,1,60,公務員,北海道,Hokkaido,Public servant
2006888,山下哲也,29,56,エンジニア,奈良県,Nara,Engineer
2006889,田口悠人,9,56,医師,栃木県,Tochigi,Physician
2006890,関義明,2,67,その他,青森県,Aomori,Other
2006891,東沙織,42,39,年金受給者,長崎県,Nagasaki,Pensioner
2006892,篠原真央,35,46,会計士,山口県,Yamaguchi,Accountant
2006893,佐藤桜,14,56,販売員,神奈川県,Kanagawa,Retail staff
2006894,宮本凛,13,43,飲食業,東京都,Tokyo,Food service
2006895,池田航,7,57,エンジニア,福島県,Fukushima,Engineer
2006896,新井義明,12,52,弁護士,千葉県,Chiba,Lawyer
2006897,島田裕子,27,47,弁護士,大阪府,Osaka,Lawyer
2006898,新井直樹,42,43,看護師,長崎県,Nagasaki,Nurse
2006899,松尾京子,42,77,漁業,長崎県,Nagasaki,Fisher
2006900,横山達也,27,52,年金受給者,大阪府,Osaka,Pensioner
2006901,後藤克彦,14,58,コンサルタント,神奈川県,Kanagawa,Consultant
2006902,藤原陸,47,70,主婦・主夫,沖縄県,Okinawa,Homemaker
2006903,松本由美,46,40,販売員,鹿児島県,Kagoshima,Retail staff
2006904,増田克彦,6,21,運転手,山形県,Yamagata,Driver
2006905,佐藤悠斗,14,24,学生,神奈川県,Kanagawa,Student
2006906,池田結衣,7,33,薬剤師,福島県,Fukushima,Pharmacist
2006907,工藤千尋,15,31,パート・アルバイト,新潟県,Niigata,Part-time worker
2006908,青木智子,32,47,薬剤師,島根県,Shimane,Pharmacist
2006909,渡部洋子,45,48,デザイナー,宮崎県,Miyazaki,Designer
2006910,和田雄大,21,66,学生,岐阜県,Gifu,Student
2006911,菊地恵,3,31,弁護士,岩手県,Iwate,Lawyer
2006912,藤田英樹,13,39,教員,東京都,Tokyo,Teacher
2006913,浜田慎太郎,1,68,年金受給者,北海道,Hokkaido,Pensioner
2006914,林雄大,14,34,医師,神奈川県,Kanagawa,Physician
2006915,宮本和子,21,57,建築士,岐阜県,Gifu,Architect
2006916,宮本彩,23,74,保育士,愛知県,Aichi,Childcare worker
2006917,宮崎駿,23,32,美容師,愛知県,Aichi,Hairdresser
2006918,小野奈々,29,79,看護師,奈良県,Nara,Nurse
2006919,西村沙織,40,25,会社員,福岡県,Fukuoka,Company employee
2006920,松田奈々,11,38,会計士,埼玉県,Saitama,Accountant
2006921,武田文子,1,34,薬剤師,北海道,Hokkaido,Pharmacist
2006922,田中由美,42,57,営業職,長崎県,Nagasaki,Sales
2006923,坂本文子,36,23,パート・アルバイト,徳島県,Tokushima,Part-time worker
2006924,田中香織,4,46,弁護士,宮城県,Miyagi,Lawyer
2006925,岡田秀樹,20,39,主婦・主夫,長野県,Nagano,Homemaker
2006926,渡部隆志,42,52,デザイナー,長崎県,Nagasaki,Designer
2006927,飯田春香,40,42,飲食業,福岡県,Fukuoka,Food service
2006928,小川香織,13,27,医師,東京都,Tokyo,Physician
2006929,関葵,43,29,医師,熊本県,Kumamoto,Physician
2006930,内田典子,18,25,主婦・主夫,福井県,Fukui,Homemaker
2006931,横田奈々,20,43,看護師,長野県,Nagano,Nurse
2006932,今井直美,1,50,営業職,北海道,Hokkaido,Sales
2006933,山本彩,34,57,会計士,広島県,Hiroshima,Accountant
2006934,増田玲子,20,40,教員,長野県,Nagano,Teacher
2006935,田口典子,25,38,教員,滋賀県,Shiga,Teacher
2006936,森田奈々,45,26,会計士,宮崎県,Miyazaki,Accountant
2006937,松岡健太,31,37,パート・アルバイト,鳥取県,Tottori,Part-time worker
2006938,後藤英樹,11,39,弁護士,埼玉県,Saitama,Lawyer
2006939,加藤正樹,5,52,自営業,秋田県,Akita,Self-employed
2006940,松本京子,28,44,農業,兵庫県,Hyogo,Farmer
2006941,村田春香,42,44,農業,長崎県,Nagasaki,Farmer
2006942,遠藤健太,35,54,漁業,山口県,Yamaguchi,Fisher
2006943,小野結衣,11,48,エンジニア,埼玉県,Saitama,Engineer
2006944,松本幸子,13,25,教員,東京都,Tokyo,Teacher
2006945,斉藤陸,34,30,デザイナー,広島県,Hiroshima,Designer
2006946,福田正樹,11,36,デザイナー,埼玉県,Saitama,Designer
2006947,菅原大地,28,57,公務員,兵庫県,Hyogo,Public servant
2006948,高田幸子,14,53,会社員,神奈川県,Kanagawa,Company employee
2006949,佐々木彩,4,69,運転手,宮城県,Miyagi,Driver
2006950,松尾将也,31,79,経理・財務,鳥取県,Tottori,Accounting and finance
2006951,大野正樹,43,46,保育士,熊本県,Kumamoto,Childcare worker
2006952,藤井結衣,1,71,会社員,北海道,Hokkaido,Company employee
2006953,上野浩二,13,31,医師,東京都,Tokyo,Physician
2006954,金子祐樹,13,34,公務員,東京都,Tokyo,Public servant
2006955,吉田浩二,11,58,建築士,埼玉県,Saitama,Architect
2006956,田口正樹,46,41,建築士,鹿児島県,Kagoshima,Architect
2006957,木下大地,1,42,学生,北海道,Hokkaido,Student
2006958,河野英樹,47,46,薬剤師,沖縄県,Okinawa,Pharmacist
2006959,宮崎隆志,5,33,漁業,秋田県,Akita,Fisher
2006960,山本陽子,13,48,運転手,東京都,Tokyo,Driver
2006961,水野恵,1,53,販売員,北海道,Hokkaido,Retail staff
2006962,林健太,15,44,保育士,新潟県,Niigata,Childcare worker
2006963,原田京子,27,72,運転手,大阪府,Osaka,Driver
2006964,林涼太,33,63,主婦・主夫,岡山県,Okayama,Homemaker
2006965,松井真一,30,42,デザイナー,和歌山県,Wakayama,Designer
2006966,島田大輝,11,66,看護師,埼玉県,Saitama,Nurse
2006967,今井誠,21,32,薬剤師,岐阜県,Gifu,Pharmacist
2006968,河野典子,22,46,営業職,静岡県,Shizuoka,Sales
2006969,星野沙織,40,38,飲食業,福岡県,Fukuoka,Food service
2006970,横山結衣,11,75,学生,埼玉県,Saitama,Student
2006971,今井美穂,22,40,その他,静岡県,Shizuoka,Other
2006972,高橋優,11,45,看護師,埼玉県,Saitama,Nurse
2006973,菅原心春,19,41,美容師,山梨県,Yamanashi,Hairdresser
2006974,高木裕子,20,54,販売員,長野県,Nagano,Retail staff
2006975,村上和子,13,66,経理・財務,東京都,Tokyo,Accounting and finance
2006976,長谷川愛,13,49,主婦・主夫,東京都,Tokyo,Homemaker
2006977,青木典子,23,77,保育士,愛知県,Aichi,Childcare worker
2006978,内田久美子,11,34,主婦・主夫,埼玉県,Saitama,Homemaker
2006979,横山凛,27,43,弁護士,大阪府,Osaka,Lawyer
2006980,上田大地,23,59,漁業,愛知県,Aichi,Fisher
2006981,古川康平,15,40,研究職,新潟県,Niigata,Researcher
2006982,中野莉子,11,42,デザイナー,埼玉県,Saitama,Designer
2006983,久保克彦,19,37,建築士,山梨県,Yamanashi,Architect
2006984,丸山芽衣,14,35,エンジニア,神奈川県,Kanagawa,Engineer
2006985,岡本英樹,38,56,その他,愛媛県,Ehime,Other
2006986,青木春香,23,37,建築士,愛知県,Aichi,Architect
2006987,平野京子,28,33,自営業,兵庫県,Hyogo,Self-employed
2006988,野村亜希子,3,71,研究職,岩手県,Iwate,Researcher
2006989,村田洋子,13,63,学生,東京都,Tokyo,Student
2006990,井上浩二,11,36,その他,埼玉県,Saitama,Other
2006991,千葉芽衣,13,34,公務員,東京都,Tokyo,Public servant
2006992,河野美咲,23,63,建築士,愛知県,Aichi,Architect
2006993,杉本哲也,27,49,学生,大阪府,Osaka,Student
2006994,小川志保,27,62,主婦・主夫,大阪府,Osaka,Homemaker
2006995,藤井駿,8,67,自営業,茨城県,Ibaraki,Self-employed
2006996,太田隆志,13,57,教員,東京都,Tokyo,Teacher
2006997,篠原亮,14,62,自営業,神奈川県,Kanagawa,Self-employed
2006998,斎藤裕子,13,60,飲食業,東京都,Tokyo,Food service
2006999,近藤亮,23,33,美容師,愛知県,Aichi,Hairdresser
2007000,野口和子,18,65,経理・財務,福井県,Fukui,Accounting and finance
2007001,田口愛,15,41,その他,新潟県,Niigata,Other
2007002,宮崎澪,7,40,主婦・主夫,福島県,Fukushima,Homemaker
2007003,新井由美,39,48,農業,高知県,Kochi,Farmer
2007004,増田朱莉,28,71,保育士,兵庫県,Hyogo,Childcare worker
2007005,伊藤優,23,47,自営業,愛知県,Aichi,Self-employed
2007006,井上一郎,33,25,年金受給者,岡山県,Okayama,Pensioner
2007007,田村朱莉,13,73,看護師,東京都,Tokyo,Nurse
2007008,坂本雄大,40,27,研究職,福岡県,Fukuoka,Researcher
2007009,松田由美,13,35,教員,東京都,Tokyo,Teacher
2007010,河野博之,1,48,経理・財務,北海道,Hokkaido,Accounting and finance
2007011,原田洋子,11,62,パート・アルバイト,埼玉県,Saitama,Part-time worker
2007012,島田愛,14,55,営業職,神奈川県,Kanagawa,Sales
2007013,飯田孝之,34,58,会計士,広島県,Hiroshima,Accountant
2007014,横田和子,45,30,会計士,宮崎県,Miyazaki,Accountant
2007015,竹内幸子,37,54,美容師,香川県,Kagawa,Hairdresser
2007016,阿部七海,13,47,営業職,東京都,Tokyo,Sales
2007017,野村祐樹,12,48,医師,千葉県,Chiba,Physician
2007018,本田康平,3,22,販売員,岩手県,Iwate,Retail staff
2007019,桜井美咲,14,37,研究職,神奈川県,Kanagawa,Researcher
2007020,金子莉子,46,35,研究職,鹿児島県,Kagoshima,Researcher
2007021,宮崎奈々,14,26,会計士,神奈川県,Kanagawa,Accountant
2007022,増田一郎,18,25,年金受給者,福井県,Fukui,Pensioner
2007023,飯田和子,27,65,美容師,大阪府,Osaka,Hairdresser
2007024,大野直樹,30,41,学生,和歌山県,Wakayama,Student
2007025,市川直樹,2,43,薬剤師,青森県,Aomori,Pharmacist
2007026,吉田駿,28,54,エンジニア,兵庫県,Hyogo,Engineer
2007027,山本義明,11,44,その他,埼玉県,Saitama,Other
2007028,中山誠,12,50,販売員,千葉県,Chiba,Retail staff
2007029,渡辺文子,7,38,農業,福島県,Fukushima,Farmer
2007030,井上和子,12,55,エンジニア,千葉県,Chiba,Engineer
2007031,柴田駿,28,55,会社員,兵庫県,Hyogo,Company employee
2007032,西村康平,13,35,公務員,東京都,Tokyo,Public servant
2007033,杉山志保,38,52,営業職,愛媛県,Ehime,Sales
2007034,増田真央,39,20,コンサルタント,高知県,Kochi,Consultant
2007035,今井真一,40,34,自営業,福岡県,Fukuoka,Self-employed
2007036,千葉浩二,40,47,教員,福岡県,Fukuoka,Teacher
2007037,橋本節子,3,34,パート・アルバイト,岩手県,Iwate,Part-time worker
2007038,大塚翔太,21,39,年金受給者,岐阜県,Gifu,Pensioner
2007039,後藤奈々,12,24,デザイナー,千葉県,Chiba,Designer
2007040,岡本凛,27,47,主婦・主夫,大阪府,Osaka,Homemaker
2007041,宮崎桜,27,30,公務員,大阪府,Osaka,Public servant
2007042,水野駿,43,56,研究職,熊本県,Kumamoto,Researcher
2007043,野村拓也,1,36,美容師,北海道,Hokkaido,Hairdresser
2007044,佐野文子,14,30,年金受給者,神奈川県,Kanagawa,Pensioner
2007045,中山克彦,28,74,建築士,兵庫県,Hyogo,Architect
2007046,吉田優,12,57,薬剤師,千葉県,Chiba,Pharmacist
2007047,宮本浩二,33,24,営業職,岡山県,Okayama,Sales
2007048,野口悠人,14,47,会社員,神奈川県,Kanagawa,Company employee
2007049,桜井彩,13,32,運転手,東京都,Tokyo,Driver
2007050,千葉心春,13,59,漁業,東京都,Tokyo,Fisher
2007051,大塚和也,19,42,医師,山梨県,Yamanashi,Physician
2007052,小島桜,9,69,公務員,栃木県,Tochigi,Public servant
2007053,藤本秀樹,13,39,公務員,東京都,Tokyo,Public servant
2007054,木村美咲,22,36,経理・財務,静岡県,Shizuoka,Accounting and finance
2007055,安田千尋,18,28,薬剤師,福井県,Fukui,Pharmacist
2007056,中村雄大,1,43,コンサルタント,北海道,Hokkaido,Consultant
2007057,工藤義明,16,43,看護師,富山県,Toyama,Nurse
2007058,前田瑞穂,33,52,年金受給者,岡山県,Okayama,Pensioner
2007059,菅原瑞穂,27,57,エンジニア,大阪府,Osaka,Engineer
2007060,伊藤七海,23,49,販売員,愛知県,Aichi,Retail staff
2007061,星野陽介,16,49,自営業,富山県,Toyama,Self-employed
2007062,遠藤莉子,11,57,公務員,埼玉県,Saitama,Public servant
2007063,市川康平,44,39,公務員,大分県,Oita,Public servant
2007064,本田真一,13,57,運転手,東京都,Tokyo,Driver
2007065,吉田光,1,53,デザイナー,北海道,Hokkaido,Designer
2007066,藤田楓,1,55,会計士,北海道,Hokkaido,Accountant
2007067,大西瑞穂,30,57,経理・財務,和歌山県,Wakayama,Accounting and finance
2007068,木村克彦,26,36,公務員,京都府,Kyoto,Public servant
2007069,中野和也,5,61,研究職,秋田県,Akita,Researcher
2007070,藤本直美,40,31,看護師,福岡県,Fukuoka,Nurse
2007071,藤井亮,17,31,エンジニア,石川県,Ishikawa,Engineer
2007072,東洋子,14,51,主婦・主夫,神奈川県,Kanagawa,Homemaker
2007073,中島祐樹,15,66,販売員,新潟県,Niigata,Retail staff
2007074,内田沙織,42,40,エンジニア,長崎県,Nagasaki,Engineer
2007075,伊藤光子,13,33,薬剤師,東京都,Tokyo,Pharmacist
2007076,飯田香織,13,51,看護師,東京都,Tokyo,Nurse
2007077,後藤文子,23,37,デザイナー,愛知県,Aichi,Designer
2007078,竹内朱莉,6,40,農業,山形県,Yamagata,Farmer
2007079,古川博之,39,50,自営業,高知県,Kochi,Self-employed
2007080,中川達也,23,40,会社員,愛知県,Aichi,Company employee
2007081,東雄大,23,47,経理・財務,愛知県,Aichi,Accounting and finance
2007082,安藤慎太郎,47,42,美容師,沖縄県,Okinawa,Hairdresser
2007083,古川涼太,23,42,年金受給者,愛知県,Aichi,Pensioner
2007084,松田志保,30,24,弁護士,和歌山県,Wakayama,Lawyer
2007085,岩崎沙織,31,53,デザイナー,鳥取県,Tottori,Designer
2007086,横田瑞穂,14,42,保育士,神奈川県,Kanagawa,Childcare worker
2007087,前田陽子,13,44,研究職,東京都,Tokyo,Researcher
2007088,山下久美子,12,71,保育士,千葉県,Chiba,Childcare worker
2007089,太田健太,15,35,運転手,新潟県,Niigata,Driver
2007090,増田康平,4,40,会計士,宮城県,Miyagi,Accountant
2007091,関七海,13,46,美容師,東京都,Tokyo,Hairdresser
2007092,酒井亜希子,8,56,教員,茨城県,Ibaraki,Teacher
2007093,中川智子,14,43,営業職,神奈川県,Kanagawa,Sales
2007094,小林沙織,31,59,経理・財務,鳥取県,Tottori,Accounting and finance
2007095,後藤典子,16,45,公務員,富山県,Toyama,Public servant
2007096,大塚真央,23,32,販売員,愛知県,Aichi,Retail staff
2007097,小川愛,3,43,営業職,岩手県,Iwate,Sales
2007098,桜井芽衣,42,55,建築士,長崎県,Nagasaki,Architect
2007099,池田智子,27,50,年金受給者,大阪府,Osaka,Pensioner
2007100,吉田祐樹,12,68,エンジニア,千葉県,Chiba,Engineer
2007101,菊地裕子,1,44,学生,北海道,Hokkaido,Student
2007102,小野大輝,11,34,会社員,埼玉県,Saitama,Company employee
2007103,菊地涼太,40,26,年金受給者,福岡県,Fukuoka,Pensioner
2007104,藤田健太,23,45,年金受給者,愛知県,Aichi,Pensioner
2007105,杉山典子,11,33,飲食業,埼玉県,Saitama,Food service
2007106,石井祐樹,1,31,自営業,北海道,Hokkaido,Self-employed
2007107,松田千尋,13,51,コンサルタント,東京都,Tokyo,Consultant
2007108,長谷川節子,30,64,経理・財務,和歌山県,Wakayama,Accounting and finance
2007109,本田浩二,46,31,自営業,鹿児島県,Kagoshima,Self-employed
2007110,大野莉子,3,39,美容師,岩手県,Iwate,Hairdresser
2007111,山崎陸,22,52,医師,静岡県,Shizuoka,Physician
2007112,丸山孝之,31,30,教員,鳥取県,Tottori,Teacher
2007113,近藤香織,36,52,建築士,徳島県,Tokushima,Architect
2007114,水野文子,40,41,漁業,福岡県,Fukuoka,Fisher
2007115,山下哲也,21,30,会計士,岐阜県,Gifu,Accountant
2007116,杉山義明,35,32,自営業,山口県,Yamaguchi,Self-employed
2007117,山崎雄大,27,42,学生,大阪府,Osaka,Student
2007118,田村孝之,28,67,パート・アルバイト,兵庫県,Hyogo,Part-time worker
2007119,小松朱莉,23,52,年金受給者,愛知県,Aichi,Pensioner
2007120,上田涼太,27,42,農業,大阪府,Osaka,Farmer
2007121,鈴木克彦,16,40,建築士,富山県,Toyama,Architect
2007122,森田香織,13,41,その他,東京都,Tokyo,Other
2007123,石川啓介,28,63,看護師,兵庫県,Hyogo,Nurse
2007124,渡部洋子,40,70,学生,福岡県,Fukuoka,Student
2007125,今井直樹,23,32,営業職,愛知県,Aichi,Sales
2007126,松井芽衣,11,24,医師,埼玉県,Saitama,Physician
2007127,長谷川久美子,27,59,年金受給者,大阪府,Osaka,Pensioner
2007128,原直美,11,28,販売員,埼玉県,Saitama,Retail staff
2007129,村田玲子,28,42,飲食業,兵庫県,Hyogo,Food service
2007130,金子雄大,26,41,学生,京都府,Kyoto,Student
2007131,近藤由美,28,48,薬剤師,兵庫県,Hyogo,Pharmacist
2007132,伊藤秀樹,16,58,パート・アルバイト,富山県,Toyama,Part-time worker
2007133,安田陽介,7,34,薬剤師,福島県,Fukushima,Pharmacist
2007134,木下京子,19,28,農業,山梨県,Yamanashi,Farmer
2007135,木村彩,12,49,医師,千葉県,Chiba,Physician
2007136,原田楓,40,71,パート・アルバイト,福岡県,Fukuoka,Part-time worker
2007137,小林涼太,43,47,看護師,熊本県,Kumamoto,Nurse
2007138,福田朱莉,16,62,エンジニア,富山県,Toyama,Engineer
2007139,井上沙織,40,54,飲食業,福岡県,Fukuoka,Food service
2007140,清水葵,13,47,その他,東京都,Tokyo,Other
2007141,近藤莉子,18,34,公務員,福井県,Fukui,Public servant
2007142,藤原久美子,27,68,その他,大阪府,Osaka,Other
2007143,石川駿,13,31,飲食業,東京都,Tokyo,Food service
2007144,千葉哲也,10,25,販売員,群馬県,Gunma,Retail staff
2007145,野口隆志,12,30,建築士,千葉県,Chiba,Architect
2007146,菅原大輝,43,27,エンジニア,熊本県,Kumamoto,Engineer
2007147,藤原和也,43,57,運転手,熊本県,Kumamoto,Driver
2007148,高田心春,36,46,会社員,徳島県,Tokushima,Company employee
2007149,太田誠,20,71,教員,長野県,Nagano,Teacher
2007150,佐々木凛,13,43,経理・財務,東京都,Tokyo,Accounting and finance
2007151,村上瑞穂,16,34,公務員,富山県,Toyama,Public servant
2007152,近藤裕子,28,42,学生,兵庫県,Hyogo,Student
2007153,丸山凛,14,57,農業,神奈川県,Kanagawa,Farmer
2007154,後藤芽衣,5,42,教員,秋田県,Akita,Teacher
2007155,篠原博之,14,37,薬剤師,神奈川県,Kanagawa,Pharmacist
2007156,飯田亜希子,22,55,漁業,静岡県,Shizuoka,Fisher
2007157,渡部香織,41,40,研究職,佐賀県,Saga,Researcher
2007158,岩崎康平,22,54,学生,静岡県,Shizuoka,Student
2007159,橋本光子,13,56,その他,東京都,Tokyo,Other
2007160,藤田雄大,21,57,自営業,岐阜県,Gifu,Self-employed
2007161,鈴木雄大,11,42,運転手,埼玉県,Saitama,Driver
2007162,千葉誠,14,46,デザイナー,神奈川県,Kanagawa,Designer
2007163,斎藤凛,47,30,保育士,沖縄県,Okinawa,Childcare worker
2007164,和田節子,13,24,看護師,東京都,Tokyo,Nurse
2007165,横山志保,2,32,研究職,青森県,Aomori,Researcher
2007166,小島瑞穂,28,44,営業職,兵庫県,Hyogo,Sales
2007167,橋本朱莉,13,27,デザイナー,東京都,Tokyo,Designer
2007168,小林慎太郎,35,43,その他,山口県,Yamaguchi,Other
2007169,中川悠人,11,75,会計士,埼玉県,Saitama,Accountant
2007170,青木将也,13,68,看護師,東京都,Tokyo,Nurse
2007171,和田久美子,14,58,医師,神奈川県,Kanagawa,Physician
2007172,福田光子,14,23,保育士,神奈川県,Kanagawa,Childcare worker
2007173,新井英樹,13,67,研究職,東京都,Tokyo,Researcher
2007174,後藤由美,23,41,建築士,愛知県,Aichi,Architect
2007175,岡田和也,5,59,公務員,秋田県,Akita,Public servant
2007176,近藤陽介,13,22,営業職,東京都,Tokyo,Sales
2007177,渡辺由美,27,21,パート・アルバイト,大阪府,Osaka,Part-time worker
2007178,大塚航,25,38,看護師,滋賀県,Shiga,Nurse
2007179,遠藤葵,32,69,デザイナー,島根県,Shimane,Designer
2007180,加藤直樹,14,54,教員,神奈川県,Kanagawa,Teacher
2007181,阿部京子,13,55,自営業,東京都,Tokyo,Self-employed
2007182,谷口陽子,25,43,会社員,滋賀県,Shiga,Company employee
2007183,安田文子,23,29,会計士,愛知県,Aichi,Accountant
2007184,飯田幸子,11,54,漁業,埼玉県,Saitama,Fisher
2007185,藤本涼太,14,31,飲食業,神奈川県,Kanagawa,Food service
2007186,小松直樹,43,44,エンジニア,熊本県,Kumamoto,Engineer
2007187,酒井由美,41,29,美容師,佐賀県,Saga,Hairdresser
2007188,山崎啓介,13,60,デザイナー,東京都,Tokyo,Designer
2007189,青木蓮,27,37,デザイナー,大阪府,Osaka,Designer
2007190,杉山春香,12,71,運転手,千葉県,Chiba,Driver
2007191,井上悠人,1,32,教員,北海道,Hokkaido,Teacher
2007192,山崎桜,43,52,弁護士,熊本県,Kumamoto,Lawyer
2007193,村上和也,26,42,デザイナー,京都府,Kyoto,Designer
2007194,林将也,40,41,漁業,福岡県,Fukuoka,Fisher
2007195,菊地七海,40,31,弁護士,福岡県,Fukuoka,Lawyer
2007196,中島祐樹,23,35,研究職,愛知県,Aichi,Researcher
2007197,白石啓介,24,64,学生,三重県,Mie,Student
2007198,中川誠,11,27,コンサルタント,埼玉県,Saitama,Consultant
2007199,今井澪,13,24,飲食業,東京都,Tokyo,Food service
2007200,宮崎康平,23,61,販売員,愛知県,Aichi,Retail staff
2007201,松井沙織,2,29,運転手,青森県,Aomori,Driver
2007202,松井悠斗,24,45,年金受給者,三重県,Mie,Pensioner
2007203,星野翔太,14,43,会社員,神奈川県,Kanagawa,Company employee
2007204,千葉和子,14,35,コンサルタント,神奈川県,Kanagawa,Consultant
2007205,青木航,18,54,教員,福井県,Fukui,Teacher
2007206,松尾美咲,13,55,経理・財務,東京都,Tokyo,Accounting and finance
2007207,水野愛,40,46,学生,福岡県,Fukuoka,Student
2007208,斉藤智也,27,79,薬剤師,大阪府,Osaka,Pharmacist
2007209,伊藤祐樹,40,30,経理・財務,福岡県,Fukuoka,Accounting and finance
2007210,松井亜希子,12,58,主婦・主夫,千葉県,Chiba,Homemaker
2007211,横田英樹,27,56,コンサルタント,大阪府,Osaka,Consultant
2007212,前田大輝,22,70,薬剤師,静岡県,Shizuoka,Pharmacist
2007213,関大輝,44,20,漁業,大分県,Oita,Fisher
2007214,遠藤和子,28,30,公務員,兵庫県,Hyogo,Public servant
2007215,伊藤洋子,1,50,看護師,北海道,Hokkaido,Nurse
2007216,伊藤英樹,15,24,学生,新潟県,Niigata,Student
2007217,小川沙織,16,70,営業職,富山県,Toyama,Sales
2007218,田中彩,1,23,営業職,北海道,Hokkaido,Sales
2007219,久保光,23,63,自営業,愛知県,Aichi,Self-employed
2007220,本田千尋,16,58,弁護士,富山県,Toyama,Lawyer
2007221,横田健太,3,40,教員,岩手県,Iwate,Teacher
2007222,岡本和子,10,37,保育士,群馬県,Gunma,Childcare worker
2007223,中川和也,13,70,運転手,東京都,Tokyo,Driver
2007224,長谷川優,5,43,医師,秋田県,Akita,Physician
2007225,佐々木莉子,27,44,教員,大阪府,Osaka,Teacher
2007226,石川真央,39,67,パート・アルバイト,高知県,Kochi,Part-time worker
2007227,岩崎芽衣,11,49,公務員,埼玉県,Saitama,Public servant
2007228,小野由美,35,29,学生,山口県,Yamaguchi,Student
2007229,村上一郎,14,34,公務員,神奈川県,Kanagawa,Public servant
2007230,山本真央,36,24,自営業,徳島県,Tokushima,Self-employed
2007231,西村凛,11,45,会計士,埼玉県,Saitama,Accountant
2007232,原田蓮,11,69,会計士,埼玉県,Saitama,Accountant
2007233,三浦祐樹,27,38,教員,大阪府,Osaka,Teacher
2007234,小島千尋,38,45,教員,愛媛県,Ehime,Teacher
2007235,近藤陽介,11,26,エンジニア,埼玉県,Saitama,Engineer
2007236,小松智也,47,34,教員,沖縄県,Okinawa,Teacher
2007237,斉藤陽介,11,67,研究職,埼玉県,Saitama,Researcher
2007238,原文子,15,47,デザイナー,新潟県,Niigata,Designer
2007239,村田大地,29,44,年金受給者,奈良県,Nara,Pensioner
2007240,松本拓也,12,30,エンジニア,千葉県,Chiba,Engineer
2007241,河野駿,12,45,主婦・主夫,千葉県,Chiba,Homemaker
2007242,中村正樹,15,45,その他,新潟県,Niigata,Other
2007243,石田真一,23,72,漁業,愛知県,Aichi,Fisher
2007244,野口哲也,18,43,飲食業,福井県,Fukui,Food service
2007245,渡辺楓,27,30,看護師,大阪府,Osaka,Nurse
2007246,横田大輝,22,35,会社員,静岡県,Shizuoka,Company employee
2007247,工藤健太,34,57,年金受給者,広島県,Hiroshima,Pensioner
2007248,伊藤健太,15,20,飲食業,新潟県,Niigata,Food service
2007249,菅原智也,16,39,建築士,富山県,Toyama,Architect
2007250,島田健太,12,41,自営業,千葉県,Chiba,Self-employed
2007251,星野優,40,41,その他,福岡県,Fukuoka,Other
2007252,田中結衣,40,36,販売員,福岡県,Fukuoka,Retail staff
2007253,中川達也,23,54,看護師,愛知県,Aichi,Nurse
2007254,中村由美,20,37,飲食業,長野県,Nagano,Food service
2007255,松田恵,23,53,経理・財務,愛知県,Aichi,Accounting and finance
2007256,千葉彩,6,32,会計士,山形県,Yamagata,Accountant
2007257,渡部陽子,2,34,販売員,青森県,Aomori,Retail staff
2007258,竹内沙織,39,48,経理・財務,高知県,Kochi,Accounting and finance
2007259,武田玲子,23,76,パート・アルバイト,愛知県,Aichi,Part-time worker
2007260,谷口文子,34,43,農業,広島県,Hiroshima,Farmer
2007261,石田芽衣,30,38,デザイナー,和歌山県,Wakayama,Designer
2007262,加藤将也,14,46,自営業,神奈川県,Kanagawa,Self-employed
2007263,佐々木亮,30,22,公務員,和歌山県,Wakayama,Public servant
2007264,千葉裕子,12,59,公務員,千葉県,Chiba,Public servant
2007265,小川玲子,11,68,自営業,埼玉県,Saitama,Self-employed
2007266,佐野拓也,23,71,エンジニア,愛知県,Aichi,Engineer
2007267,小島孝之,1,33,研究職,北海道,Hokkaido,Researcher
2007268,横田蓮,14,48,経理・財務,神奈川県,Kanagawa,Accounting and finance
2007269,坂本彩,45,27,看護師,宮崎県,Miyazaki,Nurse
2007270,木村文子,28,46,美容師,兵庫県,Hyogo,Hairdresser
2007271,坂本陽介,8,70,弁護士,茨城県,Ibaraki,Lawyer
2007272,三浦光子,32,76,教員,島根県,Shimane,Teacher
2007273,野口智子,9,50,漁業,栃木県,Tochigi,Fisher
2007274,田口久美子,14,21,学生,神奈川県,Kanagawa,Student
2007275,野村健太,23,65,営業職,愛知県,Aichi,Sales
2007276,藤原和子,27,50,パート・アルバイト,大阪府,Osaka,Part-time worker
2007277,松岡七海,13,56,販売員,東京都,Tokyo,Retail staff
2007278,井上和也,32,40,教員,島根県,Shimane,Teacher
2007279,山下陸,5,37,学生,秋田県,Akita,Student
2007280,石田彩,47,38,主婦・主夫,沖縄県,Okinawa,Homemaker
2007281,菊地亮,38,59,飲食業,愛媛県,Ehime,Food service
2007282,高田美咲,37,50,デザイナー,香川県,Kagawa,Designer
2007283,古川蓮,13,32,公務員,東京都,Tokyo,Public servant
2007284,小松裕子,18,41,教員,福井県,Fukui,Teacher
2007285,田中京子,14,42,医師,神奈川県,Kanagawa,Physician
2007286,宮本和子,37,57,保育士,香川県,Kagawa,Childcare worker
2007287,石川直美,47,65,美容師,沖縄県,Okinawa,Hairdresser
2007288,桜井博之,14,34,学生,神奈川県,Kanagawa,Student
2007289,今井直美,13,53,自営業,東京都,Tokyo,Self-employed
2007290,安田和子,8,49,営業職,茨城県,Ibaraki,Sales
2007291,井上結衣,44,34,飲食業,大分県,Oita,Food service
2007292,三浦愛,12,47,飲食業,千葉県,Chiba,Food service
2007293,小川直樹,22,39,販売員,静岡県,Shizuoka,Retail staff
2007294,鈴木大輝,1,57,公務員,北海道,Hokkaido,Public servant
2007295,武田春香,30,41,会計士,和歌山県,Wakayama,Accountant
2007296,浜田千尋,14,24,医師,神奈川県,Kanagawa,Physician
2007297,小野愛,2,46,エンジニア,青森県,Aomori,Engineer
2007298,安藤香織,13,50,コンサルタント,東京都,Tokyo,Consultant
2007299,鈴木志保,4,36,営業職,宮城県,Miyagi,Sales
2007300,中山幸子,1,33,営業職,北海道,Hokkaido,Sales
2007301,浜田哲也,46,64,販売員,鹿児島県,Kagoshima,Retail staff
2007302,武田雄大,40,28,運転手,福岡県,Fukuoka,Driver
2007303,野村陽介,29,22,経理・財務,奈良県,Nara,Accounting and finance
2007304,山口陽介,14,30,建築士,神奈川県,Kanagawa,Architect
2007305,阿部奈々,13,41,デザイナー,東京都,Tokyo,Designer
2007306,水野朱莉,35,23,営業職,山口県,Yamaguchi,Sales
2007307,小松誠,13,47,エンジニア,東京都,Tokyo,Engineer
2007308,岩崎澪,28,32,弁護士,兵庫県,Hyogo,Lawyer
2007309,前田裕子,3,73,営業職,岩手県,Iwate,Sales
2007310,中島節子,45,43,営業職,宮崎県,Miyazaki,Sales
2007311,菅原一郎,28,42,美容師,兵庫県,Hyogo,Hairdresser
2007312,松田美咲,40,35,建築士,福岡県,Fukuoka,Architect
2007313,久保英樹,13,35,美容師,東京都,Tokyo,Hairdresser
2007314,飯田孝之,23,41,営業職,愛知県,Aichi,Sales
2007315,上野沙織,15,30,建築士,新潟県,Niigata,Architect
2007316,松尾駿,28,58,年金受給者,兵庫県,Hyogo,Pensioner
2007317,小林芽衣,4,50,デザイナー,宮城県,Miyagi,Designer
2007318,鈴木和子,11,42,飲食業,埼玉県,Saitama,Food service
2007319,久保京子,33,27,医師,岡山県,Okayama,Physician
2007320,中島隆志,13,32,自営業,東京都,Tokyo,Self-employed
2007321,遠藤千尋,28,58,年金受給者,兵庫県,Hyogo,Pensioner
2007322,武田春香,39,32,漁業,高知県,Kochi,Fisher
2007323,渡部蓮,14,47,自営業,神奈川県,Kanagawa,Self-employed
2007324,浜田優,13,45,美容師,東京都,Tokyo,Hairdresser
2007325,木村蓮,28,46,農業,兵庫県,Hyogo,Farmer
2007326,高橋英樹,14,41,自営業,神奈川県,Kanagawa,Self-employed
2007327,安藤拓也,40,62,自営業,福岡県,Fukuoka,Self-employed
2007328,浜田英樹,14,53,美容師,神奈川県,Kanagawa,Hairdresser
2007329,石川大地,17,70,飲食業,石川県,Ishikawa,Food service
2007330,宮本裕子,7,47,学生,福島県,Fukushima,Student
2007331,高田悠人,8,32,運転手,茨城県,Ibaraki,Driver
2007332,伊藤拓也,45,78,弁護士,宮崎県,Miyazaki,Lawyer
2007333,松岡航,39,57,自営業,高知県,Kochi,Self-employed
2007334,石井春香,11,44,主婦・主夫,埼玉県,Saitama,Homemaker
2007335,千葉香織,4,26,エンジニア,宮城県,Miyagi,Engineer
2007336,山崎文子,40,50,農業,福岡県,Fukuoka,Farmer
2007337,岡田誠,23,27,建築士,愛知県,Aichi,Architect
2007338,長谷川凛,17,50,農業,石川県,Ishikawa,Farmer
2007339,柴田真一,14,46,その他,神奈川県,Kanagawa,Other
2007340,松井幸子,28,23,営業職,兵庫県,Hyogo,Sales
2007341,金子沙織,40,75,営業職,福岡県,Fukuoka,Sales
2007342,佐々木陽子,46,21,公務員,鹿児島県,Kagoshima,Public servant
2007343,菊地一郎,39,42,会計士,高知県,Kochi,Accountant
2007344,松岡和也,36,35,運転手,徳島県,Tokushima,Driver
2007345,鈴木浩二,40,37,経理・財務,福岡県,Fukuoka,Accounting and finance
2007346,松本英樹,15,45,公務員,新潟県,Niigata,Public servant
2007347,中川大地,13,45,コンサルタント,東京都,Tokyo,Consultant
2007348,中川孝之,23,57,販売員,愛知県,Aichi,Retail staff
2007349,丸山文子,23,47,薬剤師,愛知県,Aichi,Pharmacist
2007350,石井陽介,23,59,運転手,愛知県,Aichi,Driver
2007351,木下沙織,14,40,弁護士,神奈川県,Kanagawa,Lawyer
2007352,大西七海,28,60,販売員,兵庫県,Hyogo,Retail staff
2007353,野口桜,28,33,デザイナー,兵庫県,Hyogo,Designer
2007354,石川亜希子,28,31,研究職,兵庫県,Hyogo,Researcher
2007355,古川悠人,4,37,年金受給者,宮城県,Miyagi,Pensioner
2007356,山崎正樹,40,34,その他,福岡県,Fukuoka,Other
2007357,渡辺莉子,7,47,公務員,福島県,Fukushima,Public servant
2007358,青木智也,13,49,会計士,東京都,Tokyo,Accountant
2007359,山田美穂,36,26,飲食業,徳島県,Tokushima,Food service
2007360,竹内凛,42,37,会社員,長崎県,Nagasaki,Company employee
2007361,村上亜希子,13,27,飲食業,東京都,Tokyo,Food service
2007362,本田一郎,11,34,販売員,埼玉県,Saitama,Retail staff
2007363,山下京子,2,74,年金受給者,青森県,Aomori,Pensioner
2007364,石田節子,28,38,その他,兵庫県,Hyogo,Other
2007365,菊地大輝,40,34,コンサルタント,福岡県,Fukuoka,Consultant
2007366,河野真央,27,63,保育士,大阪府,Osaka,Childcare worker
2007367,福田春香,13,50,研究職,東京都,Tokyo,Researcher
2007368,田村裕子,14,51,営業職,神奈川県,Kanagawa,Sales
2007369,清水航,27,59,運転手,大阪府,Osaka,Driver
2007370,内田和子,23,43,パート・アルバイト,愛知県,Aichi,Part-time worker
2007371,岡本克彦,40,39,飲食業,福岡県,Fukuoka,Food service
2007372,横田沙織,16,48,運転手,富山県,Toyama,Driver
2007373,田村達也,25,35,経理・財務,滋賀県,Shiga,Accounting and finance
2007374,山口澪,25,37,看護師,滋賀県,Shiga,Nurse
2007375,新井美穂,12,44,公務員,千葉県,Chiba,Public servant
2007376,渡部美穂,40,35,医師,福岡県,Fukuoka,Physician
2007377,佐々木文子,42,47,薬剤師,長崎県,Nagasaki,Pharmacist
2007378,岡本七海,11,58,弁護士,埼玉県,Saitama,Lawyer
2007379,酒井孝之,1,45,年金受給者,北海道,Hokkaido,Pensioner
2007380,石井和子,20,42,営業職,長野県,Nagano,Sales
2007381,平野久美子,14,53,デザイナー,神奈川県,Kanagawa,Designer
2007382,坂本祐樹,41,67,経理・財務,佐賀県,Saga,Accounting and finance
2007383,岡田拓也,23,29,看護師,愛知県,Aichi,Nurse
2007384,横田浩二,13,52,エンジニア,東京都,Tokyo,Engineer
2007385,後藤典子,27,28,美容師,大阪府,Osaka,Hairdresser
2007386,宮崎義明,23,30,年金受給者,愛知県,Aichi,Pensioner
2007387,菊地幸子,5,45,医師,秋田県,Akita,Physician
2007388,井上啓介,42,29,飲食業,長崎県,Nagasaki,Food service
2007389,谷口楓,7,45,公務員,福島県,Fukushima,Public servant
2007390,太田慎太郎,11,41,保育士,埼玉県,Saitama,Childcare worker
2007391,内田優,27,58,年金受給者,大阪府,Osaka,Pensioner
2007392,大塚駿,11,73,公務員,埼玉県,Saitama,Public servant
2007393,高田航,22,33,農業,静岡県,Shizuoka,Farmer
2007394,森田正樹,6,62,コンサルタント,山形県,Yamagata,Consultant
2007395,宮本光,22,26,営業職,静岡県,Shizuoka,Sales
2007396,市川康平,31,69,研究職,鳥取県,Tottori,Researcher
2007397,河野涼太,12,41,エンジニア,千葉県,Chiba,Engineer
2007398,木下七海,32,54,飲食業,島根県,Shimane,Food service
2007399,菅原智也,27,63,運転手,大阪府,Osaka,Driver
2007400,石井祐樹,34,35,主婦・主夫,広島県,Hiroshima,Homemaker
2007401,中川奈々,13,59,研究職,東京都,Tokyo,Researcher
2007402,宮崎智也,1,35,医師,北海道,Hokkaido,Physician
2007403,鈴木洋子,5,52,建築士,秋田県,Akita,Architect
2007404,藤原葵,11,55,学生,埼玉県,Saitama,Student
2007405,後藤孝之,20,55,販売員,長野県,Nagano,Retail staff
2007406,石井桜,2,53,看護師,青森県,Aomori,Nurse
2007407,山本祐樹,11,54,飲食業,埼玉県,Saitama,Food service
2007408,渡辺志保,45,30,保育士,宮崎県,Miyazaki,Childcare worker
2007409,伊藤文子,18,52,医師,福井県,Fukui,Physician
2007410,安田航,40,32,営業職,福岡県,Fukuoka,Sales
2007411,斎藤美穂,22,36,コンサルタント,静岡県,Shizuoka,Consultant
2007412,木下和子,19,35,営業職,山梨県,Yamanashi,Sales
2007413,田中楓,27,49,デザイナー,大阪府,Osaka,Designer
2007414,野口祐樹,14,38,運転手,神奈川県,Kanagawa,Driver
2007415,橋本陽子,3,69,年金受給者,岩手県,Iwate,Pensioner
2007416,高橋玲子,20,33,自営業,長野県,Nagano,Self-employed
2007417,大西優,32,22,営業職,島根県,Shimane,Sales
2007418,野村大輝,26,32,その他,京都府,Kyoto,Other
2007419,大野久美子,18,26,漁業,福井県,Fukui,Fisher
2007420,中村拓也,1,57,コンサルタント,北海道,Hokkaido,Consultant
2007421,山崎和子,13,32,販売員,東京都,Tokyo,Retail staff
2007422,斎藤玲子,27,52,経理・財務,大阪府,Osaka,Accounting and finance
2007423,加藤芽衣,32,51,飲食業,島根県,Shimane,Food service
2007424,飯田沙織,8,39,年金受給者,茨城県,Ibaraki,Pensioner
2007425,今井朱莉,28,78,エンジニア,兵庫県,Hyogo,Engineer
2007426,長谷川慎太郎,13,62,漁業,東京都,Tokyo,Fisher
2007427,今井健太,34,69,販売員,広島県,Hiroshima,Retail staff
2007428,竹内沙織,1,38,建築士,北海道,Hokkaido,Architect
2007429,藤田達也,22,65,建築士,静岡県,Shizuoka,Architect
2007430,滝沢慎太郎,32,65,研究職,島根県,Shimane,Researcher
2007431,太田和也,28,45,営業職,兵庫県,Hyogo,Sales
2007432,浜田英樹,14,45,その他,神奈川県,Kanagawa,Other
2007433,西村慎太郎,40,52,弁護士,福岡県,Fukuoka,Lawyer
2007434,河野陽介,44,76,年金受給者,大分県,Oita,Pensioner
2007435,中島沙織,39,50,公務員,高知県,Kochi,Public servant
2007436,福田七海,35,30,会社員,山口県,Yamaguchi,Company employee
2007437,藤原真一,22,45,年金受給者,静岡県,Shizuoka,Pensioner
2007438,今井翔太,28,37,弁護士,兵庫県,Hyogo,Lawyer
2007439,中山久美子,27,56,保育士,大阪府,Osaka,Childcare worker
2007440,山下洋子,18,32,その他,福井県,Fukui,Other
2007441,武田由美,7,43,主婦・主夫,福島県,Fukushima,Homemaker
2007442,野口悠人,13,39,弁護士,東京都,Tokyo,Lawyer
2007443,前田光,23,64,エンジニア,愛知県,Aichi,Engineer
2007444,大塚裕子,27,58,経理・財務,大阪府,Osaka,Accounting and finance
2007445,松田芽衣,25,26,運転手,滋賀県,Shiga,Driver
2007446,上野春香,35,76,公務員,山口県,Yamaguchi,Public servant
2007447,岡田幸子,24,48,飲食業,三重県,Mie,Food service
2007448,大西和也,37,42,会計士,香川県,Kagawa,Accountant
2007449,鈴木悠人,13,20,主婦・主夫,東京都,Tokyo,Homemaker
2007450,藤本一郎,45,63,看護師,宮崎県,Miyazaki,Nurse
2007451,藤田玲子,41,62,建築士,佐賀県,Saga,Architect
2007452,野村莉子,23,62,漁業,愛知県,Aichi,Fisher
2007453,前田大地,11,59,その他,埼玉県,Saitama,Other
2007454,小島洋平,26,32,研究職,京都府,Kyoto,Researcher
2007455,原真央,13,35,漁業,東京都,Tokyo,Fisher
2007456,田口愛,14,20,医師,神奈川県,Kanagawa,Physician
2007457,飯田隆志,32,32,営業職,島根県,Shimane,Sales
2007458,小野博之,37,34,販売員,香川県,Kagawa,Retail staff
2007459,上田文子,14,63,保育士,神奈川県,Kanagawa,Childcare worker
2007460,松田雄大,46,40,コンサルタント,鹿児島県,Kagoshima,Consultant
2007461,松本義明,40,20,薬剤師,福岡県,Fukuoka,Pharmacist
2007462,大西美穂,1,51,会社員,北海道,Hokkaido,Company employee
2007463,安藤光子,27,38,薬剤師,大阪府,Osaka,Pharmacist
2007464,平野凛,11,27,経理・財務,埼玉県,Saitama,Accounting and finance
2007465,中山裕子,16,57,主婦・主夫,富山県,Toyama,Homemaker
2007466,原健太,40,55,パート・アルバイト,福岡県,Fukuoka,Part-time worker
2007467,山本康平,5,21,主婦・主夫,秋田県,Akita,Homemaker
2007468,山口和也,22,32,医師,静岡県,Shizuoka,Physician
2007469,谷口葵,11,36,美容師,埼玉県,Saitama,Hairdresser
2007470,市川美穂,13,47,農業,東京都,Tokyo,Farmer
2007471,宮崎美咲,19,68,自営業,山梨県,Yamanashi,Self-employed
2007472,渡辺智也,31,34,販売員,鳥取県,Tottori,Retail staff
2007473,池田久美子,11,68,経理・財務,埼玉県,Saitama,Accounting and finance
2007474,林駿,41,33,自営業,佐賀県,Saga,Self-employed
2007475,中山将也,13,21,建築士,東京都,Tokyo,Architect
2007476,森田朱莉,27,44,販売員,大阪府,Osaka,Retail staff
2007477,山崎愛,31,44,研究職,鳥取県,Tottori,Researcher
2007478,藤田洋子,13,77,販売員,東京都,Tokyo,Retail staff
2007479,田中智子,23,75,自営業,愛知県,Aichi,Self-employed
2007480,近藤亜希子,2,68,エンジニア,青森県,Aomori,Engineer
2007481,高橋朱莉,11,63,エンジニア,埼玉県,Saitama,Engineer
2007482,田口裕子,14,40,飲食業,神奈川県,Kanagawa,Food service
2007483,渡部克彦,31,24,建築士,鳥取県,Tottori,Architect
2007484,藤田彩,35,53,販売員,山口県,Yamaguchi,Retail staff
2007485,桜井直樹,36,49,パート・アルバイト,徳島県,Tokushima,Part-time worker
2007486,中村瑞穂,27,30,会計士,大阪府,Osaka,Accountant
2007487,工藤悠斗,13,52,学生,東京都,Tokyo,Student
2007488,中山和子,13,21,飲食業,東京都,Tokyo,Food service
2007489,宮本沙織,33,32,研究職,岡山県,Okayama,Researcher
2007490,野口奈々,27,44,建築士,大阪府,Osaka,Architect
2007491,市川結衣,12,52,薬剤師,千葉県,Chiba,Pharmacist
2007492,横田奈々,23,42,保育士,愛知県,Aichi,Childcare worker
2007493,佐野博之,17,29,保育士,石川県,Ishikawa,Childcare worker
2007494,桜井楓,13,47,教員,東京都,Tokyo,Teacher
2007495,飯田英樹,6,62,運転手,山形県,Yamagata,Driver
2007496,石井直美,1,43,薬剤師,北海道,Hokkaido,Pharmacist
2007497,森亜希子,28,60,経理・財務,兵庫県,Hyogo,Accounting and finance
2007498,島田彩,23,27,その他,愛知県,Aichi,Other
2007499,本田慎太郎,44,49,建築士,大分県,Oita,Architect
2007500,清水将也,42,50,エンジニア,長崎県,Nagasaki,Engineer
2007501,武田雄大,1,49,営業職,北海道,Hokkaido,Sales
2007502,高木悠斗,12,34,公務員,千葉県,Chiba,Public servant
2007503,中山幸子,23,61,エンジニア,愛知県,Aichi,Engineer
2007504,古川光子,40,37,運転手,福岡県,Fukuoka,Driver
2007505,柴田陽子,36,43,エンジニア,徳島県,Tokushima,Engineer
2007506,松岡彩,12,34,運転手,千葉県,Chiba,Driver
2007507,菊地智也,23,44,経理・財務,愛知県,Aichi,Accounting and finance
2007508,原正樹,14,36,農業,神奈川県,Kanagawa,Farmer
2007509,上野美穂,47,46,農業,沖縄県,Okinawa,Farmer
2007510,久保瑞穂,1,28,保育士,北海道,Hokkaido,Childcare worker
2007511,岡本芽衣,19,61,経理・財務,山梨県,Yamanashi,Accounting and finance
2007512,今井涼太,27,49,薬剤師,大阪府,Osaka,Pharmacist
2007513,竹内裕子,40,29,保育士,福岡県,Fukuoka,Childcare worker
2007514,本田悠人,11,22,薬剤師,埼玉県,Saitama,Pharmacist
2007515,中村一郎,13,30,保育士,東京都,Tokyo,Childcare worker
2007516,田村瑞穂,1,37,建築士,北海道,Hokkaido,Architect
2007517,西村莉子,23,47,保育士,愛知県,Aichi,Childcare worker
2007518,野村洋平,3,47,会社員,岩手県,Iwate,Company employee
2007519,中山玲子,40,61,研究職,福岡県,Fukuoka,Researcher
2007520,田口健太,13,23,飲食業,東京都,Tokyo,Food service
2007521,千葉陸,37,56,エンジニア,香川県,Kagawa,Engineer
2007522,安田秀樹,5,27,美容師,秋田県,Akita,Hairdresser
2007523,岡本凛,23,48,看護師,愛知県,Aichi,Nurse
2007524,山口幸子,16,43,デザイナー,富山県,Toyama,Designer
2007525,小島優,10,56,研究職,群馬県,Gunma,Researcher
2007526,池田亮,14,31,主婦・主夫,神奈川県,Kanagawa,Homemaker
2007527,工藤千尋,22,38,漁業,静岡県,Shizuoka,Fisher
2007528,岡田一郎,11,59,農業,埼玉県,Saitama,Farmer
2007529,松井結衣,5,62,教員,秋田県,Akita,Teacher
2007530,増田朱莉,14,49,パート・アルバイト,神奈川県,Kanagawa,Part-time worker
2007531,本田和子,27,27,研究職,大阪府,Osaka,Researcher
2007532,松井久美子,12,47,デザイナー,千葉県,Chiba,Designer
2007533,上田七海,1,22,主婦・主夫,北海道,Hokkaido,Homemaker
2007534,鈴木美穂,47,48,公務員,沖縄県,Okinawa,Public servant
2007535,酒井志保,37,60,飲食業,香川県,Kagawa,Food service
2007536,阿部芽衣,23,37,看護師,愛知県,Aichi,Nurse
2007537,河野慎太郎,8,36,販売員,茨城県,Ibaraki,Retail staff
2007538,斉藤節子,18,53,運転手,福井県,Fukui,Driver
2007539,杉本啓介,13,41,エンジニア,東京都,Tokyo,Engineer
2007540,増田英樹,16,45,経理・財務,富山県,Toyama,Accounting and finance
2007541,市川美穂,43,22,農業,熊本県,Kumamoto,Farmer
2007542,山田文子,14,78,漁業,神奈川県,Kanagawa,Fisher
2007543,工藤啓介,10,59,デザイナー,群馬県,Gunma,Designer
2007544,原田文子,13,44,美容師,東京都,Tokyo,Hairdresser
2007545,坂本博之,40,45,主婦・主夫,福岡県,Fukuoka,Homemaker
2007546,藤井洋子,19,51,弁護士,山梨県,Yamanashi,Lawyer
2007547,井上和也,14,23,教員,神奈川県,Kanagawa,Teacher
2007548,藤原直樹,11,50,医師,埼玉県,Saitama,Physician
2007549,丸山直樹,1,78,飲食業,北海道,Hokkaido,Food service
2007550,斉藤直美,13,49,農業,東京都,Tokyo,Farmer
2007551,山口航,32,30,公務員,島根県,Shimane,Public servant
2007552,関久美子,28,51,営業職,兵庫県,Hyogo,Sales
2007553,大西隆志,23,47,公務員,愛知県,Aichi,Public servant
2007554,林直美,18,37,自営業,福井県,Fukui,Self-employed
2007555,横田一郎,25,42,農業,滋賀県,Shiga,Farmer
2007556,大野亜希子,23,54,運転手,愛知県,Aichi,Driver
2007557,藤井結衣,13,47,主婦・主夫,東京都,Tokyo,Homemaker
2007558,松本誠,1,72,販売員,北海道,Hokkaido,Retail staff
2007559,小川亮,23,72,販売員,愛知県,Aichi,Retail staff
2007560,原田凛,1,65,教員,北海道,Hokkaido,Teacher
2007561,池田千尋,10,20,主婦・主夫,群馬県,Gunma,Homemaker
2007562,白石亜希子,14,38,建築士,神奈川県,Kanagawa,Architect
2007563,高橋恵,22,32,経理・財務,静岡県,Shizuoka,Accounting and finance
2007564,菊地駿,29,46,漁業,奈良県,Nara,Fisher
2007565,山本将也,11,67,経理・財務,埼玉県,Saitama,Accounting and finance
2007566,三浦文子,15,66,学生,新潟県,Niigata,Student
2007567,井上陽介,14,44,営業職,神奈川県,Kanagawa,Sales
2007568,白石将也,36,45,経理・財務,徳島県,Tokushima,Accounting and finance
2007569,木村莉子,8,47,教員,茨城県,Ibaraki,Teacher
2007570,木村大地,13,38,自営業,東京都,Tokyo,Self-employed
2007571,大西蓮,31,36,パート・アルバイト,鳥取県,Tottori,Part-time worker
2007572,金子直美,38,31,研究職,愛媛県,Ehime,Researcher
2007573,松田和也,14,38,学生,神奈川県,Kanagawa,Student
2007574,宮本達也,40,62,販売員,福岡県,Fukuoka,Retail staff
2007575,横山正樹,31,48,会社員,鳥取県,Tottori,Company employee
2007576,渡辺玲子,13,54,漁業,東京都,Tokyo,Fisher
2007577,柴田志保,22,30,営業職,静岡県,Shizuoka,Sales
2007578,工藤博之,35,59,その他,山口県,Yamaguchi,Other
2007579,橋本哲也,14,73,会社員,神奈川県,Kanagawa,Company employee
2007580,石川直美,13,35,看護師,東京都,Tokyo,Nurse
2007581,田中克彦,12,48,学生,千葉県,Chiba,Student
2007582,久保孝之,1,54,経理・財務,北海道,Hokkaido,Accounting and finance
2007583,小野楓,11,76,飲食業,埼玉県,Saitama,Food service
2007584,村上葵,14,67,看護師,神奈川県,Kanagawa,Nurse
2007585,三浦真一,43,55,会社員,熊本県,Kumamoto,Company employee
2007586,藤本陽介,22,36,研究職,静岡県,Shizuoka,Researcher
2007587,森朱莉,13,27,販売員,東京都,Tokyo,Retail staff
2007588,中村智也,13,27,農業,東京都,Tokyo,Farmer
2007589,増田葵,28,69,保育士,兵庫県,Hyogo,Childcare worker
2007590,増田幸子,14,46,販売員,神奈川県,Kanagawa,Retail staff
2007591,横田洋平,22,53,看護師,静岡県,Shizuoka,Nurse
2007592,篠原祐樹,28,65,その他,兵庫県,Hyogo,Other
2007593,柴田隆志,5,72,エンジニア,秋田県,Akita,Engineer
2007594,原田葵,13,35,農業,東京都,Tokyo,Farmer
2007595,古川澪,1,20,会社員,北海道,Hokkaido,Company employee
2007596,長谷川大地,11,40,主婦・主夫,埼玉県,Saitama,Homemaker
2007597,斎藤浩二,28,54,教員,兵庫県,Hyogo,Teacher
2007598,村上由美,16,70,運転手,富山県,Toyama,Driver
2007599,高橋莉子,41,62,コンサルタント,佐賀県,Saga,Consultant
2007600,阿部誠,43,32,公務員,熊本県,Kumamoto,Public servant
2007601,岡本美咲,13,32,薬剤師,東京都,Tokyo,Pharmacist
2007602,福田澪,11,36,会計士,埼玉県,Saitama,Accountant
2007603,島田康平,27,28,学生,大阪府,Osaka,Student
2007604,山崎莉子,14,57,看護師,神奈川県,Kanagawa,Nurse
2007605,高木陽子,28,62,研究職,兵庫県,Hyogo,Researcher
2007606,河野正樹,13,31,経理・財務,東京都,Tokyo,Accounting and finance
2007607,斉藤誠,27,45,飲食業,大阪府,Osaka,Food service
2007608,山崎浩二,22,34,コンサルタント,静岡県,Shizuoka,Consultant
2007609,三浦陽子,27,53,農業,大阪府,Osaka,Farmer
2007610,加藤葵,10,44,薬剤師,群馬県,Gunma,Pharmacist
2007611,中野光子,40,72,会計士,福岡県,Fukuoka,Accountant
2007612,増田智也,1,59,研究職,北海道,Hokkaido,Researcher
2007613,井上拓也,1,36,医師,北海道,Hokkaido,Physician
2007614,高木健太,27,54,教員,大阪府,Osaka,Teacher
2007615,渡辺澪,23,28,コンサルタント,愛知県,Aichi,Consultant
2007616,藤田智子,37,57,看護師,香川県,Kagawa,Nurse
2007617,中島涼太,40,54,営業職,福岡県,Fukuoka,Sales
2007618,上田一郎,23,77,教員,愛知県,Aichi,Teacher
2007619,星野七海,13,76,会計士,東京都,Tokyo,Accountant
2007620,石田涼太,23,65,エンジニア,愛知県,Aichi,Engineer
2007621,上田智也,27,55,教員,大阪府,Osaka,Teacher
2007622,松尾久美子,12,25,運転手,千葉県,Chiba,Driver
2007623,太田瑞穂,24,28,教員,三重県,Mie,Teacher
2007624,後藤智子,27,35,デザイナー,大阪府,Osaka,Designer
2007625,内田駿,12,77,薬剤師,千葉県,Chiba,Pharmacist
2007626,高橋誠,4,31,農業,宮城県,Miyagi,Farmer
2007627,大西克彦,10,61,飲食業,群馬県,Gunma,Food service
2007628,安藤正樹,27,57,研究職,大阪府,Osaka,Researcher
2007629,田口久美子,28,42,弁護士,兵庫県,Hyogo,Lawyer
2007630,松岡幸子,12,39,その他,千葉県,Chiba,Other
2007631,千葉義明,27,62,薬剤師,大阪府,Osaka,Pharmacist
2007632,後藤裕子,23,35,看護師,愛知県,Aichi,Nurse
2007633,木下裕子,13,34,研究職,東京都,Tokyo,Researcher
2007634,福田祐樹,19,65,薬剤師,山梨県,Yamanashi,Pharmacist
2007635,吉田楓,14,26,漁業,神奈川県,Kanagawa,Fisher
2007636,横田悠斗,29,42,保育士,奈良県,Nara,Childcare worker
2007637,橋本真一,4,36,飲食業,宮城県,Miyagi,Food service
2007638,横田沙織,27,26,美容師,大阪府,Osaka,Hairdresser
2007639,宮崎一郎,39,44,教員,高知県,Kochi,Teacher
2007640,篠原博之,11,45,コンサルタント,埼玉県,Saitama,Consultant
2007641,関健太,14,74,コンサルタント,神奈川県,Kanagawa,Consultant
2007642,斉藤隆志,39,73,建築士,高知県,Kochi,Architect
2007643,松本春香,13,46,建築士,東京都,Tokyo,Architect
2007644,関志保,28,41,コンサルタント,兵庫県,Hyogo,Consultant
2007645,渡部大地,27,36,建築士,大阪府,Osaka,Architect
2007646,桜井将也,28,39,学生,兵庫県,Hyogo,Student
2007647,松田大地,23,29,医師,愛知県,Aichi,Physician
2007648,清水悠人,12,32,主婦・主夫,千葉県,Chiba,Homemaker
2007649,石川浩二,23,35,看護師,愛知県,Aichi,Nurse
2007650,松尾隆志,9,45,建築士,栃木県,Tochigi,Architect
2007651,河野陽介,27,39,保育士,大阪府,Osaka,Childcare worker
2007652,内田義明,16,28,会計士,富山県,Toyama,Accountant
2007653,村上彩,6,59,医師,山形県,Yamagata,Physician
2007654,酒井陸,20,37,自営業,長野県,Nagano,Self-employed
2007655,大野志保,44,50,看護師,大分県,Oita,Nurse
2007656,野村大地,17,31,看護師,石川県,Ishikawa,Nurse
2007657,星野玲子,28,51,漁業,兵庫県,Hyogo,Fisher
2007658,千葉孝之,10,59,保育士,群馬県,Gunma,Childcare worker
2007659,前田陽子,40,78,医師,福岡県,Fukuoka,Physician
2007660,木村真央,13,23,販売員,東京都,Tokyo,Retail staff
2007661,太田大輝,28,67,主婦・主夫,兵庫県,Hyogo,Homemaker
2007662,井上結衣,27,46,医師,大阪府,Osaka,Physician
2007663,松井直樹,45,28,美容師,宮崎県,Miyazaki,Hairdresser
2007664,中川一郎,1,57,エンジニア,北海道,Hokkaido,Engineer
2007665,岡本玲子,28,54,薬剤師,兵庫県,Hyogo,Pharmacist
2007666,大塚博之,12,28,コンサルタント,千葉県,Chiba,Consultant
2007667,白石文子,5,21,研究職,秋田県,Akita,Researcher
2007668,村田光,28,31,その他,兵庫県,Hyogo,Other
2007669,中川和也,22,58,学生,静岡県,Shizuoka,Student
2007670,原田恵,1,59,美容師,北海道,Hokkaido,Hairdresser
2007671,宮本義明,23,48,販売員,愛知県,Aichi,Retail staff
2007672,小川健太,23,52,主婦・主夫,愛知県,Aichi,Homemaker
2007673,山田朱莉,17,48,その他,石川県,Ishikawa,Other
2007674,西村玲子,27,34,主婦・主夫,大阪府,Osaka,Homemaker
2007675,安藤駿,34,52,弁護士,広島県,Hiroshima,Lawyer
2007676,三浦拓也,14,49,コンサルタント,神奈川県,Kanagawa,Consultant
2007677,前田幸子,22,40,営業職,静岡県,Shizuoka,Sales
2007678,小野直美,13,56,保育士,東京都,Tokyo,Childcare worker
2007679,金子陽子,22,31,会社員,静岡県,Shizuoka,Company employee
2007680,松田光子,24,55,営業職,三重県,Mie,Sales
2007681,森真央,17,59,経理・財務,石川県,Ishikawa,Accounting and finance
2007682,高田真一,44,36,パート・アルバイト,大分県,Oita,Part-time worker
2007683,佐野久美子,14,42,パート・アルバイト,神奈川県,Kanagawa,Part-time worker
2007684,森田京子,32,64,会計士,島根県,Shimane,Accountant
2007685,高橋孝之,5,44,エンジニア,秋田県,Akita,Engineer
2007686,柴田美穂,40,73,保育士,福岡県,Fukuoka,Childcare worker
2007687,原真央,13,33,コンサルタント,東京都,Tokyo,Consultant
2007688,松本千尋,13,51,公務員,東京都,Tokyo,Public servant
2007689,岡田玲子,14,43,美容師,神奈川県,Kanagawa,Hairdresser
2007690,村田和也,7,57,販売員,福島県,Fukushima,Retail staff
2007691,田口楓,22,39,看護師,静岡県,Shizuoka,Nurse
2007692,森裕子,14,41,弁護士,神奈川県,Kanagawa,Lawyer
2007693,田中博之,14,44,保育士,神奈川県,Kanagawa,Childcare worker
2007694,原拓也,1,25,飲食業,北海道,Hokkaido,Food service
2007695,工藤真央,14,32,コンサルタント,神奈川県,Kanagawa,Consultant
2007696,近藤澪,32,37,漁業,島根県,Shimane,Fisher
2007697,渡部駿,23,31,弁護士,愛知県,Aichi,Lawyer
2007698,山崎康平,29,54,販売員,奈良県,Nara,Retail staff
2007699,岡田達也,14,22,主婦・主夫,神奈川県,Kanagawa,Homemaker
2007700,中山奈々,4,47,看護師,宮城県,Miyagi,Nurse
2007701,佐野光,40,48,学生,福岡県,Fukuoka,Student
2007702,金子澪,30,59,会社員,和歌山県,Wakayama,Company employee
2007703,和田志保,14,33,パート・アルバイト,神奈川県,Kanagawa,Part-time worker
2007704,山田桜,27,77,デザイナー,大阪府,Osaka,Designer
2007705,藤井洋子,14,65,自営業,神奈川県,Kanagawa,Self-employed
2007706,中島真央,23,21,エンジニア,愛知県,Aichi,Engineer
2007707,近藤一郎,9,56,コンサルタント,栃木県,Tochigi,Consultant
2007708,飯田楓,13,60,営業職,東京都,Tokyo,Sales
2007709,河野莉子,6,26,年金受給者,山形県,Yamagata,Pensioner
2007710,加藤瑞穂,13,54,会計士,東京都,Tokyo,Accountant
2007711,木村雄大,13,50,販売員,東京都,Tokyo,Retail staff
2007712,安田智子,33,67,年金受給者,岡山県,Okayama,Pensioner
2007713,藤井陽子,22,36,その他,静岡県,Shizuoka,Other
2007714,藤本久美子,40,43,パート・アルバイト,福岡県,Fukuoka,Part-time worker
2007715,藤井美咲,1,59,営業職,北海道,Hokkaido,Sales
2007716,藤田洋子,13,54,建築士,東京都,Tokyo,Architect
2007717,木下京子,13,55,営業職,東京都,Tokyo,Sales
2007718,藤井博之,20,43,公務員,長野県,Nagano,Public servant
2007719,藤原哲也,27,63,エンジニア,大阪府,Osaka,Engineer
2007720,田村和子,11,40,会社員,埼玉県,Saitama,Company employee
2007721,佐野朱莉,23,55,保育士,愛知県,Aichi,Childcare worker
2007722,伊藤駿,27,36,営業職,大阪府,Osaka,Sales
2007723,武田直樹,11,44,研究職,埼玉県,Saitama,Researcher
2007724,菊地航,40,47,研究職,福岡県,Fukuoka,Researcher
2007725,森田彩,39,51,主婦・主夫,高知県,Kochi,Homemaker
2007726,福田駿,23,72,看護師,愛知県,Aichi,Nurse
2007727,橋本和子,13,46,コンサルタント,東京都,Tokyo,Consultant
2007728,水野玲子,29,22,保育士,奈良県,Nara,Childcare worker
2007729,平野節子,39,38,農業,高知県,Kochi,Farmer
2007730,阿部大地,18,43,会計士,福井県,Fukui,Accountant
2007731,小林和也,2,46,デザイナー,青森県,Aomori,Designer
2007732,野村正樹,5,66,公務員,秋田県,Akita,Public servant
2007733,本田航,26,50,学生,京都府,Kyoto,Student
2007734,村上志保,32,44,医師,島根県,Shimane,Physician
2007735,福田博之,17,50,コンサルタント,石川県,Ishikawa,Consultant
2007736,藤本孝之,21,64,経理・財務,岐阜県,Gifu,Accounting and finance
2007737,丸山博之,13,42,学生,東京都,Tokyo,Student
2007738,竹内直樹,14,20,保育士,神奈川県,Kanagawa,Childcare worker
2007739,久保京子,11,24,薬剤師,埼玉県,Saitama,Pharmacist
2007740,橋本正樹,27,46,建築士,大阪府,Osaka,Architect
2007741,山口節子,12,20,研究職,千葉県,Chiba,Researcher
2007742,大塚大地,21,48,漁業,岐阜県,Gifu,Fisher
2007743,丸山幸子,40,39,薬剤師,福岡県,Fukuoka,Pharmacist
2007744,林康平,14,36,保育士,神奈川県,Kanagawa,Childcare worker
2007745,長谷川哲也,20,44,保育士,長野県,Nagano,Childcare worker
2007746,藤井陽子,43,30,営業職,熊本県,Kumamoto,Sales
2007747,野口志保,13,37,その他,東京都,Tokyo,Other
2007748,加藤優,30,50,弁護士,和歌山県,Wakayama,Lawyer
2007749,安藤孝之,43,29,公務員,熊本県,Kumamoto,Public servant
2007750,佐々木義明,1,58,エンジニア,北海道,Hokkaido,Engineer
2007751,桜井真央,27,41,デザイナー,大阪府,Osaka,Designer
2007752,岡本楓,23,26,販売員,愛知県,Aichi,Retail staff
2007753,佐藤芽衣,23,25,学生,愛知県,Aichi,Student
2007754,鈴木慎太郎,27,24,会計士,大阪府,Osaka,Accountant
2007755,小野智子,3,31,保育士,岩手県,Iwate,Childcare worker
2007756,斉藤芽衣,13,20,教員,東京都,Tokyo,Teacher
2007757,小松美咲,9,25,漁業,栃木県,Tochigi,Fisher
2007758,中野幸子,23,62,会社員,愛知県,Aichi,Company employee
2007759,大西一郎,40,34,コンサルタント,福岡県,Fukuoka,Consultant
2007760,林拓也,5,57,経理・財務,秋田県,Akita,Accounting and finance
2007761,木村七海,13,32,会社員,東京都,Tokyo,Company employee
2007762,山本英樹,37,52,公務員,香川県,Kagawa,Public servant
2007763,青木涼太,1,30,パート・アルバイト,北海道,Hokkaido,Part-time worker
2007764,福田孝之,22,40,医師,静岡県,Shizuoka,Physician
2007765,後藤英樹,24,54,運転手,三重県,Mie,Driver
2007766,藤原凛,13,27,農業,東京都,Tokyo,Farmer
2007767,大塚千尋,13,59,公務員,東京都,Tokyo,Public servant
2007768,山田結衣,14,55,美容師,神奈川県,Kanagawa,Hairdresser
2007769,河野裕子,35,45,公務員,山口県,Yamaguchi,Public servant
2007770,三浦由美,37,72,年金受給者,香川県,Kagawa,Pensioner
2007771,小林七海,21,37,教員,岐阜県,Gifu,Teacher
2007772,太田智也,22,56,学生,静岡県,Shizuoka,Student
2007773,石田秀樹,32,42,会社員,島根県,Shimane,Company employee
2007774,中島香織,13,44,飲食業,東京都,Tokyo,Food service
2007775,丸山莉子,14,40,建築士,神奈川県,Kanagawa,Architect
2007776,石田涼太,16,71,保育士,富山県,Toyama,Childcare worker
2007777,星野祐樹,28,61,パート・アルバイト,兵庫県,Hyogo,Part-time worker
2007778,松井亮,14,40,営業職,神奈川県,Kanagawa,Sales
2007779,増田浩二,45,45,教員,宮崎県,Miyazaki,Teacher
2007780,安藤和也,13,37,会計士,東京都,Tokyo,Accountant
2007781,工藤直樹,13,42,研究職,東京都,Tokyo,Researcher
2007782,中川正樹,21,45,経理・財務,岐阜県,Gifu,Accounting and finance
2007783,大野涼太,11,33,会計士,埼玉県,Saitama,Accountant
2007784,東洋平,14,66,農業,神奈川県,Kanagawa,Farmer
2007785,青木彩,23,74,建築士,愛知県,Aichi,Architect
2007786,安田莉子,10,52,その他,群馬県,Gunma,Other
2007787,清水健太,14,34,漁業,神奈川県,Kanagawa,Fisher
2007788,大塚隆志,27,73,販売員,大阪府,Osaka,Retail staff
2007789,山下孝之,13,26,自営業,東京都,Tokyo,Self-employed
2007790,福田誠,14,39,薬剤師,神奈川県,Kanagawa,Pharmacist
2007791,村田和子,1,44,教員,北海道,Hokkaido,Teacher
2007792,高田智子,27,57,弁護士,大阪府,Osaka,Lawyer
2007793,田口康平,40,57,自営業,福岡県,Fukuoka,Self-employed
2007794,竹内達也,16,44,パート・アルバイト,富山県,Toyama,Part-time worker
2007795,田中光子,23,55,コンサルタント,愛知県,Aichi,Consultant
2007796,上田悠人,43,55,会社員,熊本県,Kumamoto,Company employee
2007797,井上久美子,34,33,教員,広島県,Hiroshima,Teacher
2007798,東祐樹,25,45,公務員,滋賀県,Shiga,Public servant
2007799,和田英樹,11,58,パート・アルバイト,埼玉県,Saitama,Part-time worker
2007800,横山彩,27,40,保育士,大阪府,Osaka,Childcare worker
2007801,野村正樹,11,44,エンジニア,埼玉県,Saitama,Engineer
2007802,山口康平,12,49,薬剤師,千葉県,Chiba,Pharmacist
2007803,古川朱莉,13,31,弁護士,東京都,Tokyo,Lawyer
2007804,小島朱莉,40,34,運転手,福岡県,Fukuoka,Driver
2007805,大西雄大,44,26,パート・アルバイト,大分県,Oita,Part-time worker
2007806,武田裕子,38,36,会計士,愛媛県,Ehime,Accountant
2007807,岡田芽衣,12,25,コンサルタント,千葉県,Chiba,Consultant
2007808,吉田陽子,11,43,自営業,埼玉県,Saitama,Self-employed
2007809,近藤洋平,40,45,経理・財務,福岡県,Fukuoka,Accounting and finance
2007810,野口澪,13,55,弁護士,東京都,Tokyo,Lawyer
2007811,宮本美穂,37,75,薬剤師,香川県,Kagawa,Pharmacist
2007812,横田将也,14,35,保育士,神奈川県,Kanagawa,Childcare worker
2007813,宮崎裕子,29,47,その他,奈良県,Nara,Other
2007814,飯田航,4,41,パート・アルバイト,宮城県,Miyagi,Part-time worker
2007815,福田駿,27,66,学生,大阪府,Osaka,Student
2007816,金子由美,22,72,学生,静岡県,Shizuoka,Student
2007817,林奈々,24,55,その他,三重県,Mie,Other
2007818,山崎美咲,34,28,公務員,広島県,Hiroshima,Public servant
2007819,東凛,14,60,美容師,神奈川県,Kanagawa,Hairdresser
2007820,小林結衣,20,76,美容師,長野県,Nagano,Hairdresser
2007821,林悠人,14,56,パート・アルバイト,神奈川県,Kanagawa,Part-time worker
2007822,市川蓮,13,48,公務員,東京都,Tokyo,Public servant
2007823,横山典子,22,35,経理・財務,静岡県,Shizuoka,Accounting and finance
2007824,長谷川誠,16,22,営業職,富山県,Toyama,Sales
2007825,石井祐樹,40,41,営業職,福岡県,Fukuoka,Sales
2007826,菊地陸,17,62,薬剤師,石川県,Ishikawa,Pharmacist
2007827,和田朱莉,29,27,エンジニア,奈良県,Nara,Engineer
2007828,福田春香,14,65,弁護士,神奈川県,Kanagawa,Lawyer
2007829,浜田美穂,35,56,自営業,山口県,Yamaguchi,Self-employed
2007830,水野沙織,2,65,デザイナー,青森県,Aomori,Designer
2007831,山下拓也,38,61,パート・アルバイト,愛媛県,Ehime,Part-time worker
2007832,河野智子,1,61,デザイナー,北海道,Hokkaido,Designer
2007833,高田達也,13,60,弁護士,東京都,Tokyo,Lawyer
2007834,菊地孝之,45,49,経理・財務,宮崎県,Miyazaki,Accounting and finance
2007835,安田幸子,12,39,パート・アルバイト,千葉県,Chiba,Part-time worker
2007836,横田英樹,14,32,漁業,神奈川県,Kanagawa,Fisher
2007837,高木和也,21,24,会計士,岐阜県,Gifu,Accountant
2007838,高橋孝之,17,48,保育士,石川県,Ishikawa,Childcare worker
2007839,松岡和子,23,45,農業,愛知県,Aichi,Farmer
2007840,清水久美子,30,61,エンジニア,和歌山県,Wakayama,Engineer
2007841,渡辺洋子,15,28,農業,新潟県,Niigata,Farmer
2007842,大野久美子,12,29,エンジニア,千葉県,Chiba,Engineer
2007843,和田直美,27,37,エンジニア,大阪府,Osaka,Engineer
2007844,新井優,30,58,薬剤師,和歌山県,Wakayama,Pharmacist
2007845,谷口久美子,13,36,運転手,東京都,Tokyo,Driver
2007846,田口久美子,46,60,公務員,鹿児島県,Kagoshima,Public servant
2007847,斉藤光,22,67,その他,静岡県,Shizuoka,Other
2007848,渡部誠,12,45,その他,千葉県,Chiba,Other
2007849,遠藤涼太,36,76,エンジニア,徳島県,Tokushima,Engineer
2007850,高田翔太,47,77,自営業,沖縄県,Okinawa,Self-employed
2007851,中川久美子,10,54,建築士,群馬県,Gunma,Architect
2007852,木下隆志,20,41,薬剤師,長野県,Nagano,Pharmacist
2007853,星野裕子,29,32,営業職,奈良県,Nara,Sales
2007854,松田義明,23,31,医師,愛知県,Aichi,Physician
2007855,酒井結衣,27,34,学生,大阪府,Osaka,Student
2007856,藤本悠人,12,33,デザイナー,千葉県,Chiba,Designer
2007857,大塚隆志,27,34,漁業,大阪府,Osaka,Fisher
2007858,河野智也,8,40,営業職,茨城県,Ibaraki,Sales
2007859,上田玲子,43,59,その他,熊本県,Kumamoto,Other
2007860,森田奈々,20,50,研究職,長野県,Nagano,Researcher
2007861,宮崎亜希子,34,60,漁業,広島県,Hiroshima,Fisher
2007862,宮本千尋,10,34,会社員,群馬県,Gunma,Company employee
2007863,斉藤志保,14,37,薬剤師,神奈川県,Kanagawa,Pharmacist
2007864,山下結衣,18,46,農業,福井県,Fukui,Farmer
2007865,杉山哲也,36,59,公務員,徳島県,Tokushima,Public servant
2007866,杉山玲子,13,55,経理・財務,東京都,Tokyo,Accounting and finance
2007867,大野啓介,13,39,販売員,東京都,Tokyo,Retail staff
2007868,野口澪,13,46,エンジニア,東京都,Tokyo,Engineer
2007869,杉山義明,30,59,パート・アルバイト,和歌山県,Wakayama,Part-time worker
2007870,中川和子,13,64,学生,東京都,Tokyo,Student
2007871,加藤悠人,22,40,飲食業,静岡県,Shizuoka,Food service
2007872,上田悠人,2,59,教員,青森県,Aomori,Teacher
2007873,飯田奈々,14,56,建築士,神奈川県,Kanagawa,Architect
2007874,丸山七海,23,36,会計士,愛知県,Aichi,Accountant
2007875,高田将也,23,49,主婦・主夫,愛知県,Aichi,Homemaker
2007876,工藤悠人,4,43,その他,宮城県,Miyagi,Other
2007877,中川沙織,7,51,エンジニア,福島県,Fukushima,Engineer
2007878,新井克彦,1,55,年金受給者,北海道,Hokkaido,Pensioner
2007879,田中楓,14,41,経理・財務,神奈川県,Kanagawa,Accounting and finance
2007880,大西典子,41,33,経理・財務,佐賀県,Saga,Accounting and finance
2007881,宮本正樹,5,39,農業,秋田県,Akita,Farmer
2007882,滝沢慎太郎,36,37,会計士,徳島県,Tokushima,Accountant
2007883,森智子,21,30,会計士,岐阜県,Gifu,Accountant
2007884,石井隆志,11,32,エンジニア,埼玉県,Saitama,Engineer
2007885,安田洋子,14,21,自営業,神奈川県,Kanagawa,Self-employed
2007886,千葉七海,13,39,保育士,東京都,Tokyo,Childcare worker
2007887,林真央,30,73,年金受給者,和歌山県,Wakayama,Pensioner
2007888,田村由美,40,57,主婦・主夫,福岡県,Fukuoka,Homemaker
2007889,遠藤陽介,22,42,漁業,静岡県,Shizuoka,Fisher
2007890,加藤真一,42,70,医師,長崎県,Nagasaki,Physician
2007891,竹内康平,1,67,教員,北海道,Hokkaido,Teacher
2007892,中島玲子,35,42,建築士,山口県,Yamaguchi,Architect
2007893,田村蓮,25,28,医師,滋賀県,Shiga,Physician
2007894,渡部悠人,22,58,自営業,静岡県,Shizuoka,Self-employed
2007895,高橋慎太郎,18,74,エンジニア,福井県,Fukui,Engineer
2007896,中島文子,32,61,教員,島根県,Shimane,Teacher
2007897,山下美穂,40,79,学生,福岡県,Fukuoka,Student
2007898,山下康平,37,36,建築士,香川県,Kagawa,Architect
2007899,柴田秀樹,31,49,パート・アルバイト,鳥取県,Tottori,Part-time worker
2007900,藤田康平,13,69,弁護士,東京都,Tokyo,Lawyer
2007901,久保陽子,25,39,営業職,滋賀県,Shiga,Sales
2007902,中川志保,14,28,看護師,神奈川県,Kanagawa,Nurse
2007903,大塚和也,27,55,薬剤師,大阪府,Osaka,Pharmacist
2007904,岩崎奈々,40,79,デザイナー,福岡県,Fukuoka,Designer
2007905,前田陸,23,37,コンサルタント,愛知県,Aichi,Consultant
2007906,福田彩,27,79,自営業,大阪府,Osaka,Self-employed
2007907,竹内由美,23,60,コンサルタント,愛知県,Aichi,Consultant
2007908,松本陽介,35,32,飲食業,山口県,Yamaguchi,Food service
2007909,千葉英樹,12,48,薬剤師,千葉県,Chiba,Pharmacist
2007910,久保奈々,11,21,弁護士,埼玉県,Saitama,Lawyer
2007911,山田由美,33,38,販売員,岡山県,Okayama,Retail staff
2007912,久保芽衣,3,39,美容師,岩手県,Iwate,Hairdresser
2007913,今井直美,11,41,パート・アルバイト,埼玉県,Saitama,Part-time worker
2007914,菊地愛,46,74,教員,鹿児島県,Kagoshima,Teacher
2007915,坂本陸,1,55,薬剤師,北海道,Hokkaido,Pharmacist
2007916,高橋和也,27,53,医師,大阪府,Osaka,Physician
2007917,星野瑞穂,12,60,エンジニア,千葉県,Chiba,Engineer
2007918,西村春香,22,45,販売員,静岡県,Shizuoka,Retail staff
2007919,鈴木光子,35,54,その他,山口県,Yamaguchi,Other
2007920,長谷川優,3,32,販売員,岩手県,Iwate,Retail staff
2007921,青木光,42,38,デザイナー,長崎県,Nagasaki,Designer
2007922,和田蓮,13,59,自営業,東京都,Tokyo,Self-employed
2007923,山口七海,44,57,教員,大分県,Oita,Teacher
2007924,滝沢春香,40,21,運転手,福岡県,Fukuoka,Driver
2007925,横田大地,13,58,教員,東京都,Tokyo,Teacher
2007926,大西葵,14,45,コンサルタント,神奈川県,Kanagawa,Consultant
2007927,佐野愛,22,58,保育士,静岡県,Shizuoka,Childcare worker
2007928,丸山陽介,2,54,薬剤師,青森県,Aomori,Pharmacist
2007929,森田陽介,14,77,農業,神奈川県,Kanagawa,Farmer
2007930,坂本春香,18,63,デザイナー,福井県,Fukui,Designer
2007931,小川春香,13,46,年金受給者,東京都,Tokyo,Pensioner
2007932,松井玲子,39,76,弁護士,高知県,Kochi,Lawyer
2007933,大西健太,14,33,年金受給者,神奈川県,Kanagawa,Pensioner
2007934,武田春香,11,47,営業職,埼玉県,Saitama,Sales
2007935,白石浩二,33,44,弁護士,岡山県,Okayama,Lawyer
2007936,藤原志保,31,56,自営業,鳥取県,Tottori,Self-employed
2007937,西村大地,38,34,学生,愛媛県,Ehime,Student
2007938,千葉浩二,40,35,エンジニア,福岡県,Fukuoka,Engineer
2007939,福田沙織,2,38,運転手,青森県,Aomori,Driver
2007940,千葉瑞穂,11,47,弁護士,埼玉県,Saitama,Lawyer
2007941,鈴木葵,14,54,コンサルタント,神奈川県,Kanagawa,Consultant
2007942,佐々木正樹,11,27,看護師,埼玉県,Saitama,Nurse
2007943,岡田愛,12,73,その他,千葉県,Chiba,Other
2007944,佐藤大地,2,28,研究職,青森県,Aomori,Researcher
2007945,横田康平,12,49,自営業,千葉県,Chiba,Self-employed
2007946,横山志保,41,72,美容師,佐賀県,Saga,Hairdresser
2007947,松井健太,13,36,主婦・主夫,東京都,Tokyo,Homemaker
2007948,森秀樹,28,51,学生,兵庫県,Hyogo,Student
2007949,小川京子,14,37,デザイナー,神奈川県,Kanagawa,Designer
2007950,桜井春香,13,56,弁護士,東京都,Tokyo,Lawyer
2007951,太田悠人,23,47,飲食業,愛知県,Aichi,Food service
2007952,井上裕子,1,68,看護師,北海道,Hokkaido,Nurse
2007953,松岡翔太,36,44,その他,徳島県,Tokushima,Other
2007954,松田幸子,27,42,販売員,大阪府,Osaka,Retail staff
2007955,斉藤亮,47,62,研究職,沖縄県,Okinawa,Researcher
2007956,大西光,6,60,主婦・主夫,山形県,Yamagata,Homemaker
2007957,田村文子,3,39,営業職,岩手県,Iwate,Sales
2007958,小松克彦,19,69,薬剤師,山梨県,Yamanashi,Pharmacist
2007959,谷口和子,27,40,教員,大阪府,Osaka,Teacher
2007960,久保光子,1,21,漁業,北海道,Hokkaido,Fisher
2007961,白石将也,11,29,自営業,埼玉県,Saitama,Self-employed
2007962,後藤楓,28,31,農業,兵庫県,Hyogo,Farmer
2007963,渡辺悠斗,45,60,その他,宮崎県,Miyazaki,Other
2007964,岩崎春香,46,32,パート・アルバイト,鹿児島県,Kagoshima,Part-time worker
2007965,小川涼太,4,38,弁護士,宮城県,Miyagi,Lawyer
2007966,杉本楓,23,24,運転手,愛知県,Aichi,Driver
2007967,佐藤陽子,2,24,弁護士,青森県,Aomori,Lawyer
2007968,原莉子,40,41,会社員,福岡県,Fukuoka,Company employee
2007969,高田駿,5,40,研究職,秋田県,Akita,Researcher
2007970,横田志保,27,34,主婦・主夫,大阪府,Osaka,Homemaker
2007971,渡部芽衣,24,58,農業,三重県,Mie,Farmer
2007972,飯田奈々,23,31,農業,愛知県,Aichi,Farmer
2007973,中村真一,22,29,運転手,静岡県,Shizuoka,Driver
2007974,大塚健太,4,37,営業職,宮城県,Miyagi,Sales
2007975,杉本洋子,23,63,会社員,愛知県,Aichi,Company employee
2007976,松田葵,21,44,弁護士,岐阜県,Gifu,Lawyer
2007977,飯田和子,3,59,医師,岩手県,Iwate,Physician
2007978,山本愛,8,21,コンサルタント,茨城県,Ibaraki,Consultant
2007979,島田瑞穂,14,60,運転手,神奈川県,Kanagawa,Driver
2007980,星野幸子,14,48,営業職,神奈川県,Kanagawa,Sales
2007981,近藤芽衣,33,25,学生,岡山県,Okayama,Student
2007982,三浦悠斗,23,52,会計士,愛知県,Aichi,Accountant
2007983,小林洋平,28,33,教員,兵庫県,Hyogo,Teacher
2007984,林瑞穂,28,34,エンジニア,兵庫県,Hyogo,Engineer
2007985,野口陽介,13,36,年金受給者,東京都,Tokyo,Pensioner
2007986,村上啓介,5,40,主婦・主夫,秋田県,Akita,Homemaker
2007987,内田康平,45,46,デザイナー,宮崎県,Miyazaki,Designer
2007988,上田桜,20,46,美容師,長野県,Nagano,Hairdresser
2007989,杉山一郎,41,58,デザイナー,佐賀県,Saga,Designer
2007990,宮崎澪,28,34,自営業,兵庫県,Hyogo,Self-employed
2007991,東典子,12,47,保育士,千葉県,Chiba,Childcare worker
2007992,杉本智子,40,44,主婦・主夫,福岡県,Fukuoka,Homemaker
2007993,森田美穂,3,39,パート・アルバイト,岩手県,Iwate,Part-time worker
2007994,加藤光,13,56,会計士,東京都,Tokyo,Accountant
2007995,宮崎光子,33,23,美容師,岡山県,Okayama,Hairdresser
2007996,長谷川久美子,13,45,主婦・主夫,東京都,Tokyo,Homemaker
2007997,橋本七海,11,41,販売員,埼玉県,Saitama,Retail staff
2007998,村田直樹,14,73,自営業,神奈川県,Kanagawa,Self-employed
2007999,東涼太,14,62,飲食業,神奈川県,Kanagawa,Food service
2008000,古川大輝,12,50,飲食業,千葉県,Chiba,Food service
2008001,佐々木智也,13,23,教員,東京都,Tokyo,Teacher
2008002,岩崎悠人,1,30,その他,北海道,Hokkaido,Other
2008003,松田瑞穂,14,36,看護師,神奈川県,Kanagawa,Nurse
2008004,山崎洋子,44,42,エンジニア,大分県,Oita,Engineer
2008005,星野雄大,11,42,年金受給者,埼玉県,Saitama,Pensioner
2008006,森陽子,13,52,公務員,東京都,Tokyo,Public servant
2008007,東航,2,37,建築士,青森県,Aomori,Architect
2008008,竹内雄大,36,70,主婦・主夫,徳島県,Tokushima,Homemaker
2008009,松田美咲,18,53,医師,福井県,Fukui,Physician
2008010,増田悠人,13,49,主婦・主夫,東京都,Tokyo,Homemaker
2008011,佐々木和子,20,45,建築士,長野県,Nagano,Architect
2008012,木村陽子,5,26,建築士,秋田県,Akita,Architect
2008013,松岡雄大,13,21,学生,東京都,Tokyo,Student
2008014,坂本真一,14,22,経理・財務,神奈川県,Kanagawa,Accounting and finance
2008015,鈴木航,13,55,年金受給者,東京都,Tokyo,Pensioner
2008016,工藤義明,23,39,販売員,愛知県,Aichi,Retail staff
2008017,滝沢和子,15,47,飲食業,新潟県,Niigata,Food service
2008018,森田慎太郎,42,56,運転手,長崎県,Nagasaki,Driver
2008019,太田隆志,24,62,農業,三重県,Mie,Farmer
2008020,村上駿,23,52,教員,愛知県,Aichi,Teacher
2008021,長谷川達也,18,31,教員,福井県,Fukui,Teacher
2008022,松岡美咲,11,34,薬剤師,埼玉県,Saitama,Pharmacist
2008023,森和子,13,37,看護師,東京都,Tokyo,Nurse
2008024,高橋悠人,4,70,販売員,宮城県,Miyagi,Retail staff
2008025,佐藤真央,12,48,飲食業,千葉県,Chiba,Food service
2008026,増田航,5,35,農業,秋田県,Akita,Farmer
2008027,滝沢春香,11,36,経理・財務,埼玉県,Saitama,Accounting and finance
2008028,遠藤将也,15,28,漁業,新潟県,Niigata,Fisher
2008029,長谷川春香,37,53,教員,香川県,Kagawa,Teacher
2008030,松尾慎太郎,40,44,薬剤師,福岡県,Fukuoka,Pharmacist
2008031,滝沢光,21,77,自営業,岐阜県,Gifu,Self-employed
2008032,石川裕子,14,40,飲食業,神奈川県,Kanagawa,Food service
2008033,丸山駿,10,31,薬剤師,群馬県,Gunma,Pharmacist
2008034,松本悠斗,29,37,デザイナー,奈良県,Nara,Designer
2008035,木下由美,11,63,漁業,埼玉県,Saitama,Fisher
2008036,渡部健太,31,47,主婦・主夫,鳥取県,Tottori,Homemaker
2008037,谷口光子,15,49,その他,新潟県,Niigata,Other
2008038,千葉涼太,27,77,公務員,大阪府,Osaka,Public servant
2008039,中山結衣,45,68,建築士,宮崎県,Miyazaki,Architect
2008040,工藤慎太郎,25,21,運転手,滋賀県,Shiga,Driver
2008041,石田春香,22,73,研究職,静岡県,Shizuoka,Researcher
2008042,石田洋平,40,62,営業職,福岡県,Fukuoka,Sales
2008043,林優,12,42,パート・アルバイト,千葉県,Chiba,Part-time worker
2008044,菊地奈々,18,36,会社員,福井県,Fukui,Company employee
2008045,宮崎陽介,8,48,医師,茨城県,Ibaraki,Physician
2008046,鈴木千尋,43,29,教員,熊本県,Kumamoto,Teacher
2008047,東祐樹,40,71,運転手,福岡県,Fukuoka,Driver
2008048,星野孝之,11,75,その他,埼玉県,Saitama,Other
2008049,藤田将也,13,26,エンジニア,東京都,Tokyo,Engineer
2008050,野村翔太,27,44,研究職,大阪府,Osaka,Researcher
2008051,古川洋平,24,54,パート・アルバイト,三重県,Mie,Part-time worker
2008052,伊藤玲子,12,58,経理・財務,千葉県,Chiba,Accounting and finance
2008053,中野千尋,44,44,建築士,大分県,Oita,Architect
2008054,滝沢莉子,38,37,弁護士,愛媛県,Ehime,Lawyer
2008055,山下愛,45,20,学生,宮崎県,Miyazaki,Student
2008056,橋本典子,43,51,美容師,熊本県,Kumamoto,Hairdresser
2008057,斉藤大地,45,51,主婦・主夫,宮崎県,Miyazaki,Homemaker
2008058,森田優,13,43,漁業,東京都,Tokyo,Fisher
2008059,菊地心春,38,37,美容師,愛媛県,Ehime,Hairdresser
2008060,西村玲子,14,51,主婦・主夫,神奈川県,Kanagawa,Homemaker
2008061,村田悠人,13,58,会社員,東京都,Tokyo,Company employee
2008062,関健太,16,36,保育士,富山県,Toyama,Childcare worker
2008063,滝沢将也,11,48,漁業,埼玉県,Saitama,Fisher
2008064,後藤凛,27,37,医師,大阪府,Osaka,Physician
2008065,菊地沙織,11,36,会社員,埼玉県,Saitama,Company employee
2008066,浜田真一,17,44,学生,石川県,Ishikawa,Student
2008067,平野桜,34,26,薬剤師,広島県,Hiroshima,Pharmacist
2008068,遠藤拓也,14,65,農業,神奈川県,Kanagawa,Farmer
2008069,今井瑞穂,45,42,教員,宮崎県,Miyazaki,Teacher
2008070,清水幸子,43,49,建築士,熊本県,Kumamoto,Architect
2008071,加藤恵,44,44,建築士,大分県,Oita,Architect
2008072,関浩二,20,40,エンジニア,長野県,Nagano,Engineer
2008073,伊藤康平,21,74,学生,岐阜県,Gifu,Student
2008074,内田結衣,28,23,保育士,兵庫県,Hyogo,Childcare worker
2008075,千葉達也,39,43,経理・財務,高知県,Kochi,Accounting and finance
2008076,高橋孝之,12,49,運転手,千葉県,Chiba,Driver
2008077,山崎真央,1,47,建築士,北海道,Hokkaido,Architect
2008078,岩崎桜,30,20,会計士,和歌山県,Wakayama,Accountant
2008079,福田正樹,22,38,販売員,静岡県,Shizuoka,Retail staff
2008080,坂本浩二,2,47,自営業,青森県,Aomori,Self-employed
2008081,中島直樹,13,76,美容師,東京都,Tokyo,Hairdresser
2008082,滝沢志保,28,36,漁業,兵庫県,Hyogo,Fisher
2008083,中野大輝,13,64,運転手,東京都,Tokyo,Driver
2008084,西村芽衣,34,44,看護師,広島県,Hiroshima,Nurse
2008085,水野七海,27,20,その他,大阪府,Osaka,Other
2008086,山下将也,28,36,営業職,兵庫県,Hyogo,Sales
2008087,小松亮,13,44,営業職,東京都,Tokyo,Sales
2008088,池田秀樹,22,57,教員,静岡県,Shizuoka,Teacher
2008089,松本真一,2,67,公務員,青森県,Aomori,Public servant
2008090,星野優,12,40,コンサルタント,千葉県,Chiba,Consultant
2008091,中山節子,23,36,研究職,愛知県,Aichi,Researcher
2008092,上野光子,36,44,運転手,徳島県,Tokushima,Driver
2008093,藤原和子,28,48,主婦・主夫,兵庫県,Hyogo,Homemaker
2008094,丸山浩二,4,46,エンジニア,宮城県,Miyagi,Engineer
2008095,谷口孝之,23,36,会社員,愛知県,Aichi,Company employee
2008096,菅原翔太,13,43,研究職,東京都,Tokyo,Researcher
2008097,宮崎沙織,32,33,主婦・主夫,島根県,Shimane,Homemaker
2008098,増田亮,12,50,会社員,千葉県,Chiba,Company employee
2008099,武田陽子,28,59,コンサルタント,兵庫県,Hyogo,Consultant
2008100,本田和子,27,67,医師,大阪府,Osaka,Physician
2008101,長谷川哲也,27,65,自営業,大阪府,Osaka,Self-employed
2008102,原田康平,28,79,漁業,兵庫県,Hyogo,Fisher
2008103,佐野芽衣,13,33,コンサルタント,東京都,Tokyo,Consultant
2008104,遠藤将也,47,36,運転手,沖縄県,Okinawa,Driver
2008105,田村祐樹,14,67,その他,神奈川県,Kanagawa,Other
2008106,田口蓮,28,35,農業,兵庫県,Hyogo,Farmer
2008107,松岡大地,23,54,学生,愛知県,Aichi,Student
2008108,石川孝之,36,43,医師,徳島県,Tokushima,Physician
2008109,田村翔太,13,39,自営業,東京都,Tokyo,Self-employed
2008110,水野七海,10,27,年金受給者,群馬県,Gunma,Pensioner
2008111,藤井真一,27,62,コンサルタント,大阪府,Osaka,Consultant
2008112,古川達也,37,57,弁護士,香川県,Kagawa,Lawyer
2008113,市川光子,13,31,経理・財務,東京都,Tokyo,Accounting and finance
2008114,橋本智子,5,55,自営業,秋田県,Akita,Self-employed
2008115,渡部奈々,13,66,研究職,東京都,Tokyo,Researcher
2008116,太田哲也,41,51,建築士,佐賀県,Saga,Architect
2008117,松尾美穂,20,26,会社員,長野県,Nagano,Company employee
2008118,大西久美子,22,58,学生,静岡県,Shizuoka,Student
2008119,井上蓮,1,30,学生,北海道,Hokkaido,Student
2008120,上野一郎,11,44,弁護士,埼玉県,Saitama,Lawyer
2008121,今井彩,13,42,会社員,東京都,Tokyo,Company employee
2008122,安田健太,22,53,エンジニア,静岡県,Shizuoka,Engineer
2008123,長谷川春香,37,74,その他,香川県,Kagawa,Other
2008124,岩崎駿,18,68,美容師,福井県,Fukui,Hairdresser
2008125,安藤志保,9,44,パート・アルバイト,栃木県,Tochigi,Part-time worker
2008126,金子沙織,41,63,建築士,佐賀県,Saga,Architect
2008127,松本亮,25,53,コンサルタント,滋賀県,Shiga,Consultant
2008128,森大地,35,42,研究職,山口県,Yamaguchi,Researcher
2008129,野口駿,13,53,運転手,東京都,Tokyo,Driver
2008130,伊藤智子,22,48,販売員,静岡県,Shizuoka,Retail staff
2008131,白石春香,1,58,看護師,北海道,Hokkaido,Nurse
2008132,内田真央,13,48,薬剤師,東京都,Tokyo,Pharmacist
2008133,関七海,13,24,美容師,東京都,Tokyo,Hairdresser
2008134,杉本真一,28,35,主婦・主夫,兵庫県,Hyogo,Homemaker
2008135,柴田京子,1,53,デザイナー,北海道,Hokkaido,Designer
2008136,白石陸,1,43,販売員,北海道,Hokkaido,Retail staff
2008137,小島久美子,44,55,弁護士,大分県,Oita,Lawyer
2008138,坂本玲子,30,32,会計士,和歌山県,Wakayama,Accountant
2008139,田口博之,24,48,コンサルタント,三重県,Mie,Consultant
2008140,桜井駿,23,35,その他,愛知県,Aichi,Other
2008141,野口由美,28,66,研究職,兵庫県,Hyogo,Researcher
2008142,飯田慎太郎,36,52,運転手,徳島県,Tokushima,Driver
2008143,藤井大地,3,28,会計士,岩手県,Iwate,Accountant
2008144,松本優,21,63,運転手,岐阜県,Gifu,Driver
2008145,関志保,46,27,看護師,鹿児島県,Kagoshima,Nurse
2008146,原田隆志,40,55,販売員,福岡県,Fukuoka,Retail staff
2008147,工藤隆志,17,59,自営業,石川県,Ishikawa,Self-employed
2008148,田口楓,43,59,コンサルタント,熊本県,Kumamoto,Consultant
2008149,田中澪,27,43,農業,大阪府,Osaka,Farmer
2008150,久保陸,13,34,公務員,東京都,Tokyo,Public servant
2008151,木村裕子,13,51,研究職,東京都,Tokyo,Researcher
2008152,金子涼太,14,48,美容師,神奈川県,Kanagawa,Hairdresser
2008153,内田孝之,23,38,パート・アルバイト,愛知県,Aichi,Part-time worker
2008154,大西一郎,30,59,その他,和歌山県,Wakayama,Other
2008155,渡辺智子,40,58,販売員,福岡県,Fukuoka,Retail staff
2008156,桜井隆志,1,39,営業職,北海道,Hokkaido,Sales
2008157,高田久美子,16,42,会計士,富山県,Toyama,Accountant
2008158,宮崎楓,13,64,年金受給者,東京都,Tokyo,Pensioner
2008159,青木裕子,11,33,公務員,埼玉県,Saitama,Public servant
2008160,古川洋平,11,79,保育士,埼玉県,Saitama,Childcare worker
2008161,市川幸子,26,40,販売員,京都府,Kyoto,Retail staff
2008162,岩崎由美,34,52,営業職,広島県,Hiroshima,Sales
2008163,藤井幸子,14,28,農業,神奈川県,Kanagawa,Farmer
2008164,近藤正樹,40,60,農業,福岡県,Fukuoka,Farmer
2008165,松岡博之,13,24,飲食業,東京都,Tokyo,Food service
2008166,石井洋子,23,45,弁護士,愛知県,Aichi,Lawyer
2008167,中山節子,40,26,農業,福岡県,Fukuoka,Farmer
2008168,藤井結衣,38,55,医師,愛媛県,Ehime,Physician
2008169,上田克彦,38,67,営業職,愛媛県,Ehime,Sales
2008170,新井瑞穂,13,30,コンサルタント,東京都,Tokyo,Consultant
2008171,小松智也,5,38,営業職,秋田県,Akita,Sales
2008172,高橋愛,7,58,自営業,福島県,Fukushima,Self-employed
2008173,宮崎直美,14,59,エンジニア,神奈川県,Kanagawa,Engineer
2008174,久保幸子,13,40,研究職,東京都,Tokyo,Researcher
2008175,中野莉子,28,49,主婦・主夫,兵庫県,Hyogo,Homemaker
2008176,中村光,27,77,エンジニア,大阪府,Osaka,Engineer
2008177,今井浩二,12,33,看護師,千葉県,Chiba,Nurse
2008178,杉本千尋,27,40,学生,大阪府,Osaka,Student
2008179,佐野慎太郎,21,44,看護師,岐阜県,Gifu,Nurse
2008180,中野光子,27,40,薬剤師,大阪府,Osaka,Pharmacist
2008181,久保直樹,1,42,運転手,北海道,Hokkaido,Driver
2008182,福田達也,3,45,漁業,岩手県,Iwate,Fisher
2008183,近藤芽衣,12,31,建築士,千葉県,Chiba,Architect
2008184,丸山大輝,46,37,主婦・主夫,鹿児島県,Kagoshima,Homemaker
2008185,三浦哲也,11,77,飲食業,埼玉県,Saitama,Food service
2008186,新井春香,15,46,経理・財務,新潟県,Niigata,Accounting and finance
2008187,池田七海,12,49,農業,千葉県,Chiba,Farmer
2008188,高橋桜,27,63,看護師,大阪府,Osaka,Nurse
2008189,石川祐樹,38,42,農業,愛媛県,Ehime,Farmer
2008190,千葉七海,14,72,パート・アルバイト,神奈川県,Kanagawa,Part-time worker
2008191,中村芽衣,13,58,コンサルタント,東京都,Tokyo,Consultant
2008192,長谷川駿,10,31,看護師,群馬県,Gunma,Nurse
2008193,山崎光子,13,77,飲食業,東京都,Tokyo,Food service
2008194,村上克彦,37,30,運転手,香川県,Kagawa,Driver
2008195,久保美咲,11,39,自営業,埼玉県,Saitama,Self-employed
2008196,吉田拓也,12,29,その他,千葉県,Chiba,Other
2008197,東由美,27,48,教員,大阪府,Osaka,Teacher
2008198,佐々木英樹,14,61,運転手,神奈川県,Kanagawa,Driver
2008199,青木孝之,2,29,主婦・主夫,青森県,Aomori,Homemaker
2008200,田中祐樹,19,35,漁業,山梨県,Yamanashi,Fisher
2008201,斎藤正樹,27,52,研究職,大阪府,Osaka,Researcher
2008202,竹内真一,43,72,エンジニア,熊本県,Kumamoto,Engineer
2008203,田中楓,34,33,美容師,広島県,Hiroshima,Hairdresser
2008204,金子涼太,13,73,コンサルタント,東京都,Tokyo,Consultant
2008205,太田洋子,31,50,飲食業,鳥取県,Tottori,Food service
2008206,松井洋平,3,52,農業,岩手県,Iwate,Farmer
2008207,近藤正樹,44,39,年金受給者,大分県,Oita,Pensioner
2008208,木村祐樹,1,45,会社員,北海道,Hokkaido,Company employee
2008209,西村七海,11,66,公務員,埼玉県,Saitama,Public servant
2008210,小松心春,22,56,弁護士,静岡県,Shizuoka,Lawyer
2008211,原愛,8,48,年金受給者,茨城県,Ibaraki,Pensioner
2008212,清水和也,31,60,パート・アルバイト,鳥取県,Tottori,Part-time worker
2008213,中山恵,45,53,経理・財務,宮崎県,Miyazaki,Accounting and finance
2008214,本田克彦,14,45,販売員,神奈川県,Kanagawa,Retail staff
2008215,市川奈々,34,34,デザイナー,広島県,Hiroshima,Designer
2008216,石田芽衣,42,57,建築士,長崎県,Nagasaki,Architect
2008217,佐藤啓介,32,46,経理・財務,島根県,Shimane,Accounting and finance
2008218,小島博之,12,33,営業職,千葉県,Chiba,Sales
2008219,宮崎正樹,13,48,飲食業,東京都,Tokyo,Food service
2008220,清水玲子,12,56,漁業,千葉県,Chiba,Fisher
2008221,阿部陽子,12,63,漁業,千葉県,Chiba,Fisher
2008222,星野朱莉,12,63,営業職,千葉県,Chiba,Sales
2008223,村田陽子,27,51,飲食業,大阪府,Osaka,Food service
2008224,後藤真一,27,79,会社員,大阪府,Osaka,Company employee
2008225,菊地一郎,23,56,学生,愛知県,Aichi,Student
2008226,木村光,1,37,デザイナー,北海道,Hokkaido,Designer
2008227,古川心春,10,36,経理・財務,群馬県,Gunma,Accounting and finance
2008228,松田秀樹,14,42,看護師,神奈川県,Kanagawa,Nurse
2008229,岡本亜希子,10,25,自営業,群馬県,Gunma,Self-employed
2008230,横田洋子,44,31,年金受給者,大分県,Oita,Pensioner
2008231,上田光子,40,56,経理・財務,福岡県,Fukuoka,Accounting and finance
2008232,横山幸子,29,70,その他,奈良県,Nara,Other
2008233,金子和子,14,48,デザイナー,神奈川県,Kanagawa,Designer
2008234,本田志保,13,49,コンサルタント,東京都,Tokyo,Consultant
2008235,大西真一,23,58,年金受給者,愛知県,Aichi,Pensioner
2008236,菅原陽子,25,41,美容師,滋賀県,Shiga,Hairdresser
2008237,阿部達也,31,54,薬剤師,鳥取県,Tottori,Pharmacist
2008238,田村康平,28,53,主婦・主夫,兵庫県,Hyogo,Homemaker
2008239,中川健太,40,45,運転手,福岡県,Fukuoka,Driver
2008240,前田隆志,27,35,保育士,大阪府,Osaka,Childcare worker
2008241,武田直美,28,31,学生,兵庫県,Hyogo,Student
2008242,藤田光子,11,58,飲食業,埼玉県,Saitama,Food service
2008243,野口莉子,40,79,その他,福岡県,Fukuoka,Other
2008244,田口澪,40,72,看護師,福岡県,Fukuoka,Nurse
2008245,渡辺達也,27,63,研究職,大阪府,Osaka,Researcher
2008246,大塚真央,8,36,農業,茨城県,Ibaraki,Farmer
2008247,松井悠人,24,42,コンサルタント,三重県,Mie,Consultant
2008248,石井克彦,23,51,コンサルタント,愛知県,Aichi,Consultant
2008249,森洋子,23,41,主婦・主夫,愛知県,Aichi,Homemaker
2008250,田口涼太,13,73,美容師,東京都,Tokyo,Hairdresser
2008251,高田直美,13,47,コンサルタント,東京都,Tokyo,Consultant
2008252,佐野亜希子,19,30,営業職,山梨県,Yamanashi,Sales
2008253,宮崎大地,15,35,運転手,新潟県,Niigata,Driver
2008254,木村恵,40,27,保育士,福岡県,Fukuoka,Childcare worker
2008255,大野美穂,13,39,販売員,東京都,Tokyo,Retail staff
2008256,桜井朱莉,44,76,公務員,大分県,Oita,Public servant
2008257,小林拓也,15,22,エンジニア,新潟県,Niigata,Engineer
2008258,石田雄大,39,72,デザイナー,高知県,Kochi,Designer
2008259,井上智也,37,46,コンサルタント,香川県,Kagawa,Consultant
2008260,前田浩二,45,45,看護師,宮崎県,Miyazaki,Nurse
2008261,宮本康平,28,29,医師,兵庫県,Hyogo,Physician
2008262,久保凛,47,50,薬剤師,沖縄県,Okinawa,Pharmacist
2008263,今井直美,4,51,農業,宮城県,Miyagi,Farmer
2008264,小松孝之,14,53,研究職,神奈川県,Kanagawa,Researcher
2008265,金子和也,37,37,販売員,香川県,Kagawa,Retail staff
2008266,高田亮,15,33,経理・財務,新潟県,Niigata,Accounting and finance
2008267,田中大地,11,52,研究職,埼玉県,Saitama,Researcher
2008268,渡辺智也,47,40,美容師,沖縄県,Okinawa,Hairdresser
2008269,小野孝之,1,75,医師,北海道,Hokkaido,Physician
2008270,石井恵,38,36,公務員,愛媛県,Ehime,Public servant
2008271,杉本玲子,13,35,営業職,東京都,Tokyo,Sales
2008272,大野涼太,29,51,公務員,奈良県,Nara,Public servant
2008273,長谷川恵,28,74,保育士,兵庫県,Hyogo,Childcare worker
2008274,遠藤康平,15,48,デザイナー,新潟県,Niigata,Designer
2008275,柴田陸,25,43,自営業,滋賀県,Shiga,Self-employed
2008276,松岡彩,18,38,運転手,福井県,Fukui,Driver
2008277,森秀樹,13,55,自営業,東京都,Tokyo,Self-employed
2008278,菊地文子,46,41,運転手,鹿児島県,Kagoshima,Driver
2008279,田中典子,13,26,薬剤師,東京都,Tokyo,Pharmacist
2008280,太田蓮,23,36,年金受給者,愛知県,Aichi,Pensioner
2008281,斉藤直樹,14,34,保育士,神奈川県,Kanagawa,Childcare worker
2008282,田中祐樹,19,43,飲食業,山梨県,Yamanashi,Food service
2008283,伊藤恵,14,79,学生,神奈川県,Kanagawa,Student
2008284,太田心春,11,75,薬剤師,埼玉県,Saitama,Pharmacist
2008285,竹内亮,12,62,研究職,千葉県,Chiba,Researcher
2008286,小川美穂,11,48,建築士,埼玉県,Saitama,Architect
2008287,市川美穂,30,37,エンジニア,和歌山県,Wakayama,Engineer
2008288,河野志保,28,40,営業職,兵庫県,Hyogo,Sales
2008289,横田孝之,27,22,コンサルタント,大阪府,Osaka,Consultant
2008290,水野優,13,46,運転手,東京都,Tokyo,Driver
2008291,佐野雄大,22,32,会計士,静岡県,Shizuoka,Accountant
2008292,田中久美子,8,54,教員,茨城県,Ibaraki,Teacher
2008293,藤原春香,13,57,研究職,東京都,Tokyo,Researcher
2008294,原志保,22,53,主婦・主夫,静岡県,Shizuoka,Homemaker
2008295,野口志保,20,31,経理・財務,長野県,Nagano,Accounting and finance
2008296,福田亮,45,54,自営業,宮崎県,Miyazaki,Self-employed
2008297,金子正樹,44,24,学生,大分県,Oita,Student
2008298,岡田光子,28,65,デザイナー,兵庫県,Hyogo,Designer
2008299,木村奈々,23,44,会社員,愛知県,Aichi,Company employee
2008300,木村秀樹,23,30,自営業,愛知県,Aichi,Self-employed
2008301,田村典子,35,54,会社員,山口県,Yamaguchi,Company employee
2008302,谷口義明,26,61,農業,京都府,Kyoto,Farmer
2008303,平野浩二,29,72,教員,奈良県,Nara,Teacher
2008304,杉本智子,20,62,運転手,長野県,Nagano,Driver
2008305,松岡涼太,37,34,パート・アルバイト,香川県,Kagawa,Part-time worker
2008306,上田真央,24,56,年金受給者,三重県,Mie,Pensioner
2008307,小林愛,13,30,デザイナー,東京都,Tokyo,Designer
2008308,佐野七海,4,63,自営業,宮城県,Miyagi,Self-employed
2008309,伊藤誠,27,20,販売員,大阪府,Osaka,Retail staff
2008310,後藤康平,23,36,学生,愛知県,Aichi,Student
2008311,岩崎涼太,27,33,保育士,大阪府,Osaka,Childcare worker
2008312,林京子,23,33,薬剤師,愛知県,Aichi,Pharmacist
2008313,松岡芽衣,11,43,主婦・主夫,埼玉県,Saitama,Homemaker
2008314,平野直樹,42,76,エンジニア,長崎県,Nagasaki,Engineer
2008315,佐々木愛,1,31,美容師,北海道,Hokkaido,Hairdresser
2008316,斉藤春香,20,41,看護師,長野県,Nagano,Nurse
2008317,村上恵,27,36,年金受給者,大阪府,Osaka,Pensioner
2008318,金子大輝,44,76,公務員,大分県,Oita,Public servant
2008319,松本典子,46,59,研究職,鹿児島県,Kagoshima,Researcher
2008320,杉山陸,22,39,漁業,静岡県,Shizuoka,Fisher
2008321,清水智子,11,60,営業職,埼玉県,Saitama,Sales
2008322,島田陽子,1,23,経理・財務,北海道,Hokkaido,Accounting and finance
2008323,原田秀樹,35,23,美容師,山口県,Yamaguchi,Hairdresser
2008324,原克彦,8,45,教員,茨城県,Ibaraki,Teacher
2008325,谷口奈々,31,41,看護師,鳥取県,Tottori,Nurse
2008326,阿部克彦,22,44,公務員,静岡県,Shizuoka,Public servant
2008327,石井克彦,14,64,研究職,神奈川県,Kanagawa,Researcher
2008328,白石楓,5,35,会社員,秋田県,Akita,Company employee
2008329,藤本久美子,31,47,研究職,鳥取県,Tottori,Researcher
2008330,小野洋平,5,25,主婦・主夫,秋田県,Akita,Homemaker
2008331,中山哲也,14,37,漁業,神奈川県,Kanagawa,Fisher
2008332,大西由美,16,56,医師,富山県,Toyama,Physician
2008333,小林春香,7,31,コンサルタント,福島県,Fukushima,Consultant
2008334,田中由美,14,59,公務員,神奈川県,Kanagawa,Public servant
2008335,伊藤智也,36,59,デザイナー,徳島県,Tokushima,Designer
2008336,佐藤京子,36,36,看護師,徳島県,Tokushima,Nurse
2008337,東航,15,79,経理・財務,新潟県,Niigata,Accounting and finance
2008338,河野啓介,36,22,デザイナー,徳島県,Tokushima,Designer
2008339,山下玲子,40,57,その他,福岡県,Fukuoka,Other
2008340,上野愛,40,29,パート・アルバイト,福岡県,Fukuoka,Part-time worker
2008341,西村朱莉,10,37,看護師,群馬県,Gunma,Nurse
2008342,橋本葵,40,54,公務員,福岡県,Fukuoka,Public servant
2008343,藤本真一,23,49,主婦・主夫,愛知県,Aichi,Homemaker
2008344,大塚康平,40,35,デザイナー,福岡県,Fukuoka,Designer
2008345,和田洋平,27,40,漁業,大阪府,Osaka,Fisher
2008346,工藤沙織,45,74,自営業,宮崎県,Miyazaki,Self-employed
2008347,木村拓也,23,48,漁業,愛知県,Aichi,Fisher
2008348,古川将也,14,54,年金受給者,神奈川県,Kanagawa,Pensioner
2008349,新井智子,12,27,会社員,千葉県,Chiba,Company employee
2008350,松岡芽衣,13,36,建築士,東京都,Tokyo,Architect
2008351,野村幸子,13,55,その他,東京都,Tokyo,Other
2008352,渡部節子,24,59,教員,三重県,Mie,Teacher
2008353,星野大地,14,56,年金受給者,神奈川県,Kanagawa,Pensioner
2008354,上野拓也,27,49,コンサルタント,大阪府,Osaka,Consultant
2008355,森田孝之,24,21,会社員,三重県,Mie,Company employee
2008356,石川隆志,13,56,コンサルタント,東京都,Tokyo,Consultant
2008357,中村節子,9,38,デザイナー,栃木県,Tochigi,Designer
2008358,星野康平,32,42,コンサルタント,島根県,Shimane,Consultant
2008359,菅原葵,13,54,エンジニア,東京都,Tokyo,Engineer
2008360,小島美穂,13,49,美容師,東京都,Tokyo,Hairdresser
2008361,木下慎太郎,45,44,会社員,宮崎県,Miyazaki,Company employee
2008362,安藤澪,15,46,年金受給者,新潟県,Niigata,Pensioner
2008363,藤田心春,27,62,運転手,大阪府,Osaka,Driver
2008364,田村七海,42,34,コンサルタント,長崎県,Nagasaki,Consultant
2008365,田村奈々,23,47,会計士,愛知県,Aichi,Accountant
2008366,柴田恵,14,74,農業,神奈川県,Kanagawa,Farmer
2008367,小松彩,23,40,営業職,愛知県,Aichi,Sales
2008368,高木優,11,45,研究職,埼玉県,Saitama,Researcher
2008369,柴田浩二,45,66,教員,宮崎県,Miyazaki,Teacher
2008370,渡部真一,9,32,運転手,栃木県,Tochigi,Driver
2008371,原田翔太,34,39,研究職,広島県,Hiroshima,Researcher
2008372,菅原美咲,25,44,会計士,滋賀県,Shiga,Accountant
2008373,木村志保,41,41,学生,佐賀県,Saga,Student
2008374,佐野駿,10,20,営業職,群馬県,Gunma,Sales
2008375,今井誠,30,67,建築士,和歌山県,Wakayama,Architect
2008376,関凛,11,27,医師,埼玉県,Saitama,Physician
2008377,白石瑞穂,46,34,その他,鹿児島県,Kagoshima,Other
2008378,山口洋平,27,34,教員,大阪府,Osaka,Teacher
2008379,杉山幸子,13,54,デザイナー,東京都,Tokyo,Designer
2008380,上野蓮,16,30,自営業,富山県,Toyama,Self-employed
2008381,石井悠人,32,54,パート・アルバイト,島根県,Shimane,Part-time worker
2008382,山崎蓮,43,69,保育士,熊本県,Kumamoto,Childcare worker
2008383,斉藤由美,13,68,漁業,東京都,Tokyo,Fisher
2008384,山口浩二,43,33,弁護士,熊本県,Kumamoto,Lawyer
2008385,松岡愛,5,39,経理・財務,秋田県,Akita,Accounting and finance
2008386,岩崎桜,21,41,農業,岐阜県,Gifu,Farmer
2008387,吉田京子,28,48,販売員,兵庫県,Hyogo,Retail staff
2008388,杉本京子,11,54,研究職,埼玉県,Saitama,Researcher
2008389,森田七海,6,30,経理・財務,山形県,Yamagata,Accounting and finance
2008390,後藤志保,45,39,会社員,宮崎県,Miyazaki,Company employee
2008391,中山隆志,7,47,その他,福島県,Fukushima,Other
2008392,野口和也,23,36,飲食業,愛知県,Aichi,Food service
2008393,福田千尋,13,59,教員,東京都,Tokyo,Teacher
2008394,松井美穂,20,21,保育士,長野県,Nagano,Childcare worker
2008395,宮崎陸,40,22,医師,福岡県,Fukuoka,Physician
2008396,木下博之,13,59,医師,東京都,Tokyo,Physician
2008397,松田将也,29,35,運転手,奈良県,Nara,Driver
2008398,浜田将也,27,41,その他,大阪府,Osaka,Other
2008399,竹内将也,5,46,会計士,秋田県,Akita,Accountant
2008400,小川直樹,14,32,教員,神奈川県,Kanagawa,Teacher
2008401,西村結衣,12,54,会計士,千葉県,Chiba,Accountant
2008402,飯田義明,5,31,デザイナー,秋田県,Akita,Designer
2008403,岡田哲也,27,41,自営業,大阪府,Osaka,Self-employed
2008404,藤本大輝,27,49,農業,大阪府,Osaka,Farmer
2008405,新井博之,23,39,その他,愛知県,Aichi,Other
2008406,佐々木京子,13,34,営業職,東京都,Tokyo,Sales
2008407,小島亜希子,25,49,看護師,滋賀県,Shiga,Nurse
2008408,今井典子,13,25,運転手,東京都,Tokyo,Driver
2008409,河野彩,11,73,会社員,埼玉県,Saitama,Company employee
2008410,木下克彦,22,21,営業職,静岡県,Shizuoka,Sales
2008411,加藤楓,19,39,会計士,山梨県,Yamanashi,Accountant
2008412,藤井和子,13,28,農業,東京都,Tokyo,Farmer
2008413,原田智子,11,27,会社員,埼玉県,Saitama,Company employee
2008414,佐野京子,11,54,経理・財務,埼玉県,Saitama,Accounting and finance
2008415,新井達也,45,32,デザイナー,宮崎県,Miyazaki,Designer
2008416,水野涼太,11,69,弁護士,埼玉県,Saitama,Lawyer
2008417,柴田玲子,4,73,美容師,宮城県,Miyagi,Hairdresser
2008418,石川義明,13,49,営業職,東京都,Tokyo,Sales
2008419,高木雄大,7,79,自営業,福島県,Fukushima,Self-employed
2008420,大野義明,28,59,研究職,兵庫県,Hyogo,Researcher
2008421,杉山陽子,27,55,会計士,大阪府,Osaka,Accountant
2008422,内田葵,28,44,弁護士,兵庫県,Hyogo,Lawyer
2008423,青木京子,24,41,コンサルタント,三重県,Mie,Consultant
2008424,星野彩,34,46,看護師,広島県,Hiroshima,Nurse
2008425,杉山幸子,12,65,パート・アルバイト,千葉県,Chiba,Part-time worker
2008426,中野奈々,3,56,看護師,岩手県,Iwate,Nurse
2008427,中山芽衣,39,26,農業,高知県,Kochi,Farmer
2008428,滝沢凛,23,36,公務員,愛知県,Aichi,Public servant
2008429,中山陸,23,30,その他,愛知県,Aichi,Other
2008430,山田悠人,15,44,コンサルタント,新潟県,Niigata,Consultant
2008431,岩崎志保,43,48,漁業,熊本県,Kumamoto,Fisher
2008432,斉藤光子,27,68,研究職,大阪府,Osaka,Researcher
2008433,千葉葵,42,63,コンサルタント,長崎県,Nagasaki,Consultant
2008434,飯田瑞穂,36,39,その他,徳島県,Tokushima,Other
2008435,佐野美咲,21,52,建築士,岐阜県,Gifu,Architect
2008436,杉山駿,23,52,主婦・主夫,愛知県,Aichi,Homemaker
2008437,竹内航,13,32,年金受給者,東京都,Tokyo,Pensioner
2008438,上田義明,23,50,経理・財務,愛知県,Aichi,Accounting and finance
2008439,森田凛,30,44,美容師,和歌山県,Wakayama,Hairdresser
2008440,藤原千尋,22,62,研究職,静岡県,Shizuoka,Researcher
2008441,佐々木真央,42,61,公務員,長崎県,Nagasaki,Public servant
2008442,伊藤奈々,38,35,漁業,愛媛県,Ehime,Fisher
2008443,岩崎克彦,13,42,会計士,東京都,Tokyo,Accountant
2008444,桜井英樹,1,28,デザイナー,北海道,Hokkaido,Designer
2008445,木下玲子,40,50,学生,福岡県,Fukuoka,Student
2008446,藤本澪,22,53,デザイナー,静岡県,Shizuoka,Designer
2008447,斎藤翔太,43,55,年金受給者,熊本県,Kumamoto,Pensioner
2008448,福田凛,14,61,その他,神奈川県,Kanagawa,Other
2008449,高木奈々,13,60,医師,東京都,Tokyo,Physician
2008450,大西誠,12,46,美容師,千葉県,Chiba,Hairdresser
2008451,工藤瑞穂,28,48,エンジニア,兵庫県,Hyogo,Engineer
2008452,中川七海,21,31,建築士,岐阜県,Gifu,Architect
2008453,佐野玲子,41,38,漁業,佐賀県,Saga,Fisher
2008454,関春香,46,31,看護師,鹿児島県,Kagoshima,Nurse
2008455,大野涼太,40,42,学生,福岡県,Fukuoka,Student
2008456,藤本莉子,16,28,営業職,富山県,Toyama,Sales
2008457,西村和也,27,67,看護師,大阪府,Osaka,Nurse
2008458,上野将也,11,42,医師,埼玉県,Saitama,Physician
2008459,藤原悠斗,25,21,弁護士,滋賀県,Shiga,Lawyer
2008460,杉山健太,15,44,弁護士,新潟県,Niigata,Lawyer
2008461,白石典子,29,71,教員,奈良県,Nara,Teacher
2008462,小島直美,1,35,公務員,北海道,Hokkaido,Public servant
2008463,山口美咲,11,57,農業,埼玉県,Saitama,Farmer
2008464,宮崎桜,1,60,パート・アルバイト,北海道,Hokkaido,Part-time worker
2008465,横山陸,20,64,パート・アルバイト,長野県,Nagano,Part-time worker
2008466,中山智子,10,36,運転手,群馬県,Gunma,Driver
2008467,滝沢陸,1,31,建築士,北海道,Hokkaido,Architect
2008468,鈴木洋子,40,47,年金受給者,福岡県,Fukuoka,Pensioner
2008469,平野直美,20,41,自営業,長野県,Nagano,Self-employed
2008470,水野洋子,11,71,弁護士,埼玉県,Saitama,Lawyer
2008471,田口由美,9,44,販売員,栃木県,Tochigi,Retail staff
2008472,大塚悠斗,46,48,飲食業,鹿児島県,Kagoshima,Food service
2008473,野村和也,13,28,コンサルタント,東京都,Tokyo,Consultant
2008474,石田千尋,13,26,年金受給者,東京都,Tokyo,Pensioner
2008475,阿部莉子,14,62,デザイナー,神奈川県,Kanagawa,Designer
2008476,伊藤将也,23,44,エンジニア,愛知県,Aichi,Engineer
2008477,斉藤芽衣,23,58,農業,愛知県,Aichi,Farmer
2008478,三浦悠人,22,65,年金受給者,静岡県,Shizuoka,Pensioner
2008479,渡部玲子,13,58,運転手,東京都,Tokyo,Driver
2008480,小野慎太郎,33,31,その他,岡山県,Okayama,Other
2008481,上田千尋,28,52,保育士,兵庫県,Hyogo,Childcare worker
2008482,池田真一,1,54,看護師,北海道,Hokkaido,Nurse
2008483,村上和也,3,44,弁護士,岩手県,Iwate,Lawyer
2008484,清水英樹,27,66,漁業,大阪府,Osaka,Fisher
2008485,松本翔太,40,35,保育士,福岡県,Fukuoka,Childcare worker
2008486,杉本航,22,44,運転手,静岡県,Shizuoka,Driver
2008487,野口達也,23,79,建築士,愛知県,Aichi,Architect
2008488,松岡亮,1,35,美容師,北海道,Hokkaido,Hairdresser
2008489,三浦健太,23,39,エンジニア,愛知県,Aichi,Engineer
2008490,野口芽衣,1,41,公務員,北海道,Hokkaido,Public servant
2008491,渡部和子,1,37,その他,北海道,Hokkaido,Other
2008492,渡辺啓介,40,43,漁業,福岡県,Fukuoka,Fisher
2008493,大野浩二,11,45,薬剤師,埼玉県,Saitama,Pharmacist
2008494,小野沙織,11,68,薬剤師,埼玉県,Saitama,Pharmacist
2008495,本田健太,20,46,看護師,長野県,Nagano,Nurse
2008496,青木心春,42,36,公務員,長崎県,Nagasaki,Public servant
2008497,水野裕子,17,24,研究職,石川県,Ishikawa,Researcher
2008498,中川達也,14,46,会計士,神奈川県,Kanagawa,Accountant
2008499,吉田和也,12,41,自営業,千葉県,Chiba,Self-employed
2008500,大塚将也,28,56,研究職,兵庫県,Hyogo,Researcher
2008501,田村直樹,27,67,農業,大阪府,Osaka,Farmer
2008502,横田涼太,1,32,保育士,北海道,Hokkaido,Childcare worker
2008503,大塚大輝,44,46,運転手,大分県,Oita,Driver
2008504,今井真一,1,49,コンサルタント,北海道,Hokkaido,Consultant
2008505,松尾結衣,27,38,主婦・主夫,大阪府,Osaka,Homemaker
2008506,金子美咲,14,25,学生,神奈川県,Kanagawa,Student
2008507,山下美咲,12,61,パート・アルバイト,千葉県,Chiba,Part-time worker
2008508,鈴木智也,38,41,建築士,愛媛県,Ehime,Architect
2008509,遠藤駿,31,45,営業職,鳥取県,Tottori,Sales
2008510,佐々木久美子,11,42,看護師,埼玉県,Saitama,Nurse
2008511,鈴木将也,27,37,看護師,大阪府,Osaka,Nurse
2008512,前田涼太,34,58,自営業,広島県,Hiroshima,Self-employed
2008513,河野悠斗,28,41,コンサルタント,兵庫県,Hyogo,Consultant
2008514,松井雄大,14,45,会社員,神奈川県,Kanagawa,Company employee
2008515,野村亜希子,14,42,研究職,神奈川県,Kanagawa,Researcher
2008516,渡辺康平,33,37,医師,岡山県,Okayama,Physician
2008517,田中七海,37,73,会社員,香川県,Kagawa,Company employee
2008518,市川光子,12,34,営業職,千葉県,Chiba,Sales
2008519,金子幸子,12,37,自営業,千葉県,Chiba,Self-employed
2008520,中山康平,44,43,保育士,大分県,Oita,Childcare worker
2008521,井上浩二,28,52,自営業,兵庫県,Hyogo,Self-employed
2008522,坂本幸子,6,46,学生,山形県,Yamagata,Student
2008523,千葉翔太,47,63,飲食業,沖縄県,Okinawa,Food service
2008524,岩崎和子,17,64,エンジニア,石川県,Ishikawa,Engineer
2008525,清水桜,13,51,薬剤師,東京都,Tokyo,Pharmacist
2008526,森凛,41,34,自営業,佐賀県,Saga,Self-employed
2008527,渡部直樹,29,32,主婦・主夫,奈良県,Nara,Homemaker
2008528,鈴木秀樹,13,41,デザイナー,東京都,Tokyo,Designer
2008529,杉山和子,10,35,主婦・主夫,群馬県,Gunma,Homemaker
2008530,青木将也,27,72,建築士,大阪府,Osaka,Architect
2008531,杉山康平,27,76,エンジニア,大阪府,Osaka,Engineer
2008532,吉田祐樹,45,54,飲食業,宮崎県,Miyazaki,Food service
2008533,遠藤典子,38,45,保育士,愛媛県,Ehime,Childcare worker
2008534,田中洋平,40,69,薬剤師,福岡県,Fukuoka,Pharmacist
2008535,吉田幸子,12,31,運転手,千葉県,Chiba,Driver
2008536,村田真央,40,38,農業,福岡県,Fukuoka,Farmer
2008537,藤本恵,2,35,美容師,青森県,Aomori,Hairdresser
2008538,岡田裕子,13,52,医師,東京都,Tokyo,Physician
2008539,中川康平,12,63,営業職,千葉県,Chiba,Sales
2008540,岡本洋平,27,40,デザイナー,大阪府,Osaka,Designer
2008541,鈴木哲也,16,45,看護師,富山県,Toyama,Nurse
2008542,木下博之,23,33,経理・財務,愛知県,Aichi,Accounting and finance
2008543,中川陽子,27,68,パート・アルバイト,大阪府,Osaka,Part-time worker
2008544,森田哲也,46,56,営業職,鹿児島県,Kagoshima,Sales
2008545,本田彩,37,39,飲食業,香川県,Kagawa,Food service
2008546,藤田亮,13,67,公務員,東京都,Tokyo,Public servant
2008547,久保彩,47,53,コンサルタント,沖縄県,Okinawa,Consultant
2008548,原凛,13,55,運転手,東京都,Tokyo,Driver
2008549,内田優,23,61,保育士,愛知県,Aichi,Childcare worker
2008550,遠藤由美,5,38,学生,秋田県,Akita,Student
2008551,安藤雄大,1,20,飲食業,北海道,Hokkaido,Food service
2008552,丸山博之,1,37,パート・アルバイト,北海道,Hokkaido,Part-time worker
2008553,水野拓也,15,35,会計士,新潟県,Niigata,Accountant
2008554,西村秀樹,22,44,年金受給者,静岡県,Shizuoka,Pensioner
2008555,星野亮,40,53,弁護士,福岡県,Fukuoka,Lawyer
2008556,山崎陸,47,31,会社員,沖縄県,Okinawa,Company employee
2008557,加藤玲子,27,33,運転手,大阪府,Osaka,Driver
2008558,松岡心春,40,45,主婦・主夫,福岡県,Fukuoka,Homemaker
2008559,鈴木久美子,23,35,農業,愛知県,Aichi,Farmer
2008560,斎藤莉子,2,46,会社員,青森県,Aomori,Company employee
2008561,島田直樹,22,25,自営業,静岡県,Shizuoka,Self-employed
2008562,山本蓮,33,38,薬剤師,岡山県,Okayama,Pharmacist
2008563,藤井陽介,33,58,年金受給者,岡山県,Okayama,Pensioner
2008564,村上亮,18,24,看護師,福井県,Fukui,Nurse
2008565,安藤駿,22,59,経理・財務,静岡県,Shizuoka,Accounting and finance
2008566,増田一郎,47,35,コンサルタント,沖縄県,Okinawa,Consultant
2008567,酒井智子,7,46,学生,福島県,Fukushima,Student
2008568,原航,21,36,学生,岐阜県,Gifu,Student
2008569,小松蓮,1,59,会社員,北海道,Hokkaido,Company employee
2008570,小川幸子,12,67,主婦・主夫,千葉県,Chiba,Homemaker
2008571,本田一郎,27,33,公務員,大阪府,Osaka,Public servant
2008572,古川和子,33,67,経理・財務,岡山県,Okayama,Accounting and finance
2008573,岩崎美咲,13,39,美容師,東京都,Tokyo,Hairdresser
2008574,杉本将也,6,66,医師,山形県,Yamagata,Physician
2008575,佐野春香,23,28,営業職,愛知県,Aichi,Sales
2008576,酒井美咲,28,53,保育士,兵庫県,Hyogo,Childcare worker
2008577,武田香織,14,46,美容師,神奈川県,Kanagawa,Hairdresser
2008578,小林涼太,13,26,年金受給者,東京都,Tokyo,Pensioner
2008579,篠原浩二,39,20,教員,高知県,Kochi,Teacher
2008580,宮本涼太,12,40,コンサルタント,千葉県,Chiba,Consultant
2008581,森七海,1,24,教員,北海道,Hokkaido,Teacher
2008582,後藤真一,30,23,保育士,和歌山県,Wakayama,Childcare worker
2008583,上野隆志,13,49,経理・財務,東京都,Tokyo,Accounting and finance
2008584,渡辺駿,28,45,その他,兵庫県,Hyogo,Other
2008585,松田彩,14,50,学生,神奈川県,Kanagawa,Student
2008586,松本涼太,13,47,その他,東京都,Tokyo,Other
2008587,小島誠,6,40,経理・財務,山形県,Yamagata,Accounting and finance
2008588,近藤隆志,20,41,建築士,長野県,Nagano,Architect
2008589,三浦涼太,44,57,コンサルタント,大分県,Oita,Consultant
2008590,森優,28,44,漁業,兵庫県,Hyogo,Fisher
2008591,千葉瑞穂,10,23,デザイナー,群馬県,Gunma,Designer
2008592,鈴木美穂,13,57,販売員,東京都,Tokyo,Retail staff
2008593,坂本沙織,10,22,研究職,群馬県,Gunma,Researcher
2008594,伊藤光子,12,53,農業,千葉県,Chiba,Farmer
2008595,小野蓮,12,44,会社員,千葉県,Chiba,Company employee
2008596,坂本英樹,22,45,薬剤師,静岡県,Shizuoka,Pharmacist
2008597,横山翔太,10,46,会計士,群馬県,Gunma,Accountant
2008598,清水真一,13,23,主婦・主夫,東京都,Tokyo,Homemaker
2008599,吉田悠斗,23,43,自営業,愛知県,Aichi,Self-employed
2008600,田村大輝,38,46,看護師,愛媛県,Ehime,Nurse
2008601,久保真央,13,50,飲食業,東京都,Tokyo,Food service
2008602,山田楓,29,34,会社員,奈良県,Nara,Company employee
2008603,岡本和子,11,51,パート・アルバイト,埼玉県,Saitama,Part-time worker
2008604,小林楓,25,32,研究職,滋賀県,Shiga,Researcher
2008605,新井凛,14,43,販売員,神奈川県,Kanagawa,Retail staff
2008606,藤本恵,13,21,コンサルタント,東京都,Tokyo,Consultant
2008607,篠原朱莉,13,51,飲食業,東京都,Tokyo,Food service
2008608,福田和也,14,54,年金受給者,神奈川県,Kanagawa,Pensioner
2008609,武田和子,37,37,エンジニア,香川県,Kagawa,Engineer
2008610,和田直樹,23,30,研究職,愛知県,Aichi,Researcher
2008611,橋本陽子,46,40,飲食業,鹿児島県,Kagoshima,Food service
2008612,吉田桜,13,31,主婦・主夫,東京都,Tokyo,Homemaker
2008613,渡辺一郎,6,60,漁業,山形県,Yamagata,Fisher
2008614,太田悠人,34,21,パート・アルバイト,広島県,Hiroshima,Part-time worker
2008615,田村秀樹,44,42,飲食業,大分県,Oita,Food service
2008616,岡田将也,16,30,弁護士,富山県,Toyama,Lawyer
2008617,佐藤誠,42,41,主婦・主夫,長崎県,Nagasaki,Homemaker
2008618,森健太,4,39,学生,宮城県,Miyagi,Student
2008619,加藤光子,11,67,公務員,埼玉県,Saitama,Public servant
2008620,工藤哲也,13,57,農業,東京都,Tokyo,Farmer
2008621,森田孝之,23,52,薬剤師,愛知県,Aichi,Pharmacist
2008622,大塚哲也,23,33,販売員,愛知県,Aichi,Retail staff
2008623,中島誠,40,62,運転手,福岡県,Fukuoka,Driver
2008624,河野祐樹,17,45,飲食業,石川県,Ishikawa,Food service
2008625,本田孝之,37,31,営業職,香川県,Kagawa,Sales
2008626,関正樹,39,45,デザイナー,高知県,Kochi,Designer
2008627,内田達也,8,69,建築士,茨城県,Ibaraki,Architect
2008628,竹内心春,26,46,デザイナー,京都府,Kyoto,Designer
2008629,伊藤典子,9,28,保育士,栃木県,Tochigi,Childcare worker
2008630,三浦洋平,13,39,会計士,東京都,Tokyo,Accountant
2008631,東真央,27,43,運転手,大阪府,Osaka,Driver
2008632,竹内博之,11,61,公務員,埼玉県,Saitama,Public servant
2008633,斎藤智子,14,42,営業職,神奈川県,Kanagawa,Sales
2008634,田中七海,28,40,公務員,兵庫県,Hyogo,Public servant
2008635,谷口康平,37,66,エンジニア,香川県,Kagawa,Engineer
2008636,杉本幸子,25,47,運転手,滋賀県,Shiga,Driver
2008637,池田真一,27,34,その他,大阪府,Osaka,Other
2008638,横田裕子,25,47,コンサルタント,滋賀県,Shiga,Consultant
2008639,石田玲子,41,46,コンサルタント,佐賀県,Saga,Consultant
2008640,松岡澪,26,41,弁護士,京都府,Kyoto,Lawyer
2008641,山田千尋,1,45,会社員,北海道,Hokkaido,Company employee
2008642,宮崎彩,4,40,学生,宮城県,Miyagi,Student
2008643,野村千尋,13,40,建築士,東京都,Tokyo,Architect
2008644,工藤智也,13,41,弁護士,東京都,Tokyo,Lawyer
2008645,斎藤一郎,28,58,農業,兵庫県,Hyogo,Farmer
2008646,石井直樹,27,45,医師,大阪府,Osaka,Physician
2008647,石井由美,14,42,その他,神奈川県,Kanagawa,Other
2008648,島田哲也,40,31,看護師,福岡県,Fukuoka,Nurse
2008649,三浦春香,42,52,看護師,長崎県,Nagasaki,Nurse
2008650,松岡悠人,1,66,自営業,北海道,Hokkaido,Self-employed
2008651,金子直美,22,55,公務員,静岡県,Shizuoka,Public servant
2008652,安田秀樹,44,44,建築士,大分県,Oita,Architect
2008653,滝沢康平,44,33,美容師,大分県,Oita,Hairdresser
2008654,関英樹,12,43,運転手,千葉県,Chiba,Driver
2008655,加藤幸子,20,37,会社員,長野県,Nagano,Company employee
2008656,島田一郎,27,58,医師,大阪府,Osaka,Physician
2008657,杉本結衣,1,30,研究職,北海道,Hokkaido,Researcher
2008658,木村真一,11,36,建築士,埼玉県,Saitama,Architect
2008659,山崎隆志,42,46,主婦・主夫,長崎県,Nagasaki,Homemaker
2008660,金子浩二,40,69,医師,福岡県,Fukuoka,Physician
2008661,上田凛,11,34,主婦・主夫,埼玉県,Saitama,Homemaker
2008662,後藤志保,33,59,会計士,岡山県,Okayama,Accountant
2008663,藤田哲也,4,31,飲食業,宮城県,Miyagi,Food service
2008664,松岡桜,47,45,美容師,沖縄県,Okinawa,Hairdresser
2008665,河野葵,4,48,営業職,宮城県,Miyagi,Sales
2008666,森正樹,11,21,コンサルタント,埼玉県,Saitama,Consultant
2008667,中島達也,27,39,エンジニア,大阪府,Osaka,Engineer
2008668,松本隆志,14,34,主婦・主夫,神奈川県,Kanagawa,Homemaker
2008669,中野節子,40,22,学生,福岡県,Fukuoka,Student
2008670,柴田真一,13,43,主婦・主夫,東京都,Tokyo,Homemaker
2008671,中野啓介,22,25,農業,静岡県,Shizuoka,Farmer
2008672,横田文子,12,55,薬剤師,千葉県,Chiba,Pharmacist
2008673,小林桜,27,39,美容師,大阪府,Osaka,Hairdresser
2008674,東瑞穂,27,44,会計士,大阪府,Osaka,Accountant
2008675,石田秀樹,24,44,医師,三重県,Mie,Physician
2008676,宮崎凛,4,24,その他,宮城県,Miyagi,Other
2008677,鈴木京子,33,45,飲食業,岡山県,Okayama,Food service
2008678,小野博之,23,31,建築士,愛知県,Aichi,Architect
2008679,丸山駿,23,70,その他,愛知県,Aichi,Other
2008680,佐々木千尋,25,41,保育士,滋賀県,Shiga,Childcare worker
2008681,市川典子,13,30,コンサルタント,東京都,Tokyo,Consultant
2008682,福田健太,13,67,薬剤師,東京都,Tokyo,Pharmacist
2008683,島田真一,16,24,看護師,富山県,Toyama,Nurse
2008684,斉藤祐樹,16,58,農業,富山県,Toyama,Farmer
2008685,村上拓也,23,49,建築士,愛知県,Aichi,Architect
2008686,森田裕子,13,38,漁業,東京都,Tokyo,Fisher
2008687,西村秀樹,13,47,経理・財務,東京都,Tokyo,Accounting and finance
2008688,森浩二,12,43,デザイナー,千葉県,Chiba,Designer
2008689,柴田陽介,19,39,会計士,山梨県,Yamanashi,Accountant
2008690,佐野啓介,8,30,薬剤師,茨城県,Ibaraki,Pharmacist
2008691,浜田真一,33,63,医師,岡山県,Okayama,Physician
2008692,村田幸子,44,74,パート・アルバイト,大分県,Oita,Part-time worker
2008693,高木久美子,27,39,教員,大阪府,Osaka,Teacher
2008694,林英樹,44,45,保育士,大分県,Oita,Childcare worker
2008695,村田義明,28,38,学生,兵庫県,Hyogo,Student
2008696,竹内真一,15,43,飲食業,新潟県,Niigata,Food service
2008697,市川一郎,1,57,農業,北海道,Hokkaido,Farmer
2008698,松尾正樹,4,78,建築士,宮城県,Miyagi,Architect
2008699,橋本雄大,47,64,研究職,沖縄県,Okinawa,Researcher
2008700,井上陸,27,25,弁護士,大阪府,Osaka,Lawyer
2008701,西村志保,28,24,弁護士,兵庫県,Hyogo,Lawyer
2008702,佐野由美,26,65,医師,京都府,Kyoto,Physician
2008703,岡田澪,8,41,保育士,茨城県,Ibaraki,Childcare worker
2008704,石田秀樹,13,58,デザイナー,東京都,Tokyo,Designer
2008705,小島節子,12,43,公務員,千葉県,Chiba,Public servant
2008706,後藤七海,37,31,建築士,香川県,Kagawa,Architect
2008707,丸山優,14,73,自営業,神奈川県,Kanagawa,Self-employed
2008708,上野香織,23,31,看護師,愛知県,Aichi,Nurse
2008709,吉田隆志,23,64,薬剤師,愛知県,Aichi,Pharmacist
2008710,木下正樹,23,56,主婦・主夫,愛知県,Aichi,Homemaker
2008711,増田玲子,16,54,その他,富山県,Toyama,Other
2008712,大西克彦,45,67,その他,宮崎県,Miyazaki,Other
2008713,千葉直樹,24,57,保育士,三重県,Mie,Childcare worker
2008714,高田典子,6,20,年金受給者,山形県,Yamagata,Pensioner
2008715,岡本瑞穂,41,45,飲食業,佐賀県,Saga,Food service
2008716,原田悠斗,10,66,自営業,群馬県,Gunma,Self-employed
2008717,滝沢莉子,18,21,パート・アルバイト,福井県,Fukui,Part-time worker
2008718,山下雄大,28,47,教員,兵庫県,Hyogo,Teacher
2008719,小野悠斗,13,40,農業,東京都,Tokyo,Farmer
2008720,近藤康平,47,51,その他,沖縄県,Okinawa,Other
2008721,池田隆志,28,30,農業,兵庫県,Hyogo,Farmer
2008722,中島由美,37,54,自営業,香川県,Kagawa,Self-employed
2008723,加藤美穂,4,45,公務員,宮城県,Miyagi,Public servant
2008724,水野沙織,10,31,営業職,群馬県,Gunma,Sales
2008725,近藤博之,3,57,エンジニア,岩手県,Iwate,Engineer
2008726,白石真一,23,55,教員,愛知県,Aichi,Teacher
2008727,横山亜希子,22,20,研究職,静岡県,Shizuoka,Researcher
2008728,岡田航,1,44,研究職,北海道,Hokkaido,Researcher
2008729,小島拓也,7,50,運転手,福島県,Fukushima,Driver
2008730,金子節子,24,44,パート・アルバイト,三重県,Mie,Part-time worker
2008731,橋本和子,11,41,建築士,埼玉県,Saitama,Architect
2008732,高木心春,3,30,医師,岩手県,Iwate,Physician
2008733,水野将也,13,38,自営業,東京都,Tokyo,Self-employed
2008734,谷口沙織,12,24,自営業,千葉県,Chiba,Self-employed
2008735,藤田克彦,27,36,美容師,大阪府,Osaka,Hairdresser
2008736,田口直樹,38,43,飲食業,愛媛県,Ehime,Food service
2008737,松本京子,21,75,会計士,岐阜県,Gifu,Accountant
2008738,丸山一郎,20,48,看護師,長野県,Nagano,Nurse
2008739,今井澪,18,54,販売員,福井県,Fukui,Retail staff
2008740,石井香織,28,52,経理・財務,兵庫県,Hyogo,Accounting and finance
2008741,松田洋平,13,22,販売員,東京都,Tokyo,Retail staff
2008742,藤井光,1,23,エンジニア,北海道,Hokkaido,Engineer
2008743,浜田大輝,11,41,コンサルタント,埼玉県,Saitama,Consultant
2008744,福田哲也,28,47,飲食業,兵庫県,Hyogo,Food service
2008745,宮本悠斗,27,48,会社員,大阪府,Osaka,Company employee
2008746,山口一郎,13,47,保育士,東京都,Tokyo,Childcare worker
2008747,遠藤義明,23,58,自営業,愛知県,Aichi,Self-employed
2008748,内田達也,11,27,薬剤師,埼玉県,Saitama,Pharmacist
2008749,杉山真央,28,23,教員,兵庫県,Hyogo,Teacher
2008750,谷口祐樹,9,25,薬剤師,栃木県,Tochigi,Pharmacist
2008751,杉山奈々,47,54,パート・アルバイト,沖縄県,Okinawa,Part-time worker
2008752,渡部葵,35,65,デザイナー,山口県,Yamaguchi,Designer
2008753,中川芽衣,6,30,エンジニア,山形県,Yamagata,Engineer
2008754,野村真央,9,65,美容師,栃木県,Tochigi,Hairdresser
2008755,遠藤駿,13,54,営業職,東京都,Tokyo,Sales
2008756,原真一,23,61,会社員,愛知県,Aichi,Company employee
2008757,高橋洋平,17,53,教員,石川県,Ishikawa,Teacher
2008758,新井悠人,1,49,公務員,北海道,Hokkaido,Public servant
2008759,田村哲也,14,54,弁護士,神奈川県,Kanagawa,Lawyer
2008760,上野誠,14,52,教員,神奈川県,Kanagawa,Teacher
2008761,丸山楓,28,24,営業職,兵庫県,Hyogo,Sales
2008762,関光子,2,46,自営業,青森県,Aomori,Self-employed
2008763,市川慎太郎,1,53,農業,北海道,Hokkaido,Farmer
2008764,高田陽介,19,31,会社員,山梨県,Yamanashi,Company employee
2008765,大西楓,18,36,パート・アルバイト,福井県,Fukui,Part-time worker
2008766,水野奈々,1,58,弁護士,北海道,Hokkaido,Lawyer
2008767,小林愛,36,41,学生,徳島県,Tokushima,Student
2008768,石井直樹,28,45,主婦・主夫,兵庫県,Hyogo,Homemaker
2008769,斉藤莉子,13,47,パート・アルバイト,東京都,Tokyo,Part-time worker
2008770,酒井久美子,37,67,保育士,香川県,Kagawa,Childcare worker
2008771,丸山幸子,37,50,研究職,香川県,Kagawa,Researcher
2008772,東真央,28,70,営業職,兵庫県,Hyogo,Sales
2008773,大西直樹,3,52,美容師,岩手県,Iwate,Hairdresser
2008774,佐野慎太郎,9,21,飲食業,栃木県,Tochigi,Food service
2008775,菊地玲子,40,37,年金受給者,福岡県,Fukuoka,Pensioner
2008776,松井結衣,23,40,看護師,愛知県,Aichi,Nurse
2008777,河野美穂,11,60,建築士,埼玉県,Saitama,Architect
2008778,金子翔太,10,37,自営業,群馬県,Gunma,Self-employed
2008779,小松京子,6,46,農業,山形県,Yamagata,Farmer
2008780,小松陽介,32,61,医師,島根県,Shimane,Physician
2008781,後藤真一,38,54,会社員,愛媛県,Ehime,Company employee
2008782,竹内心春,34,53,パート・アルバイト,広島県,Hiroshima,Part-time worker
2008783,坂本莉子,8,50,保育士,茨城県,Ibaraki,Childcare worker
2008784,吉田桜,45,74,自営業,宮崎県,Miyazaki,Self-employed
2008785,古川一郎,27,32,コンサルタント,大阪府,Osaka,Consultant
2008786,関涼太,7,49,年金受給者,福島県,Fukushima,Pensioner
2008787,久保大地,26,40,会社員,京都府,Kyoto,Company employee
2008788,中島久美子,21,44,経理・財務,岐阜県,Gifu,Accounting and finance
2008789,桜井涼太,3,47,経理・財務,岩手県,Iwate,Accounting and finance
2008790,新井誠,11,52,建築士,埼玉県,Saitama,Architect
2008791,野村和也,40,21,デザイナー,福岡県,Fukuoka,Designer
2008792,池田志保,20,45,パート・アルバイト,長野県,Nagano,Part-time worker
2008793,篠原陸,24,53,コンサルタント,三重県,Mie,Consultant
2008794,林澪,14,59,教員,神奈川県,Kanagawa,Teacher
2008795,高田洋子,28,51,学生,兵庫県,Hyogo,Student
2008796,河野涼太,30,61,飲食業,和歌山県,Wakayama,Food service
2008797,関大輝,13,25,年金受給者,東京都,Tokyo,Pensioner
2008798,柴田裕子,25,41,その他,滋賀県,Shiga,Other
2008799,伊藤芽衣,13,47,会社員,東京都,Tokyo,Company employee
2008800,村上愛,34,45,医師,広島県,Hiroshima,Physician
2008801,遠藤航,13,36,エンジニア,東京都,Tokyo,Engineer
2008802,小林一郎,4,64,デザイナー,宮城県,Miyagi,Designer
2008803,中島大輝,13,55,研究職,東京都,Tokyo,Researcher
2008804,東由美,46,42,運転手,鹿児島県,Kagoshima,Driver
2008805,田口幸子,1,41,コンサルタント,北海道,Hokkaido,Consultant
2008806,藤田典子,30,41,保育士,和歌山県,Wakayama,Childcare worker
2008807,東雄大,11,47,弁護士,埼玉県,Saitama,Lawyer
2008808,高橋克彦,21,27,建築士,岐阜県,Gifu,Architect
2008809,井上涼太,23,32,研究職,愛知県,Aichi,Researcher
2008810,宮崎将也,28,26,デザイナー,兵庫県,Hyogo,Designer
2008811,清水澪,46,54,保育士,鹿児島県,Kagoshima,Childcare worker
2008812,安藤達也,23,67,飲食業,愛知県,Aichi,Food service
2008813,内田将也,27,42,会計士,大阪府,Osaka,Accountant
2008814,池田典子,20,66,保育士,長野県,Nagano,Childcare worker
2008815,田中香織,41,41,看護師,佐賀県,Saga,Nurse
2008816,市川幸子,28,52,保育士,兵庫県,Hyogo,Childcare worker
2008817,遠藤蓮,11,61,弁護士,埼玉県,Saitama,Lawyer
2008818,新井義明,12,37,漁業,千葉県,Chiba,Fisher
2008819,小野誠,37,53,営業職,香川県,Kagawa,Sales
2008820,増田由美,13,74,会計士,東京都,Tokyo,Accountant
2008821,工藤光子,13,68,その他,東京都,Tokyo,Other
2008822,市川悠斗,38,47,医師,愛媛県,Ehime,Physician
2008823,工藤智子,25,26,年金受給者,滋賀県,Shiga,Pensioner
2008824,増田京子,2,36,デザイナー,青森県,Aomori,Designer
2008825,伊藤真央,35,44,医師,山口県,Yamaguchi,Physician
2008826,内田楓,28,23,漁業,兵庫県,Hyogo,Fisher
2008827,白石浩二,43,39,コンサルタント,熊本県,Kumamoto,Consultant
2008828,松岡幸子,27,36,会計士,大阪府,Osaka,Accountant
2008829,佐藤浩二,11,21,研究職,埼玉県,Saitama,Researcher
2008830,渡部雄大,12,33,農業,千葉県,Chiba,Farmer
2008831,佐々木恵,11,27,エンジニア,埼玉県,Saitama,Engineer
2008832,鈴木優,42,46,弁護士,長崎県,Nagasaki,Lawyer
2008833,大野亮,29,66,年金受給者,奈良県,Nara,Pensioner
2008834,山崎秀樹,37,48,デザイナー,香川県,Kagawa,Designer
2008835,藤田玲子,1,50,会社員,北海道,Hokkaido,Company employee
2008836,岩崎洋子,32,55,保育士,島根県,Shimane,Childcare worker
2008837,前田和子,5,41,経理・財務,秋田県,Akita,Accounting and finance
2008838,岡田浩二,3,63,会社員,岩手県,Iwate,Company employee
2008839,福田澪,27,56,会計士,大阪府,Osaka,Accountant
2008840,武田直美,12,65,コンサルタント,千葉県,Chiba,Consultant
2008841,山口正樹,13,24,その他,東京都,Tokyo,Other
2008842,酒井和也,37,28,会社員,香川県,Kagawa,Company employee
2008843,西村由美,46,22,公務員,鹿児島県,Kagoshima,Public servant
2008844,村上澪,35,48,運転手,山口県,Yamaguchi,Driver
2008845,田中和也,28,42,研究職,兵庫県,Hyogo,Researcher
2008846,木下義明,11,35,薬剤師,埼玉県,Saitama,Pharmacist
2008847,山崎心春,28,55,その他,兵庫県,Hyogo,Other
2008848,斎藤由美,12,41,デザイナー,千葉県,Chiba,Designer
2008849,岩崎正樹,18,76,自営業,福井県,Fukui,Self-employed
2008850,宮本大輝,35,39,デザイナー,山口県,Yamaguchi,Designer
2008851,岩崎悠人,3,33,デザイナー,岩手県,Iwate,Designer
2008852,小川啓介,13,54,建築士,東京都,Tokyo,Architect
2008853,酒井恵,13,33,経理・財務,東京都,Tokyo,Accounting and finance
2008854,岡田美咲,18,43,経理・財務,福井県,Fukui,Accounting and finance
2008855,西村恵,44,31,飲食業,大分県,Oita,Food service
2008856,大西大地,12,46,公務員,千葉県,Chiba,Public servant
2008857,近藤文子,13,33,エンジニア,東京都,Tokyo,Engineer
2008858,村上玲子,35,38,薬剤師,山口県,Yamaguchi,Pharmacist
2008859,佐藤和子,17,37,自営業,石川県,Ishikawa,Self-employed
2008860,清水洋平,35,52,運転手,山口県,Yamaguchi,Driver
2008861,田口翔太,13,51,学生,東京都,Tokyo,Student
2008862,金子哲也,14,49,経理・財務,神奈川県,Kanagawa,Accounting and finance
2008863,星野直美,13,28,漁業,東京都,Tokyo,Fisher
2008864,今井秀樹,42,61,教員,長崎県,Nagasaki,Teacher
2008865,杉山真央,13,60,販売員,東京都,Tokyo,Retail staff
2008866,森英樹,15,79,美容師,新潟県,Niigata,Hairdresser
2008867,武田美穂,29,40,会計士,奈良県,Nara,Accountant
2008868,内田秀樹,31,37,パート・アルバイト,鳥取県,Tottori,Part-time worker
2008869,三浦駿,14,35,飲食業,神奈川県,Kanagawa,Food service
2008870,渡部澪,12,35,公務員,千葉県,Chiba,Public servant
2008871,石井春香,11,23,デザイナー,埼玉県,Saitama,Designer
2008872,石川智子,13,44,教員,東京都,Tokyo,Teacher
2008873,三浦葵,12,33,漁業,千葉県,Chiba,Fisher
2008874,新井彩,22,54,自営業,静岡県,Shizuoka,Self-employed
2008875,長谷川哲也,13,31,運転手,東京都,Tokyo,Driver
2008876,石田光,12,54,コンサルタント,千葉県,Chiba,Consultant
2008877,菊地京子,14,48,看護師,神奈川県,Kanagawa,Nurse
2008878,坂本悠斗,38,77,デザイナー,愛媛県,Ehime,Designer
2008879,後藤涼太,17,58,会計士,石川県,Ishikawa,Accountant
2008880,中山千尋,17,73,飲食業,石川県,Ishikawa,Food service
2008881,岡本直樹,13,32,建築士,東京都,Tokyo,Architect
2008882,野口真央,13,33,パート・アルバイト,東京都,Tokyo,Part-time worker
2008883,白石志保,2,71,飲食業,青森県,Aomori,Food service
2008884,滝沢美穂,23,42,コンサルタント,愛知県,Aichi,Consultant
2008885,田口文子,13,72,運転手,東京都,Tokyo,Driver
2008886,田中澪,10,62,飲食業,群馬県,Gunma,Food service
2008887,小川雄大,13,42,会計士,東京都,Tokyo,Accountant
2008888,星野洋平,11,33,運転手,埼玉県,Saitama,Driver
2008889,本田智子,38,50,弁護士,愛媛県,Ehime,Lawyer
2008890,木下祐樹,10,69,学生,群馬県,Gunma,Student
2008891,久保心春,27,21,医師,大阪府,Osaka,Physician
2008892,滝沢陽子,36,22,販売員,徳島県,Tokushima,Retail staff
2008893,小川悠斗,10,20,医師,群馬県,Gunma,Physician
2008894,渡部達也,11,70,営業職,埼玉県,Saitama,Sales
2008895,三浦智也,44,37,経理・財務,大分県,Oita,Accounting and finance
2008896,松本克彦,27,71,保育士,大阪府,Osaka,Childcare worker
2008897,浜田英樹,16,36,医師,富山県,Toyama,Physician
2008898,宮本英樹,47,54,美容師,沖縄県,Okinawa,Hairdresser
2008899,谷口真一,26,49,漁業,京都府,Kyoto,Fisher
2008900,青木陽子,4,25,建築士,宮城県,Miyagi,Architect
2008901,本田奈々,41,33,営業職,佐賀県,Saga,Sales
2008902,河野啓介,17,52,販売員,石川県,Ishikawa,Retail staff
2008903,井上澪,27,44,自営業,大阪府,Osaka,Self-employed
2008904,上田克彦,14,68,パート・アルバイト,神奈川県,Kanagawa,Part-time worker
2008905,安藤恵,23,46,飲食業,愛知県,Aichi,Food service
2008906,篠原拓也,11,50,飲食業,埼玉県,Saitama,Food service
2008907,坂本悠斗,13,49,デザイナー,東京都,Tokyo,Designer
2008908,松本悠斗,27,55,薬剤師,大阪府,Osaka,Pharmacist
2008909,中野悠斗,23,22,美容師,愛知県,Aichi,Hairdresser
2008910,工藤愛,40,44,弁護士,福岡県,Fukuoka,Lawyer
2008911,池田瑞穂,11,68,弁護士,埼玉県,Saitama,Lawyer
2008912,西村哲也,17,68,保育士,石川県,Ishikawa,Childcare worker
2008913,河野典子,22,43,その他,静岡県,Shizuoka,Other
2008914,大野節子,13,39,その他,東京都,Tokyo,Other
2008915,遠藤奈々,19,64,販売員,山梨県,Yamanashi,Retail staff
2008916,増田典子,12,36,その他,千葉県,Chiba,Other
2008917,高田桜,21,21,運転手,岐阜県,Gifu,Driver
2008918,宮本裕子,19,39,美容師,山梨県,Yamanashi,Hairdresser
2008919,篠原典子,31,45,公務員,鳥取県,Tottori,Public servant
2008920,山崎将也,13,31,飲食業,東京都,Tokyo,Food service
2008921,岡田幸子,36,42,自営業,徳島県,Tokushima,Self-employed
2008922,竹内健太,5,35,研究職,秋田県,Akita,Researcher
2008923,橋本美穂,7,79,販売員,福島県,Fukushima,Retail staff
2008924,石田心春,34,31,学生,広島県,Hiroshima,Student
2008925,大塚光子,11,71,営業職,埼玉県,Saitama,Sales
2008926,菅原大輝,11,33,その他,埼玉県,Saitama,Other
2008927,斎藤愛,44,54,弁護士,大分県,Oita,Lawyer
2008928,千葉澪,43,46,看護師,熊本県,Kumamoto,Nurse
2008929,宮本裕子,6,35,会計士,山形県,Yamagata,Accountant
2008930,村上博之,11,23,建築士,埼玉県,Saitama,Architect
2008931,中島浩二,1,51,看護師,北海道,Hokkaido,Nurse
2008932,久保孝之,33,53,会計士,岡山県,Okayama,Accountant
2008933,林一郎,29,32,学生,奈良県,Nara,Student
2008934,小野将也,33,72,薬剤師,岡山県,Okayama,Pharmacist
2008935,篠原陽子,21,47,エンジニア,岐阜県,Gifu,Engineer
2008936,水野心春,27,55,薬剤師,大阪府,Osaka,Pharmacist
2008937,増田玲子,46,39,会計士,鹿児島県,Kagoshima,Accountant
2008938,新井達也,33,47,会計士,岡山県,Okayama,Accountant
2008939,菅原祐樹,12,56,年金受給者,千葉県,Chiba,Pensioner
2008940,工藤浩二,2,42,営業職,青森県,Aomori,Sales
2008941,今井瑞穂,1,41,医師,北海道,Hokkaido,Physician
2008942,山田美咲,37,60,会計士,香川県,Kagawa,Accountant
2008943,高木莉子,23,56,販売員,愛知県,Aichi,Retail staff
2008944,木下千尋,42,34,研究職,長崎県,Nagasaki,Researcher
2008945,篠原拓也,26,47,農業,京都府,Kyoto,Farmer
2008946,菅原浩二,8,59,美容師,茨城県,Ibaraki,Hairdresser
2008947,山崎陽子,14,44,医師,神奈川県,Kanagawa,Physician
2008948,星野孝之,23,59,会計士,愛知県,Aichi,Accountant
2008949,内田瑞穂,16,49,エンジニア,富山県,Toyama,Engineer
2008950,菅原陸,8,57,看護師,茨城県,Ibaraki,Nurse
2008951,平野光子,16,44,飲食業,富山県,Toyama,Food service
2008952,河野久美子,12,28,薬剤師,千葉県,Chiba,Pharmacist
2008953,小林慎太郎,1,53,コンサルタント,北海道,Hokkaido,Consultant
2008954,石井由美,27,43,コンサルタント,大阪府,Osaka,Consultant
2008955,池田哲也,27,32,学生,大阪府,Osaka,Student
2008956,原英樹,14,77,教員,神奈川県,Kanagawa,Teacher
2008957,佐藤涼太,13,56,薬剤師,東京都,Tokyo,Pharmacist
2008958,田村克彦,12,21,看護師,千葉県,Chiba,Nurse
2008959,島田陽介,40,23,デザイナー,福岡県,Fukuoka,Designer
2008960,関美咲,29,45,学生,奈良県,Nara,Student
2008961,森裕子,14,62,建築士,神奈川県,Kanagawa,Architect
2008962,竹内京子,16,52,看護師,富山県,Toyama,Nurse
2008963,高木裕子,23,47,販売員,愛知県,Aichi,Retail staff
2008964,中村心春,13,31,学生,東京都,Tokyo,Student
2008965,大塚祐樹,14,36,会社員,神奈川県,Kanagawa,Company employee
2008966,佐野結衣,16,42,弁護士,富山県,Toyama,Lawyer
2008967,田中将也,43,59,教員,熊本県,Kumamoto,Teacher
2008968,田中大地,7,41,飲食業,福島県,Fukushima,Food service
2008969,千葉浩二,11,37,主婦・主夫,埼玉県,Saitama,Homemaker
2008970,高田陸,36,74,教員,徳島県,Tokushima,Teacher
2008971,杉本結衣,39,24,その他,高知県,Kochi,Other
2008972,三浦亮,14,57,デザイナー,神奈川県,Kanagawa,Designer
2008973,島田美咲,9,39,主婦・主夫,栃木県,Tochigi,Homemaker
2008974,菊地浩二,28,74,弁護士,兵庫県,Hyogo,Lawyer
2008975,木村久美子,46,49,漁業,鹿児島県,Kagoshima,Fisher
2008976,杉本健太,12,26,会計士,千葉県,Chiba,Accountant
2008977,小野愛,24,32,自営業,三重県,Mie,Self-employed
2008978,新井悠人,2,25,研究職,青森県,Aomori,Researcher
2008979,上野拓也,37,72,会計士,香川県,Kagawa,Accountant
2008980,安田雄大,12,45,経理・財務,千葉県,Chiba,Accounting and finance
2008981,鈴木光子,46,41,学生,鹿児島県,Kagoshima,Student
2008982,森田将也,46,53,保育士,鹿児島県,Kagoshima,Childcare worker
2008983,前田莉子,14,66,弁護士,神奈川県,Kanagawa,Lawyer
2008984,飯田玲子,28,40,会社員,兵庫県,Hyogo,Company employee
2008985,吉田隆志,11,37,看護師,埼玉県,Saitama,Nurse
2008986,佐々木典子,8,46,営業職,茨城県,Ibaraki,Sales
2008987,藤井真央,28,37,主婦・主夫,兵庫県,Hyogo,Homemaker
2008988,田中洋平,28,41,保育士,兵庫県,Hyogo,Childcare worker
2008989,森田久美子,12,21,教員,千葉県,Chiba,Teacher
2008990,原田達也,28,22,学生,兵庫県,Hyogo,Student
2008991,斎藤奈々,12,30,農業,千葉県,Chiba,Farmer
2008992,谷口涼太,36,56,営業職,徳島県,Tokushima,Sales
2008993,今井七海,11,30,会社員,埼玉県,Saitama,Company employee
2008994,中村心春,13,30,弁護士,東京都,Tokyo,Lawyer
2008995,松尾智也,38,77,薬剤師,愛媛県,Ehime,Pharmacist
2008996,横山拓也,13,31,営業職,東京都,Tokyo,Sales
2008997,井上義明,25,61,学生,滋賀県,Shiga,Student
2008998,渡辺桜,12,40,営業職,千葉県,Chiba,Sales
2008999,藤田芽衣,16,48,建築士,富山県,Toyama,Architect
2009000,新井陸,24,66,飲食業,三重県,Mie,Food service
2009001,東莉子,14,26,建築士,神奈川県,Kanagawa,Architect
2009002,中野智也,13,35,保育士,東京都,Tokyo,Childcare worker
2009003,工藤駿,32,58,研究職,島根県,Shimane,Researcher
2009004,大西英樹,13,35,教員,東京都,Tokyo,Teacher
2009005,酒井真一,12,33,弁護士,千葉県,Chiba,Lawyer
2009006,松岡涼太,23,70,パート・アルバイト,愛知県,Aichi,Part-time worker
2009007,野村美咲,14,40,漁業,神奈川県,Kanagawa,Fisher
2009008,田村節子,23,30,薬剤師,愛知県,Aichi,Pharmacist
2009009,谷口智也,14,44,飲食業,神奈川県,Kanagawa,Food service
2009010,石井光,23,33,美容師,愛知県,Aichi,Hairdresser
2009011,木下大輝,44,46,教員,大分県,Oita,Teacher
2009012,浜田志保,14,26,教員,神奈川県,Kanagawa,Teacher
2009013,桜井涼太,27,56,公務員,大阪府,Osaka,Public servant
2009014,柴田裕子,34,38,農業,広島県,Hiroshima,Farmer
2009015,安藤雄大,13,58,営業職,東京都,Tokyo,Sales
2009016,星野哲也,26,40,公務員,京都府,Kyoto,Public servant
2009017,後藤恵,14,53,販売員,神奈川県,Kanagawa,Retail staff
2009018,太田直樹,13,67,年金受給者,東京都,Tokyo,Pensioner
2009019,白石哲也,23,31,経理・財務,愛知県,Aichi,Accounting and finance
2009020,坂本真央,11,33,年金受給者,埼玉県,Saitama,Pensioner
2009021,岡本愛,13,44,営業職,東京都,Tokyo,Sales
2009022,前田香織,11,56,農業,埼玉県,Saitama,Farmer
2009023,高橋朱莉,23,67,その他,愛知県,Aichi,Other
2009024,佐々木大輝,23,39,薬剤師,愛知県,Aichi,Pharmacist
2009025,白石翔太,31,70,運転手,鳥取県,Tottori,Driver
2009026,武田玲子,40,55,会計士,福岡県,Fukuoka,Accountant
2009027,河野節子,13,41,主婦・主夫,東京都,Tokyo,Homemaker
2009028,前田光子,12,57,研究職,千葉県,Chiba,Researcher
2009029,木下大地,4,46,弁護士,宮城県,Miyagi,Lawyer
2009030,藤田雄大,25,34,公務員,滋賀県,Shiga,Public servant
2009031,中川直樹,13,50,保育士,東京都,Tokyo,Childcare worker
2009032,山田博之,16,42,研究職,富山県,Toyama,Researcher
2009033,山本健太,8,30,年金受給者,茨城県,Ibaraki,Pensioner
2009034,工藤澪,45,61,販売員,宮崎県,Miyazaki,Retail staff
2009035,岡田久美子,23,32,運転手,愛知県,Aichi,Driver
2009036,斎藤啓介,14,79,研究職,神奈川県,Kanagawa,Researcher
2009037,西村克彦,33,51,販売員,岡山県,Okayama,Retail staff
2009038,野口達也,2,54,建築士,青森県,Aomori,Architect
2009039,松田心春,14,63,看護師,神奈川県,Kanagawa,Nurse
2009040,中島陸,31,47,その他,鳥取県,Tottori,Other
2009041,吉田芽衣,19,49,販売員,山梨県,Yamanashi,Retail staff
2009042,松田亮,11,25,保育士,埼玉県,Saitama,Childcare worker
2009043,杉山祐樹,11,31,デザイナー,埼玉県,Saitama,Designer
2009044,小松健太,14,29,自営業,神奈川県,Kanagawa,Self-employed
2009045,松岡愛,29,21,販売員,奈良県,Nara,Retail staff
2009046,原葵,11,35,パート・アルバイト,埼玉県,Saitama,Part-time worker
2009047,遠藤香織,13,48,農業,東京都,Tokyo,Farmer
2009048,東優,16,49,薬剤師,富山県,Toyama,Pharmacist
2009049,木村洋平,12,58,エンジニア,千葉県,Chiba,Engineer
2009050,上田真央,13,35,美容師,東京都,Tokyo,Hairdresser
2009051,近藤義明,27,34,建築士,大阪府,Osaka,Architect
2009052,高橋隆志,36,45,会計士,徳島県,Tokushima,Accountant
2009053,河野京子,39,78,弁護士,高知県,Kochi,Lawyer
2009054,松尾和也,40,79,薬剤師,福岡県,Fukuoka,Pharmacist
2009055,丸山真央,28,53,経理・財務,兵庫県,Hyogo,Accounting and finance
2009056,飯田秀樹,15,68,保育士,新潟県,Niigata,Childcare worker
2009057,内田久美子,41,45,デザイナー,佐賀県,Saga,Designer
2009058,山口文子,30,47,保育士,和歌山県,Wakayama,Childcare worker
2009059,松田洋子,43,41,美容師,熊本県,Kumamoto,Hairdresser
2009060,山崎正樹,14,20,自営業,神奈川県,Kanagawa,Self-employed
2009061,岡田康平,27,22,エンジニア,大阪府,Osaka,Engineer
2009062,岩崎浩二,13,51,運転手,東京都,Tokyo,Driver
2009063,森田優,11,42,弁護士,埼玉県,Saitama,Lawyer
2009064,丸山和也,13,56,医師,東京都,Tokyo,Physician
2009065,高橋誠,27,60,飲食業,大阪府,Osaka,Food service
2009066,池田真一,18,24,エンジニア,福井県,Fukui,Engineer
2009067,斎藤克彦,47,50,自営業,沖縄県,Okinawa,Self-employed
2009068,松田愛,13,59,会社員,東京都,Tokyo,Company employee
2009069,新井浩二,13,60,営業職,東京都,Tokyo,Sales
2009070,中村翔太,12,41,自営業,千葉県,Chiba,Self-employed
2009071,野口志保,14,74,研究職,神奈川県,Kanagawa,Researcher
2009072,岡本孝之,23,30,農業,愛知県,Aichi,Farmer
2009073,上田直美,27,27,会社員,大阪府,Osaka,Company employee
2009074,平野七海,13,66,漁業,東京都,Tokyo,Fisher
2009075,松岡文子,18,51,会社員,福井県,Fukui,Company employee
2009076,武田愛,21,52,漁業,岐阜県,Gifu,Fisher
2009077,工藤誠,9,69,美容師,栃木県,Tochigi,Hairdresser
2009078,石川駿,18,51,学生,福井県,Fukui,Student
2009079,久保和也,1,36,公務員,北海道,Hokkaido,Public servant
2009080,岡田凛,13,75,教員,東京都,Tokyo,Teacher
2009081,平野陽介,27,47,飲食業,大阪府,Osaka,Food service
2009082,山下直樹,13,21,エンジニア,東京都,Tokyo,Engineer
2009083,中野秀樹,1,34,営業職,北海道,Hokkaido,Sales
2009084,上野志保,12,47,運転手,千葉県,Chiba,Driver
2009085,武田真央,27,30,エンジニア,大阪府,Osaka,Engineer
2009086,白石節子,12,59,その他,千葉県,Chiba,Other
2009087,村田沙織,14,65,会計士,神奈川県,Kanagawa,Accountant
2009088,高橋優,14,49,主婦・主夫,神奈川県,Kanagawa,Homemaker
2009089,松田誠,14,46,販売員,神奈川県,Kanagawa,Retail staff
2009090,村上由美,13,35,自営業,東京都,Tokyo,Self-employed
2009091,上野孝之,6,24,運転手,山形県,Yamagata,Driver
2009092,吉田奈々,19,40,建築士,山梨県,Yamanashi,Architect
2009093,柴田悠人,10,53,医師,群馬県,Gunma,Physician
2009094,佐々木葵,30,45,研究職,和歌山県,Wakayama,Researcher
2009095,森田美咲,23,62,エンジニア,愛知県,Aichi,Engineer
2009096,岡田真一,22,39,薬剤師,静岡県,Shizuoka,Pharmacist
2009097,太田玲子,13,56,デザイナー,東京都,Tokyo,Designer
2009098,千葉結衣,13,44,営業職,東京都,Tokyo,Sales
2009099,井上航,11,43,販売員,埼玉県,Saitama,Retail staff
2009100,滝沢玲子,2,34,公務員,青森県,Aomori,Public servant
2009101,山下志保,30,61,保育士,和歌山県,Wakayama,Childcare worker
2009102,佐藤真一,35,63,運転手,山口県,Yamaguchi,Driver
2009103,高橋智子,27,33,運転手,大阪府,Osaka,Driver
2009104,岡本典子,12,48,学生,千葉県,Chiba,Student
2009105,佐々木大輝,10,64,その他,群馬県,Gunma,Other
2009106,藤原洋平,12,48,会社員,千葉県,Chiba,Company employee
2009107,浜田誠,22,36,医師,静岡県,Shizuoka,Physician
2009108,柴田美咲,32,62,薬剤師,島根県,Shimane,Pharmacist
2009109,滝沢秀樹,27,24,コンサルタント,大阪府,Osaka,Consultant
2009110,清水莉子,13,30,会社員,東京都,Tokyo,Company employee
2009111,斉藤裕子,46,53,その他,鹿児島県,Kagoshima,Other
2009112,村上悠斗,24,30,経理・財務,三重県,Mie,Accounting and finance
2009113,佐野光子,29,56,デザイナー,奈良県,Nara,Designer
2009114,福田凛,36,21,農業,徳島県,Tokushima,Farmer
2009115,藤原幸子,25,46,教員,滋賀県,Shiga,Teacher
2009116,木村和也,27,58,コンサルタント,大阪府,Osaka,Consultant
2009117,高木洋平,44,64,主婦・主夫,大分県,Oita,Homemaker
2009118,滝沢翔太,14,50,会社員,神奈川県,Kanagawa,Company employee
2009119,渡辺陽介,9,37,自営業,栃木県,Tochigi,Self-employed
2009120,安藤博之,14,41,研究職,神奈川県,Kanagawa,Researcher
2009121,田口直樹,28,34,医師,兵庫県,Hyogo,Physician
2009122,和田博之,37,48,年金受給者,香川県,Kagawa,Pensioner
2009123,菊地彩,14,58,公務員,神奈川県,Kanagawa,Public servant
2009124,千葉葵,13,52,教員,東京都,Tokyo,Teacher
2009125,菊地義明,12,28,美容師,千葉県,Chiba,Hairdresser
2009126,森田光子,2,50,漁業,青森県,Aomori,Fisher
2009127,浜田慎太郎,37,33,教員,香川県,Kagawa,Teacher
2009128,中野幸子,2,52,主婦・主夫,青森県,Aomori,Homemaker
2009129,森田光子,14,35,販売員,神奈川県,Kanagawa,Retail staff
2009130,前田悠人,29,50,漁業,奈良県,Nara,Fisher
2009131,大野洋子,23,59,会計士,愛知県,Aichi,Accountant
2009132,原桜,27,56,主婦・主夫,大阪府,Osaka,Homemaker
2009133,村田博之,35,37,会計士,山口県,Yamaguchi,Accountant
2009134,市川節子,12,46,公務員,千葉県,Chiba,Public servant
2009135,岡本洋平,12,70,研究職,千葉県,Chiba,Researcher
2009136,木村雄大,12,34,学生,千葉県,Chiba,Student
2009137,岡本秀樹,16,37,教員,富山県,Toyama,Teacher
2009138,市川蓮,47,45,美容師,沖縄県,Okinawa,Hairdresser
2009139,酒井典子,7,79,薬剤師,福島県,Fukushima,Pharmacist
2009140,小野誠,11,66,デザイナー,埼玉県,Saitama,Designer
2009141,柴田千尋,42,27,薬剤師,長崎県,Nagasaki,Pharmacist
2009142,山下恵,23,47,パート・アルバイト,愛知県,Aichi,Part-time worker
2009143,篠原博之,26,36,営業職,京都府,Kyoto,Sales
2009144,小林亜希子,1,41,年金受給者,北海道,Hokkaido,Pensioner
2009145,岡本幸子,25,20,公務員,滋賀県,Shiga,Public servant
2009146,中村亜希子,23,27,エンジニア,愛知県,Aichi,Engineer
2009147,高木哲也,25,56,経理・財務,滋賀県,Shiga,Accounting and finance
2009148,菊地蓮,47,61,飲食業,沖縄県,Okinawa,Food service
2009149,遠藤孝之,13,48,漁業,東京都,Tokyo,Fisher
2009150,伊藤恵,40,42,研究職,福岡県,Fukuoka,Researcher
2009151,西村誠,25,38,研究職,滋賀県,Shiga,Researcher
2009152,村上真一,43,40,看護師,熊本県,Kumamoto,Nurse
2009153,篠原雄大,30,49,学生,和歌山県,Wakayama,Student
2009154,橋本智也,23,62,美容師,愛知県,Aichi,Hairdresser
2009155,和田哲也,19,36,営業職,山梨県,Yamanashi,Sales
2009156,田中芽衣,21,40,研究職,岐阜県,Gifu,Researcher
2009157,松井典子,34,31,飲食業,広島県,Hiroshima,Food service
2009158,伊藤優,42,63,教員,長崎県,Nagasaki,Teacher
2009159,大西真一,13,46,公務員,東京都,Tokyo,Public servant
2009160,水野真一,36,34,会計士,徳島県,Tokushima,Accountant
2009161,木下雄大,31,39,運転手,鳥取県,Tottori,Driver
2009162,浜田結衣,34,23,会計士,広島県,Hiroshima,Accountant
2009163,水野洋平,6,35,学生,山形県,Yamagata,Student
2009164,藤田陽子,13,30,会社員,東京都,Tokyo,Company employee
2009165,谷口将也,13,47,薬剤師,東京都,Tokyo,Pharmacist
2009166,渡辺桜,26,43,漁業,京都府,Kyoto,Fisher
2009167,浜田智子,23,57,エンジニア,愛知県,Aichi,Engineer
2009168,安田達也,25,79,主婦・主夫,滋賀県,Shiga,Homemaker
2009169,酒井蓮,11,57,エンジニア,埼玉県,Saitama,Engineer
2009170,森悠斗,27,65,学生,大阪府,Osaka,Student
2009171,久保美穂,37,54,その他,香川県,Kagawa,Other
2009172,石井慎太郎,27,33,年金受給者,大阪府,Osaka,Pensioner
2009173,木下達也,23,46,自営業,愛知県,Aichi,Self-employed
2009174,浜田彩,13,60,弁護士,東京都,Tokyo,Lawyer
2009175,村田由美,20,30,研究職,長野県,Nagano,Researcher
2009176,小松将也,28,20,自営業,兵庫県,Hyogo,Self-employed
2009177,村上雄大,38,36,建築士,愛媛県,Ehime,Architect
2009178,安藤翔太,21,26,教員,岐阜県,Gifu,Teacher
2009179,上田智也,41,70,弁護士,佐賀県,Saga,Lawyer
2009180,木村心春,30,52,研究職,和歌山県,Wakayama,Researcher
2009181,篠原浩二,14,46,公務員,神奈川県,Kanagawa,Public servant
2009182,中山心春,25,39,公務員,滋賀県,Shiga,Public servant
2009183,安藤葵,31,44,公務員,鳥取県,Tottori,Public servant
2009184,西村美穂,9,68,会計士,栃木県,Tochigi,Accountant
2009185,谷口康平,11,30,保育士,埼玉県,Saitama,Childcare worker
2009186,林雄大,8,42,デザイナー,茨城県,Ibaraki,Designer
2009187,佐々木文子,33,39,年金受給者,岡山県,Okayama,Pensioner
2009188,清水典子,40,71,デザイナー,福岡県,Fukuoka,Designer
2009189,中川正樹,37,55,コンサルタント,香川県,Kagawa,Consultant
2009190,松井智子,37,64,美容師,香川県,Kagawa,Hairdresser
2009191,原義明,18,22,医師,福井県,Fukui,Physician
2009192,藤田由美,27,57,自営業,大阪府,Osaka,Self-employed
2009193,古川七海,13,45,保育士,東京都,Tokyo,Childcare worker
2009194,青木凛,32,41,看護師,島根県,Shimane,Nurse
2009195,松尾亜希子,23,46,エンジニア,愛知県,Aichi,Engineer
2009196,田村恵,42,74,医師,長崎県,Nagasaki,Physician
2009197,飯田澪,13,69,弁護士,東京都,Tokyo,Lawyer
2009198,飯田志保,11,39,パート・アルバイト,埼玉県,Saitama,Part-time worker
2009199,佐々木和也,9,21,看護師,栃木県,Tochigi,Nurse
2009200,篠原達也,13,25,学生,東京都,Tokyo,Student
2009201,松田彩,7,28,会計士,福島県,Fukushima,Accountant
2009202,松井優,28,36,医師,兵庫県,Hyogo,Physician
2009203,谷口奈々,35,47,自営業,山口県,Yamaguchi,Self-employed
2009204,上田誠,13,23,農業,東京都,Tokyo,Farmer
2009205,中村浩二,3,35,公務員,岩手県,Iwate,Public servant
2009206,吉田蓮,12,65,美容師,千葉県,Chiba,Hairdresser
2009207,上田智子,14,32,美容師,神奈川県,Kanagawa,Hairdresser
2009208,杉本芽衣,1,68,保育士,北海道,Hokkaido,Childcare worker
2009209,大野沙織,27,38,主婦・主夫,大阪府,Osaka,Homemaker
2009210,高田真一,24,57,医師,三重県,Mie,Physician
2009211,市川由美,13,20,漁業,東京都,Tokyo,Fisher
2009212,宮崎澪,19,47,美容師,山梨県,Yamanashi,Hairdresser
2009213,鈴木和也,14,36,教員,神奈川県,Kanagawa,Teacher
2009214,横山哲也,43,48,建築士,熊本県,Kumamoto,Architect
2009215,内田瑞穂,12,49,コンサルタント,千葉県,Chiba,Consultant
2009216,山下優,27,26,医師,大阪府,Osaka,Physician
2009217,橋本芽衣,14,44,建築士,神奈川県,Kanagawa,Architect
2009218,古川芽衣,44,59,学生,大分県,Oita,Student
2009219,水野和子,27,56,年金受給者,大阪府,Osaka,Pensioner
2009220,原田悠斗,5,69,会計士,秋田県,Akita,Accountant
2009221,杉本春香,30,45,学生,和歌山県,Wakayama,Student
2009222,柴田光,23,40,建築士,愛知県,Aichi,Architect
2009223,大野祐樹,8,37,運転手,茨城県,Ibaraki,Driver
2009224,山口洋平,39,48,医師,高知県,Kochi,Physician
2009225,石田莉子,33,54,弁護士,岡山県,Okayama,Lawyer
2009226,松井陽子,14,22,医師,神奈川県,Kanagawa,Physician
2009227,鈴木翔太,27,32,会計士,大阪府,Osaka,Accountant
2009228,工藤雄大,27,35,エンジニア,大阪府,Osaka,Engineer
2009229,太田久美子,22,47,販売員,静岡県,Shizuoka,Retail staff
2009230,小島光,13,48,公務員,東京都,Tokyo,Public servant
2009231,斎藤香織,13,39,年金受給者,東京都,Tokyo,Pensioner
2009232,岡田悠斗,34,64,デザイナー,広島県,Hiroshima,Designer
2009233,渡部大輝,28,22,営業職,兵庫県,Hyogo,Sales
2009234,杉山心春,12,47,弁護士,千葉県,Chiba,Lawyer
2009235,酒井恵,23,38,教員,愛知県,Aichi,Teacher
2009236,大野桜,13,33,漁業,東京都,Tokyo,Fisher
2009237,和田翔太,14,38,飲食業,神奈川県,Kanagawa,Food service
2009238,柴田裕子,1,54,コンサルタント,北海道,Hokkaido,Consultant
2009239,金子七海,11,35,自営業,埼玉県,Saitama,Self-employed
2009240,藤井洋子,16,37,パート・アルバイト,富山県,Toyama,Part-time worker
2009241,中村芽衣,12,26,その他,千葉県,Chiba,Other
2009242,吉田拓也,20,48,営業職,長野県,Nagano,Sales
2009243,森祐樹,23,58,デザイナー,愛知県,Aichi,Designer
2009244,藤井蓮,23,23,教員,愛知県,Aichi,Teacher
2009245,水野光子,18,48,エンジニア,福井県,Fukui,Engineer
2009246,安田奈々,14,53,会計士,神奈川県,Kanagawa,Accountant
2009247,上田将也,14,55,農業,神奈川県,Kanagawa,Farmer
2009248,今井文子,23,23,その他,愛知県,Aichi,Other
2009249,渡辺葵,4,48,研究職,宮城県,Miyagi,Researcher
2009250,斉藤恵,31,62,運転手,鳥取県,Tottori,Driver
2009251,田村翔太,35,53,飲食業,山口県,Yamaguchi,Food service
2009252,金子直樹,31,55,薬剤師,鳥取県,Tottori,Pharmacist
2009253,安田愛,46,37,保育士,鹿児島県,Kagoshima,Childcare worker
2009254,武田哲也,12,58,公務員,千葉県,Chiba,Public servant
2009255,山本亜希子,6,21,看護師,山形県,Yamagata,Nurse
2009256,原亮,14,31,農業,神奈川県,Kanagawa,Farmer
2009257,橋本誠,14,34,医師,神奈川県,Kanagawa,Physician
2009258,藤本真一,28,35,運転手,兵庫県,Hyogo,Driver
2009259,宮崎裕子,23,21,研究職,愛知県,Aichi,Researcher
2009260,島田幸子,38,40,弁護士,愛媛県,Ehime,Lawyer
2009261,原澪,5,26,学生,秋田県,Akita,Student
2009262,菅原誠,6,62,公務員,山形県,Yamagata,Public servant
2009263,森正樹,25,46,保育士,滋賀県,Shiga,Childcare worker
2009264,吉田隆志,21,37,弁護士,岐阜県,Gifu,Lawyer
2009265,前田祐樹,43,50,建築士,熊本県,Kumamoto,Architect
2009266,大塚節子,14,32,農業,神奈川県,Kanagawa,Farmer
2009267,水野京子,40,34,運転手,福岡県,Fukuoka,Driver
2009268,藤井七海,12,49,看護師,千葉県,Chiba,Nurse
2009269,山崎真一,11,68,その他,埼玉県,Saitama,Other
2009270,藤原康平,6,74,漁業,山形県,Yamagata,Fisher
2009271,中川陸,14,35,パート・アルバイト,神奈川県,Kanagawa,Part-time worker
2009272,長谷川久美子,44,41,公務員,大分県,Oita,Public servant
2009273,大西秀樹,13,72,弁護士,東京都,Tokyo,Lawyer
2009274,田中陸,19,52,弁護士,山梨県,Yamanashi,Lawyer
2009275,杉山沙織,40,48,年金受給者,福岡県,Fukuoka,Pensioner
2009276,中島直樹,18,51,エンジニア,福井県,Fukui,Engineer
2009277,太田恵,35,31,飲食業,山口県,Yamaguchi,Food service
2009278,佐藤楓,13,33,その他,東京都,Tokyo,Other
2009279,岩崎浩二,1,65,建築士,北海道,Hokkaido,Architect
2009280,橋本春香,28,75,運転手,兵庫県,Hyogo,Driver
2009281,野村楓,13,41,弁護士,東京都,Tokyo,Lawyer
2009282,宮本誠,22,52,パート・アルバイト,静岡県,Shizuoka,Part-time worker
2009283,中村克彦,28,69,営業職,兵庫県,Hyogo,Sales
2009284,田村結衣,19,37,農業,山梨県,Yamanashi,Farmer
2009285,福田真央,43,35,その他,熊本県,Kumamoto,Other
2009286,古川典子,27,66,研究職,大阪府,Osaka,Researcher
2009287,野口孝之,13,43,会社員,東京都,Tokyo,Company employee
2009288,石井典子,32,59,主婦・主夫,島根県,Shimane,Homemaker
2009289,菊地智子,27,43,会社員,大阪府,Osaka,Company employee
2009290,古川和子,23,39,研究職,愛知県,Aichi,Researcher
2009291,木村智也,46,48,自営業,鹿児島県,Kagoshima,Self-employed
2009292,小林将也,8,34,公務員,茨城県,Ibaraki,Public servant
2009293,西村雄大,23,40,主婦・主夫,愛知県,Aichi,Homemaker
2009294,野口康平,39,53,漁業,高知県,Kochi,Fisher
2009295,山下孝之,27,35,デザイナー,大阪府,Osaka,Designer
2009296,松井大地,28,49,販売員,兵庫県,Hyogo,Retail staff
2009297,藤原裕子,13,48,建築士,東京都,Tokyo,Architect
2009298,佐藤悠人,1,47,年金受給者,北海道,Hokkaido,Pensioner
2009299,藤本由美,13,24,会社員,東京都,Tokyo,Company employee
2009300,池田智子,36,46,エンジニア,徳島県,Tokushima,Engineer
2009301,河野結衣,1,28,会計士,北海道,Hokkaido,Accountant
2009302,小島悠斗,14,32,教員,神奈川県,Kanagawa,Teacher
2009303,原田光,26,21,研究職,京都府,Kyoto,Researcher
2009304,石井朱莉,14,29,薬剤師,神奈川県,Kanagawa,Pharmacist
2009305,大西千尋,37,62,建築士,香川県,Kagawa,Architect
2009306,木村奈々,3,43,デザイナー,岩手県,Iwate,Designer
2009307,武田悠人,13,31,運転手,東京都,Tokyo,Driver
2009308,石田香織,1,28,エンジニア,北海道,Hokkaido,Engineer
2009309,古川健太,21,49,建築士,岐阜県,Gifu,Architect
2009310,菊地沙織,13,38,年金受給者,東京都,Tokyo,Pensioner
2009311,小川慎太郎,12,46,自営業,千葉県,Chiba,Self-employed
2009312,今井朱莉,35,60,主婦・主夫,山口県,Yamaguchi,Homemaker
2009313,石井健太,12,59,年金受給者,千葉県,Chiba,Pensioner
2009314,山下祐樹,14,53,販売員,神奈川県,Kanagawa,Retail staff
2009315,白石隆志,14,29,主婦・主夫,神奈川県,Kanagawa,Homemaker
2009316,平野美穂,1,55,漁業,北海道,Hokkaido,Fisher
2009317,吉田芽衣,9,37,コンサルタント,栃木県,Tochigi,Consultant
2009318,鈴木陽介,46,35,会社員,鹿児島県,Kagoshima,Company employee
2009319,宮崎美咲,27,44,研究職,大阪府,Osaka,Researcher
2009320,中山陸,34,62,公務員,広島県,Hiroshima,Public servant
2009321,武田駿,23,36,飲食業,愛知県,Aichi,Food service
2009322,藤井誠,8,38,飲食業,茨城県,Ibaraki,Food service
2009323,高木文子,27,34,デザイナー,大阪府,Osaka,Designer
2009324,池田啓介,27,40,パート・アルバイト,大阪府,Osaka,Part-time worker
2009325,斎藤朱莉,34,26,看護師,広島県,Hiroshima,Nurse
2009326,安藤楓,1,54,研究職,北海道,Hokkaido,Researcher
2009327,木下洋子,23,42,運転手,愛知県,Aichi,Driver
2009328,石川奈々,7,23,コンサルタント,福島県,Fukushima,Consultant
2009329,原七海,12,48,その他,千葉県,Chiba,Other
2009330,前田愛,23,39,自営業,愛知県,Aichi,Self-employed
2009331,林莉子,37,60,営業職,香川県,Kagawa,Sales
2009332,野口奈々,23,47,コンサルタント,愛知県,Aichi,Consultant
2009333,中山亜希子,12,78,デザイナー,千葉県,Chiba,Designer
2009334,松田文子,39,34,デザイナー,高知県,Kochi,Designer
2009335,山口玲子,3,69,主婦・主夫,岩手県,Iwate,Homemaker
2009336,和田七海,22,72,保育士,静岡県,Shizuoka,Childcare worker
2009337,木村悠斗,7,63,会社員,福島県,Fukushima,Company employee
2009338,工藤文子,23,30,看護師,愛知県,Aichi,Nurse
2009339,横山亮,45,40,薬剤師,宮崎県,Miyazaki,Pharmacist
2009340,森田慎太郎,46,27,建築士,鹿児島県,Kagoshima,Architect
2009341,新井直美,28,28,パート・アルバイト,兵庫県,Hyogo,Part-time worker
2009342,丸山和子,32,57,学生,島根県,Shimane,Student
2009343,渡辺一郎,9,68,看護師,栃木県,Tochigi,Nurse
2009344,藤井雄大,22,54,営業職,静岡県,Shizuoka,Sales
2009345,山下直樹,13,51,運転手,東京都,Tokyo,Driver
2009346,小松由美,40,47,薬剤師,福岡県,Fukuoka,Pharmacist
2009347,中山直美,29,54,営業職,奈良県,Nara,Sales
2009348,杉本克彦,29,22,販売員,奈良県,Nara,Retail staff
2009349,後藤愛,31,45,年金受給者,鳥取県,Tottori,Pensioner
2009350,森陽介,34,34,飲食業,広島県,Hiroshima,Food service
2009351,山口由美,36,30,漁業,徳島県,Tokushima,Fisher
2009352,竹内雄大,44,24,コンサルタント,大分県,Oita,Consultant
2009353,青木愛,15,44,公務員,新潟県,Niigata,Public servant
2009354,藤原玲子,17,57,その他,石川県,Ishikawa,Other
2009355,青木啓介,39,28,学生,高知県,Kochi,Student
2009356,安田優,13,71,主婦・主夫,東京都,Tokyo,Homemaker
2009357,斎藤慎太郎,12,21,公務員,千葉県,Chiba,Public servant
2009358,山下洋子,2,23,パート・アルバイト,青森県,Aomori,Part-time worker
2009359,石川桜,30,51,教員,和歌山県,Wakayama,Teacher
2009360,森田洋平,1,38,デザイナー,北海道,Hokkaido,Designer
2009361,松尾莉子,1,45,自営業,北海道,Hokkaido,Self-employed
2009362,石川陽子,17,37,医師,石川県,Ishikawa,Physician
2009363,石井正樹,31,65,自営業,鳥取県,Tottori,Self-employed
2009364,田口香織,23,41,研究職,愛知県,Aichi,Researcher
2009365,滝沢翔太,13,46,経理・財務,東京都,Tokyo,Accounting and finance
2009366,後藤文子,13,50,自営業,東京都,Tokyo,Self-employed
2009367,近藤葵,11,40,デザイナー,埼玉県,Saitama,Designer
2009368,今井洋平,31,56,パート・アルバイト,鳥取県,Tottori,Part-time worker
2009369,篠原裕子,23,37,主婦・主夫,愛知県,Aichi,Homemaker
2009370,池田義明,4,65,自営業,宮城県,Miyagi,Self-employed
2009371,篠原駿,1,34,その他,北海道,Hokkaido,Other
2009372,原美穂,31,79,看護師,鳥取県,Tottori,Nurse
2009373,新井真央,11,52,経理・財務,埼玉県,Saitama,Accounting and finance
2009374,石川哲也,12,39,医師,千葉県,Chiba,Physician
2009375,市川光,35,25,会計士,山口県,Yamaguchi,Accountant
2009376,長谷川悠人,27,48,飲食業,大阪府,Osaka,Food service
2009377,中島雄大,24,36,販売員,三重県,Mie,Retail staff
2009378,関奈々,43,42,農業,熊本県,Kumamoto,Farmer
2009379,松尾涼太,17,70,運転手,石川県,Ishikawa,Driver
2009380,増田幸子,33,40,飲食業,岡山県,Okayama,Food service
2009381,今井洋子,26,44,公務員,京都府,Kyoto,Public servant
2009382,小松悠斗,23,30,その他,愛知県,Aichi,Other
2009383,酒井志保,22,41,会計士,静岡県,Shizuoka,Accountant
2009384,本田奈々,3,49,営業職,岩手県,Iwate,Sales
2009385,岡本慎太郎,27,35,公務員,大阪府,Osaka,Public servant
2009386,今井芽衣,36,42,会計士,徳島県,Tokushima,Accountant
2009387,横山将也,24,41,建築士,三重県,Mie,Architect
2009388,野口浩二,23,44,その他,愛知県,Aichi,Other
2009389,柴田蓮,33,63,デザイナー,岡山県,Okayama,Designer
2009390,内田隆志,36,54,公務員,徳島県,Tokushima,Public servant
2009391,三浦真央,19,50,デザイナー,山梨県,Yamanashi,Designer
2009392,平野沙織,28,67,教員,兵庫県,Hyogo,Teacher
2009393,渡辺悠人,27,56,会計士,大阪府,Osaka,Accountant
2009394,山口奈々,47,54,看護師,沖縄県,Okinawa,Nurse
2009395,福田陽介,17,65,美容師,石川県,Ishikawa,Hairdresser
2009396,上野亜希子,14,26,パート・アルバイト,神奈川県,Kanagawa,Part-time worker
2009397,安田千尋,11,55,会社員,埼玉県,Saitama,Company employee
2009398,吉田桜,22,57,運転手,静岡県,Shizuoka,Driver
2009399,小林一郎,13,28,販売員,東京都,Tokyo,Retail staff
2009400,岡本健太,13,22,経理・財務,東京都,Tokyo,Accounting and finance
2009401,山崎裕子,12,72,デザイナー,千葉県,Chiba,Designer
2009402,中村光,32,65,教員,島根県,Shimane,Teacher
2009403,中野蓮,18,24,研究職,福井県,Fukui,Researcher
2009404,大野桜,19,36,経理・財務,山梨県,Yamanashi,Accounting and finance
2009405,高木香織,11,41,教員,埼玉県,Saitama,Teacher
2009406,東芽衣,23,21,看護師,愛知県,Aichi,Nurse
2009407,橋本玲子,14,63,その他,神奈川県,Kanagawa,Other
2009408,平野大輝,38,40,保育士,愛媛県,Ehime,Childcare worker
2009409,杉本隆志,46,37,研究職,鹿児島県,Kagoshima,Researcher
2009410,松尾大輝,11,68,建築士,埼玉県,Saitama,Architect
2009411,佐々木大地,16,41,医師,富山県,Toyama,Physician
2009412,新井大輝,27,40,看護師,大阪府,Osaka,Nurse
2009413,本田真一,13,44,学生,東京都,Tokyo,Student
2009414,平野文子,27,34,薬剤師,大阪府,Osaka,Pharmacist
2009415,久保直美,40,36,美容師,福岡県,Fukuoka,Hairdresser
2009416,中山美穂,43,31,コンサルタント,熊本県,Kumamoto,Consultant
2009417,安藤亜希子,13,42,経理・財務,東京都,Tokyo,Accounting and finance
2009418,石井浩二,8,44,保育士,茨城県,Ibaraki,Childcare worker
2009419,小野駿,15,52,医師,新潟県,Niigata,Physician
2009420,大野啓介,31,57,飲食業,鳥取県,Tottori,Food service
2009421,上野沙織,11,48,会計士,埼玉県,Saitama,Accountant
2009422,小林莉子,28,73,年金受給者,兵庫県,Hyogo,Pensioner
2009423,森田英樹,21,74,コンサルタント,岐阜県,Gifu,Consultant
2009424,田口達也,7,63,農業,福島県,Fukushima,Farmer
2009425,斉藤典子,13,41,美容師,東京都,Tokyo,Hairdresser
2009426,山田久美子,27,62,販売員,大阪府,Osaka,Retail staff
2009427,石田隆志,14,70,教員,神奈川県,Kanagawa,Teacher
2009428,藤井駿,27,32,学生,大阪府,Osaka,Student
2009429,太田達也,30,65,パート・アルバイト,和歌山県,Wakayama,Part-time worker
2009430,和田真央,37,59,看護師,香川県,Kagawa,Nurse
2009431,大西孝之,16,31,教員,富山県,Toyama,Teacher
2009432,森田心春,40,74,研究職,福岡県,Fukuoka,Researcher
2009433,小林健太,13,58,自営業,東京都,Tokyo,Self-employed
2009434,柴田大輝,13,65,看護師,東京都,Tokyo,Nurse
2009435,増田陸,1,49,建築士,北海道,Hokkaido,Architect
2009436,中島大輝,10,36,学生,群馬県,Gunma,Student
2009437,近藤悠斗,6,51,販売員,山形県,Yamagata,Retail staff
2009438,藤原七海,27,55,医師,大阪府,Osaka,Physician
2009439,平野哲也,33,67,農業,岡山県,Okayama,Farmer
2009440,岩崎洋子,11,50,公務員,埼玉県,Saitama,Public servant
2009441,鈴木悠斗,10,40,研究職,群馬県,Gunma,Researcher
2009442,古川陸,40,25,農業,福岡県,Fukuoka,Farmer
2009443,伊藤洋平,14,51,建築士,神奈川県,Kanagawa,Architect
2009444,中島葵,47,20,会社員,沖縄県,Okinawa,Company employee
2009445,大野洋子,38,69,年金受給者,愛媛県,Ehime,Pensioner
2009446,小川京子,27,51,教員,大阪府,Osaka,Teacher
2009447,水野節子,40,23,デザイナー,福岡県,Fukuoka,Designer
2009448,青木秀樹,6,41,販売員,山形県,Yamagata,Retail staff
2009449,新井正樹,11,38,その他,埼玉県,Saitama,Other
2009450,和田康平,13,40,建築士,東京都,Tokyo,Architect
2009451,藤原和也,6,33,建築士,山形県,Yamagata,Architect
2009452,本田文子,6,45,販売員,山形県,Yamagata,Retail staff
2009453,林啓介,45,28,飲食業,宮崎県,Miyazaki,Food service
2009454,中野由美,14,45,飲食業,神奈川県,Kanagawa,Food service
2009455,阿部陽子,38,71,教員,愛媛県,Ehime,Teacher
2009456,小林涼太,1,71,パート・アルバイト,北海道,Hokkaido,Part-time worker
2009457,石井秀樹,40,32,エンジニア,福岡県,Fukuoka,Engineer
2009458,古川博之,14,56,会計士,神奈川県,Kanagawa,Accountant
2009459,平野裕子,8,51,会社員,茨城県,Ibaraki,Company employee
2009460,増田芽衣,45,32,学生,宮崎県,Miyazaki,Student
2009461,加藤隆志,13,37,漁業,東京都,Tokyo,Fisher
2009462,池田雄大,13,59,販売員,東京都,Tokyo,Retail staff
2009463,松尾智也,9,43,主婦・主夫,栃木県,Tochigi,Homemaker
2009464,岩崎沙織,3,43,農業,岩手県,Iwate,Farmer
2009465,山口隆志,5,45,農業,秋田県,Akita,Farmer
2009466,内田将也,14,74,営業職,神奈川県,Kanagawa,Sales
2009467,福田桜,27,23,学生,大阪府,Osaka,Student
2009468,竹内文子,44,46,学生,大分県,Oita,Student
2009469,千葉真央,36,50,美容師,徳島県,Tokushima,Hairdresser
2009470,岡田悠人,12,57,農業,千葉県,Chiba,Farmer
2009471,中野将也,13,25,運転手,東京都,Tokyo,Driver
2009472,原光子,5,78,医師,秋田県,Akita,Physician
2009473,後藤陽子,41,49,弁護士,佐賀県,Saga,Lawyer
2009474,松田正樹,17,50,デザイナー,石川県,Ishikawa,Designer
2009475,和田航,40,44,会計士,福岡県,Fukuoka,Accountant
2009476,遠藤楓,13,37,自営業,東京都,Tokyo,Self-employed
2009477,宮崎拓也,23,65,主婦・主夫,愛知県,Aichi,Homemaker
2009478,菊地健太,20,67,漁業,長野県,Nagano,Fisher
2009479,松岡陽子,26,59,年金受給者,京都府,Kyoto,Pensioner
2009480,近藤幸子,23,49,弁護士,愛知県,Aichi,Lawyer
2009481,内田和也,14,49,パート・アルバイト,神奈川県,Kanagawa,Part-time worker
2009482,竹内蓮,27,53,建築士,大阪府,Osaka,Architect
2009483,金子将也,22,73,建築士,静岡県,Shizuoka,Architect
2009484,青木莉子,43,20,デザイナー,熊本県,Kumamoto,Designer
2009485,桜井克彦,11,39,公務員,埼玉県,Saitama,Public servant
2009486,中村翔太,27,38,公務員,大阪府,Osaka,Public servant
2009487,松本悠人,1,28,パート・アルバイト,北海道,Hokkaido,Part-time worker
2009488,木下健太,18,28,医師,福井県,Fukui,Physician
2009489,桜井澪,7,54,会社員,福島県,Fukushima,Company employee
2009490,原田芽衣,26,49,営業職,京都府,Kyoto,Sales
2009491,安田克彦,23,57,漁業,愛知県,Aichi,Fisher
2009492,田中義明,13,44,コンサルタント,東京都,Tokyo,Consultant
2009493,篠原葵,27,53,飲食業,大阪府,Osaka,Food service
2009494,青木節子,14,54,会計士,神奈川県,Kanagawa,Accountant
2009495,佐藤玲子,12,37,建築士,千葉県,Chiba,Architect
2009496,山口慎太郎,44,39,教員,大分県,Oita,Teacher
2009497,中川莉子,40,59,弁護士,福岡県,Fukuoka,Lawyer
2009498,山崎心春,3,41,農業,岩手県,Iwate,Farmer
2009499,石田洋子,37,37,飲食業,香川県,Kagawa,Food service
2009500,佐々木亮,46,37,販売員,鹿児島県,Kagoshima,Retail staff
2009501,柴田悠斗,19,57,運転手,山梨県,Yamanashi,Driver
2009502,古川秀樹,12,42,デザイナー,千葉県,Chiba,Designer
2009503,本田香織,14,39,主婦・主夫,神奈川県,Kanagawa,Homemaker
2009504,田中莉子,27,41,パート・アルバイト,大阪府,Osaka,Part-time worker
2009505,安田翔太,32,28,教員,島根県,Shimane,Teacher
2009506,斎藤康平,36,38,その他,徳島県,Tokushima,Other
2009507,藤井久美子,1,43,教員,北海道,Hokkaido,Teacher
2009508,藤井啓介,14,38,研究職,神奈川県,Kanagawa,Researcher
2009509,白石康平,35,79,主婦・主夫,山口県,Yamaguchi,Homemaker
2009510,山本洋平,30,56,販売員,和歌山県,Wakayama,Retail staff
2009511,橋本瑞穂,47,24,コンサルタント,沖縄県,Okinawa,Consultant
2009512,杉山典子,37,52,研究職,香川県,Kagawa,Researcher
2009513,横田香織,27,76,看護師,大阪府,Osaka,Nurse
2009514,三浦博之,25,28,漁業,滋賀県,Shiga,Fisher
2009515,前田恵,23,53,エンジニア,愛知県,Aichi,Engineer
2009516,横田澪,13,59,パート・アルバイト,東京都,Tokyo,Part-time worker
2009517,岡本航,12,55,コンサルタント,千葉県,Chiba,Consultant
2009518,松尾大輝,23,64,弁護士,愛知県,Aichi,Lawyer
2009519,村上心春,11,50,営業職,埼玉県,Saitama,Sales
2009520,本田葵,27,50,販売員,大阪府,Osaka,Retail staff
2009521,木下慎太郎,18,41,販売員,福井県,Fukui,Retail staff
2009522,森駿,9,49,コンサルタント,栃木県,Tochigi,Consultant
2009523,後藤京子,35,68,弁護士,山口県,Yamaguchi,Lawyer
2009524,大野博之,23,44,その他,愛知県,Aichi,Other
2009525,滝沢真一,21,48,デザイナー,岐阜県,Gifu,Designer
2009526,村田悠人,13,54,デザイナー,東京都,Tokyo,Designer
2009527,清水陽子,27,43,学生,大阪府,Osaka,Student
2009528,岩崎沙織,27,33,会社員,大阪府,Osaka,Company employee
2009529,野村彩,2,78,漁業,青森県,Aomori,Fisher
2009530,中山沙織,28,79,販売員,兵庫県,Hyogo,Retail staff
2009531,中川隆志,1,32,主婦・主夫,北海道,Hokkaido,Homemaker
2009532,島田哲也,18,23,その他,福井県,Fukui,Other
2009533,横山久美子,2,57,漁業,青森県,Aomori,Fisher
2009534,高田直美,40,47,薬剤師,福岡県,Fukuoka,Pharmacist
2009535,工藤智子,1,33,パート・アルバイト,北海道,Hokkaido,Part-time worker
2009536,石井蓮,18,75,漁業,福井県,Fukui,Fisher
2009537,杉本祐樹,23,26,会社員,愛知県,Aichi,Company employee
2009538,新井志保,13,20,デザイナー,東京都,Tokyo,Designer
2009539,本田正樹,34,45,美容師,広島県,Hiroshima,Hairdresser
2009540,横田直美,16,43,営業職,富山県,Toyama,Sales
2009541,渡辺瑞穂,27,47,エンジニア,大阪府,Osaka,Engineer
2009542,村田啓介,40,44,会社員,福岡県,Fukuoka,Company employee
2009543,岩崎優,27,59,漁業,大阪府,Osaka,Fisher
2009544,藤井大地,11,22,自営業,埼玉県,Saitama,Self-employed
2009545,井上雄大,25,21,運転手,滋賀県,Shiga,Driver
2009546,酒井一郎,11,47,飲食業,埼玉県,Saitama,Food service
2009547,大塚拓也,1,53,会社員,北海道,Hokkaido,Company employee
2009548,島田洋平,23,79,漁業,愛知県,Aichi,Fisher
2009549,田中志保,28,69,看護師,兵庫県,Hyogo,Nurse
2009550,池田博之,1,31,エンジニア,北海道,Hokkaido,Engineer
2009551,金子裕子,35,20,学生,山口県,Yamaguchi,Student
2009552,佐藤玲子,23,32,薬剤師,愛知県,Aichi,Pharmacist
2009553,安藤楓,14,40,薬剤師,神奈川県,Kanagawa,Pharmacist
2009554,松井大輝,14,55,経理・財務,神奈川県,Kanagawa,Accounting and finance
2009555,福田智也,13,24,薬剤師,東京都,Tokyo,Pharmacist
2009556,山下典子,29,57,研究職,奈良県,Nara,Researcher
2009557,武田由美,14,42,医師,神奈川県,Kanagawa,Physician
2009558,市川慎太郎,27,61,会計士,大阪府,Osaka,Accountant
2009559,井上和也,27,47,その他,大阪府,Osaka,Other
2009560,石川誠,14,56,その他,神奈川県,Kanagawa,Other
2009561,井上沙織,45,44,会社員,宮崎県,Miyazaki,Company employee
2009562,内田朱莉,42,78,建築士,長崎県,Nagasaki,Architect
2009563,安田義明,13,64,飲食業,東京都,Tokyo,Food service
2009564,本田一郎,8,53,営業職,茨城県,Ibaraki,Sales
2009565,村田涼太,12,79,その他,千葉県,Chiba,Other
2009566,斎藤蓮,27,71,エンジニア,大阪府,Osaka,Engineer
2009567,斎藤蓮,14,58,教員,神奈川県,Kanagawa,Teacher
2009568,小川誠,23,37,公務員,愛知県,Aichi,Public servant
2009569,松本博之,13,50,美容師,東京都,Tokyo,Hairdresser
2009570,竹内結衣,14,30,経理・財務,神奈川県,Kanagawa,Accounting and finance
2009571,横山結衣,46,21,研究職,鹿児島県,Kagoshima,Researcher
2009572,竹内久美子,38,44,飲食業,愛媛県,Ehime,Food service
2009573,中島涼太,39,37,会社員,高知県,Kochi,Company employee
2009574,原航,10,68,運転手,群馬県,Gunma,Driver
2009575,田村啓介,7,32,美容師,福島県,Fukushima,Hairdresser
2009576,増田文子,1,35,弁護士,北海道,Hokkaido,Lawyer
2009577,田中雄大,7,41,飲食業,福島県,Fukushima,Food service
2009578,丸山裕子,12,23,経理・財務,千葉県,Chiba,Accounting and finance
2009579,本田京子,9,36,漁業,栃木県,Tochigi,Fisher
2009580,菅原恵,10,58,経理・財務,群馬県,Gunma,Accounting and finance
2009581,村田莉子,30,22,営業職,和歌山県,Wakayama,Sales
2009582,石川文子,1,39,パート・アルバイト,北海道,Hokkaido,Part-time worker
2009583,石田春香,14,68,漁業,神奈川県,Kanagawa,Fisher
2009584,宮本和也,27,26,教員,大阪府,Osaka,Teacher
2009585,阿部久美子,29,45,営業職,奈良県,Nara,Sales
2009586,森田智子,43,36,飲食業,熊本県,Kumamoto,Food service
2009587,滝沢光,34,20,会社員,広島県,Hiroshima,Company employee
2009588,水野美穂,14,64,会社員,神奈川県,Kanagawa,Company employee
2009589,鈴木瑞穂,7,79,運転手,福島県,Fukushima,Driver
2009590,近藤啓介,31,62,弁護士,鳥取県,Tottori,Lawyer
2009591,滝沢真央,15,65,主婦・主夫,新潟県,Niigata,Homemaker
2009592,新井克彦,4,54,年金受給者,宮城県,Miyagi,Pensioner
2009593,藤井孝之,13,24,飲食業,東京都,Tokyo,Food service
2009594,藤田奈々,12,76,薬剤師,千葉県,Chiba,Pharmacist
2009595,横田慎太郎,14,62,会計士,神奈川県,Kanagawa,Accountant
2009596,上田真央,13,30,飲食業,東京都,Tokyo,Food service
2009597,松田隆志,12,47,主婦・主夫,千葉県,Chiba,Homemaker
2009598,高田慎太郎,25,54,その他,滋賀県,Shiga,Other
2009599,杉本直樹,13,36,教員,東京都,Tokyo,Teacher
2009600,鈴木幸子,11,55,弁護士,埼玉県,Saitama,Lawyer
2009601,宮本直樹,34,41,会社員,広島県,Hiroshima,Company employee
2009602,藤田桜,23,41,営業職,愛知県,Aichi,Sales
2009603,桜井雄大,46,20,会社員,鹿児島県,Kagoshima,Company employee
2009604,千葉陽子,13,42,農業,東京都,Tokyo,Farmer
2009605,市川文子,27,47,パート・アルバイト,大阪府,Osaka,Part-time worker
2009606,河野悠斗,12,39,建築士,千葉県,Chiba,Architect
2009607,松岡祐樹,14,61,デザイナー,神奈川県,Kanagawa,Designer
2009608,石田陽介,27,44,飲食業,大阪府,Osaka,Food service
2009609,坂本凛,10,32,教員,群馬県,Gunma,Teacher
2009610,上野大輝,18,40,研究職,福井県,Fukui,Researcher
2009611,水野光,17,20,建築士,石川県,Ishikawa,Architect
2009612,桜井悠斗,1,41,エンジニア,北海道,Hokkaido,Engineer
2009613,遠藤玲子,5,39,弁護士,秋田県,Akita,Lawyer
2009614,白石七海,18,58,弁護士,福井県,Fukui,Lawyer
2009615,宮崎健太,13,26,年金受給者,東京都,Tokyo,Pensioner
2009616,渡辺春香,14,32,弁護士,神奈川県,Kanagawa,Lawyer
2009617,野口達也,19,58,看護師,山梨県,Yamanashi,Nurse
2009618,酒井節子,1,55,農業,北海道,Hokkaido,Farmer
2009619,西村将也,32,37,医師,島根県,Shimane,Physician
2009620,大塚和也,14,66,弁護士,神奈川県,Kanagawa,Lawyer
2009621,吉田幸子,21,34,教員,岐阜県,Gifu,Teacher
2009622,工藤陸,32,58,コンサルタント,島根県,Shimane,Consultant
2009623,千葉智子,33,36,運転手,岡山県,Okayama,Driver
2009624,前田駿,32,43,農業,島根県,Shimane,Farmer
2009625,村上凛,19,37,農業,山梨県,Yamanashi,Farmer
2009626,松井直樹,40,53,デザイナー,福岡県,Fukuoka,Designer
2009627,鈴木朱莉,14,44,エンジニア,神奈川県,Kanagawa,Engineer
2009628,石川大輝,23,50,運転手,愛知県,Aichi,Driver
2009629,河野裕子,40,36,学生,福岡県,Fukuoka,Student
2009630,山下悠人,6,20,デザイナー,山形県,Yamagata,Designer
2009631,森田節子,28,63,漁業,兵庫県,Hyogo,Fisher
2009632,安藤和子,16,62,自営業,富山県,Toyama,Self-employed
2009633,高木智也,26,40,デザイナー,京都府,Kyoto,Designer
2009634,千葉奈々,11,43,年金受給者,埼玉県,Saitama,Pensioner
2009635,杉本智子,13,38,弁護士,東京都,Tokyo,Lawyer
2009636,村上優,27,61,保育士,大阪府,Osaka,Childcare worker
2009637,平野博之,37,49,エンジニア,香川県,Kagawa,Engineer
2009638,大野沙織,41,51,パート・アルバイト,佐賀県,Saga,Part-time worker
2009639,杉本凛,14,46,医師,神奈川県,Kanagawa,Physician
2009640,坂本恵,7,40,自営業,福島県,Fukushima,Self-employed
2009641,高木孝之,12,31,看護師,千葉県,Chiba,Nurse
2009642,森田光,9,56,看護師,栃木県,Tochigi,Nurse
2009643,遠藤悠斗,28,54,会社員,兵庫県,Hyogo,Company employee
2009644,福田優,45,58,研究職,宮崎県,Miyazaki,Researcher
2009645,清水結衣,12,44,農業,千葉県,Chiba,Farmer
2009646,金子康平,40,26,教員,福岡県,Fukuoka,Teacher
2009647,大野雄大,11,54,販売員,埼玉県,Saitama,Retail staff
2009648,篠原一郎,28,46,看護師,兵庫県,Hyogo,Nurse
2009649,野村陽介,12,48,公務員,千葉県,Chiba,Public servant
2009650,吉田誠,12,48,看護師,千葉県,Chiba,Nurse
2009651,大西千尋,13,69,漁業,東京都,Tokyo,Fisher
2009652,安藤悠斗,28,39,会社員,兵庫県,Hyogo,Company employee
2009653,安田駿,1,32,主婦・主夫,北海道,Hokkaido,Homemaker
2009654,山崎康平,11,41,看護師,埼玉県,Saitama,Nurse
2009655,青木陸,37,31,パート・アルバイト,香川県,Kagawa,Part-time worker
2009656,木下恵,6,45,その他,山形県,Yamagata,Other
2009657,松本蓮,23,42,保育士,愛知県,Aichi,Childcare worker
2009658,河野凛,15,39,会計士,新潟県,Niigata,Accountant
2009659,野村玲子,27,44,その他,大阪府,Osaka,Other
2009660,田中心春,46,51,美容師,鹿児島県,Kagoshima,Hairdresser
2009661,井上京子,13,23,農業,東京都,Tokyo,Farmer
2009662,中村莉子,32,56,研究職,島根県,Shimane,Researcher
2009663,原田愛,12,58,看護師,千葉県,Chiba,Nurse
2009664,今井哲也,44,45,会計士,大分県,Oita,Accountant
2009665,中山亮,30,45,研究職,和歌山県,Wakayama,Researcher
2009666,伊藤哲也,36,57,飲食業,徳島県,Tokushima,Food service
2009667,市川愛,41,30,看護師,佐賀県,Saga,Nurse
2009668,新井智子,11,39,運転手,埼玉県,Saitama,Driver
2009669,福田慎太郎,35,47,主婦・主夫,山口県,Yamaguchi,Homemaker
2009670,後藤駿,40,40,会計士,福岡県,Fukuoka,Accountant
2009671,山下啓介,34,41,販売員,広島県,Hiroshima,Retail staff
2009672,中島誠,11,25,建築士,埼玉県,Saitama,Architect
2009673,内田美咲,11,55,運転手,埼玉県,Saitama,Driver
2009674,武田美穂,27,45,その他,大阪府,Osaka,Other
2009675,高木正樹,32,78,販売員,島根県,Shimane,Retail staff
2009676,森英樹,14,54,パート・アルバイト,神奈川県,Kanagawa,Part-time worker
2009677,横田和也,33,30,研究職,岡山県,Okayama,Researcher
2009678,久保直美,13,30,教員,東京都,Tokyo,Teacher
2009679,前田啓介,14,45,経理・財務,神奈川県,Kanagawa,Accounting and finance
2009680,藤原涼太,3,41,看護師,岩手県,Iwate,Nurse
2009681,関康平,10,69,保育士,群馬県,Gunma,Childcare worker
2009682,宮本直美,33,47,主婦・主夫,岡山県,Okayama,Homemaker
2009683,青木彩,10,53,自営業,群馬県,Gunma,Self-employed
2009684,中村駿,14,36,薬剤師,神奈川県,Kanagawa,Pharmacist
2009685,西村美咲,12,53,美容師,千葉県,Chiba,Hairdresser
2009686,安藤由美,14,49,その他,神奈川県,Kanagawa,Other
2009687,村上陽介,11,55,学生,埼玉県,Saitama,Student
2009688,飯田博之,9,77,会計士,栃木県,Tochigi,Accountant
2009689,酒井千尋,14,38,美容師,神奈川県,Kanagawa,Hairdresser
2009690,酒井朱莉,14,24,建築士,神奈川県,Kanagawa,Architect
2009691,村上幸子,1,43,学生,北海道,Hokkaido,Student
2009692,白石由美,27,53,主婦・主夫,大阪府,Osaka,Homemaker
2009693,酒井楓,40,62,教員,福岡県,Fukuoka,Teacher
2009694,古川涼太,46,46,農業,鹿児島県,Kagoshima,Farmer
2009695,田中誠,13,36,その他,東京都,Tokyo,Other
2009696,工藤誠,1,67,医師,北海道,Hokkaido,Physician
2009697,近藤大輝,44,79,会計士,大分県,Oita,Accountant
2009698,佐野美穂,12,66,その他,千葉県,Chiba,Other
2009699,青木芽衣,14,54,パート・アルバイト,神奈川県,Kanagawa,Part-time worker
2009700,市川哲也,22,36,学生,静岡県,Shizuoka,Student
2009701,斉藤和子,40,22,漁業,福岡県,Fukuoka,Fisher
2009702,小松陸,14,63,その他,神奈川県,Kanagawa,Other
2009703,篠原結衣,11,44,建築士,埼玉県,Saitama,Architect
2009704,松田陽子,15,31,コンサルタント,新潟県,Niigata,Consultant
2009705,野村玲子,6,37,農業,山形県,Yamagata,Farmer
2009706,和田将也,1,44,教員,北海道,Hokkaido,Teacher
2009707,星野由美,30,42,年金受給者,和歌山県,Wakayama,Pensioner
2009708,工藤拓也,31,40,漁業,鳥取県,Tottori,Fisher
2009709,田村陽子,1,69,看護師,北海道,Hokkaido,Nurse
2009710,藤原彩,2,66,公務員,青森県,Aomori,Public servant
2009711,原澪,3,29,主婦・主夫,岩手県,Iwate,Homemaker
2009712,水野葵,27,53,飲食業,大阪府,Osaka,Food service
2009713,田口啓介,13,45,公務員,東京都,Tokyo,Public servant
2009714,増田悠斗,14,35,建築士,神奈川県,Kanagawa,Architect
2009715,橋本蓮,2,39,薬剤師,青森県,Aomori,Pharmacist
2009716,星野英樹,40,33,建築士,福岡県,Fukuoka,Architect
2009717,石川克彦,14,38,学生,神奈川県,Kanagawa,Student
2009718,谷口香織,10,44,薬剤師,群馬県,Gunma,Pharmacist
2009719,和田幸子,42,42,薬剤師,長崎県,Nagasaki,Pharmacist
2009720,篠原悠人,23,38,運転手,愛知県,Aichi,Driver
2009721,清水将也,12,26,その他,千葉県,Chiba,Other
2009722,飯田瑞穂,13,31,自営業,東京都,Tokyo,Self-employed
2009723,野村拓也,21,48,漁業,岐阜県,Gifu,Fisher
2009724,丸山久美子,13,44,学生,東京都,Tokyo,Student
2009725,佐々木葵,27,31,研究職,大阪府,Osaka,Researcher
2009726,山田雄大,11,34,運転手,埼玉県,Saitama,Driver
2009727,和田大地,16,47,漁業,富山県,Toyama,Fisher
2009728,中島芽衣,40,27,看護師,福岡県,Fukuoka,Nurse
2009729,新井祐樹,7,39,販売員,福島県,Fukushima,Retail staff
2009730,佐々木達也,23,44,弁護士,愛知県,Aichi,Lawyer
2009731,藤井将也,33,22,自営業,岡山県,Okayama,Self-employed
2009732,小松幸子,17,77,デザイナー,石川県,Ishikawa,Designer
2009733,渡辺直樹,13,64,公務員,東京都,Tokyo,Public servant
2009734,坂本幸子,28,39,美容師,兵庫県,Hyogo,Hairdresser
2009735,島田春香,46,32,コンサルタント,鹿児島県,Kagoshima,Consultant
2009736,安藤久美子,33,37,飲食業,岡山県,Okayama,Food service
2009737,三浦隆志,12,47,自営業,千葉県,Chiba,Self-employed
2009738,福田優,20,64,営業職,長野県,Nagano,Sales
2009739,小松結衣,37,59,その他,香川県,Kagawa,Other
2009740,野村節子,13,45,営業職,東京都,Tokyo,Sales
2009741,林心春,27,45,研究職,大阪府,Osaka,Researcher
2009742,佐野洋子,27,55,薬剤師,大阪府,Osaka,Pharmacist
2009743,石田光,11,43,営業職,埼玉県,Saitama,Sales
2009744,田村涼太,12,68,公務員,千葉県,Chiba,Public servant
2009745,山田誠,14,60,飲食業,神奈川県,Kanagawa,Food service
2009746,滝沢正樹,40,20,主婦・主夫,福岡県,Fukuoka,Homemaker
2009747,柴田康平,13,36,医師,東京都,Tokyo,Physician
2009748,杉本孝之,4,44,会計士,宮城県,Miyagi,Accountant
2009749,久保孝之,11,69,経理・財務,埼玉県,Saitama,Accounting and finance
2009750,菊地一郎,14,37,研究職,神奈川県,Kanagawa,Researcher
2009751,篠原京子,40,30,会計士,福岡県,Fukuoka,Accountant
2009752,吉田直樹,13,64,看護師,東京都,Tokyo,Nurse
2009753,桜井克彦,23,73,コンサルタント,愛知県,Aichi,Consultant
2009754,村上優,13,38,農業,東京都,Tokyo,Farmer
2009755,横田真央,22,46,漁業,静岡県,Shizuoka,Fisher
2009756,浜田悠斗,27,42,販売員,大阪府,Osaka,Retail staff
2009757,小松秀樹,11,21,会計士,埼玉県,Saitama,Accountant
2009758,大西春香,11,49,パート・アルバイト,埼玉県,Saitama,Part-time worker
2009759,東博之,42,37,公務員,長崎県,Nagasaki,Public servant
2009760,横山啓介,31,21,教員,鳥取県,Tottori,Teacher
2009761,林慎太郎,27,54,主婦・主夫,大阪府,Osaka,Homemaker
2009762,谷口拓也,28,55,コンサルタント,兵庫県,Hyogo,Consultant
2009763,大塚義明,1,74,その他,北海道,Hokkaido,Other
2009764,安藤蓮,1,68,デザイナー,北海道,Hokkaido,Designer
2009765,杉山博之,36,46,デザイナー,徳島県,Tokushima,Designer
2009766,小林大地,11,44,コンサルタント,埼玉県,Saitama,Consultant
2009767,河野涼太,13,43,その他,東京都,Tokyo,Other
2009768,渡部光,18,66,会社員,福井県,Fukui,Company employee
2009769,千葉啓介,22,41,薬剤師,静岡県,Shizuoka,Pharmacist
2009770,遠藤正樹,26,37,運転手,京都府,Kyoto,Driver
2009771,松岡啓介,36,49,エンジニア,徳島県,Tokushima,Engineer
2009772,石川大地,13,63,漁業,東京都,Tokyo,Fisher
2009773,長谷川亜希子,23,29,保育士,愛知県,Aichi,Childcare worker
2009774,横山陽子,16,61,販売員,富山県,Toyama,Retail staff
2009775,横山哲也,27,45,農業,大阪府,Osaka,Farmer
2009776,安藤桜,26,28,公務員,京都府,Kyoto,Public servant
2009777,竹内康平,13,67,教員,東京都,Tokyo,Teacher
2009778,山崎正樹,28,50,美容師,兵庫県,Hyogo,Hairdresser
2009779,松本光,2,61,会社員,青森県,Aomori,Company employee
2009780,松岡達也,26,26,公務員,京都府,Kyoto,Public servant
2009781,安田隆志,39,28,運転手,高知県,Kochi,Driver
2009782,田中航,17,44,公務員,石川県,Ishikawa,Public servant
2009783,上野一郎,12,40,研究職,千葉県,Chiba,Researcher
2009784,内田直樹,1,31,教員,北海道,Hokkaido,Teacher
2009785,竹内千尋,22,45,漁業,静岡県,Shizuoka,Fisher
2009786,清水洋平,38,64,コンサルタント,愛媛県,Ehime,Consultant
2009787,藤井春香,8,27,建築士,茨城県,Ibaraki,Architect
2009788,上野真一,2,42,美容師,青森県,Aomori,Hairdresser
2009789,木村直樹,14,46,建築士,神奈川県,Kanagawa,Architect
2009790,高木典子,30,43,医師,和歌山県,Wakayama,Physician
2009791,伊藤亜希子,28,22,農業,兵庫県,Hyogo,Farmer
2009792,鈴木芽衣,27,61,農業,大阪府,Osaka,Farmer
2009793,今井千尋,14,24,その他,神奈川県,Kanagawa,Other
2009794,渡部光,13,30,学生,東京都,Tokyo,Student
2009795,関航,35,41,パート・アルバイト,山口県,Yamaguchi,Part-time worker
2009796,山崎京子,12,59,会社員,千葉県,Chiba,Company employee
2009797,和田英樹,12,37,販売員,千葉県,Chiba,Retail staff
2009798,白石洋平,13,31,主婦・主夫,東京都,Tokyo,Homemaker
2009799,中川和也,26,43,エンジニア,京都府,Kyoto,Engineer
2009800,内田春香,13,48,営業職,東京都,Tokyo,Sales
2009801,大野芽衣,13,59,漁業,東京都,Tokyo,Fisher
2009802,酒井洋子,23,30,農業,愛知県,Aichi,Farmer
2009803,松尾孝之,19,55,自営業,山梨県,Yamanashi,Self-employed
2009804,渡部沙織,13,33,美容師,東京都,Tokyo,Hairdresser
2009805,藤本香織,13,32,美容師,東京都,Tokyo,Hairdresser
2009806,坂本美咲,25,57,自営業,滋賀県,Shiga,Self-employed
2009807,上田光子,33,59,コンサルタント,岡山県,Okayama,Consultant
2009808,増田美咲,16,31,会計士,富山県,Toyama,Accountant
2009809,小川悠斗,1,59,運転手,北海道,Hokkaido,Driver
2009810,山本芽衣,22,22,公務員,静岡県,Shizuoka,Public servant
2009811,石井義明,36,73,飲食業,徳島県,Tokushima,Food service
2009812,中川結衣,43,70,その他,熊本県,Kumamoto,Other
2009813,長谷川義明,42,45,パート・アルバイト,長崎県,Nagasaki,Part-time worker
2009814,内田彩,2,46,医師,青森県,Aomori,Physician
2009815,横田心春,28,34,学生,兵庫県,Hyogo,Student
2009816,田村亮,44,36,年金受給者,大分県,Oita,Pensioner
2009817,東直美,43,45,学生,熊本県,Kumamoto,Student
2009818,大西祐樹,27,72,公務員,大阪府,Osaka,Public servant
2009819,大野亮,14,25,営業職,神奈川県,Kanagawa,Sales
2009820,松本康平,42,32,エンジニア,長崎県,Nagasaki,Engineer
2009821,河野隆志,14,41,研究職,神奈川県,Kanagawa,Researcher
2009822,杉山祐樹,14,54,その他,神奈川県,Kanagawa,Other
2009823,木下達也,29,42,看護師,奈良県,Nara,Nurse
2009824,前田文子,31,68,建築士,鳥取県,Tottori,Architect
2009825,田口真一,12,46,主婦・主夫,千葉県,Chiba,Homemaker
2009826,岡田陽介,14,51,医師,神奈川県,Kanagawa,Physician
2009827,後藤陸,43,45,弁護士,熊本県,Kumamoto,Lawyer
2009828,谷口楓,14,64,農業,神奈川県,Kanagawa,Farmer
2009829,高橋真央,8,50,教員,茨城県,Ibaraki,Teacher
2009830,杉本義明,23,43,営業職,愛知県,Aichi,Sales
2009831,坂本春香,17,33,公務員,石川県,Ishikawa,Public servant
2009832,水野光子,45,53,漁業,宮崎県,Miyazaki,Fisher
2009833,中村健太,13,56,営業職,東京都,Tokyo,Sales
2009834,松本慎太郎,27,55,保育士,大阪府,Osaka,Childcare worker
2009835,佐々木正樹,27,55,美容師,大阪府,Osaka,Hairdresser
2009836,山下瑞穂,11,64,漁業,埼玉県,Saitama,Fisher
2009837,三浦楓,2,53,自営業,青森県,Aomori,Self-employed
2009838,谷口義明,12,39,経理・財務,千葉県,Chiba,Accounting and finance
2009839,石井陸,2,78,経理・財務,青森県,Aomori,Accounting and finance
2009840,田口千尋,12,49,自営業,千葉県,Chiba,Self-employed
2009841,山田玲子,27,40,販売員,大阪府,Osaka,Retail staff
2009842,東愛,20,45,年金受給者,長野県,Nagano,Pensioner
2009843,島田真一,27,40,飲食業,大阪府,Osaka,Food service
2009844,杉山志保,5,40,弁護士,秋田県,Akita,Lawyer
2009845,村田達也,14,31,医師,神奈川県,Kanagawa,Physician
2009846,小野節子,41,33,主婦・主夫,佐賀県,Saga,Homemaker
2009847,石田智也,13,35,営業職,東京都,Tokyo,Sales
2009848,中野沙織,27,45,自営業,大阪府,Osaka,Self-employed
2009849,宮本雄大,40,48,販売員,福岡県,Fukuoka,Retail staff
2009850,山田沙織,39,65,研究職,高知県,Kochi,Researcher
2009851,東啓介,14,24,自営業,神奈川県,Kanagawa,Self-employed
2009852,久保彩,16,52,弁護士,富山県,Toyama,Lawyer
2009853,高田陸,12,24,運転手,千葉県,Chiba,Driver
2009854,柴田節子,1,29,エンジニア,北海道,Hokkaido,Engineer
2009855,渡部哲也,22,32,公務員,静岡県,Shizuoka,Public servant
2009856,星野和子,27,47,薬剤師,大阪府,Osaka,Pharmacist
2009857,山崎智也,23,46,デザイナー,愛知県,Aichi,Designer
2009858,藤原澪,39,52,公務員,高知県,Kochi,Public servant
2009859,大塚智也,11,45,会社員,埼玉県,Saitama,Company employee
2009860,藤本沙織,3,43,経理・財務,岩手県,Iwate,Accounting and finance
2009861,菅原心春,14,43,看護師,神奈川県,Kanagawa,Nurse
2009862,渡辺浩二,14,41,営業職,神奈川県,Kanagawa,Sales
2009863,中島心春,28,36,運転手,兵庫県,Hyogo,Driver
2009864,小野結衣,28,57,教員,兵庫県,Hyogo,Teacher
2009865,水野七海,34,36,エンジニア,広島県,Hiroshima,Engineer
2009866,千葉隆志,10,51,自営業,群馬県,Gunma,Self-employed
2009867,市川楓,28,43,主婦・主夫,兵庫県,Hyogo,Homemaker
2009868,安藤智子,11,55,自営業,埼玉県,Saitama,Self-employed
2009869,林亜希子,15,59,運転手,新潟県,Niigata,Driver
2009870,水野拓也,13,30,医師,東京都,Tokyo,Physician
2009871,松本克彦,8,30,運転手,茨城県,Ibaraki,Driver
2009872,木村駿,17,60,自営業,石川県,Ishikawa,Self-employed
2009873,佐藤直美,28,36,保育士,兵庫県,Hyogo,Childcare worker
2009874,飯田節子,3,36,パート・アルバイト,岩手県,Iwate,Part-time worker
2009875,中野孝之,14,54,デザイナー,神奈川県,Kanagawa,Designer
2009876,加藤哲也,11,36,エンジニア,埼玉県,Saitama,Engineer
2009877,東由美,37,47,飲食業,香川県,Kagawa,Food service
2009878,渡辺光,14,22,飲食業,神奈川県,Kanagawa,Food service
2009879,内田朱莉,28,58,エンジニア,兵庫県,Hyogo,Engineer
2009880,太田大地,13,59,弁護士,東京都,Tokyo,Lawyer
2009881,小林誠,28,54,経理・財務,兵庫県,Hyogo,Accounting and finance
2009882,高田芽衣,11,40,農業,埼玉県,Saitama,Farmer
2009883,佐藤啓介,39,59,公務員,高知県,Kochi,Public servant
2009884,山本結衣,14,59,弁護士,神奈川県,Kanagawa,Lawyer
2009885,小松志保,12,47,薬剤師,千葉県,Chiba,Pharmacist
2009886,横山蓮,40,26,学生,福岡県,Fukuoka,Student
2009887,杉本凛,35,30,主婦・主夫,山口県,Yamaguchi,Homemaker
2009888,松井隆志,21,41,会計士,岐阜県,Gifu,Accountant
2009889,原田直美,14,22,パート・アルバイト,神奈川県,Kanagawa,Part-time worker
2009890,大野智也,18,43,販売員,福井県,Fukui,Retail staff
2009891,石川将也,42,46,研究職,長崎県,Nagasaki,Researcher
2009892,木村香織,23,38,医師,愛知県,Aichi,Physician
2009893,浜田愛,2,44,保育士,青森県,Aomori,Childcare worker
2009894,本田凛,1,66,営業職,北海道,Hokkaido,Sales
2009895,田村澪,31,26,農業,鳥取県,Tottori,Farmer
2009896,千葉誠,22,38,営業職,静岡県,Shizuoka,Sales
2009897,山下楓,27,38,農業,大阪府,Osaka,Farmer
2009898,遠藤光,40,53,弁護士,福岡県,Fukuoka,Lawyer
2009899,平野千尋,27,70,公務員,大阪府,Osaka,Public servant
2009900,島田義明,6,58,医師,山形県,Yamagata,Physician
2009901,平野和子,12,57,運転手,千葉県,Chiba,Driver
2009902,菊地智也,13,52,薬剤師,東京都,Tokyo,Pharmacist
2009903,白石香織,13,37,研究職,東京都,Tokyo,Researcher
2009904,佐藤志保,31,47,主婦・主夫,鳥取県,Tottori,Homemaker
2009905,田中健太,16,30,建築士,富山県,Toyama,Architect
2009906,横山香織,6,23,公務員,山形県,Yamagata,Public servant
2009907,丸山春香,23,74,看護師,愛知県,Aichi,Nurse
2009908,阿部誠,20,43,弁護士,長野県,Nagano,Lawyer
2009909,杉山哲也,17,55,主婦・主夫,石川県,Ishikawa,Homemaker
2009910,竹内心春,28,57,薬剤師,兵庫県,Hyogo,Pharmacist
2009911,加藤康平,39,37,薬剤師,高知県,Kochi,Pharmacist
2009912,木下久美子,6,43,デザイナー,山形県,Yamagata,Designer
2009913,田村亮,14,47,パート・アルバイト,神奈川県,Kanagawa,Part-time worker
2009914,菊地愛,25,46,農業,滋賀県,Shiga,Farmer
2009915,滝沢京子,27,66,会社員,大阪府,Osaka,Company employee
2009916,中川芽衣,11,62,販売員,埼玉県,Saitama,Retail staff
2009917,斉藤桜,1,44,会社員,北海道,Hokkaido,Company employee
2009918,宮本悠人,12,47,農業,千葉県,Chiba,Farmer
2009919,野口春香,27,34,弁護士,大阪府,Osaka,Lawyer
2009920,大野和也,22,59,農業,静岡県,Shizuoka,Farmer
2009921,島田楓,43,48,自営業,熊本県,Kumamoto,Self-employed
2009922,阿部直樹,22,75,教員,静岡県,Shizuoka,Teacher
2009923,阿部拓也,23,64,薬剤師,愛知県,Aichi,Pharmacist
2009924,松岡奈々,24,43,販売員,三重県,Mie,Retail staff
2009925,佐藤康平,22,65,弁護士,静岡県,Shizuoka,Lawyer
2009926,斎藤康平,14,41,パート・アルバイト,神奈川県,Kanagawa,Part-time worker
2009927,本田隆志,40,33,販売員,福岡県,Fukuoka,Retail staff
2009928,佐野久美子,44,36,研究職,大分県,Oita,Researcher
2009929,小林瑞穂,28,43,美容師,兵庫県,Hyogo,Hairdresser
2009930,山崎蓮,41,36,運転手,佐賀県,Saga,Driver
2009931,久保愛,11,29,会社員,埼玉県,Saitama,Company employee
2009932,菅原裕子,11,55,自営業,埼玉県,Saitama,Self-employed
2009933,野村結衣,23,36,飲食業,愛知県,Aichi,Food service
2009934,東真一,11,45,年金受給者,埼玉県,Saitama,Pensioner
2009935,市川結衣,12,48,自営業,千葉県,Chiba,Self-employed
2009936,福田悠斗,40,60,デザイナー,福岡県,Fukuoka,Designer
2009937,菅原陽介,33,49,美容師,岡山県,Okayama,Hairdresser
2009938,小島智也,16,48,看護師,富山県,Toyama,Nurse
2009939,中島英樹,11,48,営業職,埼玉県,Saitama,Sales
2009940,田村啓介,39,33,農業,高知県,Kochi,Farmer
2009941,田村芽衣,37,65,会社員,香川県,Kagawa,Company employee
2009942,安藤美穂,5,44,漁業,秋田県,Akita,Fisher
2009943,古川航,36,54,営業職,徳島県,Tokushima,Sales
2009944,三浦美咲,2,57,農業,青森県,Aomori,Farmer
2009945,岩崎浩二,19,31,販売員,山梨県,Yamanashi,Retail staff
2009946,小島拓也,11,38,コンサルタント,埼玉県,Saitama,Consultant
2009947,中山克彦,46,52,エンジニア,鹿児島県,Kagoshima,Engineer
2009948,酒井結衣,2,21,公務員,青森県,Aomori,Public servant
2009949,和田航,5,38,主婦・主夫,秋田県,Akita,Homemaker
2009950,山本浩二,23,37,研究職,愛知県,Aichi,Researcher
2009951,滝沢悠斗,41,30,公務員,佐賀県,Saga,Public servant
2009952,大野翔太,14,33,デザイナー,神奈川県,Kanagawa,Designer
2009953,阿部千尋,13,63,エンジニア,東京都,Tokyo,Engineer
2009954,西村亜希子,39,76,薬剤師,高知県,Kochi,Pharmacist
2009955,本田哲也,14,43,主婦・主夫,神奈川県,Kanagawa,Homemaker
2009956,松尾秀樹,12,53,年金受給者,千葉県,Chiba,Pensioner
2009957,上田慎太郎,1,37,医師,北海道,Hokkaido,Physician
2009958,三浦秀樹,2,23,デザイナー,青森県,Aomori,Designer
2009959,高木芽衣,14,48,飲食業,神奈川県,Kanagawa,Food service
2009960,菊地悠斗,27,46,デザイナー,大阪府,Osaka,Designer
2009961,山崎香織,13,38,教員,東京都,Tokyo,Teacher
2009962,今井瑞穂,27,40,会社員,大阪府,Osaka,Company employee
2009963,渡部航,19,72,看護師,山梨県,Yamanashi,Nurse
2009964,今井典子,2,50,営業職,青森県,Aomori,Sales
2009965,桜井光,38,33,弁護士,愛媛県,Ehime,Lawyer
2009966,藤田澪,6,56,年金受給者,山形県,Yamagata,Pensioner
2009967,岩崎典子,2,41,営業職,青森県,Aomori,Sales
2009968,木村達也,24,34,漁業,三重県,Mie,Fisher
2009969,千葉凛,17,74,農業,石川県,Ishikawa,Farmer
2009970,小松和也,9,47,経理・財務,栃木県,Tochigi,Accounting and finance
2009971,杉山亮,11,42,会計士,埼玉県,Saitama,Accountant
2009972,酒井秀樹,1,55,パート・アルバイト,北海道,Hokkaido,Part-time worker
2009973,谷口奈々,13,34,エンジニア,東京都,Tokyo,Engineer
2009974,松本彩,31,57,教員,鳥取県,Tottori,Teacher
2009975,上田美穂,27,30,営業職,大阪府,Osaka,Sales
2009976,星野洋子,19,47,会社員,山梨県,Yamanashi,Company employee
2009977,加藤悠人,11,28,保育士,埼玉県,Saitama,Childcare worker
2009978,古川京子,41,78,自営業,佐賀県,Saga,Self-employed
2009979,渡部洋子,10,37,エンジニア,群馬県,Gunma,Engineer
2009980,石田陽子,23,33,コンサルタント,愛知県,Aichi,Consultant
2009981,中山蓮,11,59,その他,埼玉県,Saitama,Other
2009982,本田大地,12,67,経理・財務,千葉県,Chiba,Accounting and finance
2009983,小林健太,3,37,公務員,岩手県,Iwate,Public servant
2009984,杉山京子,14,68,飲食業,神奈川県,Kanagawa,Food service
2009985,滝沢芽衣,14,38,その他,神奈川県,Kanagawa,Other
2009986,松田誠,29,72,教員,奈良県,Nara,Teacher
2009987,森田浩二,37,48,会社員,香川県,Kagawa,Company employee
2009988,森田康平,13,67,建築士,東京都,Tokyo,Architect
2009989,丸山千尋,11,64,年金受給者,埼玉県,Saitama,Pensioner
2009990,山田幸子,21,43,保育士,岐阜県,Gifu,Childcare worker
2009991,田村智也,10,49,医師,群馬県,Gunma,Physician
2009992,桜井和子,14,48,その他,神奈川県,Kanagawa,Other
2009993,今井七海,7,37,年金受給者,福島県,Fukushima,Pensioner
2009994,原桜,27,58,建築士,大阪府,Osaka,Architect
2009995,中村悠人,11,49,販売員,埼玉県,Saitama,Retail staff
2009996,佐野朱莉,27,57,その他,大阪府,Osaka,Other
2009997,林結衣,43,40,運転手,熊本県,Kumamoto,Driver
2009998,中野雄大,23,60,研究職,愛知県,Aichi,Researcher
2009999,関志保,13,57,デザイナー,東京都,Tokyo,Designer
2010000,安田将也,20,66,会社員,長野県,Nagano,Company employee
2010001,近藤文子,11,34,研究職,埼玉県,Saitama,Researcher
2010002,今井誠,1,61,公務員,北海道,Hokkaido,Public servant
2010003,中村和子,23,47,医師,愛知県,Aichi,Physician
2010004,酒井涼太,41,48,公務員,佐賀県,Saga,Public servant
2010005,高木祐樹,23,41,弁護士,愛知県,Aichi,Lawyer
2010006,上田朱莉,37,59,会計士,香川県,Kagawa,Accountant
2010007,島田葵,13,40,漁業,東京都,Tokyo,Fisher
2010008,吉田洋子,13,53,教員,東京都,Tokyo,Teacher
2010009,佐藤彩,22,61,薬剤師,静岡県,Shizuoka,Pharmacist
2010010,佐藤直樹,1,36,パート・アルバイト,北海道,Hokkaido,Part-time worker
2010011,斉藤誠,42,59,運転手,長崎県,Nagasaki,Driver
2010012,上田正樹,41,54,医師,佐賀県,Saga,Physician
2010013,高田博之,28,52,会計士,兵庫県,Hyogo,Accountant
2010014,中村孝之,14,67,看護師,神奈川県,Kanagawa,Nurse
2010015,本田陸,12,57,経理・財務,千葉県,Chiba,Accounting and finance
2010016,杉本玲子,28,33,弁護士,兵庫県,Hyogo,Lawyer
2010017,野村恵,16,49,美容師,富山県,Toyama,Hairdresser
2010018,市川英樹,10,50,年金受給者,群馬県,Gunma,Pensioner
2010019,松田凛,11,68,年金受給者,埼玉県,Saitama,Pensioner
2010020,小松慎太郎,13,37,販売員,東京都,Tokyo,Retail staff
2010021,松尾翔太,32,74,運転手,島根県,Shimane,Driver
2010022,西村優,28,20,薬剤師,兵庫県,Hyogo,Pharmacist
2010023,竹内和也,39,39,会計士,高知県,Kochi,Accountant
2010024,菊地健太,27,48,弁護士,大阪府,Osaka,Lawyer
2010025,岡田文子,40,56,公務員,福岡県,Fukuoka,Public servant
2010026,福田哲也,24,46,販売員,三重県,Mie,Retail staff
2010027,村上七海,28,46,飲食業,兵庫県,Hyogo,Food service
2010028,松田亮,36,53,教員,徳島県,Tokushima,Teacher
2010029,市川大輝,13,41,運転手,東京都,Tokyo,Driver
2010030,村田洋平,2,42,美容師,青森県,Aomori,Hairdresser
2010031,浜田直樹,13,43,公務員,東京都,Tokyo,Public servant
2010032,松岡彩,46,78,会計士,鹿児島県,Kagoshima,Accountant
2010033,原田達也,11,36,教員,埼玉県,Saitama,Teacher
2010034,宮崎英樹,12,55,医師,千葉県,Chiba,Physician
2010035,石田英樹,35,23,研究職,山口県,Yamaguchi,Researcher
2010036,藤本芽衣,39,43,パート・アルバイト,高知県,Kochi,Part-time worker
2010037,篠原孝之,27,60,エンジニア,大阪府,Osaka,Engineer
2010038,篠原翔太,27,41,学生,大阪府,Osaka,Student
2010039,安田正樹,11,31,美容師,埼玉県,Saitama,Hairdresser
2010040,原芽衣,36,68,経理・財務,徳島県,Tokushima,Accounting and finance
2010041,木下陸,13,20,医師,東京都,Tokyo,Physician
2010042,新井美穂,38,31,パート・アルバイト,愛媛県,Ehime,Part-time worker
2010043,小島沙織,13,45,エンジニア,東京都,Tokyo,Engineer
2010044,桜井直美,31,21,飲食業,鳥取県,Tottori,Food service
2010045,谷口澪,28,32,会社員,兵庫県,Hyogo,Company employee
2010046,上田瑞穂,12,42,公務員,千葉県,Chiba,Public servant
2010047,小川浩二,41,65,保育士,佐賀県,Saga,Childcare worker
2010048,山下和也,30,47,学生,和歌山県,Wakayama,Student
2010049,水野美咲,23,23,会計士,愛知県,Aichi,Accountant
2010050,佐藤将也,23,56,保育士,愛知県,Aichi,Childcare worker
2010051,飯田光,22,62,デザイナー,静岡県,Shizuoka,Designer
2010052,安藤大輝,33,32,運転手,岡山県,Okayama,Driver
2010053,中村節子,14,42,デザイナー,神奈川県,Kanagawa,Designer
2010054,青木千尋,5,35,漁業,秋田県,Akita,Fisher
2010055,山本孝之,11,36,コンサルタント,埼玉県,Saitama,Consultant
2010056,島田朱莉,13,63,建築士,東京都,Tokyo,Architect
2010057,渡辺直樹,38,23,運転手,愛媛県,Ehime,Driver
2010058,久保莉子,20,40,運転手,長野県,Nagano,Driver
2010059,松尾奈々,18,36,漁業,福井県,Fukui,Fisher
2010060,井上直樹,25,42,農業,滋賀県,Shiga,Farmer
2010061,西村正樹,25,21,美容師,滋賀県,Shiga,Hairdresser
2010062,佐々木和也,28,76,パート・アルバイト,兵庫県,Hyogo,Part-time worker
2010063,今井香織,27,55,主婦・主夫,大阪府,Osaka,Homemaker
2010064,橋本京子,13,39,保育士,東京都,Tokyo,Childcare worker
2010065,山崎奈々,22,50,看護師,静岡県,Shizuoka,Nurse
2010066,飯田大輝,14,38,経理・財務,神奈川県,Kanagawa,Accounting and finance
2010067,山田澪,46,38,農業,鹿児島県,Kagoshima,Farmer
2010068,森田裕子,4,28,建築士,宮城県,Miyagi,Architect
2010069,内田奈々,44,40,会社員,大分県,Oita,Company employee
2010070,野口直樹,9,57,保育士,栃木県,Tochigi,Childcare worker
2010071,遠藤芽衣,29,35,漁業,奈良県,Nara,Fisher
2010072,水野彩,23,41,美容師,愛知県,Aichi,Hairdresser
2010073,武田亮,6,61,その他,山形県,Yamagata,Other
2010074,森哲也,30,52,薬剤師,和歌山県,Wakayama,Pharmacist
2010075,山崎心春,31,72,デザイナー,鳥取県,Tottori,Designer
2010076,柴田節子,13,28,研究職,東京都,Tokyo,Researcher
2010077,三浦慎太郎,13,76,漁業,東京都,Tokyo,Fisher
2010078,上田和子,7,32,会計士,福島県,Fukushima,Accountant
2010079,谷口亮,6,34,コンサルタント,山形県,Yamagata,Consultant
2010080,原田美穂,1,25,美容師,北海道,Hokkaido,Hairdresser
2010081,原蓮,11,34,美容師,埼玉県,Saitama,Hairdresser
2010082,関結衣,25,67,農業,滋賀県,Shiga,Farmer
2010083,森田朱莉,27,32,学生,大阪府,Osaka,Student
2010084,村上奈々,5,67,営業職,秋田県,Akita,Sales
2010085,上田涼太,23,48,営業職,愛知県,Aichi,Sales
2010086,小島光,5,34,エンジニア,秋田県,Akita,Engineer
2010087,関翔太,28,42,経理・財務,兵庫県,Hyogo,Accounting and finance
2010088,大野彩,6,42,漁業,山形県,Yamagata,Fisher
2010089,伊藤雄大,41,76,営業職,佐賀県,Saga,Sales
2010090,小島七海,39,46,農業,高知県,Kochi,Farmer
2010091,小松大地,11,54,経理・財務,埼玉県,Saitama,Accounting and finance
2010092,安藤莉子,41,29,公務員,佐賀県,Saga,Public servant
2010093,田村博之,23,48,農業,愛知県,Aichi,Farmer
2010094,松井志保,11,68,看護師,埼玉県,Saitama,Nurse
2010095,阿部隆志,36,60,美容師,徳島県,Tokushima,Hairdresser
2010096,大西彩,6,37,学生,山形県,Yamagata,Student
2010097,村上香織,27,68,年金受給者,大阪府,Osaka,Pensioner
2010098,小島将也,8,69,飲食業,茨城県,Ibaraki,Food service
2010099,木村一郎,23,50,漁業,愛知県,Aichi,Fisher
2010100,滝沢光子,14,50,農業,神奈川県,Kanagawa,Farmer
2010101,桜井智子,17,31,飲食業,石川県,Ishikawa,Food service
2010102,飯田博之,36,64,年金受給者,徳島県,Tokushima,Pensioner
2010103,渡部英樹,43,51,薬剤師,熊本県,Kumamoto,Pharmacist
2010104,中野和子,21,37,飲食業,岐阜県,Gifu,Food service
2010105,工藤典子,47,67,会計士,沖縄県,Okinawa,Accountant
2010106,藤田和也,27,59,経理・財務,大阪府,Osaka,Accounting and finance
2010107,石田亜希子,10,46,年金受給者,群馬県,Gunma,Pensioner
2010108,横田由美,33,33,公務員,岡山県,Okayama,Public servant
2010109,島田哲也,14,40,公務員,神奈川県,Kanagawa,Public servant
2010110,青木典子,13,46,会計士,東京都,Tokyo,Accountant
2010111,田村孝之,3,53,会社員,岩手県,Iwate,Company employee
2010112,清水悠斗,22,40,パート・アルバイト,静岡県,Shizuoka,Part-time worker
2010113,大西美咲,21,31,飲食業,岐阜県,Gifu,Food service
2010114,安藤達也,39,51,学生,高知県,Kochi,Student
2010115,中野美穂,20,40,運転手,長野県,Nagano,Driver
2010116,橋本愛,42,67,主婦・主夫,長崎県,Nagasaki,Homemaker
2010117,小林真央,13,30,販売員,東京都,Tokyo,Retail staff
2010118,河野玲子,13,32,農業,東京都,Tokyo,Farmer
2010119,鈴木澪,11,45,看護師,埼玉県,Saitama,Nurse
2010120,増田和子,24,57,建築士,三重県,Mie,Architect
2010121,山崎智子,27,48,飲食業,大阪府,Osaka,Food service
2010122,清水正樹,11,41,主婦・主夫,埼玉県,Saitama,Homemaker
2010123,田口典子,24,25,運転手,三重県,Mie,Driver
2010124,福田由美,23,37,公務員,愛知県,Aichi,Public servant
2010125,水野祐樹,11,40,飲食業,埼玉県,Saitama,Food service
2010126,林美咲,28,34,経理・財務,兵庫県,Hyogo,Accounting and finance
2010127,菊地由美,27,72,弁護士,大阪府,Osaka,Lawyer
2010128,吉田真一,23,32,看護師,愛知県,Aichi,Nurse
2010129,福田義明,25,30,弁護士,滋賀県,Shiga,Lawyer
2010130,小松陽子,1,66,漁業,北海道,Hokkaido,Fisher
2010131,岩崎一郎,2,66,農業,青森県,Aomori,Farmer
2010132,青木春香,41,41,その他,佐賀県,Saga,Other
2010133,松尾大輝,12,46,薬剤師,千葉県,Chiba,Pharmacist
2010134,西村葵,27,38,営業職,大阪府,Osaka,Sales
2010135,市川美穂,27,46,会計士,大阪府,Osaka,Accountant
2010136,篠原洋平,26,68,飲食業,京都府,Kyoto,Food service
2010137,大野由美,40,62,会計士,福岡県,Fukuoka,Accountant
2010138,森田義明,13,21,看護師,東京都,Tokyo,Nurse
2010139,高木隆志,3,34,漁業,岩手県,Iwate,Fisher
2010140,滝沢直美,13,23,看護師,東京都,Tokyo,Nurse
2010141,中野和子,11,20,年金受給者,埼玉県,Saitama,Pensioner
2010142,横田玲子,15,79,会社員,新潟県,Niigata,Company employee
2010143,滝沢和也,13,35,販売員,東京都,Tokyo,Retail staff
2010144,菅原志保,30,58,会計士,和歌山県,Wakayama,Accountant
2010145,丸山結衣,20,44,自営業,長野県,Nagano,Self-employed
2010146,竹内誠,21,43,自営業,岐阜県,Gifu,Self-employed
2010147,横田克彦,33,49,学生,岡山県,Okayama,Student
2010148,森美穂,30,66,運転手,和歌山県,Wakayama,Driver
2010149,小島陸,40,47,学生,福岡県,Fukuoka,Student
2010150,本田恵,46,38,漁業,鹿児島県,Kagoshima,Fisher
2010151,宮崎博之,12,27,弁護士,千葉県,Chiba,Lawyer
2010152,石田真一,32,43,コンサルタント,島根県,Shimane,Consultant
2010153,斉藤智子,14,37,保育士,神奈川県,Kanagawa,Childcare worker
2010154,山下隆志,35,57,農業,山口県,Yamaguchi,Farmer
2010155,村上美咲,43,35,漁業,熊本県,Kumamoto,Fisher
2010156,斉藤哲也,27,53,デザイナー,大阪府,Osaka,Designer
2010157,清水博之,14,20,会計士,神奈川県,Kanagawa,Accountant
2010158,佐々木直樹,11,37,会社員,埼玉県,Saitama,Company employee
2010159,岩崎大輝,14,45,経理・財務,神奈川県,Kanagawa,Accounting and finance
2010160,石井春香,47,44,運転手,沖縄県,Okinawa,Driver
2010161,岩崎玲子,19,48,飲食業,山梨県,Yamanashi,Food service
2010162,伊藤和子,14,75,公務員,神奈川県,Kanagawa,Public servant
2010163,遠藤正樹,40,40,会計士,福岡県,Fukuoka,Accountant
2010164,佐々木裕子,44,42,デザイナー,大分県,Oita,Designer
2010165,菊地凛,4,31,建築士,宮城県,Miyagi,Architect
2010166,遠藤美咲,14,44,研究職,神奈川県,Kanagawa,Researcher
2010167,松井洋子,10,43,その他,群馬県,Gunma,Other
2010168,斎藤真一,27,34,飲食業,大阪府,Osaka,Food service
2010169,遠藤悠斗,13,34,パート・アルバイト,東京都,Tokyo,Part-time worker
2010170,大塚光子,42,55,薬剤師,長崎県,Nagasaki,Pharmacist
2010171,伊藤誠,14,44,販売員,神奈川県,Kanagawa,Retail staff
2010172,山口陽子,14,64,漁業,神奈川県,Kanagawa,Fisher
2010173,中村大地,40,57,美容師,福岡県,Fukuoka,Hairdresser
2010174,藤田浩二,14,25,自営業,神奈川県,Kanagawa,Self-employed
2010175,小野一郎,28,55,主婦・主夫,兵庫県,Hyogo,Homemaker
2010176,村上達也,29,79,パート・アルバイト,奈良県,Nara,Part-time worker
2010177,柴田克彦,2,44,デザイナー,青森県,Aomori,Designer
2010178,丸山亜希子,13,39,薬剤師,東京都,Tokyo,Pharmacist
2010179,田村久美子,27,54,研究職,大阪府,Osaka,Researcher
2010180,平野隆志,23,46,コンサルタント,愛知県,Aichi,Consultant
2010181,本田悠人,43,25,学生,熊本県,Kumamoto,Student
2010182,柴田陽介,13,35,その他,東京都,Tokyo,Other
2010183,工藤克彦,35,21,建築士,山口県,Yamaguchi,Architect
2010184,松井京子,31,57,学生,鳥取県,Tottori,Student
2010185,石田彩,14,30,研究職,神奈川県,Kanagawa,Researcher
2010186,今井典子,25,52,年金受給者,滋賀県,Shiga,Pensioner
2010187,阿部拓也,23,21,美容師,愛知県,Aichi,Hairdresser
2010188,山崎克彦,44,44,農業,大分県,Oita,Farmer
2010189,松岡健太,14,58,弁護士,神奈川県,Kanagawa,Lawyer
2010190,東心春,5,38,研究職,秋田県,Akita,Researcher
2010191,福田優,29,32,経理・財務,奈良県,Nara,Accounting and finance
2010192,菅原玲子,29,26,販売員,奈良県,Nara,Retail staff
2010193,竹内真央,28,53,保育士,兵庫県,Hyogo,Childcare worker
2010194,山下美咲,15,59,コンサルタント,新潟県,Niigata,Consultant
2010195,井上亜希子,45,42,コンサルタント,宮崎県,Miyazaki,Consultant
2010196,藤井義明,12,50,弁護士,千葉県,Chiba,Lawyer
2010197,平野真央,7,25,デザイナー,福島県,Fukushima,Designer
2010198,古川節子,12,45,年金受給者,千葉県,Chiba,Pensioner
2010199,山本優,11,43,看護師,埼玉県,Saitama,Nurse
2010200,山本直樹,5,61,販売員,秋田県,Akita,Retail staff
2010201,斉藤拓也,35,53,美容師,山口県,Yamaguchi,Hairdresser
2010202,長谷川優,27,73,研究職,大阪府,Osaka,Researcher
2010203,宮本翔太,24,60,研究職,三重県,Mie,Researcher
2010204,市川芽衣,12,50,会計士,千葉県,Chiba,Accountant
2010205,前田祐樹,12,39,コンサルタント,千葉県,Chiba,Consultant
2010206,山田克彦,19,58,弁護士,山梨県,Yamanashi,Lawyer
2010207,三浦瑞穂,34,64,漁業,広島県,Hiroshima,Fisher
2010208,中山真一,42,44,農業,長崎県,Nagasaki,Farmer
2010209,酒井義明,11,49,飲食業,埼玉県,Saitama,Food service
2010210,大西大地,14,28,弁護士,神奈川県,Kanagawa,Lawyer
2010211,丸山隆志,40,61,弁護士,福岡県,Fukuoka,Lawyer
2010212,宮崎澪,11,52,教員,埼玉県,Saitama,Teacher
2010213,橋本澪,11,57,教員,埼玉県,Saitama,Teacher
2010214,杉山瑞穂,14,31,販売員,神奈川県,Kanagawa,Retail staff
2010215,木下志保,11,52,販売員,埼玉県,Saitama,Retail staff
2010216,野村智也,14,48,エンジニア,神奈川県,Kanagawa,Engineer
2010217,藤井玲子,13,52,教員,東京都,Tokyo,Teacher
2010218,島田智也,13,31,運転手,東京都,Tokyo,Driver
2010219,増田陽介,14,25,農業,神奈川県,Kanagawa,Farmer
2010220,横山奈々,11,34,主婦・主夫,埼玉県,Saitama,Homemaker
2010221,新井慎太郎,1,49,パート・アルバイト,北海道,Hokkaido,Part-time worker
2010222,佐藤健太,40,39,年金受給者,福岡県,Fukuoka,Pensioner
2010223,山下誠,13,48,研究職,東京都,Tokyo,Researcher
2010224,遠藤陽介,24,33,保育士,三重県,Mie,Childcare worker
2010225,佐々木七海,28,63,農業,兵庫県,Hyogo,Farmer
2010226,高木節子,23,48,看護師,愛知県,Aichi,Nurse
2010227,木下亜希子,13,35,コンサルタント,東京都,Tokyo,Consultant
2010228,石田拓也,28,46,美容師,兵庫県,Hyogo,Hairdresser
2010229,水野拓也,28,26,教員,兵庫県,Hyogo,Teacher
2010230,本田智子,13,66,飲食業,東京都,Tokyo,Food service
2010231,小林哲也,34,44,研究職,広島県,Hiroshima,Researcher
2010232,前田優,13,46,運転手,東京都,Tokyo,Driver
2010233,山本真央,40,44,経理・財務,福岡県,Fukuoka,Accounting and finance
2010234,杉本光子,14,56,漁業,神奈川県,Kanagawa,Fisher
2010235,菊地和也,27,21,教員,大阪府,Osaka,Teacher
2010236,佐々木楓,34,73,研究職,広島県,Hiroshima,Researcher
2010237,関文子,40,59,会計士,福岡県,Fukuoka,Accountant
2010238,佐野七海,24,25,自営業,三重県,Mie,Self-employed
2010239,小野玲子,22,67,運転手,静岡県,Shizuoka,Driver
2010240,安田芽衣,11,77,コンサルタント,埼玉県,Saitama,Consultant
2010241,西村文子,1,59,自営業,北海道,Hokkaido,Self-employed
2010242,原芽衣,16,23,デザイナー,富山県,Toyama,Designer
2010243,中山悠人,23,32,自営業,愛知県,Aichi,Self-employed
2010244,水野隆志,20,22,年金受給者,長野県,Nagano,Pensioner
2010245,長谷川香織,23,29,農業,愛知県,Aichi,Farmer
2010246,安藤和子,12,43,看護師,千葉県,Chiba,Nurse
2010247,高木克彦,13,35,デザイナー,東京都,Tokyo,Designer
2010248,上野康平,12,56,コンサルタント,千葉県,Chiba,Consultant
2010249,小川久美子,14,36,コンサルタント,神奈川県,Kanagawa,Consultant
2010250,大野莉子,13,30,販売員,東京都,Tokyo,Retail staff
2010251,藤田真央,14,44,研究職,神奈川県,Kanagawa,Researcher
2010252,内田葵,40,77,自営業,福岡県,Fukuoka,Self-employed
2010253,中川孝之,13,69,コンサルタント,東京都,Tokyo,Consultant
2010254,杉山将也,27,56,薬剤師,大阪府,Osaka,Pharmacist
2010255,岡本達也,13,38,販売員,東京都,Tokyo,Retail staff
2010256,本田光子,41,46,医師,佐賀県,Saga,Physician
2010257,青木洋子,45,43,漁業,宮崎県,Miyazaki,Fisher
2010258,原香織,1,24,美容師,北海道,Hokkaido,Hairdresser
2010259,島田莉子,8,57,エンジニア,茨城県,Ibaraki,Engineer
2010260,斉藤凛,11,20,薬剤師,埼玉県,Saitama,Pharmacist
2010261,橋本彩,40,42,営業職,福岡県,Fukuoka,Sales
2010262,小松志保,24,57,主婦・主夫,三重県,Mie,Homemaker
2010263,佐々木陽介,7,30,営業職,福島県,Fukushima,Sales
2010264,篠原雄大,12,37,会社員,千葉県,Chiba,Company employee
2010265,増田和也,12,56,エンジニア,千葉県,Chiba,Engineer
2010266,宮本心春,30,78,農業,和歌山県,Wakayama,Farmer
2010267,太田涼太,7,42,デザイナー,福島県,Fukushima,Designer
2010268,西村隆志,44,35,パート・アルバイト,大分県,Oita,Part-time worker
2010269,田口真央,26,45,漁業,京都府,Kyoto,Fisher
2010270,青木朱莉,28,35,販売員,兵庫県,Hyogo,Retail staff
2010271,野村光,35,74,弁護士,山口県,Yamaguchi,Lawyer
2010272,藤原啓介,23,40,エンジニア,愛知県,Aichi,Engineer
2010273,今井春香,38,42,農業,愛媛県,Ehime,Farmer
2010274,小川博之,22,30,会計士,静岡県,Shizuoka,Accountant
2010275,村田祐樹,37,30,美容師,香川県,Kagawa,Hairdresser
2010276,白石健太,3,69,保育士,岩手県,Iwate,Childcare worker
2010277,白石孝之,14,22,漁業,神奈川県,Kanagawa,Fisher
2010278,遠藤康平,23,78,建築士,愛知県,Aichi,Architect
2010279,木村正樹,13,54,営業職,東京都,Tokyo,Sales
2010280,近藤久美子,46,21,年金受給者,鹿児島県,Kagoshima,Pensioner
2010281,石井義明,1,55,弁護士,北海道,Hokkaido,Lawyer
2010282,杉山隆志,13,45,保育士,東京都,Tokyo,Childcare worker
2010283,関楓,13,61,保育士,東京都,Tokyo,Childcare worker
2010284,杉本桜,23,43,漁業,愛知県,Aichi,Fisher
2010285,松本文子,11,52,保育士,埼玉県,Saitama,Childcare worker
2010286,浜田裕子,14,65,主婦・主夫,神奈川県,Kanagawa,Homemaker
2010287,原田幸子,25,68,教員,滋賀県,Shiga,Teacher
2010288,市川朱莉,19,20,農業,山梨県,Yamanashi,Farmer
2010289,原凛,13,36,主婦・主夫,東京都,Tokyo,Homemaker
2010290,佐野澪,27,40,会計士,大阪府,Osaka,Accountant
2010291,宮崎莉子,13,40,その他,東京都,Tokyo,Other
2010292,河野哲也,12,26,運転手,千葉県,Chiba,Driver
2010293,市川悠人,26,79,主婦・主夫,京都府,Kyoto,Homemaker
2010294,上野芽衣,37,24,建築士,香川県,Kagawa,Architect
2010295,田中典子,10,43,医師,群馬県,Gunma,Physician
2010296,飯田将也,13,22,その他,東京都,Tokyo,Other
2010297,林涼太,14,58,農業,神奈川県,Kanagawa,Farmer
2010298,滝沢恵,27,36,運転手,大阪府,Osaka,Driver
2010299,遠藤由美,27,52,会計士,大阪府,Osaka,Accountant
2010300,内田義明,38,74,パート・アルバイト,愛媛県,Ehime,Part-time worker
2010301,浜田一郎,23,44,医師,愛知県,Aichi,Physician
2010302,松本光子,45,68,農業,宮崎県,Miyazaki,Farmer
2010303,杉山京子,28,66,公務員,兵庫県,Hyogo,Public servant
2010304,鈴木啓介,15,68,自営業,新潟県,Niigata,Self-employed
2010305,平野葵,14,59,自営業,神奈川県,Kanagawa,Self-employed
2010306,浜田祐樹,5,55,販売員,秋田県,Akita,Retail staff
2010307,中村凛,12,30,会計士,千葉県,Chiba,Accountant
2010308,星野愛,1,55,会社員,北海道,Hokkaido,Company employee
2010309,宮崎桜,27,20,建築士,大阪府,Osaka,Architect
2010310,藤田玲子,12,50,会計士,千葉県,Chiba,Accountant
2010311,大西真央,12,35,飲食業,千葉県,Chiba,Food service
2010312,藤井涼太,37,45,学生,香川県,Kagawa,Student
2010313,林駿,23,56,販売員,愛知県,Aichi,Retail staff
2010314,高橋直樹,3,32,農業,岩手県,Iwate,Farmer
2010315,原田涼太,13,66,弁護士,東京都,Tokyo,Lawyer
2010316,今井彩,1,56,農業,北海道,Hokkaido,Farmer
2010317,佐野節子,13,38,薬剤師,東京都,Tokyo,Pharmacist
2010318,上田澪,33,21,弁護士,岡山県,Okayama,Lawyer
2010319,佐々木蓮,11,40,飲食業,埼玉県,Saitama,Food service
2010320,山口朱莉,25,31,医師,滋賀県,Shiga,Physician
2010321,高田亮,23,37,年金受給者,愛知県,Aichi,Pensioner
2010322,河野大地,13,58,営業職,東京都,Tokyo,Sales
2010323,藤田美穂,21,42,その他,岐阜県,Gifu,Other
2010324,小野裕子,13,30,建築士,東京都,Tokyo,Architect
2010325,宮本洋子,28,60,飲食業,兵庫県,Hyogo,Food service
2010326,佐々木大地,40,74,漁業,福岡県,Fukuoka,Fisher
2010327,中村義明,14,53,会社員,神奈川県,Kanagawa,Company employee
2010328,伊藤裕子,6,42,エンジニア,山形県,Yamagata,Engineer
2010329,河野拓也,23,55,保育士,愛知県,Aichi,Childcare worker
2010330,木下光,27,45,薬剤師,大阪府,Osaka,Pharmacist
2010331,中野克彦,27,46,エンジニア,大阪府,Osaka,Engineer
2010332,渡辺香織,1,53,その他,北海道,Hokkaido,Other
2010333,平野莉子,3,61,コンサルタント,岩手県,Iwate,Consultant
2010334,山口健太,33,45,会社員,岡山県,Okayama,Company employee
2010335,飯田志保,14,21,教員,神奈川県,Kanagawa,Teacher
2010336,内田拓也,12,52,飲食業,千葉県,Chiba,Food service
2010337,小林洋平,3,67,学生,岩手県,Iwate,Student
2010338,河野桜,27,48,保育士,大阪府,Osaka,Childcare worker
2010339,清水澪,23,49,販売員,愛知県,Aichi,Retail staff
2010340,鈴木博之,11,59,教員,埼玉県,Saitama,Teacher
2010341,加藤志保,40,31,販売員,福岡県,Fukuoka,Retail staff
2010342,近藤哲也,19,27,保育士,山梨県,Yamanashi,Childcare worker
2010343,田口幸子,12,54,その他,千葉県,Chiba,Other
2010344,内田典子,27,35,看護師,大阪府,Osaka,Nurse
2010345,増田浩二,31,25,エンジニア,鳥取県,Tottori,Engineer
2010346,藤田亜希子,42,36,農業,長崎県,Nagasaki,Farmer
2010347,吉田涼太,14,23,保育士,神奈川県,Kanagawa,Childcare worker
2010348,柴田祐樹,21,31,経理・財務,岐阜県,Gifu,Accounting and finance
2010349,太田香織,11,47,建築士,埼玉県,Saitama,Architect
2010350,古川光子,17,33,運転手,石川県,Ishikawa,Driver
2010351,吉田雄大,1,59,会計士,北海道,Hokkaido,Accountant
2010352,木下英樹,36,47,農業,徳島県,Tokushima,Farmer
2010353,中野奈々,24,46,公務員,三重県,Mie,Public servant
2010354,関和子,12,46,公務員,千葉県,Chiba,Public servant
2010355,大塚彩,23,52,デザイナー,愛知県,Aichi,Designer
2010356,井上千尋,27,59,教員,大阪府,Osaka,Teacher
2010357,林楓,12,56,医師,千葉県,Chiba,Physician
2010358,福田沙織,14,20,エンジニア,神奈川県,Kanagawa,Engineer
2010359,中村京子,13,50,美容師,東京都,Tokyo,Hairdresser
2010360,原凛,14,43,営業職,神奈川県,Kanagawa,Sales
2010361,佐野陸,27,35,デザイナー,大阪府,Osaka,Designer
2010362,金子正樹,34,56,経理・財務,広島県,Hiroshima,Accounting and finance
2010363,大西浩二,11,52,パート・アルバイト,埼玉県,Saitama,Part-time worker
2010364,宮崎将也,13,77,建築士,東京都,Tokyo,Architect
2010365,横山桜,26,37,保育士,京都府,Kyoto,Childcare worker
2010366,木村久美子,22,34,医師,静岡県,Shizuoka,Physician
2010367,三浦沙織,13,25,運転手,東京都,Tokyo,Driver
2010368,太田光子,27,45,薬剤師,大阪府,Osaka,Pharmacist
2010369,河野達也,27,40,美容師,大阪府,Osaka,Hairdresser
2010370,宮本彩,36,57,営業職,徳島県,Tokushima,Sales
2010371,菊地幸子,41,22,自営業,佐賀県,Saga,Self-employed
2010372,藤井駿,12,28,飲食業,千葉県,Chiba,Food service
2010373,岩崎澪,21,44,公務員,岐阜県,Gifu,Public servant
2010374,前田和也,17,60,農業,石川県,Ishikawa,Farmer
2010375,岡本亮,33,20,主婦・主夫,岡山県,Okayama,Homemaker
2010376,斉藤誠,11,47,看護師,埼玉県,Saitama,Nurse
2010377,安田京子,40,39,美容師,福岡県,Fukuoka,Hairdresser
2010378,西村奈々,13,36,弁護士,東京都,Tokyo,Lawyer
2010379,佐藤由美,23,31,年金受給者,愛知県,Aichi,Pensioner
2010380,飯田真央,27,52,建築士,大阪府,Osaka,Architect
2010381,橋本将也,1,41,研究職,北海道,Hokkaido,Researcher
2010382,渡辺楓,14,41,美容師,神奈川県,Kanagawa,Hairdresser
2010383,菅原陸,12,36,販売員,千葉県,Chiba,Retail staff
2010384,篠原陸,11,65,公務員,埼玉県,Saitama,Public servant
2010385,滝沢祐樹,8,33,会計士,茨城県,Ibaraki,Accountant
2010386,野口浩二,13,79,主婦・主夫,東京都,Tokyo,Homemaker
2010387,佐野美咲,11,69,運転手,埼玉県,Saitama,Driver
2010388,宮本美穂,40,59,その他,福岡県,Fukuoka,Other
2010389,村上光子,12,52,自営業,千葉県,Chiba,Self-employed
2010390,山口将也,13,49,年金受給者,東京都,Tokyo,Pensioner
2010391,田村浩二,19,52,教員,山梨県,Yamanashi,Teacher
2010392,村上志保,41,72,会計士,佐賀県,Saga,Accountant
2010393,中島直樹,14,22,パート・アルバイト,神奈川県,Kanagawa,Part-time worker
2010394,高橋陽子,40,38,エンジニア,福岡県,Fukuoka,Engineer
2010395,岡田恵,13,37,営業職,東京都,Tokyo,Sales
2010396,小島恵,15,53,飲食業,新潟県,Niigata,Food service
2010397,飯田陸,12,22,運転手,千葉県,Chiba,Driver
2010398,水野正樹,31,43,弁護士,鳥取県,Tottori,Lawyer
2010399,小島航,23,50,会社員,愛知県,Aichi,Company employee
2010400,田中凛,40,59,美容師,福岡県,Fukuoka,Hairdresser
2010401,内田克彦,1,59,美容師,北海道,Hokkaido,Hairdresser
2010402,清水久美子,4,61,飲食業,宮城県,Miyagi,Food service
2010403,田口将也,29,48,その他,奈良県,Nara,Other
2010404,谷口凛,9,44,エンジニア,栃木県,Tochigi,Engineer
2010405,小島健太,45,38,販売員,宮崎県,Miyazaki,Retail staff
2010406,市川心春,10,37,医師,群馬県,Gunma,Physician
2010407,藤井裕子,16,59,飲食業,富山県,Toyama,Food service
2010408,加藤亮,22,32,看護師,静岡県,Shizuoka,Nurse
2010409,近藤真央,35,70,薬剤師,山口県,Yamaguchi,Pharmacist
2010410,野村智也,14,34,飲食業,神奈川県,Kanagawa,Food service
2010411,橋本亮,40,65,デザイナー,福岡県,Fukuoka,Designer
2010412,安藤康平,23,35,農業,愛知県,Aichi,Farmer
2010413,内田玲子,14,49,コンサルタント,神奈川県,Kanagawa,Consultant
2010414,古川葵,6,24,会社員,山形県,Yamagata,Company employee
2010415,森田一郎,41,71,研究職,佐賀県,Saga,Researcher
2010416,鈴木和也,14,32,運転手,神奈川県,Kanagawa,Driver
2010417,小林涼太,20,57,デザイナー,長野県,Nagano,Designer
2010418,高田陸,40,54,研究職,福岡県,Fukuoka,Researcher
2010419,菊地結衣,7,31,漁業,福島県,Fukushima,Fisher
2010420,滝沢奈々,40,26,美容師,福岡県,Fukuoka,Hairdresser
2010421,大野裕子,27,38,主婦・主夫,大阪府,Osaka,Homemaker
2010422,鈴木航,11,52,弁護士,埼玉県,Saitama,Lawyer
2010423,大野結衣,40,42,農業,福岡県,Fukuoka,Farmer
2010424,松井節子,30,57,運転手,和歌山県,Wakayama,Driver
2010425,斉藤雄大,14,40,デザイナー,神奈川県,Kanagawa,Designer
2010426,中野誠,35,53,営業職,山口県,Yamaguchi,Sales
2010427,久保朱莉,27,73,エンジニア,大阪府,Osaka,Engineer
2010428,古川亮,42,37,公務員,長崎県,Nagasaki,Public servant
2010429,菅原真一,17,53,販売員,石川県,Ishikawa,Retail staff
2010430,西村和也,28,46,会社員,兵庫県,Hyogo,Company employee
2010431,中村美咲,11,54,教員,埼玉県,Saitama,Teacher
2010432,渡部和子,14,40,建築士,神奈川県,Kanagawa,Architect
2010433,松岡義明,40,41,美容師,福岡県,Fukuoka,Hairdresser
2010434,山口真一,47,45,漁業,沖縄県,Okinawa,Fisher
2010435,桜井慎太郎,23,50,運転手,愛知県,Aichi,Driver
2010436,木村航,28,22,主婦・主夫,兵庫県,Hyogo,Homemaker
2010437,柴田千尋,28,30,エンジニア,兵庫県,Hyogo,Engineer
2010438,白石博之,12,36,公務員,千葉県,Chiba,Public servant
2010439,松井京子,45,40,その他,宮崎県,Miyazaki,Other
2010440,山本玲子,40,37,弁護士,福岡県,Fukuoka,Lawyer
2010441,竹内芽衣,14,39,経理・財務,神奈川県,Kanagawa,Accounting and finance
2010442,松尾久美子,13,53,パート・アルバイト,東京都,Tokyo,Part-time worker
2010443,野口瑞穂,43,45,弁護士,熊本県,Kumamoto,Lawyer
2010444,岡田彩,14,47,美容師,神奈川県,Kanagawa,Hairdresser
2010445,太田春香,12,39,飲食業,千葉県,Chiba,Food service
2010446,松田亮,15,58,教員,新潟県,Niigata,Teacher
2010447,大塚一郎,2,43,医師,青森県,Aomori,Physician
2010448,上田奈々,13,38,保育士,東京都,Tokyo,Childcare worker
2010449,藤田朱莉,11,59,エンジニア,埼玉県,Saitama,Engineer
2010450,白石美咲,23,54,年金受給者,愛知県,Aichi,Pensioner
2010451,大塚智也,41,41,営業職,佐賀県,Saga,Sales
2010452,上野孝之,1,20,薬剤師,北海道,Hokkaido,Pharmacist
2010453,松田大地,23,41,薬剤師,愛知県,Aichi,Pharmacist
2010454,小島沙織,42,62,会計士,長崎県,Nagasaki,Accountant
2010455,清水航,13,38,弁護士,東京都,Tokyo,Lawyer
2010456,小松智也,19,36,自営業,山梨県,Yamanashi,Self-employed
2010457,杉山七海,45,28,公務員,宮崎県,Miyazaki,Public servant
2010458,渡辺達也,14,33,学生,神奈川県,Kanagawa,Student
2010459,菅原京子,12,51,販売員,千葉県,Chiba,Retail staff
2010460,杉本和子,28,56,デザイナー,兵庫県,Hyogo,Designer
2010461,中村光,27,57,運転手,大阪府,Osaka,Driver
2010462,原駿,14,54,美容師,神奈川県,Kanagawa,Hairdresser
2010463,酒井桜,13,37,弁護士,東京都,Tokyo,Lawyer
2010464,中川大輝,23,33,経理・財務,愛知県,Aichi,Accounting and finance
2010465,阿部大地,14,40,エンジニア,神奈川県,Kanagawa,Engineer
2010466,山下啓介,23,39,パート・アルバイト,愛知県,Aichi,Part-time worker
2010467,滝沢悠人,42,30,運転手,長崎県,Nagasaki,Driver
2010468,藤本美穂,13,52,運転手,東京都,Tokyo,Driver
2010469,松本健太,30,65,薬剤師,和歌山県,Wakayama,Pharmacist
2010470,野口由美,14,40,医師,神奈川県,Kanagawa,Physician
2010471,藤原澪,38,50,年金受給者,愛媛県,Ehime,Pensioner
2010472,山崎啓介,16,27,学生,富山県,Toyama,Student
2010473,宮崎美咲,13,78,美容師,東京都,Tokyo,Hairdresser
2010474,高木涼太,1,48,漁業,北海道,Hokkaido,Fisher
2010475,田中大輝,23,50,美容師,愛知県,Aichi,Hairdresser
2010476,柴田孝之,12,21,経理・財務,千葉県,Chiba,Accounting and finance
2010477,増田奈々,25,37,その他,滋賀県,Shiga,Other
2010478,菊地啓介,38,29,コンサルタント,愛媛県,Ehime,Consultant
2010479,田村光子,14,66,運転手,神奈川県,Kanagawa,Driver
2010480,横山文子,10,31,会計士,群馬県,Gunma,Accountant
2010481,橋本涼太,1,65,会計士,北海道,Hokkaido,Accountant
2010482,平野亮,14,36,漁業,神奈川県,Kanagawa,Fisher
2010483,林陽介,27,69,会社員,大阪府,Osaka,Company employee
2010484,上野真央,28,38,農業,兵庫県,Hyogo,Farmer
2010485,金子瑞穂,14,45,パート・アルバイト,神奈川県,Kanagawa,Part-time worker
2010486,安田悠斗,27,68,販売員,大阪府,Osaka,Retail staff
2010487,木下博之,12,57,学生,千葉県,Chiba,Student
2010488,木村克彦,40,49,会社員,福岡県,Fukuoka,Company employee
2010489,三浦克彦,27,58,営業職,大阪府,Osaka,Sales
2010490,藤原文子,33,57,経理・財務,岡山県,Okayama,Accounting and finance
2010491,松井心春,5,41,農業,秋田県,Akita,Farmer
2010492,増田義明,25,79,飲食業,滋賀県,Shiga,Food service
2010493,山下桜,29,21,経理・財務,奈良県,Nara,Accounting and finance
2010494,石井芽衣,3,36,医師,岩手県,Iwate,Physician
2010495,飯田大地,23,75,会社員,愛知県,Aichi,Company employee
2010496,青木亜希子,15,57,建築士,新潟県,Niigata,Architect
2010497,大西久美子,1,40,弁護士,北海道,Hokkaido,Lawyer
2010498,宮崎光子,11,50,看護師,埼玉県,Saitama,Nurse
2010499,佐々木葵,11,64,主婦・主夫,埼玉県,Saitama,Homemaker
2010500,小林幸子,47,55,建築士,沖縄県,Okinawa,Architect
2010501,池田哲也,27,57,漁業,大阪府,Osaka,Fisher
2010502,高木秀樹,13,44,営業職,東京都,Tokyo,Sales
2010503,竹内桜,23,62,研究職,愛知県,Aichi,Researcher
2010504,藤井愛,22,29,会計士,静岡県,Shizuoka,Accountant
2010505,井上克彦,14,38,学生,神奈川県,Kanagawa,Student
2010506,横田航,1,33,漁業,北海道,Hokkaido,Fisher
2010507,坂本慎太郎,13,28,自営業,東京都,Tokyo,Self-employed
2010508,藤原駿,23,42,弁護士,愛知県,Aichi,Lawyer
2010509,中山奈々,25,26,農業,滋賀県,Shiga,Farmer
2010510,水野文子,26,67,研究職,京都府,Kyoto,Researcher
2010511,小野誠,23,65,その他,愛知県,Aichi,Other
2010512,村田恵,43,45,営業職,熊本県,Kumamoto,Sales
2010513,新井文子,13,56,教員,東京都,Tokyo,Teacher
2010514,中野亜希子,7,55,自営業,福島県,Fukushima,Self-employed
2010515,増田亜希子,14,43,その他,神奈川県,Kanagawa,Other
2010516,森葵,31,67,経理・財務,鳥取県,Tottori,Accounting and finance
2010517,丸山直樹,13,68,販売員,東京都,Tokyo,Retail staff
2010518,福田駿,34,35,漁業,広島県,Hiroshima,Fisher
2010519,鈴木真央,32,54,教員,島根県,Shimane,Teacher
2010520,橋本悠人,12,70,医師,千葉県,Chiba,Physician
2010521,和田航,13,59,学生,東京都,Tokyo,Student
2010522,岡本達也,19,40,薬剤師,山梨県,Yamanashi,Pharmacist
2010523,村田優,12,43,漁業,千葉県,Chiba,Fisher
2010524,橋本凛,21,32,飲食業,岐阜県,Gifu,Food service
2010525,中山桜,12,59,美容師,千葉県,Chiba,Hairdresser
2010526,斉藤将也,4,24,建築士,宮城県,Miyagi,Architect
2010527,山田啓介,13,47,コンサルタント,東京都,Tokyo,Consultant
2010528,岡田隆志,14,45,医師,神奈川県,Kanagawa,Physician
2010529,小松光子,36,58,学生,徳島県,Tokushima,Student
2010530,平野優,28,44,自営業,兵庫県,Hyogo,Self-employed
2010531,木村蓮,13,38,弁護士,東京都,Tokyo,Lawyer
2010532,宮本愛,22,25,弁護士,静岡県,Shizuoka,Lawyer
2010533,谷口啓介,13,29,営業職,東京都,Tokyo,Sales
2010534,伊藤義明,40,32,保育士,福岡県,Fukuoka,Childcare worker
2010535,高田桜,24,61,学生,三重県,Mie,Student
2010536,谷口瑞穂,2,50,主婦・主夫,青森県,Aomori,Homemaker
2010537,東久美子,23,54,パート・アルバイト,愛知県,Aichi,Part-time worker
2010538,田中洋子,13,32,飲食業,東京都,Tokyo,Food service
2010539,菅原芽衣,44,64,コンサルタント,大分県,Oita,Consultant
2010540,上田澪,11,68,漁業,埼玉県,Saitama,Fisher
2010541,加藤和子,24,38,コンサルタント,三重県,Mie,Consultant
2010542,藤原真一,13,63,漁業,東京都,Tokyo,Fisher
2010543,島田玲子,13,27,公務員,東京都,Tokyo,Public servant
2010544,東博之,47,42,運転手,沖縄県,Okinawa,Driver
2010545,藤井優,44,28,経理・財務,大分県,Oita,Accounting and finance
2010546,野口大輝,28,30,公務員,兵庫県,Hyogo,Public servant
2010547,島田啓介,27,59,飲食業,大阪府,Osaka,Food service
2010548,松尾健太,10,47,薬剤師,群馬県,Gunma,Pharmacist
2010549,上田千尋,11,58,営業職,埼玉県,Saitama,Sales
2010550,坂本孝之,38,25,農業,愛媛県,Ehime,Farmer
2010551,松井玲子,13,32,美容師,東京都,Tokyo,Hairdresser
2010552,石井将也,33,33,漁業,岡山県,Okayama,Fisher
2010553,小松優,13,67,会社員,東京都,Tokyo,Company employee
2010554,古川楓,23,29,弁護士,愛知県,Aichi,Lawyer
2010555,大西洋平,47,54,自営業,沖縄県,Okinawa,Self-employed
2010556,西村陽子,13,68,医師,東京都,Tokyo,Physician
2010557,山下誠,25,57,運転手,滋賀県,Shiga,Driver
2010558,佐藤光子,1,43,年金受給者,北海道,Hokkaido,Pensioner
2010559,近藤楓,6,32,販売員,山形県,Yamagata,Retail staff
2010560,後藤文子,13,67,その他,東京都,Tokyo,Other
2010561,藤田亜希子,3,63,主婦・主夫,岩手県,Iwate,Homemaker
2010562,佐藤光,31,32,営業職,鳥取県,Tottori,Sales
2010563,東大輝,45,45,会計士,宮崎県,Miyazaki,Accountant
2010564,杉本真一,10,52,保育士,群馬県,Gunma,Childcare worker
2010565,金子千尋,27,21,年金受給者,大阪府,Osaka,Pensioner
2010566,田中愛,26,37,学生,京都府,Kyoto,Student
2010567,飯田洋平,27,48,弁護士,大阪府,Osaka,Lawyer
2010568,山崎文子,40,42,農業,福岡県,Fukuoka,Farmer
2010569,中野隆志,30,37,弁護士,和歌山県,Wakayama,Lawyer
2010570,今井一郎,11,31,コンサルタント,埼玉県,Saitama,Consultant
2010571,長谷川恵,28,41,飲食業,兵庫県,Hyogo,Food service
2010572,金子結衣,23,20,弁護士,愛知県,Aichi,Lawyer
2010573,青木和也,16,42,主婦・主夫,富山県,Toyama,Homemaker
2010574,安藤大地,20,20,会社員,長野県,Nagano,Company employee
2010575,藤原恵,13,23,漁業,東京都,Tokyo,Fisher
2010576,井上志保,27,25,その他,大阪府,Osaka,Other
2010577,増田芽衣,20,33,看護師,長野県,Nagano,Nurse
2010578,星野祐樹,13,36,医師,東京都,Tokyo,Physician
2010579,今井健太,12,37,営業職,千葉県,Chiba,Sales
2010580,桜井典子,2,35,営業職,青森県,Aomori,Sales
2010581,柴田香織,14,40,看護師,神奈川県,Kanagawa,Nurse
2010582,佐々木洋子,22,34,エンジニア,静岡県,Shizuoka,Engineer
2010583,岡田澪,11,37,営業職,埼玉県,Saitama,Sales
2010584,阿部哲也,44,47,研究職,大分県,Oita,Researcher
2010585,杉本真央,28,66,経理・財務,兵庫県,Hyogo,Accounting and finance
2010586,河野孝之,23,64,公務員,愛知県,Aichi,Public servant
2010587,松尾拓也,23,39,自営業,愛知県,Aichi,Self-employed
2010588,桜井大輝,46,56,自営業,鹿児島県,Kagoshima,Self-employed
2010589,安田裕子,14,73,エンジニア,神奈川県,Kanagawa,Engineer
2010590,杉山節子,28,57,保育士,兵庫県,Hyogo,Childcare worker
2010591,岡本芽衣,13,22,医師,東京都,Tokyo,Physician
2010592,吉田亮,11,30,営業職,埼玉県,Saitama,Sales
2010593,菊地光,40,21,薬剤師,福岡県,Fukuoka,Pharmacist
2010594,菅原典子,15,49,年金受給者,新潟県,Niigata,Pensioner
2010595,太田久美子,32,53,会社員,島根県,Shimane,Company employee
2010596,高橋英樹,46,54,建築士,鹿児島県,Kagoshima,Architect
2010597,鈴木蓮,43,38,会社員,熊本県,Kumamoto,Company employee
2010598,金子秀樹,8,40,販売員,茨城県,Ibaraki,Retail staff
2010599,前田陽子,8,47,保育士,茨城県,Ibaraki,Childcare worker
2010600,岩崎拓也,26,43,保育士,京都府,Kyoto,Childcare worker
2010601,菅原義明,27,44,会計士,大阪府,Osaka,Accountant
2010602,内田優,31,24,教員,鳥取県,Tottori,Teacher
2010603,三浦智子,22,79,看護師,静岡県,Shizuoka,Nurse
2010604,斉藤克彦,11,38,営業職,埼玉県,Saitama,Sales
2010605,松尾智子,27,61,会社員,大阪府,Osaka,Company employee
2010606,佐々木悠斗,16,60,パート・アルバイト,富山県,Toyama,Part-time worker
2010607,星野翔太,39,35,教員,高知県,Kochi,Teacher
2010608,中野奈々,13,44,会社員,東京都,Tokyo,Company employee
2010609,山口直美,38,63,主婦・主夫,愛媛県,Ehime,Homemaker
2010610,岩崎洋平,22,38,経理・財務,静岡県,Shizuoka,Accounting and finance
2010611,松井駿,14,56,デザイナー,神奈川県,Kanagawa,Designer
2010612,小島拓也,13,42,自営業,東京都,Tokyo,Self-employed
2010613,村田拓也,22,37,看護師,静岡県,Shizuoka,Nurse
2010614,渡辺将也,27,42,年金受給者,大阪府,Osaka,Pensioner
2010615,石川大地,11,24,研究職,埼玉県,Saitama,Researcher
2010616,中川幸子,43,46,飲食業,熊本県,Kumamoto,Food service
2010617,西村楓,17,21,公務員,石川県,Ishikawa,Public servant
2010618,阿部秀樹,29,36,経理・財務,奈良県,Nara,Accounting and finance
2010619,小島悠人,11,59,会社員,埼玉県,Saitama,Company employee
2010620,平野誠,9,41,営業職,栃木県,Tochigi,Sales
2010621,藤本駿,27,28,コンサルタント,大阪府,Osaka,Consultant
2010622,藤本大地,10,28,会社員,群馬県,Gunma,Company employee
2010623,浜田亜希子,31,29,農業,鳥取県,Tottori,Farmer
2010624,松岡彩,43,31,学生,熊本県,Kumamoto,Student
2010625,杉本幸子,12,40,公務員,千葉県,Chiba,Public servant
2010626,関正樹,13,34,看護師,東京都,Tokyo,Nurse
2010627,小林義明,28,47,薬剤師,兵庫県,Hyogo,Pharmacist
2010628,福田美咲,27,78,営業職,大阪府,Osaka,Sales
2010629,村上和也,13,52,研究職,東京都,Tokyo,Researcher
2010630,工藤久美子,30,35,経理・財務,和歌山県,Wakayama,Accounting and finance
2010631,橋本葵,20,75,デザイナー,長野県,Nagano,Designer
2010632,中野七海,28,44,その他,兵庫県,Hyogo,Other
2010633,市川美咲,40,58,その他,福岡県,Fukuoka,Other
2010634,前田亜希子,45,34,主婦・主夫,宮崎県,Miyazaki,Homemaker
2010635,山本義明,13,40,年金受給者,東京都,Tokyo,Pensioner
2010636,藤井澪,23,22,会社員,愛知県,Aichi,Company employee
2010637,高田光,29,51,薬剤師,奈良県,Nara,Pharmacist
2010638,中島隆志,44,55,パート・アルバイト,大分県,Oita,Part-time worker
2010639,木村翔太,14,49,運転手,神奈川県,Kanagawa,Driver
2010640,平野義明,27,54,会計士,大阪府,Osaka,Accountant
2010641,小松涼太,8,30,医師,茨城県,Ibaraki,Physician
2010642,丸山一郎,27,40,運転手,大阪府,Osaka,Driver
2010643,杉山蓮,11,64,漁業,埼玉県,Saitama,Fisher
2010644,前田彩,10,58,主婦・主夫,群馬県,Gunma,Homemaker
2010645,吉田和子,12,24,研究職,千葉県,Chiba,Researcher
2010646,西村隆志,42,59,年金受給者,長崎県,Nagasaki,Pensioner
2010647,浜田悠人,13,54,美容師,東京都,Tokyo,Hairdresser
2010648,遠藤芽衣,14,37,教員,神奈川県,Kanagawa,Teacher
2010649,杉山正樹,1,57,自営業,北海道,Hokkaido,Self-employed
2010650,吉田隆志,44,39,会社員,大分県,Oita,Company employee
2010651,小林由美,13,29,経理・財務,東京都,Tokyo,Accounting and finance
2010652,浜田悠斗,41,43,農業,佐賀県,Saga,Farmer
2010653,上野恵,38,26,教員,愛媛県,Ehime,Teacher
2010654,田口奈々,42,58,会計士,長崎県,Nagasaki,Accountant
2010655,横山浩二,40,25,エンジニア,福岡県,Fukuoka,Engineer
2010656,木下光子,28,20,飲食業,兵庫県,Hyogo,Food service
2010657,星野慎太郎,7,43,パート・アルバイト,福島県,Fukushima,Part-time worker
2010658,高橋沙織,6,65,薬剤師,山形県,Yamagata,Pharmacist
2010659,丸山芽衣,28,32,薬剤師,兵庫県,Hyogo,Pharmacist
2010660,松本朱莉,11,78,医師,埼玉県,Saitama,Physician
2010661,新井陽介,25,38,コンサルタント,滋賀県,Shiga,Consultant
2010662,村上沙織,30,54,公務員,和歌山県,Wakayama,Public servant
2010663,上野真一,13,41,その他,東京都,Tokyo,Other
2010664,中村雄大,27,34,エンジニア,大阪府,Osaka,Engineer
2010665,佐野亮,40,21,エンジニア,福岡県,Fukuoka,Engineer
2010666,松岡啓介,13,36,公務員,東京都,Tokyo,Public servant
2010667,加藤達也,14,59,医師,神奈川県,Kanagawa,Physician
2010668,菅原直美,12,30,デザイナー,千葉県,Chiba,Designer
2010669,山崎直美,29,58,公務員,奈良県,Nara,Public servant
2010670,中野健太,40,69,主婦・主夫,福岡県,Fukuoka,Homemaker
2010671,宮崎亮,42,49,年金受給者,長崎県,Nagasaki,Pensioner
2010672,加藤七海,40,37,薬剤師,福岡県,Fukuoka,Pharmacist
2010673,吉田慎太郎,13,63,パート・アルバイト,東京都,Tokyo,Part-time worker
2010674,滝沢光,11,44,薬剤師,埼玉県,Saitama,Pharmacist
2010675,坂本達也,14,44,年金受給者,神奈川県,Kanagawa,Pensioner
2010676,前田正樹,1,24,公務員,北海道,Hokkaido,Public servant
2010677,千葉千尋,28,49,会社員,兵庫県,Hyogo,Company employee
2010678,和田澪,27,36,年金受給者,大阪府,Osaka,Pensioner
2010679,橋本久美子,26,53,営業職,京都府,Kyoto,Sales
2010680,遠藤大地,14,60,公務員,神奈川県,Kanagawa,Public servant
2010681,河野誠,43,42,飲食業,熊本県,Kumamoto,Food service
2010682,内田澪,24,28,会計士,三重県,Mie,Accountant
2010683,小林智也,12,34,会計士,千葉県,Chiba,Accountant
2010684,松田康平,14,69,その他,神奈川県,Kanagawa,Other
2010685,山口千尋,11,59,教員,埼玉県,Saitama,Teacher
2010686,原田凛,42,36,弁護士,長崎県,Nagasaki,Lawyer
2010687,桜井美咲,12,28,自営業,千葉県,Chiba,Self-employed
2010688,阿部達也,43,43,学生,熊本県,Kumamoto,Student
2010689,和田拓也,28,37,パート・アルバイト,兵庫県,Hyogo,Part-time worker
2010690,山田朱莉,13,50,医師,東京都,Tokyo,Physician
2010691,原凛,33,43,飲食業,岡山県,Okayama,Food service
2010692,野村結衣,11,38,販売員,埼玉県,Saitama,Retail staff
2010693,吉田悠斗,40,67,保育士,福岡県,Fukuoka,Childcare worker
2010694,木村洋平,24,20,パート・アルバイト,三重県,Mie,Part-time worker
2010695,石田凛,27,33,漁業,大阪府,Osaka,Fisher
2010696,大野祐樹,12,40,薬剤師,千葉県,Chiba,Pharmacist
2010697,坂本光,16,59,看護師,富山県,Toyama,Nurse
2010698,太田航,40,52,年金受給者,福岡県,Fukuoka,Pensioner
2010699,渡辺洋子,26,66,弁護士,京都府,Kyoto,Lawyer
2010700,石井亜希子,13,34,エンジニア,東京都,Tokyo,Engineer
2010701,斎藤優,13,49,学生,東京都,Tokyo,Student
2010702,石井康平,22,50,研究職,静岡県,Shizuoka,Researcher
2010703,東節子,24,55,経理・財務,三重県,Mie,Accounting and finance
2010704,青木健太,27,34,公務員,大阪府,Osaka,Public servant
2010705,内田凛,7,52,研究職,福島県,Fukushima,Researcher
2010706,池田彩,12,37,会計士,千葉県,Chiba,Accountant
2010707,近藤智也,19,40,コンサルタント,山梨県,Yamanashi,Consultant
2010708,石井翔太,1,47,公務員,北海道,Hokkaido,Public servant
2010709,野口優,28,37,その他,兵庫県,Hyogo,Other
2010710,小川芽衣,13,56,会社員,東京都,Tokyo,Company employee
2010711,久保慎太郎,28,78,経理・財務,兵庫県,Hyogo,Accounting and finance
2010712,木村愛,40,34,会社員,福岡県,Fukuoka,Company employee
2010713,桜井一郎,12,39,建築士,千葉県,Chiba,Architect
2010714,森孝之,35,55,経理・財務,山口県,Yamaguchi,Accounting and finance
2010715,佐々木朱莉,44,31,自営業,大分県,Oita,Self-employed
2010716,島田真一,6,20,教員,山形県,Yamagata,Teacher
2010717,岡本典子,33,45,飲食業,岡山県,Okayama,Food service
2010718,井上結衣,29,30,パート・アルバイト,奈良県,Nara,Part-time worker
2010719,後藤克彦,27,32,販売員,大阪府,Osaka,Retail staff
2010720,近藤葵,13,46,自営業,東京都,Tokyo,Self-employed
2010721,岡本志保,10,76,エンジニア,群馬県,Gunma,Engineer
2010722,渡辺智也,11,36,その他,埼玉県,Saitama,Other
2010723,小川孝之,4,51,パート・アルバイト,宮城県,Miyagi,Part-time worker
2010724,藤井心春,3,43,その他,岩手県,Iwate,Other
2010725,安藤陸,45,77,会計士,宮崎県,Miyazaki,Accountant
2010726,山下美咲,31,24,漁業,鳥取県,Tottori,Fisher
2010727,安田英樹,1,47,デザイナー,北海道,Hokkaido,Designer
2010728,宮崎直美,3,40,営業職,岩手県,Iwate,Sales
2010729,後藤優,1,49,農業,北海道,Hokkaido,Farmer
2010730,野村典子,27,68,薬剤師,大阪府,Osaka,Pharmacist
2010731,上田将也,15,62,教員,新潟県,Niigata,Teacher
2010732,中島幸子,41,41,医師,佐賀県,Saga,Physician
2010733,石田陽子,14,59,教員,神奈川県,Kanagawa,Teacher
2010734,中野心春,13,73,保育士,東京都,Tokyo,Childcare worker
2010735,中島直樹,40,52,運転手,福岡県,Fukuoka,Driver
2010736,佐野健太,41,49,美容師,佐賀県,Saga,Hairdresser
2010737,竹内悠斗,44,55,その他,大分県,Oita,Other
2010738,島田英樹,13,49,販売員,東京都,Tokyo,Retail staff
2010739,田中志保,45,65,農業,宮崎県,Miyazaki,Farmer
2010740,竹内七海,7,69,漁業,福島県,Fukushima,Fisher
2010741,上野典子,13,56,弁護士,東京都,Tokyo,Lawyer
2010742,小川瑞穂,28,36,建築士,兵庫県,Hyogo,Architect
2010743,金子雄大,27,42,公務員,大阪府,Osaka,Public servant
2010744,斉藤祐樹,14,37,農業,神奈川県,Kanagawa,Farmer
2010745,山本典子,12,24,教員,千葉県,Chiba,Teacher
2010746,橋本将也,42,36,販売員,長崎県,Nagasaki,Retail staff
2010747,木下祐樹,27,68,エンジニア,大阪府,Osaka,Engineer
2010748,和田文子,43,46,弁護士,熊本県,Kumamoto,Lawyer
2010749,岡田秀樹,18,73,会計士,福井県,Fukui,Accountant
2010750,松尾克彦,13,40,漁業,東京都,Tokyo,Fisher
2010751,松本澪,1,45,年金受給者,北海道,Hokkaido,Pensioner
2010752,長谷川健太,40,25,薬剤師,福岡県,Fukuoka,Pharmacist
2010753,桜井秀樹,23,25,美容師,愛知県,Aichi,Hairdresser
2010754,工藤由美,13,36,会社員,東京都,Tokyo,Company employee
2010755,山崎優,14,44,運転手,神奈川県,Kanagawa,Driver
2010756,坂本結衣,13,21,パート・アルバイト,東京都,Tokyo,Part-time worker
2010757,森田康平,5,69,コンサルタント,秋田県,Akita,Consultant
2010758,山田翔太,28,20,パート・アルバイト,兵庫県,Hyogo,Part-time worker
2010759,高木和也,12,32,年金受給者,千葉県,Chiba,Pensioner
2010760,伊藤愛,11,24,医師,埼玉県,Saitama,Physician
2010761,原将也,6,46,会計士,山形県,Yamagata,Accountant
2010762,加藤直樹,13,43,農業,東京都,Tokyo,Farmer
2010763,星野雄大,18,52,公務員,福井県,Fukui,Public servant
2010764,後藤春香,13,56,運転手,東京都,Tokyo,Driver
2010765,安藤芽衣,12,26,年金受給者,千葉県,Chiba,Pensioner
2010766,竹内香織,11,37,飲食業,埼玉県,Saitama,Food service
2010767,清水達也,28,56,コンサルタント,兵庫県,Hyogo,Consultant
2010768,小川大地,43,27,運転手,熊本県,Kumamoto,Driver
2010769,福田光,12,34,看護師,千葉県,Chiba,Nurse
2010770,和田幸子,27,42,経理・財務,大阪府,Osaka,Accounting and finance
2010771,島田秀樹,28,61,薬剤師,兵庫県,Hyogo,Pharmacist
2010772,中山直美,9,66,学生,栃木県,Tochigi,Student
2010773,阿部彩,27,64,飲食業,大阪府,Osaka,Food service
2010774,上田京子,46,38,研究職,鹿児島県,Kagoshima,Researcher
2010775,石川一郎,13,56,パート・アルバイト,東京都,Tokyo,Part-time worker
2010776,小島亜希子,22,59,主婦・主夫,静岡県,Shizuoka,Homemaker
2010777,松岡朱莉,41,37,営業職,佐賀県,Saga,Sales
2010778,河野祐樹,28,48,販売員,兵庫県,Hyogo,Retail staff
2010779,工藤香織,24,47,医師,三重県,Mie,Physician
2010780,野村悠人,10,41,経理・財務,群馬県,Gunma,Accounting and finance
2010781,高橋瑞穂,23,63,医師,愛知県,Aichi,Physician
2010782,佐野香織,13,60,飲食業,東京都,Tokyo,Food service
2010783,島田由美,11,50,パート・アルバイト,埼玉県,Saitama,Part-time worker
2010784,中村志保,12,31,学生,千葉県,Chiba,Student
2010785,前田克彦,13,31,コンサルタント,東京都,Tokyo,Consultant
2010786,内田洋子,40,53,公務員,福岡県,Fukuoka,Public servant
2010787,横山誠,27,30,研究職,大阪府,Osaka,Researcher
2010788,市川恵,40,68,会社員,福岡県,Fukuoka,Company employee
2010789,森田慎太郎,22,52,営業職,静岡県,Shizuoka,Sales
2010790,岡本優,38,32,建築士,愛媛県,Ehime,Architect
2010791,石田文子,6,32,公務員,山形県,Yamagata,Public servant
2010792,鈴木亜希子,35,57,弁護士,山口県,Yamaguchi,Lawyer
2010793,中野啓介,12,43,パート・アルバイト,千葉県,Chiba,Part-time worker
2010794,工藤英樹,27,63,販売員,大阪府,Osaka,Retail staff
2010795,山下克彦,14,34,飲食業,神奈川県,Kanagawa,Food service
2010796,太田涼太,14,49,薬剤師,神奈川県,Kanagawa,Pharmacist
2010797,福田悠人,12,24,販売員,千葉県,Chiba,Retail staff
2010798,清水陸,14,39,漁業,神奈川県,Kanagawa,Fisher
2010799,原田玲子,32,41,建築士,島根県,Shimane,Architect
2010800,清水正樹,47,32,美容師,沖縄県,Okinawa,Hairdresser
2010801,和田朱莉,27,35,デザイナー,大阪府,Osaka,Designer
2010802,横田健太,14,39,公務員,神奈川県,Kanagawa,Public servant
2010803,原田達也,3,69,会計士,岩手県,Iwate,Accountant
2010804,橋本幸子,14,42,学生,神奈川県,Kanagawa,Student
2010805,木村優,27,56,医師,大阪府,Osaka,Physician
2010806,太田節子,13,60,営業職,東京都,Tokyo,Sales
2010807,市川美穂,43,42,建築士,熊本県,Kumamoto,Architect
2010808,桜井瑞穂,27,29,コンサルタント,大阪府,Osaka,Consultant
2010809,宮本久美子,13,60,保育士,東京都,Tokyo,Childcare worker
2010810,飯田一郎,13,59,自営業,東京都,Tokyo,Self-employed
2010811,渡辺翔太,3,54,デザイナー,岩手県,Iwate,Designer
2010812,吉田正樹,12,42,会計士,千葉県,Chiba,Accountant
2010813,遠藤涼太,43,65,農業,熊本県,Kumamoto,Farmer
2010814,佐藤千尋,14,47,営業職,神奈川県,Kanagawa,Sales
2010815,小松達也,1,43,医師,北海道,Hokkaido,Physician
2010816,岩崎大地,47,55,年金受給者,沖縄県,Okinawa,Pensioner
2010817,伊藤一郎,40,39,販売員,福岡県,Fukuoka,Retail staff
2010818,和田優,12,43,建築士,千葉県,Chiba,Architect
2010819,青木楓,40,54,会社員,福岡県,Fukuoka,Company employee
2010820,太田瑞穂,14,52,建築士,神奈川県,Kanagawa,Architect
2010821,伊藤心春,11,39,主婦・主夫,埼玉県,Saitama,Homemaker
2010822,安田楓,13,33,コンサルタント,東京都,Tokyo,Consultant
2010823,金子悠人,34,46,看護師,広島県,Hiroshima,Nurse
2010824,岡本涼太,32,42,飲食業,島根県,Shimane,Food service
2010825,関直美,10,59,医師,群馬県,Gunma,Physician
2010826,山田博之,8,38,デザイナー,茨城県,Ibaraki,Designer
2010827,横山志保,12,52,漁業,千葉県,Chiba,Fisher
2010828,東裕子,14,47,建築士,神奈川県,Kanagawa,Architect
2010829,山本悠斗,32,79,農業,島根県,Shimane,Farmer
2010830,白石心春,31,44,研究職,鳥取県,Tottori,Researcher
2010831,松岡葵,11,40,販売員,埼玉県,Saitama,Retail staff
2010832,田口涼太,14,63,営業職,神奈川県,Kanagawa,Sales
2010833,谷口愛,41,31,年金受給者,佐賀県,Saga,Pensioner
2010834,木下一郎,23,28,公務員,愛知県,Aichi,Public servant
2010835,小野京子,23,24,教員,愛知県,Aichi,Teacher
2010836,横田大地,12,34,パート・アルバイト,千葉県,Chiba,Part-time worker
2010837,内田雄大,14,58,運転手,神奈川県,Kanagawa,Driver
2010838,田中美穂,5,36,農業,秋田県,Akita,Farmer
2010839,後藤将也,13,59,主婦・主夫,東京都,Tokyo,Homemaker
2010840,藤本沙織,44,53,経理・財務,大分県,Oita,Accounting and finance
2010841,藤田典子,40,32,その他,福岡県,Fukuoka,Other
2010842,小川陽介,1,60,経理・財務,北海道,Hokkaido,Accounting and finance
2010843,市川七海,20,34,農業,長野県,Nagano,Farmer
2010844,増田大地,23,56,エンジニア,愛知県,Aichi,Engineer
2010845,大野洋平,40,52,年金受給者,福岡県,Fukuoka,Pensioner
2010846,佐々木健太,22,50,デザイナー,静岡県,Shizuoka,Designer
2010847,井上正樹,2,57,研究職,青森県,Aomori,Researcher
2010848,山下一郎,3,26,学生,岩手県,Iwate,Student
2010849,坂本和子,14,39,漁業,神奈川県,Kanagawa,Fisher
2010850,大野恵,23,57,その他,愛知県,Aichi,Other
2010851,高田裕子,14,23,経理・財務,神奈川県,Kanagawa,Accounting and finance
2010852,藤原真一,21,46,運転手,岐阜県,Gifu,Driver
2010853,白石直樹,27,47,弁護士,大阪府,Osaka,Lawyer
2010854,石川悠斗,42,57,販売員,長崎県,Nagasaki,Retail staff
2010855,小島康平,33,58,研究職,岡山県,Okayama,Researcher
2010856,木村孝之,30,69,保育士,和歌山県,Wakayama,Childcare worker
2010857,星野陽介,42,27,美容師,長崎県,Nagasaki,Hairdresser
2010858,中川優,13,61,エンジニア,東京都,Tokyo,Engineer
2010859,横山雄大,47,43,経理・財務,沖縄県,Okinawa,Accounting and finance
2010860,小島心春,41,50,エンジニア,佐賀県,Saga,Engineer
2010861,中野真央,14,57,公務員,神奈川県,Kanagawa,Public servant
2010862,村上浩二,22,65,公務員,静岡県,Shizuoka,Public servant
2010863,杉山一郎,11,59,自営業,埼玉県,Saitama,Self-employed
2010864,山本千尋,14,24,学生,神奈川県,Kanagawa,Student
2010865,高木誠,23,64,教員,愛知県,Aichi,Teacher
2010866,高木裕子,11,61,エンジニア,埼玉県,Saitama,Engineer
2010867,坂本春香,46,45,デザイナー,鹿児島県,Kagoshima,Designer
2010868,山下直樹,12,34,主婦・主夫,千葉県,Chiba,Homemaker
2010869,藤本七海,41,58,学生,佐賀県,Saga,Student
2010870,酒井慎太郎,41,40,農業,佐賀県,Saga,Farmer
2010871,斉藤哲也,28,42,会社員,兵庫県,Hyogo,Company employee
2010872,山田孝之,13,37,経理・財務,東京都,Tokyo,Accounting and finance
2010873,島田千尋,16,44,デザイナー,富山県,Toyama,Designer
2010874,篠原洋子,20,47,デザイナー,長野県,Nagano,Designer
2010875,中村愛,27,49,年金受給者,大阪府,Osaka,Pensioner
2010876,野村克彦,1,20,保育士,北海道,Hokkaido,Childcare worker
2010877,松尾玲子,35,42,エンジニア,山口県,Yamaguchi,Engineer
2010878,村上孝之,22,25,農業,静岡県,Shizuoka,Farmer
2010879,竹内奈々,12,51,漁業,千葉県,Chiba,Fisher
2010880,竹内陸,13,41,研究職,東京都,Tokyo,Researcher
2010881,前田隆志,40,21,建築士,福岡県,Fukuoka,Architect
2010882,小松悠人,23,41,学生,愛知県,Aichi,Student
2010883,飯田浩二,32,46,運転手,島根県,Shimane,Driver
2010884,鈴木一郎,27,79,販売員,大阪府,Osaka,Retail staff
2010885,上野慎太郎,15,36,デザイナー,新潟県,Niigata,Designer
2010886,上田涼太,14,69,教員,神奈川県,Kanagawa,Teacher
2010887,菊地健太,13,46,エンジニア,東京都,Tokyo,Engineer
2010888,原田啓介,14,41,販売員,神奈川県,Kanagawa,Retail staff
2010889,阿部光,11,53,弁護士,埼玉県,Saitama,Lawyer
2010890,大西典子,23,59,販売員,愛知県,Aichi,Retail staff
2010891,滝沢蓮,22,55,デザイナー,静岡県,Shizuoka,Designer
2010892,西村朱莉,1,53,研究職,北海道,Hokkaido,Researcher
2010893,村田雄大,27,43,教員,大阪府,Osaka,Teacher
2010894,古川康平,24,60,コンサルタント,三重県,Mie,Consultant
2010895,滝沢奈々,28,44,年金受給者,兵庫県,Hyogo,Pensioner
2010896,林彩,9,31,経理・財務,栃木県,Tochigi,Accounting and finance
2010897,島田大輝,13,30,コンサルタント,東京都,Tokyo,Consultant
2010898,近藤彩,27,29,主婦・主夫,大阪府,Osaka,Homemaker
2010899,酒井直美,11,52,その他,埼玉県,Saitama,Other
2010900,久保美咲,14,29,エンジニア,神奈川県,Kanagawa,Engineer
2010901,小野大輝,13,25,営業職,東京都,Tokyo,Sales
2010902,大西克彦,13,33,看護師,東京都,Tokyo,Nurse
2010903,山崎千尋,9,31,パート・アルバイト,栃木県,Tochigi,Part-time worker
2010904,大野文子,14,21,公務員,神奈川県,Kanagawa,Public servant
2010905,増田博之,11,76,コンサルタント,埼玉県,Saitama,Consultant
2010906,東浩二,15,47,医師,新潟県,Niigata,Physician
2010907,石井七海,27,50,看護師,大阪府,Osaka,Nurse
2010908,山下優,13,39,飲食業,東京都,Tokyo,Food service
2010909,石川和也,11,63,看護師,埼玉県,Saitama,Nurse
2010910,三浦玲子,22,24,飲食業,静岡県,Shizuoka,Food service
2010911,渡部拓也,14,73,経理・財務,神奈川県,Kanagawa,Accounting and finance
2010912,森誠,1,33,会計士,北海道,Hokkaido,Accountant
2010913,岡田桜,27,50,主婦・主夫,大阪府,Osaka,Homemaker
2010914,松岡洋子,11,33,看護師,埼玉県,Saitama,Nurse
2010915,加藤慎太郎,24,55,営業職,三重県,Mie,Sales
2010916,前田由美,6,35,その他,山形県,Yamagata,Other
2010917,小松春香,36,22,販売員,徳島県,Tokushima,Retail staff
2010918,木下真央,27,55,研究職,大阪府,Osaka,Researcher
2010919,長谷川楓,22,41,農業,静岡県,Shizuoka,Farmer
2010920,市川春香,22,23,弁護士,静岡県,Shizuoka,Lawyer
2010921,藤本駿,1,53,建築士,北海道,Hokkaido,Architect
2010922,東直樹,13,27,医師,東京都,Tokyo,Physician
2010923,野口秀樹,23,53,自営業,愛知県,Aichi,Self-employed
2010924,篠原愛,27,32,自営業,大阪府,Osaka,Self-employed
2010925,岩崎真央,23,36,営業職,愛知県,Aichi,Sales
2010926,松岡莉子,47,58,飲食業,沖縄県,Okinawa,Food service
2010927,今井亮,27,40,飲食業,大阪府,Osaka,Food service
2010928,松井克彦,13,23,医師,東京都,Tokyo,Physician
2010929,工藤義明,22,62,教員,静岡県,Shizuoka,Teacher
2010930,丸山心春,20,26,自営業,長野県,Nagano,Self-employed
2010931,石井光,12,47,会計士,千葉県,Chiba,Accountant
2010932,佐々木亜希子,13,57,会計士,東京都,Tokyo,Accountant
2010933,長谷川智也,1,53,その他,北海道,Hokkaido,Other
2010934,田口沙織,27,45,弁護士,大阪府,Osaka,Lawyer
2010935,石井翔太,28,42,漁業,兵庫県,Hyogo,Fisher
2010936,松井瑞穂,14,39,自営業,神奈川県,Kanagawa,Self-employed
2010937,安田瑞穂,13,39,会計士,東京都,Tokyo,Accountant
2010938,山崎裕子,13,38,デザイナー,東京都,Tokyo,Designer
2010939,宮本莉子,8,32,その他,茨城県,Ibaraki,Other
2010940,小野康平,27,61,販売員,大阪府,Osaka,Retail staff
2010941,吉田哲也,5,24,主婦・主夫,秋田県,Akita,Homemaker
2010942,松田哲也,27,72,主婦・主夫,大阪府,Osaka,Homemaker
2010943,関和也,42,34,パート・アルバイト,長崎県,Nagasaki,Part-time worker
2010944,阿部秀樹,23,34,会社員,愛知県,Aichi,Company employee
2010945,遠藤沙織,46,39,主婦・主夫,鹿児島県,Kagoshima,Homemaker
2010946,佐野博之,11,31,エンジニア,埼玉県,Saitama,Engineer
2010947,伊藤健太,14,63,漁業,神奈川県,Kanagawa,Fisher
2010948,水野楓,23,50,教員,愛知県,Aichi,Teacher
2010949,森正樹,16,40,公務員,富山県,Toyama,Public servant
2010950,和田洋平,28,43,学生,兵庫県,Hyogo,Student
2010951,岩崎由美,25,50,美容師,滋賀県,Shiga,Hairdresser
2010952,滝沢恵,43,69,農業,熊本県,Kumamoto,Farmer
2010953,前田直美,23,65,その他,愛知県,Aichi,Other
2010954,松岡駿,12,30,公務員,千葉県,Chiba,Public servant
2010955,安藤祐樹,17,42,デザイナー,石川県,Ishikawa,Designer
2010956,佐藤七海,43,30,弁護士,熊本県,Kumamoto,Lawyer
2010957,工藤心春,10,34,営業職,群馬県,Gunma,Sales
2010958,長谷川彩,12,35,漁業,千葉県,Chiba,Fisher
2010959,加藤桜,5,26,パート・アルバイト,秋田県,Akita,Part-time worker
2010960,新井克彦,22,56,医師,静岡県,Shizuoka,Physician
2010961,清水凛,13,69,主婦・主夫,東京都,Tokyo,Homemaker
2010962,今井克彦,14,55,エンジニア,神奈川県,Kanagawa,Engineer
2010963,滝沢由美,23,40,研究職,愛知県,Aichi,Researcher
2010964,小島京子,6,40,運転手,山形県,Yamagata,Driver
2010965,吉田陽介,12,38,年金受給者,千葉県,Chiba,Pensioner
2010966,村上陸,28,46,エンジニア,兵庫県,Hyogo,Engineer
2010967,岩崎正樹,40,46,建築士,福岡県,Fukuoka,Architect
2010968,島田和也,3,31,会社員,岩手県,Iwate,Company employee
2010969,高田隆志,40,73,年金受給者,福岡県,Fukuoka,Pensioner
2010970,石井浩二,10,44,営業職,群馬県,Gunma,Sales
2010971,武田楓,1,47,エンジニア,北海道,Hokkaido,Engineer
2010972,宮崎和子,14,51,営業職,神奈川県,Kanagawa,Sales
2010973,関秀樹,27,39,看護師,大阪府,Osaka,Nurse
2010974,田口健太,38,68,美容師,愛媛県,Ehime,Hairdresser
2010975,佐野直美,26,68,学生,京都府,Kyoto,Student
2010976,野村義明,27,50,エンジニア,大阪府,Osaka,Engineer
2010977,篠原洋子,14,40,保育士,神奈川県,Kanagawa,Childcare worker
2010978,木下奈々,5,67,農業,秋田県,Akita,Farmer
2010979,今井裕子,15,45,経理・財務,新潟県,Niigata,Accounting and finance
2010980,石井博之,13,41,弁護士,東京都,Tokyo,Lawyer
2010981,今井凛,42,58,漁業,長崎県,Nagasaki,Fisher
2010982,藤井芽衣,27,44,研究職,大阪府,Osaka,Researcher
2010983,伊藤光子,24,45,研究職,三重県,Mie,Researcher
2010984,吉田健太,1,44,弁護士,北海道,Hokkaido,Lawyer
2010985,宮本大輝,28,59,年金受給者,兵庫県,Hyogo,Pensioner
2010986,水野克彦,16,49,学生,富山県,Toyama,Student
2010987,長谷川将也,14,30,エンジニア,神奈川県,Kanagawa,Engineer
2010988,今井達也,9,23,学生,栃木県,Tochigi,Student
2010989,小林節子,11,68,主婦・主夫,埼玉県,Saitama,Homemaker
2010990,木村一郎,22,68,学生,静岡県,Shizuoka,Student
2010991,千葉優,33,37,販売員,岡山県,Okayama,Retail staff
2010992,関葵,34,52,デザイナー,広島県,Hiroshima,Designer
2010993,本田瑞穂,27,34,パート・アルバイト,大阪府,Osaka,Part-time worker
2010994,青木光,7,30,学生,福島県,Fukushima,Student
2010995,酒井瑞穂,13,77,デザイナー,東京都,Tokyo,Designer
2010996,平野結衣,22,37,飲食業,静岡県,Shizuoka,Food service
2010997,木下正樹,1,54,会計士,北海道,Hokkaido,Accountant
2010998,森田由美,14,36,エンジニア,神奈川県,Kanagawa,Engineer
2010999,加藤駿,33,46,美容師,岡山県,Okayama,Hairdresser
2011000,本田結衣,1,61,弁護士,北海道,Hokkaido,Lawyer
2011001,山田智子,13,58,パート・アルバイト,東京都,Tokyo,Part-time worker
2011002,小野瑞穂,13,71,学生,東京都,Tokyo,Student
2011003,上田慎太郎,41,51,弁護士,佐賀県,Saga,Lawyer
2011004,清水陸,16,48,会社員,富山県,Toyama,Company employee
2011005,阿部真央,42,23,デザイナー,長崎県,Nagasaki,Designer
2011006,木下雄大,16,58,農業,富山県,Toyama,Farmer
2011007,山田直樹,17,35,公務員,石川県,Ishikawa,Public servant
2011008,松尾克彦,11,24,年金受給者,埼玉県,Saitama,Pensioner
2011009,島田節子,27,23,薬剤師,大阪府,Osaka,Pharmacist
2011010,柴田美咲,47,33,販売員,沖縄県,Okinawa,Retail staff
2011011,橋本千尋,38,42,販売員,愛媛県,Ehime,Retail staff
2011012,谷口節子,38,36,主婦・主夫,愛媛県,Ehime,Homemaker
2011013,原田沙織,28,38,学生,兵庫県,Hyogo,Student
2011014,安藤悠人,35,48,保育士,山口県,Yamaguchi,Childcare worker
2011015,千葉陸,36,35,主婦・主夫,徳島県,Tokushima,Homemaker
2011016,遠藤春香,14,69,デザイナー,神奈川県,Kanagawa,Designer
2011017,遠藤秀樹,45,55,会社員,宮崎県,Miyazaki,Company employee
2011018,市川智子,18,33,美容師,福井県,Fukui,Hairdresser
2011019,佐藤美咲,11,31,主婦・主夫,埼玉県,Saitama,Homemaker
2011020,内田朱莉,23,49,飲食業,愛知県,Aichi,Food service
2011021,松田正樹,8,32,会計士,茨城県,Ibaraki,Accountant
2011022,杉本陽子,44,22,学生,大分県,Oita,Student
2011023,松田悠人,27,49,パート・アルバイト,大阪府,Osaka,Part-time worker
2011024,藤田浩二,44,44,薬剤師,大分県,Oita,Pharmacist
2011025,木村大地,14,29,コンサルタント,神奈川県,Kanagawa,Consultant
2011026,増田裕子,12,46,保育士,千葉県,Chiba,Childcare worker
2011027,佐野楓,10,39,薬剤師,群馬県,Gunma,Pharmacist
2011028,新井久美子,13,46,保育士,東京都,Tokyo,Childcare worker
2011029,大塚英樹,14,48,研究職,神奈川県,Kanagawa,Researcher
2011030,武田陽子,38,57,主婦・主夫,愛媛県,Ehime,Homemaker
2011031,西村英樹,11,36,薬剤師,埼玉県,Saitama,Pharmacist
2011032,島田和也,13,66,弁護士,東京都,Tokyo,Lawyer
2011033,木村直美,19,60,会社員,山梨県,Yamanashi,Company employee
2011034,市川節子,37,36,営業職,香川県,Kagawa,Sales
2011035,野村直美,24,30,美容師,三重県,Mie,Hairdresser
2011036,関真央,40,42,デザイナー,福岡県,Fukuoka,Designer
2011037,木下桜,4,50,薬剤師,宮城県,Miyagi,Pharmacist
2011038,柴田亮,23,36,看護師,愛知県,Aichi,Nurse
2011039,木下隆志,28,54,農業,兵庫県,Hyogo,Farmer
2011040,小島玲子,39,24,経理・財務,高知県,Kochi,Accounting and finance
2011041,中村智也,46,64,美容師,鹿児島県,Kagoshima,Hairdresser
2011042,岡田悠人,32,35,弁護士,島根県,Shimane,Lawyer
2011043,前田智也,22,70,薬剤師,静岡県,Shizuoka,Pharmacist
2011044,松井和也,1,61,会社員,北海道,Hokkaido,Company employee
2011045,菅原正樹,22,67,その他,静岡県,Shizuoka,Other
2011046,西村浩二,14,65,農業,神奈川県,Kanagawa,Farmer
2011047,野口洋子,46,66,美容師,鹿児島県,Kagoshima,Hairdresser
2011048,田村莉子,40,38,エンジニア,福岡県,Fukuoka,Engineer
2011049,新井文子,22,47,パート・アルバイト,静岡県,Shizuoka,Part-time worker
2011050,今井悠斗,4,48,研究職,宮城県,Miyagi,Researcher
2011051,和田博之,32,43,教員,島根県,Shimane,Teacher
2011052,森慎太郎,19,40,美容師,山梨県,Yamanashi,Hairdresser
2011053,大塚一郎,13,47,会社員,東京都,Tokyo,Company employee
2011054,小島孝之,23,72,弁護士,愛知県,Aichi,Lawyer
2011055,増田裕子,42,67,薬剤師,長崎県,Nagasaki,Pharmacist
2011056,鈴木真央,35,34,保育士,山口県,Yamaguchi,Childcare worker
2011057,菅原恵,33,54,運転手,岡山県,Okayama,Driver
2011058,小川優,7,41,漁業,福島県,Fukushima,Fisher
2011059,宮崎陽介,13,34,保育士,東京都,Tokyo,Childcare worker
2011060,伊藤克彦,11,25,パート・アルバイト,埼玉県,Saitama,Part-time worker
2011061,竹内裕子,36,52,看護師,徳島県,Tokushima,Nurse
2011062,佐藤陽子,28,41,年金受給者,兵庫県,Hyogo,Pensioner
2011063,村田智子,38,37,年金受給者,愛媛県,Ehime,Pensioner
2011064,菅原駿,31,41,薬剤師,鳥取県,Tottori,Pharmacist
2011065,市川悠人,23,28,建築士,愛知県,Aichi,Architect
2011066,遠藤悠人,29,64,主婦・主夫,奈良県,Nara,Homemaker
2011067,中村駿,13,42,年金受給者,東京都,Tokyo,Pensioner
2011068,本田裕子,13,29,営業職,東京都,Tokyo,Sales
2011069,菊地幸子,40,64,販売員,福岡県,Fukuoka,Retail staff
2011070,山田悠人,3,59,農業,岩手県,Iwate,Farmer
2011071,坂本久美子,33,64,会計士,岡山県,Okayama,Accountant
2011072,西村健太,11,32,営業職,埼玉県,Saitama,Sales
2011073,岡田啓介,39,69,会社員,高知県,Kochi,Company employee
2011074,山本洋平,14,32,経理・財務,神奈川県,Kanagawa,Accounting and finance
2011075,菊地亜希子,26,22,研究職,京都府,Kyoto,Researcher
2011076,野口直樹,15,49,研究職,新潟県,Niigata,Researcher
2011077,中山康平,2,46,年金受給者,青森県,Aomori,Pensioner
2011078,伊藤奈々,11,30,教員,埼玉県,Saitama,Teacher
2011079,杉山心春,11,53,研究職,埼玉県,Saitama,Researcher
2011080,高橋真央,11,57,営業職,埼玉県,Saitama,Sales
2011081,石川翔太,30,36,その他,和歌山県,Wakayama,Other
2011082,松井亮,27,42,漁業,大阪府,Osaka,Fisher
2011083,近藤香織,28,31,飲食業,兵庫県,Hyogo,Food service
2011084,清水美咲,12,63,研究職,千葉県,Chiba,Researcher
2011085,宮本大輝,14,70,会社員,神奈川県,Kanagawa,Company employee
2011086,杉本涼太,31,52,運転手,鳥取県,Tottori,Driver
2011087,宮崎航,1,75,コンサルタント,北海道,Hokkaido,Consultant
2011088,丸山心春,12,33,販売員,千葉県,Chiba,Retail staff
2011089,杉山智也,14,41,建築士,神奈川県,Kanagawa,Architect
2011090,長谷川久美子,20,53,漁業,長野県,Nagano,Fisher
2011091,近藤哲也,23,30,医師,愛知県,Aichi,Physician
2011092,小林結衣,2,34,医師,青森県,Aomori,Physician
2011093,斉藤春香,24,58,公務員,三重県,Mie,Public servant
2011094,河野陽介,14,72,コンサルタント,神奈川県,Kanagawa,Consultant
2011095,斉藤久美子,1,72,会計士,北海道,Hokkaido,Accountant
2011096,酒井光子,28,44,運転手,兵庫県,Hyogo,Driver
2011097,佐々木大地,10,21,自営業,群馬県,Gunma,Self-employed
2011098,桜井亜希子,46,43,教員,鹿児島県,Kagoshima,Teacher
2011099,池田恵,19,46,コンサルタント,山梨県,Yamanashi,Consultant
2011100,竹内直樹,31,58,主婦・主夫,鳥取県,Tottori,Homemaker
2011101,宮崎真央,13,47,会計士,東京都,Tokyo,Accountant
2011102,大野健太,23,21,デザイナー,愛知県,Aichi,Designer
2011103,竹内文子,17,33,主婦・主夫,石川県,Ishikawa,Homemaker
2011104,前田志保,28,76,主婦・主夫,兵庫県,Hyogo,Homemaker
2011105,平野康平,42,56,販売員,長崎県,Nagasaki,Retail staff
2011106,松本真央,25,78,弁護士,滋賀県,Shiga,Lawyer
2011107,大野朱莉,27,43,エンジニア,大阪府,Osaka,Engineer
2011108,中村翔太,10,48,その他,群馬県,Gunma,Other
2011109,鈴木美穂,40,39,飲食業,福岡県,Fukuoka,Food service
2011110,酒井大輝,36,39,医師,徳島県,Tokushima,Physician
2011111,中野亜希子,1,42,医師,北海道,Hokkaido,Physician
2011112,山崎直樹,24,29,営業職,三重県,Mie,Sales
2011113,原田七海,40,36,販売員,福岡県,Fukuoka,Retail staff
2011114,藤井健太,40,46,公務員,福岡県,Fukuoka,Public servant
2011115,金子真一,23,44,営業職,愛知県,Aichi,Sales
2011116,本田亜希子,4,50,エンジニア,宮城県,Miyagi,Engineer
2011117,小松啓介,23,36,エンジニア,愛知県,Aichi,Engineer
2011118,石田航,13,40,運転手,東京都,Tokyo,Driver
2011119,市川涼太,14,50,パート・アルバイト,神奈川県,Kanagawa,Part-time worker
2011120,大野哲也,9,61,パート・アルバイト,栃木県,Tochigi,Part-time worker
2011121,谷口孝之,47,22,薬剤師,沖縄県,Okinawa,Pharmacist
2011122,上野隆志,5,68,販売員,秋田県,Akita,Retail staff
2011123,金子優,19,77,会社員,山梨県,Yamanashi,Company employee
2011124,藤井亜希子,40,79,営業職,福岡県,Fukuoka,Sales
2011125,木下大地,21,58,経理・財務,岐阜県,Gifu,Accounting and finance
2011126,中島千尋,43,43,自営業,熊本県,Kumamoto,Self-employed
2011127,田村亮,36,32,弁護士,徳島県,Tokushima,Lawyer
2011128,杉山楓,11,48,会社員,埼玉県,Saitama,Company employee
2011129,島田玲子,9,36,薬剤師,栃木県,Tochigi,Pharmacist
2011130,安藤翔太,11,35,薬剤師,埼玉県,Saitama,Pharmacist
2011131,宮本香織,7,39,パート・アルバイト,福島県,Fukushima,Part-time worker
2011132,中野愛,6,78,パート・アルバイト,山形県,Yamagata,Part-time worker
2011133,石川達也,24,42,美容師,三重県,Mie,Hairdresser
2011134,千葉雄大,22,37,営業職,静岡県,Shizuoka,Sales
2011135,阿部啓介,39,25,研究職,高知県,Kochi,Researcher
2011136,井上亜希子,35,33,看護師,山口県,Yamaguchi,Nurse
2011137,長谷川悠斗,3,49,飲食業,岩手県,Iwate,Food service
2011138,工藤啓介,14,69,会社員,神奈川県,Kanagawa,Company employee
2011139,和田亮,34,40,年金受給者,広島県,Hiroshima,Pensioner
2011140,松本文子,14,40,弁護士,神奈川県,Kanagawa,Lawyer
2011141,村上春香,14,22,経理・財務,神奈川県,Kanagawa,Accounting and finance
2011142,滝沢奈々,27,39,医師,大阪府,Osaka,Physician
2011143,清水志保,40,26,自営業,福岡県,Fukuoka,Self-employed
2011144,武田奈々,28,45,研究職,兵庫県,Hyogo,Researcher
2011145,中島幸子,43,57,建築士,熊本県,Kumamoto,Architect
2011146,中川孝之,13,43,看護師,東京都,Tokyo,Nurse
2011147,林隆志,7,45,農業,福島県,Fukushima,Farmer
2011148,高田啓介,1,76,営業職,北海道,Hokkaido,Sales
2011149,中山智子,34,37,その他,広島県,Hiroshima,Other
2011150,吉田光子,22,32,デザイナー,静岡県,Shizuoka,Designer
2011151,中島陽介,40,58,飲食業,福岡県,Fukuoka,Food service
2011152,中村光子,14,25,運転手,神奈川県,Kanagawa,Driver
2011153,千葉玲子,27,45,建築士,大阪府,Osaka,Architect
2011154,井上奈々,1,52,看護師,北海道,Hokkaido,Nurse
2011155,佐野克彦,27,43,公務員,大阪府,Osaka,Public servant
2011156,遠藤洋平,22,39,医師,静岡県,Shizuoka,Physician
2011157,桜井澪,12,62,農業,千葉県,Chiba,Farmer
2011158,市川結衣,13,26,研究職,東京都,Tokyo,Researcher
2011159,柴田誠,4,43,コンサルタント,宮城県,Miyagi,Consultant
2011160,原久美子,13,36,運転手,東京都,Tokyo,Driver
2011161,宮崎陽介,14,70,年金受給者,神奈川県,Kanagawa,Pensioner
2011162,原洋子,14,69,研究職,神奈川県,Kanagawa,Researcher
2011163,原田澪,27,47,飲食業,大阪府,Osaka,Food service
2011164,橋本千尋,14,55,年金受給者,神奈川県,Kanagawa,Pensioner
2011165,小川哲也,3,48,デザイナー,岩手県,Iwate,Designer
2011166,横山典子,16,42,パート・アルバイト,富山県,Toyama,Part-time worker
2011167,小野直樹,14,22,美容師,神奈川県,Kanagawa,Hairdresser
2011168,久保瑞穂,13,78,薬剤師,東京都,Tokyo,Pharmacist
2011169,山崎健太,12,68,販売員,千葉県,Chiba,Retail staff
2011170,斉藤達也,23,40,運転手,愛知県,Aichi,Driver
2011171,岡本洋平,22,48,コンサルタント,静岡県,Shizuoka,Consultant
2011172,野村隆志,3,21,公務員,岩手県,Iwate,Public servant
2011173,阿部浩二,15,33,エンジニア,新潟県,Niigata,Engineer
2011174,岩崎克彦,47,57,公務員,沖縄県,Okinawa,Public servant
2011175,佐藤隆志,23,38,建築士,愛知県,Aichi,Architect
2011176,柴田心春,10,49,年金受給者,群馬県,Gunma,Pensioner
2011177,石井悠人,23,53,漁業,愛知県,Aichi,Fisher
2011178,福田隆志,31,44,学生,鳥取県,Tottori,Student
2011179,横田洋平,1,32,美容師,北海道,Hokkaido,Hairdresser
2011180,小島七海,14,51,保育士,神奈川県,Kanagawa,Childcare worker
2011181,小野瑞穂,17,21,薬剤師,石川県,Ishikawa,Pharmacist
2011182,村上陽介,6,79,パート・アルバイト,山形県,Yamagata,Part-time worker
2011183,平野祐樹,12,40,その他,千葉県,Chiba,Other
2011184,上田大輝,13,24,公務員,東京都,Tokyo,Public servant
2011185,本田桜,11,49,医師,埼玉県,Saitama,Physician
2011186,大西拓也,37,62,保育士,香川県,Kagawa,Childcare worker
2011187,村上浩二,19,47,学生,山梨県,Yamanashi,Student
2011188,星野和也,29,57,漁業,奈良県,Nara,Fisher
2011189,菅原陽介,12,25,飲食業,千葉県,Chiba,Food service
2011190,菅原駿,13,28,販売員,東京都,Tokyo,Retail staff
2011191,長谷川雄大,41,34,農業,佐賀県,Saga,Farmer
2011192,大塚香織,28,47,医師,兵庫県,Hyogo,Physician
2011193,柴田京子,15,44,美容師,新潟県,Niigata,Hairdresser
2011194,安藤亮,27,47,パート・アルバイト,大阪府,Osaka,Part-time worker
2011195,原涼太,13,53,弁護士,東京都,Tokyo,Lawyer
2011196,石井智子,27,39,デザイナー,大阪府,Osaka,Designer
2011197,中川駿,46,66,経理・財務,鹿児島県,Kagoshima,Accounting and finance
2011198,西村隆志,22,20,漁業,静岡県,Shizuoka,Fisher
2011199,横田朱莉,1,30,看護師,北海道,Hokkaido,Nurse
2011200,小川真央,22,39,教員,静岡県,Shizuoka,Teacher
2011201,工藤志保,16,41,公務員,富山県,Toyama,Public servant
2011202,松田彩,29,57,学生,奈良県,Nara,Student
2011203,久保奈々,21,69,デザイナー,岐阜県,Gifu,Designer
2011204,市川芽衣,30,32,漁業,和歌山県,Wakayama,Fisher
2011205,丸山玲子,27,24,エンジニア,大阪府,Osaka,Engineer
2011206,滝沢智子,22,53,年金受給者,静岡県,Shizuoka,Pensioner
2011207,近藤久美子,15,66,薬剤師,新潟県,Niigata,Pharmacist
2011208,横山香織,6,33,学生,山形県,Yamagata,Student
2011209,藤本健太,27,35,飲食業,大阪府,Osaka,Food service
2011210,吉田洋子,39,42,建築士,高知県,Kochi,Architect
2011211,中村和子,29,50,エンジニア,奈良県,Nara,Engineer
2011212,岡本大地,12,38,自営業,千葉県,Chiba,Self-employed
2011213,内田祐樹,1,43,教員,北海道,Hokkaido,Teacher
2011214,佐々木瑞穂,17,51,自営業,石川県,Ishikawa,Self-employed
2011215,柴田幸子,11,77,デザイナー,埼玉県,Saitama,Designer
2011216,本田陽子,39,33,教員,高知県,Kochi,Teacher
2011217,石川香織,13,48,自営業,東京都,Tokyo,Self-employed
2011218,石田光子,42,55,建築士,長崎県,Nagasaki,Architect
2011219,平野悠斗,1,58,飲食業,北海道,Hokkaido,Food service
2011220,高木美咲,14,34,販売員,神奈川県,Kanagawa,Retail staff
2011221,後藤悠斗,27,54,医師,大阪府,Osaka,Physician
2011222,松本和也,32,44,デザイナー,島根県,Shimane,Designer
2011223,藤原康平,11,60,学生,埼玉県,Saitama,Student
2011224,小林桜,11,35,薬剤師,埼玉県,Saitama,Pharmacist
2011225,森田瑞穂,17,53,デザイナー,石川県,Ishikawa,Designer
2011226,前田陽子,23,44,年金受給者,愛知県,Aichi,Pensioner
2011227,長谷川智子,14,37,経理・財務,神奈川県,Kanagawa,Accounting and finance
2011228,谷口美穂,23,37,デザイナー,愛知県,Aichi,Designer
2011229,谷口拓也,27,68,主婦・主夫,大阪府,Osaka,Homemaker
2011230,三浦康平,16,26,弁護士,富山県,Toyama,Lawyer
2011231,浜田翔太,27,52,会社員,大阪府,Osaka,Company employee
2011232,宮崎健太,27,63,デザイナー,大阪府,Osaka,Designer
2011233,木村芽衣,12,59,経理・財務,千葉県,Chiba,Accounting and finance
2011234,中野哲也,13,74,保育士,東京都,Tokyo,Childcare worker
2011235,岡田真一,6,37,年金受給者,山形県,Yamagata,Pensioner
2011236,酒井節子,14,62,建築士,神奈川県,Kanagawa,Architect
2011237,滝沢隆志,36,37,デザイナー,徳島県,Tokushima,Designer
2011238,丸山由美,13,23,美容師,東京都,Tokyo,Hairdresser
2011239,武田恵,41,43,販売員,佐賀県,Saga,Retail staff
2011240,上野悠斗,4,46,研究職,宮城県,Miyagi,Researcher
2011241,佐野拓也,8,32,薬剤師,茨城県,Ibaraki,Pharmacist
2011242,野村智也,6,21,自営業,山形県,Yamagata,Self-employed
2011243,増田朱莉,11,23,医師,埼玉県,Saitama,Physician
2011244,宮本洋子,13,33,パート・アルバイト,東京都,Tokyo,Part-time worker
2011245,鈴木文子,13,42,農業,東京都,Tokyo,Farmer
2011246,佐々木玲子,44,60,コンサルタント,大分県,Oita,Consultant
2011247,森田瑞穂,45,21,営業職,宮崎県,Miyazaki,Sales
2011248,武田美咲,38,38,医師,愛媛県,Ehime,Physician
2011249,渡部桜,43,34,薬剤師,熊本県,Kumamoto,Pharmacist
2011250,中山久美子,11,43,看護師,埼玉県,Saitama,Nurse
2011251,横山直美,14,37,デザイナー,神奈川県,Kanagawa,Designer
2011252,藤田七海,26,76,看護師,京都府,Kyoto,Nurse
2011253,山本駿,27,46,コンサルタント,大阪府,Osaka,Consultant
2011254,横山節子,23,58,農業,愛知県,Aichi,Farmer
2011255,白石洋平,1,50,販売員,北海道,Hokkaido,Retail staff
2011256,和田美咲,13,28,保育士,東京都,Tokyo,Childcare worker
2011257,山本和子,23,70,飲食業,愛知県,Aichi,Food service
2011258,星野大地,28,60,コンサルタント,兵庫県,Hyogo,Consultant
2011259,横山洋子,13,34,漁業,東京都,Tokyo,Fisher
2011260,西村直樹,11,69,会計士,埼玉県,Saitama,Accountant
2011261,坂本蓮,38,32,研究職,愛媛県,Ehime,Researcher
2011262,市川雄大,14,33,保育士,神奈川県,Kanagawa,Childcare worker
2011263,林優,25,47,エンジニア,滋賀県,Shiga,Engineer
2011264,中山亜希子,37,42,コンサルタント,香川県,Kagawa,Consultant
2011265,浜田将也,6,41,コンサルタント,山形県,Yamagata,Consultant
2011266,渡部沙織,14,41,自営業,神奈川県,Kanagawa,Self-employed
2011267,吉田陽介,27,22,運転手,大阪府,Osaka,Driver
2011268,菊地洋平,13,52,学生,東京都,Tokyo,Student
2011269,杉山久美子,23,32,医師,愛知県,Aichi,Physician
2011270,村田美咲,28,37,会社員,兵庫県,Hyogo,Company employee
2011271,原田隆志,1,51,農業,北海道,Hokkaido,Farmer
2011272,池田桜,47,61,コンサルタント,沖縄県,Okinawa,Consultant
2011273,山口博之,22,68,自営業,静岡県,Shizuoka,Self-employed
2011274,田村達也,13,44,経理・財務,東京都,Tokyo,Accounting and finance
2011275,斎藤陸,14,41,教員,神奈川県,Kanagawa,Teacher
2011276,増田洋平,11,45,飲食業,埼玉県,Saitama,Food service
2011277,松本美咲,22,38,薬剤師,静岡県,Shizuoka,Pharmacist
2011278,大西航,35,52,美容師,山口県,Yamaguchi,Hairdresser
2011279,小島楓,12,24,経理・財務,千葉県,Chiba,Accounting and finance
2011280,小林和子,26,60,建築士,京都府,Kyoto,Architect
2011281,柴田航,43,56,美容師,熊本県,Kumamoto,Hairdresser
2011282,佐々木文子,27,33,営業職,大阪府,Osaka,Sales
2011283,加藤大地,13,38,会計士,東京都,Tokyo,Accountant
2011284,青木智也,11,47,公務員,埼玉県,Saitama,Public servant
2011285,長谷川玲子,13,46,エンジニア,東京都,Tokyo,Engineer
2011286,篠原真央,27,44,教員,大阪府,Osaka,Teacher
2011287,小林葵,11,67,コンサルタント,埼玉県,Saitama,Consultant
2011288,横田葵,13,36,教員,東京都,Tokyo,Teacher
2011289,木村隆志,13,49,美容師,東京都,Tokyo,Hairdresser
2011290,松尾陽介,22,62,医師,静岡県,Shizuoka,Physician
2011291,橋本文子,13,73,その他,東京都,Tokyo,Other
2011292,松田由美,5,41,農業,秋田県,Akita,Farmer
2011293,篠原誠,41,35,営業職,佐賀県,Saga,Sales
2011294,横山和子,11,20,漁業,埼玉県,Saitama,Fisher
2011295,谷口和也,28,39,経理・財務,兵庫県,Hyogo,Accounting and finance
2011296,近藤陽介,4,59,会計士,宮城県,Miyagi,Accountant
2011297,長谷川祐樹,11,55,会社員,埼玉県,Saitama,Company employee
2011298,金子智也,14,46,農業,神奈川県,Kanagawa,Farmer
2011299,藤井芽衣,27,62,研究職,大阪府,Osaka,Researcher
2011300,浜田雄大,45,30,会計士,宮崎県,Miyazaki,Accountant
2011301,清水博之,14,33,パート・アルバイト,神奈川県,Kanagawa,Part-time worker
2011302,長谷川達也,11,28,学生,埼玉県,Saitama,Student
2011303,阿部恵,26,60,デザイナー,京都府,Kyoto,Designer
2011304,山田康平,22,66,農業,静岡県,Shizuoka,Farmer
2011305,森田真央,13,20,薬剤師,東京都,Tokyo,Pharmacist
2011306,後藤啓介,12,28,研究職,千葉県,Chiba,Researcher
2011307,中村春香,18,43,運転手,福井県,Fukui,Driver
2011308,中島将也,9,47,教員,栃木県,Tochigi,Teacher
2011309,鈴木楓,13,61,経理・財務,東京都,Tokyo,Accounting and finance
2011310,吉田玲子,23,44,主婦・主夫,愛知県,Aichi,Homemaker
2011311,村田隆志,37,43,保育士,香川県,Kagawa,Childcare worker
2011312,大塚直樹,26,25,看護師,京都府,Kyoto,Nurse
2011313,佐野七海,1,56,運転手,北海道,Hokkaido,Driver
2011314,本田亮,12,65,医師,千葉県,Chiba,Physician
2011315,小松博之,40,47,販売員,福岡県,Fukuoka,Retail staff
2011316,原玲子,13,37,公務員,東京都,Tokyo,Public servant
2011317,藤井秀樹,14,40,運転手,神奈川県,Kanagawa,Driver
2011318,横山雄大,11,20,研究職,埼玉県,Saitama,Researcher
2011319,横田凛,28,20,販売員,兵庫県,Hyogo,Retail staff
2011320,藤田英樹,12,59,飲食業,千葉県,Chiba,Food service
2011321,和田心春,34,53,その他,広島県,Hiroshima,Other
2011322,野口久美子,29,48,看護師,奈良県,Nara,Nurse
2011323,丸山沙織,4,26,自営業,宮城県,Miyagi,Self-employed
2011324,山口愛,45,58,コンサルタント,宮崎県,Miyazaki,Consultant
2011325,山口七海,12,40,経理・財務,千葉県,Chiba,Accounting and finance
2011326,関奈々,27,39,コンサルタント,大阪府,Osaka,Consultant
2011327,杉本亜希子,14,46,販売員,神奈川県,Kanagawa,Retail staff
2011328,中野直樹,16,59,エンジニア,富山県,Toyama,Engineer
2011329,市川志保,13,50,医師,東京都,Tokyo,Physician
2011330,浜田浩二,23,53,保育士,愛知県,Aichi,Childcare worker
2011331,橋本彩,13,27,主婦・主夫,東京都,Tokyo,Homemaker
2011332,佐野洋子,27,47,会社員,大阪府,Osaka,Company employee
2011333,遠藤航,24,59,研究職,三重県,Mie,Researcher
2011334,西村健太,20,34,看護師,長野県,Nagano,Nurse
2011335,滝沢智子,19,44,経理・財務,山梨県,Yamanashi,Accounting and finance
2011336,星野美咲,32,30,研究職,島根県,Shimane,Researcher
2011337,村上義明,41,44,経理・財務,佐賀県,Saga,Accounting and finance
2011338,宮崎久美子,23,40,エンジニア,愛知県,Aichi,Engineer
2011339,松岡智也,44,54,教員,大分県,Oita,Teacher
2011340,菅原陽介,28,48,年金受給者,兵庫県,Hyogo,Pensioner
2011341,遠藤志保,13,42,教員,東京都,Tokyo,Teacher
2011342,中山亮,22,32,主婦・主夫,静岡県,Shizuoka,Homemaker
2011343,篠原久美子,28,46,保育士,兵庫県,Hyogo,Childcare worker
2011344,井上亮,20,40,コンサルタント,長野県,Nagano,Consultant
2011345,谷口真一,40,36,その他,福岡県,Fukuoka,Other
2011346,藤井隆志,12,49,看護師,千葉県,Chiba,Nurse
2011347,小川千尋,12,75,営業職,千葉県,Chiba,Sales
2011348,佐々木光,40,39,パート・アルバイト,福岡県,Fukuoka,Part-time worker
2011349,村田恵,12,45,医師,千葉県,Chiba,Physician
2011350,村田一郎,1,49,会計士,北海道,Hokkaido,Accountant
2011351,新井隆志,32,60,年金受給者,島根県,Shimane,Pensioner
2011352,上田亮,32,37,薬剤師,島根県,Shimane,Pharmacist
2011353,大塚雄大,24,23,主婦・主夫,三重県,Mie,Homemaker
2011354,浜田悠人,11,32,営業職,埼玉県,Saitama,Sales
2011355,遠藤拓也,46,34,エンジニア,鹿児島県,Kagoshima,Engineer
2011356,藤原和子,29,57,医師,奈良県,Nara,Physician
2011357,久保涼太,13,77,年金受給者,東京都,Tokyo,Pensioner
2011358,中川彩,27,73,デザイナー,大阪府,Osaka,Designer
2011359,藤田大地,12,50,その他,千葉県,Chiba,Other
2011360,遠藤千尋,24,38,会社員,三重県,Mie,Company employee
2011361,中島芽衣,28,55,自営業,兵庫県,Hyogo,Self-employed
2011362,木村澪,20,64,経理・財務,長野県,Nagano,Accounting and finance
2011363,佐々木克彦,36,22,薬剤師,徳島県,Tokushima,Pharmacist
2011364,宮本瑞穂,22,23,自営業,静岡県,Shizuoka,Self-employed
2011365,渡部孝之,1,52,保育士,北海道,Hokkaido,Childcare worker
2011366,長谷川奈々,29,74,コンサルタント,奈良県,Nara,Consultant
2011367,近藤沙織,1,47,教員,北海道,Hokkaido,Teacher
2011368,安田秀樹,27,55,経理・財務,大阪府,Osaka,Accounting and finance
2011369,渡部誠,13,79,農業,東京都,Tokyo,Farmer
2011370,松本浩二,32,75,コンサルタント,島根県,Shimane,Consultant
2011371,原孝之,38,70,医師,愛媛県,Ehime,Physician
2011372,大野千尋,27,66,パート・アルバイト,大阪府,Osaka,Part-time worker
2011373,原文子,23,36,自営業,愛知県,Aichi,Self-employed
2011374,松本千尋,13,24,学生,東京都,Tokyo,Student
2011375,杉本楓,28,47,パート・アルバイト,兵庫県,Hyogo,Part-time worker
2011376,岩崎陽子,27,52,保育士,大阪府,Osaka,Childcare worker
2011377,柴田志保,17,37,運転手,石川県,Ishikawa,Driver
2011378,高田浩二,22,39,漁業,静岡県,Shizuoka,Fisher
2011379,岡本美穂,43,37,薬剤師,熊本県,Kumamoto,Pharmacist
2011380,藤井幸子,14,31,会社員,神奈川県,Kanagawa,Company employee
2011381,野口恵,14,24,学生,神奈川県,Kanagawa,Student
2011382,安田隆志,6,69,飲食業,山形県,Yamagata,Food service
2011383,工藤澪,40,60,会計士,福岡県,Fukuoka,Accountant
2011384,石田芽衣,22,66,自営業,静岡県,Shizuoka,Self-employed
2011385,石川大地,1,76,デザイナー,北海道,Hokkaido,Designer
2011386,加藤文子,18,48,運転手,福井県,Fukui,Driver
2011387,東陽介,1,28,建築士,北海道,Hokkaido,Architect
2011388,阿部亮,27,33,医師,大阪府,Osaka,Physician
2011389,佐野亜希子,14,28,会計士,神奈川県,Kanagawa,Accountant
2011390,丸山悠人,6,60,デザイナー,山形県,Yamagata,Designer
2011391,柴田結衣,14,23,薬剤師,神奈川県,Kanagawa,Pharmacist
2011392,中山直美,16,29,建築士,富山県,Toyama,Architect
2011393,渡部大地,13,57,コンサルタント,東京都,Tokyo,Consultant
2011394,佐藤陽介,20,73,薬剤師,長野県,Nagano,Pharmacist
2011395,酒井恵,13,36,公務員,東京都,Tokyo,Public servant
2011396,今井莉子,15,40,保育士,新潟県,Niigata,Childcare worker
2011397,松井蓮,1,54,運転手,北海道,Hokkaido,Driver
2011398,谷口文子,45,21,デザイナー,宮崎県,Miyazaki,Designer
2011399,松尾楓,43,61,漁業,熊本県,Kumamoto,Fisher
2011400,小島克彦,13,51,エンジニア,東京都,Tokyo,Engineer
2011401,滝沢将也,19,54,漁業,山梨県,Yamanashi,Fisher
2011402,平野光子,9,79,美容師,栃木県,Tochigi,Hairdresser
2011403,安田楓,7,37,飲食業,福島県,Fukushima,Food service
2011404,田村航,1,40,運転手,北海道,Hokkaido,Driver
2011405,井上光子,2,74,営業職,青森県,Aomori,Sales
2011406,佐藤由美,33,42,公務員,岡山県,Okayama,Public servant
2011407,斉藤哲也,23,32,弁護士,愛知県,Aichi,Lawyer
2011408,渡部拓也,1,59,研究職,北海道,Hokkaido,Researcher
2011409,中島志保,27,50,会社員,大阪府,Osaka,Company employee
2011410,浜田哲也,37,47,自営業,香川県,Kagawa,Self-employed
2011411,林玲子,47,30,経理・財務,沖縄県,Okinawa,Accounting and finance
2011412,安田瑞穂,23,47,会計士,愛知県,Aichi,Accountant
2011413,松田莉子,13,46,医師,東京都,Tokyo,Physician
2011414,加藤康平,4,22,弁護士,宮城県,Miyagi,Lawyer
2011415,鈴木洋子,35,45,会社員,山口県,Yamaguchi,Company employee
2011416,金子涼太,2,40,美容師,青森県,Aomori,Hairdresser
2011417,金子恵,14,66,コンサルタント,神奈川県,Kanagawa,Consultant
2011418,宮崎慎太郎,12,29,教員,千葉県,Chiba,Teacher
2011419,岩崎節子,27,48,医師,大阪府,Osaka,Physician
2011420,竹内志保,11,45,運転手,埼玉県,Saitama,Driver
2011421,篠原拓也,27,58,その他,大阪府,Osaka,Other
2011422,清水莉子,14,45,看護師,神奈川県,Kanagawa,Nurse
2011423,菊地優,28,31,運転手,兵庫県,Hyogo,Driver
2011424,桜井蓮,22,36,会計士,静岡県,Shizuoka,Accountant
2011425,鈴木正樹,19,30,エンジニア,山梨県,Yamanashi,Engineer
2011426,大西優,27,40,年金受給者,大阪府,Osaka,Pensioner
2011427,中山和也,7,37,医師,福島県,Fukushima,Physician
2011428,森田翔太,32,57,デザイナー,島根県,Shimane,Designer
2011429,上野誠,14,49,建築士,神奈川県,Kanagawa,Architect
2011430,高木亮,13,56,会計士,東京都,Tokyo,Accountant
2011431,丸山誠,47,43,研究職,沖縄県,Okinawa,Researcher
2011432,林秀樹,23,52,デザイナー,愛知県,Aichi,Designer
2011433,木下結衣,11,43,年金受給者,埼玉県,Saitama,Pensioner
2011434,野口玲子,13,59,薬剤師,東京都,Tokyo,Pharmacist
2011435,星野悠人,38,23,漁業,愛媛県,Ehime,Fisher
2011436,横田結衣,6,59,漁業,山形県,Yamagata,Fisher
2011437,岡本和子,4,37,年金受給者,宮城県,Miyagi,Pensioner
2011438,藤本澪,20,76,研究職,長野県,Nagano,Researcher
2011439,田村香織,28,21,パート・アルバイト,兵庫県,Hyogo,Part-time worker
2011440,野口奈々,23,79,公務員,愛知県,Aichi,Public servant
2011441,吉田和也,23,37,学生,愛知県,Aichi,Student
2011442,平野誠,40,38,販売員,福岡県,Fukuoka,Retail staff
2011443,伊藤美咲,1,25,農業,北海道,Hokkaido,Farmer
2011444,前田大地,21,31,医師,岐阜県,Gifu,Physician
2011445,佐々木陸,35,31,教員,山口県,Yamaguchi,Teacher
2011446,岩崎大輝,14,55,飲食業,神奈川県,Kanagawa,Food service
2011447,松岡楓,10,46,飲食業,群馬県,Gunma,Food service
2011448,横山直美,11,59,主婦・主夫,埼玉県,Saitama,Homemaker
2011449,岩崎秀樹,27,28,学生,大阪府,Osaka,Student
2011450,市川光子,11,20,会計士,埼玉県,Saitama,Accountant
2011451,東慎太郎,27,33,主婦・主夫,大阪府,Osaka,Homemaker
2011452,鈴木誠,43,48,看護師,熊本県,Kumamoto,Nurse
2011453,坂本典子,22,70,飲食業,静岡県,Shizuoka,Food service
2011454,長谷川孝之,14,27,会計士,神奈川県,Kanagawa,Accountant
2011455,金子文子,13,20,保育士,東京都,Tokyo,Childcare worker
2011456,宮崎慎太郎,40,20,公務員,福岡県,Fukuoka,Public servant
2011457,井上文子,1,44,会社員,北海道,Hokkaido,Company employee
2011458,中野義明,14,37,販売員,神奈川県,Kanagawa,Retail staff
2011459,松井葵,37,25,運転手,香川県,Kagawa,Driver
2011460,村上亜希子,2,57,薬剤師,青森県,Aomori,Pharmacist
2011461,前田桜,8,50,薬剤師,茨城県,Ibaraki,Pharmacist
2011462,島田莉子,13,71,弁護士,東京都,Tokyo,Lawyer
2011463,横田大輝,12,31,建築士,千葉県,Chiba,Architect
2011464,田口洋子,12,54,デザイナー,千葉県,Chiba,Designer
2011465,浜田悠斗,11,73,建築士,埼玉県,Saitama,Architect
2011466,田口七海,40,22,販売員,福岡県,Fukuoka,Retail staff
2011467,野村浩二,11,52,学生,埼玉県,Saitama,Student
2011468,佐野洋子,20,20,美容師,長野県,Nagano,Hairdresser
2011469,山本志保,12,20,医師,千葉県,Chiba,Physician
2011470,松尾千尋,11,38,弁護士,埼玉県,Saitama,Lawyer
2011471,菊地洋平,14,38,建築士,神奈川県,Kanagawa,Architect
2011472,金子久美子,23,20,その他,愛知県,Aichi,Other
2011473,宮崎秀樹,15,30,会社員,新潟県,Niigata,Company employee
2011474,坂本達也,46,50,美容師,鹿児島県,Kagoshima,Hairdresser
2011475,田村七海,29,60,パート・アルバイト,奈良県,Nara,Part-time worker
2011476,林航,15,55,学生,新潟県,Niigata,Student
2011477,石田博之,13,44,建築士,東京都,Tokyo,Architect
2011478,篠原和子,27,47,年金受給者,大阪府,Osaka,Pensioner
2011479,山口美穂,14,39,学生,神奈川県,Kanagawa,Student
2011480,中島凛,26,74,薬剤師,京都府,Kyoto,Pharmacist
2011481,藤本智子,44,49,漁業,大分県,Oita,Fisher
2011482,福田悠人,13,49,主婦・主夫,東京都,Tokyo,Homemaker
2011483,白石陽子,22,48,漁業,静岡県,Shizuoka,Fisher
2011484,河野文子,25,56,公務員,滋賀県,Shiga,Public servant
2011485,中川楓,40,73,研究職,福岡県,Fukuoka,Researcher
2011486,千葉結衣,14,47,保育士,神奈川県,Kanagawa,Childcare worker
2011487,古川正樹,42,35,公務員,長崎県,Nagasaki,Public servant
2011488,遠藤芽衣,23,59,エンジニア,愛知県,Aichi,Engineer
2011489,中川拓也,28,46,パート・アルバイト,兵庫県,Hyogo,Part-time worker
2011490,新井達也,40,48,公務員,福岡県,Fukuoka,Public servant
2011491,佐々木航,20,55,コンサルタント,長野県,Nagano,Consultant
2011492,前田直美,24,23,経理・財務,三重県,Mie,Accounting and finance
2011493,篠原芽衣,45,32,デザイナー,宮崎県,Miyazaki,Designer
2011494,横山彩,26,51,自営業,京都府,Kyoto,Self-employed
2011495,柴田浩二,24,42,主婦・主夫,三重県,Mie,Homemaker
2011496,三浦沙織,14,29,研究職,神奈川県,Kanagawa,Researcher
2011497,水野彩,39,30,経理・財務,高知県,Kochi,Accounting and finance
2011498,村上悠斗,18,45,教員,福井県,Fukui,Teacher
2011499,谷口大地,11,34,経理・財務,埼玉県,Saitama,Accounting and finance
2011500,山田瑞穂,14,25,経理・財務,神奈川県,Kanagawa,Accounting and finance
2011501,木村千尋,13,54,自営業,東京都,Tokyo,Self-employed
2011502,西村陽子,46,45,建築士,鹿児島県,Kagoshima,Architect
2011503,横山義明,27,35,研究職,大阪府,Osaka,Researcher
2011504,菊地悠斗,12,41,運転手,千葉県,Chiba,Driver
2011505,滝沢秀樹,23,39,会社員,愛知県,Aichi,Company employee
2011506,森裕子,27,62,弁護士,大阪府,Osaka,Lawyer
2011507,今井一郎,12,35,農業,千葉県,Chiba,Farmer
2011508,渡辺克彦,12,32,営業職,千葉県,Chiba,Sales
2011509,菅原雄大,23,55,建築士,愛知県,Aichi,Architect
2011510,斎藤将也,33,51,販売員,岡山県,Okayama,Retail staff
2011511,石川克彦,12,32,パート・アルバイト,千葉県,Chiba,Part-time worker
2011512,太田光子,22,29,運転手,静岡県,Shizuoka,Driver
2011513,後藤瑞穂,43,36,コンサルタント,熊本県,Kumamoto,Consultant
2011514,古川美穂,4,53,学生,宮城県,Miyagi,Student
2011515,後藤優,33,22,研究職,岡山県,Okayama,Researcher
2011516,中島莉子,40,34,年金受給者,福岡県,Fukuoka,Pensioner
2011517,久保雄大,23,48,学生,愛知県,Aichi,Student
2011518,浜田哲也,14,63,建築士,神奈川県,Kanagawa,Architect
2011519,大野拓也,13,48,医師,東京都,Tokyo,Physician
2011520,大塚誠,9,51,主婦・主夫,栃木県,Tochigi,Homemaker
2011521,西村優,6,29,会計士,山形県,Yamagata,Accountant
2011522,中川瑞穂,3,31,エンジニア,岩手県,Iwate,Engineer
2011523,新井澪,12,67,看護師,千葉県,Chiba,Nurse
2011524,新井智也,13,49,パート・アルバイト,東京都,Tokyo,Part-time worker
2011525,大西将也,22,49,建築士,静岡県,Shizuoka,Architect
2011526,浜田典子,2,22,エンジニア,青森県,Aomori,Engineer
2011527,松本隆志,13,37,その他,東京都,Tokyo,Other
2011528,関恵,17,49,会社員,石川県,Ishikawa,Company employee
2011529,横田莉子,5,48,デザイナー,秋田県,Akita,Designer
2011530,金子美咲,4,57,建築士,宮城県,Miyagi,Architect
2011531,浜田典子,1,48,看護師,北海道,Hokkaido,Nurse
2011532,岡本沙織,11,45,飲食業,埼玉県,Saitama,Food service
2011533,田口玲子,13,27,パート・アルバイト,東京都,Tokyo,Part-time worker
2011534,本田健太,11,38,農業,埼玉県,Saitama,Farmer
2011535,千葉洋子,12,23,会計士,千葉県,Chiba,Accountant
2011536,高木智也,23,56,パート・アルバイト,愛知県,Aichi,Part-time worker
2011537,西村誠,46,60,運転手,鹿児島県,Kagoshima,Driver
2011538,河野慎太郎,39,75,営業職,高知県,Kochi,Sales
2011539,加藤亮,28,35,自営業,兵庫県,Hyogo,Self-employed
2011540,松田啓介,18,39,運転手,福井県,Fukui,Driver
2011541,武田洋平,28,22,運転手,兵庫県,Hyogo,Driver
2011542,吉田孝之,14,41,医師,神奈川県,Kanagawa,Physician
2011543,飯田浩二,22,46,弁護士,静岡県,Shizuoka,Lawyer
2011544,田村蓮,11,36,医師,埼玉県,Saitama,Physician
2011545,菊地凛,23,54,保育士,愛知県,Aichi,Childcare worker
2011546,岡本一郎,33,32,パート・アルバイト,岡山県,Okayama,Part-time worker
2011547,浜田久美子,46,53,自営業,鹿児島県,Kagoshima,Self-employed
2011548,小川将也,13,47,教員,東京都,Tokyo,Teacher
2011549,菅原莉子,7,30,農業,福島県,Fukushima,Farmer
2011550,浜田啓介,29,47,保育士,奈良県,Nara,Childcare worker
2011551,高田智子,14,46,建築士,神奈川県,Kanagawa,Architect
2011552,渡辺智子,8,58,年金受給者,茨城県,Ibaraki,Pensioner
2011553,千葉正樹,11,34,主婦・主夫,埼玉県,Saitama,Homemaker
2011554,新井和子,15,59,飲食業,新潟県,Niigata,Food service
2011555,松岡大地,35,43,経理・財務,山口県,Yamaguchi,Accounting and finance
2011556,市川和子,12,21,エンジニア,千葉県,Chiba,Engineer
2011557,酒井莉子,13,20,弁護士,東京都,Tokyo,Lawyer
2011558,杉本駿,27,20,研究職,大阪府,Osaka,Researcher
2011559,河野葵,5,38,医師,秋田県,Akita,Physician
2011560,中川陽子,11,60,看護師,埼玉県,Saitama,Nurse
2011561,東陸,40,24,漁業,福岡県,Fukuoka,Fisher
2011562,中村久美子,27,36,運転手,大阪府,Osaka,Driver
2011563,山本亜希子,25,40,学生,滋賀県,Shiga,Student
2011564,三浦千尋,37,42,看護師,香川県,Kagawa,Nurse
2011565,古川光,13,54,年金受給者,東京都,Tokyo,Pensioner
2011566,柴田陽介,32,50,運転手,島根県,Shimane,Driver
2011567,千葉克彦,1,35,漁業,北海道,Hokkaido,Fisher
2011568,中山蓮,28,52,薬剤師,兵庫県,Hyogo,Pharmacist
2011569,高田英樹,11,39,医師,埼玉県,Saitama,Physician
2011570,石川博之,22,42,教員,静岡県,Shizuoka,Teacher
2011571,中島悠人,25,40,薬剤師,滋賀県,Shiga,Pharmacist
2011572,杉本澪,37,63,弁護士,香川県,Kagawa,Lawyer
2011573,中山沙織,16,54,年金受給者,富山県,Toyama,Pensioner
2011574,星野桜,27,66,会社員,大阪府,Osaka,Company employee
2011575,菅原莉子,23,68,コンサルタント,愛知県,Aichi,Consultant
2011576,高田義明,23,54,漁業,愛知県,Aichi,Fisher
2011577,松井朱莉,8,58,美容師,茨城県,Ibaraki,Hairdresser
2011578,酒井芽衣,14,45,薬剤師,神奈川県,Kanagawa,Pharmacist
2011579,中村哲也,2,57,公務員,青森県,Aomori,Public servant
2011580,大塚澪,11,25,看護師,埼玉県,Saitama,Nurse
2011581,増田一郎,3,57,学生,岩手県,Iwate,Student
2011582,星野雄大,7,37,保育士,福島県,Fukushima,Childcare worker
2011583,大塚芽衣,1,51,看護師,北海道,Hokkaido,Nurse
2011584,東克彦,14,50,学生,神奈川県,Kanagawa,Student
2011585,藤井亜希子,7,46,漁業,福島県,Fukushima,Fisher
2011586,田中由美,13,54,研究職,東京都,Tokyo,Researcher
2011587,野村恵,31,44,エンジニア,鳥取県,Tottori,Engineer
2011588,安田裕子,28,27,主婦・主夫,兵庫県,Hyogo,Homemaker
2011589,横田千尋,11,26,会計士,埼玉県,Saitama,Accountant
2011590,篠原京子,28,31,保育士,兵庫県,Hyogo,Childcare worker
2011591,石田亜希子,23,71,運転手,愛知県,Aichi,Driver
2011592,石川一郎,26,57,会計士,京都府,Kyoto,Accountant
2011593,石井悠人,6,52,デザイナー,山形県,Yamagata,Designer
2011594,山田凛,13,29,教員,東京都,Tokyo,Teacher
2011595,山本美咲,11,32,運転手,埼玉県,Saitama,Driver
2011596,横田結衣,1,51,営業職,北海道,Hokkaido,Sales
2011597,工藤光,17,67,販売員,石川県,Ishikawa,Retail staff
2011598,千葉由美,35,38,公務員,山口県,Yamaguchi,Public servant
2011599,金子楓,2,74,美容師,青森県,Aomori,Hairdresser
2011600,森陸,13,53,営業職,東京都,Tokyo,Sales
2011601,白石直樹,9,34,教員,栃木県,Tochigi,Teacher
2011602,藤本恵,14,55,研究職,神奈川県,Kanagawa,Researcher
2011603,藤井文子,14,28,会社員,神奈川県,Kanagawa,Company employee
2011604,高橋香織,11,41,教員,埼玉県,Saitama,Teacher
2011605,井上光,38,64,会計士,愛媛県,Ehime,Accountant
2011606,渡部美穂,40,51,経理・財務,福岡県,Fukuoka,Accounting and finance
2011607,山田悠斗,11,77,農業,埼玉県,Saitama,Farmer
2011608,西村真一,7,56,その他,福島県,Fukushima,Other
2011609,山口啓介,46,65,経理・財務,鹿児島県,Kagoshima,Accounting and finance
2011610,桜井千尋,11,50,農業,埼玉県,Saitama,Farmer
2011611,東祐樹,12,50,飲食業,千葉県,Chiba,Food service
2011612,三浦大地,43,78,営業職,熊本県,Kumamoto,Sales
2011613,田口陸,46,55,教員,鹿児島県,Kagoshima,Teacher
2011614,森田直樹,28,41,教員,兵庫県,Hyogo,Teacher
2011615,高木雄大,1,59,パート・アルバイト,北海道,Hokkaido,Part-time worker
2011616,市川亮,14,51,年金受給者,神奈川県,Kanagawa,Pensioner
2011617,青木陸,6,61,公務員,山形県,Yamagata,Public servant
2011618,野口洋平,34,52,看護師,広島県,Hiroshima,Nurse
2011619,杉山大輝,20,72,主婦・主夫,長野県,Nagano,Homemaker
2011620,田中秀樹,18,79,看護師,福井県,Fukui,Nurse
2011621,横田京子,12,44,営業職,千葉県,Chiba,Sales
2011622,岡田七海,12,23,建築士,千葉県,Chiba,Architect
2011623,井上祐樹,43,48,農業,熊本県,Kumamoto,Farmer
2011624,近藤康平,13,45,美容師,東京都,Tokyo,Hairdresser
2011625,山田恵,7,38,薬剤師,福島県,Fukushima,Pharmacist
2011626,市川七海,42,20,飲食業,長崎県,Nagasaki,Food service
2011627,斎藤拓也,25,48,その他,滋賀県,Shiga,Other
2011628,後藤志保,2,60,公務員,青森県,Aomori,Public servant
2011629,工藤洋平,11,44,年金受給者,埼玉県,Saitama,Pensioner
2011630,青木幸子,40,26,エンジニア,福岡県,Fukuoka,Engineer
2011631,小松優,13,30,看護師,東京都,Tokyo,Nurse
2011632,田口志保,34,52,薬剤師,広島県,Hiroshima,Pharmacist
2011633,清水桜,13,35,エンジニア,東京都,Tokyo,Engineer
2011634,大西春香,17,30,パート・アルバイト,石川県,Ishikawa,Part-time worker
2011635,森慎太郎,45,61,営業職,宮崎県,Miyazaki,Sales
2011636,長谷川陽介,6,37,会計士,山形県,Yamagata,Accountant
2011637,松田一郎,27,66,学生,大阪府,Osaka,Student
2011638,山口陸,13,48,コンサルタント,東京都,Tokyo,Consultant
2011639,藤本桜,25,71,飲食業,滋賀県,Shiga,Food service
2011640,田村亮,13,45,エンジニア,東京都,Tokyo,Engineer
2011641,野口芽衣,18,52,年金受給者,福井県,Fukui,Pensioner
2011642,飯田秀樹,15,26,研究職,新潟県,Niigata,Researcher
2011643,伊藤秀樹,8,59,コンサルタント,茨城県,Ibaraki,Consultant
2011644,山下亮,27,35,経理・財務,大阪府,Osaka,Accounting and finance
2011645,木下智子,10,60,自営業,群馬県,Gunma,Self-employed
2011646,小島浩二,40,28,弁護士,福岡県,Fukuoka,Lawyer
2011647,柴田悠人,37,46,薬剤師,香川県,Kagawa,Pharmacist
2011648,青木達也,22,30,パート・アルバイト,静岡県,Shizuoka,Part-time worker
2011649,後藤秀樹,23,31,会社員,愛知県,Aichi,Company employee
2011650,井上彩,41,48,農業,佐賀県,Saga,Farmer
2011651,田中和子,37,68,その他,香川県,Kagawa,Other
2011652,上田正樹,11,25,年金受給者,埼玉県,Saitama,Pensioner
2011653,桜井京子,33,45,コンサルタント,岡山県,Okayama,Consultant
2011654,野村志保,11,20,医師,埼玉県,Saitama,Physician
2011655,高木朱莉,13,53,漁業,東京都,Tokyo,Fisher
2011656,菊地楓,29,41,年金受給者,奈良県,Nara,Pensioner
2011657,田口典子,43,76,飲食業,熊本県,Kumamoto,Food service
2011658,太田直美,14,22,コンサルタント,神奈川県,Kanagawa,Consultant
2011659,田中哲也,10,41,飲食業,群馬県,Gunma,Food service
2011660,平野洋平,20,37,主婦・主夫,長野県,Nagano,Homemaker
2011661,水野節子,22,31,その他,静岡県,Shizuoka,Other
2011662,松井祐樹,40,49,学生,福岡県,Fukuoka,Student
2011663,藤原翔太,11,50,運転手,埼玉県,Saitama,Driver
2011664,工藤直美,1,62,保育士,北海道,Hokkaido,Childcare worker
2011665,小林奈々,23,49,弁護士,愛知県,Aichi,Lawyer
2011666,斉藤啓介,5,55,エンジニア,秋田県,Akita,Engineer
2011667,清水裕子,11,28,パート・アルバイト,埼玉県,Saitama,Part-time worker
2011668,竹内桜,43,48,自営業,熊本県,Kumamoto,Self-employed
2011669,後藤将也,35,60,会計士,山口県,Yamaguchi,Accountant
2011670,松田亜希子,14,48,会社員,神奈川県,Kanagawa,Company employee
2011671,今井孝之,15,60,看護師,新潟県,Niigata,Nurse
2011672,横山大輝,32,47,薬剤師,島根県,Shimane,Pharmacist
2011673,古川優,27,31,看護師,大阪府,Osaka,Nurse
2011674,木下智也,27,65,学生,大阪府,Osaka,Student
2011675,新井浩二,40,55,デザイナー,福岡県,Fukuoka,Designer
2011676,星野康平,28,47,漁業,兵庫県,Hyogo,Fisher
2011677,森田拓也,42,54,学生,長崎県,Nagasaki,Student
2011678,小島涼太,11,47,運転手,埼玉県,Saitama,Driver
2011679,金子優,23,47,自営業,愛知県,Aichi,Self-employed
2011680,菅原孝之,4,64,漁業,宮城県,Miyagi,Fisher
2011681,三浦美咲,13,39,デザイナー,東京都,Tokyo,Designer
2011682,森田愛,4,64,運転手,宮城県,Miyagi,Driver
2011683,本田玲子,20,40,保育士,長野県,Nagano,Childcare worker
2011684,中山陽子,23,32,建築士,愛知県,Aichi,Architect
2011685,岡本久美子,28,55,看護師,兵庫県,Hyogo,Nurse
2011686,安藤航,14,30,年金受給者,神奈川県,Kanagawa,Pensioner
2011687,藤井美咲,16,69,運転手,富山県,Toyama,Driver
2011688,杉山千尋,33,44,保育士,岡山県,Okayama,Childcare worker
2011689,坂本航,27,44,美容師,大阪府,Osaka,Hairdresser
2011690,松本桜,22,61,弁護士,静岡県,Shizuoka,Lawyer
2011691,西村陸,11,29,保育士,埼玉県,Saitama,Childcare worker
2011692,伊藤愛,11,39,会社員,埼玉県,Saitama,Company employee
2011693,安藤和也,43,26,看護師,熊本県,Kumamoto,Nurse
2011694,増田大地,38,63,運転手,愛媛県,Ehime,Driver
2011695,竹内由美,46,46,看護師,鹿児島県,Kagoshima,Nurse
2011696,松岡哲也,30,48,教員,和歌山県,Wakayama,Teacher
2011697,菊地一郎,13,35,その他,東京都,Tokyo,Other
2011698,石川典子,13,43,その他,東京都,Tokyo,Other
2011699,斎藤香織,40,35,デザイナー,福岡県,Fukuoka,Designer
2011700,河野啓介,34,59,看護師,広島県,Hiroshima,Nurse
2011701,中島洋子,1,42,会計士,北海道,Hokkaido,Accountant
2011702,長谷川達也,45,38,営業職,宮崎県,Miyazaki,Sales
2011703,佐藤亮,18,30,漁業,福井県,Fukui,Fisher
2011704,加藤千尋,25,54,学生,滋賀県,Shiga,Student
2011705,安藤京子,23,78,主婦・主夫,愛知県,Aichi,Homemaker
2011706,池田洋平,27,30,自営業,大阪府,Osaka,Self-employed
2011707,藤本心春,23,30,漁業,愛知県,Aichi,Fisher
2011708,島田亜希子,27,52,教員,大阪府,Osaka,Teacher
2011709,中島智子,12,20,教員,千葉県,Chiba,Teacher
2011710,上野隆志,13,51,教員,東京都,Tokyo,Teacher
2011711,和田瑞穂,32,44,研究職,島根県,Shimane,Researcher
2011712,藤田裕子,13,42,建築士,東京都,Tokyo,Architect
2011713,高橋美咲,13,21,コンサルタント,東京都,Tokyo,Consultant
2011714,池田浩二,27,32,会社員,大阪府,Osaka,Company employee
2011715,河野志保,40,21,教員,福岡県,Fukuoka,Teacher
2011716,横田心春,40,31,美容師,福岡県,Fukuoka,Hairdresser
2011717,石川京子,22,25,営業職,静岡県,Shizuoka,Sales
2011718,田中七海,6,66,漁業,山形県,Yamagata,Fisher
2011719,後藤悠人,27,21,自営業,大阪府,Osaka,Self-employed
2011720,柴田彩,23,60,公務員,愛知県,Aichi,Public servant
2011721,久保朱莉,40,48,農業,福岡県,Fukuoka,Farmer
2011722,吉田陽子,44,42,パート・アルバイト,大分県,Oita,Part-time worker
2011723,岡田真一,28,55,営業職,兵庫県,Hyogo,Sales
2011724,大野孝之,14,59,公務員,神奈川県,Kanagawa,Public servant
2011725,星野久美子,11,36,農業,埼玉県,Saitama,Farmer
2011726,菊地啓介,40,28,看護師,福岡県,Fukuoka,Nurse
2011727,酒井玲子,42,53,コンサルタント,長崎県,Nagasaki,Consultant
2011728,久保奈々,12,49,運転手,千葉県,Chiba,Driver
2011729,菊地陸,28,30,医師,兵庫県,Hyogo,Physician
2011730,青木文子,27,45,会社員,大阪府,Osaka,Company employee
2011731,上野和子,40,31,コンサルタント,福岡県,Fukuoka,Consultant
2011732,佐藤雄大,28,55,経理・財務,兵庫県,Hyogo,Accounting and finance
2011733,福田智也,20,21,医師,長野県,Nagano,Physician
2011734,上野陽介,12,79,農業,千葉県,Chiba,Farmer
2011735,小林典子,34,53,看護師,広島県,Hiroshima,Nurse
2011736,菅原愛,1,37,会社員,北海道,Hokkaido,Company employee
2011737,木下美咲,23,61,飲食業,愛知県,Aichi,Food service
2011738,菅原結衣,22,49,その他,静岡県,Shizuoka,Other
2011739,渡辺光子,40,29,年金受給者,福岡県,Fukuoka,Pensioner
2011740,宮崎洋子,38,63,看護師,愛媛県,Ehime,Nurse
2011741,山本智子,39,59,教員,高知県,Kochi,Teacher
2011742,杉本洋子,13,30,営業職,東京都,Tokyo,Sales
2011743,平野優,3,36,看護師,岩手県,Iwate,Nurse
2011744,前田悠人,31,33,建築士,鳥取県,Tottori,Architect
2011745,山崎大地,28,41,デザイナー,兵庫県,Hyogo,Designer
2011746,加藤達也,33,31,飲食業,岡山県,Okayama,Food service
2011747,渡辺孝之,39,23,会計士,高知県,Kochi,Accountant
2011748,河野裕子,25,32,漁業,滋賀県,Shiga,Fisher
2011749,工藤大地,14,61,農業,神奈川県,Kanagawa,Farmer
2011750,大塚誠,13,49,年金受給者,東京都,Tokyo,Pensioner
2011751,小松達也,41,37,営業職,佐賀県,Saga,Sales
2011752,水野京子,14,76,販売員,神奈川県,Kanagawa,Retail staff
2011753,池田航,43,66,会社員,熊本県,Kumamoto,Company employee
2011754,後藤愛,12,59,年金受給者,千葉県,Chiba,Pensioner
2011755,本田浩二,1,44,美容師,北海道,Hokkaido,Hairdresser
2011756,上野浩二,33,61,漁業,岡山県,Okayama,Fisher
2011757,滝沢智子,12,60,経理・財務,千葉県,Chiba,Accounting and finance
2011758,松田智也,14,41,建築士,神奈川県,Kanagawa,Architect
2011759,河野大輝,28,66,学生,兵庫県,Hyogo,Student
2011760,篠原彩,23,35,美容師,愛知県,Aichi,Hairdresser
2011761,浜田陸,47,59,農業,沖縄県,Okinawa,Farmer
2011762,関美咲,35,44,保育士,山口県,Yamaguchi,Childcare worker
2011763,阿部英樹,44,58,営業職,大分県,Oita,Sales
2011764,伊藤駿,31,22,パート・アルバイト,鳥取県,Tottori,Part-time worker
2011765,大塚悠人,40,35,医師,福岡県,Fukuoka,Physician
2011766,岡本芽衣,14,75,年金受給者,神奈川県,Kanagawa,Pensioner
2011767,渡部香織,29,29,会社員,奈良県,Nara,Company employee
2011768,大野楓,38,60,保育士,愛媛県,Ehime,Childcare worker
2011769,村上真央,3,52,薬剤師,岩手県,Iwate,Pharmacist
2011770,渡部瑞穂,46,44,看護師,鹿児島県,Kagoshima,Nurse
2011771,田中和也,8,32,年金受給者,茨城県,Ibaraki,Pensioner
2011772,武田真央,22,32,自営業,静岡県,Shizuoka,Self-employed
2011773,野村陽介,11,50,経理・財務,埼玉県,Saitama,Accounting and finance
2011774,大野文子,39,38,会計士,高知県,Kochi,Accountant
2011775,三浦沙織,1,36,会計士,北海道,Hokkaido,Accountant
2011776,酒井蓮,11,54,営業職,埼玉県,Saitama,Sales
2011777,今井春香,14,73,弁護士,神奈川県,Kanagawa,Lawyer
2011778,坂本香織,14,22,経理・財務,神奈川県,Kanagawa,Accounting and finance
2011779,山下志保,21,23,運転手,岐阜県,Gifu,Driver
2011780,大塚亮,40,45,漁業,福岡県,Fukuoka,Fisher
2011781,井上雄大,13,50,その他,東京都,Tokyo,Other
2011782,池田愛,27,25,営業職,大阪府,Osaka,Sales
2011783,和田克彦,27,26,学生,大阪府,Osaka,Student
2011784,小野隆志,12,74,漁業,千葉県,Chiba,Fisher
2011785,河野香織,26,39,漁業,京都府,Kyoto,Fisher
2011786,柴田蓮,27,20,医師,大阪府,Osaka,Physician
2011787,木村楓,23,29,弁護士,愛知県,Aichi,Lawyer
2011788,石田春香,14,68,その他,神奈川県,Kanagawa,Other
2011789,藤原直美,22,63,建築士,静岡県,Shizuoka,Architect
2011790,福田節子,14,34,公務員,神奈川県,Kanagawa,Public servant
2011791,山本康平,27,50,経理・財務,大阪府,Osaka,Accounting and finance
2011792,和田瑞穂,25,29,建築士,滋賀県,Shiga,Architect
2011793,松田真一,23,58,医師,愛知県,Aichi,Physician
2011794,上田久美子,23,40,年金受給者,愛知県,Aichi,Pensioner
2011795,河野愛,46,38,学生,鹿児島県,Kagoshima,Student
2011796,杉山志保,22,60,年金受給者,静岡県,Shizuoka,Pensioner
2011797,久保香織,5,25,販売員,秋田県,Akita,Retail staff
2011798,福田誠,14,38,建築士,神奈川県,Kanagawa,Architect
2011799,森心春,13,49,年金受給者,東京都,Tokyo,Pensioner
2011800,田中心春,30,39,営業職,和歌山県,Wakayama,Sales
2011801,野口哲也,40,79,保育士,福岡県,Fukuoka,Childcare worker
2011802,藤井大輝,6,41,保育士,山形県,Yamagata,Childcare worker
2011803,田口澪,13,46,会計士,東京都,Tokyo,Accountant
2011804,和田洋平,12,57,年金受給者,千葉県,Chiba,Pensioner
2011805,柴田陽介,14,62,運転手,神奈川県,Kanagawa,Driver
2011806,古川翔太,25,59,漁業,滋賀県,Shiga,Fisher
2011807,杉本真央,19,30,農業,山梨県,Yamanashi,Farmer
2011808,山田京子,25,56,看護師,滋賀県,Shiga,Nurse
2011809,篠原直樹,12,61,運転手,千葉県,Chiba,Driver
2011810,高田悠人,47,20,営業職,沖縄県,Okinawa,Sales
2011811,藤原京子,12,34,年金受給者,千葉県,Chiba,Pensioner
2011812,橋本久美子,31,31,パート・アルバイト,鳥取県,Tottori,Part-time worker
2011813,村田千尋,1,36,弁護士,北海道,Hokkaido,Lawyer
2011814,松尾大地,25,56,コンサルタント,滋賀県,Shiga,Consultant
2011815,野村秀樹,27,30,公務員,大阪府,Osaka,Public servant
2011816,渡辺蓮,23,23,学生,愛知県,Aichi,Student
2011817,藤田雄大,18,50,建築士,福井県,Fukui,Architect
2011818,斎藤啓介,9,55,自営業,栃木県,Tochigi,Self-employed
2011819,千葉文子,13,51,パート・アルバイト,東京都,Tokyo,Part-time worker
2011820,星野楓,28,56,エンジニア,兵庫県,Hyogo,Engineer
2011821,藤本愛,26,51,会計士,京都府,Kyoto,Accountant
2011822,林凛,23,43,学生,愛知県,Aichi,Student
2011823,宮崎恵,6,39,保育士,山形県,Yamagata,Childcare worker
2011824,小川久美子,37,45,デザイナー,香川県,Kagawa,Designer
2011825,三浦翔太,13,56,漁業,東京都,Tokyo,Fisher
2011826,杉本七海,37,37,建築士,香川県,Kagawa,Architect
2011827,竹内奈々,40,58,薬剤師,福岡県,Fukuoka,Pharmacist
2011828,白石蓮,36,46,エンジニア,徳島県,Tokushima,Engineer
2011829,宮本春香,17,39,建築士,石川県,Ishikawa,Architect
2011830,岡田慎太郎,20,23,経理・財務,長野県,Nagano,Accounting and finance
2011831,山本蓮,41,51,主婦・主夫,佐賀県,Saga,Homemaker
2011832,岩崎孝之,1,61,医師,北海道,Hokkaido,Physician
2011833,野口智子,13,47,農業,東京都,Tokyo,Farmer
2011834,石川智子,33,71,保育士,岡山県,Okayama,Childcare worker
2011835,佐々木健太,24,39,会計士,三重県,Mie,Accountant
2011836,谷口由美,19,40,医師,山梨県,Yamanashi,Physician
2011837,滝沢桜,41,28,販売員,佐賀県,Saga,Retail staff
2011838,田口千尋,11,50,建築士,埼玉県,Saitama,Architect
2011839,原田楓,15,38,会社員,新潟県,Niigata,Company employee
2011840,増田愛,4,23,建築士,宮城県,Miyagi,Architect
2011841,東将也,42,37,公務員,長崎県,Nagasaki,Public servant
2011842,松尾千尋,1,37,主婦・主夫,北海道,Hokkaido,Homemaker
2011843,渡部誠,42,53,医師,長崎県,Nagasaki,Physician
2011844,平野節子,45,60,農業,宮崎県,Miyazaki,Farmer
2011845,岩崎大輝,45,35,年金受給者,宮崎県,Miyazaki,Pensioner
2011846,野口奈々,32,49,公務員,島根県,Shimane,Public servant
2011847,青木航,3,37,漁業,岩手県,Iwate,Fisher
2011848,山口大地,13,59,デザイナー,東京都,Tokyo,Designer
2011849,野村美咲,7,49,教員,福島県,Fukushima,Teacher
2011850,浜田楓,26,43,美容師,京都府,Kyoto,Hairdresser
2011851,遠藤七海,33,53,建築士,岡山県,Okayama,Architect
2011852,伊藤楓,38,39,看護師,愛媛県,Ehime,Nurse
2011853,工藤優,17,49,公務員,石川県,Ishikawa,Public servant
2011854,山田和也,28,61,運転手,兵庫県,Hyogo,Driver
2011855,飯田由美,13,37,医師,東京都,Tokyo,Physician
2011856,林隆志,35,42,経理・財務,山口県,Yamaguchi,Accounting and finance
2011857,金子彩,27,38,デザイナー,大阪府,Osaka,Designer
2011858,小川将也,15,24,年金受給者,新潟県,Niigata,Pensioner
2011859,今井雄大,22,42,コンサルタント,静岡県,Shizuoka,Consultant
2011860,松尾京子,13,33,公務員,東京都,Tokyo,Public servant
2011861,渡辺莉子,4,57,デザイナー,宮城県,Miyagi,Designer
2011862,中川由美,26,73,弁護士,京都府,Kyoto,Lawyer
2011863,橋本達也,27,43,薬剤師,大阪府,Osaka,Pharmacist
2011864,原浩二,42,44,経理・財務,長崎県,Nagasaki,Accounting and finance
2011865,西村康平,46,22,年金受給者,鹿児島県,Kagoshima,Pensioner
2011866,野村孝之,19,35,会計士,山梨県,Yamanashi,Accountant
2011867,佐藤一郎,38,24,飲食業,愛媛県,Ehime,Food service
2011868,市川香織,28,47,営業職,兵庫県,Hyogo,Sales
2011869,中村雄大,11,22,公務員,埼玉県,Saitama,Public servant
2011870,武田陽子,14,38,学生,神奈川県,Kanagawa,Student
2011871,太田真一,12,38,建築士,千葉県,Chiba,Architect
2011872,高橋浩二,14,40,教員,神奈川県,Kanagawa,Teacher
2011873,古川美咲,1,62,コンサルタント,北海道,Hokkaido,Consultant
2011874,浜田七海,11,52,会計士,埼玉県,Saitama,Accountant
2011875,村上大地,3,75,会計士,岩手県,Iwate,Accountant
2011876,千葉航,3,48,公務員,岩手県,Iwate,Public servant
2011877,遠藤瑞穂,5,72,販売員,秋田県,Akita,Retail staff
2011878,岩崎凛,40,63,パート・アルバイト,福岡県,Fukuoka,Part-time worker
2011879,武田慎太郎,43,55,農業,熊本県,Kumamoto,Farmer
2011880,坂本悠人,27,63,研究職,大阪府,Osaka,Researcher
2011881,大野桜,28,46,医師,兵庫県,Hyogo,Physician
2011882,近藤克彦,33,41,会計士,岡山県,Okayama,Accountant
2011883,武田康平,32,34,会計士,島根県,Shimane,Accountant
2011884,白石節子,12,39,美容師,千葉県,Chiba,Hairdresser
2011885,内田涼太,22,43,経理・財務,静岡県,Shizuoka,Accounting and finance
2011886,金子凛,1,20,医師,北海道,Hokkaido,Physician
2011887,谷口悠斗,12,33,漁業,千葉県,Chiba,Fisher
2011888,山下一郎,27,56,年金受給者,大阪府,Osaka,Pensioner
2011889,長谷川一郎,28,35,エンジニア,兵庫県,Hyogo,Engineer
2011890,渡部蓮,22,26,経理・財務,静岡県,Shizuoka,Accounting and finance
2011891,小川康平,14,70,医師,神奈川県,Kanagawa,Physician
2011892,山崎真央,21,43,農業,岐阜県,Gifu,Farmer
2011893,安田駿,27,62,運転手,大阪府,Osaka,Driver
2011894,森田楓,4,42,自営業,宮城県,Miyagi,Self-employed
2011895,斎藤芽衣,26,79,保育士,京都府,Kyoto,Childcare worker
2011896,篠原陽子,12,27,美容師,千葉県,Chiba,Hairdresser
2011897,谷口京子,22,54,デザイナー,静岡県,Shizuoka,Designer
2011898,内田典子,21,55,コンサルタント,岐阜県,Gifu,Consultant
2011899,丸山一郎,13,36,学生,東京都,Tokyo,Student
2011900,斉藤恵,35,38,医師,山口県,Yamaguchi,Physician
2011901,前田和也,28,40,保育士,兵庫県,Hyogo,Childcare worker
2011902,上田誠,14,42,医師,神奈川県,Kanagawa,Physician
2011903,岡本京子,35,78,デザイナー,山口県,Yamaguchi,Designer
2011904,村上節子,28,44,年金受給者,兵庫県,Hyogo,Pensioner
2011905,星野光,15,44,農業,新潟県,Niigata,Farmer
2011906,小林澪,7,32,薬剤師,福島県,Fukushima,Pharmacist
2011907,中川悠人,13,34,運転手,東京都,Tokyo,Driver
2011908,太田博之,28,59,経理・財務,兵庫県,Hyogo,Accounting and finance
2011909,中島涼太,27,54,営業職,大阪府,Osaka,Sales
2011910,坂本莉子,33,37,会計士,岡山県,Okayama,Accountant
2011911,工藤京子,26,72,漁業,京都府,Kyoto,Fisher
2011912,田中光,31,58,美容師,鳥取県,Tottori,Hairdresser
2011913,森田啓介,23,50,薬剤師,愛知県,Aichi,Pharmacist
2011914,森田孝之,26,33,コンサルタント,京都府,Kyoto,Consultant
2011915,千葉幸子,18,54,公務員,福井県,Fukui,Public servant
2011916,小島莉子,5,23,医師,秋田県,Akita,Physician
2011917,今井健太,36,42,漁業,徳島県,Tokushima,Fisher
2011918,小野義明,27,46,美容師,大阪府,Osaka,Hairdresser
2011919,池田恵,12,45,エンジニア,千葉県,Chiba,Engineer
2011920,竹内雄大,33,71,公務員,岡山県,Okayama,Public servant
2011921,谷口航,14,40,会計士,神奈川県,Kanagawa,Accountant
2011922,田村楓,11,47,研究職,埼玉県,Saitama,Researcher
2011923,藤原裕子,27,55,自営業,大阪府,Osaka,Self-employed
2011924,横山悠斗,27,23,会社員,大阪府,Osaka,Company employee
2011925,島田啓介,14,48,医師,神奈川県,Kanagawa,Physician
2011926,和田哲也,27,36,研究職,大阪府,Osaka,Researcher
2011927,石井洋子,14,73,デザイナー,神奈川県,Kanagawa,Designer
2011928,谷口哲也,1,20,パート・アルバイト,北海道,Hokkaido,Part-time worker
2011929,大塚孝之,3,26,経理・財務,岩手県,Iwate,Accounting and finance
2011930,中野結衣,31,46,教員,鳥取県,Tottori,Teacher
2011931,村上洋子,31,62,自営業,鳥取県,Tottori,Self-employed
2011932,橋本愛,27,65,医師,大阪府,Osaka,Physician
2011933,伊藤奈々,12,56,会社員,千葉県,Chiba,Company employee
2011934,飯田美穂,14,57,医師,神奈川県,Kanagawa,Physician
2011935,上野楓,27,20,公務員,大阪府,Osaka,Public servant
2011936,藤井拓也,13,28,運転手,東京都,Tokyo,Driver
2011937,池田克彦,14,33,自営業,神奈川県,Kanagawa,Self-employed
2011938,山口凛,16,31,運転手,富山県,Toyama,Driver
2011939,藤本真一,2,20,漁業,青森県,Aomori,Fisher
2011940,後藤拓也,13,22,その他,東京都,Tokyo,Other
2011941,田村啓介,12,30,自営業,千葉県,Chiba,Self-employed
2011942,石田啓介,24,40,会社員,三重県,Mie,Company employee
2011943,滝沢悠斗,8,63,建築士,茨城県,Ibaraki,Architect
2011944,斎藤蓮,10,37,その他,群馬県,Gunma,Other
2011945,高橋大地,3,29,販売員,岩手県,Iwate,Retail staff
2011946,斉藤美穂,14,37,その他,神奈川県,Kanagawa,Other
2011947,長谷川京子,40,24,会計士,福岡県,Fukuoka,Accountant
2011948,宮崎典子,13,36,パート・アルバイト,東京都,Tokyo,Part-time worker
2011949,井上洋平,28,20,営業職,兵庫県,Hyogo,Sales
2011950,東哲也,20,49,建築士,長野県,Nagano,Architect
2011951,大西美咲,9,53,主婦・主夫,栃木県,Tochigi,Homemaker
2011952,上田楓,23,78,パート・アルバイト,愛知県,Aichi,Part-time worker
2011953,小松航,27,58,営業職,大阪府,Osaka,Sales
2011954,田村蓮,24,35,主婦・主夫,三重県,Mie,Homemaker
2011955,村田駿,13,46,販売員,東京都,Tokyo,Retail staff
2011956,原田光,13,46,飲食業,東京都,Tokyo,Food service
2011957,森大地,18,53,営業職,福井県,Fukui,Sales
2011958,斎藤沙織,11,46,学生,埼玉県,Saitama,Student
2011959,久保駿,14,50,運転手,神奈川県,Kanagawa,Driver
2011960,山崎洋子,40,40,会計士,福岡県,Fukuoka,Accountant
2011961,宮崎沙織,11,35,農業,埼玉県,Saitama,Farmer
2011962,酒井七海,24,75,学生,三重県,Mie,Student
2011963,小野啓介,39,27,研究職,高知県,Kochi,Researcher
2011964,岩崎香織,13,51,飲食業,東京都,Tokyo,Food service
2011965,森悠斗,29,42,漁業,奈良県,Nara,Fisher
2011966,長谷川陸,40,34,看護師,福岡県,Fukuoka,Nurse
2011967,中島正樹,14,22,販売員,神奈川県,Kanagawa,Retail staff
2011968,安藤蓮,14,57,飲食業,神奈川県,Kanagawa,Food service
2011969,井上亜希子,12,26,飲食業,千葉県,Chiba,Food service
2011970,伊藤大地,40,57,医師,福岡県,Fukuoka,Physician
2011971,新井亜希子,14,63,運転手,神奈川県,Kanagawa,Driver
2011972,井上智子,13,76,経理・財務,東京都,Tokyo,Accounting and finance
2011973,斎藤裕子,13,54,薬剤師,東京都,Tokyo,Pharmacist
2011974,斎藤七海,27,43,農業,大阪府,Osaka,Farmer
2011975,武田克彦,1,61,弁護士,北海道,Hokkaido,Lawyer
2011976,原田英樹,1,31,販売員,北海道,Hokkaido,Retail staff
2011977,桜井光子,41,30,自営業,佐賀県,Saga,Self-employed
2011978,増田光子,41,46,会計士,佐賀県,Saga,Accountant
2011979,竹内一郎,11,48,漁業,埼玉県,Saitama,Fisher
2011980,平野康平,23,27,美容師,愛知県,Aichi,Hairdresser
2011981,岡本莉子,13,38,自営業,東京都,Tokyo,Self-employed
2011982,本田光,14,65,年金受給者,神奈川県,Kanagawa,Pensioner
2011983,福田孝之,43,49,運転手,熊本県,Kumamoto,Driver
2011984,渡部心春,22,47,主婦・主夫,静岡県,Shizuoka,Homemaker
2011985,青木涼太,2,50,営業職,青森県,Aomori,Sales
2011986,桜井陽子,40,43,経理・財務,福岡県,Fukuoka,Accounting and finance
2011987,渡辺悠人,23,45,経理・財務,愛知県,Aichi,Accounting and finance
2011988,小島陸,1,58,飲食業,北海道,Hokkaido,Food service
2011989,三浦雄大,18,41,デザイナー,福井県,Fukui,Designer
2011990,本田浩二,28,73,年金受給者,兵庫県,Hyogo,Pensioner
2011991,篠原葵,7,52,看護師,福島県,Fukushima,Nurse
2011992,松岡洋子,14,47,その他,神奈川県,Kanagawa,Other
2011993,佐々木美咲,27,55,建築士,大阪府,Osaka,Architect
2011994,河野文子,47,63,販売員,沖縄県,Okinawa,Retail staff
2011995,白石直美,23,77,主婦・主夫,愛知県,Aichi,Homemaker
2011996,松井美咲,36,21,研究職,徳島県,Tokushima,Researcher
2011997,松本翔太,12,45,教員,千葉県,Chiba,Teacher
2011998,斎藤沙織,13,35,薬剤師,東京都,Tokyo,Pharmacist
2011999,中島正樹,14,33,漁業,神奈川県,Kanagawa,Fisher
2012000,酒井誠,11,66,研究職,埼玉県,Saitama,Researcher
