EventID,DonationID,DonorID,MunicipalityID,GiftID,DonationAmountYen,DonatedAt,PaymentMethod,WorkshopRunId,ParticipantAlias,SourceFile,PublishedAtUtc
EVT-FRS-004879,6004879,2011671,452050,3005041,20000,2026-08-11T07:00:11Z,クレジットカード,increment-run-002,workshop-participant,donation_events_002.csv,2026-08-21T14:20:02Z
EVT-FRS-003023,6003023,2008263,462233,3001459,12000,2026-08-11T07:04:02Z,クレジットカード,increment-run-002,workshop-participant,donation_events_002.csv,2026-08-21T14:20:02Z
EVT-FRS-002542,6002542,2006457,232262,3001292,50000,2026-08-11T07:04:13Z,銀行振込,increment-run-002,workshop-participant,donation_events_002.csv,2026-08-21T14:20:02Z
EVT-FRS-008925,6008925,2002374,122165,3002111,10000,2026-08-11T07:26:43Z,電子決済,increment-run-002,workshop-participant,donation_events_002.csv,2026-08-21T14:20:02Z
EVT-FRS-002171,6002171,2003801,222062,3005156,10000,2026-08-11T07:27:37Z,コンビニ決済,increment-run-002,workshop-participant,donation_events_002.csv,2026-08-21T14:20:02Z
EVT-FRS-010525,6010525,2002683,232335,3005639,20000,2026-08-11T07:30:26Z,クレジットカード,increment-run-002,workshop-participant,donation_events_002.csv,2026-08-21T14:20:02Z
EVT-FRS-012448,6012448,2010395,112330,3001908,25000,2026-08-11T07:36:13Z,クレジットカード,increment-run-002,workshop-participant,donation_events_002.csv,2026-08-21T14:20:02Z
EVT-FRS-006854,6006854,2001432,222143,3004509,15000,2026-08-11T07:37:02Z,銀行振込,increment-run-002,workshop-participant,donation_events_002.csv,2026-08-21T14:20:02Z
EVT-FRS-003883,6003883,2010234,312011,3001340,20000,2026-08-11T07:37:36Z,クレジットカード,increment-run-002,workshop-participant,donation_events_002.csv,2026-08-21T14:20:02Z
EVT-FRS-012166,6012166,2010486,142018,3000919,20000,2026-08-11T07:40:26Z,電子決済,increment-run-002,workshop-participant,donation_events_002.csv,2026-08-21T14:20:02Z
EVT-FRS-004110,6004110,2008541,232378,3001880,15000,2026-08-11T07:42:55Z,クレジットカード,increment-run-002,workshop-participant,donation_events_002.csv,2026-08-21T14:20:02Z
EVT-FRS-001865,6001865,2011597,232262,3000856,25000,2026-08-11T07:44:13Z,クレジットカード,increment-run-002,workshop-participant,donation_events_002.csv,2026-08-21T14:20:02Z
EVT-FRS-003099,6003099,2006572,052027,3001852,30000,2026-08-11T07:51:40Z,コンビニ決済,increment-run-002,workshop-participant,donation_events_002.csv,2026-08-21T14:20:02Z
EVT-FRS-000638,6000638,2000913,062120,3000130,15000,2026-08-11T07:56:11Z,クレジットカード,increment-run-002,workshop-participant,donation_events_002.csv,2026-08-21T14:20:02Z
EVT-FRS-005161,6005161,2010416,382043,3002011,8000,2026-08-11T08:00:56Z,クレジットカード,increment-run-002,workshop-participant,donation_events_002.csv,2026-08-21T14:20:02Z
EVT-FRS-014655,6014655,2000229,402044,3000720,5000,2026-08-11T08:01:34Z,クレジットカード,increment-run-002,workshop-participant,donation_events_002.csv,2026-08-21T14:20:02Z
EVT-FRS-010254,6010254,2009086,272132,3000119,15000,2026-08-11T08:02:47Z,電子決済,increment-run-002,workshop-participant,donation_events_002.csv,2026-08-21T14:20:02Z
EVT-FRS-005588,6005588,2004663,013323,3003148,10000,2026-08-11T08:08:35Z,電子決済,increment-run-002,workshop-participant,donation_events_002.csv,2026-08-21T14:20:02Z
EVT-FRS-002882,6002882,2004520,112178,3005619,12000,2026-08-11T08:10:31Z,銀行振込,increment-run-002,workshop-participant,donation_events_002.csv,2026-08-21T14:20:02Z
EVT-FRS-011051,6011051,2009468,464821,3001863,20000,2026-08-11T08:16:21Z,クレジットカード,increment-run-002,workshop-participant,donation_events_002.csv,2026-08-21T14:20:02Z
EVT-FRS-002048,6002048,2002180,272132,3005617,10000,2026-08-11T08:16:40Z,クレジットカード,increment-run-002,workshop-participant,donation_events_002.csv,2026-08-21T14:20:02Z
EVT-FRS-011178,6011178,2002939,162086,3000308,10000,2026-08-11T08:16:50Z,クレジットカード,increment-run-002,workshop-participant,donation_events_002.csv,2026-08-21T14:20:02Z
EVT-FRS-008014,6008014,2009498,452025,3002265,100000,2026-08-11T08:23:10Z,クレジットカード,increment-run-002,workshop-participant,donation_events_002.csv,2026-08-21T14:20:02Z
EVT-FRS-007364,6007364,2001075,402044,3000720,30000,2026-08-11T08:23:22Z,クレジットカード,increment-run-002,workshop-participant,donation_events_002.csv,2026-08-21T14:20:02Z
EVT-FRS-003189,6003189,2007198,432032,3005216,10000,2026-08-11T08:26:48Z,クレジットカード,increment-run-002,workshop-participant,donation_events_002.csv,2026-08-21T14:20:02Z
EVT-FRS-001267,6001267,2003846,082341,3000228,30000,2026-08-11T08:27:13Z,銀行振込,increment-run-002,workshop-participant,donation_events_002.csv,2026-08-21T14:20:02Z
EVT-FRS-001386,6001386,2009673,023043,3004598,30000,2026-08-11T08:37:16Z,クレジットカード,increment-run-002,workshop-participant,donation_events_002.csv,2026-08-21T14:20:02Z
EVT-FRS-008257,6008257,2004183,272175,3005968,10000,2026-08-11T08:44:42Z,クレジットカード,increment-run-002,workshop-participant,donation_events_002.csv,2026-08-21T14:20:02Z
EVT-FRS-000943,6000943,2011821,281000,3000078,15000,2026-08-11T08:45:42Z,クレジットカード,increment-run-002,workshop-participant,donation_events_002.csv,2026-08-21T14:20:02Z
EVT-FRS-008905,6008905,2002194,012173,3003495,10000,2026-08-11T08:49:22Z,コンビニ決済,increment-run-002,workshop-participant,donation_events_002.csv,2026-08-21T14:20:02Z
EVT-FRS-011599,6011599,2001118,012173,3003495,25000,2026-08-11T08:50:56Z,クレジットカード,increment-run-002,workshop-participant,donation_events_002.csv,2026-08-21T14:20:02Z
EVT-FRS-012687,6012687,2003369,452025,3003435,10000,2026-08-11T08:52:56Z,コンビニ決済,increment-run-002,workshop-participant,donation_events_002.csv,2026-08-21T14:20:02Z
EVT-FRS-010456,6010456,2003392,182095,3003265,10000,2026-08-11T08:53:20Z,クレジットカード,increment-run-002,workshop-participant,donation_events_002.csv,2026-08-21T14:20:02Z
EVT-FRS-001612,6001612,2010315,122335,3002881,10000,2026-08-11T08:59:50Z,クレジットカード,increment-run-002,workshop-participant,donation_events_002.csv,2026-08-21T14:20:02Z
EVT-FRS-014676,6014676,2003736,402125,3003281,12000,2026-08-11T09:00:56Z,クレジットカード,increment-run-002,workshop-participant,donation_events_002.csv,2026-08-21T14:20:02Z
EVT-FRS-006331,6006331,2002699,322041,3005714,15000,2026-08-11T09:04:10Z,クレジットカード,increment-run-002,workshop-participant,donation_events_002.csv,2026-08-21T14:20:02Z
EVT-FRS-009794,6009794,2009470,082112,3003621,15000,2026-08-11T09:04:30Z,電子決済,increment-run-002,workshop-participant,donation_events_002.csv,2026-08-21T14:20:02Z
EVT-FRS-008189,6008189,2005925,012149,3001903,10000,2026-08-11T09:08:09Z,クレジットカード,increment-run-002,workshop-participant,donation_events_002.csv,2026-08-21T14:20:02Z
EVT-FRS-005565,6005565,2008338,016659,3002807,20000,2026-08-11T09:10:41Z,クレジットカード,increment-run-002,workshop-participant,donation_events_002.csv,2026-08-21T14:20:02Z
EVT-FRS-001870,6001870,2007877,142051,3001926,10000,2026-08-11T09:11:15Z,クレジットカード,increment-run-002,workshop-participant,donation_events_002.csv,2026-08-21T14:20:02Z
EVT-FRS-008947,6008947,2005283,422088,3005641,30000,2026-08-11T09:12:58Z,電子決済,increment-run-002,workshop-participant,donation_events_002.csv,2026-08-21T14:20:02Z
EVT-FRS-009883,6009883,2000869,372072,3003596,12000,2026-08-11T09:14:58Z,クレジットカード,increment-run-002,workshop-participant,donation_events_002.csv,2026-08-21T14:20:02Z
EVT-FRS-004392,6004392,2000415,082201,3002857,70000,2026-08-11T09:16:49Z,クレジットカード,increment-run-002,workshop-participant,donation_events_002.csv,2026-08-21T14:20:02Z
EVT-FRS-004708,6004708,2001112,232211,3003507,10000,2026-08-11T09:32:27Z,クレジットカード,increment-run-002,workshop-participant,donation_events_002.csv,2026-08-21T14:20:02Z
EVT-FRS-000681,6000681,2010090,252018,3004932,50000,2026-08-11T09:35:42Z,クレジットカード,increment-run-002,workshop-participant,donation_events_002.csv,2026-08-21T14:20:02Z
EVT-FRS-001569,6001569,2010179,152048,3004422,20000,2026-08-11T09:36:31Z,クレジットカード,increment-run-002,workshop-participant,donation_events_002.csv,2026-08-21T14:20:02Z
EVT-FRS-008696,6008696,2004137,212067,3001953,10000,2026-08-11T09:36:41Z,クレジットカード,increment-run-002,workshop-participant,donation_events_002.csv,2026-08-21T14:20:02Z
EVT-FRS-006504,6006504,2008111,202061,3001397,25000,2026-08-11T09:37:58Z,クレジットカード,increment-run-002,workshop-participant,donation_events_002.csv,2026-08-21T14:20:02Z
EVT-FRS-011419,6011419,2008151,442143,3000579,10000,2026-08-11T09:39:51Z,クレジットカード,increment-run-002,workshop-participant,donation_events_002.csv,2026-08-21T14:20:02Z
EVT-FRS-002238,6002238,2006215,322067,3005994,40000,2026-08-11T09:41:22Z,クレジットカード,increment-run-002,workshop-participant,donation_events_002.csv,2026-08-21T14:20:02Z
EVT-FRS-009120,6009120,2011338,222208,3000646,10000,2026-08-11T09:43:31Z,クレジットカード,increment-run-002,workshop-participant,donation_events_002.csv,2026-08-21T14:20:02Z
EVT-FRS-013347,6013347,2000956,202029,3003172,15000,2026-08-11T09:45:01Z,クレジットカード,increment-run-002,workshop-participant,donation_events_002.csv,2026-08-21T14:20:02Z
EVT-FRS-011490,6011490,2001773,012149,3001903,15000,2026-08-11T09:52:51Z,クレジットカード,increment-run-002,workshop-participant,donation_events_002.csv,2026-08-21T14:20:02Z
EVT-FRS-013176,6013176,2007014,282162,3004266,8000,2026-08-11T09:53:31Z,クレジットカード,increment-run-002,workshop-participant,donation_events_002.csv,2026-08-21T14:20:02Z
EVT-FRS-011162,6011162,2008776,162060,3004561,12000,2026-08-11T09:55:17Z,クレジットカード,increment-run-002,workshop-participant,donation_events_002.csv,2026-08-21T14:20:02Z
EVT-FRS-008686,6008686,2003241,013471,3004581,30000,2026-08-11T09:55:19Z,電子決済,increment-run-002,workshop-participant,donation_events_002.csv,2026-08-21T14:20:02Z
EVT-FRS-002875,6002875,2009156,042021,3001467,15000,2026-08-11T09:56:17Z,クレジットカード,increment-run-002,workshop-participant,donation_events_002.csv,2026-08-21T14:20:02Z
EVT-FRS-000086,6000086,2000235,232335,3005639,15000,2026-08-11T09:58:38Z,クレジットカード,increment-run-002,workshop-participant,donation_events_002.csv,2026-08-21T14:20:02Z
EVT-FRS-008770,6008770,2006806,222151,3000002,10000,2026-08-11T10:02:44Z,コンビニ決済,increment-run-002,workshop-participant,donation_events_002.csv,2026-08-21T14:20:02Z
EVT-FRS-011306,6011306,2004616,232157,3000502,20000,2026-08-11T10:05:27Z,電子決済,increment-run-002,workshop-participant,donation_events_002.csv,2026-08-21T14:20:02Z
EVT-FRS-004540,6004540,2004034,022063,3004120,20000,2026-08-11T10:05:47Z,クレジットカード,increment-run-002,workshop-participant,donation_events_002.csv,2026-08-21T14:20:02Z
EVT-FRS-011283,6011283,2001084,282138,3001058,8000,2026-08-11T10:07:56Z,クレジットカード,increment-run-002,workshop-participant,donation_events_002.csv,2026-08-21T14:20:02Z
EVT-FRS-012992,6012992,2011556,412023,3004246,10000,2026-08-11T10:08:04Z,クレジットカード,increment-run-002,workshop-participant,donation_events_002.csv,2026-08-21T14:20:02Z
EVT-FRS-000660,6000660,2008463,141003,3005776,15000,2026-08-11T10:14:02Z,クレジットカード,increment-run-002,workshop-participant,donation_events_002.csv,2026-08-21T14:20:02Z
EVT-FRS-008082,6008082,2007652,192091,3001868,30000,2026-08-11T10:18:32Z,コンビニ決済,increment-run-002,workshop-participant,donation_events_002.csv,2026-08-21T14:20:02Z
EVT-FRS-006141,6006141,2004350,122254,3002882,15000,2026-08-11T10:25:30Z,電子決済,increment-run-002,workshop-participant,donation_events_002.csv,2026-08-21T14:20:02Z
EVT-FRS-014303,6014303,2008064,204099,3002283,10000,2026-08-11T10:25:34Z,クレジットカード,increment-run-002,workshop-participant,donation_events_002.csv,2026-08-21T14:20:02Z
EVT-FRS-010721,6010721,2005217,382035,3003658,12000,2026-08-11T10:29:19Z,クレジットカード,increment-run-002,workshop-participant,donation_events_002.csv,2026-08-21T14:20:02Z
EVT-FRS-012264,6012264,2010296,123293,3002412,12000,2026-08-11T10:32:03Z,クレジットカード,increment-run-002,workshop-participant,donation_events_002.csv,2026-08-21T14:20:02Z
EVT-FRS-005846,6005846,2009676,114421,3001422,15000,2026-08-11T10:39:02Z,クレジットカード,increment-run-002,workshop-participant,donation_events_002.csv,2026-08-21T14:20:02Z
EVT-FRS-014653,6014653,2006397,182087,3004186,5000,2026-08-11T10:40:40Z,クレジットカード,increment-run-002,workshop-participant,donation_events_002.csv,2026-08-21T14:20:02Z
EVT-FRS-005983,6005983,2011556,212083,3004324,5000,2026-08-11T10:44:20Z,クレジットカード,increment-run-002,workshop-participant,donation_events_002.csv,2026-08-21T14:20:02Z
EVT-FRS-008782,6008782,2009305,302091,3000684,20000,2026-08-11T10:45:55Z,クレジットカード,increment-run-002,workshop-participant,donation_events_002.csv,2026-08-21T14:20:02Z
EVT-FRS-010805,6010805,2010682,075434,3004148,20000,2026-08-11T10:46:01Z,クレジットカード,increment-run-002,workshop-participant,donation_events_002.csv,2026-08-21T14:20:02Z
EVT-FRS-000749,6000749,2011064,282197,3004386,10000,2026-08-11T10:48:28Z,コンビニ決済,increment-run-002,workshop-participant,donation_events_002.csv,2026-08-21T14:20:02Z
EVT-FRS-001022,6001022,2003755,092061,3002452,20000,2026-08-11T10:50:36Z,電子決済,increment-run-002,workshop-participant,donation_events_002.csv,2026-08-21T14:20:02Z
EVT-FRS-012775,6012775,2010962,472107,3002653,20000,2026-08-11T10:53:01Z,銀行振込,increment-run-002,workshop-participant,donation_events_002.csv,2026-08-21T14:20:02Z
EVT-FRS-000366,6000366,2009935,252140,3003192,10000,2026-08-11T10:54:42Z,クレジットカード,increment-run-002,workshop-participant,donation_events_002.csv,2026-08-21T14:20:02Z
EVT-FRS-007318,6007318,2005634,162086,3001095,5000,2026-08-11T10:56:58Z,クレジットカード,increment-run-002,workshop-participant,donation_events_002.csv,2026-08-21T14:20:02Z
EVT-FRS-002660,6002660,2010178,432032,3004207,10000,2026-08-11T10:57:39Z,クレジットカード,increment-run-002,workshop-participant,donation_events_002.csv,2026-08-21T14:20:02Z
EVT-FRS-007278,6007278,2008865,042111,3005877,10000,2026-08-11T10:58:46Z,クレジットカード,increment-run-002,workshop-participant,donation_events_002.csv,2026-08-21T14:20:02Z
EVT-FRS-008298,6008298,2004159,082368,3003366,20000,2026-08-11T11:06:44Z,電子決済,increment-run-002,workshop-participant,donation_events_002.csv,2026-08-21T14:20:02Z
EVT-FRS-004748,6004748,2009681,182079,3003228,10000,2026-08-11T11:07:28Z,銀行振込,increment-run-002,workshop-participant,donation_events_002.csv,2026-08-21T14:20:02Z
EVT-FRS-001206,6001206,2002918,222127,3004313,30000,2026-08-11T11:09:40Z,電子決済,increment-run-002,workshop-participant,donation_events_002.csv,2026-08-21T14:20:02Z
EVT-FRS-005916,6005916,2005304,232190,3001466,30000,2026-08-11T11:14:11Z,クレジットカード,increment-run-002,workshop-participant,donation_events_002.csv,2026-08-21T14:20:02Z
EVT-FRS-007706,6007706,2011933,016454,3003739,10000,2026-08-11T11:16:03Z,コンビニ決済,increment-run-002,workshop-participant,donation_events_002.csv,2026-08-21T14:20:02Z
EVT-FRS-001307,6001307,2007917,202070,3004076,30000,2026-08-11T11:21:59Z,クレジットカード,increment-run-002,workshop-participant,donation_events_002.csv,2026-08-21T14:20:02Z
EVT-FRS-010252,6010252,2007149,022039,3004557,12000,2026-08-11T11:22:32Z,コンビニ決済,increment-run-002,workshop-participant,donation_events_002.csv,2026-08-21T14:20:02Z
EVT-FRS-007903,6007903,2010885,282103,3000517,10000,2026-08-11T11:23:52Z,電子決済,increment-run-002,workshop-participant,donation_events_002.csv,2026-08-21T14:20:02Z
EVT-FRS-010427,6010427,2008415,182087,3001180,20000,2026-08-11T11:26:09Z,クレジットカード,increment-run-002,workshop-participant,donation_events_002.csv,2026-08-21T14:20:02Z
EVT-FRS-012385,6012385,2005519,062103,3000822,25000,2026-08-11T11:28:48Z,クレジットカード,increment-run-002,workshop-participant,donation_events_002.csv,2026-08-21T14:20:02Z
EVT-FRS-012526,6012526,2005175,272027,3004841,20000,2026-08-11T11:35:36Z,電子決済,increment-run-002,workshop-participant,donation_events_002.csv,2026-08-21T14:20:02Z
EVT-FRS-010251,6010251,2001508,432032,3005336,10000,2026-08-11T11:38:11Z,クレジットカード,increment-run-002,workshop-participant,donation_events_002.csv,2026-08-21T14:20:02Z
EVT-FRS-008608,6008608,2010822,252034,3005112,8000,2026-08-11T11:38:23Z,クレジットカード,increment-run-002,workshop-participant,donation_events_002.csv,2026-08-21T14:20:02Z
EVT-FRS-006397,6006397,2004232,151009,3001713,15000,2026-08-11T11:43:43Z,電子決済,increment-run-002,workshop-participant,donation_events_002.csv,2026-08-21T14:20:02Z
EVT-FRS-010383,6010383,2003662,082112,3003621,25000,2026-08-11T11:44:14Z,クレジットカード,increment-run-002,workshop-participant,donation_events_002.csv,2026-08-21T14:20:02Z
EVT-FRS-014331,6014331,2002136,462047,3003316,5000,2026-08-11T11:46:59Z,コンビニ決済,increment-run-002,workshop-participant,donation_events_002.csv,2026-08-21T14:20:02Z
EVT-FRS-000867,6000867,2009160,082163,3005141,60000,2026-08-11T11:53:43Z,クレジットカード,increment-run-002,workshop-participant,donation_events_002.csv,2026-08-21T14:20:02Z
EVT-FRS-007216,6007216,2009607,432130,3002371,15000,2026-08-11T11:54:00Z,クレジットカード,increment-run-002,workshop-participant,donation_events_002.csv,2026-08-21T14:20:02Z
EVT-FRS-012447,6012447,2006514,431001,3002471,15000,2026-08-11T11:54:30Z,クレジットカード,increment-run-002,workshop-participant,donation_events_002.csv,2026-08-21T14:20:02Z
EVT-FRS-013405,6013405,2011855,112321,3004570,10000,2026-08-11T11:57:26Z,クレジットカード,increment-run-002,workshop-participant,donation_events_002.csv,2026-08-21T14:20:02Z
EVT-FRS-006029,6006029,2003544,465011,3003264,15000,2026-08-11T12:04:30Z,銀行振込,increment-run-002,workshop-participant,donation_events_002.csv,2026-08-21T14:20:02Z
EVT-FRS-002352,6002352,2007224,442135,3003352,25000,2026-08-11T12:07:20Z,電子決済,increment-run-002,workshop-participant,donation_events_002.csv,2026-08-21T14:20:02Z
EVT-FRS-012853,6012853,2005506,202151,3003574,15000,2026-08-11T12:18:46Z,電子決済,increment-run-002,workshop-participant,donation_events_002.csv,2026-08-21T14:20:02Z
EVT-FRS-008940,6008940,2004984,272132,3002927,30000,2026-08-11T12:24:30Z,コンビニ決済,increment-run-002,workshop-participant,donation_events_002.csv,2026-08-21T14:20:02Z
EVT-FRS-013581,6013581,2009737,392090,3005016,20000,2026-08-11T12:37:14Z,銀行振込,increment-run-002,workshop-participant,donation_events_002.csv,2026-08-21T14:20:02Z
EVT-FRS-008720,6008720,2000661,222054,3002220,10000,2026-08-11T12:37:26Z,クレジットカード,increment-run-002,workshop-participant,donation_events_002.csv,2026-08-21T14:20:02Z
EVT-FRS-011874,6011874,2002437,062014,3001248,30000,2026-08-11T12:46:08Z,クレジットカード,increment-run-002,workshop-participant,donation_events_002.csv,2026-08-21T14:20:02Z
EVT-FRS-007068,6007068,2007870,332101,3005670,20000,2026-08-11T12:53:14Z,クレジットカード,increment-run-002,workshop-participant,donation_events_002.csv,2026-08-21T14:20:02Z
EVT-FRS-003693,6003693,2004769,203637,3000043,15000,2026-08-11T12:53:43Z,コンビニ決済,increment-run-002,workshop-participant,donation_events_002.csv,2026-08-21T14:20:02Z
EVT-FRS-012125,6012125,2010262,452025,3002265,60000,2026-08-11T13:00:12Z,銀行振込,increment-run-002,workshop-participant,donation_events_002.csv,2026-08-21T14:20:02Z
EVT-FRS-001140,6001140,2002539,202070,3000976,20000,2026-08-11T13:03:55Z,クレジットカード,increment-run-002,workshop-participant,donation_events_002.csv,2026-08-21T14:20:02Z
EVT-FRS-014256,6014256,2002945,122246,3003263,20000,2026-08-11T13:04:58Z,電子決済,increment-run-002,workshop-participant,donation_events_002.csv,2026-08-21T14:20:02Z
EVT-FRS-001749,6001749,2007876,152234,3003879,15000,2026-08-11T13:06:31Z,クレジットカード,increment-run-002,workshop-participant,donation_events_002.csv,2026-08-21T14:20:02Z
EVT-FRS-012990,6012990,2010625,112160,3000680,10000,2026-08-11T13:07:59Z,電子決済,increment-run-002,workshop-participant,donation_events_002.csv,2026-08-21T14:20:02Z
EVT-FRS-001187,6001187,2001019,092100,3002316,25000,2026-08-11T13:10:27Z,クレジットカード,increment-run-002,workshop-participant,donation_events_002.csv,2026-08-21T14:20:02Z
EVT-FRS-007867,6007867,2004740,024121,3001628,5000,2026-08-11T13:11:13Z,電子決済,increment-run-002,workshop-participant,donation_events_002.csv,2026-08-21T14:20:02Z
EVT-FRS-001349,6001349,2007778,262099,3002579,10000,2026-08-11T13:14:23Z,コンビニ決済,increment-run-002,workshop-participant,donation_events_002.csv,2026-08-21T14:20:02Z
EVT-FRS-012011,6012011,2003683,122114,3001493,20000,2026-08-11T13:16:04Z,クレジットカード,increment-run-002,workshop-participant,donation_events_002.csv,2026-08-21T14:20:02Z
EVT-FRS-004903,6004903,2001874,432113,3002983,10000,2026-08-11T13:16:06Z,銀行振込,increment-run-002,workshop-participant,donation_events_002.csv,2026-08-21T14:20:02Z
EVT-FRS-000915,6000915,2002192,452025,3005848,10000,2026-08-11T13:19:35Z,コンビニ決済,increment-run-002,workshop-participant,donation_events_002.csv,2026-08-21T14:20:02Z
EVT-FRS-014141,6014141,2010267,222089,3003577,30000,2026-08-11T13:20:25Z,コンビニ決済,increment-run-002,workshop-participant,donation_events_002.csv,2026-08-21T14:20:02Z
EVT-FRS-000708,6000708,2007352,472131,3001258,10000,2026-08-11T13:25:35Z,電子決済,increment-run-002,workshop-participant,donation_events_002.csv,2026-08-21T14:20:02Z
EVT-FRS-013822,6013822,2000884,112062,3003107,15000,2026-08-11T13:28:21Z,クレジットカード,increment-run-002,workshop-participant,donation_events_002.csv,2026-08-21T14:20:02Z
EVT-FRS-008586,6008586,2002591,142131,3005812,50000,2026-08-11T13:29:23Z,電子決済,increment-run-002,workshop-participant,donation_events_002.csv,2026-08-21T14:20:02Z
EVT-FRS-002849,6002849,2001887,372072,3002684,25000,2026-08-11T13:34:50Z,コンビニ決済,increment-run-002,workshop-participant,donation_events_002.csv,2026-08-21T14:20:02Z
EVT-FRS-006093,6006093,2000043,402184,3004348,10000,2026-08-11T13:36:44Z,クレジットカード,increment-run-002,workshop-participant,donation_events_002.csv,2026-08-21T14:20:02Z
EVT-FRS-006595,6006595,2004776,272256,3000676,20000,2026-08-11T13:38:51Z,電子決済,increment-run-002,workshop-participant,donation_events_002.csv,2026-08-21T14:20:02Z
EVT-FRS-002362,6002362,2010447,042137,3001073,25000,2026-08-11T13:48:06Z,クレジットカード,increment-run-002,workshop-participant,donation_events_002.csv,2026-08-21T14:20:02Z
EVT-FRS-005180,6005180,2011342,382043,3002011,25000,2026-08-11T13:49:31Z,電子決済,increment-run-002,workshop-participant,donation_events_002.csv,2026-08-21T14:20:02Z
EVT-FRS-006361,6006361,2004855,062073,3001792,15000,2026-08-11T13:52:43Z,クレジットカード,increment-run-002,workshop-participant,donation_events_002.csv,2026-08-21T14:20:02Z
EVT-FRS-011770,6011770,2007217,272132,3003896,30000,2026-08-11T13:52:58Z,コンビニ決済,increment-run-002,workshop-participant,donation_events_002.csv,2026-08-21T14:20:02Z
EVT-FRS-006455,6006455,2011374,192074,3004354,30000,2026-08-11T13:56:34Z,クレジットカード,increment-run-002,workshop-participant,donation_events_002.csv,2026-08-21T14:20:02Z
EVT-FRS-011404,6011404,2010711,142034,3002356,15000,2026-08-11T13:59:29Z,電子決済,increment-run-002,workshop-participant,donation_events_002.csv,2026-08-21T14:20:02Z
EVT-FRS-004446,6004446,2010024,232297,3005704,20000,2026-08-11T14:03:44Z,クレジットカード,increment-run-002,workshop-participant,donation_events_002.csv,2026-08-21T14:20:02Z
EVT-FRS-004782,6004782,2006683,142042,3000722,10000,2026-08-11T14:15:16Z,コンビニ決済,increment-run-002,workshop-participant,donation_events_002.csv,2026-08-21T14:20:02Z
EVT-FRS-010038,6010038,2001765,272230,3002861,12000,2026-08-11T14:17:15Z,電子決済,increment-run-002,workshop-participant,donation_events_002.csv,2026-08-21T14:20:02Z
EVT-FRS-000759,6000759,2003917,402311,3002410,15000,2026-08-11T14:21:50Z,電子決済,increment-run-002,workshop-participant,donation_events_002.csv,2026-08-21T14:20:02Z
EVT-FRS-002621,6002621,2001200,272132,3000119,25000,2026-08-11T14:21:58Z,クレジットカード,increment-run-002,workshop-participant,donation_events_002.csv,2026-08-21T14:20:02Z
EVT-FRS-001385,6001385,2006910,122190,3003157,15000,2026-08-11T14:22:33Z,電子決済,increment-run-002,workshop-participant,donation_events_002.csv,2026-08-21T14:20:02Z
EVT-FRS-011426,6011426,2006457,342157,3002242,10000,2026-08-11T14:30:51Z,クレジットカード,increment-run-002,workshop-participant,donation_events_002.csv,2026-08-21T14:20:02Z
EVT-FRS-004040,6004040,2003638,152099,3002906,70000,2026-08-11T14:32:39Z,クレジットカード,increment-run-002,workshop-participant,donation_events_002.csv,2026-08-21T14:20:02Z
EVT-FRS-001416,6001416,2004756,122076,3005844,50000,2026-08-11T14:35:20Z,電子決済,increment-run-002,workshop-participant,donation_events_002.csv,2026-08-21T14:20:02Z
EVT-FRS-008279,6008279,2003991,462101,3005890,15000,2026-08-11T14:35:38Z,クレジットカード,increment-run-002,workshop-participant,donation_events_002.csv,2026-08-21T14:20:02Z
EVT-FRS-003374,6003374,2011433,082112,3003621,15000,2026-08-11T14:43:19Z,クレジットカード,increment-run-002,workshop-participant,donation_events_002.csv,2026-08-21T14:20:02Z
EVT-FRS-014172,6014172,2006557,142034,3002364,10000,2026-08-11T14:47:13Z,クレジットカード,increment-run-002,workshop-participant,donation_events_002.csv,2026-08-21T14:20:02Z
EVT-FRS-008033,6008033,2009832,462144,3003108,30000,2026-08-11T14:47:18Z,クレジットカード,increment-run-002,workshop-participant,donation_events_002.csv,2026-08-21T14:20:02Z
EVT-FRS-013021,6013021,2010166,205630,3001724,20000,2026-08-11T14:52:38Z,銀行振込,increment-run-002,workshop-participant,donation_events_002.csv,2026-08-21T14:20:02Z
EVT-FRS-008933,6008933,2008102,472123,3001104,20000,2026-08-11T14:54:01Z,電子決済,increment-run-002,workshop-participant,donation_events_002.csv,2026-08-21T14:20:02Z
EVT-FRS-007326,6007326,2009260,452025,3005848,20000,2026-08-11T14:57:57Z,クレジットカード,increment-run-002,workshop-participant,donation_events_002.csv,2026-08-21T14:20:02Z
EVT-FRS-008000,6008000,2000474,262072,3000926,10000,2026-08-11T15:02:09Z,コンビニ決済,increment-run-002,workshop-participant,donation_events_002.csv,2026-08-21T14:20:02Z
EVT-FRS-004440,6004440,2004296,232149,3003556,12000,2026-08-11T15:03:32Z,電子決済,increment-run-002,workshop-participant,donation_events_002.csv,2026-08-21T14:20:02Z
EVT-FRS-014099,6014099,2005270,082261,3000370,30000,2026-08-11T15:05:26Z,コンビニ決済,increment-run-002,workshop-participant,donation_events_002.csv,2026-08-21T14:20:02Z
EVT-FRS-005625,6005625,2011937,292010,3002355,10000,2026-08-11T15:06:49Z,クレジットカード,increment-run-002,workshop-participant,donation_events_002.csv,2026-08-21T14:20:02Z
EVT-FRS-004604,6004604,2000527,422037,3001941,40000,2026-08-11T15:07:49Z,クレジットカード,increment-run-002,workshop-participant,donation_events_002.csv,2026-08-21T14:20:02Z
EVT-FRS-005363,6005363,2010036,016659,3000045,8000,2026-08-11T15:10:22Z,電子決済,increment-run-002,workshop-participant,donation_events_002.csv,2026-08-21T14:20:02Z
EVT-FRS-003993,6003993,2007187,472140,3001328,10000,2026-08-11T15:11:52Z,クレジットカード,increment-run-002,workshop-participant,donation_events_002.csv,2026-08-21T14:20:02Z
EVT-FRS-000620,6000620,2003632,082082,3004854,5000,2026-08-11T15:15:34Z,クレジットカード,increment-run-002,workshop-participant,donation_events_002.csv,2026-08-21T14:20:02Z
EVT-FRS-009329,6009329,2009675,192121,3000778,5000,2026-08-11T15:15:37Z,コンビニ決済,increment-run-002,workshop-participant,donation_events_002.csv,2026-08-21T14:20:02Z
EVT-FRS-013028,6013028,2008393,402273,3000987,15000,2026-08-11T15:19:32Z,コンビニ決済,increment-run-002,workshop-participant,donation_events_002.csv,2026-08-21T14:20:02Z
EVT-FRS-013565,6013565,2005521,222232,3000511,10000,2026-08-11T15:20:11Z,銀行振込,increment-run-002,workshop-participant,donation_events_002.csv,2026-08-21T14:20:02Z
EVT-FRS-001023,6001023,2005533,182095,3005357,40000,2026-08-11T15:23:16Z,クレジットカード,increment-run-002,workshop-participant,donation_events_002.csv,2026-08-21T14:20:02Z
EVT-FRS-012986,6012986,2001773,402117,3000751,5000,2026-08-11T15:23:46Z,クレジットカード,increment-run-002,workshop-participant,donation_events_002.csv,2026-08-21T14:20:02Z
EVT-FRS-008165,6008165,2004547,082058,3002415,30000,2026-08-11T15:23:56Z,電子決済,increment-run-002,workshop-participant,donation_events_002.csv,2026-08-21T14:20:02Z
EVT-FRS-011986,6011986,2008623,182087,3003170,30000,2026-08-11T15:25:16Z,電子決済,increment-run-002,workshop-participant,donation_events_002.csv,2026-08-21T14:20:02Z
EVT-FRS-007747,6007747,2004884,232033,3003286,10000,2026-08-11T15:26:15Z,クレジットカード,increment-run-002,workshop-participant,donation_events_002.csv,2026-08-21T14:20:02Z
EVT-FRS-011413,6011413,2010393,012262,3001975,10000,2026-08-11T15:31:36Z,クレジットカード,increment-run-002,workshop-participant,donation_events_002.csv,2026-08-21T14:20:02Z
EVT-FRS-003515,6003515,2004788,192112,3002586,20000,2026-08-11T15:35:42Z,電子決済,increment-run-002,workshop-participant,donation_events_002.csv,2026-08-21T14:20:02Z
EVT-FRS-001926,6001926,2008203,182010,3003048,20000,2026-08-11T15:38:05Z,電子決済,increment-run-002,workshop-participant,donation_events_002.csv,2026-08-21T14:20:02Z
EVT-FRS-014210,6014210,2010707,182087,3001180,20000,2026-08-11T15:42:31Z,クレジットカード,increment-run-002,workshop-participant,donation_events_002.csv,2026-08-21T14:20:02Z
EVT-FRS-004596,6004596,2010036,402273,3003639,15000,2026-08-11T15:43:23Z,クレジットカード,increment-run-002,workshop-participant,donation_events_002.csv,2026-08-21T14:20:02Z
EVT-FRS-006825,6006825,2003919,132039,3005556,10000,2026-08-11T15:46:49Z,銀行振込,increment-run-002,workshop-participant,donation_events_002.csv,2026-08-21T14:20:02Z
EVT-FRS-014032,6014032,2008037,262099,3002926,10000,2026-08-11T15:49:24Z,銀行振込,increment-run-002,workshop-participant,donation_events_002.csv,2026-08-21T14:20:02Z
EVT-FRS-003532,6003532,2002002,132021,3002501,10000,2026-08-11T15:55:39Z,クレジットカード,increment-run-002,workshop-participant,donation_events_002.csv,2026-08-21T14:20:02Z
EVT-FRS-010708,6010708,2005428,452025,3003388,30000,2026-08-11T15:55:51Z,電子決済,increment-run-002,workshop-participant,donation_events_002.csv,2026-08-21T14:20:02Z
EVT-FRS-010604,6010604,2006158,352128,3003774,20000,2026-08-11T15:57:18Z,クレジットカード,increment-run-002,workshop-participant,donation_events_002.csv,2026-08-21T14:20:02Z
EVT-FRS-010541,6010541,2011242,412058,3001350,12000,2026-08-11T16:02:40Z,電子決済,increment-run-002,workshop-participant,donation_events_002.csv,2026-08-21T14:20:02Z
EVT-FRS-012690,6012690,2004771,151009,3005770,10000,2026-08-11T16:06:26Z,クレジットカード,increment-run-002,workshop-participant,donation_events_002.csv,2026-08-21T14:20:02Z
EVT-FRS-010154,6010154,2009357,465313,3002506,10000,2026-08-11T16:07:20Z,クレジットカード,increment-run-002,workshop-participant,donation_events_002.csv,2026-08-21T14:20:02Z
EVT-FRS-013202,6013202,2011643,122076,3005018,25000,2026-08-11T16:14:39Z,クレジットカード,increment-run-002,workshop-participant,donation_events_002.csv,2026-08-21T14:20:02Z
EVT-FRS-000833,6000833,2006522,142107,3000770,12000,2026-08-11T16:20:03Z,銀行振込,increment-run-002,workshop-participant,donation_events_002.csv,2026-08-21T14:20:02Z
EVT-FRS-014268,6014268,2002921,172014,3005238,10000,2026-08-11T16:21:11Z,電子決済,increment-run-002,workshop-participant,donation_events_002.csv,2026-08-21T14:20:02Z
EVT-FRS-006341,6006341,2008239,154822,3004635,10000,2026-08-11T16:24:14Z,クレジットカード,increment-run-002,workshop-participant,donation_events_002.csv,2026-08-21T14:20:02Z
EVT-FRS-001772,6001772,2006025,432067,3000056,15000,2026-08-11T16:27:40Z,クレジットカード,increment-run-002,workshop-participant,donation_events_002.csv,2026-08-21T14:20:02Z
EVT-FRS-000448,6000448,2001470,212041,3005278,20000,2026-08-11T16:36:00Z,クレジットカード,increment-run-002,workshop-participant,donation_events_002.csv,2026-08-21T14:20:02Z
EVT-FRS-011841,6011841,2003028,452068,3004711,10000,2026-08-11T16:36:22Z,クレジットカード,increment-run-002,workshop-participant,donation_events_002.csv,2026-08-21T14:20:02Z
EVT-FRS-002640,6002640,2005837,462101,3004911,30000,2026-08-11T16:39:05Z,クレジットカード,increment-run-002,workshop-participant,donation_events_002.csv,2026-08-21T14:20:02Z
EVT-FRS-014776,6014776,2001803,432121,3000094,20000,2026-08-11T16:44:24Z,クレジットカード,increment-run-002,workshop-participant,donation_events_002.csv,2026-08-21T14:20:02Z
EVT-FRS-008561,6008561,2009096,432148,3005075,12000,2026-08-11T16:45:40Z,クレジットカード,increment-run-002,workshop-participant,donation_events_002.csv,2026-08-21T14:20:02Z
EVT-FRS-005336,6005336,2007542,272060,3004127,10000,2026-08-11T16:46:06Z,クレジットカード,increment-run-002,workshop-participant,donation_events_002.csv,2026-08-21T14:20:02Z
EVT-FRS-014321,6014321,2004012,442143,3005087,10000,2026-08-11T16:47:34Z,コンビニ決済,increment-run-002,workshop-participant,donation_events_002.csv,2026-08-21T14:20:02Z
EVT-FRS-013180,6013180,2003237,302023,3000089,15000,2026-08-11T16:47:44Z,コンビニ決済,increment-run-002,workshop-participant,donation_events_002.csv,2026-08-21T14:20:02Z
EVT-FRS-014789,6014789,2007283,072133,3001301,12000,2026-08-11T16:48:49Z,クレジットカード,increment-run-002,workshop-participant,donation_events_002.csv,2026-08-21T14:20:02Z
EVT-FRS-012096,6012096,2000046,142166,3005648,70000,2026-08-11T16:49:18Z,クレジットカード,increment-run-002,workshop-participant,donation_events_002.csv,2026-08-21T14:20:02Z
EVT-FRS-000926,6000926,2000499,462225,3000096,12000,2026-08-11T16:50:19Z,銀行振込,increment-run-002,workshop-participant,donation_events_002.csv,2026-08-21T14:20:02Z
EVT-FRS-013748,6013748,2006094,182079,3001749,25000,2026-08-11T16:56:14Z,電子決済,increment-run-002,workshop-participant,donation_events_002.csv,2026-08-21T14:20:02Z
EVT-FRS-010264,6010264,2005183,272086,3003287,12000,2026-08-11T17:02:31Z,クレジットカード,increment-run-002,workshop-participant,donation_events_002.csv,2026-08-21T14:20:02Z
EVT-FRS-014150,6014150,2008129,406473,3002850,10000,2026-08-11T17:08:32Z,クレジットカード,increment-run-002,workshop-participant,donation_events_002.csv,2026-08-21T14:20:02Z
EVT-FRS-014217,6014217,2003895,222038,3005794,25000,2026-08-11T17:09:51Z,クレジットカード,increment-run-002,workshop-participant,donation_events_002.csv,2026-08-21T14:20:02Z
EVT-FRS-012022,6012022,2002276,222101,3004147,10000,2026-08-11T17:11:42Z,クレジットカード,increment-run-002,workshop-participant,donation_events_002.csv,2026-08-21T14:20:02Z
EVT-FRS-011392,6011392,2005168,262064,3002639,12000,2026-08-11T17:15:20Z,クレジットカード,increment-run-002,workshop-participant,donation_events_002.csv,2026-08-21T14:20:02Z
EVT-FRS-000372,6000372,2001177,432059,3001162,10000,2026-08-11T17:19:30Z,クレジットカード,increment-run-002,workshop-participant,donation_events_002.csv,2026-08-21T14:20:02Z
EVT-FRS-001134,6001134,2008660,142042,3000722,10000,2026-08-11T17:20:23Z,クレジットカード,increment-run-002,workshop-participant,donation_events_002.csv,2026-08-21T14:20:02Z
EVT-FRS-005380,6005380,2003625,112020,3001896,10000,2026-08-11T17:21:25Z,クレジットカード,increment-run-002,workshop-participant,donation_events_002.csv,2026-08-21T14:20:02Z
EVT-FRS-006106,6006106,2008369,184047,3000198,25000,2026-08-11T17:22:40Z,クレジットカード,increment-run-002,workshop-participant,donation_events_002.csv,2026-08-21T14:20:02Z
EVT-FRS-002466,6002466,2002716,153851,3003680,30000,2026-08-11T17:23:15Z,銀行振込,increment-run-002,workshop-participant,donation_events_002.csv,2026-08-21T14:20:02Z
EVT-FRS-002717,6002717,2005989,052035,3002746,15000,2026-08-11T17:29:20Z,クレジットカード,increment-run-002,workshop-participant,donation_events_002.csv,2026-08-21T14:20:02Z
EVT-FRS-006301,6006301,2009405,452084,3002138,50000,2026-08-11T17:32:30Z,クレジットカード,increment-run-002,workshop-participant,donation_events_002.csv,2026-08-21T14:20:02Z
EVT-FRS-010097,6010097,2006090,232033,3005826,12000,2026-08-11T17:34:39Z,電子決済,increment-run-002,workshop-participant,donation_events_002.csv,2026-08-21T14:20:02Z
EVT-FRS-013808,6013808,2006580,473553,3000368,10000,2026-08-11T17:40:34Z,クレジットカード,increment-run-002,workshop-participant,donation_events_002.csv,2026-08-21T14:20:02Z
EVT-FRS-013975,6013975,2006427,082147,3000610,20000,2026-08-11T17:42:30Z,電子決済,increment-run-002,workshop-participant,donation_events_002.csv,2026-08-21T14:20:02Z
EVT-FRS-002134,6002134,2009787,112437,3002999,5000,2026-08-11T17:43:35Z,クレジットカード,increment-run-002,workshop-participant,donation_events_002.csv,2026-08-21T14:20:02Z
EVT-FRS-013540,6013540,2000635,462063,3004095,15000,2026-08-11T17:47:45Z,電子決済,increment-run-002,workshop-participant,donation_events_002.csv,2026-08-21T14:20:02Z
EVT-FRS-002571,6002571,2009064,132241,3003363,30000,2026-08-11T17:47:49Z,クレジットカード,increment-run-002,workshop-participant,donation_events_002.csv,2026-08-21T14:20:02Z
EVT-FRS-009442,6009442,2005594,132047,3003710,12000,2026-08-11T17:53:29Z,クレジットカード,increment-run-002,workshop-participant,donation_events_002.csv,2026-08-21T14:20:02Z
EVT-FRS-005529,6005529,2008129,012173,3004165,10000,2026-08-11T17:57:37Z,銀行振込,increment-run-002,workshop-participant,donation_events_002.csv,2026-08-21T14:20:02Z
EVT-FRS-001914,6001914,2003757,102024,3004038,10000,2026-08-11T17:58:36Z,電子決済,increment-run-002,workshop-participant,donation_events_002.csv,2026-08-21T14:20:02Z
EVT-FRS-000987,6000987,2007203,024121,3005029,50000,2026-08-11T17:58:54Z,クレジットカード,increment-run-002,workshop-participant,donation_events_002.csv,2026-08-21T14:20:02Z
EVT-FRS-013826,6013826,2001452,082317,3000841,15000,2026-08-11T18:01:19Z,電子決済,increment-run-002,workshop-participant,donation_events_002.csv,2026-08-21T14:20:02Z
EVT-FRS-001760,6001760,2011756,452050,3000177,30000,2026-08-11T18:03:37Z,電子決済,increment-run-002,workshop-participant,donation_events_002.csv,2026-08-21T14:20:02Z
EVT-FRS-002932,6002932,2008016,464686,3003500,10000,2026-08-11T18:10:14Z,クレジットカード,increment-run-002,workshop-participant,donation_events_002.csv,2026-08-21T14:20:02Z
EVT-FRS-004787,6004787,2010675,272132,3003896,10000,2026-08-11T18:11:01Z,クレジットカード,increment-run-002,workshop-participant,donation_events_002.csv,2026-08-21T14:20:02Z
EVT-FRS-009864,6009864,2003690,432164,3001171,20000,2026-08-11T18:12:10Z,クレジットカード,increment-run-002,workshop-participant,donation_events_002.csv,2026-08-21T14:20:02Z
EVT-FRS-011907,6011907,2007316,222194,3001954,8000,2026-08-11T18:14:55Z,クレジットカード,increment-run-002,workshop-participant,donation_events_002.csv,2026-08-21T14:20:02Z
EVT-FRS-002726,6002726,2000069,392111,3005640,12000,2026-08-11T18:17:18Z,クレジットカード,increment-run-002,workshop-participant,donation_events_002.csv,2026-08-21T14:20:02Z
EVT-FRS-002941,6002941,2005380,232114,3001933,20000,2026-08-11T18:17:33Z,銀行振込,increment-run-002,workshop-participant,donation_events_002.csv,2026-08-21T14:20:02Z
EVT-FRS-010763,6010763,2002309,212075,3003864,25000,2026-08-11T18:21:02Z,クレジットカード,increment-run-002,workshop-participant,donation_events_002.csv,2026-08-21T14:20:02Z
EVT-FRS-004173,6004173,2003022,222127,3004313,10000,2026-08-11T18:30:33Z,電子決済,increment-run-002,workshop-participant,donation_events_002.csv,2026-08-21T14:20:02Z
EVT-FRS-003396,6003396,2000916,432083,3003635,8000,2026-08-11T18:32:33Z,クレジットカード,increment-run-002,workshop-participant,donation_events_002.csv,2026-08-21T14:20:02Z
EVT-FRS-011046,6011046,2003092,222241,3002314,10000,2026-08-11T18:33:44Z,電子決済,increment-run-002,workshop-participant,donation_events_002.csv,2026-08-21T14:20:02Z
EVT-FRS-005287,6005287,2002344,122114,3001493,12000,2026-08-11T18:34:35Z,銀行振込,increment-run-002,workshop-participant,donation_events_002.csv,2026-08-21T14:20:02Z
EVT-FRS-008443,6008443,2000125,111007,3005885,5000,2026-08-11T18:38:49Z,電子決済,increment-run-002,workshop-participant,donation_events_002.csv,2026-08-21T14:20:02Z
EVT-FRS-014505,6014505,2011560,342131,3001475,20000,2026-08-11T18:38:59Z,クレジットカード,increment-run-002,workshop-participant,donation_events_002.csv,2026-08-21T14:20:02Z
EVT-FRS-007670,6007670,2004633,222194,3005835,15000,2026-08-11T18:43:51Z,クレジットカード,increment-run-002,workshop-participant,donation_events_002.csv,2026-08-21T14:20:02Z
EVT-FRS-000958,6000958,2003207,044440,3001605,30000,2026-08-11T18:46:48Z,電子決済,increment-run-002,workshop-participant,donation_events_002.csv,2026-08-21T14:20:02Z
EVT-FRS-006485,6006485,2002824,142131,3003940,15000,2026-08-11T18:49:10Z,電子決済,increment-run-002,workshop-participant,donation_events_002.csv,2026-08-21T14:20:02Z
EVT-FRS-004375,6004375,2007593,113018,3001107,10000,2026-08-11T18:51:04Z,電子決済,increment-run-002,workshop-participant,donation_events_002.csv,2026-08-21T14:20:02Z
EVT-FRS-006510,6006510,2003015,402141,3002645,15000,2026-08-11T18:54:14Z,クレジットカード,increment-run-002,workshop-participant,donation_events_002.csv,2026-08-21T14:20:02Z
EVT-FRS-002251,6002251,2005193,402214,3003466,12000,2026-08-11T18:59:15Z,クレジットカード,increment-run-002,workshop-participant,donation_events_002.csv,2026-08-21T14:20:02Z
EVT-FRS-007433,6007433,2007567,042072,3003933,10000,2026-08-11T19:01:07Z,クレジットカード,increment-run-002,workshop-participant,donation_events_002.csv,2026-08-21T14:20:02Z
EVT-FRS-010683,6010683,2002309,022071,3005607,10000,2026-08-11T19:14:21Z,クレジットカード,increment-run-002,workshop-participant,donation_events_002.csv,2026-08-21T14:20:02Z
EVT-FRS-011994,6011994,2009106,422029,3004961,10000,2026-08-11T19:17:12Z,クレジットカード,increment-run-002,workshop-participant,donation_events_002.csv,2026-08-21T14:20:02Z
EVT-FRS-012067,6012067,2009341,032077,3002619,12000,2026-08-11T19:17:33Z,クレジットカード,increment-run-002,workshop-participant,donation_events_002.csv,2026-08-21T14:20:02Z
EVT-FRS-011280,6011280,2010038,282031,3001092,20000,2026-08-11T19:19:59Z,クレジットカード,increment-run-002,workshop-participant,donation_events_002.csv,2026-08-21T14:20:02Z
EVT-FRS-005477,6005477,2010073,402214,3003466,12000,2026-08-11T19:25:38Z,クレジットカード,increment-run-002,workshop-participant,donation_events_002.csv,2026-08-21T14:20:02Z
EVT-FRS-010317,6010317,2003112,015466,3005989,20000,2026-08-11T19:32:52Z,クレジットカード,increment-run-002,workshop-participant,donation_events_002.csv,2026-08-21T14:20:02Z
EVT-FRS-009458,6009458,2000248,252107,3004393,15000,2026-08-11T19:36:42Z,クレジットカード,increment-run-002,workshop-participant,donation_events_002.csv,2026-08-21T14:20:02Z
EVT-FRS-014298,6014298,2011582,232017,3005339,15000,2026-08-11T19:47:22Z,クレジットカード,increment-run-002,workshop-participant,donation_events_002.csv,2026-08-21T14:20:02Z
EVT-FRS-009467,6009467,2005613,462047,3003316,10000,2026-08-11T19:47:33Z,クレジットカード,increment-run-002,workshop-participant,donation_events_002.csv,2026-08-21T14:20:02Z
EVT-FRS-006207,6006207,2009151,392081,3004586,20000,2026-08-11T19:51:32Z,クレジットカード,increment-run-002,workshop-participant,donation_events_002.csv,2026-08-21T14:20:02Z
EVT-FRS-000719,6000719,2008224,032026,3002814,15000,2026-08-11T19:53:12Z,クレジットカード,increment-run-002,workshop-participant,donation_events_002.csv,2026-08-21T14:20:02Z
EVT-FRS-002798,6002798,2007852,352063,3002027,40000,2026-08-11T19:54:21Z,クレジットカード,increment-run-002,workshop-participant,donation_events_002.csv,2026-08-21T14:20:02Z
EVT-FRS-011210,6011210,2000980,052060,3004806,10000,2026-08-11T19:54:58Z,銀行振込,increment-run-002,workshop-participant,donation_events_002.csv,2026-08-21T14:20:02Z
EVT-FRS-011695,6011695,2003143,092053,3004169,15000,2026-08-11T20:02:44Z,クレジットカード,increment-run-002,workshop-participant,donation_events_002.csv,2026-08-21T14:20:02Z
EVT-FRS-012711,6012711,2005613,221007,3003040,15000,2026-08-11T20:04:39Z,コンビニ決済,increment-run-002,workshop-participant,donation_events_002.csv,2026-08-21T14:20:02Z
EVT-FRS-001237,6001237,2007021,142174,3001616,12000,2026-08-11T20:11:16Z,クレジットカード,increment-run-002,workshop-participant,donation_events_002.csv,2026-08-21T14:20:02Z
EVT-FRS-010816,6010816,2005142,015865,3003269,20000,2026-08-11T20:12:31Z,クレジットカード,increment-run-002,workshop-participant,donation_events_002.csv,2026-08-21T14:20:02Z
EVT-FRS-013655,6013655,2005470,422142,3005051,10000,2026-08-11T20:12:35Z,クレジットカード,increment-run-002,workshop-participant,donation_events_002.csv,2026-08-21T14:20:02Z
EVT-FRS-002438,6002438,2003518,132110,3000206,12000,2026-08-11T20:17:06Z,電子決済,increment-run-002,workshop-participant,donation_events_002.csv,2026-08-21T14:20:02Z
EVT-FRS-011193,6011193,2007497,112038,3000955,15000,2026-08-11T20:19:49Z,クレジットカード,increment-run-002,workshop-participant,donation_events_002.csv,2026-08-21T14:20:02Z
EVT-FRS-003264,6003264,2009914,372064,3000159,20000,2026-08-11T20:21:32Z,クレジットカード,increment-run-002,workshop-participant,donation_events_002.csv,2026-08-21T14:20:02Z
EVT-FRS-005271,6005271,2008375,072028,3005212,10000,2026-08-11T20:23:27Z,クレジットカード,increment-run-002,workshop-participant,donation_events_002.csv,2026-08-21T14:20:02Z
EVT-FRS-005667,6005667,2004256,122343,3003672,10000,2026-08-11T20:24:18Z,クレジットカード,increment-run-002,workshop-participant,donation_events_002.csv,2026-08-21T14:20:02Z
EVT-FRS-001600,6001600,2009402,462250,3002968,10000,2026-08-11T20:24:28Z,クレジットカード,increment-run-002,workshop-participant,donation_events_002.csv,2026-08-21T14:20:02Z
EVT-FRS-008628,6008628,2009535,212121,3004157,25000,2026-08-11T20:24:39Z,電子決済,increment-run-002,workshop-participant,donation_events_002.csv,2026-08-21T14:20:02Z
EVT-FRS-006645,6006645,2002309,142123,3003724,5000,2026-08-11T20:28:37Z,クレジットカード,increment-run-002,workshop-participant,donation_events_002.csv,2026-08-21T14:20:02Z
EVT-FRS-000151,6000151,2008161,272132,3005617,20000,2026-08-11T20:31:26Z,クレジットカード,increment-run-002,workshop-participant,donation_events_002.csv,2026-08-21T14:20:02Z
EVT-FRS-004420,6004420,2003280,452025,3002268,8000,2026-08-11T20:33:55Z,コンビニ決済,increment-run-002,workshop-participant,donation_events_002.csv,2026-08-21T14:20:02Z
EVT-FRS-001259,6001259,2004617,162086,3001095,10000,2026-08-11T20:33:56Z,クレジットカード,increment-run-002,workshop-participant,donation_events_002.csv,2026-08-21T14:20:02Z
EVT-FRS-000825,6000825,2010913,072079,3005665,50000,2026-08-11T20:39:45Z,クレジットカード,increment-run-002,workshop-participant,donation_events_002.csv,2026-08-21T14:20:02Z
EVT-FRS-006752,6006752,2001476,231002,3003379,5000,2026-08-11T20:40:10Z,クレジットカード,increment-run-002,workshop-participant,donation_events_002.csv,2026-08-21T14:20:02Z
EVT-FRS-011325,6011325,2003342,012122,3001803,20000,2026-08-11T20:41:33Z,クレジットカード,increment-run-002,workshop-participant,donation_events_002.csv,2026-08-21T14:20:02Z
EVT-FRS-002091,6002091,2011439,422100,3003989,12000,2026-08-11T20:41:40Z,クレジットカード,increment-run-002,workshop-participant,donation_events_002.csv,2026-08-21T14:20:02Z
EVT-FRS-000467,6000467,2003397,232149,3000148,10000,2026-08-11T20:46:24Z,クレジットカード,increment-run-002,workshop-participant,donation_events_002.csv,2026-08-21T14:20:02Z
EVT-FRS-003863,6003863,2008279,152064,3004224,10000,2026-08-11T20:48:02Z,クレジットカード,increment-run-002,workshop-participant,donation_events_002.csv,2026-08-21T14:20:02Z
EVT-FRS-007589,6007589,2003720,261009,3004950,5000,2026-08-11T20:50:34Z,クレジットカード,increment-run-002,workshop-participant,donation_events_002.csv,2026-08-21T14:20:02Z
EVT-FRS-009686,6009686,2002888,202088,3005055,10000,2026-08-11T20:59:00Z,クレジットカード,increment-run-002,workshop-participant,donation_events_002.csv,2026-08-21T14:20:02Z
EVT-FRS-014875,6014875,2004817,092029,3005761,50000,2026-08-11T21:01:39Z,クレジットカード,increment-run-002,workshop-participant,donation_events_002.csv,2026-08-21T14:20:02Z
EVT-FRS-002199,6002199,2004380,262111,3004505,10000,2026-08-11T21:01:59Z,銀行振込,increment-run-002,workshop-participant,donation_events_002.csv,2026-08-21T14:20:02Z
EVT-FRS-008145,6008145,2002488,122271,3000915,15000,2026-08-11T21:02:03Z,クレジットカード,increment-run-002,workshop-participant,donation_events_002.csv,2026-08-21T14:20:02Z
EVT-FRS-005943,6005943,2009039,052043,3000318,10000,2026-08-11T21:06:18Z,クレジットカード,increment-run-002,workshop-participant,donation_events_002.csv,2026-08-21T14:20:02Z
EVT-FRS-014564,6014564,2010197,012165,3003799,20000,2026-08-11T21:09:28Z,クレジットカード,increment-run-002,workshop-participant,donation_events_002.csv,2026-08-21T14:20:02Z
EVT-FRS-006451,6006451,2009494,393878,3005503,15000,2026-08-11T21:09:54Z,電子決済,increment-run-002,workshop-participant,donation_events_002.csv,2026-08-21T14:20:02Z
EVT-FRS-000840,6000840,2011979,082163,3004612,10000,2026-08-11T21:10:32Z,電子決済,increment-run-002,workshop-participant,donation_events_002.csv,2026-08-21T14:20:02Z
EVT-FRS-008102,6008102,2008475,162108,3001110,25000,2026-08-11T21:11:50Z,クレジットカード,increment-run-002,workshop-participant,donation_events_002.csv,2026-08-21T14:20:02Z
EVT-FRS-013554,6013554,2005182,092142,3005862,70000,2026-08-11T21:13:34Z,電子決済,increment-run-002,workshop-participant,donation_events_002.csv,2026-08-21T14:20:02Z
EVT-FRS-007793,6007793,2010891,272086,3004810,10000,2026-08-11T21:13:45Z,銀行振込,increment-run-002,workshop-participant,donation_events_002.csv,2026-08-21T14:20:02Z
EVT-FRS-007967,6007967,2005967,414255,3004037,25000,2026-08-11T21:16:17Z,クレジットカード,increment-run-002,workshop-participant,donation_events_002.csv,2026-08-21T14:20:02Z
EVT-FRS-012197,6012197,2008117,134023,3003551,10000,2026-08-11T21:17:22Z,銀行振込,increment-run-002,workshop-participant,donation_events_002.csv,2026-08-21T14:20:02Z
EVT-FRS-011592,6011592,2010690,232092,3003373,12000,2026-08-11T21:19:51Z,コンビニ決済,increment-run-002,workshop-participant,donation_events_002.csv,2026-08-21T14:20:02Z
EVT-FRS-009916,6009916,2000558,412066,3000942,10000,2026-08-11T21:32:08Z,電子決済,increment-run-002,workshop-participant,donation_events_002.csv,2026-08-21T14:20:02Z
EVT-FRS-001006,6001006,2003065,222151,3000693,8000,2026-08-11T21:33:26Z,クレジットカード,increment-run-002,workshop-participant,donation_events_002.csv,2026-08-21T14:20:02Z
EVT-FRS-010921,6010921,2008458,382078,3002057,25000,2026-08-11T21:36:37Z,クレジットカード,increment-run-002,workshop-participant,donation_events_002.csv,2026-08-21T14:20:02Z
EVT-FRS-010836,6010836,2008049,462209,3004744,12000,2026-08-11T21:37:12Z,クレジットカード,increment-run-002,workshop-participant,donation_events_002.csv,2026-08-21T14:20:02Z
EVT-FRS-009606,6009606,2010272,132071,3002552,5000,2026-08-11T21:46:17Z,コンビニ決済,increment-run-002,workshop-participant,donation_events_002.csv,2026-08-21T14:20:02Z
EVT-FRS-000554,6000554,2010765,324418,3003758,15000,2026-08-11T22:02:52Z,電子決済,increment-run-002,workshop-participant,donation_events_002.csv,2026-08-21T14:20:02Z
EVT-FRS-010439,6010439,2000920,112321,3001893,8000,2026-08-11T22:03:32Z,クレジットカード,increment-run-002,workshop-participant,donation_events_002.csv,2026-08-21T14:20:02Z
EVT-FRS-012652,6012652,2000701,142174,3002413,25000,2026-08-11T22:05:59Z,クレジットカード,increment-run-002,workshop-participant,donation_events_002.csv,2026-08-21T14:20:02Z
EVT-FRS-014349,6014349,2006628,402273,3003966,10000,2026-08-11T22:07:12Z,電子決済,increment-run-002,workshop-participant,donation_events_002.csv,2026-08-21T14:20:02Z
EVT-FRS-013700,6013700,2008501,015598,3003441,10000,2026-08-11T22:10:36Z,クレジットカード,increment-run-002,workshop-participant,donation_events_002.csv,2026-08-21T14:20:02Z
EVT-FRS-002011,6002011,2004461,182052,3001264,30000,2026-08-11T22:11:15Z,電子決済,increment-run-002,workshop-participant,donation_events_002.csv,2026-08-21T14:20:02Z
EVT-FRS-011809,6011809,2007574,292117,3001231,8000,2026-08-11T22:16:17Z,クレジットカード,increment-run-002,workshop-participant,donation_events_002.csv,2026-08-21T14:20:02Z
EVT-FRS-005498,6005498,2005531,462039,3004043,20000,2026-08-11T22:18:41Z,コンビニ決済,increment-run-002,workshop-participant,donation_events_002.csv,2026-08-21T14:20:02Z
EVT-FRS-002987,6002987,2005756,013706,3004970,20000,2026-08-11T22:20:52Z,クレジットカード,increment-run-002,workshop-participant,donation_events_002.csv,2026-08-21T14:20:02Z
EVT-FRS-010069,6010069,2010287,092151,3003926,8000,2026-08-11T22:23:40Z,電子決済,increment-run-002,workshop-participant,donation_events_002.csv,2026-08-21T14:20:02Z
EVT-FRS-012892,6012892,2011955,204293,3003483,5000,2026-08-11T22:26:05Z,銀行振込,increment-run-002,workshop-participant,donation_events_002.csv,2026-08-21T14:20:02Z
EVT-FRS-004507,6004507,2010111,082121,3005090,12000,2026-08-11T22:30:57Z,クレジットカード,increment-run-002,workshop-participant,donation_events_002.csv,2026-08-21T14:20:02Z
EVT-FRS-001869,6001869,2002498,082198,3003465,10000,2026-08-11T22:31:23Z,クレジットカード,increment-run-002,workshop-participant,donation_events_002.csv,2026-08-21T14:20:02Z
EVT-FRS-014566,6014566,2007741,082368,3003634,15000,2026-08-11T22:32:49Z,クレジットカード,increment-run-002,workshop-participant,donation_events_002.csv,2026-08-21T14:20:02Z
EVT-FRS-004438,6004438,2006664,282189,3004060,12000,2026-08-11T22:32:50Z,電子決済,increment-run-002,workshop-participant,donation_events_002.csv,2026-08-21T14:20:02Z
EVT-FRS-013563,6013563,2001928,452025,3003435,15000,2026-08-11T22:40:36Z,クレジットカード,increment-run-002,workshop-participant,donation_events_002.csv,2026-08-21T14:20:02Z
EVT-FRS-011840,6011840,2002375,342131,3003750,15000,2026-08-11T22:50:33Z,クレジットカード,increment-run-002,workshop-participant,donation_events_002.csv,2026-08-21T14:20:02Z
EVT-FRS-013257,6013257,2008895,462047,3003316,15000,2026-08-11T22:50:49Z,クレジットカード,increment-run-002,workshop-participant,donation_events_002.csv,2026-08-21T14:20:02Z
EVT-FRS-001402,6001402,2001929,152242,3001800,30000,2026-08-11T22:54:17Z,クレジットカード,increment-run-002,workshop-participant,donation_events_002.csv,2026-08-21T14:20:02Z
EVT-FRS-005037,6005037,2002081,162027,3000869,20000,2026-08-11T22:56:14Z,クレジットカード,increment-run-002,workshop-participant,donation_events_002.csv,2026-08-21T14:20:02Z
EVT-FRS-005535,6005535,2008924,132284,3001705,10000,2026-08-11T23:00:29Z,クレジットカード,increment-run-002,workshop-participant,donation_events_002.csv,2026-08-21T14:20:02Z
EVT-FRS-002159,6002159,2007136,102041,3000490,5000,2026-08-11T23:03:34Z,銀行振込,increment-run-002,workshop-participant,donation_events_002.csv,2026-08-21T14:20:02Z
EVT-FRS-005132,6005132,2002149,112313,3005506,12000,2026-08-11T23:14:41Z,コンビニ決済,increment-run-002,workshop-participant,donation_events_002.csv,2026-08-21T14:20:02Z
EVT-FRS-000587,6000587,2005852,422070,3003293,12000,2026-08-11T23:16:15Z,クレジットカード,increment-run-002,workshop-participant,donation_events_002.csv,2026-08-21T14:20:02Z
EVT-FRS-013823,6013823,2007569,132292,3004086,30000,2026-08-11T23:20:09Z,電子決済,increment-run-002,workshop-participant,donation_events_002.csv,2026-08-21T14:20:02Z
EVT-FRS-004810,6004810,2003502,082201,3002760,20000,2026-08-11T23:47:53Z,クレジットカード,increment-run-002,workshop-participant,donation_events_002.csv,2026-08-21T14:20:02Z
EVT-FRS-008031,6008031,2008216,262056,3005415,30000,2026-08-11T23:47:57Z,電子決済,increment-run-002,workshop-participant,donation_events_002.csv,2026-08-21T14:20:02Z
EVT-FRS-000635,6000635,2009062,222127,3004313,8000,2026-08-11T23:48:14Z,電子決済,increment-run-002,workshop-participant,donation_events_002.csv,2026-08-21T14:20:02Z
EVT-FRS-004622,6004622,2003690,232017,3004604,10000,2026-08-11T23:50:25Z,クレジットカード,increment-run-002,workshop-participant,donation_events_002.csv,2026-08-21T14:20:02Z
EVT-FRS-011196,6011196,2006711,202088,3002997,10000,2026-08-11T23:51:37Z,電子決済,increment-run-002,workshop-participant,donation_events_002.csv,2026-08-21T14:20:02Z
EVT-FRS-002774,6002774,2001065,062022,3001748,10000,2026-08-11T23:52:15Z,銀行振込,increment-run-002,workshop-participant,donation_events_002.csv,2026-08-21T14:20:02Z
EVT-FRS-009980,6009980,2008342,052159,3002967,10000,2026-08-11T23:59:30Z,銀行振込,increment-run-002,workshop-participant,donation_events_002.csv,2026-08-21T14:20:02Z
EVT-FRS-014495,6014495,2001783,112348,3001779,12000,2026-08-12T00:07:03Z,電子決済,increment-run-002,workshop-participant,donation_events_002.csv,2026-08-21T14:20:02Z
EVT-FRS-010523,6010523,2003709,012084,3001038,40000,2026-08-12T00:09:25Z,クレジットカード,increment-run-002,workshop-participant,donation_events_002.csv,2026-08-21T14:20:02Z
EVT-FRS-011269,6011269,2010084,282090,3000563,20000,2026-08-12T00:14:42Z,クレジットカード,increment-run-002,workshop-participant,donation_events_002.csv,2026-08-21T14:20:02Z
EVT-FRS-013892,6013892,2002015,202053,3005446,20000,2026-08-12T00:15:44Z,コンビニ決済,increment-run-002,workshop-participant,donation_events_002.csv,2026-08-21T14:20:02Z
EVT-FRS-011989,6011989,2004807,112429,3003245,15000,2026-08-12T00:18:29Z,電子決済,increment-run-002,workshop-participant,donation_events_002.csv,2026-08-21T14:20:02Z
EVT-FRS-002870,6002870,2011784,292028,3003914,10000,2026-08-12T00:18:31Z,電子決済,increment-run-002,workshop-participant,donation_events_002.csv,2026-08-21T14:20:02Z
EVT-FRS-010955,6010955,2003611,063649,3005775,15000,2026-08-12T00:18:32Z,電子決済,increment-run-002,workshop-participant,donation_events_002.csv,2026-08-21T14:20:02Z
EVT-FRS-012617,6012617,2011406,312029,3001667,20000,2026-08-12T00:19:40Z,クレジットカード,increment-run-002,workshop-participant,donation_events_002.csv,2026-08-21T14:20:02Z
EVT-FRS-003214,6003214,2009422,012262,3005450,5000,2026-08-12T00:28:26Z,電子決済,increment-run-002,workshop-participant,donation_events_002.csv,2026-08-21T14:20:02Z
EVT-FRS-002718,6002718,2002314,432121,3001556,20000,2026-08-12T00:33:49Z,クレジットカード,increment-run-002,workshop-participant,donation_events_002.csv,2026-08-21T14:20:02Z
EVT-FRS-000311,6000311,2010258,015130,3003686,20000,2026-08-12T00:38:23Z,クレジットカード,increment-run-002,workshop-participant,donation_events_002.csv,2026-08-21T14:20:02Z
EVT-FRS-004223,6004223,2005039,062120,3005937,8000,2026-08-12T00:41:14Z,クレジットカード,increment-run-002,workshop-participant,donation_events_002.csv,2026-08-21T14:20:02Z
EVT-FRS-000222,6000222,2004801,014842,3004927,5000,2026-08-12T00:45:33Z,クレジットカード,increment-run-002,workshop-participant,donation_events_002.csv,2026-08-21T14:20:02Z
EVT-FRS-011089,6011089,2009011,192040,3000250,30000,2026-08-12T00:53:09Z,電子決済,increment-run-002,workshop-participant,donation_events_002.csv,2026-08-21T14:20:02Z
EVT-FRS-012213,6012213,2009806,372064,3005023,8000,2026-08-12T00:57:25Z,クレジットカード,increment-run-002,workshop-participant,donation_events_002.csv,2026-08-21T14:20:02Z
EVT-FRS-003441,6003441,2006539,272221,3005471,10000,2026-08-12T00:59:20Z,銀行振込,increment-run-002,workshop-participant,donation_events_002.csv,2026-08-21T14:20:02Z
EVT-FRS-013345,6013345,2010626,232211,3003977,8000,2026-08-12T01:00:51Z,クレジットカード,increment-run-002,workshop-participant,donation_events_002.csv,2026-08-21T14:20:02Z
EVT-FRS-006058,6006058,2001911,182052,3001264,15000,2026-08-12T01:03:17Z,クレジットカード,increment-run-002,workshop-participant,donation_events_002.csv,2026-08-21T14:20:02Z
EVT-FRS-014532,6014532,2008182,141500,3001781,12000,2026-08-12T01:06:09Z,クレジットカード,increment-run-002,workshop-participant,donation_events_002.csv,2026-08-21T14:20:02Z
EVT-FRS-011879,6011879,2011328,322016,3001409,10000,2026-08-12T01:07:15Z,クレジットカード,increment-run-002,workshop-participant,donation_events_002.csv,2026-08-21T14:20:02Z
EVT-FRS-012280,6012280,2001838,402281,3005243,15000,2026-08-12T01:07:21Z,電子決済,increment-run-002,workshop-participant,donation_events_002.csv,2026-08-21T14:20:02Z
EVT-FRS-014442,6014442,2010381,182061,3001023,10000,2026-08-12T01:09:01Z,電子決済,increment-run-002,workshop-participant,donation_events_002.csv,2026-08-21T14:20:02Z
EVT-FRS-011061,6011061,2004645,012084,3005151,50000,2026-08-12T01:13:29Z,銀行振込,increment-run-002,workshop-participant,donation_events_002.csv,2026-08-21T14:20:02Z
EVT-FRS-000952,6000952,2000890,012238,3001524,5000,2026-08-12T01:17:27Z,クレジットカード,increment-run-002,workshop-participant,donation_events_002.csv,2026-08-21T14:20:02Z
EVT-FRS-000073,6000073,2007153,192015,3000586,20000,2026-08-12T01:25:40Z,電子決済,increment-run-002,workshop-participant,donation_events_002.csv,2026-08-21T14:20:02Z
EVT-FRS-010064,6010064,2010858,142018,3000087,10000,2026-08-12T01:28:51Z,クレジットカード,increment-run-002,workshop-participant,donation_events_002.csv,2026-08-21T14:20:02Z
EVT-FRS-002289,6002289,2009516,092151,3003926,20000,2026-08-12T01:30:36Z,クレジットカード,increment-run-002,workshop-participant,donation_events_002.csv,2026-08-21T14:20:02Z
EVT-FRS-007163,6007163,2001731,232149,3000148,20000,2026-08-12T01:32:36Z,クレジットカード,increment-run-002,workshop-participant,donation_events_002.csv,2026-08-21T14:20:02Z
EVT-FRS-009865,6009865,2001334,222160,3001027,8000,2026-08-12T01:33:34Z,電子決済,increment-run-002,workshop-participant,donation_events_002.csv,2026-08-21T14:20:02Z
EVT-FRS-014453,6014453,2011599,473065,3005663,12000,2026-08-12T01:34:32Z,クレジットカード,increment-run-002,workshop-participant,donation_events_002.csv,2026-08-21T14:20:02Z
EVT-FRS-006370,6006370,2000856,012297,3003729,10000,2026-08-12T01:38:16Z,クレジットカード,increment-run-002,workshop-participant,donation_events_002.csv,2026-08-21T14:20:02Z
EVT-FRS-006651,6006651,2009756,082074,3005650,10000,2026-08-12T01:39:27Z,クレジットカード,increment-run-002,workshop-participant,donation_events_002.csv,2026-08-21T14:20:02Z
EVT-FRS-008716,6008716,2008971,302023,3001884,25000,2026-08-12T01:41:33Z,銀行振込,increment-run-002,workshop-participant,donation_events_002.csv,2026-08-21T14:20:02Z
EVT-FRS-007038,6007038,2003165,282162,3005696,5000,2026-08-12T01:45:01Z,クレジットカード,increment-run-002,workshop-participant,donation_events_002.csv,2026-08-21T14:20:02Z
EVT-FRS-008908,6008908,2000708,122122,3002947,8000,2026-08-12T01:51:52Z,コンビニ決済,increment-run-002,workshop-participant,donation_events_002.csv,2026-08-21T14:20:02Z
EVT-FRS-012792,6012792,2004454,092029,3001343,15000,2026-08-12T01:54:04Z,電子決済,increment-run-002,workshop-participant,donation_events_002.csv,2026-08-21T14:20:02Z
EVT-FRS-010073,6010073,2006562,304069,3003801,70000,2026-08-12T01:55:37Z,クレジットカード,increment-run-002,workshop-participant,donation_events_002.csv,2026-08-21T14:20:02Z
EVT-FRS-007442,6007442,2005820,142131,3001788,10000,2026-08-12T01:55:52Z,クレジットカード,increment-run-002,workshop-participant,donation_events_002.csv,2026-08-21T14:20:02Z
EVT-FRS-011186,6011186,2011559,194255,3003012,12000,2026-08-12T02:02:20Z,クレジットカード,increment-run-002,workshop-participant,donation_events_002.csv,2026-08-21T14:20:02Z
EVT-FRS-005699,6005699,2000876,221007,3004284,20000,2026-08-12T02:04:27Z,コンビニ決済,increment-run-002,workshop-participant,donation_events_002.csv,2026-08-21T14:20:02Z
EVT-FRS-007726,6007726,2004098,062138,3005709,12000,2026-08-12T02:04:43Z,コンビニ決済,increment-run-002,workshop-participant,donation_events_002.csv,2026-08-21T14:20:02Z
EVT-FRS-010258,6010258,2005720,122131,3005857,12000,2026-08-12T02:05:33Z,電子決済,increment-run-002,workshop-participant,donation_events_002.csv,2026-08-21T14:20:02Z
EVT-FRS-006845,6006845,2000821,363413,3005266,40000,2026-08-12T02:18:46Z,クレジットカード,increment-run-002,workshop-participant,donation_events_002.csv,2026-08-21T14:20:02Z
EVT-FRS-001025,6001025,2009966,123421,3004857,5000,2026-08-12T02:20:28Z,銀行振込,increment-run-002,workshop-participant,donation_events_002.csv,2026-08-21T14:20:02Z
EVT-FRS-005942,6005942,2008389,012351,3002299,20000,2026-08-12T02:20:31Z,クレジットカード,increment-run-002,workshop-participant,donation_events_002.csv,2026-08-21T14:20:02Z
EVT-FRS-006363,6006363,2003080,032051,3002481,20000,2026-08-12T02:23:35Z,クレジットカード,increment-run-002,workshop-participant,donation_events_002.csv,2026-08-21T14:20:02Z
EVT-FRS-001742,6001742,2008241,292036,3005161,10000,2026-08-12T02:25:48Z,クレジットカード,increment-run-002,workshop-participant,donation_events_002.csv,2026-08-21T14:20:02Z
EVT-FRS-001484,6001484,2002809,282294,3002963,5000,2026-08-12T02:27:46Z,電子決済,increment-run-002,workshop-participant,donation_events_002.csv,2026-08-21T14:20:02Z
EVT-FRS-005610,6005610,2004207,282081,3005387,50000,2026-08-12T02:28:06Z,クレジットカード,increment-run-002,workshop-participant,donation_events_002.csv,2026-08-21T14:20:02Z
EVT-FRS-004117,6004117,2009342,072125,3003032,8000,2026-08-12T02:28:55Z,クレジットカード,increment-run-002,workshop-participant,donation_events_002.csv,2026-08-21T14:20:02Z
EVT-FRS-006484,6006484,2000252,152137,3000528,5000,2026-08-12T02:32:44Z,電子決済,increment-run-002,workshop-participant,donation_events_002.csv,2026-08-21T14:20:02Z
EVT-FRS-010103,6010103,2009230,402214,3003466,5000,2026-08-12T02:38:28Z,電子決済,increment-run-002,workshop-participant,donation_events_002.csv,2026-08-21T14:20:02Z
EVT-FRS-006639,6006639,2004797,402184,3001122,12000,2026-08-12T02:39:55Z,電子決済,increment-run-002,workshop-participant,donation_events_002.csv,2026-08-21T14:20:02Z
EVT-FRS-014705,6014705,2008963,012190,3001672,50000,2026-08-12T02:41:22Z,コンビニ決済,increment-run-002,workshop-participant,donation_events_002.csv,2026-08-21T14:20:02Z
EVT-FRS-002550,6002550,2002650,132071,3002436,15000,2026-08-12T02:43:53Z,クレジットカード,increment-run-002,workshop-participant,donation_events_002.csv,2026-08-21T14:20:02Z
EVT-FRS-001443,6001443,2011511,432113,3002983,15000,2026-08-12T02:49:51Z,クレジットカード,increment-run-002,workshop-participant,donation_events_002.csv,2026-08-21T14:20:02Z
EVT-FRS-008862,6008862,2008628,132080,3001997,15000,2026-08-12T02:55:59Z,クレジットカード,increment-run-002,workshop-participant,donation_events_002.csv,2026-08-21T14:20:02Z
EVT-FRS-006932,6006932,2010480,272311,3005762,12000,2026-08-12T03:01:39Z,クレジットカード,increment-run-002,workshop-participant,donation_events_002.csv,2026-08-21T14:20:02Z
EVT-FRS-010926,6010926,2000326,322091,3005972,12000,2026-08-12T03:02:07Z,電子決済,increment-run-002,workshop-participant,donation_events_002.csv,2026-08-21T14:20:02Z
EVT-FRS-000535,6000535,2006401,132152,3004579,20000,2026-08-12T03:03:35Z,電子決済,increment-run-002,workshop-participant,donation_events_002.csv,2026-08-21T14:20:02Z
EVT-FRS-002192,6002192,2003438,272132,3003322,10000,2026-08-12T03:04:00Z,クレジットカード,increment-run-002,workshop-participant,donation_events_002.csv,2026-08-21T14:20:02Z
EVT-FRS-003011,6003011,2010441,402214,3002615,20000,2026-08-12T03:05:24Z,銀行振込,increment-run-002,workshop-participant,donation_events_002.csv,2026-08-21T14:20:02Z
EVT-FRS-011222,6011222,2005211,232246,3003364,12000,2026-08-12T03:10:20Z,電子決済,increment-run-002,workshop-participant,donation_events_002.csv,2026-08-21T14:20:02Z
EVT-FRS-004048,6004048,2004799,382060,3005110,20000,2026-08-12T03:11:09Z,クレジットカード,increment-run-002,workshop-participant,donation_events_002.csv,2026-08-21T14:20:02Z
EVT-FRS-009650,6009650,2005970,092134,3004933,5000,2026-08-12T03:12:38Z,クレジットカード,increment-run-002,workshop-participant,donation_events_002.csv,2026-08-21T14:20:02Z
EVT-FRS-008751,6008751,2006758,082317,3005487,20000,2026-08-12T03:12:48Z,クレジットカード,increment-run-002,workshop-participant,donation_events_002.csv,2026-08-21T14:20:02Z
EVT-FRS-003983,6003983,2006232,012084,3002792,8000,2026-08-12T03:13:35Z,クレジットカード,increment-run-002,workshop-participant,donation_events_002.csv,2026-08-21T14:20:02Z
EVT-FRS-004934,6004934,2008031,024066,3004136,10000,2026-08-12T03:14:21Z,電子決済,increment-run-002,workshop-participant,donation_events_002.csv,2026-08-21T14:20:02Z
EVT-FRS-012473,6012473,2010619,212164,3000066,12000,2026-08-12T03:16:18Z,クレジットカード,increment-run-002,workshop-participant,donation_events_002.csv,2026-08-21T14:20:02Z
EVT-FRS-000345,6000345,2009367,112356,3005583,12000,2026-08-12T03:17:11Z,電子決済,increment-run-002,workshop-participant,donation_events_002.csv,2026-08-21T14:20:02Z
EVT-FRS-001741,6001741,2011315,132128,3005919,5000,2026-08-12T03:19:08Z,クレジットカード,increment-run-002,workshop-participant,donation_events_002.csv,2026-08-21T14:20:02Z
EVT-FRS-014361,6014361,2011507,092029,3005761,15000,2026-08-12T03:21:36Z,銀行振込,increment-run-002,workshop-participant,donation_events_002.csv,2026-08-21T14:20:02Z
EVT-FRS-008708,6008708,2011454,402168,3000671,20000,2026-08-12T03:21:46Z,クレジットカード,increment-run-002,workshop-participant,donation_events_002.csv,2026-08-21T14:20:02Z
EVT-FRS-001599,6001599,2008289,272132,3000548,10000,2026-08-12T03:22:45Z,電子決済,increment-run-002,workshop-participant,donation_events_002.csv,2026-08-21T14:20:02Z
EVT-FRS-013801,6013801,2001723,363022,3000692,25000,2026-08-12T03:27:23Z,クレジットカード,increment-run-002,workshop-participant,donation_events_002.csv,2026-08-21T14:20:02Z
EVT-FRS-006117,6006117,2011229,242098,3000817,10000,2026-08-12T03:28:17Z,クレジットカード,increment-run-002,workshop-participant,donation_events_002.csv,2026-08-21T14:20:02Z
EVT-FRS-005339,6005339,2005781,464821,3001863,10000,2026-08-12T03:28:50Z,電子決済,increment-run-002,workshop-participant,donation_events_002.csv,2026-08-21T14:20:02Z
EVT-FRS-011971,6011971,2011970,472115,3001804,15000,2026-08-12T03:31:51Z,クレジットカード,increment-run-002,workshop-participant,donation_events_002.csv,2026-08-21T14:20:02Z
EVT-FRS-014112,6014112,2011668,322075,3000267,12000,2026-08-12T03:35:42Z,クレジットカード,increment-run-002,workshop-participant,donation_events_002.csv,2026-08-21T14:20:02Z
EVT-FRS-014504,6014504,2008015,234460,3003380,15000,2026-08-12T03:39:18Z,電子決済,increment-run-002,workshop-participant,donation_events_002.csv,2026-08-21T14:20:02Z
EVT-FRS-005971,6005971,2003350,032034,3003582,15000,2026-08-12T03:39:20Z,クレジットカード,increment-run-002,workshop-participant,donation_events_002.csv,2026-08-21T14:20:02Z
EVT-FRS-003745,6003745,2007474,192040,3004126,5000,2026-08-12T03:45:52Z,クレジットカード,increment-run-002,workshop-participant,donation_events_002.csv,2026-08-21T14:20:02Z
EVT-FRS-013902,6013902,2000726,072125,3001141,20000,2026-08-12T03:46:42Z,クレジットカード,increment-run-002,workshop-participant,donation_events_002.csv,2026-08-21T14:20:02Z
EVT-FRS-012133,6012133,2000022,432164,3001171,10000,2026-08-12T03:50:16Z,電子決済,increment-run-002,workshop-participant,donation_events_002.csv,2026-08-21T14:20:02Z
EVT-FRS-014034,6014034,2000206,014826,3002341,20000,2026-08-12T03:50:19Z,クレジットカード,increment-run-002,workshop-participant,donation_events_002.csv,2026-08-21T14:20:02Z
EVT-FRS-004556,6004556,2002046,382043,3005763,10000,2026-08-12T03:50:34Z,クレジットカード,increment-run-002,workshop-participant,donation_events_002.csv,2026-08-21T14:20:02Z
EVT-FRS-008694,6008694,2011006,112089,3003194,10000,2026-08-12T03:52:40Z,クレジットカード,increment-run-002,workshop-participant,donation_events_002.csv,2026-08-21T14:20:02Z
EVT-FRS-009928,6009928,2010648,382035,3005109,8000,2026-08-12T03:53:04Z,クレジットカード,increment-run-002,workshop-participant,donation_events_002.csv,2026-08-21T14:20:02Z
EVT-FRS-001952,6001952,2010083,324493,3003365,10000,2026-08-12T03:54:44Z,クレジットカード,increment-run-002,workshop-participant,donation_events_002.csv,2026-08-21T14:20:02Z
EVT-FRS-009194,6009194,2009818,113484,3005430,12000,2026-08-12T03:55:30Z,クレジットカード,increment-run-002,workshop-participant,donation_events_002.csv,2026-08-21T14:20:02Z
EVT-FRS-008344,6008344,2008509,032026,3005738,5000,2026-08-12T03:58:27Z,クレジットカード,increment-run-002,workshop-participant,donation_events_002.csv,2026-08-21T14:20:02Z
EVT-FRS-005613,6005613,2008476,232351,3002257,12000,2026-08-12T03:59:12Z,コンビニ決済,increment-run-002,workshop-participant,donation_events_002.csv,2026-08-21T14:20:02Z
EVT-FRS-008971,6008971,2010403,232297,3003703,10000,2026-08-12T04:02:41Z,コンビニ決済,increment-run-002,workshop-participant,donation_events_002.csv,2026-08-21T14:20:02Z
EVT-FRS-004683,6004683,2007156,203491,3000995,10000,2026-08-12T04:05:11Z,電子決済,increment-run-002,workshop-participant,donation_events_002.csv,2026-08-21T14:20:02Z
EVT-FRS-004001,6004001,2005403,212083,3003958,10000,2026-08-12T04:05:27Z,クレジットカード,increment-run-002,workshop-participant,donation_events_002.csv,2026-08-21T14:20:02Z
EVT-FRS-010616,6010616,2008558,064017,3005427,12000,2026-08-12T04:06:12Z,クレジットカード,increment-run-002,workshop-participant,donation_events_002.csv,2026-08-21T14:20:02Z
EVT-FRS-001984,6001984,2006147,452050,3001657,12000,2026-08-12T04:06:33Z,クレジットカード,increment-run-002,workshop-participant,donation_events_002.csv,2026-08-21T14:20:02Z
EVT-FRS-001739,6001739,2000625,015628,3003000,20000,2026-08-12T04:18:46Z,クレジットカード,increment-run-002,workshop-participant,donation_events_002.csv,2026-08-21T14:20:02Z
EVT-FRS-005187,6005187,2010340,212148,3000286,20000,2026-08-12T04:18:48Z,銀行振込,increment-run-002,workshop-participant,donation_events_002.csv,2026-08-21T14:20:02Z
EVT-FRS-000226,6000226,2006076,273830,3001392,10000,2026-08-12T04:21:11Z,銀行振込,increment-run-002,workshop-participant,donation_events_002.csv,2026-08-21T14:20:02Z
EVT-FRS-006649,6006649,2000026,402273,3003966,20000,2026-08-12T04:27:00Z,クレジットカード,increment-run-002,workshop-participant,donation_events_002.csv,2026-08-21T14:20:02Z
EVT-FRS-012726,6012726,2001517,082261,3001655,12000,2026-08-12T04:31:39Z,電子決済,increment-run-002,workshop-participant,donation_events_002.csv,2026-08-21T14:20:02Z
EVT-FRS-000242,6000242,2002901,402125,3000405,10000,2026-08-12T04:34:51Z,クレジットカード,increment-run-002,workshop-participant,donation_events_002.csv,2026-08-21T14:20:02Z
EVT-FRS-002579,6002579,2001538,082201,3002146,5000,2026-08-12T04:40:12Z,コンビニ決済,increment-run-002,workshop-participant,donation_events_002.csv,2026-08-21T14:20:02Z
EVT-FRS-009852,6009852,2010917,142077,3003427,25000,2026-08-12T04:40:35Z,クレジットカード,increment-run-002,workshop-participant,donation_events_002.csv,2026-08-21T14:20:02Z
EVT-FRS-004610,6004610,2003696,452025,3002268,20000,2026-08-12T04:44:09Z,クレジットカード,increment-run-002,workshop-participant,donation_events_002.csv,2026-08-21T14:20:02Z
EVT-FRS-014727,6014727,2011269,282219,3001020,15000,2026-08-12T04:44:41Z,電子決済,increment-run-002,workshop-participant,donation_events_002.csv,2026-08-21T14:20:02Z
EVT-FRS-000397,6000397,2004866,422053,3003824,15000,2026-08-12T04:44:44Z,電子決済,increment-run-002,workshop-participant,donation_events_002.csv,2026-08-21T14:20:02Z
EVT-FRS-011626,6011626,2009874,082325,3003242,12000,2026-08-12T04:45:34Z,クレジットカード,increment-run-002,workshop-participant,donation_events_002.csv,2026-08-21T14:20:02Z
EVT-FRS-014594,6014594,2001891,022021,3004791,10000,2026-08-12T04:48:07Z,クレジットカード,increment-run-002,workshop-participant,donation_events_002.csv,2026-08-21T14:20:02Z
EVT-FRS-013063,6013063,2003114,082023,3004081,10000,2026-08-12T04:48:09Z,クレジットカード,increment-run-002,workshop-participant,donation_events_002.csv,2026-08-21T14:20:02Z
EVT-FRS-012130,6012130,2006216,012190,3003992,20000,2026-08-12T04:49:18Z,クレジットカード,increment-run-002,workshop-participant,donation_events_002.csv,2026-08-21T14:20:02Z
EVT-FRS-005400,6005400,2004396,112259,3002708,15000,2026-08-12T05:02:05Z,クレジットカード,increment-run-002,workshop-participant,donation_events_002.csv,2026-08-21T14:20:02Z
EVT-FRS-002616,6002616,2010104,362051,3004248,8000,2026-08-12T05:02:15Z,クレジットカード,increment-run-002,workshop-participant,donation_events_002.csv,2026-08-21T14:20:02Z
EVT-FRS-005537,6005537,2006037,392022,3005647,15000,2026-08-12T05:03:52Z,クレジットカード,increment-run-002,workshop-participant,donation_events_002.csv,2026-08-21T14:20:02Z
EVT-FRS-005100,6005100,2002939,122319,3003310,25000,2026-08-12T05:05:52Z,銀行振込,increment-run-002,workshop-participant,donation_events_002.csv,2026-08-21T14:20:02Z
EVT-FRS-001945,6001945,2007347,452025,3002268,10000,2026-08-12T05:06:47Z,クレジットカード,increment-run-002,workshop-participant,donation_events_002.csv,2026-08-21T14:20:02Z
EVT-FRS-014190,6014190,2007170,122386,3002780,25000,2026-08-12T05:08:15Z,クレジットカード,increment-run-002,workshop-participant,donation_events_002.csv,2026-08-21T14:20:02Z
EVT-FRS-002556,6002556,2003027,012157,3004222,15000,2026-08-12T05:08:31Z,電子決済,increment-run-002,workshop-participant,donation_events_002.csv,2026-08-21T14:20:02Z
EVT-FRS-000235,6000235,2001679,332151,3003917,12000,2026-08-12T05:09:08Z,クレジットカード,increment-run-002,workshop-participant,donation_events_002.csv,2026-08-21T14:20:02Z
EVT-FRS-007625,6007625,2004705,182087,3004008,30000,2026-08-12T05:09:21Z,銀行振込,increment-run-002,workshop-participant,donation_events_002.csv,2026-08-21T14:20:02Z
EVT-FRS-010055,6010055,2011014,232220,3003898,8000,2026-08-12T05:14:19Z,銀行振込,increment-run-002,workshop-participant,donation_events_002.csv,2026-08-21T14:20:02Z
EVT-FRS-003923,6003923,2011860,142085,3000246,15000,2026-08-12T05:14:46Z,クレジットカード,increment-run-002,workshop-participant,donation_events_002.csv,2026-08-21T14:20:02Z
EVT-FRS-009321,6009321,2011761,022055,3000305,30000,2026-08-12T05:22:44Z,クレジットカード,increment-run-002,workshop-participant,donation_events_002.csv,2026-08-21T14:20:02Z
EVT-FRS-004991,6004991,2002301,142140,3000590,5000,2026-08-12T05:25:45Z,クレジットカード,increment-run-002,workshop-participant,donation_events_002.csv,2026-08-21T14:20:02Z
EVT-FRS-001941,6001941,2003246,313289,3003038,20000,2026-08-12T05:31:01Z,クレジットカード,increment-run-002,workshop-participant,donation_events_002.csv,2026-08-21T14:20:02Z
EVT-FRS-007986,6007986,2002824,402231,3001064,20000,2026-08-12T05:34:39Z,クレジットカード,increment-run-002,workshop-participant,donation_events_002.csv,2026-08-21T14:20:02Z
EVT-FRS-014743,6014743,2009985,412058,3002485,20000,2026-08-12T05:35:34Z,クレジットカード,increment-run-002,workshop-participant,donation_events_002.csv,2026-08-21T14:20:02Z
EVT-FRS-005671,6005671,2004084,262111,3004381,20000,2026-08-12T05:47:58Z,クレジットカード,increment-run-002,workshop-participant,donation_events_002.csv,2026-08-21T14:20:02Z
EVT-FRS-006984,6006984,2008509,244619,3001948,5000,2026-08-12T05:48:52Z,コンビニ決済,increment-run-002,workshop-participant,donation_events_002.csv,2026-08-21T14:20:02Z
EVT-FRS-005540,6005540,2000331,262137,3005564,10000,2026-08-12T05:57:14Z,コンビニ決済,increment-run-002,workshop-participant,donation_events_002.csv,2026-08-21T14:20:02Z
EVT-FRS-005302,6005302,2002342,402133,3000328,12000,2026-08-12T05:58:44Z,電子決済,increment-run-002,workshop-participant,donation_events_002.csv,2026-08-21T14:20:02Z
EVT-FRS-005236,6005236,2011412,132233,3000192,12000,2026-08-12T06:00:33Z,コンビニ決済,increment-run-002,workshop-participant,donation_events_002.csv,2026-08-21T14:20:02Z
EVT-FRS-005655,6005655,2011759,402117,3000751,15000,2026-08-12T06:21:30Z,コンビニ決済,increment-run-002,workshop-participant,donation_events_002.csv,2026-08-21T14:20:02Z
EVT-FRS-007032,6007032,2009523,412082,3000138,8000,2026-08-12T06:21:48Z,クレジットカード,increment-run-002,workshop-participant,donation_events_002.csv,2026-08-21T14:20:02Z
EVT-FRS-000125,6000125,2008745,342122,3002761,10000,2026-08-12T06:24:03Z,電子決済,increment-run-002,workshop-participant,donation_events_002.csv,2026-08-21T14:20:02Z
EVT-FRS-014305,6014305,2000951,132110,3005874,15000,2026-08-12T06:24:47Z,電子決済,increment-run-002,workshop-participant,donation_events_002.csv,2026-08-21T14:20:02Z
EVT-FRS-007373,6007373,2003152,192040,3000725,50000,2026-08-12T06:24:48Z,クレジットカード,increment-run-002,workshop-participant,donation_events_002.csv,2026-08-21T14:20:02Z
EVT-FRS-000107,6000107,2006628,402061,3001769,10000,2026-08-12T06:25:01Z,コンビニ決済,increment-run-002,workshop-participant,donation_events_002.csv,2026-08-21T14:20:02Z
EVT-FRS-008249,6008249,2007447,182087,3004008,100000,2026-08-12T06:28:09Z,クレジットカード,increment-run-002,workshop-participant,donation_events_002.csv,2026-08-21T14:20:02Z
EVT-FRS-009142,6009142,2004556,464686,3003500,10000,2026-08-12T06:29:04Z,クレジットカード,increment-run-002,workshop-participant,donation_events_002.csv,2026-08-21T14:20:02Z
EVT-FRS-010239,6010239,2007417,202029,3003172,25000,2026-08-12T06:32:10Z,電子決済,increment-run-002,workshop-participant,donation_events_002.csv,2026-08-21T14:20:02Z
EVT-FRS-014366,6014366,2007696,022012,3003349,5000,2026-08-12T06:34:17Z,クレジットカード,increment-run-002,workshop-participant,donation_events_002.csv,2026-08-21T14:20:02Z
EVT-FRS-008942,6008942,2004007,352161,3000899,20000,2026-08-12T06:37:04Z,クレジットカード,increment-run-002,workshop-participant,donation_events_002.csv,2026-08-21T14:20:02Z
EVT-FRS-003185,6003185,2009418,212024,3002456,10000,2026-08-12T06:37:09Z,電子決済,increment-run-002,workshop-participant,donation_events_002.csv,2026-08-21T14:20:02Z
EVT-FRS-006550,6006550,2006907,204021,3005643,10000,2026-08-12T06:39:01Z,電子決済,increment-run-002,workshop-participant,donation_events_002.csv,2026-08-21T14:20:02Z
EVT-FRS-006143,6006143,2003069,232297,3002002,15000,2026-08-12T06:40:13Z,クレジットカード,increment-run-002,workshop-participant,donation_events_002.csv,2026-08-21T14:20:02Z
EVT-FRS-011832,6011832,2004384,292044,3002534,25000,2026-08-12T06:40:17Z,コンビニ決済,increment-run-002,workshop-participant,donation_events_002.csv,2026-08-21T14:20:02Z
EVT-FRS-009197,6009197,2007072,465232,3005158,10000,2026-08-12T06:41:56Z,クレジットカード,increment-run-002,workshop-participant,donation_events_002.csv,2026-08-21T14:20:02Z
EVT-FRS-009568,6009568,2009910,082236,3001992,5000,2026-08-12T06:43:52Z,クレジットカード,increment-run-002,workshop-participant,donation_events_002.csv,2026-08-21T14:20:02Z
EVT-FRS-006126,6006126,2009419,462233,3001459,30000,2026-08-12T06:44:41Z,クレジットカード,increment-run-002,workshop-participant,donation_events_002.csv,2026-08-21T14:20:02Z
EVT-FRS-006878,6006878,2009837,122050,3003467,15000,2026-08-12T06:46:01Z,クレジットカード,increment-run-002,workshop-participant,donation_events_002.csv,2026-08-21T14:20:02Z
EVT-FRS-000458,6000458,2005370,015121,3000678,10000,2026-08-12T06:47:16Z,クレジットカード,increment-run-002,workshop-participant,donation_events_002.csv,2026-08-21T14:20:02Z
EVT-FRS-004243,6004243,2011671,172031,3003646,10000,2026-08-12T06:48:59Z,クレジットカード,increment-run-002,workshop-participant,donation_events_002.csv,2026-08-21T14:20:02Z
EVT-FRS-012462,6012462,2008221,092011,3001752,20000,2026-08-12T06:50:14Z,クレジットカード,increment-run-002,workshop-participant,donation_events_002.csv,2026-08-21T14:20:02Z
EVT-FRS-000556,6000556,2005417,402214,3002357,20000,2026-08-12T06:51:48Z,クレジットカード,increment-run-002,workshop-participant,donation_events_002.csv,2026-08-21T14:20:02Z
EVT-FRS-005444,6005444,2007508,402257,3003147,5000,2026-08-12T06:51:57Z,コンビニ決済,increment-run-002,workshop-participant,donation_events_002.csv,2026-08-21T14:20:02Z
EVT-FRS-009065,6009065,2002482,122327,3004697,10000,2026-08-12T06:55:58Z,電子決済,increment-run-002,workshop-participant,donation_events_002.csv,2026-08-21T14:20:02Z
EVT-FRS-004300,6004300,2004053,012190,3004508,15000,2026-08-12T06:57:13Z,電子決済,increment-run-002,workshop-participant,donation_events_002.csv,2026-08-21T14:20:02Z
EVT-FRS-010710,6010710,2001012,042021,3005000,10000,2026-08-12T06:59:54Z,コンビニ決済,increment-run-002,workshop-participant,donation_events_002.csv,2026-08-21T14:20:02Z
EVT-FRS-012827,6012827,2009448,244619,3001948,10000,2026-08-12T07:01:01Z,電子決済,increment-run-002,workshop-participant,donation_events_002.csv,2026-08-21T14:20:02Z
EVT-FRS-012646,6012646,2004869,462136,3005966,10000,2026-08-12T07:01:43Z,クレジットカード,increment-run-002,workshop-participant,donation_events_002.csv,2026-08-21T14:20:02Z
EVT-FRS-004620,6004620,2001886,012165,3003799,20000,2026-08-12T07:03:35Z,クレジットカード,increment-run-002,workshop-participant,donation_events_002.csv,2026-08-21T14:20:02Z
EVT-FRS-008741,6008741,2002005,261009,3000931,20000,2026-08-12T07:03:39Z,クレジットカード,increment-run-002,workshop-participant,donation_events_002.csv,2026-08-21T14:20:02Z
EVT-FRS-014042,6014042,2001563,132098,3005725,15000,2026-08-12T07:05:18Z,銀行振込,increment-run-002,workshop-participant,donation_events_002.csv,2026-08-21T14:20:02Z
EVT-FRS-004425,6004425,2009763,232068,3004917,25000,2026-08-12T07:07:22Z,クレジットカード,increment-run-002,workshop-participant,donation_events_002.csv,2026-08-21T14:20:02Z
EVT-FRS-008833,6008833,2006627,212202,3000474,8000,2026-08-12T07:09:20Z,クレジットカード,increment-run-002,workshop-participant,donation_events_002.csv,2026-08-21T14:20:02Z
EVT-FRS-011560,6011560,2011473,272124,3001820,30000,2026-08-12T07:10:03Z,クレジットカード,increment-run-002,workshop-participant,donation_events_002.csv,2026-08-21T14:20:02Z
EVT-FRS-003213,6003213,2011619,122068,3001390,10000,2026-08-12T07:11:16Z,クレジットカード,increment-run-002,workshop-participant,donation_events_002.csv,2026-08-21T14:20:02Z
EVT-FRS-006918,6006918,2006334,464686,3003694,20000,2026-08-12T07:12:37Z,電子決済,increment-run-002,workshop-participant,donation_events_002.csv,2026-08-21T14:20:02Z
EVT-FRS-002557,6002557,2010371,112313,3003968,30000,2026-08-12T07:15:34Z,クレジットカード,increment-run-002,workshop-participant,donation_events_002.csv,2026-08-21T14:20:02Z
EVT-FRS-001019,6001019,2011120,432113,3005288,10000,2026-08-12T07:18:54Z,クレジットカード,increment-run-002,workshop-participant,donation_events_002.csv,2026-08-21T14:20:02Z
EVT-FRS-014092,6014092,2008768,232327,3003728,15000,2026-08-12T07:20:08Z,クレジットカード,increment-run-002,workshop-participant,donation_events_002.csv,2026-08-21T14:20:02Z
EVT-FRS-003869,6003869,2011832,472093,3003580,15000,2026-08-12T07:36:23Z,コンビニ決済,increment-run-002,workshop-participant,donation_events_002.csv,2026-08-21T14:20:02Z
EVT-FRS-009932,6009932,2004011,252069,3002319,12000,2026-08-12T07:36:56Z,コンビニ決済,increment-run-002,workshop-participant,donation_events_002.csv,2026-08-21T14:20:02Z
EVT-FRS-003207,6003207,2005460,112330,3004904,25000,2026-08-12T07:45:58Z,クレジットカード,increment-run-002,workshop-participant,donation_events_002.csv,2026-08-21T14:20:02Z
EVT-FRS-002532,6002532,2008960,245615,3005741,10000,2026-08-12T07:50:12Z,電子決済,increment-run-002,workshop-participant,donation_events_002.csv,2026-08-21T14:20:02Z
EVT-FRS-007244,6007244,2006546,083101,3001433,12000,2026-08-12T07:53:31Z,クレジットカード,increment-run-002,workshop-participant,donation_events_002.csv,2026-08-21T14:20:02Z
EVT-FRS-005490,6005490,2001684,402231,3002661,5000,2026-08-12T07:57:21Z,クレジットカード,increment-run-002,workshop-participant,donation_events_002.csv,2026-08-21T14:20:02Z
EVT-FRS-001595,6001595,2007143,232351,3002257,10000,2026-08-12T07:59:51Z,電子決済,increment-run-002,workshop-participant,donation_events_002.csv,2026-08-21T14:20:02Z
EVT-FRS-013955,6013955,2002164,092053,3004169,15000,2026-08-12T08:14:04Z,電子決済,increment-run-002,workshop-participant,donation_events_002.csv,2026-08-21T14:20:02Z
EVT-FRS-007093,6007093,2001098,092151,3003926,12000,2026-08-12T08:23:08Z,電子決済,increment-run-002,workshop-participant,donation_events_002.csv,2026-08-21T14:20:02Z
EVT-FRS-013641,6013641,2011659,382141,3000936,10000,2026-08-12T08:27:09Z,銀行振込,increment-run-002,workshop-participant,donation_events_002.csv,2026-08-21T14:20:02Z
EVT-FRS-010142,6010142,2004011,272205,3004027,25000,2026-08-12T08:30:26Z,電子決済,increment-run-002,workshop-participant,donation_events_002.csv,2026-08-21T14:20:02Z
EVT-FRS-000031,6000031,2010152,122297,3002903,10000,2026-08-12T08:32:41Z,クレジットカード,increment-run-002,workshop-participant,donation_events_002.csv,2026-08-21T14:20:02Z
EVT-FRS-005475,6005475,2004466,352128,3002293,5000,2026-08-12T08:34:22Z,電子決済,increment-run-002,workshop-participant,donation_events_002.csv,2026-08-21T14:20:02Z
EVT-FRS-008520,6008520,2005919,273821,3004205,10000,2026-08-12T08:39:34Z,クレジットカード,increment-run-002,workshop-participant,donation_events_002.csv,2026-08-21T14:20:02Z
EVT-FRS-002933,6002933,2011057,104442,3001351,12000,2026-08-12T08:54:13Z,クレジットカード,increment-run-002,workshop-participant,donation_events_002.csv,2026-08-21T14:20:02Z
EVT-FRS-013078,6013078,2007497,352152,3003383,10000,2026-08-12T08:54:18Z,クレジットカード,increment-run-002,workshop-participant,donation_events_002.csv,2026-08-21T14:20:02Z
EVT-FRS-004565,6004565,2010708,402206,3001123,10000,2026-08-12T09:02:51Z,クレジットカード,increment-run-002,workshop-participant,donation_events_002.csv,2026-08-21T14:20:02Z
EVT-FRS-008665,6008665,2008062,016489,3000317,40000,2026-08-12T09:05:06Z,銀行振込,increment-run-002,workshop-participant,donation_events_002.csv,2026-08-21T14:20:02Z
EVT-FRS-006222,6006222,2006741,473065,3005663,10000,2026-08-12T09:05:28Z,クレジットカード,increment-run-002,workshop-participant,donation_events_002.csv,2026-08-21T14:20:02Z
EVT-FRS-012357,6012357,2002263,102041,3001862,20000,2026-08-12T09:07:49Z,クレジットカード,increment-run-002,workshop-participant,donation_events_002.csv,2026-08-21T14:20:02Z
EVT-FRS-003782,6003782,2010051,342084,3005652,20000,2026-08-12T09:09:19Z,クレジットカード,increment-run-002,workshop-participant,donation_events_002.csv,2026-08-21T14:20:02Z
EVT-FRS-005353,6005353,2007638,294241,3004773,10000,2026-08-12T09:12:25Z,クレジットカード,increment-run-002,workshop-participant,donation_events_002.csv,2026-08-21T14:20:02Z
EVT-FRS-011555,6011555,2005483,142166,3000621,30000,2026-08-12T09:12:27Z,クレジットカード,increment-run-002,workshop-participant,donation_events_002.csv,2026-08-21T14:20:02Z
EVT-FRS-010978,6010978,2007650,302015,3004318,20000,2026-08-12T09:12:45Z,銀行振込,increment-run-002,workshop-participant,donation_events_002.csv,2026-08-21T14:20:02Z
EVT-FRS-011559,6011559,2005751,252018,3004343,15000,2026-08-12T09:12:57Z,クレジットカード,increment-run-002,workshop-participant,donation_events_002.csv,2026-08-21T14:20:02Z
EVT-FRS-001854,6001854,2003359,082325,3004286,20000,2026-08-12T09:16:46Z,コンビニ決済,increment-run-002,workshop-participant,donation_events_002.csv,2026-08-21T14:20:02Z
EVT-FRS-000965,6000965,2004444,342092,3003144,10000,2026-08-12T09:22:07Z,クレジットカード,increment-run-002,workshop-participant,donation_events_002.csv,2026-08-21T14:20:02Z
EVT-FRS-004599,6004599,2005722,122271,3003570,15000,2026-08-12T09:25:58Z,電子決済,increment-run-002,workshop-participant,donation_events_002.csv,2026-08-21T14:20:02Z
EVT-FRS-008011,6008011,2005892,393011,3001833,30000,2026-08-12T09:33:08Z,クレジットカード,increment-run-002,workshop-participant,donation_events_002.csv,2026-08-21T14:20:02Z
EVT-FRS-008661,6008661,2003192,122343,3004699,15000,2026-08-12T09:34:31Z,クレジットカード,increment-run-002,workshop-participant,donation_events_002.csv,2026-08-21T14:20:02Z
EVT-FRS-001458,6001458,2004316,112071,3004185,30000,2026-08-12T09:35:29Z,銀行振込,increment-run-002,workshop-participant,donation_events_002.csv,2026-08-21T14:20:02Z
EVT-FRS-001506,6001506,2002541,422100,3002248,10000,2026-08-12T09:39:58Z,クレジットカード,increment-run-002,workshop-participant,donation_events_002.csv,2026-08-21T14:20:02Z
EVT-FRS-003417,6003417,2009609,452025,3003435,20000,2026-08-12T09:40:26Z,クレジットカード,increment-run-002,workshop-participant,donation_events_002.csv,2026-08-21T14:20:02Z
EVT-FRS-000855,6000855,2007034,452025,3005848,10000,2026-08-12T09:41:21Z,電子決済,increment-run-002,workshop-participant,donation_events_002.csv,2026-08-21T14:20:02Z
EVT-FRS-011207,6011207,2000316,272132,3002307,8000,2026-08-12T09:45:56Z,コンビニ決済,increment-run-002,workshop-participant,donation_events_002.csv,2026-08-21T14:20:02Z
EVT-FRS-007469,6007469,2007083,432105,3001989,15000,2026-08-12T09:48:50Z,電子決済,increment-run-002,workshop-participant,donation_events_002.csv,2026-08-21T14:20:02Z
EVT-FRS-009755,6009755,2004829,182087,3002106,10000,2026-08-12T09:49:48Z,クレジットカード,increment-run-002,workshop-participant,donation_events_002.csv,2026-08-21T14:20:02Z
EVT-FRS-003557,6003557,2007833,223069,3005340,12000,2026-08-12T09:53:46Z,クレジットカード,increment-run-002,workshop-participant,donation_events_002.csv,2026-08-21T14:20:02Z
EVT-FRS-012300,6012300,2009982,304247,3002915,10000,2026-08-12T09:54:08Z,クレジットカード,increment-run-002,workshop-participant,donation_events_002.csv,2026-08-21T14:20:02Z
EVT-FRS-005949,6005949,2010709,392090,3004647,8000,2026-08-12T10:02:02Z,クレジットカード,increment-run-002,workshop-participant,donation_events_002.csv,2026-08-21T14:20:02Z
EVT-FRS-014250,6014250,2000548,082325,3004286,15000,2026-08-12T10:02:03Z,クレジットカード,increment-run-002,workshop-participant,donation_events_002.csv,2026-08-21T14:20:02Z
EVT-FRS-010859,6010859,2007225,312029,3000644,20000,2026-08-12T10:03:33Z,クレジットカード,increment-run-002,workshop-participant,donation_events_002.csv,2026-08-21T14:20:02Z
EVT-FRS-008311,6008311,2003646,442089,3001371,15000,2026-08-12T10:06:30Z,電子決済,increment-run-002,workshop-participant,donation_events_002.csv,2026-08-21T14:20:02Z
EVT-FRS-013459,6013459,2003797,282189,3002127,15000,2026-08-12T10:16:33Z,クレジットカード,increment-run-002,workshop-participant,donation_events_002.csv,2026-08-21T14:20:02Z
EVT-FRS-008736,6008736,2007195,332020,3001069,10000,2026-08-12T10:18:06Z,クレジットカード,increment-run-002,workshop-participant,donation_events_002.csv,2026-08-21T14:20:02Z
EVT-FRS-005786,6005786,2003188,112216,3000654,12000,2026-08-12T10:24:57Z,クレジットカード,increment-run-002,workshop-participant,donation_events_002.csv,2026-08-21T14:20:02Z
EVT-FRS-013140,6013140,2010843,013935,3004739,10000,2026-08-12T10:24:58Z,クレジットカード,increment-run-002,workshop-participant,donation_events_002.csv,2026-08-21T14:20:02Z
EVT-FRS-006964,6006964,2011048,012173,3005932,15000,2026-08-12T10:25:36Z,クレジットカード,increment-run-002,workshop-participant,donation_events_002.csv,2026-08-21T14:20:02Z
EVT-FRS-000665,6000665,2008736,075442,3005454,15000,2026-08-12T10:34:41Z,クレジットカード,increment-run-002,workshop-participant,donation_events_002.csv,2026-08-21T14:20:02Z
EVT-FRS-007916,6007916,2008429,122360,3005590,10000,2026-08-12T10:36:15Z,クレジットカード,increment-run-002,workshop-participant,donation_events_002.csv,2026-08-21T14:20:02Z
EVT-FRS-006680,6006680,2006411,131156,3003345,10000,2026-08-12T10:36:34Z,クレジットカード,increment-run-002,workshop-participant,donation_events_002.csv,2026-08-21T14:20:02Z
EVT-FRS-002384,6002384,2005783,082252,3002868,50000,2026-08-12T10:44:03Z,電子決済,increment-run-002,workshop-participant,donation_events_002.csv,2026-08-21T14:20:02Z
EVT-FRS-003523,6003523,2009196,402117,3002329,12000,2026-08-12T10:46:19Z,電子決済,increment-run-002,workshop-participant,donation_events_002.csv,2026-08-21T14:20:02Z
EVT-FRS-005564,6005564,2001282,092053,3004916,8000,2026-08-12T10:47:21Z,クレジットカード,increment-run-002,workshop-participant,donation_events_002.csv,2026-08-21T14:20:02Z
EVT-FRS-012536,6012536,2010063,132195,3004404,20000,2026-08-12T10:50:16Z,クレジットカード,increment-run-002,workshop-participant,donation_events_002.csv,2026-08-21T14:20:02Z
EVT-FRS-005509,6005509,2010264,412082,3005539,30000,2026-08-12T10:52:32Z,クレジットカード,increment-run-002,workshop-participant,donation_events_002.csv,2026-08-21T14:20:02Z
EVT-FRS-006471,6006471,2005001,362026,3001386,50000,2026-08-12T10:56:42Z,電子決済,increment-run-002,workshop-participant,donation_events_002.csv,2026-08-21T14:20:02Z
EVT-FRS-006947,6006947,2006479,052043,3000433,5000,2026-08-12T10:57:00Z,クレジットカード,increment-run-002,workshop-participant,donation_events_002.csv,2026-08-21T14:20:02Z
EVT-FRS-005357,6005357,2003396,232351,3002782,12000,2026-08-12T10:58:31Z,クレジットカード,increment-run-002,workshop-participant,donation_events_002.csv,2026-08-21T14:20:02Z
EVT-FRS-004635,6004635,2000784,052043,3002872,20000,2026-08-12T11:04:53Z,電子決済,increment-run-002,workshop-participant,donation_events_002.csv,2026-08-21T14:20:02Z
EVT-FRS-013773,6013773,2010483,364053,3003889,20000,2026-08-12T11:11:28Z,電子決済,increment-run-002,workshop-participant,donation_events_002.csv,2026-08-21T14:20:02Z
EVT-FRS-011758,6011758,2006829,012190,3004508,5000,2026-08-12T11:13:26Z,クレジットカード,increment-run-002,workshop-participant,donation_events_002.csv,2026-08-21T14:20:02Z
EVT-FRS-010514,6010514,2003917,232351,3001145,12000,2026-08-12T11:14:53Z,電子決済,increment-run-002,workshop-participant,donation_events_002.csv,2026-08-21T14:20:02Z
EVT-FRS-002416,6002416,2008679,342025,3002620,10000,2026-08-12T11:27:27Z,クレジットカード,increment-run-002,workshop-participant,donation_events_002.csv,2026-08-21T14:20:02Z
EVT-FRS-003106,6003106,2003487,232360,3004398,10000,2026-08-12T11:31:12Z,クレジットカード,increment-run-002,workshop-participant,donation_events_002.csv,2026-08-21T14:20:02Z
EVT-FRS-014632,6014632,2001306,294276,3002164,30000,2026-08-12T11:31:25Z,銀行振込,increment-run-002,workshop-participant,donation_events_002.csv,2026-08-21T14:20:02Z
EVT-FRS-004774,6004774,2009771,302074,3003849,5000,2026-08-12T11:32:37Z,電子決済,increment-run-002,workshop-participant,donation_events_002.csv,2026-08-21T14:20:02Z
EVT-FRS-001299,6001299,2005237,032107,3003446,12000,2026-08-12T11:33:58Z,クレジットカード,increment-run-002,workshop-participant,donation_events_002.csv,2026-08-21T14:20:02Z
EVT-FRS-014249,6014249,2004022,282227,3000743,20000,2026-08-12T11:35:01Z,電子決済,increment-run-002,workshop-participant,donation_events_002.csv,2026-08-21T14:20:02Z
EVT-FRS-011625,6011625,2010290,352071,3002144,20000,2026-08-12T11:36:58Z,電子決済,increment-run-002,workshop-participant,donation_events_002.csv,2026-08-21T14:20:02Z
EVT-FRS-008887,6008887,2003433,122327,3004223,15000,2026-08-12T11:43:37Z,電子決済,increment-run-002,workshop-participant,donation_events_002.csv,2026-08-21T14:20:02Z
EVT-FRS-010922,6010922,2010657,016683,3001826,15000,2026-08-12T11:47:27Z,電子決済,increment-run-002,workshop-participant,donation_events_002.csv,2026-08-21T14:20:02Z
EVT-FRS-012246,6012246,2001497,072087,3005466,20000,2026-08-12T11:47:37Z,クレジットカード,increment-run-002,workshop-participant,donation_events_002.csv,2026-08-21T14:20:02Z
EVT-FRS-010775,6010775,2003677,112283,3002528,10000,2026-08-12T11:52:54Z,電子決済,increment-run-002,workshop-participant,donation_events_002.csv,2026-08-21T14:20:02Z
EVT-FRS-003756,6003756,2008318,402044,3002887,5000,2026-08-12T11:54:43Z,クレジットカード,increment-run-002,workshop-participant,donation_events_002.csv,2026-08-21T14:20:02Z
EVT-FRS-006938,6006938,2007709,162027,3000023,25000,2026-08-12T12:02:17Z,電子決済,increment-run-002,workshop-participant,donation_events_002.csv,2026-08-21T14:20:02Z
EVT-FRS-009111,6009111,2010337,312029,3005635,10000,2026-08-12T12:02:45Z,電子決済,increment-run-002,workshop-participant,donation_events_002.csv,2026-08-21T14:20:02Z
EVT-FRS-002642,6002642,2003573,452025,3005848,10000,2026-08-12T12:04:05Z,クレジットカード,increment-run-002,workshop-participant,donation_events_002.csv,2026-08-21T14:20:02Z
EVT-FRS-003378,6003378,2000860,473561,3005612,5000,2026-08-12T12:06:57Z,クレジットカード,increment-run-002,workshop-participant,donation_events_002.csv,2026-08-21T14:20:02Z
EVT-FRS-003135,6003135,2006763,282189,3001898,10000,2026-08-12T12:08:48Z,クレジットカード,increment-run-002,workshop-participant,donation_events_002.csv,2026-08-21T14:20:02Z
EVT-FRS-010822,6010822,2011368,124214,3001278,15000,2026-08-12T12:13:14Z,クレジットカード,increment-run-002,workshop-participant,donation_events_002.csv,2026-08-21T14:20:02Z
EVT-FRS-006395,6006395,2003281,362077,3004679,30000,2026-08-12T12:13:29Z,クレジットカード,increment-run-002,workshop-participant,donation_events_002.csv,2026-08-21T14:20:02Z
EVT-FRS-011666,6011666,2002315,064262,3002148,10000,2026-08-12T12:18:40Z,クレジットカード,increment-run-002,workshop-participant,donation_events_002.csv,2026-08-21T14:20:02Z
EVT-FRS-002078,6002078,2000898,131083,3004712,20000,2026-08-12T12:21:17Z,クレジットカード,increment-run-002,workshop-participant,donation_events_002.csv,2026-08-21T14:20:02Z
EVT-FRS-002319,6002319,2009964,082368,3000144,5000,2026-08-12T12:23:44Z,クレジットカード,increment-run-002,workshop-participant,donation_events_002.csv,2026-08-21T14:20:02Z
EVT-FRS-012551,6012551,2007765,112038,3000955,15000,2026-08-12T12:24:01Z,銀行振込,increment-run-002,workshop-participant,donation_events_002.csv,2026-08-21T14:20:02Z
EVT-FRS-014869,6014869,2011032,082031,3001172,30000,2026-08-12T12:27:52Z,電子決済,increment-run-002,workshop-participant,donation_events_002.csv,2026-08-21T14:20:02Z
EVT-FRS-000008,6000008,2003474,222097,3004450,12000,2026-08-12T12:28:31Z,クレジットカード,increment-run-002,workshop-participant,donation_events_002.csv,2026-08-21T14:20:02Z
EVT-FRS-006373,6006373,2003843,472085,3001837,10000,2026-08-12T12:32:10Z,クレジットカード,increment-run-002,workshop-participant,donation_events_002.csv,2026-08-21T14:20:02Z
EVT-FRS-003820,6003820,2010392,341002,3004993,5000,2026-08-12T12:34:14Z,電子決済,increment-run-002,workshop-participant,donation_events_002.csv,2026-08-21T14:20:02Z
EVT-FRS-006653,6006653,2003906,192082,3001700,10000,2026-08-12T12:38:19Z,クレジットカード,increment-run-002,workshop-participant,donation_events_002.csv,2026-08-21T14:20:02Z
EVT-FRS-000905,6000905,2000783,072079,3001610,15000,2026-08-12T12:39:26Z,クレジットカード,increment-run-002,workshop-participant,donation_events_002.csv,2026-08-21T14:20:02Z
EVT-FRS-001993,6001993,2002644,152129,3001305,5000,2026-08-12T12:45:35Z,銀行振込,increment-run-002,workshop-participant,donation_events_002.csv,2026-08-21T14:20:02Z
EVT-FRS-000030,6000030,2006760,272175,3002303,20000,2026-08-12T12:49:24Z,クレジットカード,increment-run-002,workshop-participant,donation_events_002.csv,2026-08-21T14:20:02Z
EVT-FRS-002124,6002124,2009740,132187,3001701,10000,2026-08-12T12:49:59Z,銀行振込,increment-run-002,workshop-participant,donation_events_002.csv,2026-08-21T14:20:02Z
EVT-FRS-003642,6003642,2010781,052019,3001807,20000,2026-08-12T12:57:16Z,電子決済,increment-run-002,workshop-participant,donation_events_002.csv,2026-08-21T14:20:02Z
EVT-FRS-014863,6014863,2005605,112305,3005512,5000,2026-08-12T13:08:40Z,クレジットカード,increment-run-002,workshop-participant,donation_events_002.csv,2026-08-21T14:20:02Z
EVT-FRS-014422,6014422,2008458,011002,3001271,10000,2026-08-12T13:09:21Z,クレジットカード,increment-run-002,workshop-participant,donation_events_002.csv,2026-08-21T14:20:02Z
EVT-FRS-003077,6003077,2010856,082325,3005971,15000,2026-08-12T13:19:37Z,クレジットカード,increment-run-002,workshop-participant,donation_events_002.csv,2026-08-21T14:20:02Z
EVT-FRS-007804,6007804,2004163,402265,3003367,10000,2026-08-12T13:22:07Z,クレジットカード,increment-run-002,workshop-participant,donation_events_002.csv,2026-08-21T14:20:02Z
EVT-FRS-013940,6013940,2005734,142166,3005648,50000,2026-08-12T13:24:30Z,クレジットカード,increment-run-002,workshop-participant,donation_events_002.csv,2026-08-21T14:20:02Z
EVT-FRS-002390,6002390,2007143,352080,3003909,15000,2026-08-12T13:24:39Z,コンビニ決済,increment-run-002,workshop-participant,donation_events_002.csv,2026-08-21T14:20:02Z
EVT-FRS-012779,6012779,2001459,182052,3000208,20000,2026-08-12T13:27:26Z,クレジットカード,increment-run-002,workshop-participant,donation_events_002.csv,2026-08-21T14:20:02Z
EVT-FRS-010714,6010714,2001385,014681,3002407,10000,2026-08-12T13:29:40Z,クレジットカード,increment-run-002,workshop-participant,donation_events_002.csv,2026-08-21T14:20:02Z
EVT-FRS-002162,6002162,2004325,473286,3002931,10000,2026-08-12T13:30:03Z,クレジットカード,increment-run-002,workshop-participant,donation_events_002.csv,2026-08-21T14:20:02Z
EVT-FRS-010728,6010728,2011344,072052,3001612,50000,2026-08-12T13:30:04Z,コンビニ決済,increment-run-002,workshop-participant,donation_events_002.csv,2026-08-21T14:20:02Z
EVT-FRS-013735,6013735,2007597,272132,3002927,20000,2026-08-12T13:30:34Z,クレジットカード,increment-run-002,workshop-participant,donation_events_002.csv,2026-08-21T14:20:02Z
EVT-FRS-004424,6004424,2010395,042111,3004989,10000,2026-08-12T13:32:03Z,クレジットカード,increment-run-002,workshop-participant,donation_events_002.csv,2026-08-21T14:20:02Z
EVT-FRS-003598,6003598,2011912,393878,3004254,10000,2026-08-12T13:33:08Z,クレジットカード,increment-run-002,workshop-participant,donation_events_002.csv,2026-08-21T14:20:02Z
EVT-FRS-008666,6008666,2006107,012220,3004280,20000,2026-08-12T13:36:39Z,クレジットカード,increment-run-002,workshop-participant,donation_events_002.csv,2026-08-21T14:20:02Z
EVT-FRS-007532,6007532,2004807,452025,3002268,20000,2026-08-12T13:40:16Z,クレジットカード,increment-run-002,workshop-participant,donation_events_002.csv,2026-08-21T14:20:02Z
EVT-FRS-010964,6010964,2005109,202045,3005850,10000,2026-08-12T13:45:59Z,電子決済,increment-run-002,workshop-participant,donation_events_002.csv,2026-08-21T14:20:02Z
EVT-FRS-004472,6004472,2000654,242144,3004112,15000,2026-08-12T13:47:50Z,銀行振込,increment-run-002,workshop-participant,donation_events_002.csv,2026-08-21T14:20:02Z
EVT-FRS-000975,6000975,2000682,272132,3003322,5000,2026-08-12T13:51:44Z,クレジットカード,increment-run-002,workshop-participant,donation_events_002.csv,2026-08-21T14:20:02Z
EVT-FRS-011795,6011795,2005599,302066,3001435,12000,2026-08-12T13:55:05Z,クレジットカード,increment-run-002,workshop-participant,donation_events_002.csv,2026-08-21T14:20:02Z
EVT-FRS-010937,6010937,2010567,012220,3004280,50000,2026-08-12T13:55:16Z,クレジットカード,increment-run-002,workshop-participant,donation_events_002.csv,2026-08-21T14:20:02Z
EVT-FRS-013290,6013290,2002507,382019,3003299,10000,2026-08-12T13:55:32Z,電子決済,increment-run-002,workshop-participant,donation_events_002.csv,2026-08-21T14:20:02Z
EVT-FRS-014552,6014552,2010681,222127,3003026,25000,2026-08-12T14:02:09Z,クレジットカード,increment-run-002,workshop-participant,donation_events_002.csv,2026-08-21T14:20:02Z
EVT-FRS-000109,6000109,2005340,112151,3002952,20000,2026-08-12T14:07:27Z,クレジットカード,increment-run-002,workshop-participant,donation_events_002.csv,2026-08-21T14:20:02Z
EVT-FRS-012663,6012663,2001781,222241,3003706,12000,2026-08-12T14:08:55Z,クレジットカード,increment-run-002,workshop-participant,donation_events_002.csv,2026-08-21T14:20:02Z
EVT-FRS-003470,6003470,2003369,272051,3002459,15000,2026-08-12T14:09:11Z,クレジットカード,increment-run-002,workshop-participant,donation_events_002.csv,2026-08-21T14:20:02Z
EVT-FRS-010924,6010924,2003189,012084,3002792,5000,2026-08-12T14:13:24Z,コンビニ決済,increment-run-002,workshop-participant,donation_events_002.csv,2026-08-21T14:20:02Z
EVT-FRS-008701,6008701,2002185,012343,3005414,20000,2026-08-12T14:15:05Z,クレジットカード,increment-run-002,workshop-participant,donation_events_002.csv,2026-08-21T14:20:02Z
EVT-FRS-010631,6010631,2003595,192058,3005223,8000,2026-08-12T14:26:42Z,クレジットカード,increment-run-002,workshop-participant,donation_events_002.csv,2026-08-21T14:20:02Z
EVT-FRS-013903,6013903,2007761,282171,3001417,20000,2026-08-12T14:28:35Z,クレジットカード,increment-run-002,workshop-participant,donation_events_002.csv,2026-08-21T14:20:02Z
EVT-FRS-006983,6006983,2010176,012122,3002210,10000,2026-08-12T14:29:46Z,クレジットカード,increment-run-002,workshop-participant,donation_events_002.csv,2026-08-21T14:20:02Z
EVT-FRS-011551,6011551,2011162,012181,3005657,15000,2026-08-12T14:29:56Z,電子決済,increment-run-002,workshop-participant,donation_events_002.csv,2026-08-21T14:20:02Z
EVT-FRS-000110,6000110,2000348,142123,3003724,10000,2026-08-12T14:31:48Z,クレジットカード,increment-run-002,workshop-participant,donation_events_002.csv,2026-08-21T14:20:02Z
EVT-FRS-007756,6007756,2002140,162094,3001520,15000,2026-08-12T14:33:41Z,クレジットカード,increment-run-002,workshop-participant,donation_events_002.csv,2026-08-21T14:20:02Z
EVT-FRS-011823,6011823,2005167,082112,3000555,10000,2026-08-12T14:42:59Z,クレジットカード,increment-run-002,workshop-participant,donation_events_002.csv,2026-08-21T14:20:02Z
EVT-FRS-006933,6006933,2003350,192112,3000797,30000,2026-08-12T14:43:00Z,クレジットカード,increment-run-002,workshop-participant,donation_events_002.csv,2026-08-21T14:20:02Z
EVT-FRS-000205,6000205,2005100,152251,3000026,10000,2026-08-12T14:47:05Z,クレジットカード,increment-run-002,workshop-participant,donation_events_002.csv,2026-08-21T14:20:02Z
EVT-FRS-002189,6002189,2003495,192058,3000939,50000,2026-08-12T14:47:17Z,クレジットカード,increment-run-002,workshop-participant,donation_events_002.csv,2026-08-21T14:20:02Z
EVT-FRS-010910,6010910,2008733,342157,3002242,10000,2026-08-12T14:51:11Z,クレジットカード,increment-run-002,workshop-participant,donation_events_002.csv,2026-08-21T14:20:02Z
EVT-FRS-004866,6004866,2005974,262102,3003103,12000,2026-08-12T14:53:05Z,コンビニ決済,increment-run-002,workshop-participant,donation_events_002.csv,2026-08-21T14:20:02Z
EVT-FRS-006561,6006561,2001142,302082,3005389,40000,2026-08-12T14:54:17Z,クレジットカード,increment-run-002,workshop-participant,donation_events_002.csv,2026-08-21T14:20:02Z
EVT-FRS-005182,6005182,2001875,282162,3005696,5000,2026-08-12T14:57:31Z,クレジットカード,increment-run-002,workshop-participant,donation_events_002.csv,2026-08-21T14:20:02Z
EVT-FRS-007144,6007144,2005832,182079,3003228,10000,2026-08-12T15:02:41Z,電子決済,increment-run-002,workshop-participant,donation_events_002.csv,2026-08-21T14:20:02Z
EVT-FRS-003698,6003698,2002879,152226,3002921,10000,2026-08-12T15:04:48Z,クレジットカード,increment-run-002,workshop-participant,donation_events_002.csv,2026-08-21T14:20:02Z
EVT-FRS-009083,6009083,2001197,401307,3000659,10000,2026-08-12T15:06:14Z,クレジットカード,increment-run-002,workshop-participant,donation_events_002.csv,2026-08-21T14:20:02Z
EVT-FRS-014675,6014675,2007177,432067,3000922,15000,2026-08-12T15:10:00Z,コンビニ決済,increment-run-002,workshop-participant,donation_events_002.csv,2026-08-21T14:20:02Z
EVT-FRS-009438,6009438,2007046,012301,3002365,30000,2026-08-12T15:11:22Z,クレジットカード,increment-run-002,workshop-participant,donation_events_002.csv,2026-08-21T14:20:02Z
EVT-FRS-006003,6006003,2008116,012254,3001277,15000,2026-08-12T15:14:19Z,クレジットカード,increment-run-002,workshop-participant,donation_events_002.csv,2026-08-21T14:20:02Z
EVT-FRS-002890,6002890,2007089,014001,3005572,30000,2026-08-12T15:15:16Z,クレジットカード,increment-run-002,workshop-participant,donation_events_002.csv,2026-08-21T14:20:02Z
EVT-FRS-008881,6008881,2005752,016942,3002531,15000,2026-08-12T15:22:13Z,クレジットカード,increment-run-002,workshop-participant,donation_events_002.csv,2026-08-21T14:20:02Z
EVT-FRS-010603,6010603,2006960,142107,3004010,8000,2026-08-12T15:23:10Z,クレジットカード,increment-run-002,workshop-participant,donation_events_002.csv,2026-08-21T14:20:02Z
EVT-FRS-002842,6002842,2002230,272281,3005153,10000,2026-08-12T15:26:14Z,クレジットカード,increment-run-002,workshop-participant,donation_events_002.csv,2026-08-21T14:20:02Z
EVT-FRS-005761,6005761,2009242,402281,3002370,20000,2026-08-12T15:26:54Z,クレジットカード,increment-run-002,workshop-participant,donation_events_002.csv,2026-08-21T14:20:02Z
EVT-FRS-008572,6008572,2010305,382078,3003717,10000,2026-08-12T15:30:50Z,コンビニ決済,increment-run-002,workshop-participant,donation_events_002.csv,2026-08-21T14:20:02Z
EVT-FRS-013782,6013782,2005546,032077,3004214,15000,2026-08-12T15:34:58Z,クレジットカード,increment-run-002,workshop-participant,donation_events_002.csv,2026-08-21T14:20:02Z
EVT-FRS-008409,6008409,2004263,452068,3000805,40000,2026-08-12T15:35:33Z,クレジットカード,increment-run-002,workshop-participant,donation_events_002.csv,2026-08-21T14:20:02Z
EVT-FRS-012825,6012825,2008999,012122,3002210,30000,2026-08-12T15:38:34Z,クレジットカード,increment-run-002,workshop-participant,donation_events_002.csv,2026-08-21T14:20:02Z
EVT-FRS-011791,6011791,2001587,112275,3002828,25000,2026-08-12T15:38:39Z,クレジットカード,increment-run-002,workshop-participant,donation_events_002.csv,2026-08-21T14:20:02Z
EVT-FRS-009753,6009753,2009407,182028,3004811,15000,2026-08-12T15:39:29Z,電子決済,increment-run-002,workshop-participant,donation_events_002.csv,2026-08-21T14:20:02Z
EVT-FRS-009009,6009009,2011587,022080,3004406,10000,2026-08-12T15:39:59Z,電子決済,increment-run-002,workshop-participant,donation_events_002.csv,2026-08-21T14:20:02Z
EVT-FRS-013250,6013250,2004085,122262,3004433,15000,2026-08-12T15:45:32Z,クレジットカード,increment-run-002,workshop-participant,donation_events_002.csv,2026-08-21T14:20:02Z
EVT-FRS-006071,6006071,2005437,062031,3002798,10000,2026-08-12T15:50:00Z,電子決済,increment-run-002,workshop-participant,donation_events_002.csv,2026-08-21T14:20:02Z
EVT-FRS-007568,6007568,2011600,222259,3005856,10000,2026-08-12T15:50:08Z,電子決済,increment-run-002,workshop-participant,donation_events_002.csv,2026-08-21T14:20:02Z
EVT-FRS-003492,6003492,2004638,111007,3000639,30000,2026-08-12T15:51:42Z,クレジットカード,increment-run-002,workshop-participant,donation_events_002.csv,2026-08-21T14:20:02Z
EVT-FRS-003182,6003182,2011681,172065,3005830,10000,2026-08-12T15:53:15Z,電子決済,increment-run-002,workshop-participant,donation_events_002.csv,2026-08-21T14:20:02Z
EVT-FRS-009077,6009077,2003169,392031,3002504,15000,2026-08-12T15:57:05Z,銀行振込,increment-run-002,workshop-participant,donation_events_002.csv,2026-08-21T14:20:02Z
EVT-FRS-002566,6002566,2010061,122068,3003765,5000,2026-08-12T15:58:10Z,クレジットカード,increment-run-002,workshop-participant,donation_events_002.csv,2026-08-21T14:20:02Z
EVT-FRS-001897,6001897,2004455,402231,3001064,5000,2026-08-12T15:59:40Z,クレジットカード,increment-run-002,workshop-participant,donation_events_002.csv,2026-08-21T14:20:02Z
EVT-FRS-012275,6012275,2003827,402117,3000751,15000,2026-08-12T16:01:09Z,銀行振込,increment-run-002,workshop-participant,donation_events_002.csv,2026-08-21T14:20:02Z
EVT-FRS-011284,6011284,2004818,272167,3003384,10000,2026-08-12T16:03:15Z,クレジットカード,increment-run-002,workshop-participant,donation_events_002.csv,2026-08-21T14:20:02Z
EVT-FRS-013766,6013766,2007019,372064,3000231,10000,2026-08-12T16:06:43Z,電子決済,increment-run-002,workshop-participant,donation_events_002.csv,2026-08-21T14:20:02Z
EVT-FRS-010332,6010332,2011794,212148,3000402,10000,2026-08-12T16:07:04Z,電子決済,increment-run-002,workshop-participant,donation_events_002.csv,2026-08-21T14:20:02Z
EVT-FRS-013657,6013657,2006212,282049,3003839,10000,2026-08-12T16:07:17Z,クレジットカード,increment-run-002,workshop-participant,donation_events_002.csv,2026-08-21T14:20:02Z
EVT-FRS-009984,6009984,2004656,303411,3001649,15000,2026-08-12T16:10:48Z,クレジットカード,increment-run-002,workshop-participant,donation_events_002.csv,2026-08-21T14:20:02Z
EVT-FRS-003838,6003838,2007812,152188,3000848,20000,2026-08-12T16:11:24Z,銀行振込,increment-run-002,workshop-participant,donation_events_002.csv,2026-08-21T14:20:02Z
EVT-FRS-000873,6000873,2003469,182028,3004323,20000,2026-08-12T16:13:06Z,電子決済,increment-run-002,workshop-participant,donation_events_002.csv,2026-08-21T14:20:02Z
EVT-FRS-013894,6013894,2002068,122327,3005436,30000,2026-08-12T16:16:08Z,クレジットカード,increment-run-002,workshop-participant,donation_events_002.csv,2026-08-21T14:20:02Z
EVT-FRS-012899,6012899,2011841,082325,3003242,30000,2026-08-12T16:19:06Z,クレジットカード,increment-run-002,workshop-participant,donation_events_002.csv,2026-08-21T14:20:02Z
EVT-FRS-008991,6008991,2003444,032140,3002838,10000,2026-08-12T16:19:14Z,クレジットカード,increment-run-002,workshop-participant,donation_events_002.csv,2026-08-21T14:20:02Z
EVT-FRS-010556,6010556,2004870,082031,3003807,10000,2026-08-12T16:21:47Z,クレジットカード,increment-run-002,workshop-participant,donation_events_002.csv,2026-08-21T14:20:02Z
EVT-FRS-006689,6006689,2001334,012173,3003495,5000,2026-08-12T16:24:12Z,クレジットカード,increment-run-002,workshop-participant,donation_events_002.csv,2026-08-21T14:20:02Z
EVT-FRS-009834,6009834,2004616,262099,3002579,15000,2026-08-12T16:31:16Z,クレジットカード,increment-run-002,workshop-participant,donation_events_002.csv,2026-08-21T14:20:02Z
EVT-FRS-004358,6004358,2003348,042072,3001255,20000,2026-08-12T16:32:48Z,クレジットカード,increment-run-002,workshop-participant,donation_events_002.csv,2026-08-21T14:20:02Z
EVT-FRS-004698,6004698,2002173,111007,3000639,100000,2026-08-12T16:34:46Z,クレジットカード,increment-run-002,workshop-participant,donation_events_002.csv,2026-08-21T14:20:02Z
EVT-FRS-011521,6011521,2007541,262129,3004562,10000,2026-08-12T16:39:33Z,電子決済,increment-run-002,workshop-participant,donation_events_002.csv,2026-08-21T14:20:02Z
EVT-FRS-007753,6007753,2004458,402206,3001123,5000,2026-08-12T16:43:45Z,クレジットカード,increment-run-002,workshop-participant,donation_events_002.csv,2026-08-21T14:20:02Z
EVT-FRS-008805,6008805,2000070,112305,3004215,40000,2026-08-12T16:44:50Z,クレジットカード,increment-run-002,workshop-participant,donation_events_002.csv,2026-08-21T14:20:02Z
EVT-FRS-012873,6012873,2009899,452025,3004334,10000,2026-08-12T16:54:05Z,クレジットカード,increment-run-002,workshop-participant,donation_events_002.csv,2026-08-21T14:20:02Z
EVT-FRS-012741,6012741,2003483,032077,3002619,30000,2026-08-12T17:01:53Z,銀行振込,increment-run-002,workshop-participant,donation_events_002.csv,2026-08-21T14:20:02Z
EVT-FRS-007267,6007267,2007123,465232,3001515,50000,2026-08-12T17:10:02Z,電子決済,increment-run-002,workshop-participant,donation_events_002.csv,2026-08-21T14:20:02Z
EVT-FRS-007972,6007972,2010149,452050,3001657,40000,2026-08-12T17:12:27Z,クレジットカード,increment-run-002,workshop-participant,donation_events_002.csv,2026-08-21T14:20:02Z
EVT-FRS-002523,6002523,2007147,332054,3000347,20000,2026-08-12T17:16:57Z,クレジットカード,increment-run-002,workshop-participant,donation_events_002.csv,2026-08-21T14:20:02Z
EVT-FRS-000104,6000104,2004567,422142,3005051,40000,2026-08-12T17:21:50Z,クレジットカード,increment-run-002,workshop-participant,donation_events_002.csv,2026-08-21T14:20:02Z
EVT-FRS-006155,6006155,2002566,042021,3002651,10000,2026-08-12T17:22:00Z,銀行振込,increment-run-002,workshop-participant,donation_events_002.csv,2026-08-21T14:20:02Z
EVT-FRS-014760,6014760,2004940,232157,3005500,10000,2026-08-12T17:25:31Z,クレジットカード,increment-run-002,workshop-participant,donation_events_002.csv,2026-08-21T14:20:02Z
EVT-FRS-004905,6004905,2001688,063657,3001034,30000,2026-08-12T17:31:14Z,クレジットカード,increment-run-002,workshop-participant,donation_events_002.csv,2026-08-21T14:20:02Z
EVT-FRS-006914,6006914,2005649,352136,3004530,10000,2026-08-12T17:33:16Z,コンビニ決済,increment-run-002,workshop-participant,donation_events_002.csv,2026-08-21T14:20:02Z
EVT-FRS-000045,6000045,2003323,072109,3000107,12000,2026-08-12T17:34:16Z,電子決済,increment-run-002,workshop-participant,donation_events_002.csv,2026-08-21T14:20:02Z
EVT-FRS-013597,6013597,2010364,122050,3001654,20000,2026-08-12T17:34:47Z,クレジットカード,increment-run-002,workshop-participant,donation_events_002.csv,2026-08-21T14:20:02Z
EVT-FRS-009607,6009607,2005553,464686,3002859,12000,2026-08-12T17:36:11Z,クレジットカード,increment-run-002,workshop-participant,donation_events_002.csv,2026-08-21T14:20:02Z
EVT-FRS-013403,6013403,2006231,232092,3000157,10000,2026-08-12T17:38:50Z,クレジットカード,increment-run-002,workshop-participant,donation_events_002.csv,2026-08-21T14:20:02Z
EVT-FRS-009682,6009682,2006862,452025,3003952,10000,2026-08-12T17:40:22Z,電子決済,increment-run-002,workshop-participant,donation_events_002.csv,2026-08-21T14:20:02Z
EVT-FRS-010121,6010121,2002455,142018,3003902,10000,2026-08-12T17:51:02Z,銀行振込,increment-run-002,workshop-participant,donation_events_002.csv,2026-08-21T14:20:02Z
EVT-FRS-013900,6013900,2003222,202118,3004475,8000,2026-08-12T18:01:35Z,クレジットカード,increment-run-002,workshop-participant,donation_events_002.csv,2026-08-21T14:20:02Z
EVT-FRS-001777,6001777,2007681,405442,3000181,10000,2026-08-12T18:02:22Z,クレジットカード,increment-run-002,workshop-participant,donation_events_002.csv,2026-08-21T14:20:02Z
EVT-FRS-004873,6004873,2006632,302074,3004881,12000,2026-08-12T18:02:51Z,銀行振込,increment-run-002,workshop-participant,donation_events_002.csv,2026-08-21T14:20:02Z
EVT-FRS-009439,6009439,2005891,294420,3000527,10000,2026-08-12T18:04:33Z,クレジットカード,increment-run-002,workshop-participant,donation_events_002.csv,2026-08-21T14:20:02Z
EVT-FRS-000940,6000940,2008434,222160,3004778,20000,2026-08-12T18:07:29Z,銀行振込,increment-run-002,workshop-participant,donation_events_002.csv,2026-08-21T14:20:02Z
EVT-FRS-014623,6014623,2002919,072028,3005212,15000,2026-08-12T18:07:37Z,クレジットカード,increment-run-002,workshop-participant,donation_events_002.csv,2026-08-21T14:20:02Z
EVT-FRS-003590,6003590,2000369,182052,3001707,50000,2026-08-12T18:07:59Z,クレジットカード,increment-run-002,workshop-participant,donation_events_002.csv,2026-08-21T14:20:02Z
EVT-FRS-008896,6008896,2010786,322041,3001510,12000,2026-08-12T18:11:35Z,電子決済,increment-run-002,workshop-participant,donation_events_002.csv,2026-08-21T14:20:02Z
EVT-FRS-013151,6013151,2003239,232157,3005582,20000,2026-08-12T18:11:44Z,クレジットカード,increment-run-002,workshop-participant,donation_events_002.csv,2026-08-21T14:20:02Z
EVT-FRS-000339,6000339,2008150,052141,3000352,10000,2026-08-12T18:16:52Z,クレジットカード,increment-run-002,workshop-participant,donation_events_002.csv,2026-08-21T14:20:02Z
EVT-FRS-002184,6002184,2006568,342076,3002569,20000,2026-08-12T18:17:42Z,クレジットカード,increment-run-002,workshop-participant,donation_events_002.csv,2026-08-21T14:20:02Z
EVT-FRS-003254,6003254,2010577,172022,3000392,5000,2026-08-12T18:17:56Z,クレジットカード,increment-run-002,workshop-participant,donation_events_002.csv,2026-08-21T14:20:02Z
EVT-FRS-002356,6002356,2008451,336068,3004890,60000,2026-08-12T18:27:19Z,クレジットカード,increment-run-002,workshop-participant,donation_events_002.csv,2026-08-21T14:20:02Z
EVT-FRS-014726,6014726,2007173,112089,3004833,10000,2026-08-12T18:34:07Z,電子決済,increment-run-002,workshop-participant,donation_events_002.csv,2026-08-21T14:20:02Z
EVT-FRS-002386,6002386,2005984,302023,3005059,10000,2026-08-12T18:35:56Z,電子決済,increment-run-002,workshop-participant,donation_events_002.csv,2026-08-21T14:20:02Z
EVT-FRS-008258,6008258,2001665,442097,3002745,15000,2026-08-12T18:40:35Z,クレジットカード,increment-run-002,workshop-participant,donation_events_002.csv,2026-08-21T14:20:02Z
EVT-FRS-002841,6002841,2009459,112020,3004330,10000,2026-08-12T18:41:44Z,クレジットカード,increment-run-002,workshop-participant,donation_events_002.csv,2026-08-21T14:20:02Z
EVT-FRS-005274,6005274,2007610,372072,3001553,10000,2026-08-12T18:43:36Z,電子決済,increment-run-002,workshop-participant,donation_events_002.csv,2026-08-21T14:20:02Z
EVT-FRS-014084,6014084,2011900,302023,3004649,20000,2026-08-12T18:44:13Z,クレジットカード,increment-run-002,workshop-participant,donation_events_002.csv,2026-08-21T14:20:02Z
EVT-FRS-010768,6010768,2011722,252131,3001202,5000,2026-08-12T18:47:53Z,クレジットカード,increment-run-002,workshop-participant,donation_events_002.csv,2026-08-21T14:20:02Z
EVT-FRS-007188,6007188,2003093,402206,3004625,10000,2026-08-12T18:51:25Z,クレジットカード,increment-run-002,workshop-participant,donation_events_002.csv,2026-08-21T14:20:02Z
EVT-FRS-009285,6009285,2001377,222194,3005835,15000,2026-08-12T18:54:41Z,クレジットカード,increment-run-002,workshop-participant,donation_events_002.csv,2026-08-21T14:20:02Z
EVT-FRS-012898,6012898,2004732,452041,3005727,30000,2026-08-12T18:58:06Z,クレジットカード,increment-run-002,workshop-participant,donation_events_002.csv,2026-08-21T14:20:02Z
EVT-FRS-003006,6003006,2009352,352136,3000080,10000,2026-08-12T18:59:20Z,クレジットカード,increment-run-002,workshop-participant,donation_events_002.csv,2026-08-21T14:20:02Z
EVT-FRS-006369,6006369,2009819,422029,3004477,5000,2026-08-12T19:01:56Z,クレジットカード,increment-run-002,workshop-participant,donation_events_002.csv,2026-08-21T14:20:02Z
EVT-FRS-008824,6008824,2002490,104442,3000127,10000,2026-08-12T19:03:06Z,クレジットカード,increment-run-002,workshop-participant,donation_events_002.csv,2026-08-21T14:20:02Z
EVT-FRS-007947,6007947,2010546,322091,3002832,25000,2026-08-12T19:16:42Z,クレジットカード,increment-run-002,workshop-participant,donation_events_002.csv,2026-08-21T14:20:02Z
EVT-FRS-006473,6006473,2000639,072052,3005037,25000,2026-08-12T19:17:26Z,コンビニ決済,increment-run-002,workshop-participant,donation_events_002.csv,2026-08-21T14:20:02Z
EVT-FRS-007556,6007556,2005602,152161,3003054,15000,2026-08-12T19:18:16Z,クレジットカード,increment-run-002,workshop-participant,donation_events_002.csv,2026-08-21T14:20:02Z
EVT-FRS-006491,6006491,2004485,122190,3004382,25000,2026-08-12T19:19:57Z,クレジットカード,increment-run-002,workshop-participant,donation_events_002.csv,2026-08-21T14:20:02Z
EVT-FRS-003716,6003716,2005793,452025,3005996,30000,2026-08-12T19:21:17Z,電子決済,increment-run-002,workshop-participant,donation_events_002.csv,2026-08-21T14:20:02Z
EVT-FRS-001403,6001403,2002185,342157,3003725,10000,2026-08-12T19:21:59Z,クレジットカード,increment-run-002,workshop-participant,donation_events_002.csv,2026-08-21T14:20:02Z
EVT-FRS-009539,6009539,2001408,465232,3003540,20000,2026-08-12T19:23:48Z,クレジットカード,increment-run-002,workshop-participant,donation_events_002.csv,2026-08-21T14:20:02Z
EVT-FRS-003827,6003827,2000674,132195,3002231,25000,2026-08-12T19:24:05Z,クレジットカード,increment-run-002,workshop-participant,donation_events_002.csv,2026-08-21T14:20:02Z
EVT-FRS-003107,6003107,2002958,422142,3003460,20000,2026-08-12T19:26:00Z,クレジットカード,increment-run-002,workshop-participant,donation_events_002.csv,2026-08-21T14:20:02Z
EVT-FRS-012371,6012371,2007800,182052,3004934,10000,2026-08-12T19:26:35Z,クレジットカード,increment-run-002,workshop-participant,donation_events_002.csv,2026-08-21T14:20:02Z
EVT-FRS-005081,6005081,2010803,402176,3000880,10000,2026-08-12T19:37:35Z,クレジットカード,increment-run-002,workshop-participant,donation_events_002.csv,2026-08-21T14:20:02Z
EVT-FRS-009267,6009267,2001051,302066,3000755,20000,2026-08-12T19:40:32Z,クレジットカード,increment-run-002,workshop-participant,donation_events_002.csv,2026-08-21T14:20:02Z
EVT-FRS-009117,6009117,2000200,302091,3001261,20000,2026-08-12T19:42:41Z,クレジットカード,increment-run-002,workshop-participant,donation_events_002.csv,2026-08-21T14:20:02Z
EVT-FRS-000781,6000781,2009762,072133,3004100,15000,2026-08-12T19:45:11Z,クレジットカード,increment-run-002,workshop-participant,donation_events_002.csv,2026-08-21T14:20:02Z
EVT-FRS-009461,6009461,2006744,262145,3005802,10000,2026-08-12T19:50:03Z,クレジットカード,increment-run-002,workshop-participant,donation_events_002.csv,2026-08-21T14:20:02Z
EVT-FRS-014622,6014622,2004569,173614,3001314,30000,2026-08-12T19:50:57Z,クレジットカード,increment-run-002,workshop-participant,donation_events_002.csv,2026-08-21T14:20:02Z
EVT-FRS-003914,6003914,2003994,402192,3000309,20000,2026-08-12T19:55:41Z,クレジットカード,increment-run-002,workshop-participant,donation_events_002.csv,2026-08-21T14:20:02Z
EVT-FRS-006343,6006343,2000302,212130,3001404,10000,2026-08-12T19:56:13Z,クレジットカード,increment-run-002,workshop-participant,donation_events_002.csv,2026-08-21T14:20:02Z
EVT-FRS-009372,6009372,2006311,092151,3003926,20000,2026-08-12T20:00:00Z,銀行振込,increment-run-002,workshop-participant,donation_events_002.csv,2026-08-21T14:20:02Z
EVT-FRS-003147,6003147,2006599,292109,3001118,20000,2026-08-12T20:04:12Z,電子決済,increment-run-002,workshop-participant,donation_events_002.csv,2026-08-21T14:20:02Z
EVT-FRS-009105,6009105,2011825,462039,3004043,15000,2026-08-12T20:06:20Z,クレジットカード,increment-run-002,workshop-participant,donation_events_002.csv,2026-08-21T14:20:02Z
EVT-FRS-010522,6010522,2001425,212016,3001830,10000,2026-08-12T20:07:53Z,クレジットカード,increment-run-002,workshop-participant,donation_events_002.csv,2026-08-21T14:20:02Z
EVT-FRS-010289,6010289,2005390,052078,3003520,12000,2026-08-12T20:22:59Z,コンビニ決済,increment-run-002,workshop-participant,donation_events_002.csv,2026-08-21T14:20:02Z
EVT-FRS-014526,6014526,2005230,272116,3003142,8000,2026-08-12T20:25:20Z,クレジットカード,increment-run-002,workshop-participant,donation_events_002.csv,2026-08-21T14:20:02Z
EVT-FRS-005794,6005794,2000306,272060,3002042,20000,2026-08-12T20:25:22Z,クレジットカード,increment-run-002,workshop-participant,donation_events_002.csv,2026-08-21T14:20:02Z
EVT-FRS-014435,6014435,2010552,012238,3001524,20000,2026-08-12T20:30:57Z,電子決済,increment-run-002,workshop-participant,donation_events_002.csv,2026-08-21T14:20:02Z
EVT-FRS-004326,6004326,2008764,232190,3001298,25000,2026-08-12T20:31:41Z,クレジットカード,increment-run-002,workshop-participant,donation_events_002.csv,2026-08-21T14:20:02Z
EVT-FRS-000566,6000566,2001518,232084,3003908,20000,2026-08-12T20:33:28Z,クレジットカード,increment-run-002,workshop-participant,donation_events_002.csv,2026-08-21T14:20:02Z
EVT-FRS-012642,6012642,2007779,112372,3001483,15000,2026-08-12T20:35:12Z,クレジットカード,increment-run-002,workshop-participant,donation_events_002.csv,2026-08-21T14:20:02Z
EVT-FRS-011227,6011227,2004019,462136,3005966,20000,2026-08-12T20:35:42Z,クレジットカード,increment-run-002,workshop-participant,donation_events_002.csv,2026-08-21T14:20:02Z
EVT-FRS-013587,6013587,2002876,032018,3004879,20000,2026-08-12T20:36:16Z,クレジットカード,increment-run-002,workshop-participant,donation_events_002.csv,2026-08-21T14:20:02Z
EVT-FRS-013820,6013820,2001427,132241,3001025,10000,2026-08-12T20:44:08Z,電子決済,increment-run-002,workshop-participant,donation_events_002.csv,2026-08-21T14:20:02Z
EVT-FRS-004338,6004338,2007093,102091,3000059,15000,2026-08-12T20:45:39Z,クレジットカード,increment-run-002,workshop-participant,donation_events_002.csv,2026-08-21T14:20:02Z
EVT-FRS-004975,6004975,2008760,112356,3005583,10000,2026-08-12T20:46:54Z,電子決済,increment-run-002,workshop-participant,donation_events_002.csv,2026-08-21T14:20:02Z
EVT-FRS-006630,6006630,2009286,141003,3001676,30000,2026-08-12T20:47:59Z,電子決済,increment-run-002,workshop-participant,donation_events_002.csv,2026-08-21T14:20:02Z
EVT-FRS-009791,6009791,2009991,372064,3000150,10000,2026-08-12T20:59:45Z,銀行振込,increment-run-002,workshop-participant,donation_events_002.csv,2026-08-21T14:20:02Z
EVT-FRS-009854,6009854,2006648,404489,3001729,20000,2026-08-12T21:03:19Z,クレジットカード,increment-run-002,workshop-participant,donation_events_002.csv,2026-08-21T14:20:02Z
EVT-FRS-009793,6009793,2006908,293857,3001099,20000,2026-08-12T21:03:31Z,電子決済,increment-run-002,workshop-participant,donation_events_002.csv,2026-08-21T14:20:02Z
EVT-FRS-012493,6012493,2008317,302040,3003168,8000,2026-08-12T21:06:28Z,クレジットカード,increment-run-002,workshop-participant,donation_events_002.csv,2026-08-21T14:20:02Z
EVT-FRS-003459,6003459,2011047,432164,3005938,5000,2026-08-12T21:11:46Z,クレジットカード,increment-run-002,workshop-participant,donation_events_002.csv,2026-08-21T14:20:02Z
EVT-FRS-001308,6001308,2011254,452041,3002113,10000,2026-08-12T21:12:40Z,クレジットカード,increment-run-002,workshop-participant,donation_events_002.csv,2026-08-21T14:20:02Z
EVT-FRS-008055,6008055,2002586,052035,3001400,20000,2026-08-12T21:14:05Z,クレジットカード,increment-run-002,workshop-participant,donation_events_002.csv,2026-08-21T14:20:02Z
EVT-FRS-013413,6013413,2008206,272159,3005181,30000,2026-08-12T21:15:31Z,クレジットカード,increment-run-002,workshop-participant,donation_events_002.csv,2026-08-21T14:20:02Z
EVT-FRS-005820,6005820,2007565,142042,3004488,10000,2026-08-12T21:17:29Z,クレジットカード,increment-run-002,workshop-participant,donation_events_002.csv,2026-08-21T14:20:02Z
EVT-FRS-010408,6010408,2011510,261009,3004950,5000,2026-08-12T21:30:48Z,銀行振込,increment-run-002,workshop-participant,donation_events_002.csv,2026-08-21T14:20:02Z
EVT-FRS-008526,6008526,2010044,012360,3002135,30000,2026-08-12T21:32:37Z,クレジットカード,increment-run-002,workshop-participant,donation_events_002.csv,2026-08-21T14:20:02Z
EVT-FRS-003947,6003947,2001391,232131,3001536,5000,2026-08-12T21:32:43Z,クレジットカード,increment-run-002,workshop-participant,donation_events_002.csv,2026-08-21T14:20:02Z
EVT-FRS-004694,6004694,2003352,202029,3003369,12000,2026-08-12T21:36:01Z,クレジットカード,increment-run-002,workshop-participant,donation_events_002.csv,2026-08-21T14:20:02Z
EVT-FRS-007451,6007451,2009105,082309,3003752,30000,2026-08-12T21:41:38Z,クレジットカード,increment-run-002,workshop-participant,donation_events_002.csv,2026-08-21T14:20:02Z
EVT-FRS-009016,6009016,2003659,012238,3001524,10000,2026-08-12T21:44:17Z,銀行振込,increment-run-002,workshop-participant,donation_events_002.csv,2026-08-21T14:20:02Z
EVT-FRS-011442,6011442,2004975,232289,3001391,30000,2026-08-12T21:48:25Z,クレジットカード,increment-run-002,workshop-participant,donation_events_002.csv,2026-08-21T14:20:02Z
EVT-FRS-011130,6011130,2001490,012297,3000018,5000,2026-08-12T21:49:20Z,電子決済,increment-run-002,workshop-participant,donation_events_002.csv,2026-08-21T14:20:02Z
EVT-FRS-011094,6011094,2005476,282189,3004060,10000,2026-08-12T21:49:33Z,クレジットカード,increment-run-002,workshop-participant,donation_events_002.csv,2026-08-21T14:20:02Z
EVT-FRS-004112,6004112,2005257,112402,3003666,15000,2026-08-12T21:52:51Z,クレジットカード,increment-run-002,workshop-participant,donation_events_002.csv,2026-08-21T14:20:02Z
EVT-FRS-010887,6010887,2003795,032131,3002172,5000,2026-08-12T21:57:19Z,クレジットカード,increment-run-002,workshop-participant,donation_events_002.csv,2026-08-21T14:20:02Z
EVT-FRS-006088,6006088,2004314,402028,3005803,5000,2026-08-12T22:06:54Z,クレジットカード,increment-run-002,workshop-participant,donation_events_002.csv,2026-08-21T14:20:02Z
EVT-FRS-000168,6000168,2004563,322041,3005300,20000,2026-08-12T22:12:47Z,クレジットカード,increment-run-002,workshop-participant,donation_events_002.csv,2026-08-21T14:20:02Z
EVT-FRS-011750,6011750,2006483,334618,3005947,15000,2026-08-12T22:15:44Z,クレジットカード,increment-run-002,workshop-participant,donation_events_002.csv,2026-08-21T14:20:02Z
EVT-FRS-003964,6003964,2005775,132187,3005854,5000,2026-08-12T22:15:49Z,クレジットカード,increment-run-002,workshop-participant,donation_events_002.csv,2026-08-21T14:20:02Z
EVT-FRS-009508,6009508,2008195,012203,3003471,8000,2026-08-12T22:20:58Z,クレジットカード,increment-run-002,workshop-participant,donation_events_002.csv,2026-08-21T14:20:02Z
EVT-FRS-003506,6003506,2003867,432105,3002330,20000,2026-08-12T22:24:22Z,銀行振込,increment-run-002,workshop-participant,donation_events_002.csv,2026-08-21T14:20:02Z
EVT-FRS-013042,6013042,2003725,152048,3004422,5000,2026-08-12T22:29:23Z,クレジットカード,increment-run-002,workshop-participant,donation_events_002.csv,2026-08-21T14:20:02Z
EVT-FRS-012315,6012315,2000695,202061,3003175,12000,2026-08-12T22:35:17Z,電子決済,increment-run-002,workshop-participant,donation_events_002.csv,2026-08-21T14:20:02Z
EVT-FRS-004154,6004154,2009504,132039,3005556,10000,2026-08-12T22:36:27Z,電子決済,increment-run-002,workshop-participant,donation_events_002.csv,2026-08-21T14:20:02Z
EVT-FRS-001823,6001823,2005823,102091,3000059,10000,2026-08-12T22:42:48Z,銀行振込,increment-run-002,workshop-participant,donation_events_002.csv,2026-08-21T14:20:02Z
EVT-FRS-005815,6005815,2007412,162078,3001035,10000,2026-08-12T22:50:53Z,クレジットカード,increment-run-002,workshop-participant,donation_events_002.csv,2026-08-21T14:20:02Z
EVT-FRS-001200,6001200,2001090,183822,3003571,10000,2026-08-12T22:51:54Z,クレジットカード,increment-run-002,workshop-participant,donation_events_002.csv,2026-08-21T14:20:02Z
EVT-FRS-008845,6008845,2006410,102059,3002894,20000,2026-08-12T22:54:46Z,銀行振込,increment-run-002,workshop-participant,donation_events_002.csv,2026-08-21T14:20:02Z
EVT-FRS-006715,6006715,2011620,462233,3000389,10000,2026-08-12T22:56:21Z,クレジットカード,increment-run-002,workshop-participant,donation_events_002.csv,2026-08-21T14:20:02Z
EVT-FRS-007335,6007335,2009783,452041,3005727,15000,2026-08-12T23:01:08Z,銀行振込,increment-run-002,workshop-participant,donation_events_002.csv,2026-08-21T14:20:02Z
EVT-FRS-001383,6001383,2000748,082104,3002929,15000,2026-08-12T23:04:23Z,クレジットカード,increment-run-002,workshop-participant,donation_events_002.csv,2026-08-21T14:20:02Z
EVT-FRS-012380,6012380,2000042,122394,3004469,20000,2026-08-12T23:11:26Z,クレジットカード,increment-run-002,workshop-participant,donation_events_002.csv,2026-08-21T14:20:02Z
EVT-FRS-010136,6010136,2000679,405035,3003848,20000,2026-08-12T23:16:14Z,クレジットカード,increment-run-002,workshop-participant,donation_events_002.csv,2026-08-21T14:20:02Z
EVT-FRS-014521,6014521,2007611,082252,3002868,12000,2026-08-12T23:18:02Z,クレジットカード,increment-run-002,workshop-participant,donation_events_002.csv,2026-08-21T14:20:02Z
EVT-FRS-013963,6013963,2009034,122289,3001080,8000,2026-08-12T23:35:39Z,クレジットカード,increment-run-002,workshop-participant,donation_events_002.csv,2026-08-21T14:20:02Z
EVT-FRS-010607,6010607,2008433,162086,3003649,10000,2026-08-12T23:39:17Z,電子決済,increment-run-002,workshop-participant,donation_events_002.csv,2026-08-21T14:20:02Z
EVT-FRS-002926,6002926,2000201,092037,3003935,20000,2026-08-12T23:40:00Z,コンビニ決済,increment-run-002,workshop-participant,donation_events_002.csv,2026-08-21T14:20:02Z
EVT-FRS-004943,6004943,2009480,322041,3005300,15000,2026-08-12T23:50:53Z,クレジットカード,increment-run-002,workshop-participant,donation_events_002.csv,2026-08-21T14:20:02Z
EVT-FRS-009680,6009680,2003880,082325,3005971,8000,2026-08-12T23:51:49Z,電子決済,increment-run-002,workshop-participant,donation_events_002.csv,2026-08-21T14:20:02Z
EVT-FRS-000527,6000527,2003455,352128,3001457,10000,2026-08-12T23:54:10Z,銀行振込,increment-run-002,workshop-participant,donation_events_002.csv,2026-08-21T14:20:02Z
EVT-FRS-014793,6014793,2001447,162108,3001195,10000,2026-08-12T23:55:22Z,クレジットカード,increment-run-002,workshop-participant,donation_events_002.csv,2026-08-21T14:20:02Z
EVT-FRS-007665,6007665,2009336,141305,3002044,30000,2026-08-12T23:59:25Z,銀行振込,increment-run-002,workshop-participant,donation_events_002.csv,2026-08-21T14:20:02Z
EVT-FRS-011568,6011568,2011153,212181,3004272,10000,2026-08-13T00:02:46Z,クレジットカード,increment-run-002,workshop-participant,donation_events_002.csv,2026-08-21T14:20:02Z
EVT-FRS-004764,6004764,2001913,174611,3000631,10000,2026-08-13T00:08:22Z,クレジットカード,increment-run-002,workshop-participant,donation_events_002.csv,2026-08-21T14:20:02Z
EVT-FRS-000485,6000485,2002144,024082,3000248,10000,2026-08-13T00:10:01Z,クレジットカード,increment-run-002,workshop-participant,donation_events_002.csv,2026-08-21T14:20:02Z
EVT-FRS-003049,6003049,2003537,454290,3002017,10000,2026-08-13T00:10:50Z,クレジットカード,increment-run-002,workshop-participant,donation_events_002.csv,2026-08-21T14:20:02Z
EVT-FRS-012388,6012388,2002618,302023,3004649,15000,2026-08-13T00:16:59Z,クレジットカード,increment-run-002,workshop-participant,donation_events_002.csv,2026-08-21T14:20:02Z
EVT-FRS-011353,6011353,2010610,452025,3003388,8000,2026-08-13T00:18:57Z,クレジットカード,increment-run-002,workshop-participant,donation_events_002.csv,2026-08-21T14:20:02Z
EVT-FRS-001238,6001238,2005558,152226,3002391,25000,2026-08-13T00:20:09Z,クレジットカード,increment-run-002,workshop-participant,donation_events_002.csv,2026-08-21T14:20:02Z
EVT-FRS-007602,6007602,2007798,124095,3000204,12000,2026-08-13T00:21:10Z,クレジットカード,increment-run-002,workshop-participant,donation_events_002.csv,2026-08-21T14:20:02Z
EVT-FRS-004567,6004567,2010572,162078,3001330,30000,2026-08-13T00:26:02Z,コンビニ決済,increment-run-002,workshop-participant,donation_events_002.csv,2026-08-21T14:20:02Z
EVT-FRS-001780,6001780,2005007,242080,3002343,8000,2026-08-13T00:30:10Z,電子決済,increment-run-002,workshop-participant,donation_events_002.csv,2026-08-21T14:20:02Z
EVT-FRS-000369,6000369,2005593,452025,3005848,8000,2026-08-13T00:30:24Z,銀行振込,increment-run-002,workshop-participant,donation_events_002.csv,2026-08-21T14:20:02Z
EVT-FRS-006366,6006366,2003652,182028,3004323,12000,2026-08-13T00:32:34Z,電子決済,increment-run-002,workshop-participant,donation_events_002.csv,2026-08-21T14:20:02Z
EVT-FRS-007613,6007613,2004401,132152,3003047,15000,2026-08-13T00:32:52Z,電子決済,increment-run-002,workshop-participant,donation_events_002.csv,2026-08-21T14:20:02Z
EVT-FRS-006685,6006685,2008320,464686,3002859,15000,2026-08-13T00:33:11Z,コンビニ決済,increment-run-002,workshop-participant,donation_events_002.csv,2026-08-21T14:20:02Z
EVT-FRS-005348,6005348,2008946,232238,3002224,20000,2026-08-13T00:33:33Z,電子決済,increment-run-002,workshop-participant,donation_events_002.csv,2026-08-21T14:20:02Z
EVT-FRS-012665,6012665,2008776,422053,3001130,12000,2026-08-13T00:33:51Z,クレジットカード,increment-run-002,workshop-participant,donation_events_002.csv,2026-08-21T14:20:02Z
EVT-FRS-005185,6005185,2008438,131024,3003453,20000,2026-08-13T00:35:15Z,クレジットカード,increment-run-002,workshop-participant,donation_events_002.csv,2026-08-21T14:20:02Z
EVT-FRS-000042,6000042,2000947,442020,3003856,5000,2026-08-13T00:38:04Z,クレジットカード,increment-run-002,workshop-participant,donation_events_002.csv,2026-08-21T14:20:02Z
EVT-FRS-009589,6009589,2007780,232190,3004843,40000,2026-08-13T00:40:29Z,クレジットカード,increment-run-002,workshop-participant,donation_events_002.csv,2026-08-21T14:20:02Z
EVT-FRS-010231,6010231,2008517,092088,3004226,10000,2026-08-13T00:43:17Z,電子決済,increment-run-002,workshop-participant,donation_events_002.csv,2026-08-21T14:20:02Z
EVT-FRS-004142,6004142,2002622,352063,3005276,10000,2026-08-13T00:46:43Z,クレジットカード,increment-run-002,workshop-participant,donation_events_002.csv,2026-08-21T14:20:02Z
EVT-FRS-012063,6012063,2004881,232351,3001051,10000,2026-08-13T00:50:59Z,コンビニ決済,increment-run-002,workshop-participant,donation_events_002.csv,2026-08-21T14:20:02Z
EVT-FRS-009525,6009525,2010123,232254,3001562,10000,2026-08-13T00:54:20Z,クレジットカード,increment-run-002,workshop-participant,donation_events_002.csv,2026-08-21T14:20:02Z
EVT-FRS-007198,6007198,2010499,313645,3003065,20000,2026-08-13T00:55:01Z,クレジットカード,increment-run-002,workshop-participant,donation_events_002.csv,2026-08-21T14:20:02Z
EVT-FRS-003271,6003271,2001298,232351,3002257,25000,2026-08-13T00:55:26Z,銀行振込,increment-run-002,workshop-participant,donation_events_002.csv,2026-08-21T14:20:02Z
EVT-FRS-000730,6000730,2002081,464686,3005084,15000,2026-08-13T00:59:31Z,クレジットカード,increment-run-002,workshop-participant,donation_events_002.csv,2026-08-21T14:20:02Z
EVT-FRS-013357,6013357,2003673,152111,3000496,10000,2026-08-13T01:08:14Z,クレジットカード,increment-run-002,workshop-participant,donation_events_002.csv,2026-08-21T14:20:02Z
EVT-FRS-008230,6008230,2010902,271403,3005832,15000,2026-08-13T01:09:03Z,コンビニ決済,increment-run-002,workshop-participant,donation_events_002.csv,2026-08-21T14:20:02Z
EVT-FRS-001000,6001000,2008301,352063,3005276,10000,2026-08-13T01:10:20Z,クレジットカード,increment-run-002,workshop-participant,donation_events_002.csv,2026-08-21T14:20:02Z
EVT-FRS-002752,6002752,2003160,262111,3004615,15000,2026-08-13T01:10:33Z,クレジットカード,increment-run-002,workshop-participant,donation_events_002.csv,2026-08-21T14:20:02Z
EVT-FRS-013840,6013840,2000477,102105,3002097,30000,2026-08-13T01:10:33Z,クレジットカード,increment-run-002,workshop-participant,donation_events_002.csv,2026-08-21T14:20:02Z
EVT-FRS-009407,6009407,2006102,083020,3002358,10000,2026-08-13T01:12:15Z,電子決済,increment-run-002,workshop-participant,donation_events_002.csv,2026-08-21T14:20:02Z
EVT-FRS-002133,6002133,2003369,204072,3003092,15000,2026-08-13T01:12:59Z,電子決済,increment-run-002,workshop-participant,donation_events_002.csv,2026-08-21T14:20:02Z
EVT-FRS-003105,6003105,2002392,132233,3004233,12000,2026-08-13T01:13:31Z,クレジットカード,increment-run-002,workshop-participant,donation_events_002.csv,2026-08-21T14:20:02Z
EVT-FRS-006623,6006623,2004610,232301,3003871,30000,2026-08-13T01:13:50Z,クレジットカード,increment-run-002,workshop-participant,donation_events_002.csv,2026-08-21T14:20:02Z
EVT-FRS-014302,6014302,2011269,082198,3001269,15000,2026-08-13T01:16:15Z,クレジットカード,increment-run-002,workshop-participant,donation_events_002.csv,2026-08-21T14:20:02Z
EVT-FRS-000466,6000466,2003161,392014,3002505,15000,2026-08-13T01:20:23Z,クレジットカード,increment-run-002,workshop-participant,donation_events_002.csv,2026-08-21T14:20:02Z
EVT-FRS-013868,6013868,2008455,132195,3004404,10000,2026-08-13T01:20:36Z,銀行振込,increment-run-002,workshop-participant,donation_events_002.csv,2026-08-21T14:20:02Z
EVT-FRS-007035,6007035,2011525,282090,3000149,10000,2026-08-13T01:21:31Z,電子決済,increment-run-002,workshop-participant,donation_events_002.csv,2026-08-21T14:20:02Z
EVT-FRS-014076,6014076,2011272,452025,3003952,10000,2026-08-13T01:24:58Z,クレジットカード,increment-run-002,workshop-participant,donation_events_002.csv,2026-08-21T14:20:02Z
EVT-FRS-007632,6007632,2000945,072087,3005386,15000,2026-08-13T01:25:18Z,クレジットカード,increment-run-002,workshop-participant,donation_events_002.csv,2026-08-21T14:20:02Z
EVT-FRS-003234,6003234,2001576,092151,3003926,12000,2026-08-13T01:27:51Z,コンビニ決済,increment-run-002,workshop-participant,donation_events_002.csv,2026-08-21T14:20:02Z
EVT-FRS-007039,6007039,2002541,332119,3005900,5000,2026-08-13T01:31:18Z,クレジットカード,increment-run-002,workshop-participant,donation_events_002.csv,2026-08-21T14:20:02Z
EVT-FRS-002689,6002689,2004391,252069,3002319,15000,2026-08-13T01:32:15Z,銀行振込,increment-run-002,workshop-participant,donation_events_002.csv,2026-08-21T14:20:02Z
EVT-FRS-002213,6002213,2011921,292036,3002080,10000,2026-08-13T01:32:56Z,クレジットカード,increment-run-002,workshop-participant,donation_events_002.csv,2026-08-21T14:20:02Z
EVT-FRS-004658,6004658,2005938,372064,3000231,8000,2026-08-13T01:43:53Z,コンビニ決済,increment-run-002,workshop-participant,donation_events_002.csv,2026-08-21T14:20:02Z
EVT-FRS-007346,6007346,2001489,202142,3005614,8000,2026-08-13T01:44:58Z,電子決済,increment-run-002,workshop-participant,donation_events_002.csv,2026-08-21T14:20:02Z
EVT-FRS-010868,6010868,2006909,082104,3004360,20000,2026-08-13T01:45:18Z,クレジットカード,increment-run-002,workshop-participant,donation_events_002.csv,2026-08-21T14:20:02Z
EVT-FRS-010617,6010617,2004582,442089,3001449,15000,2026-08-13T01:46:53Z,クレジットカード,increment-run-002,workshop-participant,donation_events_002.csv,2026-08-21T14:20:02Z
EVT-FRS-005199,6005199,2009886,212121,3001428,10000,2026-08-13T01:49:17Z,クレジットカード,increment-run-002,workshop-participant,donation_events_002.csv,2026-08-21T14:20:02Z
EVT-FRS-013352,6013352,2006782,022047,3005124,8000,2026-08-13T01:49:25Z,クレジットカード,increment-run-002,workshop-participant,donation_events_002.csv,2026-08-21T14:20:02Z
EVT-FRS-005640,6005640,2003977,262081,3003603,15000,2026-08-13T01:56:27Z,クレジットカード,increment-run-002,workshop-participant,donation_events_002.csv,2026-08-21T14:20:02Z
EVT-FRS-012963,6012963,2002926,172120,3000882,30000,2026-08-13T01:58:48Z,銀行振込,increment-run-002,workshop-participant,donation_events_002.csv,2026-08-21T14:20:02Z
EVT-FRS-011919,6011919,2008710,263664,3001173,8000,2026-08-13T01:59:44Z,電子決済,increment-run-002,workshop-participant,donation_events_002.csv,2026-08-21T14:20:02Z
EVT-FRS-000869,6000869,2010244,112259,3002708,5000,2026-08-13T02:05:09Z,クレジットカード,increment-run-002,workshop-participant,donation_events_002.csv,2026-08-21T14:20:02Z
EVT-FRS-004519,6004519,2008868,082325,3005971,15000,2026-08-13T02:05:55Z,クレジットカード,increment-run-002,workshop-participant,donation_events_002.csv,2026-08-21T14:20:02Z
EVT-FRS-006503,6006503,2010229,212091,3004786,10000,2026-08-13T02:07:33Z,クレジットカード,increment-run-002,workshop-participant,donation_events_002.csv,2026-08-21T14:20:02Z
EVT-FRS-003111,6003111,2007279,012122,3001803,10000,2026-08-13T02:08:30Z,電子決済,increment-run-002,workshop-participant,donation_events_002.csv,2026-08-21T14:20:02Z
EVT-FRS-006737,6006737,2006935,331007,3001270,10000,2026-08-13T02:10:56Z,電子決済,increment-run-002,workshop-participant,donation_events_002.csv,2026-08-21T14:20:02Z
EVT-FRS-010116,6010116,2003544,102041,3001862,5000,2026-08-13T02:14:01Z,クレジットカード,increment-run-002,workshop-participant,donation_events_002.csv,2026-08-21T14:20:02Z
EVT-FRS-012790,6012790,2003572,112381,3001312,10000,2026-08-13T02:15:18Z,クレジットカード,increment-run-002,workshop-participant,donation_events_002.csv,2026-08-21T14:20:02Z
EVT-FRS-009066,6009066,2007326,174611,3000631,25000,2026-08-13T02:15:23Z,コンビニ決済,increment-run-002,workshop-participant,donation_events_002.csv,2026-08-21T14:20:02Z
EVT-FRS-001171,6001171,2005927,262048,3002243,8000,2026-08-13T02:25:05Z,クレジットカード,increment-run-002,workshop-participant,donation_events_002.csv,2026-08-21T14:20:02Z
EVT-FRS-012567,6012567,2004415,231002,3000354,10000,2026-08-13T02:29:10Z,クレジットカード,increment-run-002,workshop-participant,donation_events_002.csv,2026-08-21T14:20:02Z
EVT-FRS-010454,6010454,2003776,232092,3001379,20000,2026-08-13T02:34:02Z,クレジットカード,increment-run-002,workshop-participant,donation_events_002.csv,2026-08-21T14:20:02Z
EVT-FRS-013675,6013675,2004026,132284,3004227,10000,2026-08-13T02:42:33Z,クレジットカード,increment-run-002,workshop-participant,donation_events_002.csv,2026-08-21T14:20:02Z
EVT-FRS-008386,6008386,2010193,024023,3004139,12000,2026-08-13T02:42:42Z,クレジットカード,increment-run-002,workshop-participant,donation_events_002.csv,2026-08-21T14:20:02Z
EVT-FRS-000423,6000423,2004034,212067,3001166,12000,2026-08-13T02:42:43Z,クレジットカード,increment-run-002,workshop-participant,donation_events_002.csv,2026-08-21T14:20:02Z
EVT-FRS-002249,6002249,2007580,102041,3003791,10000,2026-08-13T02:53:10Z,クレジットカード,increment-run-002,workshop-participant,donation_events_002.csv,2026-08-21T14:20:02Z
EVT-FRS-000441,6000441,2004816,452041,3004484,10000,2026-08-13T02:56:47Z,クレジットカード,increment-run-002,workshop-participant,donation_events_002.csv,2026-08-21T14:20:02Z
EVT-FRS-002348,6002348,2004189,131032,3004022,10000,2026-08-13T02:57:21Z,クレジットカード,increment-run-002,workshop-participant,donation_events_002.csv,2026-08-21T14:20:02Z
EVT-FRS-010370,6010370,2000937,012319,3003185,12000,2026-08-13T02:58:26Z,クレジットカード,increment-run-002,workshop-participant,donation_events_002.csv,2026-08-21T14:20:02Z
EVT-FRS-010442,6010442,2004654,016390,3002959,10000,2026-08-13T03:02:13Z,銀行振込,increment-run-002,workshop-participant,donation_events_002.csv,2026-08-21T14:20:02Z
EVT-FRS-003534,6003534,2000828,423211,3000587,12000,2026-08-13T03:03:26Z,クレジットカード,increment-run-002,workshop-participant,donation_events_002.csv,2026-08-21T14:20:02Z
EVT-FRS-000927,6000927,2010954,142034,3002356,5000,2026-08-13T03:05:55Z,クレジットカード,increment-run-002,workshop-participant,donation_events_002.csv,2026-08-21T14:20:02Z
EVT-FRS-014535,6014535,2008222,212199,3004261,12000,2026-08-13T03:08:42Z,銀行振込,increment-run-002,workshop-participant,donation_events_002.csv,2026-08-21T14:20:02Z
EVT-FRS-002468,6002468,2006550,192023,3004434,5000,2026-08-13T03:10:52Z,クレジットカード,increment-run-002,workshop-participant,donation_events_002.csv,2026-08-21T14:20:02Z
EVT-FRS-001520,6001520,2005851,131164,3003832,15000,2026-08-13T03:19:33Z,クレジットカード,increment-run-002,workshop-participant,donation_events_002.csv,2026-08-21T14:20:02Z
EVT-FRS-009133,6009133,2010510,052027,3000645,20000,2026-08-13T03:24:41Z,クレジットカード,increment-run-002,workshop-participant,donation_events_002.csv,2026-08-21T14:20:02Z
EVT-FRS-004706,6004706,2006715,313891,3004277,10000,2026-08-13T03:37:44Z,クレジットカード,increment-run-002,workshop-participant,donation_events_002.csv,2026-08-21T14:20:02Z
EVT-FRS-007609,6007609,2002067,282014,3001425,15000,2026-08-13T03:39:05Z,クレジットカード,increment-run-002,workshop-participant,donation_events_002.csv,2026-08-21T14:20:02Z
EVT-FRS-000459,6000459,2003454,202029,3000897,30000,2026-08-13T03:39:30Z,クレジットカード,increment-run-002,workshop-participant,donation_events_002.csv,2026-08-21T14:20:02Z
EVT-FRS-007539,6007539,2011185,242128,3000904,8000,2026-08-13T03:43:44Z,クレジットカード,increment-run-002,workshop-participant,donation_events_002.csv,2026-08-21T14:20:02Z
EVT-FRS-012319,6012319,2005647,422053,3002232,5000,2026-08-13T03:44:13Z,電子決済,increment-run-002,workshop-participant,donation_events_002.csv,2026-08-21T14:20:02Z
EVT-FRS-003228,6003228,2006371,082317,3005687,10000,2026-08-13T03:46:05Z,電子決済,increment-run-002,workshop-participant,donation_events_002.csv,2026-08-21T14:20:02Z
EVT-FRS-012109,6012109,2000653,452025,3003952,20000,2026-08-13T03:46:10Z,クレジットカード,increment-run-002,workshop-participant,donation_events_002.csv,2026-08-21T14:20:02Z
EVT-FRS-011463,6011463,2000255,452076,3000619,15000,2026-08-13T03:48:04Z,電子決済,increment-run-002,workshop-participant,donation_events_002.csv,2026-08-21T14:20:02Z
EVT-FRS-005123,6005123,2000239,012173,3005932,15000,2026-08-13T03:48:28Z,クレジットカード,increment-run-002,workshop-participant,donation_events_002.csv,2026-08-21T14:20:02Z
EVT-FRS-008240,6008240,2006610,452025,3003435,15000,2026-08-13T03:53:02Z,クレジットカード,increment-run-002,workshop-participant,donation_events_002.csv,2026-08-21T14:20:02Z
EVT-FRS-001542,6001542,2011873,105228,3002046,12000,2026-08-13T03:54:44Z,クレジットカード,increment-run-002,workshop-participant,donation_events_002.csv,2026-08-21T14:20:02Z
EVT-FRS-003167,6003167,2008522,442020,3001534,12000,2026-08-13T03:55:32Z,クレジットカード,increment-run-002,workshop-participant,donation_events_002.csv,2026-08-21T14:20:02Z
EVT-FRS-008755,6008755,2005453,155861,3004480,8000,2026-08-13T03:58:13Z,クレジットカード,increment-run-002,workshop-participant,donation_events_002.csv,2026-08-21T14:20:02Z
EVT-FRS-003175,6003175,2002338,282251,3002491,10000,2026-08-13T04:03:54Z,クレジットカード,increment-run-002,workshop-participant,donation_events_002.csv,2026-08-21T14:20:02Z
EVT-FRS-000564,6000564,2009862,162027,3000869,30000,2026-08-13T04:04:27Z,クレジットカード,increment-run-002,workshop-participant,donation_events_002.csv,2026-08-21T14:20:02Z
EVT-FRS-009941,6009941,2009547,401307,3001809,10000,2026-08-13T04:15:11Z,電子決済,increment-run-002,workshop-participant,donation_events_002.csv,2026-08-21T14:20:02Z
EVT-FRS-011341,6011341,2004606,142077,3000143,20000,2026-08-13T04:17:59Z,クレジットカード,increment-run-002,workshop-participant,donation_events_002.csv,2026-08-21T14:20:02Z
EVT-FRS-006823,6006823,2008862,122351,3002051,10000,2026-08-13T04:18:38Z,電子決済,increment-run-002,workshop-participant,donation_events_002.csv,2026-08-21T14:20:02Z
EVT-FRS-007805,6007805,2009463,122327,3004223,30000,2026-08-13T04:21:58Z,クレジットカード,increment-run-002,workshop-participant,donation_events_002.csv,2026-08-21T14:20:02Z
EVT-FRS-005872,6005872,2011504,262013,3003531,10000,2026-08-13T04:22:41Z,クレジットカード,increment-run-002,workshop-participant,donation_events_002.csv,2026-08-21T14:20:02Z
EVT-FRS-004664,6004664,2001385,132039,3000120,10000,2026-08-13T04:24:48Z,クレジットカード,increment-run-002,workshop-participant,donation_events_002.csv,2026-08-21T14:20:02Z
EVT-FRS-005224,6005224,2002949,382043,3005866,15000,2026-08-13T04:26:01Z,クレジットカード,increment-run-002,workshop-participant,donation_events_002.csv,2026-08-21T14:20:02Z
EVT-FRS-013008,6013008,2001757,012149,3000853,5000,2026-08-13T04:30:50Z,クレジットカード,increment-run-002,workshop-participant,donation_events_002.csv,2026-08-21T14:20:02Z
EVT-FRS-009827,6009827,2004953,402206,3001123,12000,2026-08-13T04:32:13Z,クレジットカード,increment-run-002,workshop-participant,donation_events_002.csv,2026-08-21T14:20:02Z
EVT-FRS-010615,6010615,2007653,032158,3001335,10000,2026-08-13T04:37:51Z,クレジットカード,increment-run-002,workshop-participant,donation_events_002.csv,2026-08-21T14:20:02Z
EVT-FRS-004141,6004141,2002858,432113,3000212,20000,2026-08-13T04:39:38Z,クレジットカード,increment-run-002,workshop-participant,donation_events_002.csv,2026-08-21T14:20:02Z
EVT-FRS-005006,6005006,2006275,464686,3003500,15000,2026-08-13T04:47:44Z,電子決済,increment-run-002,workshop-participant,donation_events_002.csv,2026-08-21T14:20:02Z
EVT-FRS-008363,6008363,2000174,072079,3000612,15000,2026-08-13T04:52:51Z,クレジットカード,increment-run-002,workshop-participant,donation_events_002.csv,2026-08-21T14:20:02Z
EVT-FRS-008140,6008140,2007701,402249,3005831,10000,2026-08-13T04:56:12Z,電子決済,increment-run-002,workshop-participant,donation_events_002.csv,2026-08-21T14:20:02Z
EVT-FRS-012888,6012888,2002971,402192,3001596,12000,2026-08-13T04:57:56Z,クレジットカード,increment-run-002,workshop-participant,donation_events_002.csv,2026-08-21T14:20:02Z
EVT-FRS-013798,6013798,2003766,232378,3001880,12000,2026-08-13T05:01:28Z,クレジットカード,increment-run-002,workshop-participant,donation_events_002.csv,2026-08-21T14:20:02Z
EVT-FRS-013824,6013824,2010216,382035,3000792,15000,2026-08-13T05:02:39Z,クレジットカード,increment-run-002,workshop-participant,donation_events_002.csv,2026-08-21T14:20:02Z
EVT-FRS-006035,6006035,2009579,132276,3002241,12000,2026-08-13T05:04:56Z,銀行振込,increment-run-002,workshop-participant,donation_events_002.csv,2026-08-21T14:20:02Z
EVT-FRS-001908,6001908,2011330,282022,3000928,12000,2026-08-13T05:09:46Z,クレジットカード,increment-run-002,workshop-participant,donation_events_002.csv,2026-08-21T14:20:02Z
EVT-FRS-000729,6000729,2000905,322032,3003189,25000,2026-08-13T05:13:57Z,クレジットカード,increment-run-002,workshop-participant,donation_events_002.csv,2026-08-21T14:20:02Z
EVT-FRS-010039,6010039,2008675,082279,3002724,10000,2026-08-13T05:14:52Z,クレジットカード,increment-run-002,workshop-participant,donation_events_002.csv,2026-08-21T14:20:02Z
EVT-FRS-004612,6004612,2007998,452025,3002268,10000,2026-08-13T05:16:33Z,クレジットカード,increment-run-002,workshop-participant,donation_events_002.csv,2026-08-21T14:20:02Z
EVT-FRS-002813,6002813,2008970,431001,3002149,10000,2026-08-13T05:24:13Z,クレジットカード,increment-run-002,workshop-participant,donation_events_002.csv,2026-08-21T14:20:02Z
EVT-FRS-014351,6014351,2011091,152111,3005708,50000,2026-08-13T05:27:51Z,クレジットカード,increment-run-002,workshop-participant,donation_events_002.csv,2026-08-21T14:20:02Z
EVT-FRS-009441,6009441,2011307,435074,3004479,12000,2026-08-13T05:28:08Z,クレジットカード,increment-run-002,workshop-participant,donation_events_002.csv,2026-08-21T14:20:02Z
EVT-FRS-012897,6012897,2005093,182087,3004008,10000,2026-08-13T05:28:25Z,銀行振込,increment-run-002,workshop-participant,donation_events_002.csv,2026-08-21T14:20:02Z
EVT-FRS-005611,6005611,2004944,142131,3005812,10000,2026-08-13T05:37:00Z,クレジットカード,increment-run-002,workshop-participant,donation_events_002.csv,2026-08-21T14:20:02Z
EVT-FRS-010135,6010135,2000819,222101,3003528,20000,2026-08-13T05:37:50Z,クレジットカード,increment-run-002,workshop-participant,donation_events_002.csv,2026-08-21T14:20:02Z
EVT-FRS-011941,6011941,2003844,452025,3002268,10000,2026-08-13T05:48:03Z,クレジットカード,increment-run-002,workshop-participant,donation_events_002.csv,2026-08-21T14:20:02Z
EVT-FRS-014780,6014780,2010239,452025,3002268,30000,2026-08-13T05:51:27Z,コンビニ決済,increment-run-002,workshop-participant,donation_events_002.csv,2026-08-21T14:20:02Z
EVT-FRS-010533,6010533,2002344,083101,3001433,20000,2026-08-13T05:57:26Z,クレジットカード,increment-run-002,workshop-participant,donation_events_002.csv,2026-08-21T14:20:02Z
EVT-FRS-004933,6004933,2011787,052043,3003132,10000,2026-08-13T05:58:03Z,クレジットカード,increment-run-002,workshop-participant,donation_events_002.csv,2026-08-21T14:20:02Z
EVT-FRS-006028,6006028,2011715,092088,3001463,5000,2026-08-13T06:04:28Z,クレジットカード,increment-run-002,workshop-participant,donation_events_002.csv,2026-08-21T14:20:02Z
EVT-FRS-002940,6002940,2001941,074446,3001756,8000,2026-08-13T06:08:37Z,クレジットカード,increment-run-002,workshop-participant,donation_events_002.csv,2026-08-21T14:20:02Z
EVT-FRS-005310,6005310,2005140,152188,3000658,30000,2026-08-13T06:13:43Z,クレジットカード,increment-run-002,workshop-participant,donation_events_002.csv,2026-08-21T14:20:02Z
EVT-FRS-001815,6001815,2011916,192112,3003615,20000,2026-08-13T06:18:02Z,コンビニ決済,increment-run-002,workshop-participant,donation_events_002.csv,2026-08-21T14:20:02Z
EVT-FRS-004248,6004248,2002897,172049,3003674,20000,2026-08-13T06:19:37Z,クレジットカード,increment-run-002,workshop-participant,donation_events_002.csv,2026-08-21T14:20:02Z
EVT-FRS-012116,6012116,2004681,012165,3001715,15000,2026-08-13T06:21:01Z,クレジットカード,increment-run-002,workshop-participant,donation_events_002.csv,2026-08-21T14:20:02Z
EVT-FRS-012624,6012624,2003195,472123,3000930,20000,2026-08-13T06:23:32Z,電子決済,increment-run-002,workshop-participant,donation_events_002.csv,2026-08-21T14:20:02Z
EVT-FRS-012002,6012002,2009819,393037,3000450,10000,2026-08-13T06:24:54Z,クレジットカード,increment-run-002,workshop-participant,donation_events_002.csv,2026-08-21T14:20:02Z
EVT-FRS-003000,6003000,2005134,442020,3002517,10000,2026-08-13T06:46:18Z,クレジットカード,increment-run-002,workshop-participant,donation_events_002.csv,2026-08-21T14:20:02Z
EVT-FRS-008305,6008305,2011723,052159,3002967,20000,2026-08-13T06:48:59Z,クレジットカード,increment-run-002,workshop-participant,donation_events_002.csv,2026-08-21T14:20:02Z
EVT-FRS-007250,6007250,2011827,362042,3000304,15000,2026-08-13T06:51:36Z,クレジットカード,increment-run-002,workshop-participant,donation_events_002.csv,2026-08-21T14:20:02Z
EVT-FRS-014539,6014539,2009183,022080,3004406,15000,2026-08-13T06:58:34Z,クレジットカード,increment-run-002,workshop-participant,donation_events_002.csv,2026-08-21T14:20:02Z
EVT-FRS-002353,6002353,2003241,102083,3002502,20000,2026-08-13T07:05:48Z,クレジットカード,increment-run-002,workshop-participant,donation_events_002.csv,2026-08-21T14:20:02Z
EVT-FRS-012940,6012940,2010372,442038,3005574,10000,2026-08-13T07:09:56Z,銀行振込,increment-run-002,workshop-participant,donation_events_002.csv,2026-08-21T14:20:02Z
EVT-FRS-005265,6005265,2011088,313840,3004432,10000,2026-08-13T07:10:47Z,クレジットカード,increment-run-002,workshop-participant,donation_events_002.csv,2026-08-21T14:20:02Z
EVT-FRS-009136,6009136,2006182,282090,3002876,15000,2026-08-13T07:10:58Z,コンビニ決済,increment-run-002,workshop-participant,donation_events_002.csv,2026-08-21T14:20:02Z
EVT-FRS-003877,6003877,2001345,382108,3002395,10000,2026-08-13T07:11:35Z,電子決済,increment-run-002,workshop-participant,donation_events_002.csv,2026-08-21T14:20:02Z
EVT-FRS-009002,6009002,2000308,042030,3001044,10000,2026-08-13T07:11:55Z,クレジットカード,increment-run-002,workshop-participant,donation_events_002.csv,2026-08-21T14:20:02Z
EVT-FRS-002643,6002643,2006766,012092,3004670,10000,2026-08-13T07:23:43Z,クレジットカード,increment-run-002,workshop-participant,donation_events_002.csv,2026-08-21T14:20:02Z
EVT-FRS-013285,6013285,2004126,402231,3005945,12000,2026-08-13T07:26:17Z,電子決済,increment-run-002,workshop-participant,donation_events_002.csv,2026-08-21T14:20:02Z
EVT-FRS-001057,6001057,2002606,172065,3003276,5000,2026-08-13T07:27:54Z,クレジットカード,increment-run-002,workshop-participant,donation_events_002.csv,2026-08-21T14:20:02Z
EVT-FRS-002985,6002985,2004832,042072,3004084,15000,2026-08-13T07:29:11Z,銀行振込,increment-run-002,workshop-participant,donation_events_002.csv,2026-08-21T14:20:02Z
EVT-FRS-003568,6003568,2011705,042030,3001044,25000,2026-08-13T07:32:13Z,電子決済,increment-run-002,workshop-participant,donation_events_002.csv,2026-08-21T14:20:02Z
EVT-FRS-000591,6000591,2006166,141305,3002044,10000,2026-08-13T07:33:03Z,銀行振込,increment-run-002,workshop-participant,donation_events_002.csv,2026-08-21T14:20:02Z
EVT-FRS-000684,6000684,2007103,072095,3003970,20000,2026-08-13T07:36:23Z,クレジットカード,increment-run-002,workshop-participant,donation_events_002.csv,2026-08-21T14:20:02Z
EVT-FRS-014144,6014144,2002258,152242,3005366,100000,2026-08-13T07:38:16Z,電子決済,increment-run-002,workshop-participant,donation_events_002.csv,2026-08-21T14:20:02Z
EVT-FRS-012564,6012564,2000825,132039,3005556,20000,2026-08-13T07:42:26Z,電子決済,increment-run-002,workshop-participant,donation_events_002.csv,2026-08-21T14:20:02Z
EVT-FRS-000563,6000563,2002636,472085,3004926,15000,2026-08-13T07:43:38Z,コンビニ決済,increment-run-002,workshop-participant,donation_events_002.csv,2026-08-21T14:20:02Z
EVT-FRS-003656,6003656,2008895,152242,3005589,10000,2026-08-13T07:44:27Z,電子決済,increment-run-002,workshop-participant,donation_events_002.csv,2026-08-21T14:20:02Z
EVT-FRS-002241,6002241,2007756,282294,3005768,20000,2026-08-13T07:45:03Z,コンビニ決済,increment-run-002,workshop-participant,donation_events_002.csv,2026-08-21T14:20:02Z
EVT-FRS-000255,6000255,2002818,112321,3004570,15000,2026-08-13T07:53:14Z,クレジットカード,increment-run-002,workshop-participant,donation_events_002.csv,2026-08-21T14:20:02Z
EVT-FRS-012532,6012532,2005578,112313,3000223,15000,2026-08-13T07:53:16Z,クレジットカード,increment-run-002,workshop-participant,donation_events_002.csv,2026-08-21T14:20:02Z
EVT-FRS-008039,6008039,2000205,013935,3002026,15000,2026-08-13T08:00:33Z,クレジットカード,increment-run-002,workshop-participant,donation_events_002.csv,2026-08-21T14:20:02Z
EVT-FRS-003775,6003775,2004135,182028,3002137,5000,2026-08-13T08:01:38Z,クレジットカード,increment-run-002,workshop-participant,donation_events_002.csv,2026-08-21T14:20:02Z
EVT-FRS-000938,6000938,2009960,442071,3004794,30000,2026-08-13T08:02:25Z,クレジットカード,increment-run-002,workshop-participant,donation_events_002.csv,2026-08-21T14:20:02Z
EVT-FRS-014840,6014840,2009603,112101,3000534,5000,2026-08-13T08:06:57Z,クレジットカード,increment-run-002,workshop-participant,donation_events_002.csv,2026-08-21T14:20:02Z
EVT-FRS-013635,6013635,2008140,232297,3002002,8000,2026-08-13T08:07:49Z,コンビニ決済,increment-run-002,workshop-participant,donation_events_002.csv,2026-08-21T14:20:02Z
EVT-FRS-002518,6002518,2002684,402044,3005173,8000,2026-08-13T08:16:16Z,電子決済,increment-run-002,workshop-participant,donation_events_002.csv,2026-08-21T14:20:02Z
EVT-FRS-010471,6010471,2007731,082163,3004850,40000,2026-08-13T08:22:29Z,クレジットカード,increment-run-002,workshop-participant,donation_events_002.csv,2026-08-21T14:20:02Z
EVT-FRS-008549,6008549,2010772,012068,3003304,10000,2026-08-13T08:23:18Z,クレジットカード,increment-run-002,workshop-participant,donation_events_002.csv,2026-08-21T14:20:02Z
EVT-FRS-013941,6013941,2007984,432067,3000922,20000,2026-08-13T08:27:03Z,コンビニ決済,increment-run-002,workshop-participant,donation_events_002.csv,2026-08-21T14:20:02Z
EVT-FRS-004562,6004562,2006941,222194,3004818,10000,2026-08-13T08:31:02Z,銀行振込,increment-run-002,workshop-participant,donation_events_002.csv,2026-08-21T14:20:02Z
EVT-FRS-001337,6001337,2000353,122114,3001841,10000,2026-08-13T08:31:19Z,銀行振込,increment-run-002,workshop-participant,donation_events_002.csv,2026-08-21T14:20:02Z
EVT-FRS-004304,6004304,2009977,232254,3001757,12000,2026-08-13T08:33:04Z,クレジットカード,increment-run-002,workshop-participant,donation_events_002.csv,2026-08-21T14:20:02Z
EVT-FRS-003053,6003053,2007933,262048,3000960,30000,2026-08-13T08:33:35Z,銀行振込,increment-run-002,workshop-participant,donation_events_002.csv,2026-08-21T14:20:02Z
EVT-FRS-000690,6000690,2005220,212032,3001915,15000,2026-08-13T08:36:31Z,銀行振込,increment-run-002,workshop-participant,donation_events_002.csv,2026-08-21T14:20:02Z
EVT-FRS-009949,6009949,2002118,341002,3004993,30000,2026-08-13T08:36:33Z,クレジットカード,increment-run-002,workshop-participant,donation_events_002.csv,2026-08-21T14:20:02Z
EVT-FRS-014220,6014220,2006831,302091,3001261,30000,2026-08-13T08:39:38Z,クレジットカード,increment-run-002,workshop-participant,donation_events_002.csv,2026-08-21T14:20:02Z
EVT-FRS-000783,6000783,2009525,072125,3004195,8000,2026-08-13T08:44:20Z,クレジットカード,increment-run-002,workshop-participant,donation_events_002.csv,2026-08-21T14:20:02Z
EVT-FRS-000991,6000991,2006571,252140,3000227,8000,2026-08-13T08:48:44Z,クレジットカード,increment-run-002,workshop-participant,donation_events_002.csv,2026-08-21T14:20:02Z
EVT-FRS-006469,6006469,2002312,072125,3000091,15000,2026-08-13T08:50:01Z,クレジットカード,increment-run-002,workshop-participant,donation_events_002.csv,2026-08-21T14:20:02Z
EVT-FRS-010379,6010379,2004054,452025,3002265,12000,2026-08-13T08:56:06Z,電子決済,increment-run-002,workshop-participant,donation_events_002.csv,2026-08-21T14:20:02Z
EVT-FRS-013711,6013711,2006925,132233,3000670,15000,2026-08-13T08:57:13Z,クレジットカード,increment-run-002,workshop-participant,donation_events_002.csv,2026-08-21T14:20:02Z
EVT-FRS-003522,6003522,2000412,222089,3001828,20000,2026-08-13T08:57:27Z,クレジットカード,increment-run-002,workshop-participant,donation_events_002.csv,2026-08-21T14:20:02Z
EVT-FRS-001677,6001677,2006023,042145,3002705,20000,2026-08-13T08:59:20Z,クレジットカード,increment-run-002,workshop-participant,donation_events_002.csv,2026-08-21T14:20:02Z
EVT-FRS-003139,6003139,2009286,262102,3005139,5000,2026-08-13T08:59:21Z,クレジットカード,increment-run-002,workshop-participant,donation_events_002.csv,2026-08-21T14:20:02Z
EVT-FRS-006248,6006248,2011337,432148,3000934,10000,2026-08-13T09:01:05Z,銀行振込,increment-run-002,workshop-participant,donation_events_002.csv,2026-08-21T14:20:02Z
EVT-FRS-013274,6013274,2005522,292117,3002957,20000,2026-08-13T09:02:33Z,電子決済,increment-run-002,workshop-participant,donation_events_002.csv,2026-08-21T14:20:02Z
EVT-FRS-009780,6009780,2011715,362077,3004679,10000,2026-08-13T09:04:16Z,コンビニ決済,increment-run-002,workshop-participant,donation_events_002.csv,2026-08-21T14:20:02Z
EVT-FRS-008091,6008091,2000871,223255,3002331,12000,2026-08-13T09:04:47Z,電子決済,increment-run-002,workshop-participant,donation_events_002.csv,2026-08-21T14:20:02Z
EVT-FRS-012253,6012253,2002827,233421,3000549,5000,2026-08-13T09:05:14Z,電子決済,increment-run-002,workshop-participant,donation_events_002.csv,2026-08-21T14:20:02Z
EVT-FRS-009669,6009669,2011601,202029,3000551,30000,2026-08-13T09:12:28Z,クレジットカード,increment-run-002,workshop-participant,donation_events_002.csv,2026-08-21T14:20:02Z
EVT-FRS-008605,6008605,2007663,192112,3000891,10000,2026-08-13T09:12:50Z,電子決済,increment-run-002,workshop-participant,donation_events_002.csv,2026-08-21T14:20:02Z
EVT-FRS-006394,6006394,2010583,212059,3003413,10000,2026-08-13T09:17:35Z,クレジットカード,increment-run-002,workshop-participant,donation_events_002.csv,2026-08-21T14:20:02Z
EVT-FRS-004993,6004993,2007121,452025,3002265,25000,2026-08-13T09:18:15Z,銀行振込,increment-run-002,workshop-participant,donation_events_002.csv,2026-08-21T14:20:02Z
EVT-FRS-004983,6004983,2010872,282065,3002150,10000,2026-08-13T09:19:23Z,銀行振込,increment-run-002,workshop-participant,donation_events_002.csv,2026-08-21T14:20:02Z
EVT-FRS-007605,6007605,2000433,472085,3004617,25000,2026-08-13T09:20:03Z,クレジットカード,increment-run-002,workshop-participant,donation_events_002.csv,2026-08-21T14:20:02Z
EVT-FRS-011780,6011780,2010898,044440,3004229,15000,2026-08-13T09:26:18Z,銀行振込,increment-run-002,workshop-participant,donation_events_002.csv,2026-08-21T14:20:02Z
EVT-FRS-008627,6008627,2006482,192074,3005236,20000,2026-08-13T09:27:22Z,クレジットカード,increment-run-002,workshop-participant,donation_events_002.csv,2026-08-21T14:20:02Z
EVT-FRS-014374,6014374,2010533,352128,3003774,12000,2026-08-13T09:36:30Z,クレジットカード,increment-run-002,workshop-participant,donation_events_002.csv,2026-08-21T14:20:02Z
EVT-FRS-009138,6009138,2004407,012262,3001586,25000,2026-08-13T09:44:00Z,電子決済,increment-run-002,workshop-participant,donation_events_002.csv,2026-08-21T14:20:02Z
EVT-FRS-008822,6008822,2003808,282294,3005369,12000,2026-08-13T09:48:39Z,電子決済,increment-run-002,workshop-participant,donation_events_002.csv,2026-08-21T14:20:02Z
EVT-FRS-006594,6006594,2010556,122360,3004726,20000,2026-08-13T09:49:00Z,電子決済,increment-run-002,workshop-participant,donation_events_002.csv,2026-08-21T14:20:02Z
EVT-FRS-012295,6012295,2004542,242128,3001434,15000,2026-08-13T09:50:33Z,銀行振込,increment-run-002,workshop-participant,donation_events_002.csv,2026-08-21T14:20:02Z
EVT-FRS-004760,6004760,2010941,142140,3000590,30000,2026-08-13T09:51:13Z,クレジットカード,increment-run-002,workshop-participant,donation_events_002.csv,2026-08-21T14:20:02Z
EVT-FRS-006084,6006084,2011182,132144,3005755,20000,2026-08-13T09:52:31Z,クレジットカード,increment-run-002,workshop-participant,donation_events_002.csv,2026-08-21T14:20:02Z
EVT-FRS-008003,6008003,2006656,402036,3005295,30000,2026-08-13T09:56:38Z,クレジットカード,increment-run-002,workshop-participant,donation_events_002.csv,2026-08-21T14:20:02Z
EVT-FRS-014445,6014445,2001883,192147,3004237,50000,2026-08-13T10:01:55Z,クレジットカード,increment-run-002,workshop-participant,donation_events_002.csv,2026-08-21T14:20:02Z
EVT-FRS-013476,6013476,2006136,132276,3002654,8000,2026-08-13T10:03:31Z,クレジットカード,increment-run-002,workshop-participant,donation_events_002.csv,2026-08-21T14:20:02Z
EVT-FRS-009594,6009594,2009659,252018,3003455,10000,2026-08-13T10:05:37Z,電子決済,increment-run-002,workshop-participant,donation_events_002.csv,2026-08-21T14:20:02Z
EVT-FRS-002822,6002822,2006837,212083,3004510,12000,2026-08-13T10:07:01Z,電子決済,increment-run-002,workshop-participant,donation_events_002.csv,2026-08-21T14:20:02Z
EVT-FRS-006498,6006498,2008409,212059,3003413,10000,2026-08-13T10:15:15Z,クレジットカード,increment-run-002,workshop-participant,donation_events_002.csv,2026-08-21T14:20:02Z
EVT-FRS-003058,6003058,2000848,292061,3004176,10000,2026-08-13T10:15:49Z,クレジットカード,increment-run-002,workshop-participant,donation_events_002.csv,2026-08-21T14:20:02Z
EVT-FRS-010814,6010814,2001106,272132,3000119,10000,2026-08-13T10:16:39Z,クレジットカード,increment-run-002,workshop-participant,donation_events_002.csv,2026-08-21T14:20:02Z
EVT-FRS-004923,6004923,2003440,132098,3004707,20000,2026-08-13T10:17:25Z,クレジットカード,increment-run-002,workshop-participant,donation_events_002.csv,2026-08-21T14:20:02Z
EVT-FRS-000055,6000055,2009774,232149,3003066,25000,2026-08-13T10:18:13Z,コンビニ決済,increment-run-002,workshop-participant,donation_events_002.csv,2026-08-21T14:20:02Z
EVT-FRS-001441,6001441,2005222,435074,3001703,40000,2026-08-13T10:23:54Z,クレジットカード,increment-run-002,workshop-participant,donation_events_002.csv,2026-08-21T14:20:02Z
EVT-FRS-004765,6004765,2008089,212172,3003089,10000,2026-08-13T10:24:03Z,コンビニ決済,increment-run-002,workshop-participant,donation_events_002.csv,2026-08-21T14:20:02Z
EVT-FRS-005109,6005109,2002008,054348,3003030,15000,2026-08-13T10:34:48Z,クレジットカード,increment-run-002,workshop-participant,donation_events_002.csv,2026-08-21T14:20:02Z
EVT-FRS-009779,6009779,2008624,262064,3004540,10000,2026-08-13T10:35:35Z,クレジットカード,increment-run-002,workshop-participant,donation_events_002.csv,2026-08-21T14:20:02Z
EVT-FRS-005381,6005381,2010337,252034,3004571,20000,2026-08-13T10:44:35Z,クレジットカード,increment-run-002,workshop-participant,donation_events_002.csv,2026-08-21T14:20:02Z
EVT-FRS-003514,6003514,2008074,052141,3004446,25000,2026-08-13T10:48:35Z,クレジットカード,increment-run-002,workshop-participant,donation_events_002.csv,2026-08-21T14:20:02Z
EVT-FRS-010320,6010320,2002489,442143,3003948,15000,2026-08-13T10:54:02Z,クレジットカード,increment-run-002,workshop-participant,donation_events_002.csv,2026-08-21T14:20:02Z
EVT-FRS-003438,6003438,2006300,402133,3000558,15000,2026-08-13T10:57:03Z,電子決済,increment-run-002,workshop-participant,donation_events_002.csv,2026-08-21T14:20:02Z
EVT-FRS-012384,6012384,2008873,434477,3001326,12000,2026-08-13T11:02:41Z,クレジットカード,increment-run-002,workshop-participant,donation_events_002.csv,2026-08-21T14:20:02Z
EVT-FRS-001452,6001452,2011821,302031,3000932,60000,2026-08-13T11:12:46Z,クレジットカード,increment-run-002,workshop-participant,donation_events_002.csv,2026-08-21T14:20:02Z
EVT-FRS-010585,6010585,2006878,012122,3005735,20000,2026-08-13T11:16:25Z,コンビニ決済,increment-run-002,workshop-participant,donation_events_002.csv,2026-08-21T14:20:02Z
EVT-FRS-009725,6009725,2010860,282014,3002089,12000,2026-08-13T11:17:31Z,クレジットカード,increment-run-002,workshop-participant,donation_events_002.csv,2026-08-21T14:20:02Z
EVT-FRS-000871,6000871,2007723,384429,3003883,40000,2026-08-13T11:20:09Z,クレジットカード,increment-run-002,workshop-participant,donation_events_002.csv,2026-08-21T14:20:02Z
EVT-FRS-005806,6005806,2001989,382035,3003763,15000,2026-08-13T11:21:04Z,クレジットカード,increment-run-002,workshop-participant,donation_events_002.csv,2026-08-21T14:20:02Z
EVT-FRS-002197,6002197,2008903,432105,3002330,10000,2026-08-13T11:37:00Z,銀行振込,increment-run-002,workshop-participant,donation_events_002.csv,2026-08-21T14:20:02Z
EVT-FRS-000795,6000795,2006897,272167,3003247,15000,2026-08-13T11:40:43Z,クレジットカード,increment-run-002,workshop-participant,donation_events_002.csv,2026-08-21T14:20:02Z
EVT-FRS-012212,6012212,2006861,192091,3001868,12000,2026-08-13T11:41:03Z,クレジットカード,increment-run-002,workshop-participant,donation_events_002.csv,2026-08-21T14:20:02Z
EVT-FRS-014763,6014763,2011495,203491,3004611,10000,2026-08-13T11:48:00Z,クレジットカード,increment-run-002,workshop-participant,donation_events_002.csv,2026-08-21T14:20:02Z
EVT-FRS-010961,6010961,2010838,044041,3001048,5000,2026-08-13T11:56:28Z,クレジットカード,increment-run-002,workshop-participant,donation_events_002.csv,2026-08-21T14:20:02Z
EVT-FRS-011224,6011224,2009227,072028,3002617,12000,2026-08-13T11:57:40Z,クレジットカード,increment-run-002,workshop-participant,donation_events_002.csv,2026-08-21T14:20:02Z
EVT-FRS-004690,6004690,2006419,112321,3005766,10000,2026-08-13T12:01:05Z,銀行振込,increment-run-002,workshop-participant,donation_events_002.csv,2026-08-21T14:20:02Z
EVT-FRS-003225,6003225,2006329,082201,3002146,20000,2026-08-13T12:05:39Z,電子決済,increment-run-002,workshop-participant,donation_events_002.csv,2026-08-21T14:20:02Z
EVT-FRS-008571,6008571,2002531,192023,3004434,20000,2026-08-13T12:06:59Z,銀行振込,increment-run-002,workshop-participant,donation_events_002.csv,2026-08-21T14:20:02Z
EVT-FRS-013849,6013849,2010774,016390,3005520,8000,2026-08-13T12:09:41Z,クレジットカード,increment-run-002,workshop-participant,donation_events_002.csv,2026-08-21T14:20:02Z
EVT-FRS-011820,6011820,2006386,382051,3003645,10000,2026-08-13T12:13:16Z,コンビニ決済,increment-run-002,workshop-participant,donation_events_002.csv,2026-08-21T14:20:02Z
EVT-FRS-005482,6005482,2005794,272132,3005617,10000,2026-08-13T12:13:42Z,コンビニ決済,increment-run-002,workshop-participant,donation_events_002.csv,2026-08-21T14:20:02Z
EVT-FRS-009062,6009062,2011740,142123,3002173,20000,2026-08-13T12:14:10Z,クレジットカード,increment-run-002,workshop-participant,donation_events_002.csv,2026-08-21T14:20:02Z
EVT-FRS-000130,6000130,2000057,215015,3004723,15000,2026-08-13T12:16:53Z,コンビニ決済,increment-run-002,workshop-participant,donation_events_002.csv,2026-08-21T14:20:02Z
EVT-FRS-004415,6004415,2008046,122297,3005961,12000,2026-08-13T12:17:23Z,クレジットカード,increment-run-002,workshop-participant,donation_events_002.csv,2026-08-21T14:20:02Z
EVT-FRS-011465,6011465,2000086,332101,3002134,5000,2026-08-13T12:20:06Z,クレジットカード,increment-run-002,workshop-participant,donation_events_002.csv,2026-08-21T14:20:02Z
EVT-FRS-008297,6008297,2009295,473626,3000747,10000,2026-08-13T12:21:21Z,クレジットカード,increment-run-002,workshop-participant,donation_events_002.csv,2026-08-21T14:20:02Z
EVT-FRS-011565,6011565,2002367,232327,3004991,20000,2026-08-13T12:22:20Z,クレジットカード,increment-run-002,workshop-participant,donation_events_002.csv,2026-08-21T14:20:02Z
EVT-FRS-001680,6001680,2003199,442101,3004390,15000,2026-08-13T12:23:46Z,クレジットカード,increment-run-002,workshop-participant,donation_events_002.csv,2026-08-21T14:20:02Z
EVT-FRS-008120,6008120,2010103,105210,3000881,10000,2026-08-13T12:25:19Z,銀行振込,increment-run-002,workshop-participant,donation_events_002.csv,2026-08-21T14:20:02Z
EVT-FRS-008105,6008105,2004368,032093,3004322,10000,2026-08-13T12:27:43Z,クレジットカード,increment-run-002,workshop-participant,donation_events_002.csv,2026-08-21T14:20:02Z
EVT-FRS-003835,6003835,2003216,272086,3004810,20000,2026-08-13T12:30:26Z,クレジットカード,increment-run-002,workshop-participant,donation_events_002.csv,2026-08-21T14:20:02Z
EVT-FRS-003695,6003695,2007020,402265,3005632,10000,2026-08-13T12:31:41Z,電子決済,increment-run-002,workshop-participant,donation_events_002.csv,2026-08-21T14:20:02Z
EVT-FRS-009269,6009269,2002809,042111,3004989,15000,2026-08-13T12:34:20Z,クレジットカード,increment-run-002,workshop-participant,donation_events_002.csv,2026-08-21T14:20:02Z
EVT-FRS-000856,6000856,2006577,432067,3003114,15000,2026-08-13T12:34:21Z,クレジットカード,increment-run-002,workshop-participant,donation_events_002.csv,2026-08-21T14:20:02Z
EVT-FRS-012921,6012921,2001134,243248,3004936,20000,2026-08-13T12:35:36Z,銀行振込,increment-run-002,workshop-participant,donation_events_002.csv,2026-08-21T14:20:02Z
EVT-FRS-001051,6001051,2000425,182109,3002995,12000,2026-08-13T12:40:08Z,クレジットカード,increment-run-002,workshop-participant,donation_events_002.csv,2026-08-21T14:20:02Z
EVT-FRS-006927,6006927,2010338,202045,3001643,10000,2026-08-13T12:40:53Z,クレジットカード,increment-run-002,workshop-participant,donation_events_002.csv,2026-08-21T14:20:02Z
EVT-FRS-000678,6000678,2011235,082082,3004098,15000,2026-08-13T12:45:43Z,クレジットカード,increment-run-002,workshop-participant,donation_events_002.csv,2026-08-21T14:20:02Z
EVT-FRS-013745,6013745,2002294,342084,3003681,30000,2026-08-13T12:50:27Z,クレジットカード,increment-run-002,workshop-participant,donation_events_002.csv,2026-08-21T14:20:02Z
EVT-FRS-014775,6014775,2005114,182079,3005144,8000,2026-08-13T12:51:00Z,電子決済,increment-run-002,workshop-participant,donation_events_002.csv,2026-08-21T14:20:02Z
EVT-FRS-010304,6010304,2007674,452068,3000616,10000,2026-08-13T12:51:24Z,クレジットカード,increment-run-002,workshop-participant,donation_events_002.csv,2026-08-21T14:20:02Z
EVT-FRS-011455,6011455,2002543,232149,3003066,20000,2026-08-13T12:52:17Z,クレジットカード,increment-run-002,workshop-participant,donation_events_002.csv,2026-08-21T14:20:02Z
EVT-FRS-004233,6004233,2001730,102016,3001864,15000,2026-08-13T12:54:33Z,クレジットカード,increment-run-002,workshop-participant,donation_events_002.csv,2026-08-21T14:20:02Z
EVT-FRS-013528,6013528,2011024,042030,3000252,10000,2026-08-13T12:59:20Z,クレジットカード,increment-run-002,workshop-participant,donation_events_002.csv,2026-08-21T14:20:02Z
EVT-FRS-010919,6010919,2010907,016446,3001965,8000,2026-08-13T13:03:36Z,クレジットカード,increment-run-002,workshop-participant,donation_events_002.csv,2026-08-21T14:20:02Z
EVT-FRS-005032,6005032,2011649,232190,3004843,20000,2026-08-13T13:05:24Z,電子決済,increment-run-002,workshop-participant,donation_events_002.csv,2026-08-21T14:20:02Z
EVT-FRS-003283,6003283,2011086,122050,3000650,5000,2026-08-13T13:05:59Z,クレジットカード,increment-run-002,workshop-participant,donation_events_002.csv,2026-08-21T14:20:02Z
EVT-FRS-005988,6005988,2007356,372013,3001313,10000,2026-08-13T13:06:36Z,電子決済,increment-run-002,workshop-participant,donation_events_002.csv,2026-08-21T14:20:02Z
EVT-FRS-005792,6005792,2007255,362034,3002854,5000,2026-08-13T13:07:55Z,電子決済,increment-run-002,workshop-participant,donation_events_002.csv,2026-08-21T14:20:02Z
EVT-FRS-010215,6010215,2000054,022012,3004642,15000,2026-08-13T13:10:06Z,電子決済,increment-run-002,workshop-participant,donation_events_002.csv,2026-08-21T14:20:02Z
EVT-FRS-012068,6012068,2002563,462152,3000849,30000,2026-08-13T13:10:40Z,電子決済,increment-run-002,workshop-participant,donation_events_002.csv,2026-08-21T14:20:02Z
EVT-FRS-006466,6006466,2000667,222127,3001668,20000,2026-08-13T13:10:56Z,クレジットカード,increment-run-002,workshop-participant,donation_events_002.csv,2026-08-21T14:20:02Z
EVT-FRS-000763,6000763,2001026,012190,3004508,50000,2026-08-13T13:17:39Z,クレジットカード,increment-run-002,workshop-participant,donation_events_002.csv,2026-08-21T14:20:02Z
EVT-FRS-003327,6003327,2008293,102121,3001741,8000,2026-08-13T13:21:48Z,クレジットカード,increment-run-002,workshop-participant,donation_events_002.csv,2026-08-21T14:20:02Z
EVT-FRS-003583,6003583,2003966,362077,3004679,15000,2026-08-13T13:24:45Z,クレジットカード,increment-run-002,workshop-participant,donation_events_002.csv,2026-08-21T14:20:02Z
EVT-FRS-011355,6011355,2004113,141003,3005776,5000,2026-08-13T13:26:38Z,クレジットカード,increment-run-002,workshop-participant,donation_events_002.csv,2026-08-21T14:20:02Z
EVT-FRS-006610,6006610,2000122,012114,3005217,15000,2026-08-13T13:29:39Z,クレジットカード,increment-run-002,workshop-participant,donation_events_002.csv,2026-08-21T14:20:02Z
EVT-FRS-000968,6000968,2003115,192121,3002006,15000,2026-08-13T13:30:25Z,クレジットカード,increment-run-002,workshop-participant,donation_events_002.csv,2026-08-21T14:20:02Z
EVT-FRS-002937,6002937,2007753,012181,3001531,30000,2026-08-13T13:33:49Z,電子決済,increment-run-002,workshop-participant,donation_events_002.csv,2026-08-21T14:20:02Z
EVT-FRS-013591,6013591,2006778,152048,3004458,10000,2026-08-13T13:35:07Z,クレジットカード,increment-run-002,workshop-participant,donation_events_002.csv,2026-08-21T14:20:02Z
EVT-FRS-013965,6013965,2004059,121002,3002290,25000,2026-08-13T13:40:27Z,銀行振込,increment-run-002,workshop-participant,donation_events_002.csv,2026-08-21T14:20:02Z
EVT-FRS-013704,6013704,2000791,232092,3001379,10000,2026-08-13T13:42:58Z,コンビニ決済,increment-run-002,workshop-participant,donation_events_002.csv,2026-08-21T14:20:02Z
EVT-FRS-011468,6011468,2008675,364011,3004781,25000,2026-08-13T13:46:04Z,クレジットカード,increment-run-002,workshop-participant,donation_events_002.csv,2026-08-21T14:20:02Z
EVT-FRS-004799,6004799,2008533,022012,3000540,15000,2026-08-13T13:51:51Z,電子決済,increment-run-002,workshop-participant,donation_events_002.csv,2026-08-21T14:20:02Z
EVT-FRS-010310,6010310,2003342,082368,3002767,12000,2026-08-13T13:53:24Z,クレジットカード,increment-run-002,workshop-participant,donation_events_002.csv,2026-08-21T14:20:02Z
EVT-FRS-006264,6006264,2001210,331007,3002982,8000,2026-08-13T13:54:41Z,銀行振込,increment-run-002,workshop-participant,donation_events_002.csv,2026-08-21T14:20:02Z
EVT-FRS-000470,6000470,2006014,132187,3001701,20000,2026-08-13T13:55:38Z,コンビニ決済,increment-run-002,workshop-participant,donation_events_002.csv,2026-08-21T14:20:02Z
EVT-FRS-000134,6000134,2004596,092037,3002525,8000,2026-08-13T13:55:44Z,クレジットカード,increment-run-002,workshop-participant,donation_events_002.csv,2026-08-21T14:20:02Z
EVT-FRS-002826,6002826,2002592,212199,3004230,20000,2026-08-13T13:58:24Z,クレジットカード,increment-run-002,workshop-participant,donation_events_002.csv,2026-08-21T14:20:02Z
EVT-FRS-008005,6008005,2004000,182079,3003228,30000,2026-08-13T13:58:53Z,電子決済,increment-run-002,workshop-participant,donation_events_002.csv,2026-08-21T14:20:02Z
EVT-FRS-009465,6009465,2006795,364011,3004653,15000,2026-08-13T14:00:53Z,コンビニ決済,increment-run-002,workshop-participant,donation_events_002.csv,2026-08-21T14:20:02Z
EVT-FRS-002581,6002581,2007243,032018,3002835,25000,2026-08-13T14:04:57Z,クレジットカード,increment-run-002,workshop-participant,donation_events_002.csv,2026-08-21T14:20:02Z
EVT-FRS-000223,6000223,2011782,102059,3001521,10000,2026-08-13T14:05:13Z,電子決済,increment-run-002,workshop-participant,donation_events_002.csv,2026-08-21T14:20:02Z
EVT-FRS-008724,6008724,2005875,172103,3005645,5000,2026-08-13T14:05:39Z,銀行振込,increment-run-002,workshop-participant,donation_events_002.csv,2026-08-21T14:20:02Z
EVT-FRS-004553,6004553,2009137,132187,3005358,5000,2026-08-13T14:07:25Z,クレジットカード,increment-run-002,workshop-participant,donation_events_002.csv,2026-08-21T14:20:02Z
EVT-FRS-004015,6004015,2001524,262064,3001784,15000,2026-08-13T14:14:01Z,クレジットカード,increment-run-002,workshop-participant,donation_events_002.csv,2026-08-21T14:20:02Z
EVT-FRS-007074,6007074,2009854,082074,3003670,70000,2026-08-13T14:14:17Z,銀行振込,increment-run-002,workshop-participant,donation_events_002.csv,2026-08-21T14:20:02Z
EVT-FRS-011615,6011615,2011893,122165,3004816,20000,2026-08-13T14:24:39Z,電子決済,increment-run-002,workshop-participant,donation_events_002.csv,2026-08-21T14:20:02Z
EVT-FRS-013947,6013947,2009474,192066,3005884,20000,2026-08-13T14:25:21Z,電子決済,increment-run-002,workshop-participant,donation_events_002.csv,2026-08-21T14:20:02Z
EVT-FRS-003998,6003998,2000262,012033,3001206,20000,2026-08-13T14:25:23Z,クレジットカード,increment-run-002,workshop-participant,donation_events_002.csv,2026-08-21T14:20:02Z
EVT-FRS-003280,6003280,2000939,382035,3005109,30000,2026-08-13T14:26:20Z,クレジットカード,increment-run-002,workshop-participant,donation_events_002.csv,2026-08-21T14:20:02Z
EVT-FRS-006957,6006957,2002468,082279,3003619,10000,2026-08-13T14:30:59Z,クレジットカード,increment-run-002,workshop-participant,donation_events_002.csv,2026-08-21T14:20:02Z
EVT-FRS-012135,6012135,2001872,405442,3004531,20000,2026-08-13T14:32:00Z,クレジットカード,increment-run-002,workshop-participant,donation_events_002.csv,2026-08-21T14:20:02Z
EVT-FRS-013660,6013660,2000375,183822,3002657,5000,2026-08-13T14:36:01Z,クレジットカード,increment-run-002,workshop-participant,donation_events_002.csv,2026-08-21T14:20:02Z
EVT-FRS-007066,6007066,2002643,131148,3003128,25000,2026-08-13T14:40:16Z,電子決済,increment-run-002,workshop-participant,donation_events_002.csv,2026-08-21T14:20:02Z
EVT-FRS-005283,6005283,2001796,232289,3003221,15000,2026-08-13T14:41:23Z,クレジットカード,increment-run-002,workshop-participant,donation_events_002.csv,2026-08-21T14:20:02Z
EVT-FRS-011775,6011775,2001941,112224,3003234,25000,2026-08-13T14:43:39Z,クレジットカード,increment-run-002,workshop-participant,donation_events_002.csv,2026-08-21T14:20:02Z
EVT-FRS-007984,6007984,2001092,142182,3004337,15000,2026-08-13T14:44:05Z,クレジットカード,increment-run-002,workshop-participant,donation_events_002.csv,2026-08-21T14:20:02Z
EVT-FRS-007471,6007471,2011692,082317,3005687,10000,2026-08-13T14:44:08Z,クレジットカード,increment-run-002,workshop-participant,donation_events_002.csv,2026-08-21T14:20:02Z
EVT-FRS-011074,6011074,2003254,131199,3001621,10000,2026-08-13T14:47:03Z,電子決済,increment-run-002,workshop-participant,donation_events_002.csv,2026-08-21T14:20:02Z
EVT-FRS-009863,6009863,2004044,292125,3001198,25000,2026-08-13T14:47:51Z,クレジットカード,increment-run-002,workshop-participant,donation_events_002.csv,2026-08-21T14:20:02Z
EVT-FRS-002723,6002723,2008948,143014,3004096,30000,2026-08-13T14:48:12Z,電子決済,increment-run-002,workshop-participant,donation_events_002.csv,2026-08-21T14:20:02Z
EVT-FRS-005882,6005882,2001522,075043,3004090,15000,2026-08-13T14:51:21Z,クレジットカード,increment-run-002,workshop-participant,donation_events_002.csv,2026-08-21T14:20:02Z
EVT-FRS-004100,6004100,2007853,082112,3002739,25000,2026-08-13T14:52:25Z,電子決済,increment-run-002,workshop-participant,donation_events_002.csv,2026-08-21T14:20:02Z
EVT-FRS-002504,6002504,2004229,072133,3002827,10000,2026-08-13T14:53:14Z,電子決済,increment-run-002,workshop-participant,donation_events_002.csv,2026-08-21T14:20:02Z
EVT-FRS-007676,6007676,2008127,402214,3004675,10000,2026-08-13T14:53:49Z,クレジットカード,increment-run-002,workshop-participant,donation_events_002.csv,2026-08-21T14:20:02Z
EVT-FRS-010341,6010341,2005996,112101,3001224,10000,2026-08-13T14:54:56Z,電子決済,increment-run-002,workshop-participant,donation_events_002.csv,2026-08-21T14:20:02Z
EVT-FRS-005158,6005158,2004681,322032,3002855,20000,2026-08-13T14:55:02Z,クレジットカード,increment-run-002,workshop-participant,donation_events_002.csv,2026-08-21T14:20:02Z
EVT-FRS-004714,6004714,2007654,392031,3000399,30000,2026-08-13T14:59:47Z,クレジットカード,increment-run-002,workshop-participant,donation_events_002.csv,2026-08-21T14:20:02Z
EVT-FRS-013761,6013761,2011617,082121,3004183,5000,2026-08-13T15:00:41Z,クレジットカード,increment-run-002,workshop-participant,donation_events_002.csv,2026-08-21T14:20:02Z
EVT-FRS-011470,6011470,2007975,152161,3003054,30000,2026-08-13T15:18:08Z,銀行振込,increment-run-002,workshop-participant,donation_events_002.csv,2026-08-21T14:20:02Z
EVT-FRS-000586,6000586,2010282,232360,3004398,50000,2026-08-13T15:18:36Z,クレジットカード,increment-run-002,workshop-participant,donation_events_002.csv,2026-08-21T14:20:02Z
EVT-FRS-004724,6004724,2009165,472131,3005715,8000,2026-08-13T15:22:18Z,銀行振込,increment-run-002,workshop-participant,donation_events_002.csv,2026-08-21T14:20:02Z
EVT-FRS-007417,6007417,2004173,022012,3002418,25000,2026-08-13T15:23:19Z,クレジットカード,increment-run-002,workshop-participant,donation_events_002.csv,2026-08-21T14:20:02Z
EVT-FRS-000346,6000346,2011858,242128,3001434,10000,2026-08-13T15:25:25Z,クレジットカード,increment-run-002,workshop-participant,donation_events_002.csv,2026-08-21T14:20:02Z
EVT-FRS-007302,6007302,2009402,192074,3004354,8000,2026-08-13T15:25:32Z,電子決済,increment-run-002,workshop-participant,donation_events_002.csv,2026-08-21T14:20:02Z
EVT-FRS-000488,6000488,2000361,072087,3003173,30000,2026-08-13T15:26:24Z,クレジットカード,increment-run-002,workshop-participant,donation_events_002.csv,2026-08-21T14:20:02Z
EVT-FRS-005385,6005385,2004510,092045,3000430,15000,2026-08-13T15:29:02Z,コンビニ決済,increment-run-002,workshop-participant,donation_events_002.csv,2026-08-21T14:20:02Z
EVT-FRS-001669,6001669,2002615,222097,3002985,10000,2026-08-13T15:29:44Z,クレジットカード,increment-run-002,workshop-participant,donation_events_002.csv,2026-08-21T14:20:02Z
EVT-FRS-008780,6008780,2008713,172065,3003006,25000,2026-08-13T15:31:13Z,クレジットカード,increment-run-002,workshop-participant,donation_events_002.csv,2026-08-21T14:20:02Z
EVT-FRS-001358,6001358,2010101,082015,3005894,10000,2026-08-13T15:35:21Z,クレジットカード,increment-run-002,workshop-participant,donation_events_002.csv,2026-08-21T14:20:02Z
EVT-FRS-008679,6008679,2010586,341002,3001594,10000,2026-08-13T15:37:29Z,クレジットカード,increment-run-002,workshop-participant,donation_events_002.csv,2026-08-21T14:20:02Z
EVT-FRS-007120,6007120,2011555,132225,3004328,10000,2026-08-13T15:43:56Z,コンビニ決済,increment-run-002,workshop-participant,donation_events_002.csv,2026-08-21T14:20:02Z
EVT-FRS-002869,6002869,2004286,372030,3001797,25000,2026-08-13T15:46:58Z,クレジットカード,increment-run-002,workshop-participant,donation_events_002.csv,2026-08-21T14:20:02Z
EVT-FRS-009039,6009039,2007803,212181,3004272,20000,2026-08-13T15:47:03Z,クレジットカード,increment-run-002,workshop-participant,donation_events_002.csv,2026-08-21T14:20:02Z
EVT-FRS-005724,6005724,2008563,194425,3002013,15000,2026-08-13T15:48:22Z,銀行振込,increment-run-002,workshop-participant,donation_events_002.csv,2026-08-21T14:20:02Z
EVT-FRS-003676,6003676,2006812,382078,3001217,15000,2026-08-13T15:48:54Z,クレジットカード,increment-run-002,workshop-participant,donation_events_002.csv,2026-08-21T14:20:02Z
EVT-FRS-006227,6006227,2007613,012190,3004508,10000,2026-08-13T15:52:11Z,コンビニ決済,increment-run-002,workshop-participant,donation_events_002.csv,2026-08-21T14:20:02Z
EVT-FRS-006985,6006985,2006559,012203,3005192,10000,2026-08-13T15:58:01Z,電子決済,increment-run-002,workshop-participant,donation_events_002.csv,2026-08-21T14:20:02Z
EVT-FRS-003902,6003902,2003874,142158,3003215,12000,2026-08-13T16:00:33Z,クレジットカード,increment-run-002,workshop-participant,donation_events_002.csv,2026-08-21T14:20:02Z
EVT-FRS-012658,6012658,2002592,013935,3002026,25000,2026-08-13T16:01:46Z,クレジットカード,increment-run-002,workshop-participant,donation_events_002.csv,2026-08-21T14:20:02Z
EVT-FRS-010510,6010510,2011828,453412,3000129,20000,2026-08-13T16:04:28Z,クレジットカード,increment-run-002,workshop-participant,donation_events_002.csv,2026-08-21T14:20:02Z
EVT-FRS-001812,6001812,2003492,152064,3004674,25000,2026-08-13T16:07:43Z,電子決済,increment-run-002,workshop-participant,donation_events_002.csv,2026-08-21T14:20:02Z
EVT-FRS-003955,6003955,2004307,112224,3002279,10000,2026-08-13T16:12:30Z,電子決済,increment-run-002,workshop-participant,donation_events_002.csv,2026-08-21T14:20:02Z
EVT-FRS-010570,6010570,2005425,473553,3000368,12000,2026-08-13T16:19:17Z,クレジットカード,increment-run-002,workshop-participant,donation_events_002.csv,2026-08-21T14:20:02Z
EVT-FRS-009595,6009595,2007711,122076,3005519,15000,2026-08-13T16:21:20Z,コンビニ決済,increment-run-002,workshop-participant,donation_events_002.csv,2026-08-21T14:20:02Z
EVT-FRS-012713,6012713,2008992,052078,3002464,30000,2026-08-13T16:23:15Z,電子決済,increment-run-002,workshop-participant,donation_events_002.csv,2026-08-21T14:20:02Z
EVT-FRS-012062,6012062,2004094,092053,3001208,20000,2026-08-13T16:23:48Z,クレジットカード,increment-run-002,workshop-participant,donation_events_002.csv,2026-08-21T14:20:02Z
EVT-FRS-002221,6002221,2003063,082171,3002570,15000,2026-08-13T16:25:19Z,クレジットカード,increment-run-002,workshop-participant,donation_events_002.csv,2026-08-21T14:20:02Z
EVT-FRS-012495,6012495,2008285,382043,3005949,20000,2026-08-13T16:38:48Z,コンビニ決済,increment-run-002,workshop-participant,donation_events_002.csv,2026-08-21T14:20:02Z
EVT-FRS-005082,6005082,2000499,232157,3005108,20000,2026-08-13T16:39:34Z,クレジットカード,increment-run-002,workshop-participant,donation_events_002.csv,2026-08-21T14:20:02Z
EVT-FRS-003247,6003247,2007757,232092,3000157,8000,2026-08-13T16:47:41Z,クレジットカード,increment-run-002,workshop-participant,donation_events_002.csv,2026-08-21T14:20:02Z
EVT-FRS-003076,6003076,2003125,092053,3003962,20000,2026-08-13T16:47:59Z,クレジットカード,increment-run-002,workshop-participant,donation_events_002.csv,2026-08-21T14:20:02Z
EVT-FRS-008920,6008920,2007908,162019,3004073,40000,2026-08-13T16:49:24Z,クレジットカード,increment-run-002,workshop-participant,donation_events_002.csv,2026-08-21T14:20:02Z
EVT-FRS-014448,6014448,2006952,472085,3004926,10000,2026-08-13T16:51:31Z,クレジットカード,increment-run-002,workshop-participant,donation_events_002.csv,2026-08-21T14:20:02Z
EVT-FRS-000662,6000662,2002094,294276,3001738,20000,2026-08-13T16:52:31Z,銀行振込,increment-run-002,workshop-participant,donation_events_002.csv,2026-08-21T14:20:02Z
EVT-FRS-014443,6014443,2011101,352047,3003208,20000,2026-08-13T16:54:20Z,クレジットカード,increment-run-002,workshop-participant,donation_events_002.csv,2026-08-21T14:20:02Z
EVT-FRS-002022,6002022,2002192,192058,3000939,20000,2026-08-13T16:55:08Z,クレジットカード,increment-run-002,workshop-participant,donation_events_002.csv,2026-08-21T14:20:02Z
EVT-FRS-006286,6006286,2003858,103829,3002393,15000,2026-08-13T16:56:22Z,クレジットカード,increment-run-002,workshop-participant,donation_events_002.csv,2026-08-21T14:20:02Z
EVT-FRS-004652,6004652,2000604,272132,3003896,12000,2026-08-13T16:59:15Z,クレジットカード,increment-run-002,workshop-participant,donation_events_002.csv,2026-08-21T14:20:02Z
EVT-FRS-008527,6008527,2002448,085421,3000241,10000,2026-08-13T16:59:28Z,コンビニ決済,increment-run-002,workshop-participant,donation_events_002.csv,2026-08-21T14:20:02Z
EVT-FRS-013415,6013415,2010004,452025,3002265,30000,2026-08-13T17:00:44Z,クレジットカード,increment-run-002,workshop-participant,donation_events_002.csv,2026-08-21T14:20:02Z
EVT-FRS-013543,6013543,2007302,402214,3005753,50000,2026-08-13T17:03:23Z,クレジットカード,increment-run-002,workshop-participant,donation_events_002.csv,2026-08-21T14:20:02Z
EVT-FRS-012299,6012299,2001758,016675,3005924,15000,2026-08-13T17:04:52Z,コンビニ決済,increment-run-002,workshop-participant,donation_events_002.csv,2026-08-21T14:20:02Z
EVT-FRS-007049,6007049,2007714,404217,3001210,30000,2026-08-13T17:06:43Z,銀行振込,increment-run-002,workshop-participant,donation_events_002.csv,2026-08-21T14:20:02Z
EVT-FRS-000753,6000753,2001147,362034,3002526,10000,2026-08-13T17:07:15Z,電子決済,increment-run-002,workshop-participant,donation_events_002.csv,2026-08-21T14:20:02Z
EVT-FRS-004848,6004848,2004282,152064,3004674,20000,2026-08-13T17:09:15Z,クレジットカード,increment-run-002,workshop-participant,donation_events_002.csv,2026-08-21T14:20:02Z
EVT-FRS-004524,6004524,2010806,072133,3002827,10000,2026-08-13T17:14:59Z,銀行振込,increment-run-002,workshop-participant,donation_events_002.csv,2026-08-21T14:20:02Z
EVT-FRS-011262,6011262,2000397,212121,3002693,12000,2026-08-13T17:16:02Z,クレジットカード,increment-run-002,workshop-participant,donation_events_002.csv,2026-08-21T14:20:02Z
EVT-FRS-013718,6013718,2000098,232122,3002065,10000,2026-08-13T17:16:12Z,クレジットカード,increment-run-002,workshop-participant,donation_events_002.csv,2026-08-21T14:20:02Z
EVT-FRS-000799,6000799,2001091,392111,3000346,20000,2026-08-13T17:17:57Z,クレジットカード,increment-run-002,workshop-participant,donation_events_002.csv,2026-08-21T14:20:02Z
EVT-FRS-011311,6011311,2001577,232327,3003728,10000,2026-08-13T17:19:59Z,クレジットカード,increment-run-002,workshop-participant,donation_events_002.csv,2026-08-21T14:20:02Z
EVT-FRS-007543,6007543,2006809,042072,3003277,10000,2026-08-13T17:26:03Z,電子決済,increment-run-002,workshop-participant,donation_events_002.csv,2026-08-21T14:20:02Z
EVT-FRS-013155,6013155,2008332,252140,3001002,8000,2026-08-13T17:26:46Z,電子決済,increment-run-002,workshop-participant,donation_events_002.csv,2026-08-21T14:20:02Z
EVT-FRS-010462,6010462,2003738,132187,3005854,12000,2026-08-13T17:30:00Z,クレジットカード,increment-run-002,workshop-participant,donation_events_002.csv,2026-08-21T14:20:02Z
EVT-FRS-005855,6005855,2005202,332054,3002958,30000,2026-08-13T17:31:15Z,コンビニ決済,increment-run-002,workshop-participant,donation_events_002.csv,2026-08-21T14:20:02Z
EVT-FRS-007194,6007194,2010580,252131,3003967,20000,2026-08-13T17:32:21Z,電子決済,increment-run-002,workshop-participant,donation_events_002.csv,2026-08-21T14:20:02Z
EVT-FRS-000661,6000661,2000889,261009,3005540,40000,2026-08-13T17:34:09Z,クレジットカード,increment-run-002,workshop-participant,donation_events_002.csv,2026-08-21T14:20:02Z
EVT-FRS-000501,6000501,2006345,052060,3004806,15000,2026-08-13T17:34:13Z,クレジットカード,increment-run-002,workshop-participant,donation_events_002.csv,2026-08-21T14:20:02Z
EVT-FRS-006188,6006188,2008595,012092,3004670,10000,2026-08-13T17:36:19Z,コンビニ決済,increment-run-002,workshop-participant,donation_events_002.csv,2026-08-21T14:20:02Z
EVT-FRS-014888,6014888,2001417,142034,3004408,10000,2026-08-13T17:37:45Z,クレジットカード,increment-run-002,workshop-participant,donation_events_002.csv,2026-08-21T14:20:02Z
EVT-FRS-013120,6013120,2002694,402109,3005596,15000,2026-08-13T17:45:04Z,クレジットカード,increment-run-002,workshop-participant,donation_events_002.csv,2026-08-21T14:20:02Z
EVT-FRS-013626,6013626,2004710,282014,3001425,10000,2026-08-13T17:47:53Z,電子決済,increment-run-002,workshop-participant,donation_events_002.csv,2026-08-21T14:20:02Z
EVT-FRS-010991,6010991,2009364,141500,3003630,15000,2026-08-13T17:48:41Z,クレジットカード,increment-run-002,workshop-participant,donation_events_002.csv,2026-08-21T14:20:02Z
EVT-FRS-008948,6008948,2005739,304221,3000188,10000,2026-08-13T17:50:56Z,クレジットカード,increment-run-002,workshop-participant,donation_events_002.csv,2026-08-21T14:20:02Z
EVT-FRS-009222,6009222,2002585,402036,3005295,5000,2026-08-13T17:55:43Z,電子決済,increment-run-002,workshop-participant,donation_events_002.csv,2026-08-21T14:20:02Z
EVT-FRS-010338,6010338,2002257,282090,3000563,10000,2026-08-13T17:56:19Z,クレジットカード,increment-run-002,workshop-participant,donation_events_002.csv,2026-08-21T14:20:02Z
EVT-FRS-009038,6009038,2011009,012190,3003992,10000,2026-08-13T18:02:40Z,クレジットカード,increment-run-002,workshop-participant,donation_events_002.csv,2026-08-21T14:20:02Z
EVT-FRS-004090,6004090,2001932,023213,3003786,10000,2026-08-13T18:04:56Z,電子決済,increment-run-002,workshop-participant,donation_events_002.csv,2026-08-21T14:20:02Z
EVT-FRS-005911,6005911,2008999,082082,3001253,10000,2026-08-13T18:08:21Z,クレジットカード,increment-run-002,workshop-participant,donation_events_002.csv,2026-08-21T14:20:02Z
EVT-FRS-000514,6000514,2009115,012238,3001524,40000,2026-08-13T18:11:02Z,クレジットカード,increment-run-002,workshop-participant,donation_events_002.csv,2026-08-21T14:20:02Z
EVT-FRS-011528,6011528,2005365,323438,3001754,20000,2026-08-13T18:12:04Z,銀行振込,increment-run-002,workshop-participant,donation_events_002.csv,2026-08-21T14:20:02Z
EVT-FRS-014038,6014038,2006872,452025,3003388,5000,2026-08-13T18:12:46Z,電子決済,increment-run-002,workshop-participant,donation_events_002.csv,2026-08-21T14:20:02Z
EVT-FRS-010330,6010330,2008888,102059,3005478,20000,2026-08-13T18:23:37Z,クレジットカード,increment-run-002,workshop-participant,donation_events_002.csv,2026-08-21T14:20:02Z
EVT-FRS-001556,6001556,2000937,212091,3004786,10000,2026-08-13T18:24:09Z,銀行振込,increment-run-002,workshop-participant,donation_events_002.csv,2026-08-21T14:20:02Z
EVT-FRS-013228,6013228,2008106,122076,3005519,15000,2026-08-13T18:26:56Z,クレジットカード,increment-run-002,workshop-participant,donation_events_002.csv,2026-08-21T14:20:02Z
EVT-FRS-003464,6003464,2009927,112186,3002181,15000,2026-08-13T18:29:19Z,クレジットカード,increment-run-002,workshop-participant,donation_events_002.csv,2026-08-21T14:20:02Z
EVT-FRS-003031,6003031,2005913,272027,3003317,10000,2026-08-13T18:31:04Z,クレジットカード,increment-run-002,workshop-participant,donation_events_002.csv,2026-08-21T14:20:02Z
EVT-FRS-006860,6006860,2008427,152048,3004458,12000,2026-08-13T18:39:21Z,クレジットカード,increment-run-002,workshop-participant,donation_events_002.csv,2026-08-21T14:20:02Z
EVT-FRS-012259,6012259,2000336,442038,3000443,20000,2026-08-13T18:41:41Z,クレジットカード,increment-run-002,workshop-participant,donation_events_002.csv,2026-08-21T14:20:02Z
EVT-FRS-011916,6011916,2010940,462209,3000903,10000,2026-08-13T18:48:59Z,クレジットカード,increment-run-002,workshop-participant,donation_events_002.csv,2026-08-21T14:20:02Z
EVT-FRS-004339,6004339,2006829,152277,3002034,5000,2026-08-13T18:52:16Z,クレジットカード,increment-run-002,workshop-participant,donation_events_002.csv,2026-08-21T14:20:02Z
EVT-FRS-008142,6008142,2004675,044245,3003629,20000,2026-08-13T18:52:17Z,電子決済,increment-run-002,workshop-participant,donation_events_002.csv,2026-08-21T14:20:02Z
EVT-FRS-014153,6014153,2003540,472115,3000980,10000,2026-08-13T18:52:44Z,クレジットカード,increment-run-002,workshop-participant,donation_events_002.csv,2026-08-21T14:20:02Z
EVT-FRS-000143,6000143,2001092,132144,3001273,10000,2026-08-13T18:55:48Z,クレジットカード,increment-run-002,workshop-participant,donation_events_002.csv,2026-08-21T14:20:02Z
EVT-FRS-009500,6009500,2001613,272299,3005493,15000,2026-08-13T18:55:50Z,クレジットカード,increment-run-002,workshop-participant,donation_events_002.csv,2026-08-21T14:20:02Z
EVT-FRS-011168,6011168,2007087,052027,3001852,12000,2026-08-13T18:57:57Z,クレジットカード,increment-run-002,workshop-participant,donation_events_002.csv,2026-08-21T14:20:02Z
EVT-FRS-003122,6003122,2006160,452025,3002730,12000,2026-08-13T18:58:17Z,クレジットカード,increment-run-002,workshop-participant,donation_events_002.csv,2026-08-21T14:20:02Z
EVT-FRS-003890,6003890,2011912,272167,3002674,40000,2026-08-13T18:59:54Z,クレジットカード,increment-run-002,workshop-participant,donation_events_002.csv,2026-08-21T14:20:02Z
EVT-FRS-012974,6012974,2001699,473481,3004815,20000,2026-08-13T19:00:27Z,クレジットカード,increment-run-002,workshop-participant,donation_events_002.csv,2026-08-21T14:20:02Z
EVT-FRS-003272,6003272,2003725,272132,3000548,20000,2026-08-13T19:10:09Z,電子決済,increment-run-002,workshop-participant,donation_events_002.csv,2026-08-21T14:20:02Z
EVT-FRS-002804,6002804,2008190,431001,3003941,10000,2026-08-13T19:11:32Z,クレジットカード,increment-run-002,workshop-participant,donation_events_002.csv,2026-08-21T14:20:02Z
EVT-FRS-007445,6007445,2006168,272167,3003247,8000,2026-08-13T19:18:34Z,電子決済,increment-run-002,workshop-participant,donation_events_002.csv,2026-08-21T14:20:02Z
EVT-FRS-014488,6014488,2008168,262111,3001539,5000,2026-08-13T19:19:30Z,電子決済,increment-run-002,workshop-participant,donation_events_002.csv,2026-08-21T14:20:02Z
EVT-FRS-004550,6004550,2011518,462161,3004424,25000,2026-08-13T19:24:35Z,クレジットカード,increment-run-002,workshop-participant,donation_events_002.csv,2026-08-21T14:20:02Z
EVT-FRS-009238,6009238,2007916,122351,3003069,20000,2026-08-13T19:24:41Z,クレジットカード,increment-run-002,workshop-participant,donation_events_002.csv,2026-08-21T14:20:02Z
EVT-FRS-008162,6008162,2008697,032026,3002263,20000,2026-08-13T19:25:52Z,クレジットカード,increment-run-002,workshop-participant,donation_events_002.csv,2026-08-21T14:20:02Z
EVT-FRS-005285,6005285,2003786,042056,3003782,20000,2026-08-13T19:34:35Z,クレジットカード,increment-run-002,workshop-participant,donation_events_002.csv,2026-08-21T14:20:02Z
EVT-FRS-013398,6013398,2004795,182095,3000297,10000,2026-08-13T19:35:31Z,クレジットカード,increment-run-002,workshop-participant,donation_events_002.csv,2026-08-21T14:20:02Z
EVT-FRS-003573,6003573,2006208,272311,3005762,30000,2026-08-13T19:36:48Z,クレジットカード,increment-run-002,workshop-participant,donation_events_002.csv,2026-08-21T14:20:02Z
EVT-FRS-003578,6003578,2001428,112313,3005506,12000,2026-08-13T19:38:05Z,クレジットカード,increment-run-002,workshop-participant,donation_events_002.csv,2026-08-21T14:20:02Z
EVT-FRS-014466,6014466,2000564,032051,3002481,10000,2026-08-13T19:38:09Z,クレジットカード,increment-run-002,workshop-participant,donation_events_002.csv,2026-08-21T14:20:02Z
EVT-FRS-006857,6006857,2001198,131164,3003290,10000,2026-08-13T19:39:17Z,クレジットカード,increment-run-002,workshop-participant,donation_events_002.csv,2026-08-21T14:20:02Z
EVT-FRS-004451,6004451,2009012,072087,3003173,25000,2026-08-13T19:41:29Z,クレジットカード,increment-run-002,workshop-participant,donation_events_002.csv,2026-08-21T14:20:02Z
EVT-FRS-007260,6007260,2004831,382043,3005866,10000,2026-08-13T19:45:29Z,クレジットカード,increment-run-002,workshop-participant,donation_events_002.csv,2026-08-21T14:20:02Z
EVT-FRS-005060,6005060,2003294,452025,3002730,12000,2026-08-13T19:47:17Z,銀行振込,increment-run-002,workshop-participant,donation_events_002.csv,2026-08-21T14:20:02Z
EVT-FRS-007631,6007631,2003144,082261,3000370,5000,2026-08-13T19:49:22Z,クレジットカード,increment-run-002,workshop-participant,donation_events_002.csv,2026-08-21T14:20:02Z
EVT-FRS-004010,6004010,2007982,082082,3004854,40000,2026-08-13T19:56:16Z,クレジットカード,increment-run-002,workshop-participant,donation_events_002.csv,2026-08-21T14:20:02Z
EVT-FRS-013557,6013557,2002739,014010,3001627,10000,2026-08-13T19:57:06Z,コンビニ決済,increment-run-002,workshop-participant,donation_events_002.csv,2026-08-21T14:20:02Z
EVT-FRS-009484,6009484,2001812,132039,3005335,5000,2026-08-13T20:00:41Z,クレジットカード,increment-run-002,workshop-participant,donation_events_002.csv,2026-08-21T14:20:02Z
EVT-FRS-001173,6001173,2000391,062065,3002607,25000,2026-08-13T20:05:20Z,銀行振込,increment-run-002,workshop-participant,donation_events_002.csv,2026-08-21T14:20:02Z
EVT-FRS-005399,6005399,2000585,342041,3005043,10000,2026-08-13T20:06:19Z,クレジットカード,increment-run-002,workshop-participant,donation_events_002.csv,2026-08-21T14:20:02Z
EVT-FRS-008580,6008580,2002531,272311,3000298,30000,2026-08-13T20:12:14Z,クレジットカード,increment-run-002,workshop-participant,donation_events_002.csv,2026-08-21T14:20:02Z
EVT-FRS-014562,6014562,2000661,212091,3004887,10000,2026-08-13T20:13:12Z,クレジットカード,increment-run-002,workshop-participant,donation_events_002.csv,2026-08-21T14:20:02Z
EVT-FRS-013407,6013407,2005029,282022,3005891,30000,2026-08-13T20:14:37Z,クレジットカード,increment-run-002,workshop-participant,donation_events_002.csv,2026-08-21T14:20:02Z
EVT-FRS-005548,6005548,2000080,012297,3005065,10000,2026-08-13T20:18:53Z,電子決済,increment-run-002,workshop-participant,donation_events_002.csv,2026-08-21T14:20:02Z
EVT-FRS-012605,6012605,2003398,092169,3005113,40000,2026-08-13T20:20:29Z,クレジットカード,increment-run-002,workshop-participant,donation_events_002.csv,2026-08-21T14:20:02Z
EVT-FRS-012816,6012816,2007347,222071,3002386,12000,2026-08-13T20:20:39Z,コンビニ決済,increment-run-002,workshop-participant,donation_events_002.csv,2026-08-21T14:20:02Z
EVT-FRS-004151,6004151,2003037,203823,3001010,8000,2026-08-13T20:26:41Z,クレジットカード,increment-run-002,workshop-participant,donation_events_002.csv,2026-08-21T14:20:02Z
EVT-FRS-008917,6008917,2003528,372013,3001414,5000,2026-08-13T20:29:02Z,電子決済,increment-run-002,workshop-participant,donation_events_002.csv,2026-08-21T14:20:02Z
EVT-FRS-009115,6009115,2001861,473138,3001481,30000,2026-08-13T20:33:40Z,クレジットカード,increment-run-002,workshop-participant,donation_events_002.csv,2026-08-21T14:20:02Z
EVT-FRS-008204,6008204,2000422,032026,3003169,5000,2026-08-13T20:34:44Z,クレジットカード,increment-run-002,workshop-participant,donation_events_002.csv,2026-08-21T14:20:02Z
EVT-FRS-002656,6002656,2002021,403822,3003700,10000,2026-08-13T20:37:36Z,クレジットカード,increment-run-002,workshop-participant,donation_events_002.csv,2026-08-21T14:20:02Z
EVT-FRS-004597,6004597,2007309,093432,3004440,15000,2026-08-13T20:39:05Z,クレジットカード,increment-run-002,workshop-participant,donation_events_002.csv,2026-08-21T14:20:02Z
EVT-FRS-001905,6001905,2004868,382043,3002011,20000,2026-08-13T20:39:08Z,銀行振込,increment-run-002,workshop-participant,donation_events_002.csv,2026-08-21T14:20:02Z
EVT-FRS-010283,6010283,2002609,422126,3003415,10000,2026-08-13T20:39:37Z,クレジットカード,increment-run-002,workshop-participant,donation_events_002.csv,2026-08-21T14:20:02Z
EVT-FRS-009445,6009445,2006792,032026,3002263,15000,2026-08-13T20:44:16Z,電子決済,increment-run-002,workshop-participant,donation_events_002.csv,2026-08-21T14:20:02Z
EVT-FRS-008400,6008400,2006465,372072,3001909,8000,2026-08-13T20:49:16Z,電子決済,increment-run-002,workshop-participant,donation_events_002.csv,2026-08-21T14:20:02Z
EVT-FRS-009533,6009533,2004750,312029,3001667,5000,2026-08-13T20:51:13Z,電子決済,increment-run-002,workshop-participant,donation_events_002.csv,2026-08-21T14:20:02Z
EVT-FRS-001432,6001432,2003885,122050,3000225,8000,2026-08-13T20:58:41Z,コンビニ決済,increment-run-002,workshop-participant,donation_events_002.csv,2026-08-21T14:20:02Z
EVT-FRS-005277,6005277,2002696,332160,3005310,30000,2026-08-13T20:58:42Z,電子決済,increment-run-002,workshop-participant,donation_events_002.csv,2026-08-21T14:20:02Z
EVT-FRS-014892,6014892,2004178,382035,3003763,5000,2026-08-13T20:59:44Z,クレジットカード,increment-run-002,workshop-participant,donation_events_002.csv,2026-08-21T14:20:02Z
EVT-FRS-007658,6007658,2005260,012181,3002867,30000,2026-08-13T21:04:19Z,電子決済,increment-run-002,workshop-participant,donation_events_002.csv,2026-08-21T14:20:02Z
EVT-FRS-009637,6009637,2000887,114642,3005608,15000,2026-08-13T21:08:57Z,クレジットカード,increment-run-002,workshop-participant,donation_events_002.csv,2026-08-21T14:20:02Z
EVT-FRS-012351,6012351,2002057,052035,3001265,25000,2026-08-13T21:09:44Z,クレジットカード,increment-run-002,workshop-participant,donation_events_002.csv,2026-08-21T14:20:02Z
EVT-FRS-004280,6004280,2008200,293857,3002317,15000,2026-08-13T21:10:29Z,クレジットカード,increment-run-002,workshop-participant,donation_events_002.csv,2026-08-21T14:20:02Z
EVT-FRS-005294,6005294,2010629,232190,3005560,15000,2026-08-13T21:11:05Z,コンビニ決済,increment-run-002,workshop-participant,donation_events_002.csv,2026-08-21T14:20:02Z
EVT-FRS-010138,6010138,2011376,112402,3003633,10000,2026-08-13T21:14:51Z,クレジットカード,increment-run-002,workshop-participant,donation_events_002.csv,2026-08-21T14:20:02Z
EVT-FRS-003924,6003924,2008066,462233,3000389,10000,2026-08-13T21:14:55Z,銀行振込,increment-run-002,workshop-participant,donation_events_002.csv,2026-08-21T14:20:02Z
EVT-FRS-014634,6014634,2010778,092151,3003926,10000,2026-08-13T21:18:16Z,電子決済,increment-run-002,workshop-participant,donation_events_002.csv,2026-08-21T14:20:02Z
EVT-FRS-006111,6006111,2005637,112313,3000223,8000,2026-08-13T21:19:09Z,クレジットカード,increment-run-002,workshop-participant,donation_events_002.csv,2026-08-21T14:20:02Z
EVT-FRS-001849,6001849,2010887,322059,3000456,12000,2026-08-13T21:19:53Z,クレジットカード,increment-run-002,workshop-participant,donation_events_002.csv,2026-08-21T14:20:02Z
EVT-FRS-004344,6004344,2008275,212067,3005307,5000,2026-08-13T21:20:51Z,クレジットカード,increment-run-002,workshop-participant,donation_events_002.csv,2026-08-21T14:20:02Z
EVT-FRS-008483,6008483,2010604,313289,3003038,10000,2026-08-13T21:23:02Z,クレジットカード,increment-run-002,workshop-participant,donation_events_002.csv,2026-08-21T14:20:02Z
EVT-FRS-005705,6005705,2004743,012068,3005494,20000,2026-08-13T21:23:10Z,銀行振込,increment-run-002,workshop-participant,donation_events_002.csv,2026-08-21T14:20:02Z
EVT-FRS-009575,6009575,2011532,262137,3001733,12000,2026-08-13T21:26:40Z,銀行振込,increment-run-002,workshop-participant,donation_events_002.csv,2026-08-21T14:20:02Z
EVT-FRS-009417,6009417,2006071,012092,3003845,10000,2026-08-13T21:27:16Z,クレジットカード,increment-run-002,workshop-participant,donation_events_002.csv,2026-08-21T14:20:02Z
EVT-FRS-004555,6004555,2009208,412091,3004079,8000,2026-08-13T21:33:53Z,コンビニ決済,increment-run-002,workshop-participant,donation_events_002.csv,2026-08-21T14:20:02Z
EVT-FRS-013058,6013058,2009651,452025,3002730,20000,2026-08-13T21:37:40Z,銀行振込,increment-run-002,workshop-participant,donation_events_002.csv,2026-08-21T14:20:02Z
EVT-FRS-013178,6013178,2010575,303445,3000996,15000,2026-08-13T21:44:42Z,銀行振込,increment-run-002,workshop-participant,donation_events_002.csv,2026-08-21T14:20:02Z
EVT-FRS-011007,6011007,2000736,022039,3001949,20000,2026-08-13T21:48:08Z,銀行振込,increment-run-002,workshop-participant,donation_events_002.csv,2026-08-21T14:20:02Z
EVT-FRS-002685,6002685,2001214,012360,3002162,5000,2026-08-13T21:52:20Z,クレジットカード,increment-run-002,workshop-participant,donation_events_002.csv,2026-08-21T14:20:02Z
EVT-FRS-002439,6002439,2003593,452025,3003952,10000,2026-08-13T21:58:00Z,クレジットカード,increment-run-002,workshop-participant,donation_events_002.csv,2026-08-21T14:20:02Z
EVT-FRS-005484,6005484,2011541,204072,3001061,30000,2026-08-13T22:09:53Z,クレジットカード,increment-run-002,workshop-participant,donation_events_002.csv,2026-08-21T14:20:02Z
EVT-FRS-002908,6002908,2005493,282189,3004060,12000,2026-08-13T22:11:05Z,クレジットカード,increment-run-002,workshop-participant,donation_events_002.csv,2026-08-21T14:20:02Z
EVT-FRS-005497,6005497,2009108,432032,3004207,10000,2026-08-13T22:15:22Z,クレジットカード,increment-run-002,workshop-participant,donation_events_002.csv,2026-08-21T14:20:02Z
EVT-FRS-002866,6002866,2001656,202029,3001454,20000,2026-08-13T22:18:21Z,銀行振込,increment-run-002,workshop-participant,donation_events_002.csv,2026-08-21T14:20:02Z
EVT-FRS-006705,6006705,2009929,462209,3005074,20000,2026-08-13T22:18:56Z,クレジットカード,increment-run-002,workshop-participant,donation_events_002.csv,2026-08-21T14:20:02Z
EVT-FRS-014696,6014696,2004154,122262,3005442,10000,2026-08-13T22:20:48Z,クレジットカード,increment-run-002,workshop-participant,donation_events_002.csv,2026-08-21T14:20:02Z
EVT-FRS-009292,6009292,2000115,202029,3003172,25000,2026-08-13T22:23:58Z,コンビニ決済,increment-run-002,workshop-participant,donation_events_002.csv,2026-08-21T14:20:02Z
EVT-FRS-005024,6005024,2011476,082147,3000610,15000,2026-08-13T22:24:48Z,電子決済,increment-run-002,workshop-participant,donation_events_002.csv,2026-08-21T14:20:02Z
EVT-FRS-009775,6009775,2000607,072117,3002605,12000,2026-08-13T22:27:05Z,クレジットカード,increment-run-002,workshop-participant,donation_events_002.csv,2026-08-21T14:20:02Z
EVT-FRS-003468,6003468,2000422,212172,3001983,15000,2026-08-13T22:30:37Z,クレジットカード,increment-run-002,workshop-participant,donation_events_002.csv,2026-08-21T14:20:02Z
EVT-FRS-005382,6005382,2008123,432130,3000710,15000,2026-08-13T22:32:06Z,電子決済,increment-run-002,workshop-participant,donation_events_002.csv,2026-08-21T14:20:02Z
EVT-FRS-009842,6009842,2011144,132098,3002028,12000,2026-08-13T22:33:25Z,クレジットカード,increment-run-002,workshop-participant,donation_events_002.csv,2026-08-21T14:20:02Z
EVT-FRS-014254,6014254,2003835,222194,3005835,12000,2026-08-13T22:38:59Z,クレジットカード,increment-run-002,workshop-participant,donation_events_002.csv,2026-08-21T14:20:02Z
EVT-FRS-001973,6001973,2001521,162043,3002535,5000,2026-08-13T22:49:05Z,クレジットカード,increment-run-002,workshop-participant,donation_events_002.csv,2026-08-21T14:20:02Z
EVT-FRS-000530,6000530,2010932,203238,3005920,30000,2026-08-13T22:56:57Z,銀行振込,increment-run-002,workshop-participant,donation_events_002.csv,2026-08-21T14:20:02Z
EVT-FRS-012347,6012347,2009149,112020,3001896,20000,2026-08-13T22:57:46Z,クレジットカード,increment-run-002,workshop-participant,donation_events_002.csv,2026-08-21T14:20:02Z
EVT-FRS-004984,6004984,2006856,262030,3000886,10000,2026-08-13T22:58:22Z,クレジットカード,increment-run-002,workshop-participant,donation_events_002.csv,2026-08-21T14:20:02Z
EVT-FRS-011421,6011421,2009638,232351,3001051,25000,2026-08-13T22:58:29Z,電子決済,increment-run-002,workshop-participant,donation_events_002.csv,2026-08-21T14:20:02Z
EVT-FRS-007674,6007674,2003042,473588,3002823,25000,2026-08-13T22:59:44Z,電子決済,increment-run-002,workshop-participant,donation_events_002.csv,2026-08-21T14:20:02Z
EVT-FRS-006306,6006306,2009817,262102,3001552,20000,2026-08-13T23:04:21Z,クレジットカード,increment-run-002,workshop-participant,donation_events_002.csv,2026-08-21T14:20:02Z
EVT-FRS-013277,6013277,2008568,122360,3005590,5000,2026-08-13T23:05:55Z,クレジットカード,increment-run-002,workshop-participant,donation_events_002.csv,2026-08-21T14:20:02Z
EVT-FRS-005993,6005993,2004698,074055,3004692,12000,2026-08-13T23:12:29Z,コンビニ決済,increment-run-002,workshop-participant,donation_events_002.csv,2026-08-21T14:20:02Z
EVT-FRS-001039,6001039,2003098,122262,3003378,30000,2026-08-13T23:18:21Z,クレジットカード,increment-run-002,workshop-participant,donation_events_002.csv,2026-08-21T14:20:02Z
EVT-FRS-000257,6000257,2009476,092053,3005685,10000,2026-08-13T23:26:15Z,クレジットカード,increment-run-002,workshop-participant,donation_events_002.csv,2026-08-21T14:20:02Z
EVT-FRS-003789,6003789,2003613,132187,3004886,15000,2026-08-13T23:28:40Z,銀行振込,increment-run-002,workshop-participant,donation_events_002.csv,2026-08-21T14:20:02Z
EVT-FRS-014344,6014344,2000076,082163,3000630,8000,2026-08-13T23:37:45Z,電子決済,increment-run-002,workshop-participant,donation_events_002.csv,2026-08-21T14:20:02Z
EVT-FRS-004192,6004192,2008085,122076,3005018,20000,2026-08-13T23:37:50Z,クレジットカード,increment-run-002,workshop-participant,donation_events_002.csv,2026-08-21T14:20:02Z
EVT-FRS-006950,6006950,2008709,394114,3004253,60000,2026-08-13T23:42:23Z,クレジットカード,increment-run-002,workshop-participant,donation_events_002.csv,2026-08-21T14:20:02Z
EVT-FRS-010650,6010650,2001511,452025,3002730,8000,2026-08-13T23:53:26Z,電子決済,increment-run-002,workshop-participant,donation_events_002.csv,2026-08-21T14:20:02Z
EVT-FRS-008926,6008926,2007208,122351,3002051,15000,2026-08-13T23:54:32Z,クレジットカード,increment-run-002,workshop-participant,donation_events_002.csv,2026-08-21T14:20:02Z
EVT-FRS-012645,6012645,2009021,182087,3001180,20000,2026-08-13T23:54:45Z,クレジットカード,increment-run-002,workshop-participant,donation_events_002.csv,2026-08-21T14:20:02Z
EVT-FRS-005599,6005599,2006027,212121,3003593,15000,2026-08-13T23:55:42Z,クレジットカード,increment-run-002,workshop-participant,donation_events_002.csv,2026-08-21T14:20:02Z
EVT-FRS-003302,6003302,2001499,092053,3001208,10000,2026-08-13T23:55:56Z,電子決済,increment-run-002,workshop-participant,donation_events_002.csv,2026-08-21T14:20:02Z
EVT-FRS-014496,6014496,2000209,412023,3004952,5000,2026-08-13T23:59:41Z,クレジットカード,increment-run-002,workshop-participant,donation_events_002.csv,2026-08-21T14:20:02Z
EVT-FRS-005900,6005900,2010403,162078,3002589,20000,2026-08-14T00:15:47Z,クレジットカード,increment-run-002,workshop-participant,donation_events_002.csv,2026-08-21T14:20:02Z
EVT-FRS-001635,6001635,2004343,112313,3003525,5000,2026-08-14T00:16:05Z,クレジットカード,increment-run-002,workshop-participant,donation_events_002.csv,2026-08-21T14:20:02Z
EVT-FRS-007554,6007554,2011102,372048,3001303,8000,2026-08-14T00:23:41Z,クレジットカード,increment-run-002,workshop-participant,donation_events_002.csv,2026-08-21T14:20:02Z
EVT-FRS-002522,6002522,2011276,112151,3002952,12000,2026-08-14T00:29:50Z,クレジットカード,increment-run-002,workshop-participant,donation_events_002.csv,2026-08-21T14:20:02Z
EVT-FRS-005680,6005680,2011815,016446,3001965,12000,2026-08-14T00:29:55Z,電子決済,increment-run-002,workshop-participant,donation_events_002.csv,2026-08-21T14:20:02Z
EVT-FRS-005133,6005133,2009699,112313,3003533,12000,2026-08-14T00:32:08Z,クレジットカード,increment-run-002,workshop-participant,donation_events_002.csv,2026-08-21T14:20:02Z
EVT-FRS-002517,6002517,2010687,122386,3002780,15000,2026-08-14T00:34:43Z,電子決済,increment-run-002,workshop-participant,donation_events_002.csv,2026-08-21T14:20:02Z
EVT-FRS-008981,6008981,2009923,032018,3004795,40000,2026-08-14T00:34:48Z,銀行振込,increment-run-002,workshop-participant,donation_events_002.csv,2026-08-21T14:20:02Z
EVT-FRS-001314,6001314,2003446,382035,3003763,12000,2026-08-14T00:37:02Z,クレジットカード,increment-run-002,workshop-participant,donation_events_002.csv,2026-08-21T14:20:02Z
EVT-FRS-013255,6013255,2001354,162108,3003835,15000,2026-08-14T00:38:23Z,クレジットカード,increment-run-002,workshop-participant,donation_events_002.csv,2026-08-21T14:20:02Z
EVT-FRS-009387,6009387,2002304,232220,3002186,10000,2026-08-14T00:39:23Z,コンビニ決済,increment-run-002,workshop-participant,donation_events_002.csv,2026-08-21T14:20:02Z
EVT-FRS-002539,6002539,2008961,141305,3003294,10000,2026-08-14T00:40:12Z,クレジットカード,increment-run-002,workshop-participant,donation_events_002.csv,2026-08-21T14:20:02Z
EVT-FRS-008103,6008103,2009602,052078,3002464,10000,2026-08-14T00:41:18Z,クレジットカード,increment-run-002,workshop-participant,donation_events_002.csv,2026-08-21T14:20:02Z
EVT-FRS-005088,6005088,2000611,332089,3005179,30000,2026-08-14T00:42:03Z,クレジットカード,increment-run-002,workshop-participant,donation_events_002.csv,2026-08-21T14:20:02Z
EVT-FRS-008864,6008864,2009320,342076,3003045,20000,2026-08-14T00:54:31Z,電子決済,increment-run-002,workshop-participant,donation_events_002.csv,2026-08-21T14:20:02Z
EVT-FRS-010105,6010105,2004470,294241,3004758,12000,2026-08-14T00:58:14Z,クレジットカード,increment-run-002,workshop-participant,donation_events_002.csv,2026-08-21T14:20:02Z
EVT-FRS-005368,6005368,2010024,412031,3001508,20000,2026-08-14T01:01:09Z,クレジットカード,increment-run-002,workshop-participant,donation_events_002.csv,2026-08-21T14:20:02Z
EVT-FRS-006486,6006486,2009257,232157,3005108,12000,2026-08-14T01:05:40Z,電子決済,increment-run-002,workshop-participant,donation_events_002.csv,2026-08-21T14:20:02Z
EVT-FRS-003193,6003193,2004866,122025,3004414,10000,2026-08-14T01:09:45Z,銀行振込,increment-run-002,workshop-participant,donation_events_002.csv,2026-08-21T14:20:02Z
EVT-FRS-002812,6002812,2011659,402257,3005054,10000,2026-08-14T01:11:38Z,クレジットカード,increment-run-002,workshop-participant,donation_events_002.csv,2026-08-21T14:20:02Z
EVT-FRS-003724,6003724,2004186,413453,3004747,40000,2026-08-14T01:16:20Z,コンビニ決済,increment-run-002,workshop-participant,donation_events_002.csv,2026-08-21T14:20:02Z
EVT-FRS-014660,6014660,2003240,422053,3002232,10000,2026-08-14T01:24:07Z,クレジットカード,increment-run-002,workshop-participant,donation_events_002.csv,2026-08-21T14:20:02Z
EVT-FRS-001451,6001451,2003950,382027,3000205,20000,2026-08-14T01:28:52Z,銀行振込,increment-run-002,workshop-participant,donation_events_002.csv,2026-08-21T14:20:02Z
EVT-FRS-014377,6014377,2006348,012271,3005988,15000,2026-08-14T01:30:41Z,クレジットカード,increment-run-002,workshop-participant,donation_events_002.csv,2026-08-21T14:20:02Z
EVT-FRS-003039,6003039,2004365,322041,3005300,50000,2026-08-14T01:33:09Z,クレジットカード,increment-run-002,workshop-participant,donation_events_002.csv,2026-08-21T14:20:02Z
EVT-FRS-009632,6009632,2001404,232351,3004170,10000,2026-08-14T01:39:16Z,クレジットカード,increment-run-002,workshop-participant,donation_events_002.csv,2026-08-21T14:20:02Z
EVT-FRS-009189,6009189,2011172,122050,3001193,10000,2026-08-14T01:43:04Z,クレジットカード,increment-run-002,workshop-participant,donation_events_002.csv,2026-08-21T14:20:02Z
EVT-FRS-009678,6009678,2011100,014257,3001789,10000,2026-08-14T01:47:48Z,電子決済,increment-run-002,workshop-participant,donation_events_002.csv,2026-08-21T14:20:02Z
EVT-FRS-001192,6001192,2002304,112348,3001747,60000,2026-08-14T01:50:40Z,電子決済,increment-run-002,workshop-participant,donation_events_002.csv,2026-08-21T14:20:02Z
EVT-FRS-005641,6005641,2000924,024503,3005878,5000,2026-08-14T01:55:42Z,電子決済,increment-run-002,workshop-participant,donation_events_002.csv,2026-08-21T14:20:02Z
EVT-FRS-011753,6011753,2010973,182087,3002372,10000,2026-08-14T01:57:10Z,クレジットカード,increment-run-002,workshop-participant,donation_events_002.csv,2026-08-21T14:20:02Z
EVT-FRS-000903,6000903,2010050,082325,3003242,15000,2026-08-14T01:59:07Z,電子決済,increment-run-002,workshop-participant,donation_events_002.csv,2026-08-21T14:20:02Z
EVT-FRS-000359,6000359,2007658,122327,3005436,5000,2026-08-14T01:59:59Z,電子決済,increment-run-002,workshop-participant,donation_events_002.csv,2026-08-21T14:20:02Z
EVT-FRS-002187,6002187,2009928,112160,3001059,15000,2026-08-14T02:00:12Z,電子決済,increment-run-002,workshop-participant,donation_events_002.csv,2026-08-21T14:20:02Z
EVT-FRS-012876,6012876,2007215,282189,3002127,15000,2026-08-14T02:02:55Z,電子決済,increment-run-002,workshop-participant,donation_events_002.csv,2026-08-21T14:20:02Z
EVT-FRS-005633,6005633,2009378,016462,3004687,10000,2026-08-14T02:03:27Z,クレジットカード,increment-run-002,workshop-participant,donation_events_002.csv,2026-08-21T14:20:02Z
EVT-FRS-001567,6001567,2010555,072044,3000184,15000,2026-08-14T02:13:48Z,クレジットカード,increment-run-002,workshop-participant,donation_events_002.csv,2026-08-21T14:20:02Z
EVT-FRS-010214,6010214,2000887,192066,3003235,15000,2026-08-14T02:24:44Z,電子決済,increment-run-002,workshop-participant,donation_events_002.csv,2026-08-21T14:20:02Z
EVT-FRS-002600,6002600,2011204,112151,3000313,8000,2026-08-14T02:25:55Z,クレジットカード,increment-run-002,workshop-participant,donation_events_002.csv,2026-08-21T14:20:02Z
EVT-FRS-009733,6009733,2000488,332127,3000414,10000,2026-08-14T02:26:35Z,銀行振込,increment-run-002,workshop-participant,donation_events_002.csv,2026-08-21T14:20:02Z
EVT-FRS-008075,6008075,2003002,252115,3003154,15000,2026-08-14T02:27:10Z,電子決済,increment-run-002,workshop-participant,donation_events_002.csv,2026-08-21T14:20:02Z
EVT-FRS-009760,6009760,2001229,372072,3003596,20000,2026-08-14T02:31:55Z,銀行振込,increment-run-002,workshop-participant,donation_events_002.csv,2026-08-21T14:20:02Z
EVT-FRS-008072,6008072,2007048,042111,3004989,10000,2026-08-14T02:36:30Z,クレジットカード,increment-run-002,workshop-participant,donation_events_002.csv,2026-08-21T14:20:02Z
EVT-FRS-013501,6013501,2000662,122114,3001493,25000,2026-08-14T02:41:13Z,クレジットカード,increment-run-002,workshop-participant,donation_events_002.csv,2026-08-21T14:20:02Z
EVT-FRS-011640,6011640,2007877,212041,3005035,60000,2026-08-14T02:42:21Z,クレジットカード,increment-run-002,workshop-participant,donation_events_002.csv,2026-08-21T14:20:02Z
EVT-FRS-001969,6001969,2009172,294501,3003504,10000,2026-08-14T02:49:25Z,クレジットカード,increment-run-002,workshop-participant,donation_events_002.csv,2026-08-21T14:20:02Z
EVT-FRS-008104,6008104,2003358,452050,3001657,10000,2026-08-14T02:54:38Z,クレジットカード,increment-run-002,workshop-participant,donation_events_002.csv,2026-08-21T14:20:02Z
EVT-FRS-008118,6008118,2001843,082163,3002820,10000,2026-08-14T02:55:38Z,クレジットカード,increment-run-002,workshop-participant,donation_events_002.csv,2026-08-21T14:20:02Z
EVT-FRS-006149,6006149,2011379,103829,3002393,15000,2026-08-14T02:56:03Z,クレジットカード,increment-run-002,workshop-participant,donation_events_002.csv,2026-08-21T14:20:02Z
EVT-FRS-013057,6013057,2009779,152048,3003815,10000,2026-08-14T02:59:33Z,クレジットカード,increment-run-002,workshop-participant,donation_events_002.csv,2026-08-21T14:20:02Z
EVT-FRS-006046,6006046,2003570,013463,3001256,40000,2026-08-14T03:00:18Z,電子決済,increment-run-002,workshop-participant,donation_events_002.csv,2026-08-21T14:20:02Z
EVT-FRS-012759,6012759,2000805,465313,3002506,40000,2026-08-14T03:00:25Z,クレジットカード,increment-run-002,workshop-participant,donation_events_002.csv,2026-08-21T14:20:02Z
EVT-FRS-014858,6014858,2011312,234460,3003380,25000,2026-08-14T03:00:26Z,クレジットカード,increment-run-002,workshop-participant,donation_events_002.csv,2026-08-21T14:20:02Z
EVT-FRS-006061,6006061,2011542,102016,3005379,20000,2026-08-14T03:01:27Z,銀行振込,increment-run-002,workshop-participant,donation_events_002.csv,2026-08-21T14:20:02Z
EVT-FRS-009014,6009014,2008897,342092,3002143,10000,2026-08-14T03:04:41Z,クレジットカード,increment-run-002,workshop-participant,donation_events_002.csv,2026-08-21T14:20:02Z
EVT-FRS-011029,6011029,2010106,222127,3003026,30000,2026-08-14T03:08:12Z,電子決済,increment-run-002,workshop-participant,donation_events_002.csv,2026-08-21T14:20:02Z
EVT-FRS-010190,6010190,2005483,462209,3005047,5000,2026-08-14T03:11:28Z,クレジットカード,increment-run-002,workshop-participant,donation_events_002.csv,2026-08-21T14:20:02Z
EVT-FRS-011191,6011191,2010632,182028,3004323,30000,2026-08-14T03:11:35Z,コンビニ決済,increment-run-002,workshop-participant,donation_events_002.csv,2026-08-21T14:20:02Z
EVT-FRS-008044,6008044,2009021,082350,3000213,5000,2026-08-14T03:12:49Z,コンビニ決済,increment-run-002,workshop-participant,donation_events_002.csv,2026-08-21T14:20:02Z
EVT-FRS-006399,6006399,2000076,082023,3004081,15000,2026-08-14T03:15:50Z,コンビニ決済,increment-run-002,workshop-participant,donation_events_002.csv,2026-08-21T14:20:02Z
EVT-FRS-009184,6009184,2002913,372048,3002171,10000,2026-08-14T03:16:53Z,クレジットカード,increment-run-002,workshop-participant,donation_events_002.csv,2026-08-21T14:20:02Z
EVT-FRS-013280,6013280,2002854,212067,3005307,10000,2026-08-14T03:28:08Z,クレジットカード,increment-run-002,workshop-participant,donation_events_002.csv,2026-08-21T14:20:02Z
EVT-FRS-002396,6002396,2001896,292044,3001219,20000,2026-08-14T03:29:12Z,銀行振込,increment-run-002,workshop-participant,donation_events_002.csv,2026-08-21T14:20:02Z
EVT-FRS-003836,6003836,2009225,012190,3002126,15000,2026-08-14T03:33:14Z,クレジットカード,increment-run-002,workshop-participant,donation_events_002.csv,2026-08-21T14:20:02Z
EVT-FRS-006939,6006939,2002531,232289,3001391,30000,2026-08-14T03:38:21Z,クレジットカード,increment-run-002,workshop-participant,donation_events_002.csv,2026-08-21T14:20:02Z
EVT-FRS-011892,6011892,2010186,072010,3004064,20000,2026-08-14T03:38:34Z,クレジットカード,increment-run-002,workshop-participant,donation_events_002.csv,2026-08-21T14:20:02Z
EVT-FRS-011954,6011954,2002495,042030,3001426,10000,2026-08-14T03:40:33Z,クレジットカード,increment-run-002,workshop-participant,donation_events_002.csv,2026-08-21T14:20:02Z
EVT-FRS-000128,6000128,2003678,182079,3003995,10000,2026-08-14T03:42:04Z,クレジットカード,increment-run-002,workshop-participant,donation_events_002.csv,2026-08-21T14:20:02Z
EVT-FRS-004630,6004630,2001525,322041,3001510,10000,2026-08-14T03:42:32Z,クレジットカード,increment-run-002,workshop-participant,donation_events_002.csv,2026-08-21T14:20:02Z
EVT-FRS-008449,6008449,2004126,072052,3004121,10000,2026-08-14T03:44:20Z,銀行振込,increment-run-002,workshop-participant,donation_events_002.csv,2026-08-21T14:20:02Z
EVT-FRS-012322,6012322,2007630,302058,3002476,10000,2026-08-14T03:46:55Z,電子決済,increment-run-002,workshop-participant,donation_events_002.csv,2026-08-21T14:20:02Z
EVT-FRS-011824,6011824,2008674,112429,3005297,8000,2026-08-14T03:49:10Z,クレジットカード,increment-run-002,workshop-participant,donation_events_002.csv,2026-08-21T14:20:02Z
EVT-FRS-011974,6011974,2009486,112178,3001673,10000,2026-08-14T03:50:55Z,コンビニ決済,increment-run-002,workshop-participant,donation_events_002.csv,2026-08-21T14:20:02Z
EVT-FRS-004060,6004060,2009547,122289,3004430,5000,2026-08-14T03:52:06Z,クレジットカード,increment-run-002,workshop-participant,donation_events_002.csv,2026-08-21T14:20:02Z
EVT-FRS-009317,6009317,2003441,242152,3003613,8000,2026-08-14T03:58:13Z,銀行振込,increment-run-002,workshop-participant,donation_events_002.csv,2026-08-21T14:20:02Z
EVT-FRS-003658,6003658,2004854,272027,3004980,10000,2026-08-14T04:06:26Z,銀行振込,increment-run-002,workshop-participant,donation_events_002.csv,2026-08-21T14:20:02Z
EVT-FRS-009859,6009859,2011174,232378,3005544,5000,2026-08-14T04:11:06Z,クレジットカード,increment-run-002,workshop-participant,donation_events_002.csv,2026-08-21T14:20:02Z
EVT-FRS-011602,6011602,2006620,262111,3003082,20000,2026-08-14T04:13:14Z,クレジットカード,increment-run-002,workshop-participant,donation_events_002.csv,2026-08-21T14:20:02Z
EVT-FRS-007227,6007227,2002815,212148,3004990,10000,2026-08-14T04:21:20Z,電子決済,increment-run-002,workshop-participant,donation_events_002.csv,2026-08-21T14:20:02Z
EVT-FRS-010745,6010745,2005383,393029,3003428,10000,2026-08-14T04:22:53Z,クレジットカード,increment-run-002,workshop-participant,donation_events_002.csv,2026-08-21T14:20:02Z
EVT-FRS-001692,6001692,2009831,182028,3004323,8000,2026-08-14T04:24:28Z,電子決済,increment-run-002,workshop-participant,donation_events_002.csv,2026-08-21T14:20:02Z
EVT-FRS-002413,6002413,2011423,015521,3001835,25000,2026-08-14T04:25:28Z,コンビニ決済,increment-run-002,workshop-participant,donation_events_002.csv,2026-08-21T14:20:02Z
EVT-FRS-004589,6004589,2010399,182044,3005356,10000,2026-08-14T04:25:44Z,クレジットカード,increment-run-002,workshop-participant,donation_events_002.csv,2026-08-21T14:20:02Z
EVT-FRS-005744,6005744,2000880,172090,3001751,10000,2026-08-14T04:26:00Z,クレジットカード,increment-run-002,workshop-participant,donation_events_002.csv,2026-08-21T14:20:02Z
EVT-FRS-006806,6006806,2007744,204048,3004435,15000,2026-08-14T04:27:35Z,銀行振込,increment-run-002,workshop-participant,donation_events_002.csv,2026-08-21T14:20:02Z
EVT-FRS-004497,6004497,2004184,112101,3003414,15000,2026-08-14T04:28:21Z,クレジットカード,increment-run-002,workshop-participant,donation_events_002.csv,2026-08-21T14:20:02Z
EVT-FRS-003752,6003752,2006939,072125,3000315,10000,2026-08-14T04:31:12Z,銀行振込,increment-run-002,workshop-participant,donation_events_002.csv,2026-08-21T14:20:02Z
EVT-FRS-006040,6006040,2003987,072079,3005665,15000,2026-08-14T04:31:48Z,クレジットカード,increment-run-002,workshop-participant,donation_events_002.csv,2026-08-21T14:20:02Z
EVT-FRS-011402,6011402,2009213,212130,3000263,15000,2026-08-14T04:33:35Z,クレジットカード,increment-run-002,workshop-participant,donation_events_002.csv,2026-08-21T14:20:02Z
EVT-FRS-011017,6011017,2005088,232190,3005560,12000,2026-08-14T04:33:43Z,コンビニ決済,increment-run-002,workshop-participant,donation_events_002.csv,2026-08-21T14:20:02Z
EVT-FRS-012042,6012042,2003382,402125,3000405,20000,2026-08-14T04:34:25Z,電子決済,increment-run-002,workshop-participant,donation_events_002.csv,2026-08-21T14:20:02Z
EVT-FRS-006656,6006656,2011330,122327,3004697,30000,2026-08-14T04:36:16Z,銀行振込,increment-run-002,workshop-participant,donation_events_002.csv,2026-08-21T14:20:02Z
EVT-FRS-010198,6010198,2007128,412058,3000594,20000,2026-08-14T04:40:43Z,クレジットカード,increment-run-002,workshop-participant,donation_events_002.csv,2026-08-21T14:20:02Z
EVT-FRS-001989,6001989,2003812,383562,3003479,15000,2026-08-14T04:41:44Z,クレジットカード,increment-run-002,workshop-participant,donation_events_002.csv,2026-08-21T14:20:02Z
EVT-FRS-011083,6011083,2006993,022055,3001238,20000,2026-08-14T04:41:44Z,クレジットカード,increment-run-002,workshop-participant,donation_events_002.csv,2026-08-21T14:20:02Z
EVT-FRS-013972,6013972,2008923,464911,3004753,10000,2026-08-14T04:46:51Z,クレジットカード,increment-run-002,workshop-participant,donation_events_002.csv,2026-08-21T14:20:02Z
EVT-FRS-014233,6014233,2003090,362042,3002190,5000,2026-08-14T04:46:53Z,電子決済,increment-run-002,workshop-participant,donation_events_002.csv,2026-08-21T14:20:02Z
EVT-FRS-008523,6008523,2001496,142069,3004514,10000,2026-08-14T04:49:36Z,クレジットカード,increment-run-002,workshop-participant,donation_events_002.csv,2026-08-21T14:20:02Z
EVT-FRS-011787,6011787,2011075,182079,3003995,10000,2026-08-14T04:49:47Z,クレジットカード,increment-run-002,workshop-participant,donation_events_002.csv,2026-08-21T14:20:02Z
EVT-FRS-000508,6000508,2003486,131024,3004034,15000,2026-08-14T04:51:56Z,銀行振込,increment-run-002,workshop-participant,donation_events_002.csv,2026-08-21T14:20:02Z
EVT-FRS-008735,6008735,2008901,431001,3001882,10000,2026-08-14T04:59:56Z,電子決済,increment-run-002,workshop-participant,donation_events_002.csv,2026-08-21T14:20:02Z
EVT-FRS-013713,6013713,2003274,422037,3002909,20000,2026-08-14T05:08:47Z,クレジットカード,increment-run-002,workshop-participant,donation_events_002.csv,2026-08-21T14:20:02Z
EVT-FRS-003434,6003434,2000144,082317,3004945,25000,2026-08-14T05:15:10Z,電子決済,increment-run-002,workshop-participant,donation_events_002.csv,2026-08-21T14:20:02Z
EVT-FRS-013383,6013383,2009686,342157,3002242,40000,2026-08-14T05:26:28Z,クレジットカード,increment-run-002,workshop-participant,donation_events_002.csv,2026-08-21T14:20:02Z
EVT-FRS-013497,6013497,2002085,012262,3000968,20000,2026-08-14T05:31:57Z,クレジットカード,increment-run-002,workshop-participant,donation_events_002.csv,2026-08-21T14:20:02Z
EVT-FRS-012930,6012930,2000860,282103,3005104,12000,2026-08-14T05:32:12Z,クレジットカード,increment-run-002,workshop-participant,donation_events_002.csv,2026-08-21T14:20:02Z
EVT-FRS-011204,6011204,2002148,043249,3001360,20000,2026-08-14T05:32:17Z,銀行振込,increment-run-002,workshop-participant,donation_events_002.csv,2026-08-21T14:20:02Z
EVT-FRS-012619,6012619,2000007,014311,3001134,15000,2026-08-14T05:32:23Z,クレジットカード,increment-run-002,workshop-participant,donation_events_002.csv,2026-08-21T14:20:02Z
EVT-FRS-008217,6008217,2010313,294420,3000527,12000,2026-08-14T05:34:35Z,銀行振込,increment-run-002,workshop-participant,donation_events_002.csv,2026-08-21T14:20:02Z
EVT-FRS-006281,6006281,2001493,402125,3001699,10000,2026-08-14T05:34:46Z,コンビニ決済,increment-run-002,workshop-participant,donation_events_002.csv,2026-08-21T14:20:02Z
EVT-FRS-009714,6009714,2002884,282201,3004056,10000,2026-08-14T05:43:50Z,銀行振込,increment-run-002,workshop-participant,donation_events_002.csv,2026-08-21T14:20:02Z
EVT-FRS-007919,6007919,2003689,012319,3005203,40000,2026-08-14T05:46:16Z,銀行振込,increment-run-002,workshop-participant,donation_events_002.csv,2026-08-21T14:20:02Z
EVT-FRS-009488,6009488,2005251,052141,3004446,10000,2026-08-14T05:51:22Z,電子決済,increment-run-002,workshop-participant,donation_events_002.csv,2026-08-21T14:20:02Z
EVT-FRS-000731,6000731,2003155,202029,3002606,15000,2026-08-14T05:55:35Z,クレジットカード,increment-run-002,workshop-participant,donation_events_002.csv,2026-08-21T14:20:02Z
EVT-FRS-000384,6000384,2005480,342076,3002479,20000,2026-08-14T05:57:51Z,クレジットカード,increment-run-002,workshop-participant,donation_events_002.csv,2026-08-21T14:20:02Z
EVT-FRS-012100,6012100,2007242,052159,3002967,10000,2026-08-14T06:01:35Z,クレジットカード,increment-run-002,workshop-participant,donation_events_002.csv,2026-08-21T14:20:02Z
EVT-FRS-006356,6006356,2005030,442135,3000064,5000,2026-08-14T06:04:42Z,クレジットカード,increment-run-002,workshop-participant,donation_events_002.csv,2026-08-21T14:20:02Z
EVT-FRS-008537,6008537,2006147,252131,3004895,10000,2026-08-14T06:08:31Z,クレジットカード,increment-run-002,workshop-participant,donation_events_002.csv,2026-08-21T14:20:02Z
EVT-FRS-013109,6013109,2005327,092045,3004410,20000,2026-08-14T06:09:31Z,銀行振込,increment-run-002,workshop-participant,donation_events_002.csv,2026-08-21T14:20:02Z
EVT-FRS-008581,6008581,2004709,272159,3001004,25000,2026-08-14T06:12:01Z,クレジットカード,increment-run-002,workshop-participant,donation_events_002.csv,2026-08-21T14:20:02Z
EVT-FRS-007962,6007962,2001750,082261,3003315,20000,2026-08-14T06:13:32Z,コンビニ決済,increment-run-002,workshop-participant,donation_events_002.csv,2026-08-21T14:20:02Z
EVT-FRS-002140,6002140,2011394,072028,3002288,5000,2026-08-14T06:13:38Z,電子決済,increment-run-002,workshop-participant,donation_events_002.csv,2026-08-21T14:20:02Z
EVT-FRS-003020,6003020,2002751,402184,3001122,10000,2026-08-14T06:14:44Z,コンビニ決済,increment-run-002,workshop-participant,donation_events_002.csv,2026-08-21T14:20:02Z
EVT-FRS-013510,6013510,2009559,062065,3001785,5000,2026-08-14T06:15:06Z,電子決済,increment-run-002,workshop-participant,donation_events_002.csv,2026-08-21T14:20:02Z
EVT-FRS-006229,6006229,2005754,202061,3003175,40000,2026-08-14T06:15:43Z,クレジットカード,increment-run-002,workshop-participant,donation_events_002.csv,2026-08-21T14:20:02Z
EVT-FRS-014665,6014665,2007003,452025,3004014,10000,2026-08-14T06:17:32Z,コンビニ決済,increment-run-002,workshop-participant,donation_events_002.csv,2026-08-21T14:20:02Z
EVT-FRS-003249,6003249,2004673,072133,3000436,10000,2026-08-14T06:18:16Z,クレジットカード,increment-run-002,workshop-participant,donation_events_002.csv,2026-08-21T14:20:02Z
EVT-FRS-001016,6001016,2005490,332143,3000485,20000,2026-08-14T06:23:35Z,コンビニ決済,increment-run-002,workshop-participant,donation_events_002.csv,2026-08-21T14:20:02Z
EVT-FRS-004452,6004452,2010747,182052,3005669,20000,2026-08-14T06:24:26Z,銀行振込,increment-run-002,workshop-participant,donation_events_002.csv,2026-08-21T14:20:02Z
EVT-FRS-006779,6006779,2008312,242080,3003259,10000,2026-08-14T06:39:45Z,クレジットカード,increment-run-002,workshop-participant,donation_events_002.csv,2026-08-21T14:20:02Z
EVT-FRS-001640,6001640,2007559,122068,3001390,10000,2026-08-14T06:50:03Z,電子決済,increment-run-002,workshop-participant,donation_events_002.csv,2026-08-21T14:20:02Z
EVT-FRS-000619,6000619,2006587,092037,3005634,15000,2026-08-14T06:52:22Z,電子決済,increment-run-002,workshop-participant,donation_events_002.csv,2026-08-21T14:20:02Z
EVT-FRS-004711,6004711,2002107,013978,3001281,12000,2026-08-14T06:53:11Z,クレジットカード,increment-run-002,workshop-participant,donation_events_002.csv,2026-08-21T14:20:02Z
EVT-FRS-010225,6010225,2009083,402061,3001769,20000,2026-08-14T07:05:16Z,電子決済,increment-run-002,workshop-participant,donation_events_002.csv,2026-08-21T14:20:02Z
EVT-FRS-005499,6005499,2005010,272027,3003444,15000,2026-08-14T07:06:29Z,電子決済,increment-run-002,workshop-participant,donation_events_002.csv,2026-08-21T14:20:02Z
EVT-FRS-011253,6011253,2004904,403458,3004907,10000,2026-08-14T07:06:47Z,クレジットカード,increment-run-002,workshop-participant,donation_events_002.csv,2026-08-21T14:20:02Z
EVT-FRS-008206,6008206,2010694,062057,3002270,12000,2026-08-14T07:18:04Z,クレジットカード,increment-run-002,workshop-participant,donation_events_002.csv,2026-08-21T14:20:02Z
EVT-FRS-007935,6007935,2005236,281000,3003308,10000,2026-08-14T07:21:40Z,電子決済,increment-run-002,workshop-participant,donation_events_002.csv,2026-08-21T14:20:02Z
EVT-FRS-003846,6003846,2006696,232211,3003507,20000,2026-08-14T07:21:47Z,電子決済,increment-run-002,workshop-participant,donation_events_002.csv,2026-08-21T14:20:02Z
EVT-FRS-004236,6004236,2002151,232076,3004155,12000,2026-08-14T07:21:47Z,電子決済,increment-run-002,workshop-participant,donation_events_002.csv,2026-08-21T14:20:02Z
EVT-FRS-006133,6006133,2010237,032018,3004879,8000,2026-08-14T07:26:13Z,クレジットカード,increment-run-002,workshop-participant,donation_events_002.csv,2026-08-21T14:20:02Z
EVT-FRS-004675,6004675,2005255,382043,3005763,15000,2026-08-14T07:27:32Z,クレジットカード,increment-run-002,workshop-participant,donation_events_002.csv,2026-08-21T14:20:02Z
EVT-FRS-014106,6014106,2010072,192023,3000201,20000,2026-08-14T07:35:10Z,クレジットカード,increment-run-002,workshop-participant,donation_events_002.csv,2026-08-21T14:20:02Z
EVT-FRS-008013,6008013,2011525,132063,3000230,50000,2026-08-14T07:37:05Z,電子決済,increment-run-002,workshop-participant,donation_events_002.csv,2026-08-21T14:20:02Z
EVT-FRS-007574,6007574,2005382,473537,3002227,25000,2026-08-14T07:40:26Z,コンビニ決済,increment-run-002,workshop-participant,donation_events_002.csv,2026-08-21T14:20:02Z
EVT-FRS-008352,6008352,2004321,082368,3003634,5000,2026-08-14T07:41:35Z,クレジットカード,increment-run-002,workshop-participant,donation_events_002.csv,2026-08-21T14:20:02Z
EVT-FRS-009067,6009067,2004321,152048,3005911,20000,2026-08-14T07:42:40Z,クレジットカード,increment-run-002,workshop-participant,donation_events_002.csv,2026-08-21T14:20:02Z
EVT-FRS-003051,6003051,2000624,072133,3005681,20000,2026-08-14T07:42:59Z,クレジットカード,increment-run-002,workshop-participant,donation_events_002.csv,2026-08-21T14:20:02Z
EVT-FRS-009659,6009659,2011672,261009,3003755,12000,2026-08-14T07:47:29Z,クレジットカード,increment-run-002,workshop-participant,donation_events_002.csv,2026-08-21T14:20:02Z
EVT-FRS-000956,6000956,2010147,272248,3005218,10000,2026-08-14T07:51:32Z,クレジットカード,increment-run-002,workshop-participant,donation_events_002.csv,2026-08-21T14:20:02Z
EVT-FRS-006807,6006807,2007533,252131,3001202,8000,2026-08-14T07:58:35Z,クレジットカード,increment-run-002,workshop-participant,donation_events_002.csv,2026-08-21T14:20:02Z
EVT-FRS-013101,6013101,2011978,272230,3001859,8000,2026-08-14T08:00:26Z,クレジットカード,increment-run-002,workshop-participant,donation_events_002.csv,2026-08-21T14:20:02Z
EVT-FRS-007764,6007764,2007375,222054,3005627,15000,2026-08-14T08:08:53Z,電子決済,increment-run-002,workshop-participant,donation_events_002.csv,2026-08-21T14:20:02Z
EVT-FRS-002055,6002055,2005576,212130,3000263,10000,2026-08-14T08:19:19Z,クレジットカード,increment-run-002,workshop-participant,donation_events_002.csv,2026-08-21T14:20:02Z
EVT-FRS-010726,6010726,2007672,242071,3002692,15000,2026-08-14T08:19:25Z,電子決済,increment-run-002,workshop-participant,donation_events_002.csv,2026-08-21T14:20:02Z
EVT-FRS-014799,6014799,2006640,152242,3001800,10000,2026-08-14T08:25:09Z,電子決済,increment-run-002,workshop-participant,donation_events_002.csv,2026-08-21T14:20:02Z
EVT-FRS-014100,6014100,2002800,012203,3000380,12000,2026-08-14T08:26:06Z,クレジットカード,increment-run-002,workshop-participant,donation_events_002.csv,2026-08-21T14:20:02Z
EVT-FRS-008432,6008432,2005800,402214,3002357,8000,2026-08-14T08:32:46Z,クレジットカード,increment-run-002,workshop-participant,donation_events_002.csv,2026-08-21T14:20:02Z
EVT-FRS-004229,6004229,2006222,382132,3005049,40000,2026-08-14T08:34:12Z,クレジットカード,increment-run-002,workshop-participant,donation_events_002.csv,2026-08-21T14:20:02Z
EVT-FRS-000144,6000144,2001386,232114,3001933,20000,2026-08-14T08:34:30Z,クレジットカード,increment-run-002,workshop-participant,donation_events_002.csv,2026-08-21T14:20:02Z
EVT-FRS-002230,6002230,2004333,452041,3004484,15000,2026-08-14T08:41:44Z,クレジットカード,increment-run-002,workshop-participant,donation_events_002.csv,2026-08-21T14:20:02Z
EVT-FRS-013695,6013695,2011093,406465,3002451,5000,2026-08-14T08:41:52Z,クレジットカード,increment-run-002,workshop-participant,donation_events_002.csv,2026-08-21T14:20:02Z
EVT-FRS-002158,6002158,2011849,452025,3003388,10000,2026-08-14T08:44:06Z,クレジットカード,increment-run-002,workshop-participant,donation_events_002.csv,2026-08-21T14:20:02Z
EVT-FRS-001401,6001401,2006261,473561,3005612,30000,2026-08-14T08:44:49Z,電子決済,increment-run-002,workshop-participant,donation_events_002.csv,2026-08-21T14:20:02Z
EVT-FRS-002098,6002098,2011238,272027,3004980,8000,2026-08-14T08:45:23Z,クレジットカード,increment-run-002,workshop-participant,donation_events_002.csv,2026-08-21T14:20:02Z
EVT-FRS-005989,6005989,2004430,142131,3004023,12000,2026-08-14T08:47:18Z,電子決済,increment-run-002,workshop-participant,donation_events_002.csv,2026-08-21T14:20:02Z
EVT-FRS-004970,6004970,2010050,412058,3000391,8000,2026-08-14T08:48:12Z,クレジットカード,increment-run-002,workshop-participant,donation_events_002.csv,2026-08-21T14:20:02Z
EVT-FRS-009699,6009699,2006068,422053,3004817,20000,2026-08-14T08:49:30Z,電子決済,increment-run-002,workshop-participant,donation_events_002.csv,2026-08-21T14:20:02Z
EVT-FRS-012479,6012479,2010881,204510,3001680,15000,2026-08-14T08:50:50Z,クレジットカード,increment-run-002,workshop-participant,donation_events_002.csv,2026-08-21T14:20:02Z
EVT-FRS-012850,6012850,2001781,082325,3005971,12000,2026-08-14T08:52:29Z,クレジットカード,increment-run-002,workshop-participant,donation_events_002.csv,2026-08-21T14:20:02Z
EVT-FRS-007582,6007582,2008318,282243,3005917,20000,2026-08-14T08:56:23Z,クレジットカード,increment-run-002,workshop-participant,donation_events_002.csv,2026-08-21T14:20:02Z
EVT-FRS-007027,6007027,2004582,344621,3004962,20000,2026-08-14T09:01:18Z,クレジットカード,increment-run-002,workshop-participant,donation_events_002.csv,2026-08-21T14:20:02Z
EVT-FRS-013725,6013725,2001717,212148,3004990,20000,2026-08-14T09:03:14Z,クレジットカード,increment-run-002,workshop-participant,donation_events_002.csv,2026-08-21T14:20:02Z
EVT-FRS-012145,6012145,2005506,372072,3001909,10000,2026-08-14T09:07:44Z,クレジットカード,increment-run-002,workshop-participant,donation_events_002.csv,2026-08-21T14:20:02Z
EVT-FRS-011405,6011405,2004036,082031,3000169,8000,2026-08-14T09:13:08Z,クレジットカード,increment-run-002,workshop-participant,donation_events_002.csv,2026-08-21T14:20:02Z
EVT-FRS-000907,6000907,2010274,333468,3004899,5000,2026-08-14T09:16:18Z,電子決済,increment-run-002,workshop-participant,donation_events_002.csv,2026-08-21T14:20:02Z
EVT-FRS-011760,6011760,2011693,016098,3003469,5000,2026-08-14T09:21:36Z,クレジットカード,increment-run-002,workshop-participant,donation_events_002.csv,2026-08-21T14:20:02Z
EVT-FRS-002789,6002789,2004516,472085,3001650,40000,2026-08-14T09:24:40Z,クレジットカード,increment-run-002,workshop-participant,donation_events_002.csv,2026-08-21T14:20:02Z
EVT-FRS-001722,6001722,2004326,152129,3001015,15000,2026-08-14T09:26:11Z,クレジットカード,increment-run-002,workshop-participant,donation_events_002.csv,2026-08-21T14:20:02Z
EVT-FRS-003101,6003101,2010061,332143,3002115,25000,2026-08-14T09:28:10Z,電子決済,increment-run-002,workshop-participant,donation_events_002.csv,2026-08-21T14:20:02Z
EVT-FRS-005921,6005921,2008269,132276,3000809,12000,2026-08-14T09:32:58Z,電子決済,increment-run-002,workshop-participant,donation_events_002.csv,2026-08-21T14:20:02Z
EVT-FRS-006973,6006973,2005408,282201,3005846,20000,2026-08-14T09:36:19Z,銀行振込,increment-run-002,workshop-participant,donation_events_002.csv,2026-08-21T14:20:02Z
EVT-FRS-011716,6011716,2011734,141305,3002044,10000,2026-08-14T09:36:31Z,クレジットカード,increment-run-002,workshop-participant,donation_events_002.csv,2026-08-21T14:20:02Z
EVT-FRS-010480,6010480,2000818,452025,3004334,20000,2026-08-14T09:36:49Z,クレジットカード,increment-run-002,workshop-participant,donation_events_002.csv,2026-08-21T14:20:02Z
EVT-FRS-000533,6000533,2010420,222062,3005252,10000,2026-08-14T09:44:41Z,クレジットカード,increment-run-002,workshop-participant,donation_events_002.csv,2026-08-21T14:20:02Z
EVT-FRS-010531,6010531,2003356,472107,3002653,20000,2026-08-14T09:46:11Z,コンビニ決済,increment-run-002,workshop-participant,donation_events_002.csv,2026-08-21T14:20:02Z
EVT-FRS-009736,6009736,2006909,352136,3004530,40000,2026-08-14T09:46:24Z,クレジットカード,increment-run-002,workshop-participant,donation_events_002.csv,2026-08-21T14:20:02Z
EVT-FRS-009279,6009279,2009350,102105,3001582,20000,2026-08-14T09:56:30Z,クレジットカード,increment-run-002,workshop-participant,donation_events_002.csv,2026-08-21T14:20:02Z
EVT-FRS-008313,6008313,2008124,392090,3004520,10000,2026-08-14T09:57:28Z,銀行振込,increment-run-002,workshop-participant,donation_events_002.csv,2026-08-21T14:20:02Z
EVT-FRS-007760,6007760,2009114,194425,3003829,15000,2026-08-14T10:03:55Z,電子決済,increment-run-002,workshop-participant,donation_events_002.csv,2026-08-21T14:20:02Z
EVT-FRS-004743,6004743,2008188,112071,3003576,20000,2026-08-14T10:12:56Z,クレジットカード,increment-run-002,workshop-participant,donation_events_002.csv,2026-08-21T14:20:02Z
EVT-FRS-002701,6002701,2005843,202177,3005680,25000,2026-08-14T10:14:45Z,電子決済,increment-run-002,workshop-participant,donation_events_002.csv,2026-08-21T14:20:02Z
EVT-FRS-004287,6004287,2010596,012190,3002126,10000,2026-08-14T10:16:29Z,クレジットカード,increment-run-002,workshop-participant,donation_events_002.csv,2026-08-21T14:20:02Z
EVT-FRS-012895,6012895,2004939,043249,3001360,15000,2026-08-14T10:16:57Z,電子決済,increment-run-002,workshop-participant,donation_events_002.csv,2026-08-21T14:20:02Z
EVT-FRS-013608,6013608,2010462,124214,3001278,12000,2026-08-14T10:20:04Z,電子決済,increment-run-002,workshop-participant,donation_events_002.csv,2026-08-21T14:20:02Z
EVT-FRS-002903,6002903,2010752,182028,3004811,15000,2026-08-14T10:28:22Z,電子決済,increment-run-002,workshop-participant,donation_events_002.csv,2026-08-21T14:20:02Z
EVT-FRS-011624,6011624,2005880,435104,3000854,20000,2026-08-14T10:30:22Z,クレジットカード,increment-run-002,workshop-participant,donation_events_002.csv,2026-08-21T14:20:02Z
EVT-FRS-012821,6012821,2010553,382035,3000792,12000,2026-08-14T10:30:51Z,銀行振込,increment-run-002,workshop-participant,donation_events_002.csv,2026-08-21T14:20:02Z
EVT-FRS-002538,6002538,2005766,462101,3002426,10000,2026-08-14T10:31:33Z,クレジットカード,increment-run-002,workshop-participant,donation_events_002.csv,2026-08-21T14:20:02Z
EVT-FRS-007055,6007055,2010542,232190,3001466,20000,2026-08-14T10:31:55Z,クレジットカード,increment-run-002,workshop-participant,donation_events_002.csv,2026-08-21T14:20:02Z
EVT-FRS-007898,6007898,2011248,082244,3003798,15000,2026-08-14T10:33:59Z,クレジットカード,increment-run-002,workshop-participant,donation_events_002.csv,2026-08-21T14:20:02Z
EVT-FRS-001118,6001118,2000609,132195,3001368,12000,2026-08-14T10:35:23Z,銀行振込,increment-run-002,workshop-participant,donation_events_002.csv,2026-08-21T14:20:02Z
EVT-FRS-003465,6003465,2011088,464686,3003500,30000,2026-08-14T10:36:41Z,クレジットカード,increment-run-002,workshop-participant,donation_events_002.csv,2026-08-21T14:20:02Z
EVT-FRS-000415,6000415,2000480,472158,3001840,5000,2026-08-14T10:42:19Z,クレジットカード,increment-run-002,workshop-participant,donation_events_002.csv,2026-08-21T14:20:02Z
EVT-FRS-000963,6000963,2006045,092037,3005634,8000,2026-08-14T10:43:27Z,クレジットカード,increment-run-002,workshop-participant,donation_events_002.csv,2026-08-21T14:20:02Z
EVT-FRS-010820,6010820,2005348,162060,3000889,8000,2026-08-14T10:43:59Z,クレジットカード,increment-run-002,workshop-participant,donation_events_002.csv,2026-08-21T14:20:02Z
EVT-FRS-011688,6011688,2000675,162094,3005691,20000,2026-08-14T10:46:30Z,クレジットカード,increment-run-002,workshop-participant,donation_events_002.csv,2026-08-21T14:20:02Z
EVT-FRS-009027,6009027,2003655,372021,3001384,25000,2026-08-14T10:47:04Z,クレジットカード,increment-run-002,workshop-participant,donation_events_002.csv,2026-08-21T14:20:02Z
EVT-FRS-012823,6012823,2000051,221007,3003040,25000,2026-08-14T10:48:14Z,クレジットカード,increment-run-002,workshop-participant,donation_events_002.csv,2026-08-21T14:20:02Z
EVT-FRS-003383,6003383,2004441,112089,3002369,5000,2026-08-14T10:52:24Z,クレジットカード,increment-run-002,workshop-participant,donation_events_002.csv,2026-08-21T14:20:02Z
EVT-FRS-013378,6013378,2008847,062065,3001291,20000,2026-08-14T10:53:54Z,クレジットカード,increment-run-002,workshop-participant,donation_events_002.csv,2026-08-21T14:20:02Z
EVT-FRS-004979,6004979,2006696,062057,3003946,20000,2026-08-14T10:55:04Z,銀行振込,increment-run-002,workshop-participant,donation_events_002.csv,2026-08-21T14:20:02Z
EVT-FRS-004747,6004747,2011512,402061,3004258,50000,2026-08-14T11:01:42Z,クレジットカード,increment-run-002,workshop-participant,donation_events_002.csv,2026-08-21T14:20:02Z
EVT-FRS-007205,6007205,2001087,313718,3004684,10000,2026-08-14T11:02:34Z,銀行振込,increment-run-002,workshop-participant,donation_events_002.csv,2026-08-21T14:20:02Z
EVT-FRS-013356,6013356,2005223,272302,3005525,20000,2026-08-14T11:07:16Z,クレジットカード,increment-run-002,workshop-participant,donation_events_002.csv,2026-08-21T14:20:02Z
EVT-FRS-010117,6010117,2010765,232068,3002771,10000,2026-08-14T11:07:29Z,クレジットカード,increment-run-002,workshop-participant,donation_events_002.csv,2026-08-21T14:20:02Z
EVT-FRS-006794,6006794,2002397,431001,3002599,10000,2026-08-14T11:08:06Z,クレジットカード,increment-run-002,workshop-participant,donation_events_002.csv,2026-08-21T14:20:02Z
EVT-FRS-012073,6012073,2001057,332160,3005310,5000,2026-08-14T11:19:42Z,クレジットカード,increment-run-002,workshop-participant,donation_events_002.csv,2026-08-21T14:20:02Z
EVT-FRS-001992,6001992,2005356,412058,3000594,40000,2026-08-14T11:24:31Z,電子決済,increment-run-002,workshop-participant,donation_events_002.csv,2026-08-21T14:20:02Z
EVT-FRS-003230,6003230,2006523,362077,3004679,5000,2026-08-14T11:26:55Z,クレジットカード,increment-run-002,workshop-participant,donation_events_002.csv,2026-08-21T14:20:02Z
EVT-FRS-012592,6012592,2006017,452025,3004334,10000,2026-08-14T11:29:47Z,クレジットカード,increment-run-002,workshop-participant,donation_events_002.csv,2026-08-21T14:20:02Z
EVT-FRS-003643,6003643,2011853,452025,3003388,25000,2026-08-14T11:40:30Z,クレジットカード,increment-run-002,workshop-participant,donation_events_002.csv,2026-08-21T14:20:02Z
EVT-FRS-004003,6004003,2007611,212067,3003100,12000,2026-08-14T11:44:08Z,銀行振込,increment-run-002,workshop-participant,donation_events_002.csv,2026-08-21T14:20:02Z
EVT-FRS-013614,6013614,2002994,142182,3004337,20000,2026-08-14T11:45:49Z,銀行振込,increment-run-002,workshop-participant,donation_events_002.csv,2026-08-21T14:20:02Z
EVT-FRS-009028,6009028,2005805,402214,3002615,8000,2026-08-14T11:46:40Z,銀行振込,increment-run-002,workshop-participant,donation_events_002.csv,2026-08-21T14:20:02Z
EVT-FRS-001373,6001373,2005816,382027,3003070,20000,2026-08-14T11:47:55Z,電子決済,increment-run-002,workshop-participant,donation_events_002.csv,2026-08-21T14:20:02Z
EVT-FRS-012205,6012205,2003731,113247,3003145,20000,2026-08-14T11:56:18Z,クレジットカード,increment-run-002,workshop-participant,donation_events_002.csv,2026-08-21T14:20:02Z
EVT-FRS-005945,6005945,2008207,132284,3001705,15000,2026-08-14T12:02:02Z,クレジットカード,increment-run-002,workshop-participant,donation_events_002.csv,2026-08-21T14:20:02Z
EVT-FRS-012427,6012427,2011916,212105,3002448,10000,2026-08-14T12:05:02Z,クレジットカード,increment-run-002,workshop-participant,donation_events_002.csv,2026-08-21T14:20:02Z
EVT-FRS-011329,6011329,2002116,472140,3002791,30000,2026-08-14T12:06:17Z,クレジットカード,increment-run-002,workshop-participant,donation_events_002.csv,2026-08-21T14:20:02Z
EVT-FRS-011639,6011639,2003685,012203,3003471,20000,2026-08-14T12:11:16Z,電子決済,increment-run-002,workshop-participant,donation_events_002.csv,2026-08-21T14:20:02Z
EVT-FRS-003423,6003423,2010185,402214,3002357,15000,2026-08-14T12:11:28Z,クレジットカード,increment-run-002,workshop-participant,donation_events_002.csv,2026-08-21T14:20:02Z
EVT-FRS-013860,6013860,2002257,202029,3003369,10000,2026-08-14T12:16:29Z,クレジットカード,increment-run-002,workshop-participant,donation_events_002.csv,2026-08-21T14:20:02Z
EVT-FRS-007773,6007773,2000892,012190,3002126,10000,2026-08-14T12:19:12Z,クレジットカード,increment-run-002,workshop-participant,donation_events_002.csv,2026-08-21T14:20:02Z
EVT-FRS-005235,6005235,2005906,462012,3003020,50000,2026-08-14T12:26:49Z,クレジットカード,increment-run-002,workshop-participant,donation_events_002.csv,2026-08-21T14:20:02Z
EVT-FRS-004681,6004681,2008072,132063,3002333,12000,2026-08-14T12:31:34Z,電子決済,increment-run-002,workshop-participant,donation_events_002.csv,2026-08-21T14:20:02Z
EVT-FRS-008943,6008943,2003459,132039,3005335,8000,2026-08-14T12:32:23Z,電子決済,increment-run-002,workshop-participant,donation_events_002.csv,2026-08-21T14:20:02Z
EVT-FRS-008486,6008486,2007140,152056,3004179,15000,2026-08-14T12:33:17Z,クレジットカード,increment-run-002,workshop-participant,donation_events_002.csv,2026-08-21T14:20:02Z
EVT-FRS-000327,6000327,2007389,163228,3003632,10000,2026-08-14T12:33:57Z,クレジットカード,increment-run-002,workshop-participant,donation_events_002.csv,2026-08-21T14:20:02Z
EVT-FRS-007174,6007174,2006037,052078,3003981,8000,2026-08-14T12:34:21Z,クレジットカード,increment-run-002,workshop-participant,donation_events_002.csv,2026-08-21T14:20:02Z
EVT-FRS-013427,6013427,2003418,092134,3004933,10000,2026-08-14T12:37:47Z,クレジットカード,increment-run-002,workshop-participant,donation_events_002.csv,2026-08-21T14:20:02Z
EVT-FRS-014502,6014502,2005364,082279,3001109,5000,2026-08-14T12:38:43Z,コンビニ決済,increment-run-002,workshop-participant,donation_events_002.csv,2026-08-21T14:20:02Z
EVT-FRS-005969,6005969,2009724,112283,3000906,10000,2026-08-14T12:53:11Z,銀行振込,increment-run-002,workshop-participant,donation_events_002.csv,2026-08-21T14:20:02Z
EVT-FRS-000949,6000949,2000074,433691,3002942,8000,2026-08-14T13:01:07Z,クレジットカード,increment-run-002,workshop-participant,donation_events_002.csv,2026-08-21T14:20:02Z
EVT-FRS-001885,6001885,2006045,082333,3005142,12000,2026-08-14T13:01:33Z,クレジットカード,increment-run-002,workshop-participant,donation_events_002.csv,2026-08-21T14:20:02Z
EVT-FRS-010236,6010236,2002990,262030,3003318,15000,2026-08-14T13:05:39Z,電子決済,increment-run-002,workshop-participant,donation_events_002.csv,2026-08-21T14:20:02Z
EVT-FRS-013181,6013181,2008124,452025,3002268,10000,2026-08-14T13:07:52Z,電子決済,increment-run-002,workshop-participant,donation_events_002.csv,2026-08-21T14:20:02Z
EVT-FRS-004047,6004047,2007592,432156,3003223,15000,2026-08-14T13:09:03Z,クレジットカード,increment-run-002,workshop-participant,donation_events_002.csv,2026-08-21T14:20:02Z
EVT-FRS-006690,6006690,2004177,042137,3000385,10000,2026-08-14T13:11:15Z,クレジットカード,increment-run-002,workshop-participant,donation_events_002.csv,2026-08-21T14:20:02Z
EVT-FRS-010839,6010839,2007303,122351,3002051,25000,2026-08-14T13:12:03Z,クレジットカード,increment-run-002,workshop-participant,donation_events_002.csv,2026-08-21T14:20:02Z
EVT-FRS-013122,6013122,2004662,432148,3000934,8000,2026-08-14T13:16:14Z,クレジットカード,increment-run-002,workshop-participant,donation_events_002.csv,2026-08-21T14:20:02Z
EVT-FRS-010930,6010930,2008068,382035,3002099,8000,2026-08-14T13:16:43Z,クレジットカード,increment-run-002,workshop-participant,donation_events_002.csv,2026-08-21T14:20:02Z
EVT-FRS-008876,6008876,2005998,234451,3003912,10000,2026-08-14T13:27:12Z,クレジットカード,increment-run-002,workshop-participant,donation_events_002.csv,2026-08-21T14:20:02Z
EVT-FRS-010090,6010090,2011757,442020,3003856,15000,2026-08-14T13:29:05Z,コンビニ決済,increment-run-002,workshop-participant,donation_events_002.csv,2026-08-21T14:20:02Z
EVT-FRS-000967,6000967,2005200,012190,3001672,5000,2026-08-14T13:29:19Z,クレジットカード,increment-run-002,workshop-participant,donation_events_002.csv,2026-08-21T14:20:02Z
EVT-FRS-001278,6001278,2002374,072095,3005532,15000,2026-08-14T13:30:28Z,クレジットカード,increment-run-002,workshop-participant,donation_events_002.csv,2026-08-21T14:20:02Z
EVT-FRS-003769,6003769,2006515,432156,3003223,50000,2026-08-14T13:31:00Z,クレジットカード,increment-run-002,workshop-participant,donation_events_002.csv,2026-08-21T14:20:02Z
EVT-FRS-001290,6001290,2010304,282065,3005368,15000,2026-08-14T13:31:19Z,クレジットカード,increment-run-002,workshop-participant,donation_events_002.csv,2026-08-21T14:20:02Z
EVT-FRS-003714,6003714,2000927,212075,3002962,30000,2026-08-14T13:33:46Z,電子決済,increment-run-002,workshop-participant,donation_events_002.csv,2026-08-21T14:20:02Z
EVT-FRS-010176,6010176,2000674,462012,3001763,10000,2026-08-14T13:34:14Z,クレジットカード,increment-run-002,workshop-participant,donation_events_002.csv,2026-08-21T14:20:02Z
EVT-FRS-004931,6004931,2002417,152064,3001648,15000,2026-08-14T13:34:43Z,電子決済,increment-run-002,workshop-participant,donation_events_002.csv,2026-08-21T14:20:02Z
EVT-FRS-013346,6013346,2002775,082325,3000617,15000,2026-08-14T13:36:13Z,クレジットカード,increment-run-002,workshop-participant,donation_events_002.csv,2026-08-21T14:20:02Z
EVT-FRS-006214,6006214,2008564,015181,3002438,10000,2026-08-14T13:38:47Z,クレジットカード,increment-run-002,workshop-participant,donation_events_002.csv,2026-08-21T14:20:02Z
EVT-FRS-003811,6003811,2005083,012220,3003071,12000,2026-08-14T13:46:09Z,クレジットカード,increment-run-002,workshop-participant,donation_events_002.csv,2026-08-21T14:20:02Z
EVT-FRS-011183,6011183,2003842,342157,3005308,20000,2026-08-14T13:46:18Z,クレジットカード,increment-run-002,workshop-participant,donation_events_002.csv,2026-08-21T14:20:02Z
EVT-FRS-010043,6010043,2000006,112275,3001154,20000,2026-08-14T13:47:03Z,電子決済,increment-run-002,workshop-participant,donation_events_002.csv,2026-08-21T14:20:02Z
EVT-FRS-006086,6006086,2011255,112216,3003056,50000,2026-08-14T13:47:23Z,クレジットカード,increment-run-002,workshop-participant,donation_events_002.csv,2026-08-21T14:20:02Z
EVT-FRS-010902,6010902,2000123,112151,3002952,12000,2026-08-14T13:48:52Z,クレジットカード,increment-run-002,workshop-participant,donation_events_002.csv,2026-08-21T14:20:02Z
EVT-FRS-000850,6000850,2003338,431001,3002471,20000,2026-08-14T13:49:03Z,クレジットカード,increment-run-002,workshop-participant,donation_events_002.csv,2026-08-21T14:20:02Z
EVT-FRS-013085,6013085,2001085,131024,3000371,20000,2026-08-14T13:50:53Z,クレジットカード,increment-run-002,workshop-participant,donation_events_002.csv,2026-08-21T14:20:02Z
EVT-FRS-002568,6002568,2006903,192074,3005724,10000,2026-08-14T13:54:07Z,クレジットカード,increment-run-002,workshop-participant,donation_events_002.csv,2026-08-21T14:20:02Z
EVT-FRS-014065,6014065,2004746,212202,3000474,10000,2026-08-14T13:54:38Z,電子決済,increment-run-002,workshop-participant,donation_events_002.csv,2026-08-21T14:20:02Z
EVT-FRS-002290,6002290,2007183,112313,3005506,15000,2026-08-14T13:56:33Z,クレジットカード,increment-run-002,workshop-participant,donation_events_002.csv,2026-08-21T14:20:02Z
EVT-FRS-006448,6006448,2005381,052043,3002053,20000,2026-08-14T13:57:40Z,銀行振込,increment-run-002,workshop-participant,donation_events_002.csv,2026-08-21T14:20:02Z
EVT-FRS-009955,6009955,2002265,292010,3002355,100000,2026-08-14T14:03:25Z,クレジットカード,increment-run-002,workshop-participant,donation_events_002.csv,2026-08-21T14:20:02Z
EVT-FRS-013020,6013020,2011257,151009,3001713,10000,2026-08-14T14:10:44Z,クレジットカード,increment-run-002,workshop-participant,donation_events_002.csv,2026-08-21T14:20:02Z
EVT-FRS-001144,6001144,2005287,262072,3000926,10000,2026-08-14T14:13:25Z,銀行振込,increment-run-002,workshop-participant,donation_events_002.csv,2026-08-21T14:20:02Z
EVT-FRS-011652,6011652,2001751,132292,3005264,10000,2026-08-14T14:21:01Z,電子決済,increment-run-002,workshop-participant,donation_events_002.csv,2026-08-21T14:20:02Z
EVT-FRS-014434,6014434,2005953,342025,3002260,10000,2026-08-14T14:26:43Z,クレジットカード,increment-run-002,workshop-participant,donation_events_002.csv,2026-08-21T14:20:02Z
EVT-FRS-012981,6012981,2011764,012050,3000843,8000,2026-08-14T14:30:05Z,クレジットカード,increment-run-002,workshop-participant,donation_events_002.csv,2026-08-21T14:20:02Z
EVT-FRS-009995,6009995,2005583,102059,3003790,5000,2026-08-14T14:32:45Z,コンビニ決済,increment-run-002,workshop-participant,donation_events_002.csv,2026-08-21T14:20:02Z
EVT-FRS-007534,6007534,2010614,132276,3000809,10000,2026-08-14T14:36:10Z,クレジットカード,increment-run-002,workshop-participant,donation_events_002.csv,2026-08-21T14:20:02Z
EVT-FRS-000011,6000011,2000230,092037,3002525,40000,2026-08-14T14:36:15Z,クレジットカード,increment-run-002,workshop-participant,donation_events_002.csv,2026-08-21T14:20:02Z
EVT-FRS-009683,6009683,2007389,142140,3000663,25000,2026-08-14T14:40:26Z,クレジットカード,increment-run-002,workshop-participant,donation_events_002.csv,2026-08-21T14:20:02Z
EVT-FRS-004950,6004950,2000097,132225,3001252,12000,2026-08-14T14:42:18Z,クレジットカード,increment-run-002,workshop-participant,donation_events_002.csv,2026-08-21T14:20:02Z
EVT-FRS-008783,6008783,2006021,092169,3002735,40000,2026-08-14T14:42:41Z,コンビニ決済,increment-run-002,workshop-participant,donation_events_002.csv,2026-08-21T14:20:02Z
EVT-FRS-003341,6003341,2006912,342122,3004759,10000,2026-08-14T14:43:50Z,クレジットカード,increment-run-002,workshop-participant,donation_events_002.csv,2026-08-21T14:20:02Z
EVT-FRS-009991,6009991,2001215,252069,3002319,10000,2026-08-14T14:45:21Z,クレジットカード,increment-run-002,workshop-participant,donation_events_002.csv,2026-08-21T14:20:02Z
EVT-FRS-011947,6011947,2001390,082261,3001001,20000,2026-08-14T14:48:36Z,銀行振込,increment-run-002,workshop-participant,donation_events_002.csv,2026-08-21T14:20:02Z
EVT-FRS-008404,6008404,2005368,112402,3003666,20000,2026-08-14T14:51:52Z,電子決済,increment-run-002,workshop-participant,donation_events_002.csv,2026-08-21T14:20:02Z
EVT-FRS-013883,6013883,2001516,352071,3001374,20000,2026-08-14T14:55:28Z,クレジットカード,increment-run-002,workshop-participant,donation_events_002.csv,2026-08-21T14:20:02Z
EVT-FRS-000113,6000113,2005831,402061,3004258,20000,2026-08-14T15:02:18Z,銀行振込,increment-run-002,workshop-participant,donation_events_002.csv,2026-08-21T14:20:02Z
EVT-FRS-013241,6013241,2003159,162086,3002067,10000,2026-08-14T15:02:23Z,クレジットカード,increment-run-002,workshop-participant,donation_events_002.csv,2026-08-21T14:20:02Z
EVT-FRS-000312,6000312,2001431,202029,3002606,20000,2026-08-14T15:02:37Z,電子決済,increment-run-002,workshop-participant,donation_events_002.csv,2026-08-21T14:20:02Z
EVT-FRS-012415,6012415,2003473,463035,3002694,15000,2026-08-14T15:03:34Z,クレジットカード,increment-run-002,workshop-participant,donation_events_002.csv,2026-08-21T14:20:02Z
EVT-FRS-012586,6012586,2007169,205419,3001622,12000,2026-08-14T15:06:24Z,クレジットカード,increment-run-002,workshop-participant,donation_events_002.csv,2026-08-21T14:20:02Z
EVT-FRS-010099,6010099,2004022,052060,3002292,10000,2026-08-14T15:06:47Z,クレジットカード,increment-run-002,workshop-participant,donation_events_002.csv,2026-08-21T14:20:02Z
EVT-FRS-012948,6012948,2007599,192147,3003240,10000,2026-08-14T15:07:37Z,クレジットカード,increment-run-002,workshop-participant,donation_events_002.csv,2026-08-21T14:20:02Z
EVT-FRS-004770,6004770,2002867,152234,3003558,5000,2026-08-14T15:10:41Z,クレジットカード,increment-run-002,workshop-participant,donation_events_002.csv,2026-08-21T14:20:02Z
EVT-FRS-008192,6008192,2008393,212211,3001068,8000,2026-08-14T15:14:01Z,電子決済,increment-run-002,workshop-participant,donation_events_002.csv,2026-08-21T14:20:02Z
EVT-FRS-004965,6004965,2001530,452025,3002730,15000,2026-08-14T15:19:24Z,電子決済,increment-run-002,workshop-participant,donation_events_002.csv,2026-08-21T14:20:02Z
EVT-FRS-007440,6007440,2008105,462152,3005616,25000,2026-08-14T15:25:15Z,クレジットカード,increment-run-002,workshop-participant,donation_events_002.csv,2026-08-21T14:20:02Z
EVT-FRS-006598,6006598,2008032,312029,3003766,15000,2026-08-14T15:25:30Z,クレジットカード,increment-run-002,workshop-participant,donation_events_002.csv,2026-08-21T14:20:02Z
EVT-FRS-005895,6005895,2004227,422029,3001088,20000,2026-08-14T15:35:49Z,クレジットカード,increment-run-002,workshop-participant,donation_events_002.csv,2026-08-21T14:20:02Z
EVT-FRS-000296,6000296,2002004,132209,3000356,10000,2026-08-14T15:36:48Z,クレジットカード,increment-run-002,workshop-participant,donation_events_002.csv,2026-08-21T14:20:02Z
EVT-FRS-000960,6000960,2007327,312037,3003200,50000,2026-08-14T15:38:43Z,クレジットカード,increment-run-002,workshop-participant,donation_events_002.csv,2026-08-21T14:20:02Z
EVT-FRS-004939,6004939,2003294,222143,3000723,12000,2026-08-14T15:38:52Z,クレジットカード,increment-run-002,workshop-participant,donation_events_002.csv,2026-08-21T14:20:02Z
EVT-FRS-011281,6011281,2000618,112305,3004215,20000,2026-08-14T15:39:05Z,クレジットカード,increment-run-002,workshop-participant,donation_events_002.csv,2026-08-21T14:20:02Z
EVT-FRS-004954,6004954,2004100,215074,3003907,20000,2026-08-14T15:46:05Z,クレジットカード,increment-run-002,workshop-participant,donation_events_002.csv,2026-08-21T14:20:02Z
EVT-FRS-002157,6002157,2007679,352039,3001286,25000,2026-08-14T15:51:02Z,電子決済,increment-run-002,workshop-participant,donation_events_002.csv,2026-08-21T14:20:02Z
EVT-FRS-008671,6008671,2002570,082325,3005971,25000,2026-08-14T15:52:34Z,銀行振込,increment-run-002,workshop-participant,donation_events_002.csv,2026-08-21T14:20:02Z
EVT-FRS-005693,6005693,2001936,272302,3000214,5000,2026-08-14T15:59:24Z,クレジットカード,increment-run-002,workshop-participant,donation_events_002.csv,2026-08-21T14:20:02Z
EVT-FRS-006788,6006788,2001368,282201,3004756,10000,2026-08-14T16:00:10Z,コンビニ決済,increment-run-002,workshop-participant,donation_events_002.csv,2026-08-21T14:20:02Z
EVT-FRS-011070,6011070,2003458,336637,3002069,25000,2026-08-14T16:01:39Z,クレジットカード,increment-run-002,workshop-participant,donation_events_002.csv,2026-08-21T14:20:02Z
EVT-FRS-002354,6002354,2003770,082210,3002658,5000,2026-08-14T16:02:25Z,銀行振込,increment-run-002,workshop-participant,donation_events_002.csv,2026-08-21T14:20:02Z
EVT-FRS-005659,6005659,2008113,262064,3003605,10000,2026-08-14T16:03:13Z,電子決済,increment-run-002,workshop-participant,donation_events_002.csv,2026-08-21T14:20:02Z
EVT-FRS-009097,6009097,2008184,132233,3001484,8000,2026-08-14T16:09:35Z,クレジットカード,increment-run-002,workshop-participant,donation_events_002.csv,2026-08-21T14:20:02Z
EVT-FRS-009944,6009944,2006009,204528,3000325,25000,2026-08-14T16:16:16Z,クレジットカード,increment-run-002,workshop-participant,donation_events_002.csv,2026-08-21T14:20:02Z
EVT-FRS-012108,6012108,2001349,473821,3001878,12000,2026-08-14T16:17:03Z,クレジットカード,increment-run-002,workshop-participant,donation_events_002.csv,2026-08-21T14:20:02Z
EVT-FRS-009106,6009106,2007323,152111,3003212,15000,2026-08-14T16:25:16Z,クレジットカード,increment-run-002,workshop-participant,donation_events_002.csv,2026-08-21T14:20:02Z
EVT-FRS-004613,6004613,2005793,203041,3005839,8000,2026-08-14T16:25:28Z,電子決済,increment-run-002,workshop-participant,donation_events_002.csv,2026-08-21T14:20:02Z
EVT-FRS-012736,6012736,2003969,402249,3005588,10000,2026-08-14T16:29:46Z,クレジットカード,increment-run-002,workshop-participant,donation_events_002.csv,2026-08-21T14:20:02Z
EVT-FRS-003066,6003066,2011644,292087,3000982,15000,2026-08-14T16:31:50Z,クレジットカード,increment-run-002,workshop-participant,donation_events_002.csv,2026-08-21T14:20:02Z
EVT-FRS-014510,6014510,2006803,452025,3004334,10000,2026-08-14T16:32:18Z,銀行振込,increment-run-002,workshop-participant,donation_events_002.csv,2026-08-21T14:20:02Z
EVT-FRS-002262,6002262,2004309,382027,3003070,10000,2026-08-14T16:46:16Z,クレジットカード,increment-run-002,workshop-participant,donation_events_002.csv,2026-08-21T14:20:02Z
EVT-FRS-011902,6011902,2007093,112399,3002499,25000,2026-08-14T16:48:02Z,クレジットカード,increment-run-002,workshop-participant,donation_events_002.csv,2026-08-21T14:20:02Z
EVT-FRS-003621,6003621,2008275,272230,3001859,40000,2026-08-14T16:50:52Z,クレジットカード,increment-run-002,workshop-participant,donation_events_002.csv,2026-08-21T14:20:02Z
EVT-FRS-009371,6009371,2005471,235610,3003655,20000,2026-08-14T16:52:26Z,クレジットカード,increment-run-002,workshop-participant,donation_events_002.csv,2026-08-21T14:20:02Z
EVT-FRS-003952,6003952,2002775,262030,3005272,15000,2026-08-14T16:55:25Z,クレジットカード,increment-run-002,workshop-participant,donation_events_002.csv,2026-08-21T14:20:02Z
EVT-FRS-014484,6014484,2009716,232343,3003557,20000,2026-08-14T16:55:35Z,コンビニ決済,increment-run-002,workshop-participant,donation_events_002.csv,2026-08-21T14:20:02Z
EVT-FRS-000256,6000256,2002371,282251,3002491,8000,2026-08-14T16:57:14Z,電子決済,increment-run-002,workshop-participant,donation_events_002.csv,2026-08-21T14:20:02Z
EVT-FRS-014592,6014592,2010379,232254,3001562,10000,2026-08-14T16:59:30Z,電子決済,increment-run-002,workshop-participant,donation_events_002.csv,2026-08-21T14:20:02Z
EVT-FRS-007799,6007799,2003674,202053,3000900,50000,2026-08-14T17:00:05Z,クレジットカード,increment-run-002,workshop-participant,donation_events_002.csv,2026-08-21T14:20:02Z
EVT-FRS-000357,6000357,2004805,032018,3002835,10000,2026-08-14T17:02:07Z,クレジットカード,increment-run-002,workshop-participant,donation_events_002.csv,2026-08-21T14:20:02Z
EVT-FRS-009867,6009867,2008040,012181,3002830,20000,2026-08-14T17:02:14Z,電子決済,increment-run-002,workshop-participant,donation_events_002.csv,2026-08-21T14:20:02Z
EVT-FRS-006714,6006714,2003841,423831,3002308,10000,2026-08-14T17:05:16Z,電子決済,increment-run-002,workshop-participant,donation_events_002.csv,2026-08-21T14:20:02Z
EVT-FRS-009491,6009491,2011136,452025,3004334,10000,2026-08-14T17:07:08Z,クレジットカード,increment-run-002,workshop-participant,donation_events_002.csv,2026-08-21T14:20:02Z
EVT-FRS-002281,6002281,2001730,122351,3005915,10000,2026-08-14T17:08:41Z,クレジットカード,increment-run-002,workshop-participant,donation_events_002.csv,2026-08-21T14:20:02Z
EVT-FRS-006600,6006600,2011026,352039,3001519,5000,2026-08-14T17:08:48Z,クレジットカード,increment-run-002,workshop-participant,donation_events_002.csv,2026-08-21T14:20:02Z
EVT-FRS-000276,6000276,2008154,012246,3004628,8000,2026-08-14T17:12:06Z,クレジットカード,increment-run-002,workshop-participant,donation_events_002.csv,2026-08-21T14:20:02Z
EVT-FRS-002394,6002394,2004252,022021,3002765,15000,2026-08-14T17:12:09Z,クレジットカード,increment-run-002,workshop-participant,donation_events_002.csv,2026-08-21T14:20:02Z
EVT-FRS-014755,6014755,2007803,472123,3000930,5000,2026-08-14T17:12:42Z,クレジットカード,increment-run-002,workshop-participant,donation_events_002.csv,2026-08-21T14:20:02Z
EVT-FRS-000119,6000119,2006916,282294,3003780,10000,2026-08-14T17:15:27Z,クレジットカード,increment-run-002,workshop-participant,donation_events_002.csv,2026-08-21T14:20:02Z
EVT-FRS-009224,6009224,2001674,242144,3002837,30000,2026-08-14T17:22:06Z,電子決済,increment-run-002,workshop-participant,donation_events_002.csv,2026-08-21T14:20:02Z
EVT-FRS-003708,6003708,2000046,052078,3002464,20000,2026-08-14T17:30:47Z,コンビニ決済,increment-run-002,workshop-participant,donation_events_002.csv,2026-08-21T14:20:02Z
EVT-FRS-010918,6010918,2009569,122131,3004844,10000,2026-08-14T17:36:08Z,クレジットカード,increment-run-002,workshop-participant,donation_events_002.csv,2026-08-21T14:20:02Z
EVT-FRS-000479,6000479,2000022,032026,3005872,10000,2026-08-14T17:36:26Z,電子決済,increment-run-002,workshop-participant,donation_events_002.csv,2026-08-21T14:20:02Z
EVT-FRS-006930,6006930,2002041,422037,3004029,10000,2026-08-14T17:46:12Z,電子決済,increment-run-002,workshop-participant,donation_events_002.csv,2026-08-21T14:20:02Z
EVT-FRS-011766,6011766,2011422,142166,3005784,15000,2026-08-14T17:49:36Z,銀行振込,increment-run-002,workshop-participant,donation_events_002.csv,2026-08-21T14:20:02Z
EVT-FRS-004893,6004893,2007374,312045,3004910,30000,2026-08-14T17:51:39Z,銀行振込,increment-run-002,workshop-participant,donation_events_002.csv,2026-08-21T14:20:02Z
EVT-FRS-003617,6003617,2008090,212211,3005147,5000,2026-08-14T17:55:52Z,クレジットカード,increment-run-002,workshop-participant,donation_events_002.csv,2026-08-21T14:20:02Z
EVT-FRS-000852,6000852,2009178,102067,3005558,20000,2026-08-14T17:59:23Z,クレジットカード,increment-run-002,workshop-participant,donation_events_002.csv,2026-08-21T14:20:02Z
EVT-FRS-002587,6002587,2006876,312029,3005799,12000,2026-08-14T18:05:34Z,クレジットカード,increment-run-002,workshop-participant,donation_events_002.csv,2026-08-21T14:20:02Z
EVT-FRS-010544,6010544,2003596,272060,3000620,20000,2026-08-14T18:06:44Z,クレジットカード,increment-run-002,workshop-participant,donation_events_002.csv,2026-08-21T14:20:02Z
EVT-FRS-003398,6003398,2002172,112089,3004541,10000,2026-08-14T18:08:34Z,電子決済,increment-run-002,workshop-participant,donation_events_002.csv,2026-08-21T14:20:02Z
EVT-FRS-007510,6007510,2007386,192082,3003819,30000,2026-08-14T18:10:00Z,銀行振込,increment-run-002,workshop-participant,donation_events_002.csv,2026-08-21T14:20:02Z
EVT-FRS-013747,6013747,2001316,132047,3001771,10000,2026-08-14T18:12:52Z,クレジットカード,increment-run-002,workshop-participant,donation_events_002.csv,2026-08-21T14:20:02Z
EVT-FRS-002751,6002751,2010361,122190,3003157,15000,2026-08-14T18:14:21Z,クレジットカード,increment-run-002,workshop-participant,donation_events_002.csv,2026-08-21T14:20:02Z
EVT-FRS-011488,6011488,2002911,032018,3004662,10000,2026-08-14T18:15:06Z,クレジットカード,increment-run-002,workshop-participant,donation_events_002.csv,2026-08-21T14:20:02Z
EVT-FRS-003519,6003519,2006648,412023,3005402,5000,2026-08-14T18:16:40Z,クレジットカード,increment-run-002,workshop-participant,donation_events_002.csv,2026-08-21T14:20:02Z
EVT-FRS-001105,6001105,2005682,262064,3004909,20000,2026-08-14T18:17:13Z,クレジットカード,increment-run-002,workshop-participant,donation_events_002.csv,2026-08-21T14:20:02Z
EVT-FRS-006678,6006678,2000951,465232,3001515,10000,2026-08-14T18:19:48Z,電子決済,increment-run-002,workshop-participant,donation_events_002.csv,2026-08-21T14:20:02Z
EVT-FRS-000723,6000723,2003540,372013,3003657,5000,2026-08-14T18:20:01Z,電子決済,increment-run-002,workshop-participant,donation_events_002.csv,2026-08-21T14:20:02Z
EVT-FRS-001767,6001767,2008529,122114,3003302,20000,2026-08-14T18:24:06Z,電子決済,increment-run-002,workshop-participant,donation_events_002.csv,2026-08-21T14:20:02Z
EVT-FRS-006976,6006976,2005065,242144,3001746,5000,2026-08-14T18:26:13Z,クレジットカード,increment-run-002,workshop-participant,donation_events_002.csv,2026-08-21T14:20:02Z
EVT-FRS-012806,6012806,2007307,192074,3005724,10000,2026-08-14T18:27:52Z,クレジットカード,increment-run-002,workshop-participant,donation_events_002.csv,2026-08-21T14:20:02Z
EVT-FRS-005388,6005388,2005407,012092,3003636,12000,2026-08-14T18:29:10Z,クレジットカード,increment-run-002,workshop-participant,donation_events_002.csv,2026-08-21T14:20:02Z
EVT-FRS-006492,6006492,2007433,422096,3005809,20000,2026-08-14T18:36:14Z,クレジットカード,increment-run-002,workshop-participant,donation_events_002.csv,2026-08-21T14:20:02Z
EVT-FRS-001374,6001374,2007601,111007,3002297,20000,2026-08-14T18:43:15Z,クレジットカード,increment-run-002,workshop-participant,donation_events_002.csv,2026-08-21T14:20:02Z
EVT-FRS-001862,6001862,2001096,462012,3001763,60000,2026-08-14T18:46:50Z,クレジットカード,increment-run-002,workshop-participant,donation_events_002.csv,2026-08-21T14:20:02Z
EVT-FRS-002030,6002030,2000183,082317,3000841,10000,2026-08-14T18:46:59Z,クレジットカード,increment-run-002,workshop-participant,donation_events_002.csv,2026-08-21T14:20:02Z
EVT-FRS-014070,6014070,2002478,102059,3003790,8000,2026-08-14T18:49:39Z,クレジットカード,increment-run-002,workshop-participant,donation_events_002.csv,2026-08-21T14:20:02Z
EVT-FRS-014845,6014845,2006807,032085,3003426,10000,2026-08-14T18:50:38Z,クレジットカード,increment-run-002,workshop-participant,donation_events_002.csv,2026-08-21T14:20:02Z
EVT-FRS-000278,6000278,2000546,122327,3004223,12000,2026-08-14T18:53:37Z,クレジットカード,increment-run-002,workshop-participant,donation_events_002.csv,2026-08-21T14:20:02Z
EVT-FRS-011295,6011295,2010305,462101,3000971,20000,2026-08-14T18:57:31Z,クレジットカード,increment-run-002,workshop-participant,donation_events_002.csv,2026-08-21T14:20:02Z
EVT-FRS-013519,6013519,2008607,152111,3000496,25000,2026-08-14T18:58:38Z,銀行振込,increment-run-002,workshop-participant,donation_events_002.csv,2026-08-21T14:20:02Z
EVT-FRS-007816,6007816,2001991,202029,3003369,30000,2026-08-14T18:59:10Z,クレジットカード,increment-run-002,workshop-participant,donation_events_002.csv,2026-08-21T14:20:02Z
EVT-FRS-007560,6007560,2006200,082163,3005032,15000,2026-08-14T19:00:14Z,クレジットカード,increment-run-002,workshop-participant,donation_events_002.csv,2026-08-21T14:20:02Z
EVT-FRS-008535,6008535,2007592,212130,3000263,20000,2026-08-14T19:04:46Z,クレジットカード,increment-run-002,workshop-participant,donation_events_002.csv,2026-08-21T14:20:02Z
EVT-FRS-011389,6011389,2007107,131202,3005759,30000,2026-08-14T19:06:53Z,クレジットカード,increment-run-002,workshop-participant,donation_events_002.csv,2026-08-21T14:20:02Z
EVT-FRS-008452,6008452,2005963,472107,3005346,5000,2026-08-14T19:13:33Z,銀行振込,increment-run-002,workshop-participant,donation_events_002.csv,2026-08-21T14:20:02Z
EVT-FRS-003812,6003812,2002590,122254,3005378,10000,2026-08-14T19:15:07Z,クレジットカード,increment-run-002,workshop-participant,donation_events_002.csv,2026-08-21T14:20:02Z
EVT-FRS-013494,6013494,2003164,343072,3002812,20000,2026-08-14T19:16:17Z,電子決済,increment-run-002,workshop-participant,donation_events_002.csv,2026-08-21T14:20:02Z
EVT-FRS-000387,6000387,2000425,272027,3001722,20000,2026-08-14T19:21:40Z,電子決済,increment-run-002,workshop-participant,donation_events_002.csv,2026-08-21T14:20:02Z
EVT-FRS-009158,6009158,2007308,075485,3004536,12000,2026-08-14T19:22:59Z,電子決済,increment-run-002,workshop-participant,donation_events_002.csv,2026-08-21T14:20:02Z
EVT-FRS-000901,6000901,2004975,182087,3000467,30000,2026-08-14T19:31:29Z,電子決済,increment-run-002,workshop-participant,donation_events_002.csv,2026-08-21T14:20:02Z
EVT-FRS-011374,6011374,2005817,336220,3003312,10000,2026-08-14T19:36:19Z,クレジットカード,increment-run-002,workshop-participant,donation_events_002.csv,2026-08-21T14:20:02Z
EVT-FRS-003276,6003276,2006166,462047,3004341,15000,2026-08-14T19:36:46Z,銀行振込,increment-run-002,workshop-participant,donation_events_002.csv,2026-08-21T14:20:02Z
EVT-FRS-000882,6000882,2010861,221007,3000819,10000,2026-08-14T19:39:59Z,電子決済,increment-run-002,workshop-participant,donation_events_002.csv,2026-08-21T14:20:02Z
EVT-FRS-005739,6005739,2010755,082368,3000144,20000,2026-08-14T19:40:35Z,電子決済,increment-run-002,workshop-participant,donation_events_002.csv,2026-08-21T14:20:02Z
EVT-FRS-005431,6005431,2008513,012246,3002511,40000,2026-08-14T19:44:31Z,電子決済,increment-run-002,workshop-participant,donation_events_002.csv,2026-08-21T14:20:02Z
EVT-FRS-007257,6007257,2000221,432105,3000585,15000,2026-08-14T19:44:54Z,クレジットカード,increment-run-002,workshop-participant,donation_events_002.csv,2026-08-21T14:20:02Z
EVT-FRS-012573,6012573,2010819,152099,3002906,15000,2026-08-14T19:45:59Z,クレジットカード,increment-run-002,workshop-participant,donation_events_002.csv,2026-08-21T14:20:02Z
EVT-FRS-006814,6006814,2001420,112216,3001442,30000,2026-08-14T19:47:37Z,クレジットカード,increment-run-002,workshop-participant,donation_events_002.csv,2026-08-21T14:20:02Z
EVT-FRS-003045,6003045,2004763,075442,3003767,15000,2026-08-14T19:52:00Z,電子決済,increment-run-002,workshop-participant,donation_events_002.csv,2026-08-21T14:20:02Z
EVT-FRS-013234,6013234,2002604,402303,3003422,50000,2026-08-14T19:54:33Z,クレジットカード,increment-run-002,workshop-participant,donation_events_002.csv,2026-08-21T14:20:02Z
EVT-FRS-007390,6007390,2006077,452041,3004484,10000,2026-08-14T20:01:35Z,銀行振込,increment-run-002,workshop-participant,donation_events_002.csv,2026-08-21T14:20:02Z
EVT-FRS-007314,6007314,2002486,112437,3001647,12000,2026-08-14T20:03:26Z,クレジットカード,increment-run-002,workshop-participant,donation_events_002.csv,2026-08-21T14:20:02Z
EVT-FRS-013262,6013262,2008071,422037,3001765,10000,2026-08-14T20:04:14Z,電子決済,increment-run-002,workshop-participant,donation_events_002.csv,2026-08-21T14:20:02Z
EVT-FRS-014465,6014465,2005669,282189,3003916,15000,2026-08-14T20:08:25Z,クレジットカード,increment-run-002,workshop-participant,donation_events_002.csv,2026-08-21T14:20:02Z
EVT-FRS-005414,6005414,2010106,385069,3003266,12000,2026-08-14T20:08:50Z,クレジットカード,increment-run-002,workshop-participant,donation_events_002.csv,2026-08-21T14:20:02Z
EVT-FRS-003457,6003457,2002395,152099,3003732,8000,2026-08-14T20:08:54Z,クレジットカード,increment-run-002,workshop-participant,donation_events_002.csv,2026-08-21T14:20:02Z
EVT-FRS-004178,6004178,2005281,182010,3001040,20000,2026-08-14T20:10:03Z,電子決済,increment-run-002,workshop-participant,donation_events_002.csv,2026-08-21T14:20:02Z
EVT-FRS-008356,6008356,2008691,402265,3001994,10000,2026-08-14T20:11:07Z,クレジットカード,increment-run-002,workshop-participant,donation_events_002.csv,2026-08-21T14:20:02Z
EVT-FRS-000986,6000986,2004389,402141,3003600,5000,2026-08-14T20:11:35Z,クレジットカード,increment-run-002,workshop-participant,donation_events_002.csv,2026-08-21T14:20:02Z
EVT-FRS-002191,6002191,2001346,012165,3000290,15000,2026-08-14T20:12:34Z,クレジットカード,increment-run-002,workshop-participant,donation_events_002.csv,2026-08-21T14:20:02Z
EVT-FRS-005086,6005086,2004252,152277,3002034,15000,2026-08-14T20:14:23Z,クレジットカード,increment-run-002,workshop-participant,donation_events_002.csv,2026-08-21T14:20:02Z
EVT-FRS-006089,6006089,2003681,452025,3002730,20000,2026-08-14T20:16:19Z,クレジットカード,increment-run-002,workshop-participant,donation_events_002.csv,2026-08-21T14:20:02Z
EVT-FRS-010571,6010571,2004037,024465,3004648,8000,2026-08-14T20:19:35Z,電子決済,increment-run-002,workshop-participant,donation_events_002.csv,2026-08-21T14:20:02Z
EVT-FRS-013793,6013793,2000156,062014,3000787,12000,2026-08-14T20:20:49Z,クレジットカード,increment-run-002,workshop-participant,donation_events_002.csv,2026-08-21T14:20:02Z
EVT-FRS-000380,6000380,2004281,123498,3004796,10000,2026-08-14T20:28:52Z,クレジットカード,increment-run-002,workshop-participant,donation_events_002.csv,2026-08-21T14:20:02Z
EVT-FRS-013956,6013956,2008719,462225,3001972,15000,2026-08-14T20:29:24Z,クレジットカード,increment-run-002,workshop-participant,donation_events_002.csv,2026-08-21T14:20:02Z
EVT-FRS-013302,6013302,2000857,142077,3000143,10000,2026-08-14T20:30:43Z,クレジットカード,increment-run-002,workshop-participant,donation_events_002.csv,2026-08-21T14:20:02Z
EVT-FRS-014343,6014343,2011926,022012,3003213,10000,2026-08-14T20:34:04Z,クレジットカード,increment-run-002,workshop-participant,donation_events_002.csv,2026-08-21T14:20:02Z
EVT-FRS-012283,6012283,2011650,142042,3005742,25000,2026-08-14T20:40:55Z,電子決済,increment-run-002,workshop-participant,donation_events_002.csv,2026-08-21T14:20:02Z
EVT-FRS-013573,6013573,2007490,112160,3000329,15000,2026-08-14T20:41:24Z,クレジットカード,increment-run-002,workshop-participant,donation_events_002.csv,2026-08-21T14:20:02Z
EVT-FRS-000388,6000388,2004411,042021,3005000,30000,2026-08-14T20:46:19Z,クレジットカード,increment-run-002,workshop-participant,donation_events_002.csv,2026-08-21T14:20:02Z
EVT-FRS-001588,6001588,2011263,122122,3002947,20000,2026-08-14T20:50:41Z,銀行振込,increment-run-002,workshop-participant,donation_events_002.csv,2026-08-21T14:20:02Z
EVT-FRS-012596,6012596,2008169,122254,3003737,5000,2026-08-14T20:53:28Z,クレジットカード,increment-run-002,workshop-participant,donation_events_002.csv,2026-08-21T14:20:02Z
EVT-FRS-006445,6006445,2011343,016659,3000045,10000,2026-08-14T20:56:40Z,クレジットカード,increment-run-002,workshop-participant,donation_events_002.csv,2026-08-21T14:20:02Z
EVT-FRS-009818,6009818,2000274,112071,3004975,20000,2026-08-14T20:58:25Z,クレジットカード,increment-run-002,workshop-participant,donation_events_002.csv,2026-08-21T14:20:02Z
EVT-FRS-003402,6003402,2000029,282146,3000382,20000,2026-08-14T21:01:24Z,電子決済,increment-run-002,workshop-participant,donation_events_002.csv,2026-08-21T14:20:02Z
EVT-FRS-000266,6000266,2010894,472115,3001804,12000,2026-08-14T21:07:08Z,コンビニ決済,increment-run-002,workshop-participant,donation_events_002.csv,2026-08-21T14:20:02Z
EVT-FRS-000529,6000529,2004867,452025,3003435,10000,2026-08-14T21:07:11Z,クレジットカード,increment-run-002,workshop-participant,donation_events_002.csv,2026-08-21T14:20:02Z
EVT-FRS-004107,6004107,2011179,152056,3002250,15000,2026-08-14T21:16:07Z,クレジットカード,increment-run-002,workshop-participant,donation_events_002.csv,2026-08-21T14:20:02Z
EVT-FRS-009020,6009020,2011883,221309,3000145,30000,2026-08-14T21:16:14Z,クレジットカード,increment-run-002,workshop-participant,donation_events_002.csv,2026-08-21T14:20:02Z
EVT-FRS-010357,6010357,2007269,072087,3000375,12000,2026-08-14T21:16:40Z,クレジットカード,increment-run-002,workshop-participant,donation_events_002.csv,2026-08-21T14:20:02Z
EVT-FRS-005930,6005930,2006144,212016,3001573,5000,2026-08-14T21:18:48Z,クレジットカード,increment-run-002,workshop-participant,donation_events_002.csv,2026-08-21T14:20:02Z
EVT-FRS-010230,6010230,2000257,023035,3005019,8000,2026-08-14T21:19:55Z,クレジットカード,increment-run-002,workshop-participant,donation_events_002.csv,2026-08-21T14:20:02Z
EVT-FRS-001021,6001021,2009422,292125,3003219,10000,2026-08-14T21:22:01Z,クレジットカード,increment-run-002,workshop-participant,donation_events_002.csv,2026-08-21T14:20:02Z
EVT-FRS-014610,6014610,2005846,182087,3004186,20000,2026-08-14T21:24:36Z,コンビニ決済,increment-run-002,workshop-participant,donation_events_002.csv,2026-08-21T14:20:02Z
EVT-FRS-014019,6014019,2009567,172090,3002087,15000,2026-08-14T21:25:13Z,クレジットカード,increment-run-002,workshop-participant,donation_events_002.csv,2026-08-21T14:20:02Z
EVT-FRS-013683,6013683,2004793,202029,3002523,10000,2026-08-14T21:31:37Z,クレジットカード,increment-run-002,workshop-participant,donation_events_002.csv,2026-08-21T14:20:02Z
EVT-FRS-009882,6009882,2009126,012262,3005450,12000,2026-08-14T21:33:37Z,電子決済,increment-run-002,workshop-participant,donation_events_002.csv,2026-08-21T14:20:02Z
EVT-FRS-010226,6010226,2010976,362034,3002854,5000,2026-08-14T21:35:27Z,クレジットカード,increment-run-002,workshop-participant,donation_events_002.csv,2026-08-21T14:20:02Z
EVT-FRS-013527,6013527,2006751,372072,3003596,5000,2026-08-14T21:36:49Z,銀行振込,increment-run-002,workshop-participant,donation_events_002.csv,2026-08-21T14:20:02Z
EVT-FRS-012964,6012964,2009834,162094,3005691,10000,2026-08-14T21:45:34Z,クレジットカード,increment-run-002,workshop-participant,donation_events_002.csv,2026-08-21T14:20:02Z
EVT-FRS-000196,6000196,2010439,313025,3005591,5000,2026-08-14T21:51:24Z,クレジットカード,increment-run-002,workshop-participant,donation_events_002.csv,2026-08-21T14:20:02Z
EVT-FRS-012640,6012640,2003720,012190,3001672,10000,2026-08-14T21:55:53Z,クレジットカード,increment-run-002,workshop-participant,donation_events_002.csv,2026-08-21T14:20:02Z
EVT-FRS-000682,6000682,2003182,132195,3004404,10000,2026-08-14T21:58:28Z,コンビニ決済,increment-run-002,workshop-participant,donation_events_002.csv,2026-08-21T14:20:02Z
EVT-FRS-007336,6007336,2010620,012190,3001672,10000,2026-08-14T22:00:07Z,クレジットカード,increment-run-002,workshop-participant,donation_events_002.csv,2026-08-21T14:20:02Z
EVT-FRS-007974,6007974,2010703,022012,3003213,25000,2026-08-14T22:00:11Z,クレジットカード,increment-run-002,workshop-participant,donation_events_002.csv,2026-08-21T14:20:02Z
EVT-FRS-009586,6009586,2002839,193640,3003877,20000,2026-08-14T22:00:56Z,クレジットカード,increment-run-002,workshop-participant,donation_events_002.csv,2026-08-21T14:20:02Z
EVT-FRS-002714,6002714,2000703,182052,3004934,20000,2026-08-14T22:10:12Z,クレジットカード,increment-run-002,workshop-participant,donation_events_002.csv,2026-08-21T14:20:02Z
EVT-FRS-007909,6007909,2008413,434418,3004819,12000,2026-08-14T22:12:09Z,銀行振込,increment-run-002,workshop-participant,donation_events_002.csv,2026-08-21T14:20:02Z
EVT-FRS-013344,6013344,2009318,112429,3002866,10000,2026-08-14T22:17:24Z,クレジットカード,increment-run-002,workshop-participant,donation_events_002.csv,2026-08-21T14:20:02Z
EVT-FRS-006718,6006718,2004510,122165,3002111,10000,2026-08-14T22:21:26Z,クレジットカード,increment-run-002,workshop-participant,donation_events_002.csv,2026-08-21T14:20:02Z
EVT-FRS-014886,6014886,2010278,462209,3005047,8000,2026-08-14T22:23:21Z,クレジットカード,increment-run-002,workshop-participant,donation_events_002.csv,2026-08-21T14:20:02Z
EVT-FRS-011524,6011524,2003066,374032,3001929,12000,2026-08-14T22:28:29Z,コンビニ決済,increment-run-002,workshop-participant,donation_events_002.csv,2026-08-21T14:20:02Z
EVT-FRS-009161,6009161,2011723,302066,3004255,60000,2026-08-14T22:34:23Z,クレジットカード,increment-run-002,workshop-participant,donation_events_002.csv,2026-08-21T14:20:02Z
EVT-FRS-005151,6005151,2007063,212041,3004527,30000,2026-08-14T22:35:29Z,電子決済,increment-run-002,workshop-participant,donation_events_002.csv,2026-08-21T14:20:02Z
EVT-FRS-001515,6001515,2009348,402214,3002357,10000,2026-08-14T22:36:30Z,クレジットカード,increment-run-002,workshop-participant,donation_events_002.csv,2026-08-21T14:20:02Z
EVT-FRS-003802,6003802,2009973,233617,3001191,12000,2026-08-14T22:36:58Z,クレジットカード,increment-run-002,workshop-participant,donation_events_002.csv,2026-08-21T14:20:02Z
EVT-FRS-009817,6009817,2002835,132110,3002960,30000,2026-08-14T22:43:07Z,クレジットカード,increment-run-002,workshop-participant,donation_events_002.csv,2026-08-21T14:20:02Z
EVT-FRS-013039,6013039,2000192,182052,3000208,5000,2026-08-14T22:48:38Z,電子決済,increment-run-002,workshop-participant,donation_events_002.csv,2026-08-21T14:20:02Z
EVT-FRS-001667,6001667,2011933,024121,3003095,10000,2026-08-14T22:49:01Z,銀行振込,increment-run-002,workshop-participant,donation_events_002.csv,2026-08-21T14:20:02Z
EVT-FRS-011486,6011486,2004243,231002,3000754,20000,2026-08-14T22:50:28Z,電子決済,increment-run-002,workshop-participant,donation_events_002.csv,2026-08-21T14:20:02Z
EVT-FRS-004256,6004256,2006248,082325,3005971,20000,2026-08-14T22:50:41Z,銀行振込,increment-run-002,workshop-participant,donation_events_002.csv,2026-08-21T14:20:02Z
EVT-FRS-005964,6005964,2011188,112216,3001442,10000,2026-08-14T22:52:36Z,クレジットカード,increment-run-002,workshop-participant,donation_events_002.csv,2026-08-21T14:20:02Z
EVT-FRS-003168,6003168,2000043,052027,3001852,12000,2026-08-14T22:53:25Z,クレジットカード,increment-run-002,workshop-participant,donation_events_002.csv,2026-08-21T14:20:02Z
EVT-FRS-013652,6013652,2002872,015644,3004688,5000,2026-08-14T22:55:50Z,コンビニ決済,increment-run-002,workshop-participant,donation_events_002.csv,2026-08-21T14:20:02Z
EVT-FRS-012984,6012984,2008754,132021,3000844,12000,2026-08-14T22:56:38Z,クレジットカード,increment-run-002,workshop-participant,donation_events_002.csv,2026-08-21T14:20:02Z
EVT-FRS-001857,6001857,2008436,112348,3003976,20000,2026-08-14T23:01:03Z,電子決済,increment-run-002,workshop-participant,donation_events_002.csv,2026-08-21T14:20:02Z
EVT-FRS-003609,6003609,2005654,462152,3005258,50000,2026-08-14T23:01:53Z,クレジットカード,increment-run-002,workshop-participant,donation_events_002.csv,2026-08-21T14:20:02Z
EVT-FRS-014313,6014313,2003931,232254,3001562,8000,2026-08-14T23:02:02Z,クレジットカード,increment-run-002,workshop-participant,donation_events_002.csv,2026-08-21T14:20:02Z
EVT-FRS-011128,6011128,2010935,402052,3004187,15000,2026-08-14T23:04:36Z,銀行振込,increment-run-002,workshop-participant,donation_events_002.csv,2026-08-21T14:20:02Z
EVT-FRS-009581,6009581,2006720,352063,3002027,5000,2026-08-14T23:05:08Z,クレジットカード,increment-run-002,workshop-participant,donation_events_002.csv,2026-08-21T14:20:02Z
EVT-FRS-011718,6011718,2007456,132128,3004592,100000,2026-08-14T23:06:01Z,クレジットカード,increment-run-002,workshop-participant,donation_events_002.csv,2026-08-21T14:20:02Z
EVT-FRS-010495,6010495,2003302,192074,3000771,15000,2026-08-14T23:11:15Z,コンビニ決済,increment-run-002,workshop-participant,donation_events_002.csv,2026-08-21T14:20:02Z
EVT-FRS-006829,6006829,2006855,234451,3000005,8000,2026-08-14T23:12:53Z,コンビニ決済,increment-run-002,workshop-participant,donation_events_002.csv,2026-08-21T14:20:02Z
EVT-FRS-006668,6006668,2003767,282065,3002150,30000,2026-08-14T23:18:17Z,クレジットカード,increment-run-002,workshop-participant,donation_events_002.csv,2026-08-21T14:20:02Z
EVT-FRS-008430,6008430,2000297,132110,3004621,5000,2026-08-14T23:21:35Z,クレジットカード,increment-run-002,workshop-participant,donation_events_002.csv,2026-08-21T14:20:02Z
EVT-FRS-003373,6003373,2010308,452025,3003952,70000,2026-08-14T23:21:39Z,クレジットカード,increment-run-002,workshop-participant,donation_events_002.csv,2026-08-21T14:20:02Z
EVT-FRS-007392,6007392,2011478,452068,3000616,15000,2026-08-14T23:22:17Z,クレジットカード,increment-run-002,workshop-participant,donation_events_002.csv,2026-08-21T14:20:02Z
EVT-FRS-014170,6014170,2010530,252018,3001600,15000,2026-08-14T23:23:27Z,クレジットカード,increment-run-002,workshop-participant,donation_events_002.csv,2026-08-21T14:20:02Z
EVT-FRS-003668,6003668,2002124,442020,3001534,10000,2026-08-14T23:25:05Z,クレジットカード,increment-run-002,workshop-participant,donation_events_002.csv,2026-08-21T14:20:02Z
EVT-FRS-009436,6009436,2000559,112127,3002563,20000,2026-08-14T23:41:53Z,クレジットカード,increment-run-002,workshop-participant,donation_events_002.csv,2026-08-21T14:20:02Z
EVT-FRS-012852,6012852,2010370,022055,3001238,20000,2026-08-14T23:48:26Z,クレジットカード,increment-run-002,workshop-participant,donation_events_002.csv,2026-08-21T14:20:02Z
EVT-FRS-003978,6003978,2007917,016420,3004722,25000,2026-08-14T23:52:27Z,クレジットカード,increment-run-002,workshop-participant,donation_events_002.csv,2026-08-21T14:20:02Z
EVT-FRS-007146,6007146,2009671,402231,3001064,10000,2026-08-14T23:53:09Z,コンビニ決済,increment-run-002,workshop-participant,donation_events_002.csv,2026-08-21T14:20:02Z
EVT-FRS-012557,6012557,2010370,062138,3000217,20000,2026-08-14T23:57:27Z,コンビニ決済,increment-run-002,workshop-participant,donation_events_002.csv,2026-08-21T14:20:02Z
EVT-FRS-009130,6009130,2011550,273660,3000180,15000,2026-08-14T23:59:04Z,クレジットカード,increment-run-002,workshop-participant,donation_events_002.csv,2026-08-21T14:20:02Z
EVT-FRS-004937,6004937,2002961,112119,3002092,8000,2026-08-15T00:05:43Z,電子決済,increment-run-002,workshop-participant,donation_events_002.csv,2026-08-21T14:20:02Z
EVT-FRS-003367,6003367,2007842,262064,3003605,10000,2026-08-15T00:07:04Z,クレジットカード,increment-run-002,workshop-participant,donation_events_002.csv,2026-08-21T14:20:02Z
EVT-FRS-000827,6000827,2006683,342122,3005772,10000,2026-08-15T00:08:21Z,クレジットカード,increment-run-002,workshop-participant,donation_events_002.csv,2026-08-21T14:20:02Z
EVT-FRS-000019,6000019,2003965,152188,3000505,10000,2026-08-15T00:22:40Z,銀行振込,increment-run-002,workshop-participant,donation_events_002.csv,2026-08-21T14:20:02Z
EVT-FRS-002371,6002371,2003403,212148,3004990,10000,2026-08-15T00:22:51Z,クレジットカード,increment-run-002,workshop-participant,donation_events_002.csv,2026-08-21T14:20:02Z
EVT-FRS-011495,6011495,2004274,016390,3002959,15000,2026-08-15T00:24:41Z,クレジットカード,increment-run-002,workshop-participant,donation_events_002.csv,2026-08-21T14:20:02Z
EVT-FRS-005092,6005092,2003374,074616,3002284,25000,2026-08-15T00:25:50Z,クレジットカード,increment-run-002,workshop-participant,donation_events_002.csv,2026-08-21T14:20:02Z
EVT-FRS-004214,6004214,2004279,112275,3001154,10000,2026-08-15T00:37:21Z,電子決済,increment-run-002,workshop-participant,donation_events_002.csv,2026-08-21T14:20:02Z
EVT-FRS-014579,6014579,2008610,122351,3000742,15000,2026-08-15T00:39:22Z,銀行振込,increment-run-002,workshop-participant,donation_events_002.csv,2026-08-21T14:20:02Z
EVT-FRS-007649,6007649,2004630,012297,3005065,20000,2026-08-15T00:43:59Z,クレジットカード,increment-run-002,workshop-participant,donation_events_002.csv,2026-08-21T14:20:02Z
EVT-FRS-007102,6007102,2003237,012092,3004209,15000,2026-08-15T00:54:37Z,電子決済,increment-run-002,workshop-participant,donation_events_002.csv,2026-08-21T14:20:02Z
EVT-FRS-001354,6001354,2008381,252018,3002744,10000,2026-08-15T00:55:26Z,クレジットカード,increment-run-002,workshop-participant,donation_events_002.csv,2026-08-21T14:20:02Z
EVT-FRS-001936,6001936,2010087,282138,3002145,10000,2026-08-15T00:56:22Z,コンビニ決済,increment-run-002,workshop-participant,donation_events_002.csv,2026-08-21T14:20:02Z
EVT-FRS-006833,6006833,2010921,402079,3004463,10000,2026-08-15T00:56:28Z,コンビニ決済,increment-run-002,workshop-participant,donation_events_002.csv,2026-08-21T14:20:02Z
EVT-FRS-004227,6004227,2006011,282162,3003417,10000,2026-08-15T00:57:50Z,銀行振込,increment-run-002,workshop-participant,donation_events_002.csv,2026-08-21T14:20:02Z
EVT-FRS-009510,6009510,2001609,112461,3005783,10000,2026-08-15T00:59:43Z,電子決済,increment-run-002,workshop-participant,donation_events_002.csv,2026-08-21T14:20:02Z
EVT-FRS-012805,6012805,2007491,402125,3000503,10000,2026-08-15T01:03:22Z,クレジットカード,increment-run-002,workshop-participant,donation_events_002.csv,2026-08-21T14:20:02Z
EVT-FRS-009255,6009255,2009049,262102,3001883,12000,2026-08-15T01:13:10Z,クレジットカード,increment-run-002,workshop-participant,donation_events_002.csv,2026-08-21T14:20:02Z
EVT-FRS-005473,6005473,2007803,232106,3002114,25000,2026-08-15T01:14:21Z,クレジットカード,increment-run-002,workshop-participant,donation_events_002.csv,2026-08-21T14:20:02Z
EVT-FRS-012747,6012747,2010690,304042,3002845,12000,2026-08-15T01:15:15Z,電子決済,increment-run-002,workshop-participant,donation_events_002.csv,2026-08-21T14:20:02Z
EVT-FRS-012072,6012072,2005840,422096,3000859,10000,2026-08-15T01:18:41Z,クレジットカード,increment-run-002,workshop-participant,donation_events_002.csv,2026-08-21T14:20:02Z
EVT-FRS-000058,6000058,2004576,262013,3002409,8000,2026-08-15T01:18:44Z,電子決済,increment-run-002,workshop-participant,donation_events_002.csv,2026-08-21T14:20:02Z
EVT-FRS-006883,6006883,2006527,202118,3002622,10000,2026-08-15T01:21:33Z,電子決済,increment-run-002,workshop-participant,donation_events_002.csv,2026-08-21T14:20:02Z
EVT-FRS-014455,6014455,2001667,022080,3004406,12000,2026-08-15T01:26:06Z,クレジットカード,increment-run-002,workshop-participant,donation_events_002.csv,2026-08-21T14:20:02Z
EVT-FRS-006974,6006974,2000721,192139,3005913,10000,2026-08-15T01:27:39Z,銀行振込,increment-run-002,workshop-participant,donation_events_002.csv,2026-08-21T14:20:02Z
EVT-FRS-001632,6001632,2007894,232165,3002723,30000,2026-08-15T01:30:03Z,クレジットカード,increment-run-002,workshop-participant,donation_events_002.csv,2026-08-21T14:20:02Z
EVT-FRS-009587,6009587,2008282,192023,3004977,30000,2026-08-15T01:31:36Z,クレジットカード,increment-run-002,workshop-participant,donation_events_002.csv,2026-08-21T14:20:02Z
EVT-FRS-004096,6004096,2000016,082350,3000213,8000,2026-08-15T01:45:32Z,クレジットカード,increment-run-002,workshop-participant,donation_events_002.csv,2026-08-21T14:20:02Z
EVT-FRS-014183,6014183,2001918,262081,3004518,10000,2026-08-15T01:46:59Z,クレジットカード,increment-run-002,workshop-participant,donation_events_002.csv,2026-08-21T14:20:02Z
EVT-FRS-014161,6014161,2008827,012165,3003799,20000,2026-08-15T01:49:51Z,クレジットカード,increment-run-002,workshop-participant,donation_events_002.csv,2026-08-21T14:20:02Z
EVT-FRS-000741,6000741,2006000,442071,3002453,10000,2026-08-15T01:57:27Z,クレジットカード,increment-run-002,workshop-participant,donation_events_002.csv,2026-08-21T14:20:02Z
EVT-FRS-007309,6007309,2005834,182109,3002995,20000,2026-08-15T02:05:39Z,クレジットカード,increment-run-002,workshop-participant,donation_events_002.csv,2026-08-21T14:20:02Z
EVT-FRS-001292,6001292,2001184,472018,3000256,30000,2026-08-15T02:07:01Z,クレジットカード,increment-run-002,workshop-participant,donation_events_002.csv,2026-08-21T14:20:02Z
EVT-FRS-006324,6006324,2008763,235636,3005390,12000,2026-08-15T02:08:08Z,クレジットカード,increment-run-002,workshop-participant,donation_events_002.csv,2026-08-21T14:20:02Z
EVT-FRS-002515,6002515,2002295,012181,3005689,20000,2026-08-15T02:08:39Z,クレジットカード,increment-run-002,workshop-participant,donation_events_002.csv,2026-08-21T14:20:02Z
EVT-FRS-011563,6011563,2008310,352136,3001036,15000,2026-08-15T02:12:21Z,クレジットカード,increment-run-002,workshop-participant,donation_events_002.csv,2026-08-21T14:20:02Z
EVT-FRS-009113,6009113,2008741,431001,3002471,20000,2026-08-15T02:12:26Z,電子決済,increment-run-002,workshop-participant,donation_events_002.csv,2026-08-21T14:20:02Z
EVT-FRS-013728,6013728,2006502,352152,3000111,8000,2026-08-15T02:19:35Z,クレジットカード,increment-run-002,workshop-participant,donation_events_002.csv,2026-08-21T14:20:02Z
EVT-FRS-013720,6013720,2008269,202151,3003643,15000,2026-08-15T02:23:03Z,銀行振込,increment-run-002,workshop-participant,donation_events_002.csv,2026-08-21T14:20:02Z
EVT-FRS-006336,6006336,2008344,132047,3003710,15000,2026-08-15T02:27:50Z,電子決済,increment-run-002,workshop-participant,donation_events_002.csv,2026-08-21T14:20:02Z
EVT-FRS-012308,6012308,2009797,462144,3002377,30000,2026-08-15T02:29:28Z,銀行振込,increment-run-002,workshop-participant,donation_events_002.csv,2026-08-21T14:20:02Z
EVT-FRS-012030,6012030,2004215,212067,3001953,15000,2026-08-15T02:30:22Z,クレジットカード,increment-run-002,workshop-participant,donation_events_002.csv,2026-08-21T14:20:02Z
EVT-FRS-009212,6009212,2001971,431001,3002117,5000,2026-08-15T02:32:17Z,クレジットカード,increment-run-002,workshop-participant,donation_events_002.csv,2026-08-21T14:20:02Z
EVT-FRS-006101,6006101,2011633,046060,3001469,10000,2026-08-15T02:34:02Z,クレジットカード,increment-run-002,workshop-participant,donation_events_002.csv,2026-08-21T14:20:02Z
EVT-FRS-002524,6002524,2005959,292095,3002668,5000,2026-08-15T02:38:46Z,クレジットカード,increment-run-002,workshop-participant,donation_events_002.csv,2026-08-21T14:20:02Z
EVT-FRS-010875,6010875,2009962,082031,3002616,20000,2026-08-15T02:38:59Z,電子決済,increment-run-002,workshop-participant,donation_events_002.csv,2026-08-21T14:20:02Z
EVT-FRS-007843,6007843,2000436,103829,3002393,12000,2026-08-15T02:39:28Z,銀行振込,increment-run-002,workshop-participant,donation_events_002.csv,2026-08-21T14:20:02Z
EVT-FRS-011772,6011772,2001074,352063,3005276,50000,2026-08-15T02:44:20Z,クレジットカード,increment-run-002,workshop-participant,donation_events_002.csv,2026-08-21T14:20:02Z
EVT-FRS-004407,6004407,2005355,422037,3001941,10000,2026-08-15T02:44:22Z,銀行振込,increment-run-002,workshop-participant,donation_events_002.csv,2026-08-21T14:20:02Z
EVT-FRS-013642,6013642,2006003,082023,3002487,10000,2026-08-15T02:44:35Z,電子決済,increment-run-002,workshop-participant,donation_events_002.csv,2026-08-21T14:20:02Z
EVT-FRS-011884,6011884,2010323,382027,3002160,5000,2026-08-15T02:44:50Z,クレジットカード,increment-run-002,workshop-participant,donation_events_002.csv,2026-08-21T14:20:02Z
EVT-FRS-009552,6009552,2003835,452041,3002113,15000,2026-08-15T02:48:51Z,クレジットカード,increment-run-002,workshop-participant,donation_events_002.csv,2026-08-21T14:20:02Z
EVT-FRS-006835,6006835,2009639,082198,3004584,20000,2026-08-15T02:50:13Z,クレジットカード,increment-run-002,workshop-participant,donation_events_002.csv,2026-08-21T14:20:02Z
EVT-FRS-003368,6003368,2008582,112305,3005512,15000,2026-08-15T02:52:17Z,銀行振込,increment-run-002,workshop-participant,donation_events_002.csv,2026-08-21T14:20:02Z
EVT-FRS-002741,6002741,2003894,232343,3004089,10000,2026-08-15T02:53:30Z,電子決済,increment-run-002,workshop-participant,donation_events_002.csv,2026-08-21T14:20:02Z
EVT-FRS-009974,6009974,2006816,102032,3005438,8000,2026-08-15T02:58:26Z,クレジットカード,increment-run-002,workshop-participant,donation_events_002.csv,2026-08-21T14:20:02Z
EVT-FRS-014626,6014626,2008115,302040,3001821,20000,2026-08-15T02:58:58Z,クレジットカード,increment-run-002,workshop-participant,donation_events_002.csv,2026-08-21T14:20:02Z
EVT-FRS-013010,6013010,2003493,352063,3005276,50000,2026-08-15T03:01:03Z,クレジットカード,increment-run-002,workshop-participant,donation_events_002.csv,2026-08-21T14:20:02Z
EVT-FRS-011299,6011299,2004865,082121,3005469,5000,2026-08-15T03:02:15Z,クレジットカード,increment-run-002,workshop-participant,donation_events_002.csv,2026-08-21T14:20:02Z
EVT-FRS-012372,6012372,2010268,472107,3002653,25000,2026-08-15T03:13:45Z,クレジットカード,increment-run-002,workshop-participant,donation_events_002.csv,2026-08-21T14:20:02Z
EVT-FRS-008460,6008460,2008694,422134,3001706,15000,2026-08-15T03:14:00Z,電子決済,increment-run-002,workshop-participant,donation_events_002.csv,2026-08-21T14:20:02Z
EVT-FRS-002815,6002815,2007575,182028,3004323,40000,2026-08-15T03:14:11Z,クレジットカード,increment-run-002,workshop-participant,donation_events_002.csv,2026-08-21T14:20:02Z
EVT-FRS-001847,6001847,2002904,052132,3000492,15000,2026-08-15T03:15:22Z,コンビニ決済,increment-run-002,workshop-participant,donation_events_002.csv,2026-08-21T14:20:02Z
EVT-FRS-007332,6007332,2005254,292079,3001568,8000,2026-08-15T03:17:54Z,クレジットカード,increment-run-002,workshop-participant,donation_events_002.csv,2026-08-21T14:20:02Z
EVT-FRS-000417,6000417,2006596,221007,3003040,10000,2026-08-15T03:18:50Z,クレジットカード,increment-run-002,workshop-participant,donation_events_002.csv,2026-08-21T14:20:02Z
EVT-FRS-009954,6009954,2005588,202177,3005680,5000,2026-08-15T03:21:10Z,電子決済,increment-run-002,workshop-participant,donation_events_002.csv,2026-08-21T14:20:02Z
EVT-FRS-010201,6010201,2002602,012068,3004310,30000,2026-08-15T03:23:05Z,銀行振込,increment-run-002,workshop-participant,donation_events_002.csv,2026-08-21T14:20:02Z
EVT-FRS-000250,6000250,2004502,252085,3000635,10000,2026-08-15T03:28:44Z,銀行振込,increment-run-002,workshop-participant,donation_events_002.csv,2026-08-21T14:20:02Z
EVT-FRS-005305,6005305,2005484,232092,3001544,20000,2026-08-15T03:29:07Z,クレジットカード,increment-run-002,workshop-participant,donation_events_002.csv,2026-08-21T14:20:02Z
EVT-FRS-014486,6014486,2007662,202118,3002004,10000,2026-08-15T03:31:43Z,クレジットカード,increment-run-002,workshop-participant,donation_events_002.csv,2026-08-21T14:20:02Z
EVT-FRS-004491,6004491,2004769,043249,3004218,40000,2026-08-15T03:37:08Z,クレジットカード,increment-run-002,workshop-participant,donation_events_002.csv,2026-08-21T14:20:02Z
EVT-FRS-000694,6000694,2002621,352021,3004918,12000,2026-08-15T03:39:01Z,電子決済,increment-run-002,workshop-participant,donation_events_002.csv,2026-08-21T14:20:02Z
EVT-FRS-009290,6009290,2002509,294535,3001855,10000,2026-08-15T03:41:45Z,クレジットカード,increment-run-002,workshop-participant,donation_events_002.csv,2026-08-21T14:20:02Z
EVT-FRS-013223,6013223,2004434,082287,3004560,10000,2026-08-15T03:42:24Z,電子決済,increment-run-002,workshop-participant,donation_events_002.csv,2026-08-21T14:20:02Z
EVT-FRS-011991,6011991,2004438,132144,3001273,15000,2026-08-15T03:42:47Z,クレジットカード,increment-run-002,workshop-participant,donation_events_002.csv,2026-08-21T14:20:02Z
EVT-FRS-002350,6002350,2005548,152251,3000545,20000,2026-08-15T03:43:32Z,銀行振込,increment-run-002,workshop-participant,donation_events_002.csv,2026-08-21T14:20:02Z
EVT-FRS-012764,6012764,2003361,012238,3001524,8000,2026-08-15T03:45:54Z,銀行振込,increment-run-002,workshop-participant,donation_events_002.csv,2026-08-21T14:20:02Z
EVT-FRS-013706,6013706,2011932,272302,3005525,10000,2026-08-15T03:46:13Z,クレジットカード,increment-run-002,workshop-participant,donation_events_002.csv,2026-08-21T14:20:02Z
EVT-FRS-002700,6002700,2011760,022080,3001572,10000,2026-08-15T03:49:50Z,クレジットカード,increment-run-002,workshop-participant,donation_events_002.csv,2026-08-21T14:20:02Z
EVT-FRS-014270,6014270,2010221,343099,3005394,15000,2026-08-15T03:53:14Z,コンビニ決済,increment-run-002,workshop-participant,donation_events_002.csv,2026-08-21T14:20:02Z
EVT-FRS-009580,6009580,2002681,102083,3002713,10000,2026-08-15T03:54:15Z,電子決済,increment-run-002,workshop-participant,donation_events_002.csv,2026-08-21T14:20:02Z
EVT-FRS-002896,6002896,2005886,152111,3000784,20000,2026-08-15T03:55:41Z,クレジットカード,increment-run-002,workshop-participant,donation_events_002.csv,2026-08-21T14:20:02Z
EVT-FRS-013901,6013901,2005943,364053,3002697,12000,2026-08-15T03:56:50Z,クレジットカード,increment-run-002,workshop-participant,donation_events_002.csv,2026-08-21T14:20:02Z
EVT-FRS-011163,6011163,2003160,452025,3004334,50000,2026-08-15T04:03:21Z,銀行振込,increment-run-002,workshop-participant,donation_events_002.csv,2026-08-21T14:20:02Z
EVT-FRS-009001,6009001,2008627,303411,3000816,10000,2026-08-15T04:06:32Z,クレジットカード,increment-run-002,workshop-participant,donation_events_002.csv,2026-08-21T14:20:02Z
EVT-FRS-014319,6014319,2008388,232386,3001222,10000,2026-08-15T04:06:40Z,クレジットカード,increment-run-002,workshop-participant,donation_events_002.csv,2026-08-21T14:20:02Z
EVT-FRS-002393,6002393,2006734,382078,3003139,10000,2026-08-15T04:07:23Z,クレジットカード,increment-run-002,workshop-participant,donation_events_002.csv,2026-08-21T14:20:02Z
EVT-FRS-007810,6007810,2000481,012190,3003992,25000,2026-08-15T04:08:27Z,クレジットカード,increment-run-002,workshop-participant,donation_events_002.csv,2026-08-21T14:20:02Z
EVT-FRS-012599,6012599,2000176,272027,3001722,10000,2026-08-15T04:10:40Z,クレジットカード,increment-run-002,workshop-participant,donation_events_002.csv,2026-08-21T14:20:02Z
EVT-FRS-004035,6004035,2009775,364037,3002634,12000,2026-08-15T04:12:43Z,クレジットカード,increment-run-002,workshop-participant,donation_events_002.csv,2026-08-21T14:20:02Z
EVT-FRS-001895,6001895,2011784,012165,3003799,10000,2026-08-15T04:19:57Z,クレジットカード,increment-run-002,workshop-participant,donation_events_002.csv,2026-08-21T14:20:02Z
EVT-FRS-008585,6008585,2000375,013714,3004929,12000,2026-08-15T04:30:03Z,電子決済,increment-run-002,workshop-participant,donation_events_002.csv,2026-08-21T14:20:02Z
EVT-FRS-002237,6002237,2005566,272230,3001859,15000,2026-08-15T04:30:52Z,クレジットカード,increment-run-002,workshop-participant,donation_events_002.csv,2026-08-21T14:20:02Z
EVT-FRS-005715,6005715,2001562,252042,3003162,15000,2026-08-15T04:33:17Z,クレジットカード,increment-run-002,workshop-participant,donation_events_002.csv,2026-08-21T14:20:02Z
EVT-FRS-006848,6006848,2009489,122289,3004430,30000,2026-08-15T04:35:04Z,クレジットカード,increment-run-002,workshop-participant,donation_events_002.csv,2026-08-21T14:20:02Z
EVT-FRS-008169,6008169,2000839,294501,3003693,20000,2026-08-15T04:46:24Z,電子決済,increment-run-002,workshop-participant,donation_events_002.csv,2026-08-21T14:20:02Z
EVT-FRS-000022,6000022,2000209,132284,3005195,15000,2026-08-15T04:48:40Z,クレジットカード,increment-run-002,workshop-participant,donation_events_002.csv,2026-08-21T14:20:02Z
EVT-FRS-002034,6002034,2011671,272132,3003549,10000,2026-08-15T04:50:12Z,電子決済,increment-run-002,workshop-participant,donation_events_002.csv,2026-08-21T14:20:02Z
EVT-FRS-000831,6000831,2005680,412058,3002354,5000,2026-08-15T04:55:12Z,銀行振込,increment-run-002,workshop-participant,donation_events_002.csv,2026-08-21T14:20:02Z
EVT-FRS-014739,6014739,2004036,152161,3003622,15000,2026-08-15T04:58:19Z,コンビニ決済,increment-run-002,workshop-participant,donation_events_002.csv,2026-08-21T14:20:02Z
EVT-FRS-002511,6002511,2011535,362051,3003820,10000,2026-08-15T05:03:52Z,クレジットカード,increment-run-002,workshop-participant,donation_events_002.csv,2026-08-21T14:20:02Z
EVT-FRS-013796,6013796,2011624,382078,3003717,20000,2026-08-15T05:04:11Z,コンビニ決済,increment-run-002,workshop-participant,donation_events_002.csv,2026-08-21T14:20:02Z
EVT-FRS-008029,6008029,2010628,282081,3003499,30000,2026-08-15T05:07:16Z,電子決済,increment-run-002,workshop-participant,donation_events_002.csv,2026-08-21T14:20:02Z
EVT-FRS-011913,6011913,2003156,122319,3004608,10000,2026-08-15T05:09:06Z,クレジットカード,increment-run-002,workshop-participant,donation_events_002.csv,2026-08-21T14:20:02Z
EVT-FRS-000765,6000765,2007104,462195,3000941,10000,2026-08-15T05:10:40Z,クレジットカード,increment-run-002,workshop-participant,donation_events_002.csv,2026-08-21T14:20:02Z
EVT-FRS-000020,6000020,2010190,382051,3005760,10000,2026-08-15T05:11:14Z,電子決済,increment-run-002,workshop-participant,donation_events_002.csv,2026-08-21T14:20:02Z
EVT-FRS-004269,6004269,2005314,402303,3003422,20000,2026-08-15T05:12:17Z,クレジットカード,increment-run-002,workshop-participant,donation_events_002.csv,2026-08-21T14:20:02Z
EVT-FRS-007054,6007054,2001453,234460,3000098,20000,2026-08-15T05:14:21Z,クレジットカード,increment-run-002,workshop-participant,donation_events_002.csv,2026-08-21T14:20:02Z
EVT-FRS-010438,6010438,2005939,082261,3000370,5000,2026-08-15T05:14:32Z,銀行振込,increment-run-002,workshop-participant,donation_events_002.csv,2026-08-21T14:20:02Z
EVT-FRS-007249,6007249,2004620,131164,3003290,10000,2026-08-15T05:17:29Z,クレジットカード,increment-run-002,workshop-participant,donation_events_002.csv,2026-08-21T14:20:02Z
EVT-FRS-012015,6012015,2003468,422037,3003660,30000,2026-08-15T05:25:35Z,クレジットカード,increment-run-002,workshop-participant,donation_events_002.csv,2026-08-21T14:20:02Z
EVT-FRS-010279,6010279,2003882,124214,3001278,10000,2026-08-15T05:31:28Z,コンビニ決済,increment-run-002,workshop-participant,donation_events_002.csv,2026-08-21T14:20:02Z
EVT-FRS-000371,6000371,2002542,102091,3000059,30000,2026-08-15T05:33:14Z,クレジットカード,increment-run-002,workshop-participant,donation_events_002.csv,2026-08-21T14:20:02Z
EVT-FRS-009627,6009627,2009930,232076,3002384,15000,2026-08-15T05:37:49Z,クレジットカード,increment-run-002,workshop-participant,donation_events_002.csv,2026-08-21T14:20:02Z
EVT-FRS-006488,6006488,2006338,333468,3001542,15000,2026-08-15T05:37:55Z,クレジットカード,increment-run-002,workshop-participant,donation_events_002.csv,2026-08-21T14:20:02Z
EVT-FRS-003483,6003483,2002037,462012,3001763,70000,2026-08-15T05:39:22Z,電子決済,increment-run-002,workshop-participant,donation_events_002.csv,2026-08-21T14:20:02Z
EVT-FRS-004305,6004305,2007895,222127,3003026,40000,2026-08-15T05:41:01Z,クレジットカード,increment-run-002,workshop-participant,donation_events_002.csv,2026-08-21T14:20:02Z
EVT-FRS-014018,6014018,2006574,352063,3000994,20000,2026-08-15T05:45:50Z,クレジットカード,increment-run-002,workshop-participant,donation_events_002.csv,2026-08-21T14:20:02Z
EVT-FRS-013896,6013896,2003133,012262,3000968,30000,2026-08-15T05:47:16Z,電子決済,increment-run-002,workshop-participant,donation_events_002.csv,2026-08-21T14:20:02Z
EVT-FRS-002093,6002093,2011628,222089,3003489,20000,2026-08-15T05:51:05Z,電子決済,increment-run-002,workshop-participant,donation_events_002.csv,2026-08-21T14:20:02Z
EVT-FRS-008245,6008245,2005984,252123,3000131,20000,2026-08-15T05:55:27Z,クレジットカード,increment-run-002,workshop-participant,donation_events_002.csv,2026-08-21T14:20:02Z
EVT-FRS-008841,6008841,2009406,342041,3002291,15000,2026-08-15T05:56:58Z,クレジットカード,increment-run-002,workshop-participant,donation_events_002.csv,2026-08-21T14:20:02Z
EVT-FRS-011743,6011743,2000646,373249,3003679,8000,2026-08-15T05:59:16Z,電子決済,increment-run-002,workshop-participant,donation_events_002.csv,2026-08-21T14:20:02Z
EVT-FRS-011012,6011012,2004519,162086,3001095,15000,2026-08-15T05:59:29Z,クレジットカード,increment-run-002,workshop-participant,donation_events_002.csv,2026-08-21T14:20:02Z
EVT-FRS-014404,6014404,2002011,152102,3000255,15000,2026-08-15T06:00:43Z,クレジットカード,increment-run-002,workshop-participant,donation_events_002.csv,2026-08-21T14:20:02Z
EVT-FRS-009229,6009229,2001895,452025,3005848,12000,2026-08-15T06:03:29Z,クレジットカード,increment-run-002,workshop-participant,donation_events_002.csv,2026-08-21T14:20:02Z
EVT-FRS-008087,6008087,2007960,092037,3001998,5000,2026-08-15T06:04:07Z,クレジットカード,increment-run-002,workshop-participant,donation_events_002.csv,2026-08-21T14:20:02Z
EVT-FRS-002177,6002177,2003144,041009,3002626,10000,2026-08-15T06:04:34Z,クレジットカード,increment-run-002,workshop-participant,donation_events_002.csv,2026-08-21T14:20:02Z
EVT-FRS-007558,6007558,2006297,132195,3001368,10000,2026-08-15T06:07:35Z,電子決済,increment-run-002,workshop-participant,donation_events_002.csv,2026-08-21T14:20:02Z
EVT-FRS-004351,6004351,2006649,282057,3001576,10000,2026-08-15T06:10:18Z,クレジットカード,increment-run-002,workshop-participant,donation_events_002.csv,2026-08-21T14:20:02Z
EVT-FRS-014077,6014077,2008360,462012,3005155,10000,2026-08-15T06:11:12Z,銀行振込,increment-run-002,workshop-participant,donation_events_002.csv,2026-08-21T14:20:02Z
EVT-FRS-010823,6010823,2007175,072133,3005548,20000,2026-08-15T06:12:32Z,電子決済,increment-run-002,workshop-participant,donation_events_002.csv,2026-08-21T14:20:02Z
EVT-FRS-005740,6005740,2008360,152081,3002059,10000,2026-08-15T06:13:15Z,クレジットカード,increment-run-002,workshop-participant,donation_events_002.csv,2026-08-21T14:20:02Z
EVT-FRS-001576,6001576,2011404,342076,3004292,10000,2026-08-15T06:15:24Z,クレジットカード,increment-run-002,workshop-participant,donation_events_002.csv,2026-08-21T14:20:02Z
EVT-FRS-005221,6005221,2002657,022098,3004847,12000,2026-08-15T06:16:19Z,クレジットカード,increment-run-002,workshop-participant,donation_events_002.csv,2026-08-21T14:20:02Z
EVT-FRS-004815,6004815,2006845,132144,3004619,10000,2026-08-15T06:16:23Z,クレジットカード,increment-run-002,workshop-participant,donation_events_002.csv,2026-08-21T14:20:02Z
EVT-FRS-002574,6002574,2011719,242144,3004112,12000,2026-08-15T06:20:31Z,クレジットカード,increment-run-002,workshop-participant,donation_events_002.csv,2026-08-21T14:20:02Z
EVT-FRS-001449,6001449,2006820,032018,3002835,20000,2026-08-15T06:21:02Z,クレジットカード,increment-run-002,workshop-participant,donation_events_002.csv,2026-08-21T14:20:02Z
EVT-FRS-007838,6007838,2010061,012181,3005505,10000,2026-08-15T06:24:57Z,コンビニ決済,increment-run-002,workshop-participant,donation_events_002.csv,2026-08-21T14:20:02Z
EVT-FRS-011391,6011391,2007156,292028,3002032,10000,2026-08-15T06:25:56Z,コンビニ決済,increment-run-002,workshop-participant,donation_events_002.csv,2026-08-21T14:20:02Z
EVT-FRS-012587,6012587,2006107,014842,3004927,25000,2026-08-15T06:34:52Z,クレジットカード,increment-run-002,workshop-participant,donation_events_002.csv,2026-08-21T14:20:02Z
EVT-FRS-007436,6007436,2005374,112259,3002708,8000,2026-08-15T06:35:43Z,クレジットカード,increment-run-002,workshop-participant,donation_events_002.csv,2026-08-21T14:20:02Z
EVT-FRS-002655,6002655,2003375,252026,3002276,15000,2026-08-15T06:41:01Z,クレジットカード,increment-run-002,workshop-participant,donation_events_002.csv,2026-08-21T14:20:02Z
EVT-FRS-011540,6011540,2008577,072044,3000532,12000,2026-08-15T06:42:56Z,クレジットカード,increment-run-002,workshop-participant,donation_events_002.csv,2026-08-21T14:20:02Z
EVT-FRS-012170,6012170,2011654,072079,3001610,100000,2026-08-15T06:43:22Z,クレジットカード,increment-run-002,workshop-participant,donation_events_002.csv,2026-08-21T14:20:02Z
EVT-FRS-010146,6010146,2005746,014613,3002966,10000,2026-08-15T06:44:09Z,クレジットカード,increment-run-002,workshop-participant,donation_events_002.csv,2026-08-21T14:20:02Z
EVT-FRS-010126,6010126,2006454,444626,3002234,15000,2026-08-15T06:45:33Z,コンビニ決済,increment-run-002,workshop-participant,donation_events_002.csv,2026-08-21T14:20:02Z
EVT-FRS-005166,6005166,2006484,242161,3002472,20000,2026-08-15T06:45:51Z,クレジットカード,increment-run-002,workshop-participant,donation_events_002.csv,2026-08-21T14:20:02Z
EVT-FRS-009635,6009635,2005887,435317,3004279,10000,2026-08-15T06:46:21Z,銀行振込,increment-run-002,workshop-participant,donation_events_002.csv,2026-08-21T14:20:02Z
EVT-FRS-002848,6002848,2008735,082325,3000617,40000,2026-08-15T06:46:23Z,電子決済,increment-run-002,workshop-participant,donation_events_002.csv,2026-08-21T14:20:02Z
EVT-FRS-001585,6001585,2003387,012165,3001377,10000,2026-08-15T06:46:54Z,クレジットカード,increment-run-002,workshop-participant,donation_events_002.csv,2026-08-21T14:20:02Z
EVT-FRS-006812,6006812,2003253,432113,3004263,10000,2026-08-15T06:52:15Z,クレジットカード,increment-run-002,workshop-participant,donation_events_002.csv,2026-08-21T14:20:02Z
EVT-FRS-002560,6002560,2006477,182010,3000798,10000,2026-08-15T07:00:38Z,クレジットカード,increment-run-002,workshop-participant,donation_events_002.csv,2026-08-21T14:20:02Z
EVT-FRS-002563,6002563,2007961,112101,3002631,8000,2026-08-15T07:02:06Z,銀行振込,increment-run-002,workshop-participant,donation_events_002.csv,2026-08-21T14:20:02Z
EVT-FRS-006937,6006937,2002314,431001,3002471,10000,2026-08-15T07:09:03Z,コンビニ決済,increment-run-002,workshop-participant,donation_events_002.csv,2026-08-21T14:20:02Z
EVT-FRS-012614,6012614,2010357,442020,3004882,50000,2026-08-15T07:10:15Z,銀行振込,increment-run-002,workshop-participant,donation_events_002.csv,2026-08-21T14:20:02Z
EVT-FRS-004644,6004644,2008358,282049,3005452,10000,2026-08-15T07:10:41Z,電子決済,increment-run-002,workshop-participant,donation_events_002.csv,2026-08-21T14:20:02Z
EVT-FRS-005189,6005189,2005025,302023,3000089,15000,2026-08-15T07:17:25Z,クレジットカード,increment-run-002,workshop-participant,donation_events_002.csv,2026-08-21T14:20:02Z
EVT-FRS-005237,6005237,2000132,132241,3001025,20000,2026-08-15T07:18:50Z,電子決済,increment-run-002,workshop-participant,donation_events_002.csv,2026-08-21T14:20:02Z
EVT-FRS-003891,6003891,2004693,262111,3001539,10000,2026-08-15T07:18:57Z,電子決済,increment-run-002,workshop-participant,donation_events_002.csv,2026-08-21T14:20:02Z
EVT-FRS-007350,6007350,2001970,102091,3000688,12000,2026-08-15T07:19:07Z,クレジットカード,increment-run-002,workshop-participant,donation_events_002.csv,2026-08-21T14:20:02Z
EVT-FRS-010497,6010497,2005381,392090,3003060,12000,2026-08-15T07:20:40Z,クレジットカード,increment-run-002,workshop-participant,donation_events_002.csv,2026-08-21T14:20:02Z
EVT-FRS-002801,6002801,2005655,392014,3002505,8000,2026-08-15T07:27:13Z,電子決済,increment-run-002,workshop-participant,donation_events_002.csv,2026-08-21T14:20:02Z
EVT-FRS-004301,6004301,2003822,202037,3002637,15000,2026-08-15T07:28:02Z,電子決済,increment-run-002,workshop-participant,donation_events_002.csv,2026-08-21T14:20:02Z
EVT-FRS-014895,6014895,2004129,392120,3004547,15000,2026-08-15T07:30:39Z,クレジットカード,increment-run-002,workshop-participant,donation_events_002.csv,2026-08-21T14:20:02Z
EVT-FRS-008062,6008062,2003250,102113,3001739,20000,2026-08-15T07:32:09Z,銀行振込,increment-run-002,workshop-participant,donation_events_002.csv,2026-08-21T14:20:02Z
EVT-FRS-013960,6013960,2007082,052043,3002872,10000,2026-08-15T07:42:04Z,銀行振込,increment-run-002,workshop-participant,donation_events_002.csv,2026-08-21T14:20:02Z
EVT-FRS-012337,6012337,2010767,472107,3003209,10000,2026-08-15T07:42:24Z,クレジットカード,increment-run-002,workshop-participant,donation_events_002.csv,2026-08-21T14:20:02Z
EVT-FRS-003555,6003555,2005110,242021,3003841,15000,2026-08-15T07:43:27Z,クレジットカード,increment-run-002,workshop-participant,donation_events_002.csv,2026-08-21T14:20:02Z
EVT-FRS-004786,6004786,2003852,112241,3003812,30000,2026-08-15T07:46:52Z,クレジットカード,increment-run-002,workshop-participant,donation_events_002.csv,2026-08-21T14:20:02Z
EVT-FRS-004075,6004075,2009126,023621,3003810,15000,2026-08-15T07:46:57Z,クレジットカード,increment-run-002,workshop-participant,donation_events_002.csv,2026-08-21T14:20:02Z
EVT-FRS-011657,6011657,2011943,182052,3000208,10000,2026-08-15T07:54:27Z,クレジットカード,increment-run-002,workshop-participant,donation_events_002.csv,2026-08-21T14:20:02Z
EVT-FRS-005753,6005753,2005697,124214,3001278,5000,2026-08-15T07:56:40Z,電子決済,increment-run-002,workshop-participant,donation_events_002.csv,2026-08-21T14:20:02Z
EVT-FRS-006846,6006846,2008568,272132,3005617,10000,2026-08-15T07:56:58Z,銀行振込,increment-run-002,workshop-participant,donation_events_002.csv,2026-08-21T14:20:02Z
EVT-FRS-001377,6001377,2004821,473138,3002991,8000,2026-08-15T08:02:18Z,クレジットカード,increment-run-002,workshop-participant,donation_events_002.csv,2026-08-21T14:20:02Z
EVT-FRS-010652,6010652,2007830,302023,3004352,10000,2026-08-15T08:03:50Z,クレジットカード,increment-run-002,workshop-participant,donation_events_002.csv,2026-08-21T14:20:02Z
EVT-FRS-002015,6002015,2002480,272183,3003516,10000,2026-08-15T08:12:24Z,電子決済,increment-run-002,workshop-participant,donation_events_002.csv,2026-08-21T14:20:02Z
EVT-FRS-014777,6014777,2004875,242144,3005733,10000,2026-08-15T08:16:41Z,クレジットカード,increment-run-002,workshop-participant,donation_events_002.csv,2026-08-21T14:20:02Z
EVT-FRS-001991,6001991,2010592,452025,3005848,12000,2026-08-15T08:21:34Z,銀行振込,increment-run-002,workshop-participant,donation_events_002.csv,2026-08-21T14:20:02Z
EVT-FRS-010297,6010297,2011683,352039,3003273,10000,2026-08-15T08:22:07Z,クレジットカード,increment-run-002,workshop-participant,donation_events_002.csv,2026-08-21T14:20:02Z
EVT-FRS-001580,6001580,2009497,023078,3002038,15000,2026-08-15T08:26:05Z,クレジットカード,increment-run-002,workshop-participant,donation_events_002.csv,2026-08-21T14:20:02Z
EVT-FRS-011478,6011478,2001903,112127,3002563,10000,2026-08-15T08:34:38Z,電子決済,increment-run-002,workshop-participant,donation_events_002.csv,2026-08-21T14:20:02Z
EVT-FRS-009600,6009600,2007473,131024,3001370,10000,2026-08-15T08:54:51Z,クレジットカード,increment-run-002,workshop-participant,donation_events_002.csv,2026-08-21T14:20:02Z
EVT-FRS-007150,6007150,2001813,192074,3005236,20000,2026-08-15T08:56:58Z,クレジットカード,increment-run-002,workshop-participant,donation_events_002.csv,2026-08-21T14:20:02Z
EVT-FRS-008825,6008825,2007963,022101,3004274,10000,2026-08-15T08:57:57Z,銀行振込,increment-run-002,workshop-participant,donation_events_002.csv,2026-08-21T14:20:02Z
EVT-FRS-003822,6003822,2009025,212130,3001404,5000,2026-08-15T09:01:38Z,銀行振込,increment-run-002,workshop-participant,donation_events_002.csv,2026-08-21T14:20:02Z
EVT-FRS-010718,6010718,2002074,052043,3002053,20000,2026-08-15T09:09:13Z,クレジットカード,increment-run-002,workshop-participant,donation_events_002.csv,2026-08-21T14:20:02Z
EVT-FRS-002596,6002596,2005083,242161,3000330,100000,2026-08-15T09:09:35Z,クレジットカード,increment-run-002,workshop-participant,donation_events_002.csv,2026-08-21T14:20:02Z
EVT-FRS-005607,6005607,2005692,402168,3004289,20000,2026-08-15T09:14:04Z,クレジットカード,increment-run-002,workshop-participant,donation_events_002.csv,2026-08-21T14:20:02Z
EVT-FRS-009103,6009103,2001056,092100,3001528,50000,2026-08-15T09:15:29Z,クレジットカード,increment-run-002,workshop-participant,donation_events_002.csv,2026-08-21T14:20:02Z
EVT-FRS-009987,6009987,2002476,462209,3004744,30000,2026-08-15T09:28:35Z,クレジットカード,increment-run-002,workshop-participant,donation_events_002.csv,2026-08-21T14:20:02Z
EVT-FRS-009324,6009324,2007442,092134,3005842,20000,2026-08-15T09:31:02Z,クレジットカード,increment-run-002,workshop-participant,donation_events_002.csv,2026-08-21T14:20:02Z
EVT-FRS-006978,6006978,2011575,432024,3002545,10000,2026-08-15T09:31:44Z,クレジットカード,increment-run-002,workshop-participant,donation_events_002.csv,2026-08-21T14:20:02Z
EVT-FRS-014182,6014182,2004774,152048,3003188,20000,2026-08-15T09:32:03Z,電子決済,increment-run-002,workshop-participant,donation_events_002.csv,2026-08-21T14:20:02Z
EVT-FRS-006376,6006376,2000466,232017,3000559,10000,2026-08-15T09:32:16Z,コンビニ決済,increment-run-002,workshop-participant,donation_events_002.csv,2026-08-21T14:20:02Z
EVT-FRS-009671,6009671,2010149,124214,3001278,12000,2026-08-15T09:33:17Z,クレジットカード,increment-run-002,workshop-participant,donation_events_002.csv,2026-08-21T14:20:02Z
EVT-FRS-005097,6005097,2007784,193844,3004040,20000,2026-08-15T09:34:33Z,電子決済,increment-run-002,workshop-participant,donation_events_002.csv,2026-08-21T14:20:02Z
EVT-FRS-012855,6012855,2008318,082082,3004854,25000,2026-08-15T09:34:45Z,電子決済,increment-run-002,workshop-participant,donation_events_002.csv,2026-08-21T14:20:02Z
EVT-FRS-003342,6003342,2004716,242071,3002692,10000,2026-08-15T09:34:51Z,クレジットカード,increment-run-002,workshop-participant,donation_events_002.csv,2026-08-21T14:20:02Z
EVT-FRS-008844,6008844,2002230,202088,3005055,10000,2026-08-15T09:36:09Z,コンビニ決済,increment-run-002,workshop-participant,donation_events_002.csv,2026-08-21T14:20:02Z
EVT-FRS-001322,6001322,2003549,141500,3005313,10000,2026-08-15T09:42:38Z,クレジットカード,increment-run-002,workshop-participant,donation_events_002.csv,2026-08-21T14:20:02Z
EVT-FRS-013116,6013116,2011369,012041,3002396,30000,2026-08-15T09:42:54Z,クレジットカード,increment-run-002,workshop-participant,donation_events_002.csv,2026-08-21T14:20:02Z
EVT-FRS-010620,6010620,2002282,272213,3002846,10000,2026-08-15T09:44:38Z,クレジットカード,increment-run-002,workshop-participant,donation_events_002.csv,2026-08-21T14:20:02Z
EVT-FRS-004796,6004796,2001761,282171,3004345,12000,2026-08-15T09:46:34Z,銀行振込,increment-run-002,workshop-participant,donation_events_002.csv,2026-08-21T14:20:02Z
EVT-FRS-002814,6002814,2004533,272183,3003516,20000,2026-08-15T09:47:42Z,電子決済,increment-run-002,workshop-participant,donation_events_002.csv,2026-08-21T14:20:02Z
EVT-FRS-004850,6004850,2003922,131105,3004032,10000,2026-08-15T09:50:15Z,クレジットカード,increment-run-002,workshop-participant,donation_events_002.csv,2026-08-21T14:20:02Z
EVT-FRS-014320,6014320,2001739,082121,3004183,12000,2026-08-15T09:58:29Z,クレジットカード,increment-run-002,workshop-participant,donation_events_002.csv,2026-08-21T14:20:02Z
EVT-FRS-007600,6007600,2006962,212105,3004831,20000,2026-08-15T10:07:38Z,銀行振込,increment-run-002,workshop-participant,donation_events_002.csv,2026-08-21T14:20:02Z
EVT-FRS-012460,6012460,2009466,462152,3004285,25000,2026-08-15T10:07:52Z,クレジットカード,increment-run-002,workshop-participant,donation_events_002.csv,2026-08-21T14:20:02Z
EVT-FRS-003982,6003982,2010004,452076,3005465,10000,2026-08-15T10:08:19Z,クレジットカード,increment-run-002,workshop-participant,donation_events_002.csv,2026-08-21T14:20:02Z
EVT-FRS-012093,6012093,2000365,362077,3000950,25000,2026-08-15T10:16:09Z,クレジットカード,increment-run-002,workshop-participant,donation_events_002.csv,2026-08-21T14:20:02Z
EVT-FRS-003004,6003004,2008737,244619,3005078,50000,2026-08-15T10:17:42Z,クレジットカード,increment-run-002,workshop-participant,donation_events_002.csv,2026-08-21T14:20:02Z
EVT-FRS-007928,6007928,2007250,012165,3001399,25000,2026-08-15T10:21:50Z,電子決済,increment-run-002,workshop-participant,donation_events_002.csv,2026-08-21T14:20:02Z
EVT-FRS-002233,6002233,2009679,322075,3003078,12000,2026-08-15T10:22:52Z,クレジットカード,increment-run-002,workshop-participant,donation_events_002.csv,2026-08-21T14:20:02Z
EVT-FRS-005021,6005021,2011024,454311,3004270,10000,2026-08-15T10:26:48Z,電子決済,increment-run-002,workshop-participant,donation_events_002.csv,2026-08-21T14:20:02Z
EVT-FRS-008872,6008872,2006001,212016,3001737,20000,2026-08-15T10:29:02Z,銀行振込,increment-run-002,workshop-participant,donation_events_002.csv,2026-08-21T14:20:02Z
EVT-FRS-009064,6009064,2008430,382043,3005763,10000,2026-08-15T10:30:48Z,クレジットカード,increment-run-002,workshop-participant,donation_events_002.csv,2026-08-21T14:20:02Z
EVT-FRS-007692,6007692,2011392,142166,3005784,15000,2026-08-15T10:40:58Z,クレジットカード,increment-run-002,workshop-participant,donation_events_002.csv,2026-08-21T14:20:02Z
EVT-FRS-010432,6010432,2000155,292125,3003219,10000,2026-08-15T10:41:36Z,クレジットカード,increment-run-002,workshop-participant,donation_events_002.csv,2026-08-21T14:20:02Z
EVT-FRS-013466,6013466,2003150,272175,3002710,12000,2026-08-15T10:43:37Z,クレジットカード,increment-run-002,workshop-participant,donation_events_002.csv,2026-08-21T14:20:02Z
EVT-FRS-003992,6003992,2006988,312011,3001340,10000,2026-08-15T10:50:42Z,クレジットカード,increment-run-002,workshop-participant,donation_events_002.csv,2026-08-21T14:20:02Z
EVT-FRS-011466,6011466,2007025,202011,3001450,12000,2026-08-15T10:51:49Z,コンビニ決済,increment-run-002,workshop-participant,donation_events_002.csv,2026-08-21T14:20:02Z
EVT-FRS-014039,6014039,2004704,242161,3000330,15000,2026-08-15T10:55:24Z,クレジットカード,increment-run-002,workshop-participant,donation_events_002.csv,2026-08-21T14:20:02Z
EVT-FRS-008092,6008092,2011534,142042,3005742,10000,2026-08-15T10:59:07Z,クレジットカード,increment-run-002,workshop-participant,donation_events_002.csv,2026-08-21T14:20:02Z
EVT-FRS-006555,6006555,2009304,012068,3004310,25000,2026-08-15T10:59:53Z,電子決済,increment-run-002,workshop-participant,donation_events_002.csv,2026-08-21T14:20:02Z
EVT-FRS-011703,6011703,2010739,132063,3000230,15000,2026-08-15T11:11:05Z,電子決済,increment-run-002,workshop-participant,donation_events_002.csv,2026-08-21T14:20:02Z
EVT-FRS-002593,6002593,2006376,262056,3002305,25000,2026-08-15T11:15:36Z,電子決済,increment-run-002,workshop-participant,donation_events_002.csv,2026-08-21T14:20:02Z
EVT-FRS-003850,6003850,2009443,112313,3000223,20000,2026-08-15T11:15:42Z,クレジットカード,increment-run-002,workshop-participant,donation_events_002.csv,2026-08-21T14:20:02Z
EVT-FRS-013047,6013047,2005826,112089,3004833,10000,2026-08-15T11:15:52Z,クレジットカード,increment-run-002,workshop-participant,donation_events_002.csv,2026-08-21T14:20:02Z
EVT-FRS-007910,6007910,2009691,152111,3005708,10000,2026-08-15T11:17:25Z,クレジットカード,increment-run-002,workshop-participant,donation_events_002.csv,2026-08-21T14:20:02Z
EVT-FRS-003231,6003231,2011620,452025,3002265,30000,2026-08-15T11:17:44Z,クレジットカード,increment-run-002,workshop-participant,donation_events_002.csv,2026-08-21T14:20:02Z
EVT-FRS-008761,6008761,2011476,042099,3004087,10000,2026-08-15T11:19:05Z,クレジットカード,increment-run-002,workshop-participant,donation_events_002.csv,2026-08-21T14:20:02Z
EVT-FRS-002754,6002754,2010041,402125,3000503,15000,2026-08-15T11:20:43Z,クレジットカード,increment-run-002,workshop-participant,donation_events_002.csv,2026-08-21T14:20:02Z
EVT-FRS-002322,6002322,2001409,262013,3003035,12000,2026-08-15T11:21:22Z,クレジットカード,increment-run-002,workshop-participant,donation_events_002.csv,2026-08-21T14:20:02Z
EVT-FRS-006552,6006552,2010386,222038,3004005,25000,2026-08-15T11:25:33Z,クレジットカード,increment-run-002,workshop-participant,donation_events_002.csv,2026-08-21T14:20:02Z
EVT-FRS-008018,6008018,2005517,062022,3001514,20000,2026-08-15T11:27:18Z,クレジットカード,increment-run-002,workshop-participant,donation_events_002.csv,2026-08-21T14:20:02Z
EVT-FRS-010188,6010188,2008467,282189,3003232,200000,2026-08-15T11:35:37Z,クレジットカード,increment-run-002,workshop-participant,donation_events_002.csv,2026-08-21T14:20:02Z
EVT-FRS-014703,6014703,2010529,203092,3002095,15000,2026-08-15T11:36:31Z,クレジットカード,increment-run-002,workshop-participant,donation_events_002.csv,2026-08-21T14:20:02Z
EVT-FRS-006253,6006253,2003495,392014,3005116,25000,2026-08-15T11:42:44Z,クレジットカード,increment-run-002,workshop-participant,donation_events_002.csv,2026-08-21T14:20:02Z
EVT-FRS-001726,6001726,2006430,123226,3003563,60000,2026-08-15T11:42:48Z,クレジットカード,increment-run-002,workshop-participant,donation_events_002.csv,2026-08-21T14:20:02Z
EVT-FRS-004191,6004191,2003457,304042,3000589,20000,2026-08-15T11:47:19Z,電子決済,increment-run-002,workshop-participant,donation_events_002.csv,2026-08-21T14:20:02Z
EVT-FRS-013596,6013596,2002990,272281,3002920,12000,2026-08-15T11:49:01Z,電子決済,increment-run-002,workshop-participant,donation_events_002.csv,2026-08-21T14:20:02Z
EVT-FRS-004206,6004206,2007956,204528,3003421,20000,2026-08-15T11:49:45Z,銀行振込,increment-run-002,workshop-participant,donation_events_002.csv,2026-08-21T14:20:02Z
EVT-FRS-009982,6009982,2001708,462209,3004744,25000,2026-08-15T11:54:16Z,電子決済,increment-run-002,workshop-participant,donation_events_002.csv,2026-08-21T14:20:02Z
EVT-FRS-004526,6004526,2000635,452041,3002113,25000,2026-08-15T11:55:02Z,クレジットカード,increment-run-002,workshop-participant,donation_events_002.csv,2026-08-21T14:20:02Z
EVT-FRS-011608,6011608,2008403,122301,3002019,20000,2026-08-15T11:59:10Z,クレジットカード,increment-run-002,workshop-participant,donation_events_002.csv,2026-08-21T14:20:02Z
EVT-FRS-005108,6005108,2010944,394025,3003237,15000,2026-08-15T12:02:01Z,電子決済,increment-run-002,workshop-participant,donation_events_002.csv,2026-08-21T14:20:02Z
EVT-FRS-011008,6011008,2001566,012068,3004310,10000,2026-08-15T12:03:21Z,クレジットカード,increment-run-002,workshop-participant,donation_events_002.csv,2026-08-21T14:20:02Z
EVT-FRS-013733,6013733,2006862,272132,3002927,12000,2026-08-15T12:05:07Z,クレジットカード,increment-run-002,workshop-participant,donation_events_002.csv,2026-08-21T14:20:02Z
EVT-FRS-004108,6004108,2010416,442020,3001534,10000,2026-08-15T12:10:48Z,電子決済,increment-run-002,workshop-participant,donation_events_002.csv,2026-08-21T14:20:02Z
EVT-FRS-007580,6007580,2007169,402311,3000112,12000,2026-08-15T12:11:10Z,クレジットカード,increment-run-002,workshop-participant,donation_events_002.csv,2026-08-21T14:20:02Z
EVT-FRS-012540,6012540,2009466,132225,3001252,10000,2026-08-15T12:12:03Z,クレジットカード,increment-run-002,workshop-participant,donation_events_002.csv,2026-08-21T14:20:02Z
EVT-FRS-012356,6012356,2008153,022012,3000608,10000,2026-08-15T12:14:11Z,クレジットカード,increment-run-002,workshop-participant,donation_events_002.csv,2026-08-21T14:20:02Z
EVT-FRS-003832,6003832,2009453,342122,3001146,25000,2026-08-15T12:15:51Z,クレジットカード,increment-run-002,workshop-participant,donation_events_002.csv,2026-08-21T14:20:02Z
EVT-FRS-010551,6010551,2007642,302023,3004649,10000,2026-08-15T12:17:35Z,クレジットカード,increment-run-002,workshop-participant,donation_events_002.csv,2026-08-21T14:20:02Z
EVT-FRS-002358,6002358,2004039,394271,3002551,10000,2026-08-15T12:21:34Z,電子決済,increment-run-002,workshop-participant,donation_events_002.csv,2026-08-21T14:20:02Z
EVT-FRS-008054,6008054,2010832,142115,3001653,10000,2026-08-15T12:21:39Z,電子決済,increment-run-002,workshop-participant,donation_events_002.csv,2026-08-21T14:20:02Z
EVT-FRS-006374,6006374,2001597,132233,3004233,40000,2026-08-15T12:21:42Z,コンビニ決済,increment-run-002,workshop-participant,donation_events_002.csv,2026-08-21T14:20:02Z
EVT-FRS-000606,6000606,2000870,202193,3000832,8000,2026-08-15T12:25:53Z,クレジットカード,increment-run-002,workshop-participant,donation_events_002.csv,2026-08-21T14:20:02Z
EVT-FRS-002611,6002611,2000440,282103,3000001,10000,2026-08-15T12:28:05Z,電子決済,increment-run-002,workshop-participant,donation_events_002.csv,2026-08-21T14:20:02Z
EVT-FRS-009282,6009282,2006926,152188,3000505,10000,2026-08-15T12:29:17Z,クレジットカード,increment-run-002,workshop-participant,donation_events_002.csv,2026-08-21T14:20:02Z
EVT-FRS-003841,6003841,2009614,192082,3000813,30000,2026-08-15T12:31:34Z,クレジットカード,increment-run-002,workshop-participant,donation_events_002.csv,2026-08-21T14:20:02Z
EVT-FRS-004025,6004025,2007136,232335,3000445,10000,2026-08-15T12:34:48Z,クレジットカード,increment-run-002,workshop-participant,donation_events_002.csv,2026-08-21T14:20:02Z
EVT-FRS-014177,6014177,2003576,075442,3001990,15000,2026-08-15T12:35:05Z,クレジットカード,increment-run-002,workshop-participant,donation_events_002.csv,2026-08-21T14:20:02Z
EVT-FRS-002181,6002181,2005044,212024,3000719,12000,2026-08-15T12:35:10Z,銀行振込,increment-run-002,workshop-participant,donation_events_002.csv,2026-08-21T14:20:02Z
EVT-FRS-009102,6009102,2007963,452025,3003435,20000,2026-08-15T12:36:33Z,クレジットカード,increment-run-002,workshop-participant,donation_events_002.csv,2026-08-21T14:20:02Z
EVT-FRS-009507,6009507,2009825,232114,3004234,15000,2026-08-15T12:37:41Z,クレジットカード,increment-run-002,workshop-participant,donation_events_002.csv,2026-08-21T14:20:02Z
EVT-FRS-011298,6011298,2003014,012343,3005414,10000,2026-08-15T12:38:19Z,クレジットカード,increment-run-002,workshop-participant,donation_events_002.csv,2026-08-21T14:20:02Z
EVT-FRS-008831,6008831,2007444,212059,3000873,20000,2026-08-15T12:42:39Z,クレジットカード,increment-run-002,workshop-participant,donation_events_002.csv,2026-08-21T14:20:02Z
EVT-FRS-009163,6009163,2003400,222232,3005504,30000,2026-08-15T13:01:54Z,クレジットカード,increment-run-002,workshop-participant,donation_events_002.csv,2026-08-21T14:20:02Z
EVT-FRS-012744,6012744,2004177,413453,3004747,10000,2026-08-15T13:04:47Z,コンビニ決済,increment-run-002,workshop-participant,donation_events_002.csv,2026-08-21T14:20:02Z
EVT-FRS-003588,6003588,2004225,281000,3002105,10000,2026-08-15T13:10:00Z,コンビニ決済,increment-run-002,workshop-participant,donation_events_002.csv,2026-08-21T14:20:02Z
EVT-FRS-004379,6004379,2000876,032166,3000027,20000,2026-08-15T13:16:36Z,クレジットカード,increment-run-002,workshop-participant,donation_events_002.csv,2026-08-21T14:20:02Z
EVT-FRS-002510,6002510,2003664,032093,3004659,15000,2026-08-15T13:18:53Z,クレジットカード,increment-run-002,workshop-participant,donation_events_002.csv,2026-08-21T14:20:02Z
EVT-FRS-001472,6001472,2009361,272132,3002927,20000,2026-08-15T13:21:24Z,銀行振込,increment-run-002,workshop-participant,donation_events_002.csv,2026-08-21T14:20:02Z
EVT-FRS-007409,6007409,2011527,122289,3004430,20000,2026-08-15T13:24:00Z,クレジットカード,increment-run-002,workshop-participant,donation_events_002.csv,2026-08-21T14:20:02Z
EVT-FRS-009722,6009722,2004364,016411,3000736,10000,2026-08-15T13:25:56Z,クレジットカード,increment-run-002,workshop-participant,donation_events_002.csv,2026-08-21T14:20:02Z
EVT-FRS-010874,6010874,2007560,152242,3001800,12000,2026-08-15T13:29:48Z,クレジットカード,increment-run-002,workshop-participant,donation_events_002.csv,2026-08-21T14:20:02Z
EVT-FRS-013324,6013324,2010497,122025,3002720,10000,2026-08-15T13:30:23Z,クレジットカード,increment-run-002,workshop-participant,donation_events_002.csv,2026-08-21T14:20:02Z
EVT-FRS-007862,6007862,2000744,282090,3005317,15000,2026-08-15T13:34:43Z,クレジットカード,increment-run-002,workshop-participant,donation_events_002.csv,2026-08-21T14:20:02Z
EVT-FRS-005925,6005925,2004666,092037,3001998,20000,2026-08-15T13:35:06Z,コンビニ決済,increment-run-002,workshop-participant,donation_events_002.csv,2026-08-21T14:20:02Z
EVT-FRS-014771,6014771,2008675,152188,3000658,70000,2026-08-15T13:35:46Z,電子決済,increment-run-002,workshop-participant,donation_events_002.csv,2026-08-21T14:20:02Z
EVT-FRS-012745,6012745,2011016,015598,3001901,15000,2026-08-15T13:39:14Z,クレジットカード,increment-run-002,workshop-participant,donation_events_002.csv,2026-08-21T14:20:02Z
EVT-FRS-006727,6006727,2004590,452025,3004334,10000,2026-08-15T13:42:05Z,電子決済,increment-run-002,workshop-participant,donation_events_002.csv,2026-08-21T14:20:02Z
EVT-FRS-011104,6011104,2005147,152251,3000622,12000,2026-08-15T13:45:55Z,銀行振込,increment-run-002,workshop-participant,donation_events_002.csv,2026-08-21T14:20:02Z
EVT-FRS-002676,6002676,2008746,452025,3005996,10000,2026-08-15T13:46:41Z,クレジットカード,increment-run-002,workshop-participant,donation_events_002.csv,2026-08-21T14:20:02Z
EVT-FRS-005997,6005997,2005520,422096,3000859,10000,2026-08-15T13:48:12Z,クレジットカード,increment-run-002,workshop-participant,donation_events_002.csv,2026-08-21T14:20:02Z
EVT-FRS-000336,6000336,2008347,102059,3004957,15000,2026-08-15T13:54:56Z,クレジットカード,increment-run-002,workshop-participant,donation_events_002.csv,2026-08-21T14:20:02Z
EVT-FRS-000641,6000641,2007354,352136,3000080,60000,2026-08-15T13:56:42Z,クレジットカード,increment-run-002,workshop-participant,donation_events_002.csv,2026-08-21T14:20:02Z
EVT-FRS-003913,6003913,2002443,222038,3004005,40000,2026-08-15T13:57:15Z,クレジットカード,increment-run-002,workshop-participant,donation_events_002.csv,2026-08-21T14:20:02Z
EVT-FRS-010200,6010200,2005477,342041,3004249,10000,2026-08-15T13:58:39Z,クレジットカード,increment-run-002,workshop-participant,donation_events_002.csv,2026-08-21T14:20:02Z
EVT-FRS-008673,6008673,2006889,432148,3004906,10000,2026-08-15T14:00:47Z,電子決済,increment-run-002,workshop-participant,donation_events_002.csv,2026-08-21T14:20:02Z
EVT-FRS-009381,6009381,2004402,152277,3002034,8000,2026-08-15T14:06:35Z,電子決済,increment-run-002,workshop-participant,donation_events_002.csv,2026-08-21T14:20:02Z
EVT-FRS-001613,6001613,2011516,032107,3005103,12000,2026-08-15T14:11:06Z,クレジットカード,increment-run-002,workshop-participant,donation_events_002.csv,2026-08-21T14:20:02Z
EVT-FRS-007101,6007101,2000355,152111,3000784,15000,2026-08-15T14:17:35Z,銀行振込,increment-run-002,workshop-participant,donation_events_002.csv,2026-08-21T14:20:02Z
EVT-FRS-007723,6007723,2002167,082112,3005005,40000,2026-08-15T14:23:48Z,クレジットカード,increment-run-002,workshop-participant,donation_events_002.csv,2026-08-21T14:20:02Z
EVT-FRS-008197,6008197,2009247,131024,3005235,15000,2026-08-15T14:31:58Z,クレジットカード,increment-run-002,workshop-participant,donation_events_002.csv,2026-08-21T14:20:02Z
EVT-FRS-010248,6010248,2005509,162019,3002576,10000,2026-08-15T14:32:55Z,銀行振込,increment-run-002,workshop-participant,donation_events_002.csv,2026-08-21T14:20:02Z
EVT-FRS-012006,6012006,2005319,052035,3001400,12000,2026-08-15T14:34:10Z,クレジットカード,increment-run-002,workshop-participant,donation_events_002.csv,2026-08-21T14:20:02Z
EVT-FRS-014550,6014550,2007480,252123,3000314,100000,2026-08-15T14:35:58Z,クレジットカード,increment-run-002,workshop-participant,donation_events_002.csv,2026-08-21T14:20:02Z
EVT-FRS-009303,6009303,2000808,232351,3004367,12000,2026-08-15T14:37:52Z,クレジットカード,increment-run-002,workshop-participant,donation_events_002.csv,2026-08-21T14:20:02Z
EVT-FRS-012942,6012942,2004448,242101,3003688,8000,2026-08-15T14:48:59Z,クレジットカード,increment-run-002,workshop-participant,donation_events_002.csv,2026-08-21T14:20:02Z
EVT-FRS-013999,6013999,2001610,212121,3001428,12000,2026-08-15T14:51:32Z,クレジットカード,increment-run-002,workshop-participant,donation_events_002.csv,2026-08-21T14:20:02Z
EVT-FRS-013088,6013088,2010806,063215,3005229,12000,2026-08-15T14:57:00Z,クレジットカード,increment-run-002,workshop-participant,donation_events_002.csv,2026-08-21T14:20:02Z
EVT-FRS-000599,6000599,2003130,134023,3003551,10000,2026-08-15T14:57:06Z,クレジットカード,increment-run-002,workshop-participant,donation_events_002.csv,2026-08-21T14:20:02Z
EVT-FRS-011075,6011075,2001975,212016,3004752,10000,2026-08-15T14:59:33Z,クレジットカード,increment-run-002,workshop-participant,donation_events_002.csv,2026-08-21T14:20:02Z
EVT-FRS-003844,6003844,2002665,204307,3003372,60000,2026-08-15T14:59:43Z,クレジットカード,increment-run-002,workshop-participant,donation_events_002.csv,2026-08-21T14:20:02Z
EVT-FRS-001817,6001817,2008947,342025,3004445,15000,2026-08-15T15:08:31Z,クレジットカード,increment-run-002,workshop-participant,donation_events_002.csv,2026-08-21T14:20:02Z
EVT-FRS-001283,6001283,2004294,262064,3003605,25000,2026-08-15T15:10:10Z,クレジットカード,increment-run-002,workshop-participant,donation_events_002.csv,2026-08-21T14:20:02Z
EVT-FRS-003240,6003240,2010482,372056,3003555,12000,2026-08-15T15:21:27Z,銀行振込,increment-run-002,workshop-participant,donation_events_002.csv,2026-08-21T14:20:02Z
EVT-FRS-014175,6014175,2000923,214019,3001126,10000,2026-08-15T15:21:50Z,銀行振込,increment-run-002,workshop-participant,donation_events_002.csv,2026-08-21T14:20:02Z
EVT-FRS-003226,6003226,2011755,011002,3004416,40000,2026-08-15T15:27:48Z,クレジットカード,increment-run-002,workshop-participant,donation_events_002.csv,2026-08-21T14:20:02Z
EVT-FRS-013676,6013676,2006704,252085,3002540,25000,2026-08-15T15:28:53Z,クレジットカード,increment-run-002,workshop-participant,donation_events_002.csv,2026-08-21T14:20:02Z
EVT-FRS-014574,6014574,2000701,013951,3004336,10000,2026-08-15T15:30:11Z,電子決済,increment-run-002,workshop-participant,donation_events_002.csv,2026-08-21T14:20:02Z
EVT-FRS-008698,6008698,2004835,032077,3003343,12000,2026-08-15T15:31:31Z,クレジットカード,increment-run-002,workshop-participant,donation_events_002.csv,2026-08-21T14:20:02Z
EVT-FRS-012387,6012387,2009820,082368,3004130,20000,2026-08-15T15:31:36Z,クレジットカード,increment-run-002,workshop-participant,donation_events_002.csv,2026-08-21T14:20:02Z
EVT-FRS-003880,6003880,2010118,292028,3003914,40000,2026-08-15T15:32:38Z,クレジットカード,increment-run-002,workshop-participant,donation_events_002.csv,2026-08-21T14:20:02Z
EVT-FRS-008235,6008235,2002915,152021,3003667,20000,2026-08-15T15:37:03Z,電子決済,increment-run-002,workshop-participant,donation_events_002.csv,2026-08-21T14:20:02Z
EVT-FRS-011833,6011833,2004027,262111,3000507,8000,2026-08-15T15:41:19Z,クレジットカード,increment-run-002,workshop-participant,donation_events_002.csv,2026-08-21T14:20:02Z
EVT-FRS-008899,6008899,2005393,073628,3005244,15000,2026-08-15T15:43:33Z,クレジットカード,increment-run-002,workshop-participant,donation_events_002.csv,2026-08-21T14:20:02Z
EVT-FRS-001040,6001040,2003992,204501,3001028,15000,2026-08-15T15:43:48Z,電子決済,increment-run-002,workshop-participant,donation_events_002.csv,2026-08-21T14:20:02Z
EVT-FRS-001155,6001155,2011435,092011,3003972,10000,2026-08-15T15:44:30Z,電子決済,increment-run-002,workshop-participant,donation_events_002.csv,2026-08-21T14:20:02Z
EVT-FRS-005929,6005929,2005713,052035,3003562,10000,2026-08-15T15:47:56Z,クレジットカード,increment-run-002,workshop-participant,donation_events_002.csv,2026-08-21T14:20:02Z
EVT-FRS-002853,6002853,2004043,232211,3002796,20000,2026-08-15T15:49:23Z,電子決済,increment-run-002,workshop-participant,donation_events_002.csv,2026-08-21T14:20:02Z
EVT-FRS-006270,6006270,2004362,012114,3002888,12000,2026-08-15T16:01:27Z,電子決済,increment-run-002,workshop-participant,donation_events_002.csv,2026-08-21T14:20:02Z
EVT-FRS-002417,6002417,2011924,182028,3004323,10000,2026-08-15T16:05:06Z,クレジットカード,increment-run-002,workshop-participant,donation_events_002.csv,2026-08-21T14:20:02Z
EVT-FRS-010044,6010044,2000305,413275,3004094,12000,2026-08-15T16:06:36Z,クレジットカード,increment-run-002,workshop-participant,donation_events_002.csv,2026-08-21T14:20:02Z
EVT-FRS-009242,6009242,2002112,222101,3005944,10000,2026-08-15T16:09:01Z,クレジットカード,increment-run-002,workshop-participant,donation_events_002.csv,2026-08-21T14:20:02Z
EVT-FRS-002053,6002053,2007392,172065,3004513,20000,2026-08-15T16:09:05Z,クレジットカード,increment-run-002,workshop-participant,donation_events_002.csv,2026-08-21T14:20:02Z
EVT-FRS-010923,6010923,2004899,292036,3005161,20000,2026-08-15T16:11:27Z,クレジットカード,increment-run-002,workshop-participant,donation_events_002.csv,2026-08-21T14:20:02Z
EVT-FRS-005370,6005370,2002989,082287,3000763,10000,2026-08-15T16:12:13Z,クレジットカード,increment-run-002,workshop-participant,donation_events_002.csv,2026-08-21T14:20:02Z
EVT-FRS-008657,6008657,2009582,022021,3003150,50000,2026-08-15T16:12:35Z,電子決済,increment-run-002,workshop-participant,donation_events_002.csv,2026-08-21T14:20:02Z
EVT-FRS-008649,6008649,2005579,122181,3005858,10000,2026-08-15T16:17:52Z,電子決済,increment-run-002,workshop-participant,donation_events_002.csv,2026-08-21T14:20:02Z
EVT-FRS-009619,6009619,2008346,212148,3000286,15000,2026-08-15T16:19:47Z,クレジットカード,increment-run-002,workshop-participant,donation_events_002.csv,2026-08-21T14:20:02Z
EVT-FRS-012715,6012715,2005747,232106,3003942,25000,2026-08-15T16:20:19Z,クレジットカード,increment-run-002,workshop-participant,donation_events_002.csv,2026-08-21T14:20:02Z
EVT-FRS-002010,6002010,2006942,132276,3000809,10000,2026-08-15T16:22:49Z,クレジットカード,increment-run-002,workshop-participant,donation_events_002.csv,2026-08-21T14:20:02Z
EVT-FRS-003929,6003929,2006994,352152,3003383,10000,2026-08-15T16:26:51Z,クレジットカード,increment-run-002,workshop-participant,donation_events_002.csv,2026-08-21T14:20:02Z
EVT-FRS-014014,6014014,2007806,072036,3004063,8000,2026-08-15T16:27:30Z,クレジットカード,increment-run-002,workshop-participant,donation_events_002.csv,2026-08-21T14:20:02Z
EVT-FRS-000875,6000875,2008519,262072,3004051,5000,2026-08-15T16:28:32Z,クレジットカード,increment-run-002,workshop-participant,donation_events_002.csv,2026-08-21T14:20:02Z
EVT-FRS-005573,6005573,2010434,012173,3002306,25000,2026-08-15T16:30:45Z,電子決済,increment-run-002,workshop-participant,donation_events_002.csv,2026-08-21T14:20:02Z
EVT-FRS-010407,6010407,2006930,062111,3002623,5000,2026-08-15T16:33:14Z,電子決済,increment-run-002,workshop-participant,donation_events_002.csv,2026-08-21T14:20:02Z
EVT-FRS-009638,6009638,2005862,074829,3001842,10000,2026-08-15T16:33:21Z,クレジットカード,increment-run-002,workshop-participant,donation_events_002.csv,2026-08-21T14:20:02Z
EVT-FRS-001160,6001160,2010306,082287,3000284,20000,2026-08-15T16:39:44Z,クレジットカード,increment-run-002,workshop-participant,donation_events_002.csv,2026-08-21T14:20:02Z
EVT-FRS-012537,6012537,2007695,142174,3003517,10000,2026-08-15T16:41:15Z,クレジットカード,increment-run-002,workshop-participant,donation_events_002.csv,2026-08-21T14:20:02Z
EVT-FRS-006820,6006820,2004331,132225,3005569,20000,2026-08-15T16:43:11Z,クレジットカード,increment-run-002,workshop-participant,donation_events_002.csv,2026-08-21T14:20:02Z
EVT-FRS-014614,6014614,2003185,272175,3001157,8000,2026-08-15T16:43:46Z,電子決済,increment-run-002,workshop-participant,donation_events_002.csv,2026-08-21T14:20:02Z
EVT-FRS-002112,6002112,2010576,213616,3001117,15000,2026-08-15T16:44:52Z,クレジットカード,increment-run-002,workshop-participant,donation_events_002.csv,2026-08-21T14:20:02Z
EVT-FRS-001510,6001510,2004709,404217,3001210,10000,2026-08-15T16:46:49Z,銀行振込,increment-run-002,workshop-participant,donation_events_002.csv,2026-08-21T14:20:02Z
EVT-FRS-000643,6000643,2005340,262013,3003531,20000,2026-08-15T16:46:50Z,電子決済,increment-run-002,workshop-participant,donation_events_002.csv,2026-08-21T14:20:02Z
EVT-FRS-005091,6005091,2001054,313840,3004432,10000,2026-08-15T16:47:29Z,クレジットカード,increment-run-002,workshop-participant,donation_events_002.csv,2026-08-21T14:20:02Z
EVT-FRS-010764,6010764,2007306,292044,3002534,50000,2026-08-15T16:47:57Z,クレジットカード,increment-run-002,workshop-participant,donation_events_002.csv,2026-08-21T14:20:02Z
EVT-FRS-007122,6007122,2009292,272027,3004748,10000,2026-08-15T16:49:35Z,クレジットカード,increment-run-002,workshop-participant,donation_events_002.csv,2026-08-21T14:20:02Z
EVT-FRS-007856,6007856,2009560,262072,3000926,10000,2026-08-15T16:55:02Z,クレジットカード,increment-run-002,workshop-participant,donation_events_002.csv,2026-08-21T14:20:02Z
EVT-FRS-008038,6008038,2003769,012165,3000290,20000,2026-08-15T16:57:25Z,クレジットカード,increment-run-002,workshop-participant,donation_events_002.csv,2026-08-21T14:20:02Z
EVT-FRS-011055,6011055,2000198,302031,3002572,8000,2026-08-15T17:03:37Z,クレジットカード,increment-run-002,workshop-participant,donation_events_002.csv,2026-08-21T14:20:02Z
EVT-FRS-008656,6008656,2005432,162060,3000124,20000,2026-08-15T17:04:34Z,クレジットカード,increment-run-002,workshop-participant,donation_events_002.csv,2026-08-21T14:20:02Z
EVT-FRS-004552,6004552,2007359,103454,3003402,5000,2026-08-15T17:05:05Z,クレジットカード,increment-run-002,workshop-participant,donation_events_002.csv,2026-08-21T14:20:02Z
EVT-FRS-005766,6005766,2007477,232190,3005560,12000,2026-08-15T17:05:48Z,クレジットカード,increment-run-002,workshop-participant,donation_events_002.csv,2026-08-21T14:20:02Z
EVT-FRS-012242,6012242,2000229,263672,3004163,10000,2026-08-15T17:16:16Z,クレジットカード,increment-run-002,workshop-participant,donation_events_002.csv,2026-08-21T14:20:02Z
EVT-FRS-012555,6012555,2010733,324493,3004472,15000,2026-08-15T17:22:47Z,電子決済,increment-run-002,workshop-participant,donation_events_002.csv,2026-08-21T14:20:02Z
EVT-FRS-008128,6008128,2004073,282103,3002698,15000,2026-08-15T17:27:19Z,クレジットカード,increment-run-002,workshop-participant,donation_events_002.csv,2026-08-21T14:20:02Z
EVT-FRS-002603,6002603,2011741,422029,3001293,10000,2026-08-15T17:27:47Z,クレジットカード,increment-run-002,workshop-participant,donation_events_002.csv,2026-08-21T14:20:02Z
EVT-FRS-009764,6009764,2008962,172073,3000441,10000,2026-08-15T17:37:06Z,クレジットカード,increment-run-002,workshop-participant,donation_events_002.csv,2026-08-21T14:20:02Z
EVT-FRS-011590,6011590,2005464,072028,3002288,10000,2026-08-15T17:37:17Z,電子決済,increment-run-002,workshop-participant,donation_events_002.csv,2026-08-21T14:20:02Z
EVT-FRS-011447,6011447,2007683,282219,3000999,50000,2026-08-15T17:39:40Z,クレジットカード,increment-run-002,workshop-participant,donation_events_002.csv,2026-08-21T14:20:02Z
EVT-FRS-001226,6001226,2009303,462209,3000903,20000,2026-08-15T17:39:55Z,銀行振込,increment-run-002,workshop-participant,donation_events_002.csv,2026-08-21T14:20:02Z
EVT-FRS-005058,6005058,2006139,105244,3000786,5000,2026-08-15T17:43:45Z,クレジットカード,increment-run-002,workshop-participant,donation_events_002.csv,2026-08-21T14:20:02Z
EVT-FRS-005494,6005494,2004386,382078,3000602,15000,2026-08-15T17:45:01Z,コンビニ決済,increment-run-002,workshop-participant,donation_events_002.csv,2026-08-21T14:20:02Z
EVT-FRS-011415,6011415,2010369,432113,3005288,5000,2026-08-15T17:46:46Z,クレジットカード,increment-run-002,workshop-participant,donation_events_002.csv,2026-08-21T14:20:02Z
EVT-FRS-001713,6001713,2007642,342157,3002242,20000,2026-08-15T17:47:12Z,銀行振込,increment-run-002,workshop-participant,donation_events_002.csv,2026-08-21T14:20:02Z
EVT-FRS-012402,6012402,2010627,032085,3003426,12000,2026-08-15T17:48:10Z,クレジットカード,increment-run-002,workshop-participant,donation_events_002.csv,2026-08-21T14:20:02Z
EVT-FRS-002893,6002893,2005222,442089,3000807,12000,2026-08-15T17:59:59Z,クレジットカード,increment-run-002,workshop-participant,donation_events_002.csv,2026-08-21T14:20:02Z
EVT-FRS-001628,6001628,2008665,202029,3000551,30000,2026-08-15T18:01:00Z,クレジットカード,increment-run-002,workshop-participant,donation_events_002.csv,2026-08-21T14:20:02Z
EVT-FRS-012833,6012833,2003304,092053,3004169,25000,2026-08-15T18:03:31Z,電子決済,increment-run-002,workshop-participant,donation_events_002.csv,2026-08-21T14:20:02Z
EVT-FRS-013727,6013727,2009985,182028,3004323,20000,2026-08-15T18:06:12Z,銀行振込,increment-run-002,workshop-participant,donation_events_002.csv,2026-08-21T14:20:02Z
EVT-FRS-013791,6013791,2011585,402265,3001994,20000,2026-08-15T18:06:44Z,クレジットカード,increment-run-002,workshop-participant,donation_events_002.csv,2026-08-21T14:20:02Z
EVT-FRS-012802,6012802,2004535,302023,3005059,10000,2026-08-15T18:07:19Z,クレジットカード,increment-run-002,workshop-participant,donation_events_002.csv,2026-08-21T14:20:02Z
EVT-FRS-007381,6007381,2010303,242144,3005925,15000,2026-08-15T18:07:22Z,クレジットカード,increment-run-002,workshop-participant,donation_events_002.csv,2026-08-21T14:20:02Z
EVT-FRS-005851,6005851,2000447,362026,3001386,12000,2026-08-15T18:09:25Z,コンビニ決済,increment-run-002,workshop-participant,donation_events_002.csv,2026-08-21T14:20:02Z
EVT-FRS-011458,6011458,2001311,032077,3001732,15000,2026-08-15T18:10:00Z,銀行振込,increment-run-002,workshop-participant,donation_events_002.csv,2026-08-21T14:20:02Z
EVT-FRS-000393,6000393,2002013,022012,3000455,20000,2026-08-15T18:11:23Z,クレジットカード,increment-run-002,workshop-participant,donation_events_002.csv,2026-08-21T14:20:02Z
EVT-FRS-001029,6001029,2000821,075043,3004090,10000,2026-08-15T18:15:28Z,クレジットカード,increment-run-002,workshop-participant,donation_events_002.csv,2026-08-21T14:20:02Z
EVT-FRS-001005,6001005,2002215,342157,3004528,10000,2026-08-15T18:17:03Z,クレジットカード,increment-run-002,workshop-participant,donation_events_002.csv,2026-08-21T14:20:02Z
EVT-FRS-013694,6013694,2009473,122351,3003069,15000,2026-08-15T18:19:07Z,クレジットカード,increment-run-002,workshop-participant,donation_events_002.csv,2026-08-21T14:20:02Z
EVT-FRS-001909,6001909,2000894,062138,3001867,10000,2026-08-15T18:22:56Z,クレジットカード,increment-run-002,workshop-participant,donation_events_002.csv,2026-08-21T14:20:02Z
EVT-FRS-001643,6001643,2003753,016411,3003167,10000,2026-08-15T18:23:08Z,クレジットカード,increment-run-002,workshop-participant,donation_events_002.csv,2026-08-21T14:20:02Z
EVT-FRS-002338,6002338,2010058,075442,3003767,8000,2026-08-15T18:24:54Z,クレジットカード,increment-run-002,workshop-participant,donation_events_002.csv,2026-08-21T14:20:02Z
EVT-FRS-000070,6000070,2010712,012211,3005559,20000,2026-08-15T18:27:47Z,電子決済,increment-run-002,workshop-participant,donation_events_002.csv,2026-08-21T14:20:02Z
EVT-FRS-012198,6012198,2009241,432113,3001974,50000,2026-08-15T18:28:40Z,電子決済,increment-run-002,workshop-participant,donation_events_002.csv,2026-08-21T14:20:02Z
EVT-FRS-008861,6008861,2007691,272256,3000676,10000,2026-08-15T18:31:43Z,クレジットカード,increment-run-002,workshop-participant,donation_events_002.csv,2026-08-21T14:20:02Z
EVT-FRS-008626,6008626,2007671,272086,3005869,20000,2026-08-15T18:35:53Z,コンビニ決済,increment-run-002,workshop-participant,donation_events_002.csv,2026-08-21T14:20:02Z
EVT-FRS-006212,6006212,2000277,012360,3003759,12000,2026-08-15T18:36:17Z,クレジットカード,increment-run-002,workshop-participant,donation_events_002.csv,2026-08-21T14:20:02Z
EVT-FRS-013759,6013759,2003991,452025,3005996,10000,2026-08-15T18:38:15Z,クレジットカード,increment-run-002,workshop-participant,donation_events_002.csv,2026-08-21T14:20:02Z
EVT-FRS-006607,6006607,2002411,052035,3001400,8000,2026-08-15T18:38:55Z,クレジットカード,increment-run-002,workshop-participant,donation_events_002.csv,2026-08-21T14:20:02Z
EVT-FRS-012358,6012358,2010007,202029,3002523,15000,2026-08-15T18:42:08Z,クレジットカード,increment-run-002,workshop-participant,donation_events_002.csv,2026-08-21T14:20:02Z
EVT-FRS-012791,6012791,2002769,232149,3000148,20000,2026-08-15T18:42:56Z,クレジットカード,increment-run-002,workshop-participant,donation_events_002.csv,2026-08-21T14:20:02Z
EVT-FRS-003933,6003933,2004602,162086,3002067,20000,2026-08-15T18:44:33Z,クレジットカード,increment-run-002,workshop-participant,donation_events_002.csv,2026-08-21T14:20:02Z
EVT-FRS-011566,6011566,2009329,262021,3001081,12000,2026-08-15T18:55:08Z,銀行振込,increment-run-002,workshop-participant,donation_events_002.csv,2026-08-21T14:20:02Z
EVT-FRS-011726,6011726,2010743,292109,3005903,20000,2026-08-15T18:57:22Z,コンビニ決済,increment-run-002,workshop-participant,donation_events_002.csv,2026-08-21T14:20:02Z
EVT-FRS-012629,6012629,2009149,142174,3002413,12000,2026-08-15T18:59:03Z,クレジットカード,increment-run-002,workshop-participant,donation_events_002.csv,2026-08-21T14:20:02Z
EVT-FRS-003903,6003903,2006581,412082,3005539,30000,2026-08-15T19:01:07Z,銀行振込,increment-run-002,workshop-participant,donation_events_002.csv,2026-08-21T14:20:02Z
EVT-FRS-004957,6004957,2003695,362042,3002190,8000,2026-08-15T19:07:21Z,電子決済,increment-run-002,workshop-participant,donation_events_002.csv,2026-08-21T14:20:02Z
EVT-FRS-012138,6012138,2001673,112020,3002647,20000,2026-08-15T19:09:08Z,クレジットカード,increment-run-002,workshop-participant,donation_events_002.csv,2026-08-21T14:20:02Z
EVT-FRS-003363,6003363,2006205,272132,3003896,20000,2026-08-15T19:14:35Z,電子決済,increment-run-002,workshop-participant,donation_events_002.csv,2026-08-21T14:20:02Z
EVT-FRS-003304,6003304,2002304,304247,3002915,10000,2026-08-15T19:14:56Z,クレジットカード,increment-run-002,workshop-participant,donation_events_002.csv,2026-08-21T14:20:02Z
EVT-FRS-006011,6006011,2004316,431001,3002471,40000,2026-08-15T19:16:52Z,銀行振込,increment-run-002,workshop-participant,donation_events_002.csv,2026-08-21T14:20:02Z
EVT-FRS-003489,6003489,2009108,032093,3004659,12000,2026-08-15T19:17:55Z,クレジットカード,increment-run-002,workshop-participant,donation_events_002.csv,2026-08-21T14:20:02Z
EVT-FRS-008630,6008630,2007521,124435,3001697,8000,2026-08-15T19:21:42Z,クレジットカード,increment-run-002,workshop-participant,donation_events_002.csv,2026-08-21T14:20:02Z
EVT-FRS-009366,6009366,2002435,342122,3000989,5000,2026-08-15T19:22:51Z,クレジットカード,increment-run-002,workshop-participant,donation_events_002.csv,2026-08-21T14:20:02Z
EVT-FRS-005578,6005578,2008092,022071,3001533,10000,2026-08-15T19:23:01Z,電子決済,increment-run-002,workshop-participant,donation_events_002.csv,2026-08-21T14:20:02Z
EVT-FRS-014803,6014803,2002936,392065,3001973,5000,2026-08-15T19:27:53Z,クレジットカード,increment-run-002,workshop-participant,donation_events_002.csv,2026-08-21T14:20:02Z
EVT-FRS-001609,6001609,2011904,122351,3003069,20000,2026-08-15T19:32:20Z,クレジットカード,increment-run-002,workshop-participant,donation_events_002.csv,2026-08-21T14:20:02Z
EVT-FRS-012316,6012316,2003076,062031,3003652,30000,2026-08-15T19:32:44Z,コンビニ決済,increment-run-002,workshop-participant,donation_events_002.csv,2026-08-21T14:20:02Z
EVT-FRS-013603,6013603,2007811,194425,3003829,60000,2026-08-15T19:33:09Z,クレジットカード,increment-run-002,workshop-participant,donation_events_002.csv,2026-08-21T14:20:02Z
EVT-FRS-011807,6011807,2002709,092061,3002452,12000,2026-08-15T19:33:19Z,クレジットカード,increment-run-002,workshop-participant,donation_events_002.csv,2026-08-21T14:20:02Z
EVT-FRS-014885,6014885,2004757,452025,3004334,8000,2026-08-15T19:37:23Z,銀行振込,increment-run-002,workshop-participant,donation_events_002.csv,2026-08-21T14:20:02Z
EVT-FRS-003227,6003227,2010328,032093,3005383,40000,2026-08-15T19:41:56Z,電子決済,increment-run-002,workshop-participant,donation_events_002.csv,2026-08-21T14:20:02Z
EVT-FRS-008185,6008185,2011183,232017,3005339,5000,2026-08-15T19:44:06Z,クレジットカード,increment-run-002,workshop-participant,donation_events_002.csv,2026-08-21T14:20:02Z
EVT-FRS-002114,6002114,2004914,012173,3003495,10000,2026-08-15T19:46:22Z,コンビニ決済,increment-run-002,workshop-participant,donation_events_002.csv,2026-08-21T14:20:02Z
EVT-FRS-000977,6000977,2011751,052124,3003548,8000,2026-08-15T19:47:16Z,電子決済,increment-run-002,workshop-participant,donation_events_002.csv,2026-08-21T14:20:02Z
EVT-FRS-011671,6011671,2002842,432105,3003521,40000,2026-08-15T19:48:05Z,電子決済,increment-run-002,workshop-participant,donation_events_002.csv,2026-08-21T14:20:02Z
EVT-FRS-012363,6012363,2001865,442143,3000579,20000,2026-08-15T19:55:10Z,クレジットカード,increment-run-002,workshop-participant,donation_events_002.csv,2026-08-21T14:20:02Z
EVT-FRS-009499,6009499,2000613,232289,3000052,30000,2026-08-15T20:03:43Z,クレジットカード,increment-run-002,workshop-participant,donation_events_002.csv,2026-08-21T14:20:02Z
EVT-FRS-006371,6006371,2005014,012190,3003992,10000,2026-08-15T20:06:23Z,銀行振込,increment-run-002,workshop-participant,donation_events_002.csv,2026-08-21T14:20:02Z
EVT-FRS-013266,6013266,2004320,184811,3002058,5000,2026-08-15T20:07:44Z,クレジットカード,increment-run-002,workshop-participant,donation_events_002.csv,2026-08-21T14:20:02Z
EVT-FRS-004251,6004251,2001728,122181,3005127,30000,2026-08-15T20:11:00Z,電子決済,increment-run-002,workshop-participant,donation_events_002.csv,2026-08-21T14:20:02Z
EVT-FRS-006757,6006757,2006974,032158,3001335,8000,2026-08-15T20:11:29Z,クレジットカード,increment-run-002,workshop-participant,donation_events_002.csv,2026-08-21T14:20:02Z
EVT-FRS-009712,6009712,2007282,302031,3004632,20000,2026-08-15T20:18:53Z,クレジットカード,increment-run-002,workshop-participant,donation_events_002.csv,2026-08-21T14:20:02Z
EVT-FRS-000344,6000344,2011673,012238,3001524,10000,2026-08-15T20:22:32Z,クレジットカード,increment-run-002,workshop-participant,donation_events_002.csv,2026-08-21T14:20:02Z
EVT-FRS-002454,6002454,2000051,192040,3000725,12000,2026-08-15T20:22:58Z,クレジットカード,increment-run-002,workshop-participant,donation_events_002.csv,2026-08-21T14:20:02Z
EVT-FRS-010306,6010306,2004309,232254,3001930,8000,2026-08-15T20:29:56Z,クレジットカード,increment-run-002,workshop-participant,donation_events_002.csv,2026-08-21T14:20:02Z
EVT-FRS-005520,6005520,2011041,082317,3005687,12000,2026-08-15T20:33:40Z,クレジットカード,increment-run-002,workshop-participant,donation_events_002.csv,2026-08-21T14:20:02Z
EVT-FRS-002253,6002253,2002199,262013,3003531,5000,2026-08-15T20:36:26Z,クレジットカード,increment-run-002,workshop-participant,donation_events_002.csv,2026-08-21T14:20:02Z
EVT-FRS-009081,6009081,2008460,422045,3004760,40000,2026-08-15T20:39:11Z,クレジットカード,increment-run-002,workshop-participant,donation_events_002.csv,2026-08-21T14:20:02Z
EVT-FRS-002673,6002673,2009563,454419,3001958,10000,2026-08-15T20:42:54Z,クレジットカード,increment-run-002,workshop-participant,donation_events_002.csv,2026-08-21T14:20:02Z
EVT-FRS-007178,6007178,2005835,112321,3003106,40000,2026-08-15T20:45:42Z,クレジットカード,increment-run-002,workshop-participant,donation_events_002.csv,2026-08-21T14:20:02Z
EVT-FRS-002519,6002519,2005615,432164,3000310,10000,2026-08-15T20:47:09Z,銀行振込,increment-run-002,workshop-participant,donation_events_002.csv,2026-08-21T14:20:02Z
EVT-FRS-002683,6002683,2000068,172120,3000647,10000,2026-08-15T20:49:29Z,クレジットカード,increment-run-002,workshop-participant,donation_events_002.csv,2026-08-21T14:20:02Z
EVT-FRS-006053,6006053,2008760,362026,3001386,10000,2026-08-15T20:51:20Z,クレジットカード,increment-run-002,workshop-participant,donation_events_002.csv,2026-08-21T14:20:02Z
EVT-FRS-007086,6007086,2005656,412023,3005402,20000,2026-08-15T21:00:18Z,クレジットカード,increment-run-002,workshop-participant,donation_events_002.csv,2026-08-21T14:20:02Z
EVT-FRS-012463,6012463,2000266,272027,3004980,15000,2026-08-15T21:02:12Z,電子決済,increment-run-002,workshop-participant,donation_events_002.csv,2026-08-21T14:20:02Z
EVT-FRS-004124,6004124,2007710,152111,3003957,10000,2026-08-15T21:05:03Z,クレジットカード,increment-run-002,workshop-participant,donation_events_002.csv,2026-08-21T14:20:02Z
EVT-FRS-013049,6013049,2007370,052043,3002053,8000,2026-08-15T21:09:19Z,クレジットカード,increment-run-002,workshop-participant,donation_events_002.csv,2026-08-21T14:20:02Z
EVT-FRS-005612,6005612,2007360,052043,3002053,12000,2026-08-15T21:09:42Z,クレジットカード,increment-run-002,workshop-participant,donation_events_002.csv,2026-08-21T14:20:02Z
EVT-FRS-011531,6011531,2002751,142166,3005784,20000,2026-08-15T21:16:19Z,電子決済,increment-run-002,workshop-participant,donation_events_002.csv,2026-08-21T14:20:02Z
EVT-FRS-011460,6011460,2005577,232327,3004991,10000,2026-08-15T21:26:37Z,クレジットカード,increment-run-002,workshop-participant,donation_events_002.csv,2026-08-21T14:20:02Z
EVT-FRS-011475,6011475,2004872,272302,3000214,20000,2026-08-15T21:29:02Z,電子決済,increment-run-002,workshop-participant,donation_events_002.csv,2026-08-21T14:20:02Z
EVT-FRS-008951,6008951,2005506,035033,3004331,20000,2026-08-15T21:35:17Z,コンビニ決済,increment-run-002,workshop-participant,donation_events_002.csv,2026-08-21T14:20:02Z
EVT-FRS-007241,6007241,2004193,262030,3005272,10000,2026-08-15T21:37:20Z,銀行振込,increment-run-002,workshop-participant,donation_events_002.csv,2026-08-21T14:20:02Z
EVT-FRS-003873,6003873,2011979,472018,3000256,8000,2026-08-15T21:39:05Z,コンビニ決済,increment-run-002,workshop-participant,donation_events_002.csv,2026-08-21T14:20:02Z
EVT-FRS-007219,6007219,2009129,372048,3001604,10000,2026-08-15T21:41:52Z,クレジットカード,increment-run-002,workshop-participant,donation_events_002.csv,2026-08-21T14:20:02Z
EVT-FRS-011150,6011150,2000890,092118,3005676,10000,2026-08-15T21:42:36Z,クレジットカード,increment-run-002,workshop-participant,donation_events_002.csv,2026-08-21T14:20:02Z
EVT-FRS-000946,6000946,2010307,092053,3003962,20000,2026-08-15T21:46:29Z,クレジットカード,increment-run-002,workshop-participant,donation_events_002.csv,2026-08-21T14:20:02Z
EVT-FRS-013401,6013401,2001758,432032,3005216,15000,2026-08-15T21:48:05Z,クレジットカード,increment-run-002,workshop-participant,donation_events_002.csv,2026-08-21T14:20:02Z
EVT-FRS-006005,6006005,2002730,462063,3004095,15000,2026-08-15T21:56:45Z,電子決済,increment-run-002,workshop-participant,donation_events_002.csv,2026-08-21T14:20:02Z
EVT-FRS-001475,6001475,2001485,452041,3002113,12000,2026-08-15T21:56:52Z,クレジットカード,increment-run-002,workshop-participant,donation_events_002.csv,2026-08-21T14:20:02Z
EVT-FRS-004755,6004755,2004451,394114,3004253,10000,2026-08-15T21:57:06Z,クレジットカード,increment-run-002,workshop-participant,donation_events_002.csv,2026-08-21T14:20:02Z
EVT-FRS-001137,6001137,2003311,434477,3001326,8000,2026-08-15T21:58:15Z,クレジットカード,increment-run-002,workshop-participant,donation_events_002.csv,2026-08-21T14:20:02Z
EVT-FRS-014409,6014409,2004066,052060,3003485,20000,2026-08-15T22:04:26Z,電子決済,increment-run-002,workshop-participant,donation_events_002.csv,2026-08-21T14:20:02Z
EVT-FRS-004296,6004296,2002364,063223,3004618,10000,2026-08-15T22:05:05Z,クレジットカード,increment-run-002,workshop-participant,donation_events_002.csv,2026-08-21T14:20:02Z
EVT-FRS-000111,6000111,2006679,462179,3005545,12000,2026-08-15T22:12:44Z,クレジットカード,increment-run-002,workshop-participant,donation_events_002.csv,2026-08-21T14:20:02Z
EVT-FRS-009276,6009276,2007748,052124,3003014,10000,2026-08-15T22:12:52Z,銀行振込,increment-run-002,workshop-participant,donation_events_002.csv,2026-08-21T14:20:02Z
EVT-FRS-003644,6003644,2000023,202011,3000175,12000,2026-08-15T22:15:42Z,クレジットカード,increment-run-002,workshop-participant,donation_events_002.csv,2026-08-21T14:20:02Z
EVT-FRS-013716,6013716,2001520,182052,3005605,20000,2026-08-15T22:18:20Z,クレジットカード,increment-run-002,workshop-participant,donation_events_002.csv,2026-08-21T14:20:02Z
EVT-FRS-013217,6013217,2001722,012149,3002079,15000,2026-08-15T22:20:02Z,クレジットカード,increment-run-002,workshop-participant,donation_events_002.csv,2026-08-21T14:20:02Z
EVT-FRS-003624,6003624,2000309,012173,3004992,10000,2026-08-15T22:20:22Z,クレジットカード,increment-run-002,workshop-participant,donation_events_002.csv,2026-08-21T14:20:02Z
EVT-FRS-005546,6005546,2004284,182044,3004869,50000,2026-08-15T22:22:11Z,クレジットカード,increment-run-002,workshop-participant,donation_events_002.csv,2026-08-21T14:20:02Z
EVT-FRS-002084,6002084,2005517,204862,3001614,8000,2026-08-15T22:24:00Z,銀行振込,increment-run-002,workshop-participant,donation_events_002.csv,2026-08-21T14:20:02Z
EVT-FRS-000361,6000361,2002609,016390,3005273,20000,2026-08-15T22:24:50Z,電子決済,increment-run-002,workshop-participant,donation_events_002.csv,2026-08-21T14:20:02Z
EVT-FRS-002378,6002378,2002822,152048,3002702,10000,2026-08-15T22:25:16Z,クレジットカード,increment-run-002,workshop-participant,donation_events_002.csv,2026-08-21T14:20:02Z
EVT-FRS-006232,6006232,2001934,012190,3001672,10000,2026-08-15T22:37:08Z,電子決済,increment-run-002,workshop-participant,donation_events_002.csv,2026-08-21T14:20:02Z
EVT-FRS-011251,6011251,2004623,364681,3003818,30000,2026-08-15T22:38:03Z,クレジットカード,increment-run-002,workshop-participant,donation_events_002.csv,2026-08-21T14:20:02Z
EVT-FRS-012966,6012966,2006186,082104,3005739,12000,2026-08-15T22:41:24Z,クレジットカード,increment-run-002,workshop-participant,donation_events_002.csv,2026-08-21T14:20:02Z
EVT-FRS-001827,6001827,2006614,082350,3004135,20000,2026-08-15T22:44:09Z,電子決済,increment-run-002,workshop-participant,donation_events_002.csv,2026-08-21T14:20:02Z
EVT-FRS-012604,6012604,2001102,342157,3004528,15000,2026-08-15T22:44:56Z,クレジットカード,increment-run-002,workshop-participant,donation_events_002.csv,2026-08-21T14:20:02Z
EVT-FRS-008562,6008562,2004652,462241,3001592,25000,2026-08-15T22:45:03Z,電子決済,increment-run-002,workshop-participant,donation_events_002.csv,2026-08-21T14:20:02Z
EVT-FRS-013123,6013123,2004225,014702,3000748,100000,2026-08-15T22:46:50Z,クレジットカード,increment-run-002,workshop-participant,donation_events_002.csv,2026-08-21T14:20:02Z
EVT-FRS-014769,6014769,2006674,402265,3001891,5000,2026-08-15T22:49:18Z,クレジットカード,increment-run-002,workshop-participant,donation_events_002.csv,2026-08-21T14:20:02Z
EVT-FRS-012004,6012004,2011138,402231,3002352,10000,2026-08-15T22:52:32Z,コンビニ決済,increment-run-002,workshop-participant,donation_events_002.csv,2026-08-21T14:20:02Z
EVT-FRS-014749,6014749,2000971,012173,3001691,15000,2026-08-15T22:57:09Z,電子決済,increment-run-002,workshop-participant,donation_events_002.csv,2026-08-21T14:20:02Z
EVT-FRS-005586,6005586,2009373,312029,3003101,8000,2026-08-15T23:02:38Z,クレジットカード,increment-run-002,workshop-participant,donation_events_002.csv,2026-08-21T14:20:02Z
EVT-FRS-003195,6003195,2004770,362069,3005186,20000,2026-08-15T23:03:09Z,コンビニ決済,increment-run-002,workshop-participant,donation_events_002.csv,2026-08-21T14:20:02Z
EVT-FRS-011022,6011022,2010945,075442,3001990,40000,2026-08-15T23:04:03Z,電子決済,increment-run-002,workshop-participant,donation_events_002.csv,2026-08-21T14:20:02Z
EVT-FRS-001030,6001030,2006339,122343,3003672,50000,2026-08-15T23:05:24Z,クレジットカード,increment-run-002,workshop-participant,donation_events_002.csv,2026-08-21T14:20:02Z
EVT-FRS-004611,6004611,2006816,234460,3000098,70000,2026-08-15T23:09:55Z,電子決済,increment-run-002,workshop-participant,donation_events_002.csv,2026-08-21T14:20:02Z
EVT-FRS-000570,6000570,2007232,442020,3004882,15000,2026-08-15T23:25:16Z,クレジットカード,increment-run-002,workshop-participant,donation_events_002.csv,2026-08-21T14:20:02Z
EVT-FRS-000577,6000577,2008018,442135,3000701,15000,2026-08-15T23:25:29Z,クレジットカード,increment-run-002,workshop-participant,donation_events_002.csv,2026-08-21T14:20:02Z
EVT-FRS-010485,6010485,2007051,222097,3004450,20000,2026-08-15T23:28:16Z,クレジットカード,increment-run-002,workshop-participant,donation_events_002.csv,2026-08-21T14:20:02Z
EVT-FRS-001175,6001175,2009918,435058,3003361,15000,2026-08-15T23:35:29Z,クレジットカード,increment-run-002,workshop-participant,donation_events_002.csv,2026-08-21T14:20:02Z
EVT-FRS-005391,6005391,2005630,073687,3004182,30000,2026-08-15T23:36:13Z,クレジットカード,increment-run-002,workshop-participant,donation_events_002.csv,2026-08-21T14:20:02Z
EVT-FRS-009893,6009893,2006920,152081,3004114,20000,2026-08-15T23:36:21Z,クレジットカード,increment-run-002,workshop-participant,donation_events_002.csv,2026-08-21T14:20:02Z
EVT-FRS-009010,6009010,2000553,472131,3001848,50000,2026-08-15T23:40:14Z,クレジットカード,increment-run-002,workshop-participant,donation_events_002.csv,2026-08-21T14:20:02Z
EVT-FRS-000217,6000217,2004012,452025,3004014,8000,2026-08-15T23:44:49Z,銀行振込,increment-run-002,workshop-participant,donation_events_002.csv,2026-08-21T14:20:02Z
EVT-FRS-009582,6009582,2002085,112402,3002460,15000,2026-08-15T23:46:54Z,クレジットカード,increment-run-002,workshop-participant,donation_events_002.csv,2026-08-21T14:20:02Z
EVT-FRS-002013,6002013,2010005,442089,3004154,15000,2026-08-15T23:50:16Z,クレジットカード,increment-run-002,workshop-participant,donation_events_002.csv,2026-08-21T14:20:02Z
EVT-FRS-000283,6000283,2010198,464686,3002859,8000,2026-08-15T23:53:08Z,クレジットカード,increment-run-002,workshop-participant,donation_events_002.csv,2026-08-21T14:20:02Z
EVT-FRS-002919,6002919,2001223,342131,3001985,8000,2026-08-15T23:56:44Z,コンビニ決済,increment-run-002,workshop-participant,donation_events_002.csv,2026-08-21T14:20:02Z
EVT-FRS-013921,6013921,2000976,204153,3000564,15000,2026-08-15T23:59:25Z,コンビニ決済,increment-run-002,workshop-participant,donation_events_002.csv,2026-08-21T14:20:02Z
EVT-FRS-004181,6004181,2005861,422037,3003660,20000,2026-08-16T00:01:31Z,電子決済,increment-run-002,workshop-participant,donation_events_002.csv,2026-08-21T14:20:02Z
EVT-FRS-009188,6009188,2005620,122351,3000742,8000,2026-08-16T00:09:25Z,銀行振込,increment-run-002,workshop-participant,donation_events_002.csv,2026-08-21T14:20:02Z
EVT-FRS-006367,6006367,2003430,472093,3005460,10000,2026-08-16T00:20:32Z,コンビニ決済,increment-run-002,workshop-participant,donation_events_002.csv,2026-08-21T14:20:02Z
EVT-FRS-000484,6000484,2007023,413275,3002950,100000,2026-08-16T00:31:02Z,クレジットカード,increment-run-002,workshop-participant,donation_events_002.csv,2026-08-21T14:20:02Z
EVT-FRS-007127,6007127,2008354,331007,3001270,10000,2026-08-16T00:31:07Z,クレジットカード,increment-run-002,workshop-participant,donation_events_002.csv,2026-08-21T14:20:02Z
EVT-FRS-012020,6012020,2002146,282073,3002378,10000,2026-08-16T00:37:55Z,銀行振込,increment-run-002,workshop-participant,donation_events_002.csv,2026-08-21T14:20:02Z
EVT-FRS-001047,6001047,2008381,402273,3000987,15000,2026-08-16T00:39:22Z,クレジットカード,increment-run-002,workshop-participant,donation_events_002.csv,2026-08-21T14:20:02Z
EVT-FRS-002019,6002019,2000183,472158,3000529,15000,2026-08-16T00:42:04Z,電子決済,increment-run-002,workshop-participant,donation_events_002.csv,2026-08-21T14:20:02Z
EVT-FRS-004051,6004051,2003349,082121,3005090,10000,2026-08-16T00:46:00Z,クレジットカード,increment-run-002,workshop-participant,donation_events_002.csv,2026-08-21T14:20:02Z
EVT-FRS-009468,6009468,2002987,063657,3000718,15000,2026-08-16T00:46:01Z,クレジットカード,increment-run-002,workshop-participant,donation_events_002.csv,2026-08-21T14:20:02Z
EVT-FRS-008357,6008357,2008058,122378,3001766,40000,2026-08-16T00:47:26Z,クレジットカード,increment-run-002,workshop-participant,donation_events_002.csv,2026-08-21T14:20:02Z
EVT-FRS-005106,6005106,2010614,452068,3004711,10000,2026-08-16T00:50:27Z,電子決済,increment-run-002,workshop-participant,donation_events_002.csv,2026-08-21T14:20:02Z
EVT-FRS-001738,6001738,2008053,242128,3005700,10000,2026-08-16T00:52:19Z,クレジットカード,increment-run-002,workshop-participant,donation_events_002.csv,2026-08-21T14:20:02Z
EVT-FRS-014732,6014732,2002212,412104,3002420,20000,2026-08-16T00:52:49Z,クレジットカード,increment-run-002,workshop-participant,donation_events_002.csv,2026-08-21T14:20:02Z
EVT-FRS-002521,6002521,2003200,012092,3003696,25000,2026-08-16T01:03:57Z,クレジットカード,increment-run-002,workshop-participant,donation_events_002.csv,2026-08-21T14:20:02Z
EVT-FRS-005322,6005322,2002686,232149,3003066,8000,2026-08-16T01:11:12Z,コンビニ決済,increment-run-002,workshop-participant,donation_events_002.csv,2026-08-21T14:20:02Z
EVT-FRS-001731,6001731,2007043,302074,3002081,30000,2026-08-16T01:27:55Z,銀行振込,increment-run-002,workshop-participant,donation_events_002.csv,2026-08-21T14:20:02Z
EVT-FRS-007832,6007832,2005623,464686,3004436,10000,2026-08-16T01:28:39Z,クレジットカード,increment-run-002,workshop-participant,donation_events_002.csv,2026-08-21T14:20:02Z
EVT-FRS-007906,6007906,2009672,082261,3001655,15000,2026-08-16T01:28:53Z,クレジットカード,increment-run-002,workshop-participant,donation_events_002.csv,2026-08-21T14:20:02Z
EVT-FRS-007680,6007680,2003746,092169,3004115,10000,2026-08-16T01:30:57Z,クレジットカード,increment-run-002,workshop-participant,donation_events_002.csv,2026-08-21T14:20:02Z
EVT-FRS-011680,6011680,2010627,282081,3003499,10000,2026-08-16T01:33:43Z,クレジットカード,increment-run-002,workshop-participant,donation_events_002.csv,2026-08-21T14:20:02Z
EVT-FRS-010515,6010515,2009706,042072,3002128,30000,2026-08-16T01:34:27Z,クレジットカード,increment-run-002,workshop-participant,donation_events_002.csv,2026-08-21T14:20:02Z
EVT-FRS-009833,6009833,2000299,102041,3001427,15000,2026-08-16T01:35:59Z,電子決済,increment-run-002,workshop-participant,donation_events_002.csv,2026-08-21T14:20:02Z
EVT-FRS-002484,6002484,2006838,012220,3003077,10000,2026-08-16T01:37:10Z,電子決済,increment-run-002,workshop-participant,donation_events_002.csv,2026-08-21T14:20:02Z
EVT-FRS-005268,6005268,2004674,222143,3000723,10000,2026-08-16T01:38:33Z,電子決済,increment-run-002,workshop-participant,donation_events_002.csv,2026-08-21T14:20:02Z
EVT-FRS-008781,6008781,2010439,401005,3003072,20000,2026-08-16T01:39:39Z,クレジットカード,increment-run-002,workshop-participant,donation_events_002.csv,2026-08-21T14:20:02Z
EVT-FRS-006861,6006861,2006241,242047,3005342,20000,2026-08-16T01:43:39Z,電子決済,increment-run-002,workshop-participant,donation_events_002.csv,2026-08-21T14:20:02Z
EVT-FRS-000503,6000503,2004679,462187,3004770,10000,2026-08-16T01:48:49Z,クレジットカード,increment-run-002,workshop-participant,donation_events_002.csv,2026-08-21T14:20:02Z
EVT-FRS-007926,6007926,2001438,402231,3005283,40000,2026-08-16T01:48:58Z,電子決済,increment-run-002,workshop-participant,donation_events_002.csv,2026-08-21T14:20:02Z
EVT-FRS-008157,6008157,2004776,332160,3005310,5000,2026-08-16T01:50:04Z,銀行振込,increment-run-002,workshop-participant,donation_events_002.csv,2026-08-21T14:20:02Z
EVT-FRS-011272,6011272,2004319,202029,3003172,8000,2026-08-16T01:50:46Z,クレジットカード,increment-run-002,workshop-participant,donation_events_002.csv,2026-08-21T14:20:02Z
EVT-FRS-013889,6013889,2004343,102024,3004038,30000,2026-08-16T01:52:01Z,クレジットカード,increment-run-002,workshop-participant,donation_events_002.csv,2026-08-21T14:20:02Z
EVT-FRS-000688,6000688,2003932,282146,3000279,10000,2026-08-16T01:55:15Z,クレジットカード,increment-run-002,workshop-participant,donation_events_002.csv,2026-08-21T14:20:02Z
EVT-FRS-006772,6006772,2007918,222267,3004162,20000,2026-08-16T01:58:09Z,コンビニ決済,increment-run-002,workshop-participant,donation_events_002.csv,2026-08-21T14:20:02Z
EVT-FRS-007484,6007484,2009878,012203,3005192,20000,2026-08-16T01:59:18Z,コンビニ決済,increment-run-002,workshop-participant,donation_events_002.csv,2026-08-21T14:20:02Z
EVT-FRS-012031,6012031,2003963,222232,3000511,15000,2026-08-16T02:01:42Z,クレジットカード,increment-run-002,workshop-participant,donation_events_002.csv,2026-08-21T14:20:02Z
EVT-FRS-006020,6006020,2003902,462233,3000389,5000,2026-08-16T02:03:15Z,クレジットカード,increment-run-002,workshop-participant,donation_events_002.csv,2026-08-21T14:20:02Z
EVT-FRS-012330,6012330,2008551,442038,3005574,10000,2026-08-16T02:15:42Z,コンビニ決済,increment-run-002,workshop-participant,donation_events_002.csv,2026-08-21T14:20:02Z
EVT-FRS-008889,6008889,2009146,285862,3002912,5000,2026-08-16T02:17:04Z,電子決済,increment-run-002,workshop-participant,donation_events_002.csv,2026-08-21T14:20:02Z
EVT-FRS-003539,6003539,2006469,202151,3003643,30000,2026-08-16T02:17:19Z,電子決済,increment-run-002,workshop-participant,donation_events_002.csv,2026-08-21T14:20:02Z
EVT-FRS-002291,6002291,2010743,172120,3000970,20000,2026-08-16T02:18:54Z,クレジットカード,increment-run-002,workshop-participant,donation_events_002.csv,2026-08-21T14:20:02Z
EVT-FRS-002802,6002802,2000163,373249,3005511,5000,2026-08-16T02:20:01Z,クレジットカード,increment-run-002,workshop-participant,donation_events_002.csv,2026-08-21T14:20:02Z
EVT-FRS-011440,6011440,2002757,453412,3001402,12000,2026-08-16T02:21:55Z,クレジットカード,increment-run-002,workshop-participant,donation_events_002.csv,2026-08-21T14:20:02Z
EVT-FRS-010309,6010309,2011549,392065,3000560,10000,2026-08-16T02:25:57Z,クレジットカード,increment-run-002,workshop-participant,donation_events_002.csv,2026-08-21T14:20:02Z
EVT-FRS-003595,6003595,2003894,312037,3005957,15000,2026-08-16T02:29:17Z,コンビニ決済,increment-run-002,workshop-participant,donation_events_002.csv,2026-08-21T14:20:02Z
EVT-FRS-005207,6005207,2009315,142131,3001788,10000,2026-08-16T02:29:39Z,電子決済,increment-run-002,workshop-participant,donation_events_002.csv,2026-08-21T14:20:02Z
EVT-FRS-006213,6006213,2006335,212211,3005147,10000,2026-08-16T02:30:24Z,クレジットカード,increment-run-002,workshop-participant,donation_events_002.csv,2026-08-21T14:20:02Z
EVT-FRS-008265,6008265,2003031,221309,3003097,10000,2026-08-16T02:32:36Z,クレジットカード,increment-run-002,workshop-participant,donation_events_002.csv,2026-08-21T14:20:02Z
EVT-FRS-003255,6003255,2009360,322032,3000350,12000,2026-08-16T02:36:51Z,クレジットカード,increment-run-002,workshop-participant,donation_events_002.csv,2026-08-21T14:20:02Z
EVT-FRS-004953,6004953,2005115,262111,3001539,20000,2026-08-16T02:37:18Z,クレジットカード,increment-run-002,workshop-participant,donation_events_002.csv,2026-08-21T14:20:02Z
EVT-FRS-003814,6003814,2004785,232033,3003286,10000,2026-08-16T02:46:55Z,電子決済,increment-run-002,workshop-participant,donation_events_002.csv,2026-08-21T14:20:02Z
EVT-FRS-013867,6013867,2005485,272141,3003974,12000,2026-08-16T02:49:26Z,クレジットカード,increment-run-002,workshop-participant,donation_events_002.csv,2026-08-21T14:20:02Z
EVT-FRS-000303,6000303,2007693,204323,3001041,10000,2026-08-16T02:53:49Z,銀行振込,increment-run-002,workshop-participant,donation_events_002.csv,2026-08-21T14:20:02Z
EVT-FRS-001548,6001548,2006493,452025,3003388,10000,2026-08-16T02:54:14Z,クレジットカード,increment-run-002,workshop-participant,donation_events_002.csv,2026-08-21T14:20:02Z
EVT-FRS-007746,6007746,2003124,292028,3003697,10000,2026-08-16T02:54:56Z,クレジットカード,increment-run-002,workshop-participant,donation_events_002.csv,2026-08-21T14:20:02Z
EVT-FRS-008949,6008949,2006820,072125,3003032,8000,2026-08-16T02:56:08Z,クレジットカード,increment-run-002,workshop-participant,donation_events_002.csv,2026-08-21T14:20:02Z
EVT-FRS-004053,6004053,2009928,112020,3003271,20000,2026-08-16T02:57:04Z,クレジットカード,increment-run-002,workshop-participant,donation_events_002.csv,2026-08-21T14:20:02Z
EVT-FRS-004081,6004081,2005036,294411,3002310,10000,2026-08-16T03:03:13Z,電子決済,increment-run-002,workshop-participant,donation_events_002.csv,2026-08-21T14:20:02Z
EVT-FRS-000029,6000029,2006843,112160,3000329,10000,2026-08-16T03:06:07Z,クレジットカード,increment-run-002,workshop-participant,donation_events_002.csv,2026-08-21T14:20:02Z
EVT-FRS-011020,6011020,2009360,182079,3003995,10000,2026-08-16T03:10:01Z,電子決済,increment-run-002,workshop-participant,donation_events_002.csv,2026-08-21T14:20:02Z
EVT-FRS-004057,6004057,2011712,462209,3005047,20000,2026-08-16T03:11:27Z,クレジットカード,increment-run-002,workshop-participant,donation_events_002.csv,2026-08-21T14:20:02Z
EVT-FRS-008548,6008548,2000233,432105,3005876,20000,2026-08-16T03:16:13Z,銀行振込,increment-run-002,workshop-participant,donation_events_002.csv,2026-08-21T14:20:02Z
EVT-FRS-012225,6012225,2009262,112151,3005861,10000,2026-08-16T03:17:24Z,クレジットカード,increment-run-002,workshop-participant,donation_events_002.csv,2026-08-21T14:20:02Z
EVT-FRS-014195,6014195,2008384,232084,3003908,60000,2026-08-16T03:18:23Z,クレジットカード,increment-run-002,workshop-participant,donation_events_002.csv,2026-08-21T14:20:02Z
EVT-FRS-008808,6008808,2004298,442020,3004882,20000,2026-08-16T03:20:08Z,銀行振込,increment-run-002,workshop-participant,donation_events_002.csv,2026-08-21T14:20:02Z
EVT-FRS-001836,6001836,2004099,282260,3002565,25000,2026-08-16T03:25:13Z,電子決済,increment-run-002,workshop-participant,donation_events_002.csv,2026-08-21T14:20:02Z
EVT-FRS-012054,6012054,2002133,014851,3004202,15000,2026-08-16T03:26:07Z,クレジットカード,increment-run-002,workshop-participant,donation_events_002.csv,2026-08-21T14:20:02Z
EVT-FRS-010424,6010424,2009862,402257,3005054,10000,2026-08-16T03:26:52Z,クレジットカード,increment-run-002,workshop-participant,donation_events_002.csv,2026-08-21T14:20:02Z
EVT-FRS-001245,6001245,2004179,252115,3001342,15000,2026-08-16T03:34:01Z,クレジットカード,increment-run-002,workshop-participant,donation_events_002.csv,2026-08-21T14:20:02Z
EVT-FRS-013360,6013360,2005121,212105,3002430,10000,2026-08-16T03:34:55Z,クレジットカード,increment-run-002,workshop-participant,donation_events_002.csv,2026-08-21T14:20:02Z
EVT-FRS-013648,6013648,2003331,122122,3001464,15000,2026-08-16T03:40:08Z,電子決済,increment-run-002,workshop-participant,donation_events_002.csv,2026-08-21T14:20:02Z
EVT-FRS-005282,6005282,2008722,272256,3003155,30000,2026-08-16T03:41:24Z,クレジットカード,increment-run-002,workshop-participant,donation_events_002.csv,2026-08-21T14:20:02Z
EVT-FRS-009012,6009012,2004854,112313,3003533,5000,2026-08-16T03:45:09Z,銀行振込,increment-run-002,workshop-participant,donation_events_002.csv,2026-08-21T14:20:02Z
EVT-FRS-005697,6005697,2001313,341002,3000156,10000,2026-08-16T03:53:23Z,クレジットカード,increment-run-002,workshop-participant,donation_events_002.csv,2026-08-21T14:20:02Z
EVT-FRS-012131,6012131,2011562,232297,3002002,10000,2026-08-16T03:54:17Z,クレジットカード,increment-run-002,workshop-participant,donation_events_002.csv,2026-08-21T14:20:02Z
EVT-FRS-013795,6013795,2003957,122190,3004814,10000,2026-08-16T03:58:03Z,クレジットカード,increment-run-002,workshop-participant,donation_events_002.csv,2026-08-21T14:20:02Z
EVT-FRS-014889,6014889,2002396,372072,3001553,10000,2026-08-16T03:58:23Z,銀行振込,increment-run-002,workshop-participant,donation_events_002.csv,2026-08-21T14:20:02Z
EVT-FRS-004581,6004581,2003857,022021,3003150,10000,2026-08-16T04:02:31Z,クレジットカード,increment-run-002,workshop-participant,donation_events_002.csv,2026-08-21T14:20:02Z
EVT-FRS-005349,6005349,2007922,042137,3003331,40000,2026-08-16T04:08:27Z,クレジットカード,increment-run-002,workshop-participant,donation_events_002.csv,2026-08-21T14:20:02Z
EVT-FRS-003525,6003525,2009202,102121,3002965,12000,2026-08-16T04:08:57Z,クレジットカード,increment-run-002,workshop-participant,donation_events_002.csv,2026-08-21T14:20:02Z
EVT-FRS-012484,6012484,2001434,222160,3004719,10000,2026-08-16T04:10:50Z,クレジットカード,increment-run-002,workshop-participant,donation_events_002.csv,2026-08-21T14:20:02Z
EVT-FRS-003206,6003206,2002087,012351,3003437,20000,2026-08-16T04:11:08Z,クレジットカード,increment-run-002,workshop-participant,donation_events_002.csv,2026-08-21T14:20:02Z
EVT-FRS-013866,6013866,2003330,082261,3002932,10000,2026-08-16T04:13:25Z,電子決済,increment-run-002,workshop-participant,donation_events_002.csv,2026-08-21T14:20:02Z
EVT-FRS-005453,6005453,2009871,232246,3003165,50000,2026-08-16T04:18:37Z,クレジットカード,increment-run-002,workshop-participant,donation_events_002.csv,2026-08-21T14:20:02Z
EVT-FRS-004342,6004342,2003846,131202,3003524,40000,2026-08-16T04:27:28Z,電子決済,increment-run-002,workshop-participant,donation_events_002.csv,2026-08-21T14:20:02Z
EVT-FRS-001038,6001038,2001624,432059,3000902,20000,2026-08-16T04:32:42Z,クレジットカード,increment-run-002,workshop-participant,donation_events_002.csv,2026-08-21T14:20:02Z
EVT-FRS-000760,6000760,2010184,362069,3005298,8000,2026-08-16T04:34:04Z,電子決済,increment-run-002,workshop-participant,donation_events_002.csv,2026-08-21T14:20:02Z
EVT-FRS-001845,6001845,2010593,465020,3002813,10000,2026-08-16T04:35:39Z,電子決済,increment-run-002,workshop-participant,donation_events_002.csv,2026-08-21T14:20:02Z
EVT-FRS-009257,6009257,2006885,342131,3001475,8000,2026-08-16T04:42:57Z,クレジットカード,increment-run-002,workshop-participant,donation_events_002.csv,2026-08-21T14:20:02Z
EVT-FRS-013752,6013752,2009147,221007,3003040,5000,2026-08-16T04:43:09Z,クレジットカード,increment-run-002,workshop-participant,donation_events_002.csv,2026-08-21T14:20:02Z
EVT-FRS-011837,6011837,2010803,083101,3003182,10000,2026-08-16T04:43:41Z,電子決済,increment-run-002,workshop-participant,donation_events_002.csv,2026-08-21T14:20:02Z
EVT-FRS-006982,6006982,2011235,152048,3001642,15000,2026-08-16T04:46:04Z,銀行振込,increment-run-002,workshop-participant,donation_events_002.csv,2026-08-21T14:20:02Z
EVT-FRS-010656,6010656,2007537,222127,3003026,15000,2026-08-16T04:46:46Z,クレジットカード,increment-run-002,workshop-participant,donation_events_002.csv,2026-08-21T14:20:02Z
EVT-FRS-013743,6013743,2010176,052159,3002967,15000,2026-08-16T04:52:08Z,クレジットカード,increment-run-002,workshop-participant,donation_events_002.csv,2026-08-21T14:20:02Z
EVT-FRS-005765,6005765,2002562,462179,3005545,15000,2026-08-16T04:52:37Z,クレジットカード,increment-run-002,workshop-participant,donation_events_002.csv,2026-08-21T14:20:02Z
EVT-FRS-014326,6014326,2005636,132195,3004404,8000,2026-08-16T04:53:47Z,銀行振込,increment-run-002,workshop-participant,donation_events_002.csv,2026-08-21T14:20:02Z
EVT-FRS-007991,6007991,2007066,342076,3002479,10000,2026-08-16T04:54:08Z,コンビニ決済,increment-run-002,workshop-participant,donation_events_002.csv,2026-08-21T14:20:02Z
EVT-FRS-013920,6013920,2002095,272183,3003516,20000,2026-08-16T04:55:07Z,クレジットカード,increment-run-002,workshop-participant,donation_events_002.csv,2026-08-21T14:20:02Z
EVT-FRS-004201,6004201,2004676,122351,3000742,25000,2026-08-16T04:56:24Z,クレジットカード,increment-run-002,workshop-participant,donation_events_002.csv,2026-08-21T14:20:02Z
EVT-FRS-004366,6004366,2007085,074454,3005816,25000,2026-08-16T05:01:20Z,電子決済,increment-run-002,workshop-participant,donation_events_002.csv,2026-08-21T14:20:02Z
EVT-FRS-010829,6010829,2002903,472093,3001913,10000,2026-08-16T05:08:03Z,銀行振込,increment-run-002,workshop-participant,donation_events_002.csv,2026-08-21T14:20:02Z
EVT-FRS-003892,6003892,2000893,262099,3002926,10000,2026-08-16T05:08:15Z,クレジットカード,increment-run-002,workshop-participant,donation_events_002.csv,2026-08-21T14:20:02Z
EVT-FRS-003956,6003956,2005645,242152,3005213,15000,2026-08-16T05:09:21Z,クレジットカード,increment-run-002,workshop-participant,donation_events_002.csv,2026-08-21T14:20:02Z
EVT-FRS-013560,6013560,2003858,403831,3004296,10000,2026-08-16T05:10:19Z,クレジットカード,increment-run-002,workshop-participant,donation_events_002.csv,2026-08-21T14:20:02Z
EVT-FRS-000434,6000434,2010448,232254,3001930,20000,2026-08-16T05:10:41Z,クレジットカード,increment-run-002,workshop-participant,donation_events_002.csv,2026-08-21T14:20:02Z
EVT-FRS-011011,6011011,2003263,422126,3000901,20000,2026-08-16T05:12:39Z,クレジットカード,increment-run-002,workshop-participant,donation_events_002.csv,2026-08-21T14:20:02Z
EVT-FRS-008077,6008077,2003411,212130,3003028,10000,2026-08-16T05:13:24Z,コンビニ決済,increment-run-002,workshop-participant,donation_events_002.csv,2026-08-21T14:20:02Z
EVT-FRS-001328,6001328,2006052,052060,3002292,8000,2026-08-16T05:15:05Z,クレジットカード,increment-run-002,workshop-participant,donation_events_002.csv,2026-08-21T14:20:02Z
EVT-FRS-006768,6006768,2008910,332151,3003971,30000,2026-08-16T05:15:39Z,クレジットカード,increment-run-002,workshop-participant,donation_events_002.csv,2026-08-21T14:20:02Z
EVT-FRS-004656,6004656,2009773,472123,3005196,30000,2026-08-16T05:17:37Z,クレジットカード,increment-run-002,workshop-participant,donation_events_002.csv,2026-08-21T14:20:02Z
EVT-FRS-001571,6001571,2004684,112071,3003576,20000,2026-08-16T05:28:29Z,電子決済,increment-run-002,workshop-participant,donation_events_002.csv,2026-08-21T14:20:02Z
EVT-FRS-005493,6005493,2006091,032085,3002719,10000,2026-08-16T05:32:32Z,クレジットカード,increment-run-002,workshop-participant,donation_events_002.csv,2026-08-21T14:20:02Z
EVT-FRS-003153,6003153,2006320,272132,3000119,15000,2026-08-16T05:41:29Z,電子決済,increment-run-002,workshop-participant,donation_events_002.csv,2026-08-21T14:20:02Z
EVT-FRS-014338,6014338,2008147,402231,3005945,10000,2026-08-16T05:42:29Z,電子決済,increment-run-002,workshop-participant,donation_events_002.csv,2026-08-21T14:20:02Z
EVT-FRS-001159,6001159,2001759,082074,3004119,15000,2026-08-16T05:47:44Z,クレジットカード,increment-run-002,workshop-participant,donation_events_002.csv,2026-08-21T14:20:02Z
EVT-FRS-002797,6002797,2008410,232335,3002428,20000,2026-08-16T05:48:49Z,クレジットカード,increment-run-002,workshop-participant,donation_events_002.csv,2026-08-21T14:20:02Z
EVT-FRS-011859,6011859,2002827,304212,3001702,8000,2026-08-16T05:49:04Z,クレジットカード,increment-run-002,workshop-participant,donation_events_002.csv,2026-08-21T14:20:02Z
EVT-FRS-003133,6003133,2011183,142085,3002107,20000,2026-08-16T05:49:15Z,銀行振込,increment-run-002,workshop-participant,donation_events_002.csv,2026-08-21T14:20:02Z
EVT-FRS-001447,6001447,2001623,212083,3003958,8000,2026-08-16T05:51:01Z,クレジットカード,increment-run-002,workshop-participant,donation_events_002.csv,2026-08-21T14:20:02Z
EVT-FRS-013843,6013843,2006469,112020,3004330,15000,2026-08-16T05:51:17Z,クレジットカード,increment-run-002,workshop-participant,donation_events_002.csv,2026-08-21T14:20:02Z
EVT-FRS-012927,6012927,2001612,336238,3005398,10000,2026-08-16T05:51:37Z,クレジットカード,increment-run-002,workshop-participant,donation_events_002.csv,2026-08-21T14:20:02Z
EVT-FRS-014140,6014140,2000695,112089,3002369,50000,2026-08-16T05:57:55Z,クレジットカード,increment-run-002,workshop-participant,donation_events_002.csv,2026-08-21T14:20:02Z
EVT-FRS-000411,6000411,2003363,102083,3002502,15000,2026-08-16T06:00:46Z,クレジットカード,increment-run-002,workshop-participant,donation_events_002.csv,2026-08-21T14:20:02Z
EVT-FRS-008361,6008361,2011384,222054,3001986,15000,2026-08-16T06:01:02Z,クレジットカード,increment-run-002,workshop-participant,donation_events_002.csv,2026-08-21T14:20:02Z
EVT-FRS-011023,6011023,2003911,252042,3002429,30000,2026-08-16T06:03:13Z,クレジットカード,increment-run-002,workshop-participant,donation_events_002.csv,2026-08-21T14:20:02Z
EVT-FRS-001736,6001736,2005406,422029,3004477,12000,2026-08-16T06:04:54Z,クレジットカード,increment-run-002,workshop-participant,donation_events_002.csv,2026-08-21T14:20:02Z
EVT-FRS-003706,6003706,2000513,092169,3004115,10000,2026-08-16T06:06:19Z,クレジットカード,increment-run-002,workshop-participant,donation_events_002.csv,2026-08-21T14:20:02Z
EVT-FRS-014196,6014196,2002583,105236,3004400,10000,2026-08-16T06:08:43Z,クレジットカード,increment-run-002,workshop-participant,donation_events_002.csv,2026-08-21T14:20:02Z
EVT-FRS-009360,6009360,2004917,221309,3000145,8000,2026-08-16T06:11:57Z,クレジットカード,increment-run-002,workshop-participant,donation_events_002.csv,2026-08-21T14:20:02Z
EVT-FRS-009749,6009749,2008037,122068,3001390,25000,2026-08-16T06:13:05Z,銀行振込,increment-run-002,workshop-participant,donation_events_002.csv,2026-08-21T14:20:02Z
EVT-FRS-003411,6003411,2002224,242071,3005036,5000,2026-08-16T06:30:00Z,クレジットカード,increment-run-002,workshop-participant,donation_events_002.csv,2026-08-21T14:20:02Z
EVT-FRS-012973,6012973,2000647,262129,3005373,10000,2026-08-16T06:31:16Z,クレジットカード,increment-run-002,workshop-participant,donation_events_002.csv,2026-08-21T14:20:02Z
EVT-FRS-002178,6002178,2005368,473146,3002704,15000,2026-08-16T06:31:44Z,クレジットカード,increment-run-002,workshop-participant,donation_events_002.csv,2026-08-21T14:20:02Z
EVT-FRS-005020,6005020,2007345,282162,3005696,40000,2026-08-16T06:36:08Z,銀行振込,increment-run-002,workshop-participant,donation_events_002.csv,2026-08-21T14:20:02Z
EVT-FRS-005962,6005962,2003860,342157,3005027,10000,2026-08-16T06:36:31Z,クレジットカード,increment-run-002,workshop-participant,donation_events_002.csv,2026-08-21T14:20:02Z
EVT-FRS-003548,6003548,2001742,372048,3001303,10000,2026-08-16T06:37:54Z,コンビニ決済,increment-run-002,workshop-participant,donation_events_002.csv,2026-08-21T14:20:02Z
EVT-FRS-001375,6001375,2002459,032158,3001335,12000,2026-08-16T06:38:17Z,コンビニ決済,increment-run-002,workshop-participant,donation_events_002.csv,2026-08-21T14:20:02Z
EVT-FRS-002360,6002360,2011472,302058,3002312,10000,2026-08-16T06:51:06Z,電子決済,increment-run-002,workshop-participant,donation_events_002.csv,2026-08-21T14:20:02Z
EVT-FRS-010905,6010905,2011223,132152,3003047,10000,2026-08-16T06:52:20Z,電子決済,increment-run-002,workshop-participant,donation_events_002.csv,2026-08-21T14:20:02Z
EVT-FRS-004194,6004194,2011424,392049,3005923,20000,2026-08-16T06:53:18Z,クレジットカード,increment-run-002,workshop-participant,donation_events_002.csv,2026-08-21T14:20:02Z
EVT-FRS-002720,6002720,2002063,282189,3001458,20000,2026-08-16T06:56:04Z,電子決済,increment-run-002,workshop-participant,donation_events_002.csv,2026-08-21T14:20:02Z
EVT-FRS-013631,6013631,2009494,382078,3003717,10000,2026-08-16T06:57:02Z,クレジットカード,increment-run-002,workshop-participant,donation_events_002.csv,2026-08-21T14:20:02Z
EVT-FRS-007236,6007236,2004579,322024,3000287,12000,2026-08-16T06:59:39Z,クレジットカード,increment-run-002,workshop-participant,donation_events_002.csv,2026-08-21T14:20:02Z
EVT-FRS-002989,6002989,2005379,282235,3001050,10000,2026-08-16T07:01:02Z,クレジットカード,increment-run-002,workshop-participant,donation_events_002.csv,2026-08-21T14:20:02Z
EVT-FRS-003563,6003563,2004092,235628,3004867,10000,2026-08-16T07:04:31Z,クレジットカード,increment-run-002,workshop-participant,donation_events_002.csv,2026-08-21T14:20:02Z
EVT-FRS-011805,6011805,2005576,232327,3003728,10000,2026-08-16T07:06:26Z,クレジットカード,increment-run-002,workshop-participant,donation_events_002.csv,2026-08-21T14:20:02Z
EVT-FRS-011662,6011662,2000167,172073,3000435,12000,2026-08-16T07:09:22Z,クレジットカード,increment-run-002,workshop-participant,donation_events_002.csv,2026-08-21T14:20:02Z
EVT-FRS-005750,6005750,2010585,442089,3001449,10000,2026-08-16T07:10:56Z,クレジットカード,increment-run-002,workshop-participant,donation_events_002.csv,2026-08-21T14:20:02Z
EVT-FRS-014523,6014523,2008469,012238,3001524,15000,2026-08-16T07:11:35Z,クレジットカード,increment-run-002,workshop-participant,donation_events_002.csv,2026-08-21T14:20:02Z
EVT-FRS-010045,6010045,2007171,282049,3002762,12000,2026-08-16T07:16:04Z,クレジットカード,increment-run-002,workshop-participant,donation_events_002.csv,2026-08-21T14:20:02Z
EVT-FRS-003989,6003989,2004999,262129,3000626,25000,2026-08-16T07:16:22Z,クレジットカード,increment-run-002,workshop-participant,donation_events_002.csv,2026-08-21T14:20:02Z
EVT-FRS-013998,6013998,2010672,272183,3003516,20000,2026-08-16T07:20:03Z,電子決済,increment-run-002,workshop-participant,donation_events_002.csv,2026-08-21T14:20:02Z
EVT-FRS-004869,6004869,2011620,242101,3003688,10000,2026-08-16T07:20:04Z,クレジットカード,increment-run-002,workshop-participant,donation_events_002.csv,2026-08-21T14:20:02Z
EVT-FRS-011698,6011698,2011707,401307,3000659,30000,2026-08-16T07:31:07Z,銀行振込,increment-run-002,workshop-participant,donation_events_002.csv,2026-08-21T14:20:02Z
EVT-FRS-001531,6001531,2002145,362026,3005849,25000,2026-08-16T07:32:18Z,クレジットカード,increment-run-002,workshop-participant,donation_events_002.csv,2026-08-21T14:20:02Z
EVT-FRS-001848,6001848,2005216,072010,3000845,100000,2026-08-16T07:37:53Z,銀行振込,increment-run-002,workshop-participant,donation_events_002.csv,2026-08-21T14:20:02Z
EVT-FRS-001380,6001380,2003688,434418,3005082,15000,2026-08-16T07:39:12Z,クレジットカード,increment-run-002,workshop-participant,donation_events_002.csv,2026-08-21T14:20:02Z
EVT-FRS-013226,6013226,2009936,113816,3002886,15000,2026-08-16T07:42:49Z,電子決済,increment-run-002,workshop-participant,donation_events_002.csv,2026-08-21T14:20:02Z
EVT-FRS-001934,6001934,2010337,182095,3004061,10000,2026-08-16T07:50:22Z,電子決済,increment-run-002,workshop-participant,donation_events_002.csv,2026-08-21T14:20:02Z
EVT-FRS-010070,6010070,2009916,062031,3004919,40000,2026-08-16T07:54:07Z,クレジットカード,increment-run-002,workshop-participant,donation_events_002.csv,2026-08-21T14:20:02Z
EVT-FRS-011125,6011125,2010268,363022,3005182,10000,2026-08-16T07:54:27Z,クレジットカード,increment-run-002,workshop-participant,donation_events_002.csv,2026-08-21T14:20:02Z
EVT-FRS-005188,6005188,2010053,393878,3002930,10000,2026-08-16T07:57:51Z,クレジットカード,increment-run-002,workshop-participant,donation_events_002.csv,2026-08-21T14:20:02Z
EVT-FRS-013816,6013816,2003226,262081,3001565,5000,2026-08-16T08:00:42Z,クレジットカード,increment-run-002,workshop-participant,donation_events_002.csv,2026-08-21T14:20:02Z
EVT-FRS-007651,6007651,2008521,122246,3004979,15000,2026-08-16T08:02:23Z,クレジットカード,increment-run-002,workshop-participant,donation_events_002.csv,2026-08-21T14:20:02Z
EVT-FRS-006079,6006079,2002206,024023,3001856,30000,2026-08-16T08:09:40Z,電子決済,increment-run-002,workshop-participant,donation_events_002.csv,2026-08-21T14:20:02Z
EVT-FRS-010938,6010938,2007121,253847,3002419,10000,2026-08-16T08:11:36Z,クレジットカード,increment-run-002,workshop-participant,donation_events_002.csv,2026-08-21T14:20:02Z
EVT-FRS-013672,6013672,2005720,272060,3004127,15000,2026-08-16T08:13:21Z,電子決済,increment-run-002,workshop-participant,donation_events_002.csv,2026-08-21T14:20:02Z
EVT-FRS-005428,6005428,2001925,472123,3004749,20000,2026-08-16T08:14:52Z,電子決済,increment-run-002,workshop-participant,donation_events_002.csv,2026-08-21T14:20:02Z
EVT-FRS-004064,6004064,2008526,322032,3000350,10000,2026-08-16T08:16:11Z,クレジットカード,increment-run-002,workshop-participant,donation_events_002.csv,2026-08-21T14:20:02Z
EVT-FRS-011025,6011025,2009165,313254,3002591,10000,2026-08-16T08:18:41Z,銀行振込,increment-run-002,workshop-participant,donation_events_002.csv,2026-08-21T14:20:02Z
EVT-FRS-014801,6014801,2000072,432032,3005336,20000,2026-08-16T08:20:19Z,クレジットカード,increment-run-002,workshop-participant,donation_events_002.csv,2026-08-21T14:20:02Z
EVT-FRS-001357,6001357,2000516,402265,3005130,15000,2026-08-16T08:21:07Z,クレジットカード,increment-run-002,workshop-participant,donation_events_002.csv,2026-08-21T14:20:02Z
EVT-FRS-006915,6006915,2008544,082287,3004560,20000,2026-08-16T08:21:38Z,クレジットカード,increment-run-002,workshop-participant,donation_events_002.csv,2026-08-21T14:20:02Z
EVT-FRS-014683,6014683,2001041,242021,3003445,20000,2026-08-16T08:22:13Z,クレジットカード,increment-run-002,workshop-participant,donation_events_002.csv,2026-08-21T14:20:02Z
EVT-FRS-007419,6007419,2007455,016934,3001511,12000,2026-08-16T08:32:18Z,クレジットカード,increment-run-002,workshop-participant,donation_events_002.csv,2026-08-21T14:20:02Z
EVT-FRS-013924,6013924,2009028,273813,3001205,5000,2026-08-16T08:32:57Z,コンビニ決済,increment-run-002,workshop-participant,donation_events_002.csv,2026-08-21T14:20:02Z
EVT-FRS-013083,6013083,2002435,141500,3002970,20000,2026-08-16T08:34:47Z,電子決済,increment-run-002,workshop-participant,donation_events_002.csv,2026-08-21T14:20:02Z
EVT-FRS-011715,6011715,2010077,302023,3005059,10000,2026-08-16T08:36:21Z,クレジットカード,increment-run-002,workshop-participant,donation_events_002.csv,2026-08-21T14:20:02Z
EVT-FRS-005469,6005469,2007917,422029,3001138,15000,2026-08-16T08:40:45Z,クレジットカード,increment-run-002,workshop-participant,donation_events_002.csv,2026-08-21T14:20:02Z
EVT-FRS-011511,6011511,2005478,402117,3000751,50000,2026-08-16T08:43:08Z,クレジットカード,increment-run-002,workshop-participant,donation_events_002.csv,2026-08-21T14:20:02Z
EVT-FRS-002997,6002997,2005993,024503,3000632,10000,2026-08-16T08:48:28Z,電子決済,increment-run-002,workshop-participant,donation_events_002.csv,2026-08-21T14:20:02Z
EVT-FRS-004554,6004554,2007564,032131,3003708,20000,2026-08-16T08:53:16Z,電子決済,increment-run-002,workshop-participant,donation_events_002.csv,2026-08-21T14:20:02Z
EVT-FRS-002702,6002702,2011730,392031,3000399,10000,2026-08-16T08:56:12Z,コンビニ決済,increment-run-002,workshop-participant,donation_events_002.csv,2026-08-21T14:20:02Z
EVT-FRS-002773,6002773,2010008,012319,3003185,15000,2026-08-16T09:02:05Z,クレジットカード,increment-run-002,workshop-participant,donation_events_002.csv,2026-08-21T14:20:02Z
EVT-FRS-010001,6010001,2007293,336815,3003585,15000,2026-08-16T09:10:08Z,クレジットカード,increment-run-002,workshop-participant,donation_events_002.csv,2026-08-21T14:20:02Z
EVT-FRS-013468,6013468,2009104,112402,3002460,12000,2026-08-16T09:10:21Z,クレジットカード,increment-run-002,workshop-participant,donation_events_002.csv,2026-08-21T14:20:02Z
EVT-FRS-004600,6004600,2009103,432059,3002955,30000,2026-08-16T09:14:25Z,クレジットカード,increment-run-002,workshop-participant,donation_events_002.csv,2026-08-21T14:20:02Z
EVT-FRS-004113,6004113,2006878,462136,3005966,25000,2026-08-16T09:16:32Z,クレジットカード,increment-run-002,workshop-participant,donation_events_002.csv,2026-08-21T14:20:02Z
EVT-FRS-014030,6014030,2011715,294462,3003201,8000,2026-08-16T09:16:44Z,クレジットカード,increment-run-002,workshop-participant,donation_events_002.csv,2026-08-21T14:20:02Z
EVT-FRS-007362,6007362,2010343,452025,3002268,15000,2026-08-16T09:22:34Z,銀行振込,increment-run-002,workshop-participant,donation_events_002.csv,2026-08-21T14:20:02Z
EVT-FRS-002756,6002756,2008409,032093,3005383,15000,2026-08-16T09:24:01Z,クレジットカード,increment-run-002,workshop-participant,donation_events_002.csv,2026-08-21T14:20:02Z
EVT-FRS-009570,6009570,2008404,402303,3005164,12000,2026-08-16T09:34:56Z,クレジットカード,increment-run-002,workshop-participant,donation_events_002.csv,2026-08-21T14:20:02Z
EVT-FRS-014661,6014661,2000175,173614,3001314,15000,2026-08-16T09:46:05Z,銀行振込,increment-run-002,workshop-participant,donation_events_002.csv,2026-08-21T14:20:02Z
EVT-FRS-004745,6004745,2009806,192147,3003385,10000,2026-08-16T09:50:02Z,銀行振込,increment-run-002,workshop-participant,donation_events_002.csv,2026-08-21T14:20:02Z
EVT-FRS-010120,6010120,2000202,033031,3000270,15000,2026-08-16T09:55:45Z,クレジットカード,increment-run-002,workshop-participant,donation_events_002.csv,2026-08-21T14:20:02Z
EVT-FRS-005914,6005914,2005172,014249,3005289,10000,2026-08-16T09:57:23Z,電子決済,increment-run-002,workshop-participant,donation_events_002.csv,2026-08-21T14:20:02Z
EVT-FRS-003805,6003805,2002964,392014,3000166,25000,2026-08-16T10:01:10Z,電子決済,increment-run-002,workshop-participant,donation_events_002.csv,2026-08-21T14:20:02Z
EVT-FRS-000525,6000525,2004784,402036,3005796,12000,2026-08-16T10:03:40Z,クレジットカード,increment-run-002,workshop-participant,donation_events_002.csv,2026-08-21T14:20:02Z
EVT-FRS-005746,6005746,2004003,232149,3001980,30000,2026-08-16T10:08:53Z,クレジットカード,increment-run-002,workshop-participant,donation_events_002.csv,2026-08-21T14:20:02Z
EVT-FRS-014350,6014350,2007932,473596,3002414,20000,2026-08-16T10:09:05Z,電子決済,increment-run-002,workshop-participant,donation_events_002.csv,2026-08-21T14:20:02Z
EVT-FRS-001096,6001096,2011274,202088,3002997,8000,2026-08-16T10:09:32Z,クレジットカード,increment-run-002,workshop-participant,donation_events_002.csv,2026-08-21T14:20:02Z
EVT-FRS-004089,6004089,2003149,402117,3000751,10000,2026-08-16T10:13:04Z,クレジットカード,increment-run-002,workshop-participant,donation_events_002.csv,2026-08-21T14:20:02Z
EVT-FRS-010223,6010223,2002690,072052,3004121,20000,2026-08-16T10:14:38Z,電子決済,increment-run-002,workshop-participant,donation_events_002.csv,2026-08-21T14:20:02Z
EVT-FRS-008765,6008765,2001863,412023,3005402,10000,2026-08-16T10:17:02Z,クレジットカード,increment-run-002,workshop-participant,donation_events_002.csv,2026-08-21T14:20:02Z
EVT-FRS-007677,6007677,2005023,472123,3004891,10000,2026-08-16T10:20:26Z,銀行振込,increment-run-002,workshop-participant,donation_events_002.csv,2026-08-21T14:20:02Z
EVT-FRS-012077,6012077,2005923,215074,3003358,20000,2026-08-16T10:24:47Z,クレジットカード,increment-run-002,workshop-participant,donation_events_002.csv,2026-08-21T14:20:02Z
EVT-FRS-002948,6002948,2004425,272086,3003988,25000,2026-08-16T10:32:20Z,クレジットカード,increment-run-002,workshop-participant,donation_events_002.csv,2026-08-21T14:20:02Z
EVT-FRS-000520,6000520,2011694,082163,3004850,12000,2026-08-16T10:32:54Z,電子決済,increment-run-002,workshop-participant,donation_events_002.csv,2026-08-21T14:20:02Z
EVT-FRS-003297,6003297,2003994,401005,3003072,15000,2026-08-16T10:33:18Z,クレジットカード,increment-run-002,workshop-participant,donation_events_002.csv,2026-08-21T14:20:02Z
EVT-FRS-005893,6005893,2011841,132039,3005335,20000,2026-08-16T10:47:51Z,電子決済,increment-run-002,workshop-participant,donation_events_002.csv,2026-08-21T14:20:02Z
EVT-FRS-005238,6005238,2001118,112321,3004709,20000,2026-08-16T10:51:45Z,電子決済,increment-run-002,workshop-participant,donation_events_002.csv,2026-08-21T14:20:02Z
EVT-FRS-013611,6013611,2005537,105244,3000100,10000,2026-08-16T10:58:57Z,クレジットカード,increment-run-002,workshop-participant,donation_events_002.csv,2026-08-21T14:20:02Z
EVT-FRS-006067,6006067,2009477,222089,3003251,12000,2026-08-16T11:00:20Z,電子決済,increment-run-002,workshop-participant,donation_events_002.csv,2026-08-21T14:20:02Z
EVT-FRS-003777,6003777,2007889,431001,3004301,30000,2026-08-16T11:01:45Z,電子決済,increment-run-002,workshop-participant,donation_events_002.csv,2026-08-21T14:20:02Z
EVT-FRS-009590,6009590,2008032,452041,3002113,10000,2026-08-16T11:01:58Z,クレジットカード,increment-run-002,workshop-participant,donation_events_002.csv,2026-08-21T14:20:02Z
EVT-FRS-005552,6005552,2003593,212202,3005870,20000,2026-08-16T11:08:53Z,電子決済,increment-run-002,workshop-participant,donation_events_002.csv,2026-08-21T14:20:02Z
EVT-FRS-006570,6006570,2007400,012220,3004280,10000,2026-08-16T11:15:19Z,コンビニ決済,increment-run-002,workshop-participant,donation_events_002.csv,2026-08-21T14:20:02Z
EVT-FRS-006763,6006763,2004411,092118,3005002,12000,2026-08-16T11:19:15Z,銀行振込,increment-run-002,workshop-participant,donation_events_002.csv,2026-08-21T14:20:02Z
EVT-FRS-008267,6008267,2004861,272183,3001677,50000,2026-08-16T11:20:25Z,クレジットカード,increment-run-002,workshop-participant,donation_events_002.csv,2026-08-21T14:20:02Z
EVT-FRS-005579,6005579,2003729,074217,3001280,10000,2026-08-16T11:27:01Z,クレジットカード,increment-run-002,workshop-participant,donation_events_002.csv,2026-08-21T14:20:02Z
EVT-FRS-003932,6003932,2001903,084433,3004321,10000,2026-08-16T11:27:08Z,クレジットカード,increment-run-002,workshop-participant,donation_events_002.csv,2026-08-21T14:20:02Z
EVT-FRS-013060,6013060,2011723,282049,3003594,12000,2026-08-16T11:29:39Z,電子決済,increment-run-002,workshop-participant,donation_events_002.csv,2026-08-21T14:20:02Z
EVT-FRS-006118,6006118,2002415,422126,3003415,8000,2026-08-16T11:36:58Z,電子決済,increment-run-002,workshop-participant,donation_events_002.csv,2026-08-21T14:20:02Z
EVT-FRS-001598,6001598,2001084,112232,3002650,30000,2026-08-16T11:46:22Z,コンビニ決済,increment-run-002,workshop-participant,donation_events_002.csv,2026-08-21T14:20:02Z
EVT-FRS-013670,6013670,2004213,112305,3004215,15000,2026-08-16T11:47:28Z,クレジットカード,increment-run-002,workshop-participant,donation_events_002.csv,2026-08-21T14:20:02Z
EVT-FRS-009557,6009557,2011162,134023,3004252,5000,2026-08-16T11:49:07Z,クレジットカード,increment-run-002,workshop-participant,donation_events_002.csv,2026-08-21T14:20:02Z
EVT-FRS-007263,6007263,2007339,132187,3005358,12000,2026-08-16T11:53:04Z,クレジットカード,increment-run-002,workshop-participant,donation_events_002.csv,2026-08-21T14:20:02Z
EVT-FRS-009327,6009327,2007500,232360,3001825,10000,2026-08-16T12:00:47Z,クレジットカード,increment-run-002,workshop-participant,donation_events_002.csv,2026-08-21T14:20:02Z
EVT-FRS-000807,6000807,2007104,012190,3004508,20000,2026-08-16T12:06:31Z,クレジットカード,increment-run-002,workshop-participant,donation_events_002.csv,2026-08-21T14:20:02Z
EVT-FRS-009860,6009860,2001846,472131,3002289,15000,2026-08-16T12:18:30Z,クレジットカード,increment-run-002,workshop-participant,donation_events_002.csv,2026-08-21T14:20:02Z
EVT-FRS-007303,6007303,2006465,382108,3003125,10000,2026-08-16T12:19:21Z,銀行振込,increment-run-002,workshop-participant,donation_events_002.csv,2026-08-21T14:20:02Z
EVT-FRS-012252,6012252,2000276,032131,3003708,10000,2026-08-16T12:20:52Z,銀行振込,increment-run-002,workshop-participant,donation_events_002.csv,2026-08-21T14:20:02Z
EVT-FRS-000117,6000117,2006380,221007,3005304,5000,2026-08-16T12:26:56Z,クレジットカード,increment-run-002,workshop-participant,donation_events_002.csv,2026-08-21T14:20:02Z
EVT-FRS-008398,6008398,2010570,282201,3004756,10000,2026-08-16T12:28:05Z,クレジットカード,increment-run-002,workshop-participant,donation_events_002.csv,2026-08-21T14:20:02Z
EVT-FRS-000171,6000171,2010643,402273,3000987,150000,2026-08-16T12:29:21Z,クレジットカード,increment-run-002,workshop-participant,donation_events_002.csv,2026-08-21T14:20:02Z
EVT-FRS-011808,6011808,2007617,012149,3001903,10000,2026-08-16T12:30:56Z,クレジットカード,increment-run-002,workshop-participant,donation_events_002.csv,2026-08-21T14:20:02Z
EVT-FRS-003140,6003140,2010381,155047,3004940,8000,2026-08-16T12:37:59Z,コンビニ決済,increment-run-002,workshop-participant,donation_events_002.csv,2026-08-21T14:20:02Z
EVT-FRS-012509,6012509,2002284,142123,3002173,5000,2026-08-16T12:40:29Z,クレジットカード,increment-run-002,workshop-participant,donation_events_002.csv,2026-08-21T14:20:02Z
EVT-FRS-004910,6004910,2010546,313645,3004650,10000,2026-08-16T12:45:19Z,クレジットカード,increment-run-002,workshop-participant,donation_events_002.csv,2026-08-21T14:20:02Z
EVT-FRS-008645,6008645,2009647,232076,3002384,10000,2026-08-16T12:46:56Z,クレジットカード,increment-run-002,workshop-participant,donation_events_002.csv,2026-08-21T14:20:02Z
EVT-FRS-000157,6000157,2001521,342041,3000732,10000,2026-08-16T12:47:04Z,クレジットカード,increment-run-002,workshop-participant,donation_events_002.csv,2026-08-21T14:20:02Z
EVT-FRS-012947,6012947,2011659,132101,3002327,15000,2026-08-16T12:47:40Z,クレジットカード,increment-run-002,workshop-participant,donation_events_002.csv,2026-08-21T14:20:02Z
EVT-FRS-003069,6003069,2010838,012173,3004992,20000,2026-08-16T12:49:48Z,コンビニ決済,increment-run-002,workshop-participant,donation_events_002.csv,2026-08-21T14:20:02Z
EVT-FRS-006461,6006461,2010045,212024,3001257,20000,2026-08-16T12:55:44Z,クレジットカード,increment-run-002,workshop-participant,donation_events_002.csv,2026-08-21T14:20:02Z
EVT-FRS-011850,6011850,2009749,012149,3000642,12000,2026-08-16T12:57:43Z,クレジットカード,increment-run-002,workshop-participant,donation_events_002.csv,2026-08-21T14:20:02Z
EVT-FRS-005300,6005300,2003964,192066,3001461,12000,2026-08-16T12:58:25Z,クレジットカード,increment-run-002,workshop-participant,donation_events_002.csv,2026-08-21T14:20:02Z
EVT-FRS-002915,6002915,2009946,262129,3005373,12000,2026-08-16T13:13:32Z,クレジットカード,increment-run-002,workshop-participant,donation_events_002.csv,2026-08-21T14:20:02Z
EVT-FRS-003926,6003926,2008870,272299,3005493,10000,2026-08-16T13:16:45Z,銀行振込,increment-run-002,workshop-participant,donation_events_002.csv,2026-08-21T14:20:02Z
EVT-FRS-006250,6006250,2009627,402141,3003817,5000,2026-08-16T13:19:45Z,クレジットカード,increment-run-002,workshop-participant,donation_events_002.csv,2026-08-21T14:20:02Z
EVT-FRS-004115,6004115,2009985,412074,3001341,15000,2026-08-16T13:21:17Z,クレジットカード,increment-run-002,workshop-participant,donation_events_002.csv,2026-08-21T14:20:02Z
EVT-FRS-012023,6012023,2005066,262072,3000271,8000,2026-08-16T13:24:01Z,電子決済,increment-run-002,workshop-participant,donation_events_002.csv,2026-08-21T14:20:02Z
EVT-FRS-011983,6011983,2010980,112062,3002255,20000,2026-08-16T13:26:47Z,クレジットカード,increment-run-002,workshop-participant,donation_events_002.csv,2026-08-21T14:20:02Z
EVT-FRS-001107,6001107,2007544,472115,3003586,12000,2026-08-16T13:27:43Z,クレジットカード,increment-run-002,workshop-participant,donation_events_002.csv,2026-08-21T14:20:02Z
EVT-FRS-009583,6009583,2008483,114421,3001422,40000,2026-08-16T13:37:31Z,クレジットカード,increment-run-002,workshop-participant,donation_events_002.csv,2026-08-21T14:20:02Z
EVT-FRS-008251,6008251,2006572,203831,3004523,40000,2026-08-16T13:38:00Z,クレジットカード,increment-run-002,workshop-participant,donation_events_002.csv,2026-08-21T14:20:02Z
EVT-FRS-008923,6008923,2001212,222259,3002911,5000,2026-08-16T13:38:54Z,電子決済,increment-run-002,workshop-participant,donation_events_002.csv,2026-08-21T14:20:02Z
EVT-FRS-001958,6001958,2004677,152226,3005631,10000,2026-08-16T13:39:11Z,クレジットカード,increment-run-002,workshop-participant,donation_events_002.csv,2026-08-21T14:20:02Z
EVT-FRS-013479,6013479,2009027,282227,3000640,30000,2026-08-16T13:42:44Z,クレジットカード,increment-run-002,workshop-participant,donation_events_002.csv,2026-08-21T14:20:02Z
EVT-FRS-000819,6000819,2007704,122319,3005132,20000,2026-08-16T13:45:29Z,クレジットカード,increment-run-002,workshop-participant,donation_events_002.csv,2026-08-21T14:20:02Z
EVT-FRS-010327,6010327,2004055,142042,3004174,5000,2026-08-16T13:46:46Z,クレジットカード,increment-run-002,workshop-participant,donation_events_002.csv,2026-08-21T14:20:02Z
EVT-FRS-003335,6003335,2003717,192091,3002434,10000,2026-08-16T13:51:41Z,クレジットカード,increment-run-002,workshop-participant,donation_events_002.csv,2026-08-21T14:20:02Z
EVT-FRS-014630,6014630,2010244,272108,3004012,30000,2026-08-16T13:53:36Z,クレジットカード,increment-run-002,workshop-participant,donation_events_002.csv,2026-08-21T14:20:02Z
EVT-FRS-001018,6001018,2002730,082201,3001620,50000,2026-08-16T14:00:31Z,クレジットカード,increment-run-002,workshop-participant,donation_events_002.csv,2026-08-21T14:20:02Z
EVT-FRS-010196,6010196,2002136,082261,3002932,10000,2026-08-16T14:01:34Z,クレジットカード,increment-run-002,workshop-participant,donation_events_002.csv,2026-08-21T14:20:02Z
EVT-FRS-010067,6010067,2003894,232190,3005560,20000,2026-08-16T14:10:12Z,クレジットカード,increment-run-002,workshop-participant,donation_events_002.csv,2026-08-21T14:20:02Z
EVT-FRS-002610,6002610,2005255,062090,3002851,8000,2026-08-16T14:13:18Z,クレジットカード,increment-run-002,workshop-participant,donation_events_002.csv,2026-08-21T14:20:02Z
EVT-FRS-011591,6011591,2002977,153851,3005220,20000,2026-08-16T14:16:17Z,クレジットカード,increment-run-002,workshop-participant,donation_events_002.csv,2026-08-21T14:20:02Z
EVT-FRS-013333,6013333,2011443,102105,3001940,12000,2026-08-16T14:18:45Z,クレジットカード,increment-run-002,workshop-participant,donation_events_002.csv,2026-08-21T14:20:02Z
EVT-FRS-014666,6014666,2008555,462080,3000163,25000,2026-08-16T14:24:17Z,クレジットカード,increment-run-002,workshop-participant,donation_events_002.csv,2026-08-21T14:20:02Z
EVT-FRS-013768,6013768,2000737,016314,3000439,10000,2026-08-16T14:24:56Z,クレジットカード,increment-run-002,workshop-participant,donation_events_002.csv,2026-08-21T14:20:02Z
EVT-FRS-002548,6002548,2000331,202118,3004943,10000,2026-08-16T14:27:19Z,クレジットカード,increment-run-002,workshop-participant,donation_events_002.csv,2026-08-21T14:20:02Z
EVT-FRS-000904,6000904,2006900,322032,3002855,12000,2026-08-16T14:28:29Z,電子決済,increment-run-002,workshop-participant,donation_events_002.csv,2026-08-21T14:20:02Z
EVT-FRS-002803,6002803,2010945,452025,3003388,40000,2026-08-16T14:28:37Z,クレジットカード,increment-run-002,workshop-participant,donation_events_002.csv,2026-08-21T14:20:02Z
EVT-FRS-002236,6002236,2005007,231002,3000754,8000,2026-08-16T14:33:36Z,電子決済,increment-run-002,workshop-participant,donation_events_002.csv,2026-08-21T14:20:02Z
EVT-FRS-003685,6003685,2010240,452025,3005848,10000,2026-08-16T14:36:20Z,クレジットカード,increment-run-002,workshop-participant,donation_events_002.csv,2026-08-21T14:20:02Z
EVT-FRS-005126,6005126,2004316,392090,3004520,10000,2026-08-16T14:37:08Z,銀行振込,increment-run-002,workshop-participant,donation_events_002.csv,2026-08-21T14:20:02Z
EVT-FRS-011220,6011220,2007272,182028,3002137,20000,2026-08-16T14:37:25Z,クレジットカード,increment-run-002,workshop-participant,donation_events_002.csv,2026-08-21T14:20:02Z
EVT-FRS-000617,6000617,2008829,235628,3003502,8000,2026-08-16T14:54:16Z,クレジットカード,increment-run-002,workshop-participant,donation_events_002.csv,2026-08-21T14:20:02Z
EVT-FRS-001582,6001582,2007626,012173,3004165,15000,2026-08-16T14:55:47Z,クレジットカード,increment-run-002,workshop-participant,donation_events_002.csv,2026-08-21T14:20:02Z
EVT-FRS-012386,6012386,2004173,342122,3001146,8000,2026-08-16T14:55:55Z,クレジットカード,increment-run-002,workshop-participant,donation_events_002.csv,2026-08-21T14:20:02Z
EVT-FRS-003517,6003517,2000983,442020,3003067,10000,2026-08-16T14:57:21Z,クレジットカード,increment-run-002,workshop-participant,donation_events_002.csv,2026-08-21T14:20:02Z
EVT-FRS-006629,6006629,2007324,204153,3005428,15000,2026-08-16T15:01:44Z,クレジットカード,increment-run-002,workshop-participant,donation_events_002.csv,2026-08-21T14:20:02Z
EVT-FRS-004237,6004237,2008576,452025,3003388,5000,2026-08-16T15:02:28Z,銀行振込,increment-run-002,workshop-participant,donation_events_002.csv,2026-08-21T14:20:02Z
EVT-FRS-004862,6004862,2000836,221007,3004284,25000,2026-08-16T15:05:16Z,電子決済,increment-run-002,workshop-participant,donation_events_002.csv,2026-08-21T14:20:02Z
EVT-FRS-008995,6008995,2004082,412058,3002354,30000,2026-08-16T15:06:14Z,銀行振込,increment-run-002,workshop-participant,donation_events_002.csv,2026-08-21T14:20:02Z
EVT-FRS-008725,6008725,2010140,372072,3002539,15000,2026-08-16T15:08:06Z,クレジットカード,increment-run-002,workshop-participant,donation_events_002.csv,2026-08-21T14:20:02Z
EVT-FRS-013379,6013379,2009602,042081,3000637,10000,2026-08-16T15:11:51Z,クレジットカード,increment-run-002,workshop-participant,donation_events_002.csv,2026-08-21T14:20:02Z
EVT-FRS-005730,6005730,2004729,072028,3005212,12000,2026-08-16T15:12:13Z,クレジットカード,increment-run-002,workshop-participant,donation_events_002.csv,2026-08-21T14:20:02Z
EVT-FRS-011939,6011939,2011873,124265,3005622,12000,2026-08-16T15:12:50Z,クレジットカード,increment-run-002,workshop-participant,donation_events_002.csv,2026-08-21T14:20:02Z
EVT-FRS-011745,6011745,2008192,272302,3005056,15000,2026-08-16T15:14:33Z,コンビニ決済,increment-run-002,workshop-participant,donation_events_002.csv,2026-08-21T14:20:02Z
EVT-FRS-003222,6003222,2002190,122351,3005774,15000,2026-08-16T15:16:34Z,銀行振込,increment-run-002,workshop-participant,donation_events_002.csv,2026-08-21T14:20:02Z
EVT-FRS-005105,6005105,2006953,232271,3003775,10000,2026-08-16T15:16:59Z,コンビニ決済,increment-run-002,workshop-participant,donation_events_002.csv,2026-08-21T14:20:02Z
EVT-FRS-000465,6000465,2003874,152064,3000278,10000,2026-08-16T15:18:44Z,クレジットカード,increment-run-002,workshop-participant,donation_events_002.csv,2026-08-21T14:20:02Z
EVT-FRS-013777,6013777,2011791,152048,3003188,12000,2026-08-16T15:22:08Z,クレジットカード,increment-run-002,workshop-participant,donation_events_002.csv,2026-08-21T14:20:02Z
EVT-FRS-014281,6014281,2000892,282243,3003597,12000,2026-08-16T15:26:04Z,電子決済,increment-run-002,workshop-participant,donation_events_002.csv,2026-08-21T14:20:02Z
EVT-FRS-006624,6006624,2009335,122084,3003400,15000,2026-08-16T15:26:34Z,電子決済,increment-run-002,workshop-participant,donation_events_002.csv,2026-08-21T14:20:02Z
EVT-FRS-003408,6003408,2000848,352128,3003774,12000,2026-08-16T15:37:00Z,電子決済,increment-run-002,workshop-participant,donation_events_002.csv,2026-08-21T14:20:02Z
EVT-FRS-000192,6000192,2007061,412058,3002485,15000,2026-08-16T15:40:55Z,クレジットカード,increment-run-002,workshop-participant,donation_events_002.csv,2026-08-21T14:20:02Z
EVT-FRS-010441,6010441,2009990,402117,3002329,10000,2026-08-16T15:49:44Z,クレジットカード,increment-run-002,workshop-participant,donation_events_002.csv,2026-08-21T14:20:02Z
EVT-FRS-014589,6014589,2006625,192066,3005884,25000,2026-08-16T15:53:48Z,クレジットカード,increment-run-002,workshop-participant,donation_events_002.csv,2026-08-21T14:20:02Z
EVT-FRS-012508,6012508,2007366,132039,3005335,20000,2026-08-16T15:54:36Z,コンビニ決済,increment-run-002,workshop-participant,donation_events_002.csv,2026-08-21T14:20:02Z
EVT-FRS-004193,6004193,2005776,434248,3005598,10000,2026-08-16T15:57:08Z,電子決済,increment-run-002,workshop-participant,donation_events_002.csv,2026-08-21T14:20:02Z
EVT-FRS-014844,6014844,2009775,014052,3003319,20000,2026-08-16T15:59:40Z,クレジットカード,increment-run-002,workshop-participant,donation_events_002.csv,2026-08-21T14:20:02Z
EVT-FRS-009151,6009151,2006740,142123,3003724,15000,2026-08-16T16:04:37Z,クレジットカード,increment-run-002,workshop-participant,donation_events_002.csv,2026-08-21T14:20:02Z
EVT-FRS-001145,6001145,2010884,014389,3001777,5000,2026-08-16T16:10:36Z,クレジットカード,increment-run-002,workshop-participant,donation_events_002.csv,2026-08-21T14:20:02Z
EVT-FRS-010790,6010790,2010063,044245,3005787,10000,2026-08-16T16:15:54Z,クレジットカード,increment-run-002,workshop-participant,donation_events_002.csv,2026-08-21T14:20:02Z
EVT-FRS-011037,6011037,2004797,402206,3004625,20000,2026-08-16T16:19:09Z,クレジットカード,increment-run-002,workshop-participant,donation_events_002.csv,2026-08-21T14:20:02Z
EVT-FRS-009690,6009690,2011947,032069,3000875,15000,2026-08-16T16:21:03Z,電子決済,increment-run-002,workshop-participant,donation_events_002.csv,2026-08-21T14:20:02Z
EVT-FRS-012688,6012688,2001658,472107,3003419,15000,2026-08-16T16:26:15Z,クレジットカード,increment-run-002,workshop-participant,donation_events_002.csv,2026-08-21T14:20:02Z
EVT-FRS-001616,6001616,2005051,432105,3003141,20000,2026-08-16T16:26:38Z,クレジットカード,increment-run-002,workshop-participant,donation_events_002.csv,2026-08-21T14:20:02Z
EVT-FRS-010470,6010470,2007677,402117,3002329,12000,2026-08-16T16:36:27Z,クレジットカード,increment-run-002,workshop-participant,donation_events_002.csv,2026-08-21T14:20:02Z
EVT-FRS-001365,6001365,2008336,052043,3002872,5000,2026-08-16T16:38:12Z,電子決済,increment-run-002,workshop-participant,donation_events_002.csv,2026-08-21T14:20:02Z
EVT-FRS-010831,6010831,2003857,131024,3000351,10000,2026-08-16T16:42:39Z,クレジットカード,increment-run-002,workshop-participant,donation_events_002.csv,2026-08-21T14:20:02Z
EVT-FRS-008369,6008369,2003023,202193,3000383,10000,2026-08-16T16:51:42Z,クレジットカード,increment-run-002,workshop-participant,donation_events_002.csv,2026-08-21T14:20:02Z
EVT-FRS-004026,6004026,2002088,473065,3005663,15000,2026-08-16T16:54:08Z,銀行振込,increment-run-002,workshop-participant,donation_events_002.csv,2026-08-21T14:20:02Z
EVT-FRS-014765,6014765,2003872,043214,3003288,100000,2026-08-16T16:55:31Z,クレジットカード,increment-run-002,workshop-participant,donation_events_002.csv,2026-08-21T14:20:02Z
EVT-FRS-013035,6013035,2005295,342157,3000400,10000,2026-08-16T17:00:50Z,コンビニ決済,increment-run-002,workshop-participant,donation_events_002.csv,2026-08-21T14:20:02Z
EVT-FRS-007639,6007639,2001380,222062,3002811,12000,2026-08-16T17:03:05Z,クレジットカード,increment-run-002,workshop-participant,donation_events_002.csv,2026-08-21T14:20:02Z
EVT-FRS-008849,6008849,2011009,272141,3003983,8000,2026-08-16T17:08:01Z,銀行振込,increment-run-002,workshop-participant,donation_events_002.csv,2026-08-21T14:20:02Z
EVT-FRS-000887,6000887,2003246,452033,3003468,10000,2026-08-16T17:11:29Z,クレジットカード,increment-run-002,workshop-participant,donation_events_002.csv,2026-08-21T14:20:02Z
EVT-FRS-005841,6005841,2002379,042072,3002128,10000,2026-08-16T17:12:33Z,コンビニ決済,increment-run-002,workshop-participant,donation_events_002.csv,2026-08-21T14:20:02Z
EVT-FRS-007961,6007961,2007356,012190,3001672,12000,2026-08-16T17:14:06Z,クレジットカード,increment-run-002,workshop-participant,donation_events_002.csv,2026-08-21T14:20:02Z
EVT-FRS-007075,6007075,2010446,062065,3003267,12000,2026-08-16T17:14:54Z,クレジットカード,increment-run-002,workshop-participant,donation_events_002.csv,2026-08-21T14:20:02Z
EVT-FRS-013755,6013755,2004759,062103,3000822,15000,2026-08-16T17:17:40Z,クレジットカード,increment-run-002,workshop-participant,donation_events_002.csv,2026-08-21T14:20:02Z
EVT-FRS-007907,6007907,2004139,015814,3000694,15000,2026-08-16T17:23:10Z,クレジットカード,increment-run-002,workshop-participant,donation_events_002.csv,2026-08-21T14:20:02Z
EVT-FRS-008806,6008806,2004862,112402,3000437,20000,2026-08-16T17:23:54Z,クレジットカード,increment-run-002,workshop-participant,donation_events_002.csv,2026-08-21T14:20:02Z
EVT-FRS-000209,6000209,2005678,382078,3005921,12000,2026-08-16T17:35:36Z,クレジットカード,increment-run-002,workshop-participant,donation_events_002.csv,2026-08-21T14:20:02Z
EVT-FRS-011663,6011663,2011360,012301,3002365,15000,2026-08-16T17:36:16Z,電子決済,increment-run-002,workshop-participant,donation_events_002.csv,2026-08-21T14:20:02Z
EVT-FRS-000773,6000773,2004163,204501,3001159,5000,2026-08-16T17:36:22Z,電子決済,increment-run-002,workshop-participant,donation_events_002.csv,2026-08-21T14:20:02Z
EVT-FRS-013869,6013869,2003637,462080,3005836,20000,2026-08-16T17:40:00Z,クレジットカード,increment-run-002,workshop-participant,donation_events_002.csv,2026-08-21T14:20:02Z
EVT-FRS-005142,6005142,2011991,082040,3001100,15000,2026-08-16T17:42:02Z,電子決済,increment-run-002,workshop-participant,donation_events_002.csv,2026-08-21T14:20:02Z
EVT-FRS-005553,6005553,2009665,435104,3000854,12000,2026-08-16T17:42:51Z,電子決済,increment-run-002,workshop-participant,donation_events_002.csv,2026-08-21T14:20:02Z
EVT-FRS-003944,6003944,2010910,232211,3002681,5000,2026-08-16T17:46:23Z,コンビニ決済,increment-run-002,workshop-participant,donation_events_002.csv,2026-08-21T14:20:02Z
EVT-FRS-009226,6009226,2005300,112283,3005122,10000,2026-08-16T17:46:34Z,クレジットカード,increment-run-002,workshop-participant,donation_events_002.csv,2026-08-21T14:20:02Z
EVT-FRS-009464,6009464,2006130,214213,3000512,5000,2026-08-16T17:47:57Z,電子決済,increment-run-002,workshop-participant,donation_events_002.csv,2026-08-21T14:20:02Z
EVT-FRS-012969,6012969,2000326,012301,3001629,10000,2026-08-16T17:50:53Z,銀行振込,increment-run-002,workshop-participant,donation_events_002.csv,2026-08-21T14:20:02Z
EVT-FRS-009434,6009434,2003763,432105,3001989,25000,2026-08-16T17:52:04Z,クレジットカード,increment-run-002,workshop-participant,donation_events_002.csv,2026-08-21T14:20:02Z
EVT-FRS-014808,6014808,2009838,372081,3000520,40000,2026-08-16T17:53:59Z,クレジットカード,increment-run-002,workshop-participant,donation_events_002.csv,2026-08-21T14:20:02Z
EVT-FRS-014458,6014458,2008808,013986,3000986,15000,2026-08-16T17:56:12Z,銀行振込,increment-run-002,workshop-participant,donation_events_002.csv,2026-08-21T14:20:02Z
EVT-FRS-013355,6013355,2006291,202037,3005489,25000,2026-08-16T17:57:15Z,クレジットカード,increment-run-002,workshop-participant,donation_events_002.csv,2026-08-21T14:20:02Z
EVT-FRS-002222,6002222,2007623,232360,3004398,10000,2026-08-16T18:01:59Z,クレジットカード,increment-run-002,workshop-participant,donation_events_002.csv,2026-08-21T14:20:02Z
EVT-FRS-013976,6013976,2003812,142182,3000498,12000,2026-08-16T18:02:33Z,コンビニ決済,increment-run-002,workshop-participant,donation_events_002.csv,2026-08-21T14:20:02Z
EVT-FRS-003474,6003474,2010956,122254,3002882,20000,2026-08-16T18:03:09Z,コンビニ決済,increment-run-002,workshop-participant,donation_events_002.csv,2026-08-21T14:20:02Z
EVT-FRS-013897,6013897,2011258,123226,3003563,25000,2026-08-16T18:10:04Z,クレジットカード,increment-run-002,workshop-participant,donation_events_002.csv,2026-08-21T14:20:02Z
EVT-FRS-012571,6012571,2005142,033669,3004013,12000,2026-08-16T18:15:18Z,クレジットカード,increment-run-002,workshop-participant,donation_events_002.csv,2026-08-21T14:20:02Z
EVT-FRS-007969,6007969,2004828,192112,3003615,10000,2026-08-16T18:16:06Z,クレジットカード,increment-run-002,workshop-participant,donation_events_002.csv,2026-08-21T14:20:02Z
EVT-FRS-000018,6000018,2007071,152188,3000848,10000,2026-08-16T18:16:46Z,クレジットカード,increment-run-002,workshop-participant,donation_events_002.csv,2026-08-21T14:20:02Z
EVT-FRS-014668,6014668,2006876,082171,3002570,10000,2026-08-16T18:18:39Z,電子決済,increment-run-002,workshop-participant,donation_events_002.csv,2026-08-21T14:20:02Z
EVT-FRS-003786,6003786,2008234,072125,3003032,12000,2026-08-16T18:22:12Z,クレジットカード,increment-run-002,workshop-participant,donation_events_002.csv,2026-08-21T14:20:02Z
EVT-FRS-004343,6004343,2006226,212148,3000286,12000,2026-08-16T18:23:03Z,クレジットカード,increment-run-002,workshop-participant,donation_events_002.csv,2026-08-21T14:20:02Z
EVT-FRS-006827,6006827,2011637,222062,3002811,12000,2026-08-16T18:26:46Z,クレジットカード,increment-run-002,workshop-participant,donation_events_002.csv,2026-08-21T14:20:02Z
EVT-FRS-002254,6002254,2004165,282049,3002762,100000,2026-08-16T18:28:50Z,クレジットカード,increment-run-002,workshop-participant,donation_events_002.csv,2026-08-21T14:20:02Z
EVT-FRS-000495,6000495,2001839,082279,3002724,30000,2026-08-16T18:34:03Z,電子決済,increment-run-002,workshop-participant,donation_events_002.csv,2026-08-21T14:20:02Z
EVT-FRS-014023,6014023,2005523,016454,3003770,20000,2026-08-16T18:38:09Z,クレジットカード,increment-run-002,workshop-participant,donation_events_002.csv,2026-08-21T14:20:02Z
EVT-FRS-012669,6012669,2005042,122262,3000946,25000,2026-08-16T18:41:01Z,クレジットカード,increment-run-002,workshop-participant,donation_events_002.csv,2026-08-21T14:20:02Z
EVT-FRS-005011,6005011,2010681,294462,3002937,10000,2026-08-16T18:42:11Z,クレジットカード,increment-run-002,workshop-participant,donation_events_002.csv,2026-08-21T14:20:02Z
EVT-FRS-010021,6010021,2005687,404489,3005467,15000,2026-08-16T18:43:52Z,クレジットカード,increment-run-002,workshop-participant,donation_events_002.csv,2026-08-21T14:20:02Z
EVT-FRS-007307,6007307,2009872,052035,3003562,5000,2026-08-16T18:44:37Z,クレジットカード,increment-run-002,workshop-participant,donation_events_002.csv,2026-08-21T14:20:02Z
EVT-FRS-011603,6011603,2009308,222241,3000510,20000,2026-08-16T18:47:42Z,電子決済,increment-run-002,workshop-participant,donation_events_002.csv,2026-08-21T14:20:02Z
EVT-FRS-010894,6010894,2009008,112101,3002631,12000,2026-08-16T18:51:12Z,電子決済,increment-run-002,workshop-participant,donation_events_002.csv,2026-08-21T14:20:02Z
EVT-FRS-012234,6012234,2008263,082015,3005894,8000,2026-08-16T18:51:24Z,銀行振込,increment-run-002,workshop-participant,donation_events_002.csv,2026-08-21T14:20:02Z
EVT-FRS-002234,6002234,2006640,082309,3000519,8000,2026-08-16T18:54:06Z,クレジットカード,increment-run-002,workshop-participant,donation_events_002.csv,2026-08-21T14:20:02Z
EVT-FRS-010444,6010444,2001648,162078,3003789,10000,2026-08-16T18:57:32Z,コンビニ決済,increment-run-002,workshop-participant,donation_events_002.csv,2026-08-21T14:20:02Z
EVT-FRS-003369,6003369,2004120,141003,3001676,8000,2026-08-16T19:04:36Z,クレジットカード,increment-run-002,workshop-participant,donation_events_002.csv,2026-08-21T14:20:02Z
EVT-FRS-002551,6002551,2003240,122025,3004414,15000,2026-08-16T19:08:31Z,クレジットカード,increment-run-002,workshop-participant,donation_events_002.csv,2026-08-21T14:20:02Z
EVT-FRS-006196,6006196,2005357,112461,3005783,12000,2026-08-16T19:08:40Z,電子決済,increment-run-002,workshop-participant,donation_events_002.csv,2026-08-21T14:20:02Z
EVT-FRS-000269,6000269,2004987,082015,3000165,8000,2026-08-16T19:08:48Z,クレジットカード,increment-run-002,workshop-participant,donation_events_002.csv,2026-08-21T14:20:02Z
EVT-FRS-007354,6007354,2003563,212211,3005147,20000,2026-08-16T19:13:05Z,電子決済,increment-run-002,workshop-participant,donation_events_002.csv,2026-08-21T14:20:02Z
EVT-FRS-001850,6001850,2005096,103667,3004944,20000,2026-08-16T19:14:43Z,電子決済,increment-run-002,workshop-participant,donation_events_002.csv,2026-08-21T14:20:02Z
EVT-FRS-011090,6011090,2002553,304247,3002915,10000,2026-08-16T19:16:31Z,クレジットカード,increment-run-002,workshop-participant,donation_events_002.csv,2026-08-21T14:20:02Z
EVT-FRS-003901,6003901,2010071,302031,3000932,20000,2026-08-16T19:17:30Z,クレジットカード,increment-run-002,workshop-participant,donation_events_002.csv,2026-08-21T14:20:02Z
EVT-FRS-009821,6009821,2009832,472123,3003348,10000,2026-08-16T19:19:26Z,クレジットカード,increment-run-002,workshop-participant,donation_events_002.csv,2026-08-21T14:20:02Z
EVT-FRS-005061,6005061,2009886,121002,3000863,5000,2026-08-16T19:25:12Z,クレジットカード,increment-run-002,workshop-participant,donation_events_002.csv,2026-08-21T14:20:02Z
EVT-FRS-010886,6010886,2007487,073679,3005982,60000,2026-08-16T19:28:04Z,電子決済,increment-run-002,workshop-participant,donation_events_002.csv,2026-08-21T14:20:02Z
EVT-FRS-012680,6012680,2002796,422142,3003460,15000,2026-08-16T19:32:11Z,クレジットカード,increment-run-002,workshop-participant,donation_events_002.csv,2026-08-21T14:20:02Z
EVT-FRS-012582,6012582,2008148,382043,3005763,30000,2026-08-16T19:33:30Z,クレジットカード,increment-run-002,workshop-participant,donation_events_002.csv,2026-08-21T14:20:02Z
EVT-FRS-004388,6004388,2005401,362077,3000950,20000,2026-08-16T19:33:32Z,クレジットカード,increment-run-002,workshop-participant,donation_events_002.csv,2026-08-21T14:20:02Z
EVT-FRS-008560,6008560,2002112,372064,3005023,20000,2026-08-16T19:39:44Z,クレジットカード,increment-run-002,workshop-participant,donation_events_002.csv,2026-08-21T14:20:02Z
EVT-FRS-010800,6010800,2003488,182028,3002137,20000,2026-08-16T19:40:52Z,クレジットカード,increment-run-002,workshop-participant,donation_events_002.csv,2026-08-21T14:20:02Z
EVT-FRS-005164,6005164,2009676,292010,3001151,10000,2026-08-16T19:46:06Z,クレジットカード,increment-run-002,workshop-participant,donation_events_002.csv,2026-08-21T14:20:02Z
EVT-FRS-013930,6013930,2011603,272302,3005056,12000,2026-08-16T19:46:20Z,銀行振込,increment-run-002,workshop-participant,donation_events_002.csv,2026-08-21T14:20:02Z
EVT-FRS-009745,6009745,2010054,015865,3005785,20000,2026-08-16T19:47:05Z,コンビニ決済,increment-run-002,workshop-participant,donation_events_002.csv,2026-08-21T14:20:02Z
EVT-FRS-003078,6003078,2009079,122025,3002720,15000,2026-08-16T19:47:36Z,クレジットカード,increment-run-002,workshop-participant,donation_events_002.csv,2026-08-21T14:20:02Z
EVT-FRS-010266,6010266,2004773,394033,3005833,10000,2026-08-16T19:49:16Z,クレジットカード,increment-run-002,workshop-participant,donation_events_002.csv,2026-08-21T14:20:02Z
EVT-FRS-014263,6014263,2011900,132128,3005919,15000,2026-08-16T19:57:40Z,クレジットカード,increment-run-002,workshop-participant,donation_events_002.csv,2026-08-21T14:20:02Z
EVT-FRS-014695,6014695,2006862,382141,3004519,10000,2026-08-16T20:13:59Z,クレジットカード,increment-run-002,workshop-participant,donation_events_002.csv,2026-08-21T14:20:02Z
EVT-FRS-000509,6000509,2010295,212032,3001418,10000,2026-08-16T20:20:51Z,クレジットカード,increment-run-002,workshop-participant,donation_events_002.csv,2026-08-21T14:20:02Z
EVT-FRS-013880,6013880,2007249,172073,3003305,20000,2026-08-16T20:22:52Z,クレジットカード,increment-run-002,workshop-participant,donation_events_002.csv,2026-08-21T14:20:02Z
EVT-FRS-008166,6008166,2005337,232149,3000148,10000,2026-08-16T20:25:16Z,電子決済,increment-run-002,workshop-participant,donation_events_002.csv,2026-08-21T14:20:02Z
EVT-FRS-005307,6005307,2003534,132187,3005854,20000,2026-08-16T20:28:14Z,コンビニ決済,increment-run-002,workshop-participant,donation_events_002.csv,2026-08-21T14:20:02Z
EVT-FRS-006300,6006300,2001128,402214,3002357,12000,2026-08-16T20:30:06Z,クレジットカード,increment-run-002,workshop-participant,donation_events_002.csv,2026-08-21T14:20:02Z
EVT-FRS-008809,6008809,2009267,112313,3000223,10000,2026-08-16T20:31:13Z,クレジットカード,increment-run-002,workshop-participant,donation_events_002.csv,2026-08-21T14:20:02Z
EVT-FRS-003404,6003404,2011356,152188,3003418,10000,2026-08-16T20:33:17Z,クレジットカード,increment-run-002,workshop-participant,donation_events_002.csv,2026-08-21T14:20:02Z
EVT-FRS-005421,6005421,2009254,132217,3003190,15000,2026-08-16T20:39:16Z,クレジットカード,increment-run-002,workshop-participant,donation_events_002.csv,2026-08-21T14:20:02Z
EVT-FRS-014570,6014570,2005316,406058,3005530,8000,2026-08-16T20:42:24Z,クレジットカード,increment-run-002,workshop-participant,donation_events_002.csv,2026-08-21T14:20:02Z
EVT-FRS-007654,6007654,2007188,142182,3003447,20000,2026-08-16T20:50:19Z,クレジットカード,increment-run-002,workshop-participant,donation_events_002.csv,2026-08-21T14:20:02Z
EVT-FRS-004492,6004492,2002784,452025,3005848,20000,2026-08-16T20:50:24Z,電子決済,increment-run-002,workshop-participant,donation_events_002.csv,2026-08-21T14:20:02Z
EVT-FRS-003052,6003052,2009190,082155,3002350,10000,2026-08-16T20:54:51Z,銀行振込,increment-run-002,workshop-participant,donation_events_002.csv,2026-08-21T14:20:02Z
EVT-FRS-003638,6003638,2008991,252140,3003192,10000,2026-08-16T20:58:33Z,クレジットカード,increment-run-002,workshop-participant,donation_events_002.csv,2026-08-21T14:20:02Z
EVT-FRS-011016,6011016,2009583,462012,3000573,8000,2026-08-16T21:01:53Z,コンビニ決済,increment-run-002,workshop-participant,donation_events_002.csv,2026-08-21T14:20:02Z
EVT-FRS-014460,6014460,2001608,012157,3003662,20000,2026-08-16T21:02:26Z,銀行振込,increment-run-002,workshop-participant,donation_events_002.csv,2026-08-21T14:20:02Z
EVT-FRS-003500,6003500,2004832,462179,3005555,10000,2026-08-16T21:05:03Z,クレジットカード,increment-run-002,workshop-participant,donation_events_002.csv,2026-08-21T14:20:02Z
EVT-FRS-011153,6011153,2006830,012149,3000853,10000,2026-08-16T21:07:58Z,クレジットカード,increment-run-002,workshop-participant,donation_events_002.csv,2026-08-21T14:20:02Z
EVT-FRS-011547,6011547,2002979,212016,3004752,50000,2026-08-16T21:08:20Z,電子決済,increment-run-002,workshop-participant,donation_events_002.csv,2026-08-21T14:20:02Z
EVT-FRS-008133,6008133,2002582,292109,3001118,20000,2026-08-16T21:14:28Z,コンビニ決済,increment-run-002,workshop-participant,donation_events_002.csv,2026-08-21T14:20:02Z
EVT-FRS-014761,6014761,2001135,244414,3002910,15000,2026-08-16T21:15:19Z,クレジットカード,increment-run-002,workshop-participant,donation_events_002.csv,2026-08-21T14:20:02Z
EVT-FRS-013056,6013056,2002252,023035,3005019,10000,2026-08-16T21:22:34Z,クレジットカード,increment-run-002,workshop-participant,donation_events_002.csv,2026-08-21T14:20:02Z
EVT-FRS-012401,6012401,2009914,112321,3004383,12000,2026-08-16T21:26:42Z,電子決済,increment-run-002,workshop-participant,donation_events_002.csv,2026-08-21T14:20:02Z
EVT-FRS-014514,6014514,2009796,452025,3004334,5000,2026-08-16T21:28:24Z,クレジットカード,increment-run-002,workshop-participant,donation_events_002.csv,2026-08-21T14:20:02Z
EVT-FRS-012272,6012272,2001176,422029,3004961,10000,2026-08-16T21:30:33Z,クレジットカード,increment-run-002,workshop-participant,donation_events_002.csv,2026-08-21T14:20:02Z
EVT-FRS-002658,6002658,2010899,462152,3003416,15000,2026-08-16T21:30:43Z,銀行振込,increment-run-002,workshop-participant,donation_events_002.csv,2026-08-21T14:20:02Z
EVT-FRS-004688,6004688,2004663,162043,3005901,10000,2026-08-16T21:33:48Z,クレジットカード,increment-run-002,workshop-participant,donation_events_002.csv,2026-08-21T14:20:02Z
EVT-FRS-003334,6003334,2004237,272027,3003444,50000,2026-08-16T21:36:26Z,クレジットカード,increment-run-002,workshop-participant,donation_events_002.csv,2026-08-21T14:20:02Z
EVT-FRS-003905,6003905,2000138,093424,3004812,30000,2026-08-16T21:36:47Z,クレジットカード,increment-run-002,workshop-participant,donation_events_002.csv,2026-08-21T14:20:02Z
EVT-FRS-002867,6002867,2000836,232254,3003199,50000,2026-08-16T21:37:04Z,電子決済,increment-run-002,workshop-participant,donation_events_002.csv,2026-08-21T14:20:02Z
EVT-FRS-007594,6007594,2000839,422126,3003415,25000,2026-08-16T21:43:36Z,電子決済,increment-run-002,workshop-participant,donation_events_002.csv,2026-08-21T14:20:02Z
EVT-FRS-006298,6006298,2008900,141500,3000464,10000,2026-08-16T21:44:32Z,電子決済,increment-run-002,workshop-participant,donation_events_002.csv,2026-08-21T14:20:02Z
EVT-FRS-002261,6002261,2005413,332119,3000340,10000,2026-08-16T21:46:14Z,電子決済,increment-run-002,workshop-participant,donation_events_002.csv,2026-08-21T14:20:02Z
EVT-FRS-005975,6005975,2004130,442020,3005660,8000,2026-08-16T21:46:28Z,クレジットカード,increment-run-002,workshop-participant,donation_events_002.csv,2026-08-21T14:20:02Z
EVT-FRS-000241,6000241,2006507,073679,3001971,25000,2026-08-16T21:46:47Z,コンビニ決済,increment-run-002,workshop-participant,donation_events_002.csv,2026-08-21T14:20:02Z
EVT-FRS-006735,6006735,2001768,272132,3003322,10000,2026-08-16T21:48:16Z,クレジットカード,increment-run-002,workshop-participant,donation_events_002.csv,2026-08-21T14:20:02Z
EVT-FRS-001110,6001110,2006176,272027,3003975,8000,2026-08-16T21:53:13Z,クレジットカード,increment-run-002,workshop-participant,donation_events_002.csv,2026-08-21T14:20:02Z
EVT-FRS-000743,6000743,2011141,422126,3003415,15000,2026-08-16T21:54:04Z,クレジットカード,increment-run-002,workshop-participant,donation_events_002.csv,2026-08-21T14:20:02Z
EVT-FRS-007678,6007678,2004644,222127,3004313,10000,2026-08-16T21:55:21Z,電子決済,increment-run-002,workshop-participant,donation_events_002.csv,2026-08-21T14:20:02Z
EVT-FRS-001379,6001379,2005781,215074,3003358,5000,2026-08-16T21:56:12Z,クレジットカード,increment-run-002,workshop-participant,donation_events_002.csv,2026-08-21T14:20:02Z
EVT-FRS-003163,6003163,2007203,422037,3002909,10000,2026-08-16T21:57:28Z,クレジットカード,increment-run-002,workshop-participant,donation_events_002.csv,2026-08-21T14:20:02Z
EVT-FRS-006546,6006546,2007053,394271,3003523,10000,2026-08-16T21:58:54Z,電子決済,increment-run-002,workshop-participant,donation_events_002.csv,2026-08-21T14:20:02Z
EVT-FRS-004909,6004909,2011515,102024,3004038,15000,2026-08-16T21:59:28Z,クレジットカード,increment-run-002,workshop-participant,donation_events_002.csv,2026-08-21T14:20:02Z
EVT-FRS-001431,6001431,2007090,182028,3004323,30000,2026-08-16T21:59:53Z,コンビニ決済,increment-run-002,workshop-participant,donation_events_002.csv,2026-08-21T14:20:02Z
EVT-FRS-002675,6002675,2009224,122335,3002881,10000,2026-08-16T22:06:35Z,クレジットカード,increment-run-002,workshop-participant,donation_events_002.csv,2026-08-21T14:20:02Z
EVT-FRS-000326,6000326,2000783,132039,3005335,10000,2026-08-16T22:09:50Z,電子決済,increment-run-002,workshop-participant,donation_events_002.csv,2026-08-21T14:20:02Z
EVT-FRS-008426,6008426,2006912,016641,3002209,30000,2026-08-16T22:10:38Z,クレジットカード,increment-run-002,workshop-participant,donation_events_002.csv,2026-08-21T14:20:02Z
EVT-FRS-008136,6008136,2011467,271403,3005570,12000,2026-08-16T22:13:02Z,クレジットカード,increment-run-002,workshop-participant,donation_events_002.csv,2026-08-21T14:20:02Z
EVT-FRS-012199,6012199,2006874,262064,3004208,30000,2026-08-16T22:15:33Z,クレジットカード,increment-run-002,workshop-participant,donation_events_002.csv,2026-08-21T14:20:02Z
EVT-FRS-012542,6012542,2000220,112321,3004709,20000,2026-08-16T22:17:46Z,クレジットカード,increment-run-002,workshop-participant,donation_events_002.csv,2026-08-21T14:20:02Z
EVT-FRS-008445,6008445,2003556,462152,3003943,30000,2026-08-16T22:22:46Z,クレジットカード,increment-run-002,workshop-participant,donation_events_002.csv,2026-08-21T14:20:02Z
EVT-FRS-002453,6002453,2006822,232068,3002399,10000,2026-08-16T22:25:47Z,クレジットカード,increment-run-002,workshop-participant,donation_events_002.csv,2026-08-21T14:20:02Z
EVT-FRS-001002,6001002,2009325,012246,3002090,5000,2026-08-16T22:26:07Z,電子決済,increment-run-002,workshop-participant,donation_events_002.csv,2026-08-21T14:20:02Z
EVT-FRS-009728,6009728,2008744,203491,3000995,10000,2026-08-16T22:40:50Z,クレジットカード,increment-run-002,workshop-participant,donation_events_002.csv,2026-08-21T14:20:02Z
EVT-FRS-001964,6001964,2010375,112089,3003194,15000,2026-08-16T22:41:03Z,クレジットカード,increment-run-002,workshop-participant,donation_events_002.csv,2026-08-21T14:20:02Z
EVT-FRS-012572,6012572,2007108,202045,3005850,12000,2026-08-16T22:41:20Z,クレジットカード,increment-run-002,workshop-participant,donation_events_002.csv,2026-08-21T14:20:02Z
EVT-FRS-008737,6008737,2000586,402141,3002221,10000,2026-08-16T22:41:45Z,クレジットカード,increment-run-002,workshop-participant,donation_events_002.csv,2026-08-21T14:20:02Z
EVT-FRS-014598,6014598,2006610,013315,3000404,10000,2026-08-16T22:45:01Z,クレジットカード,increment-run-002,workshop-participant,donation_events_002.csv,2026-08-21T14:20:02Z
EVT-FRS-012917,6012917,2006371,082163,3002600,10000,2026-08-16T22:55:09Z,電子決済,increment-run-002,workshop-participant,donation_events_002.csv,2026-08-21T14:20:02Z
EVT-FRS-005375,6005375,2007902,122386,3004269,20000,2026-08-16T22:56:34Z,クレジットカード,increment-run-002,workshop-participant,donation_events_002.csv,2026-08-21T14:20:02Z
EVT-FRS-013215,6013215,2005453,462144,3005863,15000,2026-08-16T22:57:43Z,電子決済,increment-run-002,workshop-participant,donation_events_002.csv,2026-08-21T14:20:02Z
EVT-FRS-003746,6003746,2002325,392090,3003060,15000,2026-08-16T22:59:00Z,クレジットカード,increment-run-002,workshop-participant,donation_events_002.csv,2026-08-21T14:20:02Z
EVT-FRS-004833,6004833,2002133,362026,3001386,20000,2026-08-16T23:01:22Z,クレジットカード,increment-run-002,workshop-participant,donation_events_002.csv,2026-08-21T14:20:02Z
EVT-FRS-011658,6011658,2001445,142034,3002364,40000,2026-08-16T23:02:32Z,電子決済,increment-run-002,workshop-participant,donation_events_002.csv,2026-08-21T14:20:02Z
EVT-FRS-007660,6007660,2005872,382035,3002099,30000,2026-08-16T23:02:49Z,クレジットカード,increment-run-002,workshop-participant,donation_events_002.csv,2026-08-21T14:20:02Z
EVT-FRS-000015,6000015,2002388,212148,3000402,10000,2026-08-16T23:04:38Z,クレジットカード,increment-run-002,workshop-participant,donation_events_002.csv,2026-08-21T14:20:02Z
EVT-FRS-014337,6014337,2004267,172065,3005830,15000,2026-08-16T23:07:06Z,クレジットカード,increment-run-002,workshop-participant,donation_events_002.csv,2026-08-21T14:20:02Z
EVT-FRS-012224,6012224,2009947,082155,3003614,10000,2026-08-16T23:12:29Z,クレジットカード,increment-run-002,workshop-participant,donation_events_002.csv,2026-08-21T14:20:02Z
EVT-FRS-006242,6006242,2011530,472107,3002653,15000,2026-08-16T23:14:22Z,クレジットカード,increment-run-002,workshop-participant,donation_events_002.csv,2026-08-21T14:20:02Z
EVT-FRS-000469,6000469,2001603,112305,3005512,10000,2026-08-16T23:14:23Z,クレジットカード,increment-run-002,workshop-participant,donation_events_002.csv,2026-08-21T14:20:02Z
EVT-FRS-003657,6003657,2007600,012335,3003546,10000,2026-08-16T23:17:29Z,クレジットカード,increment-run-002,workshop-participant,donation_events_002.csv,2026-08-21T14:20:02Z
EVT-FRS-003239,6003239,2001828,122084,3003400,10000,2026-08-16T23:18:13Z,クレジットカード,increment-run-002,workshop-participant,donation_events_002.csv,2026-08-21T14:20:02Z
EVT-FRS-001041,6001041,2009528,202053,3003960,10000,2026-08-16T23:20:40Z,クレジットカード,increment-run-002,workshop-participant,donation_events_002.csv,2026-08-21T14:20:02Z
EVT-FRS-004839,6004839,2008755,272132,3000119,10000,2026-08-16T23:25:50Z,クレジットカード,increment-run-002,workshop-participant,donation_events_002.csv,2026-08-21T14:20:02Z
EVT-FRS-010778,6010778,2011059,252131,3002936,12000,2026-08-16T23:26:27Z,コンビニ決済,increment-run-002,workshop-participant,donation_events_002.csv,2026-08-21T14:20:02Z
EVT-FRS-012886,6012886,2004937,074811,3002633,15000,2026-08-16T23:27:07Z,クレジットカード,increment-run-002,workshop-participant,donation_events_002.csv,2026-08-21T14:20:02Z
EVT-FRS-003755,6003755,2007690,272060,3000833,10000,2026-08-16T23:27:25Z,電子決済,increment-run-002,workshop-participant,donation_events_002.csv,2026-08-21T14:20:02Z
EVT-FRS-010583,6010583,2009677,222259,3005856,12000,2026-08-16T23:28:04Z,電子決済,increment-run-002,workshop-participant,donation_events_002.csv,2026-08-21T14:20:02Z
EVT-FRS-001296,6001296,2003514,262048,3002243,20000,2026-08-16T23:30:30Z,クレジットカード,increment-run-002,workshop-participant,donation_events_002.csv,2026-08-21T14:20:02Z
EVT-FRS-006574,6006574,2007037,402214,3004675,15000,2026-08-16T23:31:42Z,クレジットカード,increment-run-002,workshop-participant,donation_events_002.csv,2026-08-21T14:20:02Z
EVT-FRS-008707,6008707,2004295,393061,3002699,15000,2026-08-16T23:33:36Z,電子決済,increment-run-002,workshop-participant,donation_events_002.csv,2026-08-21T14:20:02Z
EVT-FRS-005580,6005580,2011505,462047,3003316,20000,2026-08-16T23:34:37Z,コンビニ決済,increment-run-002,workshop-participant,donation_events_002.csv,2026-08-21T14:20:02Z
EVT-FRS-006358,6006358,2003582,112119,3000912,20000,2026-08-16T23:45:42Z,クレジットカード,increment-run-002,workshop-participant,donation_events_002.csv,2026-08-21T14:20:02Z
EVT-FRS-002419,6002419,2000538,112101,3003414,15000,2026-08-16T23:48:08Z,クレジットカード,increment-run-002,workshop-participant,donation_events_002.csv,2026-08-21T14:20:02Z
EVT-FRS-008250,6008250,2009864,362077,3000950,25000,2026-08-16T23:50:26Z,コンビニ決済,increment-run-002,workshop-participant,donation_events_002.csv,2026-08-21T14:20:02Z
EVT-FRS-007766,6007766,2001246,402192,3004203,10000,2026-08-16T23:51:54Z,クレジットカード,increment-run-002,workshop-participant,donation_events_002.csv,2026-08-21T14:20:02Z
EVT-FRS-010419,6010419,2010687,122246,3003263,12000,2026-08-16T23:52:30Z,クレジットカード,increment-run-002,workshop-participant,donation_events_002.csv,2026-08-21T14:20:02Z
EVT-FRS-013832,6013832,2009876,272132,3002927,12000,2026-08-16T23:55:55Z,銀行振込,increment-run-002,workshop-participant,donation_events_002.csv,2026-08-21T14:20:02Z
EVT-FRS-004318,6004318,2002804,132063,3002333,10000,2026-08-16T23:56:57Z,クレジットカード,increment-run-002,workshop-participant,donation_events_002.csv,2026-08-21T14:20:02Z
EVT-FRS-005909,6005909,2002234,202029,3000897,15000,2026-08-16T23:57:58Z,クレジットカード,increment-run-002,workshop-participant,donation_events_002.csv,2026-08-21T14:20:02Z
EVT-FRS-001566,6001566,2000668,044229,3005567,15000,2026-08-16T23:58:38Z,クレジットカード,increment-run-002,workshop-participant,donation_events_002.csv,2026-08-21T14:20:02Z
EVT-FRS-011198,6011198,2011804,131024,3005235,5000,2026-08-16T23:59:20Z,クレジットカード,increment-run-002,workshop-participant,donation_events_002.csv,2026-08-21T14:20:02Z
EVT-FRS-003551,6003551,2005965,162078,3003789,10000,2026-08-16T23:59:31Z,電子決済,increment-run-002,workshop-participant,donation_events_002.csv,2026-08-21T14:20:02Z
EVT-FRS-013450,6013450,2003713,082121,3005469,12000,2026-08-17T00:00:58Z,クレジットカード,increment-run-002,workshop-participant,donation_events_002.csv,2026-08-21T14:20:02Z
EVT-FRS-007748,6007748,2006292,282219,3000999,10000,2026-08-17T00:02:27Z,クレジットカード,increment-run-002,workshop-participant,donation_events_002.csv,2026-08-21T14:20:02Z
EVT-FRS-012644,6012644,2000638,313891,3003104,70000,2026-08-17T00:06:25Z,銀行振込,increment-run-002,workshop-participant,donation_events_002.csv,2026-08-21T14:20:02Z
EVT-FRS-013385,6013385,2009466,042021,3001049,8000,2026-08-17T00:07:56Z,クレジットカード,increment-run-002,workshop-participant,donation_events_002.csv,2026-08-21T14:20:02Z
EVT-FRS-012811,6012811,2002157,192058,3001919,10000,2026-08-17T00:12:00Z,クレジットカード,increment-run-002,workshop-participant,donation_events_002.csv,2026-08-21T14:20:02Z
EVT-FRS-001083,6001083,2011549,111007,3002297,10000,2026-08-17T00:16:20Z,クレジットカード,increment-run-002,workshop-participant,donation_events_002.csv,2026-08-21T14:20:02Z
EVT-FRS-013734,6013734,2001711,082082,3002951,20000,2026-08-17T00:16:41Z,クレジットカード,increment-run-002,workshop-participant,donation_events_002.csv,2026-08-21T14:20:02Z
EVT-FRS-005351,6005351,2001232,012092,3004670,30000,2026-08-17T00:16:47Z,クレジットカード,increment-run-002,workshop-participant,donation_events_002.csv,2026-08-21T14:20:02Z
EVT-FRS-002783,6002783,2006999,142123,3003724,50000,2026-08-17T00:17:27Z,クレジットカード,increment-run-002,workshop-participant,donation_events_002.csv,2026-08-21T14:20:02Z
EVT-FRS-011995,6011995,2005440,232157,3003410,12000,2026-08-17T00:19:09Z,クレジットカード,increment-run-002,workshop-participant,donation_events_002.csv,2026-08-21T14:20:02Z
EVT-FRS-012766,6012766,2000413,102059,3002465,10000,2026-08-17T00:20:12Z,クレジットカード,increment-run-002,workshop-participant,donation_events_002.csv,2026-08-21T14:20:02Z
EVT-FRS-006460,6006460,2009887,052060,3003485,10000,2026-08-17T00:29:38Z,電子決済,increment-run-002,workshop-participant,donation_events_002.csv,2026-08-21T14:20:02Z
EVT-FRS-008290,6008290,2011549,203840,3000295,5000,2026-08-17T00:31:29Z,電子決済,increment-run-002,workshop-participant,donation_events_002.csv,2026-08-21T14:20:02Z
EVT-FRS-009330,6009330,2011477,232262,3005279,8000,2026-08-17T00:33:42Z,銀行振込,increment-run-002,workshop-participant,donation_events_002.csv,2026-08-21T14:20:02Z
EVT-FRS-008503,6008503,2006587,472077,3004522,8000,2026-08-17T00:41:01Z,銀行振込,increment-run-002,workshop-participant,donation_events_002.csv,2026-08-21T14:20:02Z
EVT-FRS-001590,6001590,2005323,062031,3003652,15000,2026-08-17T00:41:30Z,クレジットカード,increment-run-002,workshop-participant,donation_events_002.csv,2026-08-21T14:20:02Z
EVT-FRS-000044,6000044,2002669,272086,3003287,15000,2026-08-17T00:41:50Z,クレジットカード,increment-run-002,workshop-participant,donation_events_002.csv,2026-08-21T14:20:02Z
EVT-FRS-003804,6003804,2004257,345458,3004824,15000,2026-08-17T00:47:46Z,クレジットカード,increment-run-002,workshop-participant,donation_events_002.csv,2026-08-21T14:20:02Z
EVT-FRS-013197,6013197,2010726,372072,3002684,10000,2026-08-17T00:49:36Z,クレジットカード,increment-run-002,workshop-participant,donation_events_002.csv,2026-08-21T14:20:02Z
EVT-FRS-001519,6001519,2004222,363219,3000302,5000,2026-08-17T00:50:17Z,クレジットカード,increment-run-002,workshop-participant,donation_events_002.csv,2026-08-21T14:20:02Z
EVT-FRS-006784,6006784,2008992,012173,3005932,5000,2026-08-17T00:50:18Z,クレジットカード,increment-run-002,workshop-participant,donation_events_002.csv,2026-08-21T14:20:02Z
EVT-FRS-005959,6005959,2000663,113433,3005827,8000,2026-08-17T00:51:51Z,電子決済,increment-run-002,workshop-participant,donation_events_002.csv,2026-08-21T14:20:02Z
EVT-FRS-013863,6013863,2000690,322041,3005300,20000,2026-08-17T00:53:22Z,クレジットカード,increment-run-002,workshop-participant,donation_events_002.csv,2026-08-21T14:20:02Z
EVT-FRS-009265,6009265,2003847,082325,3003980,25000,2026-08-17T00:56:36Z,クレジットカード,increment-run-002,workshop-participant,donation_events_002.csv,2026-08-21T14:20:02Z
EVT-FRS-007559,6007559,2004612,212130,3001404,40000,2026-08-17T01:00:51Z,クレジットカード,increment-run-002,workshop-participant,donation_events_002.csv,2026-08-21T14:20:02Z
EVT-FRS-013227,6013227,2004178,472123,3001104,20000,2026-08-17T01:03:12Z,クレジットカード,increment-run-002,workshop-participant,donation_events_002.csv,2026-08-21T14:20:02Z
EVT-FRS-009938,6009938,2001704,454427,3005248,12000,2026-08-17T01:10:41Z,銀行振込,increment-run-002,workshop-participant,donation_events_002.csv,2026-08-21T14:20:02Z
EVT-FRS-002314,6002314,2006510,012238,3001524,20000,2026-08-17T01:21:26Z,クレジットカード,increment-run-002,workshop-participant,donation_events_002.csv,2026-08-21T14:20:02Z
EVT-FRS-012191,6012191,2010606,112151,3005861,15000,2026-08-17T01:22:09Z,クレジットカード,increment-run-002,workshop-participant,donation_events_002.csv,2026-08-21T14:20:02Z
EVT-FRS-009889,6009889,2003417,452025,3004014,5000,2026-08-17T01:22:44Z,クレジットカード,increment-run-002,workshop-participant,donation_events_002.csv,2026-08-21T14:20:02Z
EVT-FRS-004232,6004232,2009458,092045,3004683,15000,2026-08-17T01:24:17Z,クレジットカード,increment-run-002,workshop-participant,donation_events_002.csv,2026-08-21T14:20:02Z
EVT-FRS-011400,6011400,2010923,141500,3005313,10000,2026-08-17T01:26:16Z,電子決済,increment-run-002,workshop-participant,donation_events_002.csv,2026-08-21T14:20:02Z
EVT-FRS-012193,6012193,2009119,112437,3003099,25000,2026-08-17T01:29:34Z,電子決済,increment-run-002,workshop-participant,donation_events_002.csv,2026-08-21T14:20:02Z
EVT-FRS-002108,6002108,2001487,422053,3004817,40000,2026-08-17T01:32:45Z,電子決済,increment-run-002,workshop-participant,donation_events_002.csv,2026-08-21T14:20:02Z
EVT-FRS-003018,6003018,2007641,042030,3001426,10000,2026-08-17T01:37:33Z,クレジットカード,increment-run-002,workshop-participant,donation_events_002.csv,2026-08-21T14:20:02Z
EVT-FRS-010020,6010020,2008038,074471,3001589,20000,2026-08-17T01:38:47Z,クレジットカード,increment-run-002,workshop-participant,donation_events_002.csv,2026-08-21T14:20:02Z
EVT-FRS-011001,6011001,2001970,092029,3001502,10000,2026-08-17T01:41:46Z,クレジットカード,increment-run-002,workshop-participant,donation_events_002.csv,2026-08-21T14:20:02Z
EVT-FRS-004078,6004078,2006782,075213,3003053,40000,2026-08-17T01:45:52Z,銀行振込,increment-run-002,workshop-participant,donation_events_002.csv,2026-08-21T14:20:02Z
EVT-FRS-009747,6009747,2009319,131202,3003524,20000,2026-08-17T01:47:04Z,クレジットカード,increment-run-002,workshop-participant,donation_events_002.csv,2026-08-21T14:20:02Z
EVT-FRS-003242,6003242,2011122,082023,3000429,5000,2026-08-17T01:47:10Z,コンビニ決済,increment-run-002,workshop-participant,donation_events_002.csv,2026-08-21T14:20:02Z
EVT-FRS-001388,6001388,2010537,082295,3003797,12000,2026-08-17T01:49:07Z,クレジットカード,increment-run-002,workshop-participant,donation_events_002.csv,2026-08-21T14:20:02Z
EVT-FRS-000900,6000900,2005718,472131,3001258,25000,2026-08-17T01:49:26Z,クレジットカード,increment-run-002,workshop-participant,donation_events_002.csv,2026-08-21T14:20:02Z
EVT-FRS-005811,6005811,2005186,204048,3002916,30000,2026-08-17T01:49:39Z,クレジットカード,increment-run-002,workshop-participant,donation_events_002.csv,2026-08-21T14:20:02Z
EVT-FRS-010547,6010547,2008524,112020,3003271,10000,2026-08-17T01:52:37Z,クレジットカード,increment-run-002,workshop-participant,donation_events_002.csv,2026-08-21T14:20:02Z
EVT-FRS-008859,6008859,2011191,112178,3004471,25000,2026-08-17T01:55:06Z,クレジットカード,increment-run-002,workshop-participant,donation_events_002.csv,2026-08-21T14:20:02Z
EVT-FRS-003081,6003081,2007100,462101,3000971,10000,2026-08-17T01:56:15Z,クレジットカード,increment-run-002,workshop-participant,donation_events_002.csv,2026-08-21T14:20:02Z
EVT-FRS-013685,6013685,2003099,082244,3001332,15000,2026-08-17T01:57:53Z,クレジットカード,increment-run-002,workshop-participant,donation_events_002.csv,2026-08-21T14:20:02Z
EVT-FRS-008024,6008024,2005306,012157,3001685,12000,2026-08-17T01:59:26Z,クレジットカード,increment-run-002,workshop-participant,donation_events_002.csv,2026-08-21T14:20:02Z
EVT-FRS-012184,6012184,2003469,402265,3003852,30000,2026-08-17T01:59:35Z,コンビニ決済,increment-run-002,workshop-participant,donation_events_002.csv,2026-08-21T14:20:02Z
EVT-FRS-013312,6013312,2000244,232351,3002782,10000,2026-08-17T02:06:40Z,銀行振込,increment-run-002,workshop-participant,donation_events_002.csv,2026-08-21T14:20:02Z
EVT-FRS-009701,6009701,2005773,212172,3001983,50000,2026-08-17T02:09:05Z,クレジットカード,increment-run-002,workshop-participant,donation_events_002.csv,2026-08-21T14:20:02Z
EVT-FRS-012517,6012517,2008925,302023,3004257,30000,2026-08-17T02:09:26Z,電子決済,increment-run-002,workshop-participant,donation_events_002.csv,2026-08-21T14:20:02Z
EVT-FRS-013077,6013077,2000605,252131,3003967,150000,2026-08-17T02:10:04Z,銀行振込,increment-run-002,workshop-participant,donation_events_002.csv,2026-08-21T14:20:02Z
EVT-FRS-003580,6003580,2002263,402079,3001987,10000,2026-08-17T02:11:52Z,クレジットカード,increment-run-002,workshop-participant,donation_events_002.csv,2026-08-21T14:20:02Z
EVT-FRS-003612,6003612,2008868,013943,3001398,20000,2026-08-17T02:18:02Z,コンビニ決済,increment-run-002,workshop-participant,donation_events_002.csv,2026-08-21T14:20:02Z
EVT-FRS-003142,6003142,2007814,341002,3002981,100000,2026-08-17T02:19:51Z,コンビニ決済,increment-run-002,workshop-participant,donation_events_002.csv,2026-08-21T14:20:02Z
EVT-FRS-009902,6009902,2006914,122351,3005774,30000,2026-08-17T02:32:54Z,銀行振込,increment-run-002,workshop-participant,donation_events_002.csv,2026-08-21T14:20:02Z
EVT-FRS-004508,6004508,2003621,222054,3001986,20000,2026-08-17T02:33:04Z,クレジットカード,increment-run-002,workshop-participant,donation_events_002.csv,2026-08-21T14:20:02Z
EVT-FRS-007652,6007652,2007775,452041,3005727,25000,2026-08-17T02:36:48Z,コンビニ決済,increment-run-002,workshop-participant,donation_events_002.csv,2026-08-21T14:20:02Z
EVT-FRS-000439,6000439,2005082,052035,3002788,20000,2026-08-17T02:38:01Z,電子決済,increment-run-002,workshop-participant,donation_events_002.csv,2026-08-21T14:20:02Z
EVT-FRS-011539,6011539,2005803,272281,3004859,10000,2026-08-17T02:39:08Z,クレジットカード,increment-run-002,workshop-participant,donation_events_002.csv,2026-08-21T14:20:02Z
EVT-FRS-002911,6002911,2004685,352128,3001457,10000,2026-08-17T02:39:13Z,電子決済,increment-run-002,workshop-participant,donation_events_002.csv,2026-08-21T14:20:02Z
EVT-FRS-001256,6001256,2000236,272132,3003322,20000,2026-08-17T02:40:37Z,クレジットカード,increment-run-002,workshop-participant,donation_events_002.csv,2026-08-21T14:20:02Z
EVT-FRS-006965,6006965,2005336,272132,3002307,20000,2026-08-17T02:41:28Z,電子決済,increment-run-002,workshop-participant,donation_events_002.csv,2026-08-21T14:20:02Z
EVT-FRS-007292,6007292,2010336,102059,3002894,10000,2026-08-17T02:47:47Z,電子決済,increment-run-002,workshop-participant,donation_events_002.csv,2026-08-21T14:20:02Z
EVT-FRS-008754,6008754,2004113,052108,3002917,20000,2026-08-17T02:49:31Z,クレジットカード,increment-run-002,workshop-participant,donation_events_002.csv,2026-08-21T14:20:02Z
EVT-FRS-005225,6005225,2004872,112089,3002369,15000,2026-08-17T02:52:18Z,電子決済,increment-run-002,workshop-participant,donation_events_002.csv,2026-08-21T14:20:02Z
EVT-FRS-007142,6007142,2004435,012165,3001399,12000,2026-08-17T02:57:09Z,コンビニ決済,increment-run-002,workshop-participant,donation_events_002.csv,2026-08-21T14:20:02Z
EVT-FRS-014806,6014806,2003702,082325,3005971,20000,2026-08-17T02:58:26Z,電子決済,increment-run-002,workshop-participant,donation_events_002.csv,2026-08-21T14:20:02Z
EVT-FRS-008373,6008373,2006000,082112,3005005,10000,2026-08-17T03:00:19Z,クレジットカード,increment-run-002,workshop-participant,donation_events_002.csv,2026-08-21T14:20:02Z
EVT-FRS-011304,6011304,2006504,272132,3000484,10000,2026-08-17T03:07:08Z,コンビニ決済,increment-run-002,workshop-participant,donation_events_002.csv,2026-08-21T14:20:02Z
EVT-FRS-011664,6011664,2002253,012076,3000785,30000,2026-08-17T03:14:50Z,クレジットカード,increment-run-002,workshop-participant,donation_events_002.csv,2026-08-21T14:20:02Z
EVT-FRS-014379,6014379,2005525,452025,3005848,30000,2026-08-17T03:17:47Z,クレジットカード,increment-run-002,workshop-participant,donation_events_002.csv,2026-08-21T14:20:02Z
EVT-FRS-004547,6004547,2006939,402184,3004348,8000,2026-08-17T03:20:01Z,クレジットカード,increment-run-002,workshop-participant,donation_events_002.csv,2026-08-21T14:20:02Z
EVT-FRS-014679,6014679,2005501,452025,3002730,25000,2026-08-17T03:20:14Z,クレジットカード,increment-run-002,workshop-participant,donation_events_002.csv,2026-08-21T14:20:02Z
EVT-FRS-000872,6000872,2003428,012084,3002792,30000,2026-08-17T03:20:43Z,電子決済,increment-run-002,workshop-participant,donation_events_002.csv,2026-08-21T14:20:02Z
EVT-FRS-014735,6014735,2001307,112020,3001896,12000,2026-08-17T03:22:21Z,クレジットカード,increment-run-002,workshop-participant,donation_events_002.csv,2026-08-21T14:20:02Z
EVT-FRS-000378,6000378,2002752,082287,3005939,15000,2026-08-17T03:23:28Z,クレジットカード,increment-run-002,workshop-participant,donation_events_002.csv,2026-08-21T14:20:02Z
EVT-FRS-004495,6004495,2002856,422118,3003205,25000,2026-08-17T03:25:36Z,クレジットカード,increment-run-002,workshop-participant,donation_events_002.csv,2026-08-21T14:20:02Z
EVT-FRS-008402,6008402,2001879,462195,3001082,25000,2026-08-17T03:27:58Z,クレジットカード,increment-run-002,workshop-participant,donation_events_002.csv,2026-08-21T14:20:02Z
EVT-FRS-005051,6005051,2004913,392081,3001540,20000,2026-08-17T03:32:36Z,クレジットカード,increment-run-002,workshop-participant,donation_events_002.csv,2026-08-21T14:20:02Z
EVT-FRS-013054,6013054,2008023,202088,3003572,15000,2026-08-17T03:33:02Z,クレジットカード,increment-run-002,workshop-participant,donation_events_002.csv,2026-08-21T14:20:02Z
EVT-FRS-001639,6001639,2008295,341002,3004993,10000,2026-08-17T03:33:48Z,クレジットカード,increment-run-002,workshop-participant,donation_events_002.csv,2026-08-21T14:20:02Z
EVT-FRS-008321,6008321,2003578,112259,3001714,10000,2026-08-17T03:34:07Z,電子決済,increment-run-002,workshop-participant,donation_events_002.csv,2026-08-21T14:20:02Z
EVT-FRS-004529,6004529,2002526,473618,3001810,10000,2026-08-17T03:35:26Z,電子決済,increment-run-002,workshop-participant,donation_events_002.csv,2026-08-21T14:20:02Z
EVT-FRS-013239,6013239,2007470,222267,3002229,10000,2026-08-17T03:41:06Z,コンビニ決済,increment-run-002,workshop-participant,donation_events_002.csv,2026-08-21T14:20:02Z
EVT-FRS-011034,6011034,2007466,173614,3001314,8000,2026-08-17T03:41:29Z,コンビニ決済,increment-run-002,workshop-participant,donation_events_002.csv,2026-08-21T14:20:02Z
EVT-FRS-006537,6006537,2004343,212083,3003958,30000,2026-08-17T03:46:15Z,クレジットカード,increment-run-002,workshop-participant,donation_events_002.csv,2026-08-21T14:20:02Z
EVT-FRS-010355,6010355,2005537,042072,3002128,20000,2026-08-17T03:47:34Z,クレジットカード,increment-run-002,workshop-participant,donation_events_002.csv,2026-08-21T14:20:02Z
EVT-FRS-002442,6002442,2006245,052027,3002016,20000,2026-08-17T03:49:51Z,クレジットカード,increment-run-002,workshop-participant,donation_events_002.csv,2026-08-21T14:20:02Z
EVT-FRS-011079,6011079,2001098,272256,3002740,15000,2026-08-17T03:50:01Z,クレジットカード,increment-run-002,workshop-participant,donation_events_002.csv,2026-08-21T14:20:02Z
EVT-FRS-013786,6013786,2011832,131130,3001429,12000,2026-08-17T03:54:24Z,電子決済,increment-run-002,workshop-participant,donation_events_002.csv,2026-08-21T14:20:02Z
EVT-FRS-006809,6006809,2006547,062031,3001017,25000,2026-08-17T04:00:08Z,クレジットカード,increment-run-002,workshop-participant,donation_events_002.csv,2026-08-21T14:20:02Z
EVT-FRS-000474,6000474,2003153,462250,3003846,30000,2026-08-17T04:06:55Z,クレジットカード,increment-run-002,workshop-participant,donation_events_002.csv,2026-08-21T14:20:02Z
EVT-FRS-011041,6011041,2004815,152137,3000749,15000,2026-08-17T04:09:19Z,クレジットカード,increment-run-002,workshop-participant,donation_events_002.csv,2026-08-21T14:20:02Z
EVT-FRS-003037,6003037,2002717,012084,3002792,10000,2026-08-17T04:11:04Z,クレジットカード,increment-run-002,workshop-participant,donation_events_002.csv,2026-08-21T14:20:02Z
EVT-FRS-013572,6013572,2003137,203491,3004611,5000,2026-08-17T04:11:34Z,クレジットカード,increment-run-002,workshop-participant,donation_events_002.csv,2026-08-21T14:20:02Z
EVT-FRS-014336,6014336,2007800,462101,3004911,10000,2026-08-17T04:12:42Z,コンビニ決済,increment-run-002,workshop-participant,donation_events_002.csv,2026-08-21T14:20:02Z
EVT-FRS-012729,6012729,2000653,072052,3000698,12000,2026-08-17T04:15:36Z,銀行振込,increment-run-002,workshop-participant,donation_events_002.csv,2026-08-21T14:20:02Z
EVT-FRS-004522,6004522,2009533,332143,3002115,25000,2026-08-17T04:16:23Z,電子決済,increment-run-002,workshop-participant,donation_events_002.csv,2026-08-21T14:20:02Z
EVT-FRS-004704,6004704,2003575,162043,3002695,10000,2026-08-17T04:18:24Z,クレジットカード,increment-run-002,workshop-participant,donation_events_002.csv,2026-08-21T14:20:02Z
EVT-FRS-014075,6014075,2005224,122106,3004156,15000,2026-08-17T04:22:44Z,クレジットカード,increment-run-002,workshop-participant,donation_events_002.csv,2026-08-21T14:20:02Z
EVT-FRS-001381,6001381,2009840,162019,3003171,10000,2026-08-17T04:23:41Z,電子決済,increment-run-002,workshop-participant,donation_events_002.csv,2026-08-21T14:20:02Z
EVT-FRS-003780,6003780,2008999,342157,3005308,8000,2026-08-17T04:27:20Z,銀行振込,increment-run-002,workshop-participant,donation_events_002.csv,2026-08-21T14:20:02Z
EVT-FRS-003881,6003881,2000860,292109,3001118,20000,2026-08-17T04:31:13Z,コンビニ決済,increment-run-002,workshop-participant,donation_events_002.csv,2026-08-21T14:20:02Z
EVT-FRS-008264,6008264,2000007,152048,3005911,10000,2026-08-17T04:34:46Z,クレジットカード,increment-run-002,workshop-participant,donation_events_002.csv,2026-08-21T14:20:02Z
EVT-FRS-003646,6003646,2011940,082058,3002629,20000,2026-08-17T04:35:32Z,電子決済,increment-run-002,workshop-participant,donation_events_002.csv,2026-08-21T14:20:02Z
EVT-FRS-001331,6001331,2010050,292044,3002534,10000,2026-08-17T04:39:14Z,クレジットカード,increment-run-002,workshop-participant,donation_events_002.csv,2026-08-21T14:20:02Z
EVT-FRS-003650,6003650,2010645,082163,3005141,15000,2026-08-17T04:40:14Z,クレジットカード,increment-run-002,workshop-participant,donation_events_002.csv,2026-08-21T14:20:02Z
EVT-FRS-014835,6014835,2000558,082163,3000630,12000,2026-08-17T04:40:57Z,クレジットカード,increment-run-002,workshop-participant,donation_events_002.csv,2026-08-21T14:20:02Z
EVT-FRS-009424,6009424,2002368,452084,3002138,15000,2026-08-17T04:41:28Z,電子決済,increment-run-002,workshop-participant,donation_events_002.csv,2026-08-21T14:20:02Z
EVT-FRS-007583,6007583,2010524,082261,3001655,50000,2026-08-17T04:42:02Z,クレジットカード,increment-run-002,workshop-participant,donation_events_002.csv,2026-08-21T14:20:02Z
EVT-FRS-013814,6013814,2011410,062057,3005267,8000,2026-08-17T04:42:51Z,クレジットカード,increment-run-002,workshop-participant,donation_events_002.csv,2026-08-21T14:20:02Z
EVT-FRS-012650,6012650,2005173,203092,3002977,30000,2026-08-17T04:46:14Z,クレジットカード,increment-run-002,workshop-participant,donation_events_002.csv,2026-08-21T14:20:02Z
EVT-FRS-009795,6009795,2005153,112461,3000403,50000,2026-08-17T04:47:24Z,銀行振込,increment-run-002,workshop-participant,donation_events_002.csv,2026-08-21T14:20:02Z
EVT-FRS-010440,6010440,2001528,462195,3001082,10000,2026-08-17T04:48:59Z,クレジットカード,increment-run-002,workshop-participant,donation_events_002.csv,2026-08-21T14:20:02Z
EVT-FRS-002819,6002819,2001178,452025,3002730,10000,2026-08-17T04:50:19Z,クレジットカード,increment-run-002,workshop-participant,donation_events_002.csv,2026-08-21T14:20:02Z
EVT-FRS-013794,6013794,2003126,282049,3004141,40000,2026-08-17T04:51:52Z,クレジットカード,increment-run-002,workshop-participant,donation_events_002.csv,2026-08-21T14:20:02Z
EVT-FRS-004915,6004915,2004943,072095,3005779,100000,2026-08-17T04:53:19Z,クレジットカード,increment-run-002,workshop-participant,donation_events_002.csv,2026-08-21T14:20:02Z
EVT-FRS-013756,6013756,2011140,122122,3004474,10000,2026-08-17T04:55:28Z,コンビニ決済,increment-run-002,workshop-participant,donation_events_002.csv,2026-08-21T14:20:02Z
EVT-FRS-011148,6011148,2000439,272086,3002349,10000,2026-08-17T05:04:58Z,コンビニ決済,increment-run-002,workshop-participant,donation_events_002.csv,2026-08-21T14:20:02Z
EVT-FRS-010365,6010365,2003915,012301,3002365,20000,2026-08-17T05:10:05Z,クレジットカード,increment-run-002,workshop-participant,donation_events_002.csv,2026-08-21T14:20:02Z
EVT-FRS-000348,6000348,2010913,212202,3001683,25000,2026-08-17T05:15:47Z,コンビニ決済,increment-run-002,workshop-participant,donation_events_002.csv,2026-08-21T14:20:02Z
EVT-FRS-003788,6003788,2011041,062031,3005702,20000,2026-08-17T05:15:47Z,クレジットカード,increment-run-002,workshop-participant,donation_events_002.csv,2026-08-21T14:20:02Z
EVT-FRS-009483,6009483,2005251,432059,3000902,60000,2026-08-17T05:15:47Z,電子決済,increment-run-002,workshop-participant,donation_events_002.csv,2026-08-21T14:20:02Z
EVT-FRS-014043,6014043,2011317,182052,3001707,30000,2026-08-17T05:17:16Z,電子決済,increment-run-002,workshop-participant,donation_events_002.csv,2026-08-21T14:20:02Z
EVT-FRS-004715,6004715,2005426,052019,3001807,10000,2026-08-17T05:19:50Z,電子決済,increment-run-002,workshop-participant,donation_events_002.csv,2026-08-21T14:20:02Z
EVT-FRS-002737,6002737,2003055,272132,3000484,10000,2026-08-17T05:21:57Z,クレジットカード,increment-run-002,workshop-participant,donation_events_002.csv,2026-08-21T14:20:02Z
EVT-FRS-014017,6014017,2008770,072109,3003723,10000,2026-08-17T05:22:32Z,クレジットカード,increment-run-002,workshop-participant,donation_events_002.csv,2026-08-21T14:20:02Z
EVT-FRS-012333,6012333,2000542,082350,3005326,8000,2026-08-17T05:23:29Z,クレジットカード,increment-run-002,workshop-participant,donation_events_002.csv,2026-08-21T14:20:02Z
EVT-FRS-008610,6008610,2004955,232351,3004170,20000,2026-08-17T05:28:54Z,コンビニ決済,increment-run-002,workshop-participant,donation_events_002.csv,2026-08-21T14:20:02Z
EVT-FRS-006783,6006783,2004862,042081,3005740,12000,2026-08-17T05:37:19Z,クレジットカード,increment-run-002,workshop-participant,donation_events_002.csv,2026-08-21T14:20:02Z
EVT-FRS-014645,6014645,2010059,092011,3005234,12000,2026-08-17T05:37:58Z,クレジットカード,increment-run-002,workshop-participant,donation_events_002.csv,2026-08-21T14:20:02Z
EVT-FRS-003215,6003215,2006671,402117,3002329,15000,2026-08-17T05:41:33Z,クレジットカード,increment-run-002,workshop-participant,donation_events_002.csv,2026-08-21T14:20:02Z
EVT-FRS-008812,6008812,2003411,182028,3004323,8000,2026-08-17T05:42:46Z,コンビニ決済,increment-run-002,workshop-participant,donation_events_002.csv,2026-08-21T14:20:02Z
EVT-FRS-012583,6012583,2011973,132071,3004072,20000,2026-08-17T05:50:28Z,電子決済,increment-run-002,workshop-participant,donation_events_002.csv,2026-08-21T14:20:02Z
EVT-FRS-005366,6005366,2001761,462241,3002975,5000,2026-08-17T05:54:33Z,銀行振込,increment-run-002,workshop-participant,donation_events_002.csv,2026-08-21T14:20:02Z
EVT-FRS-006102,6006102,2007036,352152,3000111,8000,2026-08-17T05:58:52Z,クレジットカード,increment-run-002,workshop-participant,donation_events_002.csv,2026-08-21T14:20:02Z
EVT-FRS-000772,6000772,2002626,092061,3003627,12000,2026-08-17T05:59:13Z,クレジットカード,increment-run-002,workshop-participant,donation_events_002.csv,2026-08-21T14:20:02Z
EVT-FRS-012112,6012112,2007712,341002,3004993,10000,2026-08-17T06:00:21Z,クレジットカード,increment-run-002,workshop-participant,donation_events_002.csv,2026-08-21T14:20:02Z
EVT-FRS-009406,6009406,2008126,252107,3004902,20000,2026-08-17T06:00:39Z,クレジットカード,increment-run-002,workshop-participant,donation_events_002.csv,2026-08-21T14:20:02Z
EVT-FRS-009522,6009522,2005639,473596,3002414,20000,2026-08-17T06:03:59Z,クレジットカード,increment-run-002,workshop-participant,donation_events_002.csv,2026-08-21T14:20:02Z
EVT-FRS-014417,6014417,2009477,112348,3001779,12000,2026-08-17T06:07:46Z,銀行振込,increment-run-002,workshop-participant,donation_events_002.csv,2026-08-21T14:20:02Z
EVT-FRS-007657,6007657,2005939,182010,3001194,10000,2026-08-17T06:14:25Z,クレジットカード,increment-run-002,workshop-participant,donation_events_002.csv,2026-08-21T14:20:02Z
EVT-FRS-003574,6003574,2004328,462233,3003611,8000,2026-08-17T06:15:06Z,銀行振込,increment-run-002,workshop-participant,donation_events_002.csv,2026-08-21T14:20:02Z
EVT-FRS-001034,6001034,2007464,232157,3005582,8000,2026-08-17T06:18:30Z,電子決済,increment-run-002,workshop-participant,donation_events_002.csv,2026-08-21T14:20:02Z
EVT-FRS-004384,6004384,2010000,082325,3000617,30000,2026-08-17T06:30:04Z,クレジットカード,increment-run-002,workshop-participant,donation_events_002.csv,2026-08-21T14:20:02Z
EVT-FRS-011359,6011359,2006678,192074,3005813,20000,2026-08-17T06:33:46Z,電子決済,increment-run-002,workshop-participant,donation_events_002.csv,2026-08-21T14:20:02Z
EVT-FRS-010426,6010426,2008838,234419,3003599,20000,2026-08-17T06:37:49Z,クレジットカード,increment-run-002,workshop-participant,donation_events_002.csv,2026-08-21T14:20:02Z
EVT-FRS-004927,6004927,2007374,092045,3004410,10000,2026-08-17T06:39:00Z,クレジットカード,increment-run-002,workshop-participant,donation_events_002.csv,2026-08-21T14:20:02Z
EVT-FRS-013811,6013811,2011694,221007,3003040,15000,2026-08-17T06:40:23Z,クレジットカード,increment-run-002,workshop-participant,donation_events_002.csv,2026-08-21T14:20:02Z
EVT-FRS-001623,6001623,2010414,392081,3002879,20000,2026-08-17T06:43:58Z,クレジットカード,increment-run-002,workshop-participant,donation_events_002.csv,2026-08-21T14:20:02Z
EVT-FRS-005393,6005393,2000204,122319,3005132,15000,2026-08-17T06:44:53Z,クレジットカード,increment-run-002,workshop-participant,donation_events_002.csv,2026-08-21T14:20:02Z
EVT-FRS-003200,6003200,2004385,141305,3003591,10000,2026-08-17T06:46:18Z,クレジットカード,increment-run-002,workshop-participant,donation_events_002.csv,2026-08-21T14:20:02Z
EVT-FRS-010592,6010592,2008295,012203,3003471,15000,2026-08-17T06:52:59Z,電子決済,increment-run-002,workshop-participant,donation_events_002.csv,2026-08-21T14:20:02Z
EVT-FRS-012081,6012081,2001687,035017,3004564,20000,2026-08-17T06:54:57Z,クレジットカード,increment-run-002,workshop-participant,donation_events_002.csv,2026-08-21T14:20:02Z
EVT-FRS-009256,6009256,2001761,152111,3003212,10000,2026-08-17T06:58:09Z,クレジットカード,increment-run-002,workshop-participant,donation_events_002.csv,2026-08-21T14:20:02Z
EVT-FRS-010901,6010901,2007054,212211,3005147,15000,2026-08-17T06:58:41Z,コンビニ決済,increment-run-002,workshop-participant,donation_events_002.csv,2026-08-21T14:20:02Z
EVT-FRS-012010,6012010,2009022,332097,3001213,10000,2026-08-17T07:06:11Z,銀行振込,increment-run-002,workshop-participant,donation_events_002.csv,2026-08-21T14:20:02Z
EVT-FRS-002331,6002331,2001669,142131,3003940,10000,2026-08-17T07:06:43Z,クレジットカード,increment-run-002,workshop-participant,donation_events_002.csv,2026-08-21T14:20:02Z
EVT-FRS-004767,6004767,2010545,182010,3003048,10000,2026-08-17T07:12:44Z,クレジットカード,increment-run-002,workshop-participant,donation_events_002.csv,2026-08-21T14:20:02Z
EVT-FRS-012700,6012700,2011965,221309,3003097,10000,2026-08-17T07:15:17Z,クレジットカード,increment-run-002,workshop-participant,donation_events_002.csv,2026-08-21T14:20:02Z
EVT-FRS-003577,6003577,2008810,131211,3003895,20000,2026-08-17T07:15:43Z,クレジットカード,increment-run-002,workshop-participant,donation_events_002.csv,2026-08-21T14:20:02Z
EVT-FRS-005269,6005269,2006078,162043,3003198,5000,2026-08-17T07:20:31Z,クレジットカード,increment-run-002,workshop-participant,donation_events_002.csv,2026-08-21T14:20:02Z
EVT-FRS-014292,6014292,2008642,142158,3005293,10000,2026-08-17T07:26:07Z,クレジットカード,increment-run-002,workshop-participant,donation_events_002.csv,2026-08-21T14:20:02Z
EVT-FRS-003991,6003991,2003448,016624,3004724,25000,2026-08-17T07:27:17Z,クレジットカード,increment-run-002,workshop-participant,donation_events_002.csv,2026-08-21T14:20:02Z
EVT-FRS-004797,6004797,2008454,403831,3001472,10000,2026-08-17T07:27:34Z,クレジットカード,increment-run-002,workshop-participant,donation_events_002.csv,2026-08-21T14:20:02Z
EVT-FRS-000526,6000526,2005749,252085,3000635,8000,2026-08-17T07:29:10Z,銀行振込,increment-run-002,workshop-participant,donation_events_002.csv,2026-08-21T14:20:02Z
EVT-FRS-009108,6009108,2002781,272132,3003549,20000,2026-08-17T07:30:13Z,クレジットカード,increment-run-002,workshop-participant,donation_events_002.csv,2026-08-21T14:20:02Z
EVT-FRS-000323,6000323,2000795,203238,3000108,10000,2026-08-17T07:30:27Z,コンビニ決済,increment-run-002,workshop-participant,donation_events_002.csv,2026-08-21T14:20:02Z
EVT-FRS-013637,6013637,2003438,082341,3005160,8000,2026-08-17T07:31:46Z,クレジットカード,increment-run-002,workshop-participant,donation_events_002.csv,2026-08-21T14:20:02Z
EVT-FRS-014709,6014709,2001998,124265,3005351,15000,2026-08-17T07:32:13Z,クレジットカード,increment-run-002,workshop-participant,donation_events_002.csv,2026-08-21T14:20:02Z
EVT-FRS-011424,6011424,2010397,162019,3003119,5000,2026-08-17T07:35:32Z,銀行振込,increment-run-002,workshop-participant,donation_events_002.csv,2026-08-21T14:20:02Z
EVT-FRS-003628,6003628,2007399,402141,3002645,40000,2026-08-17T07:40:01Z,クレジットカード,increment-run-002,workshop-participant,donation_events_002.csv,2026-08-21T14:20:02Z
EVT-FRS-013475,6013475,2010635,222127,3000099,10000,2026-08-17T07:41:08Z,電子決済,increment-run-002,workshop-participant,donation_events_002.csv,2026-08-21T14:20:02Z
EVT-FRS-009908,6009908,2010151,152226,3002921,10000,2026-08-17T07:41:41Z,クレジットカード,increment-run-002,workshop-participant,donation_events_002.csv,2026-08-21T14:20:02Z
EVT-FRS-004629,6004629,2002934,082244,3001790,70000,2026-08-17T07:43:29Z,クレジットカード,increment-run-002,workshop-participant,donation_events_002.csv,2026-08-21T14:20:02Z
EVT-FRS-008478,6008478,2003358,202029,3001454,8000,2026-08-17T07:45:17Z,クレジットカード,increment-run-002,workshop-participant,donation_events_002.csv,2026-08-21T14:20:02Z
EVT-FRS-007930,6007930,2001706,293431,3004291,20000,2026-08-17T07:46:52Z,クレジットカード,increment-run-002,workshop-participant,donation_events_002.csv,2026-08-21T14:20:02Z
EVT-FRS-014890,6014890,2011381,132110,3003838,5000,2026-08-17T07:53:20Z,電子決済,increment-run-002,workshop-participant,donation_events_002.csv,2026-08-21T14:20:02Z
EVT-FRS-008385,6008385,2000200,092151,3003926,5000,2026-08-17T07:56:24Z,クレジットカード,increment-run-002,workshop-participant,donation_events_002.csv,2026-08-21T14:20:02Z
EVT-FRS-000295,6000295,2004217,122301,3001816,5000,2026-08-17T07:58:57Z,電子決済,increment-run-002,workshop-participant,donation_events_002.csv,2026-08-21T14:20:02Z
EVT-FRS-007690,6007690,2008205,152056,3001132,15000,2026-08-17T08:01:14Z,クレジットカード,increment-run-002,workshop-participant,donation_events_002.csv,2026-08-21T14:20:02Z
EVT-FRS-001664,6001664,2001444,012068,3000911,15000,2026-08-17T08:07:33Z,クレジットカード,increment-run-002,workshop-participant,donation_events_002.csv,2026-08-21T14:20:02Z
EVT-FRS-005125,6005125,2011532,282227,3000640,150000,2026-08-17T08:09:45Z,クレジットカード,increment-run-002,workshop-participant,donation_events_002.csv,2026-08-21T14:20:02Z
EVT-FRS-001068,6001068,2002436,452025,3003388,5000,2026-08-17T08:10:36Z,クレジットカード,increment-run-002,workshop-participant,donation_events_002.csv,2026-08-21T14:20:02Z
EVT-FRS-009880,6009880,2000689,362018,3001819,20000,2026-08-17T08:11:23Z,クレジットカード,increment-run-002,workshop-participant,donation_events_002.csv,2026-08-21T14:20:02Z
EVT-FRS-008280,6008280,2011925,012238,3001524,10000,2026-08-17T08:12:39Z,クレジットカード,increment-run-002,workshop-participant,donation_events_002.csv,2026-08-21T14:20:02Z
EVT-FRS-007472,6007472,2006510,132195,3004404,10000,2026-08-17T08:16:47Z,クレジットカード,increment-run-002,workshop-participant,donation_events_002.csv,2026-08-21T14:20:02Z
EVT-FRS-005689,6005689,2006128,142051,3001813,20000,2026-08-17T08:21:21Z,クレジットカード,increment-run-002,workshop-participant,donation_events_002.csv,2026-08-21T14:20:02Z
EVT-FRS-008439,6008439,2000110,032158,3004125,12000,2026-08-17T08:26:04Z,電子決済,increment-run-002,workshop-participant,donation_events_002.csv,2026-08-21T14:20:02Z
EVT-FRS-004536,6004536,2003838,112291,3000306,25000,2026-08-17T08:28:14Z,クレジットカード,increment-run-002,workshop-participant,donation_events_002.csv,2026-08-21T14:20:02Z
EVT-FRS-003512,6003512,2000863,462012,3001763,5000,2026-08-17T08:31:23Z,クレジットカード,increment-run-002,workshop-participant,donation_events_002.csv,2026-08-21T14:20:02Z
EVT-FRS-006575,6006575,2004946,384011,3000827,10000,2026-08-17T08:31:25Z,コンビニ決済,increment-run-002,workshop-participant,donation_events_002.csv,2026-08-21T14:20:02Z
EVT-FRS-008119,6008119,2005787,232092,3004369,10000,2026-08-17T08:31:25Z,クレジットカード,increment-run-002,workshop-participant,donation_events_002.csv,2026-08-21T14:20:02Z
EVT-FRS-004558,6004558,2007561,222119,3003130,10000,2026-08-17T08:34:33Z,クレジットカード,increment-run-002,workshop-participant,donation_events_002.csv,2026-08-21T14:20:02Z
EVT-FRS-009358,6009358,2001294,192091,3001868,15000,2026-08-17T08:36:49Z,クレジットカード,increment-run-002,workshop-participant,donation_events_002.csv,2026-08-21T14:20:02Z
EVT-FRS-000150,6000150,2007256,232327,3004991,12000,2026-08-17T08:41:53Z,クレジットカード,increment-run-002,workshop-participant,donation_events_002.csv,2026-08-21T14:20:02Z
EVT-FRS-010363,6010363,2002430,272183,3003516,5000,2026-08-17T08:42:59Z,クレジットカード,increment-run-002,workshop-participant,donation_events_002.csv,2026-08-21T14:20:02Z
EVT-FRS-014511,6014511,2011669,082368,3000144,10000,2026-08-17T08:52:23Z,クレジットカード,increment-run-002,workshop-participant,donation_events_002.csv,2026-08-21T14:20:02Z
EVT-FRS-009898,6009898,2005164,082023,3005254,12000,2026-08-17T08:52:33Z,クレジットカード,increment-run-002,workshop-participant,donation_events_002.csv,2026-08-21T14:20:02Z
EVT-FRS-014385,6014385,2004762,232351,3004170,25000,2026-08-17T08:54:48Z,コンビニ決済,increment-run-002,workshop-participant,donation_events_002.csv,2026-08-21T14:20:02Z
EVT-FRS-012893,6012893,2001719,222038,3001333,40000,2026-08-17T08:59:38Z,電子決済,increment-run-002,workshop-participant,donation_events_002.csv,2026-08-21T14:20:02Z
EVT-FRS-004649,6004649,2004663,402273,3002775,12000,2026-08-17T09:00:35Z,クレジットカード,increment-run-002,workshop-participant,donation_events_002.csv,2026-08-21T14:20:02Z
EVT-FRS-007795,6007795,2007698,172049,3003674,20000,2026-08-17T09:00:37Z,クレジットカード,increment-run-002,workshop-participant,donation_events_002.csv,2026-08-21T14:20:02Z
EVT-FRS-009196,6009196,2001989,432113,3001974,10000,2026-08-17T09:01:46Z,クレジットカード,increment-run-002,workshop-participant,donation_events_002.csv,2026-08-21T14:20:02Z
EVT-FRS-007412,6007412,2008140,131067,3005695,10000,2026-08-17T09:04:31Z,クレジットカード,increment-run-002,workshop-participant,donation_events_002.csv,2026-08-21T14:20:02Z
EVT-FRS-000817,6000817,2005124,232017,3005339,15000,2026-08-17T09:04:51Z,銀行振込,increment-run-002,workshop-participant,donation_events_002.csv,2026-08-21T14:20:02Z
EVT-FRS-012086,6012086,2007448,442135,3005200,10000,2026-08-17T09:06:16Z,クレジットカード,increment-run-002,workshop-participant,donation_events_002.csv,2026-08-21T14:20:02Z
EVT-FRS-010455,6010455,2008321,122025,3001297,20000,2026-08-17T09:07:56Z,銀行振込,increment-run-002,workshop-participant,donation_events_002.csv,2026-08-21T14:20:02Z
EVT-FRS-008139,6008139,2004728,152048,3004458,10000,2026-08-17T09:08:17Z,クレジットカード,increment-run-002,workshop-participant,donation_events_002.csv,2026-08-21T14:20:02Z
EVT-FRS-001496,6001496,2011687,343072,3002655,10000,2026-08-17T09:09:55Z,クレジットカード,increment-run-002,workshop-participant,donation_events_002.csv,2026-08-21T14:20:02Z
EVT-FRS-014419,6014419,2010163,075647,3002252,20000,2026-08-17T09:09:55Z,クレジットカード,increment-run-002,workshop-participant,donation_events_002.csv,2026-08-21T14:20:02Z
EVT-FRS-008263,6008263,2011307,472123,3004891,15000,2026-08-17T09:13:26Z,銀行振込,increment-run-002,workshop-participant,donation_events_002.csv,2026-08-21T14:20:02Z
EVT-FRS-001622,6001622,2010636,102041,3001427,10000,2026-08-17T09:14:06Z,コンビニ決済,increment-run-002,workshop-participant,donation_events_002.csv,2026-08-21T14:20:02Z
EVT-FRS-006238,6006238,2008018,092053,3001143,20000,2026-08-17T09:15:21Z,コンビニ決済,increment-run-002,workshop-participant,donation_events_002.csv,2026-08-21T14:20:02Z
EVT-FRS-011435,6011435,2004513,016098,3003469,10000,2026-08-17T09:20:43Z,クレジットカード,increment-run-002,workshop-participant,donation_events_002.csv,2026-08-21T14:20:02Z
EVT-FRS-012424,6012424,2002454,242080,3002071,10000,2026-08-17T09:21:24Z,クレジットカード,increment-run-002,workshop-participant,donation_events_002.csv,2026-08-21T14:20:02Z
EVT-FRS-009259,6009259,2004257,122351,3002051,20000,2026-08-17T09:24:21Z,クレジットカード,increment-run-002,workshop-participant,donation_events_002.csv,2026-08-21T14:20:02Z
EVT-FRS-011925,6011925,2000444,252018,3001600,20000,2026-08-17T09:29:01Z,クレジットカード,increment-run-002,workshop-participant,donation_events_002.csv,2026-08-21T14:20:02Z
EVT-FRS-001273,6001273,2003741,062022,3000677,70000,2026-08-17T09:31:06Z,電子決済,increment-run-002,workshop-participant,donation_events_002.csv,2026-08-21T14:20:02Z
EVT-FRS-008026,6008026,2009933,172120,3000647,20000,2026-08-17T09:33:28Z,電子決済,increment-run-002,workshop-participant,donation_events_002.csv,2026-08-21T14:20:02Z
EVT-FRS-000431,6000431,2001295,162108,3004238,40000,2026-08-17T09:33:56Z,コンビニ決済,increment-run-002,workshop-participant,donation_events_002.csv,2026-08-21T14:20:02Z
EVT-FRS-011065,6011065,2010782,384429,3004378,12000,2026-08-17T09:34:10Z,クレジットカード,increment-run-002,workshop-participant,donation_events_002.csv,2026-08-21T14:20:02Z
EVT-FRS-011905,6011905,2008735,432121,3001556,50000,2026-08-17T09:34:45Z,クレジットカード,increment-run-002,workshop-participant,donation_events_002.csv,2026-08-21T14:20:02Z
EVT-FRS-000460,6000460,2011206,112283,3002528,20000,2026-08-17T09:41:06Z,クレジットカード,increment-run-002,workshop-participant,donation_events_002.csv,2026-08-21T14:20:02Z
EVT-FRS-003275,6003275,2001375,212083,3004510,10000,2026-08-17T09:44:35Z,クレジットカード,increment-run-002,workshop-participant,donation_events_002.csv,2026-08-21T14:20:02Z
EVT-FRS-013758,6013758,2011176,242110,3002302,10000,2026-08-17T09:45:39Z,クレジットカード,increment-run-002,workshop-participant,donation_events_002.csv,2026-08-21T14:20:02Z
EVT-FRS-005440,6005440,2000485,072109,3004193,20000,2026-08-17T10:02:59Z,クレジットカード,increment-run-002,workshop-participant,donation_events_002.csv,2026-08-21T14:20:02Z
EVT-FRS-002715,6002715,2007343,272132,3002927,10000,2026-08-17T10:04:31Z,クレジットカード,increment-run-002,workshop-participant,donation_events_002.csv,2026-08-21T14:20:02Z
EVT-FRS-001289,6001289,2010197,132101,3005126,25000,2026-08-17T10:05:05Z,銀行振込,increment-run-002,workshop-participant,donation_events_002.csv,2026-08-21T14:20:02Z
EVT-FRS-003486,6003486,2004161,024023,3003887,10000,2026-08-17T10:07:34Z,クレジットカード,increment-run-002,workshop-participant,donation_events_002.csv,2026-08-21T14:20:02Z
EVT-FRS-011705,6011705,2002786,092045,3003291,10000,2026-08-17T10:07:39Z,クレジットカード,increment-run-002,workshop-participant,donation_events_002.csv,2026-08-21T14:20:02Z
EVT-FRS-009085,6009085,2007704,016349,3002326,12000,2026-08-17T10:11:51Z,クレジットカード,increment-run-002,workshop-participant,donation_events_002.csv,2026-08-21T14:20:02Z
EVT-FRS-001335,6001335,2002532,082155,3003616,20000,2026-08-17T10:12:46Z,コンビニ決済,increment-run-002,workshop-participant,donation_events_002.csv,2026-08-21T14:20:02Z
EVT-FRS-013942,6013942,2005305,072109,3003723,12000,2026-08-17T10:13:48Z,銀行振込,increment-run-002,workshop-participant,donation_events_002.csv,2026-08-21T14:20:02Z
EVT-FRS-004254,6004254,2011717,272132,3002927,5000,2026-08-17T10:14:58Z,クレジットカード,increment-run-002,workshop-participant,donation_events_002.csv,2026-08-21T14:20:02Z
EVT-FRS-011788,6011788,2002689,272132,3003322,8000,2026-08-17T10:18:09Z,クレジットカード,increment-run-002,workshop-participant,donation_events_002.csv,2026-08-21T14:20:02Z
EVT-FRS-005019,6005019,2011829,462136,3001718,15000,2026-08-17T10:23:43Z,クレジットカード,increment-run-002,workshop-participant,donation_events_002.csv,2026-08-21T14:20:02Z
EVT-FRS-003682,6003682,2002671,075485,3004536,40000,2026-08-17T10:24:38Z,電子決済,increment-run-002,workshop-participant,donation_events_002.csv,2026-08-21T14:20:02Z
EVT-FRS-009588,6009588,2005881,012190,3001672,12000,2026-08-17T10:26:38Z,クレジットカード,increment-run-002,workshop-participant,donation_events_002.csv,2026-08-21T14:20:02Z
EVT-FRS-003925,6003925,2009170,111007,3000668,100000,2026-08-17T10:28:13Z,クレジットカード,increment-run-002,workshop-participant,donation_events_002.csv,2026-08-21T14:20:02Z
EVT-FRS-014807,6014807,2007237,032018,3004879,12000,2026-08-17T10:28:53Z,銀行振込,increment-run-002,workshop-participant,donation_events_002.csv,2026-08-21T14:20:02Z
EVT-FRS-008757,6008757,2011918,122122,3002947,30000,2026-08-17T10:34:15Z,クレジットカード,increment-run-002,workshop-participant,donation_events_002.csv,2026-08-21T14:20:02Z
EVT-FRS-010123,6010123,2005217,242144,3001719,10000,2026-08-17T10:34:44Z,クレジットカード,increment-run-002,workshop-participant,donation_events_002.csv,2026-08-21T14:20:02Z
EVT-FRS-002979,6002979,2001422,112178,3004471,20000,2026-08-17T10:37:16Z,電子決済,increment-run-002,workshop-participant,donation_events_002.csv,2026-08-21T14:20:02Z
EVT-FRS-001581,6001581,2010563,273830,3000576,20000,2026-08-17T10:43:28Z,電子決済,increment-run-002,workshop-participant,donation_events_002.csv,2026-08-21T14:20:02Z
EVT-FRS-007447,6007447,2006901,192139,3003407,20000,2026-08-17T10:46:21Z,クレジットカード,increment-run-002,workshop-participant,donation_events_002.csv,2026-08-21T14:20:02Z
EVT-FRS-010798,6010798,2009601,172065,3004513,12000,2026-08-17T10:46:57Z,クレジットカード,increment-run-002,workshop-participant,donation_events_002.csv,2026-08-21T14:20:02Z
EVT-FRS-004331,6004331,2001492,212202,3001683,20000,2026-08-17T10:47:11Z,銀行振込,increment-run-002,workshop-participant,donation_events_002.csv,2026-08-21T14:20:02Z
EVT-FRS-014040,6014040,2008304,464686,3002337,10000,2026-08-17T10:48:05Z,銀行振込,increment-run-002,workshop-participant,donation_events_002.csv,2026-08-21T14:20:02Z
EVT-FRS-009482,6009482,2001845,202045,3001643,8000,2026-08-17T10:50:34Z,コンビニ決済,increment-run-002,workshop-participant,donation_events_002.csv,2026-08-21T14:20:02Z
EVT-FRS-010787,6010787,2011591,232297,3003703,5000,2026-08-17T10:50:52Z,クレジットカード,increment-run-002,workshop-participant,donation_events_002.csv,2026-08-21T14:20:02Z
EVT-FRS-005606,6005606,2010257,142115,3001653,5000,2026-08-17T10:54:46Z,クレジットカード,increment-run-002,workshop-participant,donation_events_002.csv,2026-08-21T14:20:02Z
EVT-FRS-014244,6014244,2000979,012092,3003845,12000,2026-08-17T11:05:44Z,クレジットカード,increment-run-002,workshop-participant,donation_events_002.csv,2026-08-21T14:20:02Z
EVT-FRS-000374,6000374,2004914,052027,3005033,15000,2026-08-17T11:05:46Z,クレジットカード,increment-run-002,workshop-participant,donation_events_002.csv,2026-08-21T14:20:02Z
EVT-FRS-002464,6002464,2004757,262013,3002409,20000,2026-08-17T11:07:44Z,クレジットカード,increment-run-002,workshop-participant,donation_events_002.csv,2026-08-21T14:20:02Z
EVT-FRS-002686,6002686,2009115,132292,3005264,40000,2026-08-17T11:13:19Z,銀行振込,increment-run-002,workshop-participant,donation_events_002.csv,2026-08-21T14:20:02Z
EVT-FRS-010291,6010291,2001129,272132,3005617,15000,2026-08-17T11:13:25Z,クレジットカード,increment-run-002,workshop-participant,donation_events_002.csv,2026-08-21T14:20:02Z
EVT-FRS-008319,6008319,2006715,452025,3004014,10000,2026-08-17T11:14:14Z,クレジットカード,increment-run-002,workshop-participant,donation_events_002.csv,2026-08-21T14:20:02Z
EVT-FRS-013179,6013179,2004474,015857,3003488,40000,2026-08-17T11:14:18Z,クレジットカード,increment-run-002,workshop-participant,donation_events_002.csv,2026-08-21T14:20:02Z
EVT-FRS-012740,6012740,2002879,242110,3005319,10000,2026-08-17T11:19:14Z,クレジットカード,increment-run-002,workshop-participant,donation_events_002.csv,2026-08-21T14:20:02Z
EVT-FRS-009684,6009684,2005208,024121,3003095,10000,2026-08-17T11:19:15Z,クレジットカード,increment-run-002,workshop-participant,donation_events_002.csv,2026-08-21T14:20:02Z
EVT-FRS-010705,6010705,2006876,392031,3003153,8000,2026-08-17T11:22:31Z,クレジットカード,increment-run-002,workshop-participant,donation_events_002.csv,2026-08-21T14:20:02Z
EVT-FRS-000824,6000824,2000728,231002,3000905,25000,2026-08-17T11:24:19Z,クレジットカード,increment-run-002,workshop-participant,donation_events_002.csv,2026-08-21T14:20:02Z
EVT-FRS-014294,6014294,2001565,122131,3005857,20000,2026-08-17T11:24:32Z,クレジットカード,increment-run-002,workshop-participant,donation_events_002.csv,2026-08-21T14:20:02Z
EVT-FRS-013189,6013189,2000283,041009,3005790,15000,2026-08-17T11:30:29Z,電子決済,increment-run-002,workshop-participant,donation_events_002.csv,2026-08-21T14:20:02Z
EVT-FRS-004264,6004264,2001659,382027,3001378,10000,2026-08-17T11:32:02Z,クレジットカード,increment-run-002,workshop-participant,donation_events_002.csv,2026-08-21T14:20:02Z
EVT-FRS-012398,6012398,2006082,112437,3003099,12000,2026-08-17T11:32:39Z,クレジットカード,increment-run-002,workshop-participant,donation_events_002.csv,2026-08-21T14:20:02Z
EVT-FRS-004361,6004361,2008594,272256,3000322,12000,2026-08-17T11:33:17Z,クレジットカード,increment-run-002,workshop-participant,donation_events_002.csv,2026-08-21T14:20:02Z
EVT-FRS-005936,6005936,2007470,362085,3000772,10000,2026-08-17T11:36:27Z,クレジットカード,increment-run-002,workshop-participant,donation_events_002.csv,2026-08-21T14:20:02Z
EVT-FRS-004387,6004387,2004568,232327,3003382,30000,2026-08-17T11:37:53Z,銀行振込,increment-run-002,workshop-participant,donation_events_002.csv,2026-08-21T14:20:02Z
EVT-FRS-007859,6007859,2006688,204137,3004431,30000,2026-08-17T11:38:46Z,電子決済,increment-run-002,workshop-participant,donation_events_002.csv,2026-08-21T14:20:02Z
EVT-FRS-002690,6002690,2000413,122041,3000583,40000,2026-08-17T11:38:47Z,電子決済,increment-run-002,workshop-participant,donation_events_002.csv,2026-08-21T14:20:02Z
EVT-FRS-001645,6001645,2004212,122386,3002780,20000,2026-08-17T11:41:11Z,銀行振込,increment-run-002,workshop-participant,donation_events_002.csv,2026-08-21T14:20:02Z
EVT-FRS-003091,6003091,2000145,082198,3001308,5000,2026-08-17T11:43:47Z,クレジットカード,increment-run-002,workshop-participant,donation_events_002.csv,2026-08-21T14:20:02Z
EVT-FRS-006163,6006163,2009710,272132,3000484,15000,2026-08-17T11:49:09Z,電子決済,increment-run-002,workshop-participant,donation_events_002.csv,2026-08-21T14:20:02Z
EVT-FRS-001076,6001076,2008595,331007,3001270,20000,2026-08-17T11:49:32Z,クレジットカード,increment-run-002,workshop-participant,donation_events_002.csv,2026-08-21T14:20:02Z
EVT-FRS-008051,6008051,2001974,092053,3005685,10000,2026-08-17T11:52:05Z,銀行振込,increment-run-002,workshop-participant,donation_events_002.csv,2026-08-21T14:20:02Z
EVT-FRS-003409,6003409,2006631,192139,3000967,10000,2026-08-17T11:53:09Z,クレジットカード,increment-run-002,workshop-participant,donation_events_002.csv,2026-08-21T14:20:02Z
EVT-FRS-012117,6012117,2002897,152234,3005377,50000,2026-08-17T11:58:32Z,クレジットカード,increment-run-002,workshop-participant,donation_events_002.csv,2026-08-21T14:20:02Z
EVT-FRS-012681,6012681,2004914,252131,3002936,20000,2026-08-17T12:01:27Z,クレジットカード,increment-run-002,workshop-participant,donation_events_002.csv,2026-08-21T14:20:02Z
EVT-FRS-006967,6006967,2002419,223069,3001636,30000,2026-08-17T12:04:14Z,クレジットカード,increment-run-002,workshop-participant,donation_events_002.csv,2026-08-21T14:20:02Z
EVT-FRS-005039,6005039,2010950,382043,3005866,15000,2026-08-17T12:04:15Z,クレジットカード,increment-run-002,workshop-participant,donation_events_002.csv,2026-08-21T14:20:02Z
EVT-FRS-008446,6008446,2003006,112275,3000716,15000,2026-08-17T12:04:32Z,電子決済,increment-run-002,workshop-participant,donation_events_002.csv,2026-08-21T14:20:02Z
EVT-FRS-008088,6008088,2003485,392057,3005592,10000,2026-08-17T12:10:04Z,クレジットカード,increment-run-002,workshop-participant,donation_events_002.csv,2026-08-21T14:20:02Z
EVT-FRS-011744,6011744,2011649,082198,3000775,10000,2026-08-17T12:10:10Z,クレジットカード,increment-run-002,workshop-participant,donation_events_002.csv,2026-08-21T14:20:02Z
EVT-FRS-007699,6007699,2008957,203068,3003963,20000,2026-08-17T12:11:55Z,クレジットカード,increment-run-002,workshop-participant,donation_events_002.csv,2026-08-21T14:20:02Z
EVT-FRS-012278,6012278,2009331,452025,3002268,20000,2026-08-17T12:14:33Z,クレジットカード,increment-run-002,workshop-participant,donation_events_002.csv,2026-08-21T14:20:02Z
EVT-FRS-001352,6001352,2001276,202029,3000551,30000,2026-08-17T12:15:48Z,クレジットカード,increment-run-002,workshop-participant,donation_events_002.csv,2026-08-21T14:20:02Z
EVT-FRS-012410,6012410,2007730,122246,3004979,15000,2026-08-17T12:16:15Z,クレジットカード,increment-run-002,workshop-participant,donation_events_002.csv,2026-08-21T14:20:02Z
EVT-FRS-007036,6007036,2005631,382078,3005921,10000,2026-08-17T12:18:39Z,クレジットカード,increment-run-002,workshop-participant,donation_events_002.csv,2026-08-21T14:20:02Z
EVT-FRS-013106,6013106,2008117,132144,3005755,50000,2026-08-17T12:23:56Z,クレジットカード,increment-run-002,workshop-participant,donation_events_002.csv,2026-08-21T14:20:02Z
EVT-FRS-001070,6001070,2009458,272043,3003677,15000,2026-08-17T12:23:58Z,クレジットカード,increment-run-002,workshop-participant,donation_events_002.csv,2026-08-21T14:20:02Z
EVT-FRS-010635,6010635,2003334,082121,3001322,20000,2026-08-17T12:27:37Z,クレジットカード,increment-run-002,workshop-participant,donation_events_002.csv,2026-08-21T14:20:02Z
EVT-FRS-001093,6001093,2004243,152277,3004585,25000,2026-08-17T12:34:54Z,電子決済,increment-run-002,workshop-participant,donation_events_002.csv,2026-08-21T14:20:02Z
EVT-FRS-010913,6010913,2005036,212113,3002061,10000,2026-08-17T12:44:04Z,クレジットカード,increment-run-002,workshop-participant,donation_events_002.csv,2026-08-21T14:20:02Z
EVT-FRS-001959,6001959,2007967,292028,3003914,5000,2026-08-17T12:52:49Z,クレジットカード,increment-run-002,workshop-participant,donation_events_002.csv,2026-08-21T14:20:02Z
EVT-FRS-013662,6013662,2010754,072141,3003982,30000,2026-08-17T12:55:33Z,クレジットカード,increment-run-002,workshop-participant,donation_events_002.csv,2026-08-21T14:20:02Z
EVT-FRS-014068,6014068,2005337,222101,3003528,5000,2026-08-17T12:58:26Z,クレジットカード,increment-run-002,workshop-participant,donation_events_002.csv,2026-08-21T14:20:02Z
EVT-FRS-011433,6011433,2000528,122157,3002561,30000,2026-08-17T12:59:54Z,電子決済,increment-run-002,workshop-participant,donation_events_002.csv,2026-08-21T14:20:02Z
EVT-FRS-009544,6009544,2005973,232297,3005704,10000,2026-08-17T13:00:27Z,クレジットカード,increment-run-002,workshop-participant,donation_events_002.csv,2026-08-21T14:20:02Z
EVT-FRS-012979,6012979,2009662,282227,3002207,40000,2026-08-17T13:04:17Z,クレジットカード,increment-run-002,workshop-participant,donation_events_002.csv,2026-08-21T14:20:02Z
EVT-FRS-004468,6004468,2008948,473618,3001810,10000,2026-08-17T13:05:11Z,銀行振込,increment-run-002,workshop-participant,donation_events_002.csv,2026-08-21T14:20:02Z
EVT-FRS-010835,6010835,2006389,162078,3003789,50000,2026-08-17T13:05:39Z,クレジットカード,increment-run-002,workshop-participant,donation_events_002.csv,2026-08-21T14:20:02Z
EVT-FRS-008789,6008789,2007761,182061,3003628,30000,2026-08-17T13:07:12Z,クレジットカード,increment-run-002,workshop-participant,donation_events_002.csv,2026-08-21T14:20:02Z
EVT-FRS-008869,6008869,2006576,212121,3001428,10000,2026-08-17T13:08:35Z,電子決済,increment-run-002,workshop-participant,donation_events_002.csv,2026-08-21T14:20:02Z
EVT-FRS-007430,6007430,2003116,472123,3000253,10000,2026-08-17T13:10:15Z,電子決済,increment-run-002,workshop-participant,donation_events_002.csv,2026-08-21T14:20:02Z
EVT-FRS-010952,6010952,2006253,472123,3000930,5000,2026-08-17T13:16:13Z,クレジットカード,increment-run-002,workshop-participant,donation_events_002.csv,2026-08-21T14:20:02Z
EVT-FRS-000219,6000219,2002564,192112,3003615,25000,2026-08-17T13:16:40Z,クレジットカード,increment-run-002,workshop-participant,donation_events_002.csv,2026-08-21T14:20:02Z
EVT-FRS-002623,6002623,2002463,232343,3001489,10000,2026-08-17T13:18:04Z,電子決済,increment-run-002,workshop-participant,donation_events_002.csv,2026-08-21T14:20:02Z
EVT-FRS-011594,6011594,2003550,412023,3004952,12000,2026-08-17T13:19:41Z,クレジットカード,increment-run-002,workshop-participant,donation_events_002.csv,2026-08-21T14:20:02Z
EVT-FRS-011107,6011107,2002470,131067,3005695,30000,2026-08-17T13:22:38Z,クレジットカード,increment-run-002,workshop-participant,donation_events_002.csv,2026-08-21T14:20:02Z
EVT-FRS-005758,6005758,2000216,082023,3004220,50000,2026-08-17T13:30:20Z,電子決済,increment-run-002,workshop-participant,donation_events_002.csv,2026-08-21T14:20:02Z
EVT-FRS-010493,6010493,2011943,082082,3000730,25000,2026-08-17T13:33:00Z,クレジットカード,increment-run-002,workshop-participant,donation_events_002.csv,2026-08-21T14:20:02Z
EVT-FRS-003513,6003513,2005548,342131,3001475,10000,2026-08-17T13:40:59Z,クレジットカード,increment-run-002,workshop-participant,donation_events_002.csv,2026-08-21T14:20:02Z
EVT-FRS-003918,6003918,2004577,132233,3001484,10000,2026-08-17T13:48:17Z,電子決済,increment-run-002,workshop-participant,donation_events_002.csv,2026-08-21T14:20:02Z
EVT-FRS-011525,6011525,2007112,202177,3005497,15000,2026-08-17T13:51:00Z,銀行振込,increment-run-002,workshop-participant,donation_events_002.csv,2026-08-21T14:20:02Z
EVT-FRS-003325,6003325,2010061,352021,3003127,20000,2026-08-17T13:51:23Z,クレジットカード,increment-run-002,workshop-participant,donation_events_002.csv,2026-08-21T14:20:02Z
EVT-FRS-009443,6009443,2007469,222127,3003026,25000,2026-08-17T13:53:28Z,クレジットカード,increment-run-002,workshop-participant,donation_events_002.csv,2026-08-21T14:20:02Z
EVT-FRS-011813,6011813,2000384,222143,3000723,50000,2026-08-17T14:05:39Z,クレジットカード,increment-run-002,workshop-participant,donation_events_002.csv,2026-08-21T14:20:02Z
EVT-FRS-000114,6000114,2007875,242080,3000173,5000,2026-08-17T14:06:01Z,クレジットカード,increment-run-002,workshop-participant,donation_events_002.csv,2026-08-21T14:20:02Z
EVT-FRS-003751,6003751,2010521,204862,3001614,10000,2026-08-17T14:08:54Z,銀行振込,increment-run-002,workshop-participant,donation_events_002.csv,2026-08-21T14:20:02Z
EVT-FRS-014586,6014586,2001018,063649,3005851,10000,2026-08-17T14:09:31Z,クレジットカード,increment-run-002,workshop-participant,donation_events_002.csv,2026-08-21T14:20:02Z
EVT-FRS-008015,6008015,2009578,202070,3003505,50000,2026-08-17T14:14:44Z,電子決済,increment-run-002,workshop-participant,donation_events_002.csv,2026-08-21T14:20:02Z
EVT-FRS-004868,6004868,2000833,062031,3003652,10000,2026-08-17T14:18:36Z,クレジットカード,increment-run-002,workshop-participant,donation_events_002.csv,2026-08-21T14:20:02Z
EVT-FRS-011724,6011724,2003654,452050,3003836,15000,2026-08-17T14:21:33Z,クレジットカード,increment-run-002,workshop-participant,donation_events_002.csv,2026-08-21T14:20:02Z
EVT-FRS-003309,6003309,2006277,112321,3005766,10000,2026-08-17T14:24:52Z,クレジットカード,increment-run-002,workshop-participant,donation_events_002.csv,2026-08-21T14:20:02Z
EVT-FRS-004794,6004794,2002281,372064,3002152,10000,2026-08-17T14:26:59Z,電子決済,increment-run-002,workshop-participant,donation_events_002.csv,2026-08-21T14:20:02Z
EVT-FRS-004487,6004487,2007616,272175,3003112,12000,2026-08-17T14:27:18Z,銀行振込,increment-run-002,workshop-participant,donation_events_002.csv,2026-08-21T14:20:02Z
EVT-FRS-001577,6001577,2003346,264652,3000811,12000,2026-08-17T14:31:51Z,クレジットカード,increment-run-002,workshop-participant,donation_events_002.csv,2026-08-21T14:20:02Z
EVT-FRS-005170,6005170,2009741,212113,3004609,5000,2026-08-17T14:33:47Z,電子決済,increment-run-002,workshop-participant,donation_events_002.csv,2026-08-21T14:20:02Z
EVT-FRS-005485,6005485,2002819,284815,3005868,10000,2026-08-17T14:42:33Z,クレジットカード,increment-run-002,workshop-participant,donation_events_002.csv,2026-08-21T14:20:02Z
EVT-FRS-000993,6000993,2005609,272051,3005069,10000,2026-08-17T14:44:22Z,クレジットカード,increment-run-002,workshop-participant,donation_events_002.csv,2026-08-21T14:20:02Z
EVT-FRS-012625,6012625,2001347,102032,3004144,15000,2026-08-17T14:44:33Z,クレジットカード,increment-run-002,workshop-participant,donation_events_002.csv,2026-08-21T14:20:02Z
EVT-FRS-008401,6008401,2001626,232319,3003342,60000,2026-08-17T14:45:24Z,クレジットカード,increment-run-002,workshop-participant,donation_events_002.csv,2026-08-21T14:20:02Z
EVT-FRS-005890,6005890,2000842,382108,3002395,20000,2026-08-17T14:46:33Z,クレジットカード,increment-run-002,workshop-participant,donation_events_002.csv,2026-08-21T14:20:02Z
EVT-FRS-011644,6011644,2008785,272302,3005515,30000,2026-08-17T14:47:35Z,コンビニ決済,increment-run-002,workshop-participant,donation_events_002.csv,2026-08-21T14:20:02Z
EVT-FRS-009765,6009765,2006238,122131,3005400,15000,2026-08-17T14:53:16Z,クレジットカード,increment-run-002,workshop-participant,donation_events_002.csv,2026-08-21T14:20:02Z
EVT-FRS-007494,6007494,2009418,093840,3000737,20000,2026-08-17T14:55:03Z,クレジットカード,increment-run-002,workshop-participant,donation_events_002.csv,2026-08-21T14:20:02Z
EVT-FRS-009365,6009365,2008226,062022,3001514,12000,2026-08-17T15:07:43Z,クレジットカード,increment-run-002,workshop-participant,donation_events_002.csv,2026-08-21T14:20:02Z
EVT-FRS-008176,6008176,2011309,422029,3004961,20000,2026-08-17T15:11:34Z,銀行振込,increment-run-002,workshop-participant,donation_events_002.csv,2026-08-21T14:20:02Z
EVT-FRS-004155,6004155,2006264,142077,3004067,8000,2026-08-17T15:12:00Z,銀行振込,increment-run-002,workshop-participant,donation_events_002.csv,2026-08-21T14:20:02Z
EVT-FRS-014209,6014209,2007423,322032,3001218,10000,2026-08-17T15:13:13Z,電子決済,increment-run-002,workshop-participant,donation_events_002.csv,2026-08-21T14:20:02Z
EVT-FRS-005848,6005848,2004847,052027,3005233,5000,2026-08-17T15:16:06Z,コンビニ決済,increment-run-002,workshop-participant,donation_events_002.csv,2026-08-21T14:20:02Z
EVT-FRS-007197,6007197,2010250,202126,3000708,25000,2026-08-17T15:18:24Z,クレジットカード,increment-run-002,workshop-participant,donation_events_002.csv,2026-08-21T14:20:02Z
EVT-FRS-008748,6008748,2006077,014834,3000259,12000,2026-08-17T15:18:55Z,クレジットカード,increment-run-002,workshop-participant,donation_events_002.csv,2026-08-21T14:20:02Z
EVT-FRS-008814,6008814,2007732,452025,3002265,20000,2026-08-17T15:18:56Z,クレジットカード,increment-run-002,workshop-participant,donation_events_002.csv,2026-08-21T14:20:02Z
EVT-FRS-007960,6007960,2009797,082287,3005939,20000,2026-08-17T15:21:34Z,クレジットカード,increment-run-002,workshop-participant,donation_events_002.csv,2026-08-21T14:20:02Z
EVT-FRS-005042,6005042,2000363,062057,3003946,10000,2026-08-17T15:28:35Z,クレジットカード,increment-run-002,workshop-participant,donation_events_002.csv,2026-08-21T14:20:02Z
EVT-FRS-002122,6002122,2005060,262102,3001055,10000,2026-08-17T15:30:43Z,電子決済,increment-run-002,workshop-participant,donation_events_002.csv,2026-08-21T14:20:02Z
EVT-FRS-014393,6014393,2008360,232343,3002809,30000,2026-08-17T15:30:44Z,クレジットカード,increment-run-002,workshop-participant,donation_events_002.csv,2026-08-21T14:20:02Z
EVT-FRS-011785,6011785,2010198,162108,3004626,12000,2026-08-17T15:31:05Z,クレジットカード,increment-run-002,workshop-participant,donation_events_002.csv,2026-08-21T14:20:02Z
EVT-FRS-010738,6010738,2005157,132209,3004735,15000,2026-08-17T15:34:07Z,クレジットカード,increment-run-002,workshop-participant,donation_events_002.csv,2026-08-21T14:20:02Z
EVT-FRS-013769,6013769,2004342,022039,3004557,10000,2026-08-17T15:41:13Z,電子決済,increment-run-002,workshop-participant,donation_events_002.csv,2026-08-21T14:20:02Z
EVT-FRS-002902,6002902,2006352,262064,3000293,12000,2026-08-17T15:42:27Z,電子決済,increment-run-002,workshop-participant,donation_events_002.csv,2026-08-21T14:20:02Z
EVT-FRS-006442,6006442,2002806,082040,3003695,15000,2026-08-17T15:42:36Z,電子決済,increment-run-002,workshop-participant,donation_events_002.csv,2026-08-21T14:20:02Z
EVT-FRS-012961,6012961,2007086,142158,3003215,8000,2026-08-17T15:48:00Z,クレジットカード,increment-run-002,workshop-participant,donation_events_002.csv,2026-08-21T14:20:02Z
EVT-FRS-001703,6001703,2009414,222089,3003251,8000,2026-08-17T15:48:02Z,クレジットカード,increment-run-002,workshop-participant,donation_events_002.csv,2026-08-21T14:20:02Z
EVT-FRS-003331,6003331,2000203,016349,3002470,25000,2026-08-17T15:49:39Z,クレジットカード,increment-run-002,workshop-participant,donation_events_002.csv,2026-08-21T14:20:02Z
EVT-FRS-013846,6013846,2010202,452050,3003161,50000,2026-08-17T15:53:26Z,電子決済,increment-run-002,workshop-participant,donation_events_002.csv,2026-08-21T14:20:02Z
EVT-FRS-005301,6005301,2008105,232041,3000152,15000,2026-08-17T15:53:31Z,クレジットカード,increment-run-002,workshop-participant,donation_events_002.csv,2026-08-21T14:20:02Z
EVT-FRS-005472,6005472,2008124,222194,3001954,15000,2026-08-17T15:59:28Z,クレジットカード,increment-run-002,workshop-participant,donation_events_002.csv,2026-08-21T14:20:02Z
EVT-FRS-006663,6006663,2011277,022012,3000540,20000,2026-08-17T15:59:59Z,コンビニ決済,increment-run-002,workshop-participant,donation_events_002.csv,2026-08-21T14:20:02Z
EVT-FRS-004861,6004861,2011084,464686,3003694,15000,2026-08-17T16:01:50Z,クレジットカード,increment-run-002,workshop-participant,donation_events_002.csv,2026-08-21T14:20:02Z
EVT-FRS-009379,6009379,2006637,302023,3004649,5000,2026-08-17T16:02:14Z,クレジットカード,increment-run-002,workshop-participant,donation_events_002.csv,2026-08-21T14:20:02Z
EVT-FRS-010783,6010783,2003313,173843,3000242,12000,2026-08-17T16:07:08Z,クレジットカード,increment-run-002,workshop-participant,donation_events_002.csv,2026-08-21T14:20:02Z
EVT-FRS-014852,6014852,2008299,132055,3004790,5000,2026-08-17T16:07:53Z,クレジットカード,increment-run-002,workshop-participant,donation_events_002.csv,2026-08-21T14:20:02Z
EVT-FRS-008714,6008714,2009950,022021,3004791,10000,2026-08-17T16:08:51Z,銀行振込,increment-run-002,workshop-participant,donation_events_002.csv,2026-08-21T14:20:02Z
EVT-FRS-001112,6001112,2005876,472123,3000253,12000,2026-08-17T16:09:49Z,電子決済,increment-run-002,workshop-participant,donation_events_002.csv,2026-08-21T14:20:02Z
EVT-FRS-001486,6001486,2008432,293857,3001099,20000,2026-08-17T16:12:35Z,コンビニ決済,increment-run-002,workshop-participant,donation_events_002.csv,2026-08-21T14:20:02Z
EVT-FRS-011418,6011418,2008122,102121,3003671,10000,2026-08-17T16:13:56Z,クレジットカード,increment-run-002,workshop-participant,donation_events_002.csv,2026-08-21T14:20:02Z
EVT-FRS-011114,6011114,2010526,012301,3001629,12000,2026-08-17T16:15:55Z,クレジットカード,increment-run-002,workshop-participant,donation_events_002.csv,2026-08-21T14:20:02Z
EVT-FRS-013298,6013298,2005516,282103,3005104,15000,2026-08-17T16:17:15Z,電子決済,increment-run-002,workshop-participant,donation_events_002.csv,2026-08-21T14:20:02Z
EVT-FRS-010119,6010119,2009782,222160,3001027,5000,2026-08-17T16:20:55Z,銀行振込,increment-run-002,workshop-participant,donation_events_002.csv,2026-08-21T14:20:02Z
EVT-FRS-006164,6006164,2008386,212172,3005152,10000,2026-08-17T16:25:38Z,クレジットカード,increment-run-002,workshop-participant,donation_events_002.csv,2026-08-21T14:20:02Z
EVT-FRS-003476,6003476,2007825,012068,3000911,15000,2026-08-17T16:46:42Z,クレジットカード,increment-run-002,workshop-participant,donation_events_002.csv,2026-08-21T14:20:02Z
EVT-FRS-007143,6007143,2007928,072125,3000216,30000,2026-08-17T16:46:58Z,クレジットカード,increment-run-002,workshop-participant,donation_events_002.csv,2026-08-21T14:20:02Z
EVT-FRS-003038,6003038,2009514,032077,3003343,10000,2026-08-17T16:47:36Z,クレジットカード,increment-run-002,workshop-participant,donation_events_002.csv,2026-08-21T14:20:02Z
EVT-FRS-002666,6002666,2007871,122246,3004979,12000,2026-08-17T16:50:25Z,クレジットカード,increment-run-002,workshop-participant,donation_events_002.csv,2026-08-21T14:20:02Z
EVT-FRS-006290,6006290,2004455,252123,3000314,5000,2026-08-17T16:52:23Z,コンビニ決済,increment-run-002,workshop-participant,donation_events_002.csv,2026-08-21T14:20:02Z
EVT-FRS-006309,6006309,2005069,072125,3001141,15000,2026-08-17T16:58:00Z,クレジットカード,increment-run-002,workshop-participant,donation_events_002.csv,2026-08-21T14:20:02Z
EVT-FRS-004031,6004031,2002869,392031,3004288,20000,2026-08-17T17:04:14Z,クレジットカード,increment-run-002,workshop-participant,donation_events_002.csv,2026-08-21T14:20:02Z
EVT-FRS-008134,6008134,2007189,434418,3004819,25000,2026-08-17T17:05:00Z,電子決済,increment-run-002,workshop-participant,donation_events_002.csv,2026-08-21T14:20:02Z
EVT-FRS-005670,6005670,2010151,082082,3001253,50000,2026-08-17T17:05:33Z,銀行振込,increment-run-002,workshop-participant,donation_events_002.csv,2026-08-21T14:20:02Z
EVT-FRS-005333,6005333,2004779,452041,3005727,30000,2026-08-17T17:07:16Z,クレジットカード,increment-run-002,workshop-participant,donation_events_002.csv,2026-08-21T14:20:02Z
EVT-FRS-008421,6008421,2001010,083097,3000526,20000,2026-08-17T17:10:50Z,クレジットカード,increment-run-002,workshop-participant,donation_events_002.csv,2026-08-21T14:20:02Z
EVT-FRS-014136,6014136,2001516,072125,3000216,5000,2026-08-17T17:18:21Z,クレジットカード,increment-run-002,workshop-participant,donation_events_002.csv,2026-08-21T14:20:02Z
EVT-FRS-000994,6000994,2005476,222216,3001446,25000,2026-08-17T17:18:23Z,銀行振込,increment-run-002,workshop-participant,donation_events_002.csv,2026-08-21T14:20:02Z
EVT-FRS-010065,6010065,2008368,182010,3001194,25000,2026-08-17T17:22:25Z,銀行振込,increment-run-002,workshop-participant,donation_events_002.csv,2026-08-21T14:20:02Z
EVT-FRS-001624,6001624,2009500,452041,3005727,30000,2026-08-17T17:23:26Z,銀行振込,increment-run-002,workshop-participant,donation_events_002.csv,2026-08-21T14:20:02Z
EVT-FRS-014641,6014641,2011440,452076,3005465,5000,2026-08-17T17:24:45Z,クレジットカード,increment-run-002,workshop-participant,donation_events_002.csv,2026-08-21T14:20:02Z
EVT-FRS-012608,6012608,2000340,412040,3004449,15000,2026-08-17T17:28:24Z,コンビニ決済,increment-run-002,workshop-participant,donation_events_002.csv,2026-08-21T14:20:02Z
EVT-FRS-014169,6014169,2007493,402141,3004763,10000,2026-08-17T17:35:15Z,クレジットカード,increment-run-002,workshop-participant,donation_events_002.csv,2026-08-21T14:20:02Z
EVT-FRS-002374,6002374,2004389,162027,3005211,20000,2026-08-17T17:35:26Z,コンビニ決済,increment-run-002,workshop-participant,donation_events_002.csv,2026-08-21T14:20:02Z
EVT-FRS-011461,6011461,2008935,131130,3004930,30000,2026-08-17T17:35:51Z,クレジットカード,increment-run-002,workshop-participant,donation_events_002.csv,2026-08-21T14:20:02Z
EVT-FRS-006255,6006255,2007385,112119,3003954,25000,2026-08-17T17:39:16Z,クレジットカード,increment-run-002,workshop-participant,donation_events_002.csv,2026-08-21T14:20:02Z
EVT-FRS-014862,6014862,2003251,452068,3003216,10000,2026-08-17T17:44:48Z,電子決済,increment-run-002,workshop-participant,donation_events_002.csv,2026-08-21T14:20:02Z
EVT-FRS-004716,6004716,2003138,062065,3003718,8000,2026-08-17T17:45:13Z,クレジットカード,increment-run-002,workshop-participant,donation_events_002.csv,2026-08-21T14:20:02Z
EVT-FRS-007320,6007320,2007515,142018,3001440,5000,2026-08-17T17:46:06Z,クレジットカード,increment-run-002,workshop-participant,donation_events_002.csv,2026-08-21T14:20:02Z
EVT-FRS-008022,6008022,2008003,151009,3003855,20000,2026-08-17T17:48:41Z,銀行振込,increment-run-002,workshop-participant,donation_events_002.csv,2026-08-21T14:20:02Z
EVT-FRS-014088,6014088,2004007,272205,3002062,10000,2026-08-17T17:53:42Z,クレジットカード,increment-run-002,workshop-participant,donation_events_002.csv,2026-08-21T14:20:02Z
EVT-FRS-003041,6003041,2008918,462225,3001972,25000,2026-08-17T17:58:32Z,クレジットカード,increment-run-002,workshop-participant,donation_events_002.csv,2026-08-21T14:20:02Z
EVT-FRS-004258,6004258,2008182,452025,3003388,12000,2026-08-17T17:59:22Z,クレジットカード,increment-run-002,workshop-participant,donation_events_002.csv,2026-08-21T14:20:02Z
EVT-FRS-000483,6000483,2008740,022063,3001320,8000,2026-08-17T18:00:54Z,銀行振込,increment-run-002,workshop-participant,donation_events_002.csv,2026-08-21T14:20:02Z
EVT-FRS-004512,6004512,2005894,035017,3001889,10000,2026-08-17T18:01:21Z,クレジットカード,increment-run-002,workshop-participant,donation_events_002.csv,2026-08-21T14:20:02Z
EVT-FRS-001209,6001209,2007770,182087,3000467,20000,2026-08-17T18:02:02Z,銀行振込,increment-run-002,workshop-participant,donation_events_002.csv,2026-08-21T14:20:02Z
EVT-FRS-006773,6006773,2001282,452050,3002298,12000,2026-08-17T18:11:02Z,クレジットカード,increment-run-002,workshop-participant,donation_events_002.csv,2026-08-21T14:20:02Z
EVT-FRS-005563,6005563,2008118,465348,3002463,15000,2026-08-17T18:12:47Z,クレジットカード,increment-run-002,workshop-participant,donation_events_002.csv,2026-08-21T14:20:02Z
EVT-FRS-008187,6008187,2003692,112089,3003059,40000,2026-08-17T18:13:38Z,クレジットカード,increment-run-002,workshop-participant,donation_events_002.csv,2026-08-21T14:20:02Z
EVT-FRS-008427,6008427,2007130,212105,3004831,20000,2026-08-17T18:17:23Z,クレジットカード,increment-run-002,workshop-participant,donation_events_002.csv,2026-08-21T14:20:02Z
EVT-FRS-003742,6003742,2003243,252034,3005091,50000,2026-08-17T18:17:25Z,クレジットカード,increment-run-002,workshop-participant,donation_events_002.csv,2026-08-21T14:20:02Z
EVT-FRS-002170,6002170,2000132,072125,3000091,10000,2026-08-17T18:22:26Z,電子決済,increment-run-002,workshop-participant,donation_events_002.csv,2026-08-21T14:20:02Z
EVT-FRS-004292,6004292,2009403,222127,3000099,15000,2026-08-17T18:22:43Z,クレジットカード,increment-run-002,workshop-participant,donation_events_002.csv,2026-08-21T14:20:02Z
EVT-FRS-012453,6012453,2004803,243035,3005406,15000,2026-08-17T18:24:10Z,電子決済,increment-run-002,workshop-participant,donation_events_002.csv,2026-08-21T14:20:02Z
EVT-FRS-000700,6000700,2000163,282081,3000712,30000,2026-08-17T18:31:03Z,クレジットカード,increment-run-002,workshop-participant,donation_events_002.csv,2026-08-21T14:20:02Z
EVT-FRS-011376,6011376,2002666,232190,3003560,50000,2026-08-17T18:35:01Z,電子決済,increment-run-002,workshop-participant,donation_events_002.csv,2026-08-21T14:20:02Z
EVT-FRS-006919,6006919,2010071,082121,3005090,30000,2026-08-17T18:43:41Z,クレジットカード,increment-run-002,workshop-participant,donation_events_002.csv,2026-08-21T14:20:02Z
EVT-FRS-003896,6003896,2001223,015130,3004555,5000,2026-08-17T18:46:35Z,電子決済,increment-run-002,workshop-participant,donation_events_002.csv,2026-08-21T14:20:02Z
EVT-FRS-013800,6013800,2008848,112437,3001647,10000,2026-08-17T18:47:30Z,クレジットカード,increment-run-002,workshop-participant,donation_events_002.csv,2026-08-21T14:20:02Z
EVT-FRS-010574,6010574,2005172,132276,3002538,5000,2026-08-17T18:47:45Z,クレジットカード,increment-run-002,workshop-participant,donation_events_002.csv,2026-08-21T14:20:02Z
EVT-FRS-002166,6002166,2004104,234419,3005010,30000,2026-08-17T18:48:24Z,クレジットカード,increment-run-002,workshop-participant,donation_events_002.csv,2026-08-21T14:20:02Z
EVT-FRS-014810,6014810,2001135,222127,3004278,5000,2026-08-17T18:51:30Z,クレジットカード,increment-run-002,workshop-participant,donation_events_002.csv,2026-08-21T14:20:02Z
EVT-FRS-010319,6010319,2000267,052043,3002872,5000,2026-08-17T18:51:57Z,電子決済,increment-run-002,workshop-participant,donation_events_002.csv,2026-08-21T14:20:02Z
EVT-FRS-011622,6011622,2003003,452025,3005848,15000,2026-08-17T18:53:18Z,クレジットカード,increment-run-002,workshop-participant,donation_events_002.csv,2026-08-21T14:20:02Z
EVT-FRS-007458,6007458,2005864,062031,3001017,10000,2026-08-17T18:56:41Z,クレジットカード,increment-run-002,workshop-participant,donation_events_002.csv,2026-08-21T14:20:02Z
EVT-FRS-009772,6009772,2005617,342033,3001468,15000,2026-08-17T18:59:22Z,コンビニ決済,increment-run-002,workshop-participant,donation_events_002.csv,2026-08-21T14:20:02Z
EVT-FRS-008081,6008081,2001244,062014,3005701,10000,2026-08-17T18:59:40Z,クレジットカード,increment-run-002,workshop-participant,donation_events_002.csv,2026-08-21T14:20:02Z
EVT-FRS-012311,6012311,2008960,292044,3000591,15000,2026-08-17T18:59:45Z,クレジットカード,increment-run-002,workshop-participant,donation_events_002.csv,2026-08-21T14:20:02Z
EVT-FRS-008564,6008564,2001773,272230,3002861,25000,2026-08-17T19:02:18Z,クレジットカード,increment-run-002,workshop-participant,donation_events_002.csv,2026-08-21T14:20:02Z
EVT-FRS-012638,6012638,2004318,232211,3003507,20000,2026-08-17T19:02:59Z,電子決済,increment-run-002,workshop-participant,donation_events_002.csv,2026-08-21T14:20:02Z
EVT-FRS-011072,6011072,2007822,342157,3005308,10000,2026-08-17T19:03:48Z,クレジットカード,increment-run-002,workshop-participant,donation_events_002.csv,2026-08-21T14:20:02Z
EVT-FRS-000420,6000420,2006724,152064,3000278,15000,2026-08-17T19:03:59Z,銀行振込,increment-run-002,workshop-participant,donation_events_002.csv,2026-08-21T14:20:02Z
EVT-FRS-000155,6000155,2006770,112089,3004833,15000,2026-08-17T19:05:23Z,クレジットカード,increment-run-002,workshop-participant,donation_events_002.csv,2026-08-21T14:20:02Z
EVT-FRS-002980,6002980,2010931,192121,3002006,10000,2026-08-17T19:07:24Z,クレジットカード,increment-run-002,workshop-participant,donation_events_002.csv,2026-08-21T14:20:02Z
EVT-FRS-014241,6014241,2006203,322041,3001006,5000,2026-08-17T19:12:53Z,クレジットカード,increment-run-002,workshop-participant,donation_events_002.csv,2026-08-21T14:20:02Z
EVT-FRS-013731,6013731,2007331,132144,3005755,12000,2026-08-17T19:13:12Z,クレジットカード,increment-run-002,workshop-participant,donation_events_002.csv,2026-08-21T14:20:02Z
EVT-FRS-010939,6010939,2006854,141003,3001676,20000,2026-08-17T19:14:35Z,電子決済,increment-run-002,workshop-participant,donation_events_002.csv,2026-08-21T14:20:02Z
EVT-FRS-008417,6008417,2007185,092037,3005634,30000,2026-08-17T19:15:11Z,クレジットカード,increment-run-002,workshop-participant,donation_events_002.csv,2026-08-21T14:20:02Z
EVT-FRS-007052,6007052,2007119,082031,3001172,5000,2026-08-17T19:20:26Z,クレジットカード,increment-run-002,workshop-participant,donation_events_002.csv,2026-08-21T14:20:02Z
EVT-FRS-008880,6008880,2008203,272132,3002927,40000,2026-08-17T19:29:34Z,クレジットカード,increment-run-002,workshop-participant,donation_events_002.csv,2026-08-21T14:20:02Z
EVT-FRS-013803,6013803,2006258,262129,3000104,5000,2026-08-17T19:29:46Z,クレジットカード,increment-run-002,workshop-participant,donation_events_002.csv,2026-08-21T14:20:02Z
EVT-FRS-005952,6005952,2011079,362085,3002648,10000,2026-08-17T19:34:46Z,クレジットカード,increment-run-002,workshop-participant,donation_events_002.csv,2026-08-21T14:20:02Z
EVT-FRS-013876,6013876,2008175,392049,3001525,10000,2026-08-17T19:34:57Z,電子決済,increment-run-002,workshop-participant,donation_events_002.csv,2026-08-21T14:20:02Z
EVT-FRS-004930,6004930,2005369,012165,3001377,12000,2026-08-17T19:37:35Z,クレジットカード,increment-run-002,workshop-participant,donation_events_002.csv,2026-08-21T14:20:02Z
EVT-FRS-001249,6001249,2003168,013676,3001008,8000,2026-08-17T19:43:09Z,銀行振込,increment-run-002,workshop-participant,donation_events_002.csv,2026-08-21T14:20:02Z
EVT-FRS-011240,6011240,2010197,472085,3001837,20000,2026-08-17T19:45:07Z,クレジットカード,increment-run-002,workshop-participant,donation_events_002.csv,2026-08-21T14:20:02Z
EVT-FRS-003958,6003958,2010025,245623,3002646,15000,2026-08-17T19:45:58Z,クレジットカード,increment-run-002,workshop-participant,donation_events_002.csv,2026-08-21T14:20:02Z
EVT-FRS-009397,6009397,2001374,111007,3002923,40000,2026-08-17T19:46:04Z,電子決済,increment-run-002,workshop-participant,donation_events_002.csv,2026-08-21T14:20:02Z
EVT-FRS-006014,6006014,2011094,282201,3005846,20000,2026-08-17T19:46:10Z,電子決済,increment-run-002,workshop-participant,donation_events_002.csv,2026-08-21T14:20:02Z
EVT-FRS-012499,6012499,2011382,452068,3003216,25000,2026-08-17T19:46:58Z,銀行振込,increment-run-002,workshop-participant,donation_events_002.csv,2026-08-21T14:20:02Z
EVT-FRS-003651,6003651,2009593,012068,3000911,10000,2026-08-17T19:47:15Z,電子決済,increment-run-002,workshop-participant,donation_events_002.csv,2026-08-21T14:20:02Z
EVT-FRS-006953,6006953,2000463,062014,3002180,8000,2026-08-17T19:47:28Z,銀行振込,increment-run-002,workshop-participant,donation_events_002.csv,2026-08-21T14:20:02Z
EVT-FRS-006171,6006171,2011635,072125,3001141,12000,2026-08-17T19:50:35Z,クレジットカード,increment-run-002,workshop-participant,donation_events_002.csv,2026-08-21T14:20:02Z
EVT-FRS-000984,6000984,2002215,012262,3005895,15000,2026-08-17T19:50:59Z,クレジットカード,increment-run-002,workshop-participant,donation_events_002.csv,2026-08-21T14:20:02Z
EVT-FRS-010040,6010040,2002932,172022,3000392,10000,2026-08-17T19:53:27Z,クレジットカード,increment-run-002,workshop-participant,donation_events_002.csv,2026-08-21T14:20:02Z
EVT-FRS-003939,6003939,2006685,473138,3001969,10000,2026-08-17T19:54:04Z,クレジットカード,increment-run-002,workshop-participant,donation_events_002.csv,2026-08-21T14:20:02Z
EVT-FRS-011009,6011009,2004426,172065,3003006,15000,2026-08-17T19:58:54Z,クレジットカード,increment-run-002,workshop-participant,donation_events_002.csv,2026-08-21T14:20:02Z
EVT-FRS-013380,6013380,2008943,162019,3004070,25000,2026-08-17T20:00:45Z,クレジットカード,increment-run-002,workshop-participant,donation_events_002.csv,2026-08-21T14:20:02Z
EVT-FRS-005656,6005656,2007325,032026,3005692,10000,2026-08-17T20:03:40Z,クレジットカード,increment-run-002,workshop-participant,donation_events_002.csv,2026-08-21T14:20:02Z
EVT-FRS-003300,6003300,2008031,422126,3005107,25000,2026-08-17T20:04:57Z,クレジットカード,increment-run-002,workshop-participant,donation_events_002.csv,2026-08-21T14:20:02Z
EVT-FRS-012294,6012294,2010658,012289,3005477,5000,2026-08-17T20:08:56Z,クレジットカード,increment-run-002,workshop-participant,donation_events_002.csv,2026-08-21T14:20:02Z
EVT-FRS-012695,6012695,2000107,232327,3002462,12000,2026-08-17T20:09:38Z,クレジットカード,increment-run-002,workshop-participant,donation_events_002.csv,2026-08-21T14:20:02Z
EVT-FRS-012465,6012465,2011576,112020,3003271,8000,2026-08-17T20:10:54Z,コンビニ決済,increment-run-002,workshop-participant,donation_events_002.csv,2026-08-21T14:20:02Z
EVT-FRS-000861,6000861,2008173,252026,3003326,10000,2026-08-17T20:12:05Z,電子決済,increment-run-002,workshop-participant,donation_events_002.csv,2026-08-21T14:20:02Z
EVT-FRS-000365,6000365,2000034,082163,3005032,10000,2026-08-17T20:12:38Z,クレジットカード,increment-run-002,workshop-participant,donation_events_002.csv,2026-08-21T14:20:02Z
EVT-FRS-004076,6004076,2009878,214019,3000870,10000,2026-08-17T20:13:10Z,クレジットカード,increment-run-002,workshop-participant,donation_events_002.csv,2026-08-21T14:20:02Z
EVT-FRS-010002,6010002,2010299,131148,3003128,20000,2026-08-17T20:15:36Z,クレジットカード,increment-run-002,workshop-participant,donation_events_002.csv,2026-08-21T14:20:02Z
EVT-FRS-001455,6001455,2000284,464911,3004492,10000,2026-08-17T20:17:54Z,クレジットカード,increment-run-002,workshop-participant,donation_events_002.csv,2026-08-21T14:20:02Z
EVT-FRS-002588,6002588,2010330,272183,3002885,20000,2026-08-17T20:18:50Z,銀行振込,increment-run-002,workshop-participant,donation_events_002.csv,2026-08-21T14:20:02Z
EVT-FRS-009412,6009412,2001176,103667,3004944,20000,2026-08-17T20:19:54Z,電子決済,increment-run-002,workshop-participant,donation_events_002.csv,2026-08-21T14:20:02Z
EVT-FRS-008963,6008963,2006776,212083,3004324,25000,2026-08-17T20:26:31Z,クレジットカード,increment-run-002,workshop-participant,donation_events_002.csv,2026-08-21T14:20:02Z
EVT-FRS-011362,6011362,2004631,132144,3001273,15000,2026-08-17T20:39:00Z,電子決済,increment-run-002,workshop-participant,donation_events_002.csv,2026-08-21T14:20:02Z
EVT-FRS-001126,6001126,2003392,203840,3002287,10000,2026-08-17T20:40:50Z,銀行振込,increment-run-002,workshop-participant,donation_events_002.csv,2026-08-21T14:20:02Z
EVT-FRS-003773,6003773,2007880,472115,3000980,100000,2026-08-17T20:41:50Z,クレジットカード,increment-run-002,workshop-participant,donation_events_002.csv,2026-08-21T14:20:02Z
EVT-FRS-006312,6006312,2008135,192023,3004977,12000,2026-08-17T20:49:15Z,クレジットカード,increment-run-002,workshop-participant,donation_events_002.csv,2026-08-21T14:20:02Z
EVT-FRS-002724,6002724,2010418,014389,3001777,10000,2026-08-17T20:49:46Z,クレジットカード,increment-run-002,workshop-participant,donation_events_002.csv,2026-08-21T14:20:02Z
EVT-FRS-002169,6002169,2005082,292087,3002018,30000,2026-08-17T20:51:15Z,クレジットカード,increment-run-002,workshop-participant,donation_events_002.csv,2026-08-21T14:20:02Z
EVT-FRS-008041,6008041,2004799,364045,3002294,15000,2026-08-17T20:54:36Z,コンビニ決済,increment-run-002,workshop-participant,donation_events_002.csv,2026-08-21T14:20:02Z
EVT-FRS-002330,6002330,2009615,012220,3004280,5000,2026-08-17T21:01:54Z,電子決済,increment-run-002,workshop-participant,donation_events_002.csv,2026-08-21T14:20:02Z
EVT-FRS-003899,6003899,2011705,024422,3002718,10000,2026-08-17T21:08:09Z,クレジットカード,increment-run-002,workshop-participant,donation_events_002.csv,2026-08-21T14:20:02Z
EVT-FRS-010353,6010353,2000475,232114,3003464,10000,2026-08-17T21:08:54Z,クレジットカード,increment-run-002,workshop-participant,donation_events_002.csv,2026-08-21T14:20:02Z
EVT-FRS-001264,6001264,2011918,016390,3005273,20000,2026-08-17T21:11:02Z,電子決済,increment-run-002,workshop-participant,donation_events_002.csv,2026-08-21T14:20:02Z
EVT-FRS-004671,6004671,2011874,104281,3003986,30000,2026-08-17T21:17:53Z,クレジットカード,increment-run-002,workshop-participant,donation_events_002.csv,2026-08-21T14:20:02Z
EVT-FRS-009273,6009273,2000551,112453,3002543,12000,2026-08-17T21:21:29Z,クレジットカード,increment-run-002,workshop-participant,donation_events_002.csv,2026-08-21T14:20:02Z
EVT-FRS-014467,6014467,2007653,012025,3005573,15000,2026-08-17T21:22:49Z,電子決済,increment-run-002,workshop-participant,donation_events_002.csv,2026-08-21T14:20:02Z
EVT-FRS-012434,6012434,2002678,132098,3004707,10000,2026-08-17T21:23:59Z,電子決済,increment-run-002,workshop-participant,donation_events_002.csv,2026-08-21T14:20:02Z
EVT-FRS-013828,6013828,2000202,293423,3003391,20000,2026-08-17T21:26:05Z,クレジットカード,increment-run-002,workshop-participant,donation_events_002.csv,2026-08-21T14:20:02Z
EVT-FRS-002126,6002126,2008577,281000,3004146,20000,2026-08-17T21:29:59Z,電子決済,increment-run-002,workshop-participant,donation_events_002.csv,2026-08-21T14:20:02Z
EVT-FRS-007941,6007941,2009887,092011,3005845,15000,2026-08-17T21:33:13Z,電子決済,increment-run-002,workshop-participant,donation_events_002.csv,2026-08-21T14:20:02Z
EVT-FRS-012288,6012288,2003077,406465,3003701,25000,2026-08-17T21:35:07Z,クレジットカード,increment-run-002,workshop-participant,donation_events_002.csv,2026-08-21T14:20:02Z
EVT-FRS-001694,6001694,2004593,232211,3001937,40000,2026-08-17T21:38:33Z,銀行振込,increment-run-002,workshop-participant,donation_events_002.csv,2026-08-21T14:20:02Z
EVT-FRS-003338,6003338,2002152,462012,3000573,15000,2026-08-17T21:42:31Z,銀行振込,increment-run-002,workshop-participant,donation_events_002.csv,2026-08-21T14:20:02Z
EVT-FRS-001915,6001915,2003186,452025,3002730,30000,2026-08-17T21:42:49Z,クレジットカード,increment-run-002,workshop-participant,donation_events_002.csv,2026-08-21T14:20:02Z
EVT-FRS-002712,6002712,2010330,412058,3001350,20000,2026-08-17T21:44:44Z,クレジットカード,increment-run-002,workshop-participant,donation_events_002.csv,2026-08-21T14:20:02Z
EVT-FRS-006826,6006826,2010303,182028,3004323,10000,2026-08-17T21:45:52Z,電子決済,increment-run-002,workshop-participant,donation_events_002.csv,2026-08-21T14:20:02Z
EVT-FRS-008937,6008937,2009922,062031,3001017,5000,2026-08-17T21:46:48Z,クレジットカード,increment-run-002,workshop-participant,donation_events_002.csv,2026-08-21T14:20:02Z
EVT-FRS-007067,6007067,2011772,052043,3000433,10000,2026-08-17T21:49:21Z,銀行振込,increment-run-002,workshop-participant,donation_events_002.csv,2026-08-21T14:20:02Z
EVT-FRS-009708,6009708,2003617,082261,3003315,10000,2026-08-17T21:50:35Z,クレジットカード,increment-run-002,workshop-participant,donation_events_002.csv,2026-08-21T14:20:02Z
EVT-FRS-013499,6013499,2009708,013331,3005580,30000,2026-08-17T21:51:09Z,銀行振込,increment-run-002,workshop-participant,donation_events_002.csv,2026-08-21T14:20:02Z
EVT-FRS-010880,6010880,2011776,082279,3003619,8000,2026-08-17T21:52:43Z,クレジットカード,increment-run-002,workshop-participant,donation_events_002.csv,2026-08-21T14:20:02Z
EVT-FRS-006299,6006299,2008053,032093,3004322,30000,2026-08-17T21:55:31Z,銀行振込,increment-run-002,workshop-participant,donation_events_002.csv,2026-08-21T14:20:02Z
EVT-FRS-011060,6011060,2010839,272132,3003549,20000,2026-08-17T21:56:20Z,電子決済,increment-run-002,workshop-participant,donation_events_002.csv,2026-08-21T14:20:02Z
EVT-FRS-008342,6008342,2001532,023876,3000964,20000,2026-08-17T22:02:02Z,クレジットカード,increment-run-002,workshop-participant,donation_events_002.csv,2026-08-21T14:20:02Z
EVT-FRS-007404,6007404,2010860,343072,3002655,15000,2026-08-17T22:03:23Z,クレジットカード,increment-run-002,workshop-participant,donation_events_002.csv,2026-08-21T14:20:02Z
EVT-FRS-010049,6010049,2005700,332020,3005432,15000,2026-08-17T22:03:42Z,銀行振込,increment-run-002,workshop-participant,donation_events_002.csv,2026-08-21T14:20:02Z
EVT-FRS-000062,6000062,2000380,432067,3000056,10000,2026-08-17T22:03:50Z,クレジットカード,increment-run-002,workshop-participant,donation_events_002.csv,2026-08-21T14:20:02Z
EVT-FRS-000433,6000433,2004301,452025,3002265,20000,2026-08-17T22:05:25Z,電子決済,increment-run-002,workshop-participant,donation_events_002.csv,2026-08-21T14:20:02Z
EVT-FRS-004510,6004510,2009325,402214,3003809,12000,2026-08-17T22:06:37Z,銀行振込,increment-run-002,workshop-participant,donation_events_002.csv,2026-08-21T14:20:02Z
EVT-FRS-008423,6008423,2011515,122157,3002561,10000,2026-08-17T22:07:02Z,クレジットカード,increment-run-002,workshop-participant,donation_events_002.csv,2026-08-21T14:20:02Z
EVT-FRS-000315,6000315,2008443,392081,3005585,12000,2026-08-17T22:10:30Z,クレジットカード,increment-run-002,workshop-participant,donation_events_002.csv,2026-08-21T14:20:02Z
EVT-FRS-010375,6010375,2009942,023213,3003786,12000,2026-08-17T22:13:53Z,クレジットカード,increment-run-002,workshop-participant,donation_events_002.csv,2026-08-21T14:20:02Z
EVT-FRS-001743,6001743,2010010,142018,3003902,10000,2026-08-17T22:14:20Z,クレジットカード,increment-run-002,workshop-participant,donation_events_002.csv,2026-08-21T14:20:02Z
EVT-FRS-011957,6011957,2006970,204153,3000564,12000,2026-08-17T22:18:00Z,クレジットカード,increment-run-002,workshop-participant,donation_events_002.csv,2026-08-21T14:20:02Z
EVT-FRS-007448,6007448,2010216,022012,3003349,40000,2026-08-17T22:20:25Z,電子決済,increment-run-002,workshop-participant,donation_events_002.csv,2026-08-21T14:20:02Z
EVT-FRS-002421,6002421,2000618,232131,3005290,10000,2026-08-17T22:28:41Z,銀行振込,increment-run-002,workshop-participant,donation_events_002.csv,2026-08-21T14:20:02Z
EVT-FRS-001716,6001716,2004911,212067,3004402,20000,2026-08-17T22:33:41Z,クレジットカード,increment-run-002,workshop-participant,donation_events_002.csv,2026-08-21T14:20:02Z
EVT-FRS-010782,6010782,2001590,343099,3004590,20000,2026-08-17T22:45:09Z,クレジットカード,increment-run-002,workshop-participant,donation_events_002.csv,2026-08-21T14:20:02Z
EVT-FRS-009571,6009571,2006284,272175,3005968,15000,2026-08-17T22:48:58Z,コンビニ決済,increment-run-002,workshop-participant,donation_events_002.csv,2026-08-21T14:20:02Z
EVT-FRS-008021,6008021,2011862,132012,3004172,15000,2026-08-17T22:50:36Z,銀行振込,increment-run-002,workshop-participant,donation_events_002.csv,2026-08-21T14:20:02Z
EVT-FRS-000982,6000982,2005865,082317,3005487,10000,2026-08-17T22:58:16Z,電子決済,increment-run-002,workshop-participant,donation_events_002.csv,2026-08-21T14:20:02Z
EVT-FRS-010896,6010896,2004797,182052,3000208,10000,2026-08-17T22:58:32Z,クレジットカード,increment-run-002,workshop-participant,donation_events_002.csv,2026-08-21T14:20:02Z
EVT-FRS-001617,6001617,2008797,192112,3000797,20000,2026-08-17T23:02:36Z,クレジットカード,increment-run-002,workshop-participant,donation_events_002.csv,2026-08-21T14:20:02Z
EVT-FRS-012796,6012796,2001125,413275,3004094,50000,2026-08-17T23:02:57Z,クレジットカード,increment-run-002,workshop-participant,donation_events_002.csv,2026-08-21T14:20:02Z
EVT-FRS-012689,6012689,2010680,192074,3000771,15000,2026-08-17T23:05:03Z,電子決済,increment-run-002,workshop-participant,donation_events_002.csv,2026-08-21T14:20:02Z
EVT-FRS-012618,6012618,2008320,082201,3004493,10000,2026-08-17T23:07:47Z,銀行振込,increment-run-002,workshop-participant,donation_events_002.csv,2026-08-21T14:20:02Z
EVT-FRS-001631,6001631,2009445,341002,3002493,20000,2026-08-17T23:10:48Z,電子決済,increment-run-002,workshop-participant,donation_events_002.csv,2026-08-21T14:20:02Z
EVT-FRS-004365,6004365,2000387,132039,3005335,10000,2026-08-17T23:12:28Z,クレジットカード,increment-run-002,workshop-participant,donation_events_002.csv,2026-08-21T14:20:02Z
EVT-FRS-011062,6011062,2003514,082287,3004560,15000,2026-08-17T23:13:54Z,電子決済,increment-run-002,workshop-participant,donation_events_002.csv,2026-08-21T14:20:02Z
EVT-FRS-013275,6013275,2003457,042072,3002128,8000,2026-08-17T23:14:21Z,クレジットカード,increment-run-002,workshop-participant,donation_events_002.csv,2026-08-21T14:20:02Z
EVT-FRS-014310,6014310,2001039,042030,3001426,30000,2026-08-17T23:17:29Z,クレジットカード,increment-run-002,workshop-participant,donation_events_002.csv,2026-08-21T14:20:02Z
EVT-FRS-008629,6008629,2006958,442097,3002745,8000,2026-08-17T23:22:13Z,クレジットカード,increment-run-002,workshop-participant,donation_events_002.csv,2026-08-21T14:20:02Z
EVT-FRS-011990,6011990,2006372,332151,3003939,10000,2026-08-17T23:25:26Z,クレジットカード,increment-run-002,workshop-participant,donation_events_002.csv,2026-08-21T14:20:02Z
EVT-FRS-001614,6001614,2006631,282286,3005309,20000,2026-08-17T23:32:54Z,クレジットカード,increment-run-002,workshop-participant,donation_events_002.csv,2026-08-21T14:20:02Z
EVT-FRS-010167,6010167,2004744,023035,3001407,20000,2026-08-17T23:38:10Z,クレジットカード,increment-run-002,workshop-participant,donation_events_002.csv,2026-08-21T14:20:02Z
EVT-FRS-014395,6014395,2002293,072117,3002715,12000,2026-08-17T23:42:01Z,電子決済,increment-run-002,workshop-participant,donation_events_002.csv,2026-08-21T14:20:02Z
EVT-FRS-003942,6003942,2001177,072109,3004193,60000,2026-08-17T23:46:06Z,クレジットカード,increment-run-002,workshop-participant,donation_events_002.csv,2026-08-21T14:20:02Z
EVT-FRS-014577,6014577,2006559,062120,3001865,10000,2026-08-17T23:46:30Z,コンビニ決済,increment-run-002,workshop-participant,donation_events_002.csv,2026-08-21T14:20:02Z
EVT-FRS-010713,6010713,2000469,202142,3001116,12000,2026-08-17T23:53:16Z,電子決済,increment-run-002,workshop-participant,donation_events_002.csv,2026-08-21T14:20:02Z
EVT-FRS-007904,6007904,2011361,112321,3002094,12000,2026-08-17T23:57:11Z,電子決済,increment-run-002,workshop-participant,donation_events_002.csv,2026-08-21T14:20:02Z
EVT-FRS-003029,6003029,2001684,034851,3000424,15000,2026-08-18T00:06:05Z,コンビニ決済,increment-run-002,workshop-participant,donation_events_002.csv,2026-08-21T14:20:02Z
EVT-FRS-005137,6005137,2001800,432113,3005553,15000,2026-08-18T00:09:13Z,電子決済,increment-run-002,workshop-participant,donation_events_002.csv,2026-08-21T14:20:02Z
EVT-FRS-000739,6000739,2009289,124095,3000204,30000,2026-08-18T00:14:38Z,電子決済,increment-run-002,workshop-participant,donation_events_002.csv,2026-08-21T14:20:02Z
EVT-FRS-002493,6002493,2007472,122301,3002019,12000,2026-08-18T00:16:52Z,クレジットカード,increment-run-002,workshop-participant,donation_events_002.csv,2026-08-21T14:20:02Z
EVT-FRS-001440,6001440,2010633,462233,3003611,10000,2026-08-18T00:19:40Z,銀行振込,increment-run-002,workshop-participant,donation_events_002.csv,2026-08-21T14:20:02Z
EVT-FRS-009429,6009429,2011010,242144,3001746,25000,2026-08-18T00:19:49Z,クレジットカード,increment-run-002,workshop-participant,donation_events_002.csv,2026-08-21T14:20:02Z
EVT-FRS-001169,6001169,2002242,151009,3004526,30000,2026-08-18T00:19:54Z,クレジットカード,increment-run-002,workshop-participant,donation_events_002.csv,2026-08-21T14:20:02Z
EVT-FRS-001875,6001875,2009085,113425,3004451,30000,2026-08-18T00:20:17Z,クレジットカード,increment-run-002,workshop-participant,donation_events_002.csv,2026-08-21T14:20:02Z
EVT-FRS-011931,6011931,2010635,092045,3003291,12000,2026-08-18T00:28:31Z,クレジットカード,increment-run-002,workshop-participant,donation_events_002.csv,2026-08-21T14:20:02Z
EVT-FRS-004230,6004230,2008436,041009,3005790,50000,2026-08-18T00:33:23Z,クレジットカード,increment-run-002,workshop-participant,donation_events_002.csv,2026-08-21T14:20:02Z
EVT-FRS-006027,6006027,2009528,434680,3005542,10000,2026-08-18T00:41:24Z,クレジットカード,increment-run-002,workshop-participant,donation_events_002.csv,2026-08-21T14:20:02Z
EVT-FRS-010060,6010060,2006575,112275,3000483,10000,2026-08-18T00:49:09Z,電子決済,increment-run-002,workshop-participant,donation_events_002.csv,2026-08-21T14:20:02Z
EVT-FRS-008397,6008397,2010859,232025,3002424,15000,2026-08-18T00:55:02Z,クレジットカード,increment-run-002,workshop-participant,donation_events_002.csv,2026-08-21T14:20:02Z
EVT-FRS-008597,6008597,2005217,122238,3005444,30000,2026-08-18T00:56:37Z,銀行振込,increment-run-002,workshop-participant,donation_events_002.csv,2026-08-21T14:20:02Z
EVT-FRS-001974,6001974,2001290,372064,3000159,20000,2026-08-18T00:56:39Z,銀行振込,increment-run-002,workshop-participant,donation_events_002.csv,2026-08-21T14:20:02Z
EVT-FRS-005240,6005240,2005590,383864,3000920,20000,2026-08-18T00:57:30Z,クレジットカード,increment-run-002,workshop-participant,donation_events_002.csv,2026-08-21T14:20:02Z
EVT-FRS-001042,6001042,2010168,292095,3002668,20000,2026-08-18T01:02:50Z,クレジットカード,increment-run-002,workshop-participant,donation_events_002.csv,2026-08-21T14:20:02Z
EVT-FRS-007641,6007641,2010742,122319,3003064,12000,2026-08-18T01:10:37Z,コンビニ決済,increment-run-002,workshop-participant,donation_events_002.csv,2026-08-21T14:20:02Z
EVT-FRS-004685,6004685,2004229,272035,3004164,10000,2026-08-18T01:12:52Z,銀行振込,increment-run-002,workshop-participant,donation_events_002.csv,2026-08-21T14:20:02Z
EVT-FRS-005147,6005147,2008146,232149,3003556,8000,2026-08-18T01:20:32Z,クレジットカード,increment-run-002,workshop-participant,donation_events_002.csv,2026-08-21T14:20:02Z
EVT-FRS-012141,6012141,2003036,022063,3004685,30000,2026-08-18T01:25:12Z,クレジットカード,increment-run-002,workshop-participant,donation_events_002.csv,2026-08-21T14:20:02Z
EVT-FRS-009392,6009392,2003014,444618,3005092,10000,2026-08-18T01:27:33Z,クレジットカード,increment-run-002,workshop-participant,donation_events_002.csv,2026-08-21T14:20:02Z
EVT-FRS-008681,6008681,2010457,082201,3002249,60000,2026-08-18T01:27:36Z,電子決済,increment-run-002,workshop-participant,donation_events_002.csv,2026-08-21T14:20:02Z
EVT-FRS-009838,6009838,2008231,282294,3005768,20000,2026-08-18T01:42:45Z,クレジットカード,increment-run-002,workshop-participant,donation_events_002.csv,2026-08-21T14:20:02Z
EVT-FRS-002529,6002529,2009561,132241,3004777,10000,2026-08-18T01:42:47Z,クレジットカード,increment-run-002,workshop-participant,donation_events_002.csv,2026-08-21T14:20:02Z
EVT-FRS-003859,6003859,2001350,142018,3003626,10000,2026-08-18T01:44:49Z,クレジットカード,increment-run-002,workshop-participant,donation_events_002.csv,2026-08-21T14:20:02Z
EVT-FRS-006091,6006091,2009779,122025,3001734,10000,2026-08-18T01:44:58Z,銀行振込,increment-run-002,workshop-participant,donation_events_002.csv,2026-08-21T14:20:02Z
EVT-FRS-010256,6010256,2005663,282049,3004141,50000,2026-08-18T01:49:49Z,クレジットカード,increment-run-002,workshop-participant,donation_events_002.csv,2026-08-21T14:20:02Z
EVT-FRS-006975,6006975,2007280,232157,3005108,10000,2026-08-18T02:00:15Z,クレジットカード,increment-run-002,workshop-participant,donation_events_002.csv,2026-08-21T14:20:02Z
EVT-FRS-000653,6000653,2006687,282227,3002207,10000,2026-08-18T02:00:55Z,クレジットカード,increment-run-002,workshop-participant,donation_events_002.csv,2026-08-21T14:20:02Z
EVT-FRS-001805,6001805,2007519,012165,3000290,5000,2026-08-18T02:01:06Z,クレジットカード,increment-run-002,workshop-participant,donation_events_002.csv,2026-08-21T14:20:02Z
EVT-FRS-012195,6012195,2006829,422118,3000079,5000,2026-08-18T02:03:03Z,クレジットカード,increment-run-002,workshop-participant,donation_events_002.csv,2026-08-21T14:20:02Z
EVT-FRS-014516,6014516,2000966,232254,3002066,5000,2026-08-18T02:09:04Z,電子決済,increment-run-002,workshop-participant,donation_events_002.csv,2026-08-21T14:20:02Z
EVT-FRS-002770,6002770,2000495,202011,3001309,10000,2026-08-18T02:17:09Z,クレジットカード,increment-run-002,workshop-participant,donation_events_002.csv,2026-08-21T14:20:02Z
EVT-FRS-013037,6013037,2004307,182028,3004323,10000,2026-08-18T02:18:26Z,クレジットカード,increment-run-002,workshop-participant,donation_events_002.csv,2026-08-21T14:20:02Z
EVT-FRS-001861,6001861,2004549,232360,3005193,25000,2026-08-18T02:27:17Z,クレジットカード,increment-run-002,workshop-participant,donation_events_002.csv,2026-08-21T14:20:02Z
EVT-FRS-009851,6009851,2008226,122351,3002051,20000,2026-08-18T02:28:29Z,電子決済,increment-run-002,workshop-participant,donation_events_002.csv,2026-08-21T14:20:02Z
EVT-FRS-005523,6005523,2003052,262048,3001057,10000,2026-08-18T02:34:44Z,電子決済,increment-run-002,workshop-participant,donation_events_002.csv,2026-08-21T14:20:02Z
EVT-FRS-002678,6002678,2007347,302015,3004318,20000,2026-08-18T02:35:23Z,電子決済,increment-run-002,workshop-participant,donation_events_002.csv,2026-08-21T14:20:02Z
EVT-FRS-010412,6010412,2007474,302091,3004694,10000,2026-08-18T02:37:30Z,クレジットカード,increment-run-002,workshop-participant,donation_events_002.csv,2026-08-21T14:20:02Z
EVT-FRS-007620,6007620,2009149,063657,3001034,10000,2026-08-18T02:48:45Z,クレジットカード,increment-run-002,workshop-participant,donation_events_002.csv,2026-08-21T14:20:02Z
EVT-FRS-012307,6012307,2004435,353434,3003017,100000,2026-08-18T02:48:51Z,電子決済,increment-run-002,workshop-participant,donation_events_002.csv,2026-08-21T14:20:02Z
EVT-FRS-014508,6014508,2003119,442127,3002864,20000,2026-08-18T02:49:20Z,クレジットカード,increment-run-002,workshop-participant,donation_events_002.csv,2026-08-21T14:20:02Z
EVT-FRS-008143,6008143,2007531,262099,3002568,20000,2026-08-18T02:55:38Z,クレジットカード,increment-run-002,workshop-participant,donation_events_002.csv,2026-08-21T14:20:02Z
EVT-FRS-001353,6001353,2007502,151009,3004526,10000,2026-08-18T02:57:03Z,クレジットカード,increment-run-002,workshop-participant,donation_events_002.csv,2026-08-21T14:20:02Z
EVT-FRS-008286,6008286,2001215,112194,3001112,10000,2026-08-18T02:58:40Z,電子決済,increment-run-002,workshop-participant,donation_events_002.csv,2026-08-21T14:20:02Z
EVT-FRS-004409,6004409,2002301,122122,3002947,10000,2026-08-18T03:00:33Z,クレジットカード,increment-run-002,workshop-participant,donation_events_002.csv,2026-08-21T14:20:02Z
EVT-FRS-013951,6013951,2003270,462063,3000706,15000,2026-08-18T03:01:07Z,クレジットカード,increment-run-002,workshop-participant,donation_events_002.csv,2026-08-21T14:20:02Z
EVT-FRS-004545,6004545,2007119,112101,3001912,30000,2026-08-18T03:02:42Z,クレジットカード,increment-run-002,workshop-participant,donation_events_002.csv,2026-08-21T14:20:02Z
EVT-FRS-003312,6003312,2010343,402206,3001123,10000,2026-08-18T03:05:03Z,電子決済,increment-run-002,workshop-participant,donation_events_002.csv,2026-08-21T14:20:02Z
EVT-FRS-005364,6005364,2009975,122327,3005999,20000,2026-08-18T03:06:30Z,クレジットカード,increment-run-002,workshop-participant,donation_events_002.csv,2026-08-21T14:20:02Z
EVT-FRS-001665,6001665,2006643,022101,3000914,20000,2026-08-18T03:07:34Z,銀行振込,increment-run-002,workshop-participant,donation_events_002.csv,2026-08-21T14:20:02Z
EVT-FRS-003082,6003082,2007855,012173,3003541,10000,2026-08-18T03:14:34Z,銀行振込,increment-run-002,workshop-participant,donation_events_002.csv,2026-08-21T14:20:02Z
EVT-FRS-010655,6010655,2004508,205419,3004913,10000,2026-08-18T03:15:24Z,電子決済,increment-run-002,workshop-participant,donation_events_002.csv,2026-08-21T14:20:02Z
EVT-FRS-007953,6007953,2011257,142069,3005721,25000,2026-08-18T03:15:52Z,電子決済,increment-run-002,workshop-participant,donation_events_002.csv,2026-08-21T14:20:02Z
EVT-FRS-001688,6001688,2010311,093459,3005979,10000,2026-08-18T03:19:26Z,電子決済,increment-run-002,workshop-participant,donation_events_002.csv,2026-08-21T14:20:02Z
EVT-FRS-007031,6007031,2005786,422134,3000109,10000,2026-08-18T03:20:02Z,コンビニ決済,increment-run-002,workshop-participant,donation_events_002.csv,2026-08-21T14:20:02Z
EVT-FRS-010436,6010436,2006378,042072,3002128,10000,2026-08-18T03:20:50Z,クレジットカード,increment-run-002,workshop-participant,donation_events_002.csv,2026-08-21T14:20:02Z
EVT-FRS-010111,6010111,2002825,132110,3004621,5000,2026-08-18T03:23:55Z,クレジットカード,increment-run-002,workshop-participant,donation_events_002.csv,2026-08-21T14:20:02Z
EVT-FRS-003354,6003354,2003167,402273,3000815,20000,2026-08-18T03:27:43Z,クレジットカード,increment-run-002,workshop-participant,donation_events_002.csv,2026-08-21T14:20:02Z
EVT-FRS-009280,6009280,2007161,232386,3002592,15000,2026-08-18T03:30:39Z,銀行振込,increment-run-002,workshop-participant,donation_events_002.csv,2026-08-21T14:20:02Z
EVT-FRS-009810,6009810,2010661,343692,3005006,10000,2026-08-18T03:39:47Z,銀行振込,increment-run-002,workshop-participant,donation_events_002.csv,2026-08-21T14:20:02Z
EVT-FRS-004033,6004033,2007038,014591,3004485,10000,2026-08-18T03:40:21Z,クレジットカード,increment-run-002,workshop-participant,donation_events_002.csv,2026-08-21T14:20:02Z
EVT-FRS-008309,6008309,2006556,024422,3002718,5000,2026-08-18T03:42:44Z,電子決済,increment-run-002,workshop-participant,donation_events_002.csv,2026-08-21T14:20:02Z
EVT-FRS-005824,6005824,2009177,452025,3002268,30000,2026-08-18T03:46:36Z,銀行振込,increment-run-002,workshop-participant,donation_events_002.csv,2026-08-21T14:20:02Z
EVT-FRS-002742,6002742,2002773,292028,3005268,15000,2026-08-18T03:47:17Z,クレジットカード,increment-run-002,workshop-participant,donation_events_002.csv,2026-08-21T14:20:02Z
EVT-FRS-010664,6010664,2001269,272256,3003155,15000,2026-08-18T03:49:56Z,クレジットカード,increment-run-002,workshop-participant,donation_events_002.csv,2026-08-21T14:20:02Z
EVT-FRS-007154,6007154,2010070,202193,3000383,25000,2026-08-18T03:54:39Z,クレジットカード,increment-run-002,workshop-participant,donation_events_002.csv,2026-08-21T14:20:02Z
EVT-FRS-005545,6005545,2011148,182028,3004323,25000,2026-08-18T03:54:57Z,クレジットカード,increment-run-002,workshop-participant,donation_events_002.csv,2026-08-21T14:20:02Z
EVT-FRS-004346,6004346,2010995,452025,3005996,10000,2026-08-18T03:56:11Z,クレジットカード,increment-run-002,workshop-participant,donation_events_002.csv,2026-08-21T14:20:02Z
EVT-FRS-000656,6000656,2006597,393011,3001936,12000,2026-08-18T03:58:19Z,コンビニ決済,increment-run-002,workshop-participant,donation_events_002.csv,2026-08-21T14:20:02Z
EVT-FRS-013314,6013314,2000149,112101,3002631,10000,2026-08-18T03:59:38Z,電子決済,increment-run-002,workshop-participant,donation_events_002.csv,2026-08-21T14:20:02Z
EVT-FRS-003711,6003711,2002520,182028,3004811,25000,2026-08-18T04:05:01Z,クレジットカード,increment-run-002,workshop-participant,donation_events_002.csv,2026-08-21T14:20:02Z
EVT-FRS-001539,6001539,2009569,402303,3002367,15000,2026-08-18T04:08:14Z,クレジットカード,increment-run-002,workshop-participant,donation_events_002.csv,2026-08-21T14:20:02Z
EVT-FRS-003128,6003128,2005293,402303,3002367,10000,2026-08-18T04:12:26Z,コンビニ決済,increment-run-002,workshop-participant,donation_events_002.csv,2026-08-21T14:20:02Z
EVT-FRS-012438,6012438,2006205,232122,3003217,40000,2026-08-18T04:12:54Z,クレジットカード,increment-run-002,workshop-participant,donation_events_002.csv,2026-08-21T14:20:02Z
EVT-FRS-008817,6008817,2003360,082015,3005894,10000,2026-08-18T04:14:13Z,クレジットカード,increment-run-002,workshop-participant,donation_events_002.csv,2026-08-21T14:20:02Z
EVT-FRS-003778,6003778,2003344,012190,3002126,10000,2026-08-18T04:17:47Z,クレジットカード,increment-run-002,workshop-participant,donation_events_002.csv,2026-08-21T14:20:02Z
EVT-FRS-010646,6010646,2006128,382027,3000205,50000,2026-08-18T04:19:04Z,クレジットカード,increment-run-002,workshop-participant,donation_events_002.csv,2026-08-21T14:20:02Z
EVT-FRS-006234,6006234,2003592,022012,3002418,5000,2026-08-18T04:20:25Z,クレジットカード,increment-run-002,workshop-participant,donation_events_002.csv,2026-08-21T14:20:02Z
EVT-FRS-009538,6009538,2004921,092037,3003935,12000,2026-08-18T04:21:50Z,クレジットカード,increment-run-002,workshop-participant,donation_events_002.csv,2026-08-21T14:20:02Z
EVT-FRS-014226,6014226,2002490,215074,3004460,10000,2026-08-18T04:24:07Z,クレジットカード,increment-run-002,workshop-participant,donation_events_002.csv,2026-08-21T14:20:02Z
EVT-FRS-001770,6001770,2004796,462136,3005966,15000,2026-08-18T04:30:43Z,クレジットカード,increment-run-002,workshop-participant,donation_events_002.csv,2026-08-21T14:20:02Z
EVT-FRS-001508,6001508,2004038,202053,3003960,25000,2026-08-18T04:32:13Z,クレジットカード,increment-run-002,workshop-participant,donation_events_002.csv,2026-08-21T14:20:02Z
EVT-FRS-007826,6007826,2004027,252018,3005914,10000,2026-08-18T04:33:37Z,電子決済,increment-run-002,workshop-participant,donation_events_002.csv,2026-08-21T14:20:02Z
EVT-FRS-003912,6003912,2007373,272248,3001740,20000,2026-08-18T04:33:41Z,銀行振込,increment-run-002,workshop-participant,donation_events_002.csv,2026-08-21T14:20:02Z
EVT-FRS-012882,6012882,2007104,292028,3004091,15000,2026-08-18T04:33:53Z,クレジットカード,increment-run-002,workshop-participant,donation_events_002.csv,2026-08-21T14:20:02Z
EVT-FRS-006095,6006095,2004057,052027,3003648,40000,2026-08-18T04:38:05Z,コンビニ決済,increment-run-002,workshop-participant,donation_events_002.csv,2026-08-21T14:20:02Z
EVT-FRS-007395,6007395,2007711,044067,3000521,20000,2026-08-18T04:40:10Z,クレジットカード,increment-run-002,workshop-participant,donation_events_002.csv,2026-08-21T14:20:02Z
EVT-FRS-004278,6004278,2009390,282235,3001050,12000,2026-08-18T04:40:40Z,クレジットカード,increment-run-002,workshop-participant,donation_events_002.csv,2026-08-21T14:20:02Z
EVT-FRS-003370,6003370,2001573,435066,3004873,10000,2026-08-18T04:40:58Z,クレジットカード,increment-run-002,workshop-participant,donation_events_002.csv,2026-08-21T14:20:02Z
EVT-FRS-014767,6014767,2002093,472140,3000761,25000,2026-08-18T04:41:46Z,電子決済,increment-run-002,workshop-participant,donation_events_002.csv,2026-08-21T14:20:02Z
EVT-FRS-004749,6004749,2010998,042099,3002237,5000,2026-08-18T04:47:24Z,電子決済,increment-run-002,workshop-participant,donation_events_002.csv,2026-08-21T14:20:02Z
EVT-FRS-009518,6009518,2011883,452025,3004014,15000,2026-08-18T04:47:37Z,クレジットカード,increment-run-002,workshop-participant,donation_events_002.csv,2026-08-21T14:20:02Z
EVT-FRS-012738,6012738,2002803,423076,3001879,8000,2026-08-18T04:49:28Z,クレジットカード,increment-run-002,workshop-participant,donation_events_002.csv,2026-08-21T14:20:02Z
EVT-FRS-001540,6001540,2008859,182028,3004323,25000,2026-08-18T04:49:32Z,電子決済,increment-run-002,workshop-participant,donation_events_002.csv,2026-08-21T14:20:02Z
EVT-FRS-012220,6012220,2004053,352110,3000547,10000,2026-08-18T04:54:44Z,クレジットカード,increment-run-002,workshop-participant,donation_events_002.csv,2026-08-21T14:20:02Z
EVT-FRS-013330,6013330,2007159,431001,3002471,15000,2026-08-18T04:57:11Z,電子決済,increment-run-002,workshop-participant,donation_events_002.csv,2026-08-21T14:20:02Z
EVT-FRS-001892,6001892,2011151,032093,3004736,10000,2026-08-18T05:02:13Z,銀行振込,increment-run-002,workshop-participant,donation_events_002.csv,2026-08-21T14:20:02Z
EVT-FRS-010288,6010288,2003985,073229,3004825,10000,2026-08-18T05:07:02Z,クレジットカード,increment-run-002,workshop-participant,donation_events_002.csv,2026-08-21T14:20:02Z
EVT-FRS-014667,6014667,2004006,112151,3002952,15000,2026-08-18T05:10:08Z,銀行振込,increment-run-002,workshop-participant,donation_events_002.csv,2026-08-21T14:20:02Z
EVT-FRS-006759,6006759,2002530,082309,3002763,20000,2026-08-18T05:12:50Z,コンビニ決済,increment-run-002,workshop-participant,donation_events_002.csv,2026-08-21T14:20:02Z
EVT-FRS-011276,6011276,2007846,372013,3001414,10000,2026-08-18T05:14:57Z,クレジットカード,increment-run-002,workshop-participant,donation_events_002.csv,2026-08-21T14:20:02Z
EVT-FRS-004692,6004692,2002817,012190,3002126,30000,2026-08-18T05:16:20Z,クレジットカード,increment-run-002,workshop-participant,donation_events_002.csv,2026-08-21T14:20:02Z
EVT-FRS-012545,6012545,2007499,012220,3004280,10000,2026-08-18T05:17:14Z,電子決済,increment-run-002,workshop-participant,donation_events_002.csv,2026-08-21T14:20:02Z
EVT-FRS-001662,6001662,2002097,232386,3005495,10000,2026-08-18T05:17:35Z,電子決済,increment-run-002,workshop-participant,donation_events_002.csv,2026-08-21T14:20:02Z
EVT-FRS-001297,6001297,2000423,074845,3002627,10000,2026-08-18T05:25:54Z,クレジットカード,increment-run-002,workshop-participant,donation_events_002.csv,2026-08-21T14:20:02Z
EVT-FRS-007097,6007097,2007178,322016,3003564,10000,2026-08-18T05:26:31Z,電子決済,increment-run-002,workshop-participant,donation_events_002.csv,2026-08-21T14:20:02Z
EVT-FRS-001653,6001653,2011061,204145,3004622,12000,2026-08-18T05:26:45Z,クレジットカード,increment-run-002,workshop-participant,donation_events_002.csv,2026-08-21T14:20:02Z
EVT-FRS-001500,6001500,2000144,182079,3003228,12000,2026-08-18T05:30:30Z,クレジットカード,increment-run-002,workshop-participant,donation_events_002.csv,2026-08-21T14:20:02Z
EVT-FRS-009024,6009024,2007639,382019,3000373,30000,2026-08-18T05:33:13Z,クレジットカード,increment-run-002,workshop-participant,donation_events_002.csv,2026-08-21T14:20:02Z
EVT-FRS-012743,6012743,2002001,292109,3001118,20000,2026-08-18T05:34:18Z,電子決済,increment-run-002,workshop-participant,donation_events_002.csv,2026-08-21T14:20:02Z
EVT-FRS-009816,6009816,2009503,192112,3000891,10000,2026-08-18T05:38:27Z,コンビニ決済,increment-run-002,workshop-participant,donation_events_002.csv,2026-08-21T14:20:02Z
EVT-FRS-012527,6012527,2000049,182028,3004323,10000,2026-08-18T05:42:55Z,電子決済,increment-run-002,workshop-participant,donation_events_002.csv,2026-08-21T14:20:02Z
EVT-FRS-010377,6010377,2008364,412091,3004079,10000,2026-08-18T05:49:59Z,クレジットカード,increment-run-002,workshop-participant,donation_events_002.csv,2026-08-21T14:20:02Z
EVT-FRS-014580,6014580,2001157,302082,3005134,5000,2026-08-18T05:51:13Z,クレジットカード,increment-run-002,workshop-participant,donation_events_002.csv,2026-08-21T14:20:02Z
EVT-FRS-010402,6010402,2007455,192091,3002434,10000,2026-08-18T05:51:45Z,クレジットカード,increment-run-002,workshop-participant,donation_events_002.csv,2026-08-21T14:20:02Z
EVT-FRS-005795,6005795,2001762,122033,3001444,40000,2026-08-18T05:52:01Z,電子決済,increment-run-002,workshop-participant,donation_events_002.csv,2026-08-21T14:20:02Z
EVT-FRS-010644,6010644,2007043,062057,3003946,10000,2026-08-18T05:54:19Z,電子決済,increment-run-002,workshop-participant,donation_events_002.csv,2026-08-21T14:20:02Z
EVT-FRS-006454,6006454,2007287,252115,3001342,15000,2026-08-18T05:59:05Z,クレジットカード,increment-run-002,workshop-participant,donation_events_002.csv,2026-08-21T14:20:02Z
EVT-FRS-005407,6005407,2003340,272213,3004498,30000,2026-08-18T06:06:07Z,銀行振込,increment-run-002,workshop-participant,donation_events_002.csv,2026-08-21T14:20:02Z
EVT-FRS-004792,6004792,2005967,202151,3000604,10000,2026-08-18T06:07:42Z,クレジットカード,increment-run-002,workshop-participant,donation_events_002.csv,2026-08-21T14:20:02Z
EVT-FRS-010189,6010189,2003473,442089,3001449,10000,2026-08-18T06:10:59Z,銀行振込,increment-run-002,workshop-participant,donation_events_002.csv,2026-08-21T14:20:02Z
EVT-FRS-011456,6011456,2002652,462233,3001459,10000,2026-08-18T06:11:23Z,クレジットカード,increment-run-002,workshop-participant,donation_events_002.csv,2026-08-21T14:20:02Z
EVT-FRS-011243,6011243,2003259,232301,3003854,25000,2026-08-18T06:12:42Z,クレジットカード,increment-run-002,workshop-participant,donation_events_002.csv,2026-08-21T14:20:02Z
EVT-FRS-002595,6002595,2003650,442135,3004245,12000,2026-08-18T06:22:05Z,クレジットカード,increment-run-002,workshop-participant,donation_events_002.csv,2026-08-21T14:20:02Z
EVT-FRS-006677,6006677,2003223,172120,3000647,20000,2026-08-18T06:26:52Z,コンビニ決済,increment-run-002,workshop-participant,donation_events_002.csv,2026-08-21T14:20:02Z
EVT-FRS-004111,6004111,2001941,332046,3005899,10000,2026-08-18T06:30:14Z,クレジットカード,increment-run-002,workshop-participant,donation_events_002.csv,2026-08-21T14:20:02Z
EVT-FRS-005581,6005581,2002106,105236,3000234,20000,2026-08-18T06:31:30Z,クレジットカード,increment-run-002,workshop-participant,donation_events_002.csv,2026-08-21T14:20:02Z
EVT-FRS-002732,6002732,2009204,112429,3002866,25000,2026-08-18T06:35:12Z,コンビニ決済,increment-run-002,workshop-participant,donation_events_002.csv,2026-08-21T14:20:02Z
EVT-FRS-005688,6005688,2006321,112020,3002647,70000,2026-08-18T06:40:24Z,コンビニ決済,increment-run-002,workshop-participant,donation_events_002.csv,2026-08-21T14:20:02Z
EVT-FRS-014536,6014536,2010450,082325,3003242,10000,2026-08-18T06:42:07Z,銀行振込,increment-run-002,workshop-participant,donation_events_002.csv,2026-08-21T14:20:02Z
EVT-FRS-000941,6000941,2011798,013943,3005114,20000,2026-08-18T06:48:07Z,クレジットカード,increment-run-002,workshop-participant,donation_events_002.csv,2026-08-21T14:20:02Z
EVT-FRS-012416,6012416,2000651,242098,3001186,15000,2026-08-18T06:52:36Z,クレジットカード,increment-run-002,workshop-participant,donation_events_002.csv,2026-08-21T14:20:02Z
EVT-FRS-000950,6000950,2007006,413275,3004094,10000,2026-08-18T06:53:51Z,クレジットカード,increment-run-002,workshop-participant,donation_events_002.csv,2026-08-21T14:20:02Z
EVT-FRS-010824,6010824,2005653,124630,3005204,20000,2026-08-18T06:56:20Z,電子決済,increment-run-002,workshop-participant,donation_events_002.csv,2026-08-21T14:20:02Z
EVT-FRS-005567,6005567,2002929,016373,3003451,15000,2026-08-18T06:56:52Z,クレジットカード,increment-run-002,workshop-participant,donation_events_002.csv,2026-08-21T14:20:02Z
EVT-FRS-009687,6009687,2008731,402141,3003600,20000,2026-08-18T06:58:55Z,クレジットカード,increment-run-002,workshop-participant,donation_events_002.csv,2026-08-21T14:20:02Z
EVT-FRS-014627,6014627,2005899,422029,3005311,10000,2026-08-18T06:59:30Z,電子決済,increment-run-002,workshop-participant,donation_events_002.csv,2026-08-21T14:20:02Z
EVT-FRS-011052,6011052,2011192,242101,3002994,20000,2026-08-18T07:04:09Z,クレジットカード,increment-run-002,workshop-participant,donation_events_002.csv,2026-08-21T14:20:02Z
EVT-FRS-004908,6004908,2001014,141500,3005320,10000,2026-08-18T07:05:18Z,電子決済,increment-run-002,workshop-participant,donation_events_002.csv,2026-08-21T14:20:02Z
EVT-FRS-000382,6000382,2008986,402192,3005746,60000,2026-08-18T07:07:04Z,クレジットカード,increment-run-002,workshop-participant,donation_events_002.csv,2026-08-21T14:20:02Z
EVT-FRS-008004,6008004,2001227,401307,3005967,30000,2026-08-18T07:08:53Z,クレジットカード,increment-run-002,workshop-participant,donation_events_002.csv,2026-08-21T14:20:02Z
EVT-FRS-013143,6013143,2011137,372030,3001797,15000,2026-08-18T07:11:50Z,コンビニ決済,increment-run-002,workshop-participant,donation_events_002.csv,2026-08-21T14:20:02Z
EVT-FRS-012935,6012935,2001489,432105,3003521,12000,2026-08-18T07:16:44Z,クレジットカード,increment-run-002,workshop-participant,donation_events_002.csv,2026-08-21T14:20:02Z
EVT-FRS-005837,6005837,2009446,472115,3000980,10000,2026-08-18T07:21:34Z,クレジットカード,increment-run-002,workshop-participant,donation_events_002.csv,2026-08-21T14:20:02Z
EVT-FRS-002648,6002648,2010669,332151,3003917,8000,2026-08-18T07:22:34Z,クレジットカード,increment-run-002,workshop-participant,donation_events_002.csv,2026-08-21T14:20:02Z
EVT-FRS-005232,6005232,2010312,434329,3001727,8000,2026-08-18T07:25:22Z,クレジットカード,increment-run-002,workshop-participant,donation_events_002.csv,2026-08-21T14:20:02Z
EVT-FRS-002041,6002041,2007003,142107,3004010,60000,2026-08-18T07:38:15Z,クレジットカード,increment-run-002,workshop-participant,donation_events_002.csv,2026-08-21T14:20:02Z
EVT-FRS-006693,6006693,2005050,232092,3001379,10000,2026-08-18T07:41:27Z,コンビニ決済,increment-run-002,workshop-participant,donation_events_002.csv,2026-08-21T14:20:02Z
EVT-FRS-006381,6006381,2004117,102059,3002862,10000,2026-08-18T07:42:23Z,銀行振込,increment-run-002,workshop-participant,donation_events_002.csv,2026-08-21T14:20:02Z
EVT-FRS-010395,6010395,2000794,422100,3004035,15000,2026-08-18T07:51:24Z,クレジットカード,increment-run-002,workshop-participant,donation_events_002.csv,2026-08-21T14:20:02Z
EVT-FRS-008229,6008229,2011782,252131,3005403,10000,2026-08-18T07:59:55Z,クレジットカード,increment-run-002,workshop-participant,donation_events_002.csv,2026-08-21T14:20:02Z
EVT-FRS-008333,6008333,2010694,382108,3003125,10000,2026-08-18T08:00:03Z,クレジットカード,increment-run-002,workshop-participant,donation_events_002.csv,2026-08-21T14:20:02Z
EVT-FRS-003591,6003591,2010896,282073,3005057,5000,2026-08-18T08:10:22Z,クレジットカード,increment-run-002,workshop-participant,donation_events_002.csv,2026-08-21T14:20:02Z
EVT-FRS-004741,6004741,2009151,432032,3005336,30000,2026-08-18T08:11:10Z,クレジットカード,increment-run-002,workshop-participant,donation_events_002.csv,2026-08-21T14:20:02Z
EVT-FRS-000541,6000541,2002134,312045,3003025,15000,2026-08-18T08:17:38Z,銀行振込,increment-run-002,workshop-participant,donation_events_002.csv,2026-08-21T14:20:02Z
EVT-FRS-002498,6002498,2003604,012190,3004508,8000,2026-08-18T08:22:13Z,電子決済,increment-run-002,workshop-participant,donation_events_002.csv,2026-08-21T14:20:02Z
EVT-FRS-001251,6001251,2005135,442020,3001534,10000,2026-08-18T08:24:20Z,クレジットカード,increment-run-002,workshop-participant,donation_events_002.csv,2026-08-21T14:20:02Z
EVT-FRS-009748,6009748,2003182,192112,3003615,10000,2026-08-18T08:29:25Z,コンビニ決済,increment-run-002,workshop-participant,donation_events_002.csv,2026-08-21T14:20:02Z
EVT-FRS-001572,6001572,2010882,262056,3002305,10000,2026-08-18T08:36:20Z,銀行振込,increment-run-002,workshop-participant,donation_events_002.csv,2026-08-21T14:20:02Z
EVT-FRS-011260,6011260,2007235,462195,3001082,10000,2026-08-18T08:37:54Z,銀行振込,increment-run-002,workshop-participant,donation_events_002.csv,2026-08-21T14:20:02Z
EVT-FRS-010624,6010624,2010195,272248,3001287,30000,2026-08-18T08:42:18Z,クレジットカード,increment-run-002,workshop-participant,donation_events_002.csv,2026-08-21T14:20:02Z
EVT-FRS-006129,6006129,2008787,123498,3002254,10000,2026-08-18T08:47:55Z,電子決済,increment-run-002,workshop-participant,donation_events_002.csv,2026-08-21T14:20:02Z
EVT-FRS-011177,6011177,2002992,222267,3003337,8000,2026-08-18T08:48:47Z,クレジットカード,increment-run-002,workshop-participant,donation_events_002.csv,2026-08-21T14:20:02Z
EVT-FRS-010647,6010647,2000152,012068,3000911,25000,2026-08-18T08:49:00Z,クレジットカード,increment-run-002,workshop-participant,donation_events_002.csv,2026-08-21T14:20:02Z
EVT-FRS-009769,6009769,2005533,232351,3001051,8000,2026-08-18T08:51:58Z,クレジットカード,increment-run-002,workshop-participant,donation_events_002.csv,2026-08-21T14:20:02Z
EVT-FRS-001841,6001841,2005275,132217,3000463,8000,2026-08-18T08:52:34Z,クレジットカード,increment-run-002,workshop-participant,donation_events_002.csv,2026-08-21T14:20:02Z
EVT-FRS-010433,6010433,2011596,302066,3001435,5000,2026-08-18T09:01:40Z,クレジットカード,increment-run-002,workshop-participant,donation_events_002.csv,2026-08-21T14:20:02Z
EVT-FRS-002389,6002389,2005616,212181,3003892,25000,2026-08-18T09:05:31Z,銀行振込,increment-run-002,workshop-participant,donation_events_002.csv,2026-08-21T14:20:02Z
EVT-FRS-006418,6006418,2001021,282286,3004235,10000,2026-08-18T09:09:05Z,クレジットカード,increment-run-002,workshop-participant,donation_events_002.csv,2026-08-21T14:20:02Z
EVT-FRS-006681,6006681,2011043,262013,3003531,5000,2026-08-18T09:09:10Z,電子決済,increment-run-002,workshop-participant,donation_events_002.csv,2026-08-21T14:20:02Z
EVT-FRS-003267,6003267,2008751,261009,3000931,20000,2026-08-18T09:09:36Z,コンビニ決済,increment-run-002,workshop-participant,donation_events_002.csv,2026-08-21T14:20:02Z
EVT-FRS-012772,6012772,2003757,341002,3004993,15000,2026-08-18T09:13:27Z,クレジットカード,increment-run-002,workshop-participant,donation_events_002.csv,2026-08-21T14:20:02Z
EVT-FRS-003723,6003723,2010703,312029,3000644,15000,2026-08-18T09:14:11Z,コンビニ決済,increment-run-002,workshop-participant,donation_events_002.csv,2026-08-21T14:20:02Z
EVT-FRS-013327,6013327,2007710,282049,3005452,15000,2026-08-18T09:16:28Z,クレジットカード,increment-run-002,workshop-participant,donation_events_002.csv,2026-08-21T14:20:02Z
EVT-FRS-003767,6003767,2002917,082341,3004765,8000,2026-08-18T09:18:44Z,クレジットカード,increment-run-002,workshop-participant,donation_events_002.csv,2026-08-21T14:20:02Z
EVT-FRS-014693,6014693,2002762,192082,3000813,12000,2026-08-18T09:27:54Z,クレジットカード,increment-run-002,workshop-participant,donation_events_002.csv,2026-08-21T14:20:02Z
EVT-FRS-010686,6010686,2000778,012297,3005065,50000,2026-08-18T09:35:18Z,クレジットカード,increment-run-002,workshop-participant,donation_events_002.csv,2026-08-21T14:20:02Z
EVT-FRS-011323,6011323,2007400,111007,3002297,50000,2026-08-18T09:36:37Z,コンビニ決済,increment-run-002,workshop-participant,donation_events_002.csv,2026-08-21T14:20:02Z
EVT-FRS-009149,6009149,2002735,132292,3005264,12000,2026-08-18T09:39:15Z,電子決済,increment-run-002,workshop-participant,donation_events_002.csv,2026-08-21T14:20:02Z
EVT-FRS-007044,6007044,2001766,012173,3003541,5000,2026-08-18T09:40:12Z,クレジットカード,increment-run-002,workshop-participant,donation_events_002.csv,2026-08-21T14:20:02Z
EVT-FRS-006437,6006437,2003325,012343,3001285,10000,2026-08-18T09:41:43Z,クレジットカード,increment-run-002,workshop-participant,donation_events_002.csv,2026-08-21T14:20:02Z
EVT-FRS-013538,6013538,2011798,442101,3004390,5000,2026-08-18T09:42:54Z,クレジットカード,increment-run-002,workshop-participant,donation_events_002.csv,2026-08-21T14:20:02Z
EVT-FRS-000787,6000787,2008755,122394,3001416,15000,2026-08-18T09:46:49Z,クレジットカード,increment-run-002,workshop-participant,donation_events_002.csv,2026-08-21T14:20:02Z
EVT-FRS-007769,6007769,2006181,452025,3005848,15000,2026-08-18T09:48:56Z,クレジットカード,increment-run-002,workshop-participant,donation_events_002.csv,2026-08-21T14:20:02Z
EVT-FRS-013841,6013841,2001549,082325,3003980,25000,2026-08-18T09:50:10Z,クレジットカード,increment-run-002,workshop-participant,donation_events_002.csv,2026-08-21T14:20:02Z
EVT-FRS-003322,6003322,2004170,052141,3005716,25000,2026-08-18T09:56:01Z,クレジットカード,increment-run-002,workshop-participant,donation_events_002.csv,2026-08-21T14:20:02Z
EVT-FRS-003567,6003567,2007888,382035,3003763,12000,2026-08-18T10:05:23Z,クレジットカード,increment-run-002,workshop-participant,donation_events_002.csv,2026-08-21T14:20:02Z
EVT-FRS-011294,6011294,2002707,141500,3002970,8000,2026-08-18T10:05:50Z,クレジットカード,increment-run-002,workshop-participant,donation_events_002.csv,2026-08-21T14:20:02Z
EVT-FRS-005293,6005293,2008519,012084,3002792,20000,2026-08-18T10:06:16Z,コンビニ決済,increment-run-002,workshop-participant,donation_events_002.csv,2026-08-21T14:20:02Z
EVT-FRS-007951,6007951,2011537,074217,3005934,10000,2026-08-18T10:13:48Z,クレジットカード,increment-run-002,workshop-participant,donation_events_002.csv,2026-08-21T14:20:02Z
EVT-FRS-004964,6004964,2007434,473251,3004583,15000,2026-08-18T10:16:26Z,クレジットカード,increment-run-002,workshop-participant,donation_events_002.csv,2026-08-21T14:20:02Z
EVT-FRS-006263,6006263,2010224,012157,3003662,25000,2026-08-18T10:20:53Z,クレジットカード,increment-run-002,workshop-participant,donation_events_002.csv,2026-08-21T14:20:02Z
EVT-FRS-001397,6001397,2004014,082198,3003589,8000,2026-08-18T10:21:22Z,クレジットカード,increment-run-002,workshop-participant,donation_events_002.csv,2026-08-21T14:20:02Z
EVT-FRS-006527,6006527,2005698,082112,3003621,12000,2026-08-18T10:23:00Z,銀行振込,increment-run-002,workshop-participant,donation_events_002.csv,2026-08-21T14:20:02Z
EVT-FRS-006284,6006284,2009784,382078,3000557,15000,2026-08-18T10:25:43Z,クレジットカード,increment-run-002,workshop-participant,donation_events_002.csv,2026-08-21T14:20:02Z
EVT-FRS-007957,6007957,2000013,082261,3001655,12000,2026-08-18T10:32:06Z,電子決済,increment-run-002,workshop-participant,donation_events_002.csv,2026-08-21T14:20:02Z
EVT-FRS-007003,6007003,2011868,272175,3003112,10000,2026-08-18T10:34:09Z,クレジットカード,increment-run-002,workshop-participant,donation_events_002.csv,2026-08-21T14:20:02Z
EVT-FRS-011344,6011344,2007278,062031,3001017,15000,2026-08-18T10:35:01Z,コンビニ決済,increment-run-002,workshop-participant,donation_events_002.csv,2026-08-21T14:20:02Z
EVT-FRS-013583,6013583,2004073,452041,3005727,60000,2026-08-18T10:35:58Z,クレジットカード,increment-run-002,workshop-participant,donation_events_002.csv,2026-08-21T14:20:02Z
EVT-FRS-001262,6001262,2002177,322067,3003805,20000,2026-08-18T10:37:54Z,クレジットカード,increment-run-002,workshop-participant,donation_events_002.csv,2026-08-21T14:20:02Z
EVT-FRS-002710,6002710,2010784,262056,3002305,20000,2026-08-18T10:43:29Z,クレジットカード,increment-run-002,workshop-participant,donation_events_002.csv,2026-08-21T14:20:02Z
EVT-FRS-007418,6007418,2001296,132039,3005370,12000,2026-08-18T10:45:53Z,クレジットカード,increment-run-002,workshop-participant,donation_events_002.csv,2026-08-21T14:20:02Z
EVT-FRS-006913,6006913,2007818,192147,3003240,5000,2026-08-18T10:48:54Z,銀行振込,increment-run-002,workshop-participant,donation_events_002.csv,2026-08-21T14:20:02Z
EVT-FRS-002332,6002332,2009604,303615,3000499,30000,2026-08-18T10:52:30Z,クレジットカード,increment-run-002,workshop-participant,donation_events_002.csv,2026-08-21T14:20:02Z
EVT-FRS-003601,6003601,2006897,282049,3003594,10000,2026-08-18T10:57:39Z,電子決済,increment-run-002,workshop-participant,donation_events_002.csv,2026-08-21T14:20:02Z
EVT-FRS-009933,6009933,2001996,232211,3002796,10000,2026-08-18T10:58:53Z,クレジットカード,increment-run-002,workshop-participant,donation_events_002.csv,2026-08-21T14:20:02Z
EVT-FRS-007024,6007024,2003229,112127,3003893,5000,2026-08-18T11:10:53Z,クレジットカード,increment-run-002,workshop-participant,donation_events_002.csv,2026-08-21T14:20:02Z
EVT-FRS-000085,6000085,2006305,432067,3003114,25000,2026-08-18T11:12:20Z,クレジットカード,increment-run-002,workshop-participant,donation_events_002.csv,2026-08-21T14:20:02Z
EVT-FRS-000815,6000815,2001250,212130,3001404,25000,2026-08-18T11:19:04Z,クレジットカード,increment-run-002,workshop-participant,donation_events_002.csv,2026-08-21T14:20:02Z
EVT-FRS-006641,6006641,2011006,122254,3005378,10000,2026-08-18T11:19:13Z,クレジットカード,increment-run-002,workshop-participant,donation_events_002.csv,2026-08-21T14:20:02Z
EVT-FRS-013505,6013505,2001778,432113,3004263,20000,2026-08-18T11:20:32Z,銀行振込,increment-run-002,workshop-participant,donation_events_002.csv,2026-08-21T14:20:02Z
EVT-FRS-006521,6006521,2003188,022012,3002418,10000,2026-08-18T11:28:05Z,銀行振込,increment-run-002,workshop-participant,donation_events_002.csv,2026-08-21T14:20:02Z
EVT-FRS-012804,6012804,2004675,262099,3002926,8000,2026-08-18T11:28:09Z,クレジットカード,increment-run-002,workshop-participant,donation_events_002.csv,2026-08-21T14:20:02Z
EVT-FRS-013862,6013862,2005261,112461,3002844,10000,2026-08-18T11:29:38Z,クレジットカード,increment-run-002,workshop-participant,donation_events_002.csv,2026-08-21T14:20:02Z
EVT-FRS-012092,6012092,2009032,112305,3003207,10000,2026-08-18T11:30:47Z,クレジットカード,increment-run-002,workshop-participant,donation_events_002.csv,2026-08-21T14:20:02Z
EVT-FRS-003181,6003181,2004826,332046,3003261,10000,2026-08-18T11:37:13Z,銀行振込,increment-run-002,workshop-participant,donation_events_002.csv,2026-08-21T14:20:02Z
EVT-FRS-014736,6014736,2006968,012033,3000762,15000,2026-08-18T11:38:37Z,電子決済,increment-run-002,workshop-participant,donation_events_002.csv,2026-08-21T14:20:02Z
EVT-FRS-009661,6009661,2010150,232076,3005064,15000,2026-08-18T11:41:45Z,銀行振込,increment-run-002,workshop-participant,donation_events_002.csv,2026-08-21T14:20:02Z
EVT-FRS-004678,6004678,2002759,312029,3000644,40000,2026-08-18T11:45:52Z,クレジットカード,increment-run-002,workshop-participant,donation_events_002.csv,2026-08-21T14:20:02Z
EVT-FRS-006636,6006636,2006710,282189,3001458,10000,2026-08-18T11:49:06Z,クレジットカード,increment-run-002,workshop-participant,donation_events_002.csv,2026-08-21T14:20:02Z
EVT-FRS-007540,6007540,2008797,222259,3004308,10000,2026-08-18T11:50:02Z,クレジットカード,increment-run-002,workshop-participant,donation_events_002.csv,2026-08-21T14:20:02Z
EVT-FRS-002998,6002998,2011332,302091,3000684,40000,2026-08-18T11:55:23Z,銀行振込,increment-run-002,workshop-participant,donation_events_002.csv,2026-08-21T14:20:02Z
EVT-FRS-013230,6013230,2010457,302066,3001128,10000,2026-08-18T12:02:32Z,クレジットカード,increment-run-002,workshop-participant,donation_events_002.csv,2026-08-21T14:20:02Z
EVT-FRS-005899,6005899,2007853,152226,3001102,10000,2026-08-18T12:04:14Z,コンビニ決済,increment-run-002,workshop-participant,donation_events_002.csv,2026-08-21T14:20:02Z
EVT-FRS-006211,6006211,2008847,012203,3001079,20000,2026-08-18T12:04:15Z,クレジットカード,increment-run-002,workshop-participant,donation_events_002.csv,2026-08-21T14:20:02Z
EVT-FRS-002889,6002889,2010504,202142,3001993,5000,2026-08-18T12:07:08Z,クレジットカード,increment-run-002,workshop-participant,donation_events_002.csv,2026-08-21T14:20:02Z
EVT-FRS-012273,6012273,2001333,052027,3005601,25000,2026-08-18T12:12:24Z,クレジットカード,increment-run-002,workshop-participant,donation_events_002.csv,2026-08-21T14:20:02Z
EVT-FRS-011562,6011562,2007547,335860,3002073,12000,2026-08-18T12:14:05Z,電子決済,increment-run-002,workshop-participant,donation_events_002.csv,2026-08-21T14:20:02Z
EVT-FRS-003346,6003346,2004153,182087,3000467,20000,2026-08-18T12:21:41Z,クレジットカード,increment-run-002,workshop-participant,donation_events_002.csv,2026-08-21T14:20:02Z
EVT-FRS-006200,6006200,2009141,111007,3000639,30000,2026-08-18T12:22:04Z,クレジットカード,increment-run-002,workshop-participant,donation_events_002.csv,2026-08-21T14:20:02Z
EVT-FRS-010150,6010150,2008066,262072,3000926,10000,2026-08-18T12:25:09Z,クレジットカード,increment-run-002,workshop-participant,donation_events_002.csv,2026-08-21T14:20:02Z
EVT-FRS-007305,6007305,2006513,162027,3000869,10000,2026-08-18T12:26:38Z,コンビニ決済,increment-run-002,workshop-participant,donation_events_002.csv,2026-08-21T14:20:02Z
EVT-FRS-006804,6006804,2006552,142018,3000919,8000,2026-08-18T12:27:23Z,電子決済,increment-run-002,workshop-participant,donation_events_002.csv,2026-08-21T14:20:02Z
EVT-FRS-005873,6005873,2004623,364053,3001743,15000,2026-08-18T12:34:07Z,クレジットカード,increment-run-002,workshop-participant,donation_events_002.csv,2026-08-21T14:20:02Z
EVT-FRS-008151,6008151,2005178,082163,3004850,20000,2026-08-18T12:34:45Z,電子決済,increment-run-002,workshop-participant,donation_events_002.csv,2026-08-21T14:20:02Z
EVT-FRS-003235,6003235,2009423,141305,3003138,30000,2026-08-18T12:44:18Z,クレジットカード,increment-run-002,workshop-participant,donation_events_002.csv,2026-08-21T14:20:02Z
EVT-FRS-010182,6010182,2005934,232033,3003788,12000,2026-08-18T12:45:42Z,クレジットカード,increment-run-002,workshop-participant,donation_events_002.csv,2026-08-21T14:20:02Z
EVT-FRS-011860,6011860,2007059,122041,3002919,10000,2026-08-18T12:47:21Z,電子決済,increment-run-002,workshop-participant,donation_events_002.csv,2026-08-21T14:20:02Z
EVT-FRS-005721,6005721,2001806,432113,3004263,10000,2026-08-18T12:49:20Z,コンビニ決済,increment-run-002,workshop-participant,donation_events_002.csv,2026-08-21T14:20:02Z
EVT-FRS-000573,6000573,2003345,452025,3003388,10000,2026-08-18T12:49:46Z,銀行振込,increment-run-002,workshop-participant,donation_events_002.csv,2026-08-21T14:20:02Z
EVT-FRS-007247,6007247,2000326,072010,3004064,10000,2026-08-18T12:54:07Z,クレジットカード,increment-run-002,workshop-participant,donation_events_002.csv,2026-08-21T14:20:02Z
EVT-FRS-002205,6002205,2005991,112151,3002281,8000,2026-08-18T12:55:14Z,クレジットカード,increment-run-002,workshop-participant,donation_events_002.csv,2026-08-21T14:20:02Z
EVT-FRS-010095,6010095,2010225,122238,3005332,10000,2026-08-18T12:56:18Z,クレジットカード,increment-run-002,workshop-participant,donation_events_002.csv,2026-08-21T14:20:02Z
EVT-FRS-010864,6010864,2006564,132047,3001771,30000,2026-08-18T13:02:08Z,クレジットカード,increment-run-002,workshop-participant,donation_events_002.csv,2026-08-21T14:20:02Z
EVT-FRS-005812,6005812,2009863,222151,3000500,15000,2026-08-18T13:03:23Z,クレジットカード,increment-run-002,workshop-participant,donation_events_002.csv,2026-08-21T14:20:02Z
EVT-FRS-006875,6006875,2010355,132195,3004404,8000,2026-08-18T13:14:43Z,クレジットカード,increment-run-002,workshop-participant,donation_events_002.csv,2026-08-21T14:20:02Z
EVT-FRS-008384,6008384,2005979,102041,3001427,10000,2026-08-18T13:16:05Z,電子決済,increment-run-002,workshop-participant,donation_events_002.csv,2026-08-21T14:20:02Z
EVT-FRS-006816,6006816,2005433,151009,3001713,10000,2026-08-18T13:16:41Z,銀行振込,increment-run-002,workshop-participant,donation_events_002.csv,2026-08-21T14:20:02Z
EVT-FRS-013953,6013953,2000173,022080,3003964,12000,2026-08-18T13:33:53Z,電子決済,increment-run-002,workshop-participant,donation_events_002.csv,2026-08-21T14:20:02Z
EVT-FRS-010465,6010465,2000969,122246,3003263,15000,2026-08-18T13:34:27Z,電子決済,increment-run-002,workshop-participant,donation_events_002.csv,2026-08-21T14:20:02Z
EVT-FRS-000891,6000891,2005279,434825,3001659,12000,2026-08-18T13:35:07Z,クレジットカード,increment-run-002,workshop-participant,donation_events_002.csv,2026-08-21T14:20:02Z
EVT-FRS-005195,6005195,2007569,403491,3004316,20000,2026-08-18T13:37:27Z,電子決済,increment-run-002,workshop-participant,donation_events_002.csv,2026-08-21T14:20:02Z
EVT-FRS-014856,6014856,2009788,122033,3000664,15000,2026-08-18T13:37:35Z,クレジットカード,increment-run-002,workshop-participant,donation_events_002.csv,2026-08-21T14:20:02Z
EVT-FRS-000922,6000922,2011823,242080,3002071,10000,2026-08-18T13:38:44Z,クレジットカード,increment-run-002,workshop-participant,donation_events_002.csv,2026-08-21T14:20:02Z
EVT-FRS-002375,6002375,2005748,012181,3004782,30000,2026-08-18T13:38:56Z,クレジットカード,increment-run-002,workshop-participant,donation_events_002.csv,2026-08-21T14:20:02Z
EVT-FRS-014689,6014689,2004621,016071,3001168,30000,2026-08-18T13:42:31Z,クレジットカード,increment-run-002,workshop-participant,donation_events_002.csv,2026-08-21T14:20:02Z
EVT-FRS-000766,6000766,2008479,242110,3005718,15000,2026-08-18T13:43:34Z,クレジットカード,increment-run-002,workshop-participant,donation_events_002.csv,2026-08-21T14:20:02Z
EVT-FRS-004513,6004513,2002219,123471,3002690,15000,2026-08-18T13:46:15Z,クレジットカード,increment-run-002,workshop-participant,donation_events_002.csv,2026-08-21T14:20:02Z
EVT-FRS-014439,6014439,2008076,223042,3004171,5000,2026-08-18T13:49:00Z,コンビニ決済,increment-run-002,workshop-participant,donation_events_002.csv,2026-08-21T14:20:02Z
EVT-FRS-013110,6013110,2006533,212032,3001418,20000,2026-08-18T13:57:38Z,電子決済,increment-run-002,workshop-participant,donation_events_002.csv,2026-08-21T14:20:02Z
EVT-FRS-001910,6001910,2006729,012165,3001399,10000,2026-08-18T13:57:47Z,クレジットカード,increment-run-002,workshop-participant,donation_events_002.csv,2026-08-21T14:20:02Z
EVT-FRS-000035,6000035,2007112,232190,3005560,10000,2026-08-18T14:03:31Z,クレジットカード,increment-run-002,workshop-participant,donation_events_002.csv,2026-08-21T14:20:02Z
EVT-FRS-008069,6008069,2006533,062057,3005267,30000,2026-08-18T14:06:59Z,電子決済,increment-run-002,workshop-participant,donation_events_002.csv,2026-08-21T14:20:02Z
EVT-FRS-011136,6011136,2011152,382035,3003763,25000,2026-08-18T14:11:37Z,クレジットカード,increment-run-002,workshop-participant,donation_events_002.csv,2026-08-21T14:20:02Z
EVT-FRS-005332,6005332,2010704,452092,3000338,10000,2026-08-18T14:14:50Z,クレジットカード,increment-run-002,workshop-participant,donation_events_002.csv,2026-08-21T14:20:02Z
EVT-FRS-013797,6013797,2008510,402079,3002822,50000,2026-08-18T14:27:44Z,クレジットカード,increment-run-002,workshop-participant,donation_events_002.csv,2026-08-21T14:20:02Z
EVT-FRS-008642,6008642,2006179,272132,3005617,20000,2026-08-18T14:27:48Z,クレジットカード,increment-run-002,workshop-participant,donation_events_002.csv,2026-08-21T14:20:02Z
EVT-FRS-009886,6009886,2000722,384887,3005022,12000,2026-08-18T14:37:27Z,クレジットカード,increment-run-002,workshop-participant,donation_events_002.csv,2026-08-21T14:20:02Z
EVT-FRS-006085,6006085,2008785,192147,3003828,15000,2026-08-18T14:37:44Z,クレジットカード,increment-run-002,workshop-participant,donation_events_002.csv,2026-08-21T14:20:02Z
EVT-FRS-004295,6004295,2005002,152048,3003815,10000,2026-08-18T14:39:20Z,電子決済,increment-run-002,workshop-participant,donation_events_002.csv,2026-08-21T14:20:02Z
EVT-FRS-011908,6011908,2002654,392090,3004647,10000,2026-08-18T14:39:37Z,クレジットカード,increment-run-002,workshop-participant,donation_events_002.csv,2026-08-21T14:20:02Z
EVT-FRS-000254,6000254,2010420,062022,3001514,12000,2026-08-18T14:44:40Z,電子決済,increment-run-002,workshop-participant,donation_events_002.csv,2026-08-21T14:20:02Z
EVT-FRS-011491,6011491,2011881,222062,3003484,10000,2026-08-18T14:49:06Z,銀行振込,increment-run-002,workshop-participant,donation_events_002.csv,2026-08-21T14:20:02Z
EVT-FRS-007091,6007091,2001344,212130,3001404,30000,2026-08-18T14:53:07Z,銀行振込,increment-run-002,workshop-participant,donation_events_002.csv,2026-08-21T14:20:02Z
EVT-FRS-003184,6003184,2003652,112089,3004833,10000,2026-08-18T14:54:25Z,銀行振込,increment-run-002,workshop-participant,donation_events_002.csv,2026-08-21T14:20:02Z
EVT-FRS-002046,6002046,2007072,293229,3004395,10000,2026-08-18T14:54:51Z,クレジットカード,increment-run-002,workshop-participant,donation_events_002.csv,2026-08-21T14:20:02Z
EVT-FRS-000037,6000037,2008490,232203,3004019,25000,2026-08-18T15:05:37Z,コンビニ決済,increment-run-002,workshop-participant,donation_events_002.csv,2026-08-21T14:20:02Z
EVT-FRS-009294,6009294,2006136,012149,3002079,10000,2026-08-18T15:05:44Z,クレジットカード,increment-run-002,workshop-participant,donation_events_002.csv,2026-08-21T14:20:02Z
EVT-FRS-011731,6011731,2011914,012343,3000779,5000,2026-08-18T15:09:35Z,クレジットカード,increment-run-002,workshop-participant,donation_events_002.csv,2026-08-21T14:20:02Z
EVT-FRS-014880,6014880,2002760,222224,3000780,25000,2026-08-18T15:12:34Z,電子決済,increment-run-002,workshop-participant,donation_events_002.csv,2026-08-21T14:20:02Z
EVT-FRS-002765,6002765,2005707,272132,3000484,15000,2026-08-18T15:13:32Z,電子決済,increment-run-002,workshop-participant,donation_events_002.csv,2026-08-21T14:20:02Z
EVT-FRS-014785,6014785,2010118,393444,3003490,25000,2026-08-18T15:13:39Z,クレジットカード,increment-run-002,workshop-participant,donation_events_002.csv,2026-08-21T14:20:02Z
EVT-FRS-002569,6002569,2000886,093611,3001661,8000,2026-08-18T15:13:56Z,電子決済,increment-run-002,workshop-participant,donation_events_002.csv,2026-08-21T14:20:02Z
EVT-FRS-004607,6004607,2010934,072125,3003032,5000,2026-08-18T15:13:58Z,クレジットカード,increment-run-002,workshop-participant,donation_events_002.csv,2026-08-21T14:20:02Z
EVT-FRS-011567,6011567,2010466,222208,3002473,30000,2026-08-18T15:16:36Z,クレジットカード,increment-run-002,workshop-participant,donation_events_002.csv,2026-08-21T14:20:02Z
EVT-FRS-004494,6004494,2000903,112399,3002954,15000,2026-08-18T15:18:19Z,電子決済,increment-run-002,workshop-participant,donation_events_002.csv,2026-08-21T14:20:02Z
EVT-FRS-012061,6012061,2000164,202118,3004475,10000,2026-08-18T15:22:59Z,クレジットカード,increment-run-002,workshop-participant,donation_events_002.csv,2026-08-21T14:20:02Z
EVT-FRS-006108,6006108,2011455,272132,3003549,20000,2026-08-18T15:25:32Z,電子決済,increment-run-002,workshop-participant,donation_events_002.csv,2026-08-21T14:20:02Z
EVT-FRS-011242,6011242,2004729,042072,3003277,50000,2026-08-18T15:27:36Z,クレジットカード,increment-run-002,workshop-participant,donation_events_002.csv,2026-08-21T14:20:02Z
EVT-FRS-001976,6001976,2004030,192074,3000771,10000,2026-08-18T15:29:06Z,電子決済,increment-run-002,workshop-participant,donation_events_002.csv,2026-08-21T14:20:02Z
EVT-FRS-005574,6005574,2002081,242128,3000887,20000,2026-08-18T15:39:22Z,電子決済,increment-run-002,workshop-participant,donation_events_002.csv,2026-08-21T14:20:02Z
EVT-FRS-005154,6005154,2003066,192147,3003385,25000,2026-08-18T15:42:27Z,銀行振込,increment-run-002,workshop-participant,donation_events_002.csv,2026-08-21T14:20:02Z
EVT-FRS-004591,6004591,2002379,112089,3003194,8000,2026-08-18T15:45:48Z,電子決済,increment-run-002,workshop-participant,donation_events_002.csv,2026-08-21T14:20:02Z
EVT-FRS-010394,6010394,2004311,422118,3005514,15000,2026-08-18T15:47:34Z,コンビニ決済,increment-run-002,workshop-participant,donation_events_002.csv,2026-08-21T14:20:02Z
EVT-FRS-011481,6011481,2010315,342076,3002569,10000,2026-08-18T15:49:04Z,クレジットカード,increment-run-002,workshop-participant,donation_events_002.csv,2026-08-21T14:20:02Z
EVT-FRS-008685,6008685,2007467,082040,3003695,8000,2026-08-18T15:49:52Z,クレジットカード,increment-run-002,workshop-participant,donation_events_002.csv,2026-08-21T14:20:02Z
EVT-FRS-000740,6000740,2011105,212164,3002736,20000,2026-08-18T15:50:37Z,クレジットカード,increment-run-002,workshop-participant,donation_events_002.csv,2026-08-21T14:20:02Z
EVT-FRS-014219,6014219,2008609,023213,3004858,10000,2026-08-18T15:50:54Z,銀行振込,increment-run-002,workshop-participant,donation_events_002.csv,2026-08-21T14:20:02Z
EVT-FRS-003774,6003774,2000062,016349,3002470,12000,2026-08-18T15:55:51Z,クレジットカード,increment-run-002,workshop-participant,donation_events_002.csv,2026-08-21T14:20:02Z
EVT-FRS-004200,6004200,2011516,212148,3000402,15000,2026-08-18T15:59:10Z,電子決済,increment-run-002,workshop-participant,donation_events_002.csv,2026-08-21T14:20:02Z
EVT-FRS-002204,6002204,2001504,362042,3000304,5000,2026-08-18T15:59:48Z,クレジットカード,increment-run-002,workshop-participant,donation_events_002.csv,2026-08-21T14:20:02Z
EVT-FRS-005748,6005748,2006277,462063,3005956,20000,2026-08-18T15:59:52Z,電子決済,increment-run-002,workshop-participant,donation_events_002.csv,2026-08-21T14:20:02Z
EVT-FRS-006892,6006892,2002068,214035,3000395,15000,2026-08-18T16:05:38Z,クレジットカード,increment-run-002,workshop-participant,donation_events_002.csv,2026-08-21T14:20:02Z
EVT-FRS-003770,6003770,2006203,282294,3000053,5000,2026-08-18T16:12:17Z,クレジットカード,increment-run-002,workshop-participant,donation_events_002.csv,2026-08-21T14:20:02Z
EVT-FRS-005968,6005968,2000490,142042,3000705,15000,2026-08-18T16:18:39Z,クレジットカード,increment-run-002,workshop-participant,donation_events_002.csv,2026-08-21T14:20:02Z
EVT-FRS-009364,6009364,2005193,112453,3005347,15000,2026-08-18T16:18:43Z,電子決済,increment-run-002,workshop-participant,donation_events_002.csv,2026-08-21T14:20:02Z
EVT-FRS-010016,6010016,2001980,082040,3003695,15000,2026-08-18T16:23:06Z,コンビニ決済,increment-run-002,workshop-participant,donation_events_002.csv,2026-08-21T14:20:02Z
EVT-FRS-004140,6004140,2010705,082031,3003807,10000,2026-08-18T16:25:40Z,クレジットカード,increment-run-002,workshop-participant,donation_events_002.csv,2026-08-21T14:20:02Z
EVT-FRS-008336,6008336,2000621,342076,3004292,40000,2026-08-18T16:27:00Z,クレジットカード,increment-run-002,workshop-participant,donation_events_002.csv,2026-08-21T14:20:02Z
EVT-FRS-009797,6009797,2007480,173614,3001314,15000,2026-08-18T16:27:41Z,クレジットカード,increment-run-002,workshop-participant,donation_events_002.csv,2026-08-21T14:20:02Z
EVT-FRS-004587,6004587,2001560,454427,3004298,12000,2026-08-18T16:28:25Z,銀行振込,increment-run-002,workshop-participant,donation_events_002.csv,2026-08-21T14:20:02Z
EVT-FRS-002541,6002541,2009860,013706,3002082,10000,2026-08-18T16:29:05Z,クレジットカード,increment-run-002,workshop-participant,donation_events_002.csv,2026-08-21T14:20:02Z
EVT-FRS-002295,6002295,2010320,142123,3003724,50000,2026-08-18T16:30:16Z,クレジットカード,increment-run-002,workshop-participant,donation_events_002.csv,2026-08-21T14:20:02Z
EVT-FRS-001028,6001028,2006632,152277,3000060,10000,2026-08-18T16:31:42Z,電子決済,increment-run-002,workshop-participant,donation_events_002.csv,2026-08-21T14:20:02Z
EVT-FRS-009275,6009275,2003995,062057,3002588,12000,2026-08-18T16:34:10Z,クレジットカード,increment-run-002,workshop-participant,donation_events_002.csv,2026-08-21T14:20:02Z
EVT-FRS-003360,6003360,2000813,392014,3002505,8000,2026-08-18T16:39:25Z,電子決済,increment-run-002,workshop-participant,donation_events_002.csv,2026-08-21T14:20:02Z
EVT-FRS-010026,6010026,2009751,242152,3003613,5000,2026-08-18T16:41:08Z,銀行振込,increment-run-002,workshop-participant,donation_events_002.csv,2026-08-21T14:20:02Z
EVT-FRS-009058,6009058,2007453,152111,3000784,15000,2026-08-18T16:52:10Z,クレジットカード,increment-run-002,workshop-participant,donation_events_002.csv,2026-08-21T14:20:02Z
EVT-FRS-012737,6012737,2001360,402192,3005746,10000,2026-08-18T16:59:56Z,クレジットカード,increment-run-002,workshop-participant,donation_events_002.csv,2026-08-21T14:20:02Z
EVT-FRS-006740,6006740,2002573,092011,3001063,10000,2026-08-18T17:00:57Z,クレジットカード,increment-run-002,workshop-participant,donation_events_002.csv,2026-08-21T14:20:02Z
EVT-FRS-014089,6014089,2003639,112313,3003968,10000,2026-08-18T17:02:51Z,電子決済,increment-run-002,workshop-participant,donation_events_002.csv,2026-08-21T14:20:02Z
EVT-FRS-002736,6002736,2011845,152081,3002059,15000,2026-08-18T17:03:02Z,コンビニ決済,increment-run-002,workshop-participant,donation_events_002.csv,2026-08-21T14:20:02Z
EVT-FRS-012819,6012819,2011693,172073,3003744,12000,2026-08-18T17:03:15Z,クレジットカード,increment-run-002,workshop-participant,donation_events_002.csv,2026-08-21T14:20:02Z
EVT-FRS-010466,6010466,2002544,212024,3003254,15000,2026-08-18T17:05:45Z,クレジットカード,increment-run-002,workshop-participant,donation_events_002.csv,2026-08-21T14:20:02Z
EVT-FRS-009805,6009805,2008402,342084,3003999,15000,2026-08-18T17:05:56Z,クレジットカード,increment-run-002,workshop-participant,donation_events_002.csv,2026-08-21T14:20:02Z
EVT-FRS-005435,6005435,2009415,452025,3003952,30000,2026-08-18T17:06:07Z,クレジットカード,increment-run-002,workshop-participant,donation_events_002.csv,2026-08-21T14:20:02Z
EVT-FRS-010542,6010542,2000054,252131,3001202,15000,2026-08-18T17:07:01Z,電子決済,increment-run-002,workshop-participant,donation_events_002.csv,2026-08-21T14:20:02Z
EVT-FRS-008860,6008860,2001274,141003,3005776,10000,2026-08-18T17:10:25Z,電子決済,increment-run-002,workshop-participant,donation_events_002.csv,2026-08-21T14:20:02Z
EVT-FRS-009625,6009625,2003234,192023,3004643,10000,2026-08-18T17:12:52Z,クレジットカード,increment-run-002,workshop-participant,donation_events_002.csv,2026-08-21T14:20:02Z
EVT-FRS-013137,6013137,2007234,082325,3003242,20000,2026-08-18T17:20:12Z,コンビニ決済,increment-run-002,workshop-participant,donation_events_002.csv,2026-08-21T14:20:02Z
EVT-FRS-012436,6012436,2009628,082031,3003807,30000,2026-08-18T17:21:13Z,クレジットカード,increment-run-002,workshop-participant,donation_events_002.csv,2026-08-21T14:20:02Z
EVT-FRS-002799,6002799,2003035,382019,3003299,5000,2026-08-18T17:34:51Z,電子決済,increment-run-002,workshop-participant,donation_events_002.csv,2026-08-21T14:20:02Z
EVT-FRS-010846,6010846,2007622,472085,3004926,15000,2026-08-18T17:36:09Z,クレジットカード,increment-run-002,workshop-participant,donation_events_002.csv,2026-08-21T14:20:02Z
EVT-FRS-011818,6011818,2003659,232343,3001489,10000,2026-08-18T17:42:27Z,銀行振込,increment-run-002,workshop-participant,donation_events_002.csv,2026-08-21T14:20:02Z
EVT-FRS-002589,6002589,2005055,302091,3000684,20000,2026-08-18T17:49:35Z,電子決済,increment-run-002,workshop-participant,donation_events_002.csv,2026-08-21T14:20:02Z
EVT-FRS-014407,6014407,2010574,442089,3000807,8000,2026-08-18T17:52:32Z,銀行振込,increment-run-002,workshop-participant,donation_events_002.csv,2026-08-21T14:20:02Z
EVT-FRS-010989,6010989,2008873,282103,3000595,10000,2026-08-18T17:55:43Z,クレジットカード,increment-run-002,workshop-participant,donation_events_002.csv,2026-08-21T14:20:02Z
EVT-FRS-001899,6001899,2007512,122254,3000153,25000,2026-08-18T17:59:39Z,クレジットカード,increment-run-002,workshop-participant,donation_events_002.csv,2026-08-21T14:20:02Z
EVT-FRS-014229,6014229,2008868,333468,3001542,5000,2026-08-18T18:01:28Z,クレジットカード,increment-run-002,workshop-participant,donation_events_002.csv,2026-08-21T14:20:02Z
EVT-FRS-003662,6003662,2010574,262111,3004505,10000,2026-08-18T18:02:08Z,クレジットカード,increment-run-002,workshop-participant,donation_events_002.csv,2026-08-21T14:20:02Z
EVT-FRS-006112,6006112,2008121,012173,3003541,8000,2026-08-18T18:02:48Z,コンビニ決済,increment-run-002,workshop-participant,donation_events_002.csv,2026-08-21T14:20:02Z
EVT-FRS-001559,6001559,2008816,331007,3005096,10000,2026-08-18T18:03:04Z,クレジットカード,increment-run-002,workshop-participant,donation_events_002.csv,2026-08-21T14:20:02Z
EVT-FRS-001737,6001737,2011106,132128,3005484,5000,2026-08-18T18:03:11Z,クレジットカード,increment-run-002,workshop-participant,donation_events_002.csv,2026-08-21T14:20:02Z
EVT-FRS-001480,6001480,2005305,152188,3000505,10000,2026-08-18T18:07:56Z,クレジットカード,increment-run-002,workshop-participant,donation_events_002.csv,2026-08-21T14:20:02Z
EVT-FRS-004308,6004308,2011767,122131,3005857,10000,2026-08-18T18:09:25Z,クレジットカード,increment-run-002,workshop-participant,donation_events_002.csv,2026-08-21T14:20:02Z
EVT-FRS-001207,6001207,2003216,192066,3005778,10000,2026-08-18T18:14:48Z,クレジットカード,increment-run-002,workshop-participant,donation_events_002.csv,2026-08-21T14:20:02Z
EVT-FRS-012249,6012249,2003718,222232,3000511,10000,2026-08-18T18:16:11Z,クレジットカード,increment-run-002,workshop-participant,donation_events_002.csv,2026-08-21T14:20:02Z
EVT-FRS-002315,6002315,2008740,152048,3005911,10000,2026-08-18T18:24:29Z,コンビニ決済,increment-run-002,workshop-participant,donation_events_002.csv,2026-08-21T14:20:02Z
EVT-FRS-002088,6002088,2006638,402184,3004348,10000,2026-08-18T18:24:43Z,電子決済,increment-run-002,workshop-participant,donation_events_002.csv,2026-08-21T14:20:02Z
EVT-FRS-008160,6008160,2011300,172103,3005765,40000,2026-08-18T18:24:55Z,電子決済,increment-run-002,workshop-participant,donation_events_002.csv,2026-08-21T14:20:02Z
EVT-FRS-005830,6005830,2009694,215074,3003665,12000,2026-08-18T18:26:21Z,クレジットカード,increment-run-002,workshop-participant,donation_events_002.csv,2026-08-21T14:20:02Z
EVT-FRS-002194,6002194,2007854,462209,3000903,10000,2026-08-18T18:33:20Z,クレジットカード,increment-run-002,workshop-participant,donation_events_002.csv,2026-08-21T14:20:02Z
EVT-FRS-010575,6010575,2003886,122050,3002675,12000,2026-08-18T18:33:33Z,クレジットカード,increment-run-002,workshop-participant,donation_events_002.csv,2026-08-21T14:20:02Z
EVT-FRS-009695,6009695,2009957,262111,3003116,10000,2026-08-18T18:37:34Z,クレジットカード,increment-run-002,workshop-participant,donation_events_002.csv,2026-08-21T14:20:02Z
EVT-FRS-005372,6005372,2000796,122190,3003157,15000,2026-08-18T18:38:58Z,電子決済,increment-run-002,workshop-participant,donation_events_002.csv,2026-08-21T14:20:02Z
EVT-FRS-010724,6010724,2010732,335860,3002073,10000,2026-08-18T18:39:22Z,クレジットカード,increment-run-002,workshop-participant,donation_events_002.csv,2026-08-21T14:20:02Z
EVT-FRS-011487,6011487,2010549,232084,3000048,20000,2026-08-18T18:42:12Z,コンビニ決済,increment-run-002,workshop-participant,donation_events_002.csv,2026-08-21T14:20:02Z
EVT-FRS-002767,6002767,2002914,033022,3003120,30000,2026-08-18T18:42:21Z,電子決済,increment-run-002,workshop-participant,donation_events_002.csv,2026-08-21T14:20:02Z
EVT-FRS-009092,6009092,2006790,284815,3005597,50000,2026-08-18T18:43:19Z,クレジットカード,increment-run-002,workshop-participant,donation_events_002.csv,2026-08-21T14:20:02Z
EVT-FRS-010785,6010785,2007686,152226,3002391,5000,2026-08-18T18:47:06Z,クレジットカード,increment-run-002,workshop-participant,donation_events_002.csv,2026-08-21T14:20:02Z
EVT-FRS-007956,6007956,2008720,074217,3001280,20000,2026-08-18T18:48:59Z,クレジットカード,increment-run-002,workshop-participant,donation_events_002.csv,2026-08-21T14:20:02Z
EVT-FRS-010806,6010806,2008486,262013,3005076,12000,2026-08-18T18:53:36Z,クレジットカード,increment-run-002,workshop-participant,donation_events_002.csv,2026-08-21T14:20:02Z
EVT-FRS-012854,6012854,2003750,073679,3005982,30000,2026-08-18T18:56:08Z,電子決済,increment-run-002,workshop-participant,donation_events_002.csv,2026-08-21T14:20:02Z
EVT-FRS-003971,6003971,2001929,223255,3002331,10000,2026-08-18T18:56:59Z,銀行振込,increment-run-002,workshop-participant,donation_events_002.csv,2026-08-21T14:20:02Z
EVT-FRS-006195,6006195,2008931,012190,3004508,10000,2026-08-18T18:58:14Z,クレジットカード,increment-run-002,workshop-participant,donation_events_002.csv,2026-08-21T14:20:02Z
EVT-FRS-013236,6013236,2003195,142085,3000468,20000,2026-08-18T19:00:52Z,クレジットカード,increment-run-002,workshop-participant,donation_events_002.csv,2026-08-21T14:20:02Z
EVT-FRS-006733,6006733,2008691,072010,3000726,10000,2026-08-18T19:01:54Z,電子決済,increment-run-002,workshop-participant,donation_events_002.csv,2026-08-21T14:20:02Z
EVT-FRS-013624,6013624,2005250,032085,3003426,25000,2026-08-18T19:02:39Z,クレジットカード,increment-run-002,workshop-participant,donation_events_002.csv,2026-08-21T14:20:02Z
EVT-FRS-014418,6014418,2005656,016098,3003091,12000,2026-08-18T19:06:12Z,クレジットカード,increment-run-002,workshop-participant,donation_events_002.csv,2026-08-21T14:20:02Z
EVT-FRS-002513,6002513,2004260,272183,3001677,15000,2026-08-18T19:06:27Z,クレジットカード,increment-run-002,workshop-participant,donation_events_002.csv,2026-08-21T14:20:02Z
EVT-FRS-009251,6009251,2003899,462209,3005047,15000,2026-08-18T19:06:52Z,クレジットカード,increment-run-002,workshop-participant,donation_events_002.csv,2026-08-21T14:20:02Z
EVT-FRS-003169,6003169,2004615,432113,3005288,5000,2026-08-18T19:07:25Z,クレジットカード,increment-run-002,workshop-participant,donation_events_002.csv,2026-08-21T14:20:02Z
EVT-FRS-010299,6010299,2009283,132128,3005919,25000,2026-08-18T19:08:42Z,クレジットカード,increment-run-002,workshop-participant,donation_events_002.csv,2026-08-21T14:20:02Z
EVT-FRS-014758,6014758,2008006,242098,3001186,25000,2026-08-18T19:15:23Z,電子決済,increment-run-002,workshop-participant,donation_events_002.csv,2026-08-21T14:20:02Z
EVT-FRS-006505,6006505,2011028,222208,3004802,15000,2026-08-18T19:17:12Z,銀行振込,increment-run-002,workshop-participant,donation_events_002.csv,2026-08-21T14:20:02Z
EVT-FRS-004653,6004653,2003479,442135,3004245,20000,2026-08-18T19:22:11Z,クレジットカード,increment-run-002,workshop-participant,donation_events_002.csv,2026-08-21T14:20:02Z
EVT-FRS-003636,6003636,2010373,402184,3001122,40000,2026-08-18T19:35:37Z,電子決済,increment-run-002,workshop-participant,donation_events_002.csv,2026-08-21T14:20:02Z
EVT-FRS-011858,6011858,2007510,282120,3002797,10000,2026-08-18T19:36:37Z,クレジットカード,increment-run-002,workshop-participant,donation_events_002.csv,2026-08-21T14:20:02Z
EVT-FRS-007797,6007797,2010893,082031,3003807,20000,2026-08-18T19:37:16Z,銀行振込,increment-run-002,workshop-participant,donation_events_002.csv,2026-08-21T14:20:02Z
EVT-FRS-014818,6014818,2008613,362069,3000261,10000,2026-08-18T19:39:14Z,クレジットカード,increment-run-002,workshop-participant,donation_events_002.csv,2026-08-21T14:20:02Z
EVT-FRS-002886,6002886,2000691,462233,3000126,15000,2026-08-18T19:44:05Z,クレジットカード,increment-run-002,workshop-participant,donation_events_002.csv,2026-08-21T14:20:02Z
EVT-FRS-007521,6007521,2002754,112321,3001893,5000,2026-08-18T19:46:03Z,クレジットカード,increment-run-002,workshop-participant,donation_events_002.csv,2026-08-21T14:20:02Z
EVT-FRS-013742,6013742,2001382,012173,3005932,5000,2026-08-18T19:46:23Z,クレジットカード,increment-run-002,workshop-participant,donation_events_002.csv,2026-08-21T14:20:02Z
EVT-FRS-013714,6013714,2011302,332097,3001005,25000,2026-08-18T19:49:30Z,クレジットカード,increment-run-002,workshop-participant,donation_events_002.csv,2026-08-21T14:20:02Z
EVT-FRS-005506,6005506,2003088,162086,3002067,5000,2026-08-18T19:54:17Z,銀行振込,increment-run-002,workshop-participant,donation_events_002.csv,2026-08-21T14:20:02Z
EVT-FRS-005448,6005448,2006443,151009,3005770,20000,2026-08-18T19:59:56Z,クレジットカード,increment-run-002,workshop-participant,donation_events_002.csv,2026-08-21T14:20:02Z
EVT-FRS-012183,6012183,2000207,222241,3003706,5000,2026-08-18T20:03:47Z,電子決済,increment-run-002,workshop-participant,donation_events_002.csv,2026-08-21T14:20:02Z
EVT-FRS-013753,6013753,2009822,353434,3004807,15000,2026-08-18T20:06:17Z,クレジットカード,increment-run-002,workshop-participant,donation_events_002.csv,2026-08-21T14:20:02Z
EVT-FRS-004136,6004136,2003034,272141,3002816,20000,2026-08-18T20:10:32Z,クレジットカード,increment-run-002,workshop-participant,donation_events_002.csv,2026-08-21T14:20:02Z
EVT-FRS-006613,6006613,2003433,464686,3002337,10000,2026-08-18T20:11:22Z,クレジットカード,increment-run-002,workshop-participant,donation_events_002.csv,2026-08-21T14:20:02Z
EVT-FRS-010667,6010667,2002219,182028,3004811,20000,2026-08-18T20:11:45Z,銀行振込,increment-run-002,workshop-participant,donation_events_002.csv,2026-08-21T14:20:02Z
EVT-FRS-003592,6003592,2000669,282031,3002457,10000,2026-08-18T20:12:30Z,コンビニ決済,increment-run-002,workshop-participant,donation_events_002.csv,2026-08-21T14:20:02Z
EVT-FRS-010349,6010349,2010336,473146,3002404,8000,2026-08-18T20:14:09Z,コンビニ決済,increment-run-002,workshop-participant,donation_events_002.csv,2026-08-21T14:20:02Z
EVT-FRS-008648,6008648,2001590,112241,3003492,15000,2026-08-18T20:15:19Z,クレジットカード,increment-run-002,workshop-participant,donation_events_002.csv,2026-08-21T14:20:02Z
EVT-FRS-009926,6009926,2003472,132233,3000670,10000,2026-08-18T20:19:45Z,銀行振込,increment-run-002,workshop-participant,donation_events_002.csv,2026-08-21T14:20:02Z
EVT-FRS-007936,6007936,2006306,232165,3002723,15000,2026-08-18T20:25:05Z,電子決済,increment-run-002,workshop-participant,donation_events_002.csv,2026-08-21T14:20:02Z
EVT-FRS-004188,6004188,2003747,102024,3004038,30000,2026-08-18T20:25:53Z,銀行振込,increment-run-002,workshop-participant,donation_events_002.csv,2026-08-21T14:20:02Z
EVT-FRS-013492,6013492,2003263,406465,3001762,15000,2026-08-18T20:31:36Z,クレジットカード,increment-run-002,workshop-participant,donation_events_002.csv,2026-08-21T14:20:02Z
EVT-FRS-001728,6001728,2007609,012149,3000853,20000,2026-08-18T20:39:10Z,クレジットカード,increment-run-002,workshop-participant,donation_events_002.csv,2026-08-21T14:20:02Z
EVT-FRS-010856,6010856,2001043,113816,3002886,10000,2026-08-18T20:41:22Z,電子決済,increment-run-002,workshop-participant,donation_events_002.csv,2026-08-21T14:20:02Z
EVT-FRS-008218,6008218,2011554,262081,3001565,12000,2026-08-18T20:42:52Z,クレジットカード,increment-run-002,workshop-participant,donation_events_002.csv,2026-08-21T14:20:02Z
EVT-FRS-010301,6010301,2008645,432032,3004207,70000,2026-08-18T20:45:47Z,クレジットカード,increment-run-002,workshop-participant,donation_events_002.csv,2026-08-21T14:20:02Z
EVT-FRS-010513,6010513,2007312,362069,3005298,10000,2026-08-18T20:47:40Z,銀行振込,increment-run-002,workshop-participant,donation_events_002.csv,2026-08-21T14:20:02Z
EVT-FRS-012329,6012329,2003822,261009,3005540,20000,2026-08-18T20:47:58Z,クレジットカード,increment-run-002,workshop-participant,donation_events_002.csv,2026-08-21T14:20:02Z
EVT-FRS-006144,6006144,2008012,422096,3005809,20000,2026-08-18T20:51:35Z,クレジットカード,increment-run-002,workshop-participant,donation_events_002.csv,2026-08-21T14:20:02Z
EVT-FRS-003585,6003585,2005650,212211,3001068,10000,2026-08-18T20:51:59Z,銀行振込,increment-run-002,workshop-participant,donation_events_002.csv,2026-08-21T14:20:02Z
EVT-FRS-000923,6000923,2004253,282022,3004293,15000,2026-08-18T21:05:45Z,クレジットカード,increment-run-002,workshop-participant,donation_events_002.csv,2026-08-21T14:20:02Z
EVT-FRS-002020,6002020,2004898,052035,3002746,15000,2026-08-18T21:09:47Z,クレジットカード,increment-run-002,workshop-participant,donation_events_002.csv,2026-08-21T14:20:02Z
EVT-FRS-009423,6009423,2008724,182052,3001264,20000,2026-08-18T21:10:01Z,クレジットカード,increment-run-002,workshop-participant,donation_events_002.csv,2026-08-21T14:20:02Z
EVT-FRS-013265,6013265,2006192,042072,3004084,10000,2026-08-18T21:10:48Z,クレジットカード,increment-run-002,workshop-participant,donation_events_002.csv,2026-08-21T14:20:02Z
EVT-FRS-004450,6004450,2011310,362042,3000304,30000,2026-08-18T21:13:07Z,銀行振込,increment-run-002,workshop-participant,donation_events_002.csv,2026-08-21T14:20:02Z
EVT-FRS-014247,6014247,2000318,012106,3002131,10000,2026-08-18T21:22:04Z,クレジットカード,increment-run-002,workshop-participant,donation_events_002.csv,2026-08-21T14:20:02Z
EVT-FRS-012498,6012498,2010744,231002,3000754,15000,2026-08-18T21:23:11Z,電子決済,increment-run-002,workshop-participant,donation_events_002.csv,2026-08-21T14:20:02Z
EVT-FRS-013861,6013861,2011376,401307,3000659,25000,2026-08-18T21:24:37Z,クレジットカード,increment-run-002,workshop-participant,donation_events_002.csv,2026-08-21T14:20:02Z
EVT-FRS-013354,6013354,2003957,272116,3003184,20000,2026-08-18T21:25:42Z,クレジットカード,increment-run-002,workshop-participant,donation_events_002.csv,2026-08-21T14:20:02Z
EVT-FRS-008377,6008377,2010682,072079,3003477,10000,2026-08-18T21:26:50Z,クレジットカード,increment-run-002,workshop-participant,donation_events_002.csv,2026-08-21T14:20:02Z
EVT-FRS-000924,6000924,2011571,212164,3004591,10000,2026-08-18T21:27:09Z,クレジットカード,increment-run-002,workshop-participant,donation_events_002.csv,2026-08-21T14:20:02Z
EVT-FRS-013500,6013500,2002553,402125,3000405,15000,2026-08-18T21:33:46Z,電子決済,increment-run-002,workshop-participant,donation_events_002.csv,2026-08-21T14:20:02Z
EVT-FRS-003858,6003858,2004240,192066,3001461,10000,2026-08-18T21:38:01Z,クレジットカード,increment-run-002,workshop-participant,donation_events_002.csv,2026-08-21T14:20:02Z
EVT-FRS-014179,6014179,2009182,312045,3005575,15000,2026-08-18T21:44:06Z,クレジットカード,increment-run-002,workshop-participant,donation_events_002.csv,2026-08-21T14:20:02Z
EVT-FRS-009160,6009160,2001578,102059,3002894,15000,2026-08-18T21:48:49Z,クレジットカード,increment-run-002,workshop-participant,donation_events_002.csv,2026-08-21T14:20:02Z
EVT-FRS-004355,6004355,2005238,432041,3005679,10000,2026-08-18T21:53:15Z,コンビニ決済,increment-run-002,workshop-participant,donation_events_002.csv,2026-08-21T14:20:02Z
EVT-FRS-014238,6014238,2000596,082341,3005160,20000,2026-08-18T21:56:36Z,クレジットカード,increment-run-002,workshop-participant,donation_events_002.csv,2026-08-21T14:20:02Z
EVT-FRS-005843,6005843,2004770,132080,3004384,5000,2026-08-18T21:57:35Z,クレジットカード,increment-run-002,workshop-participant,donation_events_002.csv,2026-08-21T14:20:02Z
EVT-FRS-010396,6010396,2009432,202142,3003865,10000,2026-08-18T22:03:35Z,銀行振込,increment-run-002,workshop-participant,donation_events_002.csv,2026-08-21T14:20:02Z
EVT-FRS-008365,6008365,2005588,432105,3003141,12000,2026-08-18T22:03:42Z,電子決済,increment-run-002,workshop-participant,donation_events_002.csv,2026-08-21T14:20:02Z
EVT-FRS-005350,6005350,2004579,012343,3000779,10000,2026-08-18T22:08:13Z,クレジットカード,increment-run-002,workshop-participant,donation_events_002.csv,2026-08-21T14:20:02Z
EVT-FRS-003848,6003848,2003880,332046,3005899,40000,2026-08-18T22:11:16Z,クレジットカード,increment-run-002,workshop-participant,donation_events_002.csv,2026-08-21T14:20:02Z
EVT-FRS-008314,6008314,2010123,322016,3005722,50000,2026-08-18T22:12:09Z,クレジットカード,increment-run-002,workshop-participant,donation_events_002.csv,2026-08-21T14:20:02Z
EVT-FRS-004863,6004863,2011934,292044,3000591,15000,2026-08-18T22:23:22Z,クレジットカード,increment-run-002,workshop-participant,donation_events_002.csv,2026-08-21T14:20:02Z
EVT-FRS-013011,6013011,2005657,012050,3005929,25000,2026-08-18T22:28:38Z,クレジットカード,increment-run-002,workshop-participant,donation_events_002.csv,2026-08-21T14:20:02Z
EVT-FRS-006069,6006069,2010081,402257,3005054,20000,2026-08-18T22:31:32Z,クレジットカード,increment-run-002,workshop-participant,donation_events_002.csv,2026-08-21T14:20:02Z
EVT-FRS-011254,6011254,2002386,012068,3004966,15000,2026-08-18T22:32:54Z,コンビニ決済,increment-run-002,workshop-participant,donation_events_002.csv,2026-08-21T14:20:02Z
EVT-FRS-011553,6011553,2006369,132128,3000831,15000,2026-08-18T22:32:57Z,クレジットカード,increment-run-002,workshop-participant,donation_events_002.csv,2026-08-21T14:20:02Z
EVT-FRS-010413,6010413,2006564,384224,3002660,10000,2026-08-18T22:36:19Z,クレジットカード,increment-run-002,workshop-participant,donation_events_002.csv,2026-08-21T14:20:02Z
EVT-FRS-003357,6003357,2006716,012181,3005171,25000,2026-08-18T22:42:38Z,電子決済,increment-run-002,workshop-participant,donation_events_002.csv,2026-08-21T14:20:02Z
EVT-FRS-011000,6011000,2007099,105244,3000100,10000,2026-08-18T22:45:37Z,銀行振込,increment-run-002,workshop-participant,donation_events_002.csv,2026-08-21T14:20:02Z
EVT-FRS-011653,6011653,2005638,382132,3005049,20000,2026-08-18T22:51:53Z,コンビニ決済,increment-run-002,workshop-participant,donation_events_002.csv,2026-08-21T14:20:02Z
EVT-FRS-014860,6014860,2009106,152137,3000528,15000,2026-08-18T22:52:26Z,クレジットカード,increment-run-002,workshop-participant,donation_events_002.csv,2026-08-21T14:20:02Z
EVT-FRS-006515,6006515,2005280,182028,3004323,5000,2026-08-18T22:52:54Z,クレジットカード,increment-run-002,workshop-participant,donation_events_002.csv,2026-08-21T14:20:02Z
EVT-FRS-000712,6000712,2007793,402133,3005343,20000,2026-08-18T22:55:54Z,クレジットカード,increment-run-002,workshop-participant,donation_events_002.csv,2026-08-21T14:20:02Z
EVT-FRS-012103,6012103,2003911,172031,3004937,30000,2026-08-18T22:57:08Z,クレジットカード,increment-run-002,workshop-participant,donation_events_002.csv,2026-08-21T14:20:02Z
EVT-FRS-005702,6005702,2011059,024058,3000951,30000,2026-08-18T22:58:18Z,クレジットカード,increment-run-002,workshop-participant,donation_events_002.csv,2026-08-21T14:20:02Z
EVT-FRS-004159,6004159,2009203,062111,3002623,10000,2026-08-18T23:00:24Z,電子決済,increment-run-002,workshop-participant,donation_events_002.csv,2026-08-21T14:20:02Z
EVT-FRS-000553,6000553,2003962,462080,3004455,15000,2026-08-18T23:01:53Z,クレジットカード,increment-run-002,workshop-participant,donation_events_002.csv,2026-08-21T14:20:02Z
EVT-FRS-001089,6001089,2009723,261009,3004950,10000,2026-08-18T23:03:19Z,クレジットカード,increment-run-002,workshop-participant,donation_events_002.csv,2026-08-21T14:20:02Z
EVT-FRS-012708,6012708,2004226,202177,3005497,10000,2026-08-18T23:04:46Z,クレジットカード,increment-run-002,workshop-participant,donation_events_002.csv,2026-08-21T14:20:02Z
EVT-FRS-009711,6009711,2001935,352039,3001286,10000,2026-08-18T23:07:26Z,クレジットカード,increment-run-002,workshop-participant,donation_events_002.csv,2026-08-21T14:20:02Z
EVT-FRS-006934,6006934,2011423,232238,3002224,5000,2026-08-18T23:09:11Z,クレジットカード,increment-run-002,workshop-participant,donation_events_002.csv,2026-08-21T14:20:02Z
EVT-FRS-006743,6006743,2001138,232360,3002063,15000,2026-08-18T23:09:56Z,電子決済,increment-run-002,workshop-participant,donation_events_002.csv,2026-08-21T14:20:02Z
EVT-FRS-009702,6009702,2004659,431001,3004301,15000,2026-08-18T23:19:11Z,クレジットカード,increment-run-002,workshop-participant,donation_events_002.csv,2026-08-21T14:20:02Z
EVT-FRS-009658,6009658,2006942,412091,3002722,25000,2026-08-18T23:20:35Z,電子決済,increment-run-002,workshop-participant,donation_events_002.csv,2026-08-21T14:20:02Z
EVT-FRS-006801,6006801,2010225,182010,3003048,15000,2026-08-18T23:25:20Z,電子決済,increment-run-002,workshop-participant,donation_events_002.csv,2026-08-21T14:20:02Z
EVT-FRS-013785,6013785,2000894,232033,3004969,12000,2026-08-18T23:29:48Z,クレジットカード,increment-run-002,workshop-participant,donation_events_002.csv,2026-08-21T14:20:02Z
EVT-FRS-007099,6007099,2010975,401005,3003072,8000,2026-08-18T23:33:45Z,クレジットカード,increment-run-002,workshop-participant,donation_events_002.csv,2026-08-21T14:20:02Z
EVT-FRS-007202,6007202,2008544,074845,3004563,30000,2026-08-18T23:43:45Z,クレジットカード,increment-run-002,workshop-participant,donation_events_002.csv,2026-08-21T14:20:02Z
EVT-FRS-006782,6006782,2005478,282219,3003996,30000,2026-08-18T23:47:37Z,銀行振込,increment-run-002,workshop-participant,donation_events_002.csv,2026-08-21T14:20:02Z
EVT-FRS-013084,6013084,2010024,342157,3005027,25000,2026-08-18T23:47:42Z,電子決済,increment-run-002,workshop-participant,donation_events_002.csv,2026-08-21T14:20:02Z
EVT-FRS-011403,6011403,2008723,342122,3004159,5000,2026-08-18T23:53:09Z,クレジットカード,increment-run-002,workshop-participant,donation_events_002.csv,2026-08-21T14:20:02Z
EVT-FRS-014358,6014358,2010928,272281,3004859,10000,2026-08-18T23:54:12Z,クレジットカード,increment-run-002,workshop-participant,donation_events_002.csv,2026-08-21T14:20:02Z
EVT-FRS-013845,6013845,2003239,052124,3003014,20000,2026-08-19T00:01:06Z,銀行振込,increment-run-002,workshop-participant,donation_events_002.csv,2026-08-21T14:20:02Z
EVT-FRS-012289,6012289,2004943,452025,3005848,8000,2026-08-19T00:04:28Z,クレジットカード,increment-run-002,workshop-participant,donation_events_002.csv,2026-08-21T14:20:02Z
EVT-FRS-001303,6001303,2010212,462233,3000389,12000,2026-08-19T00:11:38Z,電子決済,increment-run-002,workshop-participant,donation_events_002.csv,2026-08-21T14:20:02Z
EVT-FRS-009513,6009513,2006443,013943,3001398,8000,2026-08-19T00:14:49Z,コンビニ決済,increment-run-002,workshop-participant,donation_events_002.csv,2026-08-21T14:20:02Z
EVT-FRS-004892,6004892,2003273,112305,3005512,12000,2026-08-19T00:15:00Z,クレジットカード,increment-run-002,workshop-participant,donation_events_002.csv,2026-08-21T14:20:02Z
EVT-FRS-002214,6002214,2002741,232157,3000502,20000,2026-08-19T00:19:02Z,クレジットカード,increment-run-002,workshop-participant,donation_events_002.csv,2026-08-21T14:20:02Z
EVT-FRS-004888,6004888,2008329,012190,3004508,8000,2026-08-19T00:20:59Z,コンビニ決済,increment-run-002,workshop-participant,donation_events_002.csv,2026-08-21T14:20:02Z
EVT-FRS-013304,6013304,2000930,242101,3002994,5000,2026-08-19T00:22:23Z,クレジットカード,increment-run-002,workshop-participant,donation_events_002.csv,2026-08-21T14:20:02Z
EVT-FRS-001214,6001214,2001189,152251,3000622,10000,2026-08-19T00:25:08Z,クレジットカード,increment-run-002,workshop-participant,donation_events_002.csv,2026-08-21T14:20:02Z
EVT-FRS-010499,6010499,2006715,422029,3001138,20000,2026-08-19T00:35:08Z,電子決済,increment-run-002,workshop-participant,donation_events_002.csv,2026-08-21T14:20:02Z
EVT-FRS-006124,6006124,2005292,062014,3005232,30000,2026-08-19T00:36:11Z,クレジットカード,increment-run-002,workshop-participant,donation_events_002.csv,2026-08-21T14:20:02Z
EVT-FRS-013937,6013937,2007025,262129,3005373,20000,2026-08-19T00:40:51Z,クレジットカード,increment-run-002,workshop-participant,donation_events_002.csv,2026-08-21T14:20:02Z
EVT-FRS-013435,6013435,2001241,272256,3003155,12000,2026-08-19T00:43:33Z,電子決済,increment-run-002,workshop-participant,donation_events_002.csv,2026-08-21T14:20:02Z
EVT-FRS-010398,6010398,2003232,282049,3002762,10000,2026-08-19T00:43:58Z,銀行振込,increment-run-002,workshop-participant,donation_events_002.csv,2026-08-21T14:20:02Z
EVT-FRS-004413,6004413,2007179,433641,3003314,15000,2026-08-19T00:47:48Z,クレジットカード,increment-run-002,workshop-participant,donation_events_002.csv,2026-08-21T14:20:02Z
EVT-FRS-002831,6002831,2007771,014257,3001097,8000,2026-08-19T00:48:14Z,クレジットカード,increment-run-002,workshop-participant,donation_events_002.csv,2026-08-21T14:20:02Z
EVT-FRS-007702,6007702,2005350,012190,3004508,5000,2026-08-19T00:52:10Z,電子決済,increment-run-002,workshop-participant,donation_events_002.csv,2026-08-21T14:20:02Z
EVT-FRS-007287,6007287,2009991,382027,3000205,8000,2026-08-19T00:58:31Z,クレジットカード,increment-run-002,workshop-participant,donation_events_002.csv,2026-08-21T14:20:02Z
EVT-FRS-003959,6003959,2007174,082155,3000037,25000,2026-08-19T01:00:49Z,電子決済,increment-run-002,workshop-participant,donation_events_002.csv,2026-08-21T14:20:02Z
EVT-FRS-012529,6012529,2011690,152056,3004179,10000,2026-08-19T01:00:51Z,クレジットカード,increment-run-002,workshop-participant,donation_events_002.csv,2026-08-21T14:20:02Z
EVT-FRS-006549,6006549,2009467,422096,3000859,5000,2026-08-19T01:01:33Z,クレジットカード,increment-run-002,workshop-participant,donation_events_002.csv,2026-08-21T14:20:02Z
EVT-FRS-011192,6011192,2005730,192147,3004237,15000,2026-08-19T01:02:04Z,電子決済,increment-run-002,workshop-participant,donation_events_002.csv,2026-08-21T14:20:02Z
EVT-FRS-002652,6002652,2002566,172065,3004513,20000,2026-08-19T01:19:53Z,電子決済,increment-run-002,workshop-participant,donation_events_002.csv,2026-08-21T14:20:02Z
EVT-FRS-001987,6001987,2011400,023213,3004858,15000,2026-08-19T01:20:31Z,クレジットカード,increment-run-002,workshop-participant,donation_events_002.csv,2026-08-21T14:20:02Z
EVT-FRS-005312,6005312,2007929,362051,3004680,50000,2026-08-19T01:21:52Z,クレジットカード,increment-run-002,workshop-participant,donation_events_002.csv,2026-08-21T14:20:02Z
EVT-FRS-005885,6005885,2004178,232068,3002399,8000,2026-08-19T01:22:33Z,電子決済,increment-run-002,workshop-participant,donation_events_002.csv,2026-08-21T14:20:02Z
EVT-FRS-004098,6004098,2001202,102067,3005651,10000,2026-08-19T01:26:26Z,クレジットカード,increment-run-002,workshop-participant,donation_events_002.csv,2026-08-21T14:20:02Z
EVT-FRS-014429,6014429,2010897,232017,3000559,10000,2026-08-19T01:26:34Z,クレジットカード,increment-run-002,workshop-participant,donation_events_002.csv,2026-08-21T14:20:02Z
EVT-FRS-010144,6010144,2008888,402141,3003600,25000,2026-08-19T01:33:58Z,銀行振込,increment-run-002,workshop-participant,donation_events_002.csv,2026-08-21T14:20:02Z
EVT-FRS-000851,6000851,2004030,012092,3003636,20000,2026-08-19T01:36:19Z,クレジットカード,increment-run-002,workshop-participant,donation_events_002.csv,2026-08-21T14:20:02Z
EVT-FRS-003424,6003424,2005621,032166,3005888,20000,2026-08-19T01:50:10Z,クレジットカード,increment-run-002,workshop-participant,donation_events_002.csv,2026-08-21T14:20:02Z
EVT-FRS-003740,6003740,2000512,102059,3001801,10000,2026-08-19T01:52:05Z,銀行振込,increment-run-002,workshop-participant,donation_events_002.csv,2026-08-21T14:20:02Z
EVT-FRS-006898,6006898,2005807,082279,3002724,8000,2026-08-19T01:52:50Z,クレジットカード,increment-run-002,workshop-participant,donation_events_002.csv,2026-08-21T14:20:02Z
EVT-FRS-003087,6003087,2001011,194301,3004954,5000,2026-08-19T01:55:18Z,クレジットカード,increment-run-002,workshop-participant,donation_events_002.csv,2026-08-21T14:20:02Z
EVT-FRS-013139,6013139,2002058,172111,3000518,12000,2026-08-19T02:05:14Z,クレジットカード,increment-run-002,workshop-participant,donation_events_002.csv,2026-08-21T14:20:02Z
EVT-FRS-003491,6003491,2011574,362026,3001720,15000,2026-08-19T02:10:26Z,クレジットカード,increment-run-002,workshop-participant,donation_events_002.csv,2026-08-21T14:20:02Z
EVT-FRS-007544,6007544,2011425,392103,3001991,20000,2026-08-19T02:18:06Z,クレジットカード,increment-run-002,workshop-participant,donation_events_002.csv,2026-08-21T14:20:02Z
EVT-FRS-009718,6009718,2006342,122319,3002218,15000,2026-08-19T02:32:36Z,クレジットカード,increment-run-002,workshop-participant,donation_events_002.csv,2026-08-21T14:20:02Z
EVT-FRS-010540,6010540,2004702,232092,3000157,25000,2026-08-19T02:40:23Z,コンビニ決済,increment-run-002,workshop-participant,donation_events_002.csv,2026-08-21T14:20:02Z
EVT-FRS-011930,6011930,2010079,433641,3003018,25000,2026-08-19T02:41:24Z,銀行振込,increment-run-002,workshop-participant,donation_events_002.csv,2026-08-21T14:20:02Z
EVT-FRS-008394,6008394,2002282,111007,3000639,10000,2026-08-19T02:44:55Z,クレジットカード,increment-run-002,workshop-participant,donation_events_002.csv,2026-08-21T14:20:02Z
EVT-FRS-008086,6008086,2003442,332054,3000347,12000,2026-08-19T02:45:11Z,クレジットカード,increment-run-002,workshop-participant,donation_events_002.csv,2026-08-21T14:20:02Z
EVT-FRS-007502,6007502,2011868,202029,3002606,25000,2026-08-19T02:47:09Z,コンビニ決済,increment-run-002,workshop-participant,donation_events_002.csv,2026-08-21T14:20:02Z
EVT-FRS-006946,6006946,2000161,042081,3005083,10000,2026-08-19T02:50:26Z,クレジットカード,increment-run-002,workshop-participant,donation_events_002.csv,2026-08-21T14:20:02Z
EVT-FRS-003110,6003110,2000519,242110,3005718,15000,2026-08-19T02:52:52Z,電子決済,increment-run-002,workshop-participant,donation_events_002.csv,2026-08-21T14:20:02Z
EVT-FRS-005719,6005719,2002072,402192,3002455,30000,2026-08-19T02:59:31Z,クレジットカード,increment-run-002,workshop-participant,donation_events_002.csv,2026-08-21T14:20:02Z
EVT-FRS-005296,6005296,2001668,212113,3001149,20000,2026-08-19T03:07:03Z,クレジットカード,increment-run-002,workshop-participant,donation_events_002.csv,2026-08-21T14:20:02Z
EVT-FRS-002188,6002188,2001972,104248,3003052,12000,2026-08-19T03:12:29Z,電子決済,increment-run-002,workshop-participant,donation_events_002.csv,2026-08-21T14:20:02Z
EVT-FRS-011817,6011817,2000479,282201,3002890,20000,2026-08-19T03:15:21Z,クレジットカード,increment-run-002,workshop-participant,donation_events_002.csv,2026-08-21T14:20:02Z
EVT-FRS-014452,6014452,2010538,412104,3004018,12000,2026-08-19T03:29:03Z,クレジットカード,increment-run-002,workshop-participant,donation_events_002.csv,2026-08-21T14:20:02Z
EVT-FRS-010502,6010502,2005366,402257,3005054,10000,2026-08-19T03:29:16Z,銀行振込,increment-run-002,workshop-participant,donation_events_002.csv,2026-08-21T14:20:02Z
EVT-FRS-010697,6010697,2003902,114651,3000652,12000,2026-08-19T03:34:03Z,電子決済,increment-run-002,workshop-participant,donation_events_002.csv,2026-08-21T14:20:02Z
EVT-FRS-011732,6011732,2011034,294462,3003201,12000,2026-08-19T03:34:10Z,電子決済,increment-run-002,workshop-participant,donation_events_002.csv,2026-08-21T14:20:02Z
EVT-FRS-005009,6005009,2005957,462152,3003416,5000,2026-08-19T03:37:38Z,電子決済,increment-run-002,workshop-participant,donation_events_002.csv,2026-08-21T14:20:02Z
EVT-FRS-000822,6000822,2004932,392057,3002553,20000,2026-08-19T03:39:58Z,クレジットカード,increment-run-002,workshop-participant,donation_events_002.csv,2026-08-21T14:20:02Z
EVT-FRS-006543,6006543,2001804,272124,3001829,15000,2026-08-19T03:44:40Z,クレジットカード,increment-run-002,workshop-participant,donation_events_002.csv,2026-08-21T14:20:02Z
EVT-FRS-011485,6011485,2009074,062057,3002466,20000,2026-08-19T03:44:41Z,クレジットカード,increment-run-002,workshop-participant,donation_events_002.csv,2026-08-21T14:20:02Z
EVT-FRS-002448,6002448,2001474,112089,3004541,5000,2026-08-19T03:47:45Z,電子決済,increment-run-002,workshop-participant,donation_events_002.csv,2026-08-21T14:20:02Z
EVT-FRS-006292,6006292,2004068,392090,3004647,20000,2026-08-19T03:48:29Z,クレジットカード,increment-run-002,workshop-participant,donation_events_002.csv,2026-08-21T14:20:02Z
EVT-FRS-004146,6004146,2005994,332089,3003181,5000,2026-08-19T03:52:34Z,クレジットカード,increment-run-002,workshop-participant,donation_events_002.csv,2026-08-21T14:20:02Z
EVT-FRS-014005,6014005,2011493,082295,3003183,10000,2026-08-19T03:52:50Z,クレジットカード,increment-run-002,workshop-participant,donation_events_002.csv,2026-08-21T14:20:02Z
EVT-FRS-010140,6010140,2000405,174637,3001760,10000,2026-08-19T03:55:59Z,クレジットカード,increment-run-002,workshop-participant,donation_events_002.csv,2026-08-21T14:20:02Z
EVT-FRS-000436,6000436,2005541,212156,3001413,8000,2026-08-19T03:56:43Z,クレジットカード,increment-run-002,workshop-participant,donation_events_002.csv,2026-08-21T14:20:02Z
EVT-FRS-005505,6005505,2004312,202061,3003175,20000,2026-08-19T04:04:34Z,銀行振込,increment-run-002,workshop-participant,donation_events_002.csv,2026-08-21T14:20:02Z
EVT-FRS-001933,6001933,2010220,192112,3000797,10000,2026-08-19T04:04:35Z,クレジットカード,increment-run-002,workshop-participant,donation_events_002.csv,2026-08-21T14:20:02Z
EVT-FRS-008300,6008300,2000099,221007,3003040,50000,2026-08-19T04:04:58Z,クレジットカード,increment-run-002,workshop-participant,donation_events_002.csv,2026-08-21T14:20:02Z
EVT-FRS-005410,6005410,2011784,212075,3002962,15000,2026-08-19T04:08:52Z,クレジットカード,increment-run-002,workshop-participant,donation_events_002.csv,2026-08-21T14:20:02Z
EVT-FRS-010004,6010004,2010360,012190,3002126,10000,2026-08-19T04:17:32Z,コンビニ決済,increment-run-002,workshop-participant,donation_events_002.csv,2026-08-21T14:20:02Z
EVT-FRS-009546,6009546,2009299,282162,3005696,10000,2026-08-19T04:20:13Z,クレジットカード,increment-run-002,workshop-participant,donation_events_002.csv,2026-08-21T14:20:02Z
EVT-FRS-011737,6011737,2005188,035246,3002201,20000,2026-08-19T04:22:00Z,クレジットカード,increment-run-002,workshop-participant,donation_events_002.csv,2026-08-21T14:20:02Z
EVT-FRS-005063,6005063,2001323,112453,3005347,15000,2026-08-19T04:22:49Z,電子決済,increment-run-002,workshop-participant,donation_events_002.csv,2026-08-21T14:20:02Z
EVT-FRS-000651,6000651,2007165,432113,3002983,40000,2026-08-19T04:24:15Z,クレジットカード,increment-run-002,workshop-participant,donation_events_002.csv,2026-08-21T14:20:02Z
EVT-FRS-012923,6012923,2004503,131148,3003128,15000,2026-08-19T04:24:56Z,コンビニ決済,increment-run-002,workshop-participant,donation_events_002.csv,2026-08-21T14:20:02Z
EVT-FRS-009383,6009383,2006080,032077,3002662,10000,2026-08-19T04:30:00Z,銀行振込,increment-run-002,workshop-participant,donation_events_002.csv,2026-08-21T14:20:02Z
EVT-FRS-006345,6006345,2008713,232211,3002796,12000,2026-08-19T04:31:13Z,電子決済,increment-run-002,workshop-participant,donation_events_002.csv,2026-08-21T14:20:02Z
EVT-FRS-011279,6011279,2000679,465313,3002506,20000,2026-08-19T04:40:36Z,クレジットカード,increment-run-002,workshop-participant,donation_events_002.csv,2026-08-21T14:20:02Z
EVT-FRS-000379,6000379,2005377,112453,3005253,8000,2026-08-19T04:48:54Z,電子決済,increment-run-002,workshop-participant,donation_events_002.csv,2026-08-21T14:20:02Z
EVT-FRS-014669,6014669,2011909,062103,3004743,10000,2026-08-19T04:49:01Z,クレジットカード,increment-run-002,workshop-participant,donation_events_002.csv,2026-08-21T14:20:02Z
EVT-FRS-011886,6011886,2006998,432083,3003635,12000,2026-08-19T04:52:59Z,クレジットカード,increment-run-002,workshop-participant,donation_events_002.csv,2026-08-21T14:20:02Z
EVT-FRS-014403,6014403,2011231,253847,3002419,10000,2026-08-19T04:56:21Z,クレジットカード,increment-run-002,workshop-participant,donation_events_002.csv,2026-08-21T14:20:02Z
EVT-FRS-013697,6013697,2003463,232157,3000502,8000,2026-08-19T04:58:21Z,クレジットカード,increment-run-002,workshop-participant,donation_events_002.csv,2026-08-21T14:20:02Z
EVT-FRS-006876,6006876,2007621,152021,3001192,12000,2026-08-19T04:59:15Z,クレジットカード,increment-run-002,workshop-participant,donation_events_002.csv,2026-08-21T14:20:02Z
EVT-FRS-009164,6009164,2005385,124231,3000247,30000,2026-08-19T05:00:49Z,クレジットカード,increment-run-002,workshop-participant,donation_events_002.csv,2026-08-21T14:20:02Z
EVT-FRS-005504,6005504,2004763,012190,3002126,8000,2026-08-19T05:00:56Z,電子決済,increment-run-002,workshop-participant,donation_events_002.csv,2026-08-21T14:20:02Z
EVT-FRS-013019,6013019,2001765,082163,3004850,10000,2026-08-19T05:03:42Z,クレジットカード,increment-run-002,workshop-participant,donation_events_002.csv,2026-08-21T14:20:02Z
EVT-FRS-004056,6004056,2010750,435147,3000656,10000,2026-08-19T05:05:20Z,クレジットカード,increment-run-002,workshop-participant,donation_events_002.csv,2026-08-21T14:20:02Z
EVT-FRS-004250,6004250,2007206,112232,3002650,5000,2026-08-19T05:06:20Z,クレジットカード,increment-run-002,workshop-participant,donation_events_002.csv,2026-08-21T14:20:02Z
EVT-FRS-004520,6004520,2004972,232131,3001503,10000,2026-08-19T05:07:17Z,電子決済,increment-run-002,workshop-participant,donation_events_002.csv,2026-08-21T14:20:02Z
EVT-FRS-011286,6011286,2010225,232246,3005897,12000,2026-08-19T05:08:30Z,クレジットカード,increment-run-002,workshop-participant,donation_events_002.csv,2026-08-21T14:20:02Z
EVT-FRS-004899,6004899,2001365,272183,3003516,15000,2026-08-19T05:15:46Z,クレジットカード,increment-run-002,workshop-participant,donation_events_002.csv,2026-08-21T14:20:02Z
EVT-FRS-005492,6005492,2009610,122360,3000063,20000,2026-08-19T05:16:29Z,クレジットカード,increment-run-002,workshop-participant,donation_events_002.csv,2026-08-21T14:20:02Z
EVT-FRS-005821,6005821,2006828,282022,3000928,15000,2026-08-19T05:22:51Z,クレジットカード,increment-run-002,workshop-participant,donation_events_002.csv,2026-08-21T14:20:02Z
EVT-FRS-014608,6014608,2009602,142131,3003940,50000,2026-08-19T05:24:29Z,クレジットカード,increment-run-002,workshop-participant,donation_events_002.csv,2026-08-21T14:20:02Z
EVT-FRS-012523,6012523,2005294,142107,3001900,30000,2026-08-19T05:27:49Z,銀行振込,increment-run-002,workshop-participant,donation_events_002.csv,2026-08-21T14:20:02Z
EVT-FRS-007854,6007854,2003890,092088,3005537,40000,2026-08-19T05:35:09Z,電子決済,increment-run-002,workshop-participant,donation_events_002.csv,2026-08-21T14:20:02Z
EVT-FRS-010387,6010387,2005696,242071,3004363,15000,2026-08-19T05:36:09Z,電子決済,increment-run-002,workshop-participant,donation_events_002.csv,2026-08-21T14:20:02Z
EVT-FRS-010047,6010047,2004283,254428,3000262,10000,2026-08-19T05:38:29Z,クレジットカード,increment-run-002,workshop-participant,donation_events_002.csv,2026-08-21T14:20:02Z
EVT-FRS-009756,6009756,2011133,034851,3000237,20000,2026-08-19T05:42:11Z,クレジットカード,increment-run-002,workshop-participant,donation_events_002.csv,2026-08-21T14:20:02Z
EVT-FRS-011722,6011722,2004957,462209,3003509,12000,2026-08-19T05:43:01Z,クレジットカード,increment-run-002,workshop-participant,donation_events_002.csv,2026-08-21T14:20:02Z
EVT-FRS-011335,6011335,2004207,372013,3003657,15000,2026-08-19T05:44:29Z,電子決済,increment-run-002,workshop-participant,donation_events_002.csv,2026-08-21T14:20:02Z
EVT-FRS-007882,6007882,2007526,342025,3005473,10000,2026-08-19T05:44:38Z,電子決済,increment-run-002,workshop-participant,donation_events_002.csv,2026-08-21T14:20:02Z
EVT-FRS-006619,6006619,2007576,352161,3000899,10000,2026-08-19T05:52:34Z,銀行振込,increment-run-002,workshop-participant,donation_events_002.csv,2026-08-21T14:20:02Z
EVT-FRS-007207,6007207,2003615,212105,3002430,15000,2026-08-19T05:55:39Z,クレジットカード,increment-run-002,workshop-participant,donation_events_002.csv,2026-08-21T14:20:02Z
EVT-FRS-011035,6011035,2008173,042145,3002705,12000,2026-08-19T05:59:09Z,クレジットカード,increment-run-002,workshop-participant,donation_events_002.csv,2026-08-21T14:20:02Z
EVT-FRS-002232,6002232,2007554,052060,3003485,50000,2026-08-19T06:03:19Z,クレジットカード,increment-run-002,workshop-participant,donation_events_002.csv,2026-08-21T14:20:02Z
EVT-FRS-014490,6014490,2011872,192082,3000794,15000,2026-08-19T06:05:51Z,クレジットカード,increment-run-002,workshop-participant,donation_events_002.csv,2026-08-21T14:20:02Z
EVT-FRS-000906,6000906,2005226,015601,3003792,20000,2026-08-19T06:12:02Z,クレジットカード,increment-run-002,workshop-participant,donation_events_002.csv,2026-08-21T14:20:02Z
EVT-FRS-001387,6001387,2008806,204048,3004435,10000,2026-08-19T06:12:10Z,クレジットカード,increment-run-002,workshop-participant,donation_events_002.csv,2026-08-21T14:20:02Z
EVT-FRS-014015,6014015,2008494,422053,3004267,40000,2026-08-19T06:14:26Z,クレジットカード,increment-run-002,workshop-participant,donation_events_002.csv,2026-08-21T14:20:02Z
EVT-FRS-011918,6011918,2006214,402231,3001064,25000,2026-08-19T06:19:11Z,クレジットカード,increment-run-002,workshop-participant,donation_events_002.csv,2026-08-21T14:20:02Z
EVT-FRS-006375,6006375,2010268,452025,3003952,20000,2026-08-19T06:21:30Z,クレジットカード,increment-run-002,workshop-participant,donation_events_002.csv,2026-08-21T14:20:02Z
EVT-FRS-010595,6010595,2005385,422037,3002909,10000,2026-08-19T06:28:02Z,クレジットカード,increment-run-002,workshop-participant,donation_events_002.csv,2026-08-21T14:20:02Z
EVT-FRS-007850,6007850,2002219,214035,3002829,10000,2026-08-19T06:31:44Z,クレジットカード,increment-run-002,workshop-participant,donation_events_002.csv,2026-08-21T14:20:02Z
EVT-FRS-005387,6005387,2010543,232360,3004398,30000,2026-08-19T06:31:51Z,コンビニ決済,increment-run-002,workshop-participant,donation_events_002.csv,2026-08-21T14:20:02Z
EVT-FRS-010956,6010956,2007548,212075,3003864,20000,2026-08-19T06:31:55Z,クレジットカード,increment-run-002,workshop-participant,donation_events_002.csv,2026-08-21T14:20:02Z
EVT-FRS-012055,6012055,2001880,262030,3005272,10000,2026-08-19T06:33:21Z,クレジットカード,increment-run-002,workshop-participant,donation_events_002.csv,2026-08-21T14:20:02Z
EVT-FRS-000670,6000670,2010521,302058,3002312,15000,2026-08-19T06:35:15Z,電子決済,increment-run-002,workshop-participant,donation_events_002.csv,2026-08-21T14:20:02Z
EVT-FRS-011480,6011480,2005973,022098,3005578,5000,2026-08-19T06:37:04Z,クレジットカード,increment-run-002,workshop-participant,donation_events_002.csv,2026-08-21T14:20:02Z
EVT-FRS-014899,6014899,2011147,442143,3005644,15000,2026-08-19T06:41:04Z,クレジットカード,increment-run-002,workshop-participant,donation_events_002.csv,2026-08-21T14:20:02Z
EVT-FRS-009218,6009218,2006077,232301,3003871,15000,2026-08-19T06:43:20Z,クレジットカード,increment-run-002,workshop-participant,donation_events_002.csv,2026-08-21T14:20:02Z
EVT-FRS-008343,6008343,2004340,232084,3005513,10000,2026-08-19T06:49:30Z,クレジットカード,increment-run-002,workshop-participant,donation_events_002.csv,2026-08-21T14:20:02Z
EVT-FRS-004926,6004926,2007456,232114,3004234,15000,2026-08-19T06:59:36Z,クレジットカード,increment-run-002,workshop-participant,donation_events_002.csv,2026-08-21T14:20:02Z
EVT-FRS-004881,6004881,2010149,072095,3005532,15000,2026-08-19T07:04:34Z,コンビニ決済,increment-run-002,workshop-participant,donation_events_002.csv,2026-08-21T14:20:02Z
EVT-FRS-004145,6004145,2008987,112038,3000955,5000,2026-08-19T07:12:17Z,クレジットカード,increment-run-002,workshop-participant,donation_events_002.csv,2026-08-21T14:20:02Z
EVT-FRS-006131,6006131,2005959,262072,3000271,10000,2026-08-19T07:12:28Z,電子決済,increment-run-002,workshop-participant,donation_events_002.csv,2026-08-21T14:20:02Z
EVT-FRS-007573,6007573,2005717,042030,3001044,10000,2026-08-19T07:14:44Z,電子決済,increment-run-002,workshop-participant,donation_events_002.csv,2026-08-21T14:20:02Z
EVT-FRS-009940,6009940,2002178,262064,3004540,30000,2026-08-19T07:15:25Z,クレジットカード,increment-run-002,workshop-participant,donation_events_002.csv,2026-08-21T14:20:02Z
EVT-FRS-003940,6003940,2006962,432059,3000902,12000,2026-08-19T07:17:48Z,コンビニ決済,increment-run-002,workshop-participant,donation_events_002.csv,2026-08-21T14:20:02Z
EVT-FRS-000419,6000419,2006713,462039,3001563,30000,2026-08-19T07:18:16Z,クレジットカード,increment-run-002,workshop-participant,donation_events_002.csv,2026-08-21T14:20:02Z
EVT-FRS-010063,6010063,2010627,472107,3003419,30000,2026-08-19T07:18:43Z,クレジットカード,increment-run-002,workshop-participant,donation_events_002.csv,2026-08-21T14:20:02Z
EVT-FRS-007728,6007728,2009055,072044,3005039,10000,2026-08-19T07:26:17Z,クレジットカード,increment-run-002,workshop-participant,donation_events_002.csv,2026-08-21T14:20:02Z
EVT-FRS-012844,6012844,2007214,271403,3001354,30000,2026-08-19T07:27:33Z,クレジットカード,increment-run-002,workshop-participant,donation_events_002.csv,2026-08-21T14:20:02Z
EVT-FRS-011656,6011656,2009704,032093,3004659,15000,2026-08-19T07:33:55Z,銀行振込,increment-run-002,workshop-participant,donation_events_002.csv,2026-08-21T14:20:02Z
EVT-FRS-012167,6012167,2001653,035033,3005990,25000,2026-08-19T07:36:48Z,電子決済,increment-run-002,workshop-participant,donation_events_002.csv,2026-08-21T14:20:02Z
EVT-FRS-007608,6007608,2002259,033031,3000270,25000,2026-08-19T07:42:35Z,クレジットカード,increment-run-002,workshop-participant,donation_events_002.csv,2026-08-21T14:20:02Z
EVT-FRS-011184,6011184,2001519,093611,3000806,15000,2026-08-19T07:48:53Z,クレジットカード,increment-run-002,workshop-participant,donation_events_002.csv,2026-08-21T14:20:02Z
EVT-FRS-002200,6002200,2010452,072052,3003253,50000,2026-08-19T07:52:47Z,クレジットカード,increment-run-002,workshop-participant,donation_events_002.csv,2026-08-21T14:20:02Z
EVT-FRS-010906,6010906,2011717,014257,3001789,10000,2026-08-19T07:52:47Z,クレジットカード,increment-run-002,workshop-participant,donation_events_002.csv,2026-08-21T14:20:02Z
EVT-FRS-014544,6014544,2003233,092037,3001998,10000,2026-08-19T07:53:12Z,クレジットカード,increment-run-002,workshop-participant,donation_events_002.csv,2026-08-21T14:20:02Z
EVT-FRS-000354,6000354,2000943,182087,3002969,5000,2026-08-19T07:56:48Z,電子決済,increment-run-002,workshop-participant,donation_events_002.csv,2026-08-21T14:20:02Z
EVT-FRS-009204,6009204,2010576,282049,3003594,30000,2026-08-19T07:59:16Z,クレジットカード,increment-run-002,workshop-participant,donation_events_002.csv,2026-08-21T14:20:02Z
EVT-FRS-011844,6011844,2011935,473596,3004922,25000,2026-08-19T08:01:15Z,クレジットカード,increment-run-002,workshop-participant,donation_events_002.csv,2026-08-21T14:20:02Z
EVT-FRS-007638,6007638,2007918,272132,3000548,10000,2026-08-19T08:07:48Z,銀行振込,increment-run-002,workshop-participant,donation_events_002.csv,2026-08-21T14:20:02Z
EVT-FRS-012459,6012459,2006170,052019,3000426,10000,2026-08-19T08:10:20Z,クレジットカード,increment-run-002,workshop-participant,donation_events_002.csv,2026-08-21T14:20:02Z
EVT-FRS-008913,6008913,2010080,282090,3004173,20000,2026-08-19T08:11:28Z,クレジットカード,increment-run-002,workshop-participant,donation_events_002.csv,2026-08-21T14:20:02Z
EVT-FRS-011338,6011338,2003907,182052,3005669,10000,2026-08-19T08:12:52Z,クレジットカード,increment-run-002,workshop-participant,donation_events_002.csv,2026-08-21T14:20:02Z
EVT-FRS-010884,6010884,2011253,132128,3001786,15000,2026-08-19T08:13:26Z,電子決済,increment-run-002,workshop-participant,donation_events_002.csv,2026-08-21T14:20:02Z
EVT-FRS-007212,6007212,2006356,042021,3001467,30000,2026-08-19T08:14:36Z,電子決済,increment-run-002,workshop-participant,donation_events_002.csv,2026-08-21T14:20:02Z
EVT-FRS-004480,6004480,2000574,462225,3001972,20000,2026-08-19T08:21:24Z,クレジットカード,increment-run-002,workshop-participant,donation_events_002.csv,2026-08-21T14:20:02Z
EVT-FRS-001650,6001650,2009649,382108,3002689,12000,2026-08-19T08:23:49Z,クレジットカード,increment-run-002,workshop-participant,donation_events_002.csv,2026-08-21T14:20:02Z
EVT-FRS-006494,6006494,2003272,015857,3000480,20000,2026-08-19T08:29:06Z,銀行振込,increment-run-002,workshop-participant,donation_events_002.csv,2026-08-21T14:20:02Z
EVT-FRS-009655,6009655,2011329,342025,3003772,10000,2026-08-19T08:29:57Z,クレジットカード,increment-run-002,workshop-participant,donation_events_002.csv,2026-08-21T14:20:02Z
EVT-FRS-008007,6008007,2010193,281000,3000078,10000,2026-08-19T08:30:44Z,クレジットカード,increment-run-002,workshop-participant,donation_events_002.csv,2026-08-21T14:20:02Z
EVT-FRS-001851,6001851,2007326,442097,3002745,5000,2026-08-19T08:32:16Z,クレジットカード,increment-run-002,workshop-participant,donation_events_002.csv,2026-08-21T14:20:02Z
EVT-FRS-001138,6001138,2010471,282081,3001056,15000,2026-08-19T08:32:59Z,電子決済,increment-run-002,workshop-participant,donation_events_002.csv,2026-08-21T14:20:02Z
EVT-FRS-012627,6012627,2003736,111007,3000668,15000,2026-08-19T08:35:32Z,クレジットカード,increment-run-002,workshop-participant,donation_events_002.csv,2026-08-21T14:20:02Z
EVT-FRS-009707,6009707,2011203,122157,3000378,20000,2026-08-19T08:38:05Z,クレジットカード,increment-run-002,workshop-participant,donation_events_002.csv,2026-08-21T14:20:02Z
EVT-FRS-009022,6009022,2003748,092011,3003972,10000,2026-08-19T08:40:16Z,クレジットカード,increment-run-002,workshop-participant,donation_events_002.csv,2026-08-21T14:20:02Z
EVT-FRS-008382,6008382,2002122,272132,3005617,30000,2026-08-19T08:41:31Z,クレジットカード,increment-run-002,workshop-participant,donation_events_002.csv,2026-08-21T14:20:02Z
EVT-FRS-001071,6001071,2007964,452076,3000619,8000,2026-08-19T08:45:14Z,電子決済,increment-run-002,workshop-participant,donation_events_002.csv,2026-08-21T14:20:02Z
EVT-FRS-012727,6012727,2002699,222208,3003711,12000,2026-08-19T08:48:19Z,クレジットカード,increment-run-002,workshop-participant,donation_events_002.csv,2026-08-21T14:20:02Z
EVT-FRS-004878,6004878,2007181,332020,3000972,15000,2026-08-19T08:50:37Z,電子決済,increment-run-002,workshop-participant,donation_events_002.csv,2026-08-21T14:20:02Z
EVT-FRS-014365,6014365,2007887,452025,3005848,20000,2026-08-19T08:52:25Z,クレジットカード,increment-run-002,workshop-participant,donation_events_002.csv,2026-08-21T14:20:02Z
EVT-FRS-009345,6009345,2006205,432083,3003635,15000,2026-08-19T08:54:42Z,電子決済,increment-run-002,workshop-participant,donation_events_002.csv,2026-08-21T14:20:02Z
EVT-FRS-007079,6007079,2005689,282251,3000790,10000,2026-08-19T08:57:42Z,クレジットカード,increment-run-002,workshop-participant,donation_events_002.csv,2026-08-21T14:20:02Z
EVT-FRS-003771,6003771,2003022,013978,3003918,8000,2026-08-19T08:58:51Z,クレジットカード,increment-run-002,workshop-participant,donation_events_002.csv,2026-08-21T14:20:02Z
EVT-FRS-004758,6004758,2009091,342041,3004249,25000,2026-08-19T09:01:50Z,コンビニ決済,increment-run-002,workshop-participant,donation_events_002.csv,2026-08-21T14:20:02Z
EVT-FRS-013220,6013220,2006889,222143,3004025,10000,2026-08-19T09:02:02Z,クレジットカード,increment-run-002,workshop-participant,donation_events_002.csv,2026-08-21T14:20:02Z
EVT-FRS-012367,6012367,2008608,072125,3001141,10000,2026-08-19T09:03:09Z,電子決済,increment-run-002,workshop-participant,donation_events_002.csv,2026-08-21T14:20:02Z
EVT-FRS-013542,6013542,2009120,312011,3001241,10000,2026-08-19T09:03:14Z,クレジットカード,increment-run-002,workshop-participant,donation_events_002.csv,2026-08-21T14:20:02Z
EVT-FRS-007767,6007767,2001479,232254,3001757,20000,2026-08-19T09:09:13Z,クレジットカード,increment-run-002,workshop-participant,donation_events_002.csv,2026-08-21T14:20:02Z
EVT-FRS-002868,6002868,2007079,012190,3003992,10000,2026-08-19T09:12:50Z,銀行振込,increment-run-002,workshop-participant,donation_events_002.csv,2026-08-21T14:20:02Z
EVT-FRS-002994,6002994,2008565,192104,3005381,12000,2026-08-19T09:13:05Z,クレジットカード,increment-run-002,workshop-participant,donation_events_002.csv,2026-08-21T14:20:02Z
EVT-FRS-006041,6006041,2005159,272132,3003322,5000,2026-08-19T09:13:21Z,クレジットカード,increment-run-002,workshop-participant,donation_events_002.csv,2026-08-21T14:20:02Z
EVT-FRS-009505,6009505,2006595,406465,3001671,12000,2026-08-19T09:15:03Z,コンビニ決済,increment-run-002,workshop-participant,donation_events_002.csv,2026-08-21T14:20:02Z
EVT-FRS-011929,6011929,2011659,012181,3005657,15000,2026-08-19T09:18:19Z,クレジットカード,increment-run-002,workshop-participant,donation_events_002.csv,2026-08-21T14:20:02Z
EVT-FRS-009087,6009087,2004883,232106,3003942,15000,2026-08-19T09:18:22Z,クレジットカード,increment-run-002,workshop-participant,donation_events_002.csv,2026-08-21T14:20:02Z
EVT-FRS-004443,6004443,2004658,472093,3001411,12000,2026-08-19T09:19:43Z,電子決済,increment-run-002,workshop-participant,donation_events_002.csv,2026-08-21T14:20:02Z
EVT-FRS-000628,6000628,2009107,232211,3003977,8000,2026-08-19T09:27:46Z,クレジットカード,increment-run-002,workshop-participant,donation_events_002.csv,2026-08-21T14:20:02Z
EVT-FRS-014462,6014462,2008047,032026,3005991,30000,2026-08-19T09:29:35Z,コンビニ決済,increment-run-002,workshop-participant,donation_events_002.csv,2026-08-21T14:20:02Z
EVT-FRS-007000,6007000,2011370,052043,3003132,10000,2026-08-19T09:36:56Z,電子決済,increment-run-002,workshop-participant,donation_events_002.csv,2026-08-21T14:20:02Z
EVT-FRS-005664,6005664,2005144,452025,3002268,20000,2026-08-19T09:39:42Z,電子決済,increment-run-002,workshop-participant,donation_events_002.csv,2026-08-21T14:20:02Z
EVT-FRS-001978,6001978,2005234,012190,3002126,10000,2026-08-19T09:39:54Z,電子決済,increment-run-002,workshop-participant,donation_events_002.csv,2026-08-21T14:20:02Z
EVT-FRS-001420,6001420,2008055,012190,3001672,8000,2026-08-19T09:45:00Z,クレジットカード,increment-run-002,workshop-participant,donation_events_002.csv,2026-08-21T14:20:02Z
EVT-FRS-000118,6000118,2005058,434680,3005542,25000,2026-08-19T09:47:06Z,クレジットカード,increment-run-002,workshop-participant,donation_events_002.csv,2026-08-21T14:20:02Z
EVT-FRS-003957,6003957,2008733,152048,3002702,5000,2026-08-19T09:50:45Z,クレジットカード,increment-run-002,workshop-participant,donation_events_002.csv,2026-08-21T14:20:02Z
EVT-FRS-004744,6004744,2009396,392049,3005923,10000,2026-08-19T09:58:46Z,クレジットカード,increment-run-002,workshop-participant,donation_events_002.csv,2026-08-21T14:20:02Z
EVT-FRS-001153,6001153,2010250,122050,3004312,10000,2026-08-19T09:58:56Z,コンビニ決済,increment-run-002,workshop-participant,donation_events_002.csv,2026-08-21T14:20:02Z
EVT-FRS-014476,6014476,2007890,172031,3004937,8000,2026-08-19T10:00:56Z,クレジットカード,increment-run-002,workshop-participant,donation_events_002.csv,2026-08-21T14:20:02Z
EVT-FRS-006901,6006901,2011392,322075,3000267,10000,2026-08-19T10:04:35Z,クレジットカード,increment-run-002,workshop-participant,donation_events_002.csv,2026-08-21T14:20:02Z
EVT-FRS-011569,6011569,2010080,232246,3000674,100000,2026-08-19T10:06:11Z,電子決済,increment-run-002,workshop-participant,donation_events_002.csv,2026-08-21T14:20:02Z
EVT-FRS-005923,6005923,2007243,182087,3001180,15000,2026-08-19T10:06:29Z,クレジットカード,increment-run-002,workshop-participant,donation_events_002.csv,2026-08-21T14:20:02Z
EVT-FRS-014163,6014163,2000302,022021,3000544,12000,2026-08-19T10:10:08Z,クレジットカード,increment-run-002,workshop-participant,donation_events_002.csv,2026-08-21T14:20:02Z
EVT-FRS-002769,6002769,2001779,452025,3002730,10000,2026-08-19T10:11:22Z,コンビニ決済,increment-run-002,workshop-participant,donation_events_002.csv,2026-08-21T14:20:02Z
EVT-FRS-007230,6007230,2003977,092169,3004115,10000,2026-08-19T10:12:32Z,クレジットカード,increment-run-002,workshop-participant,donation_events_002.csv,2026-08-21T14:20:02Z
EVT-FRS-010610,6010610,2009708,212121,3001428,12000,2026-08-19T10:14:03Z,コンビニ決済,increment-run-002,workshop-participant,donation_events_002.csv,2026-08-21T14:20:02Z
EVT-FRS-002967,6002967,2011144,092096,3004016,8000,2026-08-19T10:14:28Z,クレジットカード,increment-run-002,workshop-participant,donation_events_002.csv,2026-08-21T14:20:02Z
EVT-FRS-014691,6014691,2004808,462195,3000941,10000,2026-08-19T10:18:08Z,電子決済,increment-run-002,workshop-participant,donation_events_002.csv,2026-08-21T14:20:02Z
EVT-FRS-008469,6008469,2009955,432041,3002346,12000,2026-08-19T10:21:28Z,銀行振込,increment-run-002,workshop-participant,donation_events_002.csv,2026-08-21T14:20:02Z
EVT-FRS-008392,6008392,2003197,092045,3000194,40000,2026-08-19T10:25:50Z,クレジットカード,increment-run-002,workshop-participant,donation_events_002.csv,2026-08-21T14:20:02Z
EVT-FRS-006697,6006697,2003609,422142,3002122,10000,2026-08-19T10:26:59Z,クレジットカード,increment-run-002,workshop-participant,donation_events_002.csv,2026-08-21T14:20:02Z
EVT-FRS-012594,6012594,2005694,462179,3005545,10000,2026-08-19T10:27:54Z,クレジットカード,increment-run-002,workshop-participant,donation_events_002.csv,2026-08-21T14:20:02Z
EVT-FRS-014293,6014293,2007167,162043,3003198,5000,2026-08-19T10:29:11Z,クレジットカード,increment-run-002,workshop-participant,donation_events_002.csv,2026-08-21T14:20:02Z
EVT-FRS-007927,6007927,2006050,452025,3002265,20000,2026-08-19T10:32:29Z,銀行振込,increment-run-002,workshop-participant,donation_events_002.csv,2026-08-21T14:20:02Z
EVT-FRS-009308,6009308,2010007,014826,3002182,50000,2026-08-19T10:32:46Z,クレジットカード,increment-run-002,workshop-participant,donation_events_002.csv,2026-08-21T14:20:02Z
EVT-FRS-008085,6008085,2000593,182087,3002969,10000,2026-08-19T10:35:19Z,クレジットカード,increment-run-002,workshop-participant,donation_events_002.csv,2026-08-21T14:20:02Z
EVT-FRS-001683,6001683,2003889,232131,3005818,15000,2026-08-19T10:38:49Z,クレジットカード,increment-run-002,workshop-participant,donation_events_002.csv,2026-08-21T14:20:02Z
EVT-FRS-003614,6003614,2001761,432105,3002330,30000,2026-08-19T10:42:57Z,コンビニ決済,increment-run-002,workshop-participant,donation_events_002.csv,2026-08-21T14:20:02Z
EVT-FRS-010670,6010670,2005568,015113,3004548,5000,2026-08-19T10:46:46Z,電子決済,increment-run-002,workshop-participant,donation_events_002.csv,2026-08-21T14:20:02Z
EVT-FRS-007755,6007755,2003250,442089,3003756,70000,2026-08-19T10:51:18Z,クレジットカード,increment-run-002,workshop-participant,donation_events_002.csv,2026-08-21T14:20:02Z
EVT-FRS-003218,6003218,2010583,352021,3001325,10000,2026-08-19T10:52:25Z,クレジットカード,increment-run-002,workshop-participant,donation_events_002.csv,2026-08-21T14:20:02Z
EVT-FRS-006146,6006146,2003229,342157,3004107,5000,2026-08-19T10:52:29Z,クレジットカード,increment-run-002,workshop-participant,donation_events_002.csv,2026-08-21T14:20:02Z
EVT-FRS-010303,6010303,2009199,402168,3002325,5000,2026-08-19T10:52:40Z,クレジットカード,increment-run-002,workshop-participant,donation_events_002.csv,2026-08-21T14:20:02Z
EVT-FRS-008375,6008375,2007531,212091,3004046,15000,2026-08-19T10:55:17Z,電子決済,increment-run-002,workshop-participant,donation_events_002.csv,2026-08-21T14:20:02Z
EVT-FRS-001732,6001732,2008209,012360,3004702,10000,2026-08-19T10:55:30Z,クレジットカード,increment-run-002,workshop-participant,donation_events_002.csv,2026-08-21T14:20:02Z
EVT-FRS-013233,6013233,2004207,232017,3002168,30000,2026-08-19T11:06:57Z,クレジットカード,increment-run-002,workshop-participant,donation_events_002.csv,2026-08-21T14:20:02Z
EVT-FRS-013765,6013765,2010778,272141,3000349,5000,2026-08-19T11:08:34Z,コンビニ決済,increment-run-002,workshop-participant,donation_events_002.csv,2026-08-21T14:20:02Z
EVT-FRS-007028,6007028,2008141,092053,3004916,25000,2026-08-19T11:11:41Z,クレジットカード,increment-run-002,workshop-participant,donation_events_002.csv,2026-08-21T14:20:02Z
EVT-FRS-002873,6002873,2008854,204307,3001570,20000,2026-08-19T11:17:53Z,電子決済,increment-run-002,workshop-participant,donation_events_002.csv,2026-08-21T14:20:02Z
EVT-FRS-006154,6006154,2002329,072109,3000876,30000,2026-08-19T11:19:12Z,クレジットカード,increment-run-002,workshop-participant,donation_events_002.csv,2026-08-21T14:20:02Z
EVT-FRS-004216,6004216,2011569,082163,3005032,25000,2026-08-19T11:31:32Z,クレジットカード,increment-run-002,workshop-participant,donation_events_002.csv,2026-08-21T14:20:02Z
EVT-FRS-009332,6009332,2009837,462144,3004947,15000,2026-08-19T11:34:17Z,コンビニ決済,increment-run-002,workshop-participant,donation_events_002.csv,2026-08-21T14:20:02Z
EVT-FRS-011030,6011030,2006768,272299,3001652,20000,2026-08-19T11:36:19Z,クレジットカード,increment-run-002,workshop-participant,donation_events_002.csv,2026-08-21T14:20:02Z
EVT-FRS-003856,6003856,2002643,042081,3005083,20000,2026-08-19T11:36:52Z,クレジットカード,increment-run-002,workshop-participant,donation_events_002.csv,2026-08-21T14:20:02Z
EVT-FRS-000594,6000594,2000784,044229,3004068,10000,2026-08-19T11:50:14Z,銀行振込,increment-run-002,workshop-participant,donation_events_002.csv,2026-08-21T14:20:02Z
EVT-FRS-005789,6005789,2010792,162078,3001330,15000,2026-08-19T12:01:23Z,銀行振込,increment-run-002,workshop-participant,donation_events_002.csv,2026-08-21T14:20:02Z
EVT-FRS-006921,6006921,2009073,082317,3005487,5000,2026-08-19T12:01:38Z,クレジットカード,increment-run-002,workshop-participant,donation_events_002.csv,2026-08-21T14:20:02Z
EVT-FRS-006907,6006907,2007707,173614,3001314,25000,2026-08-19T12:01:51Z,コンビニ決済,increment-run-002,workshop-participant,donation_events_002.csv,2026-08-21T14:20:02Z
EVT-FRS-002040,6002040,2000117,272256,3005135,20000,2026-08-19T12:02:07Z,電子決済,increment-run-002,workshop-participant,donation_events_002.csv,2026-08-21T14:20:02Z
EVT-FRS-008544,6008544,2001367,132225,3001252,10000,2026-08-19T12:09:46Z,クレジットカード,increment-run-002,workshop-participant,donation_events_002.csv,2026-08-21T14:20:02Z
EVT-FRS-004885,6004885,2004585,182052,3001264,15000,2026-08-19T12:09:57Z,クレジットカード,increment-run-002,workshop-participant,donation_events_002.csv,2026-08-21T14:20:02Z
EVT-FRS-012752,6012752,2006697,024023,3001856,10000,2026-08-19T12:19:13Z,クレジットカード,increment-run-002,workshop-participant,donation_events_002.csv,2026-08-21T14:20:02Z
EVT-FRS-008370,6008370,2008682,442143,3003948,10000,2026-08-19T12:22:11Z,電子決済,increment-run-002,workshop-participant,donation_events_002.csv,2026-08-21T14:20:02Z
EVT-FRS-014817,6014817,2011165,112119,3002092,20000,2026-08-19T12:22:32Z,クレジットカード,increment-run-002,workshop-participant,donation_events_002.csv,2026-08-21T14:20:02Z
EVT-FRS-004161,6004161,2005782,272132,3002927,10000,2026-08-19T12:29:52Z,クレジットカード,increment-run-002,workshop-participant,donation_events_002.csv,2026-08-21T14:20:02Z
EVT-FRS-000866,6000866,2009232,013048,3001228,10000,2026-08-19T12:30:05Z,電子決済,increment-run-002,workshop-participant,donation_events_002.csv,2026-08-21T14:20:02Z
EVT-FRS-006712,6006712,2007916,122084,3004576,20000,2026-08-19T12:35:56Z,クレジットカード,increment-run-002,workshop-participant,donation_events_002.csv,2026-08-21T14:20:02Z
EVT-FRS-003012,6003012,2010571,401307,3002264,30000,2026-08-19T12:38:45Z,電子決済,increment-run-002,workshop-participant,donation_events_002.csv,2026-08-21T14:20:02Z
EVT-FRS-010168,6010168,2004371,273830,3000576,20000,2026-08-19T12:42:43Z,電子決済,increment-run-002,workshop-participant,donation_events_002.csv,2026-08-21T14:20:02Z
EVT-FRS-000017,6000017,2007286,102016,3005379,5000,2026-08-19T12:47:26Z,クレジットカード,increment-run-002,workshop-participant,donation_events_002.csv,2026-08-21T14:20:02Z
EVT-FRS-000542,6000542,2004556,072095,3005779,10000,2026-08-19T12:48:15Z,クレジットカード,increment-run-002,workshop-participant,donation_events_002.csv,2026-08-21T14:20:02Z
EVT-FRS-008195,6008195,2009175,042145,3002705,10000,2026-08-19T12:48:53Z,クレジットカード,increment-run-002,workshop-participant,donation_events_002.csv,2026-08-21T14:20:02Z
EVT-FRS-005660,6005660,2001245,152188,3002550,10000,2026-08-19T12:49:29Z,クレジットカード,increment-run-002,workshop-participant,donation_events_002.csv,2026-08-21T14:20:02Z
EVT-FRS-012955,6012955,2002764,462136,3001718,5000,2026-08-19T12:50:16Z,電子決済,increment-run-002,workshop-participant,donation_events_002.csv,2026-08-21T14:20:02Z
EVT-FRS-010034,6010034,2003929,132217,3003543,10000,2026-08-19T13:04:54Z,クレジットカード,increment-run-002,workshop-participant,donation_events_002.csv,2026-08-21T14:20:02Z
EVT-FRS-012705,6012705,2008357,242128,3004103,20000,2026-08-19T13:09:29Z,クレジットカード,increment-run-002,workshop-participant,donation_events_002.csv,2026-08-21T14:20:02Z
EVT-FRS-009334,6009334,2008464,422096,3005809,12000,2026-08-19T13:11:10Z,銀行振込,increment-run-002,workshop-participant,donation_events_002.csv,2026-08-21T14:20:02Z
EVT-FRS-006940,6006940,2008209,182052,3000208,150000,2026-08-19T13:11:37Z,クレジットカード,increment-run-002,workshop-participant,donation_events_002.csv,2026-08-21T14:20:02Z
EVT-FRS-012082,6012082,2002855,016926,3000141,12000,2026-08-19T13:15:43Z,クレジットカード,increment-run-002,workshop-participant,donation_events_002.csv,2026-08-21T14:20:02Z
EVT-FRS-007548,6007548,2002298,432156,3001336,10000,2026-08-19T13:16:41Z,コンビニ決済,increment-run-002,workshop-participant,donation_events_002.csv,2026-08-21T14:20:02Z
EVT-FRS-011049,6011049,2006524,064262,3002474,8000,2026-08-19T13:20:05Z,クレジットカード,increment-run-002,workshop-participant,donation_events_002.csv,2026-08-21T14:20:02Z
EVT-FRS-008153,6008153,2002505,432032,3004207,5000,2026-08-19T13:20:36Z,クレジットカード,increment-run-002,workshop-participant,donation_events_002.csv,2026-08-21T14:20:02Z
EVT-FRS-012785,6012785,2005112,232335,3000445,5000,2026-08-19T13:22:34Z,クレジットカード,increment-run-002,workshop-participant,donation_events_002.csv,2026-08-21T14:20:02Z
EVT-FRS-011901,6011901,2001872,472140,3002791,10000,2026-08-19T13:22:41Z,クレジットカード,increment-run-002,workshop-participant,donation_events_002.csv,2026-08-21T14:20:02Z
EVT-FRS-009121,6009121,2004210,232351,3001145,12000,2026-08-19T13:25:33Z,クレジットカード,increment-run-002,workshop-participant,donation_events_002.csv,2026-08-21T14:20:02Z
EVT-FRS-000132,6000132,2002502,272281,3003423,50000,2026-08-19T13:25:37Z,クレジットカード,increment-run-002,workshop-participant,donation_events_002.csv,2026-08-21T14:20:02Z
EVT-FRS-000964,6000964,2011710,222054,3001986,15000,2026-08-19T13:27:48Z,コンビニ決済,increment-run-002,workshop-participant,donation_events_002.csv,2026-08-21T14:20:02Z
EVT-FRS-004103,6004103,2006794,372072,3000042,8000,2026-08-19T13:30:10Z,クレジットカード,increment-run-002,workshop-participant,donation_events_002.csv,2026-08-21T14:20:02Z
EVT-FRS-003412,6003412,2008003,462241,3003325,15000,2026-08-19T13:30:53Z,クレジットカード,increment-run-002,workshop-participant,donation_events_002.csv,2026-08-21T14:20:02Z
EVT-FRS-008636,6008636,2009448,462063,3000706,15000,2026-08-19T13:35:38Z,クレジットカード,increment-run-002,workshop-participant,donation_events_002.csv,2026-08-21T14:20:02Z
EVT-FRS-014644,6014644,2004735,102105,3002097,15000,2026-08-19T13:38:11Z,クレジットカード,increment-run-002,workshop-participant,donation_events_002.csv,2026-08-21T14:20:02Z
EVT-FRS-005010,6005010,2000568,432024,3000580,70000,2026-08-19T13:38:56Z,電子決済,increment-run-002,workshop-participant,donation_events_002.csv,2026-08-21T14:20:02Z
EVT-FRS-005994,6005994,2000728,454061,3002836,20000,2026-08-19T13:39:12Z,クレジットカード,increment-run-002,workshop-participant,donation_events_002.csv,2026-08-21T14:20:02Z
EVT-FRS-005853,6005853,2009426,202029,3003172,10000,2026-08-19T13:43:36Z,電子決済,increment-run-002,workshop-participant,donation_events_002.csv,2026-08-21T14:20:02Z
EVT-FRS-001874,6001874,2011879,282189,3003712,20000,2026-08-19T13:46:51Z,電子決済,increment-run-002,workshop-participant,donation_events_002.csv,2026-08-21T14:20:02Z
EVT-FRS-007119,6007119,2003039,262056,3003211,10000,2026-08-19T13:49:17Z,クレジットカード,increment-run-002,workshop-participant,donation_events_002.csv,2026-08-21T14:20:02Z
EVT-FRS-005233,6005233,2011792,052027,3005233,20000,2026-08-19T14:03:10Z,コンビニ決済,increment-run-002,workshop-participant,donation_events_002.csv,2026-08-21T14:20:02Z
EVT-FRS-002536,6002536,2008392,362042,3000304,10000,2026-08-19T14:05:19Z,コンビニ決済,increment-run-002,workshop-participant,donation_events_002.csv,2026-08-21T14:20:02Z
EVT-FRS-008106,6008106,2003275,282260,3003454,5000,2026-08-19T14:06:44Z,銀行振込,increment-run-002,workshop-participant,donation_events_002.csv,2026-08-21T14:20:02Z
EVT-FRS-001111,6001111,2009238,342122,3002084,50000,2026-08-19T14:07:16Z,クレジットカード,increment-run-002,workshop-participant,donation_events_002.csv,2026-08-21T14:20:02Z
EVT-FRS-003962,6003962,2002117,112178,3005619,10000,2026-08-19T14:07:59Z,電子決済,increment-run-002,workshop-participant,donation_events_002.csv,2026-08-21T14:20:02Z
EVT-FRS-004353,6004353,2002145,272086,3004307,5000,2026-08-19T14:15:18Z,クレジットカード,increment-run-002,workshop-participant,donation_events_002.csv,2026-08-21T14:20:02Z
EVT-FRS-013533,6013533,2004950,392103,3001858,8000,2026-08-19T14:18:36Z,銀行振込,increment-run-002,workshop-participant,donation_events_002.csv,2026-08-21T14:20:02Z
EVT-FRS-009798,6009798,2011107,072125,3003032,15000,2026-08-19T14:22:28Z,電子決済,increment-run-002,workshop-participant,donation_events_002.csv,2026-08-21T14:20:02Z
EVT-FRS-009998,6009998,2004138,423076,3003296,15000,2026-08-19T14:25:09Z,電子決済,increment-run-002,workshop-participant,donation_events_002.csv,2026-08-21T14:20:02Z
EVT-FRS-001181,6001181,2001464,242144,3005925,30000,2026-08-19T14:27:58Z,クレジットカード,increment-run-002,workshop-participant,donation_events_002.csv,2026-08-21T14:20:02Z
EVT-FRS-005459,6005459,2001921,012246,3002511,10000,2026-08-19T14:30:02Z,電子決済,increment-run-002,workshop-participant,donation_events_002.csv,2026-08-21T14:20:02Z
EVT-FRS-009347,6009347,2003594,272027,3004841,10000,2026-08-19T14:30:58Z,クレジットカード,increment-run-002,workshop-participant,donation_events_002.csv,2026-08-21T14:20:02Z
EVT-FRS-008734,6008734,2001579,412082,3002475,25000,2026-08-19T14:31:46Z,電子決済,increment-run-002,workshop-participant,donation_events_002.csv,2026-08-21T14:20:02Z
EVT-FRS-001196,6001196,2007969,472093,3000756,5000,2026-08-19T14:32:42Z,クレジットカード,increment-run-002,workshop-participant,donation_events_002.csv,2026-08-21T14:20:02Z
EVT-FRS-007272,6007272,2001085,062065,3003498,15000,2026-08-19T14:33:58Z,クレジットカード,increment-run-002,workshop-participant,donation_events_002.csv,2026-08-21T14:20:02Z
EVT-FRS-004299,6004299,2001944,162078,3002589,10000,2026-08-19T14:35:24Z,電子決済,increment-run-002,workshop-participant,donation_events_002.csv,2026-08-21T14:20:02Z
EVT-FRS-005231,6005231,2009324,352021,3003127,5000,2026-08-19T14:36:06Z,クレジットカード,increment-run-002,workshop-participant,donation_events_002.csv,2026-08-21T14:20:02Z
EVT-FRS-010878,6010878,2003122,222038,3005794,50000,2026-08-19T14:40:24Z,クレジットカード,increment-run-002,workshop-participant,donation_events_002.csv,2026-08-21T14:20:02Z
EVT-FRS-003268,6003268,2006949,332097,3001005,40000,2026-08-19T14:40:53Z,コンビニ決済,increment-run-002,workshop-participant,donation_events_002.csv,2026-08-21T14:20:02Z
EVT-FRS-007890,6007890,2010639,112194,3000147,25000,2026-08-19T14:40:57Z,クレジットカード,increment-run-002,workshop-participant,donation_events_002.csv,2026-08-21T14:20:02Z
EVT-FRS-011589,6011589,2006203,392090,3004647,10000,2026-08-19T14:41:28Z,銀行振込,increment-run-002,workshop-participant,donation_events_002.csv,2026-08-21T14:20:02Z
EVT-FRS-013012,6013012,2001093,232335,3005639,10000,2026-08-19T14:46:14Z,クレジットカード,increment-run-002,workshop-participant,donation_events_002.csv,2026-08-21T14:20:02Z
EVT-FRS-013395,6013395,2006184,403440,3001517,8000,2026-08-19T14:46:27Z,クレジットカード,increment-run-002,workshop-participant,donation_events_002.csv,2026-08-21T14:20:02Z
EVT-FRS-003219,6003219,2011358,342131,3001475,10000,2026-08-19T14:52:34Z,クレジットカード,increment-run-002,workshop-participant,donation_events_002.csv,2026-08-21T14:20:02Z
EVT-FRS-014328,6014328,2008104,435147,3000656,10000,2026-08-19T14:57:02Z,クレジットカード,increment-run-002,workshop-participant,donation_events_002.csv,2026-08-21T14:20:02Z
EVT-FRS-009783,6009783,2003408,152064,3004216,12000,2026-08-19T14:59:12Z,クレジットカード,increment-run-002,workshop-participant,donation_events_002.csv,2026-08-21T14:20:02Z
EVT-FRS-009628,6009628,2001469,232378,3003664,10000,2026-08-19T15:01:27Z,クレジットカード,increment-run-002,workshop-participant,donation_events_002.csv,2026-08-21T14:20:02Z
EVT-FRS-005601,6005601,2002231,342157,3004107,5000,2026-08-19T15:01:35Z,銀行振込,increment-run-002,workshop-participant,donation_events_002.csv,2026-08-21T14:20:02Z
EVT-FRS-001686,6001686,2007291,422118,3005534,25000,2026-08-19T15:04:46Z,クレジットカード,increment-run-002,workshop-participant,donation_events_002.csv,2026-08-21T14:20:02Z
EVT-FRS-007788,6007788,2011375,012190,3003992,10000,2026-08-19T15:05:57Z,クレジットカード,increment-run-002,workshop-participant,donation_events_002.csv,2026-08-21T14:20:02Z
EVT-FRS-006167,6006167,2008870,282073,3002378,15000,2026-08-19T15:08:11Z,コンビニ決済,increment-run-002,workshop-participant,donation_events_002.csv,2026-08-21T14:20:02Z
EVT-FRS-005844,6005844,2005974,432032,3005336,10000,2026-08-19T15:11:24Z,電子決済,increment-run-002,workshop-participant,donation_events_002.csv,2026-08-21T14:20:02Z
EVT-FRS-000550,6000550,2007613,342157,3005027,20000,2026-08-19T15:13:42Z,クレジットカード,increment-run-002,workshop-participant,donation_events_002.csv,2026-08-21T14:20:02Z
EVT-FRS-011121,6011121,2010869,182028,3002137,10000,2026-08-19T15:24:22Z,クレジットカード,increment-run-002,workshop-participant,donation_events_002.csv,2026-08-21T14:20:02Z
EVT-FRS-014391,6014391,2006061,023621,3002373,20000,2026-08-19T15:35:16Z,クレジットカード,increment-run-002,workshop-participant,donation_events_002.csv,2026-08-21T14:20:02Z
EVT-FRS-013404,6013404,2000644,152064,3003143,10000,2026-08-19T15:36:16Z,電子決済,increment-run-002,workshop-participant,donation_events_002.csv,2026-08-21T14:20:02Z
EVT-FRS-001918,6001918,2003362,322041,3005300,20000,2026-08-19T15:37:17Z,クレジットカード,increment-run-002,workshop-participant,donation_events_002.csv,2026-08-21T14:20:02Z
EVT-FRS-011226,6011226,2007974,112259,3000648,15000,2026-08-19T15:37:48Z,クレジットカード,increment-run-002,workshop-participant,donation_events_002.csv,2026-08-21T14:20:02Z
EVT-FRS-006419,6006419,2000564,452050,3002298,12000,2026-08-19T15:38:18Z,クレジットカード,increment-run-002,workshop-participant,donation_events_002.csv,2026-08-21T14:20:02Z
EVT-FRS-008644,6008644,2005126,232238,3002224,10000,2026-08-19T15:40:05Z,クレジットカード,increment-run-002,workshop-participant,donation_events_002.csv,2026-08-21T14:20:02Z
EVT-FRS-009498,6009498,2010903,322041,3000146,10000,2026-08-19T15:41:16Z,電子決済,increment-run-002,workshop-participant,donation_events_002.csv,2026-08-21T14:20:02Z
EVT-FRS-001199,6001199,2002283,372064,3000159,20000,2026-08-19T15:43:34Z,クレジットカード,increment-run-002,workshop-participant,donation_events_002.csv,2026-08-21T14:20:02Z
EVT-FRS-005413,6005413,2003063,412015,3000978,15000,2026-08-19T15:46:35Z,電子決済,increment-run-002,workshop-participant,donation_events_002.csv,2026-08-21T14:20:02Z
EVT-FRS-006081,6006081,2000634,462101,3000971,15000,2026-08-19T15:50:44Z,クレジットカード,increment-run-002,workshop-participant,donation_events_002.csv,2026-08-21T14:20:02Z
EVT-FRS-009457,6009457,2006069,215031,3000301,10000,2026-08-19T15:51:27Z,電子決済,increment-run-002,workshop-participant,donation_events_002.csv,2026-08-21T14:20:02Z
EVT-FRS-002633,6002633,2008260,432105,3001470,15000,2026-08-19T15:52:54Z,クレジットカード,increment-run-002,workshop-participant,donation_events_002.csv,2026-08-21T14:20:02Z
EVT-FRS-008174,6008174,2011583,212083,3004510,30000,2026-08-19T15:59:18Z,クレジットカード,increment-run-002,workshop-participant,donation_events_002.csv,2026-08-21T14:20:02Z
EVT-FRS-001242,6001242,2008834,072117,3002605,15000,2026-08-19T16:02:11Z,クレジットカード,increment-run-002,workshop-participant,donation_events_002.csv,2026-08-21T14:20:02Z
EVT-FRS-010809,6010809,2002483,112020,3002647,50000,2026-08-19T16:06:45Z,クレジットカード,increment-run-002,workshop-participant,donation_events_002.csv,2026-08-21T14:20:02Z
EVT-FRS-000453,6000453,2009891,272183,3002885,20000,2026-08-19T16:07:33Z,クレジットカード,increment-run-002,workshop-participant,donation_events_002.csv,2026-08-21T14:20:02Z
EVT-FRS-002064,6002064,2008624,012211,3005559,8000,2026-08-19T16:08:29Z,クレジットカード,increment-run-002,workshop-participant,donation_events_002.csv,2026-08-21T14:20:02Z
EVT-FRS-007848,6007848,2007689,012190,3001672,8000,2026-08-19T16:15:43Z,クレジットカード,increment-run-002,workshop-participant,donation_events_002.csv,2026-08-21T14:20:02Z
EVT-FRS-014600,6014600,2001988,462179,3005555,15000,2026-08-19T16:16:47Z,銀行振込,increment-run-002,workshop-participant,donation_events_002.csv,2026-08-21T14:20:02Z
EVT-FRS-011428,6011428,2006939,252123,3000314,12000,2026-08-19T16:22:54Z,電子決済,increment-run-002,workshop-participant,donation_events_002.csv,2026-08-21T14:20:02Z
EVT-FRS-007405,6007405,2007715,221007,3004284,40000,2026-08-19T16:24:32Z,銀行振込,increment-run-002,workshop-participant,donation_events_002.csv,2026-08-21T14:20:02Z
EVT-FRS-013881,6013881,2001903,362042,3000122,30000,2026-08-19T16:31:15Z,クレジットカード,increment-run-002,workshop-participant,donation_events_002.csv,2026-08-21T14:20:02Z
EVT-FRS-007006,6007006,2000759,413453,3004747,20000,2026-08-19T16:36:47Z,クレジットカード,increment-run-002,workshop-participant,donation_events_002.csv,2026-08-21T14:20:02Z
EVT-FRS-003445,6003445,2011480,012190,3002126,40000,2026-08-19T16:37:51Z,クレジットカード,increment-run-002,workshop-participant,donation_events_002.csv,2026-08-21T14:20:02Z
EVT-FRS-014851,6014851,2001872,012301,3001629,15000,2026-08-19T16:41:19Z,クレジットカード,increment-run-002,workshop-participant,donation_events_002.csv,2026-08-21T14:20:02Z
EVT-FRS-002089,6002089,2003400,423220,3001509,12000,2026-08-19T16:41:26Z,銀行振込,increment-run-002,workshop-participant,donation_events_002.csv,2026-08-21T14:20:02Z
EVT-FRS-010312,6010312,2008288,092169,3005007,20000,2026-08-19T16:44:38Z,クレジットカード,increment-run-002,workshop-participant,donation_events_002.csv,2026-08-21T14:20:02Z
EVT-FRS-008634,6008634,2002654,052060,3004806,8000,2026-08-19T16:50:31Z,クレジットカード,increment-run-002,workshop-participant,donation_events_002.csv,2026-08-21T14:20:02Z
EVT-FRS-002506,6002506,2002791,152064,3001815,12000,2026-08-19T16:51:20Z,電子決済,increment-run-002,workshop-participant,donation_events_002.csv,2026-08-21T14:20:02Z
EVT-FRS-011330,6011330,2007882,122297,3001200,8000,2026-08-19T16:58:04Z,電子決済,increment-run-002,workshop-participant,donation_events_002.csv,2026-08-21T14:20:02Z
EVT-FRS-010128,6010128,2009647,132071,3002552,20000,2026-08-19T16:59:24Z,電子決済,increment-run-002,workshop-participant,donation_events_002.csv,2026-08-21T14:20:02Z
EVT-FRS-006659,6006659,2003093,062031,3001017,15000,2026-08-19T17:02:52Z,電子決済,increment-run-002,workshop-participant,donation_events_002.csv,2026-08-21T14:20:02Z
EVT-FRS-006183,6006183,2003057,204099,3001011,20000,2026-08-19T17:02:56Z,クレジットカード,increment-run-002,workshop-participant,donation_events_002.csv,2026-08-21T14:20:02Z
EVT-FRS-012428,6012428,2006206,362026,3004362,25000,2026-08-19T17:05:27Z,クレジットカード,increment-run-002,workshop-participant,donation_events_002.csv,2026-08-21T14:20:02Z
EVT-FRS-007481,6007481,2005072,112097,3004845,12000,2026-08-19T17:05:36Z,コンビニ決済,increment-run-002,workshop-participant,donation_events_002.csv,2026-08-21T14:20:02Z
EVT-FRS-008242,6008242,2006331,282049,3002762,12000,2026-08-19T17:07:11Z,電子決済,increment-run-002,workshop-participant,donation_events_002.csv,2026-08-21T14:20:02Z
EVT-FRS-008060,6008060,2007117,012271,3001232,8000,2026-08-19T17:18:47Z,コンビニ決済,increment-run-002,workshop-participant,donation_events_002.csv,2026-08-21T14:20:02Z
EVT-FRS-012158,6012158,2001006,272116,3003184,8000,2026-08-19T17:20:59Z,銀行振込,increment-run-002,workshop-participant,donation_events_002.csv,2026-08-21T14:20:02Z
EVT-FRS-005292,6005292,2002730,472140,3000761,12000,2026-08-19T17:22:57Z,クレジットカード,increment-run-002,workshop-participant,donation_events_002.csv,2026-08-21T14:20:02Z
EVT-FRS-000106,6000106,2007360,012084,3001038,15000,2026-08-19T17:28:23Z,クレジットカード,increment-run-002,workshop-participant,donation_events_002.csv,2026-08-21T14:20:02Z
EVT-FRS-011274,6011274,2002279,402117,3000556,20000,2026-08-19T17:30:33Z,銀行振込,increment-run-002,workshop-participant,donation_events_002.csv,2026-08-21T14:20:02Z
EVT-FRS-000816,6000816,2003255,132128,3005484,30000,2026-08-19T17:34:07Z,クレジットカード,increment-run-002,workshop-participant,donation_events_002.csv,2026-08-21T14:20:02Z
EVT-FRS-013279,6013279,2007198,342076,3004292,10000,2026-08-19T17:34:35Z,クレジットカード,increment-run-002,workshop-participant,donation_events_002.csv,2026-08-21T14:20:02Z
EVT-FRS-014166,6014166,2011343,431001,3002117,40000,2026-08-19T17:39:56Z,クレジットカード,increment-run-002,workshop-participant,donation_events_002.csv,2026-08-21T14:20:02Z
EVT-FRS-005483,6005483,2011639,322016,3005697,20000,2026-08-19T17:53:14Z,銀行振込,increment-run-002,workshop-participant,donation_events_002.csv,2026-08-21T14:20:02Z
EVT-FRS-005098,6005098,2003311,452025,3003388,15000,2026-08-19T17:56:24Z,銀行振込,increment-run-002,workshop-participant,donation_events_002.csv,2026-08-21T14:20:02Z
EVT-FRS-012675,6012675,2002307,162094,3002151,15000,2026-08-19T17:59:18Z,電子決済,increment-run-002,workshop-participant,donation_events_002.csv,2026-08-21T14:20:02Z
EVT-FRS-007536,6007536,2002807,082163,3002820,10000,2026-08-19T17:59:30Z,クレジットカード,increment-run-002,workshop-participant,donation_events_002.csv,2026-08-21T14:20:02Z
EVT-FRS-004011,6004011,2008798,292109,3001118,20000,2026-08-19T18:00:06Z,クレジットカード,increment-run-002,workshop-participant,donation_events_002.csv,2026-08-21T14:20:02Z
EVT-FRS-004347,6004347,2005920,422029,3004477,12000,2026-08-19T18:00:26Z,コンビニ決済,increment-run-002,workshop-participant,donation_events_002.csv,2026-08-21T14:20:02Z
EVT-FRS-005281,6005281,2008129,012114,3005217,40000,2026-08-19T18:01:54Z,コンビニ決済,increment-run-002,workshop-participant,donation_events_002.csv,2026-08-21T14:20:02Z
EVT-FRS-000669,6000669,2006046,342157,3004528,12000,2026-08-19T18:04:37Z,クレジットカード,increment-run-002,workshop-participant,donation_events_002.csv,2026-08-21T14:20:02Z
EVT-FRS-003203,6003203,2009937,271403,3001354,10000,2026-08-19T18:04:50Z,電子決済,increment-run-002,workshop-participant,donation_events_002.csv,2026-08-21T14:20:02Z
EVT-FRS-012274,6012274,2002113,242128,3000904,10000,2026-08-19T18:06:53Z,クレジットカード,increment-run-002,workshop-participant,donation_events_002.csv,2026-08-21T14:20:02Z
EVT-FRS-002757,6002757,2007263,142140,3005015,8000,2026-08-19T18:09:08Z,クレジットカード,increment-run-002,workshop-participant,donation_events_002.csv,2026-08-21T14:20:02Z
EVT-FRS-002818,6002818,2006014,262102,3004439,10000,2026-08-19T18:09:25Z,クレジットカード,increment-run-002,workshop-participant,donation_events_002.csv,2026-08-21T14:20:02Z
EVT-FRS-009247,6009247,2000264,162094,3002151,8000,2026-08-19T18:11:26Z,コンビニ決済,increment-run-002,workshop-participant,donation_events_002.csv,2026-08-21T14:20:02Z
EVT-FRS-004488,6004488,2011563,462080,3001315,10000,2026-08-19T18:13:15Z,電子決済,increment-run-002,workshop-participant,donation_events_002.csv,2026-08-21T14:20:02Z
EVT-FRS-012226,6012226,2004248,203041,3000102,30000,2026-08-19T18:15:22Z,コンビニ決済,increment-run-002,workshop-participant,donation_events_002.csv,2026-08-21T14:20:02Z
EVT-FRS-011600,6011600,2005514,432156,3003496,15000,2026-08-19T18:17:27Z,コンビニ決済,increment-run-002,workshop-participant,donation_events_002.csv,2026-08-21T14:20:02Z
EVT-FRS-004148,6004148,2006574,412066,3000942,5000,2026-08-19T18:19:25Z,電子決済,increment-run-002,workshop-participant,donation_events_002.csv,2026-08-21T14:20:02Z
EVT-FRS-005751,6005751,2002953,222151,3000693,10000,2026-08-19T18:21:15Z,銀行振込,increment-run-002,workshop-participant,donation_events_002.csv,2026-08-21T14:20:02Z
EVT-FRS-014648,6014648,2006791,262111,3001539,20000,2026-08-19T18:23:17Z,銀行振込,increment-run-002,workshop-participant,donation_events_002.csv,2026-08-21T14:20:02Z
EVT-FRS-004941,6004941,2005109,272132,3005617,10000,2026-08-19T18:24:36Z,クレジットカード,increment-run-002,workshop-participant,donation_events_002.csv,2026-08-21T14:20:02Z
EVT-FRS-007750,6007750,2007964,282286,3004235,10000,2026-08-19T18:24:38Z,クレジットカード,increment-run-002,workshop-participant,donation_events_002.csv,2026-08-21T14:20:02Z
EVT-FRS-008823,6008823,2010597,232084,3001955,15000,2026-08-19T18:27:09Z,クレジットカード,increment-run-002,workshop-participant,donation_events_002.csv,2026-08-21T14:20:02Z
EVT-FRS-002001,6002001,2008510,202088,3002997,10000,2026-08-19T18:31:50Z,クレジットカード,increment-run-002,workshop-participant,donation_events_002.csv,2026-08-21T14:20:02Z
EVT-FRS-005111,6005111,2000300,122262,3003378,20000,2026-08-19T18:32:21Z,クレジットカード,increment-run-002,workshop-participant,donation_events_002.csv,2026-08-21T14:20:02Z
EVT-FRS-005084,6005084,2000631,434248,3005302,5000,2026-08-19T18:33:36Z,クレジットカード,increment-run-002,workshop-participant,donation_events_002.csv,2026-08-21T14:20:02Z
EVT-FRS-006501,6006501,2010924,412058,3000594,12000,2026-08-19T18:33:53Z,電子決済,increment-run-002,workshop-participant,donation_events_002.csv,2026-08-21T14:20:02Z
EVT-FRS-002887,6002887,2011635,362077,3001243,25000,2026-08-19T18:35:18Z,クレジットカード,increment-run-002,workshop-participant,donation_events_002.csv,2026-08-21T14:20:02Z
EVT-FRS-014291,6014291,2000335,431001,3002599,10000,2026-08-19T18:36:08Z,コンビニ決済,increment-run-002,workshop-participant,donation_events_002.csv,2026-08-21T14:20:02Z
EVT-FRS-002446,6002446,2007000,042153,3004785,5000,2026-08-19T18:37:26Z,電子決済,increment-run-002,workshop-participant,donation_events_002.csv,2026-08-21T14:20:02Z
EVT-FRS-006605,6006605,2006276,012203,3005192,20000,2026-08-19T18:40:16Z,電子決済,increment-run-002,workshop-participant,donation_events_002.csv,2026-08-21T14:20:02Z
EVT-FRS-013993,6013993,2010844,112275,3000716,10000,2026-08-19T18:40:35Z,クレジットカード,increment-run-002,workshop-participant,donation_events_002.csv,2026-08-21T14:20:02Z
EVT-FRS-009473,6009473,2007374,452025,3003388,5000,2026-08-19T18:41:22Z,クレジットカード,increment-run-002,workshop-participant,donation_events_002.csv,2026-08-21T14:20:02Z
EVT-FRS-006430,6006430,2008361,341002,3000156,10000,2026-08-19T18:44:38Z,クレジットカード,increment-run-002,workshop-participant,donation_events_002.csv,2026-08-21T14:20:02Z
EVT-FRS-010255,6010255,2010999,402273,3000815,15000,2026-08-19T18:49:45Z,コンビニ決済,increment-run-002,workshop-participant,donation_events_002.csv,2026-08-21T14:20:02Z
EVT-FRS-014457,6014457,2006088,242161,3000330,10000,2026-08-19T19:02:41Z,銀行振込,increment-run-002,workshop-participant,donation_events_002.csv,2026-08-21T14:20:02Z
EVT-FRS-010392,6010392,2010953,112461,3001185,10000,2026-08-19T19:06:37Z,電子決済,increment-run-002,workshop-participant,donation_events_002.csv,2026-08-21T14:20:02Z
EVT-FRS-000810,6000810,2004805,112127,3002563,20000,2026-08-19T19:11:55Z,電子決済,increment-run-002,workshop-participant,donation_events_002.csv,2026-08-21T14:20:02Z
EVT-FRS-003290,6003290,2011656,015865,3005785,20000,2026-08-19T19:12:47Z,電子決済,increment-run-002,workshop-participant,donation_events_002.csv,2026-08-21T14:20:02Z
EVT-FRS-006065,6006065,2011899,392120,3005814,8000,2026-08-19T19:13:22Z,クレジットカード,increment-run-002,workshop-participant,donation_events_002.csv,2026-08-21T14:20:02Z
EVT-FRS-006960,6006960,2010451,042081,3001074,30000,2026-08-19T19:27:40Z,クレジットカード,increment-run-002,workshop-participant,donation_events_002.csv,2026-08-21T14:20:02Z
EVT-FRS-004514,6004514,2006063,132128,3004592,5000,2026-08-19T19:28:56Z,クレジットカード,increment-run-002,workshop-participant,donation_events_002.csv,2026-08-21T14:20:02Z
EVT-FRS-003922,6003922,2009899,232211,3003507,5000,2026-08-19T19:29:10Z,電子決済,increment-run-002,workshop-participant,donation_events_002.csv,2026-08-21T14:20:02Z
EVT-FRS-001203,6001203,2003303,082368,3003366,15000,2026-08-19T19:31:31Z,クレジットカード,increment-run-002,workshop-participant,donation_events_002.csv,2026-08-21T14:20:02Z
EVT-FRS-002960,6002960,2000659,292028,3004091,10000,2026-08-19T19:32:21Z,銀行振込,increment-run-002,workshop-participant,donation_events_002.csv,2026-08-21T14:20:02Z
EVT-FRS-014575,6014575,2000499,122181,3005127,8000,2026-08-19T19:36:18Z,コンビニ決済,increment-run-002,workshop-participant,donation_events_002.csv,2026-08-21T14:20:02Z
EVT-FRS-008938,6008938,2009806,282014,3002089,15000,2026-08-19T19:37:33Z,電子決済,increment-run-002,workshop-participant,donation_events_002.csv,2026-08-21T14:20:02Z
EVT-FRS-004729,6004729,2007605,202045,3004803,20000,2026-08-19T19:38:51Z,クレジットカード,increment-run-002,workshop-participant,donation_events_002.csv,2026-08-21T14:20:02Z
EVT-FRS-012201,6012201,2005827,082341,3000661,40000,2026-08-19T19:40:58Z,電子決済,increment-run-002,workshop-participant,donation_events_002.csv,2026-08-21T14:20:02Z
EVT-FRS-009340,6009340,2003461,072036,3000323,10000,2026-08-19T19:41:10Z,電子決済,increment-run-002,workshop-participant,donation_events_002.csv,2026-08-21T14:20:02Z
EVT-FRS-013320,6013320,2005417,454311,3004270,30000,2026-08-19T19:52:04Z,クレジットカード,increment-run-002,workshop-participant,donation_events_002.csv,2026-08-21T14:20:02Z
EVT-FRS-000913,6000913,2008429,141003,3001676,20000,2026-08-19T19:53:26Z,クレジットカード,increment-run-002,workshop-participant,donation_events_002.csv,2026-08-21T14:20:02Z
EVT-FRS-006774,6006774,2008728,172065,3004832,15000,2026-08-19T19:55:34Z,電子決済,increment-run-002,workshop-participant,donation_events_002.csv,2026-08-21T14:20:02Z
EVT-FRS-009063,6009063,2005888,422142,3000008,12000,2026-08-19T19:55:51Z,クレジットカード,increment-run-002,workshop-participant,donation_events_002.csv,2026-08-21T14:20:02Z
EVT-FRS-003108,6003108,2003556,032107,3003446,20000,2026-08-19T20:01:00Z,クレジットカード,increment-run-002,workshop-participant,donation_events_002.csv,2026-08-21T14:20:02Z
EVT-FRS-001197,6001197,2011226,332038,3004021,20000,2026-08-19T20:02:27Z,クレジットカード,increment-run-002,workshop-participant,donation_events_002.csv,2026-08-21T14:20:02Z
EVT-FRS-003537,6003537,2002211,244619,3002884,15000,2026-08-19T20:06:45Z,クレジットカード,increment-run-002,workshop-participant,donation_events_002.csv,2026-08-21T14:20:02Z
EVT-FRS-001061,6001061,2005542,392103,3003399,15000,2026-08-19T20:11:58Z,クレジットカード,increment-run-002,workshop-participant,donation_events_002.csv,2026-08-21T14:20:02Z
EVT-FRS-009466,6009466,2007011,122114,3003302,10000,2026-08-19T20:15:18Z,クレジットカード,increment-run-002,workshop-participant,donation_events_002.csv,2026-08-21T14:20:02Z
EVT-FRS-012482,6012482,2011549,016489,3005128,15000,2026-08-19T20:20:21Z,クレジットカード,increment-run-002,workshop-participant,donation_events_002.csv,2026-08-21T14:20:02Z
EVT-FRS-014619,6014619,2011863,222127,3000099,15000,2026-08-19T20:27:53Z,クレジットカード,increment-run-002,workshop-participant,donation_events_002.csv,2026-08-21T14:20:02Z
EVT-FRS-010130,6010130,2008261,202151,3002074,20000,2026-08-19T20:28:43Z,電子決済,increment-run-002,workshop-participant,donation_events_002.csv,2026-08-21T14:20:02Z
EVT-FRS-009403,6009403,2008583,462144,3001443,20000,2026-08-19T20:28:49Z,コンビニ決済,increment-run-002,workshop-participant,donation_events_002.csv,2026-08-21T14:20:02Z
EVT-FRS-001541,6001541,2002941,394114,3004253,10000,2026-08-19T20:38:19Z,クレジットカード,increment-run-002,workshop-participant,donation_events_002.csv,2026-08-21T14:20:02Z
EVT-FRS-010448,6010448,2001574,152137,3002925,10000,2026-08-19T20:43:48Z,銀行振込,increment-run-002,workshop-participant,donation_events_002.csv,2026-08-21T14:20:02Z
EVT-FRS-006904,6006904,2004024,182087,3001071,15000,2026-08-19T20:47:53Z,銀行振込,increment-run-002,workshop-participant,donation_events_002.csv,2026-08-21T14:20:02Z
EVT-FRS-001668,6001668,2007901,442143,3003948,10000,2026-08-19T20:47:57Z,電子決済,increment-run-002,workshop-participant,donation_events_002.csv,2026-08-21T14:20:02Z
EVT-FRS-005549,6005549,2002015,102091,3002296,20000,2026-08-19T20:53:30Z,クレジットカード,increment-run-002,workshop-participant,donation_events_002.csv,2026-08-21T14:20:02Z
EVT-FRS-000343,6000343,2009387,215074,3004460,10000,2026-08-19T20:55:07Z,クレジットカード,increment-run-002,workshop-participant,donation_events_002.csv,2026-08-21T14:20:02Z
EVT-FRS-004606,6004606,2008387,032093,3004659,12000,2026-08-19T21:06:16Z,銀行振込,increment-run-002,workshop-participant,donation_events_002.csv,2026-08-21T14:20:02Z
EVT-FRS-001878,6001878,2001931,112020,3006000,25000,2026-08-19T21:08:51Z,銀行振込,increment-run-002,workshop-participant,donation_events_002.csv,2026-08-21T14:20:02Z
EVT-FRS-003278,6003278,2007017,082104,3004360,5000,2026-08-19T21:22:16Z,クレジットカード,increment-run-002,workshop-participant,donation_events_002.csv,2026-08-21T14:20:02Z
EVT-FRS-008827,6008827,2010267,152081,3003357,40000,2026-08-19T21:27:25Z,クレジットカード,increment-run-002,workshop-participant,donation_events_002.csv,2026-08-21T14:20:02Z
EVT-FRS-003446,6003446,2011569,062049,3003313,15000,2026-08-19T21:30:54Z,コンビニ決済,increment-run-002,workshop-participant,donation_events_002.csv,2026-08-21T14:20:02Z
EVT-FRS-003068,6003068,2001039,432113,3005288,8000,2026-08-19T21:31:44Z,銀行振込,increment-run-002,workshop-participant,donation_events_002.csv,2026-08-21T14:20:02Z
EVT-FRS-003707,6003707,2007322,342157,3003725,10000,2026-08-19T21:32:44Z,銀行振込,increment-run-002,workshop-participant,donation_events_002.csv,2026-08-21T14:20:02Z
EVT-FRS-002210,6002210,2007813,012335,3001114,20000,2026-08-19T21:36:22Z,クレジットカード,increment-run-002,workshop-participant,donation_events_002.csv,2026-08-21T14:20:02Z
EVT-FRS-003371,6003371,2010751,082121,3005090,10000,2026-08-19T21:36:34Z,クレジットカード,increment-run-002,workshop-participant,donation_events_002.csv,2026-08-21T14:20:02Z
EVT-FRS-004046,6004046,2003035,322091,3005972,15000,2026-08-19T21:41:42Z,クレジットカード,increment-run-002,workshop-participant,donation_events_002.csv,2026-08-21T14:20:02Z
EVT-FRS-011993,6011993,2000841,092011,3003972,25000,2026-08-19T21:42:10Z,クレジットカード,increment-run-002,workshop-participant,donation_events_002.csv,2026-08-21T14:20:02Z
EVT-FRS-008700,6008700,2000864,132039,3000120,10000,2026-08-19T21:43:12Z,電子決済,increment-run-002,workshop-participant,donation_events_002.csv,2026-08-21T14:20:02Z
EVT-FRS-013185,6013185,2009934,152048,3002840,25000,2026-08-19T21:43:31Z,クレジットカード,increment-run-002,workshop-participant,donation_events_002.csv,2026-08-21T14:20:02Z
EVT-FRS-009757,6009757,2004594,435317,3004279,25000,2026-08-19T21:45:43Z,電子決済,increment-run-002,workshop-participant,donation_events_002.csv,2026-08-21T14:20:02Z
EVT-FRS-004352,6004352,2007060,052108,3002917,10000,2026-08-19T21:46:18Z,クレジットカード,increment-run-002,workshop-participant,donation_events_002.csv,2026-08-21T14:20:02Z
EVT-FRS-003430,6003430,2000902,152111,3000496,20000,2026-08-19T21:58:46Z,電子決済,increment-run-002,workshop-participant,donation_events_002.csv,2026-08-21T14:20:02Z
EVT-FRS-011282,6011282,2001099,202029,3000897,10000,2026-08-19T22:01:14Z,クレジットカード,increment-run-002,workshop-participant,donation_events_002.csv,2026-08-21T14:20:02Z
EVT-FRS-002922,6002922,2009502,282049,3005940,10000,2026-08-19T22:01:54Z,クレジットカード,increment-run-002,workshop-participant,donation_events_002.csv,2026-08-21T14:20:02Z
EVT-FRS-006745,6006745,2005326,082198,3001269,5000,2026-08-19T22:02:57Z,クレジットカード,increment-run-002,workshop-participant,donation_events_002.csv,2026-08-21T14:20:02Z
EVT-FRS-014413,6014413,2006856,012203,3002834,10000,2026-08-19T22:06:51Z,クレジットカード,increment-run-002,workshop-participant,donation_events_002.csv,2026-08-21T14:20:02Z
EVT-FRS-003875,6003875,2011277,122343,3004699,10000,2026-08-19T22:10:16Z,クレジットカード,increment-run-002,workshop-participant,donation_events_002.csv,2026-08-21T14:20:02Z
EVT-FRS-007736,6007736,2010680,112429,3005021,20000,2026-08-19T22:13:52Z,クレジットカード,increment-run-002,workshop-participant,donation_events_002.csv,2026-08-21T14:20:02Z
EVT-FRS-014553,6014553,2008657,172014,3005238,20000,2026-08-19T22:16:48Z,コンビニ決済,increment-run-002,workshop-participant,donation_events_002.csv,2026-08-21T14:20:02Z
EVT-FRS-005825,6005825,2000303,202177,3004374,60000,2026-08-19T22:18:08Z,クレジットカード,increment-run-002,workshop-participant,donation_events_002.csv,2026-08-21T14:20:02Z
EVT-FRS-009657,6009657,2004467,254428,3000262,30000,2026-08-19T22:25:16Z,クレジットカード,increment-run-002,workshop-participant,donation_events_002.csv,2026-08-21T14:20:02Z
EVT-FRS-010127,6010127,2001342,212199,3004261,50000,2026-08-19T22:26:40Z,電子決済,increment-run-002,workshop-participant,donation_events_002.csv,2026-08-21T14:20:02Z
EVT-FRS-013055,6013055,2003903,082201,3002934,30000,2026-08-19T22:30:34Z,クレジットカード,increment-run-002,workshop-participant,donation_events_002.csv,2026-08-21T14:20:02Z
EVT-FRS-009693,6009693,2009102,012360,3003301,5000,2026-08-19T22:32:59Z,クレジットカード,increment-run-002,workshop-participant,donation_events_002.csv,2026-08-21T14:20:02Z
EVT-FRS-001998,6001998,2008316,232335,3003654,10000,2026-08-19T22:38:10Z,コンビニ決済,increment-run-002,workshop-participant,donation_events_002.csv,2026-08-21T14:20:02Z
EVT-FRS-007725,6007725,2010188,232254,3003199,20000,2026-08-19T22:38:39Z,クレジットカード,increment-run-002,workshop-participant,donation_events_002.csv,2026-08-21T14:20:02Z
EVT-FRS-005679,6005679,2007738,052078,3002464,12000,2026-08-19T22:39:36Z,クレジットカード,increment-run-002,workshop-participant,donation_events_002.csv,2026-08-21T14:20:02Z
EVT-FRS-005559,6005559,2010481,012190,3004508,10000,2026-08-19T22:42:35Z,クレジットカード,increment-run-002,workshop-participant,donation_events_002.csv,2026-08-21T14:20:02Z
EVT-FRS-004537,6004537,2003806,131032,3004083,20000,2026-08-19T22:42:56Z,クレジットカード,increment-run-002,workshop-participant,donation_events_002.csv,2026-08-21T14:20:02Z
EVT-FRS-008306,6008306,2000226,272043,3003328,10000,2026-08-19T22:48:49Z,クレジットカード,increment-run-002,workshop-participant,donation_events_002.csv,2026-08-21T14:20:02Z
EVT-FRS-011793,6011793,2009820,272132,3003896,12000,2026-08-19T22:50:49Z,銀行振込,increment-run-002,workshop-participant,donation_events_002.csv,2026-08-21T14:20:02Z
EVT-FRS-001553,6001553,2010942,422088,3005641,10000,2026-08-19T22:55:04Z,クレジットカード,increment-run-002,workshop-participant,donation_events_002.csv,2026-08-21T14:20:02Z
EVT-FRS-007327,6007327,2004348,072036,3000323,10000,2026-08-19T22:56:09Z,銀行振込,increment-run-002,workshop-participant,donation_events_002.csv,2026-08-21T14:20:02Z
EVT-FRS-007925,6007925,2003604,032093,3005383,50000,2026-08-19T23:06:43Z,クレジットカード,increment-run-002,workshop-participant,donation_events_002.csv,2026-08-21T14:20:02Z
EVT-FRS-004432,6004432,2008076,372030,3002946,30000,2026-08-19T23:11:50Z,銀行振込,increment-run-002,workshop-participant,donation_events_002.csv,2026-08-21T14:20:02Z
EVT-FRS-007200,6007200,2011995,454214,3002883,8000,2026-08-19T23:12:49Z,銀行振込,increment-run-002,workshop-participant,donation_events_002.csv,2026-08-21T14:20:02Z
EVT-FRS-005069,6005069,2000681,272060,3004127,10000,2026-08-19T23:13:00Z,クレジットカード,increment-run-002,workshop-participant,donation_events_002.csv,2026-08-21T14:20:02Z
EVT-FRS-012187,6012187,2005750,182044,3004869,10000,2026-08-19T23:13:36Z,電子決済,increment-run-002,workshop-participant,donation_events_002.csv,2026-08-21T14:20:02Z
EVT-FRS-009078,6009078,2011759,406465,3002451,20000,2026-08-19T23:17:48Z,クレジットカード,increment-run-002,workshop-participant,donation_events_002.csv,2026-08-21T14:20:02Z
EVT-FRS-007790,6007790,2003291,184811,3000186,25000,2026-08-19T23:19:14Z,クレジットカード,increment-run-002,workshop-participant,donation_events_002.csv,2026-08-21T14:20:02Z
EVT-FRS-013541,6013541,2000910,142051,3000739,70000,2026-08-19T23:20:01Z,クレジットカード,increment-run-002,workshop-participant,donation_events_002.csv,2026-08-21T14:20:02Z
EVT-FRS-001573,6001573,2001468,282260,3005097,8000,2026-08-19T23:21:53Z,電子決済,increment-run-002,workshop-participant,donation_events_002.csv,2026-08-21T14:20:02Z
EVT-FRS-007133,6007133,2002864,092100,3001887,12000,2026-08-19T23:28:26Z,クレジットカード,increment-run-002,workshop-participant,donation_events_002.csv,2026-08-21T14:20:02Z
EVT-FRS-011146,6011146,2009660,402281,3005243,40000,2026-08-19T23:31:03Z,クレジットカード,increment-run-002,workshop-participant,donation_events_002.csv,2026-08-21T14:20:02Z
EVT-FRS-006844,6006844,2005330,462195,3001161,5000,2026-08-19T23:31:23Z,電子決済,increment-run-002,workshop-participant,donation_events_002.csv,2026-08-21T14:20:02Z
EVT-FRS-005818,6005818,2005548,261009,3000615,10000,2026-08-19T23:31:48Z,クレジットカード,increment-run-002,workshop-participant,donation_events_002.csv,2026-08-21T14:20:02Z
EVT-FRS-004283,6004283,2009413,212172,3001983,25000,2026-08-19T23:32:04Z,銀行振込,increment-run-002,workshop-participant,donation_events_002.csv,2026-08-21T14:20:02Z
EVT-FRS-001856,6001856,2011148,062022,3000677,15000,2026-08-19T23:40:26Z,電子決済,increment-run-002,workshop-participant,donation_events_002.csv,2026-08-21T14:20:02Z
EVT-FRS-007721,6007721,2005227,212105,3000627,20000,2026-08-19T23:41:10Z,コンビニ決済,increment-run-002,workshop-participant,donation_events_002.csv,2026-08-21T14:20:02Z
EVT-FRS-008219,6008219,2011932,282197,3001184,10000,2026-08-19T23:41:15Z,電子決済,increment-run-002,workshop-participant,donation_events_002.csv,2026-08-21T14:20:02Z
EVT-FRS-006626,6006626,2003727,262129,3000104,30000,2026-08-19T23:43:06Z,電子決済,increment-run-002,workshop-participant,donation_events_002.csv,2026-08-21T14:20:02Z
EVT-FRS-008268,6008268,2009718,016489,3004964,20000,2026-08-19T23:43:07Z,クレジットカード,increment-run-002,workshop-participant,donation_events_002.csv,2026-08-21T14:20:02Z
EVT-FRS-009634,6009634,2005425,092037,3003935,40000,2026-08-19T23:46:17Z,銀行振込,increment-run-002,workshop-participant,donation_events_002.csv,2026-08-21T14:20:02Z
EVT-FRS-010780,6010780,2010120,072052,3005037,5000,2026-08-19T23:47:57Z,クレジットカード,increment-run-002,workshop-participant,donation_events_002.csv,2026-08-21T14:20:02Z
EVT-FRS-007553,6007553,2007699,052132,3005222,20000,2026-08-19T23:48:20Z,コンビニ決済,increment-run-002,workshop-participant,donation_events_002.csv,2026-08-21T14:20:02Z
EVT-FRS-007719,6007719,2000790,452025,3004334,10000,2026-08-19T23:49:33Z,クレジットカード,increment-run-002,workshop-participant,donation_events_002.csv,2026-08-21T14:20:02Z
EVT-FRS-011103,6011103,2004460,222097,3004450,8000,2026-08-19T23:50:45Z,コンビニ決済,increment-run-002,workshop-participant,donation_events_002.csv,2026-08-21T14:20:02Z
EVT-FRS-002520,6002520,2011875,242161,3002472,20000,2026-08-19T23:57:57Z,銀行振込,increment-run-002,workshop-participant,donation_events_002.csv,2026-08-21T14:20:02Z
EVT-FRS-012561,6012561,2008185,271004,3001569,30000,2026-08-19T23:58:35Z,クレジットカード,increment-run-002,workshop-participant,donation_events_002.csv,2026-08-21T14:20:02Z
EVT-FRS-013979,6013979,2007074,442071,3000202,15000,2026-08-19T23:58:47Z,電子決済,increment-run-002,workshop-participant,donation_events_002.csv,2026-08-21T14:20:02Z
EVT-FRS-007136,6007136,2008672,122246,3000690,12000,2026-08-20T00:01:54Z,クレジットカード,increment-run-002,workshop-participant,donation_events_002.csv,2026-08-21T14:20:02Z
EVT-FRS-008575,6008575,2001629,452025,3003952,10000,2026-08-20T00:06:31Z,クレジットカード,increment-run-002,workshop-participant,donation_events_002.csv,2026-08-21T14:20:02Z
EVT-FRS-006787,6006787,2007610,282049,3003839,5000,2026-08-20T00:09:36Z,クレジットカード,increment-run-002,workshop-participant,donation_events_002.csv,2026-08-21T14:20:02Z
EVT-FRS-005591,6005591,2009031,092169,3005007,20000,2026-08-20T00:09:42Z,コンビニ決済,increment-run-002,workshop-participant,donation_events_002.csv,2026-08-21T14:20:02Z
EVT-FRS-013532,6013532,2011390,132128,3005919,5000,2026-08-20T00:09:49Z,クレジットカード,increment-run-002,workshop-participant,donation_events_002.csv,2026-08-21T14:20:02Z
EVT-FRS-011420,6011420,2001505,422029,3004477,10000,2026-08-20T00:10:37Z,クレジットカード,increment-run-002,workshop-participant,donation_events_002.csv,2026-08-21T14:20:02Z
EVT-FRS-010598,6010598,2001170,362026,3001212,15000,2026-08-20T00:22:56Z,クレジットカード,increment-run-002,workshop-participant,donation_events_002.csv,2026-08-21T14:20:02Z
EVT-FRS-009298,6009298,2003188,222267,3005958,25000,2026-08-20T00:27:16Z,クレジットカード,increment-run-002,workshop-participant,donation_events_002.csv,2026-08-21T14:20:02Z
EVT-FRS-000136,6000136,2007459,042072,3001255,10000,2026-08-20T00:30:47Z,クレジットカード,increment-run-002,workshop-participant,donation_events_002.csv,2026-08-21T14:20:02Z
EVT-FRS-005017,6005017,2010788,042072,3002128,15000,2026-08-20T00:32:05Z,クレジットカード,increment-run-002,workshop-participant,donation_events_002.csv,2026-08-21T14:20:02Z
EVT-FRS-009377,6009377,2004293,332097,3003430,30000,2026-08-20T00:35:03Z,クレジットカード,increment-run-002,workshop-participant,donation_events_002.csv,2026-08-21T14:20:02Z
EVT-FRS-004679,6004679,2001235,272132,3003322,10000,2026-08-20T00:36:28Z,クレジットカード,increment-run-002,workshop-participant,donation_events_002.csv,2026-08-21T14:20:02Z
EVT-FRS-008061,6008061,2009552,472140,3002203,25000,2026-08-20T00:37:53Z,クレジットカード,increment-run-002,workshop-participant,donation_events_002.csv,2026-08-21T14:20:02Z
EVT-FRS-004012,6004012,2008240,232041,3001014,40000,2026-08-20T00:38:15Z,クレジットカード,increment-run-002,workshop-participant,donation_events_002.csv,2026-08-21T14:20:02Z
EVT-FRS-000040,6000040,2006137,122114,3001493,10000,2026-08-20T00:39:09Z,クレジットカード,increment-run-002,workshop-participant,donation_events_002.csv,2026-08-21T14:20:02Z
EVT-FRS-001701,6001701,2004094,182028,3004811,10000,2026-08-20T00:43:57Z,クレジットカード,increment-run-002,workshop-participant,donation_events_002.csv,2026-08-21T14:20:02Z
EVT-FRS-003179,6003179,2010650,222054,3001986,25000,2026-08-20T00:46:56Z,クレジットカード,increment-run-002,workshop-participant,donation_events_002.csv,2026-08-21T14:20:02Z
EVT-FRS-002636,6002636,2000173,111007,3004877,20000,2026-08-20T00:48:10Z,電子決済,increment-run-002,workshop-participant,donation_events_002.csv,2026-08-21T14:20:02Z
EVT-FRS-003377,6003377,2004997,132276,3003923,20000,2026-08-20T00:49:57Z,クレジットカード,increment-run-002,workshop-participant,donation_events_002.csv,2026-08-21T14:20:02Z
EVT-FRS-009430,6009430,2007321,162027,3000597,25000,2026-08-20T00:52:24Z,電子決済,increment-run-002,workshop-participant,donation_events_002.csv,2026-08-21T14:20:02Z
EVT-FRS-008885,6008885,2003061,462080,3004455,20000,2026-08-20T01:00:54Z,クレジットカード,increment-run-002,workshop-participant,donation_events_002.csv,2026-08-21T14:20:02Z
EVT-FRS-014290,6014290,2011104,364894,3003860,30000,2026-08-20T01:01:35Z,クレジットカード,increment-run-002,workshop-participant,donation_events_002.csv,2026-08-21T14:20:02Z
EVT-FRS-007522,6007522,2009436,272086,3005568,20000,2026-08-20T01:04:00Z,コンビニ決済,increment-run-002,workshop-participant,donation_events_002.csv,2026-08-21T14:20:02Z
EVT-FRS-006971,6006971,2011354,014613,3002966,20000,2026-08-20T01:04:40Z,コンビニ決済,increment-run-002,workshop-participant,donation_events_002.csv,2026-08-21T14:20:02Z
EVT-FRS-005272,6005272,2000833,342025,3002620,10000,2026-08-20T01:17:16Z,電子決済,increment-run-002,workshop-participant,donation_events_002.csv,2026-08-21T14:20:02Z
EVT-FRS-001236,6001236,2011040,122297,3003117,20000,2026-08-20T01:18:51Z,クレジットカード,increment-run-002,workshop-participant,donation_events_002.csv,2026-08-21T14:20:02Z
EVT-FRS-001355,6001355,2003516,182044,3003831,12000,2026-08-20T01:19:33Z,クレジットカード,increment-run-002,workshop-participant,donation_events_002.csv,2026-08-21T14:20:02Z
EVT-FRS-012880,6012880,2001627,422029,3001088,15000,2026-08-20T01:20:00Z,クレジットカード,increment-run-002,workshop-participant,donation_events_002.csv,2026-08-21T14:20:02Z
EVT-FRS-011469,6011469,2005567,352128,3002293,12000,2026-08-20T01:22:35Z,クレジットカード,increment-run-002,workshop-participant,donation_events_002.csv,2026-08-21T14:20:02Z
EVT-FRS-009469,6009469,2001390,012190,3001672,15000,2026-08-20T01:25:45Z,クレジットカード,increment-run-002,workshop-participant,donation_events_002.csv,2026-08-21T14:20:02Z
EVT-FRS-005113,6005113,2003608,132110,3002960,15000,2026-08-20T01:31:14Z,電子決済,increment-run-002,workshop-participant,donation_events_002.csv,2026-08-21T14:20:02Z
EVT-FRS-012771,6012771,2003950,112062,3002255,15000,2026-08-20T01:32:21Z,電子決済,increment-run-002,workshop-participant,donation_events_002.csv,2026-08-21T14:20:02Z
EVT-FRS-005031,6005031,2005251,064025,3000088,5000,2026-08-20T01:42:09Z,クレジットカード,increment-run-002,workshop-participant,donation_events_002.csv,2026-08-21T14:20:02Z
EVT-FRS-014301,6014301,2002491,174611,3000631,25000,2026-08-20T01:42:58Z,電子決済,increment-run-002,workshop-participant,donation_events_002.csv,2026-08-21T14:20:02Z
EVT-FRS-013837,6013837,2009673,232084,3005513,10000,2026-08-20T01:45:08Z,クレジットカード,increment-run-002,workshop-participant,donation_events_002.csv,2026-08-21T14:20:02Z
EVT-FRS-014295,6014295,2000568,452025,3003388,20000,2026-08-20T01:45:54Z,電子決済,increment-run-002,workshop-participant,donation_events_002.csv,2026-08-21T14:20:02Z
EVT-FRS-003126,6003126,2002569,162019,3002576,15000,2026-08-20T01:56:15Z,電子決済,increment-run-002,workshop-participant,donation_events_002.csv,2026-08-21T14:20:02Z
EVT-FRS-004473,6004473,2005121,272230,3002861,25000,2026-08-20T02:00:14Z,電子決済,increment-run-002,workshop-participant,donation_events_002.csv,2026-08-21T14:20:02Z
EVT-FRS-005926,6005926,2001700,232289,3000052,10000,2026-08-20T02:03:07Z,クレジットカード,increment-run-002,workshop-participant,donation_events_002.csv,2026-08-21T14:20:02Z
EVT-FRS-006401,6006401,2007108,232262,3001292,10000,2026-08-20T02:04:48Z,クレジットカード,increment-run-002,workshop-participant,donation_events_002.csv,2026-08-21T14:20:02Z
EVT-FRS-008272,6008272,2000367,282154,3001387,10000,2026-08-20T02:09:08Z,クレジットカード,increment-run-002,workshop-participant,donation_events_002.csv,2026-08-21T14:20:02Z
EVT-FRS-003803,6003803,2006213,332160,3005310,20000,2026-08-20T02:14:33Z,電子決済,increment-run-002,workshop-participant,donation_events_002.csv,2026-08-21T14:20:02Z
EVT-FRS-002779,6002779,2010369,402044,3002887,10000,2026-08-20T02:14:38Z,クレジットカード,increment-run-002,workshop-participant,donation_events_002.csv,2026-08-21T14:20:02Z
EVT-FRS-014128,6014128,2007887,302091,3000684,10000,2026-08-20T02:18:31Z,クレジットカード,increment-run-002,workshop-participant,donation_events_002.csv,2026-08-21T14:20:02Z
EVT-FRS-012510,6012510,2004170,122114,3003302,10000,2026-08-20T02:20:17Z,電子決済,increment-run-002,workshop-participant,donation_events_002.csv,2026-08-21T14:20:02Z
EVT-FRS-012052,6012052,2004149,052132,3001832,10000,2026-08-20T02:29:32Z,クレジットカード,increment-run-002,workshop-participant,donation_events_002.csv,2026-08-21T14:20:02Z
EVT-FRS-007168,6007168,2010149,454435,3002397,20000,2026-08-20T02:37:45Z,コンビニ決済,increment-run-002,workshop-participant,donation_events_002.csv,2026-08-21T14:20:02Z
EVT-FRS-013004,6013004,2001116,012173,3005932,20000,2026-08-20T02:41:23Z,クレジットカード,increment-run-002,workshop-participant,donation_events_002.csv,2026-08-21T14:20:02Z
EVT-FRS-004917,6004917,2009997,272132,3002927,8000,2026-08-20T02:42:24Z,電子決済,increment-run-002,workshop-participant,donation_events_002.csv,2026-08-21T14:20:02Z
EVT-FRS-010765,6010765,2001671,432164,3000310,15000,2026-08-20T02:48:20Z,電子決済,increment-run-002,workshop-participant,donation_events_002.csv,2026-08-21T14:20:02Z
EVT-FRS-012709,6012709,2002411,082163,3005032,12000,2026-08-20T02:50:20Z,クレジットカード,increment-run-002,workshop-participant,donation_events_002.csv,2026-08-21T14:20:02Z
EVT-FRS-010253,6010253,2000839,464686,3003694,12000,2026-08-20T02:51:02Z,電子決済,increment-run-002,workshop-participant,donation_events_002.csv,2026-08-21T14:20:02Z
EVT-FRS-002400,6002400,2000746,431001,3002117,20000,2026-08-20T03:09:01Z,クレジットカード,increment-run-002,workshop-participant,donation_events_002.csv,2026-08-21T14:20:02Z
EVT-FRS-008857,6008857,2004407,272264,3004594,10000,2026-08-20T03:10:04Z,クレジットカード,increment-run-002,workshop-participant,donation_events_002.csv,2026-08-21T14:20:02Z
EVT-FRS-008522,6008522,2005512,285854,3003381,20000,2026-08-20T03:11:19Z,クレジットカード,increment-run-002,workshop-participant,donation_events_002.csv,2026-08-21T14:20:02Z
EVT-FRS-013256,6013256,2006792,022012,3003213,10000,2026-08-20T03:14:02Z,クレジットカード,increment-run-002,workshop-participant,donation_events_002.csv,2026-08-21T14:20:02Z
EVT-FRS-008467,6008467,2011711,012246,3000588,5000,2026-08-20T03:21:00Z,クレジットカード,increment-run-002,workshop-participant,donation_events_002.csv,2026-08-21T14:20:02Z
EVT-FRS-005737,6005737,2007471,112437,3003899,8000,2026-08-20T03:22:56Z,電子決済,increment-run-002,workshop-participant,donation_events_002.csv,2026-08-21T14:20:02Z
EVT-FRS-004615,6004615,2011834,092151,3001911,10000,2026-08-20T03:25:22Z,クレジットカード,increment-run-002,workshop-participant,donation_events_002.csv,2026-08-21T14:20:02Z
EVT-FRS-000543,6000543,2002315,302031,3000932,12000,2026-08-20T03:30:08Z,電子決済,increment-run-002,workshop-participant,donation_events_002.csv,2026-08-21T14:20:02Z
EVT-FRS-013048,6013048,2003085,012181,3002830,10000,2026-08-20T03:33:26Z,コンビニ決済,increment-run-002,workshop-participant,donation_events_002.csv,2026-08-21T14:20:02Z
EVT-FRS-002418,6002418,2007834,152226,3005631,20000,2026-08-20T03:33:48Z,クレジットカード,increment-run-002,workshop-participant,donation_events_002.csv,2026-08-21T14:20:02Z
EVT-FRS-013569,6013569,2002289,363219,3003673,15000,2026-08-20T03:37:09Z,クレジットカード,increment-run-002,workshop-participant,donation_events_002.csv,2026-08-21T14:20:02Z
EVT-FRS-000633,6000633,2002428,212059,3000685,5000,2026-08-20T03:41:29Z,コンビニ決済,increment-run-002,workshop-participant,donation_events_002.csv,2026-08-21T14:20:02Z
EVT-FRS-001684,6001684,2003735,284424,3005726,10000,2026-08-20T03:43:02Z,クレジットカード,increment-run-002,workshop-participant,donation_events_002.csv,2026-08-21T14:20:02Z
EVT-FRS-012210,6012210,2001176,162086,3003649,30000,2026-08-20T03:43:16Z,クレジットカード,increment-run-002,workshop-participant,donation_events_002.csv,2026-08-21T14:20:02Z
EVT-FRS-010897,6010897,2002607,465011,3004872,15000,2026-08-20T03:46:32Z,電子決済,increment-run-002,workshop-participant,donation_events_002.csv,2026-08-21T14:20:02Z
EVT-FRS-002240,6002240,2005443,352152,3000111,10000,2026-08-20T03:46:53Z,クレジットカード,increment-run-002,workshop-participant,donation_events_002.csv,2026-08-21T14:20:02Z
EVT-FRS-004376,6004376,2008692,162086,3000308,50000,2026-08-20T03:48:40Z,クレジットカード,increment-run-002,workshop-participant,donation_events_002.csv,2026-08-21T14:20:02Z
EVT-FRS-002575,6002575,2010487,272281,3005372,15000,2026-08-20T04:01:35Z,クレジットカード,increment-run-002,workshop-participant,donation_events_002.csv,2026-08-21T14:20:02Z
EVT-FRS-011570,6011570,2009808,232084,3005513,25000,2026-08-20T04:03:13Z,クレジットカード,increment-run-002,workshop-participant,donation_events_002.csv,2026-08-21T14:20:02Z
EVT-FRS-003593,6003593,2000138,262056,3002305,70000,2026-08-20T04:04:27Z,電子決済,increment-run-002,workshop-participant,donation_events_002.csv,2026-08-21T14:20:02Z
EVT-FRS-012381,6012381,2008163,272191,3002558,20000,2026-08-20T04:06:43Z,クレジットカード,increment-run-002,workshop-participant,donation_events_002.csv,2026-08-21T14:20:02Z
EVT-FRS-005533,6005533,2000694,032140,3001928,10000,2026-08-20T04:08:47Z,クレジットカード,increment-run-002,workshop-participant,donation_events_002.csv,2026-08-21T14:20:02Z
EVT-FRS-012668,6012668,2011357,452050,3000177,5000,2026-08-20T04:08:57Z,クレジットカード,increment-run-002,workshop-participant,donation_events_002.csv,2026-08-21T14:20:02Z
EVT-FRS-000716,6000716,2002616,052124,3004385,5000,2026-08-20T04:17:50Z,クレジットカード,increment-run-002,workshop-participant,donation_events_002.csv,2026-08-21T14:20:02Z
EVT-FRS-003316,6003316,2004795,362042,3002978,20000,2026-08-20T04:18:01Z,クレジットカード,increment-run-002,workshop-participant,donation_events_002.csv,2026-08-21T14:20:02Z
EVT-FRS-007161,6007161,2001640,122343,3001496,15000,2026-08-20T04:20:17Z,電子決済,increment-run-002,workshop-participant,donation_events_002.csv,2026-08-21T14:20:02Z
EVT-FRS-003878,6003878,2000643,072095,3004630,5000,2026-08-20T04:22:10Z,コンビニ決済,increment-run-002,workshop-participant,donation_events_002.csv,2026-08-21T14:20:02Z
EVT-FRS-007836,6007836,2003811,062065,3003267,10000,2026-08-20T04:28:13Z,電子決済,increment-run-002,workshop-participant,donation_events_002.csv,2026-08-21T14:20:02Z
EVT-FRS-013763,6013763,2006873,222089,3001999,10000,2026-08-20T04:29:43Z,クレジットカード,increment-run-002,workshop-participant,donation_events_002.csv,2026-08-21T14:20:02Z
EVT-FRS-001219,6001219,2003738,131164,3004671,15000,2026-08-20T04:31:06Z,銀行振込,increment-run-002,workshop-participant,donation_events_002.csv,2026-08-21T14:20:02Z
EVT-FRS-004210,6004210,2006633,042111,3004705,40000,2026-08-20T04:36:42Z,クレジットカード,increment-run-002,workshop-participant,donation_events_002.csv,2026-08-21T14:20:02Z
EVT-FRS-000720,6000720,2001039,035017,3001889,10000,2026-08-20T04:42:09Z,クレジットカード,increment-run-002,workshop-participant,donation_events_002.csv,2026-08-21T14:20:02Z
EVT-FRS-008576,6008576,2007130,082201,3002934,15000,2026-08-20T04:42:15Z,クレジットカード,increment-run-002,workshop-participant,donation_events_002.csv,2026-08-21T14:20:02Z
EVT-FRS-005908,6005908,2002187,112283,3005284,30000,2026-08-20T04:42:34Z,クレジットカード,increment-run-002,workshop-participant,donation_events_002.csv,2026-08-21T14:20:02Z
EVT-FRS-013009,6013009,2004559,112275,3001154,20000,2026-08-20T04:42:46Z,銀行振込,increment-run-002,workshop-participant,donation_events_002.csv,2026-08-21T14:20:02Z
EVT-FRS-008798,6008798,2002839,402192,3005528,5000,2026-08-20T04:49:28Z,クレジットカード,increment-run-002,workshop-participant,donation_events_002.csv,2026-08-21T14:20:02Z
EVT-FRS-014612,6014612,2004433,392065,3001319,5000,2026-08-20T04:56:05Z,コンビニ決済,increment-run-002,workshop-participant,donation_events_002.csv,2026-08-21T14:20:02Z
EVT-FRS-005868,6005868,2001242,353418,3001389,150000,2026-08-20T04:58:15Z,クレジットカード,increment-run-002,workshop-participant,donation_events_002.csv,2026-08-21T14:20:02Z
EVT-FRS-010207,6010207,2010914,454290,3004822,5000,2026-08-20T04:59:02Z,クレジットカード,increment-run-002,workshop-participant,donation_events_002.csv,2026-08-21T14:20:02Z
EVT-FRS-001324,6001324,2005030,082325,3003980,20000,2026-08-20T04:59:10Z,クレジットカード,increment-run-002,workshop-participant,donation_events_002.csv,2026-08-21T14:20:02Z
EVT-FRS-005241,6005241,2010248,352012,3002865,5000,2026-08-20T05:02:29Z,銀行振込,increment-run-002,workshop-participant,donation_events_002.csv,2026-08-21T14:20:02Z
EVT-FRS-007446,6007446,2001968,362042,3002190,15000,2026-08-20T05:02:41Z,クレジットカード,increment-run-002,workshop-participant,donation_events_002.csv,2026-08-21T14:20:02Z
EVT-FRS-003870,6003870,2001639,272027,3003975,20000,2026-08-20T05:05:11Z,電子決済,increment-run-002,workshop-participant,donation_events_002.csv,2026-08-21T14:20:02Z
EVT-FRS-011522,6011522,2008704,212199,3004261,10000,2026-08-20T05:10:27Z,電子決済,increment-run-002,workshop-participant,donation_events_002.csv,2026-08-21T14:20:02Z
EVT-FRS-008304,6008304,2001200,152188,3000505,20000,2026-08-20T05:11:17Z,クレジットカード,increment-run-002,workshop-participant,donation_events_002.csv,2026-08-21T14:20:02Z
EVT-FRS-011142,6011142,2000039,082228,3001538,10000,2026-08-20T05:12:44Z,電子決済,increment-run-002,workshop-participant,donation_events_002.csv,2026-08-21T14:20:02Z
EVT-FRS-005870,6005870,2008082,442143,3003948,15000,2026-08-20T05:14:52Z,クレジットカード,increment-run-002,workshop-participant,donation_events_002.csv,2026-08-21T14:20:02Z
EVT-FRS-013623,6013623,2003477,012238,3001524,30000,2026-08-20T05:16:43Z,銀行振込,increment-run-002,workshop-participant,donation_events_002.csv,2026-08-21T14:20:02Z
EVT-FRS-013709,6013709,2011798,012190,3002126,12000,2026-08-20T05:18:34Z,クレジットカード,increment-run-002,workshop-participant,donation_events_002.csv,2026-08-21T14:20:02Z
EVT-FRS-006920,6006920,2009899,242039,3005424,10000,2026-08-20T05:18:38Z,クレジットカード,increment-run-002,workshop-participant,donation_events_002.csv,2026-08-21T14:20:02Z
EVT-FRS-002562,6002562,2005133,272132,3003322,5000,2026-08-20T05:23:00Z,電子決済,increment-run-002,workshop-participant,donation_events_002.csv,2026-08-21T14:20:02Z
EVT-FRS-008115,6008115,2006200,122025,3001708,50000,2026-08-20T05:32:16Z,銀行振込,increment-run-002,workshop-participant,donation_events_002.csv,2026-08-21T14:20:02Z
EVT-FRS-014160,6014160,2001785,012106,3001437,5000,2026-08-20T05:35:36Z,銀行振込,increment-run-002,workshop-participant,donation_events_002.csv,2026-08-21T14:20:02Z
EVT-FRS-005340,6005340,2008803,462217,3002878,10000,2026-08-20T05:37:18Z,銀行振込,increment-run-002,workshop-participant,donation_events_002.csv,2026-08-21T14:20:02Z
EVT-FRS-000505,6000505,2011061,222267,3004162,15000,2026-08-20T05:52:13Z,クレジットカード,increment-run-002,workshop-participant,donation_events_002.csv,2026-08-21T14:20:02Z
EVT-FRS-009729,6009729,2009705,012190,3001672,10000,2026-08-20T05:52:58Z,電子決済,increment-run-002,workshop-participant,donation_events_002.csv,2026-08-21T14:20:02Z
EVT-FRS-007958,6007958,2010650,132071,3002436,8000,2026-08-20T05:53:20Z,クレジットカード,increment-run-002,workshop-participant,donation_events_002.csv,2026-08-21T14:20:02Z
EVT-FRS-006249,6006249,2007974,012190,3001672,15000,2026-08-20T05:53:55Z,電子決済,increment-run-002,workshop-participant,donation_events_002.csv,2026-08-21T14:20:02Z
EVT-FRS-010296,6010296,2005216,402281,3003076,12000,2026-08-20T06:02:41Z,電子決済,increment-run-002,workshop-participant,donation_events_002.csv,2026-08-21T14:20:02Z
EVT-FRS-006043,6006043,2004676,142051,3000739,10000,2026-08-20T06:07:49Z,電子決済,increment-run-002,workshop-participant,donation_events_002.csv,2026-08-21T14:20:02Z
EVT-FRS-006378,6006378,2007314,372013,3003657,15000,2026-08-20T06:08:57Z,クレジットカード,increment-run-002,workshop-participant,donation_events_002.csv,2026-08-21T14:20:02Z
EVT-FRS-011120,6011120,2004333,432041,3005679,20000,2026-08-20T06:12:29Z,クレジットカード,increment-run-002,workshop-participant,donation_events_002.csv,2026-08-21T14:20:02Z
EVT-FRS-011100,6011100,2009486,272230,3002861,10000,2026-08-20T06:20:06Z,電子決済,increment-run-002,workshop-participant,donation_events_002.csv,2026-08-21T14:20:02Z
EVT-FRS-001965,6001965,2004162,122041,3000583,8000,2026-08-20T06:24:26Z,電子決済,increment-run-002,workshop-participant,donation_events_002.csv,2026-08-21T14:20:02Z
EVT-FRS-005354,6005354,2005417,014613,3005730,5000,2026-08-20T06:25:26Z,クレジットカード,increment-run-002,workshop-participant,donation_events_002.csv,2026-08-21T14:20:02Z
EVT-FRS-005479,6005479,2010554,092118,3002784,10000,2026-08-20T06:28:46Z,銀行振込,increment-run-002,workshop-participant,donation_events_002.csv,2026-08-21T14:20:02Z
EVT-FRS-007159,6007159,2002532,052027,3005033,15000,2026-08-20T06:29:23Z,クレジットカード,increment-run-002,workshop-participant,donation_events_002.csv,2026-08-21T14:20:02Z
EVT-FRS-004533,6004533,2009413,262064,3000199,100000,2026-08-20T06:30:21Z,銀行振込,increment-run-002,workshop-participant,donation_events_002.csv,2026-08-21T14:20:02Z
EVT-FRS-000808,6000808,2005890,282278,3004467,10000,2026-08-20T06:32:54Z,銀行振込,increment-run-002,workshop-participant,donation_events_002.csv,2026-08-21T14:20:02Z
EVT-FRS-013526,6013526,2006038,122319,3004608,12000,2026-08-20T06:35:24Z,電子決済,increment-run-002,workshop-participant,donation_events_002.csv,2026-08-21T14:20:02Z
EVT-FRS-006591,6006591,2008498,452025,3002265,10000,2026-08-20T06:37:05Z,クレジットカード,increment-run-002,workshop-participant,donation_events_002.csv,2026-08-21T14:20:02Z
EVT-FRS-007019,6007019,2005951,422053,3001130,25000,2026-08-20T06:37:31Z,クレジットカード,increment-run-002,workshop-participant,donation_events_002.csv,2026-08-21T14:20:02Z
EVT-FRS-010416,6010416,2001566,452041,3004484,25000,2026-08-20T06:37:50Z,クレジットカード,increment-run-002,workshop-participant,donation_events_002.csv,2026-08-21T14:20:02Z
EVT-FRS-014583,6014583,2006862,072095,3003970,25000,2026-08-20T06:40:35Z,電子決済,increment-run-002,workshop-participant,donation_events_002.csv,2026-08-21T14:20:02Z
EVT-FRS-012626,6012626,2008426,202029,3000551,20000,2026-08-20T06:41:04Z,コンビニ決済,increment-run-002,workshop-participant,donation_events_002.csv,2026-08-21T14:20:02Z
EVT-FRS-004147,6004147,2001937,142174,3001616,10000,2026-08-20T06:44:42Z,クレジットカード,increment-run-002,workshop-participant,donation_events_002.csv,2026-08-21T14:20:02Z
EVT-FRS-007995,6007995,2008846,452025,3002265,10000,2026-08-20T06:46:17Z,クレジットカード,increment-run-002,workshop-participant,donation_events_002.csv,2026-08-21T14:20:02Z
EVT-FRS-011761,6011761,2003034,452025,3004014,20000,2026-08-20T06:56:32Z,クレジットカード,increment-run-002,workshop-participant,donation_events_002.csv,2026-08-21T14:20:02Z
EVT-FRS-005461,6005461,2005451,022012,3000540,25000,2026-08-20T06:57:31Z,クレジットカード,increment-run-002,workshop-participant,donation_events_002.csv,2026-08-21T14:20:02Z
EVT-FRS-014494,6014494,2002465,392014,3002505,20000,2026-08-20T06:58:47Z,クレジットカード,increment-run-002,workshop-participant,donation_events_002.csv,2026-08-21T14:20:02Z
EVT-FRS-002693,6002693,2004831,221007,3004284,15000,2026-08-20T07:01:44Z,電子決済,increment-run-002,workshop-participant,donation_events_002.csv,2026-08-21T14:20:02Z
EVT-FRS-004938,6004938,2002018,122131,3002877,10000,2026-08-20T07:03:07Z,クレジットカード,increment-run-002,workshop-participant,donation_events_002.csv,2026-08-21T14:20:02Z
EVT-FRS-001424,6001424,2008692,452041,3004484,10000,2026-08-20T07:05:56Z,コンビニ決済,increment-run-002,workshop-participant,donation_events_002.csv,2026-08-21T14:20:02Z
EVT-FRS-014440,6014440,2010077,072052,3000698,8000,2026-08-20T07:10:41Z,クレジットカード,increment-run-002,workshop-participant,donation_events_002.csv,2026-08-21T14:20:02Z
EVT-FRS-010118,6010118,2001262,112071,3001439,10000,2026-08-20T07:16:17Z,クレジットカード,increment-run-002,workshop-participant,donation_events_002.csv,2026-08-21T14:20:02Z
EVT-FRS-002432,6002432,2000508,404489,3005467,10000,2026-08-20T07:17:10Z,クレジットカード,increment-run-002,workshop-participant,donation_events_002.csv,2026-08-21T14:20:02Z
EVT-FRS-001928,6001928,2000597,163210,3001111,10000,2026-08-20T07:18:15Z,クレジットカード,increment-run-002,workshop-participant,donation_events_002.csv,2026-08-21T14:20:02Z
EVT-FRS-013186,6013186,2007474,282031,3001092,30000,2026-08-20T07:21:18Z,銀行振込,increment-run-002,workshop-participant,donation_events_002.csv,2026-08-21T14:20:02Z
EVT-FRS-014556,6014556,2007346,082023,3002487,25000,2026-08-20T07:24:04Z,クレジットカード,increment-run-002,workshop-participant,donation_events_002.csv,2026-08-21T14:20:02Z
EVT-FRS-004240,6004240,2004833,063215,3005229,10000,2026-08-20T07:30:22Z,クレジットカード,increment-run-002,workshop-participant,donation_events_002.csv,2026-08-21T14:20:02Z
EVT-FRS-000131,6000131,2008770,232301,3003871,15000,2026-08-20T07:35:30Z,クレジットカード,increment-run-002,workshop-participant,donation_events_002.csv,2026-08-21T14:20:02Z
EVT-FRS-001429,6001429,2008901,402061,3002613,15000,2026-08-20T07:38:35Z,電子決済,increment-run-002,workshop-participant,donation_events_002.csv,2026-08-21T14:20:02Z
EVT-FRS-010712,6010712,2008372,132276,3002654,8000,2026-08-20T07:52:13Z,クレジットカード,increment-run-002,workshop-participant,donation_events_002.csv,2026-08-21T14:20:02Z
EVT-FRS-011144,6011144,2000379,182061,3003628,20000,2026-08-20T07:56:51Z,クレジットカード,increment-run-002,workshop-participant,donation_events_002.csv,2026-08-21T14:20:02Z
EVT-FRS-009857,6009857,2004057,331007,3002982,12000,2026-08-20T08:04:08Z,電子決済,increment-run-002,workshop-participant,donation_events_002.csv,2026-08-21T14:20:02Z
EVT-FRS-012435,6012435,2006056,132233,3004413,8000,2026-08-20T08:08:44Z,クレジットカード,increment-run-002,workshop-participant,donation_events_002.csv,2026-08-21T14:20:02Z
EVT-FRS-009198,6009198,2005114,032131,3002172,15000,2026-08-20T08:09:12Z,クレジットカード,increment-run-002,workshop-participant,donation_events_002.csv,2026-08-21T14:20:02Z
EVT-FRS-002267,6002267,2004587,122394,3001416,5000,2026-08-20T08:10:48Z,クレジットカード,increment-run-002,workshop-participant,donation_events_002.csv,2026-08-21T14:20:02Z
EVT-FRS-006192,6006192,2006868,012165,3000543,50000,2026-08-20T08:11:44Z,銀行振込,increment-run-002,workshop-participant,donation_events_002.csv,2026-08-21T14:20:02Z
EVT-FRS-006351,6006351,2010286,082368,3003726,20000,2026-08-20T08:11:48Z,クレジットカード,increment-run-002,workshop-participant,donation_events_002.csv,2026-08-21T14:20:02Z
EVT-FRS-007703,6007703,2004620,261009,3000931,15000,2026-08-20T08:17:57Z,クレジットカード,increment-run-002,workshop-participant,donation_events_002.csv,2026-08-21T14:20:02Z
EVT-FRS-002509,6002509,2011914,112062,3003107,5000,2026-08-20T08:21:35Z,電子決済,increment-run-002,workshop-participant,donation_events_002.csv,2026-08-21T14:20:02Z
EVT-FRS-012548,6012548,2005432,402079,3001987,20000,2026-08-20T08:23:22Z,コンビニ決済,increment-run-002,workshop-participant,donation_events_002.csv,2026-08-21T14:20:02Z
EVT-FRS-010998,6010998,2003297,162051,3004213,40000,2026-08-20T08:32:40Z,クレジットカード,increment-run-002,workshop-participant,donation_events_002.csv,2026-08-21T14:20:02Z
EVT-FRS-005200,6005200,2009408,422037,3004900,15000,2026-08-20T08:40:06Z,クレジットカード,increment-run-002,workshop-participant,donation_events_002.csv,2026-08-21T14:20:02Z
EVT-FRS-009171,6009171,2001339,113484,3000057,30000,2026-08-20T08:40:32Z,クレジットカード,increment-run-002,workshop-participant,donation_events_002.csv,2026-08-21T14:20:02Z
EVT-FRS-008359,6008359,2010440,016489,3000317,10000,2026-08-20T08:42:32Z,コンビニ決済,increment-run-002,workshop-participant,donation_events_002.csv,2026-08-21T14:20:02Z
EVT-FRS-006568,6006568,2010615,112305,3004215,20000,2026-08-20T08:46:23Z,クレジットカード,increment-run-002,workshop-participant,donation_events_002.csv,2026-08-21T14:20:02Z
EVT-FRS-012670,6012670,2001068,402249,3005831,25000,2026-08-20T08:47:29Z,クレジットカード,increment-run-002,workshop-participant,donation_events_002.csv,2026-08-21T14:20:02Z
EVT-FRS-009206,6009206,2001853,112089,3004541,5000,2026-08-20T08:49:13Z,クレジットカード,increment-run-002,workshop-participant,donation_events_002.csv,2026-08-21T14:20:02Z
EVT-FRS-005016,6005016,2003179,202142,3002964,10000,2026-08-20T08:50:10Z,銀行振込,increment-run-002,workshop-participant,donation_events_002.csv,2026-08-21T14:20:02Z
EVT-FRS-003731,6003731,2010152,462039,3004043,25000,2026-08-20T08:50:50Z,クレジットカード,increment-run-002,workshop-participant,donation_events_002.csv,2026-08-21T14:20:02Z
EVT-FRS-001877,6001877,2011093,132233,3001484,10000,2026-08-20T08:51:54Z,電子決済,increment-run-002,workshop-participant,donation_events_002.csv,2026-08-21T14:20:02Z
EVT-FRS-006422,6006422,2008442,442097,3001905,25000,2026-08-20T08:56:16Z,クレジットカード,increment-run-002,workshop-participant,donation_events_002.csv,2026-08-21T14:20:02Z
EVT-FRS-014146,6014146,2007008,402184,3001031,15000,2026-08-20T08:59:09Z,クレジットカード,increment-run-002,workshop-participant,donation_events_002.csv,2026-08-21T14:20:02Z
EVT-FRS-001721,6001721,2010080,022055,3000305,25000,2026-08-20T09:01:28Z,クレジットカード,increment-run-002,workshop-participant,donation_events_002.csv,2026-08-21T14:20:02Z
EVT-FRS-010078,6010078,2007784,242128,3000904,15000,2026-08-20T09:11:12Z,クレジットカード,increment-run-002,workshop-participant,donation_events_002.csv,2026-08-21T14:20:02Z
EVT-FRS-000732,6000732,2010823,362051,3004248,20000,2026-08-20T09:12:06Z,クレジットカード,increment-run-002,workshop-participant,donation_events_002.csv,2026-08-21T14:20:02Z
EVT-FRS-008547,6008547,2000968,342157,3003725,20000,2026-08-20T09:13:02Z,クレジットカード,increment-run-002,workshop-participant,donation_events_002.csv,2026-08-21T14:20:02Z
EVT-FRS-005502,6005502,2001458,402265,3001490,12000,2026-08-20T09:14:25Z,クレジットカード,increment-run-002,workshop-participant,donation_events_002.csv,2026-08-21T14:20:02Z
EVT-FRS-010046,6010046,2000320,152081,3004114,30000,2026-08-20T09:15:23Z,クレジットカード,increment-run-002,workshop-participant,donation_events_002.csv,2026-08-21T14:20:02Z
EVT-FRS-008074,6008074,2003826,273414,3001638,10000,2026-08-20T09:16:07Z,クレジットカード,increment-run-002,workshop-participant,donation_events_002.csv,2026-08-21T14:20:02Z
EVT-FRS-007422,6007422,2010707,392120,3005814,20000,2026-08-20T09:16:24Z,クレジットカード,increment-run-002,workshop-participant,donation_events_002.csv,2026-08-21T14:20:02Z
EVT-FRS-011410,6011410,2007956,213616,3005985,20000,2026-08-20T09:22:32Z,コンビニ決済,increment-run-002,workshop-participant,donation_events_002.csv,2026-08-21T14:20:02Z
EVT-FRS-006716,6006716,2005649,432032,3004207,10000,2026-08-20T09:27:00Z,クレジットカード,increment-run-002,workshop-participant,donation_events_002.csv,2026-08-21T14:20:02Z
EVT-FRS-005802,6005802,2011207,012092,3004209,10000,2026-08-20T09:29:01Z,クレジットカード,increment-run-002,workshop-participant,donation_events_002.csv,2026-08-21T14:20:02Z
EVT-FRS-003734,6003734,2000514,332135,3001121,8000,2026-08-20T09:39:07Z,クレジットカード,increment-run-002,workshop-participant,donation_events_002.csv,2026-08-21T14:20:02Z
EVT-FRS-004601,6004601,2005297,012173,3003495,5000,2026-08-20T09:51:43Z,クレジットカード,increment-run-002,workshop-participant,donation_events_002.csv,2026-08-21T14:20:02Z
EVT-FRS-012255,6012255,2001554,462039,3004043,60000,2026-08-20T09:52:44Z,クレジットカード,increment-run-002,workshop-participant,donation_events_002.csv,2026-08-21T14:20:02Z
EVT-FRS-004362,6004362,2011594,153613,3004052,12000,2026-08-20T10:01:57Z,電子決済,increment-run-002,workshop-participant,donation_events_002.csv,2026-08-21T14:20:02Z
EVT-FRS-003538,6003538,2005400,172014,3002272,40000,2026-08-20T10:02:46Z,電子決済,increment-run-002,workshop-participant,donation_events_002.csv,2026-08-21T14:20:02Z
EVT-FRS-002828,6002828,2006680,473481,3004503,30000,2026-08-20T10:04:22Z,電子決済,increment-run-002,workshop-participant,donation_events_002.csv,2026-08-21T14:20:02Z
EVT-FRS-007968,6007968,2002998,372072,3000704,20000,2026-08-20T10:05:55Z,電子決済,increment-run-002,workshop-participant,donation_events_002.csv,2026-08-21T14:20:02Z
EVT-FRS-012859,6012859,2007833,242161,3003850,10000,2026-08-20T10:09:52Z,クレジットカード,increment-run-002,workshop-participant,donation_events_002.csv,2026-08-21T14:20:02Z
EVT-FRS-009567,6009567,2006526,332054,3002958,10000,2026-08-20T10:11:22Z,クレジットカード,increment-run-002,workshop-participant,donation_events_002.csv,2026-08-21T14:20:02Z
EVT-FRS-001975,6001975,2006964,262064,3000908,15000,2026-08-20T10:12:29Z,クレジットカード,increment-run-002,workshop-participant,donation_events_002.csv,2026-08-21T14:20:02Z
EVT-FRS-007062,6007062,2002486,272132,3000119,15000,2026-08-20T10:13:01Z,クレジットカード,increment-run-002,workshop-participant,donation_events_002.csv,2026-08-21T14:20:02Z
EVT-FRS-005239,6005239,2011217,014851,3004202,12000,2026-08-20T10:21:36Z,クレジットカード,increment-run-002,workshop-participant,donation_events_002.csv,2026-08-21T14:20:02Z
EVT-FRS-012554,6012554,2008868,012114,3002888,12000,2026-08-20T10:26:00Z,クレジットカード,increment-run-002,workshop-participant,donation_events_002.csv,2026-08-21T14:20:02Z
EVT-FRS-004670,6004670,2003317,112020,3003271,10000,2026-08-20T10:26:25Z,銀行振込,increment-run-002,workshop-participant,donation_events_002.csv,2026-08-21T14:20:02Z
EVT-FRS-000989,6000989,2004447,112151,3000313,5000,2026-08-20T10:26:59Z,コンビニ決済,increment-run-002,workshop-participant,donation_events_002.csv,2026-08-21T14:20:02Z
EVT-FRS-000282,6000282,2010225,082201,3002760,10000,2026-08-20T10:29:43Z,電子決済,increment-run-002,workshop-participant,donation_events_002.csv,2026-08-21T14:20:02Z
EVT-FRS-007330,6007330,2006791,422029,3004588,40000,2026-08-20T10:29:47Z,クレジットカード,increment-run-002,workshop-participant,donation_events_002.csv,2026-08-21T14:20:02Z
EVT-FRS-002628,6002628,2006335,352039,3001286,30000,2026-08-20T10:41:00Z,コンビニ決済,increment-run-002,workshop-participant,donation_events_002.csv,2026-08-21T14:20:02Z
EVT-FRS-011768,6011768,2008620,232386,3005495,8000,2026-08-20T10:43:39Z,クレジットカード,increment-run-002,workshop-participant,donation_events_002.csv,2026-08-21T14:20:02Z
EVT-FRS-014132,6014132,2007079,212075,3004569,10000,2026-08-20T10:51:25Z,電子決済,increment-run-002,workshop-participant,donation_events_002.csv,2026-08-21T14:20:02Z
EVT-FRS-005770,6005770,2008871,015504,3005170,25000,2026-08-20T10:54:34Z,クレジットカード,increment-run-002,workshop-participant,donation_events_002.csv,2026-08-21T14:20:02Z
EVT-FRS-003518,6003518,2007139,212032,3001418,5000,2026-08-20T10:54:35Z,電子決済,increment-run-002,workshop-participant,donation_events_002.csv,2026-08-21T14:20:02Z
EVT-FRS-010156,6010156,2010017,282138,3001058,20000,2026-08-20T11:00:49Z,クレジットカード,increment-run-002,workshop-participant,donation_events_002.csv,2026-08-21T14:20:02Z
EVT-FRS-000892,6000892,2010144,302040,3005418,10000,2026-08-20T11:03:30Z,電子決済,increment-run-002,workshop-participant,donation_events_002.csv,2026-08-21T14:20:02Z
EVT-FRS-013474,6013474,2007853,012173,3004992,40000,2026-08-20T11:06:22Z,クレジットカード,increment-run-002,workshop-participant,donation_events_002.csv,2026-08-21T14:20:02Z
EVT-FRS-011629,6011629,2004635,112151,3005861,10000,2026-08-20T11:11:22Z,クレジットカード,increment-run-002,workshop-participant,donation_events_002.csv,2026-08-21T14:20:02Z
EVT-FRS-001035,6001035,2002836,362042,3000122,12000,2026-08-20T11:15:34Z,クレジットカード,increment-run-002,workshop-participant,donation_events_002.csv,2026-08-21T14:20:02Z
EVT-FRS-008723,6008723,2003511,302074,3002785,50000,2026-08-20T11:16:05Z,クレジットカード,increment-run-002,workshop-participant,donation_events_002.csv,2026-08-21T14:20:02Z
EVT-FRS-005732,6005732,2007480,452041,3005727,15000,2026-08-20T11:16:55Z,クレジットカード,increment-run-002,workshop-participant,donation_events_002.csv,2026-08-21T14:20:02Z
EVT-FRS-001301,6001301,2003999,434248,3005302,10000,2026-08-20T11:18:41Z,クレジットカード,increment-run-002,workshop-participant,donation_events_002.csv,2026-08-21T14:20:02Z
EVT-FRS-000522,6000522,2008303,202151,3002892,100000,2026-08-20T11:25:23Z,電子決済,increment-run-002,workshop-participant,donation_events_002.csv,2026-08-21T14:20:02Z
EVT-FRS-000560,6000560,2007956,322024,3002842,15000,2026-08-20T11:35:04Z,クレジットカード,increment-run-002,workshop-participant,donation_events_002.csv,2026-08-21T14:20:02Z
EVT-FRS-011230,6011230,2005881,112321,3001893,5000,2026-08-20T11:41:03Z,クレジットカード,increment-run-002,workshop-participant,donation_events_002.csv,2026-08-21T14:20:02Z
EVT-FRS-011301,6011301,2010550,232190,3003560,15000,2026-08-20T11:41:47Z,クレジットカード,increment-run-002,workshop-participant,donation_events_002.csv,2026-08-21T14:20:02Z
EVT-FRS-007683,6007683,2011856,012262,3000968,10000,2026-08-20T11:45:09Z,クレジットカード,increment-run-002,workshop-participant,donation_events_002.csv,2026-08-21T14:20:02Z
EVT-FRS-003625,6003625,2000698,402214,3002357,15000,2026-08-20T11:46:25Z,クレジットカード,increment-run-002,workshop-participant,donation_events_002.csv,2026-08-21T14:20:02Z
EVT-FRS-014009,6014009,2005536,012092,3003636,20000,2026-08-20T11:47:10Z,電子決済,increment-run-002,workshop-participant,donation_events_002.csv,2026-08-21T14:20:02Z
EVT-FRS-014437,6014437,2007459,012238,3001524,50000,2026-08-20T11:50:12Z,クレジットカード,increment-run-002,workshop-participant,donation_events_002.csv,2026-08-21T14:20:02Z
EVT-FRS-004785,6004785,2005995,122106,3002643,10000,2026-08-20T11:53:53Z,クレジットカード,increment-run-002,workshop-participant,donation_events_002.csv,2026-08-21T14:20:02Z
EVT-FRS-009479,6009479,2009284,112151,3005861,12000,2026-08-20T11:57:50Z,銀行振込,increment-run-002,workshop-participant,donation_events_002.csv,2026-08-21T14:20:02Z
EVT-FRS-010838,6010838,2009638,122131,3005400,8000,2026-08-20T12:05:51Z,クレジットカード,increment-run-002,workshop-participant,donation_events_002.csv,2026-08-21T14:20:02Z
EVT-FRS-001775,6001775,2008666,402303,3003422,20000,2026-08-20T12:10:44Z,クレジットカード,increment-run-002,workshop-participant,donation_events_002.csv,2026-08-21T14:20:02Z
EVT-FRS-007630,6007630,2010525,382078,3005921,10000,2026-08-20T12:12:37Z,クレジットカード,increment-run-002,workshop-participant,donation_events_002.csv,2026-08-21T14:20:02Z
EVT-FRS-012180,6012180,2006337,162043,3002535,10000,2026-08-20T12:14:24Z,クレジットカード,increment-run-002,workshop-participant,donation_events_002.csv,2026-08-21T14:20:02Z
EVT-FRS-014604,6014604,2008645,202029,3003172,25000,2026-08-20T12:17:21Z,クレジットカード,increment-run-002,workshop-participant,donation_events_002.csv,2026-08-21T14:20:02Z
EVT-FRS-009976,6009976,2000978,102067,3000568,20000,2026-08-20T12:20:57Z,電子決済,increment-run-002,workshop-participant,donation_events_002.csv,2026-08-21T14:20:02Z
EVT-FRS-008519,6008519,2007153,332101,3002134,8000,2026-08-20T12:23:03Z,電子決済,increment-run-002,workshop-participant,donation_events_002.csv,2026-08-21T14:20:02Z
EVT-FRS-008758,6008758,2004004,385069,3003266,20000,2026-08-20T12:24:05Z,コンビニ決済,increment-run-002,workshop-participant,donation_events_002.csv,2026-08-21T14:20:02Z
EVT-FRS-001165,6001165,2010097,272302,3000214,5000,2026-08-20T12:32:18Z,クレジットカード,increment-run-002,workshop-participant,donation_events_002.csv,2026-08-21T14:20:02Z
EVT-FRS-005074,6005074,2001943,172014,3003149,10000,2026-08-20T12:38:34Z,クレジットカード,increment-run-002,workshop-participant,donation_events_002.csv,2026-08-21T14:20:02Z
EVT-FRS-005250,6005250,2009366,014826,3002341,20000,2026-08-20T12:39:50Z,クレジットカード,increment-run-002,workshop-participant,donation_events_002.csv,2026-08-21T14:20:02Z
EVT-FRS-005903,6005903,2003166,113654,3005510,5000,2026-08-20T12:46:55Z,銀行振込,increment-run-002,workshop-participant,donation_events_002.csv,2026-08-21T14:20:02Z
EVT-FRS-002679,6002679,2007143,281000,3004146,25000,2026-08-20T12:48:54Z,クレジットカード,increment-run-002,workshop-participant,donation_events_002.csv,2026-08-21T14:20:02Z
EVT-FRS-009480,6009480,2006050,272141,3003272,10000,2026-08-20T12:51:24Z,クレジットカード,increment-run-002,workshop-participant,donation_events_002.csv,2026-08-21T14:20:02Z
EVT-FRS-008713,6008713,2005668,222127,3003026,10000,2026-08-20T12:55:58Z,電子決済,increment-run-002,workshop-participant,donation_events_002.csv,2026-08-21T14:20:02Z
EVT-FRS-012976,6012976,2005209,152064,3000278,20000,2026-08-20T12:58:16Z,クレジットカード,increment-run-002,workshop-participant,donation_events_002.csv,2026-08-21T14:20:02Z
EVT-FRS-013386,6013386,2009901,102067,3000568,15000,2026-08-20T13:00:14Z,クレジットカード,increment-run-002,workshop-participant,donation_events_002.csv,2026-08-21T14:20:02Z
EVT-FRS-002307,6002307,2010199,072125,3000216,10000,2026-08-20T13:06:02Z,コンビニ決済,increment-run-002,workshop-participant,donation_events_002.csv,2026-08-21T14:20:02Z
EVT-FRS-012933,6012933,2011004,382027,3003070,15000,2026-08-20T13:08:56Z,銀行振込,increment-run-002,workshop-participant,donation_events_002.csv,2026-08-21T14:20:02Z
EVT-FRS-007541,6007541,2009691,074454,3005816,10000,2026-08-20T13:11:06Z,クレジットカード,increment-run-002,workshop-participant,donation_events_002.csv,2026-08-21T14:20:02Z
EVT-FRS-009758,6009758,2003850,014389,3002112,40000,2026-08-20T13:11:32Z,電子決済,increment-run-002,workshop-participant,donation_events_002.csv,2026-08-21T14:20:02Z
EVT-FRS-007460,6007460,2004560,112321,3004383,20000,2026-08-20T13:11:33Z,クレジットカード,increment-run-002,workshop-participant,donation_events_002.csv,2026-08-21T14:20:02Z
EVT-FRS-002929,6002929,2004658,352012,3004915,12000,2026-08-20T13:16:14Z,クレジットカード,increment-run-002,workshop-participant,donation_events_002.csv,2026-08-21T14:20:02Z
EVT-FRS-003204,6003204,2010669,282154,3005416,20000,2026-08-20T13:17:40Z,コンビニ決済,increment-run-002,workshop-participant,donation_events_002.csv,2026-08-21T14:20:02Z
EVT-FRS-001946,6001946,2010405,153851,3003680,50000,2026-08-20T13:18:29Z,銀行振込,increment-run-002,workshop-participant,donation_events_002.csv,2026-08-21T14:20:02Z
EVT-FRS-004851,6004851,2009835,452068,3004711,15000,2026-08-20T13:24:53Z,銀行振込,increment-run-002,workshop-participant,donation_events_002.csv,2026-08-21T14:20:02Z
EVT-FRS-008112,6008112,2002267,042129,3004834,10000,2026-08-20T13:28:37Z,電子決済,increment-run-002,workshop-participant,donation_events_002.csv,2026-08-21T14:20:02Z
EVT-FRS-004539,6004539,2009431,112372,3004057,10000,2026-08-20T13:29:51Z,クレジットカード,increment-run-002,workshop-participant,donation_events_002.csv,2026-08-21T14:20:02Z
EVT-FRS-009962,6009962,2004104,112313,3003968,10000,2026-08-20T13:31:15Z,クレジットカード,increment-run-002,workshop-participant,donation_events_002.csv,2026-08-21T14:20:02Z
EVT-FRS-008491,6008491,2004225,282031,3001092,15000,2026-08-20T13:32:19Z,クレジットカード,increment-run-002,workshop-participant,donation_events_002.csv,2026-08-21T14:20:02Z
EVT-FRS-002748,6002748,2002941,383864,3000920,12000,2026-08-20T13:32:22Z,電子決済,increment-run-002,workshop-participant,donation_events_002.csv,2026-08-21T14:20:02Z
EVT-FRS-010869,6010869,2004369,402176,3005659,10000,2026-08-20T13:34:29Z,電子決済,increment-run-002,workshop-participant,donation_events_002.csv,2026-08-21T14:20:02Z
EVT-FRS-013627,6013627,2010163,124249,3000753,10000,2026-08-20T13:35:30Z,クレジットカード,increment-run-002,workshop-participant,donation_events_002.csv,2026-08-21T14:20:02Z
EVT-FRS-004638,6004638,2002227,132187,3001701,10000,2026-08-20T13:37:27Z,銀行振込,increment-run-002,workshop-participant,donation_events_002.csv,2026-08-21T14:20:02Z
EVT-FRS-004020,6004020,2006920,362051,3005959,25000,2026-08-20T13:41:28Z,クレジットカード,increment-run-002,workshop-participant,donation_events_002.csv,2026-08-21T14:20:02Z
EVT-FRS-013286,6013286,2006639,082082,3004854,20000,2026-08-20T13:41:51Z,クレジットカード,increment-run-002,workshop-participant,donation_events_002.csv,2026-08-21T14:20:02Z
EVT-FRS-008201,6008201,2006586,082198,3004584,20000,2026-08-20T13:44:06Z,電子決済,increment-run-002,workshop-participant,donation_events_002.csv,2026-08-21T14:20:02Z
EVT-FRS-012613,6012613,2011473,432105,3003521,25000,2026-08-20T13:44:08Z,銀行振込,increment-run-002,workshop-participant,donation_events_002.csv,2026-08-21T14:20:02Z
EVT-FRS-009913,6009913,2006310,012220,3004860,30000,2026-08-20T13:53:55Z,クレジットカード,increment-run-002,workshop-participant,donation_events_002.csv,2026-08-21T14:20:02Z
EVT-FRS-010679,6010679,2005790,431001,3003941,10000,2026-08-20T13:56:20Z,クレジットカード,increment-run-002,workshop-participant,donation_events_002.csv,2026-08-21T14:20:02Z
EVT-FRS-002145,6002145,2001870,462209,3003401,40000,2026-08-20T13:59:54Z,クレジットカード,increment-run-002,workshop-participant,donation_events_002.csv,2026-08-21T14:20:02Z
EVT-FRS-002061,6002061,2004367,122122,3003164,25000,2026-08-20T14:00:20Z,クレジットカード,increment-run-002,workshop-participant,donation_events_002.csv,2026-08-21T14:20:02Z
EVT-FRS-009692,6009692,2007001,112241,3000802,30000,2026-08-20T14:00:53Z,クレジットカード,increment-run-002,workshop-participant,donation_events_002.csv,2026-08-21T14:20:02Z
EVT-FRS-002665,6002665,2009213,102024,3004038,10000,2026-08-20T14:05:43Z,クレジットカード,increment-run-002,workshop-participant,donation_events_002.csv,2026-08-21T14:20:02Z
EVT-FRS-012266,6012266,2009202,232157,3005108,10000,2026-08-20T14:10:30Z,クレジットカード,increment-run-002,workshop-participant,donation_events_002.csv,2026-08-21T14:20:02Z
EVT-FRS-000814,6000814,2003885,112071,3002400,12000,2026-08-20T14:14:50Z,銀行振込,increment-run-002,workshop-participant,donation_events_002.csv,2026-08-21T14:20:02Z
EVT-FRS-009073,6009073,2010487,332101,3005984,10000,2026-08-20T14:17:32Z,電子決済,increment-run-002,workshop-participant,donation_events_002.csv,2026-08-21T14:20:02Z
EVT-FRS-013957,6013957,2005812,272256,3000676,10000,2026-08-20T14:19:54Z,銀行振込,increment-run-002,workshop-participant,donation_events_002.csv,2026-08-21T14:20:02Z
EVT-FRS-000300,6000300,2002802,192023,3001711,20000,2026-08-20T14:20:26Z,クレジットカード,increment-run-002,workshop-participant,donation_events_002.csv,2026-08-21T14:20:02Z
EVT-FRS-007467,6007467,2003581,042072,3004084,10000,2026-08-20T14:25:03Z,クレジットカード,increment-run-002,workshop-participant,donation_events_002.csv,2026-08-21T14:20:02Z
EVT-FRS-001497,6001497,2008965,232017,3005339,5000,2026-08-20T14:25:08Z,クレジットカード,increment-run-002,workshop-participant,donation_events_002.csv,2026-08-21T14:20:02Z
EVT-FRS-011605,6011605,2005613,303046,3005168,10000,2026-08-20T14:29:03Z,電子決済,increment-run-002,workshop-participant,donation_events_002.csv,2026-08-21T14:20:02Z
EVT-FRS-000306,6000306,2002802,282227,3003124,10000,2026-08-20T14:39:39Z,クレジットカード,increment-run-002,workshop-participant,donation_events_002.csv,2026-08-21T14:20:02Z
EVT-FRS-004871,6004871,2008902,242101,3005638,10000,2026-08-20T14:41:38Z,クレジットカード,increment-run-002,workshop-participant,donation_events_002.csv,2026-08-21T14:20:02Z
EVT-FRS-006781,6006781,2011751,222038,3000055,20000,2026-08-20T14:44:51Z,クレジットカード,increment-run-002,workshop-participant,donation_events_002.csv,2026-08-21T14:20:02Z
EVT-FRS-007426,6007426,2004168,012190,3004508,15000,2026-08-20T14:50:13Z,クレジットカード,increment-run-002,workshop-participant,donation_events_002.csv,2026-08-21T14:20:02Z
EVT-FRS-001404,6001404,2008011,062014,3004988,5000,2026-08-20T14:50:49Z,クレジットカード,increment-run-002,workshop-participant,donation_events_002.csv,2026-08-21T14:20:02Z
EVT-FRS-010627,6010627,2009113,281000,3003624,10000,2026-08-20T14:59:43Z,電子決済,increment-run-002,workshop-participant,donation_events_002.csv,2026-08-21T14:20:02Z
EVT-FRS-001396,6001396,2006176,012190,3003992,5000,2026-08-20T15:03:32Z,クレジットカード,increment-run-002,workshop-participant,donation_events_002.csv,2026-08-21T14:20:02Z
EVT-FRS-002547,6002547,2002124,102083,3000539,60000,2026-08-20T15:06:05Z,クレジットカード,increment-run-002,workshop-participant,donation_events_002.csv,2026-08-21T14:20:02Z
EVT-FRS-013452,6013452,2009944,392014,3002505,10000,2026-08-20T15:07:09Z,クレジットカード,increment-run-002,workshop-participant,donation_events_002.csv,2026-08-21T14:20:02Z
EVT-FRS-005094,6005094,2011411,202053,3005246,10000,2026-08-20T15:07:46Z,クレジットカード,increment-run-002,workshop-participant,donation_events_002.csv,2026-08-21T14:20:02Z
EVT-FRS-011641,6011641,2004601,282243,3001460,30000,2026-08-20T15:09:02Z,クレジットカード,increment-run-002,workshop-participant,donation_events_002.csv,2026-08-21T14:20:02Z
EVT-FRS-008501,6008501,2002613,182087,3002106,8000,2026-08-20T15:12:38Z,クレジットカード,increment-run-002,workshop-participant,donation_events_002.csv,2026-08-21T14:20:02Z
EVT-FRS-000792,6000792,2000242,272175,3001157,20000,2026-08-20T15:15:35Z,クレジットカード,increment-run-002,workshop-participant,donation_events_002.csv,2026-08-21T14:20:02Z
EVT-FRS-001411,6001411,2006765,182028,3002137,10000,2026-08-20T15:17:40Z,電子決済,increment-run-002,workshop-participant,donation_events_002.csv,2026-08-21T14:20:02Z
EVT-FRS-009872,6009872,2010429,015636,3004184,5000,2026-08-20T15:17:59Z,クレジットカード,increment-run-002,workshop-participant,donation_events_002.csv,2026-08-21T14:20:02Z
EVT-FRS-000627,6000627,2001863,074462,3003408,5000,2026-08-20T15:19:14Z,クレジットカード,increment-run-002,workshop-participant,donation_events_002.csv,2026-08-21T14:20:02Z
EVT-FRS-001888,6001888,2011599,412091,3002856,50000,2026-08-20T15:21:05Z,銀行振込,increment-run-002,workshop-participant,donation_events_002.csv,2026-08-21T14:20:02Z
EVT-FRS-003505,6003505,2006845,422100,3002446,10000,2026-08-20T15:33:05Z,銀行振込,increment-run-002,workshop-participant,donation_events_002.csv,2026-08-21T14:20:02Z
EVT-FRS-007140,6007140,2007394,452025,3002265,10000,2026-08-20T15:36:47Z,クレジットカード,increment-run-002,workshop-participant,donation_events_002.csv,2026-08-21T14:20:02Z
EVT-FRS-001806,6001806,2002250,122351,3005915,10000,2026-08-20T15:37:14Z,コンビニ決済,increment-run-002,workshop-participant,donation_events_002.csv,2026-08-21T14:20:02Z
EVT-FRS-010944,6010944,2011120,112356,3004425,20000,2026-08-20T15:37:40Z,クレジットカード,increment-run-002,workshop-participant,donation_events_002.csv,2026-08-21T14:20:02Z
EVT-FRS-006583,6006583,2002659,342041,3002509,10000,2026-08-20T15:40:14Z,クレジットカード,increment-run-002,workshop-participant,donation_events_002.csv,2026-08-21T14:20:02Z
EVT-FRS-013632,6013632,2010797,272141,3003983,15000,2026-08-20T15:43:08Z,クレジットカード,increment-run-002,workshop-participant,donation_events_002.csv,2026-08-21T14:20:02Z
EVT-FRS-010788,6010788,2002878,352152,3002756,10000,2026-08-20T15:44:58Z,銀行振込,increment-run-002,workshop-participant,donation_events_002.csv,2026-08-21T14:20:02Z
EVT-FRS-006113,6006113,2002770,322075,3001179,15000,2026-08-20T15:47:47Z,クレジットカード,increment-run-002,workshop-participant,donation_events_002.csv,2026-08-21T14:20:02Z
EVT-FRS-011322,6011322,2010553,462080,3004455,10000,2026-08-20T15:48:26Z,電子決済,increment-run-002,workshop-participant,donation_events_002.csv,2026-08-21T14:20:02Z
EVT-FRS-010224,6010224,2010636,142085,3000246,20000,2026-08-20T15:49:25Z,クレジットカード,increment-run-002,workshop-participant,donation_events_002.csv,2026-08-21T14:20:02Z
EVT-FRS-014289,6014289,2004107,452050,3000572,10000,2026-08-20T15:59:38Z,電子決済,increment-run-002,workshop-participant,donation_events_002.csv,2026-08-21T14:20:02Z
EVT-FRS-012182,6012182,2009943,393029,3003428,8000,2026-08-20T15:59:55Z,クレジットカード,increment-run-002,workshop-participant,donation_events_002.csv,2026-08-21T14:20:02Z
EVT-FRS-012837,6012837,2007913,332101,3005363,10000,2026-08-20T16:08:21Z,クレジットカード,increment-run-002,workshop-participant,donation_events_002.csv,2026-08-21T14:20:02Z
EVT-FRS-003772,6003772,2003775,452025,3004334,12000,2026-08-20T16:09:26Z,クレジットカード,increment-run-002,workshop-participant,donation_events_002.csv,2026-08-21T14:20:02Z
EVT-FRS-001637,6001637,2003452,162094,3005691,10000,2026-08-20T16:09:45Z,電子決済,increment-run-002,workshop-participant,donation_events_002.csv,2026-08-21T14:20:02Z
EVT-FRS-010942,6010942,2006637,012068,3003304,30000,2026-08-20T16:10:22Z,電子決済,increment-run-002,workshop-participant,donation_events_002.csv,2026-08-21T14:20:02Z
EVT-FRS-005527,6005527,2004634,252018,3004667,12000,2026-08-20T16:12:54Z,銀行振込,increment-run-002,workshop-participant,donation_events_002.csv,2026-08-21T14:20:02Z
EVT-FRS-008107,6008107,2007050,202029,3003369,15000,2026-08-20T16:16:06Z,電子決済,increment-run-002,workshop-participant,donation_events_002.csv,2026-08-21T14:20:02Z
EVT-FRS-005676,6005676,2011006,082317,3005487,5000,2026-08-20T16:21:13Z,クレジットカード,increment-run-002,workshop-participant,donation_events_002.csv,2026-08-21T14:20:02Z
EVT-FRS-006256,6006256,2009943,312037,3005957,10000,2026-08-20T16:22:08Z,電子決済,increment-run-002,workshop-participant,donation_events_002.csv,2026-08-21T14:20:02Z
EVT-FRS-010184,6010184,2011736,132021,3000440,10000,2026-08-20T16:22:50Z,電子決済,increment-run-002,workshop-participant,donation_events_002.csv,2026-08-21T14:20:02Z
EVT-FRS-002329,6002329,2000496,412040,3004449,5000,2026-08-20T16:23:33Z,クレジットカード,increment-run-002,workshop-participant,donation_events_002.csv,2026-08-21T14:20:02Z
EVT-FRS-000863,6000863,2005249,052078,3001876,12000,2026-08-20T16:25:27Z,銀行振込,increment-run-002,workshop-participant,donation_events_002.csv,2026-08-21T14:20:02Z
EVT-FRS-003072,6003072,2002842,112402,3002460,30000,2026-08-20T16:27:26Z,クレジットカード,increment-run-002,workshop-participant,donation_events_002.csv,2026-08-21T14:20:02Z
EVT-FRS-014245,6014245,2005019,372072,3001909,20000,2026-08-20T16:32:21Z,銀行振込,increment-run-002,workshop-participant,donation_events_002.csv,2026-08-21T14:20:02Z
EVT-FRS-001843,6001843,2003800,282090,3005317,12000,2026-08-20T16:34:55Z,電子決済,increment-run-002,workshop-participant,donation_events_002.csv,2026-08-21T14:20:02Z
EVT-FRS-009730,6009730,2008472,062111,3002623,15000,2026-08-20T16:41:20Z,コンビニ決済,increment-run-002,workshop-participant,donation_events_002.csv,2026-08-21T14:20:02Z
EVT-FRS-000401,6000401,2000887,282201,3005846,12000,2026-08-20T16:42:23Z,クレジットカード,increment-run-002,workshop-participant,donation_events_002.csv,2026-08-21T14:20:02Z
EVT-FRS-011584,6011584,2010842,016934,3005950,10000,2026-08-20T16:44:32Z,クレジットカード,increment-run-002,workshop-participant,donation_events_002.csv,2026-08-21T14:20:02Z
EVT-FRS-011040,6011040,2002033,032034,3003582,20000,2026-08-20T16:52:43Z,電子決済,increment-run-002,workshop-participant,donation_events_002.csv,2026-08-21T14:20:02Z
EVT-FRS-008183,6008183,2004988,022012,3003349,20000,2026-08-20T16:52:57Z,電子決済,increment-run-002,workshop-participant,donation_events_002.csv,2026-08-21T14:20:02Z
EVT-FRS-001782,6001782,2000606,052027,3005033,50000,2026-08-20T16:57:37Z,銀行振込,increment-run-002,workshop-participant,donation_events_002.csv,2026-08-21T14:20:02Z
EVT-FRS-000353,6000353,2010533,112241,3004001,15000,2026-08-20T16:59:17Z,電子決済,increment-run-002,workshop-participant,donation_events_002.csv,2026-08-21T14:20:02Z
EVT-FRS-002704,6002704,2001088,122041,3005042,15000,2026-08-20T17:01:03Z,銀行振込,increment-run-002,workshop-participant,donation_events_002.csv,2026-08-21T14:20:02Z
EVT-FRS-004882,6004882,2009951,362051,3003820,10000,2026-08-20T17:02:17Z,クレジットカード,increment-run-002,workshop-participant,donation_events_002.csv,2026-08-21T14:20:02Z
EVT-FRS-006516,6006516,2006530,302040,3003997,15000,2026-08-20T17:02:48Z,クレジットカード,increment-run-002,workshop-participant,donation_events_002.csv,2026-08-21T14:20:02Z
EVT-FRS-004696,6004696,2003530,192112,3000797,15000,2026-08-20T17:03:53Z,銀行振込,increment-run-002,workshop-participant,donation_events_002.csv,2026-08-21T14:20:02Z
EVT-FRS-010735,6010735,2002159,212041,3004527,10000,2026-08-20T17:04:06Z,クレジットカード,increment-run-002,workshop-participant,donation_events_002.csv,2026-08-21T14:20:02Z
EVT-FRS-010423,6010423,2002991,112321,3005703,12000,2026-08-20T17:04:22Z,クレジットカード,increment-run-002,workshop-participant,donation_events_002.csv,2026-08-21T14:20:02Z
EVT-FRS-011866,6011866,2001626,162086,3003649,20000,2026-08-20T17:07:29Z,銀行振込,increment-run-002,workshop-participant,donation_events_002.csv,2026-08-21T14:20:02Z
EVT-FRS-005203,6005203,2008711,082317,3001094,12000,2026-08-20T17:08:49Z,クレジットカード,increment-run-002,workshop-participant,donation_events_002.csv,2026-08-21T14:20:02Z
EVT-FRS-003576,6003576,2008766,222119,3001441,20000,2026-08-20T17:09:07Z,電子決済,increment-run-002,workshop-participant,donation_events_002.csv,2026-08-21T14:20:02Z
EVT-FRS-013218,6013218,2003289,012238,3001524,25000,2026-08-20T17:12:53Z,電子決済,increment-run-002,workshop-participant,donation_events_002.csv,2026-08-21T14:20:02Z
EVT-FRS-006007,6006007,2011430,422045,3004760,10000,2026-08-20T17:13:36Z,クレジットカード,increment-run-002,workshop-participant,donation_events_002.csv,2026-08-21T14:20:02Z
EVT-FRS-003670,6003670,2002261,452025,3004014,12000,2026-08-20T17:13:40Z,クレジットカード,increment-run-002,workshop-participant,donation_events_002.csv,2026-08-21T14:20:02Z
EVT-FRS-005963,6005963,2002692,062014,3000114,50000,2026-08-20T17:14:04Z,クレジットカード,increment-run-002,workshop-participant,donation_events_002.csv,2026-08-21T14:20:02Z
EVT-FRS-008803,6008803,2010406,202134,3005250,12000,2026-08-20T17:18:39Z,クレジットカード,increment-run-002,workshop-participant,donation_events_002.csv,2026-08-21T14:20:02Z
EVT-FRS-005198,6005198,2000309,303615,3000499,10000,2026-08-20T17:19:36Z,電子決済,increment-run-002,workshop-participant,donation_events_002.csv,2026-08-21T14:20:02Z
EVT-FRS-007193,6007193,2005252,382078,3003139,15000,2026-08-20T17:19:54Z,クレジットカード,increment-run-002,workshop-participant,donation_events_002.csv,2026-08-21T14:20:02Z
EVT-FRS-001924,6001924,2003912,132187,3004886,50000,2026-08-20T17:22:46Z,銀行振込,increment-run-002,workshop-participant,donation_events_002.csv,2026-08-21T14:20:02Z
EVT-FRS-007570,6007570,2009248,252018,3001600,12000,2026-08-20T17:23:12Z,銀行振込,increment-run-002,workshop-participant,donation_events_002.csv,2026-08-21T14:20:02Z
EVT-FRS-003990,6003990,2008567,272230,3002861,8000,2026-08-20T17:35:55Z,電子決済,increment-run-002,workshop-participant,donation_events_002.csv,2026-08-21T14:20:02Z
EVT-FRS-008101,6008101,2003480,052019,3001807,10000,2026-08-20T17:35:57Z,クレジットカード,increment-run-002,workshop-participant,donation_events_002.csv,2026-08-21T14:20:02Z
EVT-FRS-011439,6011439,2003355,413461,3000991,12000,2026-08-20T17:40:32Z,クレジットカード,increment-run-002,workshop-participant,donation_events_002.csv,2026-08-21T14:20:02Z
EVT-FRS-012606,6012606,2010963,162108,3005149,30000,2026-08-20T17:43:31Z,電子決済,increment-run-002,workshop-participant,donation_events_002.csv,2026-08-21T14:20:02Z
EVT-FRS-012712,6012712,2010620,072087,3005386,20000,2026-08-20T17:48:48Z,クレジットカード,increment-run-002,workshop-participant,donation_events_002.csv,2026-08-21T14:20:02Z
EVT-FRS-000103,6000103,2010704,212211,3005147,15000,2026-08-20T17:51:06Z,クレジットカード,increment-run-002,workshop-participant,donation_events_002.csv,2026-08-21T14:20:02Z
EVT-FRS-014323,6014323,2010080,473081,3002573,15000,2026-08-20T17:54:14Z,電子決済,increment-run-002,workshop-participant,donation_events_002.csv,2026-08-21T14:20:02Z
EVT-FRS-010386,6010386,2006728,292109,3002678,20000,2026-08-20T17:55:55Z,銀行振込,increment-run-002,workshop-participant,donation_events_002.csv,2026-08-21T14:20:02Z
EVT-FRS-009185,6009185,2000475,452025,3003435,5000,2026-08-20T17:56:58Z,銀行振込,increment-run-002,workshop-participant,donation_events_002.csv,2026-08-21T14:20:02Z
EVT-FRS-005424,6005424,2002370,142123,3002173,15000,2026-08-20T18:04:35Z,クレジットカード,increment-run-002,workshop-participant,donation_events_002.csv,2026-08-21T14:20:02Z
EVT-FRS-000571,6000571,2000338,282049,3003839,40000,2026-08-20T18:04:58Z,クレジットカード,increment-run-002,workshop-participant,donation_events_002.csv,2026-08-21T14:20:02Z
EVT-FRS-010914,6010914,2011464,341002,3002981,10000,2026-08-20T18:13:14Z,クレジットカード,increment-run-002,workshop-participant,donation_events_002.csv,2026-08-21T14:20:02Z
EVT-FRS-001563,6001563,2005623,273210,3000733,10000,2026-08-20T18:19:27Z,クレジットカード,increment-run-002,workshop-participant,donation_events_002.csv,2026-08-21T14:20:02Z
EVT-FRS-007622,6007622,2011344,232319,3001793,12000,2026-08-20T18:25:59Z,クレジットカード,increment-run-002,workshop-participant,donation_events_002.csv,2026-08-21T14:20:02Z
EVT-FRS-000894,6000894,2011136,092142,3004502,12000,2026-08-20T18:27:03Z,クレジットカード,increment-run-002,workshop-participant,donation_events_002.csv,2026-08-21T14:20:02Z
EVT-FRS-003816,6003816,2009336,452041,3004484,15000,2026-08-20T18:29:36Z,クレジットカード,increment-run-002,workshop-participant,donation_events_002.csv,2026-08-21T14:20:02Z
EVT-FRS-012089,6012089,2011567,232335,3002159,12000,2026-08-20T18:31:29Z,クレジットカード,increment-run-002,workshop-participant,donation_events_002.csv,2026-08-21T14:20:02Z
EVT-FRS-010457,6010457,2002111,015857,3000729,20000,2026-08-20T18:32:52Z,クレジットカード,increment-run-002,workshop-participant,donation_events_002.csv,2026-08-21T14:20:02Z
EVT-FRS-007421,6007421,2011145,282103,3000001,20000,2026-08-20T18:33:59Z,クレジットカード,increment-run-002,workshop-participant,donation_events_002.csv,2026-08-21T14:20:02Z
EVT-FRS-000404,6000404,2003661,402192,3000309,10000,2026-08-20T18:37:55Z,クレジットカード,increment-run-002,workshop-participant,donation_events_002.csv,2026-08-21T14:20:02Z
EVT-FRS-012552,6012552,2001322,014338,3000596,15000,2026-08-20T18:37:56Z,クレジットカード,increment-run-002,workshop-participant,donation_events_002.csv,2026-08-21T14:20:02Z
EVT-FRS-007347,6007347,2011693,262048,3004116,10000,2026-08-20T18:39:23Z,クレジットカード,increment-run-002,workshop-participant,donation_events_002.csv,2026-08-21T14:20:02Z
EVT-FRS-003868,6003868,2000543,022039,3001207,5000,2026-08-20T18:41:58Z,クレジットカード,increment-run-002,workshop-participant,donation_events_002.csv,2026-08-21T14:20:02Z
EVT-FRS-014797,6014797,2002720,272051,3001580,8000,2026-08-20T18:42:23Z,クレジットカード,increment-run-002,workshop-participant,donation_events_002.csv,2026-08-21T14:20:02Z
EVT-FRS-011263,6011263,2011594,252018,3005914,12000,2026-08-20T18:46:30Z,電子決済,increment-run-002,workshop-participant,donation_events_002.csv,2026-08-21T14:20:02Z
EVT-FRS-001240,6001240,2001194,392120,3004547,20000,2026-08-20T18:47:08Z,銀行振込,increment-run-002,workshop-participant,donation_events_002.csv,2026-08-21T14:20:02Z
EVT-FRS-004374,6004374,2001691,112143,3004300,70000,2026-08-20T18:49:16Z,クレジットカード,increment-run-002,workshop-participant,donation_events_002.csv,2026-08-21T14:20:02Z
EVT-FRS-007914,6007914,2011051,012343,3001927,30000,2026-08-20T18:49:33Z,電子決済,increment-run-002,workshop-participant,donation_events_002.csv,2026-08-21T14:20:02Z
EVT-FRS-011747,6011747,2008122,082147,3000610,8000,2026-08-20T18:52:15Z,電子決済,increment-run-002,workshop-participant,donation_events_002.csv,2026-08-21T14:20:02Z
EVT-FRS-007988,6007988,2009028,294241,3004773,12000,2026-08-20T18:56:44Z,クレジットカード,increment-run-002,workshop-participant,donation_events_002.csv,2026-08-21T14:20:02Z
EVT-FRS-004543,6004543,2008009,242055,3000872,20000,2026-08-20T18:58:00Z,銀行振込,increment-run-002,workshop-participant,donation_events_002.csv,2026-08-21T14:20:02Z
EVT-FRS-005779,6005779,2010972,222097,3000401,5000,2026-08-20T18:58:49Z,クレジットカード,increment-run-002,workshop-participant,donation_events_002.csv,2026-08-21T14:20:02Z
EVT-FRS-001456,6001456,2001457,322075,3000267,10000,2026-08-20T18:59:26Z,クレジットカード,increment-run-002,workshop-participant,donation_events_002.csv,2026-08-21T14:20:02Z
EVT-FRS-008871,6008871,2003393,224294,3002489,15000,2026-08-20T19:00:40Z,電子決済,increment-run-002,workshop-participant,donation_events_002.csv,2026-08-21T14:20:02Z
EVT-FRS-014184,6014184,2000154,392090,3003060,10000,2026-08-20T19:06:13Z,クレジットカード,increment-run-002,workshop-participant,donation_events_002.csv,2026-08-21T14:20:02Z
EVT-FRS-001793,6001793,2000983,082040,3003695,8000,2026-08-20T19:10:17Z,クレジットカード,increment-run-002,workshop-participant,donation_events_002.csv,2026-08-21T14:20:02Z
EVT-FRS-008637,6008637,2000298,102032,3005438,15000,2026-08-20T19:12:21Z,電子決済,increment-run-002,workshop-participant,donation_events_002.csv,2026-08-21T14:20:02Z
EVT-FRS-004202,6004202,2007058,232262,3004166,20000,2026-08-20T19:15:08Z,コンビニ決済,increment-run-002,workshop-participant,donation_events_002.csv,2026-08-21T14:20:02Z
EVT-FRS-001465,6001465,2005191,242152,3000207,10000,2026-08-20T19:16:31Z,クレジットカード,increment-run-002,workshop-participant,donation_events_002.csv,2026-08-21T14:20:02Z
EVT-FRS-003405,6003405,2010644,242101,3005425,20000,2026-08-20T19:19:31Z,クレジットカード,increment-run-002,workshop-participant,donation_events_002.csv,2026-08-21T14:20:02Z
EVT-FRS-013996,6013996,2002202,232092,3003373,15000,2026-08-20T19:19:52Z,銀行振込,increment-run-002,workshop-participant,donation_events_002.csv,2026-08-21T14:20:02Z
EVT-FRS-002495,6002495,2006808,452025,3005996,10000,2026-08-20T19:27:18Z,電子決済,increment-run-002,workshop-participant,donation_events_002.csv,2026-08-21T14:20:02Z
EVT-FRS-011476,6011476,2001868,462136,3005966,8000,2026-08-20T19:27:49Z,クレジットカード,increment-run-002,workshop-participant,donation_events_002.csv,2026-08-21T14:20:02Z
EVT-FRS-003808,6003808,2005922,132209,3004735,20000,2026-08-20T19:30:17Z,クレジットカード,increment-run-002,workshop-participant,donation_events_002.csv,2026-08-21T14:20:02Z
EVT-FRS-008155,6008155,2004474,132195,3001368,50000,2026-08-20T19:34:29Z,クレジットカード,increment-run-002,workshop-participant,donation_events_002.csv,2026-08-21T14:20:02Z
EVT-FRS-000598,6000598,2006101,462080,3005836,50000,2026-08-20T19:40:29Z,銀行振込,increment-run-002,workshop-participant,donation_events_002.csv,2026-08-21T14:20:02Z
EVT-FRS-007595,6007595,2001888,082252,3002868,20000,2026-08-20T19:41:58Z,電子決済,increment-run-002,workshop-participant,donation_events_002.csv,2026-08-21T14:20:02Z
EVT-FRS-007900,6007900,2011975,332020,3001632,20000,2026-08-20T19:43:12Z,クレジットカード,increment-run-002,workshop-participant,donation_events_002.csv,2026-08-21T14:20:02Z
EVT-FRS-013556,6013556,2002620,382132,3001355,10000,2026-08-20T19:46:26Z,電子決済,increment-run-002,workshop-participant,donation_events_002.csv,2026-08-21T14:20:02Z
EVT-FRS-012763,6012763,2000378,273627,3002980,20000,2026-08-20T19:51:39Z,電子決済,increment-run-002,workshop-participant,donation_events_002.csv,2026-08-21T14:20:02Z
EVT-FRS-009047,6009047,2000274,382078,3000602,10000,2026-08-20T19:59:57Z,クレジットカード,increment-run-002,workshop-participant,donation_events_002.csv,2026-08-21T14:20:02Z
EVT-FRS-003981,6003981,2010308,012220,3004860,20000,2026-08-20T20:01:57Z,クレジットカード,increment-run-002,workshop-participant,donation_events_002.csv,2026-08-21T14:20:02Z
EVT-FRS-004768,6004768,2004541,232360,3003033,8000,2026-08-20T20:04:35Z,クレジットカード,increment-run-002,workshop-participant,donation_events_002.csv,2026-08-21T14:20:02Z
EVT-FRS-004808,6004808,2002621,412058,3002485,30000,2026-08-20T20:10:13Z,クレジットカード,increment-run-002,workshop-participant,donation_events_002.csv,2026-08-21T14:20:02Z
EVT-FRS-007105,6007105,2006531,343072,3002812,20000,2026-08-20T20:11:13Z,クレジットカード,increment-run-002,workshop-participant,donation_events_002.csv,2026-08-21T14:20:02Z
EVT-FRS-005290,6005290,2006199,022021,3000544,10000,2026-08-20T20:12:55Z,電子決済,increment-run-002,workshop-participant,donation_events_002.csv,2026-08-21T14:20:02Z
EVT-FRS-012828,6012828,2008670,012068,3004966,12000,2026-08-20T20:14:49Z,クレジットカード,increment-run-002,workshop-participant,donation_events_002.csv,2026-08-21T14:20:02Z
EVT-FRS-004131,6004131,2003914,012335,3001245,10000,2026-08-20T20:26:48Z,クレジットカード,increment-run-002,workshop-participant,donation_events_002.csv,2026-08-21T14:20:02Z
EVT-FRS-008900,6008900,2000282,342157,3005027,20000,2026-08-20T20:29:38Z,コンビニ決済,increment-run-002,workshop-participant,donation_events_002.csv,2026-08-21T14:20:02Z
EVT-FRS-002921,6002921,2007584,252018,3004798,10000,2026-08-20T20:31:36Z,クレジットカード,increment-run-002,workshop-participant,donation_events_002.csv,2026-08-21T14:20:02Z
EVT-FRS-002123,6002123,2006293,282189,3001458,20000,2026-08-20T20:32:44Z,電子決済,increment-run-002,workshop-participant,donation_events_002.csv,2026-08-21T14:20:02Z
EVT-FRS-007117,6007117,2010688,042072,3001255,20000,2026-08-20T20:33:37Z,電子決済,increment-run-002,workshop-participant,donation_events_002.csv,2026-08-21T14:20:02Z
EVT-FRS-000841,6000841,2011655,292087,3000362,10000,2026-08-20T20:42:55Z,クレジットカード,increment-run-002,workshop-participant,donation_events_002.csv,2026-08-21T14:20:02Z
EVT-FRS-005777,6005777,2007728,072133,3002827,5000,2026-08-20T20:43:05Z,電子決済,increment-run-002,workshop-participant,donation_events_002.csv,2026-08-21T14:20:02Z
EVT-FRS-005602,6005602,2011059,174611,3004050,25000,2026-08-20T20:45:53Z,クレジットカード,increment-run-002,workshop-participant,donation_events_002.csv,2026-08-21T14:20:02Z
EVT-FRS-013003,6013003,2009587,012173,3002306,20000,2026-08-20T20:47:37Z,クレジットカード,increment-run-002,workshop-participant,donation_events_002.csv,2026-08-21T14:20:02Z
EVT-FRS-014824,6014824,2001531,072125,3000091,10000,2026-08-20T20:51:50Z,クレジットカード,increment-run-002,workshop-participant,donation_events_002.csv,2026-08-21T14:20:02Z
EVT-FRS-014501,6014501,2000419,102041,3001427,12000,2026-08-20T20:52:47Z,クレジットカード,increment-run-002,workshop-participant,donation_events_002.csv,2026-08-21T14:20:02Z
EVT-FRS-010693,6010693,2011400,024236,3005240,10000,2026-08-20T20:53:46Z,クレジットカード,increment-run-002,workshop-participant,donation_events_002.csv,2026-08-21T14:20:02Z
EVT-FRS-014897,6014897,2011042,012301,3005595,12000,2026-08-20T20:58:45Z,クレジットカード,increment-run-002,workshop-participant,donation_events_002.csv,2026-08-21T14:20:02Z
EVT-FRS-000696,6000696,2009565,452033,3004403,20000,2026-08-20T21:00:53Z,クレジットカード,increment-run-002,workshop-participant,donation_events_002.csv,2026-08-21T14:20:02Z
EVT-FRS-005888,6005888,2000582,042081,3001968,60000,2026-08-20T21:02:33Z,電子決済,increment-run-002,workshop-participant,donation_events_002.csv,2026-08-21T14:20:02Z
EVT-FRS-005685,6005685,2011597,132071,3002552,15000,2026-08-20T21:05:18Z,クレジットカード,increment-run-002,workshop-participant,donation_events_002.csv,2026-08-21T14:20:02Z
EVT-FRS-002086,6002086,2007995,462179,3005555,10000,2026-08-20T21:06:13Z,クレジットカード,increment-run-002,workshop-participant,donation_events_002.csv,2026-08-21T14:20:02Z
EVT-FRS-010276,6010276,2003839,212199,3002524,50000,2026-08-20T21:11:33Z,クレジットカード,increment-run-002,workshop-participant,donation_events_002.csv,2026-08-21T14:20:02Z
EVT-FRS-005829,6005829,2002030,462144,3002513,20000,2026-08-20T21:15:28Z,電子決済,increment-run-002,workshop-participant,donation_events_002.csv,2026-08-21T14:20:02Z
EVT-FRS-014314,6014314,2011744,082341,3005160,10000,2026-08-20T21:16:46Z,クレジットカード,increment-run-002,workshop-participant,donation_events_002.csv,2026-08-21T14:20:02Z
EVT-FRS-006873,6006873,2007881,012262,3005450,25000,2026-08-20T21:18:49Z,電子決済,increment-run-002,workshop-participant,donation_events_002.csv,2026-08-21T14:20:02Z
EVT-FRS-008832,6008832,2009514,272205,3003880,70000,2026-08-20T21:31:34Z,クレジットカード,increment-run-002,workshop-participant,donation_events_002.csv,2026-08-21T14:20:02Z
EVT-FRS-012185,6012185,2003734,362051,3004680,20000,2026-08-20T21:33:07Z,銀行振込,increment-run-002,workshop-participant,donation_events_002.csv,2026-08-21T14:20:02Z
EVT-FRS-007945,6007945,2006403,012092,3003696,10000,2026-08-20T21:35:08Z,コンビニ決済,increment-run-002,workshop-participant,donation_events_002.csv,2026-08-21T14:20:02Z
EVT-FRS-007841,6007841,2000220,282189,3001646,5000,2026-08-20T21:35:24Z,銀行振込,increment-run-002,workshop-participant,donation_events_002.csv,2026-08-21T14:20:02Z
EVT-FRS-009497,6009497,2005503,122211,3002738,15000,2026-08-20T21:41:32Z,クレジットカード,increment-run-002,workshop-participant,donation_events_002.csv,2026-08-21T14:20:02Z
EVT-FRS-012808,6012808,2004420,384887,3005022,10000,2026-08-20T21:44:19Z,クレジットカード,increment-run-002,workshop-participant,donation_events_002.csv,2026-08-21T14:20:02Z
EVT-FRS-014706,6014706,2008166,082309,3002425,10000,2026-08-20T21:45:17Z,コンビニ決済,increment-run-002,workshop-participant,donation_events_002.csv,2026-08-21T14:20:02Z
EVT-FRS-010771,6010771,2007374,392103,3003399,20000,2026-08-20T21:52:09Z,電子決済,increment-run-002,workshop-participant,donation_events_002.csv,2026-08-21T14:20:02Z
EVT-FRS-001128,6001128,2010047,012203,3001079,10000,2026-08-20T21:52:15Z,電子決済,increment-run-002,workshop-participant,donation_events_002.csv,2026-08-21T14:20:02Z
EVT-FRS-004313,6004313,2001742,462241,3003325,30000,2026-08-20T21:52:59Z,クレジットカード,increment-run-002,workshop-participant,donation_events_002.csv,2026-08-21T14:20:02Z
EVT-FRS-014412,6014412,2010672,022012,3000455,12000,2026-08-20T21:53:32Z,クレジットカード,increment-run-002,workshop-participant,donation_events_002.csv,2026-08-21T14:20:02Z
EVT-FRS-006252,6006252,2005658,352063,3000151,10000,2026-08-20T21:56:23Z,クレジットカード,increment-run-002,workshop-participant,donation_events_002.csv,2026-08-21T14:20:02Z
EVT-FRS-002359,6002359,2005153,232351,3001051,10000,2026-08-20T22:06:00Z,クレジットカード,increment-run-002,workshop-participant,donation_events_002.csv,2026-08-21T14:20:02Z
EVT-FRS-009146,6009146,2004551,453617,3004160,10000,2026-08-20T22:11:16Z,コンビニ決済,increment-run-002,workshop-participant,donation_events_002.csv,2026-08-21T14:20:02Z
EVT-FRS-012581,6012581,2008435,213039,3002641,50000,2026-08-20T22:12:58Z,電子決済,increment-run-002,workshop-participant,donation_events_002.csv,2026-08-21T14:20:02Z
EVT-FRS-005630,6005630,2008921,122190,3004382,10000,2026-08-20T22:21:05Z,クレジットカード,increment-run-002,workshop-participant,donation_events_002.csv,2026-08-21T14:20:02Z
EVT-FRS-009313,6009313,2003634,452068,3000805,20000,2026-08-20T22:25:53Z,クレジットカード,increment-run-002,workshop-participant,donation_events_002.csv,2026-08-21T14:20:02Z
EVT-FRS-002298,6002298,2010937,262102,3005139,50000,2026-08-20T22:28:02Z,コンビニ決済,increment-run-002,workshop-participant,donation_events_002.csv,2026-08-21T14:20:02Z
EVT-FRS-003265,6003265,2001463,424111,3003746,5000,2026-08-20T22:28:30Z,電子決済,increment-run-002,workshop-participant,donation_events_002.csv,2026-08-21T14:20:02Z
EVT-FRS-001055,6001055,2001774,092011,3001063,10000,2026-08-20T22:29:15Z,銀行振込,increment-run-002,workshop-participant,donation_events_002.csv,2026-08-21T14:20:02Z
EVT-FRS-006100,6006100,2003081,142174,3002413,12000,2026-08-20T22:36:49Z,電子決済,increment-run-002,workshop-participant,donation_events_002.csv,2026-08-21T14:20:02Z
EVT-FRS-007993,6007993,2001948,431001,3002471,12000,2026-08-20T22:41:47Z,クレジットカード,increment-run-002,workshop-participant,donation_events_002.csv,2026-08-21T14:20:02Z
EVT-FRS-009799,6009799,2011915,402281,3005243,20000,2026-08-20T22:42:40Z,クレジットカード,increment-run-002,workshop-participant,donation_events_002.csv,2026-08-21T14:20:02Z
EVT-FRS-001270,6001270,2004778,042129,3000866,12000,2026-08-20T22:44:32Z,クレジットカード,increment-run-002,workshop-participant,donation_events_002.csv,2026-08-21T14:20:02Z
EVT-FRS-000947,6000947,2011690,353442,3001266,15000,2026-08-20T22:46:53Z,クレジットカード,increment-run-002,workshop-participant,donation_events_002.csv,2026-08-21T14:20:02Z
EVT-FRS-008998,6008998,2000527,112062,3003107,20000,2026-08-20T22:47:54Z,クレジットカード,increment-run-002,workshop-participant,donation_events_002.csv,2026-08-21T14:20:02Z
EVT-FRS-006009,6006009,2011201,152048,3003793,60000,2026-08-20T22:48:05Z,クレジットカード,increment-run-002,workshop-participant,donation_events_002.csv,2026-08-21T14:20:02Z
EVT-FRS-013087,6013087,2010840,152111,3000948,20000,2026-08-20T22:51:23Z,クレジットカード,increment-run-002,workshop-participant,donation_events_002.csv,2026-08-21T14:20:02Z
EVT-FRS-002646,6002646,2000624,112437,3003899,5000,2026-08-20T22:54:19Z,銀行振込,increment-run-002,workshop-participant,donation_events_002.csv,2026-08-21T14:20:02Z
EVT-FRS-003453,6003453,2000647,062111,3002623,15000,2026-08-20T22:56:15Z,コンビニ決済,increment-run-002,workshop-participant,donation_events_002.csv,2026-08-21T14:20:02Z
EVT-FRS-006961,6006961,2001805,452041,3005727,15000,2026-08-20T22:59:07Z,クレジットカード,increment-run-002,workshop-participant,donation_events_002.csv,2026-08-21T14:20:02Z
EVT-FRS-003678,6003678,2002002,112330,3000721,10000,2026-08-20T23:00:31Z,クレジットカード,increment-run-002,workshop-participant,donation_events_002.csv,2026-08-21T14:20:02Z
EVT-FRS-010262,6010262,2000799,052060,3001560,30000,2026-08-20T23:02:03Z,クレジットカード,increment-run-002,workshop-participant,donation_events_002.csv,2026-08-21T14:20:02Z
EVT-FRS-014225,6014225,2002680,342092,3003144,10000,2026-08-20T23:23:52Z,クレジットカード,increment-run-002,workshop-participant,donation_events_002.csv,2026-08-21T14:20:02Z
EVT-FRS-001727,6001727,2003067,294241,3004758,15000,2026-08-20T23:24:05Z,電子決済,increment-run-002,workshop-participant,donation_events_002.csv,2026-08-21T14:20:02Z
EVT-FRS-014750,6014750,2011538,052035,3002746,10000,2026-08-20T23:26:19Z,クレジットカード,increment-run-002,workshop-participant,donation_events_002.csv,2026-08-21T14:20:02Z
EVT-FRS-014692,6014692,2011506,032093,3004736,5000,2026-08-20T23:27:24Z,クレジットカード,increment-run-002,workshop-participant,donation_events_002.csv,2026-08-21T14:20:02Z
EVT-FRS-007053,6007053,2004910,042072,3003277,25000,2026-08-20T23:28:02Z,クレジットカード,increment-run-002,workshop-participant,donation_events_002.csv,2026-08-21T14:20:02Z
EVT-FRS-005575,6005575,2009301,432032,3005216,10000,2026-08-20T23:30:28Z,銀行振込,increment-run-002,workshop-participant,donation_events_002.csv,2026-08-21T14:20:02Z
EVT-FRS-004044,6004044,2000708,232289,3004774,15000,2026-08-20T23:31:45Z,クレジットカード,increment-run-002,workshop-participant,donation_events_002.csv,2026-08-21T14:20:02Z
EVT-FRS-010936,6010936,2008967,272027,3004748,15000,2026-08-20T23:36:59Z,電子決済,increment-run-002,workshop-participant,donation_events_002.csv,2026-08-21T14:20:02Z
EVT-FRS-005819,6005819,2003723,182044,3003831,100000,2026-08-20T23:43:40Z,クレジットカード,increment-run-002,workshop-participant,donation_events_002.csv,2026-08-21T14:20:02Z
EVT-FRS-011479,6011479,2005452,122246,3004260,15000,2026-08-20T23:44:15Z,クレジットカード,increment-run-002,workshop-participant,donation_events_002.csv,2026-08-21T14:20:02Z
EVT-FRS-004968,6004968,2005226,132276,3002241,20000,2026-08-20T23:46:46Z,電子決済,increment-run-002,workshop-participant,donation_events_002.csv,2026-08-21T14:20:02Z
EVT-FRS-007707,6007707,2009730,131156,3000683,15000,2026-08-20T23:48:03Z,電子決済,increment-run-002,workshop-participant,donation_events_002.csv,2026-08-21T14:20:02Z
EVT-FRS-003040,6003040,2005477,362051,3004566,10000,2026-08-20T23:49:30Z,電子決済,increment-run-002,workshop-participant,donation_events_002.csv,2026-08-21T14:20:02Z
EVT-FRS-000408,6000408,2009064,013471,3002000,50000,2026-08-20T23:53:38Z,銀行振込,increment-run-002,workshop-participant,donation_events_002.csv,2026-08-21T14:20:02Z
EVT-FRS-003380,6003380,2004126,312011,3003080,20000,2026-08-20T23:58:52Z,電子決済,increment-run-002,workshop-participant,donation_events_002.csv,2026-08-21T14:20:02Z
EVT-FRS-008664,6008664,2002191,112160,3001059,15000,2026-08-21T00:05:58Z,クレジットカード,increment-run-002,workshop-participant,donation_events_002.csv,2026-08-21T14:20:02Z
EVT-FRS-012574,6012574,2002021,262081,3003603,20000,2026-08-21T00:10:26Z,クレジットカード,increment-run-002,workshop-participant,donation_events_002.csv,2026-08-21T14:20:02Z
EVT-FRS-014174,6014174,2009030,112259,3002708,10000,2026-08-21T00:15:30Z,電子決済,increment-run-002,workshop-participant,donation_events_002.csv,2026-08-21T14:20:02Z
EVT-FRS-009454,6009454,2007419,372064,3000159,10000,2026-08-21T00:23:27Z,クレジットカード,increment-run-002,workshop-participant,donation_events_002.csv,2026-08-21T14:20:02Z
EVT-FRS-000287,6000287,2003802,112275,3001154,12000,2026-08-21T00:38:30Z,クレジットカード,increment-run-002,workshop-participant,donation_events_002.csv,2026-08-21T14:20:02Z
EVT-FRS-010273,6010273,2004123,393649,3001910,10000,2026-08-21T00:40:57Z,クレジットカード,increment-run-002,workshop-participant,donation_events_002.csv,2026-08-21T14:20:02Z
EVT-FRS-010629,6010629,2008839,012190,3004508,30000,2026-08-21T00:46:35Z,クレジットカード,increment-run-002,workshop-participant,donation_events_002.csv,2026-08-21T14:20:02Z
EVT-FRS-012904,6012904,2009444,152129,3004627,5000,2026-08-21T00:53:00Z,クレジットカード,increment-run-002,workshop-participant,donation_events_002.csv,2026-08-21T14:20:02Z
EVT-FRS-011966,6011966,2006532,302066,3001128,10000,2026-08-21T00:53:46Z,クレジットカード,increment-run-002,workshop-participant,donation_events_002.csv,2026-08-21T14:20:02Z
EVT-FRS-002294,6002294,2008230,452033,3005362,10000,2026-08-21T00:55:07Z,クレジットカード,increment-run-002,workshop-participant,donation_events_002.csv,2026-08-21T14:20:02Z
EVT-FRS-012503,6012503,2007023,282014,3002089,30000,2026-08-21T00:55:07Z,クレジットカード,increment-run-002,workshop-participant,donation_events_002.csv,2026-08-21T14:20:02Z
EVT-FRS-007210,6007210,2011988,472085,3004617,15000,2026-08-21T00:57:04Z,クレジットカード,increment-run-002,workshop-participant,donation_events_002.csv,2026-08-21T14:20:02Z
EVT-FRS-013092,6013092,2010442,402303,3002367,15000,2026-08-21T01:08:38Z,電子決済,increment-run-002,workshop-participant,donation_events_002.csv,2026-08-21T14:20:02Z
EVT-FRS-006104,6006104,2000779,132233,3004233,10000,2026-08-21T01:10:19Z,クレジットカード,increment-run-002,workshop-participant,donation_events_002.csv,2026-08-21T14:20:02Z
EVT-FRS-013388,6013388,2008504,402141,3003817,15000,2026-08-21T01:10:44Z,銀行振込,increment-run-002,workshop-participant,donation_events_002.csv,2026-08-21T14:20:02Z
EVT-FRS-007802,6007802,2009271,252123,3000314,15000,2026-08-21T01:17:19Z,電子決済,increment-run-002,workshop-participant,donation_events_002.csv,2026-08-21T14:20:02Z
EVT-FRS-012362,6012362,2003570,142131,3003940,20000,2026-08-21T01:22:10Z,クレジットカード,increment-run-002,workshop-participant,donation_events_002.csv,2026-08-21T14:20:02Z
EVT-FRS-008530,6008530,2003579,072079,3005665,10000,2026-08-21T01:24:28Z,クレジットカード,increment-run-002,workshop-participant,donation_events_002.csv,2026-08-21T14:20:02Z
EVT-FRS-003950,6003950,2007179,041009,3002626,12000,2026-08-21T01:25:00Z,電子決済,increment-run-002,workshop-participant,donation_events_002.csv,2026-08-21T14:20:02Z
EVT-FRS-007572,6007572,2002509,182010,3001194,10000,2026-08-21T01:25:49Z,クレジットカード,increment-run-002,workshop-participant,donation_events_002.csv,2026-08-21T14:20:02Z
EVT-FRS-003406,6003406,2010420,016098,3005286,70000,2026-08-21T01:27:02Z,クレジットカード,increment-run-002,workshop-participant,donation_events_002.csv,2026-08-21T14:20:02Z
EVT-FRS-009139,6009139,2010151,045012,3005747,10000,2026-08-21T01:33:50Z,クレジットカード,increment-run-002,workshop-participant,donation_events_002.csv,2026-08-21T14:20:02Z
EVT-FRS-012549,6012549,2009793,102091,3001892,15000,2026-08-21T01:35:51Z,クレジットカード,increment-run-002,workshop-participant,donation_events_002.csv,2026-08-21T14:20:02Z
EVT-FRS-007994,6007994,2010993,012122,3003334,15000,2026-08-21T01:38:52Z,クレジットカード,increment-run-002,workshop-participant,donation_events_002.csv,2026-08-21T14:20:02Z
EVT-FRS-009892,6009892,2003305,272086,3004787,30000,2026-08-21T01:41:15Z,クレジットカード,increment-run-002,workshop-participant,donation_events_002.csv,2026-08-21T14:20:02Z
EVT-FRS-006302,6006302,2009090,142085,3000707,20000,2026-08-21T01:44:41Z,電子決済,increment-run-002,workshop-participant,donation_events_002.csv,2026-08-21T14:20:02Z
EVT-FRS-010222,6010222,2008993,282103,3005275,50000,2026-08-21T01:45:30Z,クレジットカード,increment-run-002,workshop-participant,donation_events_002.csv,2026-08-21T14:20:02Z
EVT-FRS-013104,6013104,2007526,012181,3002867,10000,2026-08-21T01:47:18Z,クレジットカード,increment-run-002,workshop-participant,donation_events_002.csv,2026-08-21T14:20:02Z
EVT-FRS-007561,6007561,2006728,012190,3004508,10000,2026-08-21T01:47:35Z,クレジットカード,increment-run-002,workshop-participant,donation_events_002.csv,2026-08-21T14:20:02Z
EVT-FRS-004846,6004846,2011118,022071,3001533,25000,2026-08-21T01:48:19Z,クレジットカード,increment-run-002,workshop-participant,donation_events_002.csv,2026-08-21T14:20:02Z
EVT-FRS-007025,6007025,2009893,082341,3000661,15000,2026-08-21T01:52:38Z,クレジットカード,increment-run-002,workshop-participant,donation_events_002.csv,2026-08-21T14:20:02Z
EVT-FRS-000049,6000049,2006925,222101,3004147,30000,2026-08-21T01:59:02Z,コンビニ決済,increment-run-002,workshop-participant,donation_events_002.csv,2026-08-21T14:20:02Z
EVT-FRS-004134,6004134,2003544,332101,3005984,10000,2026-08-21T02:02:08Z,銀行振込,increment-run-002,workshop-participant,donation_events_002.csv,2026-08-21T14:20:02Z
EVT-FRS-002258,6002258,2004323,222127,3000099,8000,2026-08-21T02:02:17Z,クレジットカード,increment-run-002,workshop-participant,donation_events_002.csv,2026-08-21T14:20:02Z
EVT-FRS-000170,6000170,2003503,141305,3003591,10000,2026-08-21T02:06:31Z,クレジットカード,increment-run-002,workshop-participant,donation_events_002.csv,2026-08-21T14:20:02Z
EVT-FRS-011237,6011237,2005951,142042,3004174,15000,2026-08-21T02:09:45Z,クレジットカード,increment-run-002,workshop-participant,donation_events_002.csv,2026-08-21T14:20:02Z
EVT-FRS-007829,6007829,2011184,473600,3000083,15000,2026-08-21T02:09:51Z,電子決済,increment-run-002,workshop-participant,donation_events_002.csv,2026-08-21T14:20:02Z
EVT-FRS-010954,6010954,2003596,472115,3003586,20000,2026-08-21T02:11:37Z,クレジットカード,increment-run-002,workshop-participant,donation_events_002.csv,2026-08-21T14:20:02Z
EVT-FRS-005415,6005415,2006081,272302,3005525,20000,2026-08-21T02:12:04Z,電子決済,increment-run-002,workshop-participant,donation_events_002.csv,2026-08-21T14:20:02Z
EVT-FRS-002920,6002920,2003826,012297,3003729,12000,2026-08-21T02:13:08Z,クレジットカード,increment-run-002,workshop-participant,donation_events_002.csv,2026-08-21T14:20:02Z
EVT-FRS-009433,6009433,2009846,042021,3002651,15000,2026-08-21T02:19:06Z,コンビニ決済,increment-run-002,workshop-participant,donation_events_002.csv,2026-08-21T14:20:02Z
EVT-FRS-012433,6012433,2003607,122076,3004241,30000,2026-08-21T02:29:09Z,電子決済,increment-run-002,workshop-participant,donation_events_002.csv,2026-08-21T14:20:02Z
EVT-FRS-005374,6005374,2003320,282189,3003712,20000,2026-08-21T02:36:55Z,電子決済,increment-run-002,workshop-participant,donation_events_002.csv,2026-08-21T14:20:02Z
EVT-FRS-000318,6000318,2011539,422134,3002048,5000,2026-08-21T02:37:41Z,銀行振込,increment-run-002,workshop-participant,donation_events_002.csv,2026-08-21T14:20:02Z
EVT-FRS-001979,6001979,2011110,151009,3003855,12000,2026-08-21T02:38:17Z,電子決済,increment-run-002,workshop-participant,donation_events_002.csv,2026-08-21T14:20:02Z
EVT-FRS-008762,6008762,2011529,192104,3005381,50000,2026-08-21T02:38:55Z,電子決済,increment-run-002,workshop-participant,donation_events_002.csv,2026-08-21T14:20:02Z
EVT-FRS-003015,6003015,2003754,432105,3000585,15000,2026-08-21T02:41:07Z,クレジットカード,increment-run-002,workshop-participant,donation_events_002.csv,2026-08-21T14:20:02Z
EVT-FRS-002991,6002991,2006482,012092,3003636,8000,2026-08-21T02:43:18Z,クレジットカード,increment-run-002,workshop-participant,donation_events_002.csv,2026-08-21T14:20:02Z
EVT-FRS-011289,6011289,2008614,434281,3003008,20000,2026-08-21T02:43:53Z,電子決済,increment-run-002,workshop-participant,donation_events_002.csv,2026-08-21T14:20:02Z
EVT-FRS-012476,6012476,2001465,212041,3004527,12000,2026-08-21T02:46:01Z,クレジットカード,increment-run-002,workshop-participant,donation_events_002.csv,2026-08-21T14:20:02Z
EVT-FRS-007526,6007526,2003519,012190,3004508,15000,2026-08-21T02:47:53Z,電子決済,increment-run-002,workshop-participant,donation_events_002.csv,2026-08-21T14:20:02Z
EVT-FRS-013289,6013289,2000343,452025,3003388,15000,2026-08-21T02:48:44Z,クレジットカード,increment-run-002,workshop-participant,donation_events_002.csv,2026-08-21T14:20:02Z
EVT-FRS-004380,6004380,2009087,082198,3001545,15000,2026-08-21T02:55:14Z,クレジットカード,increment-run-002,workshop-participant,donation_events_002.csv,2026-08-21T14:20:02Z
EVT-FRS-008663,6008663,2008296,072052,3000698,20000,2026-08-21T02:56:45Z,クレジットカード,increment-run-002,workshop-participant,donation_events_002.csv,2026-08-21T14:20:02Z
EVT-FRS-002288,6002288,2000161,072052,3004121,5000,2026-08-21T02:59:18Z,クレジットカード,increment-run-002,workshop-participant,donation_events_002.csv,2026-08-21T14:20:02Z
EVT-FRS-007530,6007530,2008552,382078,3000557,40000,2026-08-21T03:01:59Z,電子決済,increment-run-002,workshop-participant,donation_events_002.csv,2026-08-21T14:20:02Z
EVT-FRS-001800,6001800,2001898,012246,3004628,25000,2026-08-21T03:04:50Z,クレジットカード,increment-run-002,workshop-participant,donation_events_002.csv,2026-08-21T14:20:02Z
EVT-FRS-000341,6000341,2004715,452025,3005848,10000,2026-08-21T03:08:55Z,クレジットカード,increment-run-002,workshop-participant,donation_events_002.csv,2026-08-21T14:20:02Z
EVT-FRS-003502,6003502,2010491,232378,3001880,15000,2026-08-21T03:12:21Z,クレジットカード,increment-run-002,workshop-participant,donation_events_002.csv,2026-08-21T14:20:02Z
EVT-FRS-002351,6002351,2010312,382043,3002011,15000,2026-08-21T03:19:15Z,クレジットカード,increment-run-002,workshop-participant,donation_events_002.csv,2026-08-21T14:20:02Z
EVT-FRS-003164,6003164,2008765,141003,3003285,15000,2026-08-21T03:28:58Z,クレジットカード,increment-run-002,workshop-participant,donation_events_002.csv,2026-08-21T14:20:02Z
EVT-FRS-012349,6012349,2005736,272159,3003093,15000,2026-08-21T03:30:26Z,電子決済,increment-run-002,workshop-participant,donation_events_002.csv,2026-08-21T14:20:02Z
EVT-FRS-001294,6001294,2010589,122131,3004844,10000,2026-08-21T03:37:16Z,クレジットカード,increment-run-002,workshop-participant,donation_events_002.csv,2026-08-21T14:20:02Z
EVT-FRS-012931,6012931,2011084,382132,3001548,20000,2026-08-21T03:39:58Z,クレジットカード,increment-run-002,workshop-participant,donation_events_002.csv,2026-08-21T14:20:02Z
EVT-FRS-013000,6013000,2004060,392103,3003399,20000,2026-08-21T03:41:12Z,クレジットカード,increment-run-002,workshop-participant,donation_events_002.csv,2026-08-21T14:20:02Z
EVT-FRS-013969,6013969,2006447,122297,3000525,15000,2026-08-21T03:41:17Z,クレジットカード,increment-run-002,workshop-participant,donation_events_002.csv,2026-08-21T14:20:02Z
EVT-FRS-013409,6013409,2008259,062103,3002240,10000,2026-08-21T03:42:46Z,銀行振込,increment-run-002,workshop-participant,donation_events_002.csv,2026-08-21T14:20:02Z
EVT-FRS-009689,6009689,2001795,092096,3003063,12000,2026-08-21T03:50:37Z,電子決済,increment-run-002,workshop-participant,donation_events_002.csv,2026-08-21T14:20:02Z
EVT-FRS-003176,6003176,2000626,141003,3003876,25000,2026-08-21T03:51:48Z,クレジットカード,increment-run-002,workshop-participant,donation_events_002.csv,2026-08-21T14:20:02Z
EVT-FRS-005441,6005441,2004018,012190,3001672,20000,2026-08-21T03:52:25Z,電子決済,increment-run-002,workshop-participant,donation_events_002.csv,2026-08-21T14:20:02Z
EVT-FRS-003672,6003672,2007523,442135,3004245,10000,2026-08-21T03:55:07Z,クレジットカード,increment-run-002,workshop-participant,donation_events_002.csv,2026-08-21T14:20:02Z
EVT-FRS-004595,6004595,2002454,132284,3005554,50000,2026-08-21T03:56:24Z,電子決済,increment-run-002,workshop-participant,donation_events_002.csv,2026-08-21T14:20:02Z
EVT-FRS-010871,6010871,2000396,204129,3002575,15000,2026-08-21T04:00:11Z,電子決済,increment-run-002,workshop-participant,donation_events_002.csv,2026-08-21T14:20:02Z
EVT-FRS-002323,6002323,2000038,172057,3003537,12000,2026-08-21T04:04:15Z,クレジットカード,increment-run-002,workshop-participant,donation_events_002.csv,2026-08-21T14:20:02Z
EVT-FRS-005036,6005036,2000105,292087,3002018,40000,2026-08-21T04:04:58Z,クレジットカード,increment-run-002,workshop-participant,donation_events_002.csv,2026-08-21T14:20:02Z
EVT-FRS-006734,6006734,2005191,362069,3000261,20000,2026-08-21T04:06:41Z,クレジットカード,increment-run-002,workshop-participant,donation_events_002.csv,2026-08-21T14:20:02Z
EVT-FRS-004820,6004820,2008013,382043,3005763,30000,2026-08-21T04:13:07Z,コンビニ決済,increment-run-002,workshop-participant,donation_events_002.csv,2026-08-21T14:20:02Z
EVT-FRS-004122,6004122,2004111,302074,3004829,40000,2026-08-21T04:16:54Z,クレジットカード,increment-run-002,workshop-participant,donation_events_002.csv,2026-08-21T14:20:02Z
EVT-FRS-005070,6005070,2000043,422053,3004267,15000,2026-08-21T04:18:53Z,クレジットカード,increment-run-002,workshop-participant,donation_events_002.csv,2026-08-21T14:20:02Z
EVT-FRS-004806,6004806,2001176,152226,3002391,30000,2026-08-21T04:20:46Z,クレジットカード,increment-run-002,workshop-participant,donation_events_002.csv,2026-08-21T14:20:02Z
EVT-FRS-001372,6001372,2003354,452068,3000923,10000,2026-08-21T04:21:09Z,電子決済,increment-run-002,workshop-participant,donation_events_002.csv,2026-08-21T14:20:02Z
EVT-FRS-002119,6002119,2008033,452025,3004014,25000,2026-08-21T04:22:56Z,クレジットカード,increment-run-002,workshop-participant,donation_events_002.csv,2026-08-21T14:20:02Z
EVT-FRS-011229,6011229,2004062,242047,3005342,20000,2026-08-21T04:25:59Z,電子決済,increment-run-002,workshop-participant,donation_events_002.csv,2026-08-21T14:20:02Z
EVT-FRS-007794,6007794,2008290,032018,3004662,10000,2026-08-21T04:27:45Z,クレジットカード,increment-run-002,workshop-participant,donation_events_002.csv,2026-08-21T14:20:02Z
EVT-FRS-010483,6010483,2010327,222089,3003577,30000,2026-08-21T04:30:53Z,電子決済,increment-run-002,workshop-participant,donation_events_002.csv,2026-08-21T14:20:02Z
EVT-FRS-005141,6005141,2000213,014702,3000748,12000,2026-08-21T04:32:25Z,クレジットカード,increment-run-002,workshop-participant,donation_events_002.csv,2026-08-21T14:20:02Z
EVT-FRS-013248,6013248,2003333,052132,3000492,30000,2026-08-21T04:36:05Z,クレジットカード,increment-run-002,workshop-participant,donation_events_002.csv,2026-08-21T14:20:02Z
EVT-FRS-011915,6011915,2009951,401005,3001349,20000,2026-08-21T04:39:40Z,コンビニ決済,increment-run-002,workshop-participant,donation_events_002.csv,2026-08-21T14:20:02Z
EVT-FRS-004279,6004279,2002429,402214,3002615,8000,2026-08-21T04:42:20Z,クレジットカード,increment-run-002,workshop-participant,donation_events_002.csv,2026-08-21T14:20:02Z
EVT-FRS-009320,6009320,2008280,016390,3005273,20000,2026-08-21T04:45:51Z,クレジットカード,increment-run-002,workshop-participant,donation_events_002.csv,2026-08-21T14:20:02Z
EVT-FRS-012368,6012368,2000956,034827,3002275,12000,2026-08-21T04:48:24Z,クレジットカード,increment-run-002,workshop-participant,donation_events_002.csv,2026-08-21T14:20:02Z
EVT-FRS-001681,6001681,2010054,132233,3000670,20000,2026-08-21T04:55:53Z,コンビニ決済,increment-run-002,workshop-participant,donation_events_002.csv,2026-08-21T14:20:02Z
EVT-FRS-007474,6007474,2006413,462233,3004483,15000,2026-08-21T05:00:21Z,クレジットカード,increment-run-002,workshop-participant,donation_events_002.csv,2026-08-21T14:20:02Z
EVT-FRS-005066,6005066,2004483,302074,3002785,10000,2026-08-21T05:01:23Z,クレジットカード,increment-run-002,workshop-participant,donation_events_002.csv,2026-08-21T14:20:02Z
EVT-FRS-009326,6009326,2000340,044041,3002691,10000,2026-08-21T05:06:08Z,クレジットカード,increment-run-002,workshop-participant,donation_events_002.csv,2026-08-21T14:20:02Z
EVT-FRS-004720,6004720,2010690,273660,3002795,8000,2026-08-21T05:10:35Z,クレジットカード,increment-run-002,workshop-participant,donation_events_002.csv,2026-08-21T14:20:02Z
EVT-FRS-007135,6007135,2003431,152048,3003815,10000,2026-08-21T05:14:45Z,クレジットカード,increment-run-002,workshop-participant,donation_events_002.csv,2026-08-21T14:20:02Z
EVT-FRS-007621,6007621,2007360,232157,3005582,30000,2026-08-21T05:18:31Z,銀行振込,increment-run-002,workshop-participant,donation_events_002.csv,2026-08-21T14:20:02Z
EVT-FRS-005695,6005695,2005885,192074,3005724,100000,2026-08-21T05:21:43Z,クレジットカード,increment-run-002,workshop-participant,donation_events_002.csv,2026-08-21T14:20:02Z
EVT-FRS-000600,6000600,2004709,212164,3002831,10000,2026-08-21T05:22:39Z,銀行振込,increment-run-002,workshop-participant,donation_events_002.csv,2026-08-21T14:20:02Z
EVT-FRS-000123,6000123,2004856,122271,3000915,25000,2026-08-21T05:28:42Z,クレジットカード,increment-run-002,workshop-participant,donation_events_002.csv,2026-08-21T14:20:02Z
EVT-FRS-010774,6010774,2002722,312029,3005635,10000,2026-08-21T05:29:41Z,コンビニ決済,increment-run-002,workshop-participant,donation_events_002.csv,2026-08-21T14:20:02Z
EVT-FRS-006631,6006631,2003281,452025,3002268,20000,2026-08-21T05:32:58Z,クレジットカード,increment-run-002,workshop-participant,donation_events_002.csv,2026-08-21T14:20:02Z
EVT-FRS-002913,6002913,2008696,393053,3005365,10000,2026-08-21T05:38:37Z,銀行振込,increment-run-002,workshop-participant,donation_events_002.csv,2026-08-21T14:20:02Z
EVT-FRS-008930,6008930,2007755,262013,3002409,30000,2026-08-21T05:40:06Z,クレジットカード,increment-run-002,workshop-participant,donation_events_002.csv,2026-08-21T14:20:02Z
EVT-FRS-012114,6012114,2006074,452068,3004641,12000,2026-08-21T05:41:14Z,クレジットカード,increment-run-002,workshop-participant,donation_events_002.csv,2026-08-21T14:20:02Z
EVT-FRS-001763,6001763,2003109,472140,3003041,20000,2026-08-21T05:42:34Z,銀行振込,increment-run-002,workshop-participant,donation_events_002.csv,2026-08-21T14:20:02Z
EVT-FRS-011320,6011320,2008979,442020,3001534,25000,2026-08-21T05:44:09Z,コンビニ決済,increment-run-002,workshop-participant,donation_events_002.csv,2026-08-21T14:20:02Z
EVT-FRS-004303,6004303,2011656,203491,3004611,10000,2026-08-21T05:49:33Z,電子決済,increment-run-002,workshop-participant,donation_events_002.csv,2026-08-21T14:20:02Z
EVT-FRS-000329,6000329,2009906,422045,3001423,15000,2026-08-21T05:53:11Z,クレジットカード,increment-run-002,workshop-participant,donation_events_002.csv,2026-08-21T14:20:02Z
EVT-FRS-013751,6013751,2007384,102032,3005438,50000,2026-08-21T05:54:13Z,クレジットカード,increment-run-002,workshop-participant,donation_events_002.csv,2026-08-21T14:20:02Z
EVT-FRS-004218,6004218,2004539,222062,3005252,10000,2026-08-21T06:01:07Z,クレジットカード,increment-run-002,workshop-participant,donation_events_002.csv,2026-08-21T14:20:02Z
EVT-FRS-003634,6003634,2007271,172103,3005645,10000,2026-08-21T06:01:08Z,クレジットカード,increment-run-002,workshop-participant,donation_events_002.csv,2026-08-21T14:20:02Z
EVT-FRS-009288,6009288,2002364,292010,3001151,10000,2026-08-21T06:02:53Z,コンビニ決済,increment-run-002,workshop-participant,donation_events_002.csv,2026-08-21T14:20:02Z
EVT-FRS-014315,6014315,2001058,082317,3004106,12000,2026-08-21T06:03:47Z,コンビニ決済,increment-run-002,workshop-participant,donation_events_002.csv,2026-08-21T14:20:02Z
EVT-FRS-006817,6006817,2008804,141003,3001676,5000,2026-08-21T06:05:11Z,クレジットカード,increment-run-002,workshop-participant,donation_events_002.csv,2026-08-21T14:20:02Z
EVT-FRS-006295,6006295,2005405,012173,3004329,20000,2026-08-21T06:06:24Z,電子決済,increment-run-002,workshop-participant,donation_events_002.csv,2026-08-21T14:20:02Z
EVT-FRS-002974,6002974,2001943,202118,3002622,10000,2026-08-21T06:09:16Z,クレジットカード,increment-run-002,workshop-participant,donation_events_002.csv,2026-08-21T14:20:02Z
EVT-FRS-013961,6013961,2001247,222267,3000634,10000,2026-08-21T06:09:20Z,クレジットカード,increment-run-002,workshop-participant,donation_events_002.csv,2026-08-21T14:20:02Z
EVT-FRS-009894,6009894,2001886,015181,3004603,10000,2026-08-21T06:14:17Z,クレジットカード,increment-run-002,workshop-participant,donation_events_002.csv,2026-08-21T14:20:02Z
EVT-FRS-003208,6003208,2000341,202011,3004379,20000,2026-08-21T06:15:55Z,クレジットカード,increment-run-002,workshop-participant,donation_events_002.csv,2026-08-21T14:20:02Z
EVT-FRS-011496,6011496,2011737,112089,3003194,12000,2026-08-21T06:19:38Z,電子決済,increment-run-002,workshop-participant,donation_events_002.csv,2026-08-21T14:20:02Z
EVT-FRS-001886,6001886,2001729,442038,3000443,20000,2026-08-21T06:20:29Z,クレジットカード,increment-run-002,workshop-participant,donation_events_002.csv,2026-08-21T14:20:02Z
EVT-FRS-008980,6008980,2003172,232149,3003066,10000,2026-08-21T06:20:59Z,クレジットカード,increment-run-002,workshop-participant,donation_events_002.csv,2026-08-21T14:20:02Z
EVT-FRS-003917,6003917,2010448,102067,3000568,20000,2026-08-21T06:22:48Z,クレジットカード,increment-run-002,workshop-participant,donation_events_002.csv,2026-08-21T14:20:02Z
EVT-FRS-001263,6001263,2003697,182079,3003228,25000,2026-08-21T06:23:03Z,クレジットカード,increment-run-002,workshop-participant,donation_events_002.csv,2026-08-21T14:20:02Z
EVT-FRS-003674,6003674,2008879,332101,3005670,30000,2026-08-21T06:25:12Z,クレジットカード,increment-run-002,workshop-participant,donation_events_002.csv,2026-08-21T14:20:02Z
EVT-FRS-007662,6007662,2008031,172120,3000647,10000,2026-08-21T06:25:32Z,クレジットカード,increment-run-002,workshop-participant,donation_events_002.csv,2026-08-21T14:20:02Z
EVT-FRS-002095,6002095,2001703,072133,3001301,40000,2026-08-21T06:29:55Z,クレジットカード,increment-run-002,workshop-participant,donation_events_002.csv,2026-08-21T14:20:02Z
EVT-FRS-003472,6003472,2004990,302066,3000755,15000,2026-08-21T06:36:46Z,クレジットカード,increment-run-002,workshop-participant,donation_events_002.csv,2026-08-21T14:20:02Z
EVT-FRS-011681,6011681,2002367,062065,3004678,60000,2026-08-21T06:38:35Z,クレジットカード,increment-run-002,workshop-participant,donation_events_002.csv,2026-08-21T14:20:02Z
EVT-FRS-000644,6000644,2003412,222208,3003711,15000,2026-08-21T06:39:37Z,コンビニ決済,increment-run-002,workshop-participant,donation_events_002.csv,2026-08-21T14:20:02Z
EVT-FRS-010459,6010459,2002626,452041,3005727,10000,2026-08-21T06:41:45Z,クレジットカード,increment-run-002,workshop-participant,donation_events_002.csv,2026-08-21T14:20:02Z
EVT-FRS-003536,6003536,2006786,352152,3003324,20000,2026-08-21T06:43:46Z,コンビニ決済,increment-run-002,workshop-participant,donation_events_002.csv,2026-08-21T14:20:02Z
EVT-FRS-009089,6009089,2002531,024058,3000951,15000,2026-08-21T06:50:12Z,クレジットカード,increment-run-002,workshop-participant,donation_events_002.csv,2026-08-21T14:20:02Z
EVT-FRS-008944,6008944,2001261,062049,3003313,15000,2026-08-21T06:50:16Z,クレジットカード,increment-run-002,workshop-participant,donation_events_002.csv,2026-08-21T14:20:02Z
EVT-FRS-005323,6005323,2009595,272132,3003896,10000,2026-08-21T06:50:53Z,クレジットカード,increment-run-002,workshop-participant,donation_events_002.csv,2026-08-21T14:20:02Z
EVT-FRS-013595,6013595,2007589,182087,3002372,15000,2026-08-21T06:53:08Z,クレジットカード,increment-run-002,workshop-participant,donation_events_002.csv,2026-08-21T14:20:02Z
EVT-FRS-011066,6011066,2000489,252069,3001885,8000,2026-08-21T06:56:54Z,コンビニ決済,increment-run-002,workshop-participant,donation_events_002.csv,2026-08-21T14:20:02Z
EVT-FRS-011855,6011855,2002196,052060,3002292,5000,2026-08-21T06:58:11Z,電子決済,increment-run-002,workshop-participant,donation_events_002.csv,2026-08-21T14:20:02Z
EVT-FRS-008341,6008341,2005385,075027,3005748,8000,2026-08-21T07:00:12Z,クレジットカード,increment-run-002,workshop-participant,donation_events_002.csv,2026-08-21T14:20:02Z
EVT-FRS-009923,6009923,2008230,392014,3002505,10000,2026-08-21T07:02:13Z,クレジットカード,increment-run-002,workshop-participant,donation_events_002.csv,2026-08-21T14:20:02Z
EVT-FRS-009577,6009577,2006424,222216,3001310,15000,2026-08-21T07:04:18Z,クレジットカード,increment-run-002,workshop-participant,donation_events_002.csv,2026-08-21T14:20:02Z
EVT-FRS-004002,6004002,2010701,132021,3000844,30000,2026-08-21T07:09:09Z,コンビニ決済,increment-run-002,workshop-participant,donation_events_002.csv,2026-08-21T14:20:02Z
EVT-FRS-009470,6009470,2003461,204030,3002849,10000,2026-08-21T07:11:34Z,クレジットカード,increment-run-002,workshop-participant,donation_events_002.csv,2026-08-21T14:20:02Z
EVT-FRS-006033,6006033,2009233,442089,3003756,30000,2026-08-21T07:14:39Z,コンビニ決済,increment-run-002,workshop-participant,donation_events_002.csv,2026-08-21T14:20:02Z
EVT-FRS-007500,6007500,2004778,112321,3002094,30000,2026-08-21T07:19:06Z,クレジットカード,increment-run-002,workshop-participant,donation_events_002.csv,2026-08-21T14:20:02Z
EVT-FRS-004471,6004471,2006025,132101,3005126,12000,2026-08-21T07:22:15Z,電子決済,increment-run-002,workshop-participant,donation_events_002.csv,2026-08-21T14:20:02Z
EVT-FRS-003384,6003384,2000653,462152,3000372,20000,2026-08-21T07:25:43Z,銀行振込,increment-run-002,workshop-participant,donation_events_002.csv,2026-08-21T14:20:02Z
EVT-FRS-010545,6010545,2004452,222267,3005958,30000,2026-08-21T07:33:35Z,クレジットカード,increment-run-002,workshop-participant,donation_events_002.csv,2026-08-21T14:20:02Z
EVT-FRS-008621,6008621,2005155,162094,3002151,15000,2026-08-21T07:37:19Z,コンビニ決済,increment-run-002,workshop-participant,donation_events_002.csv,2026-08-21T14:20:02Z
EVT-FRS-002766,6002766,2006702,112283,3005122,10000,2026-08-21T07:40:11Z,クレジットカード,increment-run-002,workshop-participant,donation_events_002.csv,2026-08-21T14:20:02Z
EVT-FRS-005717,6005717,2006278,262102,3001055,15000,2026-08-21T07:40:28Z,電子決済,increment-run-002,workshop-participant,donation_events_002.csv,2026-08-21T14:20:02Z
EVT-FRS-006239,6006239,2006380,152064,3003143,25000,2026-08-21T07:42:43Z,クレジットカード,increment-run-002,workshop-participant,donation_events_002.csv,2026-08-21T14:20:02Z
EVT-FRS-012443,6012443,2008640,272256,3003155,20000,2026-08-21T07:43:26Z,クレジットカード,increment-run-002,workshop-participant,donation_events_002.csv,2026-08-21T14:20:02Z
EVT-FRS-001881,6001881,2008774,232262,3000758,12000,2026-08-21T07:45:23Z,コンビニ決済,increment-run-002,workshop-participant,donation_events_002.csv,2026-08-21T14:20:02Z
EVT-FRS-006337,6006337,2010806,452025,3002268,8000,2026-08-21T07:46:09Z,クレジットカード,increment-run-002,workshop-participant,donation_events_002.csv,2026-08-21T14:20:02Z
EVT-FRS-014541,6014541,2002850,012068,3004966,50000,2026-08-21T07:48:18Z,クレジットカード,increment-run-002,workshop-participant,donation_events_002.csv,2026-08-21T14:20:02Z
EVT-FRS-008225,6008225,2000954,222054,3000075,5000,2026-08-21T07:52:55Z,電子決済,increment-run-002,workshop-participant,donation_events_002.csv,2026-08-21T14:20:02Z
EVT-FRS-011711,6011711,2010185,472140,3003041,20000,2026-08-21T07:53:22Z,クレジットカード,increment-run-002,workshop-participant,donation_events_002.csv,2026-08-21T14:20:02Z
EVT-FRS-005639,6005639,2011775,202177,3004374,30000,2026-08-21T07:57:53Z,銀行振込,increment-run-002,workshop-participant,donation_events_002.csv,2026-08-21T14:20:02Z
EVT-FRS-004594,6004594,2006242,382078,3001217,12000,2026-08-21T07:59:08Z,クレジットカード,increment-run-002,workshop-participant,donation_events_002.csv,2026-08-21T14:20:02Z
EVT-FRS-009875,6009875,2004702,382051,3003645,10000,2026-08-21T08:01:41Z,クレジットカード,increment-run-002,workshop-participant,donation_events_002.csv,2026-08-21T14:20:02Z
EVT-FRS-013809,6013809,2010411,282260,3002565,15000,2026-08-21T08:01:46Z,クレジットカード,increment-run-002,workshop-participant,donation_events_002.csv,2026-08-21T14:20:02Z
EVT-FRS-007661,6007661,2001503,472123,3000253,40000,2026-08-21T08:03:26Z,クレジットカード,increment-run-002,workshop-participant,donation_events_002.csv,2026-08-21T14:20:02Z
EVT-FRS-014203,6014203,2009154,112381,3000961,10000,2026-08-21T08:05:43Z,クレジットカード,increment-run-002,workshop-participant,donation_events_002.csv,2026-08-21T14:20:02Z
EVT-FRS-007604,6007604,2000505,473588,3005451,10000,2026-08-21T08:08:00Z,クレジットカード,increment-run-002,workshop-participant,donation_events_002.csv,2026-08-21T14:20:02Z
EVT-FRS-005116,6005116,2006929,012238,3001524,10000,2026-08-21T08:15:38Z,電子決済,increment-run-002,workshop-participant,donation_events_002.csv,2026-08-21T14:20:02Z
EVT-FRS-007954,6007954,2002149,222194,3004818,8000,2026-08-21T08:16:56Z,コンビニ決済,increment-run-002,workshop-participant,donation_events_002.csv,2026-08-21T14:20:02Z
EVT-FRS-001902,6001902,2008198,082031,3000169,10000,2026-08-21T08:18:38Z,電子決済,increment-run-002,workshop-participant,donation_events_002.csv,2026-08-21T14:20:02Z
EVT-FRS-006618,6006618,2001204,272230,3001859,10000,2026-08-21T08:18:41Z,クレジットカード,increment-run-002,workshop-participant,donation_events_002.csv,2026-08-21T14:20:02Z
EVT-FRS-002594,6002594,2010830,442089,3001371,10000,2026-08-21T08:20:59Z,クレジットカード,increment-run-002,workshop-participant,donation_events_002.csv,2026-08-21T14:20:02Z
EVT-FRS-007209,6007209,2002116,392049,3001525,20000,2026-08-21T08:26:36Z,クレジットカード,increment-run-002,workshop-participant,donation_events_002.csv,2026-08-21T14:20:02Z
EVT-FRS-004211,6004211,2002797,072109,3004193,8000,2026-08-21T08:27:11Z,クレジットカード,increment-run-002,workshop-participant,donation_events_002.csv,2026-08-21T14:20:02Z
EVT-FRS-004274,6004274,2003257,464686,3002859,15000,2026-08-21T08:32:43Z,クレジットカード,increment-run-002,workshop-participant,donation_events_002.csv,2026-08-21T14:20:02Z
EVT-FRS-008543,6008543,2005254,042099,3003534,10000,2026-08-21T08:34:17Z,クレジットカード,increment-run-002,workshop-participant,donation_events_002.csv,2026-08-21T14:20:02Z
EVT-FRS-005223,6005223,2009524,332046,3003261,10000,2026-08-21T08:36:11Z,クレジットカード,increment-run-002,workshop-participant,donation_events_002.csv,2026-08-21T14:20:02Z
EVT-FRS-010660,6010660,2005653,422142,3003460,20000,2026-08-21T08:37:37Z,クレジットカード,increment-run-002,workshop-participant,donation_events_002.csv,2026-08-21T14:20:02Z
EVT-FRS-011446,6011446,2010068,112020,3002647,10000,2026-08-21T08:39:01Z,コンビニ決済,increment-run-002,workshop-participant,donation_events_002.csv,2026-08-21T14:20:02Z
EVT-FRS-004231,6004231,2002346,465259,3005167,20000,2026-08-21T08:44:47Z,銀行振込,increment-run-002,workshop-participant,donation_events_002.csv,2026-08-21T14:20:02Z
EVT-FRS-007113,6007113,2006586,392081,3002521,10000,2026-08-21T08:49:13Z,クレジットカード,increment-run-002,workshop-participant,donation_events_002.csv,2026-08-21T14:20:02Z
EVT-FRS-006128,6006128,2005687,232068,3002315,10000,2026-08-21T08:51:49Z,クレジットカード,increment-run-002,workshop-participant,donation_events_002.csv,2026-08-21T14:20:02Z
EVT-FRS-006245,6006245,2004283,272132,3002927,10000,2026-08-21T08:51:59Z,クレジットカード,increment-run-002,workshop-participant,donation_events_002.csv,2026-08-21T14:20:02Z
EVT-FRS-012965,6012965,2001628,082104,3002929,30000,2026-08-21T08:54:54Z,クレジットカード,increment-run-002,workshop-participant,donation_events_002.csv,2026-08-21T14:20:02Z
EVT-FRS-000579,6000579,2004071,064017,3005427,12000,2026-08-21T08:56:36Z,クレジットカード,increment-run-002,workshop-participant,donation_events_002.csv,2026-08-21T14:20:02Z
EVT-FRS-011111,6011111,2005749,132292,3004086,20000,2026-08-21T08:59:02Z,電子決済,increment-run-002,workshop-participant,donation_events_002.csv,2026-08-21T14:20:02Z
EVT-FRS-001311,6001311,2009569,384887,3003884,10000,2026-08-21T09:00:35Z,クレジットカード,increment-run-002,workshop-participant,donation_events_002.csv,2026-08-21T14:20:02Z
EVT-FRS-008453,6008453,2003991,465259,3000273,12000,2026-08-21T09:01:26Z,銀行振込,increment-run-002,workshop-participant,donation_events_002.csv,2026-08-21T14:20:02Z
EVT-FRS-011363,6011363,2009978,454061,3002836,10000,2026-08-21T09:02:05Z,クレジットカード,increment-run-002,workshop-participant,donation_events_002.csv,2026-08-21T14:20:02Z
EVT-FRS-003980,6003980,2003626,182087,3004186,8000,2026-08-21T09:04:20Z,クレジットカード,increment-run-002,workshop-participant,donation_events_002.csv,2026-08-21T14:20:02Z
EVT-FRS-011252,6011252,2005936,442020,3003856,20000,2026-08-21T09:05:52Z,クレジットカード,increment-run-002,workshop-participant,donation_events_002.csv,2026-08-21T14:20:02Z
EVT-FRS-006632,6006632,2003054,222127,3000099,30000,2026-08-21T09:11:07Z,クレジットカード,increment-run-002,workshop-participant,donation_events_002.csv,2026-08-21T14:20:02Z
EVT-FRS-013442,6013442,2000036,462152,3004285,20000,2026-08-21T09:12:41Z,クレジットカード,increment-run-002,workshop-participant,donation_events_002.csv,2026-08-21T14:20:02Z
EVT-FRS-012636,6012636,2007801,242098,3002642,10000,2026-08-21T09:25:24Z,クレジットカード,increment-run-002,workshop-participant,donation_events_002.csv,2026-08-21T14:20:02Z
EVT-FRS-003801,6003801,2007851,202193,3000384,20000,2026-08-21T09:26:20Z,クレジットカード,increment-run-002,workshop-participant,donation_events_002.csv,2026-08-21T14:20:02Z
EVT-FRS-005167,6005167,2009523,281000,3002105,10000,2026-08-21T09:26:40Z,電子決済,increment-run-002,workshop-participant,donation_events_002.csv,2026-08-21T14:20:02Z
EVT-FRS-009217,6009217,2007042,232254,3001930,12000,2026-08-21T09:29:33Z,クレジットカード,increment-run-002,workshop-participant,donation_events_002.csv,2026-08-21T14:20:02Z
EVT-FRS-003143,6003143,2010772,363839,3002889,30000,2026-08-21T09:32:27Z,クレジットカード,increment-run-002,workshop-participant,donation_events_002.csv,2026-08-21T14:20:02Z
EVT-FRS-013313,6013313,2008205,022021,3000544,10000,2026-08-21T09:34:58Z,クレジットカード,increment-run-002,workshop-participant,donation_events_002.csv,2026-08-21T14:20:02Z
EVT-FRS-001442,6001442,2004417,263036,3004003,10000,2026-08-21T09:37:08Z,電子決済,increment-run-002,workshop-participant,donation_events_002.csv,2026-08-21T14:20:02Z
EVT-FRS-011099,6011099,2001760,182052,3005605,25000,2026-08-21T09:39:57Z,電子決済,increment-run-002,workshop-participant,donation_events_002.csv,2026-08-21T14:20:02Z
EVT-FRS-008329,6008329,2001941,252018,3001600,15000,2026-08-21T09:40:51Z,クレジットカード,increment-run-002,workshop-participant,donation_events_002.csv,2026-08-21T14:20:02Z
EVT-FRS-006413,6006413,2000117,042137,3003331,30000,2026-08-21T09:41:39Z,クレジットカード,increment-run-002,workshop-participant,donation_events_002.csv,2026-08-21T14:20:02Z
EVT-FRS-006888,6006888,2006288,402206,3001123,12000,2026-08-21T09:42:03Z,クレジットカード,increment-run-002,workshop-participant,donation_events_002.csv,2026-08-21T14:20:02Z
EVT-FRS-007340,6007340,2007890,472115,3004965,8000,2026-08-21T09:43:53Z,クレジットカード,increment-run-002,workshop-participant,donation_events_002.csv,2026-08-21T14:20:02Z
EVT-FRS-002787,6002787,2010743,232017,3005230,60000,2026-08-21T09:44:52Z,クレジットカード,increment-run-002,workshop-participant,donation_events_002.csv,2026-08-21T14:20:02Z
EVT-FRS-011473,6011473,2001176,082058,3004880,5000,2026-08-21T09:47:26Z,クレジットカード,increment-run-002,workshop-participant,donation_events_002.csv,2026-08-21T14:20:02Z
EVT-FRS-013374,6013374,2009043,162051,3002664,10000,2026-08-21T09:47:36Z,クレジットカード,increment-run-002,workshop-participant,donation_events_002.csv,2026-08-21T14:20:02Z
EVT-FRS-011228,6011228,2010489,132276,3002654,12000,2026-08-21T09:49:19Z,クレジットカード,increment-run-002,workshop-participant,donation_events_002.csv,2026-08-21T14:20:02Z
EVT-FRS-003688,6003688,2008091,465305,3001084,10000,2026-08-21T09:49:28Z,電子決済,increment-run-002,workshop-participant,donation_events_002.csv,2026-08-21T14:20:02Z
EVT-FRS-014894,6014894,2011171,072044,3005039,10000,2026-08-21T09:54:38Z,クレジットカード,increment-run-002,workshop-participant,donation_events_002.csv,2026-08-21T14:20:02Z
EVT-FRS-005907,6005907,2007576,093424,3003476,20000,2026-08-21T09:56:25Z,電子決済,increment-run-002,workshop-participant,donation_events_002.csv,2026-08-21T14:20:02Z
EVT-FRS-000352,6000352,2010326,232025,3005840,5000,2026-08-21T09:59:35Z,クレジットカード,increment-run-002,workshop-participant,donation_events_002.csv,2026-08-21T14:20:02Z
EVT-FRS-000953,6000953,2010074,141500,3002285,10000,2026-08-21T09:59:51Z,電子決済,increment-run-002,workshop-participant,donation_events_002.csv,2026-08-21T14:20:02Z
EVT-FRS-007149,6007149,2008428,282073,3002378,10000,2026-08-21T09:59:57Z,クレジットカード,increment-run-002,workshop-participant,donation_events_002.csv,2026-08-21T14:20:02Z
EVT-FRS-001081,6001081,2009270,151009,3004526,10000,2026-08-21T10:09:35Z,クレジットカード,increment-run-002,workshop-participant,donation_events_002.csv,2026-08-21T14:20:02Z
EVT-FRS-007987,6007987,2006956,112437,3003085,10000,2026-08-21T10:09:54Z,クレジットカード,increment-run-002,workshop-participant,donation_events_002.csv,2026-08-21T14:20:02Z
EVT-FRS-012721,6012721,2004397,336238,3005260,12000,2026-08-21T10:19:17Z,クレジットカード,increment-run-002,workshop-participant,donation_events_002.csv,2026-08-21T14:20:02Z
EVT-FRS-007833,6007833,2007063,232033,3001626,30000,2026-08-21T10:27:51Z,クレジットカード,increment-run-002,workshop-participant,donation_events_002.csv,2026-08-21T14:20:02Z
EVT-FRS-006278,6006278,2006934,063673,3000515,8000,2026-08-21T10:31:47Z,クレジットカード,increment-run-002,workshop-participant,donation_events_002.csv,2026-08-21T14:20:02Z
EVT-FRS-009312,6009312,2006786,372021,3005563,10000,2026-08-21T10:33:54Z,銀行振込,increment-run-002,workshop-participant,donation_events_002.csv,2026-08-21T14:20:02Z
EVT-FRS-009042,6009042,2008003,292028,3004091,20000,2026-08-21T10:42:11Z,クレジットカード,increment-run-002,workshop-participant,donation_events_002.csv,2026-08-21T14:20:02Z
EVT-FRS-003329,6003329,2006379,072010,3000845,10000,2026-08-21T10:42:14Z,クレジットカード,increment-run-002,workshop-participant,donation_events_002.csv,2026-08-21T14:20:02Z
EVT-FRS-012340,6012340,2010901,382019,3004080,30000,2026-08-21T10:45:50Z,電子決済,increment-run-002,workshop-participant,donation_events_002.csv,2026-08-21T14:20:02Z
EVT-FRS-013931,6013931,2009355,272299,3002670,10000,2026-08-21T10:46:44Z,クレジットカード,increment-run-002,workshop-participant,donation_events_002.csv,2026-08-21T14:20:02Z
EVT-FRS-010900,6010900,2003854,122076,3005844,20000,2026-08-21T10:51:37Z,電子決済,increment-run-002,workshop-participant,donation_events_002.csv,2026-08-21T14:20:02Z
EVT-FRS-009348,6009348,2009817,302040,3001821,15000,2026-08-21T11:03:24Z,銀行振込,increment-run-002,workshop-participant,donation_events_002.csv,2026-08-21T14:20:02Z
EVT-FRS-008468,6008468,2003488,452025,3002268,10000,2026-08-21T11:09:23Z,クレジットカード,increment-run-002,workshop-participant,donation_events_002.csv,2026-08-21T14:20:02Z
EVT-FRS-013152,6013152,2004214,092151,3003926,20000,2026-08-21T11:10:41Z,クレジットカード,increment-run-002,workshop-participant,donation_events_002.csv,2026-08-21T14:20:02Z
EVT-FRS-009384,6009384,2006474,042129,3000866,10000,2026-08-21T11:10:56Z,銀行振込,increment-run-002,workshop-participant,donation_events_002.csv,2026-08-21T14:20:02Z
EVT-FRS-002885,6002885,2005051,162060,3001799,10000,2026-08-21T11:13:13Z,クレジットカード,increment-run-002,workshop-participant,donation_events_002.csv,2026-08-21T14:20:02Z
EVT-FRS-014543,6014543,2011269,151009,3004526,8000,2026-08-21T11:14:29Z,銀行振込,increment-run-002,workshop-participant,donation_events_002.csv,2026-08-21T14:20:02Z
EVT-FRS-003661,6003661,2004675,245615,3005741,30000,2026-08-21T11:15:06Z,クレジットカード,increment-run-002,workshop-participant,donation_events_002.csv,2026-08-21T14:20:02Z
EVT-FRS-004329,6004329,2003570,052035,3003562,20000,2026-08-21T11:15:16Z,クレジットカード,increment-run-002,workshop-participant,donation_events_002.csv,2026-08-21T14:20:02Z
EVT-FRS-010565,6010565,2009682,302015,3002498,5000,2026-08-21T11:23:34Z,コンビニ決済,increment-run-002,workshop-participant,donation_events_002.csv,2026-08-21T14:20:02Z
EVT-FRS-011554,6011554,2010955,112151,3002281,10000,2026-08-21T11:25:34Z,銀行振込,increment-run-002,workshop-participant,donation_events_002.csv,2026-08-21T14:20:02Z
EVT-FRS-014444,6014444,2008013,012190,3001672,12000,2026-08-21T11:26:01Z,クレジットカード,increment-run-002,workshop-participant,donation_events_002.csv,2026-08-21T14:20:02Z
EVT-FRS-001557,6001557,2010226,272027,3003317,20000,2026-08-21T11:26:51Z,クレジットカード,increment-run-002,workshop-participant,donation_events_002.csv,2026-08-21T14:20:02Z
EVT-FRS-005176,6005176,2003951,402214,3003809,5000,2026-08-21T11:27:33Z,クレジットカード,increment-run-002,workshop-participant,donation_events_002.csv,2026-08-21T14:20:02Z
EVT-FRS-000464,6000464,2003530,012190,3003992,20000,2026-08-21T11:36:18Z,クレジットカード,increment-run-002,workshop-participant,donation_events_002.csv,2026-08-21T14:20:02Z
EVT-FRS-012946,6012946,2002403,012149,3000642,8000,2026-08-21T11:38:10Z,銀行振込,increment-run-002,workshop-participant,donation_events_002.csv,2026-08-21T14:20:02Z
EVT-FRS-012127,6012127,2006796,373222,3002754,40000,2026-08-21T11:40:04Z,電子決済,increment-run-002,workshop-participant,donation_events_002.csv,2026-08-21T14:20:02Z
EVT-FRS-005068,6005068,2011079,062090,3005053,10000,2026-08-21T11:40:36Z,クレジットカード,increment-run-002,workshop-participant,donation_events_002.csv,2026-08-21T14:20:02Z
EVT-FRS-000246,6000246,2010788,382060,3000885,25000,2026-08-21T11:42:55Z,クレジットカード,increment-run-002,workshop-participant,donation_events_002.csv,2026-08-21T14:20:02Z
EVT-FRS-010275,6010275,2005344,131024,3000371,20000,2026-08-21T11:48:47Z,クレジットカード,increment-run-002,workshop-participant,donation_events_002.csv,2026-08-21T14:20:02Z
EVT-FRS-013825,6013825,2009508,016411,3003167,10000,2026-08-21T11:54:25Z,電子決済,increment-run-002,workshop-participant,donation_events_002.csv,2026-08-21T14:20:02Z
EVT-FRS-007863,6007863,2006083,152226,3002391,15000,2026-08-21T11:55:49Z,クレジットカード,increment-run-002,workshop-participant,donation_events_002.csv,2026-08-21T14:20:02Z
EVT-FRS-010191,6010191,2008317,442119,3001304,70000,2026-08-21T11:56:31Z,クレジットカード,increment-run-002,workshop-participant,donation_events_002.csv,2026-08-21T14:20:02Z
EVT-FRS-011752,6011752,2003294,182087,3002106,10000,2026-08-21T12:06:53Z,クレジットカード,increment-run-002,workshop-participant,donation_events_002.csv,2026-08-21T14:20:02Z
EVT-FRS-006604,6006604,2009048,142182,3000343,10000,2026-08-21T12:07:29Z,クレジットカード,increment-run-002,workshop-participant,donation_events_002.csv,2026-08-21T14:20:02Z
EVT-FRS-013922,6013922,2010709,402117,3002515,15000,2026-08-21T12:10:28Z,コンビニ決済,increment-run-002,workshop-participant,donation_events_002.csv,2026-08-21T14:20:02Z
EVT-FRS-009646,6009646,2008467,132144,3005755,40000,2026-08-21T12:18:46Z,クレジットカード,increment-run-002,workshop-participant,donation_events_002.csv,2026-08-21T14:20:02Z
EVT-FRS-003750,6003750,2005443,012181,3001531,10000,2026-08-21T12:19:47Z,クレジットカード,increment-run-002,workshop-participant,donation_events_002.csv,2026-08-21T14:20:02Z
EVT-FRS-001621,6001621,2011878,142166,3005251,20000,2026-08-21T12:20:02Z,クレジットカード,increment-run-002,workshop-participant,donation_events_002.csv,2026-08-21T14:20:02Z
EVT-FRS-006708,6006708,2010838,082325,3003242,5000,2026-08-21T12:20:24Z,銀行振込,increment-run-002,workshop-participant,donation_events_002.csv,2026-08-21T14:20:02Z
EVT-FRS-006165,6006165,2008357,431001,3004301,12000,2026-08-21T12:21:40Z,クレジットカード,increment-run-002,workshop-participant,donation_events_002.csv,2026-08-21T14:20:02Z
EVT-FRS-004990,6004990,2006550,142166,3005784,10000,2026-08-21T12:23:13Z,銀行振込,increment-run-002,workshop-participant,donation_events_002.csv,2026-08-21T14:20:02Z
EVT-FRS-010517,6010517,2010000,472123,3000930,40000,2026-08-21T12:25:58Z,クレジットカード,increment-run-002,workshop-participant,donation_events_002.csv,2026-08-21T14:20:02Z
EVT-FRS-010688,6010688,2006341,262021,3001836,15000,2026-08-21T12:33:43Z,クレジットカード,increment-run-002,workshop-participant,donation_events_002.csv,2026-08-21T14:20:02Z
EVT-FRS-009630,6009630,2001106,432164,3005938,20000,2026-08-21T12:33:55Z,クレジットカード,increment-run-002,workshop-participant,donation_events_002.csv,2026-08-21T14:20:02Z
EVT-FRS-008692,6008692,2001842,132039,3005335,20000,2026-08-21T12:35:35Z,クレジットカード,increment-run-002,workshop-participant,donation_events_002.csv,2026-08-21T14:20:02Z
EVT-FRS-012411,6012411,2004533,192040,3000250,30000,2026-08-21T12:36:42Z,電子決済,increment-run-002,workshop-participant,donation_events_002.csv,2026-08-21T14:20:02Z
EVT-FRS-014774,6014774,2010227,052043,3000433,10000,2026-08-21T12:40:17Z,クレジットカード,increment-run-002,workshop-participant,donation_events_002.csv,2026-08-21T14:20:02Z
EVT-FRS-011617,6011617,2001831,342106,3004295,10000,2026-08-21T12:42:22Z,クレジットカード,increment-run-002,workshop-participant,donation_events_002.csv,2026-08-21T14:20:02Z
EVT-FRS-005585,6005585,2007870,182052,3000208,20000,2026-08-21T12:57:04Z,クレジットカード,increment-run-002,workshop-participant,donation_events_002.csv,2026-08-21T14:20:02Z
EVT-FRS-012983,6012983,2001704,294501,3004897,20000,2026-08-21T12:58:01Z,クレジットカード,increment-run-002,workshop-participant,donation_events_002.csv,2026-08-21T14:20:02Z
EVT-FRS-013026,6013026,2008132,072133,3000436,10000,2026-08-21T13:01:21Z,クレジットカード,increment-run-002,workshop-participant,donation_events_002.csv,2026-08-21T14:20:02Z
EVT-FRS-014389,6014389,2005001,112062,3003107,15000,2026-08-21T13:02:05Z,クレジットカード,increment-run-002,workshop-participant,donation_events_002.csv,2026-08-21T14:20:02Z
EVT-FRS-012129,6012129,2007323,072125,3000091,30000,2026-08-21T13:03:01Z,電子決済,increment-run-002,workshop-participant,donation_events_002.csv,2026-08-21T14:20:02Z
EVT-FRS-012276,6012276,2002742,222101,3002273,10000,2026-08-21T13:05:27Z,クレジットカード,increment-run-002,workshop-participant,donation_events_002.csv,2026-08-21T14:20:02Z
EVT-FRS-013985,6013985,2000364,132276,3000809,15000,2026-08-21T13:05:53Z,クレジットカード,increment-run-002,workshop-participant,donation_events_002.csv,2026-08-21T14:20:02Z
EVT-FRS-004000,6004000,2011878,392120,3004708,10000,2026-08-21T13:09:41Z,クレジットカード,increment-run-002,workshop-participant,donation_events_002.csv,2026-08-21T14:20:02Z
EVT-FRS-000998,6000998,2008016,393029,3004077,20000,2026-08-21T13:12:01Z,クレジットカード,increment-run-002,workshop-participant,donation_events_002.csv,2026-08-21T14:20:02Z
EVT-FRS-008317,6008317,2007241,015130,3004555,50000,2026-08-21T13:16:37Z,クレジットカード,increment-run-002,workshop-participant,donation_events_002.csv,2026-08-21T14:20:02Z
EVT-FRS-006602,6006602,2001926,473154,3003730,8000,2026-08-21T13:19:16Z,クレジットカード,increment-run-002,workshop-participant,donation_events_002.csv,2026-08-21T14:20:02Z
EVT-FRS-005891,6005891,2003450,152277,3005413,100000,2026-08-21T13:23:34Z,銀行振込,increment-run-002,workshop-participant,donation_events_002.csv,2026-08-21T14:20:02Z
EVT-FRS-001689,6001689,2001890,262137,3005564,20000,2026-08-21T13:31:15Z,銀行振込,increment-run-002,workshop-participant,donation_events_002.csv,2026-08-21T14:20:02Z
EVT-FRS-004293,6004293,2007472,352071,3001374,20000,2026-08-21T13:39:28Z,クレジットカード,increment-run-002,workshop-participant,donation_events_002.csv,2026-08-21T14:20:02Z
EVT-FRS-003388,6003388,2010967,262030,3000886,30000,2026-08-21T13:41:21Z,クレジットカード,increment-run-002,workshop-participant,donation_events_002.csv,2026-08-21T14:20:02Z
EVT-FRS-013604,6013604,2004517,203611,3003275,30000,2026-08-21T13:41:57Z,電子決済,increment-run-002,workshop-participant,donation_events_002.csv,2026-08-21T14:20:02Z
EVT-FRS-006220,6006220,2010811,402311,3001250,30000,2026-08-21T13:56:54Z,電子決済,increment-run-002,workshop-participant,donation_events_002.csv,2026-08-21T14:20:02Z
EVT-FRS-011383,6011383,2003295,272051,3001580,5000,2026-08-21T13:59:44Z,電子決済,increment-run-002,workshop-participant,donation_events_002.csv,2026-08-21T14:20:02Z
EVT-FRS-004803,6004803,2002822,042072,3003933,10000,2026-08-21T14:03:01Z,クレジットカード,increment-run-002,workshop-participant,donation_events_002.csv,2026-08-21T14:20:02Z
EVT-FRS-009709,6009709,2003609,132195,3003568,50000,2026-08-21T14:04:56Z,クレジットカード,increment-run-002,workshop-participant,donation_events_002.csv,2026-08-21T14:20:02Z
EVT-FRS-000347,6000347,2005178,012092,3003696,8000,2026-08-21T14:05:20Z,銀行振込,increment-run-002,workshop-participant,donation_events_002.csv,2026-08-21T14:20:02Z
EVT-FRS-009246,6009246,2011926,012173,3004329,12000,2026-08-21T14:05:43Z,クレジットカード,increment-run-002,workshop-participant,donation_events_002.csv,2026-08-21T14:20:02Z
EVT-FRS-009006,6009006,2006958,112381,3000961,10000,2026-08-21T14:06:40Z,コンビニ決済,increment-run-002,workshop-participant,donation_events_002.csv,2026-08-21T14:20:02Z
EVT-FRS-000230,6000230,2009884,282251,3003769,10000,2026-08-21T14:10:49Z,クレジットカード,increment-run-002,workshop-participant,donation_events_002.csv,2026-08-21T14:20:02Z
EVT-FRS-014474,6014474,2011926,151009,3005770,10000,2026-08-21T14:14:19Z,クレジットカード,increment-run-002,workshop-participant,donation_events_002.csv,2026-08-21T14:20:02Z
EVT-FRS-003793,6003793,2009919,012238,3001524,20000,2026-08-21T14:15:02Z,クレジットカード,increment-run-002,workshop-participant,donation_events_002.csv,2026-08-21T14:20:02Z
