GiftID,GiftName,CategoryID,MunicipalityID,Notes,GiftNameEn
3000001,兵庫県産 プリン 詰め合わせ 12個,9,282103,菓子・スイーツ / 12個,"Confectionery and sweets from Hyogo, 12個"
3000002,静岡県産 漬物 詰め合わせ 6種,8,222151,惣菜・加工品 / 6種,"Prepared and processed foods from Shizuoka, 6種"
3000003,"山形県 観光施設 利用券 5,000円分",27,063011,"旅行券・宿泊券 / 5,000円分","Travel and accommodation vouchers from Yamagata, 5,000円分"
3000004,奥州市産 特別栽培米 玄米 20kg,3,032158,米・パン / 20kg,"Rice and bread from Iwate, 20kg"
3000005,南知多町 綿100% 寝具カバー 1式,21,234451,繊維・衣類 / 1式,"Textiles and apparel from Aichi, 1式"
3000006,長野県 木製パズル 1点,25,205613,文具・玩具 / 1点,"Stationery and toys from Nagano, 1点"
3000007,埼玉県産 ジェラート 詰め合わせ 12個,9,112232,菓子・スイーツ / 12個,"Confectionery and sweets from Saitama, 12個"
3000008,南島原市産 どら焼き 詰め合わせ 20個,9,422142,菓子・スイーツ / 20個,"Confectionery and sweets from Nagasaki, 20個"
3000009,長野県産 半生讃岐うどん 20食,7,205621,麺類 / 20食,"Noodles from Nagano, 20食"
3000010,袖ケ浦市産 味付ジンギスカン 1kg,1,122297,肉・肉加工品 / 1kg,"Meat and meat products from Chiba, 1kg"
3000011,岩手県産 味付ジンギスカン 2kg,1,034614,肉・肉加工品 / 2kg,"Meat and meat products from Iwate, 2kg"
3000012,京都府 磁器 湯呑 2客,19,262102,陶磁器・ガラス / 2客,"Ceramics and glassware from Kyoto, 2客"
3000013,大竹市 ガラス酒器 1式,19,342114,陶磁器・ガラス / 1式,"Ceramics and glassware from Hiroshima, 1式"
3000014,青森県産 富有柿 5kg,4,024252,果物 / 5kg,"Fruit from Aomori, 5kg"
3000015,三重県産 真鯛 フィレ 1kg,2,242080,魚介類・海産物 / 1kg,"Seafood from Mie, 1kg"
3000016,北海道産 豚ロース しゃぶしゃぶ用 2kg,1,014303,肉・肉加工品 / 2kg,"Meat and meat products from Hokkaido, 2kg"
3000017,和歌山県産 えごま油・亜麻仁油 180g×2本,16,304280,調味料・油 / 180g×2本,"Seasonings and oils from Wakayama, 180g×2本"
3000018,富良野市産 生乳100%牛乳 1L×6本,6,012297,卵・乳製品 / 1L×6本,"Eggs and dairy from Hokkaido, 1L×6本"
3000019,宮城県産 のどぐろ 干物 3枚,2,042030,魚介類・海産物 / 3枚,"Seafood from Miyagi, 3枚"
3000020,秋田県産 銘柄鶏 もも肉 3kg,1,053635,肉・肉加工品 / 3kg,"Meat and meat products from Akita, 3kg"
3000021,鹿児島県産 米焼酎 飲み比べ 720ml×3本,11,465241,焼酎・泡盛 / 720ml×3本,"Shochu and awamori from Kagoshima, 720ml×3本"
3000022,愛知県産 味噌 詰め合わせ 1kg×3個,16,232335,調味料・油 / 1kg×3個,"Seasonings and oils from Aichi, 1kg×3個"
3000023,高岡市産 純米大吟醸 1.8L,10,162027,日本酒 / 1.8L,"Sake from Toyama, 1.8L"
3000024,大洗町産 高糖度トマト 3kg,5,083097,野菜・きのこ / 3kg,"Vegetables and mushrooms from Ibaraki, 3kg"
3000025,府中市 陶器 マグカップ 2個,19,342084,陶磁器・ガラス / 2個,"Ceramics and glassware from Hiroshima, 2個"
3000026,新潟県産 生ラーメン セット 10食,7,152251,麺類 / 10食,"Noodles from Niigata, 10食"
3000027,滝沢市産 食パン 詰め合わせ 5斤,3,032166,米・パン / 5斤,"Rice and bread from Iwate, 5斤"
3000028,長野県産 男爵じゃがいも 20kg,5,203033,野菜・きのこ / 20kg,"Vegetables and mushrooms from Nagano, 20kg"
3000029,三重県産 明太子 切子 500g,2,242021,魚介類・海産物 / 500g,"Seafood from Mie, 500g"
3000030,島根県産 コシヒカリ 精米 10kg,3,324493,米・パン / 10kg,"Rice and bread from Shimane, 10kg"
3000031,栄町 釣具セット 1式,26,123293,スポーツ・アウトドア / 1式,"Sports and outdoor from Chiba, 1式"
3000032,東京都産 チーズケーキ 1台,9,131091,菓子・スイーツ / 1台,"Confectionery and sweets from Tokyo, 1台"
3000033,矢巾町産 あじ開き 20枚,2,033227,魚介類・海産物 / 20枚,"Seafood from Iwate, 20枚"
3000034,台東区 万年筆 1本,25,131067,文具・玩具 / 1本,"Stationery and toys from Tokyo, 1本"
3000035,山口県産 あじ開き 20枚,2,352101,魚介類・海産物 / 20枚,"Seafood from Yamaguchi, 20枚"
3000036,徳島市産 季節の野菜 詰め合わせ 10品目,5,362018,野菜・きのこ / 10品目,"Vegetables and mushrooms from Tokushima, 10品目"
3000037,茨城県産 ひとめぼれ 無洗米 5kg,3,082155,米・パン / 5kg,"Rice and bread from Ibaraki, 5kg"
3000038,北海道産 ハンバーグ 詰め合わせ 15個,1,016918,肉・肉加工品 / 15個,"Meat and meat products from Hokkaido, 15個"
3000039,青森県産 紅はるか さつまいも 10kg,5,022047,野菜・きのこ / 10kg,"Vegetables and mushrooms from Aomori, 10kg"
3000040,群馬県産 厚切り牛タン 500g,1,105252,肉・肉加工品 / 500g,"Meat and meat products from Gunma, 500g"
3000041,柏市 綿100% 寝具カバー 1式,21,122173,繊維・衣類 / 1式,"Textiles and apparel from Chiba, 1式"
3000042,香川県産 スモーク鴨ロース 400g,1,372072,肉・肉加工品 / 400g,"Meat and meat products from Kagawa, 400g"
3000043,長野県産 半生讃岐うどん 20食,7,203637,麺類 / 20食,"Noodles from Nagano, 20食"
3000044,埼玉県産 食パン 詰め合わせ 3斤,3,113492,米・パン / 3斤,"Rice and bread from Saitama, 3斤"
3000045,弟子屈町産 ハンバーグ 詰め合わせ 20個,1,016659,肉・肉加工品 / 20個,"Meat and meat products from Hokkaido, 20個"
3000046,館林市産 たまねぎ 20kg,5,102075,野菜・きのこ / 20kg,"Vegetables and mushrooms from Gunma, 20kg"
3000047,千葉県産 黒毛和牛 サーロインステーキ 200g×2枚,1,122271,肉・肉加工品 / 200g×2枚,"Meat and meat products from Chiba, 200g×2枚"
3000048,津島市産 プリン 詰め合わせ 12個,9,232084,菓子・スイーツ / 12個,"Confectionery and sweets from Aichi, 12個"
3000049,朝日村産 味付からあげ 1kg,8,204510,惣菜・加工品 / 1kg,"Prepared and processed foods from Nagano, 1kg"
3000050,高千穂町産 スモーク鴨ロース 600g,1,454419,肉・肉加工品 / 600g,"Meat and meat products from Miyazaki, 600g"
3000051,下関市 木製食器セット 4点,20,352012,木工品・家具 / 4点,"Woodwork and furniture from Yamaguchi, 4点"
3000052,岩倉市産 ぽん酢・ドレッシング 5本,16,232289,調味料・油 / 5本,"Seasonings and oils from Aichi, 5本"
3000053,兵庫県産 純米吟醸 飲み比べ 720ml×3本,10,282294,日本酒 / 720ml×3本,"Sake from Hyogo, 720ml×3本"
3000054,鹿児島県産 男爵じゃがいも 20kg,5,465291,野菜・きのこ / 20kg,"Vegetables and mushrooms from Kagoshima, 20kg"
3000055,静岡県産 国産紅茶 50g×4袋,14,222038,茶・コーヒー / 50g×4袋,"Tea and coffee from Shizuoka, 50g×4袋"
3000056,熊本県産 天然水 炭酸水 500ml×48本,15,432067,飲料・ジュース / 500ml×48本,"Beverages and juice from Kumamoto, 500ml×48本"
3000057,鳩山町産 佃煮 詰め合わせ 5種,8,113484,惣菜・加工品 / 5種,"Prepared and processed foods from Saitama, 5種"
3000058,福岡県産 和菓子 詰め合わせ 12個,9,402125,菓子・スイーツ / 12個,"Confectionery and sweets from Fukuoka, 12個"
3000059,群馬県産 佃煮 詰め合わせ 5種,8,102091,惣菜・加工品 / 5種,"Prepared and processed foods from Gunma, 5種"
3000060,胎内市 釣具セット 1式,26,152277,スポーツ・アウトドア / 1式,"Sports and outdoor from Niigata, 1式"
3000061,北秋田市 今治タオル セット 8枚,21,052132,繊維・衣類 / 8枚,"Textiles and apparel from Akita, 8枚"
3000062,静岡県産 サーモン 刺身用 1kg,2,223018,魚介類・海産物 / 1kg,"Seafood from Shizuoka, 1kg"
3000063,千葉県産 とうもろこし 12本,5,122360,野菜・きのこ / 12本,"Vegetables and mushrooms from Chiba, 12本"
3000064,大分県産 豚ロース しゃぶしゃぶ用 2kg,1,442135,肉・肉加工品 / 2kg,"Meat and meat products from Oita, 2kg"
3000065,島田市産 シャインマスカット 4房,4,222097,果物 / 4房,"Fruit from Shizuoka, 4房"
3000066,岐阜県産 味付ジンギスカン 2kg,1,212164,肉・肉加工品 / 2kg,"Meat and meat products from Gifu, 2kg"
3000067,中土佐町産 ほたて貝柱 冷凍 1kg,2,394017,魚介類・海産物 / 1kg,"Seafood from Kochi, 1kg"
3000068,大分県産 ベーコン・ソーセージセット 1.8kg,1,442135,肉・肉加工品 / 1.8kg,"Meat and meat products from Oita, 1.8kg"
3000069,奈良県 和紙 便箋セット 1式,18,292044,工芸品・民芸品 / 1式,"Crafts and folk art from Nara, 1式"
3000070,須賀川市産 特別栽培米 玄米 20kg,3,072079,米・パン / 20kg,"Rice and bread from Fukushima, 20kg"
3000071,宮城県産 のどぐろ 干物 3枚,2,043613,魚介類・海産物 / 3枚,"Seafood from Miyagi, 3枚"
3000072,北海道産 黒毛和牛 切り落とし 500g,1,015431,肉・肉加工品 / 500g,"Meat and meat products from Hokkaido, 500g"
3000073,千葉県産 天然水 2L×24本,15,122041,飲料・ジュース / 2L×24本,"Beverages and juice from Chiba, 2L×24本"
3000074,滋賀県産 黒毛和牛 切り落とし 1.5kg,1,252093,肉・肉加工品 / 1.5kg,"Meat and meat products from Shiga, 1.5kg"
3000075,静岡県産 ほたて貝柱 冷凍 1kg,2,222054,魚介類・海産物 / 1kg,"Seafood from Shizuoka, 1kg"
3000076,矢掛町 今治タオル セット 8枚,21,334618,繊維・衣類 / 8枚,"Textiles and apparel from Okayama, 8枚"
3000077,西桂町産 メロン 秀品 1玉,4,194239,果物 / 1玉,"Fruit from Yamanashi, 1玉"
3000078,兵庫県産 特別純米酒 720ml×2本,10,281000,日本酒 / 720ml×2本,"Sake from Hyogo, 720ml×2本"
3000079,五島市産 バウムクーヘン 4個,9,422118,菓子・スイーツ / 4個,"Confectionery and sweets from Nagasaki, 4個"
3000080,山口県産 特別栽培米 玄米 20kg,3,352136,米・パン / 20kg,"Rice and bread from Yamaguchi, 20kg"
3000081,栃木県産 豚ロース しゃぶしゃぶ用 800g,1,093645,肉・肉加工品 / 800g,"Meat and meat products from Tochigi, 800g"
3000082,五島市産 厚切り牛タン 900g,1,422118,肉・肉加工品 / 900g,"Meat and meat products from Nagasaki, 900g"
3000083,"沖縄県 観光施設 利用券 5,000円分",27,473600,"旅行券・宿泊券 / 5,000円分","Travel and accommodation vouchers from Okinawa, 5,000円分"
3000084,埼玉県産 あきたこまち 精米 5kg,3,112453,米・パン / 5kg,"Rice and bread from Saitama, 5kg"
3000085,和歌山県産 さくらんぼ 佐藤錦 500g,4,302074,果物 / 500g,"Fruit from Wakayama, 500g"
3000086,京都府産 チーズケーキ 2台,9,262081,菓子・スイーツ / 2台,"Confectionery and sweets from Kyoto, 2台"
3000087,横須賀市産 プリン 詰め合わせ 8個,9,142018,菓子・スイーツ / 8個,"Confectionery and sweets from Kanagawa, 8個"
3000088,山形県産 ベーコン・ソーセージセット 1.8kg,1,064025,肉・肉加工品 / 1.8kg,"Meat and meat products from Yamagata, 1.8kg"
3000089,和歌山県産 ほたて貝柱 冷凍 1.5kg,2,302023,魚介類・海産物 / 1.5kg,"Seafood from Wakayama, 1.5kg"
3000090,愛知県 デニムジーンズ 1本,21,232050,繊維・衣類 / 1本,"Textiles and apparel from Aichi, 1本"
3000091,福島県 靴下 詰め合わせ 10足,21,072125,繊維・衣類 / 10足,"Textiles and apparel from Fukushima, 10足"
3000092,静岡県産 味付からあげ 2kg,8,223051,惣菜・加工品 / 2kg,"Prepared and processed foods from Shizuoka, 2kg"
3000093,鳥取県産 ゆめぴりか 精米 10kg,3,313866,米・パン / 10kg,"Rice and bread from Tottori, 10kg"
3000094,熊本県産 銘柄鶏 もも肉 3kg,1,432121,肉・肉加工品 / 3kg,"Meat and meat products from Kumamoto, 3kg"
3000095,宮崎県 海産物 定期便 毎月×6回,17,454427,定期便 / 毎月×6回,"Subscription deliveries from Miyazaki, 毎月×6回"
3000096,奄美市産 サーモン 刺身用 1kg,2,462225,魚介類・海産物 / 1kg,"Seafood from Kagoshima, 1kg"
3000097,愛媛県産 えごま油・亜麻仁油 180g×2本,16,384020,調味料・油 / 180g×2本,"Seasonings and oils from Ehime, 180g×2本"
3000098,美浜町産 ぽん酢・ドレッシング 5本,16,234460,調味料・油 / 5本,"Seasonings and oils from Aichi, 5本"
3000099,焼津市産 いくら醤油漬け 250g,2,222127,魚介類・海産物 / 250g,"Seafood from Shizuoka, 250g"
3000100,群馬県産 ベーコン・ソーセージセット 1.8kg,1,105244,肉・肉加工品 / 1.8kg,"Meat and meat products from Gunma, 1.8kg"
3000101,"中城村 観光施設 利用券 5,000円分",27,473286,"旅行券・宿泊券 / 5,000円分","Travel and accommodation vouchers from Okinawa, 5,000円分"
3000102,長野県産 メロン 秀品 1玉,4,203041,果物 / 1玉,"Fruit from Nagano, 1玉"
3000103,茨城県産 燻製 詰め合わせ 5種,8,083097,惣菜・加工品 / 5種,"Prepared and processed foods from Ibaraki, 5種"
3000104,京都府産 煎茶 詰め合わせ 100g×3袋,14,262129,茶・コーヒー / 100g×3袋,"Tea and coffee from Kyoto, 100g×3袋"
3000105,"いの町 観光施設 利用券 10,000円分",27,393860,"旅行券・宿泊券 / 10,000円分","Travel and accommodation vouchers from Kochi, 10,000円分"
3000106,滋賀県産 ハンバーグ 詰め合わせ 20個,1,253839,肉・肉加工品 / 20個,"Meat and meat products from Shiga, 20個"
3000107,福島県産 白桃 2kg,4,072109,果物 / 2kg,"Fruit from Fukushima, 2kg"
3000108,長野県産 チーズケーキ 2台,9,203238,菓子・スイーツ / 2台,"Confectionery and sweets from Nagano, 2台"
3000109,長崎県産 味付ジンギスカン 1kg,1,422134,肉・肉加工品 / 1kg,"Meat and meat products from Nagasaki, 1kg"
3000110,鹿児島市産 和牛 焼肉セット 1kg,1,462012,肉・肉加工品 / 1kg,"Meat and meat products from Kagoshima, 1kg"
3000111,周南市産 ひとめぼれ 無洗米 10kg,3,352152,米・パン / 10kg,"Rice and bread from Yamaguchi, 10kg"
3000112,福岡県産 ベーコン・ソーセージセット 1.8kg,1,402311,肉・肉加工品 / 1.8kg,"Meat and meat products from Fukuoka, 1.8kg"
3000113,福島県産 食パン 詰め合わせ 5斤,3,074217,米・パン / 5斤,"Rice and bread from Fukushima, 5斤"
3000114,山形市産 つや姫 精米 5kg,3,062014,米・パン / 5kg,"Rice and bread from Yamagata, 5kg"
3000115,福島県産 富有柿 5kg,4,072010,果物 / 5kg,"Fruit from Fukushima, 5kg"
3000116,大阪府 木製パズル 1点,25,272078,文具・玩具 / 1点,"Stationery and toys from Osaka, 1点"
3000117,青森県産 幸水梨 5kg,4,024236,果物 / 5kg,"Fruit from Aomori, 5kg"
3000118,うるま市 靴下 詰め合わせ 10足,21,472131,繊維・衣類 / 10足,"Textiles and apparel from Okinawa, 10足"
3000119,泉佐野市産 チーズケーキ 1台,9,272132,菓子・スイーツ / 1台,"Confectionery and sweets from Osaka, 1台"
3000120,東京都 木製パズル 1点,25,132039,文具・玩具 / 1点,"Stationery and toys from Tokyo, 1点"
3000121,兵庫県産 季節限定 生酒 720ml×2本,10,282294,日本酒 / 720ml×2本,"Sake from Hyogo, 720ml×2本"
3000122,徳島県 果物 定期便 隔月×6回,17,362042,定期便 / 隔月×6回,"Subscription deliveries from Tokushima, 隔月×6回"
3000123,阿見町産 冷凍餃子 50個,8,084433,惣菜・加工品 / 50個,"Prepared and processed foods from Ibaraki, 50個"
3000124,富山県 伝統こけし 1体,18,162060,工芸品・民芸品 / 1体,"Crafts and folk art from Toyama, 1体"
3000125,秩父別町産 季節の野菜 詰め合わせ 15品目,5,014346,野菜・きのこ / 15品目,"Vegetables and mushrooms from Hokkaido, 15品目"
3000126,鹿児島県産 泡盛 古酒 1.8L,11,462233,焼酎・泡盛 / 1.8L,"Shochu and awamori from Kagoshima, 1.8L"
3000127,群馬県産 高糖度トマト 2kg,5,104442,野菜・きのこ / 2kg,"Vegetables and mushrooms from Gunma, 2kg"
3000128,埼玉県産 ドリップコーヒー 50袋,14,113476,茶・コーヒー / 50袋,"Tea and coffee from Saitama, 50袋"
3000129,三股町産 完熟マンゴー 2kg,4,453412,果物 / 2kg,"Fruit from Miyazaki, 2kg"
3000130,山形県産 米粉パン セット 12個,3,062120,米・パン / 12個,"Rice and bread from Yamagata, 12個"
3000131,滋賀県産 和牛 焼肉セット 600g,1,252123,肉・肉加工品 / 600g,"Meat and meat products from Shiga, 600g"
3000132,鳥取県産 のどぐろ 干物 5枚,2,313726,魚介類・海産物 / 5枚,"Seafood from Tottori, 5枚"
3000133,沼田町産 生うに 200g,2,014389,魚介類・海産物 / 200g,"Seafood from Hokkaido, 200g"
3000134,浅川町産 純米吟醸 飲み比べ 720ml×3本,10,075043,日本酒 / 720ml×3本,"Sake from Fukushima, 720ml×3本"
3000135,佐賀県産 米焼酎 飲み比べ 720ml×3本,11,412058,焼酎・泡盛 / 720ml×3本,"Shochu and awamori from Saga, 720ml×3本"
3000136,福岡県産 和牛 焼肉セット 600g,1,402168,肉・肉加工品 / 600g,"Meat and meat products from Fukuoka, 600g"
3000137,岡山県 ガラス酒器 1式,19,332151,陶磁器・ガラス / 1式,"Ceramics and glassware from Okayama, 1式"
3000138,佐賀県産 ボイル毛がに 2尾,2,412082,魚介類・海産物 / 2尾,"Seafood from Saga, 2尾"
3000139,東秩父村産 自家焙煎コーヒー豆 200g×5袋,14,113697,茶・コーヒー / 200g×5袋,"Tea and coffee from Saitama, 200g×5袋"
3000140,島根県産 あじ開き 10枚,2,322016,魚介類・海産物 / 10枚,"Seafood from Shimane, 10枚"
3000141,中標津町産 スモーク鴨ロース 400g,1,016926,肉・肉加工品 / 400g,"Meat and meat products from Hokkaido, 400g"
3000142,茨城県産 冷凍餃子 100個,8,084425,惣菜・加工品 / 100個,"Prepared and processed foods from Ibaraki, 100個"
3000143,神奈川県産 佃煮 詰め合わせ 5種,8,142077,惣菜・加工品 / 5種,"Prepared and processed foods from Kanagawa, 5種"
3000144,茨城県産 スモーク鴨ロース 400g,1,082368,肉・肉加工品 / 400g,"Meat and meat products from Ibaraki, 400g"
3000145,"静岡県 観光施設 利用券 5,000円分",27,221309,"旅行券・宿泊券 / 5,000円分","Travel and accommodation vouchers from Shizuoka, 5,000円分"
3000146,島根県 シルクスカーフ 1枚,21,322041,繊維・衣類 / 1枚,"Textiles and apparel from Shimane, 1枚"
3000147,上尾市産 自家焙煎コーヒー豆 200g×3袋,14,112194,茶・コーヒー / 200g×3袋,"Tea and coffee from Saitama, 200g×3袋"
3000148,愛知県 今治タオル セット 5枚,21,232149,繊維・衣類 / 5枚,"Textiles and apparel from Aichi, 5枚"
3000149,兵庫県産 チーズケーキ 1台,9,282090,菓子・スイーツ / 1台,"Confectionery and sweets from Hyogo, 1台"
3000150,香川県 木製カッティングボード 2枚,20,372064,木工品・家具 / 2枚,"Woodwork and furniture from Kagawa, 2枚"
3000151,防府市産 ずわいがに 脚 800g,2,352063,魚介類・海産物 / 800g,"Seafood from Yamaguchi, 800g"
3000152,愛知県 靴下 詰め合わせ 10足,21,232041,繊維・衣類 / 10足,"Textiles and apparel from Aichi, 10足"
3000153,千葉県産 果汁100%ジュース 180ml×24本,15,122254,飲料・ジュース / 180ml×24本,"Beverages and juice from Chiba, 180ml×24本"
3000154,湧水町産 干物 詰め合わせ 12枚,2,464520,魚介類・海産物 / 12枚,"Seafood from Kagoshima, 12枚"
3000155,天塩町産 ずわいがに 脚 800g,2,014877,魚介類・海産物 / 800g,"Seafood from Hokkaido, 800g"
3000156,広島県産 のどぐろ 干物 5枚,2,341002,魚介類・海産物 / 5枚,"Seafood from Hiroshima, 5枚"
3000157,愛知県産 どら焼き 詰め合わせ 20個,9,232092,菓子・スイーツ / 20個,"Confectionery and sweets from Aichi, 20個"
3000158,みやこ町産 いくら醤油漬け 500g,2,406252,魚介類・海産物 / 500g,"Seafood from Fukuoka, 500g"
3000159,さぬき市産 富有柿 5kg,4,372064,果物 / 5kg,"Fruit from Kagawa, 5kg"
3000160,群馬県産 漬物 詰め合わせ 10種,8,104213,惣菜・加工品 / 10種,"Prepared and processed foods from Gunma, 10種"
3000161,長久手市産 冷凍餃子 100個,8,232386,惣菜・加工品 / 100個,"Prepared and processed foods from Aichi, 100個"
3000162,南アルプス市産 あまおういちご 540g,4,192082,果物 / 540g,"Fruit from Yamanashi, 540g"
3000163,鹿児島県 タオル 詰め合わせ 10枚,23,462080,日用品・雑貨 / 10枚,"Household goods from Kagoshima, 10枚"
3000164,秋田県産 黒毛和牛 サーロインステーキ 150g×3枚,1,053686,肉・肉加工品 / 150g×3枚,"Meat and meat products from Akita, 150g×3枚"
3000165,茨城県産 男爵じゃがいも 10kg,5,082015,野菜・きのこ / 10kg,"Vegetables and mushrooms from Ibaraki, 10kg"
3000166,高知市産 乾燥しいたけ 500g,5,392014,野菜・きのこ / 500g,"Vegetables and mushrooms from Kochi, 500g"
3000167,つがる市産 乾燥しいたけ 300g,5,022098,野菜・きのこ / 300g,"Vegetables and mushrooms from Aomori, 300g"
3000168,山梨県産 スパークリングワイン 750ml×2本,13,194247,ワイン / 750ml×2本,"Wine from Yamanashi, 750ml×2本"
3000169,土浦市産 たまねぎ 20kg,5,082031,野菜・きのこ / 20kg,"Vegetables and mushrooms from Ibaraki, 20kg"
3000170,兵庫県産 真鯛 フィレ 1kg,2,284424,魚介類・海産物 / 1kg,"Seafood from Hyogo, 1kg"
3000171,鳥取県産 特別栽培米 玄米 10kg,3,313025,米・パン / 10kg,"Rice and bread from Tottori, 10kg"
3000172,高知県産 ボイル毛がに 2尾,2,392120,魚介類・海産物 / 2尾,"Seafood from Kochi, 2尾"
3000173,"三重県 宿泊利用券 50,000円分",27,242080,"旅行券・宿泊券 / 50,000円分","Travel and accommodation vouchers from Mie, 50,000円分"
3000174,中種子町産 真鯛 フィレ 1kg,2,465011,魚介類・海産物 / 1kg,"Seafood from Kagoshima, 1kg"
3000175,長野県産 あまおういちご 540g,4,202011,果物 / 540g,"Fruit from Nagano, 540g"
3000176,福岡県産 サーモン 刺身用 600g,2,402150,魚介類・海産物 / 600g,"Seafood from Fukuoka, 600g"
3000177,宮崎県産 漬物 詰め合わせ 6種,8,452050,惣菜・加工品 / 6種,"Prepared and processed foods from Miyazaki, 6種"
3000178,神奈川県産 冷凍餃子 50個,8,142115,惣菜・加工品 / 50個,"Prepared and processed foods from Kanagawa, 50個"
3000179,新潟県産 あきたこまち 精米 5kg,3,152099,米・パン / 5kg,"Rice and bread from Niigata, 5kg"
3000180,岬町 果物狩り 体験チケット 2名,28,273660,体験・チケット / 2名,"Experiences and tickets from Osaka, 2名"
3000181,広川町産 明太子 切子 1kg,2,405442,魚介類・海産物 / 1kg,"Seafood from Fukuoka, 1kg"
3000182,新潟県産 特別栽培米 玄米 10kg,3,152170,米・パン / 10kg,"Rice and bread from Niigata, 10kg"
3000183,山口県産 特別栽培米 玄米 20kg,3,353051,米・パン / 20kg,"Rice and bread from Yamaguchi, 20kg"
3000184,福島県産 シャインマスカット 2房,4,072044,果物 / 2房,"Fruit from Fukushima, 2房"
3000185,茨城県産 燻製 詰め合わせ 5種,8,082309,惣菜・加工品 / 5種,"Prepared and processed foods from Ibaraki, 5種"
3000186,福井県産 純米吟醸 飲み比べ 720ml×3本,10,184811,日本酒 / 720ml×3本,"Sake from Fukui, 720ml×3本"
3000187,熊本県産 あまおういちご 540g,4,432148,果物 / 540g,"Fruit from Kumamoto, 540g"
3000188,和歌山県産 味噌 詰め合わせ 1kg×2個,16,304221,調味料・油 / 1kg×2個,"Seasonings and oils from Wakayama, 1kg×2個"
3000189,京都府産 どら焼き 詰め合わせ 12個,9,262030,菓子・スイーツ / 12個,"Confectionery and sweets from Kyoto, 12個"
3000190,北海道産 ベーコン・ソーセージセット 1.8kg,1,014681,肉・肉加工品 / 1.8kg,"Meat and meat products from Hokkaido, 1.8kg"
3000191,北海道産 バウムクーヘン 2個,9,014036,菓子・スイーツ / 2個,"Confectionery and sweets from Hokkaido, 2個"
3000192,東京都 洗剤 詰め合わせ 1式,23,132233,日用品・雑貨 / 1式,"Household goods from Tokyo, 1式"
3000193,大治町 シルクスカーフ 1枚,21,234249,繊維・衣類 / 1枚,"Textiles and apparel from Aichi, 1枚"
3000194,栃木県産 発酵バター 200g×3個,6,092045,卵・乳製品 / 200g×3個,"Eggs and dairy from Tochigi, 200g×3個"
3000195,滋賀県 打刃物 包丁 1本,18,254428,工芸品・民芸品 / 1本,"Crafts and folk art from Shiga, 1本"
3000196,山陽小野田市産 えごま油・亜麻仁油 180g×2本,16,352161,調味料・油 / 180g×2本,"Seasonings and oils from Yamaguchi, 180g×2本"
3000197,東京都 包丁研ぎ器 1個,23,132110,日用品・雑貨 / 1個,"Household goods from Tokyo, 1個"
3000198,南越前町 ガラス酒器 1式,19,184047,陶磁器・ガラス / 1式,"Ceramics and glassware from Fukui, 1式"
3000199,亀岡市 陶器 マグカップ 2個,19,262064,陶磁器・ガラス / 2個,"Ceramics and glassware from Kyoto, 2個"
3000200,一宮市産 燻製 詰め合わせ 8種,8,232033,惣菜・加工品 / 8種,"Prepared and processed foods from Aichi, 8種"
3000201,山梨県 和紙 便箋セット 1式,18,192023,工芸品・民芸品 / 1式,"Crafts and folk art from Yamanashi, 1式"
3000202,津久見市 木製食器セット 4点,20,442071,木工品・家具 / 4点,"Woodwork and furniture from Oita, 4点"
3000203,新潟県産 国産小麦パスタ 10袋,7,155047,麺類 / 10袋,"Noodles from Niigata, 10袋"
3000204,芝山町産 冷凍スムージー 12本,15,124095,飲料・ジュース / 12本,"Beverages and juice from Chiba, 12本"
3000205,愛媛県産 果汁100%ジュース 180ml×24本,15,382027,飲料・ジュース / 180ml×24本,"Beverages and juice from Ehime, 180ml×24本"
3000206,東京都産 和菓子 詰め合わせ 12個,9,132110,菓子・スイーツ / 12個,"Confectionery and sweets from Tokyo, 12個"
3000207,三重県産 ジェラート 詰め合わせ 12個,9,242152,菓子・スイーツ / 12個,"Confectionery and sweets from Mie, 12個"
3000208,福井県産 あきたこまち 精米 10kg,3,182052,米・パン / 10kg,"Rice and bread from Fukui, 10kg"
3000209,山形県産 さくらんぼ 佐藤錦 1kg,4,063631,果物 / 1kg,"Fruit from Yamagata, 1kg"
3000210,大阪狭山市産 和菓子 詰め合わせ 20個,9,272311,菓子・スイーツ / 20個,"Confectionery and sweets from Osaka, 20個"
3000211,北竜町産 チーズ 詰め合わせ 6種,6,014371,卵・乳製品 / 6種,"Eggs and dairy from Hokkaido, 6種"
3000212,熊本県産 白桃 3kg,4,432113,果物 / 3kg,"Fruit from Kumamoto, 3kg"
3000213,つくばみらい市産 佃煮 詰め合わせ 5種,8,082350,惣菜・加工品 / 5種,"Prepared and processed foods from Ibaraki, 5種"
3000214,大阪府 洗剤 詰め合わせ 1式,23,272302,日用品・雑貨 / 1式,"Household goods from Osaka, 1式"
3000215,美浦村産 黒毛和牛 サーロインステーキ 400g,1,084425,肉・肉加工品 / 400g,"Meat and meat products from Ibaraki, 400g"
3000216,南相馬市産 純米大吟醸 720ml,10,072125,日本酒 / 720ml,"Sake from Fukushima, 720ml"
3000217,南陽市 海産物 定期便 毎月×6回,17,062138,定期便 / 毎月×6回,"Subscription deliveries from Yamagata, 毎月×6回"
3000218,岐阜県 打刃物 包丁 1本,18,212067,工芸品・民芸品 / 1本,"Crafts and folk art from Gifu, 1本"
3000219,北海道産 あじ開き 10枚,2,014656,魚介類・海産物 / 10枚,"Seafood from Hokkaido, 10枚"
3000220,府中市 タオル 詰め合わせ 10枚,23,132063,日用品・雑貨 / 10枚,"Household goods from Tokyo, 10枚"
3000221,宝達志水町産 あじ開き 10枚,2,173860,魚介類・海産物 / 10枚,"Seafood from Ishikawa, 10枚"
3000222,阿賀野市産 特別純米酒 720ml×2本,10,152234,日本酒 / 720ml×2本,"Sake from Niigata, 720ml×2本"
3000223,桶川市産 冷凍餃子 50個,8,112313,惣菜・加工品 / 50個,"Prepared and processed foods from Saitama, 50個"
3000224,宮崎県産 黒毛和牛 サーロインステーキ 200g×2枚,1,454028,肉・肉加工品 / 200g×2枚,"Meat and meat products from Miyazaki, 200g×2枚"
3000225,館山市産 銘柄鶏 もも肉 2kg,1,122050,肉・肉加工品 / 2kg,"Meat and meat products from Chiba, 2kg"
3000226,酒田市産 ドリップコーヒー 100袋,14,062049,茶・コーヒー / 100袋,"Tea and coffee from Yamagata, 100袋"
3000227,滋賀県 漆器 伝統工芸 1客,18,252140,工芸品・民芸品 / 1客,"Crafts and folk art from Shiga, 1客"
3000228,鉾田市産 乾燥しいたけ 500g,5,082341,野菜・きのこ / 500g,"Vegetables and mushrooms from Ibaraki, 500g"
3000229,小城市 ガラス酒器 1式,19,412082,陶磁器・ガラス / 1式,"Ceramics and glassware from Saga, 1式"
3000230,府中市 果物狩り 体験チケット 2名,28,132063,体験・チケット / 2名,"Experiences and tickets from Tokyo, 2名"
3000231,香川県産 さくらんぼ 佐藤錦 1kg,4,372064,果物 / 1kg,"Fruit from Kagawa, 1kg"
3000232,茨城県産 食パン 詰め合わせ 3斤,3,085464,米・パン / 3斤,"Rice and bread from Ibaraki, 3斤"
3000233,うきは市産 ベーコン・ソーセージセット 1.2kg,1,402257,肉・肉加工品 / 1.2kg,"Meat and meat products from Fukuoka, 1.2kg"
3000234,群馬県産 アスパラガス 2kg,5,105236,野菜・きのこ / 2kg,"Vegetables and mushrooms from Gunma, 2kg"
3000235,青森県産 銘柄鶏 もも肉 2kg,1,024457,肉・肉加工品 / 2kg,"Meat and meat products from Aomori, 2kg"
3000236,筑前町 木製パズル 1点,25,404471,文具・玩具 / 1点,"Stationery and toys from Fukuoka, 1点"
3000237,岩手県産 明太子 切子 500g,2,034851,魚介類・海産物 / 500g,"Seafood from Iwate, 500g"
3000238,茨城県産 ひとめぼれ 無洗米 10kg,3,082210,米・パン / 10kg,"Rice and bread from Ibaraki, 10kg"
3000239,和歌山県産 冷凍スムージー 12本,15,302091,飲料・ジュース / 12本,"Beverages and juice from Wakayama, 12本"
3000240,福岡県産 ジェラート 詰め合わせ 12個,9,405221,菓子・スイーツ / 12個,"Confectionery and sweets from Fukuoka, 12個"
3000241,五霞町産 銘柄鶏 もも肉 3kg,1,085421,肉・肉加工品 / 3kg,"Meat and meat products from Ibaraki, 3kg"
3000242,志賀町産 あじ開き 10枚,2,173843,魚介類・海産物 / 10枚,"Seafood from Ishikawa, 10枚"
3000243,ふじみ野市産 レトルトカレー 詰め合わせ 10食,8,112453,惣菜・加工品 / 10食,"Prepared and processed foods from Saitama, 10食"
3000244,静岡県産 メロン 秀品 2玉,4,223425,果物 / 2玉,"Fruit from Shizuoka, 2玉"
3000245,和歌山県 タオル 詰め合わせ 10枚,23,303437,日用品・雑貨 / 10枚,"Household goods from Wakayama, 10枚"
3000246,神奈川県 包丁研ぎ器 1個,23,142085,日用品・雑貨 / 1個,"Household goods from Kanagawa, 1個"
3000247,長生村産 生うに 100g,2,124231,魚介類・海産物 / 100g,"Seafood from Chiba, 100g"
3000248,東北町産 生うに 200g,2,024082,魚介類・海産物 / 200g,"Seafood from Aomori, 200g"
3000249,"大分県 宿泊利用券 30,000円分",27,442135,"旅行券・宿泊券 / 30,000円分","Travel and accommodation vouchers from Oita, 30,000円分"
3000250,都留市産 あまおういちご 1080g,4,192040,果物 / 1080g,"Fruit from Yamanashi, 1080g"
3000251,熊本県産 白桃 2kg,4,434281,果物 / 2kg,"Fruit from Kumamoto, 2kg"
3000252,宮城県産 米粉パン セット 12個,3,042030,米・パン / 12個,"Rice and bread from Miyagi, 12個"
3000253,沖縄県産 完熟マンゴー 2kg,4,472123,果物 / 2kg,"Fruit from Okinawa, 2kg"
3000254,北海道産 アイスクリーム 詰め合わせ 12個,6,012262,卵・乳製品 / 12個,"Eggs and dairy from Hokkaido, 12個"
3000255,新潟県産 生ラーメン セット 16食,7,152102,麺類 / 16食,"Noodles from Niigata, 16食"
3000256,那覇市 温泉旅館 ペア宿泊券 1泊2食付,27,472018,旅行券・宿泊券 / 1泊2食付,"Travel and accommodation vouchers from Okinawa, 1泊2食付"
3000257,愛知県産 レトルトカレー 詰め合わせ 10食,8,234460,惣菜・加工品 / 10食,"Prepared and processed foods from Aichi, 10食"
3000258,千早赤阪村産 味付からあげ 2kg,8,273830,惣菜・加工品 / 2kg,"Prepared and processed foods from Osaka, 2kg"
3000259,北海道産 発酵バター 200g×3個,6,014834,卵・乳製品 / 200g×3個,"Eggs and dairy from Hokkaido, 200g×3個"
3000260,東京都産 プリン 詰め合わせ 12個,9,133825,菓子・スイーツ / 12個,"Confectionery and sweets from Tokyo, 12個"
3000261,徳島県産 とうもろこし 20本,5,362069,野菜・きのこ / 20本,"Vegetables and mushrooms from Tokushima, 20本"
3000262,甲良町産 食パン 詰め合わせ 3斤,3,254428,米・パン / 3斤,"Rice and bread from Shiga, 3斤"
3000263,岐阜県 陶器 マグカップ 2個,19,212130,陶磁器・ガラス / 2個,"Ceramics and glassware from Gifu, 2個"
3000264,宮城県産 コシヒカリ 精米 10kg,3,042129,米・パン / 10kg,"Rice and bread from Miyagi, 10kg"
3000265,岡山県産 シャインマスカット 4房,4,332160,果物 / 4房,"Fruit from Okayama, 4房"
3000266,紀北町産 チーズケーキ 2台,9,245437,菓子・スイーツ / 2台,"Confectionery and sweets from Mie, 2台"
3000267,島根県産 季節限定 生酒 720ml×2本,10,322075,日本酒 / 720ml×2本,"Sake from Shimane, 720ml×2本"
3000268,宮城県産 黒毛和牛 切り落とし 1kg,1,045811,肉・肉加工品 / 1kg,"Meat and meat products from Miyagi, 1kg"
3000269,南陽市産 スモーク鴨ロース 600g,1,062138,肉・肉加工品 / 600g,"Meat and meat products from Yamagata, 600g"
3000270,岩手町産 国産小麦パスタ 10袋,7,033031,麺類 / 10袋,"Noodles from Iwate, 10袋"
3000271,京都府 陶器 マグカップ 2個,19,262072,陶磁器・ガラス / 2個,"Ceramics and glassware from Kyoto, 2個"
3000272,長崎県産 味付ジンギスカン 1kg,1,422070,肉・肉加工品 / 1kg,"Meat and meat products from Nagasaki, 1kg"
3000273,鹿児島県産 紅はるか さつまいも 5kg,5,465259,野菜・きのこ / 5kg,"Vegetables and mushrooms from Kagoshima, 5kg"
3000274,北海道産 どら焼き 詰め合わせ 12個,9,014303,菓子・スイーツ / 12個,"Confectionery and sweets from Hokkaido, 12個"
3000275,日出町 果物 定期便 隔月×6回,17,443417,定期便 / 隔月×6回,"Subscription deliveries from Oita, 隔月×6回"
3000276,洋野町 釣具セット 1式,26,035076,スポーツ・アウトドア / 1式,"Sports and outdoor from Iwate, 1式"
3000277,千葉県産 黒毛和牛 切り落とし 500g,1,122157,肉・肉加工品 / 500g,"Meat and meat products from Chiba, 500g"
3000278,新発田市 包丁研ぎ器 1個,23,152064,日用品・雑貨 / 1個,"Household goods from Niigata, 1個"
3000279,兵庫県産 ベーコン・ソーセージセット 1.8kg,1,282146,肉・肉加工品 / 1.8kg,"Meat and meat products from Hyogo, 1.8kg"
3000280,新郷村産 和牛 焼肉セット 600g,1,024503,肉・肉加工品 / 600g,"Meat and meat products from Aomori, 600g"
3000281,福島県産 ゆめぴりか 精米 10kg,3,074462,米・パン / 10kg,"Rice and bread from Fukushima, 10kg"
3000282,愛媛県産 うなぎ蒲焼 2尾,2,382019,魚介類・海産物 / 2尾,"Seafood from Ehime, 2尾"
3000283,高知県産 本格芋焼酎 900ml×2本,11,393070,焼酎・泡盛 / 900ml×2本,"Shochu and awamori from Kochi, 900ml×2本"
3000284,茨城県 国産ペットフード 2kg,30,082287,ペット用品 / 2kg,"Pet supplies from Ibaraki, 2kg"
3000285,岐阜県 木製カッティングボード 2枚,20,212105,木工品・家具 / 2枚,"Woodwork and furniture from Gifu, 2枚"
3000286,岐阜県 木製カッティングボード 1枚,20,212148,木工品・家具 / 1枚,"Woodwork and furniture from Gifu, 1枚"
3000287,島根県産 特別純米酒 1.8L,10,322024,日本酒 / 1.8L,"Sake from Shimane, 1.8L"
3000288,大阪府 果物狩り 体験チケット 2名,28,272248,体験・チケット / 2名,"Experiences and tickets from Osaka, 2名"
3000289,砥部町 靴下 詰め合わせ 10足,21,384020,繊維・衣類 / 10足,"Textiles and apparel from Ehime, 10足"
3000290,北海道産 スモーク鴨ロース 600g,1,012165,肉・肉加工品 / 600g,"Meat and meat products from Hokkaido, 600g"
3000291,長野県産 半生讃岐うどん 12食,7,202053,麺類 / 12食,"Noodles from Nagano, 12食"
3000292,宮崎県産 米焼酎 飲み比べ 720ml×3本,11,454036,焼酎・泡盛 / 720ml×3本,"Shochu and awamori from Miyazaki, 720ml×3本"
3000293,京都府 タオル 詰め合わせ 10枚,23,262064,日用品・雑貨 / 10枚,"Household goods from Kyoto, 10枚"
3000294,宮城県産 つや姫 精米 10kg,3,043419,米・パン / 10kg,"Rice and bread from Miyagi, 10kg"
3000295,長野県産 煎茶 詰め合わせ 100g×3袋,14,203840,茶・コーヒー / 100g×3袋,"Tea and coffee from Nagano, 100g×3袋"
3000296,福島県産 純米吟醸 飲み比べ 720ml×3本,10,075612,日本酒 / 720ml×3本,"Sake from Fukushima, 720ml×3本"
3000297,福井県産 ボイル毛がに 2尾,2,182095,魚介類・海産物 / 2尾,"Seafood from Fukui, 2尾"
3000298,大阪府産 自家焙煎コーヒー豆 200g×5袋,14,272311,茶・コーヒー / 200g×5袋,"Tea and coffee from Osaka, 200g×5袋"
3000299,青森県産 漬物 詰め合わせ 10種,8,023434,惣菜・加工品 / 10種,"Prepared and processed foods from Aomori, 10種"
3000300,帯広市産 生乳100%牛乳 1L×6本,6,012076,卵・乳製品 / 1L×6本,"Eggs and dairy from Hokkaido, 1L×6本"
3000301,岐阜県 無垢材スツール 1脚,20,215031,木工品・家具 / 1脚,"Woodwork and furniture from Gifu, 1脚"
3000302,徳島県 木製パズル 1点,25,363219,文具・玩具 / 1点,"Stationery and toys from Tokushima, 1点"
3000303,長野県産 とうもろこし 20本,5,204501,野菜・きのこ / 20本,"Vegetables and mushrooms from Nagano, 20本"
3000304,徳島県産 さくらんぼ 佐藤錦 500g,4,362042,果物 / 500g,"Fruit from Tokushima, 500g"
3000305,青森県産 さくらんぼ 佐藤錦 500g,4,022055,果物 / 500g,"Fruit from Aomori, 500g"
3000306,和光市産 つや姫 精米 10kg,3,112291,米・パン / 10kg,"Rice and bread from Saitama, 10kg"
3000307,沖縄県産 サンふじりんご 5kg,4,473294,果物 / 5kg,"Fruit from Okinawa, 5kg"
3000308,富山県 磁器 湯呑 2客,19,162086,陶磁器・ガラス / 2客,"Ceramics and glassware from Toyama, 2客"
3000309,福岡県産 ベーコン・ソーセージセット 1.8kg,1,402192,肉・肉加工品 / 1.8kg,"Meat and meat products from Fukuoka, 1.8kg"
3000310,熊本県産 味付ジンギスカン 1kg,1,432164,肉・肉加工品 / 1kg,"Meat and meat products from Kumamoto, 1kg"
3000311,北海道産 ハンバーグ 詰め合わせ 15個,1,012033,肉・肉加工品 / 15個,"Meat and meat products from Hokkaido, 15個"
3000312,愛知県産 だしパック 60袋,16,232092,調味料・油 / 60袋,"Seasonings and oils from Aichi, 60袋"
3000313,埼玉県産 バウムクーヘン 4個,9,112151,菓子・スイーツ / 4個,"Confectionery and sweets from Saitama, 4個"
3000314,滋賀県産 コシヒカリ 精米 20kg,3,252123,米・パン / 20kg,"Rice and bread from Shiga, 20kg"
3000315,福島県産 純米吟醸 飲み比べ 720ml×3本,10,072125,日本酒 / 720ml×3本,"Sake from Fukushima, 720ml×3本"
3000316,青森県産 厚切り牛タン 900g,1,024261,肉・肉加工品 / 900g,"Meat and meat products from Aomori, 900g"
3000317,北海道産 紅はるか さつまいも 5kg,5,016489,野菜・きのこ / 5kg,"Vegetables and mushrooms from Hokkaido, 5kg"
3000318,秋田県産 黒毛和牛 サーロインステーキ 400g,1,052043,肉・肉加工品 / 400g,"Meat and meat products from Akita, 400g"
3000319,田原本町産 国産紅茶 50g×4袋,14,293636,茶・コーヒー / 50g×4袋,"Tea and coffee from Nara, 50g×4袋"
3000320,山形県 包丁研ぎ器 1個,23,062073,日用品・雑貨 / 1個,"Household goods from Yamagata, 1個"
3000321,越前町 クルーズ 乗船券 2名,28,184233,体験・チケット / 2名,"Experiences and tickets from Fukui, 2名"
3000322,高石市 タオル 詰め合わせ 10枚,23,272256,日用品・雑貨 / 10枚,"Household goods from Osaka, 10枚"
3000323,福島県産 プリン 詰め合わせ 12個,9,072036,菓子・スイーツ / 12個,"Confectionery and sweets from Fukushima, 12個"
3000324,四万十町産 サーモン 刺身用 1kg,2,394122,魚介類・海産物 / 1kg,"Seafood from Kochi, 1kg"
3000325,長野県産 白桃 2kg,4,204528,果物 / 2kg,"Fruit from Nagano, 2kg"
3000326,北海道産 和菓子 詰め合わせ 20個,9,012297,菓子・スイーツ / 20個,"Confectionery and sweets from Hokkaido, 20個"
3000327,青森県産 サーモン 刺身用 600g,2,024465,魚介類・海産物 / 600g,"Seafood from Aomori, 600g"
3000328,行橋市産 和菓子 詰め合わせ 12個,9,402133,菓子・スイーツ / 12個,"Confectionery and sweets from Fukuoka, 12個"
3000329,羽生市産 ジェラート 詰め合わせ 12個,9,112160,菓子・スイーツ / 12個,"Confectionery and sweets from Saitama, 12個"
3000330,三重県 竹細工かご 1点,18,242161,工芸品・民芸品 / 1点,"Crafts and folk art from Mie, 1点"
3000331,門川町産 長期貯蔵 麦焼酎 1.8L,11,454214,焼酎・泡盛 / 1.8L,"Shochu and awamori from Miyazaki, 1.8L"
3000332,鶴岡市産 和牛 焼肉セット 1kg,1,062031,肉・肉加工品 / 1kg,"Meat and meat products from Yamagata, 1kg"
3000333,愛媛県 靴下 詰め合わせ 10足,21,382159,繊維・衣類 / 10足,"Textiles and apparel from Ehime, 10足"
3000334,九度山町産 あじ開き 20枚,2,303437,魚介類・海産物 / 20枚,"Seafood from Wakayama, 20枚"
3000335,奈良県 靴下 詰め合わせ 10足,21,292095,繊維・衣類 / 10足,"Textiles and apparel from Nara, 10足"
3000336,岡山県産 さくらんぼ 佐藤錦 1kg,4,336068,果物 / 1kg,"Fruit from Okayama, 1kg"
3000337,"沖縄県 観光施設 利用券 10,000円分",27,473014,"旅行券・宿泊券 / 10,000円分","Travel and accommodation vouchers from Okinawa, 10,000円分"
3000338,宮崎県産 漬物 詰め合わせ 6種,8,452092,惣菜・加工品 / 6種,"Prepared and processed foods from Miyazaki, 6種"
3000339,千葉県産 味付ジンギスカン 1kg,1,122165,肉・肉加工品 / 1kg,"Meat and meat products from Chiba, 1kg"
3000340,岡山県 綿100% 寝具カバー 1式,21,332119,繊維・衣類 / 1式,"Textiles and apparel from Okayama, 1式"
3000341,熱海市産 サンふじりんご 10kg,4,222054,果物 / 10kg,"Fruit from Shizuoka, 10kg"
3000342,豊丘村産 男爵じゃがいも 10kg,5,204161,野菜・きのこ / 10kg,"Vegetables and mushrooms from Nagano, 10kg"
3000343,神奈川県 釣具セット 1式,26,142182,スポーツ・アウトドア / 1式,"Sports and outdoor from Kanagawa, 1式"
3000344,東松島市産 佃煮 詰め合わせ 5種,8,042145,惣菜・加工品 / 5種,"Prepared and processed foods from Miyagi, 5種"
3000345,佐渡市産 純米吟醸 飲み比べ 720ml×3本,10,152242,日本酒 / 720ml×3本,"Sake from Niigata, 720ml×3本"
3000346,高知県産 のどぐろ 干物 5枚,2,392111,魚介類・海産物 / 5枚,"Seafood from Kochi, 5枚"
3000347,岡山県 ノート 詰め合わせ 10冊,25,332054,文具・玩具 / 10冊,"Stationery and toys from Okayama, 10冊"
3000348,岡山県産 食パン 詰め合わせ 3斤,3,332097,米・パン / 3斤,"Rice and bread from Okayama, 3斤"
3000349,富田林市産 佃煮 詰め合わせ 5種,8,272141,惣菜・加工品 / 5種,"Prepared and processed foods from Osaka, 5種"
3000350,島根県産 和牛 焼肉セット 1kg,1,322032,肉・肉加工品 / 1kg,"Meat and meat products from Shimane, 1kg"
3000351,中央区 包丁研ぎ器 1個,23,131024,日用品・雑貨 / 1個,"Household goods from Tokyo, 1個"
3000352,にかほ市産 純米大吟醸 720ml×2本,10,052141,日本酒 / 720ml×2本,"Sake from Akita, 720ml×2本"
3000353,千葉県 米 定期便 5kg×12回,17,122181,定期便 / 5kg×12回,"Subscription deliveries from Chiba, 5kg×12回"
3000354,愛知県産 レトルトカレー 詰め合わせ 16食,8,231002,惣菜・加工品 / 16食,"Prepared and processed foods from Aichi, 16食"
3000355,田原市 今治タオル セット 8枚,21,232319,繊維・衣類 / 8枚,"Textiles and apparel from Aichi, 8枚"
3000356,東京都 木製パズル 1点,25,132209,文具・玩具 / 1点,"Stationery and toys from Tokyo, 1点"
3000357,静岡県産 国産紅茶 50g×4袋,14,223069,茶・コーヒー / 50g×4袋,"Tea and coffee from Shizuoka, 50g×4袋"
3000358,草津町産 ベーコン・ソーセージセット 1.8kg,1,104264,肉・肉加工品 / 1.8kg,"Meat and meat products from Gunma, 1.8kg"
3000359,山口県産 冷凍餃子 100個,8,353051,惣菜・加工品 / 100個,"Prepared and processed foods from Yamaguchi, 100個"
3000360,東京都 国産材 積み木 1式,25,131059,文具・玩具 / 1式,"Stationery and toys from Tokyo, 1式"
3000361,棚倉町産 あまおういちご 1080g,4,074811,果物 / 1080g,"Fruit from Fukushima, 1080g"
3000362,御所市産 抹茶 詰め合わせ 30g×3缶,14,292087,茶・コーヒー / 30g×3缶,"Tea and coffee from Nara, 30g×3缶"
3000363,大和郡山市 伝統こけし 1体,18,292036,工芸品・民芸品 / 1体,"Crafts and folk art from Nara, 1体"
3000364,青森県産 真鯛 フィレ 1kg,2,023019,魚介類・海産物 / 1kg,"Seafood from Aomori, 1kg"
3000365,長野県産 アスパラガス 2kg,5,203823,野菜・きのこ / 2kg,"Vegetables and mushrooms from Nagano, 2kg"
3000366,岐阜県 和紙 便箋セット 1式,18,212075,工芸品・民芸品 / 1式,"Crafts and folk art from Gifu, 1式"
3000367,東京都 ノート 詰め合わせ 10冊,25,131041,文具・玩具 / 10冊,"Stationery and toys from Tokyo, 10冊"
3000368,沖縄県産 生うに 200g,2,473553,魚介類・海産物 / 200g,"Seafood from Okinawa, 200g"
3000369,千葉県産 乾燥しいたけ 300g,5,122165,野菜・きのこ / 300g,"Vegetables and mushrooms from Chiba, 300g"
3000370,茨城県 直火用 土鍋 1個,19,082261,陶磁器・ガラス / 1個,"Ceramics and glassware from Ibaraki, 1個"
3000371,中央区 タオル 詰め合わせ 10枚,23,131024,日用品・雑貨 / 10枚,"Household goods from Tokyo, 10枚"
3000372,鹿児島県産 高糖度トマト 3kg,5,462152,野菜・きのこ / 3kg,"Vegetables and mushrooms from Kagoshima, 3kg"
3000373,愛媛県 今治タオル セット 5枚,21,382019,繊維・衣類 / 5枚,"Textiles and apparel from Ehime, 5枚"
3000374,徳島県産 温州みかん 5kg,4,362077,果物 / 5kg,"Fruit from Tokushima, 5kg"
3000375,福島県産 ゆめぴりか 精米 10kg,3,072087,米・パン / 10kg,"Rice and bread from Fukushima, 10kg"
3000376,東京都産 どら焼き 詰め合わせ 20個,9,133621,菓子・スイーツ / 20個,"Confectionery and sweets from Tokyo, 20個"
3000377,御杖村 和紙 便箋セット 1式,18,293865,工芸品・民芸品 / 1式,"Crafts and folk art from Nara, 1式"
3000378,千葉県産 あじ開き 20枚,2,122157,魚介類・海産物 / 20枚,"Seafood from Chiba, 20枚"
3000379,群馬県産 燻製 詰め合わせ 8種,8,104485,惣菜・加工品 / 8種,"Prepared and processed foods from Gunma, 8種"
3000380,北海道産 どら焼き 詰め合わせ 20個,9,012203,菓子・スイーツ / 20個,"Confectionery and sweets from Hokkaido, 20個"
3000381,宮崎県産 レトルトカレー 詰め合わせ 16食,8,452084,惣菜・加工品 / 16食,"Prepared and processed foods from Miyazaki, 16食"
3000382,兵庫県産 ベーコン・ソーセージセット 1.8kg,1,282146,肉・肉加工品 / 1.8kg,"Meat and meat products from Hyogo, 1.8kg"
3000383,長野県産 男爵じゃがいも 20kg,5,202193,野菜・きのこ / 20kg,"Vegetables and mushrooms from Nagano, 20kg"
3000384,長野県産 樽熟成 赤ワイン 750ml,13,202193,ワイン / 750ml,"Wine from Nagano, 750ml"
3000385,宮城県 包丁研ぎ器 1個,23,042137,日用品・雑貨 / 1個,"Household goods from Miyagi, 1個"
3000386,小千谷市産 あきたこまち 精米 10kg,3,152081,米・パン / 10kg,"Rice and bread from Niigata, 10kg"
3000387,岩手県産 十割そば 16食,7,035246,麺類 / 16食,"Noodles from Iwate, 16食"
3000388,北海道産 いくら醤油漬け 500g,2,013340,魚介類・海産物 / 500g,"Seafood from Hokkaido, 500g"
3000389,南九州市産 煎茶 詰め合わせ 100g×3袋,14,462233,茶・コーヒー / 100g×3袋,"Tea and coffee from Kagoshima, 100g×3袋"
3000390,山形県産 チーズケーキ 1台,9,063614,菓子・スイーツ / 1台,"Confectionery and sweets from Yamagata, 1台"
3000391,伊万里市産 干物 詰め合わせ 12枚,2,412058,魚介類・海産物 / 12枚,"Seafood from Saga, 12枚"
3000392,石川県産 季節限定 生酒 720ml×2本,10,172022,日本酒 / 720ml×2本,"Sake from Ishikawa, 720ml×2本"
3000393,大阪府 酒蔵見学・試飲 2名,28,272329,体験・チケット / 2名,"Experiences and tickets from Osaka, 2名"
3000394,中津市産 米焼酎 飲み比べ 720ml×3本,11,442038,焼酎・泡盛 / 720ml×3本,"Shochu and awamori from Oita, 720ml×3本"
3000395,岐阜県 直火用 土鍋 1個,19,214035,陶磁器・ガラス / 1個,"Ceramics and glassware from Gifu, 1個"
3000396,境港市 果物狩り 体験チケット 4名,28,312045,体験・チケット / 4名,"Experiences and tickets from Tottori, 4名"
3000397,奈良県産 煎茶 詰め合わせ 100g×3袋,14,292109,茶・コーヒー / 100g×3袋,"Tea and coffee from Nara, 100g×3袋"
3000398,"沖縄県 宿泊利用券 30,000円分",27,473758,"旅行券・宿泊券 / 30,000円分","Travel and accommodation vouchers from Okinawa, 30,000円分"
3000399,高知県産 アスパラガス 2kg,5,392031,野菜・きのこ / 2kg,"Vegetables and mushrooms from Kochi, 2kg"
3000400,江田島市産 佃煮 詰め合わせ 5種,8,342157,惣菜・加工品 / 5種,"Prepared and processed foods from Hiroshima, 5種"
3000401,静岡県 国産材 積み木 1式,25,222097,文具・玩具 / 1式,"Stationery and toys from Shizuoka, 1式"
3000402,可児市 ガラス酒器 1式,19,212148,陶磁器・ガラス / 1式,"Ceramics and glassware from Gifu, 1式"
3000403,埼玉県産 佃煮 詰め合わせ 5種,8,112461,惣菜・加工品 / 5種,"Prepared and processed foods from Saitama, 5種"
3000404,松前町産 ずわいがに 脚 1.2kg,2,013315,魚介類・海産物 / 1.2kg,"Seafood from Hokkaido, 1.2kg"
3000405,福岡県産 ハンバーグ 詰め合わせ 10個,1,402125,肉・肉加工品 / 10個,"Meat and meat products from Fukuoka, 10個"
3000406,千葉県産 うなぎ蒲焼 5尾,2,122327,魚介類・海産物 / 5尾,"Seafood from Chiba, 5尾"
3000407,長野県産 十割そば 10食,7,204811,麺類 / 10食,"Noodles from Nagano, 10食"
3000408,安城市産 佃煮 詰め合わせ 5種,8,232122,惣菜・加工品 / 5種,"Prepared and processed foods from Aichi, 5種"
3000409,多可町産 チーズケーキ 1台,9,283657,菓子・スイーツ / 1台,"Confectionery and sweets from Hyogo, 1台"
3000410,京都府 胡蝶蘭 鉢植え 1鉢,29,264636,花・観葉植物 / 1鉢,"Flowers and plants from Kyoto, 1鉢"
3000411,高浜町 磁器 湯呑 2客,19,184811,陶磁器・ガラス / 2客,"Ceramics and glassware from Fukui, 2客"
3000412,鹿児島県産 あじ開き 20枚,2,462217,魚介類・海産物 / 20枚,"Seafood from Kagoshima, 20枚"
3000413,鹿児島県産 米焼酎 飲み比べ 720ml×3本,11,462241,焼酎・泡盛 / 720ml×3本,"Shochu and awamori from Kagoshima, 720ml×3本"
3000414,岡山県 磁器 湯呑 2客,19,332127,陶磁器・ガラス / 2客,"Ceramics and glassware from Okayama, 2客"
3000415,秩父別町産 平飼いたまご 60個,6,014346,卵・乳製品 / 60個,"Eggs and dairy from Hokkaido, 60個"
3000416,愛知県産 ジェラート 詰め合わせ 12個,9,233617,菓子・スイーツ / 12個,"Confectionery and sweets from Aichi, 12個"
3000417,利根町産 厚切り牛タン 900g,1,085642,肉・肉加工品 / 900g,"Meat and meat products from Ibaraki, 900g"
3000418,和歌山県産 天然水 炭酸水 500ml×24本,15,304018,飲料・ジュース / 500ml×24本,"Beverages and juice from Wakayama, 500ml×24本"
3000419,青森県産 たまねぎ 10kg,5,022055,野菜・きのこ / 10kg,"Vegetables and mushrooms from Aomori, 10kg"
3000420,香川県産 十割そば 16食,7,372021,麺類 / 16食,"Noodles from Kagawa, 16食"
3000421,富山県産 特別純米酒 720ml×2本,10,162043,日本酒 / 720ml×2本,"Sake from Toyama, 720ml×2本"
3000422,山梨県産 天然水 炭酸水 500ml×48本,15,192058,飲料・ジュース / 500ml×48本,"Beverages and juice from Yamanashi, 500ml×48本"
3000423,千葉県産 果汁100%ジュース 180ml×24本,15,124435,飲料・ジュース / 180ml×24本,"Beverages and juice from Chiba, 180ml×24本"
3000424,岩手県産 和牛 焼肉セット 1kg,1,034851,肉・肉加工品 / 1kg,"Meat and meat products from Iwate, 1kg"
3000425,長野県産 樽熟成 赤ワイン 750ml×2本,13,203246,ワイン / 750ml×2本,"Wine from Nagano, 750ml×2本"
3000426,秋田県 スキンケアセット 1式,22,052019,化粧品・美容 / 1式,"Cosmetics and beauty from Akita, 1式"
3000427,東京都 クルーズ 乗船券 2名,28,132012,体験・チケット / 2名,"Experiences and tickets from Tokyo, 2名"
3000428,江北町 磁器 湯呑 5客,19,414247,陶磁器・ガラス / 5客,"Ceramics and glassware from Saga, 5客"
3000429,茨城県産 ハンバーグ 詰め合わせ 15個,1,082023,肉・肉加工品 / 15個,"Meat and meat products from Ibaraki, 15個"
3000430,栃木県産 国産紅茶 50g×4袋,14,092045,茶・コーヒー / 50g×4袋,"Tea and coffee from Tochigi, 50g×4袋"
3000431,滋賀県産 食パン 詰め合わせ 3斤,3,254258,米・パン / 3斤,"Rice and bread from Shiga, 3斤"
3000432,北海道産 アスパラガス 1kg,5,012106,野菜・きのこ / 1kg,"Vegetables and mushrooms from Hokkaido, 1kg"
3000433,大館市産 特別純米酒 1.8L,10,052043,日本酒 / 1.8L,"Sake from Akita, 1.8L"
3000434,北海道 磁器 湯呑 2客,19,015113,陶磁器・ガラス / 2客,"Ceramics and glassware from Hokkaido, 2客"
3000435,石川県 陶器 マグカップ 2個,19,172073,陶磁器・ガラス / 2個,"Ceramics and glassware from Ishikawa, 2個"
3000436,福島県産 ひとめぼれ 無洗米 10kg,3,072133,米・パン / 10kg,"Rice and bread from Fukushima, 10kg"
3000437,埼玉県産 プリン 詰め合わせ 12個,9,112402,菓子・スイーツ / 12個,"Confectionery and sweets from Saitama, 12個"
3000438,高知県 陶芸 体験チケット 2名,28,392022,体験・チケット / 2名,"Experiences and tickets from Kochi, 2名"
3000439,北海道産 ほたて貝柱 冷凍 1.5kg,2,016314,魚介類・海産物 / 1.5kg,"Seafood from Hokkaido, 1.5kg"
3000440,東京都 包丁研ぎ器 1個,23,132021,日用品・雑貨 / 1個,"Household goods from Tokyo, 1個"
3000441,石川県産 うなぎ蒲焼 2尾,2,172073,魚介類・海産物 / 2尾,"Seafood from Ishikawa, 2尾"
3000442,高知県産 えごま油・亜麻仁油 180g×2本,16,392065,調味料・油 / 180g×2本,"Seasonings and oils from Kochi, 180g×2本"
3000443,大分県産 長期貯蔵 麦焼酎 1.8L,11,442038,焼酎・泡盛 / 1.8L,"Shochu and awamori from Oita, 1.8L"
3000444,青森市産 厚切り牛タン 900g,1,022012,肉・肉加工品 / 900g,"Meat and meat products from Aomori, 900g"
3000445,愛知県産 味付からあげ 1kg,8,232335,惣菜・加工品 / 1kg,"Prepared and processed foods from Aichi, 1kg"
3000446,佐賀県産 和牛 焼肉セット 1kg,1,412058,肉・肉加工品 / 1kg,"Meat and meat products from Saga, 1kg"
3000447,奈良県 打刃物 包丁 2本,18,292061,工芸品・民芸品 / 2本,"Crafts and folk art from Nara, 2本"
3000448,宮城県産 燻製 詰め合わせ 8種,8,043613,惣菜・加工品 / 8種,"Prepared and processed foods from Miyagi, 8種"
3000449,千葉県産 生うに 100g,2,123421,魚介類・海産物 / 100g,"Seafood from Chiba, 100g"
3000450,高知県産 ドリップコーヒー 50袋,14,393037,茶・コーヒー / 50袋,"Tea and coffee from Kochi, 50袋"
3000451,北区 トイレットペーパー 72ロール,23,131172,日用品・雑貨 / 72ロール,"Household goods from Tokyo, 72ロール"
3000452,奈井江町産 あじ開き 10枚,2,014249,魚介類・海産物 / 10枚,"Seafood from Hokkaido, 10枚"
3000453,熊本県産 天然水 2L×12本,15,434477,飲料・ジュース / 2L×12本,"Beverages and juice from Kumamoto, 2L×12本"
3000454,兵庫県産 天然水 炭酸水 500ml×24本,15,282286,飲料・ジュース / 500ml×24本,"Beverages and juice from Hyogo, 500ml×24本"
3000455,青森県産 高糖度トマト 3kg,5,022012,野菜・きのこ / 3kg,"Vegetables and mushrooms from Aomori, 3kg"
3000456,島根県産 あじ開き 10枚,2,322059,魚介類・海産物 / 10枚,"Seafood from Shimane, 10枚"
3000457,宮城県産 漬物 詰め合わせ 6種,8,042111,惣菜・加工品 / 6種,"Prepared and processed foods from Miyagi, 6種"
3000458,岡山県産 あきたこまち 精米 10kg,3,334235,米・パン / 10kg,"Rice and bread from Okayama, 10kg"
3000459,熊本県産 高糖度トマト 3kg,5,432024,野菜・きのこ / 3kg,"Vegetables and mushrooms from Kumamoto, 3kg"
3000460,鳥取県産 食パン 詰め合わせ 3斤,3,313718,米・パン / 3斤,"Rice and bread from Tottori, 3斤"
3000461,島根県産 あきたこまち 精米 10kg,3,324485,米・パン / 10kg,"Rice and bread from Shimane, 10kg"
3000462,御船町産 豚ロース しゃぶしゃぶ用 2kg,1,434418,肉・肉加工品 / 2kg,"Meat and meat products from Kumamoto, 2kg"
3000463,東京都産 抹茶 詰め合わせ 30g×3缶,14,132217,茶・コーヒー / 30g×3缶,"Tea and coffee from Tokyo, 30g×3缶"
3000464,神奈川県 洗剤 詰め合わせ 1式,23,141500,日用品・雑貨 / 1式,"Household goods from Kanagawa, 1式"
3000465,泉崎村産 たまねぎ 10kg,5,074641,野菜・きのこ / 10kg,"Vegetables and mushrooms from Fukushima, 10kg"
3000466,青森県産 たまねぎ 10kg,5,024431,野菜・きのこ / 10kg,"Vegetables and mushrooms from Aomori, 10kg"
3000467,福井県産 コシヒカリ 精米 5kg,3,182087,米・パン / 5kg,"Rice and bread from Fukui, 5kg"
3000468,逗子市産 燻製 詰め合わせ 5種,8,142085,惣菜・加工品 / 5種,"Prepared and processed foods from Kanagawa, 5種"
3000469,高知県産 アスパラガス 2kg,5,392057,野菜・きのこ / 2kg,"Vegetables and mushrooms from Kochi, 2kg"
3000470,埼玉県産 国産紅茶 50g×4袋,14,112101,茶・コーヒー / 50g×4袋,"Tea and coffee from Saitama, 50g×4袋"
3000471,鳥取県産 ひとめぼれ 無洗米 5kg,3,314030,米・パン / 5kg,"Rice and bread from Tottori, 5kg"
3000472,青森県産 乾燥しいたけ 300g,5,022047,野菜・きのこ / 300g,"Vegetables and mushrooms from Aomori, 300g"
3000473,七戸町産 うなぎ蒲焼 2尾,2,024023,魚介類・海産物 / 2尾,"Seafood from Aomori, 2尾"
3000474,岐阜県 曲げわっぱ弁当箱 1個,20,212202,木工品・家具 / 1個,"Woodwork and furniture from Gifu, 1個"
3000475,日田市産 和牛 焼肉セット 1kg,1,442046,肉・肉加工品 / 1kg,"Meat and meat products from Oita, 1kg"
3000476,南砺市 観葉植物 1鉢,29,162108,花・観葉植物 / 1鉢,"Flowers and plants from Toyama, 1鉢"
3000477,愛知県産 バウムクーヘン 4個,9,232041,菓子・スイーツ / 4個,"Confectionery and sweets from Aichi, 4個"
3000478,愛知県 デニムジーンズ 1本,21,232131,繊維・衣類 / 1本,"Textiles and apparel from Aichi, 1本"
3000479,岐阜県 伝統こけし 1体,18,212181,工芸品・民芸品 / 1体,"Crafts and folk art from Gifu, 1体"
3000480,北海道産 ジェラート 詰め合わせ 12個,9,015857,菓子・スイーツ / 12個,"Confectionery and sweets from Hokkaido, 12個"
3000481,豊浦町産 平飼いたまご 60個,6,015717,卵・乳製品 / 60個,"Eggs and dairy from Hokkaido, 60個"
3000482,大和町産 燻製 詰め合わせ 5種,8,044211,惣菜・加工品 / 5種,"Prepared and processed foods from Miyagi, 5種"
3000483,埼玉県産 あきたこまち 精米 5kg,3,112275,米・パン / 5kg,"Rice and bread from Saitama, 5kg"
3000484,大阪府 酒蔵見学・試飲 2名,28,272132,体験・チケット / 2名,"Experiences and tickets from Osaka, 2名"
3000485,岡山県 シルクスカーフ 1枚,21,332143,繊維・衣類 / 1枚,"Textiles and apparel from Okayama, 1枚"
3000486,大鰐町産 黒毛和牛 切り落とし 1.5kg,1,023621,肉・肉加工品 / 1.5kg,"Meat and meat products from Aomori, 1.5kg"
3000487,可児市産 銘柄鶏 もも肉 2kg,1,212148,肉・肉加工品 / 2kg,"Meat and meat products from Gifu, 2kg"
3000488,川上村産 白桃 2kg,4,294527,果物 / 2kg,"Fruit from Nara, 2kg"
3000489,三島町産 つや姫 精米 10kg,3,074446,米・パン / 10kg,"Rice and bread from Fukushima, 10kg"
3000490,伊勢崎市産 ベーコン・ソーセージセット 1.8kg,1,102041,肉・肉加工品 / 1.8kg,"Meat and meat products from Gunma, 1.8kg"
3000491,広島県 直火用 土鍋 1個,19,342025,陶磁器・ガラス / 1個,"Ceramics and glassware from Hiroshima, 1個"
3000492,秋田県産 黒毛和牛 サーロインステーキ 400g,1,052132,肉・肉加工品 / 400g,"Meat and meat products from Akita, 400g"
3000493,雫石町産 米粉パン セット 12個,3,033014,米・パン / 12個,"Rice and bread from Iwate, 12個"
3000494,里庄町 磁器 湯呑 2客,19,334456,陶磁器・ガラス / 2客,"Ceramics and glassware from Okayama, 2客"
3000495,北海道産 発酵バター 200g×3個,6,013676,卵・乳製品 / 200g×3個,"Eggs and dairy from Hokkaido, 200g×3個"
3000496,見附市産 国産小麦パスタ 10袋,7,152111,麺類 / 10袋,"Noodles from Niigata, 10袋"
3000497,米子市産 ハンバーグ 詰め合わせ 20個,1,312029,肉・肉加工品 / 20個,"Meat and meat products from Tottori, 20個"
3000498,"神奈川県 観光施設 利用券 5,000円分",27,142182,"旅行券・宿泊券 / 5,000円分","Travel and accommodation vouchers from Kanagawa, 5,000円分"
3000499,湯浅町産 ずわいがに 脚 800g,2,303615,魚介類・海産物 / 800g,"Seafood from Wakayama, 800g"
3000500,御殿場市産 完熟マンゴー 2kg,4,222151,果物 / 2kg,"Fruit from Shizuoka, 2kg"
3000501,北海道産 ハンバーグ 詰め合わせ 10個,1,016675,肉・肉加工品 / 10個,"Meat and meat products from Hokkaido, 10個"
3000502,愛知県 多肉植物 セット 6鉢,29,232157,花・観葉植物 / 6鉢,"Flowers and plants from Aichi, 6鉢"
3000503,福岡県産 干物 詰め合わせ 8枚,2,402125,魚介類・海産物 / 8枚,"Seafood from Fukuoka, 8枚"
3000504,七飯町産 どら焼き 詰め合わせ 12個,9,013374,菓子・スイーツ / 12個,"Confectionery and sweets from Hokkaido, 12個"
3000505,新潟県 ヘアケア シャンプー 500ml×2本,22,152188,化粧品・美容 / 500ml×2本,"Cosmetics and beauty from Niigata, 500ml×2本"
3000506,塩竈市産 いくら醤油漬け 500g,2,042030,魚介類・海産物 / 500g,"Seafood from Miyagi, 500g"
3000507,京都府 磁器 湯呑 2客,19,262111,陶磁器・ガラス / 2客,"Ceramics and glassware from Kyoto, 2客"
3000508,神津島村産 バウムクーヘン 4個,9,133647,菓子・スイーツ / 4個,"Confectionery and sweets from Tokyo, 4個"
3000509,石川県 直火用 土鍋 1個,19,174611,陶磁器・ガラス / 1個,"Ceramics and glassware from Ishikawa, 1個"
3000510,菊川市産 サンふじりんご 10kg,4,222241,果物 / 10kg,"Fruit from Shizuoka, 10kg"
3000511,静岡県産 サンふじりんご 10kg,4,222232,果物 / 10kg,"Fruit from Shizuoka, 10kg"
3000512,岐阜県 漆器 伝統工芸 5客,18,214213,工芸品・民芸品 / 5客,"Crafts and folk art from Gifu, 5客"
3000513,"愛知県 宿泊利用券 10,000円分",27,232068,"旅行券・宿泊券 / 10,000円分","Travel and accommodation vouchers from Aichi, 10,000円分"
3000514,奈良県 シルクスカーフ 1枚,21,292044,繊維・衣類 / 1枚,"Textiles and apparel from Nara, 1枚"
3000515,山形県産 あまおういちご 540g,4,063673,果物 / 540g,"Fruit from Yamagata, 540g"
3000516,北海道産 生乳100%牛乳 1L×12本,6,013919,卵・乳製品 / 1L×12本,"Eggs and dairy from Hokkaido, 1L×12本"
3000517,兵庫県産 サーモン 刺身用 1kg,2,282103,魚介類・海産物 / 1kg,"Seafood from Hyogo, 1kg"
3000518,石川県産 季節限定 生酒 720ml×2本,10,172111,日本酒 / 720ml×2本,"Sake from Ishikawa, 720ml×2本"
3000519,茨城県産 あきたこまち 精米 5kg,3,082309,米・パン / 5kg,"Rice and bread from Ibaraki, 5kg"
3000520,香川県産 豚ロース しゃぶしゃぶ用 2kg,1,372081,肉・肉加工品 / 2kg,"Meat and meat products from Kagawa, 2kg"
3000521,利府町産 つや姫 精米 10kg,3,044067,米・パン / 10kg,"Rice and bread from Miyagi, 10kg"
3000522,山形県産 食パン 詰め合わせ 3斤,3,063410,米・パン / 3斤,"Rice and bread from Yamagata, 3斤"
3000523,石垣市 温泉旅館 ペア宿泊券 1泊2食付,27,472077,旅行券・宿泊券 / 1泊2食付,"Travel and accommodation vouchers from Okinawa, 1泊2食付"
3000524,千葉県産 ずわいがに 脚 1.2kg,2,124095,魚介類・海産物 / 1.2kg,"Seafood from Chiba, 1.2kg"
3000525,千葉県産 乾燥しいたけ 500g,5,122297,野菜・きのこ / 500g,"Vegetables and mushrooms from Chiba, 500g"
3000526,茨城県産 紅はるか さつまいも 5kg,5,083097,野菜・きのこ / 5kg,"Vegetables and mushrooms from Ibaraki, 5kg"
3000527,奈良県 伝統こけし 1体,18,294420,工芸品・民芸品 / 1体,"Crafts and folk art from Nara, 1体"
3000528,燕市産 稲庭うどん 800g,7,152137,麺類 / 800g,"Noodles from Niigata, 800g"
3000529,南城市産 のどぐろ 干物 5枚,2,472158,魚介類・海産物 / 5枚,"Seafood from Okinawa, 5枚"
3000530,茨城県産 高糖度トマト 3kg,5,082074,野菜・きのこ / 3kg,"Vegetables and mushrooms from Ibaraki, 3kg"
3000531,成田市産 明太子 切子 1kg,2,122114,魚介類・海産物 / 1kg,"Seafood from Chiba, 1kg"
3000532,福島県産 純米大吟醸 1.8L,10,072044,日本酒 / 1.8L,"Sake from Fukushima, 1.8L"
3000533,長野県産 さくらんぼ 佐藤錦 1kg,4,204480,果物 / 1kg,"Fruit from Nagano, 1kg"
3000534,加須市産 国産紅茶 50g×4袋,14,112101,茶・コーヒー / 50g×4袋,"Tea and coffee from Saitama, 50g×4袋"
3000535,長野県産 サンふじりんご 10kg,4,204099,果物 / 10kg,"Fruit from Nagano, 10kg"
3000536,斜里町産 とうもろこし 12本,5,015458,野菜・きのこ / 12本,"Vegetables and mushrooms from Hokkaido, 12本"
3000537,大分県産 米焼酎 飲み比べ 720ml×3本,11,442038,焼酎・泡盛 / 720ml×3本,"Shochu and awamori from Oita, 720ml×3本"
3000538,長野県産 生ラーメン セット 10食,7,204099,麺類 / 10食,"Noodles from Nagano, 10食"
3000539,群馬県産 国産小麦パスタ 10袋,7,102083,麺類 / 10袋,"Noodles from Gunma, 10袋"
3000540,青森市産 富有柿 5kg,4,022012,果物 / 5kg,"Fruit from Aomori, 5kg"
3000541,香川県産 ベーコン・ソーセージセット 1.8kg,1,374067,肉・肉加工品 / 1.8kg,"Meat and meat products from Kagawa, 1.8kg"
3000542,北海道産 和牛 焼肉セット 1kg,1,016471,肉・肉加工品 / 1kg,"Meat and meat products from Hokkaido, 1kg"
3000543,芦別市 陶芸 体験チケット 2名,28,012165,体験・チケット / 2名,"Experiences and tickets from Hokkaido, 2名"
3000544,青森県 ガラス酒器 1式,19,022021,陶磁器・ガラス / 1式,"Ceramics and glassware from Aomori, 1式"
3000545,魚沼市産 つや姫 精米 10kg,3,152251,米・パン / 10kg,"Rice and bread from Niigata, 10kg"
3000546,福岡県産 黒毛和牛 サーロインステーキ 400g,1,402133,肉・肉加工品 / 400g,"Meat and meat products from Fukuoka, 400g"
3000547,長門市産 いくら醤油漬け 250g,2,352110,魚介類・海産物 / 250g,"Seafood from Yamaguchi, 250g"
3000548,大阪府産 佃煮 詰め合わせ 5種,8,272132,惣菜・加工品 / 5種,"Prepared and processed foods from Osaka, 5種"
3000549,豊山町産 味噌 詰め合わせ 1kg×2個,16,233421,調味料・油 / 1kg×2個,"Seasonings and oils from Aichi, 1kg×2個"
3000550,新宮町産 プリン 詰め合わせ 8個,9,403458,菓子・スイーツ / 8個,"Confectionery and sweets from Fukuoka, 8個"
3000551,長野県 靴下 詰め合わせ 10足,21,202029,繊維・衣類 / 10足,"Textiles and apparel from Nagano, 10足"
3000552,岡山県産 完熟マンゴー 2kg,4,332143,果物 / 2kg,"Fruit from Okayama, 2kg"
3000553,野迫川村 靴下 詰め合わせ 10足,21,294471,繊維・衣類 / 10足,"Textiles and apparel from Nara, 10足"
3000554,福島県産 冷凍餃子 50個,8,075477,惣菜・加工品 / 50個,"Prepared and processed foods from Fukushima, 50個"
3000555,茨城県産 高糖度トマト 2kg,5,082112,野菜・きのこ / 2kg,"Vegetables and mushrooms from Ibaraki, 2kg"
3000556,福岡県産 干物 詰め合わせ 12枚,2,402117,魚介類・海産物 / 12枚,"Seafood from Fukuoka, 12枚"
3000557,愛媛県産 ほたて貝柱 冷凍 500g,2,382078,魚介類・海産物 / 500g,"Seafood from Ehime, 500g"
3000558,福岡県産 稲庭うどん 800g,7,402133,麺類 / 800g,"Noodles from Fukuoka, 800g"
3000559,愛知県 木製食器セット 4点,20,232017,木工品・家具 / 4点,"Woodwork and furniture from Aichi, 4点"
3000560,高知県産 本格芋焼酎 900ml×2本,11,392065,焼酎・泡盛 / 900ml×2本,"Shochu and awamori from Kochi, 900ml×2本"
3000561,宮崎県産 長期貯蔵 麦焼酎 1.8L,11,453412,焼酎・泡盛 / 1.8L,"Shochu and awamori from Miyazaki, 1.8L"
3000562,北海道産 プリン 詰め合わせ 8個,9,015491,菓子・スイーツ / 8個,"Confectionery and sweets from Hokkaido, 8個"
3000563,兵庫県産 純米大吟醸 1.8L,10,282090,日本酒 / 1.8L,"Sake from Hyogo, 1.8L"
3000564,長野県産 温州みかん 5kg,4,204153,果物 / 5kg,"Fruit from Nagano, 5kg"
3000565,東京都 果物狩り 体験チケット 2名,28,133086,体験・チケット / 2名,"Experiences and tickets from Tokyo, 2名"
3000566,鳥取県 木製食器セット 4点,20,312037,木工品・家具 / 4点,"Woodwork and furniture from Tottori, 4点"
3000567,佐賀県産 干物 詰め合わせ 8枚,2,412040,魚介類・海産物 / 8枚,"Seafood from Saga, 8枚"
3000568,群馬県産 銘柄鶏 もも肉 3kg,1,102067,肉・肉加工品 / 3kg,"Meat and meat products from Gunma, 3kg"
3000569,徳島県産 生ラーメン セット 16食,7,362018,麺類 / 16食,"Noodles from Tokushima, 16食"
3000570,留寿都村産 飲むヨーグルト 900ml×6本,6,013978,卵・乳製品 / 900ml×6本,"Eggs and dairy from Hokkaido, 900ml×6本"
3000571,中央市産 温州みかん 5kg,4,192147,果物 / 5kg,"Fruit from Yamanashi, 5kg"
3000572,小林市産 レトルトカレー 詰め合わせ 16食,8,452050,惣菜・加工品 / 16食,"Prepared and processed foods from Miyazaki, 16食"
3000573,鹿児島県産 長期貯蔵 麦焼酎 1.8L,11,462012,焼酎・泡盛 / 1.8L,"Shochu and awamori from Kagoshima, 1.8L"
3000574,山梨県産 幸水梨 7kg,4,192040,果物 / 7kg,"Fruit from Yamanashi, 7kg"
3000575,井手町 竹細工かご 1点,18,263435,工芸品・民芸品 / 1点,"Crafts and folk art from Kyoto, 1点"
3000576,大阪府産 燻製 詰め合わせ 5種,8,273830,惣菜・加工品 / 5種,"Prepared and processed foods from Osaka, 5種"
3000577,愛知県産 味付からあげ 1kg,8,232068,惣菜・加工品 / 1kg,"Prepared and processed foods from Aichi, 1kg"
3000578,埼玉県産 ドリップコーヒー 100袋,14,112399,茶・コーヒー / 100袋,"Tea and coffee from Saitama, 100袋"
3000579,大分県産 バウムクーヘン 2個,9,442143,菓子・スイーツ / 2個,"Confectionery and sweets from Oita, 2個"
3000580,熊本県産 黒毛和牛 切り落とし 500g,1,432024,肉・肉加工品 / 500g,"Meat and meat products from Kumamoto, 500g"
3000581,埼玉県産 佃煮 詰め合わせ 5種,8,113620,惣菜・加工品 / 5種,"Prepared and processed foods from Saitama, 5種"
3000582,熊本県産 メロン 秀品 1玉,4,432059,果物 / 1玉,"Fruit from Kumamoto, 1玉"
3000583,千葉県産 ほたて貝柱 冷凍 1kg,2,122041,魚介類・海産物 / 1kg,"Seafood from Chiba, 1kg"
3000584,群馬県産 十割そば 16食,7,104647,麺類 / 16食,"Noodles from Gunma, 16食"
3000585,熊本県産 メロン 秀品 2玉,4,432105,果物 / 2玉,"Fruit from Kumamoto, 2玉"
3000586,山梨県産 天然水 炭酸水 500ml×24本,15,192015,飲料・ジュース / 500ml×24本,"Beverages and juice from Yamanashi, 500ml×24本"
3000587,長崎県産 明太子 切子 1kg,2,423211,魚介類・海産物 / 1kg,"Seafood from Nagasaki, 1kg"
3000588,千歳市産 紅はるか さつまいも 10kg,5,012246,野菜・きのこ / 10kg,"Vegetables and mushrooms from Hokkaido, 10kg"
3000589,上富田町産 完熟マンゴー 2kg,4,304042,果物 / 2kg,"Fruit from Wakayama, 2kg"
3000590,伊勢原市 トイレットペーパー 72ロール,23,142140,日用品・雑貨 / 72ロール,"Household goods from Kanagawa, 72ロール"
3000591,奈良県 デニムジーンズ 1本,21,292044,繊維・衣類 / 1本,"Textiles and apparel from Nara, 1本"
3000592,山形県産 純米吟醸 飲み比べ 720ml×3本,10,062081,日本酒 / 720ml×3本,"Sake from Yamagata, 720ml×3本"
3000593,鹿児島県 打刃物 包丁 2本,18,462012,工芸品・民芸品 / 2本,"Crafts and folk art from Kagoshima, 2本"
3000594,佐賀県 陶器 マグカップ 2個,19,412058,陶磁器・ガラス / 2個,"Ceramics and glassware from Saga, 2個"
3000595,兵庫県産 和菓子 詰め合わせ 12個,9,282103,菓子・スイーツ / 12個,"Confectionery and sweets from Hyogo, 12個"
3000596,妹背牛町産 チーズ 詰め合わせ 6種,6,014338,卵・乳製品 / 6種,"Eggs and dairy from Hokkaido, 6種"
3000597,富山県産 特別純米酒 720ml×2本,10,162027,日本酒 / 720ml×2本,"Sake from Toyama, 720ml×2本"
3000598,神奈川県 洗剤 詰め合わせ 1式,23,143839,日用品・雑貨 / 1式,"Household goods from Kanagawa, 1式"
3000599,群馬県産 黒毛和牛 サーロインステーキ 150g×3枚,1,102121,肉・肉加工品 / 150g×3枚,"Meat and meat products from Gunma, 150g×3枚"
3000600,山口県産 季節限定 生酒 720ml×2本,10,352101,日本酒 / 720ml×2本,"Sake from Yamaguchi, 720ml×2本"
3000601,倉吉市産 黒毛和牛 切り落とし 1kg,1,312037,肉・肉加工品 / 1kg,"Meat and meat products from Tottori, 1kg"
3000602,大洲市産 あじ開き 10枚,2,382078,魚介類・海産物 / 10枚,"Seafood from Ehime, 10枚"
3000603,猪苗代町産 乾燥しいたけ 300g,5,074080,野菜・きのこ / 300g,"Vegetables and mushrooms from Fukushima, 300g"
3000604,塩尻市 登山用リュック 1個,26,202151,スポーツ・アウトドア / 1個,"Sports and outdoor from Nagano, 1個"
3000605,日高市産 どら焼き 詰め合わせ 12個,9,112429,菓子・スイーツ / 12個,"Confectionery and sweets from Saitama, 12個"
3000606,南種子町産 ほたて貝柱 冷凍 1kg,2,465020,魚介類・海産物 / 1kg,"Seafood from Kagoshima, 1kg"
3000607,和歌山県産 ぽん酢・ドレッシング 5本,16,303445,調味料・油 / 5本,"Seasonings and oils from Wakayama, 5本"
3000608,青森県産 完熟マンゴー 2kg,4,022012,果物 / 2kg,"Fruit from Aomori, 2kg"
3000609,田子町産 高糖度トマト 3kg,5,024431,野菜・きのこ / 3kg,"Vegetables and mushrooms from Aomori, 3kg"
3000610,"茨城県 宿泊利用券 10,000円分",27,082147,"旅行券・宿泊券 / 10,000円分","Travel and accommodation vouchers from Ibaraki, 10,000円分"
3000611,埼玉県産 どら焼き 詰め合わせ 12個,9,112097,菓子・スイーツ / 12個,"Confectionery and sweets from Saitama, 12個"
3000612,福島県産 季節限定 生酒 720ml×2本,10,072079,日本酒 / 720ml×2本,"Sake from Fukushima, 720ml×2本"
3000613,岐阜県 打刃物 包丁 1本,18,212091,工芸品・民芸品 / 1本,"Crafts and folk art from Gifu, 1本"
3000614,栃木県 国産材 積み木 1式,25,092088,文具・玩具 / 1式,"Stationery and toys from Tochigi, 1式"
3000615,京都府 漆器 伝統工芸 5客,18,261009,工芸品・民芸品 / 5客,"Crafts and folk art from Kyoto, 5客"
3000616,日向市産 あまおういちご 540g,4,452068,果物 / 540g,"Fruit from Miyazaki, 540g"
3000617,茨城県 入浴剤 詰め合わせ 30回分,22,082325,化粧品・美容 / 30回分,"Cosmetics and beauty from Ibaraki, 30回分"
3000618,千葉県 包丁研ぎ器 1個,23,122220,日用品・雑貨 / 1個,"Household goods from Chiba, 1個"
3000619,宮崎県産 泡盛 古酒 720ml,11,452076,焼酎・泡盛 / 720ml,"Shochu and awamori from Miyazaki, 720ml"
3000620,大阪府産 冷凍餃子 50個,8,272060,惣菜・加工品 / 50個,"Prepared and processed foods from Osaka, 50個"
3000621,神奈川県 海産物 定期便 毎月×6回,17,142166,定期便 / 毎月×6回,"Subscription deliveries from Kanagawa, 毎月×6回"
3000622,新潟県産 特別栽培米 玄米 20kg,3,152251,米・パン / 20kg,"Rice and bread from Niigata, 20kg"
3000623,軽井沢町産 高糖度トマト 2kg,5,203211,野菜・きのこ / 2kg,"Vegetables and mushrooms from Nagano, 2kg"
3000624,北海道 多肉植物 セット 6鉢,29,012289,花・観葉植物 / 6鉢,"Flowers and plants from Hokkaido, 6鉢"
3000625,兵庫県産 純米吟醸 飲み比べ 720ml×3本,10,282243,日本酒 / 720ml×3本,"Sake from Hyogo, 720ml×3本"
3000626,京都府産 漬物 詰め合わせ 6種,8,262129,惣菜・加工品 / 6種,"Prepared and processed foods from Kyoto, 6種"
3000627,岐阜県 木製カッティングボード 1枚,20,212105,木工品・家具 / 1枚,"Woodwork and furniture from Gifu, 1枚"
3000628,埼玉県産 自家焙煎コーヒー豆 200g×3袋,14,112348,茶・コーヒー / 200g×3袋,"Tea and coffee from Saitama, 200g×3袋"
3000629,京都府産 国産紅茶 50g×4袋,14,262137,茶・コーヒー / 50g×4袋,"Tea and coffee from Kyoto, 50g×4袋"
3000630,茨城県産 佃煮 詰め合わせ 5種,8,082163,惣菜・加工品 / 5種,"Prepared and processed foods from Ibaraki, 5種"
3000631,穴水町産 のどぐろ 干物 5枚,2,174611,魚介類・海産物 / 5枚,"Seafood from Ishikawa, 5枚"
3000632,新郷村産 アスパラガス 2kg,5,024503,野菜・きのこ / 2kg,"Vegetables and mushrooms from Aomori, 2kg"
3000633,椎葉村産 本格芋焼酎 1.8L,11,454303,焼酎・泡盛 / 1.8L,"Shochu and awamori from Miyazaki, 1.8L"
3000634,静岡県産 煎茶 詰め合わせ 100g×3袋,14,222267,茶・コーヒー / 100g×3袋,"Tea and coffee from Shizuoka, 100g×3袋"
3000635,栗東市 デニムジーンズ 1本,21,252085,繊維・衣類 / 1本,"Textiles and apparel from Shiga, 1本"
3000636,長野県産 男爵じゃがいも 20kg,5,202151,野菜・きのこ / 20kg,"Vegetables and mushrooms from Nagano, 20kg"
3000637,宮城県産 いくら醤油漬け 500g,2,042081,魚介類・海産物 / 500g,"Seafood from Miyagi, 500g"
3000638,宮崎県 果物狩り 体験チケット 2名,28,452017,体験・チケット / 2名,"Experiences and tickets from Miyazaki, 2名"
3000639,埼玉県産 漬物 詰め合わせ 6種,8,111007,惣菜・加工品 / 6種,"Prepared and processed foods from Saitama, 6種"
3000640,兵庫県産 のどぐろ 干物 5枚,2,282227,魚介類・海産物 / 5枚,"Seafood from Hyogo, 5枚"
3000641,岐阜県 直火用 土鍋 1個,19,212016,陶磁器・ガラス / 1個,"Ceramics and glassware from Gifu, 1個"
3000642,稚内市産 銘柄鶏 もも肉 4kg,1,012149,肉・肉加工品 / 4kg,"Meat and meat products from Hokkaido, 4kg"
3000643,岐阜県 打刃物 包丁 2本,18,213624,工芸品・民芸品 / 2本,"Crafts and folk art from Gifu, 2本"
3000644,米子市産 幸水梨 5kg,4,312029,果物 / 5kg,"Fruit from Tottori, 5kg"
3000645,秋田県産 スモーク鴨ロース 600g,1,052027,肉・肉加工品 / 600g,"Meat and meat products from Akita, 600g"
3000646,裾野市 国産材 積み木 1式,25,222208,文具・玩具 / 1式,"Stationery and toys from Shizuoka, 1式"
3000647,石川県 ガラス酒器 1式,19,172120,陶磁器・ガラス / 1式,"Ceramics and glassware from Ishikawa, 1式"
3000648,埼玉県産 国産紅茶 50g×4袋,14,112259,茶・コーヒー / 50g×4袋,"Tea and coffee from Saitama, 50g×4袋"
3000649,蟹江町産 どら焼き 詰め合わせ 12個,9,234257,菓子・スイーツ / 12個,"Confectionery and sweets from Aichi, 12個"
3000650,館山市産 果汁100%ジュース 1L×6本,15,122050,飲料・ジュース / 1L×6本,"Beverages and juice from Chiba, 1L×6本"
3000651,岐阜県 木製カッティングボード 2枚,20,213616,木工品・家具 / 2枚,"Woodwork and furniture from Gifu, 2枚"
3000652,埼玉県産 和菓子 詰め合わせ 20個,9,114651,菓子・スイーツ / 20個,"Confectionery and sweets from Saitama, 20個"
3000653,京都府 スキンケアセット 1式,22,263443,化粧品・美容 / 1式,"Cosmetics and beauty from Kyoto, 1式"
3000654,埼玉県産 米粉パン セット 8個,3,112216,米・パン / 8個,"Rice and bread from Saitama, 8個"
3000655,鹿児島県産 とうもろこし 12本,5,464520,野菜・きのこ / 12本,"Vegetables and mushrooms from Kagoshima, 12本"
3000656,熊本県産 メロン 秀品 1玉,4,435147,果物 / 1玉,"Fruit from Kumamoto, 1玉"
3000657,長野県産 スパークリングワイン 750ml×2本,13,204072,ワイン / 750ml×2本,"Wine from Nagano, 750ml×2本"
3000658,新潟県産 天然水 炭酸水 500ml×24本,15,152188,飲料・ジュース / 500ml×24本,"Beverages and juice from Niigata, 500ml×24本"
3000659,福岡市産 生ラーメン セット 16食,7,401307,麺類 / 16食,"Noodles from Fukuoka, 16食"
3000660,藤井寺市 洗剤 詰め合わせ 1式,23,272264,日用品・雑貨 / 1式,"Household goods from Osaka, 1式"
3000661,茨城県産 黒毛和牛 サーロインステーキ 150g×3枚,1,082341,肉・肉加工品 / 150g×3枚,"Meat and meat products from Ibaraki, 150g×3枚"
3000662,高知県産 生うに 100g,2,392065,魚介類・海産物 / 100g,"Seafood from Kochi, 100g"
3000663,伊勢原市 国産ペットフード 2kg,30,142140,ペット用品 / 2kg,"Pet supplies from Kanagawa, 2kg"
3000664,市川市産 天然水 炭酸水 500ml×48本,15,122033,飲料・ジュース / 500ml×48本,"Beverages and juice from Chiba, 500ml×48本"
3000665,瀬戸市産 えごま油・亜麻仁油 180g×2本,16,232041,調味料・油 / 180g×2本,"Seasonings and oils from Aichi, 180g×2本"
3000666,群馬県 陶器 マグカップ 2個,19,104256,陶磁器・ガラス / 2個,"Ceramics and glassware from Gunma, 2個"
3000667,群馬県産 冷凍餃子 100個,8,105236,惣菜・加工品 / 100個,"Prepared and processed foods from Gunma, 100個"
3000668,さいたま市産 和菓子 詰め合わせ 12個,9,111007,菓子・スイーツ / 12個,"Confectionery and sweets from Saitama, 12個"
3000669,曽爾村 シルクスカーフ 1枚,21,293857,繊維・衣類 / 1枚,"Textiles and apparel from Nara, 1枚"
3000670,武蔵村山市 トイレットペーパー 72ロール,23,132233,日用品・雑貨 / 72ロール,"Household goods from Tokyo, 72ロール"
3000671,福岡県 綿100% 寝具カバー 1式,21,402168,繊維・衣類 / 1式,"Textiles and apparel from Fukuoka, 1式"
3000672,兵庫県産 カステラ 詰め合わせ 2本,9,282197,菓子・スイーツ / 2本,"Confectionery and sweets from Hyogo, 2本"
3000673,北海道産 和菓子 詰め合わせ 12個,9,015474,菓子・スイーツ / 12個,"Confectionery and sweets from Hokkaido, 12個"
3000674,愛知県産 味噌 詰め合わせ 1kg×3個,16,232246,調味料・油 / 1kg×3個,"Seasonings and oils from Aichi, 1kg×3個"
3000675,福岡県産 のどぐろ 干物 3枚,2,402028,魚介類・海産物 / 3枚,"Seafood from Fukuoka, 3枚"
3000676,大阪府産 チーズケーキ 2台,9,272256,菓子・スイーツ / 2台,"Confectionery and sweets from Osaka, 2台"
3000677,山形県 スキンケアセット 1式,22,062022,化粧品・美容 / 1式,"Cosmetics and beauty from Yamagata, 1式"
3000678,北海道産 あじ開き 20枚,2,015121,魚介類・海産物 / 20枚,"Seafood from Hokkaido, 20枚"
3000679,長野県産 稲庭うどん 800g,7,204048,麺類 / 800g,"Noodles from Nagano, 800g"
3000680,埼玉県産 米粉パン セット 8個,3,112160,米・パン / 8個,"Rice and bread from Saitama, 8個"
3000681,神奈川県 胡蝶蘭 鉢植え 1鉢,29,144011,花・観葉植物 / 1鉢,"Flowers and plants from Kanagawa, 1鉢"
3000682,観音寺市産 十割そば 16食,7,372056,麺類 / 16食,"Noodles from Kagawa, 16食"
3000683,東京都 万年筆 1本,25,131156,文具・玩具 / 1本,"Stationery and toys from Tokyo, 1本"
3000684,岩出市産 サンふじりんご 5kg,4,302091,果物 / 5kg,"Fruit from Wakayama, 5kg"
3000685,岐阜県 入浴剤 詰め合わせ 30回分,22,212059,化粧品・美容 / 30回分,"Cosmetics and beauty from Gifu, 30回分"
3000686,"沖縄県 宿泊利用券 50,000円分",27,473111,"旅行券・宿泊券 / 50,000円分","Travel and accommodation vouchers from Okinawa, 50,000円分"
3000687,北海道産 バウムクーヘン 4個,9,016446,菓子・スイーツ / 4個,"Confectionery and sweets from Hokkaido, 4個"
3000688,群馬県産 銘柄鶏 もも肉 3kg,1,102091,肉・肉加工品 / 3kg,"Meat and meat products from Gunma, 3kg"
3000689,兵庫県産 プリン 詰め合わせ 12個,9,282243,菓子・スイーツ / 12個,"Confectionery and sweets from Hyogo, 12個"
3000690,鎌ケ谷市産 季節の野菜 詰め合わせ 15品目,5,122246,野菜・きのこ / 15品目,"Vegetables and mushrooms from Chiba, 15品目"
3000691,西粟倉村 ガラス酒器 1式,19,336432,陶磁器・ガラス / 1式,"Ceramics and glassware from Okayama, 1式"
3000692,徳島県 デニムジーンズ 1本,21,363022,繊維・衣類 / 1本,"Textiles and apparel from Tokushima, 1本"
3000693,静岡県産 レトルトカレー 詰め合わせ 10食,8,222151,惣菜・加工品 / 10食,"Prepared and processed foods from Shizuoka, 10食"
3000694,北海道産 男爵じゃがいも 10kg,5,015814,野菜・きのこ / 10kg,"Vegetables and mushrooms from Hokkaido, 10kg"
3000695,茅野市産 レトルトカレー 詰め合わせ 16食,8,202142,惣菜・加工品 / 16食,"Prepared and processed foods from Nagano, 16食"
3000696,多度津町産 生ラーメン セット 10食,7,374041,麺類 / 10食,"Noodles from Kagawa, 10食"
3000697,福島県産 米粉パン セット 12個,3,075469,米・パン / 12個,"Rice and bread from Fukushima, 12個"
3000698,福島県産 乾燥しいたけ 300g,5,072052,野菜・きのこ / 300g,"Vegetables and mushrooms from Fukushima, 300g"
3000699,福岡県産 チーズケーキ 2台,9,402257,菓子・スイーツ / 2台,"Confectionery and sweets from Fukuoka, 2台"
3000700,沖縄県産 サンふじりんご 10kg,4,473537,果物 / 10kg,"Fruit from Okinawa, 10kg"
3000701,大分県産 佃煮 詰め合わせ 5種,8,442135,惣菜・加工品 / 5種,"Prepared and processed foods from Oita, 5種"
3000702,長野県産 サンふじりんご 5kg,4,202185,果物 / 5kg,"Fruit from Nagano, 5kg"
3000703,福島県産 つや姫 精米 5kg,3,072141,米・パン / 5kg,"Rice and bread from Fukushima, 5kg"
3000704,香川県 ノート 詰め合わせ 10冊,25,372072,文具・玩具 / 10冊,"Stationery and toys from Kagawa, 10冊"
3000705,"神奈川県 宿泊利用券 30,000円分",27,142042,"旅行券・宿泊券 / 30,000円分","Travel and accommodation vouchers from Kanagawa, 30,000円分"
3000706,鹿児島県産 生うに 100g,2,462063,魚介類・海産物 / 100g,"Seafood from Kagoshima, 100g"
3000707,神奈川県産 プリン 詰め合わせ 8個,9,142085,菓子・スイーツ / 8個,"Confectionery and sweets from Kanagawa, 8個"
3000708,"大町市 観光施設 利用券 5,000円分",27,202126,"旅行券・宿泊券 / 5,000円分","Travel and accommodation vouchers from Nagano, 5,000円分"
3000709,栃木県産 レトルトカレー 詰め合わせ 10食,8,093459,惣菜・加工品 / 10食,"Prepared and processed foods from Tochigi, 10食"
3000710,熊本県産 厚切り牛タン 900g,1,432130,肉・肉加工品 / 900g,"Meat and meat products from Kumamoto, 900g"
3000711,熊本県産 高糖度トマト 2kg,5,435121,野菜・きのこ / 2kg,"Vegetables and mushrooms from Kumamoto, 2kg"
3000712,兵庫県産 あじ開き 10枚,2,282081,魚介類・海産物 / 10枚,"Seafood from Hyogo, 10枚"
3000713,"北中城村 宿泊利用券 30,000円分",27,473278,"旅行券・宿泊券 / 30,000円分","Travel and accommodation vouchers from Okinawa, 30,000円分"
3000714,島根県産 和菓子 詰め合わせ 12個,9,322024,菓子・スイーツ / 12個,"Confectionery and sweets from Shimane, 12個"
3000715,熊本県産 完熟マンゴー 1kg,4,434337,果物 / 1kg,"Fruit from Kumamoto, 1kg"
3000716,朝霞市産 ドリップコーヒー 50袋,14,112275,茶・コーヒー / 50袋,"Tea and coffee from Saitama, 50袋"
3000717,広島県産 ほたて貝柱 冷凍 1kg,2,342050,魚介類・海産物 / 1kg,"Seafood from Hiroshima, 1kg"
3000718,山形県産 特別純米酒 720ml×2本,10,063657,日本酒 / 720ml×2本,"Sake from Yamagata, 720ml×2本"
3000719,大垣市 ガラス酒器 1式,19,212024,陶磁器・ガラス / 1式,"Ceramics and glassware from Gifu, 1式"
3000720,福岡県産 和牛 焼肉セット 1kg,1,402044,肉・肉加工品 / 1kg,"Meat and meat products from Fukuoka, 1kg"
3000721,埼玉県産 チーズケーキ 1台,9,112330,菓子・スイーツ / 1台,"Confectionery and sweets from Saitama, 1台"
3000722,鎌倉市産 煎茶 詰め合わせ 100g×3袋,14,142042,茶・コーヒー / 100g×3袋,"Tea and coffee from Kanagawa, 100g×3袋"
3000723,藤枝市産 自家焙煎コーヒー豆 200g×3袋,14,222143,茶・コーヒー / 200g×3袋,"Tea and coffee from Shizuoka, 200g×3袋"
3000724,神津島村 国産材 積み木 1式,25,133647,文具・玩具 / 1式,"Stationery and toys from Tokyo, 1式"
3000725,都留市産 スパークリングワイン 750ml×2本,13,192040,ワイン / 750ml×2本,"Wine from Yamanashi, 750ml×2本"
3000726,福島県産 純米吟醸 飲み比べ 720ml×3本,10,072010,日本酒 / 720ml×3本,"Sake from Fukushima, 720ml×3本"
3000727,三重県産 ジェラート 詰め合わせ 12個,9,242110,菓子・スイーツ / 12個,"Confectionery and sweets from Mie, 12個"
3000728,石川県 竹細工かご 1点,18,172111,工芸品・民芸品 / 1点,"Crafts and folk art from Ishikawa, 1点"
3000729,安平町産 のどぐろ 干物 5枚,2,015857,魚介類・海産物 / 5枚,"Seafood from Hokkaido, 5枚"
3000730,龍ケ崎市産 乾燥しいたけ 500g,5,082082,野菜・きのこ / 500g,"Vegetables and mushrooms from Ibaraki, 500g"
3000731,島根県 スキンケアセット 1式,22,325058,化粧品・美容 / 1式,"Cosmetics and beauty from Shimane, 1式"
3000732,広島県 打刃物 包丁 2本,18,342041,工芸品・民芸品 / 2本,"Crafts and folk art from Hiroshima, 2本"
3000733,豊能町産 冷凍餃子 100個,8,273210,惣菜・加工品 / 100個,"Prepared and processed foods from Osaka, 100個"
3000734,智頭町産 食パン 詰め合わせ 3斤,3,313289,米・パン / 3斤,"Rice and bread from Tottori, 3斤"
3000735,和歌山県産 シャインマスカット 4房,4,303445,果物 / 4房,"Fruit from Wakayama, 4房"
3000736,北海道産 アイスクリーム 詰め合わせ 12個,6,016411,卵・乳製品 / 12個,"Eggs and dairy from Hokkaido, 12個"
3000737,栃木県産 ドリップコーヒー 100袋,14,093840,茶・コーヒー / 100袋,"Tea and coffee from Tochigi, 100袋"
3000738,長野県産 生ラーメン セット 16食,7,202088,麺類 / 16食,"Noodles from Nagano, 16食"
3000739,藤沢市 トイレットペーパー 72ロール,23,142051,日用品・雑貨 / 72ロール,"Household goods from Kanagawa, 72ロール"
3000740,東京都 タオル 詰め合わせ 10枚,23,131211,日用品・雑貨 / 10枚,"Household goods from Tokyo, 10枚"
3000741,北海道産 高糖度トマト 2kg,5,014877,野菜・きのこ / 2kg,"Vegetables and mushrooms from Hokkaido, 2kg"
3000742,匝瑳市産 ずわいがに 脚 1.2kg,2,122351,魚介類・海産物 / 1.2kg,"Seafood from Chiba, 1.2kg"
3000743,兵庫県産 純米吟醸 飲み比べ 720ml×3本,10,282227,日本酒 / 720ml×3本,"Sake from Hyogo, 720ml×3本"
3000744,横浜市産 チーズケーキ 1台,9,141003,菓子・スイーツ / 1台,"Confectionery and sweets from Kanagawa, 1台"
3000745,長野県産 スパークリングワイン 750ml×2本,13,204293,ワイン / 750ml×2本,"Wine from Nagano, 750ml×2本"
3000746,愛知県産 佃煮 詰め合わせ 5種,8,232343,惣菜・加工品 / 5種,"Prepared and processed foods from Aichi, 5種"
3000747,沖縄県産 富有柿 5kg,4,473626,果物 / 5kg,"Fruit from Okinawa, 5kg"
3000748,音威子府村産 バウムクーヘン 4個,9,014702,菓子・スイーツ / 4個,"Confectionery and sweets from Hokkaido, 4個"
3000749,燕市 靴下 詰め合わせ 10足,21,152137,繊維・衣類 / 10足,"Textiles and apparel from Niigata, 10足"
3000750,新冠町産 ずわいがに 脚 800g,2,016047,魚介類・海産物 / 800g,"Seafood from Hokkaido, 800g"
3000751,筑後市産 ボイル毛がに 2尾,2,402117,魚介類・海産物 / 2尾,"Seafood from Fukuoka, 2尾"
3000752,北海道産 平飼いたまご 30個,6,012319,卵・乳製品 / 30個,"Eggs and dairy from Hokkaido, 30個"
3000753,千葉県産 あじ開き 20枚,2,124249,魚介類・海産物 / 20枚,"Seafood from Chiba, 20枚"
3000754,名古屋市産 冷凍スムージー 12本,15,231002,飲料・ジュース / 12本,"Beverages and juice from Aichi, 12本"
3000755,和歌山県産 サンふじりんご 10kg,4,302066,果物 / 10kg,"Fruit from Wakayama, 10kg"
3000756,名護市産 泡盛 古酒 720ml,11,472093,焼酎・泡盛 / 720ml,"Shochu and awamori from Okinawa, 720ml"
3000757,大阪府産 カステラ 詰め合わせ 2本,9,272078,菓子・スイーツ / 2本,"Confectionery and sweets from Osaka, 2本"
3000758,愛知県産 味噌 詰め合わせ 1kg×3個,16,232262,調味料・油 / 1kg×3個,"Seasonings and oils from Aichi, 1kg×3個"
3000759,神奈川県 タオル 詰め合わせ 10枚,23,143219,日用品・雑貨 / 10枚,"Household goods from Kanagawa, 10枚"
3000760,河南町 トイレットペーパー 72ロール,23,273821,日用品・雑貨 / 72ロール,"Household goods from Osaka, 72ロール"
3000761,宮古島市産 長期貯蔵 麦焼酎 1.8L,11,472140,焼酎・泡盛 / 1.8L,"Shochu and awamori from Okinawa, 1.8L"
3000762,小樽市産 発酵バター 200g×5個,6,012033,卵・乳製品 / 200g×5個,"Eggs and dairy from Hokkaido, 200g×5個"
3000763,茨城県産 佃煮 詰め合わせ 5種,8,082287,惣菜・加工品 / 5種,"Prepared and processed foods from Ibaraki, 5種"
3000764,香川県産 稲庭うどん 800g,7,372048,麺類 / 800g,"Noodles from Kagawa, 800g"
3000765,京都府 陶器 マグカップ 2個,19,262072,陶磁器・ガラス / 2個,"Ceramics and glassware from Kyoto, 2個"
3000766,熊本県産 長期貯蔵 麦焼酎 1.8L,11,434043,焼酎・泡盛 / 1.8L,"Shochu and awamori from Kumamoto, 1.8L"
3000767,新潟県産 国産紅茶 50g×4袋,14,155861,茶・コーヒー / 50g×4袋,"Tea and coffee from Niigata, 50g×4袋"
3000768,佐久穂町 陶芸 体験チケット 2名,28,203092,体験・チケット / 2名,"Experiences and tickets from Nagano, 2名"
3000769,北海道 万年筆 1本,25,014583,文具・玩具 / 1本,"Stationery and toys from Hokkaido, 1本"
3000770,神奈川県産 漬物 詰め合わせ 6種,8,142107,惣菜・加工品 / 6種,"Prepared and processed foods from Kanagawa, 6種"
3000771,韮崎市 打刃物 包丁 2本,18,192074,工芸品・民芸品 / 2本,"Crafts and folk art from Yamanashi, 2本"
3000772,三好市 シルクスカーフ 1枚,21,362085,繊維・衣類 / 1枚,"Textiles and apparel from Tokushima, 1枚"
3000773,天草市産 幸水梨 7kg,4,432156,果物 / 7kg,"Fruit from Kumamoto, 7kg"
3000774,小国町産 紅はるか さつまいも 10kg,5,434248,野菜・きのこ / 10kg,"Vegetables and mushrooms from Kumamoto, 10kg"
3000775,茨城県産 漬物 詰め合わせ 10種,8,082198,惣菜・加工品 / 10種,"Prepared and processed foods from Ibaraki, 10種"
3000776,滋賀県 漆器 伝統工芸 1客,18,252123,工芸品・民芸品 / 1客,"Crafts and folk art from Shiga, 1客"
3000777,埼玉県産 燻製 詰め合わせ 5種,8,112101,惣菜・加工品 / 5種,"Prepared and processed foods from Saitama, 5種"
3000778,山梨県産 冷凍スムージー 12本,15,192121,飲料・ジュース / 12本,"Beverages and juice from Yamanashi, 12本"
3000779,北海道産 味噌 詰め合わせ 1kg×2個,16,012343,調味料・油 / 1kg×2個,"Seasonings and oils from Hokkaido, 1kg×2個"
3000780,静岡県産 冷凍餃子 100個,8,222224,惣菜・加工品 / 100個,"Prepared and processed foods from Shizuoka, 100個"
3000781,福岡県産 カステラ 詰め合わせ 2本,9,403814,菓子・スイーツ / 2本,"Confectionery and sweets from Fukuoka, 2本"
3000782,玉野市 デニムジーンズ 1本,21,332046,繊維・衣類 / 1本,"Textiles and apparel from Okayama, 1本"
3000783,嬬恋村産 半生讃岐うどん 20食,7,104256,麺類 / 20食,"Noodles from Gunma, 20食"
3000784,新潟県産 季節限定 生酒 720ml×2本,10,152111,日本酒 / 720ml×2本,"Sake from Niigata, 720ml×2本"
3000785,北海道産 乾燥しいたけ 500g,5,012076,野菜・きのこ / 500g,"Vegetables and mushrooms from Hokkaido, 500g"
3000786,大泉町産 味付からあげ 2kg,8,105244,惣菜・加工品 / 2kg,"Prepared and processed foods from Gunma, 2kg"
3000787,山形市産 完熟マンゴー 2kg,4,062014,果物 / 2kg,"Fruit from Yamagata, 2kg"
3000788,長野県産 完熟マンゴー 2kg,4,203050,果物 / 2kg,"Fruit from Nagano, 2kg"
3000789,香春町産 どら焼き 詰め合わせ 12個,9,406015,菓子・スイーツ / 12個,"Confectionery and sweets from Fukuoka, 12個"
3000790,兵庫県産 純米吟醸 飲み比べ 720ml×3本,10,282251,日本酒 / 720ml×3本,"Sake from Hyogo, 720ml×3本"
3000791,鳥取県 洗剤 詰め合わせ 1式,23,314021,日用品・雑貨 / 1式,"Household goods from Tottori, 1式"
3000792,宇和島市産 果汁100%ジュース 1L×6本,15,382035,飲料・ジュース / 1L×6本,"Beverages and juice from Ehime, 1L×6本"
3000793,つくば市産 ハンバーグ 詰め合わせ 20個,1,082201,肉・肉加工品 / 20個,"Meat and meat products from Ibaraki, 20個"
3000794,山梨県産 樽熟成 赤ワイン 750ml,13,192082,ワイン / 750ml,"Wine from Yamanashi, 750ml"
3000795,南箕輪村産 樽熟成 赤ワイン 750ml×2本,13,203858,ワイン / 750ml×2本,"Wine from Nagano, 750ml×2本"
3000796,茨城県産 紅はるか さつまいも 5kg,5,082368,野菜・きのこ / 5kg,"Vegetables and mushrooms from Ibaraki, 5kg"
3000797,山梨県産 天然水 2L×12本,15,192112,飲料・ジュース / 2L×12本,"Beverages and juice from Yamanashi, 2L×12本"
3000798,福井市産 季節限定 生酒 720ml×2本,10,182010,日本酒 / 720ml×2本,"Sake from Fukui, 720ml×2本"
3000799,愛知県 アウトドアチェア 2脚,26,233617,スポーツ・アウトドア / 2脚,"Sports and outdoor from Aichi, 2脚"
3000800,千葉県産 天然水 炭酸水 500ml×48本,15,124214,飲料・ジュース / 500ml×48本,"Beverages and juice from Chiba, 500ml×48本"
3000801,北海道産 紅はるか さつまいも 10kg,5,013374,野菜・きのこ / 10kg,"Vegetables and mushrooms from Hokkaido, 10kg"
3000802,埼玉県産 燻製 詰め合わせ 8種,8,112241,惣菜・加工品 / 8種,"Prepared and processed foods from Saitama, 8種"
3000803,栃木県 靴下 詰め合わせ 10足,21,092169,繊維・衣類 / 10足,"Textiles and apparel from Tochigi, 10足"
3000804,秋田県産 純米大吟醸 720ml,10,053660,日本酒 / 720ml,"Sake from Akita, 720ml"
3000805,宮崎県産 本格芋焼酎 1.8L,11,452068,焼酎・泡盛 / 1.8L,"Shochu and awamori from Miyazaki, 1.8L"
3000806,壬生町産 サンふじりんご 5kg,4,093611,果物 / 5kg,"Fruit from Tochigi, 5kg"
3000807,大分県産 燻製 詰め合わせ 8種,8,442089,惣菜・加工品 / 8種,"Prepared and processed foods from Oita, 8種"
3000808,美瑛町産 ずわいがに 脚 1.2kg,2,014591,魚介類・海産物 / 1.2kg,"Seafood from Hokkaido, 1.2kg"
3000809,東京都 酒蔵見学・試飲 2名,28,132276,体験・チケット / 2名,"Experiences and tickets from Tokyo, 2名"
3000810,六戸町産 とうもろこし 20本,5,024058,野菜・きのこ / 20本,"Vegetables and mushrooms from Aomori, 20本"
3000811,与謝野町産 天然水 2L×24本,15,264652,飲料・ジュース / 2L×24本,"Beverages and juice from Kyoto, 2L×24本"
3000812,綾瀬市産 バウムクーヘン 4個,9,142182,菓子・スイーツ / 4個,"Confectionery and sweets from Kanagawa, 4個"
3000813,南アルプス市 アウトドアチェア 1脚,26,192082,スポーツ・アウトドア / 1脚,"Sports and outdoor from Yamanashi, 1脚"
3000814,多賀城市産 漬物 詰め合わせ 10種,8,042099,惣菜・加工品 / 10種,"Prepared and processed foods from Miyagi, 10種"
3000815,嘉麻市産 プリン 詰め合わせ 8個,9,402273,菓子・スイーツ / 8個,"Confectionery and sweets from Fukuoka, 8個"
3000816,かつらぎ町産 幸水梨 5kg,4,303411,果物 / 5kg,"Fruit from Wakayama, 5kg"
3000817,三重県産 カステラ 詰め合わせ 3本,9,242098,菓子・スイーツ / 3本,"Confectionery and sweets from Mie, 3本"
3000818,山口県産 佃煮 詰め合わせ 5種,8,353434,惣菜・加工品 / 5種,"Prepared and processed foods from Yamaguchi, 5種"
3000819,静岡県 木製パズル 1点,25,221007,文具・玩具 / 1点,"Stationery and toys from Shizuoka, 1点"
3000820,佐賀県産 厚切り牛タン 900g,1,414247,肉・肉加工品 / 900g,"Meat and meat products from Saga, 900g"
3000821,静岡県 ペットベッド 1個,30,222241,ペット用品 / 1個,"Pet supplies from Shizuoka, 1個"
3000822,山形県産 メロン 秀品 1玉,4,062103,果物 / 1玉,"Fruit from Yamagata, 1玉"
3000823,山梨県産 辛口 白ワイン 750ml×2本,13,192066,ワイン / 750ml×2本,"Wine from Yamanashi, 750ml×2本"
3000824,滋賀県 釣具セット 1式,26,252026,スポーツ・アウトドア / 1式,"Sports and outdoor from Shiga, 1式"
3000825,富山県産 つや姫 精米 5kg,3,162060,米・パン / 5kg,"Rice and bread from Toyama, 5kg"
3000826,静岡県産 ドリップコーヒー 100袋,14,222054,茶・コーヒー / 100袋,"Tea and coffee from Shizuoka, 100袋"
3000827,愛媛県 綿100% 寝具カバー 1式,21,384011,繊維・衣類 / 1式,"Textiles and apparel from Ehime, 1式"
3000828,日置市産 米焼酎 飲み比べ 720ml×3本,11,462161,焼酎・泡盛 / 720ml×3本,"Shochu and awamori from Kagoshima, 720ml×3本"
3000829,串間市産 温州みかん 10kg,4,452076,果物 / 10kg,"Fruit from Miyazaki, 10kg"
3000830,福岡県産 プリン 詰め合わせ 12個,9,402290,菓子・スイーツ / 12個,"Confectionery and sweets from Fukuoka, 12個"
3000831,東京都 ノート 詰め合わせ 10冊,25,132128,文具・玩具 / 10冊,"Stationery and toys from Tokyo, 10冊"
3000832,長野県産 十割そば 10食,7,202193,麺類 / 10食,"Noodles from Nagano, 10食"
3000833,泉大津市産 和菓子 詰め合わせ 12個,9,272060,菓子・スイーツ / 12個,"Confectionery and sweets from Osaka, 12個"
3000834,山形県産 和牛 焼肉セット 1kg,1,062103,肉・肉加工品 / 1kg,"Meat and meat products from Yamagata, 1kg"
3000835,福井県産 季節限定 生酒 720ml×2本,10,182010,日本酒 / 720ml×2本,"Sake from Fukui, 720ml×2本"
3000836,熊本県産 とうもろこし 20本,5,432059,野菜・きのこ / 20本,"Vegetables and mushrooms from Kumamoto, 20本"
3000837,東京都産 バウムクーヘン 4個,9,131156,菓子・スイーツ / 4個,"Confectionery and sweets from Tokyo, 4個"
3000838,"東広島市 宿泊利用券 30,000円分",27,342122,"旅行券・宿泊券 / 30,000円分","Travel and accommodation vouchers from Hiroshima, 30,000円分"
3000839,和歌山県 打刃物 包丁 2本,18,304271,工芸品・民芸品 / 2本,"Crafts and folk art from Wakayama, 2本"
3000840,千葉県産 高糖度トマト 2kg,5,122327,野菜・きのこ / 2kg,"Vegetables and mushrooms from Chiba, 2kg"
3000841,茨城県産 乾燥しいたけ 300g,5,082317,野菜・きのこ / 300g,"Vegetables and mushrooms from Ibaraki, 300g"
3000842,秋田県産 ハンバーグ 詰め合わせ 20個,1,052116,肉・肉加工品 / 20個,"Meat and meat products from Akita, 20個"
3000843,室蘭市 ヘアケア シャンプー 500ml×2本,22,012050,化粧品・美容 / 500ml×2本,"Cosmetics and beauty from Hokkaido, 500ml×2本"
3000844,東京都 ノート 詰め合わせ 10冊,25,132021,文具・玩具 / 10冊,"Stationery and toys from Tokyo, 10冊"
3000845,福島県産 ひとめぼれ 無洗米 10kg,3,072010,米・パン / 10kg,"Rice and bread from Fukushima, 10kg"
3000846,鳥取県産 つや姫 精米 10kg,3,312037,米・パン / 10kg,"Rice and bread from Tottori, 10kg"
3000847,茨城町産 燻製 詰め合わせ 5種,8,083020,惣菜・加工品 / 5種,"Prepared and processed foods from Ibaraki, 5種"
3000848,新潟県産 特別栽培米 玄米 10kg,3,152188,米・パン / 10kg,"Rice and bread from Niigata, 10kg"
3000849,鹿児島県産 味付ジンギスカン 2kg,1,462152,肉・肉加工品 / 2kg,"Meat and meat products from Kagoshima, 2kg"
3000850,福岡県産 どら焼き 詰め合わせ 20個,9,402273,菓子・スイーツ / 20個,"Confectionery and sweets from Fukuoka, 20個"
3000851,北海道産 ベーコン・ソーセージセット 1.2kg,1,014036,肉・肉加工品 / 1.2kg,"Meat and meat products from Hokkaido, 1.2kg"
3000852,熊本県産 厚切り牛タン 900g,1,432130,肉・肉加工品 / 900g,"Meat and meat products from Kumamoto, 900g"
3000853,北海道産 豚ロース しゃぶしゃぶ用 1.2kg,1,012149,肉・肉加工品 / 1.2kg,"Meat and meat products from Hokkaido, 1.2kg"
3000854,熊本県産 シャインマスカット 4房,4,435104,果物 / 4房,"Fruit from Kumamoto, 4房"
3000855,三重県 ペット用おやつ 詰め合わせ 10袋,30,245615,ペット用品 / 10袋,"Pet supplies from Mie, 10袋"
3000856,尾張旭市産 チーズケーキ 2台,9,232262,菓子・スイーツ / 2台,"Confectionery and sweets from Aichi, 2台"
3000857,茨城県産 男爵じゃがいも 10kg,5,082228,野菜・きのこ / 10kg,"Vegetables and mushrooms from Ibaraki, 10kg"
3000858,千葉県 竹細工かご 1点,18,122271,工芸品・民芸品 / 1点,"Crafts and folk art from Chiba, 1点"
3000859,長崎県産 稲庭うどん 1.2kg,7,422096,麺類 / 1.2kg,"Noodles from Nagasaki, 1.2kg"
3000860,本別町産 乾燥しいたけ 500g,5,016462,野菜・きのこ / 500g,"Vegetables and mushrooms from Hokkaido, 500g"
3000861,南風原町産 泡盛 古酒 720ml,11,473502,焼酎・泡盛 / 720ml,"Shochu and awamori from Okinawa, 720ml"
3000862,上尾市産 冷凍餃子 100個,8,112194,惣菜・加工品 / 100個,"Prepared and processed foods from Saitama, 100個"
3000863,千葉市産 味付ジンギスカン 1kg,1,121002,肉・肉加工品 / 1kg,"Meat and meat products from Chiba, 1kg"
3000864,福岡県産 半生讃岐うどん 20食,7,402290,麺類 / 20食,"Noodles from Fukuoka, 20食"
3000865,静岡県産 シャインマスカット 2房,4,223417,果物 / 2房,"Fruit from Shizuoka, 2房"
3000866,登米市産 天然水 2L×24本,15,042129,飲料・ジュース / 2L×24本,"Beverages and juice from Miyagi, 2L×24本"
3000867,和歌山県産 あまおういちご 1080g,4,302066,果物 / 1080g,"Fruit from Wakayama, 1080g"
3000868,茨城県産 厚切り牛タン 500g,1,082031,肉・肉加工品 / 500g,"Meat and meat products from Ibaraki, 500g"
3000869,富山県産 明太子 切子 500g,2,162027,魚介類・海産物 / 500g,"Seafood from Toyama, 500g"
3000870,岐阜県産 和牛 焼肉セット 1kg,1,214019,肉・肉加工品 / 1kg,"Meat and meat products from Gifu, 1kg"
3000871,熊本県 猫用爪とぎ 3個,30,431001,ペット用品 / 3個,"Pet supplies from Kumamoto, 3個"
3000872,三重県産 味付ジンギスカン 1kg,1,242055,肉・肉加工品 / 1kg,"Meat and meat products from Mie, 1kg"
3000873,岐阜県 木製カッティングボード 2枚,20,212059,木工品・家具 / 2枚,"Woodwork and furniture from Gifu, 2枚"
3000874,埼玉県産 燻製 詰め合わせ 5種,8,112313,惣菜・加工品 / 5種,"Prepared and processed foods from Saitama, 5種"
3000875,北上市産 ひとめぼれ 無洗米 10kg,3,032069,米・パン / 10kg,"Rice and bread from Iwate, 10kg"
3000876,福島県産 白桃 3kg,4,072109,果物 / 3kg,"Fruit from Fukushima, 3kg"
3000877,名護市産 温州みかん 10kg,4,472093,果物 / 10kg,"Fruit from Okinawa, 10kg"
3000878,福岡県産 チーズケーキ 2台,9,402061,菓子・スイーツ / 2台,"Confectionery and sweets from Fukuoka, 2台"
3000879,"大分県 観光施設 利用券 5,000円分",27,442143,"旅行券・宿泊券 / 5,000円分","Travel and accommodation vouchers from Oita, 5,000円分"
3000880,筑紫野市産 生ラーメン セット 16食,7,402176,麺類 / 16食,"Noodles from Fukuoka, 16食"
3000881,群馬県産 生ラーメン セット 10食,7,105210,麺類 / 10食,"Noodles from Gunma, 10食"
3000882,石川県 スキンケアセット 1式,22,172120,化粧品・美容 / 1式,"Cosmetics and beauty from Ishikawa, 1式"
3000883,奈良県 シルクスカーフ 1枚,21,294420,繊維・衣類 / 1枚,"Textiles and apparel from Nara, 1枚"
3000884,東京都産 バウムクーヘン 2個,9,132080,菓子・スイーツ / 2個,"Confectionery and sweets from Tokyo, 2個"
3000885,愛媛県産 幸水梨 5kg,4,382060,果物 / 5kg,"Fruit from Ehime, 5kg"
3000886,綾部市産 和菓子 詰め合わせ 12個,9,262030,菓子・スイーツ / 12個,"Confectionery and sweets from Kyoto, 12個"
3000887,三重県産 プリン 詰め合わせ 8個,9,242128,菓子・スイーツ / 8個,"Confectionery and sweets from Mie, 8個"
3000888,京都府産 チーズケーキ 2台,9,262021,菓子・スイーツ / 2台,"Confectionery and sweets from Kyoto, 2台"
3000889,富山県 米 定期便 5kg×6回,17,162060,定期便 / 5kg×6回,"Subscription deliveries from Toyama, 5kg×6回"
3000890,"大分県 観光施設 利用券 5,000円分",27,442054,"旅行券・宿泊券 / 5,000円分","Travel and accommodation vouchers from Oita, 5,000円分"
3000891,笛吹市 陶芸 体験チケット 2名,28,192112,体験・チケット / 2名,"Experiences and tickets from Yamanashi, 2名"
3000892,千葉県産 うなぎ蒲焼 5尾,2,122173,魚介類・海産物 / 5尾,"Seafood from Chiba, 5尾"
3000893,船橋市 石けん 詰め合わせ 5個,22,122041,化粧品・美容 / 5個,"Cosmetics and beauty from Chiba, 5個"
3000894,宮城県産 冷凍餃子 100個,8,044016,惣菜・加工品 / 100個,"Prepared and processed foods from Miyagi, 100個"
3000895,茨城県産 ベーコン・ソーセージセット 1.2kg,1,085464,肉・肉加工品 / 1.2kg,"Meat and meat products from Ibaraki, 1.2kg"
3000896,岐阜県産 味付ジンギスカン 1kg,1,212202,肉・肉加工品 / 1kg,"Meat and meat products from Gifu, 1kg"
3000897,松本市産 スパークリングワイン 750ml×2本,13,202029,ワイン / 750ml×2本,"Wine from Nagano, 750ml×2本"
3000898,奈良県産 温州みかん 10kg,4,292028,果物 / 10kg,"Fruit from Nara, 10kg"
3000899,山陽小野田市産 特別純米酒 720ml×2本,10,352161,日本酒 / 720ml×2本,"Sake from Yamaguchi, 720ml×2本"
3000900,長野県産 さくらんぼ 佐藤錦 1kg,4,202053,果物 / 1kg,"Fruit from Nagano, 1kg"
3000901,長崎県産 ハンバーグ 詰め合わせ 10個,1,422126,肉・肉加工品 / 10個,"Meat and meat products from Nagasaki, 10個"
3000902,水俣市産 たまねぎ 10kg,5,432059,野菜・きのこ / 10kg,"Vegetables and mushrooms from Kumamoto, 10kg"
3000903,南さつま市産 たまねぎ 10kg,5,462209,野菜・きのこ / 10kg,"Vegetables and mushrooms from Kagoshima, 10kg"
3000904,熊野市産 バウムクーヘン 2個,9,242128,菓子・スイーツ / 2個,"Confectionery and sweets from Mie, 2個"
3000905,名古屋市産 漬物 詰め合わせ 10種,8,231002,惣菜・加工品 / 10種,"Prepared and processed foods from Aichi, 10種"
3000906,埼玉県産 どら焼き 詰め合わせ 20個,9,112283,菓子・スイーツ / 20個,"Confectionery and sweets from Saitama, 20個"
3000907,橋本市産 温州みかん 10kg,4,302031,果物 / 10kg,"Fruit from Wakayama, 10kg"
3000908,京都府産 煎茶 詰め合わせ 100g×3袋,14,262064,茶・コーヒー / 100g×3袋,"Tea and coffee from Kyoto, 100g×3袋"
3000909,豊橋市 綿100% 寝具カバー 1式,21,232017,繊維・衣類 / 1式,"Textiles and apparel from Aichi, 1式"
3000910,東京都 万年筆 1本,25,132292,文具・玩具 / 1本,"Stationery and toys from Tokyo, 1本"
3000911,北海道産 ジェラート 詰め合わせ 12個,9,012068,菓子・スイーツ / 12個,"Confectionery and sweets from Hokkaido, 12個"
3000912,埼玉県産 米粉パン セット 12個,3,112119,米・パン / 12個,"Rice and bread from Saitama, 12個"
3000913,石川県 竹細工かご 1点,18,172103,工芸品・民芸品 / 1点,"Crafts and folk art from Ishikawa, 1点"
3000914,青森県産 味付ジンギスカン 1kg,1,022101,肉・肉加工品 / 1kg,"Meat and meat products from Aomori, 1kg"
3000915,千葉県産 スモーク鴨ロース 400g,1,122271,肉・肉加工品 / 400g,"Meat and meat products from Chiba, 400g"
3000916,愛知県産 和菓子 詰め合わせ 20個,9,234451,菓子・スイーツ / 20個,"Confectionery and sweets from Aichi, 20個"
3000917,静岡県産 冷凍餃子 50個,8,223051,惣菜・加工品 / 50個,"Prepared and processed foods from Shizuoka, 50個"
3000918,北海道産 ベーコン・ソーセージセット 1.2kg,1,016616,肉・肉加工品 / 1.2kg,"Meat and meat products from Hokkaido, 1.2kg"
3000919,神奈川県 自転車用品セット 1式,26,142018,スポーツ・アウトドア / 1式,"Sports and outdoor from Kanagawa, 1式"
3000920,久万高原町 デニムジーンズ 1本,21,383864,繊維・衣類 / 1本,"Textiles and apparel from Ehime, 1本"
3000921,福島県産 ゆめぴりか 精米 5kg,3,074233,米・パン / 5kg,"Rice and bread from Fukushima, 5kg"
3000922,玉名市 包丁研ぎ器 1個,23,432067,日用品・雑貨 / 1個,"Household goods from Kumamoto, 1個"
3000923,日向市産 漬物 詰め合わせ 10種,8,452068,惣菜・加工品 / 10種,"Prepared and processed foods from Miyazaki, 10種"
3000924,山梨県産 さくらんぼ 佐藤錦 1kg,4,192139,果物 / 1kg,"Fruit from Yamanashi, 1kg"
3000925,栗東市 伝統こけし 1体,18,252085,工芸品・民芸品 / 1体,"Crafts and folk art from Shiga, 1体"
3000926,京都府 アウトドアチェア 1脚,26,262072,スポーツ・アウトドア / 1脚,"Sports and outdoor from Kyoto, 1脚"
3000927,熊本県産 銘柄鶏 もも肉 4kg,1,435139,肉・肉加工品 / 4kg,"Meat and meat products from Kumamoto, 4kg"
3000928,兵庫県産 干物 詰め合わせ 12枚,2,282022,魚介類・海産物 / 12枚,"Seafood from Hyogo, 12枚"
3000929,鹿児島県産 味付ジンギスカン 2kg,1,462144,肉・肉加工品 / 2kg,"Meat and meat products from Kagoshima, 2kg"
3000930,沖縄県産 完熟マンゴー 1kg,4,472123,果物 / 1kg,"Fruit from Okinawa, 1kg"
3000931,京都府産 カステラ 詰め合わせ 3本,9,261009,菓子・スイーツ / 3本,"Confectionery and sweets from Kyoto, 3本"
3000932,橋本市産 えごま油・亜麻仁油 180g×2本,16,302031,調味料・油 / 180g×2本,"Seasonings and oils from Wakayama, 180g×2本"
3000933,加東市産 味付ジンギスカン 2kg,1,282286,肉・肉加工品 / 2kg,"Meat and meat products from Hyogo, 2kg"
3000934,熊本県産 ベーコン・ソーセージセット 1.8kg,1,432148,肉・肉加工品 / 1.8kg,"Meat and meat products from Kumamoto, 1.8kg"
3000935,船橋市産 明太子 切子 500g,2,122041,魚介類・海産物 / 500g,"Seafood from Chiba, 500g"
3000936,愛媛県産 のどぐろ 干物 5枚,2,382141,魚介類・海産物 / 5枚,"Seafood from Ehime, 5枚"
3000937,熊取町 タオル 詰め合わせ 10枚,23,273619,日用品・雑貨 / 10枚,"Household goods from Osaka, 10枚"
3000938,北海道産 発酵バター 200g×3個,6,014079,卵・乳製品 / 200g×3個,"Eggs and dairy from Hokkaido, 200g×3個"
3000939,山梨県産 樽熟成 赤ワイン 750ml×2本,13,192058,ワイン / 750ml×2本,"Wine from Yamanashi, 750ml×2本"
3000940,度会町 米 定期便 5kg×12回,17,244708,定期便 / 5kg×12回,"Subscription deliveries from Mie, 5kg×12回"
3000941,鹿児島県産 ハンバーグ 詰め合わせ 15個,1,462195,肉・肉加工品 / 15個,"Meat and meat products from Kagoshima, 15個"
3000942,武雄市 陶器 マグカップ 2個,19,412066,陶磁器・ガラス / 2個,"Ceramics and glassware from Saga, 2個"
3000943,茨城県産 味付からあげ 1kg,8,082015,惣菜・加工品 / 1kg,"Prepared and processed foods from Ibaraki, 1kg"
3000944,北海道産 生うに 100g,2,016322,魚介類・海産物 / 100g,"Seafood from Hokkaido, 100g"
3000945,熊本県産 冷凍スムージー 12本,15,432148,飲料・ジュース / 12本,"Beverages and juice from Kumamoto, 12本"
3000946,千葉県 国産ペットフード 4kg,30,122262,ペット用品 / 4kg,"Pet supplies from Chiba, 4kg"
3000947,長野県産 高糖度トマト 2kg,5,202177,野菜・きのこ / 2kg,"Vegetables and mushrooms from Nagano, 2kg"
3000948,新潟県産 ゆめぴりか 精米 10kg,3,152111,米・パン / 10kg,"Rice and bread from Niigata, 10kg"
3000949,群馬県産 半生讃岐うどん 20食,7,103667,麺類 / 20食,"Noodles from Gunma, 20食"
3000950,徳島県産 シャインマスカット 4房,4,362077,果物 / 4房,"Fruit from Tokushima, 4房"
3000951,六戸町産 黒毛和牛 サーロインステーキ 200g×2枚,1,024058,肉・肉加工品 / 200g×2枚,"Meat and meat products from Aomori, 200g×2枚"
3000952,長野県 クルーズ 乗船券 2名,28,204145,体験・チケット / 2名,"Experiences and tickets from Nagano, 2名"
3000953,藤里町 電気ケトル 1台,24,053465,家電・電化製品 / 1台,"Home appliances from Akita, 1台"
3000954,兵庫県産 特別純米酒 1.8L,10,282120,日本酒 / 1.8L,"Sake from Hyogo, 1.8L"
3000955,埼玉県産 米粉パン セット 12個,3,112038,米・パン / 12個,"Rice and bread from Saitama, 12個"
3000956,川俣町産 とうもろこし 20本,5,073083,野菜・きのこ / 20本,"Vegetables and mushrooms from Fukushima, 20本"
3000957,我孫子市産 冷凍スムージー 12本,15,122220,飲料・ジュース / 12本,"Beverages and juice from Chiba, 12本"
3000958,志免町産 黒毛和牛 切り落とし 1.5kg,1,403431,肉・肉加工品 / 1.5kg,"Meat and meat products from Fukuoka, 1.5kg"
3000959,山形県 木製カッティングボード 1枚,20,064262,木工品・家具 / 1枚,"Woodwork and furniture from Yamagata, 1枚"
3000960,京都府産 プリン 詰め合わせ 8個,9,262048,菓子・スイーツ / 8個,"Confectionery and sweets from Kyoto, 8個"
3000961,埼玉県産 国産紅茶 50g×4袋,14,112381,茶・コーヒー / 50g×4袋,"Tea and coffee from Saitama, 50g×4袋"
3000962,長崎県産 カステラ 詰め合わせ 3本,9,422134,菓子・スイーツ / 3本,"Confectionery and sweets from Nagasaki, 3本"
3000963,清水町産 どら焼き 詰め合わせ 12個,9,016365,菓子・スイーツ / 12個,"Confectionery and sweets from Hokkaido, 12個"
3000964,青森県産 あじ開き 20枚,2,023876,魚介類・海産物 / 20枚,"Seafood from Aomori, 20枚"
3000965,高知県産 長期貯蔵 麦焼酎 1.8L,11,392014,焼酎・泡盛 / 1.8L,"Shochu and awamori from Kochi, 1.8L"
3000966,高知県産 本格芋焼酎 900ml×2本,11,393860,焼酎・泡盛 / 900ml×2本,"Shochu and awamori from Kochi, 900ml×2本"
3000967,山梨県 竹細工かご 1点,18,192139,工芸品・民芸品 / 1点,"Crafts and folk art from Yamanashi, 1点"
3000968,砂川市産 干物 詰め合わせ 8枚,2,012262,魚介類・海産物 / 8枚,"Seafood from Hokkaido, 8枚"
3000969,多摩市産 だしパック 60袋,16,132241,調味料・油 / 60袋,"Seasonings and oils from Tokyo, 60袋"
3000970,石川県産 純米大吟醸 720ml×2本,10,172120,日本酒 / 720ml×2本,"Sake from Ishikawa, 720ml×2本"
3000971,鹿児島県 肉 定期便 1kg×6回,17,462101,定期便 / 1kg×6回,"Subscription deliveries from Kagoshima, 1kg×6回"
3000972,倉敷市 綿100% 寝具カバー 1式,21,332020,繊維・衣類 / 1式,"Textiles and apparel from Okayama, 1式"
3000973,松島町産 黒毛和牛 切り落とし 500g,1,044016,肉・肉加工品 / 500g,"Meat and meat products from Miyagi, 500g"
3000974,北海道産 天然水 2L×12本,15,012131,飲料・ジュース / 2L×12本,"Beverages and juice from Hokkaido, 2L×12本"
3000975,当麻町産 飲むヨーグルト 900ml×12本,6,014541,卵・乳製品 / 900ml×12本,"Eggs and dairy from Hokkaido, 900ml×12本"
3000976,長野県産 スパークリングワイン 750ml×2本,13,202070,ワイン / 750ml×2本,"Wine from Nagano, 750ml×2本"
3000977,尼崎市産 厚切り牛タン 900g,1,282022,肉・肉加工品 / 900g,"Meat and meat products from Hyogo, 900g"
3000978,佐賀市産 ずわいがに 脚 1.2kg,2,412015,魚介類・海産物 / 1.2kg,"Seafood from Saga, 1.2kg"
3000979,安曇野市産 スパークリングワイン 750ml×2本,13,202207,ワイン / 750ml×2本,"Wine from Nagano, 750ml×2本"
3000980,沖縄県産 さくらんぼ 佐藤錦 500g,4,472115,果物 / 500g,"Fruit from Okinawa, 500g"
3000981,奈良県産 ドリップコーヒー 50袋,14,294438,茶・コーヒー / 50袋,"Tea and coffee from Nara, 50袋"
3000982,奈良県 伝統こけし 1体,18,292087,工芸品・民芸品 / 1体,"Crafts and folk art from Nara, 1体"
3000983,ふじみ野市 木製食器セット 4点,20,112453,木工品・家具 / 4点,"Woodwork and furniture from Saitama, 4点"
3000984,島根県産 季節限定 生酒 720ml×2本,10,322041,日本酒 / 720ml×2本,"Sake from Shimane, 720ml×2本"
3000985,門川町産 さくらんぼ 佐藤錦 1kg,4,454214,果物 / 1kg,"Fruit from Miyazaki, 1kg"
3000986,喜茂別町産 発酵バター 200g×5個,6,013986,卵・乳製品 / 200g×5個,"Eggs and dairy from Hokkaido, 200g×5個"
3000987,福岡県産 生ラーメン セット 10食,7,402273,麺類 / 10食,"Noodles from Fukuoka, 10食"
3000988,大分県 国産ペットフード 4kg,30,442135,ペット用品 / 4kg,"Pet supplies from Oita, 4kg"
3000989,広島県産 特別純米酒 1.8L,10,342122,日本酒 / 1.8L,"Sake from Hiroshima, 1.8L"
3000990,鳥取県 季節の花束 1束,29,313297,花・観葉植物 / 1束,"Flowers and plants from Tottori, 1束"
3000991,佐賀県産 厚切り牛タン 900g,1,413461,肉・肉加工品 / 900g,"Meat and meat products from Saga, 900g"
3000992,茨城県 和紙 便箋セット 1式,18,082317,工芸品・民芸品 / 1式,"Crafts and folk art from Ibaraki, 1式"
3000993,宮代町産 佃煮 詰め合わせ 5種,8,114421,惣菜・加工品 / 5種,"Prepared and processed foods from Saitama, 5種"
3000994,防府市産 ボイル毛がに 2尾,2,352063,魚介類・海産物 / 2尾,"Seafood from Yamaguchi, 2尾"
3000995,長野県産 白桃 2kg,4,203491,果物 / 2kg,"Fruit from Nagano, 2kg"
3000996,和歌山県産 冷凍スムージー 12本,15,303445,飲料・ジュース / 12本,"Beverages and juice from Wakayama, 12本"
3000997,鹿児島県産 味付ジンギスカン 2kg,1,464902,肉・肉加工品 / 2kg,"Meat and meat products from Kagoshima, 2kg"
3000998,長野県産 スパークリングワイン 750ml×2本,13,204234,ワイン / 750ml×2本,"Wine from Nagano, 750ml×2本"
3000999,兵庫県産 カステラ 詰め合わせ 2本,9,282219,菓子・スイーツ / 2本,"Confectionery and sweets from Hyogo, 2本"
3001000,"静岡県 宿泊利用券 10,000円分",27,223425,"旅行券・宿泊券 / 10,000円分","Travel and accommodation vouchers from Shizuoka, 10,000円分"
3001001,茨城県産 味付からあげ 2kg,8,082261,惣菜・加工品 / 2kg,"Prepared and processed foods from Ibaraki, 2kg"
3001002,米原市産 純米吟醸 飲み比べ 720ml×3本,10,252140,日本酒 / 720ml×3本,"Sake from Shiga, 720ml×3本"
3001003,長洲町産 サンふじりんご 5kg,4,433683,果物 / 5kg,"Fruit from Kumamoto, 5kg"
3001004,大阪府産 燻製 詰め合わせ 5種,8,272159,惣菜・加工品 / 5種,"Prepared and processed foods from Osaka, 5種"
3001005,高梁市産 コシヒカリ 精米 10kg,3,332097,米・パン / 10kg,"Rice and bread from Okayama, 10kg"
3001006,島根県産 ハンバーグ 詰め合わせ 10個,1,322041,肉・肉加工品 / 10個,"Meat and meat products from Shimane, 10個"
3001007,大分県産 佃煮 詰め合わせ 5種,8,442046,惣菜・加工品 / 5種,"Prepared and processed foods from Oita, 5種"
3001008,北海道産 飲むヨーグルト 900ml×12本,6,013676,卵・乳製品 / 900ml×12本,"Eggs and dairy from Hokkaido, 900ml×12本"
3001009,山口県産 燻製 詰め合わせ 5種,8,352047,惣菜・加工品 / 5種,"Prepared and processed foods from Yamaguchi, 5種"
3001010,辰野町産 富有柿 5kg,4,203823,果物 / 5kg,"Fruit from Nagano, 5kg"
3001011,平谷村産 あまおういちご 1080g,4,204099,果物 / 1080g,"Fruit from Nagano, 1080g"
3001012,上ノ国町産 黒毛和牛 切り落とし 1.5kg,1,013625,肉・肉加工品 / 1.5kg,"Meat and meat products from Hokkaido, 1.5kg"
3001013,北海道産 バウムクーヘン 4個,9,015130,菓子・スイーツ / 4個,"Confectionery and sweets from Hokkaido, 4個"
3001014,愛知県産 レトルトカレー 詰め合わせ 16食,8,232041,惣菜・加工品 / 16食,"Prepared and processed foods from Aichi, 16食"
3001015,新潟県産 いくら醤油漬け 500g,2,152129,魚介類・海産物 / 500g,"Seafood from Niigata, 500g"
3001016,埼玉県産 米粉パン セット 8個,3,112321,米・パン / 8個,"Rice and bread from Saitama, 8個"
3001017,山形県産 ハンバーグ 詰め合わせ 10個,1,062031,肉・肉加工品 / 10個,"Meat and meat products from Yamagata, 10個"
3001018,立川市 トイレットペーパー 72ロール,23,132021,日用品・雑貨 / 72ロール,"Household goods from Tokyo, 72ロール"
3001019,徳島県産 白桃 3kg,4,363219,果物 / 3kg,"Fruit from Tokushima, 3kg"
3001020,丹波篠山市 果物狩り 体験チケット 4名,28,282219,体験・チケット / 4名,"Experiences and tickets from Hyogo, 4名"
3001021,行方市産 男爵じゃがいも 10kg,5,082333,野菜・きのこ / 10kg,"Vegetables and mushrooms from Ibaraki, 10kg"
3001022,兵庫県産 明太子 切子 1kg,2,282065,魚介類・海産物 / 1kg,"Seafood from Hyogo, 1kg"
3001023,福井県産 サーモン 刺身用 1kg,2,182061,魚介類・海産物 / 1kg,"Seafood from Fukui, 1kg"
3001024,青森県産 幸水梨 5kg,4,023035,果物 / 5kg,"Fruit from Aomori, 5kg"
3001025,東京都 クルーズ 乗船券 2名,28,132241,体験・チケット / 2名,"Experiences and tickets from Tokyo, 2名"
3001026,山梨県産 果汁100%ジュース 1L×6本,15,194301,飲料・ジュース / 1L×6本,"Beverages and juice from Yamanashi, 1L×6本"
3001027,静岡県産 国産紅茶 50g×4袋,14,222160,茶・コーヒー / 50g×4袋,"Tea and coffee from Shizuoka, 50g×4袋"
3001028,長野県産 バウムクーヘン 2個,9,204501,菓子・スイーツ / 2個,"Confectionery and sweets from Nagano, 2個"
3001029,兵庫県産 季節限定 生酒 720ml×2本,10,282146,日本酒 / 720ml×2本,"Sake from Hyogo, 720ml×2本"
3001030,広島県産 季節限定 生酒 720ml×2本,10,344621,日本酒 / 720ml×2本,"Sake from Hiroshima, 720ml×2本"
3001031,春日市産 あじ開き 10枚,2,402184,魚介類・海産物 / 10枚,"Seafood from Fukuoka, 10枚"
3001032,岩手県産 あきたこまち 精米 10kg,3,032085,米・パン / 10kg,"Rice and bread from Iwate, 10kg"
3001033,本別町産 明太子 切子 1kg,2,016462,魚介類・海産物 / 1kg,"Seafood from Hokkaido, 1kg"
3001034,山形県産 純米大吟醸 720ml×2本,10,063657,日本酒 / 720ml×2本,"Sake from Yamagata, 720ml×2本"
3001035,富山県産 純米吟醸 飲み比べ 720ml×3本,10,162078,日本酒 / 720ml×3本,"Sake from Toyama, 720ml×3本"
3001036,山口県産 季節限定 生酒 720ml×2本,10,352136,日本酒 / 720ml×2本,"Sake from Yamaguchi, 720ml×2本"
3001037,彦根市 竹細工かご 1点,18,252026,工芸品・民芸品 / 1点,"Crafts and folk art from Shiga, 1点"
3001038,北見市産 のどぐろ 干物 3枚,2,012084,魚介類・海産物 / 3枚,"Seafood from Hokkaido, 3枚"
3001039,佐賀県産 味付ジンギスカン 2kg,1,414247,肉・肉加工品 / 2kg,"Meat and meat products from Saga, 2kg"
3001040,福井市産 ひとめぼれ 無洗米 10kg,3,182010,米・パン / 10kg,"Rice and bread from Fukui, 10kg"
3001041,木曽町産 乾燥しいたけ 500g,5,204323,野菜・きのこ / 500g,"Vegetables and mushrooms from Nagano, 500g"
3001042,岩手県産 ボイル毛がに 1尾 500g,2,032026,魚介類・海産物 / 1尾 500g,"Seafood from Iwate, 1尾 500g"
3001043,秋田県産 ハンバーグ 詰め合わせ 10個,1,052108,肉・肉加工品 / 10個,"Meat and meat products from Akita, 10個"
3001044,宮城県産 佃煮 詰め合わせ 5種,8,042030,惣菜・加工品 / 5種,"Prepared and processed foods from Miyagi, 5種"
3001045,佐世保市産 稲庭うどん 800g,7,422029,麺類 / 800g,"Noodles from Nagasaki, 800g"
3001046,中山町産 厚切り牛タン 500g,1,063029,肉・肉加工品 / 500g,"Meat and meat products from Yamagata, 500g"
3001047,茨城県産 高糖度トマト 3kg,5,082261,野菜・きのこ / 3kg,"Vegetables and mushrooms from Ibaraki, 3kg"
3001048,宮城県 電気ケトル 1台,24,044041,家電・電化製品 / 1台,"Home appliances from Miyagi, 1台"
3001049,石巻市産 スモーク鴨ロース 600g,1,042021,肉・肉加工品 / 600g,"Meat and meat products from Miyagi, 600g"
3001050,丹波市産 純米吟醸 飲み比べ 720ml×3本,10,282235,日本酒 / 720ml×3本,"Sake from Hyogo, 720ml×3本"
3001051,弥富市産 味噌 詰め合わせ 1kg×2個,16,232351,調味料・油 / 1kg×2個,"Seasonings and oils from Aichi, 1kg×2個"
3001052,北海道産 豚ロース しゃぶしゃぶ用 1.2kg,1,015431,肉・肉加工品 / 1.2kg,"Meat and meat products from Hokkaido, 1.2kg"
3001053,名古屋市 靴下 詰め合わせ 10足,21,231002,繊維・衣類 / 10足,"Textiles and apparel from Aichi, 10足"
3001054,大阪府産 えごま油・亜麻仁油 180g×2本,16,272167,調味料・油 / 180g×2本,"Seasonings and oils from Osaka, 180g×2本"
3001055,京都府 陶器 マグカップ 2個,19,262102,陶磁器・ガラス / 2個,"Ceramics and glassware from Kyoto, 2個"
3001056,兵庫県産 黒毛和牛 サーロインステーキ 150g×3枚,1,282081,肉・肉加工品 / 150g×3枚,"Meat and meat products from Hyogo, 150g×3枚"
3001057,宇治市 直火用 土鍋 1個,19,262048,陶磁器・ガラス / 1個,"Ceramics and glassware from Kyoto, 1個"
3001058,西脇市産 季節限定 生酒 720ml×2本,10,282138,日本酒 / 720ml×2本,"Sake from Hyogo, 720ml×2本"
3001059,埼玉県産 煎茶 詰め合わせ 100g×3袋,14,112160,茶・コーヒー / 100g×3袋,"Tea and coffee from Saitama, 100g×3袋"
3001060,北海道産 ほたて貝柱 冷凍 500g,2,016497,魚介類・海産物 / 500g,"Seafood from Hokkaido, 500g"
3001061,長野県 クルーズ 乗船券 2名,28,204072,体験・チケット / 2名,"Experiences and tickets from Nagano, 2名"
3001062,刈谷市 シルクスカーフ 1枚,21,232106,繊維・衣類 / 1枚,"Textiles and apparel from Aichi, 1枚"
3001063,栃木県産 自家焙煎コーヒー豆 200g×3袋,14,092011,茶・コーヒー / 200g×3袋,"Tea and coffee from Tochigi, 200g×3袋"
3001064,福岡県産 黒毛和牛 サーロインステーキ 200g×2枚,1,402231,肉・肉加工品 / 200g×2枚,"Meat and meat products from Fukuoka, 200g×2枚"
3001065,島根県産 純米大吟醸 720ml×2本,10,325252,日本酒 / 720ml×2本,"Sake from Shimane, 720ml×2本"
3001066,栃木県産 生乳100%牛乳 1L×12本,6,092096,卵・乳製品 / 1L×12本,"Eggs and dairy from Tochigi, 1L×12本"
3001067,千葉県産 漬物 詰め合わせ 6種,8,124273,惣菜・加工品 / 6種,"Prepared and processed foods from Chiba, 6種"
3001068,岐阜県 竹細工かご 1点,18,212211,工芸品・民芸品 / 1点,"Crafts and folk art from Gifu, 1点"
3001069,岡山県 胡蝶蘭 鉢植え 1鉢,29,332020,花・観葉植物 / 1鉢,"Flowers and plants from Okayama, 1鉢"
3001070,宮崎県 入浴剤 詰め合わせ 30回分,22,454419,化粧品・美容 / 30回分,"Cosmetics and beauty from Miyazaki, 30回分"
3001071,福井県産 特別栽培米 玄米 20kg,3,182087,米・パン / 20kg,"Rice and bread from Fukui, 20kg"
3001072,千葉県産 果汁100%ジュース 1L×6本,15,122122,飲料・ジュース / 1L×6本,"Beverages and juice from Chiba, 1L×6本"
3001073,宮城県産 つや姫 精米 5kg,3,042137,米・パン / 5kg,"Rice and bread from Miyagi, 5kg"
3001074,角田市産 あきたこまち 精米 5kg,3,042081,米・パン / 5kg,"Rice and bread from Miyagi, 5kg"
3001075,三重県産 和菓子 詰め合わせ 20個,9,245437,菓子・スイーツ / 20個,"Confectionery and sweets from Mie, 20個"
3001076,和歌山県産 温州みかん 10kg,4,304069,果物 / 10kg,"Fruit from Wakayama, 10kg"
3001077,"神奈川県 観光施設 利用券 5,000円分",27,141003,"旅行券・宿泊券 / 5,000円分","Travel and accommodation vouchers from Kanagawa, 5,000円分"
3001078,日置市 季節の花束 1束,29,462161,花・観葉植物 / 1束,"Flowers and plants from Kagoshima, 1束"
3001079,士別市産 どら焼き 詰め合わせ 12個,9,012203,菓子・スイーツ / 12個,"Confectionery and sweets from Hokkaido, 12個"
3001080,千葉県産 季節の野菜 詰め合わせ 15品目,5,122289,野菜・きのこ / 15品目,"Vegetables and mushrooms from Chiba, 15品目"
3001081,京都府 磁器 湯呑 2客,19,262021,陶磁器・ガラス / 2客,"Ceramics and glassware from Kyoto, 2客"
3001082,いちき串木野市産 紅はるか さつまいも 5kg,5,462195,野菜・きのこ / 5kg,"Vegetables and mushrooms from Kagoshima, 5kg"
3001083,余市町産 平飼いたまご 60個,6,014087,卵・乳製品 / 60個,"Eggs and dairy from Hokkaido, 60個"
3001084,鹿児島県産 明太子 切子 1kg,2,465305,魚介類・海産物 / 1kg,"Seafood from Kagoshima, 1kg"
3001085,上富良野町産 サーモン 刺身用 1kg,2,014605,魚介類・海産物 / 1kg,"Seafood from Hokkaido, 1kg"
3001086,栗山町産 チーズケーキ 2台,9,014290,菓子・スイーツ / 2台,"Confectionery and sweets from Hokkaido, 2台"
3001087,東京都 ノート 詰め合わせ 10冊,25,132209,文具・玩具 / 10冊,"Stationery and toys from Tokyo, 10冊"
3001088,佐世保市産 いくら醤油漬け 250g,2,422029,魚介類・海産物 / 250g,"Seafood from Nagasaki, 250g"
3001089,摂津市 陶芸 体験チケット 2名,28,272248,体験・チケット / 2名,"Experiences and tickets from Osaka, 2名"
3001090,北栄町産 黒毛和牛 サーロインステーキ 150g×3枚,1,313726,肉・肉加工品 / 150g×3枚,"Meat and meat products from Tottori, 150g×3枚"
3001091,八雲町 ガラス酒器 1式,19,013463,陶磁器・ガラス / 1式,"Ceramics and glassware from Hokkaido, 1式"
3001092,明石市 ノート 詰め合わせ 10冊,25,282031,文具・玩具 / 10冊,"Stationery and toys from Hyogo, 10冊"
3001093,和歌山県産 果汁100%ジュース 1L×6本,15,302031,飲料・ジュース / 1L×6本,"Beverages and juice from Wakayama, 1L×6本"
3001094,桜川市産 ゆめぴりか 精米 5kg,3,082317,米・パン / 5kg,"Rice and bread from Ibaraki, 5kg"
3001095,富山県 竹細工かご 1点,18,162086,工芸品・民芸品 / 1点,"Crafts and folk art from Toyama, 1点"
3001096,朝日町産 うなぎ蒲焼 2尾,2,243434,魚介類・海産物 / 2尾,"Seafood from Mie, 2尾"
3001097,北海道 打刃物 包丁 2本,18,014257,工芸品・民芸品 / 2本,"Crafts and folk art from Hokkaido, 2本"
3001098,湯河原町産 佃煮 詰め合わせ 5種,8,143847,惣菜・加工品 / 5種,"Prepared and processed foods from Kanagawa, 5種"
3001099,奈良県 伝統こけし 1体,18,293857,工芸品・民芸品 / 1体,"Crafts and folk art from Nara, 1体"
3001100,古河市産 ゆめぴりか 精米 10kg,3,082040,米・パン / 10kg,"Rice and bread from Ibaraki, 10kg"
3001101,守谷市産 ゆめぴりか 精米 5kg,3,082244,米・パン / 5kg,"Rice and bread from Ibaraki, 5kg"
3001102,新潟県産 ボイル毛がに 2尾,2,152226,魚介類・海産物 / 2尾,"Seafood from Niigata, 2尾"
3001103,兵庫県産 豚ロース しゃぶしゃぶ用 800g,1,284432,肉・肉加工品 / 800g,"Meat and meat products from Hyogo, 800g"
3001104,沖縄県 温泉旅館 ペア宿泊券 1泊2食付,27,472123,旅行券・宿泊券 / 1泊2食付,"Travel and accommodation vouchers from Okinawa, 1泊2食付"
3001105,京都府 陶器 マグカップ 2個,19,262021,陶磁器・ガラス / 2個,"Ceramics and glassware from Kyoto, 2個"
3001106,岐阜県 和紙 便箋セット 1式,18,212211,工芸品・民芸品 / 1式,"Crafts and folk art from Gifu, 1式"
3001107,伊奈町産 プリン 詰め合わせ 12個,9,113018,菓子・スイーツ / 12個,"Confectionery and sweets from Saitama, 12個"
3001108,中野市産 さくらんぼ 佐藤錦 1kg,4,202118,果物 / 1kg,"Fruit from Nagano, 1kg"
3001109,茨城県産 ベーコン・ソーセージセット 1.2kg,1,082279,肉・肉加工品 / 1.2kg,"Meat and meat products from Ibaraki, 1.2kg"
3001110,富山県産 ずわいがに 脚 1.2kg,2,162108,魚介類・海産物 / 1.2kg,"Seafood from Toyama, 1.2kg"
3001111,富山県 打刃物 包丁 2本,18,163210,工芸品・民芸品 / 2本,"Crafts and folk art from Toyama, 2本"
3001112,埼玉県産 抹茶 詰め合わせ 30g×3缶,14,112194,茶・コーヒー / 30g×3缶,"Tea and coffee from Saitama, 30g×3缶"
3001113,広島県 直火用 土鍋 1個,19,345458,陶磁器・ガラス / 1個,"Ceramics and glassware from Hiroshima, 1個"
3001114,伊達市産 だしパック 30袋,16,012335,調味料・油 / 30袋,"Seasonings and oils from Hokkaido, 30袋"
3001115,兵庫県産 純米吟醸 飲み比べ 720ml×3本,10,282243,日本酒 / 720ml×3本,"Sake from Hyogo, 720ml×3本"
3001116,茅野市産 十割そば 10食,7,202142,麺類 / 10食,"Noodles from Nagano, 10食"
3001117,岐阜県 温泉旅館 ペア宿泊券 1泊2食付,27,213616,旅行券・宿泊券 / 1泊2食付,"Travel and accommodation vouchers from Gifu, 1泊2食付"
3001118,奈良県 靴下 詰め合わせ 10足,21,292109,繊維・衣類 / 10足,"Textiles and apparel from Nara, 10足"
3001119,北海道 陶芸 体験チケット 2名,28,012157,体験・チケット / 2名,"Experiences and tickets from Hokkaido, 2名"
3001120,志摩市産 いくら醤油漬け 500g,2,242152,魚介類・海産物 / 500g,"Seafood from Mie, 500g"
3001121,岡山県 綿100% 寝具カバー 1式,21,332135,繊維・衣類 / 1式,"Textiles and apparel from Okayama, 1式"
3001122,福岡県産 生ラーメン セット 10食,7,402184,麺類 / 10食,"Noodles from Fukuoka, 10食"
3001123,福岡県産 和菓子 詰め合わせ 12個,9,402206,菓子・スイーツ / 12個,"Confectionery and sweets from Fukuoka, 12個"
3001124,宮城県 和紙 便箋セット 1式,18,043621,工芸品・民芸品 / 1式,"Crafts and folk art from Miyagi, 1式"
3001125,市川町 果物狩り 体験チケット 4名,28,284424,体験・チケット / 4名,"Experiences and tickets from Hyogo, 4名"
3001126,揖斐川町産 レトルトカレー 詰め合わせ 16食,8,214019,惣菜・加工品 / 16食,"Prepared and processed foods from Gifu, 16食"
3001127,北海道産 黒毛和牛 サーロインステーキ 150g×3枚,1,012092,肉・肉加工品 / 150g×3枚,"Meat and meat products from Hokkaido, 150g×3枚"
3001128,和歌山県産 味噌 詰め合わせ 1kg×3個,16,302066,調味料・油 / 1kg×3個,"Seasonings and oils from Wakayama, 1kg×3個"
3001129,神流町産 たまねぎ 10kg,5,103675,野菜・きのこ / 10kg,"Vegetables and mushrooms from Gunma, 10kg"
3001130,長崎県 木製パズル 1点,25,422053,文具・玩具 / 1点,"Stationery and toys from Nagasaki, 1点"
3001131,置戸町 曲げわっぱ弁当箱 1個,20,015504,木工品・家具 / 1個,"Woodwork and furniture from Hokkaido, 1個"
3001132,新潟県産 季節限定 生酒 720ml×2本,10,152056,日本酒 / 720ml×2本,"Sake from Niigata, 720ml×2本"
3001133,福岡県 曲げわっぱ弁当箱 1個,20,402044,木工品・家具 / 1個,"Woodwork and furniture from Fukuoka, 1個"
3001134,北海道産 真鯛 フィレ 1kg,2,014311,魚介類・海産物 / 1kg,"Seafood from Hokkaido, 1kg"
3001135,北海道産 ベーコン・ソーセージセット 1.2kg,1,014010,肉・肉加工品 / 1.2kg,"Meat and meat products from Hokkaido, 1.2kg"
3001136,北海道産 銘柄鶏 もも肉 3kg,1,012220,肉・肉加工品 / 3kg,"Meat and meat products from Hokkaido, 3kg"
3001137,福岡県産 和菓子 詰め合わせ 12個,9,406252,菓子・スイーツ / 12個,"Confectionery and sweets from Fukuoka, 12個"
3001138,佐世保市産 厚切り牛タン 500g,1,422029,肉・肉加工品 / 500g,"Meat and meat products from Nagasaki, 500g"
3001139,福岡県産 プリン 詰め合わせ 8個,9,402036,菓子・スイーツ / 8個,"Confectionery and sweets from Fukuoka, 8個"
3001140,静岡県産 燻製 詰め合わせ 8種,8,222071,惣菜・加工品 / 8種,"Prepared and processed foods from Shizuoka, 8種"
3001141,福島県産 シャインマスカット 2房,4,072125,果物 / 2房,"Fruit from Fukushima, 2房"
3001142,静岡県産 佃煮 詰め合わせ 5種,8,222119,惣菜・加工品 / 5種,"Prepared and processed foods from Shizuoka, 5種"
3001143,栃木県産 味付からあげ 2kg,8,092053,惣菜・加工品 / 2kg,"Prepared and processed foods from Tochigi, 2kg"
3001144,岡山県 今治タオル セット 5枚,21,332151,繊維・衣類 / 5枚,"Textiles and apparel from Okayama, 5枚"
3001145,愛知県産 ジェラート 詰め合わせ 12個,9,232351,菓子・スイーツ / 12個,"Confectionery and sweets from Aichi, 12個"
3001146,広島県産 純米吟醸 飲み比べ 720ml×3本,10,342122,日本酒 / 720ml×3本,"Sake from Hiroshima, 720ml×3本"
3001147,岡山県 磁器 湯呑 5客,19,332143,陶磁器・ガラス / 5客,"Ceramics and glassware from Okayama, 5客"
3001148,奈良県 靴下 詰め合わせ 10足,21,294250,繊維・衣類 / 10足,"Textiles and apparel from Nara, 10足"
3001149,美濃加茂市 曲げわっぱ弁当箱 1個,20,212113,木工品・家具 / 1個,"Woodwork and furniture from Gifu, 1個"
3001150,鹿児島県産 たまねぎ 10kg,5,464911,野菜・きのこ / 10kg,"Vegetables and mushrooms from Kagoshima, 10kg"
3001151,奈良県 今治タオル セット 5枚,21,292010,繊維・衣類 / 5枚,"Textiles and apparel from Nara, 5枚"
3001152,"大分県 観光施設 利用券 10,000円分",27,442011,"旅行券・宿泊券 / 10,000円分","Travel and accommodation vouchers from Oita, 10,000円分"
3001153,山口県産 ひとめぼれ 無洗米 10kg,3,353051,米・パン / 10kg,"Rice and bread from Yamaguchi, 10kg"
3001154,朝霞市産 抹茶 詰め合わせ 30g×3缶,14,112275,茶・コーヒー / 30g×3缶,"Tea and coffee from Saitama, 30g×3缶"
3001155,大阪府産 チーズケーキ 1台,9,272213,菓子・スイーツ / 1台,"Confectionery and sweets from Osaka, 1台"
3001156,奈良県 打刃物 包丁 1本,18,292010,工芸品・民芸品 / 1本,"Crafts and folk art from Nara, 1本"
3001157,大阪府 洗剤 詰め合わせ 1式,23,272175,日用品・雑貨 / 1式,"Household goods from Osaka, 1式"
3001158,福井県産 真鯛 フィレ 1kg,2,183229,魚介類・海産物 / 1kg,"Seafood from Fukui, 1kg"
3001159,長野県産 生ラーメン セット 16食,7,204501,麺類 / 16食,"Noodles from Nagano, 16食"
3001160,岩手県産 半生讃岐うどん 20食,7,032140,麺類 / 20食,"Noodles from Iwate, 20食"
3001161,鹿児島県産 サーモン 刺身用 600g,2,462195,魚介類・海産物 / 600g,"Seafood from Kagoshima, 600g"
3001162,水俣市産 米焼酎 飲み比べ 720ml×3本,11,432059,焼酎・泡盛 / 720ml×3本,"Shochu and awamori from Kumamoto, 720ml×3本"
3001163,神流町産 稲庭うどん 1.2kg,7,103675,麺類 / 1.2kg,"Noodles from Gunma, 1.2kg"
3001164,岩手県産 半生讃岐うどん 12食,7,033014,麺類 / 12食,"Noodles from Iwate, 12食"
3001165,東京都産 和菓子 詰め合わせ 20個,9,132225,菓子・スイーツ / 20個,"Confectionery and sweets from Tokyo, 20個"
3001166,中津川市 直火用 土鍋 1個,19,212067,陶磁器・ガラス / 1個,"Ceramics and glassware from Gifu, 1個"
3001167,魚津市産 特別純米酒 720ml×2本,10,162043,日本酒 / 720ml×2本,"Sake from Toyama, 720ml×2本"
3001168,北海道 直火用 土鍋 1個,19,016071,陶磁器・ガラス / 1個,"Ceramics and glassware from Hokkaido, 1個"
3001169,長野県産 冷凍スムージー 12本,15,205419,飲料・ジュース / 12本,"Beverages and juice from Nagano, 12本"
3001170,静岡県産 真鯛 フィレ 1kg,2,224618,魚介類・海産物 / 1kg,"Seafood from Shizuoka, 1kg"
3001171,熊本県産 アスパラガス 1kg,5,432164,野菜・きのこ / 1kg,"Vegetables and mushrooms from Kumamoto, 1kg"
3001172,茨城県産 特別栽培米 玄米 20kg,3,082031,米・パン / 20kg,"Rice and bread from Ibaraki, 20kg"
3001173,京都府産 ジェラート 詰め合わせ 12個,9,263664,菓子・スイーツ / 12個,"Confectionery and sweets from Kyoto, 12個"
3001174,飛島村産 冷凍餃子 100個,8,234273,惣菜・加工品 / 100個,"Prepared and processed foods from Aichi, 100個"
3001175,北海道産 黒毛和牛 サーロインステーキ 150g×3枚,1,016071,肉・肉加工品 / 150g×3枚,"Meat and meat products from Hokkaido, 150g×3枚"
3001176,石川県産 うなぎ蒲焼 2尾,2,172111,魚介類・海産物 / 2尾,"Seafood from Ishikawa, 2尾"
3001177,福島県産 ひとめぼれ 無洗米 5kg,3,074080,米・パン / 5kg,"Rice and bread from Fukushima, 5kg"
3001178,南アルプス市産 天然水 炭酸水 500ml×24本,15,192082,飲料・ジュース / 500ml×24本,"Beverages and juice from Yamanashi, 500ml×24本"
3001179,江津市産 食パン 詰め合わせ 3斤,3,322075,米・パン / 3斤,"Rice and bread from Shimane, 3斤"
3001180,福井県産 特別純米酒 720ml×2本,10,182087,日本酒 / 720ml×2本,"Sake from Fukui, 720ml×2本"
3001181,大野町 直火用 土鍋 1個,19,214035,陶磁器・ガラス / 1個,"Ceramics and glassware from Gifu, 1個"
3001182,八尾市産 ジェラート 詰め合わせ 12個,9,272124,菓子・スイーツ / 12個,"Confectionery and sweets from Osaka, 12個"
3001183,坂井市 磁器 湯呑 2客,19,182109,陶磁器・ガラス / 2客,"Ceramics and glassware from Fukui, 2客"
3001184,三田市産 純米大吟醸 1.8L,10,282197,日本酒 / 1.8L,"Sake from Hyogo, 1.8L"
3001185,埼玉県産 コシヒカリ 精米 5kg,3,112461,米・パン / 5kg,"Rice and bread from Saitama, 5kg"
3001186,三重県 伝統こけし 1体,18,242098,工芸品・民芸品 / 1体,"Crafts and folk art from Mie, 1体"
3001187,大阪府 トイレットペーパー 72ロール,23,272191,日用品・雑貨 / 72ロール,"Household goods from Osaka, 72ロール"
3001188,長野県産 さくらんぼ 佐藤錦 500g,4,203629,果物 / 500g,"Fruit from Nagano, 500g"
3001189,新潟県産 あきたこまち 精米 10kg,3,152129,米・パン / 10kg,"Rice and bread from Niigata, 10kg"
3001190,岩手県 ホットプレート 1台,24,034843,家電・電化製品 / 1台,"Home appliances from Iwate, 1台"
3001191,大口町 伝統こけし 1体,18,233617,工芸品・民芸品 / 1体,"Crafts and folk art from Aichi, 1体"
3001192,長岡市産 コシヒカリ 精米 10kg,3,152021,米・パン / 10kg,"Rice and bread from Niigata, 10kg"
3001193,千葉県産 明太子 切子 1kg,2,122050,魚介類・海産物 / 1kg,"Seafood from Chiba, 1kg"
3001194,福井県 直火用 土鍋 1個,19,182010,陶磁器・ガラス / 1個,"Ceramics and glassware from Fukui, 1個"
3001195,南砺市産 純米吟醸 飲み比べ 720ml×3本,10,162108,日本酒 / 720ml×3本,"Sake from Toyama, 720ml×3本"
3001196,広川町産 冷凍スムージー 12本,15,303623,飲料・ジュース / 12本,"Beverages and juice from Wakayama, 12本"
3001197,富山県 和紙 便箋セット 1式,18,163431,工芸品・民芸品 / 1式,"Crafts and folk art from Toyama, 1式"
3001198,奈良県 海産物 定期便 毎月×6回,17,292125,定期便 / 毎月×6回,"Subscription deliveries from Nara, 毎月×6回"
3001199,北海道 無垢材スツール 1脚,20,013960,木工品・家具 / 1脚,"Woodwork and furniture from Hokkaido, 1脚"
3001200,千葉県産 天然水 2L×24本,15,122297,飲料・ジュース / 2L×24本,"Beverages and juice from Chiba, 2L×24本"
3001201,昭和村 猫用爪とぎ 3個,30,104485,ペット用品 / 3個,"Pet supplies from Gunma, 3個"
3001202,滋賀県 漆器 伝統工芸 1客,18,252131,工芸品・民芸品 / 1客,"Crafts and folk art from Shiga, 1客"
3001203,福岡県産 十割そば 10食,7,405442,麺類 / 10食,"Noodles from Fukuoka, 10食"
3001204,東村産 幸水梨 7kg,4,473031,果物 / 7kg,"Fruit from Okinawa, 7kg"
3001205,大阪府 洗剤 詰め合わせ 1式,23,273813,日用品・雑貨 / 1式,"Household goods from Osaka, 1式"
3001206,北海道産 和菓子 詰め合わせ 20個,9,012033,菓子・スイーツ / 20個,"Confectionery and sweets from Hokkaido, 20個"
3001207,八戸市産 銘柄鶏 もも肉 3kg,1,022039,肉・肉加工品 / 3kg,"Meat and meat products from Aomori, 3kg"
3001208,栃木県産 富有柿 5kg,4,092053,果物 / 5kg,"Fruit from Tochigi, 5kg"
3001209,上牧町産 メロン 秀品 1玉,4,294241,果物 / 1玉,"Fruit from Nara, 1玉"
3001210,福岡県産 ほたて貝柱 冷凍 1.5kg,2,404217,魚介類・海産物 / 1.5kg,"Seafood from Fukuoka, 1.5kg"
3001211,茨城県産 紅はるか さつまいも 5kg,5,082112,野菜・きのこ / 5kg,"Vegetables and mushrooms from Ibaraki, 5kg"
3001212,徳島県 デニムジーンズ 1本,21,362026,繊維・衣類 / 1本,"Textiles and apparel from Tokushima, 1本"
3001213,"岡山県 宿泊利用券 10,000円分",27,332097,"旅行券・宿泊券 / 10,000円分","Travel and accommodation vouchers from Okayama, 10,000円分"
3001214,宮崎県産 味付からあげ 2kg,8,452076,惣菜・加工品 / 2kg,"Prepared and processed foods from Miyazaki, 2kg"
3001215,筑西市 スキンケアセット 1式,22,082279,化粧品・美容 / 1式,"Cosmetics and beauty from Ibaraki, 1式"
3001216,大阪府産 佃煮 詰め合わせ 5種,8,272272,惣菜・加工品 / 5種,"Prepared and processed foods from Osaka, 5種"
3001217,愛媛県 靴下 詰め合わせ 10足,21,382078,繊維・衣類 / 10足,"Textiles and apparel from Ehime, 10足"
3001218,島根県産 のどぐろ 干物 3枚,2,322032,魚介類・海産物 / 3枚,"Seafood from Shimane, 3枚"
3001219,奈良県 綿100% 寝具カバー 1式,21,292044,繊維・衣類 / 1式,"Textiles and apparel from Nara, 1式"
3001220,宮崎県産 本格芋焼酎 900ml×2本,11,454290,焼酎・泡盛 / 900ml×2本,"Shochu and awamori from Miyazaki, 900ml×2本"
3001221,吉見町産 煎茶 詰め合わせ 100g×5袋,14,113476,茶・コーヒー / 100g×5袋,"Tea and coffee from Saitama, 100g×5袋"
3001222,愛知県産 佃煮 詰め合わせ 5種,8,232386,惣菜・加工品 / 5種,"Prepared and processed foods from Aichi, 5種"
3001223,沖縄県産 さくらんぼ 佐藤錦 500g,4,472123,果物 / 500g,"Fruit from Okinawa, 500g"
3001224,加須市産 佃煮 詰め合わせ 5種,8,112101,惣菜・加工品 / 5種,"Prepared and processed foods from Saitama, 5種"
3001225,愛知県産 バウムクーヘン 2個,9,232301,菓子・スイーツ / 2個,"Confectionery and sweets from Aichi, 2個"
3001226,愛知県産 だしパック 60袋,16,232068,調味料・油 / 60袋,"Seasonings and oils from Aichi, 60袋"
3001227,群馬県産 国産小麦パスタ 10袋,7,104434,麺類 / 10袋,"Noodles from Gunma, 10袋"
3001228,新篠津村産 スモーク鴨ロース 400g,1,013048,肉・肉加工品 / 400g,"Meat and meat products from Hokkaido, 400g"
3001229,西川町産 ひとめぼれ 無洗米 5kg,3,063223,米・パン / 5kg,"Rice and bread from Yamagata, 5kg"
3001230,阿見町 観葉植物 1鉢,29,084433,花・観葉植物 / 1鉢,"Flowers and plants from Ibaraki, 1鉢"
3001231,葛城市 陶器 マグカップ 2個,19,292117,陶磁器・ガラス / 2個,"Ceramics and glassware from Nara, 2個"
3001232,北海道産 ほたて貝柱 冷凍 500g,2,012271,魚介類・海産物 / 500g,"Seafood from Hokkaido, 500g"
3001233,島根県産 えごま油・亜麻仁油 180g×2本,16,323438,調味料・油 / 180g×2本,"Seasonings and oils from Shimane, 180g×2本"
3001234,嬉野市産 長期貯蔵 麦焼酎 1.8L,11,412091,焼酎・泡盛 / 1.8L,"Shochu and awamori from Saga, 1.8L"
3001235,北海道産 紅はるか さつまいも 10kg,5,014711,野菜・きのこ / 10kg,"Vegetables and mushrooms from Hokkaido, 10kg"
3001236,愛媛県産 生うに 200g,2,384011,魚介類・海産物 / 200g,"Seafood from Ehime, 200g"
3001237,千葉県産 あじ開き 10枚,2,122041,魚介類・海産物 / 10枚,"Seafood from Chiba, 10枚"
3001238,五所川原市産 味付ジンギスカン 2kg,1,022055,肉・肉加工品 / 2kg,"Meat and meat products from Aomori, 2kg"
3001239,北海道産 チーズケーキ 2台,9,016675,菓子・スイーツ / 2台,"Confectionery and sweets from Hokkaido, 2台"
3001240,綾瀬市 洗剤 詰め合わせ 1式,23,142182,日用品・雑貨 / 1式,"Household goods from Kanagawa, 1式"
3001241,鳥取県産 ボイル毛がに 1尾 500g,2,312011,魚介類・海産物 / 1尾 500g,"Seafood from Tottori, 1尾 500g"
3001242,福島県産 食パン 詰め合わせ 3斤,3,074233,米・パン / 3斤,"Rice and bread from Fukushima, 3斤"
3001243,徳島県産 紅はるか さつまいも 5kg,5,362077,野菜・きのこ / 5kg,"Vegetables and mushrooms from Tokushima, 5kg"
3001244,岩手県産 干物 詰め合わせ 8枚,2,035068,魚介類・海産物 / 8枚,"Seafood from Iwate, 8枚"
3001245,北海道産 ボイル毛がに 2尾,2,012335,魚介類・海産物 / 2尾,"Seafood from Hokkaido, 2尾"
3001246,北海道産 アイスクリーム 詰め合わせ 18個,6,014729,卵・乳製品 / 18個,"Eggs and dairy from Hokkaido, 18個"
3001247,群馬県 デニムジーンズ 1本,21,102121,繊維・衣類 / 1本,"Textiles and apparel from Gunma, 1本"
3001248,山形県産 豚ロース しゃぶしゃぶ用 800g,1,062014,肉・肉加工品 / 800g,"Meat and meat products from Yamagata, 800g"
3001249,宮城県産 スモーク鴨ロース 400g,1,042161,肉・肉加工品 / 400g,"Meat and meat products from Miyagi, 400g"
3001250,福岡県産 黒毛和牛 切り落とし 1.5kg,1,402311,肉・肉加工品 / 1.5kg,"Meat and meat products from Fukuoka, 1.5kg"
3001251,大田区 洗剤 詰め合わせ 1式,23,131113,日用品・雑貨 / 1式,"Household goods from Tokyo, 1式"
3001252,東京都 国産材 積み木 1式,25,132225,文具・玩具 / 1式,"Stationery and toys from Tokyo, 1式"
3001253,茨城県産 レトルトカレー 詰め合わせ 10食,8,082082,惣菜・加工品 / 10食,"Prepared and processed foods from Ibaraki, 10食"
3001254,大阪府産 和菓子 詰め合わせ 12個,9,273228,菓子・スイーツ / 12個,"Confectionery and sweets from Osaka, 12個"
3001255,宮城県産 コシヒカリ 精米 10kg,3,042072,米・パン / 10kg,"Rice and bread from Miyagi, 10kg"
3001256,北海道産 チーズケーキ 1台,9,013463,菓子・スイーツ / 1台,"Confectionery and sweets from Hokkaido, 1台"
3001257,岐阜県 和紙 便箋セット 1式,18,212024,工芸品・民芸品 / 1式,"Crafts and folk art from Gifu, 1式"
3001258,"沖縄県 宿泊利用券 10,000円分",27,472131,"旅行券・宿泊券 / 10,000円分","Travel and accommodation vouchers from Okinawa, 10,000円分"
3001259,岐阜県 木製食器セット 4点,20,213837,木工品・家具 / 4点,"Woodwork and furniture from Gifu, 4点"
3001260,大阪府 包丁研ぎ器 1個,23,271403,日用品・雑貨 / 1個,"Household goods from Osaka, 1個"
3001261,和歌山県産 ぽん酢・ドレッシング 5本,16,302091,調味料・油 / 5本,"Seasonings and oils from Wakayama, 5本"
3001262,町田市 靴下 詰め合わせ 10足,21,132098,繊維・衣類 / 10足,"Textiles and apparel from Tokyo, 10足"
3001263,大田市 スキンケアセット 1式,22,322059,化粧品・美容 / 1式,"Cosmetics and beauty from Shimane, 1式"
3001264,大野市産 純米吟醸 飲み比べ 720ml×3本,10,182052,日本酒 / 720ml×3本,"Sake from Fukui, 720ml×3本"
3001265,横手市産 スモーク鴨ロース 400g,1,052035,肉・肉加工品 / 400g,"Meat and meat products from Akita, 400g"
3001266,山口県産 ゆめぴりか 精米 10kg,3,353442,米・パン / 10kg,"Rice and bread from Yamaguchi, 10kg"
3001267,豊後大野市産 本格芋焼酎 1.8L,11,442127,焼酎・泡盛 / 1.8L,"Shochu and awamori from Oita, 1.8L"
3001268,大分県産 ベーコン・ソーセージセット 1.2kg,1,442038,肉・肉加工品 / 1.2kg,"Meat and meat products from Oita, 1.2kg"
3001269,茨城県 胡蝶蘭 鉢植え 1鉢,29,082198,花・観葉植物 / 1鉢,"Flowers and plants from Ibaraki, 1鉢"
3001270,岡山市 ガラス酒器 1式,19,331007,陶磁器・ガラス / 1式,"Ceramics and glassware from Okayama, 1式"
3001271,北海道産 生乳100%牛乳 1L×12本,6,011002,卵・乳製品 / 1L×12本,"Eggs and dairy from Hokkaido, 1L×12本"
3001272,桜川市産 高糖度トマト 2kg,5,082317,野菜・きのこ / 2kg,"Vegetables and mushrooms from Ibaraki, 2kg"
3001273,東京都産 天然水 2L×12本,15,132144,飲料・ジュース / 2L×12本,"Beverages and juice from Tokyo, 2L×12本"
3001274,東海村産 黒毛和牛 切り落とし 500g,1,083411,肉・肉加工品 / 500g,"Meat and meat products from Ibaraki, 500g"
3001275,宮古市産 ゆめぴりか 精米 5kg,3,032026,米・パン / 5kg,"Rice and bread from Iwate, 5kg"
3001276,熊本県産 高糖度トマト 3kg,5,434418,野菜・きのこ / 3kg,"Vegetables and mushrooms from Kumamoto, 3kg"
3001277,北海道産 平飼いたまご 30個,6,012254,卵・乳製品 / 30個,"Eggs and dairy from Hokkaido, 30個"
3001278,千葉県産 ずわいがに 脚 800g,2,124214,魚介類・海産物 / 800g,"Seafood from Chiba, 800g"
3001279,秋田県産 生ラーメン セット 16食,7,052094,麺類 / 16食,"Noodles from Akita, 16食"
3001280,福島県産 特別栽培米 玄米 10kg,3,074217,米・パン / 10kg,"Rice and bread from Fukushima, 10kg"
3001281,留寿都村産 高糖度トマト 2kg,5,013978,野菜・きのこ / 2kg,"Vegetables and mushrooms from Hokkaido, 2kg"
3001282,青森県産 完熟マンゴー 1kg,4,024023,果物 / 1kg,"Fruit from Aomori, 1kg"
3001283,茨城県産 漬物 詰め合わせ 10種,8,085464,惣菜・加工品 / 10種,"Prepared and processed foods from Ibaraki, 10種"
3001284,出雲崎町産 稲庭うどん 1.2kg,7,154059,麺類 / 1.2kg,"Noodles from Niigata, 1.2kg"
3001285,北広島市産 黒毛和牛 切り落とし 1.5kg,1,012343,肉・肉加工品 / 1.5kg,"Meat and meat products from Hokkaido, 1.5kg"
3001286,山口県産 純米吟醸 飲み比べ 720ml×3本,10,352039,日本酒 / 720ml×3本,"Sake from Yamaguchi, 720ml×3本"
3001287,大阪府 洗剤 詰め合わせ 1式,23,272248,日用品・雑貨 / 1式,"Household goods from Osaka, 1式"
3001288,南砺市 和紙 便箋セット 1式,18,162108,工芸品・民芸品 / 1式,"Crafts and folk art from Toyama, 1式"
3001289,古平町産 平飼いたまご 60個,6,014061,卵・乳製品 / 60個,"Eggs and dairy from Hokkaido, 60個"
3001290,長野県産 生ラーメン セット 10食,7,204820,麺類 / 10食,"Noodles from Nagano, 10食"
3001291,山形県産 温州みかん 10kg,4,062065,果物 / 10kg,"Fruit from Yamagata, 10kg"
3001292,尾張旭市産 和菓子 詰め合わせ 20個,9,232262,菓子・スイーツ / 20個,"Confectionery and sweets from Aichi, 20個"
3001293,佐世保市産 プリン 詰め合わせ 8個,9,422029,菓子・スイーツ / 8個,"Confectionery and sweets from Nagasaki, 8個"
3001294,泉大津市産 和菓子 詰め合わせ 12個,9,272060,菓子・スイーツ / 12個,"Confectionery and sweets from Osaka, 12個"
3001295,宮崎県産 燻製 詰め合わせ 8種,8,454044,惣菜・加工品 / 8種,"Prepared and processed foods from Miyazaki, 8種"
3001296,長野県 木製パズル 1点,25,205613,文具・玩具 / 1点,"Stationery and toys from Nagano, 1点"
3001297,千葉県産 うなぎ蒲焼 2尾,2,122025,魚介類・海産物 / 2尾,"Seafood from Chiba, 2尾"
3001298,愛知県産 燻製 詰め合わせ 8種,8,232190,惣菜・加工品 / 8種,"Prepared and processed foods from Aichi, 8種"
3001299,秋田県産 あきたこまち 精米 5kg,3,052108,米・パン / 5kg,"Rice and bread from Akita, 5kg"
3001300,愛知県 今治タオル セット 8枚,21,232033,繊維・衣類 / 8枚,"Textiles and apparel from Aichi, 8枚"
3001301,伊達市産 白桃 2kg,4,072133,果物 / 2kg,"Fruit from Fukushima, 2kg"
3001302,鹿屋市産 米焼酎 飲み比べ 720ml×3本,11,462039,焼酎・泡盛 / 720ml×3本,"Shochu and awamori from Kagoshima, 720ml×3本"
3001303,善通寺市産 厚切り牛タン 500g,1,372048,肉・肉加工品 / 500g,"Meat and meat products from Kagawa, 500g"
3001304,大分県産 泡盛 古酒 720ml,11,442119,焼酎・泡盛 / 720ml,"Shochu and awamori from Oita, 720ml"
3001305,新潟県産 半生讃岐うどん 20食,7,152129,麺類 / 20食,"Noodles from Niigata, 20食"
3001306,橿原市産 ドリップコーヒー 50袋,14,292052,茶・コーヒー / 50袋,"Tea and coffee from Nara, 50袋"
3001307,飯南町産 季節限定 生酒 720ml×2本,10,323861,日本酒 / 720ml×2本,"Sake from Shimane, 720ml×2本"
3001308,茨城県産 とうもろこし 20本,5,082198,野菜・きのこ / 20本,"Vegetables and mushrooms from Ibaraki, 20本"
3001309,長野県産 紅はるか さつまいも 10kg,5,202011,野菜・きのこ / 10kg,"Vegetables and mushrooms from Nagano, 10kg"
3001310,湖西市産 ドリップコーヒー 50袋,14,222216,茶・コーヒー / 50袋,"Tea and coffee from Shizuoka, 50袋"
3001311,佐賀県 竹細工かご 1点,18,412066,工芸品・民芸品 / 1点,"Crafts and folk art from Saga, 1点"
3001312,埼玉県 今治タオル セット 8枚,21,112381,繊維・衣類 / 8枚,"Textiles and apparel from Saitama, 8枚"
3001313,香川県産 サンふじりんご 10kg,4,372013,果物 / 10kg,"Fruit from Kagawa, 10kg"
3001314,石川県産 ずわいがに 脚 1.2kg,2,173614,魚介類・海産物 / 1.2kg,"Seafood from Ishikawa, 1.2kg"
3001315,鹿児島県産 サーモン 刺身用 600g,2,462080,魚介類・海産物 / 600g,"Seafood from Kagoshima, 600g"
3001316,山形県産 シャインマスカット 4房,4,063231,果物 / 4房,"Fruit from Yamagata, 4房"
3001317,肝付町産 泡盛 古酒 1.8L,11,464929,焼酎・泡盛 / 1.8L,"Shochu and awamori from Kagoshima, 1.8L"
3001318,沖縄県産 サンふじりんご 5kg,4,473570,果物 / 5kg,"Fruit from Okinawa, 5kg"
3001319,高知県産 サーモン 刺身用 600g,2,392065,魚介類・海産物 / 600g,"Seafood from Kochi, 600g"
3001320,青森県産 ずわいがに 脚 1.2kg,2,022063,魚介類・海産物 / 1.2kg,"Seafood from Aomori, 1.2kg"
3001321,周南市産 食パン 詰め合わせ 3斤,3,352152,米・パン / 3斤,"Rice and bread from Yamaguchi, 3斤"
3001322,常陸太田市産 漬物 詰め合わせ 10種,8,082121,惣菜・加工品 / 10種,"Prepared and processed foods from Ibaraki, 10種"
3001323,和歌山県産 あまおういちご 540g,4,304271,果物 / 540g,"Fruit from Wakayama, 540g"
3001324,愛知県産 ぽん酢・ドレッシング 5本,16,232122,調味料・油 / 5本,"Seasonings and oils from Aichi, 5本"
3001325,宇部市産 真鯛 フィレ 1kg,2,352021,魚介類・海産物 / 1kg,"Seafood from Yamaguchi, 1kg"
3001326,熊本県産 サンふじりんご 10kg,4,434477,果物 / 10kg,"Fruit from Kumamoto, 10kg"
3001327,千葉県産 たまねぎ 10kg,5,122386,野菜・きのこ / 10kg,"Vegetables and mushrooms from Chiba, 10kg"
3001328,沖縄県 今治タオル セット 8枚,21,472140,繊維・衣類 / 8枚,"Textiles and apparel from Okinawa, 8枚"
3001329,千葉県産 果汁100%ジュース 1L×6本,15,122301,飲料・ジュース / 1L×6本,"Beverages and juice from Chiba, 1L×6本"
3001330,黒部市産 特別純米酒 720ml×2本,10,162078,日本酒 / 720ml×2本,"Sake from Toyama, 720ml×2本"
3001331,滋賀県産 ベーコン・ソーセージセット 1.2kg,1,254428,肉・肉加工品 / 1.2kg,"Meat and meat products from Shiga, 1.2kg"
3001332,茨城県産 ハンバーグ 詰め合わせ 10個,1,082244,肉・肉加工品 / 10個,"Meat and meat products from Ibaraki, 10個"
3001333,沼津市産 うなぎ蒲焼 3尾,2,222038,魚介類・海産物 / 3尾,"Seafood from Shizuoka, 3尾"
3001334,久万高原町 シルクスカーフ 1枚,21,383864,繊維・衣類 / 1枚,"Textiles and apparel from Ehime, 1枚"
3001335,岩手県産 食パン 詰め合わせ 3斤,3,032158,米・パン / 3斤,"Rice and bread from Iwate, 3斤"
3001336,熊本県産 米焼酎 飲み比べ 720ml×3本,11,432156,焼酎・泡盛 / 720ml×3本,"Shochu and awamori from Kumamoto, 720ml×3本"
3001337,北海道産 いくら醤油漬け 500g,2,015628,魚介類・海産物 / 500g,"Seafood from Hokkaido, 500g"
3001338,南アルプス市産 燻製 詰め合わせ 5種,8,192082,惣菜・加工品 / 5種,"Prepared and processed foods from Yamanashi, 5種"
3001339,静岡県産 だいだい 3kg,4,222054,果物 / 3kg,"Shizuoka daidai citrus, 3 kg"
3001340,鳥取県 陶芸 体験チケット 2名,28,312011,体験・チケット / 2名,"Experiences and tickets from Tottori, 2名"
3001341,鹿島市産 米焼酎 飲み比べ 720ml×3本,11,412074,焼酎・泡盛 / 720ml×3本,"Shochu and awamori from Saga, 720ml×3本"
3001342,滋賀県 和紙 便箋セット 1式,18,252115,工芸品・民芸品 / 1式,"Crafts and folk art from Shiga, 1式"
3001343,足利市 木製パズル 1点,25,092029,文具・玩具 / 1点,"Stationery and toys from Tochigi, 1点"
3001344,香美市産 だしパック 60袋,16,392120,調味料・油 / 60袋,"Seasonings and oils from Kochi, 60袋"
3001345,和歌山県産 温州みかん 5kg,4,302058,果物 / 5kg,"Fruit from Wakayama, 5kg"
3001346,北海道産 男爵じゃがいも 20kg,5,013617,野菜・きのこ / 20kg,"Vegetables and mushrooms from Hokkaido, 20kg"
3001347,茨城県産 紅はるか さつまいも 10kg,5,085219,野菜・きのこ / 10kg,"Vegetables and mushrooms from Ibaraki, 10kg"
3001348,伊那市産 白桃 3kg,4,202096,果物 / 3kg,"Fruit from Nagano, 3kg"
3001349,福岡県産 半生讃岐うどん 20食,7,401005,麺類 / 20食,"Noodles from Fukuoka, 20食"
3001350,伊万里市産 ずわいがに 脚 800g,2,412058,魚介類・海産物 / 800g,"Seafood from Saga, 800g"
3001351,川場村産 味付ジンギスカン 2kg,1,104442,肉・肉加工品 / 2kg,"Meat and meat products from Gunma, 2kg"
3001352,福島県産 ゆめぴりか 精米 5kg,3,075019,米・パン / 5kg,"Rice and bread from Fukushima, 5kg"
3001353,紀宝町産 和牛 焼肉セット 1kg,1,245623,肉・肉加工品 / 1kg,"Meat and meat products from Mie, 1kg"
3001354,大阪府 クルーズ 乗船券 2名,28,271403,体験・チケット / 2名,"Experiences and tickets from Osaka, 2名"
3001355,愛媛県 シルクスカーフ 1枚,21,382132,繊維・衣類 / 1枚,"Textiles and apparel from Ehime, 1枚"
3001356,福島県産 ゆめぴりか 精米 5kg,3,074659,米・パン / 5kg,"Rice and bread from Fukushima, 5kg"
3001357,甲良町産 コシヒカリ 精米 10kg,3,254428,米・パン / 10kg,"Rice and bread from Shiga, 10kg"
3001358,山口県産 つや姫 精米 10kg,3,352128,米・パン / 10kg,"Rice and bread from Yamaguchi, 10kg"
3001359,神奈川県 トイレットペーパー 72ロール,23,141500,日用品・雑貨 / 72ロール,"Household goods from Kanagawa, 72ロール"
3001360,川崎町産 銘柄鶏 もも肉 3kg,1,043249,肉・肉加工品 / 3kg,"Meat and meat products from Miyagi, 3kg"
3001361,北海道産 乾燥しいたけ 500g,5,014273,野菜・きのこ / 500g,"Vegetables and mushrooms from Hokkaido, 500g"
3001362,串間市産 佃煮 詰め合わせ 5種,8,452076,惣菜・加工品 / 5種,"Prepared and processed foods from Miyazaki, 5種"
3001363,つがる市産 とうもろこし 12本,5,022098,野菜・きのこ / 12本,"Vegetables and mushrooms from Aomori, 12本"
3001364,みやき町産 ずわいがに 脚 1.2kg,2,413461,魚介類・海産物 / 1.2kg,"Seafood from Saga, 1.2kg"
3001365,鳥取県産 スモーク鴨ロース 600g,1,312011,肉・肉加工品 / 600g,"Meat and meat products from Tottori, 600g"
3001366,新上五島町産 和菓子 詰め合わせ 12個,9,424111,菓子・スイーツ / 12個,"Confectionery and sweets from Nagasaki, 12個"
3001367,鶴ヶ島市産 コシヒカリ 精米 5kg,3,112411,米・パン / 5kg,"Rice and bread from Saitama, 5kg"
3001368,東京都 クルーズ 乗船券 2名,28,132195,体験・チケット / 2名,"Experiences and tickets from Tokyo, 2名"
3001369,三木町 無垢材スツール 1脚,20,373419,木工品・家具 / 1脚,"Woodwork and furniture from Kagawa, 1脚"
3001370,東京都産 和菓子 詰め合わせ 12個,9,131024,菓子・スイーツ / 12個,"Confectionery and sweets from Tokyo, 12個"
3001371,竹田市産 和菓子 詰め合わせ 20個,9,442089,菓子・スイーツ / 20個,"Confectionery and sweets from Oita, 20個"
3001372,福井県産 あきたこまち 精米 5kg,3,182010,米・パン / 5kg,"Rice and bread from Fukui, 5kg"
3001373,津島市 今治タオル セット 8枚,21,232084,繊維・衣類 / 8枚,"Textiles and apparel from Aichi, 8枚"
3001374,山口県産 燻製 詰め合わせ 5種,8,352071,惣菜・加工品 / 5種,"Prepared and processed foods from Yamaguchi, 5種"
3001375,小野町産 完熟マンゴー 1kg,4,075221,果物 / 1kg,"Fruit from Fukushima, 1kg"
3001376,北海道産 生うに 200g,2,015814,魚介類・海産物 / 200g,"Seafood from Hokkaido, 200g"
3001377,北海道産 サーモン 刺身用 600g,2,012165,魚介類・海産物 / 600g,"Seafood from Hokkaido, 600g"
3001378,今治市産 明太子 切子 500g,2,382027,魚介類・海産物 / 500g,"Seafood from Ehime, 500g"
3001379,愛知県産 煎茶 詰め合わせ 100g×5袋,14,232092,茶・コーヒー / 100g×5袋,"Tea and coffee from Aichi, 100g×5袋"
3001380,北海道産 とうもろこし 12本,5,012131,野菜・きのこ / 12本,"Vegetables and mushrooms from Hokkaido, 12本"
3001381,"藤沢市 観光施設 利用券 5,000円分",27,142051,"旅行券・宿泊券 / 5,000円分","Travel and accommodation vouchers from Kanagawa, 5,000円分"
3001382,扶桑町産 ぽん酢・ドレッシング 5本,16,233625,調味料・油 / 5本,"Seasonings and oils from Aichi, 5本"
3001383,長野県 国産材 積み木 1式,25,204072,文具・玩具 / 1式,"Stationery and toys from Nagano, 1式"
3001384,香川県産 和牛 焼肉セット 600g,1,372021,肉・肉加工品 / 600g,"Meat and meat products from Kagawa, 600g"
3001385,岩手県産 ひとめぼれ 無洗米 10kg,3,032115,米・パン / 10kg,"Rice and bread from Iwate, 10kg"
3001386,徳島県産 サンふじりんご 5kg,4,362026,果物 / 5kg,"Fruit from Tokushima, 5kg"
3001387,兵庫県産 ぽん酢・ドレッシング 5本,16,282154,調味料・油 / 5本,"Seasonings and oils from Hyogo, 5本"
3001388,千葉県産 ボイル毛がに 1尾 500g,2,123471,魚介類・海産物 / 1尾 500g,"Seafood from Chiba, 1尾 500g"
3001389,山口県産 あじ開き 10枚,2,353418,魚介類・海産物 / 10枚,"Seafood from Yamaguchi, 10枚"
3001390,千葉県産 果汁100%ジュース 180ml×24本,15,122068,飲料・ジュース / 180ml×24本,"Beverages and juice from Chiba, 180ml×24本"
3001391,愛知県産 ジェラート 詰め合わせ 12個,9,232289,菓子・スイーツ / 12個,"Confectionery and sweets from Aichi, 12個"
3001392,千早赤阪村産 カステラ 詰め合わせ 3本,9,273830,菓子・スイーツ / 3本,"Confectionery and sweets from Osaka, 3本"
3001393,山形県産 季節限定 生酒 720ml×2本,10,062022,日本酒 / 720ml×2本,"Sake from Yamagata, 720ml×2本"
3001394,兵庫県産 味付ジンギスカン 1kg,1,282286,肉・肉加工品 / 1kg,"Meat and meat products from Hyogo, 1kg"
3001395,北海道産 発酵バター 200g×3個,6,015555,卵・乳製品 / 200g×3個,"Eggs and dairy from Hokkaido, 200g×3個"
3001396,長野県産 樽熟成 赤ワイン 750ml,13,203840,ワイン / 750ml,"Wine from Nagano, 750ml"
3001397,諏訪市産 辛口 白ワイン 750ml×2本,13,202061,ワイン / 750ml×2本,"Wine from Nagano, 750ml×2本"
3001398,蘭越町産 アイスクリーム 詰め合わせ 18個,6,013943,卵・乳製品 / 18個,"Eggs and dairy from Hokkaido, 18個"
3001399,北海道産 平飼いたまご 60個,6,012165,卵・乳製品 / 60個,"Eggs and dairy from Hokkaido, 60個"
3001400,秋田県産 十割そば 10食,7,052035,麺類 / 10食,"Noodles from Akita, 10食"
3001401,愛媛県産 冷凍スムージー 12本,15,384844,飲料・ジュース / 12本,"Beverages and juice from Ehime, 12本"
3001402,宮崎県産 燻製 詰め合わせ 8種,8,453412,惣菜・加工品 / 8種,"Prepared and processed foods from Miyazaki, 8種"
3001403,五泉市産 純米大吟醸 1.8L,10,152188,日本酒 / 1.8L,"Sake from Niigata, 1.8L"
3001404,岐阜県 シルクスカーフ 1枚,21,212130,繊維・衣類 / 1枚,"Textiles and apparel from Gifu, 1枚"
3001405,神奈川県 果物狩り 体験チケット 2名,28,142069,体験・チケット / 2名,"Experiences and tickets from Kanagawa, 2名"
3001406,福岡県産 半生讃岐うどん 20食,7,402079,麺類 / 20食,"Noodles from Fukuoka, 20食"
3001407,今別町産 富有柿 5kg,4,023035,果物 / 5kg,"Fruit from Aomori, 5kg"
3001408,旭川市産 カステラ 詰め合わせ 3本,9,012041,菓子・スイーツ / 3本,"Confectionery and sweets from Hokkaido, 3本"
3001409,松江市産 黒毛和牛 切り落とし 1kg,1,322016,肉・肉加工品 / 1kg,"Meat and meat products from Shimane, 1kg"
3001410,愛媛県 今治タオル セット 5枚,21,382078,繊維・衣類 / 5枚,"Textiles and apparel from Ehime, 5枚"
3001411,沖縄県産 サンふじりんご 10kg,4,472093,果物 / 10kg,"Fruit from Okinawa, 10kg"
3001412,東京都 洗剤 詰め合わせ 1式,23,131113,日用品・雑貨 / 1式,"Household goods from Tokyo, 1式"
3001413,岐阜県 無垢材スツール 1脚,20,212156,木工品・家具 / 1脚,"Woodwork and furniture from Gifu, 1脚"
3001414,高松市 観葉植物 1鉢,29,372013,花・観葉植物 / 1鉢,"Flowers and plants from Kagawa, 1鉢"
3001415,神戸町産 スモーク鴨ロース 400g,1,213811,肉・肉加工品 / 400g,"Meat and meat products from Gifu, 400g"
3001416,千葉県産 黒毛和牛 サーロインステーキ 400g,1,122394,肉・肉加工品 / 400g,"Meat and meat products from Chiba, 400g"
3001417,兵庫県産 あじ開き 20枚,2,282171,魚介類・海産物 / 20枚,"Seafood from Hyogo, 20枚"
3001418,高山市産 チーズケーキ 2台,9,212032,菓子・スイーツ / 2台,"Confectionery and sweets from Gifu, 2台"
3001419,北海道産 アスパラガス 1kg,5,012114,野菜・きのこ / 1kg,"Vegetables and mushrooms from Hokkaido, 1kg"
3001420,幌延町産 ボイル毛がに 1尾 500g,2,015202,魚介類・海産物 / 1尾 500g,"Seafood from Hokkaido, 1尾 500g"
3001421,和泉市 タオル 詰め合わせ 10枚,23,272191,日用品・雑貨 / 10枚,"Household goods from Osaka, 10枚"
3001422,宮代町産 ドリップコーヒー 50袋,14,114421,茶・コーヒー / 50袋,"Tea and coffee from Saitama, 50袋"
3001423,長崎県 和紙 便箋セット 1式,18,422045,工芸品・民芸品 / 1式,"Crafts and folk art from Nagasaki, 1式"
3001424,京都府 ガラス酒器 1式,19,262129,陶磁器・ガラス / 1式,"Ceramics and glassware from Kyoto, 1式"
3001425,兵庫県産 ベーコン・ソーセージセット 1.8kg,1,282014,肉・肉加工品 / 1.8kg,"Meat and meat products from Hyogo, 1.8kg"
3001426,宮城県産 うなぎ蒲焼 3尾,2,042030,魚介類・海産物 / 3尾,"Seafood from Miyagi, 3尾"
3001427,群馬県産 紅はるか さつまいも 5kg,5,102041,野菜・きのこ / 5kg,"Vegetables and mushrooms from Gunma, 5kg"
3001428,土岐市 陶器 マグカップ 2個,19,212121,陶磁器・ガラス / 2個,"Ceramics and glassware from Gifu, 2個"
3001429,東京都 トイレットペーパー 72ロール,23,131130,日用品・雑貨 / 72ロール,"Household goods from Tokyo, 72ロール"
3001430,熊本県産 アスパラガス 1kg,5,433691,野菜・きのこ / 1kg,"Vegetables and mushrooms from Kumamoto, 1kg"
3001431,杵築市産 佃煮 詰め合わせ 5種,8,442101,惣菜・加工品 / 5種,"Prepared and processed foods from Oita, 5種"
3001432,栃木県産 発酵バター 200g×3個,6,092118,卵・乳製品 / 200g×3個,"Eggs and dairy from Tochigi, 200g×3個"
3001433,茨城県産 アスパラガス 1kg,5,083101,野菜・きのこ / 1kg,"Vegetables and mushrooms from Ibaraki, 1kg"
3001434,三重県産 プリン 詰め合わせ 8個,9,242128,菓子・スイーツ / 8個,"Confectionery and sweets from Mie, 8個"
3001435,田辺市 木製パズル 1点,25,302066,文具・玩具 / 1点,"Stationery and toys from Wakayama, 1点"
3001436,黒滝村産 シャインマスカット 2房,4,294446,果物 / 2房,"Fruit from Nara, 2房"
3001437,北海道産 スモーク鴨ロース 400g,1,012106,肉・肉加工品 / 400g,"Meat and meat products from Hokkaido, 400g"
3001438,岩国市産 燻製 詰め合わせ 8種,8,352080,惣菜・加工品 / 8種,"Prepared and processed foods from Yamaguchi, 8種"
3001439,秩父市産 どら焼き 詰め合わせ 12個,9,112071,菓子・スイーツ / 12個,"Confectionery and sweets from Saitama, 12個"
3001440,神奈川県産 自家焙煎コーヒー豆 200g×3袋,14,142018,茶・コーヒー / 200g×3袋,"Tea and coffee from Kanagawa, 200g×3袋"
3001441,静岡県産 温州みかん 10kg,4,222119,果物 / 10kg,"Fruit from Shizuoka, 10kg"
3001442,埼玉県産 佃煮 詰め合わせ 5種,8,112216,惣菜・加工品 / 5種,"Prepared and processed foods from Saitama, 5種"
3001443,鹿児島県産 季節の野菜 詰め合わせ 10品目,5,462144,野菜・きのこ / 10品目,"Vegetables and mushrooms from Kagoshima, 10品目"
3001444,千葉県産 季節の野菜 詰め合わせ 15品目,5,122033,野菜・きのこ / 15品目,"Vegetables and mushrooms from Chiba, 15品目"
3001445,北海道産 飲むヨーグルト 900ml×12本,6,016632,卵・乳製品 / 900ml×12本,"Eggs and dairy from Hokkaido, 900ml×12本"
3001446,湖西市産 抹茶 詰め合わせ 30g×3缶,14,222216,茶・コーヒー / 30g×3缶,"Tea and coffee from Shizuoka, 30g×3缶"
3001447,長野県産 国産小麦パスタ 10袋,7,204510,麺類 / 10袋,"Noodles from Nagano, 10袋"
3001448,長野県産 辛口 白ワイン 750ml×2本,13,204102,ワイン / 750ml×2本,"Wine from Nagano, 750ml×2本"
3001449,竹田市産 泡盛 古酒 720ml,11,442089,焼酎・泡盛 / 720ml,"Shochu and awamori from Oita, 720ml"
3001450,長野県 温泉旅館 ペア宿泊券 1泊2食付,27,202011,旅行券・宿泊券 / 1泊2食付,"Travel and accommodation vouchers from Nagano, 1泊2食付"
3001451,美濃加茂市産 和牛 焼肉セット 1kg,1,212113,肉・肉加工品 / 1kg,"Meat and meat products from Gifu, 1kg"
3001452,愛知県産 バウムクーヘン 4個,9,232050,菓子・スイーツ / 4個,"Confectionery and sweets from Aichi, 4個"
3001453,島根県産 特別純米酒 1.8L,10,322032,日本酒 / 1.8L,"Sake from Shimane, 1.8L"
3001454,長野県産 乾燥しいたけ 300g,5,202029,野菜・きのこ / 300g,"Vegetables and mushrooms from Nagano, 300g"
3001455,さいたま市産 佃煮 詰め合わせ 5種,8,111007,惣菜・加工品 / 5種,"Prepared and processed foods from Saitama, 5種"
3001456,東京都産 味噌 詰め合わせ 1kg×3個,16,132250,調味料・油 / 1kg×3個,"Seasonings and oils from Tokyo, 1kg×3個"
3001457,山口県産 チーズケーキ 2台,9,352128,菓子・スイーツ / 2台,"Confectionery and sweets from Yamaguchi, 2台"
3001458,兵庫県産 うなぎ蒲焼 5尾,2,282189,魚介類・海産物 / 5尾,"Seafood from Hyogo, 5尾"
3001459,南九州市産 のどぐろ 干物 3枚,2,462233,魚介類・海産物 / 3枚,"Seafood from Kagoshima, 3枚"
3001460,兵庫県産 純米大吟醸 720ml×2本,10,282243,日本酒 / 720ml×2本,"Sake from Hyogo, 720ml×2本"
3001461,山梨県産 天然水 炭酸水 500ml×48本,15,192066,飲料・ジュース / 500ml×48本,"Beverages and juice from Yamanashi, 500ml×48本"
3001462,長与町産 銘柄鶏 もも肉 4kg,1,423076,肉・肉加工品 / 4kg,"Meat and meat products from Nagasaki, 4kg"
3001463,小山市産 チーズ 詰め合わせ 6種,6,092088,卵・乳製品 / 6種,"Eggs and dairy from Tochigi, 6種"
3001464,千葉県産 紅はるか さつまいも 5kg,5,122122,野菜・きのこ / 5kg,"Vegetables and mushrooms from Chiba, 5kg"
3001465,鷹栖町産 高糖度トマト 3kg,5,014524,野菜・きのこ / 3kg,"Vegetables and mushrooms from Hokkaido, 3kg"
3001466,小牧市 今治タオル セット 8枚,21,232190,繊維・衣類 / 8枚,"Textiles and apparel from Aichi, 8枚"
3001467,石巻市産 冷凍餃子 50個,8,042021,惣菜・加工品 / 50個,"Prepared and processed foods from Miyagi, 50個"
3001468,広島県産 国産紅茶 50g×4袋,14,342033,茶・コーヒー / 50g×4袋,"Tea and coffee from Hiroshima, 50g×4袋"
3001469,南三陸町産 抹茶 詰め合わせ 30g×3缶,14,046060,茶・コーヒー / 30g×3缶,"Tea and coffee from Miyagi, 30g×3缶"
3001470,熊本県産 豚ロース しゃぶしゃぶ用 2kg,1,432105,肉・肉加工品 / 2kg,"Meat and meat products from Kumamoto, 2kg"
3001471,小海町産 生ラーメン セット 16食,7,203033,麺類 / 16食,"Noodles from Nagano, 16食"
3001472,福岡県産 カステラ 詰め合わせ 3本,9,403831,菓子・スイーツ / 3本,"Confectionery and sweets from Fukuoka, 3本"
3001473,市原市産 天然水 2L×24本,15,122190,飲料・ジュース / 2L×24本,"Beverages and juice from Chiba, 2L×24本"
3001474,奈良県 シルクスカーフ 1枚,21,292061,繊維・衣類 / 1枚,"Textiles and apparel from Nara, 1枚"
3001475,廿日市市産 のどぐろ 干物 5枚,2,342131,魚介類・海産物 / 5枚,"Seafood from Hiroshima, 5枚"
3001476,埼玉県産 和菓子 詰め合わせ 12個,9,113433,菓子・スイーツ / 12個,"Confectionery and sweets from Saitama, 12個"
3001477,美咲町 靴下 詰め合わせ 10足,21,336661,繊維・衣類 / 10足,"Textiles and apparel from Okayama, 10足"
3001478,川西町産 メロン 秀品 1玉,4,293610,果物 / 1玉,"Fruit from Nara, 1玉"
3001479,鹿児島県 炊飯器 1台,24,465241,家電・電化製品 / 1台,"Home appliances from Kagoshima, 1台"
3001480,北海道産 アスパラガス 1kg,5,013617,野菜・きのこ / 1kg,"Vegetables and mushrooms from Hokkaido, 1kg"
3001481,沖縄県 漆器 伝統工芸 1客,18,473138,工芸品・民芸品 / 1客,"Crafts and folk art from Okinawa, 1客"
3001482,福島県産 米粉パン セット 12個,3,075027,米・パン / 12個,"Rice and bread from Fukushima, 12個"
3001483,三郷市産 ひとめぼれ 無洗米 10kg,3,112372,米・パン / 10kg,"Rice and bread from Saitama, 10kg"
3001484,東京都産 どら焼き 詰め合わせ 12個,9,132233,菓子・スイーツ / 12個,"Confectionery and sweets from Tokyo, 12個"
3001485,福岡県産 プリン 詰め合わせ 12個,9,402079,菓子・スイーツ / 12個,"Confectionery and sweets from Fukuoka, 12個"
3001486,佐賀県 竹細工かご 1点,18,414018,工芸品・民芸品 / 1点,"Crafts and folk art from Saga, 1点"
3001487,羽咋市産 純米吟醸 飲み比べ 720ml×3本,10,172073,日本酒 / 720ml×3本,"Sake from Ishikawa, 720ml×3本"
3001488,大月市 万年筆 1本,25,192066,文具・玩具 / 1本,"Stationery and toys from Yamanashi, 1本"
3001489,北名古屋市産 ぽん酢・ドレッシング 5本,16,232343,調味料・油 / 5本,"Seasonings and oils from Aichi, 5本"
3001490,福岡県産 国産小麦パスタ 10袋,7,402265,麺類 / 10袋,"Noodles from Fukuoka, 10袋"
3001491,島根県産 ベーコン・ソーセージセット 1.8kg,1,322067,肉・肉加工品 / 1.8kg,"Meat and meat products from Shimane, 1.8kg"
3001492,沖縄県産 明太子 切子 500g,2,472077,魚介類・海産物 / 500g,"Seafood from Okinawa, 500g"
3001493,成田市産 高糖度トマト 3kg,5,122114,野菜・きのこ / 3kg,"Vegetables and mushrooms from Chiba, 3kg"
3001494,青森県 入浴剤 詰め合わせ 30回分,22,024023,化粧品・美容 / 30回分,"Cosmetics and beauty from Aomori, 30回分"
3001495,岐阜県 直火用 土鍋 1個,19,212067,陶磁器・ガラス / 1個,"Ceramics and glassware from Gifu, 1個"
3001496,南房総市 和紙 便箋セット 1式,18,122343,工芸品・民芸品 / 1式,"Crafts and folk art from Chiba, 1式"
3001497,熊本県産 ハンバーグ 詰め合わせ 10個,1,434426,肉・肉加工品 / 10個,"Meat and meat products from Kumamoto, 10個"
3001498,鹿児島市産 本格芋焼酎 900ml×2本,11,462012,焼酎・泡盛 / 900ml×2本,"Shochu and awamori from Kagoshima, 900ml×2本"
3001499,沖縄県産 生うに 200g,2,473600,魚介類・海産物 / 200g,"Seafood from Okinawa, 200g"
3001500,北島町 今治タオル セット 5枚,21,364029,繊維・衣類 / 5枚,"Textiles and apparel from Tokushima, 5枚"
3001501,新潟県産 あきたこまち 精米 5kg,3,152251,米・パン / 5kg,"Rice and bread from Niigata, 5kg"
3001502,栃木県産 平飼いたまご 60個,6,092029,卵・乳製品 / 60個,"Eggs and dairy from Tochigi, 60個"
3001503,"西尾市 観光施設 利用券 10,000円分",27,232131,"旅行券・宿泊券 / 10,000円分","Travel and accommodation vouchers from Aichi, 10,000円分"
3001504,新潟県産 いくら醤油漬け 500g,2,155047,魚介類・海産物 / 500g,"Seafood from Niigata, 500g"
3001505,山口県産 米粉パン セット 12個,3,353434,米・パン / 12個,"Rice and bread from Yamaguchi, 12個"
3001506,大月町産 ほたて貝柱 冷凍 500g,2,394246,魚介類・海産物 / 500g,"Seafood from Kochi, 500g"
3001507,東伊豆町産 燻製 詰め合わせ 8種,8,223018,惣菜・加工品 / 8種,"Prepared and processed foods from Shizuoka, 8種"
3001508,佐賀県産 真鯛 フィレ 1kg,2,412031,魚介類・海産物 / 1kg,"Seafood from Saga, 1kg"
3001509,長崎県 炊飯器 1台,24,423220,家電・電化製品 / 1台,"Home appliances from Nagasaki, 1台"
3001510,益田市産 コシヒカリ 精米 20kg,3,322041,米・パン / 20kg,"Rice and bread from Shimane, 20kg"
3001511,北海道産 生乳100%牛乳 1L×12本,6,016934,卵・乳製品 / 1L×12本,"Eggs and dairy from Hokkaido, 1L×12本"
3001512,富士川町 竹細工かご 1点,18,193682,工芸品・民芸品 / 1点,"Crafts and folk art from Yamanashi, 1点"
3001513,三重県産 明太子 切子 500g,2,244716,魚介類・海産物 / 500g,"Seafood from Mie, 500g"
3001514,米沢市産 食パン 詰め合わせ 3斤,3,062022,米・パン / 3斤,"Rice and bread from Yamagata, 3斤"
3001515,鹿児島県産 明太子 切子 1kg,2,465232,魚介類・海産物 / 1kg,"Seafood from Kagoshima, 1kg"
3001516,"北海道 宿泊利用券 10,000円分",27,014362,"旅行券・宿泊券 / 10,000円分","Travel and accommodation vouchers from Hokkaido, 10,000円分"
3001517,福岡県産 厚切り牛タン 900g,1,403440,肉・肉加工品 / 900g,"Meat and meat products from Fukuoka, 900g"
3001518,北海道産 とうもろこし 12本,5,016420,野菜・きのこ / 12本,"Vegetables and mushrooms from Hokkaido, 12本"
3001519,山口県産 レトルトカレー 詰め合わせ 10食,8,352039,惣菜・加工品 / 10食,"Prepared and processed foods from Yamaguchi, 10食"
3001520,小矢部市 伝統こけし 1体,18,162094,工芸品・民芸品 / 1体,"Crafts and folk art from Toyama, 1体"
3001521,群馬県産 アスパラガス 2kg,5,102059,野菜・きのこ / 2kg,"Vegetables and mushrooms from Gunma, 2kg"
3001522,岡山県 トイレットペーパー 72ロール,23,332160,日用品・雑貨 / 72ロール,"Household goods from Okayama, 72ロール"
3001523,北海道産 季節の野菜 詰め合わせ 10品目,5,011002,野菜・きのこ / 10品目,"Vegetables and mushrooms from Hokkaido, 10品目"
3001524,根室市産 たまねぎ 10kg,5,012238,野菜・きのこ / 10kg,"Vegetables and mushrooms from Hokkaido, 10kg"
3001525,南国市産 いくら醤油漬け 500g,2,392049,魚介類・海産物 / 500g,"Seafood from Kochi, 500g"
3001526,東京都産 どら焼き 詰め合わせ 12個,9,131041,菓子・スイーツ / 12個,"Confectionery and sweets from Tokyo, 12個"
3001527,兵庫県 米 定期便 5kg×12回,17,283657,定期便 / 5kg×12回,"Subscription deliveries from Hyogo, 5kg×12回"
3001528,栃木県産 白桃 2kg,4,092100,果物 / 2kg,"Fruit from Tochigi, 2kg"
3001529,新宿区 タオル 詰め合わせ 10枚,23,131041,日用品・雑貨 / 10枚,"Household goods from Tokyo, 10枚"
3001530,奈良県 自転車用品セット 1式,26,292036,スポーツ・アウトドア / 1式,"Sports and outdoor from Nara, 1式"
3001531,北海道産 真鯛 フィレ 1kg,2,012181,魚介類・海産物 / 1kg,"Seafood from Hokkaido, 1kg"
3001532,山口県産 うなぎ蒲焼 3尾,2,353418,魚介類・海産物 / 3尾,"Seafood from Yamaguchi, 3尾"
3001533,青森県産 完熟マンゴー 1kg,4,022071,果物 / 1kg,"Fruit from Aomori, 1kg"
3001534,別府市産 燻製 詰め合わせ 5種,8,442020,惣菜・加工品 / 5種,"Prepared and processed foods from Oita, 5種"
3001535,北海道産 チーズ 詰め合わせ 6種,6,015199,卵・乳製品 / 6種,"Eggs and dairy from Hokkaido, 6種"
3001536,愛知県産 味噌 詰め合わせ 1kg×2個,16,232131,調味料・油 / 1kg×2個,"Seasonings and oils from Aichi, 1kg×2個"
3001537,和歌山県産 真鯛 フィレ 1kg,2,302082,魚介類・海産物 / 1kg,"Seafood from Wakayama, 1kg"
3001538,茨城県産 食パン 詰め合わせ 3斤,3,082228,米・パン / 3斤,"Rice and bread from Ibaraki, 3斤"
3001539,京都府産 国産紅茶 50g×4袋,14,262111,茶・コーヒー / 50g×4袋,"Tea and coffee from Kyoto, 50g×4袋"
3001540,高知県 季節の花束 1束,29,392081,花・観葉植物 / 1束,"Flowers and plants from Kochi, 1束"
3001541,岐阜県産 ぽん酢・ドレッシング 5本,16,212202,調味料・油 / 5本,"Seasonings and oils from Gifu, 5本"
3001542,岡山県産 白桃 2kg,4,333468,果物 / 2kg,"Fruit from Okayama, 2kg"
3001543,茨城県産 ひとめぼれ 無洗米 5kg,3,084476,米・パン / 5kg,"Rice and bread from Ibaraki, 5kg"
3001544,愛知県 肉 定期便 500g×6回,17,232092,定期便 / 500g×6回,"Subscription deliveries from Aichi, 500g×6回"
3001545,牛久市産 燻製 詰め合わせ 5種,8,082198,惣菜・加工品 / 5種,"Prepared and processed foods from Ibaraki, 5種"
3001546,石川県 和紙 便箋セット 1式,18,173860,工芸品・民芸品 / 1式,"Crafts and folk art from Ishikawa, 1式"
3001547,福岡県産 ジェラート 詰め合わせ 12個,9,401307,菓子・スイーツ / 12個,"Confectionery and sweets from Fukuoka, 12個"
3001548,愛媛県産 シャインマスカット 4房,4,382132,果物 / 4房,"Fruit from Ehime, 4房"
3001549,兵庫県産 のどぐろ 干物 3枚,2,282146,魚介類・海産物 / 3枚,"Seafood from Hyogo, 3枚"
3001550,愛知県産 味付からあげ 1kg,8,232343,惣菜・加工品 / 1kg,"Prepared and processed foods from Aichi, 1kg"
3001551,島根県産 純米吟醸 飲み比べ 720ml×3本,10,322091,日本酒 / 720ml×3本,"Sake from Shimane, 720ml×3本"
3001552,八幡市産 自家焙煎コーヒー豆 200g×5袋,14,262102,茶・コーヒー / 200g×5袋,"Tea and coffee from Kyoto, 200g×5袋"
3001553,香川県産 温州みかん 5kg,4,372072,果物 / 5kg,"Fruit from Kagawa, 5kg"
3001554,佐賀県産 ボイル毛がに 1尾 500g,2,412066,魚介類・海産物 / 1尾 500g,"Seafood from Saga, 1尾 500g"
3001555,阿賀野市産 食パン 詰め合わせ 5斤,3,152234,米・パン / 5斤,"Rice and bread from Niigata, 5斤"
3001556,上天草市産 たまねぎ 10kg,5,432121,野菜・きのこ / 10kg,"Vegetables and mushrooms from Kumamoto, 10kg"
3001557,静岡県産 抹茶 詰め合わせ 30g×3缶,14,222267,茶・コーヒー / 30g×3缶,"Tea and coffee from Shizuoka, 30g×3缶"
3001558,神流町産 稲庭うどん 800g,7,103675,麺類 / 800g,"Noodles from Gunma, 800g"
3001559,佐賀県 陶器 マグカップ 2個,19,413411,陶磁器・ガラス / 2個,"Ceramics and glassware from Saga, 2個"
3001560,秋田県産 純米大吟醸 1.8L,10,052060,日本酒 / 1.8L,"Sake from Akita, 1.8L"
3001561,白鷹町産 豚ロース しゃぶしゃぶ用 1.2kg,1,064025,肉・肉加工品 / 1.2kg,"Meat and meat products from Yamagata, 1.2kg"
3001562,愛知県産 天然水 炭酸水 500ml×24本,15,232254,飲料・ジュース / 500ml×24本,"Beverages and juice from Aichi, 500ml×24本"
3001563,鹿児島県産 たまねぎ 10kg,5,462039,野菜・きのこ / 10kg,"Vegetables and mushrooms from Kagoshima, 10kg"
3001564,福岡県産 十割そば 10食,7,403482,麺類 / 10食,"Noodles from Fukuoka, 10食"
3001565,向日市産 カステラ 詰め合わせ 3本,9,262081,菓子・スイーツ / 3本,"Confectionery and sweets from Kyoto, 3本"
3001566,猪名川町産 季節限定 生酒 720ml×2本,10,283011,日本酒 / 720ml×2本,"Sake from Hyogo, 720ml×2本"
3001567,東京都 トイレットペーパー 72ロール,23,132284,日用品・雑貨 / 72ロール,"Household goods from Tokyo, 72ロール"
3001568,奈良県 打刃物 包丁 2本,18,292079,工芸品・民芸品 / 2本,"Crafts and folk art from Nara, 2本"
3001569,大阪府産 チーズケーキ 2台,9,271004,菓子・スイーツ / 2台,"Confectionery and sweets from Osaka, 2台"
3001570,長野県産 抹茶 詰め合わせ 30g×3缶,14,204307,茶・コーヒー / 30g×3缶,"Tea and coffee from Nagano, 30g×3缶"
3001571,広島県 ガラス酒器 1式,19,342114,陶磁器・ガラス / 1式,"Ceramics and glassware from Hiroshima, 1式"
3001572,むつ市産 ベーコン・ソーセージセット 1.2kg,1,022080,肉・肉加工品 / 1.2kg,"Meat and meat products from Aomori, 1.2kg"
3001573,岐阜県 磁器 湯呑 5客,19,212016,陶磁器・ガラス / 5客,"Ceramics and glassware from Gifu, 5客"
3001574,日高町産 完熟マンゴー 1kg,4,303828,果物 / 1kg,"Fruit from Wakayama, 1kg"
3001575,高知県 万年筆 1本,25,392014,文具・玩具 / 1本,"Stationery and toys from Kochi, 1本"
3001576,兵庫県 果物狩り 体験チケット 4名,28,282057,体験・チケット / 4名,"Experiences and tickets from Hyogo, 4名"
3001577,北茨城市産 ハンバーグ 詰め合わせ 20個,1,082155,肉・肉加工品 / 20個,"Meat and meat products from Ibaraki, 20個"
3001578,秋田県産 ハンバーグ 詰め合わせ 15個,1,052159,肉・肉加工品 / 15個,"Meat and meat products from Akita, 15個"
3001579,森町産 味付からあげ 2kg,8,224618,惣菜・加工品 / 2kg,"Prepared and processed foods from Shizuoka, 2kg"
3001580,大阪府 トイレットペーパー 72ロール,23,272051,日用品・雑貨 / 72ロール,"Household goods from Osaka, 72ロール"
3001581,小金井市 果物狩り 体験チケット 4名,28,132101,体験・チケット / 4名,"Experiences and tickets from Tokyo, 4名"
3001582,富岡市産 レトルトカレー 詰め合わせ 16食,8,102105,惣菜・加工品 / 16食,"Prepared and processed foods from Gunma, 16食"
3001583,奈良県 和紙 便箋セット 1式,18,294501,工芸品・民芸品 / 1式,"Crafts and folk art from Nara, 1式"
3001584,神奈川県産 プリン 詰め合わせ 8個,9,143014,菓子・スイーツ / 8個,"Confectionery and sweets from Kanagawa, 8個"
3001585,山口県産 季節限定 生酒 720ml×2本,10,352080,日本酒 / 720ml×2本,"Sake from Yamaguchi, 720ml×2本"
3001586,北海道産 冷凍スムージー 12本,15,012262,飲料・ジュース / 12本,"Beverages and juice from Hokkaido, 12本"
3001587,与論町 ペット用おやつ 詰め合わせ 10袋,30,465356,ペット用品 / 10袋,"Pet supplies from Kagoshima, 10袋"
3001588,新潟県産 明太子 切子 1kg,2,154610,魚介類・海産物 / 1kg,"Seafood from Niigata, 1kg"
3001589,福島県産 つや姫 精米 10kg,3,074471,米・パン / 10kg,"Rice and bread from Fukushima, 10kg"
3001590,久米南町 直火用 土鍋 1個,19,336637,陶磁器・ガラス / 1個,"Ceramics and glassware from Okayama, 1個"
3001591,福島県 ガラス酒器 1式,19,075019,陶磁器・ガラス / 1式,"Ceramics and glassware from Fukushima, 1式"
3001592,鹿児島県産 本格芋焼酎 900ml×2本,11,462241,焼酎・泡盛 / 900ml×2本,"Shochu and awamori from Kagoshima, 900ml×2本"
3001593,岡山県産 ジェラート 詰め合わせ 12個,9,332071,菓子・スイーツ / 12個,"Confectionery and sweets from Okayama, 12個"
3001594,広島県 直火用 土鍋 1個,19,341002,陶磁器・ガラス / 1個,"Ceramics and glassware from Hiroshima, 1個"
3001595,鹿児島県産 男爵じゃがいも 20kg,5,462179,野菜・きのこ / 20kg,"Vegetables and mushrooms from Kagoshima, 20kg"
3001596,福岡県産 ベーコン・ソーセージセット 1.8kg,1,402192,肉・肉加工品 / 1.8kg,"Meat and meat products from Fukuoka, 1.8kg"
3001597,江東区 洗剤 詰め合わせ 1式,23,131083,日用品・雑貨 / 1式,"Household goods from Tokyo, 1式"
3001598,加東市産 和牛 焼肉セット 600g,1,282286,肉・肉加工品 / 600g,"Meat and meat products from Hyogo, 600g"
3001599,宮城県産 つや姫 精米 10kg,3,041009,米・パン / 10kg,"Rice and bread from Miyagi, 10kg"
3001600,大津市産 季節限定 生酒 720ml×2本,10,252018,日本酒 / 720ml×2本,"Sake from Shiga, 720ml×2本"
3001601,鹿児島県産 乾燥しいたけ 500g,5,462250,野菜・きのこ / 500g,"Vegetables and mushrooms from Kagoshima, 500g"
3001602,川西町 デニムジーンズ 1本,21,293610,繊維・衣類 / 1本,"Textiles and apparel from Nara, 1本"
3001603,川根本町産 ずわいがに 脚 1.2kg,2,224294,魚介類・海産物 / 1.2kg,"Seafood from Shizuoka, 1.2kg"
3001604,香川県産 温州みかん 10kg,4,372048,果物 / 10kg,"Fruit from Kagawa, 10kg"
3001605,宮城県産 コシヒカリ 精米 5kg,3,044440,米・パン / 5kg,"Rice and bread from Miyagi, 5kg"
3001606,益城町産 シャインマスカット 4房,4,434434,果物 / 4房,"Fruit from Kumamoto, 4房"
3001607,広島県 ガラス酒器 1式,19,344311,陶磁器・ガラス / 1式,"Ceramics and glassware from Hiroshima, 1式"
3001608,山梨県 伝統こけし 1体,18,194221,工芸品・民芸品 / 1体,"Crafts and folk art from Yamanashi, 1体"
3001609,北海道産 いくら醤油漬け 250g,2,012343,魚介類・海産物 / 250g,"Seafood from Hokkaido, 250g"
3001610,福島県産 純米吟醸 飲み比べ 720ml×3本,10,072079,日本酒 / 720ml×3本,"Sake from Fukushima, 720ml×3本"
3001611,愛知県産 ぽん酢・ドレッシング 5本,16,232220,調味料・油 / 5本,"Seasonings and oils from Aichi, 5本"
3001612,福島県産 とうもろこし 20本,5,072052,野菜・きのこ / 20本,"Vegetables and mushrooms from Fukushima, 20本"
3001613,千葉県産 天然水 炭酸水 500ml×48本,15,122076,飲料・ジュース / 500ml×48本,"Beverages and juice from Chiba, 500ml×48本"
3001614,長野県産 とうもろこし 20本,5,204862,野菜・きのこ / 20本,"Vegetables and mushrooms from Nagano, 20本"
3001615,長野県産 富有柿 5kg,4,202193,果物 / 5kg,"Fruit from Nagano, 5kg"
3001616,"神奈川県 宿泊利用券 50,000円分",27,142174,"旅行券・宿泊券 / 50,000円分","Travel and accommodation vouchers from Kanagawa, 50,000円分"
3001617,宮城県産 つや姫 精米 10kg,3,045055,米・パン / 10kg,"Rice and bread from Miyagi, 10kg"
3001618,東京都 洗剤 詰め合わせ 1式,23,133051,日用品・雑貨 / 1式,"Household goods from Tokyo, 1式"
3001619,山梨県産 スパークリングワイン 750ml×2本,13,193658,ワイン / 750ml×2本,"Wine from Yamanashi, 750ml×2本"
3001620,つくば市産 あきたこまち 精米 5kg,3,082201,米・パン / 5kg,"Rice and bread from Ibaraki, 5kg"
3001621,東京都 果物狩り 体験チケット 2名,28,131199,体験・チケット / 2名,"Experiences and tickets from Tokyo, 2名"
3001622,長野県産 国産小麦パスタ 10袋,7,205419,麺類 / 10袋,"Noodles from Nagano, 10袋"
3001623,鹿児島県産 米焼酎 飲み比べ 720ml×3本,11,465291,焼酎・泡盛 / 720ml×3本,"Shochu and awamori from Kagoshima, 720ml×3本"
3001624,香川県産 温州みかん 10kg,4,374041,果物 / 10kg,"Fruit from Kagawa, 10kg"
3001625,大阪府産 燻製 詰め合わせ 8種,8,272141,惣菜・加工品 / 8種,"Prepared and processed foods from Osaka, 8種"
3001626,愛知県産 和菓子 詰め合わせ 20個,9,232033,菓子・スイーツ / 20個,"Confectionery and sweets from Aichi, 20個"
3001627,北海道 観葉植物 1鉢,29,014010,花・観葉植物 / 1鉢,"Flowers and plants from Hokkaido, 1鉢"
3001628,青森県産 メロン 秀品 1玉,4,024121,果物 / 1玉,"Fruit from Aomori, 1玉"
3001629,北海道産 どら焼き 詰め合わせ 12個,9,012301,菓子・スイーツ / 12個,"Confectionery and sweets from Hokkaido, 12個"
3001630,南房総市産 ほたて貝柱 冷凍 500g,2,122343,魚介類・海産物 / 500g,"Seafood from Chiba, 500g"
3001631,長野県産 あまおういちご 1080g,4,204226,果物 / 1080g,"Fruit from Nagano, 1080g"
3001632,岡山県産 幸水梨 7kg,4,332020,果物 / 7kg,"Fruit from Okayama, 7kg"
3001633,山県市 磁器 湯呑 2客,19,212156,陶磁器・ガラス / 2客,"Ceramics and glassware from Gifu, 2客"
3001634,新潟県産 のどぐろ 干物 5枚,2,152021,魚介類・海産物 / 5枚,"Seafood from Niigata, 5枚"
3001635,茨城県産 味付からあげ 2kg,8,082015,惣菜・加工品 / 2kg,"Prepared and processed foods from Ibaraki, 2kg"
3001636,西伊豆町産 さくらんぼ 佐藤錦 500g,4,223069,果物 / 500g,"Fruit from Shizuoka, 500g"
3001637,斑鳩町産 天然水 炭酸水 500ml×24本,15,293440,飲料・ジュース / 500ml×24本,"Beverages and juice from Nara, 500ml×24本"
3001638,大阪府産 カステラ 詰め合わせ 3本,9,273414,菓子・スイーツ / 3本,"Confectionery and sweets from Osaka, 3本"
3001639,京都府産 国産紅茶 50g×4袋,14,262129,茶・コーヒー / 50g×4袋,"Tea and coffee from Kyoto, 50g×4袋"
3001640,白岡市産 バウムクーヘン 4個,9,112461,菓子・スイーツ / 4個,"Confectionery and sweets from Saitama, 4個"
3001641,長崎県産 チーズケーキ 1台,9,422134,菓子・スイーツ / 1台,"Confectionery and sweets from Nagasaki, 1台"
3001642,三条市産 国産小麦パスタ 10袋,7,152048,麺類 / 10袋,"Noodles from Niigata, 10袋"
3001643,岡谷市産 サンふじりんご 10kg,4,202045,果物 / 10kg,"Fruit from Nagano, 10kg"
3001644,加須市産 食パン 詰め合わせ 3斤,3,112101,米・パン / 3斤,"Rice and bread from Saitama, 3斤"
3001645,和歌山県 入浴剤 詰め合わせ 30回分,22,303437,化粧品・美容 / 30回分,"Cosmetics and beauty from Wakayama, 30回分"
3001646,小野市産 サーモン 刺身用 600g,2,282189,魚介類・海産物 / 600g,"Seafood from Hyogo, 600g"
3001647,埼玉県産 どら焼き 詰め合わせ 20個,9,112437,菓子・スイーツ / 20個,"Confectionery and sweets from Saitama, 20個"
3001648,新発田市産 ほたて貝柱 冷凍 1kg,2,152064,魚介類・海産物 / 1kg,"Seafood from Niigata, 1kg"
3001649,かつらぎ町産 白桃 3kg,4,303411,果物 / 3kg,"Fruit from Wakayama, 3kg"
3001650,沖縄県産 本格芋焼酎 900ml×2本,11,472085,焼酎・泡盛 / 900ml×2本,"Shochu and awamori from Okinawa, 900ml×2本"
3001651,鹿児島県産 銘柄鶏 もも肉 4kg,1,464902,肉・肉加工品 / 4kg,"Meat and meat products from Kagoshima, 4kg"
3001652,大阪府産 佃煮 詰め合わせ 5種,8,272299,惣菜・加工品 / 5種,"Prepared and processed foods from Osaka, 5種"
3001653,神奈川県 直火用 土鍋 1個,19,142115,陶磁器・ガラス / 1個,"Ceramics and glassware from Kanagawa, 1個"
3001654,千葉県産 干物 詰め合わせ 8枚,2,122050,魚介類・海産物 / 8枚,"Seafood from Chiba, 8枚"
3001655,茨城県産 とうもろこし 12本,5,082261,野菜・きのこ / 12本,"Vegetables and mushrooms from Ibaraki, 12本"
3001656,埼玉県産 煎茶 詰め合わせ 100g×3袋,14,113271,茶・コーヒー / 100g×3袋,"Tea and coffee from Saitama, 100g×3袋"
3001657,宮崎県産 米焼酎 飲み比べ 720ml×3本,11,452050,焼酎・泡盛 / 720ml×3本,"Shochu and awamori from Miyazaki, 720ml×3本"
3001658,神奈川県産 冷凍餃子 50個,8,143421,惣菜・加工品 / 50個,"Prepared and processed foods from Kanagawa, 50個"
3001659,熊本県産 あまおういちご 540g,4,434825,果物 / 540g,"Fruit from Kumamoto, 540g"
3001660,青森県産 干物 詰め合わせ 12枚,2,022101,魚介類・海産物 / 12枚,"Seafood from Aomori, 12枚"
3001661,"壬生町 観光施設 利用券 5,000円分",27,093611,"旅行券・宿泊券 / 5,000円分","Travel and accommodation vouchers from Tochigi, 5,000円分"
3001662,鹿児島県産 長期貯蔵 麦焼酎 1.8L,11,465054,焼酎・泡盛 / 1.8L,"Shochu and awamori from Kagoshima, 1.8L"
3001663,香川県産 黒毛和牛 サーロインステーキ 400g,1,373648,肉・肉加工品 / 400g,"Meat and meat products from Kagawa, 400g"
3001664,京都府 打刃物 包丁 1本,18,263656,工芸品・民芸品 / 1本,"Crafts and folk art from Kyoto, 1本"
3001665,糸満市産 干物 詰め合わせ 12枚,2,472107,魚介類・海産物 / 12枚,"Seafood from Okinawa, 12枚"
3001666,東成瀬村産 和牛 焼肉セット 1kg,1,054640,肉・肉加工品 / 1kg,"Meat and meat products from Akita, 1kg"
3001667,鳥取県 トイレットペーパー 72ロール,23,312029,日用品・雑貨 / 72ロール,"Household goods from Tottori, 72ロール"
3001668,静岡県 季節の花束 1束,29,222127,花・観葉植物 / 1束,"Flowers and plants from Shizuoka, 1束"
3001669,たつの市産 純米大吟醸 720ml,10,282294,日本酒 / 720ml,"Sake from Hyogo, 720ml"
3001670,秋田県産 国産小麦パスタ 10袋,7,052141,麺類 / 10袋,"Noodles from Akita, 10袋"
3001671,上毛町産 和菓子 詰め合わせ 20個,9,406465,菓子・スイーツ / 20個,"Confectionery and sweets from Fukuoka, 20個"
3001672,北海道産 漬物 詰め合わせ 10種,8,012190,惣菜・加工品 / 10種,"Prepared and processed foods from Hokkaido, 10種"
3001673,埼玉県 洗剤 詰め合わせ 1式,23,112178,日用品・雑貨 / 1式,"Household goods from Saitama, 1式"
3001674,南相馬市産 純米大吟醸 720ml,10,072125,日本酒 / 720ml,"Sake from Fukushima, 720ml"
3001675,秋田市産 季節限定 生酒 720ml×2本,10,052019,日本酒 / 720ml×2本,"Sake from Akita, 720ml×2本"
3001676,神奈川県 タオル 詰め合わせ 10枚,23,141003,日用品・雑貨 / 10枚,"Household goods from Kanagawa, 10枚"
3001677,大東市産 プリン 詰め合わせ 8個,9,272183,菓子・スイーツ / 8個,"Confectionery and sweets from Osaka, 8個"
3001678,愛知県 登山用リュック 1個,26,235016,スポーツ・アウトドア / 1個,"Sports and outdoor from Aichi, 1個"
3001679,木島平村産 高糖度トマト 3kg,5,205621,野菜・きのこ / 3kg,"Vegetables and mushrooms from Nagano, 3kg"
3001680,長野県産 樽熟成 赤ワイン 750ml×2本,13,204510,ワイン / 750ml×2本,"Wine from Nagano, 750ml×2本"
3001681,京都府 胡蝶蘭 鉢植え 1鉢,29,262072,花・観葉植物 / 1鉢,"Flowers and plants from Kyoto, 1鉢"
3001682,富良野市産 銘柄鶏 もも肉 2kg,1,012297,肉・肉加工品 / 2kg,"Meat and meat products from Hokkaido, 2kg"
3001683,下呂市 陶器 マグカップ 2個,19,212202,陶磁器・ガラス / 2個,"Ceramics and glassware from Gifu, 2個"
3001684,宮崎県産 ハンバーグ 詰め合わせ 10個,1,452033,肉・肉加工品 / 10個,"Meat and meat products from Miyazaki, 10個"
3001685,美唄市産 アスパラガス 1kg,5,012157,野菜・きのこ / 1kg,"Vegetables and mushrooms from Hokkaido, 1kg"
3001686,平群町産 さくらんぼ 佐藤錦 1kg,4,293423,果物 / 1kg,"Fruit from Nara, 1kg"
3001687,北海道 ノート 詰め合わせ 10冊,25,012157,文具・玩具 / 10冊,"Stationery and toys from Hokkaido, 10冊"
3001688,南部町 ペット用おやつ 詰め合わせ 10袋,30,193666,ペット用品 / 10袋,"Pet supplies from Yamanashi, 10袋"
3001689,海陽町産 十割そば 10食,7,363880,麺類 / 10食,"Noodles from Tokushima, 10食"
3001690,埼玉県産 漬物 詰め合わせ 10種,8,112186,惣菜・加工品 / 10種,"Prepared and processed foods from Saitama, 10種"
3001691,江別市産 ハンバーグ 詰め合わせ 20個,1,012173,肉・肉加工品 / 20個,"Meat and meat products from Hokkaido, 20個"
3001692,海田町産 佃煮 詰め合わせ 5種,8,343048,惣菜・加工品 / 5種,"Prepared and processed foods from Hiroshima, 5種"
3001693,長野県産 高糖度トマト 2kg,5,202185,野菜・きのこ / 2kg,"Vegetables and mushrooms from Nagano, 2kg"
3001694,菊川市産 抹茶 詰め合わせ 30g×3缶,14,222241,茶・コーヒー / 30g×3缶,"Tea and coffee from Shizuoka, 30g×3缶"
3001695,石川町産 紅はるか さつまいも 10kg,5,075019,野菜・きのこ / 10kg,"Vegetables and mushrooms from Fukushima, 10kg"
3001696,岐阜県 磁器 湯呑 2客,19,212075,陶磁器・ガラス / 2客,"Ceramics and glassware from Gifu, 2客"
3001697,千葉県産 季節の野菜 詰め合わせ 10品目,5,124435,野菜・きのこ / 10品目,"Vegetables and mushrooms from Chiba, 10品目"
3001698,福岡県産 十割そば 10食,7,403431,麺類 / 10食,"Noodles from Fukuoka, 10食"
3001699,大川市産 生うに 200g,2,402125,魚介類・海産物 / 200g,"Seafood from Fukuoka, 200g"
3001700,山梨県産 温州みかん 5kg,4,192082,果物 / 5kg,"Fruit from Yamanashi, 5kg"
3001701,東京都 酒蔵見学・試飲 2名,28,132187,体験・チケット / 2名,"Experiences and tickets from Tokyo, 2名"
3001702,和歌山県 入浴剤 詰め合わせ 30回分,22,304212,化粧品・美容 / 30回分,"Cosmetics and beauty from Wakayama, 30回分"
3001703,水上村産 乾燥しいたけ 500g,5,435074,野菜・きのこ / 500g,"Vegetables and mushrooms from Kumamoto, 500g"
3001704,北海道産 とうもろこし 12本,5,014869,野菜・きのこ / 12本,"Vegetables and mushrooms from Hokkaido, 12本"
3001705,あきる野市 トイレットペーパー 72ロール,23,132284,日用品・雑貨 / 72ロール,"Household goods from Tokyo, 72ロール"
3001706,雲仙市産 どら焼き 詰め合わせ 20個,9,422134,菓子・スイーツ / 20個,"Confectionery and sweets from Nagasaki, 20個"
3001707,福井県 磁器 湯呑 2客,19,182052,陶磁器・ガラス / 2客,"Ceramics and glassware from Fukui, 2客"
3001708,千葉県 猫用爪とぎ 3個,30,122025,ペット用品 / 3個,"Pet supplies from Chiba, 3個"
3001709,岩手県産 生ラーメン セット 16食,7,034835,麺類 / 16食,"Noodles from Iwate, 16食"
3001710,福島県産 季節の野菜 詰め合わせ 10品目,5,074829,野菜・きのこ / 10品目,"Vegetables and mushrooms from Fukushima, 10品目"
3001711,山梨県 木製食器セット 4点,20,192023,木工品・家具 / 4点,"Woodwork and furniture from Yamanashi, 4点"
3001712,北海道 空気清浄機 1台,24,013374,家電・電化製品 / 1台,"Home appliances from Hokkaido, 1台"
3001713,新潟県産 純米吟醸 飲み比べ 720ml×3本,10,151009,日本酒 / 720ml×3本,"Sake from Niigata, 720ml×3本"
3001714,埼玉県 肉 定期便 500g×6回,17,112259,定期便 / 500g×6回,"Subscription deliveries from Saitama, 500g×6回"
3001715,北海道産 どら焼き 詰め合わせ 20個,9,012165,菓子・スイーツ / 20個,"Confectionery and sweets from Hokkaido, 20個"
3001716,三重県産 味付ジンギスカン 2kg,1,243442,肉・肉加工品 / 2kg,"Meat and meat products from Mie, 2kg"
3001717,飯田市産 乾燥しいたけ 300g,5,202053,野菜・きのこ / 300g,"Vegetables and mushrooms from Nagano, 300g"
3001718,西之表市産 本格芋焼酎 900ml×2本,11,462136,焼酎・泡盛 / 900ml×2本,"Shochu and awamori from Kagoshima, 900ml×2本"
3001719,いなべ市産 ジェラート 詰め合わせ 12個,9,242144,菓子・スイーツ / 12個,"Confectionery and sweets from Mie, 12個"
3001720,徳島県産 十割そば 16食,7,362026,麺類 / 16食,"Noodles from Tokushima, 16食"
3001721,熊本県産 米焼酎 飲み比べ 720ml×3本,11,432059,焼酎・泡盛 / 720ml×3本,"Shochu and awamori from Kumamoto, 720ml×3本"
3001722,大阪府産 どら焼き 詰め合わせ 12個,9,272027,菓子・スイーツ / 12個,"Confectionery and sweets from Osaka, 12個"
3001723,佐賀県産 米焼酎 飲み比べ 720ml×3本,11,414018,焼酎・泡盛 / 720ml×3本,"Shochu and awamori from Saga, 720ml×3本"
3001724,野沢温泉村産 樽熟成 赤ワイン 750ml×2本,13,205630,ワイン / 750ml×2本,"Wine from Nagano, 750ml×2本"
3001725,能美市産 醤油 詰め合わせ 1L×3本,16,172111,調味料・油 / 1L×3本,"Seasonings and oils from Ishikawa, 1L×3本"
3001726,ふじみ野市産 自家焙煎コーヒー豆 200g×5袋,14,112453,茶・コーヒー / 200g×5袋,"Tea and coffee from Saitama, 200g×5袋"
3001727,熊本県産 本格芋焼酎 1.8L,11,434329,焼酎・泡盛 / 1.8L,"Shochu and awamori from Kumamoto, 1.8L"
3001728,岐阜県 竹細工かご 1点,18,215015,工芸品・民芸品 / 1点,"Crafts and folk art from Gifu, 1点"
3001729,福岡県産 銘柄鶏 もも肉 4kg,1,404489,肉・肉加工品 / 4kg,"Meat and meat products from Fukuoka, 4kg"
3001730,鳥取県産 味付ジンギスカン 2kg,1,314021,肉・肉加工品 / 2kg,"Meat and meat products from Tottori, 2kg"
3001731,東伊豆町産 煎茶 詰め合わせ 100g×5袋,14,223018,茶・コーヒー / 100g×5袋,"Tea and coffee from Shizuoka, 100g×5袋"
3001732,久慈市産 スモーク鴨ロース 400g,1,032077,肉・肉加工品 / 400g,"Meat and meat products from Iwate, 400g"
3001733,京都府産 カステラ 詰め合わせ 3本,9,262137,菓子・スイーツ / 3本,"Confectionery and sweets from Kyoto, 3本"
3001734,銚子市産 佃煮 詰め合わせ 5種,8,122025,惣菜・加工品 / 5種,"Prepared and processed foods from Chiba, 5種"
3001735,鹿児島県産 泡盛 古酒 720ml,11,465020,焼酎・泡盛 / 720ml,"Shochu and awamori from Kagoshima, 720ml"
3001736,立山町産 季節限定 生酒 720ml×2本,10,163236,日本酒 / 720ml×2本,"Sake from Toyama, 720ml×2本"
3001737,岐阜県 陶器 マグカップ 2個,19,212016,陶磁器・ガラス / 2個,"Ceramics and glassware from Gifu, 2個"
3001738,河合町 デニムジーンズ 1本,21,294276,繊維・衣類 / 1本,"Textiles and apparel from Nara, 1本"
3001739,群馬県産 豚ロース しゃぶしゃぶ用 800g,1,102113,肉・肉加工品 / 800g,"Meat and meat products from Gunma, 800g"
3001740,大阪府産 チーズケーキ 2台,9,272248,菓子・スイーツ / 2台,"Confectionery and sweets from Osaka, 2台"
3001741,群馬県産 半生讃岐うどん 20食,7,102121,麺類 / 20食,"Noodles from Gunma, 20食"
3001742,北海道産 たまねぎ 20kg,5,013030,野菜・きのこ / 20kg,"Vegetables and mushrooms from Hokkaido, 20kg"
3001743,上板町 綿100% 寝具カバー 1式,21,364053,繊維・衣類 / 1式,"Textiles and apparel from Tokushima, 1式"
3001744,高浜町産 干物 詰め合わせ 8枚,2,184811,魚介類・海産物 / 8枚,"Seafood from Fukui, 8枚"
3001745,"沖縄県 観光施設 利用券 10,000円分",27,472051,"旅行券・宿泊券 / 10,000円分","Travel and accommodation vouchers from Okinawa, 10,000円分"
3001746,三重県 伝統こけし 1体,18,242144,工芸品・民芸品 / 1体,"Crafts and folk art from Mie, 1体"
3001747,八潮市産 プリン 詰め合わせ 12個,9,112348,菓子・スイーツ / 12個,"Confectionery and sweets from Saitama, 12個"
3001748,山形県産 つや姫 精米 5kg,3,062022,米・パン / 5kg,"Rice and bread from Yamagata, 5kg"
3001749,福井県産 純米大吟醸 720ml×2本,10,182079,日本酒 / 720ml×2本,"Sake from Fukui, 720ml×2本"
3001750,守山市産 特別純米酒 720ml×2本,10,252077,日本酒 / 720ml×2本,"Sake from Shiga, 720ml×2本"
3001751,かほく市 竹細工かご 1点,18,172090,工芸品・民芸品 / 1点,"Crafts and folk art from Ishikawa, 1点"
3001752,宇都宮市産 自家焙煎コーヒー豆 200g×5袋,14,092011,茶・コーヒー / 200g×5袋,"Tea and coffee from Tochigi, 200g×5袋"
3001753,宮崎県 アウトドアチェア 2脚,26,454036,スポーツ・アウトドア / 2脚,"Sports and outdoor from Miyazaki, 2脚"
3001754,奥出雲町産 米粉パン セット 8個,3,323438,米・パン / 8個,"Rice and bread from Shimane, 8個"
3001755,大分県産 米焼酎 飲み比べ 720ml×3本,11,442062,焼酎・泡盛 / 720ml×3本,"Shochu and awamori from Oita, 720ml×3本"
3001756,福島県産 乾燥しいたけ 500g,5,074446,野菜・きのこ / 500g,"Vegetables and mushrooms from Fukushima, 500g"
3001757,愛知県 電気ケトル 1台,24,232254,家電・電化製品 / 1台,"Home appliances from Aichi, 1台"
3001758,奈良県 綿100% 寝具カバー 1式,21,294241,繊維・衣類 / 1式,"Textiles and apparel from Nara, 1式"
3001759,兵庫県産 チーズケーキ 1台,9,282197,菓子・スイーツ / 1台,"Confectionery and sweets from Hyogo, 1台"
3001760,石川県 直火用 土鍋 1個,19,174637,陶磁器・ガラス / 1個,"Ceramics and glassware from Ishikawa, 1個"
3001761,荒尾市産 米焼酎 飲み比べ 720ml×3本,11,432041,焼酎・泡盛 / 720ml×3本,"Shochu and awamori from Kumamoto, 720ml×3本"
3001762,福岡県産 ほたて貝柱 冷凍 1.5kg,2,406465,魚介類・海産物 / 1.5kg,"Seafood from Fukuoka, 1.5kg"
3001763,鹿児島市産 高糖度トマト 2kg,5,462012,野菜・きのこ / 2kg,"Vegetables and mushrooms from Kagoshima, 2kg"
3001764,長野県産 高糖度トマト 3kg,5,204463,野菜・きのこ / 3kg,"Vegetables and mushrooms from Nagano, 3kg"
3001765,島原市産 国産小麦パスタ 10袋,7,422037,麺類 / 10袋,"Noodles from Nagasaki, 10袋"
3001766,千葉県 果物 定期便 隔月×6回,17,122378,定期便 / 隔月×6回,"Subscription deliveries from Chiba, 隔月×6回"
3001767,高取町 デニムジーンズ 1本,21,294012,繊維・衣類 / 1本,"Textiles and apparel from Nara, 1本"
3001768,長野県産 辛口 白ワイン 750ml×2本,13,202207,ワイン / 750ml×2本,"Wine from Nagano, 750ml×2本"
3001769,福岡県産 ベーコン・ソーセージセット 1.8kg,1,402061,肉・肉加工品 / 1.8kg,"Meat and meat products from Fukuoka, 1.8kg"
3001770,西和賀町産 ゆめぴりか 精米 5kg,3,033669,米・パン / 5kg,"Rice and bread from Iwate, 5kg"
3001771,東京都 包丁研ぎ器 1個,23,132047,日用品・雑貨 / 1個,"Household goods from Tokyo, 1個"
3001772,青森県産 季節の野菜 詰め合わせ 15品目,5,024015,野菜・きのこ / 15品目,"Vegetables and mushrooms from Aomori, 15品目"
3001773,長野県産 和菓子 詰め合わせ 12個,9,202011,菓子・スイーツ / 12個,"Confectionery and sweets from Nagano, 12個"
3001774,山北町産 漬物 詰め合わせ 6種,8,143642,惣菜・加工品 / 6種,"Prepared and processed foods from Kanagawa, 6種"
3001775,福岡県 今治タオル セット 5枚,21,402192,繊維・衣類 / 5枚,"Textiles and apparel from Fukuoka, 5枚"
3001776,青森県産 ほたて貝柱 冷凍 1.5kg,2,022055,魚介類・海産物 / 1.5kg,"Seafood from Aomori, 1.5kg"
3001777,北海道産 平飼いたまご 30個,6,014389,卵・乳製品 / 30個,"Eggs and dairy from Hokkaido, 30個"
3001778,福井県 磁器 湯呑 2客,19,185019,陶磁器・ガラス / 2客,"Ceramics and glassware from Fukui, 2客"
3001779,埼玉県産 チーズケーキ 2台,9,112348,菓子・スイーツ / 2台,"Confectionery and sweets from Saitama, 2台"
3001780,奈良県産 あまおういちご 540g,4,293229,果物 / 540g,"Fruit from Nara, 540g"
3001781,相模原市産 カステラ 詰め合わせ 2本,9,141500,菓子・スイーツ / 2本,"Confectionery and sweets from Kanagawa, 2本"
3001782,愛知県 靴下 詰め合わせ 10足,21,232041,繊維・衣類 / 10足,"Textiles and apparel from Aichi, 10足"
3001783,高知県産 生うに 200g,2,392111,魚介類・海産物 / 200g,"Seafood from Kochi, 200g"
3001784,京都府 陶器 マグカップ 2個,19,262064,陶磁器・ガラス / 2個,"Ceramics and glassware from Kyoto, 2個"
3001785,"寒河江市 観光施設 利用券 10,000円分",27,062065,"旅行券・宿泊券 / 10,000円分","Travel and accommodation vouchers from Yamagata, 10,000円分"
3001786,東京都産 チーズケーキ 1台,9,132128,菓子・スイーツ / 1台,"Confectionery and sweets from Tokyo, 1台"
3001787,丹波篠山市産 ベーコン・ソーセージセット 1.8kg,1,282219,肉・肉加工品 / 1.8kg,"Meat and meat products from Hyogo, 1.8kg"
3001788,神奈川県産 レトルトカレー 詰め合わせ 10食,8,142131,惣菜・加工品 / 10食,"Prepared and processed foods from Kanagawa, 10食"
3001789,上砂川町産 生乳100%牛乳 1L×12本,6,014257,卵・乳製品 / 1L×12本,"Eggs and dairy from Hokkaido, 1L×12本"
3001790,茨城県産 あきたこまち 精米 10kg,3,082244,米・パン / 10kg,"Rice and bread from Ibaraki, 10kg"
3001791,茨城県産 レトルトカレー 詰め合わせ 16食,8,082171,惣菜・加工品 / 16食,"Prepared and processed foods from Ibaraki, 16食"
3001792,上山市産 厚切り牛タン 500g,1,062073,肉・肉加工品 / 500g,"Meat and meat products from Yamagata, 500g"
3001793,愛知県 デニムジーンズ 1本,21,232319,繊維・衣類 / 1本,"Textiles and apparel from Aichi, 1本"
3001794,神奈川県産 燻製 詰め合わせ 5種,8,141003,惣菜・加工品 / 5種,"Prepared and processed foods from Kanagawa, 5種"
3001795,長野県産 乾燥しいたけ 300g,5,203505,野菜・きのこ / 300g,"Vegetables and mushrooms from Nagano, 300g"
3001796,つくばみらい市産 季節の野菜 詰め合わせ 10品目,5,082350,野菜・きのこ / 10品目,"Vegetables and mushrooms from Ibaraki, 10品目"
3001797,香川県産 厚切り牛タン 900g,1,372030,肉・肉加工品 / 900g,"Meat and meat products from Kagawa, 900g"
3001798,名寄市産 どら焼き 詰め合わせ 20個,9,012211,菓子・スイーツ / 20個,"Confectionery and sweets from Hokkaido, 20個"
3001799,富山県産 うなぎ蒲焼 5尾,2,162060,魚介類・海産物 / 5尾,"Seafood from Toyama, 5尾"
3001800,佐渡市産 稲庭うどん 1.2kg,7,152242,麺類 / 1.2kg,"Noodles from Niigata, 1.2kg"
3001801,群馬県産 黒毛和牛 サーロインステーキ 150g×3枚,1,102059,肉・肉加工品 / 150g×3枚,"Meat and meat products from Gunma, 150g×3枚"
3001802,幸田町産 バウムクーヘン 4個,9,235016,菓子・スイーツ / 4個,"Confectionery and sweets from Aichi, 4個"
3001803,留萌市産 アイスクリーム 詰め合わせ 12個,6,012122,卵・乳製品 / 12個,"Eggs and dairy from Hokkaido, 12個"
3001804,沖縄市産 レトルトカレー 詰め合わせ 10食,8,472115,惣菜・加工品 / 10食,"Prepared and processed foods from Okinawa, 10食"
3001805,南山城村 陶器 マグカップ 2個,19,263672,陶磁器・ガラス / 2個,"Ceramics and glassware from Kyoto, 2個"
3001806,兵庫県産 いくら醤油漬け 500g,2,284424,魚介類・海産物 / 500g,"Seafood from Hyogo, 500g"
3001807,秋田市産 燻製 詰め合わせ 5種,8,052019,惣菜・加工品 / 5種,"Prepared and processed foods from Akita, 5種"
3001808,国立市 木製パズル 1点,25,132152,文具・玩具 / 1点,"Stationery and toys from Tokyo, 1点"
3001809,福岡市産 豚ロース しゃぶしゃぶ用 2kg,1,401307,肉・肉加工品 / 2kg,"Meat and meat products from Fukuoka, 2kg"
3001810,久米島町 温泉旅館 ペア宿泊券 1泊2食付,27,473618,旅行券・宿泊券 / 1泊2食付,"Travel and accommodation vouchers from Okinawa, 1泊2食付"
3001811,和歌山県産 味噌 詰め合わせ 1kg×3個,16,303445,調味料・油 / 1kg×3個,"Seasonings and oils from Wakayama, 1kg×3個"
3001812,伊丹市産 特別純米酒 1.8L,10,282073,日本酒 / 1.8L,"Sake from Hyogo, 1.8L"
3001813,"藤沢市 宿泊利用券 10,000円分",27,142051,"旅行券・宿泊券 / 10,000円分","Travel and accommodation vouchers from Kanagawa, 10,000円分"
3001814,静岡県産 ずわいがに 脚 800g,2,222224,魚介類・海産物 / 800g,"Seafood from Shizuoka, 800g"
3001815,新発田市産 生ラーメン セット 10食,7,152064,麺類 / 10食,"Noodles from Niigata, 10食"
3001816,千葉県産 煎茶 詰め合わせ 100g×5袋,14,122301,茶・コーヒー / 100g×5袋,"Tea and coffee from Chiba, 100g×5袋"
3001817,大阪府産 佃煮 詰め合わせ 5種,8,272124,惣菜・加工品 / 5種,"Prepared and processed foods from Osaka, 5種"
3001818,宮崎県産 米焼酎 飲み比べ 720ml×3本,11,452068,焼酎・泡盛 / 720ml×3本,"Shochu and awamori from Miyazaki, 720ml×3本"
3001819,徳島市産 シャインマスカット 4房,4,362018,果物 / 4房,"Fruit from Tokushima, 4房"
3001820,大阪府 酒蔵見学・試飲 2名,28,272124,体験・チケット / 2名,"Experiences and tickets from Osaka, 2名"
3001821,和歌山県産 白桃 2kg,4,302040,果物 / 2kg,"Fruit from Wakayama, 2kg"
3001822,秋田県 和紙 便箋セット 1式,18,052124,工芸品・民芸品 / 1式,"Crafts and folk art from Akita, 1式"
3001823,埼玉県産 自家焙煎コーヒー豆 200g×3袋,14,113468,茶・コーヒー / 200g×3袋,"Tea and coffee from Saitama, 200g×3袋"
3001824,静岡県産 ジェラート 詰め合わせ 12個,9,222089,菓子・スイーツ / 12個,"Confectionery and sweets from Shizuoka, 12個"
3001825,愛知県 タオル 詰め合わせ 10枚,23,232360,日用品・雑貨 / 10枚,"Household goods from Aichi, 10枚"
3001826,白糠町産 和菓子 詰め合わせ 12個,9,016683,菓子・スイーツ / 12個,"Confectionery and sweets from Hokkaido, 12個"
3001827,みなべ町産 天然水 炭酸水 500ml×24本,15,303917,飲料・ジュース / 500ml×24本,"Beverages and juice from Wakayama, 500ml×24本"
3001828,静岡県産 ドリップコーヒー 100袋,14,222089,茶・コーヒー / 100袋,"Tea and coffee from Shizuoka, 100袋"
3001829,大阪府産 冷凍餃子 100個,8,272124,惣菜・加工品 / 100個,"Prepared and processed foods from Osaka, 100個"
3001830,岐阜県 ガラス酒器 1式,19,212016,陶磁器・ガラス / 1式,"Ceramics and glassware from Gifu, 1式"
3001831,中野区 万年筆 1本,25,131148,文具・玩具 / 1本,"Stationery and toys from Tokyo, 1本"
3001832,北秋田市産 半生讃岐うどん 20食,7,052132,麺類 / 20食,"Noodles from Akita, 20食"
3001833,"高知県 宿泊利用券 10,000円分",27,393011,"旅行券・宿泊券 / 10,000円分","Travel and accommodation vouchers from Kochi, 10,000円分"
3001834,埼玉県産 チーズケーキ 2台,9,112411,菓子・スイーツ / 2台,"Confectionery and sweets from Saitama, 2台"
3001835,佐呂間町産 生うに 200g,2,015521,魚介類・海産物 / 200g,"Seafood from Hokkaido, 200g"
3001836,京都府産 ジェラート 詰め合わせ 12個,9,262021,菓子・スイーツ / 12個,"Confectionery and sweets from Kyoto, 12個"
3001837,沖縄県 温泉旅館 ペア宿泊券 1泊2食付,27,472085,旅行券・宿泊券 / 1泊2食付,"Travel and accommodation vouchers from Okinawa, 1泊2食付"
3001838,共和町産 発酵バター 200g×3個,6,014010,卵・乳製品 / 200g×3個,"Eggs and dairy from Hokkaido, 200g×3個"
3001839,山梨県産 燻製 詰め合わせ 5種,8,192015,惣菜・加工品 / 5種,"Prepared and processed foods from Yamanashi, 5種"
3001840,南城市産 白桃 3kg,4,472158,果物 / 3kg,"Fruit from Okinawa, 3kg"
3001841,成田市産 天然水 炭酸水 500ml×48本,15,122114,飲料・ジュース / 500ml×48本,"Beverages and juice from Chiba, 500ml×48本"
3001842,矢祭町産 紅はるか さつまいも 5kg,5,074829,野菜・きのこ / 5kg,"Vegetables and mushrooms from Fukushima, 5kg"
3001843,吉田町 靴下 詰め合わせ 10足,21,224243,繊維・衣類 / 10足,"Textiles and apparel from Shizuoka, 10足"
3001844,寒川町 温泉旅館 ペア宿泊券 1泊2食付,27,143219,旅行券・宿泊券 / 1泊2食付,"Travel and accommodation vouchers from Kanagawa, 1泊2食付"
3001845,茨城県産 厚切り牛タン 500g,1,082147,肉・肉加工品 / 500g,"Meat and meat products from Ibaraki, 500g"
3001846,千葉県産 明太子 切子 1kg,2,122386,魚介類・海産物 / 1kg,"Seafood from Chiba, 1kg"
3001847,安芸高田市 磁器 湯呑 5客,19,342149,陶磁器・ガラス / 5客,"Ceramics and glassware from Hiroshima, 5客"
3001848,うるま市産 さくらんぼ 佐藤錦 500g,4,472131,果物 / 500g,"Fruit from Okinawa, 500g"
3001849,群馬県産 稲庭うどん 800g,7,105228,麺類 / 800g,"Noodles from Gunma, 800g"
3001850,由布市 温泉旅館 ペア宿泊券 1泊2食付,27,442135,旅行券・宿泊券 / 1泊2食付,"Travel and accommodation vouchers from Oita, 1泊2食付"
3001851,沖縄県 温泉旅館 ペア宿泊券 1泊2食付,27,472131,旅行券・宿泊券 / 1泊2食付,"Travel and accommodation vouchers from Okinawa, 1泊2食付"
3001852,能代市産 あきたこまち 精米 5kg,3,052027,米・パン / 5kg,"Rice and bread from Akita, 5kg"
3001853,えびの市産 泡盛 古酒 1.8L,11,452092,焼酎・泡盛 / 1.8L,"Shochu and awamori from Miyazaki, 1.8L"
3001854,石川県産 純米大吟醸 720ml,10,172049,日本酒 / 720ml,"Sake from Ishikawa, 720ml"
3001855,東吉野村 デニムジーンズ 1本,21,294535,繊維・衣類 / 1本,"Textiles and apparel from Nara, 1本"
3001856,青森県産 ベーコン・ソーセージセット 1.2kg,1,024023,肉・肉加工品 / 1.2kg,"Meat and meat products from Aomori, 1.2kg"
3001857,岩国市産 コシヒカリ 精米 5kg,3,352080,米・パン / 5kg,"Rice and bread from Yamaguchi, 5kg"
3001858,四万十市産 どら焼き 詰め合わせ 20個,9,392103,菓子・スイーツ / 20個,"Confectionery and sweets from Kochi, 20個"
3001859,大阪府産 ジェラート 詰め合わせ 12個,9,272230,菓子・スイーツ / 12個,"Confectionery and sweets from Osaka, 12個"
3001860,長野県産 スパークリングワイン 750ml×2本,13,205885,ワイン / 750ml×2本,"Wine from Nagano, 750ml×2本"
3001861,仁木町産 ジェラート 詰め合わせ 12個,9,014079,菓子・スイーツ / 12個,"Confectionery and sweets from Hokkaido, 12個"
3001862,群馬県産 生ラーメン セット 16食,7,102041,麺類 / 16食,"Noodles from Gunma, 16食"
3001863,東串良町産 ベーコン・ソーセージセット 1.2kg,1,464821,肉・肉加工品 / 1.2kg,"Meat and meat products from Kagoshima, 1.2kg"
3001864,群馬県産 燻製 詰め合わせ 8種,8,102016,惣菜・加工品 / 8種,"Prepared and processed foods from Gunma, 8種"
3001865,山形県産 つや姫 精米 5kg,3,062120,米・パン / 5kg,"Rice and bread from Yamagata, 5kg"
3001866,東海市産 味噌 詰め合わせ 1kg×2個,16,232220,調味料・油 / 1kg×2個,"Seasonings and oils from Aichi, 1kg×2個"
3001867,山形県産 煎茶 詰め合わせ 100g×3袋,14,062138,茶・コーヒー / 100g×3袋,"Tea and coffee from Yamagata, 100g×3袋"
3001868,山梨県産 漬物 詰め合わせ 10種,8,192091,惣菜・加工品 / 10種,"Prepared and processed foods from Yamanashi, 10種"
3001869,長野県 観葉植物 1鉢,29,202134,花・観葉植物 / 1鉢,"Flowers and plants from Nagano, 1鉢"
3001870,北海道産 豚ロース しゃぶしゃぶ用 1.2kg,1,013463,肉・肉加工品 / 1.2kg,"Meat and meat products from Hokkaido, 1.2kg"
3001871,千葉県 海産物 定期便 毎月×6回,17,123293,定期便 / 毎月×6回,"Subscription deliveries from Chiba, 毎月×6回"
3001872,有田川町 クルーズ 乗船券 2名,28,303666,体験・チケット / 2名,"Experiences and tickets from Wakayama, 2名"
3001873,気仙沼市産 味付からあげ 2kg,8,042056,惣菜・加工品 / 2kg,"Prepared and processed foods from Miyagi, 2kg"
3001874,千葉県産 スモーク鴨ロース 400g,1,121002,肉・肉加工品 / 400g,"Meat and meat products from Chiba, 400g"
3001875,新島村産 カステラ 詰め合わせ 2本,9,133639,菓子・スイーツ / 2本,"Confectionery and sweets from Tokyo, 2本"
3001876,秋田県産 つや姫 精米 5kg,3,052078,米・パン / 5kg,"Rice and bread from Akita, 5kg"
3001877,根羽村 ペット用おやつ 詰め合わせ 10袋,30,204102,ペット用品 / 10袋,"Pet supplies from Nagano, 10袋"
3001878,沖縄県産 干物 詰め合わせ 12枚,2,473821,魚介類・海産物 / 12枚,"Seafood from Okinawa, 12枚"
3001879,長崎県産 十割そば 10食,7,423076,麺類 / 10食,"Noodles from Nagasaki, 10食"
3001880,愛知県 シルクスカーフ 1枚,21,232378,繊維・衣類 / 1枚,"Textiles and apparel from Aichi, 1枚"
3001881,千葉県 猫用爪とぎ 3個,30,124273,ペット用品 / 3個,"Pet supplies from Chiba, 3個"
3001882,熊本県産 アスパラガス 1kg,5,431001,野菜・きのこ / 1kg,"Vegetables and mushrooms from Kumamoto, 1kg"
3001883,京都府 和紙 便箋セット 1式,18,262102,工芸品・民芸品 / 1式,"Crafts and folk art from Kyoto, 1式"
3001884,海南市産 天然水 2L×24本,15,302023,飲料・ジュース / 2L×24本,"Beverages and juice from Wakayama, 2L×24本"
3001885,草津市産 特別純米酒 720ml×2本,10,252069,日本酒 / 720ml×2本,"Sake from Shiga, 720ml×2本"
3001886,神奈川県 トイレットペーパー 72ロール,23,142123,日用品・雑貨 / 72ロール,"Household goods from Kanagawa, 72ロール"
3001887,大田原市産 抹茶 詰め合わせ 30g×3缶,14,092100,茶・コーヒー / 30g×3缶,"Tea and coffee from Tochigi, 30g×3缶"
3001888,北海道産 のどぐろ 干物 3枚,2,014699,魚介類・海産物 / 3枚,"Seafood from Hokkaido, 3枚"
3001889,軽米町産 食パン 詰め合わせ 5斤,3,035017,米・パン / 5斤,"Rice and bread from Iwate, 5斤"
3001890,喜多方市産 高糖度トマト 3kg,5,072087,野菜・きのこ / 3kg,"Vegetables and mushrooms from Fukushima, 3kg"
3001891,宮若市産 和菓子 詰め合わせ 20個,9,402265,菓子・スイーツ / 20個,"Confectionery and sweets from Fukuoka, 20個"
3001892,群馬県産 男爵じゃがいも 10kg,5,102091,野菜・きのこ / 10kg,"Vegetables and mushrooms from Gunma, 10kg"
3001893,埼玉県産 自家焙煎コーヒー豆 200g×3袋,14,112321,茶・コーヒー / 200g×3袋,"Tea and coffee from Saitama, 200g×3袋"
3001894,福島県産 特別純米酒 1.8L,10,074071,日本酒 / 1.8L,"Sake from Fukushima, 1.8L"
3001895,長野県産 白桃 3kg,4,205214,果物 / 3kg,"Fruit from Nagano, 3kg"
3001896,熊谷市産 味付からあげ 2kg,8,112020,惣菜・加工品 / 2kg,"Prepared and processed foods from Saitama, 2kg"
3001897,長崎県産 国産小麦パスタ 10袋,7,422045,麺類 / 10袋,"Noodles from Nagasaki, 10袋"
3001898,兵庫県産 豚ロース しゃぶしゃぶ用 1.2kg,1,282189,肉・肉加工品 / 1.2kg,"Meat and meat products from Hyogo, 1.2kg"
3001899,大治町産 燻製 詰め合わせ 8種,8,234249,惣菜・加工品 / 8種,"Prepared and processed foods from Aichi, 8種"
3001900,三浦市 無垢材スツール 1脚,20,142107,木工品・家具 / 1脚,"Woodwork and furniture from Kanagawa, 1脚"
3001901,北海道産 とうもろこし 20本,5,015598,野菜・きのこ / 20本,"Vegetables and mushrooms from Hokkaido, 20本"
3001902,綾町 国産材 積み木 1式,25,453838,文具・玩具 / 1式,"Stationery and toys from Miyazaki, 1式"
3001903,北海道産 どら焼き 詰め合わせ 20個,9,012149,菓子・スイーツ / 20個,"Confectionery and sweets from Hokkaido, 20個"
3001904,栃木県産 発酵バター 200g×3個,6,093441,卵・乳製品 / 200g×3個,"Eggs and dairy from Tochigi, 200g×3個"
3001905,大分県産 長期貯蔵 麦焼酎 1.8L,11,442097,焼酎・泡盛 / 1.8L,"Shochu and awamori from Oita, 1.8L"
3001906,五城目町産 半生讃岐うどん 20食,7,053619,麺類 / 20食,"Noodles from Akita, 20食"
3001907,福島県産 サンふじりんご 5kg,4,073440,果物 / 5kg,"Fruit from Fukushima, 5kg"
3001908,埼玉県産 国産紅茶 50g×4袋,14,112330,茶・コーヒー / 50g×4袋,"Tea and coffee from Saitama, 50g×4袋"
3001909,香川県 木製カッティングボード 1枚,20,372072,木工品・家具 / 1枚,"Woodwork and furniture from Kagawa, 1枚"
3001910,高知県 綿100% 寝具カバー 1式,21,393649,繊維・衣類 / 1式,"Textiles and apparel from Kochi, 1式"
3001911,栃木県産 飲むヨーグルト 900ml×6本,6,092151,卵・乳製品 / 900ml×6本,"Eggs and dairy from Tochigi, 900ml×6本"
3001912,埼玉県産 冷凍餃子 50個,8,112101,惣菜・加工品 / 50個,"Prepared and processed foods from Saitama, 50個"
3001913,沖縄県産 泡盛 古酒 1.8L,11,472093,焼酎・泡盛 / 1.8L,"Shochu and awamori from Okinawa, 1.8L"
3001914,茨城県 陶芸 体験チケット 2名,28,084425,体験・チケット / 2名,"Experiences and tickets from Ibaraki, 2名"
3001915,岐阜県 ガラス酒器 1式,19,212032,陶磁器・ガラス / 1式,"Ceramics and glassware from Gifu, 1式"
3001916,埼玉県 国産材 積み木 1式,25,112330,文具・玩具 / 1式,"Stationery and toys from Saitama, 1式"
3001917,茨城県産 紅はるか さつまいも 5kg,5,082228,野菜・きのこ / 5kg,"Vegetables and mushrooms from Ibaraki, 5kg"
3001918,富津市産 とうもろこし 12本,5,122262,野菜・きのこ / 12本,"Vegetables and mushrooms from Chiba, 12本"
3001919,山梨県産 シャインマスカット 2房,4,192058,果物 / 2房,"Fruit from Yamanashi, 2房"
3001920,奈良県産 抹茶 詰め合わせ 30g×3缶,14,294535,茶・コーヒー / 30g×3缶,"Tea and coffee from Nara, 30g×3缶"
3001921,南さつま市産 干物 詰め合わせ 12枚,2,462209,魚介類・海産物 / 12枚,"Seafood from Kagoshima, 12枚"
3001922,北海道産 明太子 切子 1kg,2,012297,魚介類・海産物 / 1kg,"Seafood from Hokkaido, 1kg"
3001923,長野県産 メロン 秀品 2玉,4,205907,果物 / 2玉,"Fruit from Nagano, 2玉"
3001924,奈良県 今治タオル セット 8枚,21,292028,繊維・衣類 / 8枚,"Textiles and apparel from Nara, 8枚"
3001925,滋賀県産 厚切り牛タン 900g,1,253839,肉・肉加工品 / 900g,"Meat and meat products from Shiga, 900g"
3001926,藤沢市産 どら焼き 詰め合わせ 12個,9,142051,菓子・スイーツ / 12個,"Confectionery and sweets from Kanagawa, 12個"
3001927,北海道産 あじ開き 20枚,2,012343,魚介類・海産物 / 20枚,"Seafood from Hokkaido, 20枚"
3001928,岩手県産 あじ開き 10枚,2,032140,魚介類・海産物 / 10枚,"Seafood from Iwate, 10枚"
3001929,琴平町 木製カッティングボード 2枚,20,374032,木工品・家具 / 2枚,"Woodwork and furniture from Kagawa, 2枚"
3001930,愛知県産 チーズケーキ 1台,9,232254,菓子・スイーツ / 1台,"Confectionery and sweets from Aichi, 1台"
3001931,上郡町産 銘柄鶏 もも肉 4kg,1,284815,肉・肉加工品 / 4kg,"Meat and meat products from Hyogo, 4kg"
3001932,木津川市産 チーズケーキ 2台,9,262145,菓子・スイーツ / 2台,"Confectionery and sweets from Kyoto, 2台"
3001933,愛知県 釣具セット 1式,26,232114,スポーツ・アウトドア / 1式,"Sports and outdoor from Aichi, 1式"
3001934,新潟県産 だしパック 60袋,16,152129,調味料・油 / 60袋,"Seasonings and oils from Niigata, 60袋"
3001935,栃木県産 チーズ 詰め合わせ 4種,6,093017,卵・乳製品 / 4種,"Eggs and dairy from Tochigi, 4種"
3001936,高知県産 米焼酎 飲み比べ 720ml×3本,11,393011,焼酎・泡盛 / 720ml×3本,"Shochu and awamori from Kochi, 720ml×3本"
3001937,愛知県 シルクスカーフ 1枚,21,232211,繊維・衣類 / 1枚,"Textiles and apparel from Aichi, 1枚"
3001938,長崎県産 ジェラート 詰め合わせ 12個,9,422070,菓子・スイーツ / 12個,"Confectionery and sweets from Nagasaki, 12個"
3001939,兵庫県産 チーズケーキ 1台,9,282103,菓子・スイーツ / 1台,"Confectionery and sweets from Hyogo, 1台"
3001940,富岡市産 味噌 詰め合わせ 1kg×3個,16,102105,調味料・油 / 1kg×3個,"Seasonings and oils from Gunma, 1kg×3個"
3001941,島原市産 黒毛和牛 切り落とし 1.5kg,1,422037,肉・肉加工品 / 1.5kg,"Meat and meat products from Nagasaki, 1.5kg"
3001942,岩手県産 ずわいがに 脚 800g,2,032026,魚介類・海産物 / 800g,"Seafood from Iwate, 800g"
3001943,広島県産 だしパック 60袋,16,342025,調味料・油 / 60袋,"Seasonings and oils from Hiroshima, 60袋"
3001944,三重県産 干物 詰め合わせ 8枚,2,245623,魚介類・海産物 / 8枚,"Seafood from Mie, 8枚"
3001945,長崎県産 バウムクーヘン 2個,9,422126,菓子・スイーツ / 2個,"Confectionery and sweets from Nagasaki, 2個"
3001946,秋田県産 ハンバーグ 詰め合わせ 15個,1,053279,肉・肉加工品 / 15個,"Meat and meat products from Akita, 15個"
3001947,上関町産 食パン 詰め合わせ 5斤,3,353418,米・パン / 5斤,"Rice and bread from Yamaguchi, 5斤"
3001948,玉城町産 黒毛和牛 サーロインステーキ 150g×3枚,1,244619,肉・肉加工品 / 150g×3枚,"Meat and meat products from Mie, 150g×3枚"
3001949,青森県産 アスパラガス 1kg,5,022039,野菜・きのこ / 1kg,"Vegetables and mushrooms from Aomori, 1kg"
3001950,岐阜県産 豚ロース しゃぶしゃぶ用 800g,1,213616,肉・肉加工品 / 800g,"Meat and meat products from Gifu, 800g"
3001951,能代市産 和牛 焼肉セット 600g,1,052027,肉・肉加工品 / 600g,"Meat and meat products from Akita, 600g"
3001952,奈良市 今治タオル セット 5枚,21,292010,繊維・衣類 / 5枚,"Textiles and apparel from Nara, 5枚"
3001953,中津川市 電気ケトル 1台,24,212067,家電・電化製品 / 1台,"Home appliances from Gifu, 1台"
3001954,静岡県産 自家焙煎コーヒー豆 200g×3袋,14,222194,茶・コーヒー / 200g×3袋,"Tea and coffee from Shizuoka, 200g×3袋"
3001955,愛知県産 味付からあげ 1kg,8,232084,惣菜・加工品 / 1kg,"Prepared and processed foods from Aichi, 1kg"
3001956,いわき市 ホットプレート 1台,24,072044,家電・電化製品 / 1台,"Home appliances from Fukushima, 1台"
3001957,上富良野町産 チーズ 詰め合わせ 4種,6,014605,卵・乳製品 / 4種,"Eggs and dairy from Hokkaido, 4種"
3001958,高千穂町産 銘柄鶏 もも肉 4kg,1,454419,肉・肉加工品 / 4kg,"Meat and meat products from Miyazaki, 4kg"
3001959,礼文町産 生乳100%牛乳 1L×6本,6,015172,卵・乳製品 / 1L×6本,"Eggs and dairy from Hokkaido, 1L×6本"
3001960,岡山県産 さくらんぼ 佐藤錦 1kg,4,332020,果物 / 1kg,"Fruit from Okayama, 1kg"
3001961,長野県産 スパークリングワイン 750ml×2本,13,203629,ワイン / 750ml×2本,"Wine from Nagano, 750ml×2本"
3001962,石川県 漆器 伝統工芸 1客,18,172065,工芸品・民芸品 / 1客,"Crafts and folk art from Ishikawa, 1客"
3001963,常陸大宮市産 スモーク鴨ロース 400g,1,082252,肉・肉加工品 / 400g,"Meat and meat products from Ibaraki, 400g"
3001964,岩手県 トイレットペーパー 72ロール,23,032107,日用品・雑貨 / 72ロール,"Household goods from Iwate, 72ロール"
3001965,北海道産 とうもろこし 12本,5,016446,野菜・きのこ / 12本,"Vegetables and mushrooms from Hokkaido, 12本"
3001966,高鍋町産 泡盛 古酒 1.8L,11,454010,焼酎・泡盛 / 1.8L,"Shochu and awamori from Miyazaki, 1.8L"
3001967,練馬区 包丁研ぎ器 1個,23,131202,日用品・雑貨 / 1個,"Household goods from Tokyo, 1個"
3001968,宮城県産 冷凍餃子 50個,8,042081,惣菜・加工品 / 50個,"Prepared and processed foods from Miyagi, 50個"
3001969,沖縄県産 あじ開き 20枚,2,473138,魚介類・海産物 / 20枚,"Seafood from Okinawa, 20枚"
3001970,久御山町産 抹茶 詰め合わせ 30g×3缶,14,263222,茶・コーヒー / 30g×3缶,"Tea and coffee from Kyoto, 30g×3缶"
3001971,只見町産 季節の野菜 詰め合わせ 10品目,5,073679,野菜・きのこ / 10品目,"Vegetables and mushrooms from Fukushima, 10品目"
3001972,鹿児島県産 銘柄鶏 もも肉 3kg,1,462225,肉・肉加工品 / 3kg,"Meat and meat products from Kagoshima, 3kg"
3001973,高知県産 乾燥しいたけ 500g,5,392065,野菜・きのこ / 500g,"Vegetables and mushrooms from Kochi, 500g"
3001974,宇土市産 とうもろこし 12本,5,432113,野菜・きのこ / 12本,"Vegetables and mushrooms from Kumamoto, 12本"
3001975,北海道産 紅はるか さつまいも 5kg,5,012262,野菜・きのこ / 5kg,"Vegetables and mushrooms from Hokkaido, 5kg"
3001976,木古内町 タオル 詰め合わせ 10枚,23,013340,日用品・雑貨 / 10枚,"Household goods from Hokkaido, 10枚"
3001977,青森県産 高糖度トマト 2kg,5,024465,野菜・きのこ / 2kg,"Vegetables and mushrooms from Aomori, 2kg"
3001978,神奈川県産 燻製 詰め合わせ 8種,8,143839,惣菜・加工品 / 8種,"Prepared and processed foods from Kanagawa, 8種"
3001979,増毛町産 プリン 詰め合わせ 8個,9,014818,菓子・スイーツ / 8個,"Confectionery and sweets from Hokkaido, 8個"
3001980,蒲郡市 今治タオル セット 8枚,21,232149,繊維・衣類 / 8枚,"Textiles and apparel from Aichi, 8枚"
3001981,熊本県 炊飯器 1台,24,434337,家電・電化製品 / 1台,"Home appliances from Kumamoto, 1台"
3001982,志布志市産 とうもろこし 20本,5,462217,野菜・きのこ / 20本,"Vegetables and mushrooms from Kagoshima, 20本"
3001983,飛騨市 磁器 湯呑 2客,19,212172,陶磁器・ガラス / 2客,"Ceramics and glassware from Gifu, 2客"
3001984,兵庫県 石けん 詰め合わせ 5個,22,285862,化粧品・美容 / 5個,"Cosmetics and beauty from Hyogo, 5個"
3001985,広島県 打刃物 包丁 1本,18,342131,工芸品・民芸品 / 1本,"Crafts and folk art from Hiroshima, 1本"
3001986,熱海市産 富有柿 5kg,4,222054,果物 / 5kg,"Fruit from Shizuoka, 5kg"
3001987,柳川市産 いくら醤油漬け 250g,2,402079,魚介類・海産物 / 250g,"Seafood from Fukuoka, 250g"
3001988,兵庫県産 バウムクーヘン 2個,9,282090,菓子・スイーツ / 2個,"Confectionery and sweets from Hyogo, 2個"
3001989,菊池市産 ハンバーグ 詰め合わせ 15個,1,432105,肉・肉加工品 / 15個,"Meat and meat products from Kumamoto, 15個"
3001990,福島県産 アスパラガス 2kg,5,075442,野菜・きのこ / 2kg,"Vegetables and mushrooms from Fukushima, 2kg"
3001991,高知県産 男爵じゃがいも 10kg,5,392103,野菜・きのこ / 10kg,"Vegetables and mushrooms from Kochi, 10kg"
3001992,茨城県産 佃煮 詰め合わせ 5種,8,082236,惣菜・加工品 / 5種,"Prepared and processed foods from Ibaraki, 5種"
3001993,茅野市 釣具セット 1式,26,202142,スポーツ・アウトドア / 1式,"Sports and outdoor from Nagano, 1式"
3001994,宮若市産 ジェラート 詰め合わせ 12個,9,402265,菓子・スイーツ / 12個,"Confectionery and sweets from Fukuoka, 12個"
3001995,香川県産 稲庭うどん 1.2kg,7,373419,麺類 / 1.2kg,"Noodles from Kagawa, 1.2kg"
3001996,西東京市 酒蔵見学・試飲 2名,28,132292,体験・チケット / 2名,"Experiences and tickets from Tokyo, 2名"
3001997,調布市 陶芸 体験チケット 2名,28,132080,体験・チケット / 2名,"Experiences and tickets from Tokyo, 2名"
3001998,栃木県産 和牛 焼肉セット 1kg,1,092037,肉・肉加工品 / 1kg,"Meat and meat products from Tochigi, 1kg"
3001999,伊東市 伝統こけし 1体,18,222089,工芸品・民芸品 / 1体,"Crafts and folk art from Shizuoka, 1体"
3002000,北海道産 カステラ 詰め合わせ 3本,9,013471,菓子・スイーツ / 3本,"Confectionery and sweets from Hokkaido, 3本"
3002001,北海道産 うなぎ蒲焼 5尾,2,015601,魚介類・海産物 / 5尾,"Seafood from Hokkaido, 5尾"
3002002,愛知県産 カステラ 詰め合わせ 3本,9,232297,菓子・スイーツ / 3本,"Confectionery and sweets from Aichi, 3本"
3002003,福岡県産 スモーク鴨ロース 600g,1,402168,肉・肉加工品 / 600g,"Meat and meat products from Fukuoka, 600g"
3002004,長野県産 十割そば 10食,7,202118,麺類 / 10食,"Noodles from Nagano, 10食"
3002005,大分県産 レトルトカレー 詰め合わせ 10食,8,444618,惣菜・加工品 / 10食,"Prepared and processed foods from Oita, 10食"
3002006,上野原市 伝統こけし 1体,18,192121,工芸品・民芸品 / 1体,"Crafts and folk art from Yamanashi, 1体"
3002007,三重県産 プリン 詰め合わせ 12個,9,242144,菓子・スイーツ / 12個,"Confectionery and sweets from Mie, 12個"
3002008,長野県産 サンふじりんご 10kg,4,204251,果物 / 10kg,"Fruit from Nagano, 10kg"
3002009,広島県産 冷凍餃子 100個,8,342131,惣菜・加工品 / 100個,"Prepared and processed foods from Hiroshima, 100個"
3002010,鹿児島県産 黒毛和牛 サーロインステーキ 150g×3枚,1,464821,肉・肉加工品 / 150g×3枚,"Meat and meat products from Kagoshima, 150g×3枚"
3002011,愛媛県 ヘアケア シャンプー 500ml×2本,22,382043,化粧品・美容 / 500ml×2本,"Cosmetics and beauty from Ehime, 500ml×2本"
3002012,静岡県産 漬物 詰め合わせ 10種,8,222151,惣菜・加工品 / 10種,"Prepared and processed foods from Shizuoka, 10種"
3002013,山梨県産 果汁100%ジュース 1L×6本,15,194425,飲料・ジュース / 1L×6本,"Beverages and juice from Yamanashi, 1L×6本"
3002014,岐阜県産 味付ジンギスカン 1kg,1,212202,肉・肉加工品 / 1kg,"Meat and meat products from Gifu, 1kg"
3002015,姫路市産 スモーク鴨ロース 400g,1,282014,肉・肉加工品 / 400g,"Meat and meat products from Hyogo, 400g"
3002016,秋田県産 純米吟醸 飲み比べ 720ml×3本,10,052027,日本酒 / 720ml×3本,"Sake from Akita, 720ml×3本"
3002017,宮崎県産 漬物 詰め合わせ 6種,8,454290,惣菜・加工品 / 6種,"Prepared and processed foods from Miyazaki, 6種"
3002018,御所市 竹細工かご 1点,18,292087,工芸品・民芸品 / 1点,"Crafts and folk art from Nara, 1点"
3002019,千葉県産 あじ開き 10枚,2,122301,魚介類・海産物 / 10枚,"Seafood from Chiba, 10枚"
3002020,北海道産 とうもろこし 20本,5,014826,野菜・きのこ / 20本,"Vegetables and mushrooms from Hokkaido, 20本"
3002021,上勝町産 国産小麦パスタ 10袋,7,363022,麺類 / 10袋,"Noodles from Tokushima, 10袋"
3002022,福岡県産 ベーコン・ソーセージセット 1.8kg,1,401307,肉・肉加工品 / 1.8kg,"Meat and meat products from Fukuoka, 1.8kg"
3002023,宝塚市産 どら焼き 詰め合わせ 20個,9,282146,菓子・スイーツ / 20個,"Confectionery and sweets from Hyogo, 20個"
3002024,青森県産 スモーク鴨ロース 400g,1,024503,肉・肉加工品 / 400g,"Meat and meat products from Aomori, 400g"
3002025,北海道産 プリン 詰め合わせ 12個,9,013994,菓子・スイーツ / 12個,"Confectionery and sweets from Hokkaido, 12個"
3002026,北海道産 高糖度トマト 2kg,5,013935,野菜・きのこ / 2kg,"Vegetables and mushrooms from Hokkaido, 2kg"
3002027,防府市産 佃煮 詰め合わせ 5種,8,352063,惣菜・加工品 / 5種,"Prepared and processed foods from Yamaguchi, 5種"
3002028,町田市 国産材 積み木 1式,25,132098,文具・玩具 / 1式,"Stationery and toys from Tokyo, 1式"
3002029,福島県産 米粉パン セット 12個,3,072028,米・パン / 12個,"Rice and bread from Fukushima, 12個"
3002030,岩手県産 生ラーメン セット 10食,7,033219,麺類 / 10食,"Noodles from Iwate, 10食"
3002031,埼玉県産 煎茶 詰め合わせ 100g×5袋,14,112275,茶・コーヒー / 100g×5袋,"Tea and coffee from Saitama, 100g×5袋"
3002032,奈良県 竹細工かご 1点,18,292028,工芸品・民芸品 / 1点,"Crafts and folk art from Nara, 1点"
3002033,岐阜県 漆器 伝統工芸 1客,18,215040,工芸品・民芸品 / 1客,"Crafts and folk art from Gifu, 1客"
3002034,新潟県産 ほたて貝柱 冷凍 500g,2,152277,魚介類・海産物 / 500g,"Seafood from Niigata, 500g"
3002035,宮崎県産 米焼酎 飲み比べ 720ml×3本,11,454419,焼酎・泡盛 / 720ml×3本,"Shochu and awamori from Miyazaki, 720ml×3本"
3002036,徳島市 靴下 詰め合わせ 10足,21,362018,繊維・衣類 / 10足,"Textiles and apparel from Tokushima, 10足"
3002037,島原市産 のどぐろ 干物 5枚,2,422037,魚介類・海産物 / 5枚,"Seafood from Nagasaki, 5枚"
3002038,青森県産 味付ジンギスカン 2kg,1,023078,肉・肉加工品 / 2kg,"Meat and meat products from Aomori, 2kg"
3002039,兵庫県産 特別純米酒 720ml×2本,10,282243,日本酒 / 720ml×2本,"Sake from Hyogo, 720ml×2本"
3002040,津山市産 幸水梨 5kg,4,332038,果物 / 5kg,"Fruit from Okayama, 5kg"
3002041,喜多方市産 メロン 秀品 1玉,4,072087,果物 / 1玉,"Fruit from Fukushima, 1玉"
3002042,泉大津市 多肉植物 セット 6鉢,29,272060,花・観葉植物 / 6鉢,"Flowers and plants from Osaka, 6鉢"
3002043,石川県産 純米大吟醸 720ml×2本,10,172049,日本酒 / 720ml×2本,"Sake from Ishikawa, 720ml×2本"
3002044,神奈川県 洗剤 詰め合わせ 1式,23,141305,日用品・雑貨 / 1式,"Household goods from Kanagawa, 1式"
3002045,里庄町産 コシヒカリ 精米 10kg,3,334456,米・パン / 10kg,"Rice and bread from Okayama, 10kg"
3002046,群馬県産 味付からあげ 1kg,8,105228,惣菜・加工品 / 1kg,"Prepared and processed foods from Gunma, 1kg"
3002047,野田市産 味付ジンギスカン 1kg,1,122084,肉・肉加工品 / 1kg,"Meat and meat products from Chiba, 1kg"
3002048,長崎県産 豚ロース しゃぶしゃぶ用 1.2kg,1,422134,肉・肉加工品 / 1.2kg,"Meat and meat products from Nagasaki, 1.2kg"
3002049,錦町 クルーズ 乗船券 2名,28,435015,体験・チケット / 2名,"Experiences and tickets from Kumamoto, 2名"
3002050,佐賀県産 本格芋焼酎 1.8L,11,412104,焼酎・泡盛 / 1.8L,"Shochu and awamori from Saga, 1.8L"
3002051,匝瑳市産 ずわいがに 脚 1.2kg,2,122351,魚介類・海産物 / 1.2kg,"Seafood from Chiba, 1.2kg"
3002052,石川県 漆器 伝統工芸 5客,18,174637,工芸品・民芸品 / 5客,"Crafts and folk art from Ishikawa, 5客"
3002053,秋田県産 季節限定 生酒 720ml×2本,10,052043,日本酒 / 720ml×2本,"Sake from Akita, 720ml×2本"
3002054,岐阜県産 ベーコン・ソーセージセット 1.8kg,1,212181,肉・肉加工品 / 1.8kg,"Meat and meat products from Gifu, 1.8kg"
3002055,北海道産 天然水 炭酸水 500ml×48本,15,014087,飲料・ジュース / 500ml×48本,"Beverages and juice from Hokkaido, 500ml×48本"
3002056,遠野市産 生うに 200g,2,032085,魚介類・海産物 / 200g,"Seafood from Iwate, 200g"
3002057,大洲市産 いくら醤油漬け 250g,2,382078,魚介類・海産物 / 250g,"Seafood from Ehime, 250g"
3002058,福井県産 純米吟醸 飲み比べ 720ml×3本,10,184811,日本酒 / 720ml×3本,"Sake from Fukui, 720ml×3本"
3002059,小千谷市 陶芸 体験チケット 2名,28,152081,体験・チケット / 2名,"Experiences and tickets from Niigata, 2名"
3002060,高知県産 醤油 詰め合わせ 1L×3本,16,393029,調味料・油 / 1L×3本,"Seasonings and oils from Kochi, 1L×3本"
3002061,岐阜県 木製食器セット 4点,20,212113,木工品・家具 / 4点,"Woodwork and furniture from Gifu, 4点"
3002062,大阪府 トイレットペーパー 72ロール,23,272205,日用品・雑貨 / 72ロール,"Household goods from Osaka, 72ロール"
3002063,愛知県 シルクスカーフ 1枚,21,232360,繊維・衣類 / 1枚,"Textiles and apparel from Aichi, 1枚"
3002064,小美玉市 陶器 マグカップ 2個,19,082368,陶磁器・ガラス / 2個,"Ceramics and glassware from Ibaraki, 2個"
3002065,愛知県産 カステラ 詰め合わせ 2本,9,232122,菓子・スイーツ / 2本,"Confectionery and sweets from Aichi, 2本"
3002066,愛知県 炊飯器 1台,24,232254,家電・電化製品 / 1台,"Home appliances from Aichi, 1台"
3002067,富山県 伝統こけし 1体,18,162086,工芸品・民芸品 / 1体,"Crafts and folk art from Toyama, 1体"
3002068,苫前町産 乾燥しいたけ 500g,5,014834,野菜・きのこ / 500g,"Vegetables and mushrooms from Hokkaido, 500g"
3002069,久米南町 靴下 詰め合わせ 10足,21,336637,繊維・衣類 / 10足,"Textiles and apparel from Okayama, 10足"
3002070,中之条町産 レトルトカレー 詰め合わせ 10食,8,104213,惣菜・加工品 / 10食,"Prepared and processed foods from Gunma, 10食"
3002071,名張市 果物狩り 体験チケット 4名,28,242080,体験・チケット / 4名,"Experiences and tickets from Mie, 4名"
3002072,福岡県 国産ペットフード 4kg,30,402257,ペット用品 / 4kg,"Pet supplies from Fukuoka, 4kg"
3002073,岡山県産 メロン 秀品 1玉,4,335860,果物 / 1玉,"Fruit from Okayama, 1玉"
3002074,塩尻市産 スパークリングワイン 750ml×2本,13,202151,ワイン / 750ml×2本,"Wine from Nagano, 750ml×2本"
3002075,河津町産 温州みかん 10kg,4,223026,果物 / 10kg,"Fruit from Shizuoka, 10kg"
3002076,長野県産 稲庭うどん 1.2kg,7,202029,麺類 / 1.2kg,"Noodles from Nagano, 1.2kg"
3002077,牟岐町産 国産小麦パスタ 10袋,7,363839,麺類 / 10袋,"Noodles from Tokushima, 10袋"
3002078,兵庫県産 ほたて貝柱 冷凍 1.5kg,2,282219,魚介類・海産物 / 1.5kg,"Seafood from Hyogo, 1.5kg"
3002079,稚内市 ノート 詰め合わせ 10冊,25,012149,文具・玩具 / 10冊,"Stationery and toys from Hokkaido, 10冊"
3002080,大和郡山市産 煎茶 詰め合わせ 100g×5袋,14,292036,茶・コーヒー / 100g×5袋,"Tea and coffee from Nara, 100g×5袋"
3002081,和歌山県産 ジェラート 詰め合わせ 12個,9,302074,菓子・スイーツ / 12個,"Confectionery and sweets from Wakayama, 12個"
3002082,北海道産 サーモン 刺身用 600g,2,013706,魚介類・海産物 / 600g,"Seafood from Hokkaido, 600g"
3002083,熊本県産 紅はるか さつまいも 5kg,5,435058,野菜・きのこ / 5kg,"Vegetables and mushrooms from Kumamoto, 5kg"
3002084,東広島市 磁器 湯呑 5客,19,342122,陶磁器・ガラス / 5客,"Ceramics and glassware from Hiroshima, 5客"
3002085,愛知県産 プリン 詰め合わせ 8個,9,233625,菓子・スイーツ / 8個,"Confectionery and sweets from Aichi, 8個"
3002086,千葉県産 干物 詰め合わせ 8枚,2,122319,魚介類・海産物 / 8枚,"Seafood from Chiba, 8枚"
3002087,石川県産 純米大吟醸 1.8L,10,172090,日本酒 / 1.8L,"Sake from Ishikawa, 1.8L"
3002088,茨城県産 黒毛和牛 サーロインステーキ 200g×2枚,1,082082,肉・肉加工品 / 200g×2枚,"Meat and meat products from Ibaraki, 200g×2枚"
3002089,兵庫県産 純米吟醸 飲み比べ 720ml×3本,10,282014,日本酒 / 720ml×3本,"Sake from Hyogo, 720ml×3本"
3002090,千歳市産 スモーク鴨ロース 400g,1,012246,肉・肉加工品 / 400g,"Meat and meat products from Hokkaido, 400g"
3002091,当別町産 味付ジンギスカン 1kg,1,013030,肉・肉加工品 / 1kg,"Meat and meat products from Hokkaido, 1kg"
3002092,本庄市産 ジェラート 詰め合わせ 12個,9,112119,菓子・スイーツ / 12個,"Confectionery and sweets from Saitama, 12個"
3002093,真庭市 陶器 マグカップ 2個,19,332143,陶磁器・ガラス / 2個,"Ceramics and glassware from Okayama, 2個"
3002094,埼玉県産 特別栽培米 玄米 10kg,3,112321,米・パン / 10kg,"Rice and bread from Saitama, 10kg"
3002095,佐久穂町産 メロン 秀品 1玉,4,203092,果物 / 1玉,"Fruit from Nagano, 1玉"
3002096,山口県産 レトルトカレー 詰め合わせ 16食,8,352101,惣菜・加工品 / 16食,"Prepared and processed foods from Yamaguchi, 16食"
3002097,富岡市産 男爵じゃがいも 10kg,5,102105,野菜・きのこ / 10kg,"Vegetables and mushrooms from Gunma, 10kg"
3002098,千葉県産 黒毛和牛 サーロインステーキ 400g,1,122050,肉・肉加工品 / 400g,"Meat and meat products from Chiba, 400g"
3002099,愛媛県 シルクスカーフ 1枚,21,382035,繊維・衣類 / 1枚,"Textiles and apparel from Ehime, 1枚"
3002100,青森市 ホットプレート 1台,24,022012,家電・電化製品 / 1台,"Home appliances from Aomori, 1台"
3002101,湯梨浜町産 のどぐろ 干物 5枚,2,313700,魚介類・海産物 / 5枚,"Seafood from Tottori, 5枚"
3002102,茨城県産 男爵じゃがいも 10kg,5,082104,野菜・きのこ / 10kg,"Vegetables and mushrooms from Ibaraki, 10kg"
3002103,奈良県産 さくらんぼ 佐藤錦 1kg,4,294250,果物 / 1kg,"Fruit from Nara, 1kg"
3002104,岐阜県 直火用 土鍋 1個,19,212199,陶磁器・ガラス / 1個,"Ceramics and glassware from Gifu, 1個"
3002105,神戸市産 季節限定 生酒 720ml×2本,10,281000,日本酒 / 720ml×2本,"Sake from Hyogo, 720ml×2本"
3002106,福井県 ガラス酒器 1式,19,182087,陶磁器・ガラス / 1式,"Ceramics and glassware from Fukui, 1式"
3002107,神奈川県 トイレットペーパー 72ロール,23,142085,日用品・雑貨 / 72ロール,"Household goods from Kanagawa, 72ロール"
3002108,福島県産 ひとめぼれ 無洗米 5kg,3,073032,米・パン / 5kg,"Rice and bread from Fukushima, 5kg"
3002109,島根県産 ずわいがに 脚 800g,2,325015,魚介類・海産物 / 800g,"Seafood from Shimane, 800g"
3002110,郡上市 ガラス酒器 1式,19,212199,陶磁器・ガラス / 1式,"Ceramics and glassware from Gifu, 1式"
3002111,千葉県 靴下 詰め合わせ 10足,21,122165,繊維・衣類 / 10足,"Textiles and apparel from Chiba, 10足"
3002112,北海道産 平飼いたまご 30個,6,014389,卵・乳製品 / 30個,"Eggs and dairy from Hokkaido, 30個"
3002113,宮崎県 包丁研ぎ器 1個,23,452041,日用品・雑貨 / 1個,"Household goods from Miyazaki, 1個"
3002114,愛知県産 ジェラート 詰め合わせ 12個,9,232106,菓子・スイーツ / 12個,"Confectionery and sweets from Aichi, 12個"
3002115,岡山県 靴下 詰め合わせ 10足,21,332143,繊維・衣類 / 10足,"Textiles and apparel from Okayama, 10足"
3002116,"小田原市 宿泊利用券 30,000円分",27,142069,"旅行券・宿泊券 / 30,000円分","Travel and accommodation vouchers from Kanagawa, 30,000円分"
3002117,熊本県産 スモーク鴨ロース 600g,1,431001,肉・肉加工品 / 600g,"Meat and meat products from Kumamoto, 600g"
3002118,福岡県産 いくら醤油漬け 250g,2,402117,魚介類・海産物 / 250g,"Seafood from Fukuoka, 250g"
3002119,京都府産 抹茶 詰め合わせ 30g×3缶,14,263664,茶・コーヒー / 30g×3缶,"Tea and coffee from Kyoto, 30g×3缶"
3002120,山形県産 季節限定 生酒 720ml×2本,10,062090,日本酒 / 720ml×2本,"Sake from Yamagata, 720ml×2本"
3002121,四街道市産 ずわいがに 脚 800g,2,122289,魚介類・海産物 / 800g,"Seafood from Chiba, 800g"
3002122,南島原市産 和菓子 詰め合わせ 12個,9,422142,菓子・スイーツ / 12個,"Confectionery and sweets from Nagasaki, 12個"
3002123,みどり市産 銘柄鶏 もも肉 3kg,1,102121,肉・肉加工品 / 3kg,"Meat and meat products from Gunma, 3kg"
3002124,沖縄県産 いくら醤油漬け 500g,2,473065,魚介類・海産物 / 500g,"Seafood from Okinawa, 500g"
3002125,兵庫県産 純米大吟醸 720ml×2本,10,282197,日本酒 / 720ml×2本,"Sake from Hyogo, 720ml×2本"
3002126,北海道産 味付ジンギスカン 1kg,1,012190,肉・肉加工品 / 1kg,"Meat and meat products from Hokkaido, 1kg"
3002127,兵庫県産 豚ロース しゃぶしゃぶ用 1.2kg,1,282189,肉・肉加工品 / 1.2kg,"Meat and meat products from Hyogo, 1.2kg"
3002128,名取市 入浴剤 詰め合わせ 30回分,22,042072,化粧品・美容 / 30回分,"Cosmetics and beauty from Miyagi, 30回分"
3002129,田原市産 冷凍餃子 100個,8,232319,惣菜・加工品 / 100個,"Prepared and processed foods from Aichi, 100個"
3002130,富山県産 干物 詰め合わせ 12枚,2,162019,魚介類・海産物 / 12枚,"Seafood from Toyama, 12枚"
3002131,北海道産 プリン 詰め合わせ 8個,9,012106,菓子・スイーツ / 8個,"Confectionery and sweets from Hokkaido, 8個"
3002132,鳥取県産 メロン 秀品 2玉,4,312045,果物 / 2玉,"Fruit from Tottori, 2玉"
3002133,和歌山県産 醤油 詰め合わせ 1L×3本,16,302015,調味料・油 / 1L×3本,"Seasonings and oils from Wakayama, 1L×3本"
3002134,新見市産 コシヒカリ 精米 5kg,3,332101,米・パン / 5kg,"Rice and bread from Okayama, 5kg"
3002135,北海道産 厚切り牛タン 900g,1,012360,肉・肉加工品 / 900g,"Meat and meat products from Hokkaido, 900g"
3002136,九十九里町産 うなぎ蒲焼 2尾,2,124036,魚介類・海産物 / 2尾,"Seafood from Chiba, 2尾"
3002137,福井県産 特別栽培米 玄米 10kg,3,182028,米・パン / 10kg,"Rice and bread from Fukui, 10kg"
3002138,宮崎県 直火用 土鍋 1個,19,452084,陶磁器・ガラス / 1個,"Ceramics and glassware from Miyazaki, 1個"
3002139,新潟県産 のどぐろ 干物 3枚,2,152111,魚介類・海産物 / 3枚,"Seafood from Niigata, 3枚"
3002140,埼玉県産 佃煮 詰め合わせ 5種,8,113638,惣菜・加工品 / 5種,"Prepared and processed foods from Saitama, 5種"
3002141,喜茂別町産 明太子 切子 1kg,2,013986,魚介類・海産物 / 1kg,"Seafood from Hokkaido, 1kg"
3002142,高知県産 ボイル毛がに 2尾,2,393410,魚介類・海産物 / 2尾,"Seafood from Kochi, 2尾"
3002143,三次市 磁器 湯呑 5客,19,342092,陶磁器・ガラス / 5客,"Ceramics and glassware from Hiroshima, 5客"
3002144,山口県産 季節限定 生酒 720ml×2本,10,352071,日本酒 / 720ml×2本,"Sake from Yamaguchi, 720ml×2本"
3002145,兵庫県産 純米吟醸 飲み比べ 720ml×3本,10,282138,日本酒 / 720ml×3本,"Sake from Hyogo, 720ml×3本"
3002146,つくば市産 季節の野菜 詰め合わせ 10品目,5,082201,野菜・きのこ / 10品目,"Vegetables and mushrooms from Ibaraki, 10品目"
3002147,佐賀県産 米焼酎 飲み比べ 720ml×3本,11,412058,焼酎・泡盛 / 720ml×3本,"Shochu and awamori from Saga, 720ml×3本"
3002148,山形県産 純米大吟醸 1.8L,10,064262,日本酒 / 1.8L,"Sake from Yamagata, 1.8L"
3002149,熊本県産 豚ロース しゃぶしゃぶ用 1.2kg,1,431001,肉・肉加工品 / 1.2kg,"Meat and meat products from Kumamoto, 1.2kg"
3002150,芦屋市産 のどぐろ 干物 5枚,2,282065,魚介類・海産物 / 5枚,"Seafood from Hyogo, 5枚"
3002151,小矢部市産 特別栽培米 玄米 20kg,3,162094,米・パン / 20kg,"Rice and bread from Toyama, 20kg"
3002152,香川県 曲げわっぱ弁当箱 1個,20,372064,木工品・家具 / 1個,"Woodwork and furniture from Kagawa, 1個"
3002153,白山市 打刃物 包丁 1本,18,172103,工芸品・民芸品 / 1本,"Crafts and folk art from Ishikawa, 1本"
3002154,長野県産 十割そば 10食,7,203629,麺類 / 10食,"Noodles from Nagano, 10食"
3002155,北九州市産 十割そば 16食,7,401005,麺類 / 16食,"Noodles from Fukuoka, 16食"
3002156,秋田県産 厚切り牛タン 500g,1,053031,肉・肉加工品 / 500g,"Meat and meat products from Akita, 500g"
3002157,島根県産 米粉パン セット 8個,3,322032,米・パン / 8個,"Rice and bread from Shimane, 8個"
3002158,熊本県産 紅はるか さつまいも 10kg,5,432164,野菜・きのこ / 10kg,"Vegetables and mushrooms from Kumamoto, 10kg"
3002159,愛知県産 味付からあげ 1kg,8,232335,惣菜・加工品 / 1kg,"Prepared and processed foods from Aichi, 1kg"
3002160,今治市産 生うに 100g,2,382027,魚介類・海産物 / 100g,"Seafood from Ehime, 100g"
3002161,岐阜県 漆器 伝統工芸 1客,18,214019,工芸品・民芸品 / 1客,"Crafts and folk art from Gifu, 1客"
3002162,北海道産 紅はるか さつまいも 10kg,5,012360,野菜・きのこ / 10kg,"Vegetables and mushrooms from Hokkaido, 10kg"
3002163,島根県産 コシヒカリ 精米 20kg,3,322067,米・パン / 20kg,"Rice and bread from Shimane, 20kg"
3002164,河合町産 自家焙煎コーヒー豆 200g×5袋,14,294276,茶・コーヒー / 200g×5袋,"Tea and coffee from Nara, 200g×5袋"
3002165,埼玉県 和紙 便箋セット 1式,18,111007,工芸品・民芸品 / 1式,"Crafts and folk art from Saitama, 1式"
3002166,北海道産 飲むヨーグルト 900ml×12本,6,014532,卵・乳製品 / 900ml×12本,"Eggs and dairy from Hokkaido, 900ml×12本"
3002167,添田町産 十割そば 10食,7,406023,麺類 / 10食,"Noodles from Fukuoka, 10食"
3002168,愛知県産 燻製 詰め合わせ 5種,8,232017,惣菜・加工品 / 5種,"Prepared and processed foods from Aichi, 5種"
3002169,雄武町産 干物 詰め合わせ 8枚,2,015636,魚介類・海産物 / 8枚,"Seafood from Hokkaido, 8枚"
3002170,福井県産 純米大吟醸 720ml,10,184837,日本酒 / 720ml,"Sake from Fukui, 720ml"
3002171,香川県 無垢材スツール 1脚,20,372048,木工品・家具 / 1脚,"Woodwork and furniture from Kagawa, 1脚"
3002172,岩手県産 ベーコン・ソーセージセット 1.2kg,1,032131,肉・肉加工品 / 1.2kg,"Meat and meat products from Iwate, 1.2kg"
3002173,神奈川県産 プリン 詰め合わせ 8個,9,142123,菓子・スイーツ / 8個,"Confectionery and sweets from Kanagawa, 8個"
3002174,上山市 ガラス酒器 1式,19,062073,陶磁器・ガラス / 1式,"Ceramics and glassware from Yamagata, 1式"
3002175,長崎市産 あじ開き 20枚,2,422011,魚介類・海産物 / 20枚,"Seafood from Nagasaki, 20枚"
3002176,国頭村産 長期貯蔵 麦焼酎 1.8L,11,473014,焼酎・泡盛 / 1.8L,"Shochu and awamori from Okinawa, 1.8L"
3002177,福井県産 特別純米酒 1.8L,10,182095,日本酒 / 1.8L,"Sake from Fukui, 1.8L"
3002178,神奈川県 トイレットペーパー 72ロール,23,142085,日用品・雑貨 / 72ロール,"Household goods from Kanagawa, 72ロール"
3002179,奈良県 竹細工かご 1点,18,294497,工芸品・民芸品 / 1点,"Crafts and folk art from Nara, 1点"
3002180,山形県産 純米吟醸 飲み比べ 720ml×3本,10,062014,日本酒 / 720ml×3本,"Sake from Yamagata, 720ml×3本"
3002181,埼玉県産 食パン 詰め合わせ 5斤,3,112186,米・パン / 5斤,"Rice and bread from Saitama, 5斤"
3002182,北海道 果物 定期便 隔月×6回,17,014826,定期便 / 隔月×6回,"Subscription deliveries from Hokkaido, 隔月×6回"
3002183,藍住町 空気清浄機 1台,24,364037,家電・電化製品 / 1台,"Home appliances from Tokushima, 1台"
3002184,京都府産 プリン 詰め合わせ 12個,9,263435,菓子・スイーツ / 12個,"Confectionery and sweets from Kyoto, 12個"
3002185,沖縄県産 のどぐろ 干物 3枚,2,473260,魚介類・海産物 / 3枚,"Seafood from Okinawa, 3枚"
3002186,愛知県 今治タオル セット 5枚,21,232220,繊維・衣類 / 5枚,"Textiles and apparel from Aichi, 5枚"
3002187,吹田市産 レトルトカレー 詰め合わせ 16食,8,272051,惣菜・加工品 / 16食,"Prepared and processed foods from Osaka, 16食"
3002188,鹿児島県産 スモーク鴨ロース 600g,1,465259,肉・肉加工品 / 600g,"Meat and meat products from Kagoshima, 600g"
3002189,守谷市産 たまねぎ 10kg,5,082244,野菜・きのこ / 10kg,"Vegetables and mushrooms from Ibaraki, 10kg"
3002190,徳島県産 とうもろこし 12本,5,362042,野菜・きのこ / 12本,"Vegetables and mushrooms from Tokushima, 12本"
3002191,鳥取県産 ひとめぼれ 無洗米 10kg,3,313289,米・パン / 10kg,"Rice and bread from Tottori, 10kg"
3002192,香川県 曲げわっぱ弁当箱 1個,20,373648,木工品・家具 / 1個,"Woodwork and furniture from Kagawa, 1個"
3002193,北海道 ペットベッド 1個,30,016942,ペット用品 / 1個,"Pet supplies from Hokkaido, 1個"
3002194,京都府 竹細工かご 1点,18,262099,工芸品・民芸品 / 1点,"Crafts and folk art from Kyoto, 1点"
3002195,室蘭市産 アイスクリーム 詰め合わせ 18個,6,012050,卵・乳製品 / 18個,"Eggs and dairy from Hokkaido, 18個"
3002196,五條市産 メロン 秀品 2玉,4,292079,果物 / 2玉,"Fruit from Nara, 2玉"
3002197,広島県産 純米吟醸 飲み比べ 720ml×3本,10,341002,日本酒 / 720ml×3本,"Sake from Hiroshima, 720ml×3本"
3002198,千葉市産 黒毛和牛 サーロインステーキ 200g×2枚,1,121002,肉・肉加工品 / 200g×2枚,"Meat and meat products from Chiba, 200g×2枚"
3002199,五木村産 和牛 焼肉セット 1kg,1,435112,肉・肉加工品 / 1kg,"Meat and meat products from Kumamoto, 1kg"
3002200,大阪府産 和菓子 詰め合わせ 20個,9,272086,菓子・スイーツ / 20個,"Confectionery and sweets from Osaka, 20個"
3002201,岩手県産 つや姫 精米 10kg,3,035246,米・パン / 10kg,"Rice and bread from Iwate, 10kg"
3002202,木曽町 季節の花束 1束,29,204323,花・観葉植物 / 1束,"Flowers and plants from Nagano, 1束"
3002203,沖縄県産 抹茶 詰め合わせ 30g×3缶,14,472140,茶・コーヒー / 30g×3缶,"Tea and coffee from Okinawa, 30g×3缶"
3002204,愛知県産 ジェラート 詰め合わせ 12個,9,232025,菓子・スイーツ / 12個,"Confectionery and sweets from Aichi, 12個"
3002205,北海道産 サーモン 刺身用 1kg,2,014303,魚介類・海産物 / 1kg,"Seafood from Hokkaido, 1kg"
3002206,北海道産 プリン 詰め合わせ 12個,9,015610,菓子・スイーツ / 12個,"Confectionery and sweets from Hokkaido, 12個"
3002207,兵庫県産 銘柄鶏 もも肉 4kg,1,282227,肉・肉加工品 / 4kg,"Meat and meat products from Hyogo, 4kg"
3002208,勝山市産 生うに 200g,2,182061,魚介類・海産物 / 200g,"Seafood from Fukui, 200g"
3002209,北海道産 カステラ 詰め合わせ 2本,9,016641,菓子・スイーツ / 2本,"Confectionery and sweets from Hokkaido, 2本"
3002210,留萌市産 カステラ 詰め合わせ 2本,9,012122,菓子・スイーツ / 2本,"Confectionery and sweets from Hokkaido, 2本"
3002211,本巣市 曲げわっぱ弁当箱 1個,20,212181,木工品・家具 / 1個,"Woodwork and furniture from Gifu, 1個"
3002212,苅田町産 ベーコン・ソーセージセット 1.2kg,1,406210,肉・肉加工品 / 1.2kg,"Meat and meat products from Fukuoka, 1.2kg"
3002213,長野県産 樽熟成 赤ワイン 750ml,13,202207,ワイン / 750ml,"Wine from Nagano, 750ml"
3002214,埼玉県産 ゆめぴりか 精米 10kg,3,112259,米・パン / 10kg,"Rice and bread from Saitama, 10kg"
3002215,長崎県産 ベーコン・ソーセージセット 1.2kg,1,422096,肉・肉加工品 / 1.2kg,"Meat and meat products from Nagasaki, 1.2kg"
3002216,長野県産 温州みかん 10kg,4,204129,果物 / 10kg,"Fruit from Nagano, 10kg"
3002217,愛知県産 だしパック 60袋,16,232050,調味料・油 / 60袋,"Seasonings and oils from Aichi, 60袋"
3002218,千葉県産 天然水 2L×24本,15,122319,飲料・ジュース / 2L×24本,"Beverages and juice from Chiba, 2L×24本"
3002219,宮城県産 コシヒカリ 精米 10kg,3,043028,米・パン / 10kg,"Rice and bread from Miyagi, 10kg"
3002220,静岡県 猫用爪とぎ 3個,30,222054,ペット用品 / 3個,"Pet supplies from Shizuoka, 3個"
3002221,豊前市 国産ペットフード 2kg,30,402141,ペット用品 / 2kg,"Pet supplies from Fukuoka, 2kg"
3002222,秩父市産 バウムクーヘン 4個,9,112071,菓子・スイーツ / 4個,"Confectionery and sweets from Saitama, 4個"
3002223,高畠町産 食パン 詰め合わせ 3斤,3,063819,米・パン / 3斤,"Rice and bread from Yamagata, 3斤"
3002224,愛知県産 ジェラート 詰め合わせ 12個,9,232238,菓子・スイーツ / 12個,"Confectionery and sweets from Aichi, 12個"
3002225,長野県産 アスパラガス 2kg,5,204293,野菜・きのこ / 2kg,"Vegetables and mushrooms from Nagano, 2kg"
3002226,徳島市産 男爵じゃがいも 20kg,5,362018,野菜・きのこ / 20kg,"Vegetables and mushrooms from Tokushima, 20kg"
3002227,沖縄県産 完熟マンゴー 2kg,4,473537,果物 / 2kg,"Fruit from Okinawa, 2kg"
3002228,群馬県産 十割そば 10食,7,105210,麺類 / 10食,"Noodles from Gunma, 10食"
3002229,静岡県産 サーモン 刺身用 600g,2,222267,魚介類・海産物 / 600g,"Seafood from Shizuoka, 600g"
3002230,福島県産 メロン 秀品 2玉,4,075469,果物 / 2玉,"Fruit from Fukushima, 2玉"
3002231,東京都 果物狩り 体験チケット 4名,28,132195,体験・チケット / 4名,"Experiences and tickets from Tokyo, 4名"
3002232,長崎県産 チーズケーキ 2台,9,422053,菓子・スイーツ / 2台,"Confectionery and sweets from Nagasaki, 2台"
3002233,滋賀県 酒蔵見学・試飲 2名,28,252077,体験・チケット / 2名,"Experiences and tickets from Shiga, 2名"
3002234,大分県産 佃煮 詰め合わせ 5種,8,444626,惣菜・加工品 / 5種,"Prepared and processed foods from Oita, 5種"
3002235,宮城県産 厚切り牛タン 900g,1,042111,肉・肉加工品 / 900g,"Meat and meat products from Miyagi, 900g"
3002236,茨城町産 味付ジンギスカン 2kg,1,083020,肉・肉加工品 / 2kg,"Meat and meat products from Ibaraki, 2kg"
3002237,多賀城市産 漬物 詰め合わせ 6種,8,042099,惣菜・加工品 / 6種,"Prepared and processed foods from Miyagi, 6種"
3002238,下妻市産 ハンバーグ 詰め合わせ 20個,1,082104,肉・肉加工品 / 20個,"Meat and meat products from Ibaraki, 20個"
3002239,佐久穂町産 辛口 白ワイン 750ml×2本,13,203092,ワイン / 750ml×2本,"Wine from Nagano, 750ml×2本"
3002240,天童市産 コシヒカリ 精米 10kg,3,062103,米・パン / 10kg,"Rice and bread from Yamagata, 10kg"
3002241,東京都 万年筆 1本,25,132276,文具・玩具 / 1本,"Stationery and toys from Tokyo, 1本"
3002242,広島県産 生うに 200g,2,342157,魚介類・海産物 / 200g,"Seafood from Hiroshima, 200g"
3002243,京都府 直火用 土鍋 1個,19,262048,陶磁器・ガラス / 1個,"Ceramics and glassware from Kyoto, 1個"
3002244,岐阜県 漆器 伝統工芸 1客,18,215066,工芸品・民芸品 / 1客,"Crafts and folk art from Gifu, 1客"
3002245,高知県産 季節の野菜 詰め合わせ 10品目,5,394050,野菜・きのこ / 10品目,"Vegetables and mushrooms from Kochi, 10品目"
3002246,岡山県 季節の花束 1束,29,332119,花・観葉植物 / 1束,"Flowers and plants from Okayama, 1束"
3002247,船橋市産 和牛 焼肉セット 1kg,1,122041,肉・肉加工品 / 1kg,"Meat and meat products from Chiba, 1kg"
3002248,壱岐市産 半生讃岐うどん 12食,7,422100,麺類 / 12食,"Noodles from Nagasaki, 12食"
3002249,つくば市産 ベーコン・ソーセージセット 1.8kg,1,082201,肉・肉加工品 / 1.8kg,"Meat and meat products from Ibaraki, 1.8kg"
3002250,新潟県産 コシヒカリ 精米 10kg,3,152056,米・パン / 10kg,"Rice and bread from Niigata, 10kg"
3002251,神奈川県 炊飯器 1台,24,143219,家電・電化製品 / 1台,"Home appliances from Kanagawa, 1台"
3002252,飯舘村産 コシヒカリ 精米 5kg,3,075647,米・パン / 5kg,"Rice and bread from Fukushima, 5kg"
3002253,金沢市 漆器 伝統工芸 5客,18,172014,工芸品・民芸品 / 5客,"Crafts and folk art from Ishikawa, 5客"
3002254,千葉県産 明太子 切子 500g,2,123498,魚介類・海産物 / 500g,"Seafood from Chiba, 500g"
3002255,埼玉県産 チーズケーキ 2台,9,112062,菓子・スイーツ / 2台,"Confectionery and sweets from Saitama, 2台"
3002256,鶴ヶ島市産 味付からあげ 1kg,8,112411,惣菜・加工品 / 1kg,"Prepared and processed foods from Saitama, 1kg"
3002257,愛知県産 だしパック 30袋,16,232351,調味料・油 / 30袋,"Seasonings and oils from Aichi, 30袋"
3002258,大阪府産 ジェラート 詰め合わせ 12個,9,272183,菓子・スイーツ / 12個,"Confectionery and sweets from Osaka, 12個"
3002259,北海道産 紅はるか さつまいも 10kg,5,015849,野菜・きのこ / 10kg,"Vegetables and mushrooms from Hokkaido, 10kg"
3002260,呉市産 ほたて貝柱 冷凍 500g,2,342025,魚介類・海産物 / 500g,"Seafood from Hiroshima, 500g"
3002261,山形県産 季節限定 生酒 720ml×2本,10,062065,日本酒 / 720ml×2本,"Sake from Yamagata, 720ml×2本"
3002262,熊本県産 幸水梨 7kg,4,432059,果物 / 7kg,"Fruit from Kumamoto, 7kg"
3002263,宮古市産 いくら醤油漬け 250g,2,032026,魚介類・海産物 / 250g,"Seafood from Iwate, 250g"
3002264,福岡県産 稲庭うどん 800g,7,401307,麺類 / 800g,"Noodles from Fukuoka, 800g"
3002265,都城市 空気清浄機 1台,24,452025,家電・電化製品 / 1台,"Home appliances from Miyazaki, 1台"
3002266,神奈川県産 冷凍スムージー 12本,15,142131,飲料・ジュース / 12本,"Beverages and juice from Kanagawa, 12本"
3002267,北海道産 黒毛和牛 切り落とし 500g,1,014541,肉・肉加工品 / 500g,"Meat and meat products from Hokkaido, 500g"
3002268,宮崎県産 味付からあげ 2kg,8,452025,惣菜・加工品 / 2kg,"Prepared and processed foods from Miyazaki, 2kg"
3002269,上島町産 サンふじりんご 5kg,4,383562,果物 / 5kg,"Fruit from Ehime, 5kg"
3002270,山形県産 メロン 秀品 1玉,4,062057,果物 / 1玉,"Fruit from Yamagata, 1玉"
3002271,三重県産 味付ジンギスカン 2kg,1,242098,肉・肉加工品 / 2kg,"Meat and meat products from Mie, 2kg"
3002272,石川県 竹細工かご 1点,18,172014,工芸品・民芸品 / 1点,"Crafts and folk art from Ishikawa, 1点"
3002273,富士市産 抹茶 詰め合わせ 30g×3缶,14,222101,茶・コーヒー / 30g×3缶,"Tea and coffee from Shizuoka, 30g×3缶"
3002274,大多喜町産 天然水 炭酸水 500ml×24本,15,124419,飲料・ジュース / 500ml×24本,"Beverages and juice from Chiba, 500ml×24本"
3002275,岩手県産 稲庭うどん 800g,7,034827,麺類 / 800g,"Noodles from Iwate, 800g"
3002276,滋賀県産 季節限定 生酒 720ml×2本,10,252026,日本酒 / 720ml×2本,"Sake from Shiga, 720ml×2本"
3002277,"長野県 観光施設 利用券 10,000円分",27,202142,"旅行券・宿泊券 / 10,000円分","Travel and accommodation vouchers from Nagano, 10,000円分"
3002278,豊岡市産 純米吟醸 飲み比べ 720ml×3本,10,282090,日本酒 / 720ml×3本,"Sake from Hyogo, 720ml×3本"
3002279,埼玉県産 バウムクーヘン 4個,9,112224,菓子・スイーツ / 4個,"Confectionery and sweets from Saitama, 4個"
3002280,愛知県産 バウムクーヘン 4個,9,234478,菓子・スイーツ / 4個,"Confectionery and sweets from Aichi, 4個"
3002281,狭山市産 冷凍餃子 100個,8,112151,惣菜・加工品 / 100個,"Prepared and processed foods from Saitama, 100個"
3002282,徳島県産 稲庭うどん 800g,7,362018,麺類 / 800g,"Noodles from Tokushima, 800g"
3002283,平谷村産 アスパラガス 1kg,5,204099,野菜・きのこ / 1kg,"Vegetables and mushrooms from Nagano, 1kg"
3002284,西郷村産 ゆめぴりか 精米 10kg,3,074616,米・パン / 10kg,"Rice and bread from Fukushima, 10kg"
3002285,神奈川県産 漬物 詰め合わせ 10種,8,141500,惣菜・加工品 / 10種,"Prepared and processed foods from Kanagawa, 10種"
3002286,兵庫県 靴下 詰め合わせ 10足,21,282057,繊維・衣類 / 10足,"Textiles and apparel from Hyogo, 10足"
3002287,長野県産 乾燥しいたけ 500g,5,203840,野菜・きのこ / 500g,"Vegetables and mushrooms from Nagano, 500g"
3002288,福島県 直火用 土鍋 1個,19,072028,陶磁器・ガラス / 1個,"Ceramics and glassware from Fukushima, 1個"
3002289,沖縄県産 長期貯蔵 麦焼酎 1.8L,11,472131,焼酎・泡盛 / 1.8L,"Shochu and awamori from Okinawa, 1.8L"
3002290,千葉県産 黒毛和牛 切り落とし 500g,1,121002,肉・肉加工品 / 500g,"Meat and meat products from Chiba, 500g"
3002291,広島県産 サーモン 刺身用 1kg,2,342041,魚介類・海産物 / 1kg,"Seafood from Hiroshima, 1kg"
3002292,男鹿市産 和牛 焼肉セット 600g,1,052060,肉・肉加工品 / 600g,"Meat and meat products from Akita, 600g"
3002293,柳井市産 燻製 詰め合わせ 8種,8,352128,惣菜・加工品 / 8種,"Prepared and processed foods from Yamaguchi, 8種"
3002294,板野町産 ジェラート 詰め合わせ 12個,9,364045,菓子・スイーツ / 12個,"Confectionery and sweets from Tokushima, 12個"
3002295,福岡県産 バウムクーヘン 2個,9,402036,菓子・スイーツ / 2個,"Confectionery and sweets from Fukuoka, 2個"
3002296,藤岡市産 燻製 詰め合わせ 5種,8,102091,惣菜・加工品 / 5種,"Prepared and processed foods from Gunma, 5種"
3002297,埼玉県産 果汁100%ジュース 180ml×24本,15,111007,飲料・ジュース / 180ml×24本,"Beverages and juice from Saitama, 180ml×24本"
3002298,宮崎県 木製食器セット 4点,20,452050,木工品・家具 / 4点,"Woodwork and furniture from Miyazaki, 4点"
3002299,石狩市産 季節の野菜 詰め合わせ 15品目,5,012351,野菜・きのこ / 15品目,"Vegetables and mushrooms from Hokkaido, 15品目"
3002300,鹿児島県産 ボイル毛がに 2尾,2,464686,魚介類・海産物 / 2尾,"Seafood from Kagoshima, 2尾"
3002301,長野県産 樽熟成 赤ワイン 750ml×2本,13,204030,ワイン / 750ml×2本,"Wine from Nagano, 750ml×2本"
3002302,鳥羽市産 黒毛和牛 サーロインステーキ 200g×2枚,1,242110,肉・肉加工品 / 200g×2枚,"Meat and meat products from Mie, 200g×2枚"
3002303,松原市 タオル 詰め合わせ 10枚,23,272175,日用品・雑貨 / 10枚,"Household goods from Osaka, 10枚"
3002304,埼玉県産 和菓子 詰め合わせ 20個,9,112097,菓子・スイーツ / 20個,"Confectionery and sweets from Saitama, 20個"
3002305,京都府 直火用 土鍋 1個,19,262056,陶磁器・ガラス / 1個,"Ceramics and glassware from Kyoto, 1個"
3002306,北海道産 とうもろこし 12本,5,012173,野菜・きのこ / 12本,"Vegetables and mushrooms from Hokkaido, 12本"
3002307,大阪府 胡蝶蘭 鉢植え 1鉢,29,272132,花・観葉植物 / 1鉢,"Flowers and plants from Osaka, 1鉢"
3002308,小値賀町産 バウムクーヘン 4個,9,423831,菓子・スイーツ / 4個,"Confectionery and sweets from Nagasaki, 4個"
3002309,大野城市産 半生讃岐うどん 20食,7,402192,麺類 / 20食,"Noodles from Fukuoka, 20食"
3002310,奈良県産 自家焙煎コーヒー豆 200g×3袋,14,294411,茶・コーヒー / 200g×3袋,"Tea and coffee from Nara, 200g×3袋"
3002311,福岡県産 真鯛 フィレ 1kg,2,402273,魚介類・海産物 / 1kg,"Seafood from Fukuoka, 1kg"
3002312,和歌山県産 完熟マンゴー 2kg,4,302058,果物 / 2kg,"Fruit from Wakayama, 2kg"
3002313,京都府 ガラス酒器 1式,19,262013,陶磁器・ガラス / 1式,"Ceramics and glassware from Kyoto, 1式"
3002314,静岡県 国産ペットフード 4kg,30,222241,ペット用品 / 4kg,"Pet supplies from Shizuoka, 4kg"
3002315,春日井市産 ぽん酢・ドレッシング 5本,16,232068,調味料・油 / 5本,"Seasonings and oils from Aichi, 5本"
3002316,大田原市産 抹茶 詰め合わせ 30g×3缶,14,092100,茶・コーヒー / 30g×3缶,"Tea and coffee from Tochigi, 30g×3缶"
3002317,奈良県 漆器 伝統工芸 1客,18,293857,工芸品・民芸品 / 1客,"Crafts and folk art from Nara, 1客"
3002318,群馬県 ペットベッド 1個,30,105210,ペット用品 / 1個,"Pet supplies from Gunma, 1個"
3002319,滋賀県産 ジェラート 詰め合わせ 12個,9,252069,菓子・スイーツ / 12個,"Confectionery and sweets from Shiga, 12個"
3002320,石川県 竹細工かご 1点,18,174611,工芸品・民芸品 / 1点,"Crafts and folk art from Ishikawa, 1点"
3002321,六戸町産 たまねぎ 20kg,5,024058,野菜・きのこ / 20kg,"Vegetables and mushrooms from Aomori, 20kg"
3002322,茨城県産 特別栽培米 玄米 20kg,3,082074,米・パン / 20kg,"Rice and bread from Ibaraki, 20kg"
3002323,神奈川県産 チーズケーキ 1台,9,142158,菓子・スイーツ / 1台,"Confectionery and sweets from Kanagawa, 1台"
3002324,北海道産 カステラ 詰め合わせ 2本,9,016446,菓子・スイーツ / 2本,"Confectionery and sweets from Hokkaido, 2本"
3002325,福岡県産 スモーク鴨ロース 600g,1,402168,肉・肉加工品 / 600g,"Meat and meat products from Fukuoka, 600g"
3002326,北海道産 銘柄鶏 もも肉 3kg,1,016349,肉・肉加工品 / 3kg,"Meat and meat products from Hokkaido, 3kg"
3002327,小金井市 電気ケトル 1台,24,132101,家電・電化製品 / 1台,"Home appliances from Tokyo, 1台"
3002328,大阪府 トイレットペーパー 72ロール,23,272205,日用品・雑貨 / 72ロール,"Household goods from Osaka, 72ロール"
3002329,福岡県産 国産小麦パスタ 10袋,7,402117,麺類 / 10袋,"Noodles from Fukuoka, 10袋"
3002330,熊本県産 泡盛 古酒 720ml,11,432105,焼酎・泡盛 / 720ml,"Shochu and awamori from Kumamoto, 720ml"
3002331,函南町産 生うに 200g,2,223255,魚介類・海産物 / 200g,"Seafood from Shizuoka, 200g"
3002332,熊本市産 本格芋焼酎 900ml×2本,11,431001,焼酎・泡盛 / 900ml×2本,"Shochu and awamori from Kumamoto, 900ml×2本"
3002333,東京都 木製パズル 1点,25,132063,文具・玩具 / 1点,"Stationery and toys from Tokyo, 1点"
3002334,知立市産 醤油 詰め合わせ 1L×3本,16,232254,調味料・油 / 1L×3本,"Seasonings and oils from Aichi, 1L×3本"
3002335,北海道産 飲むヨーグルト 900ml×12本,6,015458,卵・乳製品 / 900ml×12本,"Eggs and dairy from Hokkaido, 900ml×12本"
3002336,茨城町産 コシヒカリ 精米 5kg,3,083020,米・パン / 5kg,"Rice and bread from Ibaraki, 5kg"
3002337,大崎町 クルーズ 乗船券 2名,28,464686,体験・チケット / 2名,"Experiences and tickets from Kagoshima, 2名"
3002338,鹿児島県産 アスパラガス 2kg,5,465275,野菜・きのこ / 2kg,"Vegetables and mushrooms from Kagoshima, 2kg"
3002339,平泉町産 真鯛 フィレ 1kg,2,034029,魚介類・海産物 / 1kg,"Seafood from Iwate, 1kg"
3002340,石川県 直火用 土鍋 1個,19,173240,陶磁器・ガラス / 1個,"Ceramics and glassware from Ishikawa, 1個"
3002341,北海道 ホットプレート 1台,24,014826,家電・電化製品 / 1台,"Home appliances from Hokkaido, 1台"
3002342,奈良県産 さくらんぼ 佐藤錦 500g,4,292061,果物 / 500g,"Fruit from Nara, 500g"
3002343,名張市産 チーズケーキ 1台,9,242080,菓子・スイーツ / 1台,"Confectionery and sweets from Mie, 1台"
3002344,福島県産 男爵じゃがいも 20kg,5,074071,野菜・きのこ / 20kg,"Vegetables and mushrooms from Fukushima, 20kg"
3002345,境港市産 富有柿 5kg,4,312045,果物 / 5kg,"Fruit from Tottori, 5kg"
3002346,熊本県産 泡盛 古酒 1.8L,11,432041,焼酎・泡盛 / 1.8L,"Shochu and awamori from Kumamoto, 1.8L"
3002347,知内町産 うなぎ蒲焼 3尾,2,013331,魚介類・海産物 / 3尾,"Seafood from Hokkaido, 3尾"
3002348,長崎県産 カステラ 詰め合わせ 2本,9,422011,菓子・スイーツ / 2本,"Confectionery and sweets from Nagasaki, 2本"
3002349,大阪府 酒蔵見学・試飲 2名,28,272086,体験・チケット / 2名,"Experiences and tickets from Osaka, 2名"
3002350,北茨城市産 佃煮 詰め合わせ 5種,8,082155,惣菜・加工品 / 5種,"Prepared and processed foods from Ibaraki, 5種"
3002351,群馬県産 季節の野菜 詰め合わせ 10品目,5,103845,野菜・きのこ / 10品目,"Vegetables and mushrooms from Gunma, 10品目"
3002352,古賀市産 干物 詰め合わせ 8枚,2,402231,魚介類・海産物 / 8枚,"Seafood from Fukuoka, 8枚"
3002353,愛知県 デニムジーンズ 1本,21,233021,繊維・衣類 / 1本,"Textiles and apparel from Aichi, 1本"
3002354,伊万里市 陶器 マグカップ 2個,19,412058,陶磁器・ガラス / 2個,"Ceramics and glassware from Saga, 2個"
3002355,奈良市産 自家焙煎コーヒー豆 200g×3袋,14,292010,茶・コーヒー / 200g×3袋,"Tea and coffee from Nara, 200g×3袋"
3002356,平塚市産 ジェラート 詰め合わせ 12個,9,142034,菓子・スイーツ / 12個,"Confectionery and sweets from Kanagawa, 12個"
3002357,太宰府市産 のどぐろ 干物 5枚,2,402214,魚介類・海産物 / 5枚,"Seafood from Fukuoka, 5枚"
3002358,茨城県産 漬物 詰め合わせ 6種,8,083020,惣菜・加工品 / 6種,"Prepared and processed foods from Ibaraki, 6種"
3002359,香川県産 ベーコン・ソーセージセット 1.8kg,1,372048,肉・肉加工品 / 1.8kg,"Meat and meat products from Kagawa, 1.8kg"
3002360,浦安市産 厚切り牛タン 500g,1,122271,肉・肉加工品 / 500g,"Meat and meat products from Chiba, 500g"
3002361,昭島市 包丁研ぎ器 1個,23,132071,日用品・雑貨 / 1個,"Household goods from Tokyo, 1個"
3002362,三重県 磁器 湯呑 2客,19,242012,陶磁器・ガラス / 2客,"Ceramics and glassware from Mie, 2客"
3002363,福岡県産 味噌 詰め合わせ 1kg×2個,16,402265,調味料・油 / 1kg×2個,"Seasonings and oils from Fukuoka, 1kg×2個"
3002364,平塚市 包丁研ぎ器 1個,23,142034,日用品・雑貨 / 1個,"Household goods from Kanagawa, 1個"
3002365,北海道産 厚切り牛タン 500g,1,012301,肉・肉加工品 / 500g,"Meat and meat products from Hokkaido, 500g"
3002366,外ヶ浜町産 干物 詰め合わせ 8枚,2,023078,魚介類・海産物 / 8枚,"Seafood from Aomori, 8枚"
3002367,糸島市産 いくら醤油漬け 500g,2,402303,魚介類・海産物 / 500g,"Seafood from Fukuoka, 500g"
3002368,滋賀県産 米粉パン セット 12個,3,252123,米・パン / 12個,"Rice and bread from Shiga, 12個"
3002369,埼玉県 タオル 詰め合わせ 10枚,23,112089,日用品・雑貨 / 10枚,"Household goods from Saitama, 10枚"
3002370,福岡県産 生うに 100g,2,402281,魚介類・海産物 / 100g,"Seafood from Fukuoka, 100g"
3002371,熊本県産 黒毛和牛 サーロインステーキ 150g×3枚,1,432130,肉・肉加工品 / 150g×3枚,"Meat and meat products from Kumamoto, 150g×3枚"
3002372,福井県産 純米吟醸 飲み比べ 720ml×3本,10,182087,日本酒 / 720ml×3本,"Sake from Fukui, 720ml×3本"
3002373,青森県産 温州みかん 5kg,4,023621,果物 / 5kg,"Fruit from Aomori, 5kg"
3002374,御代田町産 さくらんぼ 佐藤錦 1kg,4,203238,果物 / 1kg,"Fruit from Nagano, 1kg"
3002375,様似町産 カステラ 詰め合わせ 3本,9,016080,菓子・スイーツ / 3本,"Confectionery and sweets from Hokkaido, 3本"
3002376,三重県産 ほたて貝柱 冷凍 500g,2,244724,魚介類・海産物 / 500g,"Seafood from Mie, 500g"
3002377,鹿児島県産 紅はるか さつまいも 10kg,5,462144,野菜・きのこ / 10kg,"Vegetables and mushrooms from Kagoshima, 10kg"
3002378,兵庫県 クルーズ 乗船券 2名,28,282073,体験・チケット / 2名,"Experiences and tickets from Hyogo, 2名"
3002379,鹿児島県産 自家焙煎コーヒー豆 200g×5袋,14,462217,茶・コーヒー / 200g×5袋,"Tea and coffee from Kagoshima, 200g×5袋"
3002380,京都府産 抹茶 詰め合わせ 30g×3缶,14,262013,茶・コーヒー / 30g×3缶,"Tea and coffee from Kyoto, 30g×3缶"
3002381,平塚市産 燻製 詰め合わせ 8種,8,142034,惣菜・加工品 / 8種,"Prepared and processed foods from Kanagawa, 8種"
3002382,綾部市 伝統こけし 1体,18,262030,工芸品・民芸品 / 1体,"Crafts and folk art from Kyoto, 1体"
3002383,大阪府 タオル 詰め合わせ 10枚,23,272124,日用品・雑貨 / 10枚,"Household goods from Osaka, 10枚"
3002384,愛知県産 味噌 詰め合わせ 1kg×2個,16,232076,調味料・油 / 1kg×2個,"Seasonings and oils from Aichi, 1kg×2個"
3002385,茨城県 猫用爪とぎ 3個,30,082309,ペット用品 / 3個,"Pet supplies from Ibaraki, 3個"
3002386,富士宮市産 幸水梨 5kg,4,222071,果物 / 5kg,"Fruit from Shizuoka, 5kg"
3002387,北海道産 味付ジンギスカン 1kg,1,015113,肉・肉加工品 / 1kg,"Meat and meat products from Hokkaido, 1kg"
3002388,宮崎県産 メロン 秀品 1玉,4,452084,果物 / 1玉,"Fruit from Miyazaki, 1玉"
3002389,茅野市産 辛口 白ワイン 750ml×2本,13,202142,ワイン / 750ml×2本,"Wine from Nagano, 750ml×2本"
3002390,栃木県産 チーズ 詰め合わせ 6種,6,092100,卵・乳製品 / 6種,"Eggs and dairy from Tochigi, 6種"
3002391,上越市産 特別純米酒 720ml×2本,10,152226,日本酒 / 720ml×2本,"Sake from Niigata, 720ml×2本"
3002392,京都府 直火用 土鍋 1個,19,263036,陶磁器・ガラス / 1個,"Ceramics and glassware from Kyoto, 1個"
3002393,下仁田町 多肉植物 セット 6鉢,29,103829,花・観葉植物 / 6鉢,"Flowers and plants from Gunma, 6鉢"
3002394,北海道産 アスパラガス 2kg,5,014001,野菜・きのこ / 2kg,"Vegetables and mushrooms from Hokkaido, 2kg"
3002395,伊予市 綿100% 寝具カバー 1式,21,382108,繊維・衣類 / 1式,"Textiles and apparel from Ehime, 1式"
3002396,北海道産 黒毛和牛 切り落とし 500g,1,012041,肉・肉加工品 / 500g,"Meat and meat products from Hokkaido, 500g"
3002397,宮崎県産 富有柿 5kg,4,454435,果物 / 5kg,"Fruit from Miyazaki, 5kg"
3002398,秋田県産 半生讃岐うどん 20食,7,052108,麺類 / 20食,"Noodles from Akita, 20食"
3002399,愛知県産 ぽん酢・ドレッシング 5本,16,232068,調味料・油 / 5本,"Seasonings and oils from Aichi, 5本"
3002400,埼玉県産 あきたこまち 精米 5kg,3,112071,米・パン / 5kg,"Rice and bread from Saitama, 5kg"
3002401,和歌山県産 天然水 炭酸水 500ml×24本,15,302023,飲料・ジュース / 500ml×24本,"Beverages and juice from Wakayama, 500ml×24本"
3002402,宮崎県産 冷凍餃子 100個,8,452050,惣菜・加工品 / 100個,"Prepared and processed foods from Miyazaki, 100個"
3002403,北海道産 厚切り牛タン 900g,1,012211,肉・肉加工品 / 900g,"Meat and meat products from Hokkaido, 900g"
3002404,金武町産 完熟マンゴー 2kg,4,473146,果物 / 2kg,"Fruit from Okinawa, 2kg"
3002405,福井県産 味付からあげ 1kg,8,182010,惣菜・加工品 / 1kg,"Prepared and processed foods from Fukui, 1kg"
3002406,京都府 竹細工かご 1点,18,263222,工芸品・民芸品 / 1点,"Crafts and folk art from Kyoto, 1点"
3002407,北海道産 紅はるか さつまいも 10kg,5,014681,野菜・きのこ / 10kg,"Vegetables and mushrooms from Hokkaido, 10kg"
3002408,京極町産 平飼いたまご 60個,6,013994,卵・乳製品 / 60個,"Eggs and dairy from Hokkaido, 60個"
3002409,京都府産 国産紅茶 50g×4袋,14,262013,茶・コーヒー / 50g×4袋,"Tea and coffee from Kyoto, 50g×4袋"
3002410,福岡県産 天然水 炭酸水 500ml×24本,15,402311,飲料・ジュース / 500ml×24本,"Beverages and juice from Fukuoka, 500ml×24本"
3002411,南牧村産 季節の野菜 詰め合わせ 10品目,5,103837,野菜・きのこ / 10品目,"Vegetables and mushrooms from Gunma, 10品目"
3002412,栄町産 味付ジンギスカン 2kg,1,123293,肉・肉加工品 / 2kg,"Meat and meat products from Chiba, 2kg"
3002413,南足柄市産 和菓子 詰め合わせ 12個,9,142174,菓子・スイーツ / 12個,"Confectionery and sweets from Kanagawa, 12個"
3002414,"沖縄県 観光施設 利用券 10,000円分",27,473596,"旅行券・宿泊券 / 10,000円分","Travel and accommodation vouchers from Okinawa, 10,000円分"
3002415,茨城県産 燻製 詰め合わせ 5種,8,082058,惣菜・加工品 / 5種,"Prepared and processed foods from Ibaraki, 5種"
3002416,山梨県 炊飯器 1台,24,192074,家電・電化製品 / 1台,"Home appliances from Yamanashi, 1台"
3002417,茨城県 ガラス酒器 1式,19,082121,陶磁器・ガラス / 1式,"Ceramics and glassware from Ibaraki, 1式"
3002418,青森県産 和牛 焼肉セット 600g,1,022012,肉・肉加工品 / 600g,"Meat and meat products from Aomori, 600g"
3002419,滋賀県産 コシヒカリ 精米 20kg,3,253847,米・パン / 20kg,"Rice and bread from Shiga, 20kg"
3002420,佐賀県産 厚切り牛タン 900g,1,412104,肉・肉加工品 / 900g,"Meat and meat products from Saga, 900g"
3002421,北海道産 たまねぎ 10kg,5,013919,野菜・きのこ / 10kg,"Vegetables and mushrooms from Hokkaido, 10kg"
3002422,京都府産 ジェラート 詰め合わせ 12個,9,264075,菓子・スイーツ / 12個,"Confectionery and sweets from Kyoto, 12個"
3002423,中津市 タオル 詰め合わせ 10枚,23,442038,日用品・雑貨 / 10枚,"Household goods from Oita, 10枚"
3002424,岡崎市産 味噌 詰め合わせ 1kg×2個,16,232025,調味料・油 / 1kg×2個,"Seasonings and oils from Aichi, 1kg×2個"
3002425,かすみがうら市産 冷凍餃子 50個,8,082309,惣菜・加工品 / 50個,"Prepared and processed foods from Ibaraki, 50個"
3002426,鹿児島県産 とうもろこし 20本,5,462101,野菜・きのこ / 20本,"Vegetables and mushrooms from Kagoshima, 20本"
3002427,福岡県産 ほたて貝柱 冷凍 500g,2,402290,魚介類・海産物 / 500g,"Seafood from Fukuoka, 500g"
3002428,愛知県 タオル 詰め合わせ 10枚,23,232335,日用品・雑貨 / 10枚,"Household goods from Aichi, 10枚"
3002429,滋賀県産 季節限定 生酒 720ml×2本,10,252042,日本酒 / 720ml×2本,"Sake from Shiga, 720ml×2本"
3002430,岐阜県 無垢材スツール 1脚,20,212105,木工品・家具 / 1脚,"Woodwork and furniture from Gifu, 1脚"
3002431,岡山県産 ひとめぼれ 無洗米 10kg,3,332127,米・パン / 10kg,"Rice and bread from Okayama, 10kg"
3002432,田辺市産 ほたて貝柱 冷凍 500g,2,302066,魚介類・海産物 / 500g,"Seafood from Wakayama, 500g"
3002433,宮城県産 味付ジンギスカン 1kg,1,043010,肉・肉加工品 / 1kg,"Meat and meat products from Miyagi, 1kg"
3002434,北杜市産 あまおういちご 540g,4,192091,果物 / 540g,"Fruit from Yamanashi, 540g"
3002435,東吾妻町産 冷凍餃子 100個,8,104299,惣菜・加工品 / 100個,"Prepared and processed foods from Gunma, 100個"
3002436,東京都 果物狩り 体験チケット 2名,28,132071,体験・チケット / 2名,"Experiences and tickets from Tokyo, 2名"
3002437,北海道産 平飼いたまご 30個,6,013439,卵・乳製品 / 30個,"Eggs and dairy from Hokkaido, 30個"
3002438,利尻町産 季節の野菜 詰め合わせ 10品目,5,015181,野菜・きのこ / 10品目,"Vegetables and mushrooms from Hokkaido, 10品目"
3002439,鳥取県産 ほたて貝柱 冷凍 1.5kg,2,312045,魚介類・海産物 / 1.5kg,"Seafood from Tottori, 1.5kg"
3002440,鹿児島県産 サーモン 刺身用 1kg,2,462250,魚介類・海産物 / 1kg,"Seafood from Kagoshima, 1kg"
3002441,北海道産 味付ジンギスカン 2kg,1,016047,肉・肉加工品 / 2kg,"Meat and meat products from Hokkaido, 2kg"
3002442,岩手県産 あきたこまち 精米 5kg,3,032158,米・パン / 5kg,"Rice and bread from Iwate, 5kg"
3002443,金ケ崎町産 味付ジンギスカン 1kg,1,033812,肉・肉加工品 / 1kg,"Meat and meat products from Iwate, 1kg"
3002444,鳥取県産 食パン 詰め合わせ 3斤,3,313700,米・パン / 3斤,"Rice and bread from Tottori, 3斤"
3002445,大分県産 銘柄鶏 もも肉 4kg,1,442101,肉・肉加工品 / 4kg,"Meat and meat products from Oita, 4kg"
3002446,長崎県産 うなぎ蒲焼 5尾,2,422100,魚介類・海産物 / 5尾,"Seafood from Nagasaki, 5尾"
3002447,福岡県産 和菓子 詰め合わせ 20個,9,406422,菓子・スイーツ / 20個,"Confectionery and sweets from Fukuoka, 20個"
3002448,恵那市 陶器 マグカップ 2個,19,212105,陶磁器・ガラス / 2個,"Ceramics and glassware from Gifu, 2個"
3002449,由仁町産 季節の野菜 詰め合わせ 15品目,5,014273,野菜・きのこ / 15品目,"Vegetables and mushrooms from Hokkaido, 15品目"
3002450,香川県産 味付ジンギスカン 1kg,1,374032,肉・肉加工品 / 1kg,"Meat and meat products from Kagawa, 1kg"
3002451,上毛町産 バウムクーヘン 4個,9,406465,菓子・スイーツ / 4個,"Confectionery and sweets from Fukuoka, 4個"
3002452,日光市産 抹茶 詰め合わせ 30g×3缶,14,092061,茶・コーヒー / 30g×3缶,"Tea and coffee from Tochigi, 30g×3缶"
3002453,津久見市産 米焼酎 飲み比べ 720ml×3本,11,442071,焼酎・泡盛 / 720ml×3本,"Shochu and awamori from Oita, 720ml×3本"
3002454,新潟県産 半生讃岐うどん 12食,7,152251,麺類 / 12食,"Noodles from Niigata, 12食"
3002455,福岡県産 豚ロース しゃぶしゃぶ用 1.2kg,1,402192,肉・肉加工品 / 1.2kg,"Meat and meat products from Fukuoka, 1.2kg"
3002456,岐阜県 木製食器セット 4点,20,212024,木工品・家具 / 4点,"Woodwork and furniture from Gifu, 4点"
3002457,兵庫県産 プリン 詰め合わせ 12個,9,282031,菓子・スイーツ / 12個,"Confectionery and sweets from Hyogo, 12個"
3002458,福岡県産 冷凍スムージー 12本,15,403482,飲料・ジュース / 12本,"Beverages and juice from Fukuoka, 12本"
3002459,大阪府 炊飯器 1台,24,272051,家電・電化製品 / 1台,"Home appliances from Osaka, 1台"
3002460,幸手市産 自家焙煎コーヒー豆 200g×5袋,14,112402,茶・コーヒー / 200g×5袋,"Tea and coffee from Saitama, 200g×5袋"
3002461,北海道産 生乳100%牛乳 1L×12本,6,014681,卵・乳製品 / 1L×12本,"Eggs and dairy from Hokkaido, 1L×12本"
3002462,愛知県産 チーズケーキ 1台,9,232327,菓子・スイーツ / 1台,"Confectionery and sweets from Aichi, 1台"
3002463,鹿児島県産 銘柄鶏 もも肉 4kg,1,465348,肉・肉加工品 / 4kg,"Meat and meat products from Kagoshima, 4kg"
3002464,秋田県産 十割そば 16食,7,052078,麺類 / 16食,"Noodles from Akita, 16食"
3002465,群馬県産 乾燥しいたけ 500g,5,102059,野菜・きのこ / 500g,"Vegetables and mushrooms from Gunma, 500g"
3002466,新庄市産 純米吟醸 飲み比べ 720ml×3本,10,062057,日本酒 / 720ml×3本,"Sake from Yamagata, 720ml×3本"
3002467,東京都 クルーズ 乗船券 2名,28,132187,体験・チケット / 2名,"Experiences and tickets from Tokyo, 2名"
3002468,北塩原村産 米粉パン セット 8個,3,074021,米・パン / 8個,"Rice and bread from Fukushima, 8個"
3002469,安来市産 銘柄鶏 もも肉 3kg,1,322067,肉・肉加工品 / 3kg,"Meat and meat products from Shimane, 3kg"
3002470,北海道産 ずわいがに 脚 800g,2,016349,魚介類・海産物 / 800g,"Seafood from Hokkaido, 800g"
3002471,熊本県産 季節の野菜 詰め合わせ 10品目,5,431001,野菜・きのこ / 10品目,"Vegetables and mushrooms from Kumamoto, 10品目"
3002472,伊賀市 伝統こけし 1体,18,242161,工芸品・民芸品 / 1体,"Crafts and folk art from Mie, 1体"
3002473,静岡県 ノート 詰め合わせ 10冊,25,222208,文具・玩具 / 10冊,"Stationery and toys from Shizuoka, 10冊"
3002474,山形県産 あきたこまち 精米 10kg,3,064262,米・パン / 10kg,"Rice and bread from Yamagata, 10kg"
3002475,佐賀県 直火用 土鍋 1個,19,412082,陶磁器・ガラス / 1個,"Ceramics and glassware from Saga, 1個"
3002476,御坊市産 醤油 詰め合わせ 1L×3本,16,302058,調味料・油 / 1L×3本,"Seasonings and oils from Wakayama, 1L×3本"
3002477,北海道産 アイスクリーム 詰め合わせ 18個,6,015458,卵・乳製品 / 18個,"Eggs and dairy from Hokkaido, 18個"
3002478,愛知県 ノート 詰め合わせ 10冊,25,232041,文具・玩具 / 10冊,"Stationery and toys from Aichi, 10冊"
3002479,福山市産 のどぐろ 干物 3枚,2,342076,魚介類・海産物 / 3枚,"Seafood from Hiroshima, 3枚"
3002480,埼玉県産 自家焙煎コーヒー豆 200g×3袋,14,112348,茶・コーヒー / 200g×3袋,"Tea and coffee from Saitama, 200g×3袋"
3002481,岩手県産 半生讃岐うどん 20食,7,032051,麺類 / 20食,"Noodles from Iwate, 20食"
3002482,宮崎県産 富有柿 5kg,4,454303,果物 / 5kg,"Fruit from Miyazaki, 5kg"
3002483,大阪府産 カステラ 詰め合わせ 2本,9,273627,菓子・スイーツ / 2本,"Confectionery and sweets from Osaka, 2本"
3002484,北海道産 銘柄鶏 もも肉 3kg,1,015865,肉・肉加工品 / 3kg,"Meat and meat products from Hokkaido, 3kg"
3002485,佐賀県 磁器 湯呑 2客,19,412058,陶磁器・ガラス / 2客,"Ceramics and glassware from Saga, 2客"
3002486,東峰村産 生ラーメン セット 10食,7,404489,麺類 / 10食,"Noodles from Fukuoka, 10食"
3002487,茨城県産 紅はるか さつまいも 5kg,5,082023,野菜・きのこ / 5kg,"Vegetables and mushrooms from Ibaraki, 5kg"
3002488,埼玉県産 コシヒカリ 精米 5kg,3,113816,米・パン / 5kg,"Rice and bread from Saitama, 5kg"
3002489,川根本町産 レトルトカレー 詰め合わせ 10食,8,224294,惣菜・加工品 / 10食,"Prepared and processed foods from Shizuoka, 10食"
3002490,東京都 クルーズ 乗船券 2名,28,133621,体験・チケット / 2名,"Experiences and tickets from Tokyo, 2名"
3002491,朝来市産 どら焼き 詰め合わせ 20個,9,282251,菓子・スイーツ / 20個,"Confectionery and sweets from Hyogo, 20個"
3002492,宮崎県産 サンふじりんご 10kg,4,453617,果物 / 10kg,"Fruit from Miyazaki, 10kg"
3002493,広島県産 冷凍餃子 100個,8,341002,惣菜・加工品 / 100個,"Prepared and processed foods from Hiroshima, 100個"
3002494,長久手市 今治タオル セット 8枚,21,232386,繊維・衣類 / 8枚,"Textiles and apparel from Aichi, 8枚"
3002495,秋田市 温泉旅館 ペア宿泊券 1泊2食付,27,052019,旅行券・宿泊券 / 1泊2食付,"Travel and accommodation vouchers from Akita, 1泊2食付"
3002496,滋賀県産 あきたこまち 精米 5kg,3,252018,米・パン / 5kg,"Rice and bread from Shiga, 5kg"
3002497,"広島県 宿泊利用券 50,000円分",27,342033,"旅行券・宿泊券 / 50,000円分","Travel and accommodation vouchers from Hiroshima, 50,000円分"
3002498,和歌山県産 果汁100%ジュース 180ml×24本,15,302015,飲料・ジュース / 180ml×24本,"Beverages and juice from Wakayama, 180ml×24本"
3002499,"坂戸市 宿泊利用券 30,000円分",27,112399,"旅行券・宿泊券 / 30,000円分","Travel and accommodation vouchers from Saitama, 30,000円分"
3002500,山口県産 特別純米酒 1.8L,10,352101,日本酒 / 1.8L,"Sake from Yamaguchi, 1.8L"
3002501,東京都産 チーズケーキ 2台,9,132021,菓子・スイーツ / 2台,"Confectionery and sweets from Tokyo, 2台"
3002502,群馬県産 レトルトカレー 詰め合わせ 10食,8,102083,惣菜・加工品 / 10食,"Prepared and processed foods from Gunma, 10食"
3002503,北海道産 バウムクーヘン 4個,9,013030,菓子・スイーツ / 4個,"Confectionery and sweets from Hokkaido, 4個"
3002504,高知県産 えごま油・亜麻仁油 180g×2本,16,392031,調味料・油 / 180g×2本,"Seasonings and oils from Kochi, 180g×2本"
3002505,高知県産 米焼酎 飲み比べ 720ml×3本,11,392014,焼酎・泡盛 / 720ml×3本,"Shochu and awamori from Kochi, 720ml×3本"
3002506,天城町産 あじ開き 20枚,2,465313,魚介類・海産物 / 20枚,"Seafood from Kagoshima, 20枚"
3002507,"三重県 宿泊利用券 50,000円分",27,242012,"旅行券・宿泊券 / 50,000円分","Travel and accommodation vouchers from Mie, 50,000円分"
3002508,石川県 直火用 土鍋 1個,19,172103,陶磁器・ガラス / 1個,"Ceramics and glassware from Ishikawa, 1個"
3002509,広島県産 純米吟醸 飲み比べ 720ml×3本,10,342041,日本酒 / 720ml×3本,"Sake from Hiroshima, 720ml×3本"
3002510,静岡県産 のどぐろ 干物 3枚,2,224243,魚介類・海産物 / 3枚,"Seafood from Shizuoka, 3枚"
3002511,千歳市産 高糖度トマト 3kg,5,012246,野菜・きのこ / 3kg,"Vegetables and mushrooms from Hokkaido, 3kg"
3002512,静岡県産 温室メロン 1玉,4,222097,果物 / 1玉,"Shizuoka greenhouse melon, 1 fruit"
3002513,鹿児島県産 味付ジンギスカン 2kg,1,462144,肉・肉加工品 / 2kg,"Meat and meat products from Kagoshima, 2kg"
3002514,沖縄県 トイレットペーパー 72ロール,23,473243,日用品・雑貨 / 72ロール,"Household goods from Okinawa, 72ロール"
3002515,福岡県産 十割そば 16食,7,402117,麺類 / 16食,"Noodles from Fukuoka, 16食"
3002516,佐賀県 スキンケアセット 1式,22,413275,化粧品・美容 / 1式,"Cosmetics and beauty from Saga, 1式"
3002517,大分県産 泡盛 古酒 1.8L,11,442020,焼酎・泡盛 / 1.8L,"Shochu and awamori from Oita, 1.8L"
3002518,栃木県産 さくらんぼ 佐藤錦 500g,4,092053,果物 / 500g,"Fruit from Tochigi, 500g"
3002519,人吉市産 味付ジンギスカン 2kg,1,432032,肉・肉加工品 / 2kg,"Meat and meat products from Kumamoto, 2kg"
3002520,滋賀県産 あきたこまち 精米 10kg,3,252069,米・パン / 10kg,"Rice and bread from Shiga, 10kg"
3002521,高知県産 とうもろこし 20本,5,392081,野菜・きのこ / 20本,"Vegetables and mushrooms from Kochi, 20本"
3002522,長野県産 季節の野菜 詰め合わせ 10品目,5,203882,野菜・きのこ / 10品目,"Vegetables and mushrooms from Nagano, 10品目"
3002523,長野県産 樽熟成 赤ワイン 750ml×2本,13,202029,ワイン / 750ml×2本,"Wine from Nagano, 750ml×2本"
3002524,岐阜県 伝統こけし 1体,18,212199,工芸品・民芸品 / 1体,"Crafts and folk art from Gifu, 1体"
3002525,栃木県産 飲むヨーグルト 900ml×12本,6,092037,卵・乳製品 / 900ml×12本,"Eggs and dairy from Tochigi, 900ml×12本"
3002526,徳島県 今治タオル セット 5枚,21,362034,繊維・衣類 / 5枚,"Textiles and apparel from Tokushima, 5枚"
3002527,島根県産 純米大吟醸 720ml×2本,10,324485,日本酒 / 720ml×2本,"Sake from Shimane, 720ml×2本"
3002528,志木市 ペットベッド 1個,30,112283,ペット用品 / 1個,"Pet supplies from Saitama, 1個"
3002529,徳島県産 あまおういちご 1080g,4,363421,果物 / 1080g,"Fruit from Tokushima, 1080g"
3002530,埼玉県 果物狩り 体験チケット 2名,28,113417,体験・チケット / 2名,"Experiences and tickets from Saitama, 2名"
3002531,羅臼町産 真鯛 フィレ 1kg,2,016942,魚介類・海産物 / 1kg,"Seafood from Hokkaido, 1kg"
3002532,奈良県 シルクスカーフ 1枚,21,293431,繊維・衣類 / 1枚,"Textiles and apparel from Nara, 1枚"
3002533,滑川町産 燻製 詰め合わせ 5種,8,113417,惣菜・加工品 / 5種,"Prepared and processed foods from Saitama, 5種"
3002534,天理市 打刃物 包丁 1本,18,292044,工芸品・民芸品 / 1本,"Crafts and folk art from Nara, 1本"
3002535,富山県産 あじ開き 10枚,2,162043,魚介類・海産物 / 10枚,"Seafood from Toyama, 10枚"
3002536,東京都 包丁研ぎ器 1個,23,132276,日用品・雑貨 / 1個,"Household goods from Tokyo, 1個"
3002537,瑞穂市 漆器 伝統工芸 5客,18,212164,工芸品・民芸品 / 5客,"Crafts and folk art from Gifu, 5客"
3002538,東京都 包丁研ぎ器 1個,23,132276,日用品・雑貨 / 1個,"Household goods from Tokyo, 1個"
3002539,東かがわ市産 厚切り牛タン 500g,1,372072,肉・肉加工品 / 500g,"Meat and meat products from Kagawa, 500g"
3002540,滋賀県産 つや姫 精米 10kg,3,252085,米・パン / 10kg,"Rice and bread from Shiga, 10kg"
3002541,美濃市 無垢材スツール 1脚,20,212075,木工品・家具 / 1脚,"Woodwork and furniture from Gifu, 1脚"
3002542,福島県産 メロン 秀品 1玉,4,074225,果物 / 1玉,"Fruit from Fukushima, 1玉"
3002543,埼玉県 スキンケアセット 1式,22,112453,化粧品・美容 / 1式,"Cosmetics and beauty from Saitama, 1式"
3002544,鹿児島県産 泡盛 古酒 1.8L,11,462195,焼酎・泡盛 / 1.8L,"Shochu and awamori from Kagoshima, 1.8L"
3002545,八代市産 豚ロース しゃぶしゃぶ用 2kg,1,432024,肉・肉加工品 / 2kg,"Meat and meat products from Kumamoto, 2kg"
3002546,奈良県産 あまおういちご 1080g,4,294268,果物 / 1080g,"Fruit from Nara, 1080g"
3002547,留萌市産 たまねぎ 20kg,5,012122,野菜・きのこ / 20kg,"Vegetables and mushrooms from Hokkaido, 20kg"
3002548,鹿児島県産 銘柄鶏 もも肉 2kg,1,462233,肉・肉加工品 / 2kg,"Meat and meat products from Kagoshima, 2kg"
3002549,島根県産 銘柄鶏 もも肉 3kg,1,322041,肉・肉加工品 / 3kg,"Meat and meat products from Shimane, 3kg"
3002550,新潟県産 あきたこまち 精米 10kg,3,152188,米・パン / 10kg,"Rice and bread from Niigata, 10kg"
3002551,三原村産 紅はるか さつまいも 10kg,5,394271,野菜・きのこ / 10kg,"Vegetables and mushrooms from Kochi, 10kg"
3002552,東京都 トイレットペーパー 72ロール,23,132071,日用品・雑貨 / 72ロール,"Household goods from Tokyo, 72ロール"
3002553,高知県産 ボイル毛がに 2尾,2,392057,魚介類・海産物 / 2尾,"Seafood from Kochi, 2尾"
3002554,千葉県産 あじ開き 20枚,2,124036,魚介類・海産物 / 20枚,"Seafood from Chiba, 20枚"
3002555,安城市産 だしパック 30袋,16,232122,調味料・油 / 30袋,"Seasonings and oils from Aichi, 30袋"
3002556,奈良県 漆器 伝統工芸 5客,18,292125,工芸品・民芸品 / 5客,"Crafts and folk art from Nara, 5客"
3002557,"沖縄県 宿泊利用券 50,000円分",27,473570,"旅行券・宿泊券 / 50,000円分","Travel and accommodation vouchers from Okinawa, 50,000円分"
3002558,大阪府 包丁研ぎ器 1個,23,272191,日用品・雑貨 / 1個,"Household goods from Osaka, 1個"
3002559,茨城県産 とうもろこし 20本,5,082112,野菜・きのこ / 20本,"Vegetables and mushrooms from Ibaraki, 20本"
3002560,甘楽町産 味付からあげ 2kg,8,103845,惣菜・加工品 / 2kg,"Prepared and processed foods from Gunma, 2kg"
3002561,千葉県産 ハンバーグ 詰め合わせ 15個,1,122157,肉・肉加工品 / 15個,"Meat and meat products from Chiba, 15個"
3002562,愛知県産 だしパック 30袋,16,232203,調味料・油 / 30袋,"Seasonings and oils from Aichi, 30袋"
3002563,埼玉県産 燻製 詰め合わせ 8種,8,112127,惣菜・加工品 / 8種,"Prepared and processed foods from Saitama, 8種"
3002564,愛知県産 和菓子 詰め合わせ 20個,9,232025,菓子・スイーツ / 20個,"Confectionery and sweets from Aichi, 20個"
3002565,淡路市産 季節限定 生酒 720ml×2本,10,282260,日本酒 / 720ml×2本,"Sake from Hyogo, 720ml×2本"
3002566,球磨村産 男爵じゃがいも 10kg,5,435139,野菜・きのこ / 10kg,"Vegetables and mushrooms from Kumamoto, 10kg"
3002567,能勢町 陶芸 体験チケット 2名,28,273228,体験・チケット / 2名,"Experiences and tickets from Osaka, 2名"
3002568,京都府 伝統こけし 1体,18,262099,工芸品・民芸品 / 1体,"Crafts and folk art from Kyoto, 1体"
3002569,福山市産 燻製 詰め合わせ 8種,8,342076,惣菜・加工品 / 8種,"Prepared and processed foods from Hiroshima, 8種"
3002570,取手市産 とうもろこし 20本,5,082171,野菜・きのこ / 20本,"Vegetables and mushrooms from Ibaraki, 20本"
3002571,守谷市産 あきたこまち 精米 5kg,3,082244,米・パン / 5kg,"Rice and bread from Ibaraki, 5kg"
3002572,和歌山県産 ずわいがに 脚 800g,2,302031,魚介類・海産物 / 800g,"Seafood from Wakayama, 800g"
3002573,沖縄県産 ずわいがに 脚 1.2kg,2,473081,魚介類・海産物 / 1.2kg,"Seafood from Okinawa, 1.2kg"
3002574,匝瑳市産 醤油 詰め合わせ 1L×3本,16,122351,調味料・油 / 1L×3本,"Seasonings and oils from Chiba, 1L×3本"
3002575,長野県産 スパークリングワイン 750ml×2本,13,204129,ワイン / 750ml×2本,"Wine from Nagano, 750ml×2本"
3002576,富山県産 純米吟醸 飲み比べ 720ml×3本,10,162019,日本酒 / 720ml×3本,"Sake from Toyama, 720ml×3本"
3002577,新潟県産 明太子 切子 500g,2,153851,魚介類・海産物 / 500g,"Seafood from Niigata, 500g"
3002578,東京都 トイレットペーパー 72ロール,23,133639,日用品・雑貨 / 72ロール,"Household goods from Tokyo, 72ロール"
3002579,長岡京市 直火用 土鍋 1個,19,262099,陶磁器・ガラス / 1個,"Ceramics and glassware from Kyoto, 1個"
3002580,熊本県 曲げわっぱ弁当箱 1個,20,434043,木工品・家具 / 1個,"Woodwork and furniture from Kumamoto, 1個"
3002581,福島県 包丁研ぎ器 1個,23,075469,日用品・雑貨 / 1個,"Household goods from Fukushima, 1個"
3002582,愛知県産 佃煮 詰め合わせ 5種,8,232092,惣菜・加工品 / 5種,"Prepared and processed foods from Aichi, 5種"
3002583,東京都産 バウムクーヘン 4個,9,132217,菓子・スイーツ / 4個,"Confectionery and sweets from Tokyo, 4個"
3002584,伊勢原市産 抹茶 詰め合わせ 30g×3缶,14,142140,茶・コーヒー / 30g×3缶,"Tea and coffee from Kanagawa, 30g×3缶"
3002585,秋田県産 純米大吟醸 720ml,10,054348,日本酒 / 720ml,"Sake from Akita, 720ml"
3002586,笛吹市産 天然水 2L×24本,15,192112,飲料・ジュース / 2L×24本,"Beverages and juice from Yamanashi, 2L×24本"
3002587,村上市産 冷凍餃子 100個,8,152129,惣菜・加工品 / 100個,"Prepared and processed foods from Niigata, 100個"
3002588,新庄市 陶器 マグカップ 2個,19,062057,陶磁器・ガラス / 2個,"Ceramics and glassware from Yamagata, 2個"
3002589,富山県 打刃物 包丁 2本,18,162078,工芸品・民芸品 / 2本,"Crafts and folk art from Toyama, 2本"
3002590,北海道産 季節の野菜 詰め合わせ 15品目,5,013927,野菜・きのこ / 15品目,"Vegetables and mushrooms from Hokkaido, 15品目"
3002591,鳥取県産 ボイル毛がに 2尾,2,313254,魚介類・海産物 / 2尾,"Seafood from Tottori, 2尾"
3002592,愛知県産 漬物 詰め合わせ 10種,8,232386,惣菜・加工品 / 10種,"Prepared and processed foods from Aichi, 10種"
3002593,北海道産 真鯛 フィレ 1kg,2,015164,魚介類・海産物 / 1kg,"Seafood from Hokkaido, 1kg"
3002594,岐阜県 陶芸 体験チケット 2名,28,213829,体験・チケット / 2名,"Experiences and tickets from Gifu, 2名"
3002595,和歌山県 デニムジーンズ 1本,21,303411,繊維・衣類 / 1本,"Textiles and apparel from Wakayama, 1本"
3002596,高岡市産 あじ開き 20枚,2,162027,魚介類・海産物 / 20枚,"Seafood from Toyama, 20枚"
3002597,山梨県産 温州みかん 10kg,4,194239,果物 / 10kg,"Fruit from Yamanashi, 10kg"
3002598,北海道 木製カッティングボード 2枚,20,014711,木工品・家具 / 2枚,"Woodwork and furniture from Hokkaido, 2枚"
3002599,熊本県 木製パズル 1点,25,431001,文具・玩具 / 1点,"Stationery and toys from Kumamoto, 1点"
3002600,茨城県産 あきたこまち 精米 10kg,3,082163,米・パン / 10kg,"Rice and bread from Ibaraki, 10kg"
3002601,奈良県 ホットプレート 1台,24,293636,家電・電化製品 / 1台,"Home appliances from Nara, 1台"
3002602,大分市産 長期貯蔵 麦焼酎 1.8L,11,442011,焼酎・泡盛 / 1.8L,"Shochu and awamori from Oita, 1.8L"
3002603,埼玉県産 プリン 詰め合わせ 12個,9,112241,菓子・スイーツ / 12個,"Confectionery and sweets from Saitama, 12個"
3002604,長野県産 とうもろこし 20本,5,204811,野菜・きのこ / 20本,"Vegetables and mushrooms from Nagano, 20本"
3002605,田村市産 乾燥しいたけ 300g,5,072117,野菜・きのこ / 300g,"Vegetables and mushrooms from Fukushima, 300g"
3002606,長野県産 乾燥しいたけ 300g,5,202029,野菜・きのこ / 300g,"Vegetables and mushrooms from Nagano, 300g"
3002607,寒河江市 胡蝶蘭 鉢植え 1鉢,29,062065,花・観葉植物 / 1鉢,"Flowers and plants from Yamagata, 1鉢"
3002608,長島町産 スモーク鴨ロース 600g,1,464040,肉・肉加工品 / 600g,"Meat and meat products from Kagoshima, 600g"
3002609,東京都産 カステラ 詰め合わせ 2本,9,131059,菓子・スイーツ / 2本,"Confectionery and sweets from Tokyo, 2本"
3002610,七戸町産 幸水梨 5kg,4,024023,果物 / 5kg,"Fruit from Aomori, 5kg"
3002611,藤沢市 木製パズル 1点,25,142051,文具・玩具 / 1点,"Stationery and toys from Kanagawa, 1点"
3002612,兵庫県産 ジェラート 詰め合わせ 12個,9,282219,菓子・スイーツ / 12個,"Confectionery and sweets from Hyogo, 12個"
3002613,田川市 ノート 詰め合わせ 10冊,25,402061,文具・玩具 / 10冊,"Stationery and toys from Fukuoka, 10冊"
3002614,山形県産 あきたこまち 精米 5kg,3,063827,米・パン / 5kg,"Rice and bread from Yamagata, 5kg"
3002615,福岡県産 醤油 詰め合わせ 1L×3本,16,402214,調味料・油 / 1L×3本,"Seasonings and oils from Fukuoka, 1L×3本"
3002616,土浦市産 高糖度トマト 2kg,5,082031,野菜・きのこ / 2kg,"Vegetables and mushrooms from Ibaraki, 2kg"
3002617,福島県産 特別純米酒 720ml×2本,10,072028,日本酒 / 720ml×2本,"Sake from Fukushima, 720ml×2本"
3002618,京都府 竹細工かご 1点,18,262102,工芸品・民芸品 / 1点,"Crafts and folk art from Kyoto, 1点"
3002619,岩手県産 つや姫 精米 5kg,3,032077,米・パン / 5kg,"Rice and bread from Iwate, 5kg"
3002620,広島県産 生うに 100g,2,342025,魚介類・海産物 / 100g,"Seafood from Hiroshima, 100g"
3002621,京都府 伝統こけし 1体,18,262048,工芸品・民芸品 / 1体,"Crafts and folk art from Kyoto, 1体"
3002622,中野市産 シャインマスカット 2房,4,202118,果物 / 2房,"Fruit from Nagano, 2房"
3002623,東根市産 味付ジンギスカン 1kg,1,062111,肉・肉加工品 / 1kg,"Meat and meat products from Yamagata, 1kg"
3002624,大和高田市産 シャインマスカット 2房,4,292028,果物 / 2房,"Fruit from Nara, 2房"
3002625,静岡県産 煎茶 詰め合わせ 100g×5袋,14,222054,茶・コーヒー / 100g×5袋,"Tea and coffee from Shizuoka, 100g×5袋"
3002626,宮城県産 味付からあげ 1kg,8,041009,惣菜・加工品 / 1kg,"Prepared and processed foods from Miyagi, 1kg"
3002627,福島県産 白桃 3kg,4,074845,果物 / 3kg,"Fruit from Fukushima, 3kg"
3002628,佐賀県 クルーズ 乗船券 2名,28,414018,体験・チケット / 2名,"Experiences and tickets from Saga, 2名"
3002629,石岡市産 銘柄鶏 もも肉 4kg,1,082058,肉・肉加工品 / 4kg,"Meat and meat products from Ibaraki, 4kg"
3002630,静岡県産 燻製 詰め合わせ 8種,8,222259,惣菜・加工品 / 8種,"Prepared and processed foods from Shizuoka, 8種"
3002631,加須市産 煎茶 詰め合わせ 100g×5袋,14,112101,茶・コーヒー / 100g×5袋,"Tea and coffee from Saitama, 100g×5袋"
3002632,千葉県産 天然水 2L×24本,15,122262,飲料・ジュース / 2L×24本,"Beverages and juice from Chiba, 2L×24本"
3002633,福島県産 男爵じゃがいも 20kg,5,074811,野菜・きのこ / 20kg,"Vegetables and mushrooms from Fukushima, 20kg"
3002634,徳島県 シルクスカーフ 1枚,21,364037,繊維・衣類 / 1枚,"Textiles and apparel from Tokushima, 1枚"
3002635,鹿嶋市産 乾燥しいたけ 500g,5,082228,野菜・きのこ / 500g,"Vegetables and mushrooms from Ibaraki, 500g"
3002636,新潟県産 十割そば 10食,7,152099,麺類 / 10食,"Noodles from Niigata, 10食"
3002637,長野県産 スパークリングワイン 750ml×2本,13,202037,ワイン / 750ml×2本,"Wine from Nagano, 750ml×2本"
3002638,宮城県産 銘柄鶏 もも肉 4kg,1,043028,肉・肉加工品 / 4kg,"Meat and meat products from Miyagi, 4kg"
3002639,京都府 直火用 土鍋 1個,19,262064,陶磁器・ガラス / 1個,"Ceramics and glassware from Kyoto, 1個"
3002640,山口県産 生うに 200g,2,352161,魚介類・海産物 / 200g,"Seafood from Yamaguchi, 200g"
3002641,岐阜県 木製カッティングボード 2枚,20,213039,木工品・家具 / 2枚,"Woodwork and furniture from Gifu, 2枚"
3002642,尾鷲市産 黒毛和牛 切り落とし 1.5kg,1,242098,肉・肉加工品 / 1.5kg,"Meat and meat products from Mie, 1.5kg"
3002643,千葉県産 天然水 炭酸水 500ml×24本,15,122106,飲料・ジュース / 500ml×24本,"Beverages and juice from Chiba, 500ml×24本"
3002644,宮崎県産 完熟マンゴー 1kg,4,452092,果物 / 1kg,"Fruit from Miyazaki, 1kg"
3002645,豊前市産 十割そば 16食,7,402141,麺類 / 16食,"Noodles from Fukuoka, 16食"
3002646,三重県産 醤油 詰め合わせ 1L×3本,16,245623,調味料・油 / 1L×3本,"Seasonings and oils from Mie, 1L×3本"
3002647,埼玉県産 漬物 詰め合わせ 10種,8,112020,惣菜・加工品 / 10種,"Prepared and processed foods from Saitama, 10種"
3002648,徳島県産 季節の野菜 詰め合わせ 15品目,5,362085,野菜・きのこ / 15品目,"Vegetables and mushrooms from Tokushima, 15品目"
3002649,長野県産 乾燥しいたけ 500g,5,202142,野菜・きのこ / 500g,"Vegetables and mushrooms from Nagano, 500g"
3002650,埼玉県産 つや姫 精米 10kg,3,112232,米・パン / 10kg,"Rice and bread from Saitama, 10kg"
3002651,宮城県 電気ケトル 1台,24,042021,家電・電化製品 / 1台,"Home appliances from Miyagi, 1台"
3002652,東松山市産 抹茶 詰め合わせ 30g×3缶,14,112127,茶・コーヒー / 30g×3缶,"Tea and coffee from Saitama, 30g×3缶"
3002653,沖縄県 石けん 詰め合わせ 5個,22,472107,化粧品・美容 / 5個,"Cosmetics and beauty from Okinawa, 5個"
3002654,羽村市 木製パズル 1点,25,132276,文具・玩具 / 1点,"Stationery and toys from Tokyo, 1点"
3002655,熊野町産 レトルトカレー 詰め合わせ 10食,8,343072,惣菜・加工品 / 10食,"Prepared and processed foods from Hiroshima, 10食"
3002656,福岡県産 どら焼き 詰め合わせ 12個,9,402109,菓子・スイーツ / 12個,"Confectionery and sweets from Fukuoka, 12個"
3002657,福井県産 季節限定 生酒 720ml×2本,10,183822,日本酒 / 720ml×2本,"Sake from Fukui, 720ml×2本"
3002658,茨城県産 ひとめぼれ 無洗米 10kg,3,082210,米・パン / 10kg,"Rice and bread from Ibaraki, 10kg"
3002659,島根県産 特別純米酒 720ml×2本,10,324418,日本酒 / 720ml×2本,"Sake from Shimane, 720ml×2本"
3002660,内子町産 メロン 秀品 1玉,4,384224,果物 / 1玉,"Fruit from Ehime, 1玉"
3002661,福岡県産 味付ジンギスカン 1kg,1,402231,肉・肉加工品 / 1kg,"Meat and meat products from Fukuoka, 1kg"
3002662,岩手県産 のどぐろ 干物 3枚,2,032077,魚介類・海産物 / 3枚,"Seafood from Iwate, 3枚"
3002663,嘉島町産 黒毛和牛 切り落とし 500g,1,434426,肉・肉加工品 / 500g,"Meat and meat products from Kumamoto, 500g"
3002664,氷見市産 干物 詰め合わせ 8枚,2,162051,魚介類・海産物 / 8枚,"Seafood from Toyama, 8枚"
3002665,和泊町産 米焼酎 飲み比べ 720ml×3本,11,465330,焼酎・泡盛 / 720ml×3本,"Shochu and awamori from Kagoshima, 720ml×3本"
3002666,南会津町産 特別純米酒 720ml×2本,10,073687,日本酒 / 720ml×2本,"Sake from Fukushima, 720ml×2本"
3002667,牧之原市産 ずわいがに 脚 1.2kg,2,222267,魚介類・海産物 / 1.2kg,"Seafood from Shizuoka, 1.2kg"
3002668,奈良県 打刃物 包丁 1本,18,292095,工芸品・民芸品 / 1本,"Crafts and folk art from Nara, 1本"
3002669,三重県産 サーモン 刺身用 600g,2,244422,魚介類・海産物 / 600g,"Seafood from Mie, 600g"
3002670,大阪府産 燻製 詰め合わせ 5種,8,272299,惣菜・加工品 / 5種,"Prepared and processed foods from Osaka, 5種"
3002671,長野県産 生ラーメン セット 10食,7,204111,麺類 / 10食,"Noodles from Nagano, 10食"
3002672,つるぎ町産 国産小麦パスタ 10袋,7,364681,麺類 / 10袋,"Noodles from Tokushima, 10袋"
3002673,福島県産 米粉パン セット 8個,3,072087,米・パン / 8個,"Rice and bread from Fukushima, 8個"
3002674,河内長野市 包丁研ぎ器 1個,23,272167,日用品・雑貨 / 1個,"Household goods from Osaka, 1個"
3002675,千葉県 国産ペットフード 4kg,30,122050,ペット用品 / 4kg,"Pet supplies from Chiba, 4kg"
3002676,埼玉県産 冷凍餃子 50個,8,112119,惣菜・加工品 / 50個,"Prepared and processed foods from Saitama, 50個"
3002677,岐阜県 木製カッティングボード 1枚,20,215058,木工品・家具 / 1枚,"Woodwork and furniture from Gifu, 1枚"
3002678,奈良県 今治タオル セット 8枚,21,292109,繊維・衣類 / 8枚,"Textiles and apparel from Nara, 8枚"
3002679,富山県産 いくら醤油漬け 500g,2,163210,魚介類・海産物 / 500g,"Seafood from Toyama, 500g"
3002680,山口県産 季節限定 生酒 720ml×2本,10,352161,日本酒 / 720ml×2本,"Sake from Yamaguchi, 720ml×2本"
3002681,愛知県産 自家焙煎コーヒー豆 200g×3袋,14,232211,茶・コーヒー / 200g×3袋,"Tea and coffee from Aichi, 200g×3袋"
3002682,長崎県産 明太子 切子 1kg,2,422070,魚介類・海産物 / 1kg,"Seafood from Nagasaki, 1kg"
3002683,佐賀県産 長期貯蔵 麦焼酎 1.8L,11,413461,焼酎・泡盛 / 1.8L,"Shochu and awamori from Saga, 1.8L"
3002684,香川県産 十割そば 16食,7,372072,麺類 / 16食,"Noodles from Kagawa, 16食"
3002685,宮城県産 ベーコン・ソーセージセット 1.2kg,1,044016,肉・肉加工品 / 1.2kg,"Meat and meat products from Miyagi, 1.2kg"
3002686,千葉県産 冷凍スムージー 12本,15,122203,飲料・ジュース / 12本,"Beverages and juice from Chiba, 12本"
3002687,世羅町 磁器 湯呑 5客,19,344621,陶磁器・ガラス / 5客,"Ceramics and glassware from Hiroshima, 5客"
3002688,宮城県産 黒毛和牛 サーロインステーキ 200g×2枚,1,042064,肉・肉加工品 / 200g×2枚,"Meat and meat products from Miyagi, 200g×2枚"
3002689,伊予市産 さくらんぼ 佐藤錦 500g,4,382108,果物 / 500g,"Fruit from Ehime, 500g"
3002690,千葉県産 果汁100%ジュース 180ml×24本,15,123471,飲料・ジュース / 180ml×24本,"Beverages and juice from Chiba, 180ml×24本"
3002691,宮城県産 スモーク鴨ロース 600g,1,044041,肉・肉加工品 / 600g,"Meat and meat products from Miyagi, 600g"
3002692,三重県産 チーズケーキ 1台,9,242071,菓子・スイーツ / 1台,"Confectionery and sweets from Mie, 1台"
3002693,岐阜県 ガラス酒器 1式,19,212121,陶磁器・ガラス / 1式,"Ceramics and glassware from Gifu, 1式"
3002694,鹿児島県 ペットベッド 1個,30,463035,ペット用品 / 1個,"Pet supplies from Kagoshima, 1個"
3002695,富山県 直火用 土鍋 1個,19,162043,陶磁器・ガラス / 1個,"Ceramics and glassware from Toyama, 1個"
3002696,長崎県産 ベーコン・ソーセージセット 1.2kg,1,422037,肉・肉加工品 / 1.2kg,"Meat and meat products from Nagasaki, 1.2kg"
3002697,徳島県産 紅はるか さつまいも 5kg,5,364053,野菜・きのこ / 5kg,"Vegetables and mushrooms from Tokushima, 5kg"
3002698,加古川市産 ほたて貝柱 冷凍 500g,2,282103,魚介類・海産物 / 500g,"Seafood from Hyogo, 500g"
3002699,高知県産 米焼酎 飲み比べ 720ml×3本,11,393061,焼酎・泡盛 / 720ml×3本,"Shochu and awamori from Kochi, 720ml×3本"
3002700,千葉県産 サーモン 刺身用 1kg,2,122343,魚介類・海産物 / 1kg,"Seafood from Chiba, 1kg"
3002701,愛知県産 カステラ 詰め合わせ 3本,9,233617,菓子・スイーツ / 3本,"Confectionery and sweets from Aichi, 3本"
3002702,三条市産 ずわいがに 脚 1.2kg,2,152048,魚介類・海産物 / 1.2kg,"Seafood from Niigata, 1.2kg"
3002703,岐阜県 漆器 伝統工芸 1客,18,215058,工芸品・民芸品 / 1客,"Crafts and folk art from Gifu, 1客"
3002704,沖縄県 ペットベッド 1個,30,473146,ペット用品 / 1個,"Pet supplies from Okinawa, 1個"
3002705,宮城県産 生うに 100g,2,042145,魚介類・海産物 / 100g,"Seafood from Miyagi, 100g"
3002706,青森県産 味付ジンギスカン 2kg,1,024465,肉・肉加工品 / 2kg,"Meat and meat products from Aomori, 2kg"
3002707,佐賀県 陶器 マグカップ 2個,19,412074,陶磁器・ガラス / 2個,"Ceramics and glassware from Saga, 2個"
3002708,埼玉県 海産物 定期便 毎月×6回,17,112259,定期便 / 毎月×6回,"Subscription deliveries from Saitama, 毎月×6回"
3002709,三重県産 和菓子 詰め合わせ 20個,9,242101,菓子・スイーツ / 20個,"Confectionery and sweets from Mie, 20個"
3002710,松原市 酒蔵見学・試飲 2名,28,272175,体験・チケット / 2名,"Experiences and tickets from Osaka, 2名"
3002711,山形県産 季節限定 生酒 720ml×2本,10,063231,日本酒 / 720ml×2本,"Sake from Yamagata, 720ml×2本"
3002712,新居浜市 シルクスカーフ 1枚,21,382051,繊維・衣類 / 1枚,"Textiles and apparel from Ehime, 1枚"
3002713,群馬県産 ベーコン・ソーセージセット 1.2kg,1,102083,肉・肉加工品 / 1.2kg,"Meat and meat products from Gunma, 1.2kg"
3002714,横手市産 半生讃岐うどん 20食,7,052035,麺類 / 20食,"Noodles from Akita, 20食"
3002715,福島県 木製食器セット 4点,20,072117,木工品・家具 / 4点,"Woodwork and furniture from Fukushima, 4点"
3002716,神奈川県 トイレットペーパー 72ロール,23,143413,日用品・雑貨 / 72ロール,"Household goods from Kanagawa, 72ロール"
3002717,串間市産 メロン 秀品 2玉,4,452076,果物 / 2玉,"Fruit from Miyazaki, 2玉"
3002718,五戸町 ペットベッド 1個,30,024422,ペット用品 / 1個,"Pet supplies from Aomori, 1個"
3002719,遠野市産 味付ジンギスカン 1kg,1,032085,肉・肉加工品 / 1kg,"Meat and meat products from Iwate, 1kg"
3002720,銚子市産 のどぐろ 干物 3枚,2,122025,魚介類・海産物 / 3枚,"Seafood from Chiba, 3枚"
3002721,伊是名村産 いくら醤油漬け 500g,2,473600,魚介類・海産物 / 500g,"Seafood from Okinawa, 500g"
3002722,佐賀県産 本格芋焼酎 1.8L,11,412091,焼酎・泡盛 / 1.8L,"Shochu and awamori from Saga, 1.8L"
3002723,常滑市産 えごま油・亜麻仁油 180g×2本,16,232165,調味料・油 / 180g×2本,"Seasonings and oils from Aichi, 180g×2本"
3002724,茨城県産 スモーク鴨ロース 400g,1,082279,肉・肉加工品 / 400g,"Meat and meat products from Ibaraki, 400g"
3002725,北海道産 季節の野菜 詰め合わせ 15品目,5,015181,野菜・きのこ / 15品目,"Vegetables and mushrooms from Hokkaido, 15品目"
3002726,北海道産 男爵じゃがいも 20kg,5,014711,野菜・きのこ / 20kg,"Vegetables and mushrooms from Hokkaido, 20kg"
3002727,秋田県産 米粉パン セット 12個,3,052060,米・パン / 12個,"Rice and bread from Akita, 12個"
3002728,福岡県産 厚切り牛タン 900g,1,403822,肉・肉加工品 / 900g,"Meat and meat products from Fukuoka, 900g"
3002729,石川県 ガラス酒器 1式,19,172090,陶磁器・ガラス / 1式,"Ceramics and glassware from Ishikawa, 1式"
3002730,宮崎県産 黒毛和牛 サーロインステーキ 200g×2枚,1,452025,肉・肉加工品 / 200g×2枚,"Meat and meat products from Miyazaki, 200g×2枚"
3002731,たつの市産 生うに 100g,2,282294,魚介類・海産物 / 100g,"Seafood from Hyogo, 100g"
3002732,静岡県産 漬物 詰め合わせ 10種,8,223026,惣菜・加工品 / 10種,"Prepared and processed foods from Shizuoka, 10種"
3002733,筑後市産 カステラ 詰め合わせ 3本,9,402117,菓子・スイーツ / 3本,"Confectionery and sweets from Fukuoka, 3本"
3002734,福岡県産 和牛 焼肉セット 600g,1,403831,肉・肉加工品 / 600g,"Meat and meat products from Fukuoka, 600g"
3002735,栃木県産 ハンバーグ 詰め合わせ 10個,1,092169,肉・肉加工品 / 10個,"Meat and meat products from Tochigi, 10個"
3002736,岐阜県産 スモーク鴨ロース 400g,1,212164,肉・肉加工品 / 400g,"Meat and meat products from Gifu, 400g"
3002737,高知県産 真鯛 フィレ 1kg,2,392103,魚介類・海産物 / 1kg,"Seafood from Kochi, 1kg"
3002738,千葉県産 厚切り牛タン 900g,1,122211,肉・肉加工品 / 900g,"Meat and meat products from Chiba, 900g"
3002739,常総市産 佃煮 詰め合わせ 5種,8,082112,惣菜・加工品 / 5種,"Prepared and processed foods from Ibaraki, 5種"
3002740,大阪府 タオル 詰め合わせ 10枚,23,272256,日用品・雑貨 / 10枚,"Household goods from Osaka, 10枚"
3002741,山形県産 サンふじりんご 5kg,4,062120,果物 / 5kg,"Fruit from Yamagata, 5kg"
3002742,滋賀県 観葉植物 1鉢,29,254258,花・観葉植物 / 1鉢,"Flowers and plants from Shiga, 1鉢"
3002743,箕面市 果物狩り 体験チケット 4名,28,272205,体験・チケット / 4名,"Experiences and tickets from Osaka, 4名"
3002744,滋賀県産 特別純米酒 720ml×2本,10,252018,日本酒 / 720ml×2本,"Sake from Shiga, 720ml×2本"
3002745,"大分県 宿泊利用券 30,000円分",27,442097,"旅行券・宿泊券 / 30,000円分","Travel and accommodation vouchers from Oita, 30,000円分"
3002746,秋田県産 特別純米酒 720ml×2本,10,052035,日本酒 / 720ml×2本,"Sake from Akita, 720ml×2本"
3002747,群馬県産 ぽん酢・ドレッシング 5本,16,104493,調味料・油 / 5本,"Seasonings and oils from Gunma, 5本"
3002748,津山市 綿100% 寝具カバー 1式,21,332038,繊維・衣類 / 1式,"Textiles and apparel from Okayama, 1式"
3002749,東京都 包丁研ぎ器 1個,23,134015,日用品・雑貨 / 1個,"Household goods from Tokyo, 1個"
3002750,北海道 無垢材スツール 1脚,20,014257,木工品・家具 / 1脚,"Woodwork and furniture from Hokkaido, 1脚"
3002751,岡山県 伝統こけし 1体,18,332101,工芸品・民芸品 / 1体,"Crafts and folk art from Okayama, 1体"
3002752,福島県産 紅はるか さつまいも 10kg,5,075647,野菜・きのこ / 10kg,"Vegetables and mushrooms from Fukushima, 10kg"
3002753,岐阜県産 味付ジンギスカン 1kg,1,214019,肉・肉加工品 / 1kg,"Meat and meat products from Gifu, 1kg"
3002754,土庄町 木製パズル 1点,25,373222,文具・玩具 / 1点,"Stationery and toys from Kagawa, 1点"
3002755,藤沢市産 カステラ 詰め合わせ 2本,9,142051,菓子・スイーツ / 2本,"Confectionery and sweets from Kanagawa, 2本"
3002756,周南市産 あじ開き 10枚,2,352152,魚介類・海産物 / 10枚,"Seafood from Yamaguchi, 10枚"
3002757,高崎市産 季節の野菜 詰め合わせ 15品目,5,102024,野菜・きのこ / 15品目,"Vegetables and mushrooms from Gunma, 15品目"
3002758,静岡県産 国産紅茶 50g×4袋,14,223042,茶・コーヒー / 50g×4袋,"Tea and coffee from Shizuoka, 50g×4袋"
3002759,金沢市 和紙 便箋セット 1式,18,172014,工芸品・民芸品 / 1式,"Crafts and folk art from Ishikawa, 1式"
3002760,茨城県産 冷凍餃子 100個,8,082201,惣菜・加工品 / 100個,"Prepared and processed foods from Ibaraki, 100個"
3002761,東広島市 ガラス酒器 1式,19,342122,陶磁器・ガラス / 1式,"Ceramics and glassware from Hiroshima, 1式"
3002762,兵庫県産 サーモン 刺身用 600g,2,282049,魚介類・海産物 / 600g,"Seafood from Hyogo, 600g"
3002763,茨城県産 アスパラガス 1kg,5,082309,野菜・きのこ / 1kg,"Vegetables and mushrooms from Ibaraki, 1kg"
3002764,福島県産 さくらんぼ 佐藤錦 500g,4,075418,果物 / 500g,"Fruit from Fukushima, 500g"
3002765,青森県産 ボイル毛がに 1尾 500g,2,022021,魚介類・海産物 / 1尾 500g,"Seafood from Aomori, 1尾 500g"
3002766,茨城町 酒蔵見学・試飲 2名,28,083020,体験・チケット / 2名,"Experiences and tickets from Ibaraki, 2名"
3002767,小美玉市産 厚切り牛タン 500g,1,082368,肉・肉加工品 / 500g,"Meat and meat products from Ibaraki, 500g"
3002768,釧路市産 発酵バター 200g×3個,6,012068,卵・乳製品 / 200g×3個,"Eggs and dairy from Hokkaido, 200g×3個"
3002769,福岡県産 十割そば 16食,7,406473,麺類 / 16食,"Noodles from Fukuoka, 16食"
3002770,北海道産 豚ロース しゃぶしゃぶ用 800g,1,012025,肉・肉加工品 / 800g,"Meat and meat products from Hokkaido, 800g"
3002771,愛知県 今治タオル セット 8枚,21,232068,繊維・衣類 / 8枚,"Textiles and apparel from Aichi, 8枚"
3002772,聖籠町産 国産小麦パスタ 10袋,7,153079,麺類 / 10袋,"Noodles from Niigata, 10袋"
3002773,九度山町産 富有柿 5kg,4,303437,果物 / 5kg,"Fruit from Wakayama, 5kg"
3002774,北海道産 ほたて貝柱 冷凍 1kg,2,012131,魚介類・海産物 / 1kg,"Seafood from Hokkaido, 1kg"
3002775,福岡県産 カステラ 詰め合わせ 3本,9,402273,菓子・スイーツ / 3本,"Confectionery and sweets from Fukuoka, 3本"
3002776,山形県産 白桃 2kg,4,062090,果物 / 2kg,"Fruit from Yamagata, 2kg"
3002777,香川県 今治タオル セット 5枚,21,372021,繊維・衣類 / 5枚,"Textiles and apparel from Kagawa, 5枚"
3002778,青森県産 ボイル毛がに 1尾 500g,2,022101,魚介類・海産物 / 1尾 500g,"Seafood from Aomori, 1尾 500g"
3002779,鷹栖町産 ジェラート 詰め合わせ 12個,9,014524,菓子・スイーツ / 12個,"Confectionery and sweets from Hokkaido, 12個"
3002780,千葉県産 天然水 炭酸水 500ml×24本,15,122386,飲料・ジュース / 500ml×24本,"Beverages and juice from Chiba, 500ml×24本"
3002781,群馬県産 十割そば 16食,7,102041,麺類 / 16食,"Noodles from Gunma, 16食"
3002782,愛知県産 チーズケーキ 2台,9,232351,菓子・スイーツ / 2台,"Confectionery and sweets from Aichi, 2台"
3002783,栃木県 トイレットペーパー 72ロール,23,093441,日用品・雑貨 / 72ロール,"Household goods from Tochigi, 72ロール"
3002784,矢板市産 ハンバーグ 詰め合わせ 15個,1,092118,肉・肉加工品 / 15個,"Meat and meat products from Tochigi, 15個"
3002785,和歌山県産 明太子 切子 500g,2,302074,魚介類・海産物 / 500g,"Seafood from Wakayama, 500g"
3002786,"沖縄県 観光施設 利用券 10,000円分",27,472140,"旅行券・宿泊券 / 10,000円分","Travel and accommodation vouchers from Okinawa, 10,000円分"
3002787,高知県産 男爵じゃがいも 20kg,5,393037,野菜・きのこ / 20kg,"Vegetables and mushrooms from Kochi, 20kg"
3002788,秋田県産 生ラーメン セット 10食,7,052035,麺類 / 10食,"Noodles from Akita, 10食"
3002789,明石市産 スモーク鴨ロース 400g,1,282031,肉・肉加工品 / 400g,"Meat and meat products from Hyogo, 400g"
3002790,茨城県 綿100% 寝具カバー 1式,21,083640,繊維・衣類 / 1式,"Textiles and apparel from Ibaraki, 1式"
3002791,沖縄県産 あまおういちご 1080g,4,472140,果物 / 1080g,"Fruit from Okinawa, 1080g"
3002792,北海道 万年筆 1本,25,012084,文具・玩具 / 1本,"Stationery and toys from Hokkaido, 1本"
3002793,岐阜県 直火用 土鍋 1個,19,213021,陶磁器・ガラス / 1個,"Ceramics and glassware from Gifu, 1個"
3002794,島根県産 和菓子 詰め合わせ 12個,9,325015,菓子・スイーツ / 12個,"Confectionery and sweets from Shimane, 12個"
3002795,岬町 洗剤 詰め合わせ 1式,23,273660,日用品・雑貨 / 1式,"Household goods from Osaka, 1式"
3002796,愛知県 綿100% 寝具カバー 1式,21,232211,繊維・衣類 / 1式,"Textiles and apparel from Aichi, 1式"
3002797,兵庫県産 明太子 切子 500g,2,282120,魚介類・海産物 / 500g,"Seafood from Hyogo, 500g"
3002798,鶴岡市 温泉旅館 ペア宿泊券 1泊2食付,27,062031,旅行券・宿泊券 / 1泊2食付,"Travel and accommodation vouchers from Yamagata, 1泊2食付"
3002799,山形県産 特別栽培米 玄米 20kg,3,062081,米・パン / 20kg,"Rice and bread from Yamagata, 20kg"
3002800,徳島県産 季節の野菜 詰め合わせ 10品目,5,362085,野菜・きのこ / 10品目,"Vegetables and mushrooms from Tokushima, 10品目"
3002801,徳島県産 シャインマスカット 2房,4,362034,果物 / 2房,"Fruit from Tokushima, 2房"
3002802,金武町産 米焼酎 飲み比べ 720ml×3本,11,473146,焼酎・泡盛 / 720ml×3本,"Shochu and awamori from Okinawa, 720ml×3本"
3002803,野迫川村 猫用爪とぎ 3個,30,294471,ペット用品 / 3個,"Pet supplies from Nara, 3個"
3002804,松田町 洗剤 詰め合わせ 1式,23,143634,日用品・雑貨 / 1式,"Household goods from Kanagawa, 1式"
3002805,東松島市産 コシヒカリ 精米 10kg,3,042145,米・パン / 10kg,"Rice and bread from Miyagi, 10kg"
3002806,長野県 伝統こけし 1体,18,204137,工芸品・民芸品 / 1体,"Crafts and folk art from Nagano, 1体"
3002807,弟子屈町産 チーズケーキ 2台,9,016659,菓子・スイーツ / 2台,"Confectionery and sweets from Hokkaido, 2台"
3002808,野洲市産 コシヒカリ 精米 20kg,3,252107,米・パン / 20kg,"Rice and bread from Shiga, 20kg"
3002809,愛知県産 味付からあげ 2kg,8,232343,惣菜・加工品 / 2kg,"Prepared and processed foods from Aichi, 2kg"
3002810,金山町産 メロン 秀品 1玉,4,074454,果物 / 1玉,"Fruit from Fukushima, 1玉"
3002811,静岡県産 味付からあげ 2kg,8,222062,惣菜・加工品 / 2kg,"Prepared and processed foods from Shizuoka, 2kg"
3002812,広島県 多肉植物 セット 6鉢,29,343072,花・観葉植物 / 6鉢,"Flowers and plants from Hiroshima, 6鉢"
3002813,鹿児島県産 プリン 詰め合わせ 8個,9,465020,菓子・スイーツ / 8個,"Confectionery and sweets from Kagoshima, 8個"
3002814,岩手県産 ハンバーグ 詰め合わせ 15個,1,032026,肉・肉加工品 / 15個,"Meat and meat products from Iwate, 15個"
3002815,高知県 登山用リュック 1個,26,393011,スポーツ・アウトドア / 1個,"Sports and outdoor from Kochi, 1個"
3002816,大阪府産 冷凍餃子 100個,8,272141,惣菜・加工品 / 100個,"Prepared and processed foods from Osaka, 100個"
3002817,京都府産 カステラ 詰め合わせ 2本,9,262111,菓子・スイーツ / 2本,"Confectionery and sweets from Kyoto, 2本"
3002818,小田原市産 プリン 詰め合わせ 8個,9,142069,菓子・スイーツ / 8個,"Confectionery and sweets from Kanagawa, 8個"
3002819,田野町産 本格芋焼酎 1.8L,11,393037,焼酎・泡盛 / 1.8L,"Shochu and awamori from Kochi, 1.8L"
3002820,茨城県産 あきたこまち 精米 5kg,3,082163,米・パン / 5kg,"Rice and bread from Ibaraki, 5kg"
3002821,置戸町産 生うに 200g,2,015504,魚介類・海産物 / 200g,"Seafood from Hokkaido, 200g"
3002822,柳川市 シルクスカーフ 1枚,21,402079,繊維・衣類 / 1枚,"Textiles and apparel from Fukuoka, 1枚"
3002823,沖縄県産 泡盛 古酒 720ml,11,473588,焼酎・泡盛 / 720ml,"Shochu and awamori from Okinawa, 720ml"
3002824,大阪府 陶芸 体験チケット 2名,28,272043,体験・チケット / 2名,"Experiences and tickets from Osaka, 2名"
3002825,北海道産 アイスクリーム 詰め合わせ 18個,6,013617,卵・乳製品 / 18個,"Eggs and dairy from Hokkaido, 18個"
3002826,香川県産 稲庭うどん 800g,7,373419,麺類 / 800g,"Noodles from Kagawa, 800g"
3002827,福島県産 メロン 秀品 1玉,4,072133,果物 / 1玉,"Fruit from Fukushima, 1玉"
3002828,埼玉県 炊飯器 1台,24,112275,家電・電化製品 / 1台,"Home appliances from Saitama, 1台"
3002829,岐阜県 伝統こけし 1体,18,214035,工芸品・民芸品 / 1体,"Crafts and folk art from Gifu, 1体"
3002830,北海道産 高糖度トマト 2kg,5,012181,野菜・きのこ / 2kg,"Vegetables and mushrooms from Hokkaido, 2kg"
3002831,瑞穂市 和紙 便箋セット 1式,18,212164,工芸品・民芸品 / 1式,"Crafts and folk art from Gifu, 1式"
3002832,島根県産 サーモン 刺身用 600g,2,322091,魚介類・海産物 / 600g,"Seafood from Shimane, 600g"
3002833,長崎県産 味付ジンギスカン 2kg,1,423238,肉・肉加工品 / 2kg,"Meat and meat products from Nagasaki, 2kg"
3002834,北海道産 ハンバーグ 詰め合わせ 20個,1,012203,肉・肉加工品 / 20個,"Meat and meat products from Hokkaido, 20個"
3002835,岩手県産 つや姫 精米 5kg,3,032018,米・パン / 5kg,"Rice and bread from Iwate, 5kg"
3002836,都農町 果物狩り 体験チケット 2名,28,454061,体験・チケット / 2名,"Experiences and tickets from Miyazaki, 2名"
3002837,三重県 多肉植物 セット 6鉢,29,242144,花・観葉植物 / 6鉢,"Flowers and plants from Mie, 6鉢"
3002838,岩手県産 ずわいがに 脚 1.2kg,2,032140,魚介類・海産物 / 1.2kg,"Seafood from Iwate, 1.2kg"
3002839,千葉県産 のどぐろ 干物 3枚,2,122211,魚介類・海産物 / 3枚,"Seafood from Chiba, 3枚"
3002840,新潟県産 天然水 炭酸水 500ml×48本,15,152048,飲料・ジュース / 500ml×48本,"Beverages and juice from Niigata, 500ml×48本"
3002841,千葉県 漆器 伝統工芸 5客,18,122335,工芸品・民芸品 / 5客,"Crafts and folk art from Chiba, 5客"
3002842,島根県産 和牛 焼肉セット 1kg,1,322024,肉・肉加工品 / 1kg,"Meat and meat products from Shimane, 1kg"
3002843,鳥取県産 黒毛和牛 サーロインステーキ 200g×2枚,1,313297,肉・肉加工品 / 200g×2枚,"Meat and meat products from Tottori, 200g×2枚"
3002844,埼玉県産 カステラ 詰め合わせ 3本,9,112461,菓子・スイーツ / 3本,"Confectionery and sweets from Saitama, 3本"
3002845,和歌山県産 冷凍スムージー 12本,15,304042,飲料・ジュース / 12本,"Beverages and juice from Wakayama, 12本"
3002846,大阪府 今治タオル セット 5枚,21,272213,繊維・衣類 / 5枚,"Textiles and apparel from Osaka, 5枚"
3002847,鹿児島県産 本格芋焼酎 1.8L,11,462039,焼酎・泡盛 / 1.8L,"Shochu and awamori from Kagoshima, 1.8L"
3002848,福井県 ガラス酒器 1式,19,184420,陶磁器・ガラス / 1式,"Ceramics and glassware from Fukui, 1式"
3002849,長野県産 紅はるか さつまいも 10kg,5,204030,野菜・きのこ / 10kg,"Vegetables and mushrooms from Nagano, 10kg"
3002850,福岡県産 ジェラート 詰め合わせ 12個,9,406473,菓子・スイーツ / 12個,"Confectionery and sweets from Fukuoka, 12個"
3002851,山形県産 和牛 焼肉セット 1kg,1,062090,肉・肉加工品 / 1kg,"Meat and meat products from Yamagata, 1kg"
3002852,岐阜県 漆器 伝統工芸 5客,18,212041,工芸品・民芸品 / 5客,"Crafts and folk art from Gifu, 5客"
3002853,福井県産 うなぎ蒲焼 2尾,2,184837,魚介類・海産物 / 2尾,"Seafood from Fukui, 2尾"
3002854,小松島市 デニムジーンズ 1本,21,362034,繊維・衣類 / 1本,"Textiles and apparel from Tokushima, 1本"
3002855,出雲市産 干物 詰め合わせ 12枚,2,322032,魚介類・海産物 / 12枚,"Seafood from Shimane, 12枚"
3002856,佐賀県産 本格芋焼酎 900ml×2本,11,412091,焼酎・泡盛 / 900ml×2本,"Shochu and awamori from Saga, 900ml×2本"
3002857,茨城県産 たまねぎ 20kg,5,082201,野菜・きのこ / 20kg,"Vegetables and mushrooms from Ibaraki, 20kg"
3002858,高知県産 味噌 詰め合わせ 1kg×3個,16,394122,調味料・油 / 1kg×3個,"Seasonings and oils from Kochi, 1kg×3個"
3002859,大崎町産 たまねぎ 20kg,5,464686,野菜・きのこ / 20kg,"Vegetables and mushrooms from Kagoshima, 20kg"
3002860,北海道産 銘柄鶏 もも肉 3kg,1,014591,肉・肉加工品 / 3kg,"Meat and meat products from Hokkaido, 3kg"
3002861,門真市 果物狩り 体験チケット 4名,28,272230,体験・チケット / 4名,"Experiences and tickets from Osaka, 4名"
3002862,太田市産 十割そば 10食,7,102059,麺類 / 10食,"Noodles from Gunma, 10食"
3002863,中井町産 冷凍餃子 50個,8,143618,惣菜・加工品 / 50個,"Prepared and processed foods from Kanagawa, 50個"
3002864,豊後大野市産 冷凍餃子 50個,8,442127,惣菜・加工品 / 50個,"Prepared and processed foods from Oita, 50個"
3002865,山口県産 あじ開き 20枚,2,352012,魚介類・海産物 / 20枚,"Seafood from Yamaguchi, 20枚"
3002866,埼玉県産 プリン 詰め合わせ 12個,9,112429,菓子・スイーツ / 12個,"Confectionery and sweets from Saitama, 12個"
3002867,北海道 登山用リュック 1個,26,012181,スポーツ・アウトドア / 1個,"Sports and outdoor from Hokkaido, 1個"
3002868,茨城県産 冷凍餃子 100個,8,082252,惣菜・加工品 / 100個,"Prepared and processed foods from Ibaraki, 100個"
3002869,北竜町産 和牛 焼肉セット 1kg,1,014371,肉・肉加工品 / 1kg,"Meat and meat products from Hokkaido, 1kg"
3002870,"香川県 宿泊利用券 10,000円分",27,373877,"旅行券・宿泊券 / 10,000円分","Travel and accommodation vouchers from Kagawa, 10,000円分"
3002871,北海道産 カステラ 詰め合わせ 2本,9,014630,菓子・スイーツ / 2本,"Confectionery and sweets from Hokkaido, 2本"
3002872,秋田県産 季節限定 生酒 720ml×2本,10,052043,日本酒 / 720ml×2本,"Sake from Akita, 720ml×2本"
3002873,新潟県産 あきたこまち 精米 5kg,3,152251,米・パン / 5kg,"Rice and bread from Niigata, 5kg"
3002874,山口市産 コシヒカリ 精米 10kg,3,352039,米・パン / 10kg,"Rice and bread from Yamaguchi, 10kg"
3002875,鹿児島県産 紅はるか さつまいも 5kg,5,464911,野菜・きのこ / 5kg,"Vegetables and mushrooms from Kagoshima, 5kg"
3002876,兵庫県産 純米大吟醸 720ml×2本,10,282090,日本酒 / 720ml×2本,"Sake from Hyogo, 720ml×2本"
3002877,千葉県産 ベーコン・ソーセージセット 1.8kg,1,122131,肉・肉加工品 / 1.8kg,"Meat and meat products from Chiba, 1.8kg"
3002878,志布志市産 米焼酎 飲み比べ 720ml×3本,11,462217,焼酎・泡盛 / 720ml×3本,"Shochu and awamori from Kagoshima, 720ml×3本"
3002879,高知県産 真鯛 フィレ 1kg,2,392081,魚介類・海産物 / 1kg,"Seafood from Kochi, 1kg"
3002880,大阪府 トイレットペーパー 72ロール,23,272311,日用品・雑貨 / 72ロール,"Household goods from Osaka, 72ロール"
3002881,千葉県産 スモーク鴨ロース 600g,1,122335,肉・肉加工品 / 600g,"Meat and meat products from Chiba, 600g"
3002882,千葉県産 アスパラガス 2kg,5,122254,野菜・きのこ / 2kg,"Vegetables and mushrooms from Chiba, 2kg"
3002883,門川町産 さくらんぼ 佐藤錦 500g,4,454214,果物 / 500g,"Fruit from Miyazaki, 500g"
3002884,三重県 打刃物 包丁 1本,18,244619,工芸品・民芸品 / 1本,"Crafts and folk art from Mie, 1本"
3002885,大東市産 ジェラート 詰め合わせ 12個,9,272183,菓子・スイーツ / 12個,"Confectionery and sweets from Osaka, 12個"
3002886,埼玉県産 食パン 詰め合わせ 5斤,3,113816,米・パン / 5斤,"Rice and bread from Saitama, 5斤"
3002887,福岡県産 うなぎ蒲焼 2尾,2,402044,魚介類・海産物 / 2尾,"Seafood from Fukuoka, 2尾"
3002888,北海道産 平飼いたまご 30個,6,012114,卵・乳製品 / 30個,"Eggs and dairy from Hokkaido, 30個"
3002889,牟岐町 今治タオル セット 8枚,21,363839,繊維・衣類 / 8枚,"Textiles and apparel from Tokushima, 8枚"
3002890,兵庫県産 干物 詰め合わせ 12枚,2,282201,魚介類・海産物 / 12枚,"Seafood from Hyogo, 12枚"
3002891,埼玉県産 抹茶 詰め合わせ 30g×3缶,14,113654,茶・コーヒー / 30g×3缶,"Tea and coffee from Saitama, 30g×3缶"
3002892,塩尻市産 十割そば 10食,7,202151,麺類 / 10食,"Noodles from Nagano, 10食"
3002893,神奈川県産 天然水 2L×24本,15,144029,飲料・ジュース / 2L×24本,"Beverages and juice from Kanagawa, 2L×24本"
3002894,"群馬県 観光施設 利用券 5,000円分",27,102059,"旅行券・宿泊券 / 5,000円分","Travel and accommodation vouchers from Gunma, 5,000円分"
3002895,埼玉県産 味付からあげ 1kg,8,112399,惣菜・加工品 / 1kg,"Prepared and processed foods from Saitama, 1kg"
3002896,秋田県産 半生讃岐うどん 20食,7,053031,麺類 / 20食,"Noodles from Akita, 20食"
3002897,"大分県 観光施設 利用券 10,000円分",27,442101,"旅行券・宿泊券 / 10,000円分","Travel and accommodation vouchers from Oita, 10,000円分"
3002898,石川県 打刃物 包丁 2本,18,172090,工芸品・民芸品 / 2本,"Crafts and folk art from Ishikawa, 2本"
3002899,岩内町産 カステラ 詰め合わせ 2本,9,014028,菓子・スイーツ / 2本,"Confectionery and sweets from Hokkaido, 2本"
3002900,沖縄県産 温州みかん 10kg,4,472123,果物 / 10kg,"Fruit from Okinawa, 10kg"
3002901,北相木村産 スパークリングワイン 750ml×2本,13,203076,ワイン / 750ml×2本,"Wine from Nagano, 750ml×2本"
3002902,埼玉県産 抹茶 詰め合わせ 30g×3缶,14,113425,茶・コーヒー / 30g×3缶,"Tea and coffee from Saitama, 30g×3缶"
3002903,千葉県産 ボイル毛がに 2尾,2,122297,魚介類・海産物 / 2尾,"Seafood from Chiba, 2尾"
3002904,和歌山県産 生うに 100g,2,304271,魚介類・海産物 / 100g,"Seafood from Wakayama, 100g"
3002905,群馬県 果物狩り 体験チケット 2名,28,104434,体験・チケット / 2名,"Experiences and tickets from Gunma, 2名"
3002906,新潟県産 冷凍餃子 50個,8,152099,惣菜・加工品 / 50個,"Prepared and processed foods from Niigata, 50個"
3002907,新潟県産 季節限定 生酒 720ml×2本,10,152111,日本酒 / 720ml×2本,"Sake from Niigata, 720ml×2本"
3002908,北海道産 季節の野菜 詰め合わせ 10品目,5,012131,野菜・きのこ / 10品目,"Vegetables and mushrooms from Hokkaido, 10品目"
3002909,長崎県産 黒毛和牛 サーロインステーキ 150g×3枚,1,422037,肉・肉加工品 / 150g×3枚,"Meat and meat products from Nagasaki, 150g×3枚"
3002910,三重県 胡蝶蘭 鉢植え 1鉢,29,244414,花・観葉植物 / 1鉢,"Flowers and plants from Mie, 1鉢"
3002911,伊豆の国市産 メロン 秀品 2玉,4,222259,果物 / 2玉,"Fruit from Shizuoka, 2玉"
3002912,新温泉町 アウトドアチェア 1脚,26,285862,スポーツ・アウトドア / 1脚,"Sports and outdoor from Hyogo, 1脚"
3002913,兵庫県産 ボイル毛がに 1尾 500g,2,283827,魚介類・海産物 / 1尾 500g,"Seafood from Hyogo, 1尾 500g"
3002914,伊賀市 国産ペットフード 2kg,30,242161,ペット用品 / 2kg,"Pet supplies from Mie, 2kg"
3002915,和歌山県産 いくら醤油漬け 500g,2,304247,魚介類・海産物 / 500g,"Seafood from Wakayama, 500g"
3002916,長野県 クルーズ 乗船券 2名,28,204048,体験・チケット / 2名,"Experiences and tickets from Nagano, 2名"
3002917,秋田県産 和牛 焼肉セット 1kg,1,052108,肉・肉加工品 / 1kg,"Meat and meat products from Akita, 1kg"
3002918,北杜市産 完熟マンゴー 1kg,4,192091,果物 / 1kg,"Fruit from Yamanashi, 1kg"
3002919,千葉県産 味付ジンギスカン 2kg,1,122041,肉・肉加工品 / 2kg,"Meat and meat products from Chiba, 2kg"
3002920,大阪府産 漬物 詰め合わせ 10種,8,272281,惣菜・加工品 / 10種,"Prepared and processed foods from Osaka, 10種"
3002921,新潟県 ヘアケア シャンプー 500ml×2本,22,152226,化粧品・美容 / 500ml×2本,"Cosmetics and beauty from Niigata, 500ml×2本"
3002922,茨城県産 たまねぎ 10kg,5,082112,野菜・きのこ / 10kg,"Vegetables and mushrooms from Ibaraki, 10kg"
3002923,さいたま市産 国産紅茶 50g×4袋,14,111007,茶・コーヒー / 50g×4袋,"Tea and coffee from Saitama, 50g×4袋"
3002924,川越市産 国産紅茶 50g×4袋,14,112011,茶・コーヒー / 50g×4袋,"Tea and coffee from Saitama, 50g×4袋"
3002925,新潟県産 半生讃岐うどん 20食,7,152137,麺類 / 20食,"Noodles from Niigata, 20食"
3002926,長岡京市 直火用 土鍋 1個,19,262099,陶磁器・ガラス / 1個,"Ceramics and glassware from Kyoto, 1個"
3002927,大阪府 包丁研ぎ器 1個,23,272132,日用品・雑貨 / 1個,"Household goods from Osaka, 1個"
3002928,北海道産 どら焼き 詰め合わせ 20個,9,014559,菓子・スイーツ / 20個,"Confectionery and sweets from Hokkaido, 20個"
3002929,下妻市産 米粉パン セット 12個,3,082104,米・パン / 12個,"Rice and bread from Ibaraki, 12個"
3002930,高知県産 季節の野菜 詰め合わせ 15品目,5,393878,野菜・きのこ / 15品目,"Vegetables and mushrooms from Kochi, 15品目"
3002931,中城村産 うなぎ蒲焼 2尾,2,473286,魚介類・海産物 / 2尾,"Seafood from Okinawa, 2尾"
3002932,茨城県 伝統こけし 1体,18,082261,工芸品・民芸品 / 1体,"Crafts and folk art from Ibaraki, 1体"
3002933,波佐見町産 干物 詰め合わせ 8枚,2,423238,魚介類・海産物 / 8枚,"Seafood from Nagasaki, 8枚"
3002934,茨城県産 銘柄鶏 もも肉 4kg,1,082201,肉・肉加工品 / 4kg,"Meat and meat products from Ibaraki, 4kg"
3002935,苓北町産 シャインマスカット 4房,4,435317,果物 / 4房,"Fruit from Kumamoto, 4房"
3002936,滋賀県産 厚切り牛タン 500g,1,252131,肉・肉加工品 / 500g,"Meat and meat products from Shiga, 500g"
3002937,奈良県 綿100% 寝具カバー 1式,21,294462,繊維・衣類 / 1式,"Textiles and apparel from Nara, 1式"
3002938,福岡県産 稲庭うどん 1.2kg,7,403831,麺類 / 1.2kg,"Noodles from Fukuoka, 1.2kg"
3002939,大鹿村産 アスパラガス 1kg,5,204170,野菜・きのこ / 1kg,"Vegetables and mushrooms from Nagano, 1kg"
3002940,宇治田原町 磁器 湯呑 5客,19,263443,陶磁器・ガラス / 5客,"Ceramics and glassware from Kyoto, 5客"
3002941,大阪府 陶芸 体験チケット 2名,28,272221,体験・チケット / 2名,"Experiences and tickets from Osaka, 2名"
3002942,和水町産 シャインマスカット 2房,4,433691,果物 / 2房,"Fruit from Kumamoto, 2房"
3002943,栃木県産 抹茶 詰め合わせ 30g×3缶,14,092169,茶・コーヒー / 30g×3缶,"Tea and coffee from Tochigi, 30g×3缶"
3002944,徳島県産 季節の野菜 詰め合わせ 15品目,5,364011,野菜・きのこ / 15品目,"Vegetables and mushrooms from Tokushima, 15品目"
3002945,山形県産 ゆめぴりか 精米 5kg,3,062065,米・パン / 5kg,"Rice and bread from Yamagata, 5kg"
3002946,香川県産 サンふじりんご 5kg,4,372030,果物 / 5kg,"Fruit from Kagawa, 5kg"
3002947,千葉県産 乾燥しいたけ 500g,5,122122,野菜・きのこ / 500g,"Vegetables and mushrooms from Chiba, 500g"
3002948,福島県産 食パン 詰め合わせ 3斤,3,075213,米・パン / 3斤,"Rice and bread from Fukushima, 3斤"
3002949,千代田区 包丁研ぎ器 1個,23,131016,日用品・雑貨 / 1個,"Household goods from Tokyo, 1個"
3002950,佐賀県 直火用 土鍋 1個,19,413275,陶磁器・ガラス / 1個,"Ceramics and glassware from Saga, 1個"
3002951,茨城県 綿100% 寝具カバー 1式,21,082082,繊維・衣類 / 1式,"Textiles and apparel from Ibaraki, 1式"
3002952,狭山市産 ドリップコーヒー 100袋,14,112151,茶・コーヒー / 100袋,"Tea and coffee from Saitama, 100袋"
3002953,福島県産 男爵じゃがいも 10kg,5,074845,野菜・きのこ / 10kg,"Vegetables and mushrooms from Fukushima, 10kg"
3002954,埼玉県産 ドリップコーヒー 50袋,14,112399,茶・コーヒー / 50袋,"Tea and coffee from Saitama, 50袋"
3002955,熊本県産 黒毛和牛 サーロインステーキ 200g×2枚,1,432059,肉・肉加工品 / 200g×2枚,"Meat and meat products from Kumamoto, 200g×2枚"
3002956,三重県 竹細工かご 1点,18,243248,工芸品・民芸品 / 1点,"Crafts and folk art from Mie, 1点"
3002957,葛城市産 あまおういちご 1080g,4,292117,果物 / 1080g,"Fruit from Nara, 1080g"
3002958,岡山県産 コシヒカリ 精米 10kg,3,332054,米・パン / 10kg,"Rice and bread from Okayama, 10kg"
3002959,北海道産 プリン 詰め合わせ 8個,9,016390,菓子・スイーツ / 8個,"Confectionery and sweets from Hokkaido, 8個"
3002960,東京都 万年筆 1本,25,132110,文具・玩具 / 1本,"Stationery and toys from Tokyo, 1本"
3002961,青森県産 さくらんぼ 佐藤錦 500g,4,024457,果物 / 500g,"Fruit from Aomori, 500g"
3002962,岐阜県 ガラス酒器 1式,19,212075,陶磁器・ガラス / 1式,"Ceramics and glassware from Gifu, 1式"
3002963,兵庫県産 カステラ 詰め合わせ 2本,9,282294,菓子・スイーツ / 2本,"Confectionery and sweets from Hyogo, 2本"
3002964,長野県産 男爵じゃがいも 20kg,5,202142,野菜・きのこ / 20kg,"Vegetables and mushrooms from Nagano, 20kg"
3002965,群馬県産 厚切り牛タン 900g,1,102121,肉・肉加工品 / 900g,"Meat and meat products from Gunma, 900g"
3002966,北海道産 チーズ 詰め合わせ 4種,6,014613,卵・乳製品 / 4種,"Eggs and dairy from Hokkaido, 4種"
3002967,秋田県産 純米吟醸 飲み比べ 720ml×3本,10,052159,日本酒 / 720ml×3本,"Sake from Akita, 720ml×3本"
3002968,鹿児島県産 あじ開き 10枚,2,462250,魚介類・海産物 / 10枚,"Seafood from Kagoshima, 10枚"
3002969,あわら市産 純米大吟醸 720ml×2本,10,182087,日本酒 / 720ml×2本,"Sake from Fukui, 720ml×2本"
3002970,神奈川県産 燻製 詰め合わせ 5種,8,141500,惣菜・加工品 / 5種,"Prepared and processed foods from Kanagawa, 5種"
3002971,富士見市産 燻製 詰め合わせ 8種,8,112356,惣菜・加工品 / 8種,"Prepared and processed foods from Saitama, 8種"
3002972,日の出町産 バウムクーヘン 4個,9,133051,菓子・スイーツ / 4個,"Confectionery and sweets from Tokyo, 4個"
3002973,福島県産 アスパラガス 1kg,5,075027,野菜・きのこ / 1kg,"Vegetables and mushrooms from Fukushima, 1kg"
3002974,奈良県 靴下 詰め合わせ 10足,21,292109,繊維・衣類 / 10足,"Textiles and apparel from Nara, 10足"
3002975,鹿児島県産 アスパラガス 2kg,5,462241,野菜・きのこ / 2kg,"Vegetables and mushrooms from Kagoshima, 2kg"
3002976,陸別町産 平飼いたまご 30個,6,016489,卵・乳製品 / 30個,"Eggs and dairy from Hokkaido, 30個"
3002977,長野県産 十割そば 10食,7,203092,麺類 / 10食,"Noodles from Nagano, 10食"
3002978,徳島県 デニムジーンズ 1本,21,362042,繊維・衣類 / 1本,"Textiles and apparel from Tokushima, 1本"
3002979,北海道 トイレットペーパー 72ロール,23,016021,日用品・雑貨 / 72ロール,"Household goods from Hokkaido, 72ロール"
3002980,田尻町 果物狩り 体験チケット 2名,28,273627,体験・チケット / 2名,"Experiences and tickets from Osaka, 2名"
3002981,広島市産 季節限定 生酒 720ml×2本,10,341002,日本酒 / 720ml×2本,"Sake from Hiroshima, 720ml×2本"
3002982,岡山県 今治タオル セット 5枚,21,331007,繊維・衣類 / 5枚,"Textiles and apparel from Okayama, 5枚"
3002983,熊本県産 自家焙煎コーヒー豆 200g×3袋,14,432113,茶・コーヒー / 200g×3袋,"Tea and coffee from Kumamoto, 200g×3袋"
3002984,占冠村産 男爵じゃがいも 20kg,5,014630,野菜・きのこ / 20kg,"Vegetables and mushrooms from Hokkaido, 20kg"
3002985,静岡県産 だしパック 30袋,16,222097,調味料・油 / 30袋,"Seasonings and oils from Shizuoka, 30袋"
3002986,福岡県産 銘柄鶏 もも肉 3kg,1,403822,肉・肉加工品 / 3kg,"Meat and meat products from Fukuoka, 3kg"
3002987,岡垣町産 ボイル毛がに 1尾 500g,2,403831,魚介類・海産物 / 1尾 500g,"Seafood from Fukuoka, 1尾 500g"
3002988,高山市 タオル 詰め合わせ 10枚,23,212032,日用品・雑貨 / 10枚,"Household goods from Gifu, 10枚"
3002989,昭和村産 高糖度トマト 3kg,5,074462,野菜・きのこ / 3kg,"Vegetables and mushrooms from Fukushima, 3kg"
3002990,東京都 万年筆 1本,25,132021,文具・玩具 / 1本,"Stationery and toys from Tokyo, 1本"
3002991,沖縄県 木製パズル 1点,25,473138,文具・玩具 / 1点,"Stationery and toys from Okinawa, 1点"
3002992,埼玉県産 国産紅茶 50g×4袋,14,112186,茶・コーヒー / 50g×4袋,"Tea and coffee from Saitama, 50g×4袋"
3002993,福島県産 さくらんぼ 佐藤錦 1kg,4,074811,果物 / 1kg,"Fruit from Fukushima, 1kg"
3002994,三重県 伝統こけし 1体,18,242101,工芸品・民芸品 / 1体,"Crafts and folk art from Mie, 1体"
3002995,福井県産 ずわいがに 脚 800g,2,182109,魚介類・海産物 / 800g,"Seafood from Fukui, 800g"
3002996,岐阜県 木製カッティングボード 2枚,20,215210,木工品・家具 / 2枚,"Woodwork and furniture from Gifu, 2枚"
3002997,長野県産 抹茶 詰め合わせ 30g×3缶,14,202088,茶・コーヒー / 30g×3缶,"Tea and coffee from Nagano, 30g×3缶"
3002998,滋賀県産 つや姫 精米 10kg,3,252077,米・パン / 10kg,"Rice and bread from Shiga, 10kg"
3002999,吉川市産 燻製 詰め合わせ 8種,8,112437,惣菜・加工品 / 8種,"Prepared and processed foods from Saitama, 8種"
3003000,西興部村産 厚切り牛タン 900g,1,015628,肉・肉加工品 / 900g,"Meat and meat products from Hokkaido, 900g"
3003001,杉戸町産 特別栽培米 玄米 20kg,3,114642,米・パン / 20kg,"Rice and bread from Saitama, 20kg"
3003002,福島県産 ゆめぴりか 精米 5kg,3,072133,米・パン / 5kg,"Rice and bread from Fukushima, 5kg"
3003003,熊取町 タオル 詰め合わせ 10枚,23,273619,日用品・雑貨 / 10枚,"Household goods from Osaka, 10枚"
3003004,大阪府産 バウムクーヘン 2個,9,272043,菓子・スイーツ / 2個,"Confectionery and sweets from Osaka, 2個"
3003005,"神奈川県 観光施設 利用券 10,000円分",27,143014,"旅行券・宿泊券 / 10,000円分","Travel and accommodation vouchers from Kanagawa, 10,000円分"
3003006,石川県 石けん 詰め合わせ 5個,22,172065,化粧品・美容 / 5個,"Cosmetics and beauty from Ishikawa, 5個"
3003007,福岡県産 ほたて貝柱 冷凍 500g,2,405221,魚介類・海産物 / 500g,"Seafood from Fukuoka, 500g"
3003008,高森町産 本格芋焼酎 1.8L,11,434281,焼酎・泡盛 / 1.8L,"Shochu and awamori from Kumamoto, 1.8L"
3003009,北海道産 ジェラート 詰め合わせ 12個,9,014095,菓子・スイーツ / 12個,"Confectionery and sweets from Hokkaido, 12個"
3003010,石川県産 季節限定 生酒 720ml×2本,10,173240,日本酒 / 720ml×2本,"Sake from Ishikawa, 720ml×2本"
3003011,徳島県 包丁研ぎ器 1個,23,363421,日用品・雑貨 / 1個,"Household goods from Tokushima, 1個"
3003012,山梨県産 辛口 白ワイン 750ml×2本,13,194255,ワイン / 750ml×2本,"Wine from Yamanashi, 750ml×2本"
3003013,乙部町産 アイスクリーム 詰め合わせ 18個,6,013641,卵・乳製品 / 18個,"Eggs and dairy from Hokkaido, 18個"
3003014,秋田県産 米粉パン セット 12個,3,052124,米・パン / 12個,"Rice and bread from Akita, 12個"
3003015,大分県産 味付からあげ 2kg,8,442143,惣菜・加工品 / 2kg,"Prepared and processed foods from Oita, 2kg"
3003016,北広島市産 豚ロース しゃぶしゃぶ用 1.2kg,1,012343,肉・肉加工品 / 1.2kg,"Meat and meat products from Hokkaido, 1.2kg"
3003017,山口県産 純米吟醸 飲み比べ 720ml×3本,10,353434,日本酒 / 720ml×3本,"Sake from Yamaguchi, 720ml×3本"
3003018,熊本県 直火用 土鍋 1個,19,433641,陶磁器・ガラス / 1個,"Ceramics and glassware from Kumamoto, 1個"
3003019,北海道産 カステラ 詰め合わせ 2本,9,013919,菓子・スイーツ / 2本,"Confectionery and sweets from Hokkaido, 2本"
3003020,鹿児島市産 真鯛 フィレ 1kg,2,462012,魚介類・海産物 / 1kg,"Seafood from Kagoshima, 1kg"
3003021,北海道産 季節の野菜 詰め合わせ 15品目,5,012157,野菜・きのこ / 15品目,"Vegetables and mushrooms from Hokkaido, 15品目"
3003022,兵庫県産 バウムクーヘン 4個,9,282022,菓子・スイーツ / 4個,"Confectionery and sweets from Hyogo, 4個"
3003023,善通寺市 木製カッティングボード 1枚,20,372048,木工品・家具 / 1枚,"Woodwork and furniture from Kagawa, 1枚"
3003024,群馬県産 国産小麦パスタ 10袋,7,102032,麺類 / 10袋,"Noodles from Gunma, 10袋"
3003025,鳥取県 多肉植物 セット 6鉢,29,312045,花・観葉植物 / 6鉢,"Flowers and plants from Tottori, 6鉢"
3003026,焼津市産 漬物 詰め合わせ 10種,8,222127,惣菜・加工品 / 10種,"Prepared and processed foods from Shizuoka, 10種"
3003027,三重県 伝統こけし 1体,18,242047,工芸品・民芸品 / 1体,"Crafts and folk art from Mie, 1体"
3003028,岐阜県 打刃物 包丁 2本,18,212130,工芸品・民芸品 / 2本,"Crafts and folk art from Gifu, 2本"
3003029,岐阜県産 銘柄鶏 もも肉 2kg,1,213811,肉・肉加工品 / 2kg,"Meat and meat products from Gifu, 2kg"
3003030,秋田県産 銘柄鶏 もも肉 3kg,1,054348,肉・肉加工品 / 3kg,"Meat and meat products from Akita, 3kg"
3003031,福島県産 幸水梨 5kg,4,074659,果物 / 5kg,"Fruit from Fukushima, 5kg"
3003032,福島県産 ひとめぼれ 無洗米 5kg,3,072125,米・パン / 5kg,"Rice and bread from Fukushima, 5kg"
3003033,みよし市産 佃煮 詰め合わせ 5種,8,232360,惣菜・加工品 / 5種,"Prepared and processed foods from Aichi, 5種"
3003034,北海道産 平飼いたまご 60個,6,016047,卵・乳製品 / 60個,"Eggs and dairy from Hokkaido, 60個"
3003035,京都府 漆器 伝統工芸 1客,18,262013,工芸品・民芸品 / 1客,"Crafts and folk art from Kyoto, 1客"
3003036,千葉県産 紅はるか さつまいも 10kg,5,124036,野菜・きのこ / 10kg,"Vegetables and mushrooms from Chiba, 10kg"
3003037,菊陽町産 温州みかん 10kg,4,434043,果物 / 10kg,"Fruit from Kumamoto, 10kg"
3003038,鳥取県産 ゆめぴりか 精米 10kg,3,313289,米・パン / 10kg,"Rice and bread from Tottori, 10kg"
3003039,海田町 陶器 マグカップ 2個,19,343048,陶磁器・ガラス / 2個,"Ceramics and glassware from Hiroshima, 2個"
3003040,静岡市産 ボイル毛がに 1尾 500g,2,221007,魚介類・海産物 / 1尾 500g,"Seafood from Shizuoka, 1尾 500g"
3003041,宮古島市産 真鯛 フィレ 1kg,2,472140,魚介類・海産物 / 1kg,"Seafood from Okinawa, 1kg"
3003042,広島県 ガラス酒器 1式,19,342025,陶磁器・ガラス / 1式,"Ceramics and glassware from Hiroshima, 1式"
3003043,越知町産 ぽん酢・ドレッシング 5本,16,394033,調味料・油 / 5本,"Seasonings and oils from Kochi, 5本"
3003044,東京都産 ジェラート 詰め合わせ 12個,9,131075,菓子・スイーツ / 12個,"Confectionery and sweets from Tokyo, 12個"
3003045,広島県産 生うに 100g,2,342076,魚介類・海産物 / 100g,"Seafood from Hiroshima, 100g"
3003046,名寄市産 男爵じゃがいも 20kg,5,012211,野菜・きのこ / 20kg,"Vegetables and mushrooms from Hokkaido, 20kg"
3003047,東京都 クルーズ 乗船券 2名,28,132152,体験・チケット / 2名,"Experiences and tickets from Tokyo, 2名"
3003048,福井市 ガラス酒器 1式,19,182010,陶磁器・ガラス / 1式,"Ceramics and glassware from Fukui, 1式"
3003049,山口県 ペット用おやつ 詰め合わせ 10袋,30,352110,ペット用品 / 10袋,"Pet supplies from Yamaguchi, 10袋"
3003050,北海道産 チーズケーキ 2台,9,016322,菓子・スイーツ / 2台,"Confectionery and sweets from Hokkaido, 2台"
3003051,南牧村産 スモーク鴨ロース 400g,1,103837,肉・肉加工品 / 400g,"Meat and meat products from Gunma, 400g"
3003052,群馬県産 紅はるか さつまいも 10kg,5,104248,野菜・きのこ / 10kg,"Vegetables and mushrooms from Gunma, 10kg"
3003053,福島県産 食パン 詰め合わせ 3斤,3,075213,米・パン / 3斤,"Rice and bread from Fukushima, 3斤"
3003054,新潟県産 あきたこまち 精米 10kg,3,152161,米・パン / 10kg,"Rice and bread from Niigata, 10kg"
3003055,東京都 木製パズル 1点,25,131237,文具・玩具 / 1点,"Stationery and toys from Tokyo, 1点"
3003056,埼玉県産 つや姫 精米 10kg,3,112216,米・パン / 10kg,"Rice and bread from Saitama, 10kg"
3003057,福智町 スキンケアセット 1式,22,406104,化粧品・美容 / 1式,"Cosmetics and beauty from Fukuoka, 1式"
3003058,福島県産 純米大吟醸 1.8L,10,075434,日本酒 / 1.8L,"Sake from Fukushima, 1.8L"
3003059,埼玉県産 煎茶 詰め合わせ 100g×5袋,14,112089,茶・コーヒー / 100g×5袋,"Tea and coffee from Saitama, 100g×5袋"
3003060,高知県産 バウムクーヘン 4個,9,392090,菓子・スイーツ / 4個,"Confectionery and sweets from Kochi, 4個"
3003061,大阪府 タオル 詰め合わせ 10枚,23,273813,日用品・雑貨 / 10枚,"Household goods from Osaka, 10枚"
3003062,三重県産 バウムクーヘン 4個,9,242039,菓子・スイーツ / 4個,"Confectionery and sweets from Mie, 4個"
3003063,栃木県産 飲むヨーグルト 900ml×12本,6,092096,卵・乳製品 / 900ml×12本,"Eggs and dairy from Tochigi, 900ml×12本"
3003064,千葉県産 紅はるか さつまいも 5kg,5,122319,野菜・きのこ / 5kg,"Vegetables and mushrooms from Chiba, 5kg"
3003065,三朝町産 ほたて貝柱 冷凍 1kg,2,313645,魚介類・海産物 / 1kg,"Seafood from Tottori, 1kg"
3003066,"蒲郡市 観光施設 利用券 5,000円分",27,232149,"旅行券・宿泊券 / 5,000円分","Travel and accommodation vouchers from Aichi, 5,000円分"
3003067,別府市産 黒毛和牛 切り落とし 1.5kg,1,442020,肉・肉加工品 / 1.5kg,"Meat and meat products from Oita, 1.5kg"
3003068,秋田県産 純米吟醸 飲み比べ 720ml×3本,10,052159,日本酒 / 720ml×3本,"Sake from Akita, 720ml×3本"
3003069,千葉県産 佃煮 詰め合わせ 5種,8,122351,惣菜・加工品 / 5種,"Prepared and processed foods from Chiba, 5種"
3003070,愛媛県産 冷凍スムージー 12本,15,382027,飲料・ジュース / 12本,"Beverages and juice from Ehime, 12本"
3003071,三笠市産 アイスクリーム 詰め合わせ 12個,6,012220,卵・乳製品 / 12個,"Eggs and dairy from Hokkaido, 12個"
3003072,北九州市産 カステラ 詰め合わせ 2本,9,401005,菓子・スイーツ / 2本,"Confectionery and sweets from Fukuoka, 2本"
3003073,三豊市産 厚切り牛タン 900g,1,372081,肉・肉加工品 / 900g,"Meat and meat products from Kagawa, 900g"
3003074,山形県産 あきたこまち 精米 5kg,3,063622,米・パン / 5kg,"Rice and bread from Yamagata, 5kg"
3003075,高知県産 長期貯蔵 麦焼酎 1.8L,11,394025,焼酎・泡盛 / 1.8L,"Shochu and awamori from Kochi, 1.8L"
3003076,福岡県産 黒毛和牛 サーロインステーキ 400g,1,402281,肉・肉加工品 / 400g,"Meat and meat products from Fukuoka, 400g"
3003077,北海道産 チーズケーキ 1台,9,012220,菓子・スイーツ / 1台,"Confectionery and sweets from Hokkaido, 1台"
3003078,島根県産 純米吟醸 飲み比べ 720ml×3本,10,322075,日本酒 / 720ml×3本,"Sake from Shimane, 720ml×3本"
3003079,山梨県 打刃物 包丁 2本,18,192058,工芸品・民芸品 / 2本,"Crafts and folk art from Yamanashi, 2本"
3003080,鳥取市産 メロン 秀品 1玉,4,312011,果物 / 1玉,"Fruit from Tottori, 1玉"
3003081,北海道産 アイスクリーム 詰め合わせ 12個,6,014371,卵・乳製品 / 12個,"Eggs and dairy from Hokkaido, 12個"
3003082,京都府産 国産紅茶 50g×4袋,14,262111,茶・コーヒー / 50g×4袋,"Tea and coffee from Kyoto, 50g×4袋"
3003083,大分県産 ベーコン・ソーセージセット 1.8kg,1,442011,肉・肉加工品 / 1.8kg,"Meat and meat products from Oita, 1.8kg"
3003084,岐阜県 陶器 マグカップ 2個,19,212016,陶磁器・ガラス / 2個,"Ceramics and glassware from Gifu, 2個"
3003085,埼玉県 和紙 便箋セット 1式,18,112437,工芸品・民芸品 / 1式,"Crafts and folk art from Saitama, 1式"
3003086,長崎県産 チーズケーキ 1台,9,423912,菓子・スイーツ / 1台,"Confectionery and sweets from Nagasaki, 1台"
3003087,福島県産 幸水梨 5kg,4,075051,果物 / 5kg,"Fruit from Fukushima, 5kg"
3003088,岩手県産 ボイル毛がに 2尾,2,032085,魚介類・海産物 / 2尾,"Seafood from Iwate, 2尾"
3003089,飛騨市 海産物 定期便 毎月×6回,17,212172,定期便 / 毎月×6回,"Subscription deliveries from Gifu, 毎月×6回"
3003090,宮城県産 味付からあげ 1kg,8,043214,惣菜・加工品 / 1kg,"Prepared and processed foods from Miyagi, 1kg"
3003091,北海道産 高糖度トマト 2kg,5,016098,野菜・きのこ / 2kg,"Vegetables and mushrooms from Hokkaido, 2kg"
3003092,長野県 今治タオル セット 8枚,21,204072,繊維・衣類 / 8枚,"Textiles and apparel from Nagano, 8枚"
3003093,寝屋川市産 どら焼き 詰め合わせ 20個,9,272159,菓子・スイーツ / 20個,"Confectionery and sweets from Osaka, 20個"
3003094,鹿児島県産 銘柄鶏 もも肉 4kg,1,465305,肉・肉加工品 / 4kg,"Meat and meat products from Kagoshima, 4kg"
3003095,青森県産 ハンバーグ 詰め合わせ 20個,1,024121,肉・肉加工品 / 20個,"Meat and meat products from Aomori, 20個"
3003096,石川県 磁器 湯呑 2客,19,173614,陶磁器・ガラス / 2客,"Ceramics and glassware from Ishikawa, 2客"
3003097,静岡県産 味付からあげ 1kg,8,221309,惣菜・加工品 / 1kg,"Prepared and processed foods from Shizuoka, 1kg"
3003098,新潟県産 米粉パン セット 12個,3,152081,米・パン / 12個,"Rice and bread from Niigata, 12個"
3003099,吉川市産 冷凍餃子 100個,8,112437,惣菜・加工品 / 100個,"Prepared and processed foods from Saitama, 100個"
3003100,中津川市産 厚切り牛タン 900g,1,212067,肉・肉加工品 / 900g,"Meat and meat products from Gifu, 900g"
3003101,米子市産 ハンバーグ 詰め合わせ 15個,1,312029,肉・肉加工品 / 15個,"Meat and meat products from Tottori, 15個"
3003102,石川県産 冷凍スムージー 12本,15,172120,飲料・ジュース / 12本,"Beverages and juice from Ishikawa, 12本"
3003103,"京都府 観光施設 利用券 10,000円分",27,262102,"旅行券・宿泊券 / 10,000円分","Travel and accommodation vouchers from Kyoto, 10,000円分"
3003104,南部町産 つや姫 精米 5kg,3,313891,米・パン / 5kg,"Rice and bread from Tottori, 5kg"
3003105,松山市産 いくら醤油漬け 250g,2,382019,魚介類・海産物 / 250g,"Seafood from Ehime, 250g"
3003106,久喜市産 どら焼き 詰め合わせ 12個,9,112321,菓子・スイーツ / 12個,"Confectionery and sweets from Saitama, 12個"
3003107,行田市産 チーズケーキ 2台,9,112062,菓子・スイーツ / 2台,"Confectionery and sweets from Saitama, 2台"
3003108,垂水市産 米焼酎 飲み比べ 720ml×3本,11,462144,焼酎・泡盛 / 720ml×3本,"Shochu and awamori from Kagoshima, 720ml×3本"
3003109,越谷市産 冷凍餃子 50個,8,112224,惣菜・加工品 / 50個,"Prepared and processed foods from Saitama, 50個"
3003110,山梨県産 国産紅茶 50g×4袋,14,194255,茶・コーヒー / 50g×4袋,"Tea and coffee from Yamanashi, 50g×4袋"
3003111,埼玉県 電気ケトル 1台,24,112291,家電・電化製品 / 1台,"Home appliances from Saitama, 1台"
3003112,松原市 包丁研ぎ器 1個,23,272175,日用品・雑貨 / 1個,"Household goods from Osaka, 1個"
3003113,天城町産 紅はるか さつまいも 5kg,5,465313,野菜・きのこ / 5kg,"Vegetables and mushrooms from Kagoshima, 5kg"
3003114,熊本県産 とうもろこし 20本,5,432067,野菜・きのこ / 20本,"Vegetables and mushrooms from Kumamoto, 20本"
3003115,倉敷市産 ひとめぼれ 無洗米 5kg,3,332020,米・パン / 5kg,"Rice and bread from Okayama, 5kg"
3003116,京田辺市産 ジェラート 詰め合わせ 12個,9,262111,菓子・スイーツ / 12個,"Confectionery and sweets from Kyoto, 12個"
3003117,千葉県産 季節の野菜 詰め合わせ 10品目,5,122297,野菜・きのこ / 10品目,"Vegetables and mushrooms from Chiba, 10品目"
3003118,さぬき市産 幸水梨 7kg,4,372064,果物 / 7kg,"Fruit from Kagawa, 7kg"
3003119,富山県 季節の花束 1束,29,162019,花・観葉植物 / 1束,"Flowers and plants from Toyama, 1束"
3003120,葛巻町産 豚ロース しゃぶしゃぶ用 1.2kg,1,033022,肉・肉加工品 / 1.2kg,"Meat and meat products from Iwate, 1.2kg"
3003121,大阪府産 カステラ 詰め合わせ 3本,9,272060,菓子・スイーツ / 3本,"Confectionery and sweets from Osaka, 3本"
3003122,福岡県産 天然水 2L×12本,15,406422,飲料・ジュース / 2L×12本,"Beverages and juice from Fukuoka, 2L×12本"
3003123,秋田県産 生ラーメン セット 16食,7,054631,麺類 / 16食,"Noodles from Akita, 16食"
3003124,養父市産 黒毛和牛 切り落とし 1kg,1,282227,肉・肉加工品 / 1kg,"Meat and meat products from Hyogo, 1kg"
3003125,伊予市産 明太子 切子 1kg,2,382108,魚介類・海産物 / 1kg,"Seafood from Ehime, 1kg"
3003126,南島原市産 十割そば 10食,7,422142,麺類 / 10食,"Noodles from Nagasaki, 10食"
3003127,山口県産 コシヒカリ 精米 5kg,3,352021,米・パン / 5kg,"Rice and bread from Yamaguchi, 5kg"
3003128,東京都 洗剤 詰め合わせ 1式,23,131148,日用品・雑貨 / 1式,"Household goods from Tokyo, 1式"
3003129,野田市産 とうもろこし 12本,5,122084,野菜・きのこ / 12本,"Vegetables and mushrooms from Chiba, 12本"
3003130,静岡県産 冷凍餃子 100個,8,222119,惣菜・加工品 / 100個,"Prepared and processed foods from Shizuoka, 100個"
3003131,新庄村産 さくらんぼ 佐藤錦 1kg,4,335860,果物 / 1kg,"Fruit from Okayama, 1kg"
3003132,大館市産 ベーコン・ソーセージセット 1.8kg,1,052043,肉・肉加工品 / 1.8kg,"Meat and meat products from Akita, 1.8kg"
3003133,長洲町産 本格芋焼酎 1.8L,11,433683,焼酎・泡盛 / 1.8L,"Shochu and awamori from Kumamoto, 1.8L"
3003134,和歌山県産 チーズケーキ 2台,9,303917,菓子・スイーツ / 2台,"Confectionery and sweets from Wakayama, 2台"
3003135,大阪府 洗剤 詰め合わせ 1式,23,273660,日用品・雑貨 / 1式,"Household goods from Osaka, 1式"
3003136,兵庫県産 和菓子 詰め合わせ 20個,9,282031,菓子・スイーツ / 20個,"Confectionery and sweets from Hyogo, 20個"
3003137,鹿児島県産 紅はるか さつまいも 10kg,5,462161,野菜・きのこ / 10kg,"Vegetables and mushrooms from Kagoshima, 10kg"
3003138,神奈川県産 佃煮 詰め合わせ 5種,8,141305,惣菜・加工品 / 5種,"Prepared and processed foods from Kanagawa, 5種"
3003139,大洲市産 幸水梨 5kg,4,382078,果物 / 5kg,"Fruit from Ehime, 5kg"
3003140,木曽町産 樽熟成 赤ワイン 750ml,13,204323,ワイン / 750ml,"Wine from Nagano, 750ml"
3003141,菊池市産 スモーク鴨ロース 600g,1,432105,肉・肉加工品 / 600g,"Meat and meat products from Kumamoto, 600g"
3003142,大阪府産 プリン 詰め合わせ 8個,9,272116,菓子・スイーツ / 8個,"Confectionery and sweets from Osaka, 8個"
3003143,新潟県産 ひとめぼれ 無洗米 5kg,3,152064,米・パン / 5kg,"Rice and bread from Niigata, 5kg"
3003144,広島県産 ずわいがに 脚 1.2kg,2,342092,魚介類・海産物 / 1.2kg,"Seafood from Hiroshima, 1.2kg"
3003145,埼玉県産 レトルトカレー 詰め合わせ 16食,8,113247,惣菜・加工品 / 16食,"Prepared and processed foods from Saitama, 16食"
3003146,扶桑町 多肉植物 セット 6鉢,29,233625,花・観葉植物 / 6鉢,"Flowers and plants from Aichi, 6鉢"
3003147,福岡県 竹細工かご 1点,18,402257,工芸品・民芸品 / 1点,"Crafts and folk art from Fukuoka, 1点"
3003148,北海道産 うなぎ蒲焼 3尾,2,013323,魚介類・海産物 / 3尾,"Seafood from Hokkaido, 3尾"
3003149,石川県産 ほたて貝柱 冷凍 1kg,2,172014,魚介類・海産物 / 1kg,"Seafood from Ishikawa, 1kg"
3003150,青森県 炊飯器 1台,24,022021,家電・電化製品 / 1台,"Home appliances from Aomori, 1台"
3003151,小山町産 煎茶 詰め合わせ 100g×3袋,14,223441,茶・コーヒー / 100g×3袋,"Tea and coffee from Shizuoka, 100g×3袋"
3003152,福岡県産 黒毛和牛 切り落とし 500g,1,401307,肉・肉加工品 / 500g,"Meat and meat products from Fukuoka, 500g"
3003153,高知県産 乾燥しいたけ 500g,5,392031,野菜・きのこ / 500g,"Vegetables and mushrooms from Kochi, 500g"
3003154,滋賀県 漆器 伝統工芸 1客,18,252115,工芸品・民芸品 / 1客,"Crafts and folk art from Shiga, 1客"
3003155,大阪府産 冷凍餃子 100個,8,272256,惣菜・加工品 / 100個,"Prepared and processed foods from Osaka, 100個"
3003156,滋賀県 打刃物 包丁 2本,18,252026,工芸品・民芸品 / 2本,"Crafts and folk art from Shiga, 2本"
3003157,市原市産 季節の野菜 詰め合わせ 10品目,5,122190,野菜・きのこ / 10品目,"Vegetables and mushrooms from Chiba, 10品目"
3003158,我孫子市産 季節の野菜 詰め合わせ 15品目,5,122220,野菜・きのこ / 15品目,"Vegetables and mushrooms from Chiba, 15品目"
3003159,京都府産 自家焙煎コーヒー豆 200g×5袋,14,262056,茶・コーヒー / 200g×5袋,"Tea and coffee from Kyoto, 200g×5袋"
3003160,愛知県 靴下 詰め合わせ 10足,21,232301,繊維・衣類 / 10足,"Textiles and apparel from Aichi, 10足"
3003161,小林市産 和牛 焼肉セット 1kg,1,452050,肉・肉加工品 / 1kg,"Meat and meat products from Miyazaki, 1kg"
3003162,近江八幡市産 煎茶 詰め合わせ 100g×3袋,14,252042,茶・コーヒー / 100g×3袋,"Tea and coffee from Shiga, 100g×3袋"
3003163,南陽市産 黒毛和牛 サーロインステーキ 400g,1,062138,肉・肉加工品 / 400g,"Meat and meat products from Yamagata, 400g"
3003164,千葉県産 ほたて貝柱 冷凍 1.5kg,2,122122,魚介類・海産物 / 1.5kg,"Seafood from Chiba, 1.5kg"
3003165,愛知県産 佃煮 詰め合わせ 5種,8,232246,惣菜・加工品 / 5種,"Prepared and processed foods from Aichi, 5種"
3003166,愛知県 靴下 詰め合わせ 10足,21,232190,繊維・衣類 / 10足,"Textiles and apparel from Aichi, 10足"
3003167,北海道産 男爵じゃがいも 20kg,5,016411,野菜・きのこ / 20kg,"Vegetables and mushrooms from Hokkaido, 20kg"
3003168,和歌山県産 メロン 秀品 2玉,4,302040,果物 / 2玉,"Fruit from Wakayama, 2玉"
3003169,岩手県産 和牛 焼肉セット 600g,1,032026,肉・肉加工品 / 600g,"Meat and meat products from Iwate, 600g"
3003170,福井県産 純米吟醸 飲み比べ 720ml×3本,10,182087,日本酒 / 720ml×3本,"Sake from Fukui, 720ml×3本"
3003171,富山市産 ずわいがに 脚 1.2kg,2,162019,魚介類・海産物 / 1.2kg,"Seafood from Toyama, 1.2kg"
3003172,松本市産 辛口 白ワイン 750ml×2本,13,202029,ワイン / 750ml×2本,"Wine from Nagano, 750ml×2本"
3003173,喜多方市産 季節限定 生酒 720ml×2本,10,072087,日本酒 / 720ml×2本,"Sake from Fukushima, 720ml×2本"
3003174,津野町産 長期貯蔵 麦焼酎 1.8L,11,394114,焼酎・泡盛 / 1.8L,"Shochu and awamori from Kochi, 1.8L"
3003175,長野県産 十割そば 10食,7,202061,麺類 / 10食,"Noodles from Nagano, 10食"
3003176,宮城県産 ベーコン・ソーセージセット 1.2kg,1,042056,肉・肉加工品 / 1.2kg,"Meat and meat products from Miyagi, 1.2kg"
3003177,藤崎町産 とうもろこし 20本,5,023612,野菜・きのこ / 20本,"Vegetables and mushrooms from Aomori, 20本"
3003178,鳥取県産 富有柿 5kg,4,312011,果物 / 5kg,"Fruit from Tottori, 5kg"
3003179,鳥取県産 ベーコン・ソーセージセット 1.8kg,1,313297,肉・肉加工品 / 1.8kg,"Meat and meat products from Tottori, 1.8kg"
3003180,大阪府 タオル 詰め合わせ 10枚,23,272248,日用品・雑貨 / 10枚,"Household goods from Osaka, 10枚"
3003181,総社市産 シャインマスカット 2房,4,332089,果物 / 2房,"Fruit from Okayama, 2房"
3003182,茨城県産 食パン 詰め合わせ 5斤,3,083101,米・パン / 5斤,"Rice and bread from Ibaraki, 5斤"
3003183,茨城県産 銘柄鶏 もも肉 3kg,1,082295,肉・肉加工品 / 3kg,"Meat and meat products from Ibaraki, 3kg"
3003184,茨木市産 チーズケーキ 2台,9,272116,菓子・スイーツ / 2台,"Confectionery and sweets from Osaka, 2台"
3003185,北海道 クルーズ 乗船券 2名,28,012319,体験・チケット / 2名,"Experiences and tickets from Hokkaido, 2名"
3003186,鳥取県産 食パン 詰め合わせ 3斤,3,313289,米・パン / 3斤,"Rice and bread from Tottori, 3斤"
3003187,秋田県産 純米大吟醸 720ml,10,052019,日本酒 / 720ml,"Sake from Akita, 720ml"
3003188,新潟県 ペット用おやつ 詰め合わせ 10袋,30,152048,ペット用品 / 10袋,"Pet supplies from Niigata, 10袋"
3003189,出雲市産 コシヒカリ 精米 10kg,3,322032,米・パン / 10kg,"Rice and bread from Shimane, 10kg"
3003190,清瀬市 国産材 積み木 1式,25,132217,文具・玩具 / 1式,"Stationery and toys from Tokyo, 1式"
3003191,木津川市産 ぽん酢・ドレッシング 5本,16,262145,調味料・油 / 5本,"Seasonings and oils from Kyoto, 5本"
3003192,米原市産 味付ジンギスカン 2kg,1,252140,肉・肉加工品 / 2kg,"Meat and meat products from Shiga, 2kg"
3003193,山形県産 味付ジンギスカン 1kg,1,063673,肉・肉加工品 / 1kg,"Meat and meat products from Yamagata, 1kg"
3003194,所沢市産 ジェラート 詰め合わせ 12個,9,112089,菓子・スイーツ / 12個,"Confectionery and sweets from Saitama, 12個"
3003195,山形県産 富有柿 5kg,4,063240,果物 / 5kg,"Fruit from Yamagata, 5kg"
3003196,北海道産 プリン 詰め合わせ 8個,9,015784,菓子・スイーツ / 8個,"Confectionery and sweets from Hokkaido, 8個"
3003197,東京都 包丁研ぎ器 1個,23,131237,日用品・雑貨 / 1個,"Household goods from Tokyo, 1個"
3003198,富山県産 特別純米酒 720ml×2本,10,162043,日本酒 / 720ml×2本,"Sake from Toyama, 720ml×2本"
3003199,愛知県産 レトルトカレー 詰め合わせ 16食,8,232254,惣菜・加工品 / 16食,"Prepared and processed foods from Aichi, 16食"
3003200,倉吉市 洗剤 詰め合わせ 1式,23,312037,日用品・雑貨 / 1式,"Household goods from Tottori, 1式"
3003201,奈良県 伝統こけし 1体,18,294462,工芸品・民芸品 / 1体,"Crafts and folk art from Nara, 1体"
3003202,長野県産 サンふじりんご 5kg,4,204854,果物 / 5kg,"Fruit from Nagano, 5kg"
3003203,福井県 陶器 マグカップ 2個,19,185019,陶磁器・ガラス / 2個,"Ceramics and glassware from Fukui, 2個"
3003204,東京都産 和菓子 詰め合わせ 12個,9,132284,菓子・スイーツ / 12個,"Confectionery and sweets from Tokyo, 12個"
3003205,長崎県産 バウムクーヘン 4個,9,422118,菓子・スイーツ / 4個,"Confectionery and sweets from Nagasaki, 4個"
3003206,恵那市 木製カッティングボード 2枚,20,212105,木工品・家具 / 2枚,"Woodwork and furniture from Gifu, 2枚"
3003207,埼玉県産 コシヒカリ 精米 20kg,3,112305,米・パン / 20kg,"Rice and bread from Saitama, 20kg"
3003208,山口県産 うなぎ蒲焼 5尾,2,352047,魚介類・海産物 / 5尾,"Seafood from Yamaguchi, 5尾"
3003209,沖縄県産 本格芋焼酎 1.8L,11,472107,焼酎・泡盛 / 1.8L,"Shochu and awamori from Okinawa, 1.8L"
3003210,南魚沼市産 いくら醤油漬け 500g,2,152269,魚介類・海産物 / 500g,"Seafood from Niigata, 500g"
3003211,京都府 竹細工かご 1点,18,262056,工芸品・民芸品 / 1点,"Crafts and folk art from Kyoto, 1点"
3003212,見附市産 果汁100%ジュース 180ml×24本,15,152111,飲料・ジュース / 180ml×24本,"Beverages and juice from Niigata, 180ml×24本"
3003213,青森県産 厚切り牛タン 900g,1,022012,肉・肉加工品 / 900g,"Meat and meat products from Aomori, 900g"
3003214,岐阜県 曲げわっぱ弁当箱 1個,20,212091,木工品・家具 / 1個,"Woodwork and furniture from Gifu, 1個"
3003215,"神奈川県 宿泊利用券 10,000円分",27,142158,"旅行券・宿泊券 / 10,000円分","Travel and accommodation vouchers from Kanagawa, 10,000円分"
3003216,宮崎県産 泡盛 古酒 720ml,11,452068,焼酎・泡盛 / 720ml,"Shochu and awamori from Miyazaki, 720ml"
3003217,愛知県産 カステラ 詰め合わせ 3本,9,232122,菓子・スイーツ / 3本,"Confectionery and sweets from Aichi, 3本"
3003218,日進市 綿100% 寝具カバー 1式,21,232301,繊維・衣類 / 1式,"Textiles and apparel from Aichi, 1式"
3003219,奈良県 靴下 詰め合わせ 10足,21,292125,繊維・衣類 / 10足,"Textiles and apparel from Nara, 10足"
3003220,日光市産 ドリップコーヒー 50袋,14,092061,茶・コーヒー / 50袋,"Tea and coffee from Tochigi, 50袋"
3003221,愛知県産 レトルトカレー 詰め合わせ 10食,8,232289,惣菜・加工品 / 10食,"Prepared and processed foods from Aichi, 10食"
3003222,関ケ原町産 豚ロース しゃぶしゃぶ用 1.2kg,1,213624,肉・肉加工品 / 1.2kg,"Meat and meat products from Gifu, 1.2kg"
3003223,天草市 無垢材スツール 1脚,20,432156,木工品・家具 / 1脚,"Woodwork and furniture from Kumamoto, 1脚"
3003224,湯沢市産 和牛 焼肉セット 1kg,1,052078,肉・肉加工品 / 1kg,"Meat and meat products from Akita, 1kg"
3003225,八丈町 万年筆 1本,25,134015,文具・玩具 / 1本,"Stationery and toys from Tokyo, 1本"
3003226,宮城県産 漬物 詰め合わせ 10種,8,043028,惣菜・加工品 / 10種,"Prepared and processed foods from Miyagi, 10種"
3003227,北秋田市産 十割そば 16食,7,052132,麺類 / 16食,"Noodles from Akita, 16食"
3003228,福井県産 サーモン 刺身用 600g,2,182079,魚介類・海産物 / 600g,"Seafood from Fukui, 600g"
3003229,岩手県産 干物 詰め合わせ 12枚,2,035246,魚介類・海産物 / 12枚,"Seafood from Iwate, 12枚"
3003230,大阪府産 佃煮 詰め合わせ 5種,8,272221,惣菜・加工品 / 5種,"Prepared and processed foods from Osaka, 5種"
3003231,大島町 包丁研ぎ器 1個,23,133612,日用品・雑貨 / 1個,"Household goods from Tokyo, 1個"
3003232,兵庫県産 ハンバーグ 詰め合わせ 15個,1,282189,肉・肉加工品 / 15個,"Meat and meat products from Hyogo, 15個"
3003233,筑前町産 和牛 焼肉セット 1kg,1,404471,肉・肉加工品 / 1kg,"Meat and meat products from Fukuoka, 1kg"
3003234,埼玉県 タオル 詰め合わせ 10枚,23,112224,日用品・雑貨 / 10枚,"Household goods from Saitama, 10枚"
3003235,大月市 和紙 便箋セット 1式,18,192066,工芸品・民芸品 / 1式,"Crafts and folk art from Yamanashi, 1式"
3003236,長野県産 辛口 白ワイン 750ml×2本,13,202061,ワイン / 750ml×2本,"Wine from Nagano, 750ml×2本"
3003237,高知県産 味噌 詰め合わせ 1kg×2個,16,394025,調味料・油 / 1kg×2個,"Seasonings and oils from Kochi, 1kg×2個"
3003238,京都府産 冷凍スムージー 12本,15,262030,飲料・ジュース / 12本,"Beverages and juice from Kyoto, 12本"
3003239,三宅町 竹細工かご 1点,18,293628,工芸品・民芸品 / 1点,"Crafts and folk art from Nara, 1点"
3003240,山梨県産 冷凍スムージー 12本,15,192147,飲料・ジュース / 12本,"Beverages and juice from Yamanashi, 12本"
3003241,福井県産 ひとめぼれ 無洗米 10kg,3,184233,米・パン / 10kg,"Rice and bread from Fukui, 10kg"
3003242,茨城県産 高糖度トマト 2kg,5,082325,野菜・きのこ / 2kg,"Vegetables and mushrooms from Ibaraki, 2kg"
3003243,茨城県産 アスパラガス 2kg,5,082155,野菜・きのこ / 2kg,"Vegetables and mushrooms from Ibaraki, 2kg"
3003244,宮崎県産 燻製 詰め合わせ 5種,8,453412,惣菜・加工品 / 5種,"Prepared and processed foods from Miyazaki, 5種"
3003245,埼玉県産 燻製 詰め合わせ 8種,8,112429,惣菜・加工品 / 8種,"Prepared and processed foods from Saitama, 8種"
3003246,和歌山県産 うなぎ蒲焼 2尾,2,302015,魚介類・海産物 / 2尾,"Seafood from Wakayama, 2尾"
3003247,大阪府 包丁研ぎ器 1個,23,272167,日用品・雑貨 / 1個,"Household goods from Osaka, 1個"
3003248,岩手県 入浴剤 詰め合わせ 30回分,22,034835,化粧品・美容 / 30回分,"Cosmetics and beauty from Iwate, 30回分"
3003249,豊中市 果物狩り 体験チケット 2名,28,272035,体験・チケット / 2名,"Experiences and tickets from Osaka, 2名"
3003250,大牟田市産 ジェラート 詰め合わせ 12個,9,402028,菓子・スイーツ / 12個,"Confectionery and sweets from Fukuoka, 12個"
3003251,静岡県産 白桃 2kg,4,222089,果物 / 2kg,"Fruit from Shizuoka, 2kg"
3003252,"大分県 宿泊利用券 50,000円分",27,442071,"旅行券・宿泊券 / 50,000円分","Travel and accommodation vouchers from Oita, 50,000円分"
3003253,福島県産 純米大吟醸 720ml×2本,10,072052,日本酒 / 720ml×2本,"Sake from Fukushima, 720ml×2本"
3003254,岐阜県産 ベーコン・ソーセージセット 1.2kg,1,212024,肉・肉加工品 / 1.2kg,"Meat and meat products from Gifu, 1.2kg"
3003255,山口県産 干物 詰め合わせ 8枚,2,352152,魚介類・海産物 / 8枚,"Seafood from Yamaguchi, 8枚"
3003256,長門市産 純米大吟醸 720ml×2本,10,352110,日本酒 / 720ml×2本,"Sake from Yamaguchi, 720ml×2本"
3003257,大阪府 トイレットペーパー 72ロール,23,272060,日用品・雑貨 / 72ロール,"Household goods from Osaka, 72ロール"
3003258,長野県産 辛口 白ワイン 750ml×2本,13,205435,ワイン / 750ml×2本,"Wine from Nagano, 750ml×2本"
3003259,三重県産 豚ロース しゃぶしゃぶ用 1.2kg,1,242080,肉・肉加工品 / 1.2kg,"Meat and meat products from Mie, 1.2kg"
3003260,富田林市 包丁研ぎ器 1個,23,272141,日用品・雑貨 / 1個,"Household goods from Osaka, 1個"
3003261,岡山県 陶器 マグカップ 2個,19,332046,陶磁器・ガラス / 2個,"Ceramics and glassware from Okayama, 2個"
3003262,鹿児島県産 天然水 2L×24本,15,463922,飲料・ジュース / 2L×24本,"Beverages and juice from Kagoshima, 2L×24本"
3003263,千葉県産 味噌 詰め合わせ 1kg×2個,16,122246,調味料・油 / 1kg×2個,"Seasonings and oils from Chiba, 1kg×2個"
3003264,中種子町産 とうもろこし 20本,5,465011,野菜・きのこ / 20本,"Vegetables and mushrooms from Kagoshima, 20本"
3003265,越前市産 つや姫 精米 10kg,3,182095,米・パン / 10kg,"Rice and bread from Fukui, 10kg"
3003266,愛媛県産 白桃 3kg,4,385069,果物 / 3kg,"Fruit from Ehime, 3kg"
3003267,寒河江市産 純米吟醸 飲み比べ 720ml×3本,10,062065,日本酒 / 720ml×3本,"Sake from Yamagata, 720ml×3本"
3003268,風間浦村産 たまねぎ 20kg,5,024252,野菜・きのこ / 20kg,"Vegetables and mushrooms from Aomori, 20kg"
3003269,北海道産 乾燥しいたけ 300g,5,015865,野菜・きのこ / 300g,"Vegetables and mushrooms from Hokkaido, 300g"
3003270,岩手県産 ハンバーグ 詰め合わせ 15個,1,035017,肉・肉加工品 / 15個,"Meat and meat products from Iwate, 15個"
3003271,埼玉県産 冷凍餃子 100個,8,112020,惣菜・加工品 / 100個,"Prepared and processed foods from Saitama, 100個"
3003272,大阪府 タオル 詰め合わせ 10枚,23,272141,日用品・雑貨 / 10枚,"Household goods from Osaka, 10枚"
3003273,山口市産 のどぐろ 干物 3枚,2,352039,魚介類・海産物 / 3枚,"Seafood from Yamaguchi, 3枚"
3003274,香川県産 メロン 秀品 1玉,4,372030,果物 / 1玉,"Fruit from Kagawa, 1玉"
3003275,長野県産 十割そば 10食,7,203611,麺類 / 10食,"Noodles from Nagano, 10食"
3003276,石川県 伝統こけし 1体,18,172065,工芸品・民芸品 / 1体,"Crafts and folk art from Ishikawa, 1体"
3003277,宮城県産 味付ジンギスカン 1kg,1,042072,肉・肉加工品 / 1kg,"Meat and meat products from Miyagi, 1kg"
3003278,長久手市産 漬物 詰め合わせ 6種,8,232386,惣菜・加工品 / 6種,"Prepared and processed foods from Aichi, 6種"
3003279,川本町 国産材 積み木 1式,25,324418,文具・玩具 / 1式,"Stationery and toys from Shimane, 1式"
3003280,愛知県産 ジェラート 詰め合わせ 12個,9,232238,菓子・スイーツ / 12個,"Confectionery and sweets from Aichi, 12個"
3003281,福岡県産 ハンバーグ 詰め合わせ 15個,1,402125,肉・肉加工品 / 15個,"Meat and meat products from Fukuoka, 15個"
3003282,兵庫県 温泉旅館 ペア宿泊券 1泊2食付,27,282197,旅行券・宿泊券 / 1泊2食付,"Travel and accommodation vouchers from Hyogo, 1泊2食付"
3003283,高知県産 米焼酎 飲み比べ 720ml×3本,11,392031,焼酎・泡盛 / 720ml×3本,"Shochu and awamori from Kochi, 720ml×3本"
3003284,石川県 漆器 伝統工芸 5客,18,173657,工芸品・民芸品 / 5客,"Crafts and folk art from Ishikawa, 5客"
3003285,横浜市 タオル 詰め合わせ 10枚,23,141003,日用品・雑貨 / 10枚,"Household goods from Kanagawa, 10枚"
3003286,一宮市産 どら焼き 詰め合わせ 20個,9,232033,菓子・スイーツ / 20個,"Confectionery and sweets from Aichi, 20個"
3003287,貝塚市 トイレットペーパー 72ロール,23,272086,日用品・雑貨 / 72ロール,"Household goods from Osaka, 72ロール"
3003288,宮城県産 黒毛和牛 サーロインステーキ 200g×2枚,1,043214,肉・肉加工品 / 200g×2枚,"Meat and meat products from Miyagi, 200g×2枚"
3003289,大阪府 果物狩り 体験チケット 2名,28,272078,体験・チケット / 2名,"Experiences and tickets from Osaka, 2名"
3003290,豊島区 陶器 マグカップ 2個,19,131164,陶磁器・ガラス / 2個,"Ceramics and glassware from Tokyo, 2個"
3003291,佐野市産 自家焙煎コーヒー豆 200g×3袋,14,092045,茶・コーヒー / 200g×3袋,"Tea and coffee from Tochigi, 200g×3袋"
3003292,沖縄県産 いくら醤油漬け 500g,2,473286,魚介類・海産物 / 500g,"Seafood from Okinawa, 500g"
3003293,平戸市産 稲庭うどん 1.2kg,7,422070,麺類 / 1.2kg,"Noodles from Nagasaki, 1.2kg"
3003294,川崎市産 カステラ 詰め合わせ 3本,9,141305,菓子・スイーツ / 3本,"Confectionery and sweets from Kanagawa, 3本"
3003295,古平町産 ほたて貝柱 冷凍 1kg,2,014061,魚介類・海産物 / 1kg,"Seafood from Hokkaido, 1kg"
3003296,長与町産 うなぎ蒲焼 5尾,2,423076,魚介類・海産物 / 5尾,"Seafood from Nagasaki, 5尾"
3003297,長野県産 スパークリングワイン 750ml×2本,13,202126,ワイン / 750ml×2本,"Wine from Nagano, 750ml×2本"
3003298,沖縄県産 明太子 切子 1kg,2,473545,魚介類・海産物 / 1kg,"Seafood from Okinawa, 1kg"
3003299,愛媛県産 富有柿 5kg,4,382019,果物 / 5kg,"Fruit from Ehime, 5kg"
3003300,高知県産 いくら醤油漬け 250g,2,394106,魚介類・海産物 / 250g,"Seafood from Kochi, 250g"
3003301,北海道産 ベーコン・ソーセージセット 1.2kg,1,012360,肉・肉加工品 / 1.2kg,"Meat and meat products from Hokkaido, 1.2kg"
3003302,千葉県産 のどぐろ 干物 3枚,2,122114,魚介類・海産物 / 3枚,"Seafood from Chiba, 3枚"
3003303,福岡県産 サーモン 刺身用 600g,2,405221,魚介類・海産物 / 600g,"Seafood from Fukuoka, 600g"
3003304,北海道産 プリン 詰め合わせ 8個,9,012068,菓子・スイーツ / 8個,"Confectionery and sweets from Hokkaido, 8個"
3003305,石川県 直火用 土鍋 1個,19,172073,陶磁器・ガラス / 1個,"Ceramics and glassware from Ishikawa, 1個"
3003306,岩見沢市産 チーズケーキ 1台,9,012106,菓子・スイーツ / 1台,"Confectionery and sweets from Hokkaido, 1台"
3003307,六ヶ所村産 黒毛和牛 サーロインステーキ 200g×2枚,1,024112,肉・肉加工品 / 200g×2枚,"Meat and meat products from Aomori, 200g×2枚"
3003308,兵庫県産 季節限定 生酒 720ml×2本,10,281000,日本酒 / 720ml×2本,"Sake from Hyogo, 720ml×2本"
3003309,秋田県産 特別純米酒 1.8L,10,052159,日本酒 / 1.8L,"Sake from Akita, 1.8L"
3003310,印西市 スキンケアセット 1式,22,122319,化粧品・美容 / 1式,"Cosmetics and beauty from Chiba, 1式"
3003311,群馬県産 黒毛和牛 切り落とし 1kg,1,102105,肉・肉加工品 / 1kg,"Meat and meat products from Gunma, 1kg"
3003312,岡山県産 あまおういちご 540g,4,336220,果物 / 540g,"Fruit from Okayama, 540g"
3003313,山形県産 さくらんぼ 佐藤錦 1kg,4,062049,果物 / 1kg,"Fruit from Yamagata, 1kg"
3003314,熊本県 漆器 伝統工芸 5客,18,433641,工芸品・民芸品 / 5客,"Crafts and folk art from Kumamoto, 5客"
3003315,茨城県産 ハンバーグ 詰め合わせ 10個,1,082261,肉・肉加工品 / 10個,"Meat and meat products from Ibaraki, 10個"
3003316,鹿児島県産 明太子 切子 500g,2,462047,魚介類・海産物 / 500g,"Seafood from Kagoshima, 500g"
3003317,大阪府産 チーズケーキ 2台,9,272027,菓子・スイーツ / 2台,"Confectionery and sweets from Osaka, 2台"
3003318,京都府 ガラス酒器 1式,19,262030,陶磁器・ガラス / 1式,"Ceramics and glassware from Kyoto, 1式"
3003319,北海道産 豚ロース しゃぶしゃぶ用 1.2kg,1,014052,肉・肉加工品 / 1.2kg,"Meat and meat products from Hokkaido, 1.2kg"
3003320,千葉県産 紅はるか さつまいも 5kg,5,122203,野菜・きのこ / 5kg,"Vegetables and mushrooms from Chiba, 5kg"
3003321,岡山県 電気ケトル 1台,24,332020,家電・電化製品 / 1台,"Home appliances from Okayama, 1台"
3003322,泉佐野市産 バウムクーヘン 4個,9,272132,菓子・スイーツ / 4個,"Confectionery and sweets from Osaka, 4個"
3003323,東京都 トイレットペーパー 72ロール,23,131229,日用品・雑貨 / 72ロール,"Household goods from Tokyo, 72ロール"
3003324,山口県産 特別純米酒 1.8L,10,352152,日本酒 / 1.8L,"Sake from Yamaguchi, 1.8L"
3003325,伊佐市産 泡盛 古酒 720ml,11,462241,焼酎・泡盛 / 720ml,"Shochu and awamori from Kagoshima, 720ml"
3003326,滋賀県産 季節限定 生酒 720ml×2本,10,252026,日本酒 / 720ml×2本,"Sake from Shiga, 720ml×2本"
3003327,東員町産 のどぐろ 干物 5枚,2,243248,魚介類・海産物 / 5枚,"Seafood from Mie, 5枚"
3003328,大阪府 果物狩り 体験チケット 2名,28,272043,体験・チケット / 2名,"Experiences and tickets from Osaka, 2名"
3003329,群馬県産 味付ジンギスカン 2kg,1,102041,肉・肉加工品 / 2kg,"Meat and meat products from Gunma, 2kg"
3003330,福岡県産 味噌 詰め合わせ 1kg×3個,16,401005,調味料・油 / 1kg×3個,"Seasonings and oils from Fukuoka, 1kg×3個"
3003331,宮城県産 ひとめぼれ 無洗米 5kg,3,042137,米・パン / 5kg,"Rice and bread from Miyagi, 5kg"
3003332,大分県産 ハンバーグ 詰め合わせ 15個,1,442143,肉・肉加工品 / 15個,"Meat and meat products from Oita, 15個"
3003333,銚子市産 高糖度トマト 2kg,5,122025,野菜・きのこ / 2kg,"Vegetables and mushrooms from Chiba, 2kg"
3003334,北海道 磁器 湯呑 5客,19,012122,陶磁器・ガラス / 5客,"Ceramics and glassware from Hokkaido, 5客"
3003335,北本市産 冷凍餃子 100個,8,112330,惣菜・加工品 / 100個,"Prepared and processed foods from Saitama, 100個"
3003336,鹿児島県産 米焼酎 飲み比べ 720ml×3本,11,465330,焼酎・泡盛 / 720ml×3本,"Shochu and awamori from Kagoshima, 720ml×3本"
3003337,牧之原市産 レトルトカレー 詰め合わせ 10食,8,222267,惣菜・加工品 / 10食,"Prepared and processed foods from Shizuoka, 10食"
3003338,東京都産 ドリップコーヒー 50袋,14,131181,茶・コーヒー / 50袋,"Tea and coffee from Tokyo, 50袋"
3003339,長崎県産 稲庭うどん 1.2kg,7,422011,麺類 / 1.2kg,"Noodles from Nagasaki, 1.2kg"
3003340,大阪府産 味付からあげ 2kg,8,272141,惣菜・加工品 / 2kg,"Prepared and processed foods from Osaka, 2kg"
3003341,岩手県産 十割そば 16食,7,033014,麺類 / 16食,"Noodles from Iwate, 16食"
3003342,田原市産 えごま油・亜麻仁油 180g×2本,16,232319,調味料・油 / 180g×2本,"Seasonings and oils from Aichi, 180g×2本"
3003343,久慈市産 国産小麦パスタ 10袋,7,032077,麺類 / 10袋,"Noodles from Iwate, 10袋"
3003344,山梨県産 完熟マンゴー 1kg,4,192015,果物 / 1kg,"Fruit from Yamanashi, 1kg"
3003345,東京都 タオル 詰め合わせ 10枚,23,131156,日用品・雑貨 / 10枚,"Household goods from Tokyo, 10枚"
3003346,伊勢原市産 カステラ 詰め合わせ 2本,9,142140,菓子・スイーツ / 2本,"Confectionery and sweets from Kanagawa, 2本"
3003347,大阪府 包丁研ぎ器 1個,23,272108,日用品・雑貨 / 1個,"Household goods from Osaka, 1個"
3003348,豊見城市産 あまおういちご 540g,4,472123,果物 / 540g,"Fruit from Okinawa, 540g"
3003349,青森県産 銘柄鶏 もも肉 3kg,1,022012,肉・肉加工品 / 3kg,"Meat and meat products from Aomori, 3kg"
3003350,宮城県産 ゆめぴりか 精米 5kg,3,044211,米・パン / 5kg,"Rice and bread from Miyagi, 5kg"
3003351,扶桑町 胡蝶蘭 鉢植え 1鉢,29,233625,花・観葉植物 / 1鉢,"Flowers and plants from Aichi, 1鉢"
3003352,由布市産 長期貯蔵 麦焼酎 1.8L,11,442135,焼酎・泡盛 / 1.8L,"Shochu and awamori from Oita, 1.8L"
3003353,埼玉県産 コシヒカリ 精米 20kg,3,113654,米・パン / 20kg,"Rice and bread from Saitama, 20kg"
3003354,福島県産 アスパラガス 2kg,5,074217,野菜・きのこ / 2kg,"Vegetables and mushrooms from Fukushima, 2kg"
3003355,相模原市産 プリン 詰め合わせ 12個,9,141500,菓子・スイーツ / 12個,"Confectionery and sweets from Kanagawa, 12個"
3003356,球磨村産 紅はるか さつまいも 5kg,5,435139,野菜・きのこ / 5kg,"Vegetables and mushrooms from Kumamoto, 5kg"
3003357,新潟県 米 定期便 5kg×6回,17,152081,定期便 / 5kg×6回,"Subscription deliveries from Niigata, 5kg×6回"
3003358,東白川村産 ハンバーグ 詰め合わせ 10個,1,215074,肉・肉加工品 / 10個,"Meat and meat products from Gifu, 10個"
3003359,埼玉県産 国産紅茶 50g×4袋,14,113492,茶・コーヒー / 50g×4袋,"Tea and coffee from Saitama, 50g×4袋"
3003360,山梨県産 白桃 3kg,4,194298,果物 / 3kg,"Fruit from Yamanashi, 3kg"
3003361,熊本県産 富有柿 5kg,4,435058,果物 / 5kg,"Fruit from Kumamoto, 5kg"
3003362,芦別市 炊飯器 1台,24,012165,家電・電化製品 / 1台,"Home appliances from Hokkaido, 1台"
3003363,東京都産 どら焼き 詰め合わせ 20個,9,132241,菓子・スイーツ / 20個,"Confectionery and sweets from Tokyo, 20個"
3003364,愛知県産 カステラ 詰め合わせ 2本,9,232246,菓子・スイーツ / 2本,"Confectionery and sweets from Aichi, 2本"
3003365,島根県産 季節限定 生酒 720ml×2本,10,324493,日本酒 / 720ml×2本,"Sake from Shimane, 720ml×2本"
3003366,茨城県産 黒毛和牛 サーロインステーキ 200g×2枚,1,082368,肉・肉加工品 / 200g×2枚,"Meat and meat products from Ibaraki, 200g×2枚"
3003367,福岡県産 黒毛和牛 サーロインステーキ 400g,1,402265,肉・肉加工品 / 400g,"Meat and meat products from Fukuoka, 400g"
3003368,鹿児島県産 高糖度トマト 3kg,5,462217,野菜・きのこ / 3kg,"Vegetables and mushrooms from Kagoshima, 3kg"
3003369,長野県産 半生讃岐うどん 12食,7,202029,麺類 / 12食,"Noodles from Nagano, 12食"
3003370,阿久根市産 ずわいがに 脚 800g,2,462063,魚介類・海産物 / 800g,"Seafood from Kagoshima, 800g"
3003371,福島県産 シャインマスカット 4房,4,074233,果物 / 4房,"Fruit from Fukushima, 4房"
3003372,大桑村産 国産小麦パスタ 10袋,7,204307,麺類 / 10袋,"Noodles from Nagano, 10袋"
3003373,碧南市産 味付からあげ 1kg,8,232092,惣菜・加工品 / 1kg,"Prepared and processed foods from Aichi, 1kg"
3003374,竜王町 季節の花束 1束,29,253847,花・観葉植物 / 1束,"Flowers and plants from Shiga, 1束"
3003375,京都府 和紙 便箋セット 1式,18,262072,工芸品・民芸品 / 1式,"Crafts and folk art from Kyoto, 1式"
3003376,群馬県産 半生讃岐うどん 12食,7,104299,麺類 / 12食,"Noodles from Gunma, 12食"
3003377,由仁町産 男爵じゃがいも 20kg,5,014273,野菜・きのこ / 20kg,"Vegetables and mushrooms from Hokkaido, 20kg"
3003378,千葉県産 干物 詰め合わせ 8枚,2,122262,魚介類・海産物 / 8枚,"Seafood from Chiba, 8枚"
3003379,名古屋市産 えごま油・亜麻仁油 180g×2本,16,231002,調味料・油 / 180g×2本,"Seasonings and oils from Aichi, 180g×2本"
3003380,愛知県産 カステラ 詰め合わせ 2本,9,234460,菓子・スイーツ / 2本,"Confectionery and sweets from Aichi, 2本"
3003381,兵庫県産 ベーコン・ソーセージセット 1.2kg,1,285854,肉・肉加工品 / 1.2kg,"Meat and meat products from Hyogo, 1.2kg"
3003382,愛知県 温泉旅館 ペア宿泊券 1泊2食付,27,232327,旅行券・宿泊券 / 1泊2食付,"Travel and accommodation vouchers from Aichi, 1泊2食付"
3003383,山口県産 特別栽培米 玄米 10kg,3,352152,米・パン / 10kg,"Rice and bread from Yamaguchi, 10kg"
3003384,大阪府 タオル 詰め合わせ 10枚,23,272167,日用品・雑貨 / 10枚,"Household goods from Osaka, 10枚"
3003385,山梨県産 幸水梨 7kg,4,192147,果物 / 7kg,"Fruit from Yamanashi, 7kg"
3003386,広島県産 純米大吟醸 720ml×2本,10,342050,日本酒 / 720ml×2本,"Sake from Hiroshima, 720ml×2本"
3003387,福島県産 あきたこまち 精米 10kg,3,072117,米・パン / 10kg,"Rice and bread from Fukushima, 10kg"
3003388,宮崎県産 黒毛和牛 サーロインステーキ 150g×3枚,1,452025,肉・肉加工品 / 150g×3枚,"Meat and meat products from Miyazaki, 150g×3枚"
3003389,長野県産 半生讃岐うどん 20食,7,204137,麺類 / 20食,"Noodles from Nagano, 20食"
3003390,北海道産 あじ開き 20枚,2,014231,魚介類・海産物 / 20枚,"Seafood from Hokkaido, 20枚"
3003391,奈良県 漆器 伝統工芸 1客,18,293423,工芸品・民芸品 / 1客,"Crafts and folk art from Nara, 1客"
3003392,兵庫県産 黒毛和牛 切り落とし 1.5kg,1,282065,肉・肉加工品 / 1.5kg,"Meat and meat products from Hyogo, 1.5kg"
3003393,埼玉県産 燻製 詰め合わせ 5種,8,112127,惣菜・加工品 / 5種,"Prepared and processed foods from Saitama, 5種"
3003394,北海道 打刃物 包丁 1本,18,014648,工芸品・民芸品 / 1本,"Crafts and folk art from Hokkaido, 1本"
3003395,大阪府産 佃煮 詰め合わせ 5種,8,272078,惣菜・加工品 / 5種,"Prepared and processed foods from Osaka, 5種"
3003396,長野県産 稲庭うどん 800g,7,204463,麺類 / 800g,"Noodles from Nagano, 800g"
3003397,北海道産 銘柄鶏 もも肉 4kg,1,015172,肉・肉加工品 / 4kg,"Meat and meat products from Hokkaido, 4kg"
3003398,福岡県産 稲庭うどん 1.2kg,7,402117,麺類 / 1.2kg,"Noodles from Fukuoka, 1.2kg"
3003399,四万十市産 乾燥しいたけ 300g,5,392103,野菜・きのこ / 300g,"Vegetables and mushrooms from Kochi, 300g"
3003400,千葉県産 スモーク鴨ロース 400g,1,122084,肉・肉加工品 / 400g,"Meat and meat products from Chiba, 400g"
3003401,鹿児島県 竹細工かご 1点,18,462209,工芸品・民芸品 / 1点,"Crafts and folk art from Kagoshima, 1点"
3003402,吉岡町産 スモーク鴨ロース 400g,1,103454,肉・肉加工品 / 400g,"Meat and meat products from Gunma, 400g"
3003403,奈良県 自転車用品セット 1式,26,294241,スポーツ・アウトドア / 1式,"Sports and outdoor from Nara, 1式"
3003404,東かがわ市産 黒毛和牛 切り落とし 1kg,1,372072,肉・肉加工品 / 1kg,"Meat and meat products from Kagawa, 1kg"
3003405,千葉県産 ほたて貝柱 冷凍 1.5kg,2,124222,魚介類・海産物 / 1.5kg,"Seafood from Chiba, 1.5kg"
3003406,北海道産 ハンバーグ 詰め合わせ 20個,1,016101,肉・肉加工品 / 20個,"Meat and meat products from Hokkaido, 20個"
3003407,甲州市産 さくらんぼ 佐藤錦 500g,4,192139,果物 / 500g,"Fruit from Yamanashi, 500g"
3003408,福島県 アウトドアチェア 1脚,26,074462,スポーツ・アウトドア / 1脚,"Sports and outdoor from Fukushima, 1脚"
3003409,川辺町産 抹茶 詰め合わせ 30g×3缶,14,215031,茶・コーヒー / 30g×3缶,"Tea and coffee from Gifu, 30g×3缶"
3003410,愛知県産 味付からあげ 1kg,8,232157,惣菜・加工品 / 1kg,"Prepared and processed foods from Aichi, 1kg"
3003411,滋賀県産 つや姫 精米 5kg,3,252069,米・パン / 5kg,"Rice and bread from Shiga, 5kg"
3003412,滋賀県 竹細工かご 1点,18,252018,工芸品・民芸品 / 1点,"Crafts and folk art from Shiga, 1点"
3003413,岐阜県産 和牛 焼肉セット 600g,1,212059,肉・肉加工品 / 600g,"Meat and meat products from Gifu, 600g"
3003414,加須市 木製食器セット 4点,20,112101,木工品・家具 / 4点,"Woodwork and furniture from Saitama, 4点"
3003415,長崎県産 あじ開き 20枚,2,422126,魚介類・海産物 / 20枚,"Seafood from Nagasaki, 20枚"
3003416,鹿児島県産 銘柄鶏 もも肉 2kg,1,462152,肉・肉加工品 / 2kg,"Meat and meat products from Kagoshima, 2kg"
3003417,高砂市産 純米大吟醸 720ml,10,282162,日本酒 / 720ml,"Sake from Hyogo, 720ml"
3003418,新潟県産 コシヒカリ 精米 20kg,3,152188,米・パン / 20kg,"Rice and bread from Niigata, 20kg"
3003419,糸満市産 生うに 200g,2,472107,魚介類・海産物 / 200g,"Seafood from Okinawa, 200g"
3003420,群馬県産 冷凍餃子 100個,8,103446,惣菜・加工品 / 100個,"Prepared and processed foods from Gunma, 100個"
3003421,長野県 綿100% 寝具カバー 1式,21,204528,繊維・衣類 / 1式,"Textiles and apparel from Nagano, 1式"
3003422,福岡県産 カステラ 詰め合わせ 3本,9,402303,菓子・スイーツ / 3本,"Confectionery and sweets from Fukuoka, 3本"
3003423,大阪府産 バウムクーヘン 4個,9,272281,菓子・スイーツ / 4個,"Confectionery and sweets from Osaka, 4個"
3003424,庄内町産 つや姫 精米 10kg,3,064289,米・パン / 10kg,"Rice and bread from Yamagata, 10kg"
3003425,茨城県産 特別栽培米 玄米 10kg,3,082279,米・パン / 10kg,"Rice and bread from Ibaraki, 10kg"
3003426,遠野市産 銘柄鶏 もも肉 4kg,1,032085,肉・肉加工品 / 4kg,"Meat and meat products from Iwate, 4kg"
3003427,神奈川県産 佃煮 詰め合わせ 5種,8,142077,惣菜・加工品 / 5種,"Prepared and processed foods from Kanagawa, 5種"
3003428,奈半利町 電気ケトル 1台,24,393029,家電・電化製品 / 1台,"Home appliances from Kochi, 1台"
3003429,氷川町産 アスパラガス 1kg,5,434680,野菜・きのこ / 1kg,"Vegetables and mushrooms from Kumamoto, 1kg"
3003430,岡山県産 特別栽培米 玄米 20kg,3,332097,米・パン / 20kg,"Rice and bread from Okayama, 20kg"
3003431,岐阜県 漆器 伝統工芸 5客,18,216046,工芸品・民芸品 / 5客,"Crafts and folk art from Gifu, 5客"
3003432,瑞穂市 木製カッティングボード 1枚,20,212164,木工品・家具 / 1枚,"Woodwork and furniture from Gifu, 1枚"
3003433,箕面市 果物狩り 体験チケット 2名,28,272205,体験・チケット / 2名,"Experiences and tickets from Osaka, 2名"
3003434,長野県産 樽熟成 赤ワイン 750ml×2本,13,203033,ワイン / 750ml×2本,"Wine from Nagano, 750ml×2本"
3003435,宮崎県産 米焼酎 飲み比べ 720ml×3本,11,452025,焼酎・泡盛 / 720ml×3本,"Shochu and awamori from Miyazaki, 720ml×3本"
3003436,十日町市産 十割そば 10食,7,152102,麺類 / 10食,"Noodles from Niigata, 10食"
3003437,石狩市産 アイスクリーム 詰め合わせ 12個,6,012351,卵・乳製品 / 12個,"Eggs and dairy from Hokkaido, 12個"
3003438,北海道産 男爵じゃがいも 10kg,5,011002,野菜・きのこ / 10kg,"Vegetables and mushrooms from Hokkaido, 10kg"
3003439,睦沢町産 スモーク鴨ロース 400g,1,124222,肉・肉加工品 / 400g,"Meat and meat products from Chiba, 400g"
3003440,森町 ヘアケア シャンプー 500ml×2本,22,013455,化粧品・美容 / 500ml×2本,"Cosmetics and beauty from Hokkaido, 500ml×2本"
3003441,湧別町産 ずわいがに 脚 1.2kg,2,015598,魚介類・海産物 / 1.2kg,"Seafood from Hokkaido, 1.2kg"
3003442,京都府 竹細工かご 1点,18,262030,工芸品・民芸品 / 1点,"Crafts and folk art from Kyoto, 1点"
3003443,千葉県産 干物 詰め合わせ 12枚,2,122181,魚介類・海産物 / 12枚,"Seafood from Chiba, 12枚"
3003444,大阪府産 冷凍餃子 50個,8,272027,惣菜・加工品 / 50個,"Prepared and processed foods from Osaka, 50個"
3003445,三重県産 ベーコン・ソーセージセット 1.2kg,1,242021,肉・肉加工品 / 1.2kg,"Meat and meat products from Mie, 1.2kg"
3003446,岩手県産 コシヒカリ 精米 10kg,3,032107,米・パン / 10kg,"Rice and bread from Iwate, 10kg"
3003447,綾瀬市 温泉旅館 ペア宿泊券 1泊2食付,27,142182,旅行券・宿泊券 / 1泊2食付,"Travel and accommodation vouchers from Kanagawa, 1泊2食付"
3003448,栃木県産 生乳100%牛乳 1L×12本,6,092088,卵・乳製品 / 1L×12本,"Eggs and dairy from Tochigi, 1L×12本"
3003449,神奈川県 国産材 積み木 1式,25,143821,文具・玩具 / 1式,"Stationery and toys from Kanagawa, 1式"
3003450,北海道産 カステラ 詰め合わせ 3本,9,015598,菓子・スイーツ / 3本,"Confectionery and sweets from Hokkaido, 3本"
3003451,北海道 空気清浄機 1台,24,016373,家電・電化製品 / 1台,"Home appliances from Hokkaido, 1台"
3003452,勝央町産 ゆめぴりか 精米 10kg,3,336220,米・パン / 10kg,"Rice and bread from Okayama, 10kg"
3003453,中央区 国産材 積み木 1式,25,131024,文具・玩具 / 1式,"Stationery and toys from Tokyo, 1式"
3003454,兵庫県産 スモーク鴨ロース 600g,1,282260,肉・肉加工品 / 600g,"Meat and meat products from Hyogo, 600g"
3003455,滋賀県産 豚ロース しゃぶしゃぶ用 2kg,1,252018,肉・肉加工品 / 2kg,"Meat and meat products from Shiga, 2kg"
3003456,東京都 万年筆 1本,25,132225,文具・玩具 / 1本,"Stationery and toys from Tokyo, 1本"
3003457,南越前町 陶器 マグカップ 2個,19,184047,陶磁器・ガラス / 2個,"Ceramics and glassware from Fukui, 2個"
3003458,東京都産 ジェラート 詰め合わせ 12個,9,132071,菓子・スイーツ / 12個,"Confectionery and sweets from Tokyo, 12個"
3003459,土岐市 ガラス酒器 1式,19,212121,陶磁器・ガラス / 1式,"Ceramics and glassware from Gifu, 1式"
3003460,南島原市産 銘柄鶏 もも肉 2kg,1,422142,肉・肉加工品 / 2kg,"Meat and meat products from Nagasaki, 2kg"
3003461,山口県産 佃煮 詰め合わせ 5種,8,352101,惣菜・加工品 / 5種,"Prepared and processed foods from Yamaguchi, 5種"
3003462,沖縄県産 本格芋焼酎 1.8L,11,473600,焼酎・泡盛 / 1.8L,"Shochu and awamori from Okinawa, 1.8L"
3003463,長野県産 樽熟成 赤ワイン 750ml×2本,13,204048,ワイン / 750ml×2本,"Wine from Nagano, 750ml×2本"
3003464,豊田市 靴下 詰め合わせ 10足,21,232114,繊維・衣類 / 10足,"Textiles and apparel from Aichi, 10足"
3003465,牛久市産 ハンバーグ 詰め合わせ 15個,1,082198,肉・肉加工品 / 15個,"Meat and meat products from Ibaraki, 15個"
3003466,福岡県 釣具セット 1式,26,402214,スポーツ・アウトドア / 1式,"Sports and outdoor from Fukuoka, 1式"
3003467,館山市産 冷凍スムージー 12本,15,122050,飲料・ジュース / 12本,"Beverages and juice from Chiba, 12本"
3003468,延岡市産 天然水 2L×24本,15,452033,飲料・ジュース / 2L×24本,"Beverages and juice from Miyazaki, 2L×24本"
3003469,北海道産 豚ロース しゃぶしゃぶ用 800g,1,016098,肉・肉加工品 / 800g,"Meat and meat products from Hokkaido, 800g"
3003470,愛知県産 カステラ 詰め合わせ 3本,9,232378,菓子・スイーツ / 3本,"Confectionery and sweets from Aichi, 3本"
3003471,北海道産 カステラ 詰め合わせ 3本,9,012203,菓子・スイーツ / 3本,"Confectionery and sweets from Hokkaido, 3本"
3003472,福岡県産 和菓子 詰め合わせ 20個,9,404217,菓子・スイーツ / 20個,"Confectionery and sweets from Fukuoka, 20個"
3003473,奈良県産 自家焙煎コーヒー豆 200g×5袋,14,293431,茶・コーヒー / 200g×5袋,"Tea and coffee from Nara, 200g×5袋"
3003474,青森県産 富有柿 5kg,4,024503,果物 / 5kg,"Fruit from Aomori, 5kg"
3003475,東京都産 抹茶 詰め合わせ 30g×3缶,14,131202,茶・コーヒー / 30g×3缶,"Tea and coffee from Tokyo, 30g×3缶"
3003476,栃木県産 平飼いたまご 30個,6,093424,卵・乳製品 / 30個,"Eggs and dairy from Tochigi, 30個"
3003477,須賀川市産 季節限定 生酒 720ml×2本,10,072079,日本酒 / 720ml×2本,"Sake from Fukushima, 720ml×2本"
3003478,相良村産 天然水 炭酸水 500ml×24本,15,435104,飲料・ジュース / 500ml×24本,"Beverages and juice from Kumamoto, 500ml×24本"
3003479,上島町産 天然水 2L×24本,15,383562,飲料・ジュース / 2L×24本,"Beverages and juice from Ehime, 2L×24本"
3003480,岡山県 シルクスカーフ 1枚,21,332071,繊維・衣類 / 1枚,"Textiles and apparel from Okayama, 1枚"
3003481,玉川村産 純米大吟醸 1.8L,10,075027,日本酒 / 1.8L,"Sake from Fukushima, 1.8L"
3003482,田辺市産 メロン 秀品 2玉,4,302066,果物 / 2玉,"Fruit from Wakayama, 2玉"
3003483,王滝村産 国産小麦パスタ 10袋,7,204293,麺類 / 10袋,"Noodles from Nagano, 10袋"
3003484,静岡県産 干物 詰め合わせ 12枚,2,222062,魚介類・海産物 / 12枚,"Seafood from Shizuoka, 12枚"
3003485,秋田県産 季節限定 生酒 720ml×2本,10,052060,日本酒 / 720ml×2本,"Sake from Akita, 720ml×2本"
3003486,福岡県産 ジェラート 詰め合わせ 12個,9,403431,菓子・スイーツ / 12個,"Confectionery and sweets from Fukuoka, 12個"
3003487,千葉県産 天然水 2L×24本,15,123293,飲料・ジュース / 2L×24本,"Beverages and juice from Chiba, 2L×24本"
3003488,北海道産 チーズ 詰め合わせ 6種,6,015857,卵・乳製品 / 6種,"Eggs and dairy from Hokkaido, 6種"
3003489,静岡県産 味付からあげ 1kg,8,222089,惣菜・加工品 / 1kg,"Prepared and processed foods from Shizuoka, 1kg"
3003490,大豊町 伝統こけし 1体,18,393444,工芸品・民芸品 / 1体,"Crafts and folk art from Kochi, 1体"
3003491,新潟県産 のどぐろ 干物 3枚,2,153613,魚介類・海産物 / 3枚,"Seafood from Niigata, 3枚"
3003492,戸田市産 佃煮 詰め合わせ 5種,8,112241,惣菜・加工品 / 5種,"Prepared and processed foods from Saitama, 5種"
3003493,埼玉県産 煎茶 詰め合わせ 100g×5袋,14,112291,茶・コーヒー / 100g×5袋,"Tea and coffee from Saitama, 100g×5袋"
3003494,北海道産 男爵じゃがいも 20kg,5,016438,野菜・きのこ / 20kg,"Vegetables and mushrooms from Hokkaido, 20kg"
3003495,江別市産 男爵じゃがいも 10kg,5,012173,野菜・きのこ / 10kg,"Vegetables and mushrooms from Hokkaido, 10kg"
3003496,天草市産 アスパラガス 2kg,5,432156,野菜・きのこ / 2kg,"Vegetables and mushrooms from Kumamoto, 2kg"
3003497,埼玉県 電気ケトル 1台,24,113638,家電・電化製品 / 1台,"Home appliances from Saitama, 1台"
3003498,山形県産 純米大吟醸 720ml×2本,10,062065,日本酒 / 720ml×2本,"Sake from Yamagata, 720ml×2本"
3003499,兵庫県産 純米大吟醸 720ml×2本,10,282081,日本酒 / 720ml×2本,"Sake from Hyogo, 720ml×2本"
3003500,大崎町産 ハンバーグ 詰め合わせ 20個,1,464686,肉・肉加工品 / 20個,"Meat and meat products from Kagoshima, 20個"
3003501,岩手県産 和牛 焼肉セット 1kg,1,032051,肉・肉加工品 / 1kg,"Meat and meat products from Iwate, 1kg"
3003502,愛知県 今治タオル セット 8枚,21,235628,繊維・衣類 / 8枚,"Textiles and apparel from Aichi, 8枚"
3003503,大樹町産 干物 詰め合わせ 12枚,2,016411,魚介類・海産物 / 12枚,"Seafood from Hokkaido, 12枚"
3003504,奈良県産 温州みかん 5kg,4,294501,果物 / 5kg,"Fruit from Nara, 5kg"
3003505,長野県 自転車用品セット 1式,26,202070,スポーツ・アウトドア / 1式,"Sports and outdoor from Nagano, 1式"
3003506,滋賀県産 ハンバーグ 詰め合わせ 20個,1,252085,肉・肉加工品 / 20個,"Meat and meat products from Shiga, 20個"
3003507,新城市産 天然水 2L×12本,15,232211,飲料・ジュース / 2L×12本,"Beverages and juice from Aichi, 2L×12本"
3003508,岐阜県 木製食器セット 4点,20,215040,木工品・家具 / 4点,"Woodwork and furniture from Gifu, 4点"
3003509,鹿児島県 空気清浄機 1台,24,462209,家電・電化製品 / 1台,"Home appliances from Kagoshima, 1台"
3003510,さいたま市産 米粉パン セット 12個,3,111007,米・パン / 12個,"Rice and bread from Saitama, 12個"
3003511,東京都 酒蔵見学・試飲 2名,28,131199,体験・チケット / 2名,"Experiences and tickets from Tokyo, 2名"
3003512,坂東市産 あきたこまち 精米 5kg,3,082287,米・パン / 5kg,"Rice and bread from Ibaraki, 5kg"
3003513,岡山県 万年筆 1本,25,331007,文具・玩具 / 1本,"Stationery and toys from Okayama, 1本"
3003514,北広島町 肉 定期便 500g×6回,17,343692,定期便 / 500g×6回,"Subscription deliveries from Hiroshima, 500g×6回"
3003515,七宗町 木製カッティングボード 1枚,20,215040,木工品・家具 / 1枚,"Woodwork and furniture from Gifu, 1枚"
3003516,大阪府 綿100% 寝具カバー 1式,21,272183,繊維・衣類 / 1式,"Textiles and apparel from Osaka, 1式"
3003517,"南足柄市 宿泊利用券 10,000円分",27,142174,"旅行券・宿泊券 / 10,000円分","Travel and accommodation vouchers from Kanagawa, 10,000円分"
3003518,埼玉県 無垢材スツール 1脚,20,111007,木工品・家具 / 1脚,"Woodwork and furniture from Saitama, 1脚"
3003519,群馬県産 国産小麦パスタ 10袋,7,104647,麺類 / 10袋,"Noodles from Gunma, 10袋"
3003520,秋田県産 あきたこまち 精米 10kg,3,052078,米・パン / 10kg,"Rice and bread from Akita, 10kg"
3003521,菊池市産 長期貯蔵 麦焼酎 1.8L,11,432105,焼酎・泡盛 / 1.8L,"Shochu and awamori from Kumamoto, 1.8L"
3003522,埼玉県産 カステラ 詰め合わせ 2本,9,113433,菓子・スイーツ / 2本,"Confectionery and sweets from Saitama, 2本"
3003523,高知県産 泡盛 古酒 1.8L,11,394271,焼酎・泡盛 / 1.8L,"Shochu and awamori from Kochi, 1.8L"
3003524,東京都産 バウムクーヘン 2個,9,131202,菓子・スイーツ / 2個,"Confectionery and sweets from Tokyo, 2個"
3003525,埼玉県産 煎茶 詰め合わせ 100g×5袋,14,112313,茶・コーヒー / 100g×5袋,"Tea and coffee from Saitama, 100g×5袋"
3003526,埼玉県産 抹茶 詰め合わせ 30g×3缶,14,113417,茶・コーヒー / 30g×3缶,"Tea and coffee from Saitama, 30g×3缶"
3003527,沖縄県産 米焼酎 飲み比べ 720ml×3本,11,472140,焼酎・泡盛 / 720ml×3本,"Shochu and awamori from Okinawa, 720ml×3本"
3003528,静岡県 電気ケトル 1台,24,222101,家電・電化製品 / 1台,"Home appliances from Shizuoka, 1台"
3003529,京都府産 チーズケーキ 1台,9,262048,菓子・スイーツ / 1台,"Confectionery and sweets from Kyoto, 1台"
3003530,山口県産 国産紅茶 50g×4袋,14,353442,茶・コーヒー / 50g×4袋,"Tea and coffee from Yamaguchi, 50g×4袋"
3003531,福知山市 竹細工かご 1点,18,262013,工芸品・民芸品 / 1点,"Crafts and folk art from Kyoto, 1点"
3003532,熊本県産 高糖度トマト 3kg,5,432105,野菜・きのこ / 3kg,"Vegetables and mushrooms from Kumamoto, 3kg"
3003533,埼玉県産 漬物 詰め合わせ 10種,8,112313,惣菜・加工品 / 10種,"Prepared and processed foods from Saitama, 10種"
3003534,宮城県産 味付からあげ 1kg,8,042099,惣菜・加工品 / 1kg,"Prepared and processed foods from Miyagi, 1kg"
3003535,埼玉県 果物狩り 体験チケット 2名,28,113018,体験・チケット / 2名,"Experiences and tickets from Saitama, 2名"
3003536,長野県 釣具セット 1式,26,206024,スポーツ・アウトドア / 1式,"Sports and outdoor from Nagano, 1式"
3003537,珠洲市 季節の花束 1束,29,172057,花・観葉植物 / 1束,"Flowers and plants from Ishikawa, 1束"
3003538,岐阜県 伝統こけし 1体,18,212091,工芸品・民芸品 / 1体,"Crafts and folk art from Gifu, 1体"
3003539,東京都 果物狩り 体験チケット 2名,28,132021,体験・チケット / 2名,"Experiences and tickets from Tokyo, 2名"
3003540,鹿児島県産 男爵じゃがいも 10kg,5,465232,野菜・きのこ / 10kg,"Vegetables and mushrooms from Kagoshima, 10kg"
3003541,北海道産 醤油 詰め合わせ 1L×3本,16,012173,調味料・油 / 1L×3本,"Seasonings and oils from Hokkaido, 1L×3本"
3003542,栃木県産 ベーコン・ソーセージセット 1.2kg,1,094072,肉・肉加工品 / 1.2kg,"Meat and meat products from Tochigi, 1.2kg"
3003543,東京都 果物狩り 体験チケット 2名,28,132217,体験・チケット / 2名,"Experiences and tickets from Tokyo, 2名"
3003544,鹿児島県産 ボイル毛がに 2尾,2,462136,魚介類・海産物 / 2尾,"Seafood from Kagoshima, 2尾"
3003545,鳥栖市産 黒毛和牛 サーロインステーキ 150g×3枚,1,412031,肉・肉加工品 / 150g×3枚,"Meat and meat products from Saga, 150g×3枚"
3003546,伊達市産 和菓子 詰め合わせ 12個,9,012335,菓子・スイーツ / 12個,"Confectionery and sweets from Hokkaido, 12個"
3003547,開成町産 レトルトカレー 詰め合わせ 10食,8,143669,惣菜・加工品 / 10食,"Prepared and processed foods from Kanagawa, 10食"
3003548,大仙市産 純米吟醸 飲み比べ 720ml×3本,10,052124,日本酒 / 720ml×3本,"Sake from Akita, 720ml×3本"
3003549,大阪府 米 定期便 10kg×6回,17,272132,定期便 / 10kg×6回,"Subscription deliveries from Osaka, 10kg×6回"
3003550,徳島県産 とうもろこし 20本,5,363871,野菜・きのこ / 20本,"Vegetables and mushrooms from Tokushima, 20本"
3003551,東京都 万年筆 1本,25,134023,文具・玩具 / 1本,"Stationery and toys from Tokyo, 1本"
3003552,本庄市産 食パン 詰め合わせ 5斤,3,112119,米・パン / 5斤,"Rice and bread from Saitama, 5斤"
3003553,西川町産 ゆめぴりか 精米 10kg,3,063223,米・パン / 10kg,"Rice and bread from Yamagata, 10kg"
3003554,東京都 万年筆 1本,25,131113,文具・玩具 / 1本,"Stationery and toys from Tokyo, 1本"
3003555,香川県産 銘柄鶏 もも肉 3kg,1,372056,肉・肉加工品 / 3kg,"Meat and meat products from Kagawa, 3kg"
3003556,愛知県産 レトルトカレー 詰め合わせ 10食,8,232149,惣菜・加工品 / 10食,"Prepared and processed foods from Aichi, 10食"
3003557,北名古屋市 シルクスカーフ 1枚,21,232343,繊維・衣類 / 1枚,"Textiles and apparel from Aichi, 1枚"
3003558,新潟県産 純米大吟醸 720ml,10,152234,日本酒 / 720ml,"Sake from Niigata, 720ml"
3003559,島根県産 特別純米酒 1.8L,10,322091,日本酒 / 1.8L,"Sake from Shimane, 1.8L"
3003560,愛知県産 だしパック 30袋,16,232190,調味料・油 / 30袋,"Seasonings and oils from Aichi, 30袋"
3003561,鹿児島県産 生うに 200g,2,463043,魚介類・海産物 / 200g,"Seafood from Kagoshima, 200g"
3003562,横手市産 黒毛和牛 サーロインステーキ 150g×3枚,1,052035,肉・肉加工品 / 150g×3枚,"Meat and meat products from Akita, 150g×3枚"
3003563,千葉県 国産ペットフード 4kg,30,123226,ペット用品 / 4kg,"Pet supplies from Chiba, 4kg"
3003564,島根県産 つや姫 精米 5kg,3,322016,米・パン / 5kg,"Rice and bread from Shimane, 5kg"
3003565,長崎県産 どら焼き 詰め合わせ 12個,9,423912,菓子・スイーツ / 12個,"Confectionery and sweets from Nagasaki, 12個"
3003566,山梨県 打刃物 包丁 1本,18,194425,工芸品・民芸品 / 1本,"Crafts and folk art from Yamanashi, 1本"
3003567,愛知県 綿100% 寝具カバー 1式,21,235628,繊維・衣類 / 1式,"Textiles and apparel from Aichi, 1式"
3003568,東京都 ノート 詰め合わせ 10冊,25,132195,文具・玩具 / 10冊,"Stationery and toys from Tokyo, 10冊"
3003569,香取市産 黒毛和牛 サーロインステーキ 200g×2枚,1,122360,肉・肉加工品 / 200g×2枚,"Meat and meat products from Chiba, 200g×2枚"
3003570,千葉県産 天然水 炭酸水 500ml×48本,15,122271,飲料・ジュース / 500ml×48本,"Beverages and juice from Chiba, 500ml×48本"
3003571,福井県 包丁研ぎ器 1個,23,183822,日用品・雑貨 / 1個,"Household goods from Fukui, 1個"
3003572,長野県産 生ラーメン セット 16食,7,202088,麺類 / 16食,"Noodles from Nagano, 16食"
3003573,吉野町 シルクスカーフ 1枚,21,294411,繊維・衣類 / 1枚,"Textiles and apparel from Nara, 1枚"
3003574,塩尻市産 サンふじりんご 10kg,4,202151,果物 / 10kg,"Fruit from Nagano, 10kg"
3003575,本宮市産 とうもろこし 12本,5,072141,野菜・きのこ / 12本,"Vegetables and mushrooms from Fukushima, 12本"
3003576,秩父市産 ジェラート 詰め合わせ 12個,9,112071,菓子・スイーツ / 12個,"Confectionery and sweets from Saitama, 12個"
3003577,静岡県産 自家焙煎コーヒー豆 200g×5袋,14,222089,茶・コーヒー / 200g×5袋,"Tea and coffee from Shizuoka, 200g×5袋"
3003578,岐阜県産 銘柄鶏 もも肉 4kg,1,214019,肉・肉加工品 / 4kg,"Meat and meat products from Gifu, 4kg"
3003579,中城村産 長期貯蔵 麦焼酎 1.8L,11,473286,焼酎・泡盛 / 1.8L,"Shochu and awamori from Okinawa, 1.8L"
3003580,"沖縄県 宿泊利用券 30,000円分",27,472093,"旅行券・宿泊券 / 30,000円分","Travel and accommodation vouchers from Okinawa, 30,000円分"
3003581,埼玉県産 ドリップコーヒー 50袋,14,112186,茶・コーヒー / 50袋,"Tea and coffee from Saitama, 50袋"
3003582,岩手県産 十割そば 10食,7,032034,麺類 / 10食,"Noodles from Iwate, 10食"
3003583,北海道産 たまねぎ 20kg,5,015172,野菜・きのこ / 20kg,"Vegetables and mushrooms from Hokkaido, 20kg"
3003584,高浜市 今治タオル セット 8枚,21,232271,繊維・衣類 / 8枚,"Textiles and apparel from Aichi, 8枚"
3003585,岡山県 酒蔵見学・試飲 2名,28,336815,体験・チケット / 2名,"Experiences and tickets from Okayama, 2名"
3003586,沖縄市産 完熟マンゴー 2kg,4,472115,果物 / 2kg,"Fruit from Okinawa, 2kg"
3003587,宮城県産 銘柄鶏 もも肉 3kg,1,044016,肉・肉加工品 / 3kg,"Meat and meat products from Miyagi, 3kg"
3003588,群馬県 季節の花束 1束,29,104299,花・観葉植物 / 1束,"Flowers and plants from Gunma, 1束"
3003589,茨城県産 コシヒカリ 精米 5kg,3,082198,米・パン / 5kg,"Rice and bread from Ibaraki, 5kg"
3003590,長野県産 稲庭うどん 800g,7,204862,麺類 / 800g,"Noodles from Nagano, 800g"
3003591,神奈川県産 ジェラート 詰め合わせ 12個,9,141305,菓子・スイーツ / 12個,"Confectionery and sweets from Kanagawa, 12個"
3003592,白馬村産 半生讃岐うどん 12食,7,204854,麺類 / 12食,"Noodles from Nagano, 12食"
3003593,岐阜県産 和菓子 詰め合わせ 12個,9,212121,菓子・スイーツ / 12個,"Confectionery and sweets from Gifu, 12個"
3003594,西宮市産 和菓子 詰め合わせ 20個,9,282049,菓子・スイーツ / 20個,"Confectionery and sweets from Hyogo, 20個"
3003595,愛媛県産 温州みかん 10kg,4,384887,果物 / 10kg,"Fruit from Ehime, 10kg"
3003596,香川県産 天然水 2L×24本,15,372072,飲料・ジュース / 2L×24本,"Beverages and juice from Kagawa, 2L×24本"
3003597,兵庫県産 豚ロース しゃぶしゃぶ用 2kg,1,282243,肉・肉加工品 / 2kg,"Meat and meat products from Hyogo, 2kg"
3003598,鹿児島市産 米焼酎 飲み比べ 720ml×3本,11,462012,焼酎・泡盛 / 720ml×3本,"Shochu and awamori from Kagoshima, 720ml×3本"
3003599,愛知県産 燻製 詰め合わせ 8種,8,234419,惣菜・加工品 / 8種,"Prepared and processed foods from Aichi, 8種"
3003600,福岡県産 厚切り牛タン 900g,1,402141,肉・肉加工品 / 900g,"Meat and meat products from Fukuoka, 900g"
3003601,長生村産 冷凍スムージー 12本,15,124231,飲料・ジュース / 12本,"Beverages and juice from Chiba, 12本"
3003602,埼玉県産 冷凍餃子 100個,8,112232,惣菜・加工品 / 100個,"Prepared and processed foods from Saitama, 100個"
3003603,向日市 直火用 土鍋 1個,19,262081,陶磁器・ガラス / 1個,"Ceramics and glassware from Kyoto, 1個"
3003604,山形県産 どら焼き 詰め合わせ 20個,9,062022,菓子・スイーツ / 20個,"Confectionery and sweets from Yamagata, 20個"
3003605,京都府産 煎茶 詰め合わせ 100g×3袋,14,262064,茶・コーヒー / 100g×3袋,"Tea and coffee from Kyoto, 100g×3袋"
3003606,高知県産 ぽん酢・ドレッシング 5本,16,392031,調味料・油 / 5本,"Seasonings and oils from Kochi, 5本"
3003607,北海道産 チーズケーキ 1台,9,012254,菓子・スイーツ / 1台,"Confectionery and sweets from Hokkaido, 1台"
3003608,長野県産 シャインマスカット 2房,4,202126,果物 / 2房,"Fruit from Nagano, 2房"
3003609,神奈川県 トイレットペーパー 72ロール,23,142042,日用品・雑貨 / 72ロール,"Household goods from Kanagawa, 72ロール"
3003610,北海道産 紅はるか さつまいも 10kg,5,015148,野菜・きのこ / 10kg,"Vegetables and mushrooms from Hokkaido, 10kg"
3003611,南九州市 竹細工かご 1点,18,462233,工芸品・民芸品 / 1点,"Crafts and folk art from Kagoshima, 1点"
3003612,延岡市産 スモーク鴨ロース 600g,1,452033,肉・肉加工品 / 600g,"Meat and meat products from Miyazaki, 600g"
3003613,三重県産 明太子 切子 1kg,2,242152,魚介類・海産物 / 1kg,"Seafood from Mie, 1kg"
3003614,北茨城市産 紅はるか さつまいも 5kg,5,082155,野菜・きのこ / 5kg,"Vegetables and mushrooms from Ibaraki, 5kg"
3003615,山梨県産 天然水 2L×24本,15,192112,飲料・ジュース / 2L×24本,"Beverages and juice from Yamanashi, 2L×24本"
3003616,茨城県産 ひとめぼれ 無洗米 10kg,3,082155,米・パン / 10kg,"Rice and bread from Ibaraki, 10kg"
3003617,大阪府産 レトルトカレー 詰め合わせ 16食,8,273813,惣菜・加工品 / 16食,"Prepared and processed foods from Osaka, 16食"
3003618,熊本県産 富有柿 5kg,4,434426,果物 / 5kg,"Fruit from Kumamoto, 5kg"
3003619,筑西市産 米粉パン セット 8個,3,082279,米・パン / 8個,"Rice and bread from Ibaraki, 8個"
3003620,垂水市産 ベーコン・ソーセージセット 1.2kg,1,462144,肉・肉加工品 / 1.2kg,"Meat and meat products from Kagoshima, 1.2kg"
3003621,茨城県産 豚ロース しゃぶしゃぶ用 800g,1,082112,肉・肉加工品 / 800g,"Meat and meat products from Ibaraki, 800g"
3003622,新潟県産 半生讃岐うどん 12食,7,152161,麺類 / 12食,"Noodles from Niigata, 12食"
3003623,長野県産 紅はるか さつまいも 10kg,5,202126,野菜・きのこ / 10kg,"Vegetables and mushrooms from Nagano, 10kg"
3003624,兵庫県産 どら焼き 詰め合わせ 20個,9,281000,菓子・スイーツ / 20個,"Confectionery and sweets from Hyogo, 20個"
3003625,宮崎県産 泡盛 古酒 1.8L,11,453412,焼酎・泡盛 / 1.8L,"Shochu and awamori from Miyazaki, 1.8L"
3003626,"神奈川県 観光施設 利用券 10,000円分",27,142018,"旅行券・宿泊券 / 10,000円分","Travel and accommodation vouchers from Kanagawa, 10,000円分"
3003627,栃木県産 和牛 焼肉セット 600g,1,092061,肉・肉加工品 / 600g,"Meat and meat products from Tochigi, 600g"
3003628,福井県産 純米大吟醸 1.8L,10,182061,日本酒 / 1.8L,"Sake from Fukui, 1.8L"
3003629,宮城県産 サーモン 刺身用 600g,2,044245,魚介類・海産物 / 600g,"Seafood from Miyagi, 600g"
3003630,神奈川県産 えごま油・亜麻仁油 180g×2本,16,141500,調味料・油 / 180g×2本,"Seasonings and oils from Kanagawa, 180g×2本"
3003631,長野県産 アスパラガス 1kg,5,205885,野菜・きのこ / 1kg,"Vegetables and mushrooms from Nagano, 1kg"
3003632,上市町 直火用 土鍋 1個,19,163228,陶磁器・ガラス / 1個,"Ceramics and glassware from Toyama, 1個"
3003633,埼玉県産 ジェラート 詰め合わせ 12個,9,112402,菓子・スイーツ / 12個,"Confectionery and sweets from Saitama, 12個"
3003634,小美玉市産 高糖度トマト 3kg,5,082368,野菜・きのこ / 3kg,"Vegetables and mushrooms from Ibaraki, 3kg"
3003635,熊本県産 紅はるか さつまいも 5kg,5,432083,野菜・きのこ / 5kg,"Vegetables and mushrooms from Kumamoto, 5kg"
3003636,北海道産 バウムクーヘン 2個,9,012092,菓子・スイーツ / 2個,"Confectionery and sweets from Hokkaido, 2個"
3003637,岐阜県 ガラス酒器 1式,19,212148,陶磁器・ガラス / 1式,"Ceramics and glassware from Gifu, 1式"
3003638,福岡県産 うなぎ蒲焼 5尾,2,402257,魚介類・海産物 / 5尾,"Seafood from Fukuoka, 5尾"
3003639,福岡県産 バウムクーヘン 4個,9,402273,菓子・スイーツ / 4個,"Confectionery and sweets from Fukuoka, 4個"
3003640,大阪府産 佃煮 詰め合わせ 5種,8,271403,惣菜・加工品 / 5種,"Prepared and processed foods from Osaka, 5種"
3003641,愛媛県 シルクスカーフ 1枚,21,382019,繊維・衣類 / 1枚,"Textiles and apparel from Ehime, 1枚"
3003642,芦屋市産 特別純米酒 1.8L,10,282065,日本酒 / 1.8L,"Sake from Hyogo, 1.8L"
3003643,長野県産 サンふじりんご 5kg,4,202151,果物 / 5kg,"Fruit from Nagano, 5kg"
3003644,和歌山県産 味噌 詰め合わせ 1kg×2個,16,303666,調味料・油 / 1kg×2個,"Seasonings and oils from Wakayama, 1kg×2個"
3003645,新居浜市産 サンふじりんご 10kg,4,382051,果物 / 10kg,"Fruit from Ehime, 10kg"
3003646,石川県 磁器 湯呑 2客,19,172031,陶磁器・ガラス / 2客,"Ceramics and glassware from Ishikawa, 2客"
3003647,養老町 木製食器セット 4点,20,213411,木工品・家具 / 4点,"Woodwork and furniture from Gifu, 4点"
3003648,能代市産 厚切り牛タン 500g,1,052027,肉・肉加工品 / 500g,"Meat and meat products from Akita, 500g"
3003649,富山県産 真鯛 フィレ 1kg,2,162086,魚介類・海産物 / 1kg,"Seafood from Toyama, 1kg"
3003650,北海道産 男爵じゃがいも 10kg,5,013331,野菜・きのこ / 10kg,"Vegetables and mushrooms from Hokkaido, 10kg"
3003651,直島町産 チーズケーキ 1台,9,373648,菓子・スイーツ / 1台,"Confectionery and sweets from Kagawa, 1台"
3003652,山形県産 純米大吟醸 1.8L,10,062031,日本酒 / 1.8L,"Sake from Yamagata, 1.8L"
3003653,福島県 酒蔵見学・試飲 2名,28,074616,体験・チケット / 2名,"Experiences and tickets from Fukushima, 2名"
3003654,愛知県産 だしパック 30袋,16,232335,調味料・油 / 30袋,"Seasonings and oils from Aichi, 30袋"
3003655,愛知県 石けん 詰め合わせ 5個,22,235610,化粧品・美容 / 5個,"Cosmetics and beauty from Aichi, 5個"
3003656,南知多町産 和菓子 詰め合わせ 12個,9,234451,菓子・スイーツ / 12個,"Confectionery and sweets from Aichi, 12個"
3003657,高松市産 サンふじりんご 5kg,4,372013,果物 / 5kg,"Fruit from Kagawa, 5kg"
3003658,愛媛県 デニムジーンズ 1本,21,382035,繊維・衣類 / 1本,"Textiles and apparel from Ehime, 1本"
3003659,鏡石町 木製食器セット 4点,20,073423,木工品・家具 / 4点,"Woodwork and furniture from Fukushima, 4点"
3003660,島原市産 ジェラート 詰め合わせ 12個,9,422037,菓子・スイーツ / 12個,"Confectionery and sweets from Nagasaki, 12個"
3003661,神奈川県 木製カッティングボード 1枚,20,143421,木工品・家具 / 1枚,"Woodwork and furniture from Kanagawa, 1枚"
3003662,北海道 自転車用品セット 1式,26,012157,スポーツ・アウトドア / 1式,"Sports and outdoor from Hokkaido, 1式"
3003663,兵庫県産 うなぎ蒲焼 5尾,2,282227,魚介類・海産物 / 5尾,"Seafood from Hyogo, 5尾"
3003664,あま市産 レトルトカレー 詰め合わせ 10食,8,232378,惣菜・加工品 / 10食,"Prepared and processed foods from Aichi, 10食"
3003665,東白川村産 ドリップコーヒー 50袋,14,215074,茶・コーヒー / 50袋,"Tea and coffee from Gifu, 50袋"
3003666,埼玉県 陶器 マグカップ 2個,19,112402,陶磁器・ガラス / 2個,"Ceramics and glassware from Saitama, 2個"
3003667,新潟県産 真鯛 フィレ 1kg,2,152021,魚介類・海産物 / 1kg,"Seafood from Niigata, 1kg"
3003668,春日部市産 ひとめぼれ 無洗米 5kg,3,112143,米・パン / 5kg,"Rice and bread from Saitama, 5kg"
3003669,千葉県産 生うに 200g,2,122131,魚介類・海産物 / 200g,"Seafood from Chiba, 200g"
3003670,茨城県産 ハンバーグ 詰め合わせ 15個,1,082074,肉・肉加工品 / 15個,"Meat and meat products from Ibaraki, 15個"
3003671,群馬県産 とうもろこし 12本,5,102121,野菜・きのこ / 12本,"Vegetables and mushrooms from Gunma, 12本"
3003672,南房総市産 豚ロース しゃぶしゃぶ用 2kg,1,122343,肉・肉加工品 / 2kg,"Meat and meat products from Chiba, 2kg"
3003673,徳島県 デニムジーンズ 1本,21,363219,繊維・衣類 / 1本,"Textiles and apparel from Tokushima, 1本"
3003674,石川県産 和菓子 詰め合わせ 12個,9,172049,菓子・スイーツ / 12個,"Confectionery and sweets from Ishikawa, 12個"
3003675,鹿児島県産 黒毛和牛 切り落とし 1.5kg,1,462012,肉・肉加工品 / 1.5kg,"Meat and meat products from Kagoshima, 1.5kg"
3003676,府中市 無垢材スツール 1脚,20,342084,木工品・家具 / 1脚,"Woodwork and furniture from Hiroshima, 1脚"
3003677,大阪府 陶芸 体験チケット 2名,28,272043,体験・チケット / 2名,"Experiences and tickets from Osaka, 2名"
3003678,阪南市 タオル 詰め合わせ 10枚,23,272329,日用品・雑貨 / 10枚,"Household goods from Osaka, 10枚"
3003679,小豆島町産 豚ロース しゃぶしゃぶ用 2kg,1,373249,肉・肉加工品 / 2kg,"Meat and meat products from Kagawa, 2kg"
3003680,阿賀町産 コシヒカリ 精米 10kg,3,153851,米・パン / 10kg,"Rice and bread from Niigata, 10kg"
3003681,広島県産 燻製 詰め合わせ 5種,8,342084,惣菜・加工品 / 5種,"Prepared and processed foods from Hiroshima, 5種"
3003682,神奈川県 釣具セット 1式,26,141500,スポーツ・アウトドア / 1式,"Sports and outdoor from Kanagawa, 1式"
3003683,神奈川県 温泉旅館 ペア宿泊券 1泊2食付,27,141003,旅行券・宿泊券 / 1泊2食付,"Travel and accommodation vouchers from Kanagawa, 1泊2食付"
3003684,山梨県 漆器 伝統工芸 5客,18,192015,工芸品・民芸品 / 5客,"Crafts and folk art from Yamanashi, 5客"
3003685,北海道産 ほたて貝柱 冷凍 1kg,2,015857,魚介類・海産物 / 1kg,"Seafood from Hokkaido, 1kg"
3003686,中頓別町産 ずわいがに 脚 800g,2,015130,魚介類・海産物 / 800g,"Seafood from Hokkaido, 800g"
3003687,南富良野町産 飲むヨーグルト 900ml×12本,6,014621,卵・乳製品 / 900ml×12本,"Eggs and dairy from Hokkaido, 900ml×12本"
3003688,三重県産 バウムクーヘン 4個,9,242101,菓子・スイーツ / 4個,"Confectionery and sweets from Mie, 4個"
3003689,三島村産 ハンバーグ 詰め合わせ 10個,1,463035,肉・肉加工品 / 10個,"Meat and meat products from Kagoshima, 10個"
3003690,古座川町産 あまおういちご 540g,4,304247,果物 / 540g,"Fruit from Wakayama, 540g"
3003691,熊本県産 黒毛和牛 切り落とし 1kg,1,435058,肉・肉加工品 / 1kg,"Meat and meat products from Kumamoto, 1kg"
3003692,沖縄県産 メロン 秀品 2玉,4,472093,果物 / 2玉,"Fruit from Okinawa, 2玉"
3003693,下北山村産 サンふじりんご 5kg,4,294501,果物 / 5kg,"Fruit from Nara, 5kg"
3003694,大崎町産 真鯛 フィレ 1kg,2,464686,魚介類・海産物 / 1kg,"Seafood from Kagoshima, 1kg"
3003695,古河市産 ゆめぴりか 精米 5kg,3,082040,米・パン / 5kg,"Rice and bread from Ibaraki, 5kg"
3003696,北海道 国産材 積み木 1式,25,012092,文具・玩具 / 1式,"Stationery and toys from Hokkaido, 1式"
3003697,奈良県 打刃物 包丁 1本,18,292028,工芸品・民芸品 / 1本,"Crafts and folk art from Nara, 1本"
3003698,群馬県産 レトルトカレー 詰め合わせ 10食,8,102041,惣菜・加工品 / 10食,"Prepared and processed foods from Gunma, 10食"
3003699,沖縄県産 サンふじりんご 10kg,4,473154,果物 / 10kg,"Fruit from Okinawa, 10kg"
3003700,水巻町産 ハンバーグ 詰め合わせ 20個,1,403822,肉・肉加工品 / 20個,"Meat and meat products from Fukuoka, 20個"
3003701,福岡県産 真鯛 フィレ 1kg,2,406465,魚介類・海産物 / 1kg,"Seafood from Fukuoka, 1kg"
3003702,長崎県産 ジェラート 詰め合わせ 12個,9,422088,菓子・スイーツ / 12個,"Confectionery and sweets from Nagasaki, 12個"
3003703,愛知県産 和菓子 詰め合わせ 20個,9,232297,菓子・スイーツ / 20個,"Confectionery and sweets from Aichi, 20個"
3003704,姫路市産 特別純米酒 720ml×2本,10,282014,日本酒 / 720ml×2本,"Sake from Hyogo, 720ml×2本"
3003705,沖縄県産 干物 詰め合わせ 12枚,2,473626,魚介類・海産物 / 12枚,"Seafood from Okinawa, 12枚"
3003706,静岡県産 あじ開き 20枚,2,222241,魚介類・海産物 / 20枚,"Seafood from Shizuoka, 20枚"
3003707,岡山県 磁器 湯呑 2客,19,334618,陶磁器・ガラス / 2客,"Ceramics and glassware from Okayama, 2客"
3003708,岩手県産 国産小麦パスタ 10袋,7,032131,麺類 / 10袋,"Noodles from Iwate, 10袋"
3003709,和歌山県産 シャインマスカット 4房,4,302066,果物 / 4房,"Fruit from Wakayama, 4房"
3003710,東京都 木製パズル 1点,25,132047,文具・玩具 / 1点,"Stationery and toys from Tokyo, 1点"
3003711,静岡県 和紙 便箋セット 1式,18,222208,工芸品・民芸品 / 1式,"Crafts and folk art from Shizuoka, 1式"
3003712,兵庫県産 ボイル毛がに 1尾 500g,2,282189,魚介類・海産物 / 1尾 500g,"Seafood from Hyogo, 1尾 500g"
3003713,上北山村 打刃物 包丁 2本,18,294519,工芸品・民芸品 / 2本,"Crafts and folk art from Nara, 2本"
3003714,栃木県産 チーズ 詰め合わせ 4種,6,092029,卵・乳製品 / 4種,"Eggs and dairy from Tochigi, 4種"
3003715,千葉県産 果汁100%ジュース 1L×6本,15,123293,飲料・ジュース / 1L×6本,"Beverages and juice from Chiba, 1L×6本"
3003716,和歌山県産 あじ開き 10枚,2,303836,魚介類・海産物 / 10枚,"Seafood from Wakayama, 10枚"
3003717,愛媛県 万年筆 1本,25,382078,文具・玩具 / 1本,"Stationery and toys from Ehime, 1本"
3003718,山形県産 季節限定 生酒 720ml×2本,10,062065,日本酒 / 720ml×2本,"Sake from Yamagata, 720ml×2本"
3003719,いわき市産 温州みかん 5kg,4,072044,果物 / 5kg,"Fruit from Fukushima, 5kg"
3003720,香川県産 稲庭うどん 1.2kg,7,372048,麺類 / 1.2kg,"Noodles from Kagawa, 1.2kg"
3003721,熊本県産 長期貯蔵 麦焼酎 1.8L,11,435104,焼酎・泡盛 / 1.8L,"Shochu and awamori from Kumamoto, 1.8L"
3003722,福井県産 ゆめぴりか 精米 5kg,3,184047,米・パン / 5kg,"Rice and bread from Fukui, 5kg"
3003723,福島県産 男爵じゃがいも 10kg,5,072109,野菜・きのこ / 10kg,"Vegetables and mushrooms from Fukushima, 10kg"
3003724,神奈川県 多肉植物 セット 6鉢,29,142123,花・観葉植物 / 6鉢,"Flowers and plants from Kanagawa, 6鉢"
3003725,広島県産 純米大吟醸 1.8L,10,342157,日本酒 / 1.8L,"Sake from Hiroshima, 1.8L"
3003726,小美玉市産 燻製 詰め合わせ 8種,8,082368,惣菜・加工品 / 8種,"Prepared and processed foods from Ibaraki, 8種"
3003727,秋田県産 季節限定 生酒 720ml×2本,10,052027,日本酒 / 720ml×2本,"Sake from Akita, 720ml×2本"
3003728,愛西市産 えごま油・亜麻仁油 180g×2本,16,232327,調味料・油 / 180g×2本,"Seasonings and oils from Aichi, 180g×2本"
3003729,北海道産 とうもろこし 12本,5,012297,野菜・きのこ / 12本,"Vegetables and mushrooms from Hokkaido, 12本"
3003730,伊江村 温泉旅館 ペア宿泊券 1泊2食付,27,473154,旅行券・宿泊券 / 1泊2食付,"Travel and accommodation vouchers from Okinawa, 1泊2食付"
3003731,鳥取県産 サーモン 刺身用 1kg,2,313700,魚介類・海産物 / 1kg,"Seafood from Tottori, 1kg"
3003732,新潟県産 生ラーメン セット 16食,7,152099,麺類 / 16食,"Noodles from Niigata, 16食"
3003733,徳島県産 稲庭うどん 800g,7,363421,麺類 / 800g,"Noodles from Tokushima, 800g"
3003734,埼玉県産 特別栽培米 玄米 20kg,3,112071,米・パン / 20kg,"Rice and bread from Saitama, 20kg"
3003735,宜野湾市産 冷凍スムージー 12本,15,472051,飲料・ジュース / 12本,"Beverages and juice from Okinawa, 12本"
3003736,福島県産 特別栽培米 玄米 10kg,3,075019,米・パン / 10kg,"Rice and bread from Fukushima, 10kg"
3003737,千葉県産 ほたて貝柱 冷凍 500g,2,122254,魚介類・海産物 / 500g,"Seafood from Chiba, 500g"
3003738,広島県 空気清浄機 1台,24,342114,家電・電化製品 / 1台,"Home appliances from Hiroshima, 1台"
3003739,豊頃町産 たまねぎ 20kg,5,016454,野菜・きのこ / 20kg,"Vegetables and mushrooms from Hokkaido, 20kg"
3003740,長崎県産 明太子 切子 500g,2,423831,魚介類・海産物 / 500g,"Seafood from Nagasaki, 500g"
3003741,鳥取県産 真鯛 フィレ 1kg,2,312037,魚介類・海産物 / 1kg,"Seafood from Tottori, 1kg"
3003742,高知県産 男爵じゃがいも 20kg,5,393631,野菜・きのこ / 20kg,"Vegetables and mushrooms from Kochi, 20kg"
3003743,山形県産 季節限定 生酒 720ml×2本,10,062065,日本酒 / 720ml×2本,"Sake from Yamagata, 720ml×2本"
3003744,石川県 漆器 伝統工芸 1客,18,172073,工芸品・民芸品 / 1客,"Crafts and folk art from Ishikawa, 1客"
3003745,鹿児島県産 ボイル毛がに 2尾,2,462233,魚介類・海産物 / 2尾,"Seafood from Kagoshima, 2尾"
3003746,長崎県産 干物 詰め合わせ 8枚,2,424111,魚介類・海産物 / 8枚,"Seafood from Nagasaki, 8枚"
3003747,青森県産 とうもろこし 12本,5,023434,野菜・きのこ / 12本,"Vegetables and mushrooms from Aomori, 12本"
3003748,郡上市産 果汁100%ジュース 1L×6本,15,212199,飲料・ジュース / 1L×6本,"Beverages and juice from Gifu, 1L×6本"
3003749,静岡県産 ほたて貝柱 冷凍 1kg,2,222267,魚介類・海産物 / 1kg,"Seafood from Shizuoka, 1kg"
3003750,廿日市市産 純米吟醸 飲み比べ 720ml×3本,10,342131,日本酒 / 720ml×3本,"Sake from Hiroshima, 720ml×3本"
3003751,安芸太田町産 味付からあげ 1kg,8,343684,惣菜・加工品 / 1kg,"Prepared and processed foods from Hiroshima, 1kg"
3003752,茨城県産 ハンバーグ 詰め合わせ 10個,1,082309,肉・肉加工品 / 10個,"Meat and meat products from Ibaraki, 10個"
3003753,福岡県産 カステラ 詰め合わせ 3本,9,404012,菓子・スイーツ / 3本,"Confectionery and sweets from Fukuoka, 3本"
3003754,北海道産 いくら醤油漬け 250g,2,012157,魚介類・海産物 / 250g,"Seafood from Hokkaido, 250g"
3003755,京都府産 チーズケーキ 1台,9,261009,菓子・スイーツ / 1台,"Confectionery and sweets from Kyoto, 1台"
3003756,竹田市産 米焼酎 飲み比べ 720ml×3本,11,442089,焼酎・泡盛 / 720ml×3本,"Shochu and awamori from Oita, 720ml×3本"
3003757,新潟県産 あきたこまち 精米 5kg,3,152111,米・パン / 5kg,"Rice and bread from Niigata, 5kg"
3003758,島根県産 和牛 焼肉セット 1kg,1,324418,肉・肉加工品 / 1kg,"Meat and meat products from Shimane, 1kg"
3003759,北斗市 靴下 詰め合わせ 10足,21,012360,繊維・衣類 / 10足,"Textiles and apparel from Hokkaido, 10足"
3003760,香川県産 スモーク鴨ロース 600g,1,373249,肉・肉加工品 / 600g,"Meat and meat products from Kagawa, 600g"
3003761,沖縄県 アウトドアチェア 2脚,26,473570,スポーツ・アウトドア / 2脚,"Sports and outdoor from Okinawa, 2脚"
3003762,甲良町 スキンケアセット 1式,22,254428,化粧品・美容 / 1式,"Cosmetics and beauty from Shiga, 1式"
3003763,愛媛県産 果汁100%ジュース 1L×6本,15,382035,飲料・ジュース / 1L×6本,"Beverages and juice from Ehime, 1L×6本"
3003764,岡山県産 さくらんぼ 佐藤錦 1kg,4,332038,果物 / 1kg,"Fruit from Okayama, 1kg"
3003765,木更津市産 冷凍スムージー 12本,15,122068,飲料・ジュース / 12本,"Beverages and juice from Chiba, 12本"
3003766,米子市産 食パン 詰め合わせ 3斤,3,312029,米・パン / 3斤,"Rice and bread from Tottori, 3斤"
3003767,福島県産 つや姫 精米 10kg,3,075442,米・パン / 10kg,"Rice and bread from Fukushima, 10kg"
3003768,長野県産 完熟マンゴー 2kg,4,203629,果物 / 2kg,"Fruit from Nagano, 2kg"
3003769,兵庫県産 うなぎ蒲焼 2尾,2,282251,魚介類・海産物 / 2尾,"Seafood from Hyogo, 2尾"
3003770,豊頃町産 ベーコン・ソーセージセット 1.2kg,1,016454,肉・肉加工品 / 1.2kg,"Meat and meat products from Hokkaido, 1.2kg"
3003771,宮崎県産 長期貯蔵 麦焼酎 1.8L,11,452068,焼酎・泡盛 / 1.8L,"Shochu and awamori from Miyazaki, 1.8L"
3003772,広島県産 燻製 詰め合わせ 5種,8,342025,惣菜・加工品 / 5種,"Prepared and processed foods from Hiroshima, 5種"
3003773,群馬県産 アスパラガス 1kg,5,102113,野菜・きのこ / 1kg,"Vegetables and mushrooms from Gunma, 1kg"
3003774,山口県産 食パン 詰め合わせ 3斤,3,352128,米・パン / 3斤,"Rice and bread from Yamaguchi, 3斤"
3003775,高浜市産 味噌 詰め合わせ 1kg×2個,16,232271,調味料・油 / 1kg×2個,"Seasonings and oils from Aichi, 1kg×2個"
3003776,佐賀県産 真鯛 フィレ 1kg,2,412066,魚介類・海産物 / 1kg,"Seafood from Saga, 1kg"
3003777,鹿児島県産 ずわいがに 脚 1.2kg,2,462012,魚介類・海産物 / 1.2kg,"Seafood from Kagoshima, 1.2kg"
3003778,佐賀県産 うなぎ蒲焼 2尾,2,412015,魚介類・海産物 / 2尾,"Seafood from Saga, 2尾"
3003779,滋賀県 漆器 伝統工芸 5客,18,252026,工芸品・民芸品 / 5客,"Crafts and folk art from Shiga, 5客"
3003780,兵庫県産 ほたて貝柱 冷凍 1kg,2,282294,魚介類・海産物 / 1kg,"Seafood from Hyogo, 1kg"
3003781,徳島県産 生ラーメン セット 10食,7,364011,麺類 / 10食,"Noodles from Tokushima, 10食"
3003782,気仙沼市産 ひとめぼれ 無洗米 10kg,3,042056,米・パン / 10kg,"Rice and bread from Miyagi, 10kg"
3003783,太田市産 稲庭うどん 800g,7,102059,麺類 / 800g,"Noodles from Gunma, 800g"
3003784,宮城県産 豚ロース しゃぶしゃぶ用 800g,1,044067,肉・肉加工品 / 800g,"Meat and meat products from Miyagi, 800g"
3003785,釜石市産 味付ジンギスカン 2kg,1,032115,肉・肉加工品 / 2kg,"Meat and meat products from Iwate, 2kg"
3003786,青森県 入浴剤 詰め合わせ 30回分,22,023213,化粧品・美容 / 30回分,"Cosmetics and beauty from Aomori, 30回分"
3003787,静岡県産 富有柿 5kg,4,222097,果物 / 5kg,"Fruit from Shizuoka, 5kg"
3003788,一宮市産 漬物 詰め合わせ 10種,8,232033,惣菜・加工品 / 10種,"Prepared and processed foods from Aichi, 10種"
3003789,富山県産 ほたて貝柱 冷凍 1kg,2,162078,魚介類・海産物 / 1kg,"Seafood from Toyama, 1kg"
3003790,太田市 タオル 詰め合わせ 10枚,23,102059,日用品・雑貨 / 10枚,"Household goods from Gunma, 10枚"
3003791,群馬県産 十割そば 10食,7,102041,麺類 / 10食,"Noodles from Gunma, 10食"
3003792,滝上町 竹細工かご 1点,18,015601,工芸品・民芸品 / 1点,"Crafts and folk art from Hokkaido, 1点"
3003793,三条市産 十割そば 10食,7,152048,麺類 / 10食,"Noodles from Niigata, 10食"
3003794,茨城県 米 定期便 10kg×6回,17,082040,定期便 / 10kg×6回,"Subscription deliveries from Ibaraki, 10kg×6回"
3003795,宮崎県産 味付ジンギスカン 2kg,1,454052,肉・肉加工品 / 2kg,"Meat and meat products from Miyazaki, 2kg"
3003796,総社市 磁器 湯呑 5客,19,332089,陶磁器・ガラス / 5客,"Ceramics and glassware from Okayama, 5客"
3003797,茨城県産 漬物 詰め合わせ 10種,8,082295,惣菜・加工品 / 10種,"Prepared and processed foods from Ibaraki, 10種"
3003798,茨城県産 冷凍餃子 50個,8,082244,惣菜・加工品 / 50個,"Prepared and processed foods from Ibaraki, 50個"
3003799,芦別市産 ほたて貝柱 冷凍 1.5kg,2,012165,魚介類・海産物 / 1.5kg,"Seafood from Hokkaido, 1.5kg"
3003800,山形県産 特別栽培米 玄米 10kg,3,062022,米・パン / 10kg,"Rice and bread from Yamagata, 10kg"
3003801,すさみ町産 果汁100%ジュース 180ml×24本,15,304069,飲料・ジュース / 180ml×24本,"Beverages and juice from Wakayama, 180ml×24本"
3003802,茨城県産 スモーク鴨ロース 600g,1,082244,肉・肉加工品 / 600g,"Meat and meat products from Ibaraki, 600g"
3003803,宇土市産 温州みかん 10kg,4,432113,果物 / 10kg,"Fruit from Kumamoto, 10kg"
3003804,滋賀県 和紙 便箋セット 1式,18,252131,工芸品・民芸品 / 1式,"Crafts and folk art from Shiga, 1式"
3003805,安来市産 ボイル毛がに 1尾 500g,2,322067,魚介類・海産物 / 1尾 500g,"Seafood from Shimane, 1尾 500g"
3003806,沖縄県産 あまおういちご 540g,4,473821,果物 / 540g,"Fruit from Okinawa, 540g"
3003807,茨城県産 男爵じゃがいも 10kg,5,082031,野菜・きのこ / 10kg,"Vegetables and mushrooms from Ibaraki, 10kg"
3003808,長野県産 国産小麦パスタ 10袋,7,202207,麺類 / 10袋,"Noodles from Nagano, 10袋"
3003809,福岡県産 どら焼き 詰め合わせ 12個,9,402214,菓子・スイーツ / 12個,"Confectionery and sweets from Fukuoka, 12個"
3003810,青森県産 生うに 200g,2,023621,魚介類・海産物 / 200g,"Seafood from Aomori, 200g"
3003811,鹿児島県産 ずわいがに 脚 1.2kg,2,463922,魚介類・海産物 / 1.2kg,"Seafood from Kagoshima, 1.2kg"
3003812,埼玉県産 抹茶 詰め合わせ 30g×3缶,14,112241,茶・コーヒー / 30g×3缶,"Tea and coffee from Saitama, 30g×3缶"
3003813,高知県産 干物 詰め合わせ 8枚,2,393410,魚介類・海産物 / 8枚,"Seafood from Kochi, 8枚"
3003814,福井県 磁器 湯呑 5客,19,182095,陶磁器・ガラス / 5客,"Ceramics and glassware from Fukui, 5客"
3003815,新潟県産 稲庭うどん 1.2kg,7,152048,麺類 / 1.2kg,"Noodles from Niigata, 1.2kg"
3003816,高知県産 干物 詰め合わせ 8枚,2,393649,魚介類・海産物 / 8枚,"Seafood from Kochi, 8枚"
3003817,福岡県産 和菓子 詰め合わせ 20個,9,402141,菓子・スイーツ / 20個,"Confectionery and sweets from Fukuoka, 20個"
3003818,徳島県産 メロン 秀品 1玉,4,364681,果物 / 1玉,"Fruit from Tokushima, 1玉"
3003819,山梨県 竹細工かご 1点,18,192082,工芸品・民芸品 / 1点,"Crafts and folk art from Yamanashi, 1点"
3003820,吉野川市産 アスパラガス 1kg,5,362051,野菜・きのこ / 1kg,"Vegetables and mushrooms from Tokushima, 1kg"
3003821,熊本県産 本格芋焼酎 900ml×2本,11,435058,焼酎・泡盛 / 900ml×2本,"Shochu and awamori from Kumamoto, 900ml×2本"
3003822,千葉県産 あじ開き 20枚,2,122106,魚介類・海産物 / 20枚,"Seafood from Chiba, 20枚"
3003823,岩手県産 黒毛和牛 切り落とし 1.5kg,1,034614,肉・肉加工品 / 1.5kg,"Meat and meat products from Iwate, 1.5kg"
3003824,長崎県産 ハンバーグ 詰め合わせ 15個,1,422053,肉・肉加工品 / 15個,"Meat and meat products from Nagasaki, 15個"
3003825,愛媛県産 ずわいがに 脚 1.2kg,2,382159,魚介類・海産物 / 1.2kg,"Seafood from Ehime, 1.2kg"
3003826,高知県産 干物 詰め合わせ 8枚,2,394050,魚介類・海産物 / 8枚,"Seafood from Kochi, 8枚"
3003827,栃木県産 発酵バター 200g×5個,6,092118,卵・乳製品 / 200g×5個,"Eggs and dairy from Tochigi, 200g×5個"
3003828,山梨県産 樽熟成 赤ワイン 750ml×2本,13,192147,ワイン / 750ml×2本,"Wine from Yamanashi, 750ml×2本"
3003829,山梨県産 だしパック 60袋,16,194425,調味料・油 / 60袋,"Seasonings and oils from Yamanashi, 60袋"
3003830,いすみ市 空気清浄機 1台,24,122386,家電・電化製品 / 1台,"Home appliances from Chiba, 1台"
3003831,福井県 磁器 湯呑 2客,19,182044,陶磁器・ガラス / 2客,"Ceramics and glassware from Fukui, 2客"
3003832,東京都 クルーズ 乗船券 2名,28,131164,体験・チケット / 2名,"Experiences and tickets from Tokyo, 2名"
3003833,千葉県産 天然水 2L×12本,15,124249,飲料・ジュース / 2L×12本,"Beverages and juice from Chiba, 2L×12本"
3003834,長野県産 あまおういちご 1080g,4,203076,果物 / 1080g,"Fruit from Nagano, 1080g"
3003835,富山県産 真鯛 フィレ 1kg,2,162108,魚介類・海産物 / 1kg,"Seafood from Toyama, 1kg"
3003836,小林市産 冷凍餃子 50個,8,452050,惣菜・加工品 / 50個,"Prepared and processed foods from Miyazaki, 50個"
3003837,勝央町産 あきたこまち 精米 5kg,3,336220,米・パン / 5kg,"Rice and bread from Okayama, 5kg"
3003838,小平市 洗剤 詰め合わせ 1式,23,132110,日用品・雑貨 / 1式,"Household goods from Tokyo, 1式"
3003839,兵庫県産 黒毛和牛 サーロインステーキ 200g×2枚,1,282049,肉・肉加工品 / 200g×2枚,"Meat and meat products from Hyogo, 200g×2枚"
3003840,埼玉県 打刃物 包丁 1本,18,113859,工芸品・民芸品 / 1本,"Crafts and folk art from Saitama, 1本"
3003841,四日市市産 干物 詰め合わせ 12枚,2,242021,魚介類・海産物 / 12枚,"Seafood from Mie, 12枚"
3003842,和歌山県産 いくら醤油漬け 250g,2,303828,魚介類・海産物 / 250g,"Seafood from Wakayama, 250g"
3003843,熊本県産 和牛 焼肉セット 600g,1,434329,肉・肉加工品 / 600g,"Meat and meat products from Kumamoto, 600g"
3003844,徳島県産 シャインマスカット 2房,4,364894,果物 / 2房,"Fruit from Tokushima, 2房"
3003845,夕張市産 アイスクリーム 詰め合わせ 12個,6,012092,卵・乳製品 / 12個,"Eggs and dairy from Hokkaido, 12個"
3003846,鹿児島県産 アスパラガス 2kg,5,462250,野菜・きのこ / 2kg,"Vegetables and mushrooms from Kagoshima, 2kg"
3003847,東海村 温泉旅館 ペア宿泊券 1泊2食付,27,083411,旅行券・宿泊券 / 1泊2食付,"Travel and accommodation vouchers from Ibaraki, 1泊2食付"
3003848,福岡県産 バウムクーヘン 4個,9,405035,菓子・スイーツ / 4個,"Confectionery and sweets from Fukuoka, 4個"
3003849,和歌山県産 完熟マンゴー 2kg,4,302074,果物 / 2kg,"Fruit from Wakayama, 2kg"
3003850,三重県 洗剤 詰め合わせ 1式,23,242161,日用品・雑貨 / 1式,"Household goods from Mie, 1式"
3003851,熊本県産 和牛 焼肉セット 600g,1,434329,肉・肉加工品 / 600g,"Meat and meat products from Kumamoto, 600g"
3003852,福岡県産 味付ジンギスカン 1kg,1,402265,肉・肉加工品 / 1kg,"Meat and meat products from Fukuoka, 1kg"
3003853,広島県産 純米吟醸 飲み比べ 720ml×3本,10,342084,日本酒 / 720ml×3本,"Sake from Hiroshima, 720ml×3本"
3003854,愛知県 ペット用おやつ 詰め合わせ 10袋,30,232301,ペット用品 / 10袋,"Pet supplies from Aichi, 10袋"
3003855,新潟県産 ドリップコーヒー 50袋,14,151009,茶・コーヒー / 50袋,"Tea and coffee from Niigata, 50袋"
3003856,大分県産 漬物 詰め合わせ 10種,8,442020,惣菜・加工品 / 10種,"Prepared and processed foods from Oita, 10種"
3003857,長野県産 スパークリングワイン 750ml×2本,13,202100,ワイン / 750ml×2本,"Wine from Nagano, 750ml×2本"
3003858,多摩市 クルーズ 乗船券 2名,28,132241,体験・チケット / 2名,"Experiences and tickets from Tokyo, 2名"
3003859,長野県産 乾燥しいたけ 300g,5,204145,野菜・きのこ / 300g,"Vegetables and mushrooms from Nagano, 300g"
3003860,徳島県産 さくらんぼ 佐藤錦 500g,4,364894,果物 / 500g,"Fruit from Tokushima, 500g"
3003861,中津川市 陶器 マグカップ 2個,19,212067,陶磁器・ガラス / 2個,"Ceramics and glassware from Gifu, 2個"
3003862,神奈川県 トイレットペーパー 72ロール,23,142140,日用品・雑貨 / 72ロール,"Household goods from Kanagawa, 72ロール"
3003863,北海道産 どら焼き 詰め合わせ 20個,9,012203,菓子・スイーツ / 20個,"Confectionery and sweets from Hokkaido, 20個"
3003864,岐阜県 打刃物 包丁 2本,18,212075,工芸品・民芸品 / 2本,"Crafts and folk art from Gifu, 2本"
3003865,茅野市産 稲庭うどん 800g,7,202142,麺類 / 800g,"Noodles from Nagano, 800g"
3003866,小笠原村 国産材 積み木 1式,25,134210,文具・玩具 / 1式,"Stationery and toys from Tokyo, 1式"
3003867,岡山県産 ゆめぴりか 精米 5kg,3,332143,米・パン / 5kg,"Rice and bread from Okayama, 5kg"
3003868,愛知県産 佃煮 詰め合わせ 5種,8,232254,惣菜・加工品 / 5種,"Prepared and processed foods from Aichi, 5種"
3003869,千葉県産 ボイル毛がに 2尾,2,122106,魚介類・海産物 / 2尾,"Seafood from Chiba, 2尾"
3003870,富加町 漆器 伝統工芸 1客,18,215023,工芸品・民芸品 / 1客,"Crafts and folk art from Gifu, 1客"
3003871,愛知県 綿100% 寝具カバー 1式,21,232301,繊維・衣類 / 1式,"Textiles and apparel from Aichi, 1式"
3003872,大阪府産 味付からあげ 2kg,8,272116,惣菜・加工品 / 2kg,"Prepared and processed foods from Osaka, 2kg"
3003873,神奈川県産 どら焼き 詰め合わせ 12個,9,142107,菓子・スイーツ / 12個,"Confectionery and sweets from Kanagawa, 12個"
3003874,長野県産 アスパラガス 2kg,5,203246,野菜・きのこ / 2kg,"Vegetables and mushrooms from Nagano, 2kg"
3003875,佐賀県 陶器 マグカップ 2個,19,413275,陶磁器・ガラス / 2個,"Ceramics and glassware from Saga, 2個"
3003876,神奈川県 温泉旅館 ペア宿泊券 1泊2食付,27,141003,旅行券・宿泊券 / 1泊2食付,"Travel and accommodation vouchers from Kanagawa, 1泊2食付"
3003877,山梨県 伝統こけし 1体,18,193640,工芸品・民芸品 / 1体,"Crafts and folk art from Yamanashi, 1体"
3003878,山梨県 木製食器セット 4点,20,194221,木工品・家具 / 4点,"Woodwork and furniture from Yamanashi, 4点"
3003879,新潟県 胡蝶蘭 鉢植え 1鉢,29,152234,花・観葉植物 / 1鉢,"Flowers and plants from Niigata, 1鉢"
3003880,箕面市産 どら焼き 詰め合わせ 12個,9,272205,菓子・スイーツ / 12個,"Confectionery and sweets from Osaka, 12個"
3003881,北海道産 生うに 200g,2,014303,魚介類・海産物 / 200g,"Seafood from Hokkaido, 200g"
3003882,石川県産 ボイル毛がに 2尾,2,172090,魚介類・海産物 / 2尾,"Seafood from Ishikawa, 2尾"
3003883,愛媛県産 幸水梨 5kg,4,384429,果物 / 5kg,"Fruit from Ehime, 5kg"
3003884,愛媛県 デニムジーンズ 1本,21,384887,繊維・衣類 / 1本,"Textiles and apparel from Ehime, 1本"
3003885,千葉県産 紅はるか さつまいも 5kg,5,122301,野菜・きのこ / 5kg,"Vegetables and mushrooms from Chiba, 5kg"
3003886,熊本県 入浴剤 詰め合わせ 30回分,22,434442,化粧品・美容 / 30回分,"Cosmetics and beauty from Kumamoto, 30回分"
3003887,七戸町 ペット用おやつ 詰め合わせ 10袋,30,024023,ペット用品 / 10袋,"Pet supplies from Aomori, 10袋"
3003888,兵庫県産 ジェラート 詰め合わせ 12個,9,283827,菓子・スイーツ / 12個,"Confectionery and sweets from Hyogo, 12個"
3003889,上板町産 乾燥しいたけ 300g,5,364053,野菜・きのこ / 300g,"Vegetables and mushrooms from Tokushima, 300g"
3003890,宮城県産 味付からあげ 1kg,8,042099,惣菜・加工品 / 1kg,"Prepared and processed foods from Miyagi, 1kg"
3003891,山口県産 季節限定 生酒 720ml×2本,10,352021,日本酒 / 720ml×2本,"Sake from Yamaguchi, 720ml×2本"
3003892,岐阜県 木製カッティングボード 1枚,20,212181,木工品・家具 / 1枚,"Woodwork and furniture from Gifu, 1枚"
3003893,埼玉県産 味付からあげ 2kg,8,112127,惣菜・加工品 / 2kg,"Prepared and processed foods from Saitama, 2kg"
3003894,静岡県産 干物 詰め合わせ 12枚,2,222143,魚介類・海産物 / 12枚,"Seafood from Shizuoka, 12枚"
3003895,東京都 木製パズル 1点,25,131211,文具・玩具 / 1点,"Stationery and toys from Tokyo, 1点"
3003896,大阪府 クルーズ 乗船券 2名,28,272132,体験・チケット / 2名,"Experiences and tickets from Osaka, 2名"
3003897,"津久見市 観光施設 利用券 10,000円分",27,442071,"旅行券・宿泊券 / 10,000円分","Travel and accommodation vouchers from Oita, 10,000円分"
3003898,東海市産 チーズケーキ 2台,9,232220,菓子・スイーツ / 2台,"Confectionery and sweets from Aichi, 2台"
3003899,埼玉県産 レトルトカレー 詰め合わせ 16食,8,112437,惣菜・加工品 / 16食,"Prepared and processed foods from Saitama, 16食"
3003900,五戸町産 サンふじりんご 5kg,4,024422,果物 / 5kg,"Fruit from Aomori, 5kg"
3003901,富山県 和紙 便箋セット 1式,18,162043,工芸品・民芸品 / 1式,"Crafts and folk art from Toyama, 1式"
3003902,横須賀市産 冷凍餃子 100個,8,142018,惣菜・加工品 / 100個,"Prepared and processed foods from Kanagawa, 100個"
3003903,石川県 陶器 マグカップ 2個,19,172057,陶磁器・ガラス / 2個,"Ceramics and glassware from Ishikawa, 2個"
3003904,品川区 包丁研ぎ器 1個,23,131091,日用品・雑貨 / 1個,"Household goods from Tokyo, 1個"
3003905,静岡県産 燻製 詰め合わせ 8種,8,222151,惣菜・加工品 / 8種,"Prepared and processed foods from Shizuoka, 8種"
3003906,東京都産 どら焼き 詰め合わせ 20個,9,131172,菓子・スイーツ / 20個,"Confectionery and sweets from Tokyo, 20個"
3003907,岐阜県 無垢材スツール 1脚,20,215074,木工品・家具 / 1脚,"Woodwork and furniture from Gifu, 1脚"
3003908,愛知県産 味付からあげ 1kg,8,232084,惣菜・加工品 / 1kg,"Prepared and processed foods from Aichi, 1kg"
3003909,山口県産 明太子 切子 500g,2,352080,魚介類・海産物 / 500g,"Seafood from Yamaguchi, 500g"
3003910,兵庫県産 和菓子 詰め合わせ 12個,9,282057,菓子・スイーツ / 12個,"Confectionery and sweets from Hyogo, 12個"
3003911,幸田町産 だしパック 30袋,16,235016,調味料・油 / 30袋,"Seasonings and oils from Aichi, 30袋"
3003912,南知多町産 プリン 詰め合わせ 8個,9,234451,菓子・スイーツ / 8個,"Confectionery and sweets from Aichi, 8個"
3003913,茨城県産 厚切り牛タン 500g,1,083411,肉・肉加工品 / 500g,"Meat and meat products from Ibaraki, 500g"
3003914,奈良県産 国産紅茶 50g×4袋,14,292028,茶・コーヒー / 50g×4袋,"Tea and coffee from Nara, 50g×4袋"
3003915,宮城県 米 定期便 5kg×12回,17,042111,定期便 / 5kg×12回,"Subscription deliveries from Miyagi, 5kg×12回"
3003916,小野市産 季節限定 生酒 720ml×2本,10,282189,日本酒 / 720ml×2本,"Sake from Hyogo, 720ml×2本"
3003917,岡山県産 サンふじりんご 10kg,4,332151,果物 / 10kg,"Fruit from Okayama, 10kg"
3003918,留寿都村産 乾燥しいたけ 300g,5,013978,野菜・きのこ / 300g,"Vegetables and mushrooms from Hokkaido, 300g"
3003919,福島県産 特別栽培米 玄米 10kg,3,074021,米・パン / 10kg,"Rice and bread from Fukushima, 10kg"
3003920,滋賀県産 豚ロース しゃぶしゃぶ用 800g,1,252123,肉・肉加工品 / 800g,"Meat and meat products from Shiga, 800g"
3003921,兵庫県産 スモーク鴨ロース 400g,1,285013,肉・肉加工品 / 400g,"Meat and meat products from Hyogo, 400g"
3003922,北海道産 ずわいがに 脚 800g,2,014320,魚介類・海産物 / 800g,"Seafood from Hokkaido, 800g"
3003923,羽村市 万年筆 1本,25,132276,文具・玩具 / 1本,"Stationery and toys from Tokyo, 1本"
3003924,津奈木町産 米焼酎 飲み比べ 720ml×3本,11,434841,焼酎・泡盛 / 720ml×3本,"Shochu and awamori from Kumamoto, 720ml×3本"
3003925,北海道産 飲むヨーグルト 900ml×12本,6,013030,卵・乳製品 / 900ml×12本,"Eggs and dairy from Hokkaido, 900ml×12本"
3003926,栃木県産 煎茶 詰め合わせ 100g×3袋,14,092151,茶・コーヒー / 100g×3袋,"Tea and coffee from Tochigi, 100g×3袋"
3003927,和泉市産 和菓子 詰め合わせ 20個,9,272191,菓子・スイーツ / 20個,"Confectionery and sweets from Osaka, 20個"
3003928,熊本県産 温州みかん 10kg,4,435317,果物 / 10kg,"Fruit from Kumamoto, 10kg"
3003929,高鍋町産 漬物 詰め合わせ 10種,8,454010,惣菜・加工品 / 10種,"Prepared and processed foods from Miyazaki, 10種"
3003930,川棚町産 サーモン 刺身用 1kg,2,423220,魚介類・海産物 / 1kg,"Seafood from Nagasaki, 1kg"
3003931,兵庫県産 ボイル毛がに 2尾,2,282073,魚介類・海産物 / 2尾,"Seafood from Hyogo, 2尾"
3003932,兵庫県産 ボイル毛がに 2尾,2,282286,魚介類・海産物 / 2尾,"Seafood from Hyogo, 2尾"
3003933,宮城県産 冷凍餃子 100個,8,042072,惣菜・加工品 / 100個,"Prepared and processed foods from Miyagi, 100個"
3003934,新富町産 黒毛和牛 サーロインステーキ 150g×3枚,1,454028,肉・肉加工品 / 150g×3枚,"Meat and meat products from Miyazaki, 150g×3枚"
3003935,栃木市産 平飼いたまご 60個,6,092037,卵・乳製品 / 60個,"Eggs and dairy from Tochigi, 60個"
3003936,北海道産 厚切り牛タン 900g,1,012271,肉・肉加工品 / 900g,"Meat and meat products from Hokkaido, 900g"
3003937,福島県産 特別純米酒 1.8L,10,075434,日本酒 / 1.8L,"Sake from Fukushima, 1.8L"
3003938,神山町産 紅はるか さつまいも 5kg,5,363421,野菜・きのこ / 5kg,"Vegetables and mushrooms from Tokushima, 5kg"
3003939,岡山県 デニムジーンズ 1本,21,332151,繊維・衣類 / 1本,"Textiles and apparel from Okayama, 1本"
3003940,神奈川県産 冷凍餃子 50個,8,142131,惣菜・加工品 / 50個,"Prepared and processed foods from Kanagawa, 50個"
3003941,熊本市産 温州みかん 5kg,4,431001,果物 / 5kg,"Fruit from Kumamoto, 5kg"
3003942,愛知県産 燻製 詰め合わせ 8種,8,232106,惣菜・加工品 / 8種,"Prepared and processed foods from Aichi, 8種"
3003943,鹿児島県 包丁研ぎ器 1個,23,462152,日用品・雑貨 / 1個,"Household goods from Kagoshima, 1個"
3003944,"琴浦町 観光施設 利用券 10,000円分",27,313718,"旅行券・宿泊券 / 10,000円分","Travel and accommodation vouchers from Tottori, 10,000円分"
3003945,奈良県 釣具セット 1式,26,294519,スポーツ・アウトドア / 1式,"Sports and outdoor from Nara, 1式"
3003946,山形県産 あまおういちご 1080g,4,062057,果物 / 1080g,"Fruit from Yamagata, 1080g"
3003947,小国町産 カステラ 詰め合わせ 2本,9,064017,菓子・スイーツ / 2本,"Confectionery and sweets from Yamagata, 2本"
3003948,国東市 登山用リュック 1個,26,442143,スポーツ・アウトドア / 1個,"Sports and outdoor from Oita, 1個"
3003949,北海道 木製食器セット 4点,20,014231,木工品・家具 / 4点,"Woodwork and furniture from Hokkaido, 4点"
3003950,青森県産 生うに 100g,2,024066,魚介類・海産物 / 100g,"Seafood from Aomori, 100g"
3003951,福岡県産 バウムクーヘン 4個,9,403415,菓子・スイーツ / 4個,"Confectionery and sweets from Fukuoka, 4個"
3003952,宮崎県産 漬物 詰め合わせ 6種,8,452025,惣菜・加工品 / 6種,"Prepared and processed foods from Miyazaki, 6種"
3003953,高知県 登山用リュック 1個,26,394289,スポーツ・アウトドア / 1個,"Sports and outdoor from Kochi, 1個"
3003954,本庄市産 佃煮 詰め合わせ 5種,8,112119,惣菜・加工品 / 5種,"Prepared and processed foods from Saitama, 5種"
3003955,岡山県 シルクスカーフ 1枚,21,334618,繊維・衣類 / 1枚,"Textiles and apparel from Okayama, 1枚"
3003956,矢巾町産 いくら醤油漬け 500g,2,033227,魚介類・海産物 / 500g,"Seafood from Iwate, 500g"
3003957,見附市産 米粉パン セット 12個,3,152111,米・パン / 12個,"Rice and bread from Niigata, 12個"
3003958,岐阜県 直火用 土鍋 1個,19,212083,陶磁器・ガラス / 1個,"Ceramics and glassware from Gifu, 1個"
3003959,北大東村産 あじ開き 10枚,2,473588,魚介類・海産物 / 10枚,"Seafood from Okinawa, 10枚"
3003960,長野県産 辛口 白ワイン 750ml×2本,13,202053,ワイン / 750ml×2本,"Wine from Nagano, 750ml×2本"
3003961,土浦市産 つや姫 精米 5kg,3,082031,米・パン / 5kg,"Rice and bread from Ibaraki, 5kg"
3003962,鹿沼市産 チーズ 詰め合わせ 6種,6,092053,卵・乳製品 / 6種,"Eggs and dairy from Tochigi, 6種"
3003963,南相木村産 季節の野菜 詰め合わせ 10品目,5,203068,野菜・きのこ / 10品目,"Vegetables and mushrooms from Nagano, 10品目"
3003964,むつ市産 ハンバーグ 詰め合わせ 10個,1,022080,肉・肉加工品 / 10個,"Meat and meat products from Aomori, 10個"
3003965,群馬県産 冷凍餃子 100個,8,104256,惣菜・加工品 / 100個,"Prepared and processed foods from Gunma, 100個"
3003966,福岡県産 どら焼き 詰め合わせ 20個,9,402273,菓子・スイーツ / 20個,"Confectionery and sweets from Fukuoka, 20個"
3003967,滋賀県産 黒毛和牛 切り落とし 1kg,1,252131,肉・肉加工品 / 1kg,"Meat and meat products from Shiga, 1kg"
3003968,埼玉県産 燻製 詰め合わせ 5種,8,112313,惣菜・加工品 / 5種,"Prepared and processed foods from Saitama, 5種"
3003969,三重県産 味付ジンギスカン 1kg,1,242101,肉・肉加工品 / 1kg,"Meat and meat products from Mie, 1kg"
3003970,福島県 季節の花束 1束,29,072095,花・観葉植物 / 1束,"Flowers and plants from Fukushima, 1束"
3003971,岡山県産 ゆめぴりか 精米 10kg,3,332151,米・パン / 10kg,"Rice and bread from Okayama, 10kg"
3003972,栃木県 クルーズ 乗船券 2名,28,092011,体験・チケット / 2名,"Experiences and tickets from Tochigi, 2名"
3003973,山形県産 純米吟醸 飲み比べ 720ml×3本,10,062111,日本酒 / 720ml×3本,"Sake from Yamagata, 720ml×3本"
3003974,大阪府 トイレットペーパー 72ロール,23,272141,日用品・雑貨 / 72ロール,"Household goods from Osaka, 72ロール"
3003975,大阪府産 バウムクーヘン 4個,9,272027,菓子・スイーツ / 4個,"Confectionery and sweets from Osaka, 4個"
3003976,埼玉県産 米粉パン セット 12個,3,112348,米・パン / 12個,"Rice and bread from Saitama, 12個"
3003977,"新城市 観光施設 利用券 10,000円分",27,232211,"旅行券・宿泊券 / 10,000円分","Travel and accommodation vouchers from Aichi, 10,000円分"
3003978,岐阜県 空気清浄機 1台,24,212075,家電・電化製品 / 1台,"Home appliances from Gifu, 1台"
3003979,岡山県 ガラス酒器 1式,19,336661,陶磁器・ガラス / 1式,"Ceramics and glassware from Okayama, 1式"
3003980,茨城県産 スモーク鴨ロース 400g,1,082325,肉・肉加工品 / 400g,"Meat and meat products from Ibaraki, 400g"
3003981,秋田県産 燻製 詰め合わせ 5種,8,052078,惣菜・加工品 / 5種,"Prepared and processed foods from Akita, 5種"
3003982,福島県産 米粉パン セット 12個,3,072141,米・パン / 12個,"Rice and bread from Fukushima, 12個"
3003983,富田林市 洗剤 詰め合わせ 1式,23,272141,日用品・雑貨 / 1式,"Household goods from Osaka, 1式"
3003984,大阪府 トイレットペーパー 72ロール,23,272311,日用品・雑貨 / 72ロール,"Household goods from Osaka, 72ロール"
3003985,岐阜県産 銘柄鶏 もも肉 2kg,1,212059,肉・肉加工品 / 2kg,"Meat and meat products from Gifu, 2kg"
3003986,群馬県産 生ラーメン セット 10食,7,104281,麺類 / 10食,"Noodles from Gunma, 10食"
3003987,埼玉県産 燻製 詰め合わせ 8種,8,112283,惣菜・加工品 / 8種,"Prepared and processed foods from Saitama, 8種"
3003988,大阪府産 プリン 詰め合わせ 12個,9,272086,菓子・スイーツ / 12個,"Confectionery and sweets from Osaka, 12個"
3003989,壱岐市産 厚切り牛タン 900g,1,422100,肉・肉加工品 / 900g,"Meat and meat products from Nagasaki, 900g"
3003990,大阪府産 プリン 詰め合わせ 12個,9,272167,菓子・スイーツ / 12個,"Confectionery and sweets from Osaka, 12個"
3003991,佐賀県 打刃物 包丁 1本,18,412074,工芸品・民芸品 / 1本,"Crafts and folk art from Saga, 1本"
3003992,北海道産 たまねぎ 10kg,5,012190,野菜・きのこ / 10kg,"Vegetables and mushrooms from Hokkaido, 10kg"
3003993,山形県産 温州みかん 10kg,4,062065,果物 / 10kg,"Fruit from Yamagata, 10kg"
3003994,兵庫県産 和菓子 詰め合わせ 12個,9,285862,菓子・スイーツ / 12個,"Confectionery and sweets from Hyogo, 12個"
3003995,福井県産 季節限定 生酒 720ml×2本,10,182079,日本酒 / 720ml×2本,"Sake from Fukui, 720ml×2本"
3003996,丹波篠山市 国産材 積み木 1式,25,282219,文具・玩具 / 1式,"Stationery and toys from Hyogo, 1式"
3003997,和歌山県産 味噌 詰め合わせ 1kg×3個,16,302040,調味料・油 / 1kg×3個,"Seasonings and oils from Wakayama, 1kg×3個"
3003998,神奈川県産 ジェラート 詰め合わせ 12個,9,142140,菓子・スイーツ / 12個,"Confectionery and sweets from Kanagawa, 12個"
3003999,広島県産 純米吟醸 飲み比べ 720ml×3本,10,342084,日本酒 / 720ml×3本,"Sake from Hiroshima, 720ml×3本"
3004000,大阪府産 和菓子 詰め合わせ 12個,9,272124,菓子・スイーツ / 12個,"Confectionery and sweets from Osaka, 12個"
3004001,戸田市産 米粉パン セット 12個,3,112241,米・パン / 12個,"Rice and bread from Saitama, 12個"
3004002,伯耆町 国産材 積み木 1式,25,313904,文具・玩具 / 1式,"Stationery and toys from Tottori, 1式"
3004003,大山崎町産 果汁100%ジュース 1L×6本,15,263036,飲料・ジュース / 1L×6本,"Beverages and juice from Kyoto, 1L×6本"
3004004,太地町産 冷凍スムージー 12本,15,304221,飲料・ジュース / 12本,"Beverages and juice from Wakayama, 12本"
3004005,静岡県産 ドリップコーヒー 50袋,14,222038,茶・コーヒー / 50袋,"Tea and coffee from Shizuoka, 50袋"
3004006,愛媛県 靴下 詰め合わせ 10足,21,383864,繊維・衣類 / 10足,"Textiles and apparel from Ehime, 10足"
3004007,広島県 ガラス酒器 1式,19,342149,陶磁器・ガラス / 1式,"Ceramics and glassware from Hiroshima, 1式"
3004008,福井県産 米粉パン セット 8個,3,182087,米・パン / 8個,"Rice and bread from Fukui, 8個"
3004009,山形県産 サンふじりんご 5kg,4,062022,果物 / 5kg,"Fruit from Yamagata, 5kg"
3004010,神奈川県産 チーズケーキ 2台,9,142107,菓子・スイーツ / 2台,"Confectionery and sweets from Kanagawa, 2台"
3004011,丹波篠山市産 ハンバーグ 詰め合わせ 10個,1,282219,肉・肉加工品 / 10個,"Meat and meat products from Hyogo, 10個"
3004012,枚方市 多肉植物 セット 6鉢,29,272108,花・観葉植物 / 6鉢,"Flowers and plants from Osaka, 6鉢"
3004013,岩手県産 国産小麦パスタ 10袋,7,033669,麺類 / 10袋,"Noodles from Iwate, 10袋"
3004014,都城市産 ハンバーグ 詰め合わせ 20個,1,452025,肉・肉加工品 / 20個,"Meat and meat products from Miyazaki, 20個"
3004015,茨城県産 コシヒカリ 精米 20kg,3,082236,米・パン / 20kg,"Rice and bread from Ibaraki, 20kg"
3004016,栃木県産 煎茶 詰め合わせ 100g×5袋,14,092096,茶・コーヒー / 100g×5袋,"Tea and coffee from Tochigi, 100g×5袋"
3004017,三重県 トイレットペーパー 72ロール,23,244431,日用品・雑貨 / 72ロール,"Household goods from Mie, 72ロール"
3004018,神埼市産 黒毛和牛 切り落とし 1kg,1,412104,肉・肉加工品 / 1kg,"Meat and meat products from Saga, 1kg"
3004019,稲沢市産 冷凍餃子 50個,8,232203,惣菜・加工品 / 50個,"Prepared and processed foods from Aichi, 50個"
3004020,高知県産 とうもろこし 20本,5,392120,野菜・きのこ / 20本,"Vegetables and mushrooms from Kochi, 20本"
3004021,津山市産 米粉パン セット 12個,3,332038,米・パン / 12個,"Rice and bread from Okayama, 12個"
3004022,港区産 バウムクーヘン 4個,9,131032,菓子・スイーツ / 4個,"Confectionery and sweets from Tokyo, 4個"
3004023,神奈川県産 冷凍餃子 50個,8,142131,惣菜・加工品 / 50個,"Prepared and processed foods from Kanagawa, 50個"
3004024,横芝光町産 うなぎ蒲焼 5尾,2,124109,魚介類・海産物 / 5尾,"Seafood from Chiba, 5尾"
3004025,静岡県産 あまおういちご 1080g,4,222143,果物 / 1080g,"Fruit from Shizuoka, 1080g"
3004026,秋田県産 生ラーメン セット 16食,7,052019,麺類 / 16食,"Noodles from Akita, 16食"
3004027,箕面市産 どら焼き 詰め合わせ 20個,9,272205,菓子・スイーツ / 20個,"Confectionery and sweets from Osaka, 20個"
3004028,島根県産 生うに 100g,2,325058,魚介類・海産物 / 100g,"Seafood from Shimane, 100g"
3004029,長崎県産 生うに 200g,2,422037,魚介類・海産物 / 200g,"Seafood from Nagasaki, 200g"
3004030,福島県 釣具セット 1式,26,073440,スポーツ・アウトドア / 1式,"Sports and outdoor from Fukushima, 1式"
3004031,大阪府産 プリン 詰め合わせ 12個,9,272159,菓子・スイーツ / 12個,"Confectionery and sweets from Osaka, 12個"
3004032,東京都 万年筆 1本,25,131105,文具・玩具 / 1本,"Stationery and toys from Tokyo, 1本"
3004033,石川県 和紙 便箋セット 1式,18,172090,工芸品・民芸品 / 1式,"Crafts and folk art from Ishikawa, 1式"
3004034,中央区 果物狩り 体験チケット 4名,28,131024,体験・チケット / 4名,"Experiences and tickets from Tokyo, 4名"
3004035,壱岐市産 うなぎ蒲焼 5尾,2,422100,魚介類・海産物 / 5尾,"Seafood from Nagasaki, 5尾"
3004036,埼玉県産 つや姫 精米 10kg,3,114081,米・パン / 10kg,"Rice and bread from Saitama, 10kg"
3004037,白石町産 泡盛 古酒 1.8L,11,414255,焼酎・泡盛 / 1.8L,"Shochu and awamori from Saga, 1.8L"
3004038,高崎市産 冷凍餃子 100個,8,102024,惣菜・加工品 / 100個,"Prepared and processed foods from Gunma, 100個"
3004039,京都府産 バウムクーヘン 2個,9,262030,菓子・スイーツ / 2個,"Confectionery and sweets from Kyoto, 2個"
3004040,山梨県産 サンふじりんご 10kg,4,193844,果物 / 10kg,"Fruit from Yamanashi, 10kg"
3004041,三重県産 ジェラート 詰め合わせ 12個,9,243035,菓子・スイーツ / 12個,"Confectionery and sweets from Mie, 12個"
3004042,熊本県産 長期貯蔵 麦焼酎 1.8L,11,434035,焼酎・泡盛 / 1.8L,"Shochu and awamori from Kumamoto, 1.8L"
3004043,鹿児島県産 長期貯蔵 麦焼酎 1.8L,11,462039,焼酎・泡盛 / 1.8L,"Shochu and awamori from Kagoshima, 1.8L"
3004044,広島県産 特別純米酒 1.8L,10,343684,日本酒 / 1.8L,"Sake from Hiroshima, 1.8L"
3004045,長野県産 十割そば 10食,7,203211,麺類 / 10食,"Noodles from Nagano, 10食"
3004046,羽島市 果物 定期便 隔月×6回,17,212091,定期便 / 隔月×6回,"Subscription deliveries from Gifu, 隔月×6回"
3004047,鹿児島県産 高糖度トマト 3kg,5,465241,野菜・きのこ / 3kg,"Vegetables and mushrooms from Kagoshima, 3kg"
3004048,高知県産 たまねぎ 10kg,5,392090,野菜・きのこ / 10kg,"Vegetables and mushrooms from Kochi, 10kg"
3004049,福岡県産 和菓子 詰め合わせ 20個,9,402150,菓子・スイーツ / 20個,"Confectionery and sweets from Fukuoka, 20個"
3004050,穴水町 直火用 土鍋 1個,19,174611,陶磁器・ガラス / 1個,"Ceramics and glassware from Ishikawa, 1個"
3004051,城陽市産 チーズケーキ 2台,9,262072,菓子・スイーツ / 2台,"Confectionery and sweets from Kyoto, 2台"
3004052,新潟県産 十割そば 16食,7,153613,麺類 / 16食,"Noodles from Niigata, 16食"
3004053,沖縄県産 富有柿 5kg,4,473545,果物 / 5kg,"Fruit from Okinawa, 5kg"
3004054,山梨県産 天然水 2L×24本,15,192121,飲料・ジュース / 2L×24本,"Beverages and juice from Yamanashi, 2L×24本"
3004055,三好市 伝統こけし 1体,18,362085,工芸品・民芸品 / 1体,"Crafts and folk art from Tokushima, 1体"
3004056,加西市産 ハンバーグ 詰め合わせ 10個,1,282201,肉・肉加工品 / 10個,"Meat and meat products from Hyogo, 10個"
3004057,三郷市産 佃煮 詰め合わせ 5種,8,112372,惣菜・加工品 / 5種,"Prepared and processed foods from Saitama, 5種"
3004058,礼文町産 アスパラガス 1kg,5,015172,野菜・きのこ / 1kg,"Vegetables and mushrooms from Hokkaido, 1kg"
3004059,静岡県産 ニューサマーオレンジ 3kg,4,223042,果物 / 3kg,"Shizuoka New Summer oranges, 3 kg"
3004060,兵庫県産 黒毛和牛 サーロインステーキ 400g,1,282189,肉・肉加工品 / 400g,"Meat and meat products from Hyogo, 400g"
3004061,福井県産 真鯛 フィレ 1kg,2,182095,魚介類・海産物 / 1kg,"Seafood from Fukui, 1kg"
3004062,岩手県産 食パン 詰め合わせ 3斤,3,034851,米・パン / 3斤,"Rice and bread from Iwate, 3斤"
3004063,福島県産 純米吟醸 飲み比べ 720ml×3本,10,072036,日本酒 / 720ml×3本,"Sake from Fukushima, 720ml×3本"
3004064,福島県 木製カッティングボード 2枚,20,072010,木工品・家具 / 2枚,"Woodwork and furniture from Fukushima, 2枚"
3004065,青森県産 男爵じゃがいも 20kg,5,024236,野菜・きのこ / 20kg,"Vegetables and mushrooms from Aomori, 20kg"
3004066,群馬県産 だしパック 60袋,16,104485,調味料・油 / 60袋,"Seasonings and oils from Gunma, 60袋"
3004067,茅ヶ崎市 包丁研ぎ器 1個,23,142077,日用品・雑貨 / 1個,"Household goods from Kanagawa, 1個"
3004068,大郷町産 干物 詰め合わせ 12枚,2,044229,魚介類・海産物 / 12枚,"Seafood from Miyagi, 12枚"
3004069,北海道産 スモーク鴨ロース 600g,1,016322,肉・肉加工品 / 600g,"Meat and meat products from Hokkaido, 600g"
3004070,富山市産 米粉パン セット 8個,3,162019,米・パン / 8個,"Rice and bread from Toyama, 8個"
3004071,石川県産 干物 詰め合わせ 12枚,2,172057,魚介類・海産物 / 12枚,"Seafood from Ishikawa, 12枚"
3004072,東京都 酒蔵見学・試飲 2名,28,132071,体験・チケット / 2名,"Experiences and tickets from Tokyo, 2名"
3004073,富山県産 米粉パン セット 12個,3,162019,米・パン / 12個,"Rice and bread from Toyama, 12個"
3004074,三重県産 バウムクーヘン 4個,9,245615,菓子・スイーツ / 4個,"Confectionery and sweets from Mie, 4個"
3004075,岐阜県産 スモーク鴨ロース 600g,1,212024,肉・肉加工品 / 600g,"Meat and meat products from Gifu, 600g"
3004076,須坂市産 スパークリングワイン 750ml×2本,13,202070,ワイン / 750ml×2本,"Wine from Nagano, 750ml×2本"
3004077,奈半利町産 真鯛 フィレ 1kg,2,393029,魚介類・海産物 / 1kg,"Seafood from Kochi, 1kg"
3004078,大分県産 本格芋焼酎 1.8L,11,442054,焼酎・泡盛 / 1.8L,"Shochu and awamori from Oita, 1.8L"
3004079,佐賀県産 豚ロース しゃぶしゃぶ用 1.2kg,1,412091,肉・肉加工品 / 1.2kg,"Meat and meat products from Saga, 1.2kg"
3004080,愛媛県 包丁研ぎ器 1個,23,382019,日用品・雑貨 / 1個,"Household goods from Ehime, 1個"
3004081,日立市産 自家焙煎コーヒー豆 200g×3袋,14,082023,茶・コーヒー / 200g×3袋,"Tea and coffee from Ibaraki, 200g×3袋"
3004082,茨城県産 季節の野菜 詰め合わせ 10品目,5,082350,野菜・きのこ / 10品目,"Vegetables and mushrooms from Ibaraki, 10品目"
3004083,港区 万年筆 1本,25,131032,文具・玩具 / 1本,"Stationery and toys from Tokyo, 1本"
3004084,宮城県産 ひとめぼれ 無洗米 10kg,3,042072,米・パン / 10kg,"Rice and bread from Miyagi, 10kg"
3004085,埼玉県 釣具セット 1式,26,113271,スポーツ・アウトドア / 1式,"Sports and outdoor from Saitama, 1式"
3004086,東京都 陶芸 体験チケット 2名,28,132292,体験・チケット / 2名,"Experiences and tickets from Tokyo, 2名"
3004087,多賀城市産 ゆめぴりか 精米 5kg,3,042099,米・パン / 5kg,"Rice and bread from Miyagi, 5kg"
3004088,大阪府 タオル 詰め合わせ 10枚,23,272264,日用品・雑貨 / 10枚,"Household goods from Osaka, 10枚"
3004089,愛知県産 だしパック 60袋,16,232343,調味料・油 / 60袋,"Seasonings and oils from Aichi, 60袋"
3004090,福島県産 季節限定 生酒 720ml×2本,10,075043,日本酒 / 720ml×2本,"Sake from Fukushima, 720ml×2本"
3004091,奈良県産 白桃 2kg,4,292028,果物 / 2kg,"Fruit from Nara, 2kg"
3004092,群馬県産 季節の野菜 詰め合わせ 10品目,5,102113,野菜・きのこ / 10品目,"Vegetables and mushrooms from Gunma, 10品目"
3004093,新潟県 直火用 土鍋 1個,19,153427,陶磁器・ガラス / 1個,"Ceramics and glassware from Niigata, 1個"
3004094,佐賀県産 本格芋焼酎 900ml×2本,11,413275,焼酎・泡盛 / 900ml×2本,"Shochu and awamori from Saga, 900ml×2本"
3004095,鹿児島県産 スモーク鴨ロース 600g,1,462063,肉・肉加工品 / 600g,"Meat and meat products from Kagoshima, 600g"
3004096,葉山町産 レトルトカレー 詰め合わせ 16食,8,143014,惣菜・加工品 / 16食,"Prepared and processed foods from Kanagawa, 16食"
3004097,泉南市 洗剤 詰め合わせ 1式,23,272281,日用品・雑貨 / 1式,"Household goods from Osaka, 1式"
3004098,茨城県産 乾燥しいたけ 300g,5,082082,野菜・きのこ / 300g,"Vegetables and mushrooms from Ibaraki, 300g"
3004099,佐賀県産 味付ジンギスカン 2kg,1,413879,肉・肉加工品 / 2kg,"Meat and meat products from Saga, 2kg"
3004100,福島県産 純米大吟醸 720ml×2本,10,072133,日本酒 / 720ml×2本,"Sake from Fukushima, 720ml×2本"
3004101,愛媛県 デニムジーンズ 1本,21,382019,繊維・衣類 / 1本,"Textiles and apparel from Ehime, 1本"
3004102,愛知県 万年筆 1本,25,232319,文具・玩具 / 1本,"Stationery and toys from Aichi, 1本"
3004103,三重県産 和牛 焼肉セット 600g,1,242128,肉・肉加工品 / 600g,"Meat and meat products from Mie, 600g"
3004104,千葉県産 ベーコン・ソーセージセット 1.8kg,1,122157,肉・肉加工品 / 1.8kg,"Meat and meat products from Chiba, 1.8kg"
3004105,大刀洗町 米 定期便 5kg×12回,17,405035,定期便 / 5kg×12回,"Subscription deliveries from Fukuoka, 5kg×12回"
3004106,桜川市産 醤油 詰め合わせ 1L×3本,16,082317,調味料・油 / 1L×3本,"Seasonings and oils from Ibaraki, 1L×3本"
3004107,江田島市産 味付からあげ 1kg,8,342157,惣菜・加工品 / 1kg,"Prepared and processed foods from Hiroshima, 1kg"
3004108,茨城県産 豚ロース しゃぶしゃぶ用 2kg,1,085464,肉・肉加工品 / 2kg,"Meat and meat products from Ibaraki, 2kg"
3004109,石川県産 あじ開き 20枚,2,172073,魚介類・海産物 / 20枚,"Seafood from Ishikawa, 20枚"
3004110,長浜市産 ひとめぼれ 無洗米 10kg,3,252034,米・パン / 10kg,"Rice and bread from Shiga, 10kg"
3004111,"沖縄県 宿泊利用券 10,000円分",27,473502,"旅行券・宿泊券 / 10,000円分","Travel and accommodation vouchers from Okinawa, 10,000円分"
3004112,三重県 伝統こけし 1体,18,242144,工芸品・民芸品 / 1体,"Crafts and folk art from Mie, 1体"
3004113,長野県産 シャインマスカット 4房,4,203041,果物 / 4房,"Fruit from Nagano, 4房"
3004114,新潟県産 国産小麦パスタ 10袋,7,152081,麺類 / 10袋,"Noodles from Niigata, 10袋"
3004115,栃木県産 チーズ 詰め合わせ 4種,6,092169,卵・乳製品 / 4種,"Eggs and dairy from Tochigi, 4種"
3004116,京都府産 カステラ 詰め合わせ 3本,9,262048,菓子・スイーツ / 3本,"Confectionery and sweets from Kyoto, 3本"
3004117,宮城県産 冷凍餃子 50個,8,043010,惣菜・加工品 / 50個,"Prepared and processed foods from Miyagi, 50個"
3004118,千葉県産 煎茶 詰め合わせ 100g×3袋,14,122262,茶・コーヒー / 100g×3袋,"Tea and coffee from Chiba, 100g×3袋"
3004119,茨城県 洗剤 詰め合わせ 1式,23,082074,日用品・雑貨 / 1式,"Household goods from Ibaraki, 1式"
3004120,青森県産 黒毛和牛 サーロインステーキ 150g×3枚,1,022063,肉・肉加工品 / 150g×3枚,"Meat and meat products from Aomori, 150g×3枚"
3004121,福島県産 紅はるか さつまいも 5kg,5,072052,野菜・きのこ / 5kg,"Vegetables and mushrooms from Fukushima, 5kg"
3004122,大阪府産 味付からあげ 2kg,8,272311,惣菜・加工品 / 2kg,"Prepared and processed foods from Osaka, 2kg"
3004123,山口県産 ボイル毛がに 1尾 500g,2,353434,魚介類・海産物 / 1尾 500g,"Seafood from Yamaguchi, 1尾 500g"
3004124,愛知県産 天然水 2L×24本,15,232041,飲料・ジュース / 2L×24本,"Beverages and juice from Aichi, 2L×24本"
3004125,岩手県産 のどぐろ 干物 3枚,2,032158,魚介類・海産物 / 3枚,"Seafood from Iwate, 3枚"
3004126,山梨県産 あまおういちご 540g,4,192040,果物 / 540g,"Fruit from Yamanashi, 540g"
3004127,泉大津市産 プリン 詰め合わせ 12個,9,272060,菓子・スイーツ / 12個,"Confectionery and sweets from Osaka, 12個"
3004128,北海道産 和菓子 詰め合わせ 12個,9,016080,菓子・スイーツ / 12個,"Confectionery and sweets from Hokkaido, 12個"
3004129,兵庫県産 味付ジンギスカン 2kg,1,282197,肉・肉加工品 / 2kg,"Meat and meat products from Hyogo, 2kg"
3004130,茨城県産 味付ジンギスカン 2kg,1,082368,肉・肉加工品 / 2kg,"Meat and meat products from Ibaraki, 2kg"
3004131,多度津町産 銘柄鶏 もも肉 4kg,1,374041,肉・肉加工品 / 4kg,"Meat and meat products from Kagawa, 4kg"
3004132,錦江町産 季節の野菜 詰め合わせ 15品目,5,464902,野菜・きのこ / 15品目,"Vegetables and mushrooms from Kagoshima, 15品目"
3004133,沖縄県産 富有柿 5kg,4,473014,果物 / 5kg,"Fruit from Okinawa, 5kg"
3004134,大鹿村産 幸水梨 7kg,4,204170,果物 / 7kg,"Fruit from Nagano, 7kg"
3004135,つくばみらい市産 和牛 焼肉セット 600g,1,082350,肉・肉加工品 / 600g,"Meat and meat products from Ibaraki, 600g"
3004136,青森県産 高糖度トマト 2kg,5,024066,野菜・きのこ / 2kg,"Vegetables and mushrooms from Aomori, 2kg"
3004137,福岡県産 のどぐろ 干物 3枚,2,404021,魚介類・海産物 / 3枚,"Seafood from Fukuoka, 3枚"
3004138,和歌山県産 醤油 詰め合わせ 1L×3本,16,303046,調味料・油 / 1L×3本,"Seasonings and oils from Wakayama, 1L×3本"
3004139,青森県産 明太子 切子 500g,2,024023,魚介類・海産物 / 500g,"Seafood from Aomori, 500g"
3004140,東京都 和紙 便箋セット 1式,18,132080,工芸品・民芸品 / 1式,"Crafts and folk art from Tokyo, 1式"
3004141,兵庫県産 純米吟醸 飲み比べ 720ml×3本,10,282049,日本酒 / 720ml×3本,"Sake from Hyogo, 720ml×3本"
3004142,沖縄県産 生うに 200g,2,473545,魚介類・海産物 / 200g,"Seafood from Okinawa, 200g"
3004143,島根県産 干物 詰め合わせ 12枚,2,322016,魚介類・海産物 / 12枚,"Seafood from Shimane, 12枚"
3004144,群馬県産 和牛 焼肉セット 1kg,1,102032,肉・肉加工品 / 1kg,"Meat and meat products from Gunma, 1kg"
3004145,兵庫県産 カステラ 詰め合わせ 2本,9,282057,菓子・スイーツ / 2本,"Confectionery and sweets from Hyogo, 2本"
3004146,兵庫県産 チーズケーキ 1台,9,281000,菓子・スイーツ / 1台,"Confectionery and sweets from Hyogo, 1台"
3004147,静岡県産 佃煮 詰め合わせ 5種,8,222101,惣菜・加工品 / 5種,"Prepared and processed foods from Shizuoka, 5種"
3004148,福島県産 メロン 秀品 1玉,4,075434,果物 / 1玉,"Fruit from Fukushima, 1玉"
3004149,北海道産 スモーク鴨ロース 600g,1,012203,肉・肉加工品 / 600g,"Meat and meat products from Hokkaido, 600g"
3004150,京都府 竹細工かご 1点,18,264652,工芸品・民芸品 / 1点,"Crafts and folk art from Kyoto, 1点"
3004151,兵庫県産 純米吟醸 飲み比べ 720ml×3本,10,285854,日本酒 / 720ml×3本,"Sake from Hyogo, 720ml×3本"
3004152,滋賀県産 和牛 焼肉セット 1kg,1,254410,肉・肉加工品 / 1kg,"Meat and meat products from Shiga, 1kg"
3004153,宮若市産 明太子 切子 500g,2,402265,魚介類・海産物 / 500g,"Seafood from Fukuoka, 500g"
3004154,大分県産 米焼酎 飲み比べ 720ml×3本,11,442089,焼酎・泡盛 / 720ml×3本,"Shochu and awamori from Oita, 720ml×3本"
3004155,愛知県 デニムジーンズ 1本,21,232076,繊維・衣類 / 1本,"Textiles and apparel from Aichi, 1本"
3004156,千葉県産 ベーコン・ソーセージセット 1.8kg,1,122106,肉・肉加工品 / 1.8kg,"Meat and meat products from Chiba, 1.8kg"
3004157,岐阜県 無垢材スツール 1脚,20,212121,木工品・家具 / 1脚,"Woodwork and furniture from Gifu, 1脚"
3004158,宮崎県産 冷凍餃子 100個,8,452017,惣菜・加工品 / 100個,"Prepared and processed foods from Miyazaki, 100個"
3004159,広島県 陶器 マグカップ 2個,19,342122,陶磁器・ガラス / 2個,"Ceramics and glassware from Hiroshima, 2個"
3004160,宮崎県産 本格芋焼酎 900ml×2本,11,453617,焼酎・泡盛 / 900ml×2本,"Shochu and awamori from Miyazaki, 900ml×2本"
3004161,斜里町産 豚ロース しゃぶしゃぶ用 2kg,1,015458,肉・肉加工品 / 2kg,"Meat and meat products from Hokkaido, 2kg"
3004162,静岡県産 白桃 2kg,4,222267,果物 / 2kg,"Fruit from Shizuoka, 2kg"
3004163,南山城村 無垢材スツール 1脚,20,263672,木工品・家具 / 1脚,"Woodwork and furniture from Kyoto, 1脚"
3004164,大阪府産 味付からあげ 2kg,8,272035,惣菜・加工品 / 2kg,"Prepared and processed foods from Osaka, 2kg"
3004165,北海道産 和菓子 詰め合わせ 12個,9,012173,菓子・スイーツ / 12個,"Confectionery and sweets from Hokkaido, 12個"
3004166,愛知県 綿100% 寝具カバー 1式,21,232262,繊維・衣類 / 1式,"Textiles and apparel from Aichi, 1式"
3004167,福岡県 打刃物 包丁 2本,18,402079,工芸品・民芸品 / 2本,"Crafts and folk art from Fukuoka, 2本"
3004168,甲佐町産 味付ジンギスカン 2kg,1,434442,肉・肉加工品 / 2kg,"Meat and meat products from Kumamoto, 2kg"
3004169,栃木県産 幸水梨 7kg,4,092053,果物 / 7kg,"Fruit from Tochigi, 7kg"
3004170,愛知県産 カステラ 詰め合わせ 3本,9,232351,菓子・スイーツ / 3本,"Confectionery and sweets from Aichi, 3本"
3004171,静岡県 海産物 定期便 毎月×6回,17,223042,定期便 / 毎月×6回,"Subscription deliveries from Shizuoka, 毎月×6回"
3004172,東京都 木製カッティングボード 1枚,20,132012,木工品・家具 / 1枚,"Woodwork and furniture from Tokyo, 1枚"
3004173,豊岡市産 のどぐろ 干物 5枚,2,282090,魚介類・海産物 / 5枚,"Seafood from Hyogo, 5枚"
3004174,鎌倉市産 燻製 詰め合わせ 8種,8,142042,惣菜・加工品 / 8種,"Prepared and processed foods from Kanagawa, 8種"
3004175,姫路市産 純米大吟醸 720ml×2本,10,282014,日本酒 / 720ml×2本,"Sake from Hyogo, 720ml×2本"
3004176,桜井市 ガラス酒器 1式,19,292061,陶磁器・ガラス / 1式,"Ceramics and glassware from Nara, 1式"
3004177,宮崎県産 黒毛和牛 切り落とし 500g,1,454435,肉・肉加工品 / 500g,"Meat and meat products from Miyazaki, 500g"
3004178,北海道産 高糖度トマト 2kg,5,014818,野菜・きのこ / 2kg,"Vegetables and mushrooms from Hokkaido, 2kg"
3004179,新潟県産 純米大吟醸 720ml×2本,10,152056,日本酒 / 720ml×2本,"Sake from Niigata, 720ml×2本"
3004180,宮城県産 つや姫 精米 5kg,3,042145,米・パン / 5kg,"Rice and bread from Miyagi, 5kg"
3004181,鹿児島県産 黒毛和牛 切り落とし 500g,1,462161,肉・肉加工品 / 500g,"Meat and meat products from Kagoshima, 500g"
3004182,福島県 陶芸 体験チケット 2名,28,073687,体験・チケット / 2名,"Experiences and tickets from Fukushima, 2名"
3004183,茨城県産 ひとめぼれ 無洗米 5kg,3,082121,米・パン / 5kg,"Rice and bread from Ibaraki, 5kg"
3004184,雄武町産 アスパラガス 2kg,5,015636,野菜・きのこ / 2kg,"Vegetables and mushrooms from Hokkaido, 2kg"
3004185,埼玉県産 和菓子 詰め合わせ 12個,9,112071,菓子・スイーツ / 12個,"Confectionery and sweets from Saitama, 12個"
3004186,あわら市 陶器 マグカップ 2個,19,182087,陶磁器・ガラス / 2個,"Ceramics and glassware from Fukui, 2個"
3004187,福岡県産 生ラーメン セット 16食,7,402052,麺類 / 16食,"Noodles from Fukuoka, 16食"
3004188,秋田県産 あきたこまち 精米 10kg,3,053031,米・パン / 10kg,"Rice and bread from Akita, 10kg"
3004189,鹿児島県産 厚切り牛タン 900g,1,463922,肉・肉加工品 / 900g,"Meat and meat products from Kagoshima, 900g"
3004190,枚方市 トイレットペーパー 72ロール,23,272108,日用品・雑貨 / 72ロール,"Household goods from Osaka, 72ロール"
3004191,水上村産 プリン 詰め合わせ 8個,9,435074,菓子・スイーツ / 8個,"Confectionery and sweets from Kumamoto, 8個"
3004192,静岡県産 抹茶 詰め合わせ 30g×3缶,14,222208,茶・コーヒー / 30g×3缶,"Tea and coffee from Shizuoka, 30g×3缶"
3004193,二本松市産 幸水梨 5kg,4,072109,果物 / 5kg,"Fruit from Fukushima, 5kg"
3004194,西伊豆町産 佃煮 詰め合わせ 5種,8,223069,惣菜・加工品 / 5種,"Prepared and processed foods from Shizuoka, 5種"
3004195,南相馬市産 温州みかん 10kg,4,072125,果物 / 10kg,"Fruit from Fukushima, 10kg"
3004196,東吾妻町産 黒毛和牛 サーロインステーキ 150g×3枚,1,104299,肉・肉加工品 / 150g×3枚,"Meat and meat products from Gunma, 150g×3枚"
3004197,沖縄県産 富有柿 5kg,4,473812,果物 / 5kg,"Fruit from Okinawa, 5kg"
3004198,千葉県産 燻製 詰め合わせ 5種,8,122203,惣菜・加工品 / 5種,"Prepared and processed foods from Chiba, 5種"
3004199,神奈川県 包丁研ぎ器 1個,23,142069,日用品・雑貨 / 1個,"Household goods from Kanagawa, 1個"
3004200,茨城県産 たまねぎ 20kg,5,082228,野菜・きのこ / 20kg,"Vegetables and mushrooms from Ibaraki, 20kg"
3004201,角田市産 特別栽培米 玄米 20kg,3,042081,米・パン / 20kg,"Rice and bread from Miyagi, 20kg"
3004202,北海道 ノート 詰め合わせ 10冊,25,014851,文具・玩具 / 10冊,"Stationery and toys from Hokkaido, 10冊"
3004203,大野城市産 黒毛和牛 切り落とし 1kg,1,402192,肉・肉加工品 / 1kg,"Meat and meat products from Fukuoka, 1kg"
3004204,奈良県産 ドリップコーヒー 100袋,14,293636,茶・コーヒー / 100袋,"Tea and coffee from Nara, 100袋"
3004205,大阪府 タオル 詰め合わせ 10枚,23,273821,日用品・雑貨 / 10枚,"Household goods from Osaka, 10枚"
3004206,標津町産 黒毛和牛 サーロインステーキ 200g×2枚,1,016934,肉・肉加工品 / 200g×2枚,"Meat and meat products from Hokkaido, 200g×2枚"
3004207,熊本県産 本格芋焼酎 900ml×2本,11,432032,焼酎・泡盛 / 900ml×2本,"Shochu and awamori from Kumamoto, 900ml×2本"
3004208,亀岡市産 国産紅茶 50g×4袋,14,262064,茶・コーヒー / 50g×4袋,"Tea and coffee from Kyoto, 50g×4袋"
3004209,北海道産 いくら醤油漬け 250g,2,012092,魚介類・海産物 / 250g,"Seafood from Hokkaido, 250g"
3004210,山形県産 幸水梨 5kg,4,062014,果物 / 5kg,"Fruit from Yamagata, 5kg"
3004211,東京都 万年筆 1本,25,131181,文具・玩具 / 1本,"Stationery and toys from Tokyo, 1本"
3004212,黒潮町産 干物 詰め合わせ 12枚,2,394289,魚介類・海産物 / 12枚,"Seafood from Kochi, 12枚"
3004213,富山県産 あじ開き 20枚,2,162051,魚介類・海産物 / 20枚,"Seafood from Toyama, 20枚"
3004214,岩手県産 ベーコン・ソーセージセット 1.8kg,1,032077,肉・肉加工品 / 1.8kg,"Meat and meat products from Iwate, 1.8kg"
3004215,埼玉県 酒蔵見学・試飲 2名,28,112305,体験・チケット / 2名,"Experiences and tickets from Saitama, 2名"
3004216,新発田市産 稲庭うどん 1.2kg,7,152064,麺類 / 1.2kg,"Noodles from Niigata, 1.2kg"
3004217,沖縄県 温泉旅館 ペア宿泊券 1泊2食付,27,473022,旅行券・宿泊券 / 1泊2食付,"Travel and accommodation vouchers from Okinawa, 1泊2食付"
3004218,宮城県産 味付からあげ 2kg,8,043249,惣菜・加工品 / 2kg,"Prepared and processed foods from Miyagi, 2kg"
3004219,北海道産 ジェラート 詰め合わせ 12個,9,016381,菓子・スイーツ / 12個,"Confectionery and sweets from Hokkaido, 12個"
3004220,茨城県産 ひとめぼれ 無洗米 5kg,3,082023,米・パン / 5kg,"Rice and bread from Ibaraki, 5kg"
3004221,福島県産 つや姫 精米 10kg,3,074225,米・パン / 10kg,"Rice and bread from Fukushima, 10kg"
3004222,北海道産 とうもろこし 12本,5,012157,野菜・きのこ / 12本,"Vegetables and mushrooms from Hokkaido, 12本"
3004223,千葉県産 冷凍スムージー 12本,15,122327,飲料・ジュース / 12本,"Beverages and juice from Chiba, 12本"
3004224,新発田市 入浴剤 詰め合わせ 30回分,22,152064,化粧品・美容 / 30回分,"Cosmetics and beauty from Niigata, 30回分"
3004225,群馬県産 稲庭うどん 1.2kg,7,103845,麺類 / 1.2kg,"Noodles from Gunma, 1.2kg"
3004226,小山市産 銘柄鶏 もも肉 4kg,1,092088,肉・肉加工品 / 4kg,"Meat and meat products from Tochigi, 4kg"
3004227,東京都 クルーズ 乗船券 2名,28,132284,体験・チケット / 2名,"Experiences and tickets from Tokyo, 2名"
3004228,東通村産 ボイル毛がに 1尾 500g,2,024244,魚介類・海産物 / 1尾 500g,"Seafood from Aomori, 1尾 500g"
3004229,宮城県産 つや姫 精米 5kg,3,044440,米・パン / 5kg,"Rice and bread from Miyagi, 5kg"
3004230,郡上市 曲げわっぱ弁当箱 1個,20,212199,木工品・家具 / 1個,"Woodwork and furniture from Gifu, 1個"
3004231,佐賀県産 ハンバーグ 詰め合わせ 15個,1,412066,肉・肉加工品 / 15個,"Meat and meat products from Saga, 15個"
3004232,一戸町産 生うに 100g,2,035246,魚介類・海産物 / 100g,"Seafood from Iwate, 100g"
3004233,東京都 国産材 積み木 1式,25,132233,文具・玩具 / 1式,"Stationery and toys from Tokyo, 1式"
3004234,愛知県産 チーズケーキ 2台,9,232114,菓子・スイーツ / 2台,"Confectionery and sweets from Aichi, 2台"
3004235,兵庫県産 バウムクーヘン 2個,9,282286,菓子・スイーツ / 2個,"Confectionery and sweets from Hyogo, 2個"
3004236,福岡県 米 定期便 5kg×12回,17,402290,定期便 / 5kg×12回,"Subscription deliveries from Fukuoka, 5kg×12回"
3004237,山梨県産 果汁100%ジュース 180ml×24本,15,192147,飲料・ジュース / 180ml×24本,"Beverages and juice from Yamanashi, 180ml×24本"
3004238,富山県 和紙 便箋セット 1式,18,162108,工芸品・民芸品 / 1式,"Crafts and folk art from Toyama, 1式"
3004239,高知県産 本格芋焼酎 1.8L,11,394289,焼酎・泡盛 / 1.8L,"Shochu and awamori from Kochi, 1.8L"
3004240,福島県産 あまおういちご 540g,4,075035,果物 / 540g,"Fruit from Fukushima, 540g"
3004241,千葉県産 生うに 100g,2,122076,魚介類・海産物 / 100g,"Seafood from Chiba, 100g"
3004242,吉賀町産 ボイル毛がに 1尾 500g,2,325058,魚介類・海産物 / 1尾 500g,"Seafood from Shimane, 1尾 500g"
3004243,東京都産 プリン 詰め合わせ 12個,9,132250,菓子・スイーツ / 12個,"Confectionery and sweets from Tokyo, 12個"
3004244,由利本荘市産 米粉パン セット 8個,3,052108,米・パン / 8個,"Rice and bread from Akita, 8個"
3004245,大分県産 長期貯蔵 麦焼酎 1.8L,11,442135,焼酎・泡盛 / 1.8L,"Shochu and awamori from Oita, 1.8L"
3004246,唐津市産 本格芋焼酎 1.8L,11,412023,焼酎・泡盛 / 1.8L,"Shochu and awamori from Saga, 1.8L"
3004247,石狩市産 チーズケーキ 2台,9,012351,菓子・スイーツ / 2台,"Confectionery and sweets from Hokkaido, 2台"
3004248,徳島県 果物 定期便 隔月×6回,17,362051,定期便 / 隔月×6回,"Subscription deliveries from Tokushima, 隔月×6回"
3004249,広島県産 どら焼き 詰め合わせ 20個,9,342041,菓子・スイーツ / 20個,"Confectionery and sweets from Hiroshima, 20個"
3004250,山口県産 冷凍餃子 100個,8,352080,惣菜・加工品 / 100個,"Prepared and processed foods from Yamaguchi, 100個"
3004251,京都府産 国産紅茶 50g×4袋,14,263648,茶・コーヒー / 50g×4袋,"Tea and coffee from Kyoto, 50g×4袋"
3004252,東京都 陶芸 体験チケット 2名,28,134023,体験・チケット / 2名,"Experiences and tickets from Tokyo, 2名"
3004253,高知県産 国産紅茶 50g×4袋,14,394114,茶・コーヒー / 50g×4袋,"Tea and coffee from Kochi, 50g×4袋"
3004254,仁淀川町産 乾燥しいたけ 300g,5,393878,野菜・きのこ / 300g,"Vegetables and mushrooms from Kochi, 300g"
3004255,和歌山県産 えごま油・亜麻仁油 180g×2本,16,302066,調味料・油 / 180g×2本,"Seasonings and oils from Wakayama, 180g×2本"
3004256,埼玉県産 煎茶 詰め合わせ 100g×5袋,14,112348,茶・コーヒー / 100g×5袋,"Tea and coffee from Saitama, 100g×5袋"
3004257,海南市産 天然水 炭酸水 500ml×48本,15,302023,飲料・ジュース / 500ml×48本,"Beverages and juice from Wakayama, 500ml×48本"
3004258,福岡県産 和菓子 詰め合わせ 12個,9,402061,菓子・スイーツ / 12個,"Confectionery and sweets from Fukuoka, 12個"
3004259,東海市 今治タオル セット 5枚,21,232220,繊維・衣類 / 5枚,"Textiles and apparel from Aichi, 5枚"
3004260,鎌ケ谷市産 黒毛和牛 切り落とし 1.5kg,1,122246,肉・肉加工品 / 1.5kg,"Meat and meat products from Chiba, 1.5kg"
3004261,岐阜県 無垢材スツール 1脚,20,212199,木工品・家具 / 1脚,"Woodwork and furniture from Gifu, 1脚"
3004262,香南市産 米焼酎 飲み比べ 720ml×3本,11,392111,焼酎・泡盛 / 720ml×3本,"Shochu and awamori from Kochi, 720ml×3本"
3004263,熊本県産 長期貯蔵 麦焼酎 1.8L,11,432113,焼酎・泡盛 / 1.8L,"Shochu and awamori from Kumamoto, 1.8L"
3004264,宮城県産 のどぐろ 干物 5枚,2,042153,魚介類・海産物 / 5枚,"Seafood from Miyagi, 5枚"
3004265,山都町産 アスパラガス 2kg,5,434477,野菜・きのこ / 2kg,"Vegetables and mushrooms from Kumamoto, 2kg"
3004266,高砂市産 黒毛和牛 サーロインステーキ 150g×3枚,1,282162,肉・肉加工品 / 150g×3枚,"Meat and meat products from Hyogo, 150g×3枚"
3004267,大村市産 生ラーメン セット 10食,7,422053,麺類 / 10食,"Noodles from Nagasaki, 10食"
3004268,宮城県産 厚切り牛タン 900g,1,044440,肉・肉加工品 / 900g,"Meat and meat products from Miyagi, 900g"
3004269,千葉県産 冷凍スムージー 12本,15,122386,飲料・ジュース / 12本,"Beverages and juice from Chiba, 12本"
3004270,宮崎県産 長期貯蔵 麦焼酎 1.8L,11,454311,焼酎・泡盛 / 1.8L,"Shochu and awamori from Miyazaki, 1.8L"
3004271,静岡県産 完熟マンゴー 1kg,4,222216,果物 / 1kg,"Fruit from Shizuoka, 1kg"
3004272,本巣市産 黒毛和牛 切り落とし 1.5kg,1,212181,肉・肉加工品 / 1.5kg,"Meat and meat products from Gifu, 1.5kg"
3004273,大津町 国産ペットフード 4kg,30,434035,ペット用品 / 4kg,"Pet supplies from Kumamoto, 4kg"
3004274,平川市 国産材 積み木 1式,25,022101,文具・玩具 / 1式,"Stationery and toys from Aomori, 1式"
3004275,徳島県 今治タオル セット 5枚,21,362018,繊維・衣類 / 5枚,"Textiles and apparel from Tokushima, 5枚"
3004276,石川県 竹細工かご 1点,18,172057,工芸品・民芸品 / 1点,"Crafts and folk art from Ishikawa, 1点"
3004277,鳥取県 肉 定期便 1kg×6回,17,313891,定期便 / 1kg×6回,"Subscription deliveries from Tottori, 1kg×6回"
3004278,静岡県産 のどぐろ 干物 5枚,2,222127,魚介類・海産物 / 5枚,"Seafood from Shizuoka, 5枚"
3004279,熊本県 クルーズ 乗船券 2名,28,435317,体験・チケット / 2名,"Experiences and tickets from Kumamoto, 2名"
3004280,北海道産 天然水 2L×12本,15,012220,飲料・ジュース / 2L×12本,"Beverages and juice from Hokkaido, 2L×12本"
3004281,高崎市 肉 定期便 500g×6回,17,102024,定期便 / 500g×6回,"Subscription deliveries from Gunma, 500g×6回"
3004282,山梨県産 果汁100%ジュース 180ml×24本,15,192074,飲料・ジュース / 180ml×24本,"Beverages and juice from Yamanashi, 180ml×24本"
3004283,松江市産 ひとめぼれ 無洗米 5kg,3,322016,米・パン / 5kg,"Rice and bread from Shimane, 5kg"
3004284,静岡県産 幸水梨 7kg,4,221007,果物 / 7kg,"Fruit from Shizuoka, 7kg"
3004285,鹿児島県産 ほたて貝柱 冷凍 1kg,2,462152,魚介類・海産物 / 1kg,"Seafood from Kagoshima, 1kg"
3004286,神栖市産 ベーコン・ソーセージセット 1.2kg,1,082325,肉・肉加工品 / 1.2kg,"Meat and meat products from Ibaraki, 1.2kg"
3004287,山形県産 黒毛和牛 切り落とし 1kg,1,064262,肉・肉加工品 / 1kg,"Meat and meat products from Yamagata, 1kg"
3004288,高知県産 泡盛 古酒 1.8L,11,392031,焼酎・泡盛 / 1.8L,"Shochu and awamori from Kochi, 1.8L"
3004289,小郡市産 国産小麦パスタ 10袋,7,402168,麺類 / 10袋,"Noodles from Fukuoka, 10袋"
3004290,長門市産 燻製 詰め合わせ 8種,8,352110,惣菜・加工品 / 8種,"Prepared and processed foods from Yamaguchi, 8種"
3004291,三郷町産 完熟マンゴー 1kg,4,293431,果物 / 1kg,"Fruit from Nara, 1kg"
3004292,広島県産 季節限定 生酒 720ml×2本,10,342076,日本酒 / 720ml×2本,"Sake from Hiroshima, 720ml×2本"
3004293,兵庫県 入浴剤 詰め合わせ 30回分,22,282022,化粧品・美容 / 30回分,"Cosmetics and beauty from Hyogo, 30回分"
3004294,群馬県産 ベーコン・ソーセージセット 1.8kg,1,102091,肉・肉加工品 / 1.8kg,"Meat and meat products from Gunma, 1.8kg"
3004295,広島県産 サーモン 刺身用 1kg,2,342106,魚介類・海産物 / 1kg,"Seafood from Hiroshima, 1kg"
3004296,福岡県産 和牛 焼肉セット 1kg,1,403831,肉・肉加工品 / 1kg,"Meat and meat products from Fukuoka, 1kg"
3004297,北海道産 発酵バター 200g×5個,6,016489,卵・乳製品 / 200g×5個,"Eggs and dairy from Hokkaido, 200g×5個"
3004298,宮崎県産 本格芋焼酎 900ml×2本,11,454427,焼酎・泡盛 / 900ml×2本,"Shochu and awamori from Miyazaki, 900ml×2本"
3004299,鳩山町産 ゆめぴりか 精米 10kg,3,113484,米・パン / 10kg,"Rice and bread from Saitama, 10kg"
3004300,埼玉県産 だしパック 60袋,16,112143,調味料・油 / 60袋,"Seasonings and oils from Saitama, 60袋"
3004301,熊本県産 本格芋焼酎 1.8L,11,431001,焼酎・泡盛 / 1.8L,"Shochu and awamori from Kumamoto, 1.8L"
3004302,奈良県産 幸水梨 5kg,4,292052,果物 / 5kg,"Fruit from Nara, 5kg"
3004303,野木町産 黒毛和牛 切り落とし 500g,1,093645,肉・肉加工品 / 500g,"Meat and meat products from Tochigi, 500g"
3004304,三種町産 生ラーメン セット 16食,7,053481,麺類 / 16食,"Noodles from Akita, 16食"
3004305,秋田県 胡蝶蘭 鉢植え 1鉢,29,052035,花・観葉植物 / 1鉢,"Flowers and plants from Akita, 1鉢"
3004306,新宿区 陶芸 体験チケット 2名,28,131041,体験・チケット / 2名,"Experiences and tickets from Tokyo, 2名"
3004307,大阪府産 チーズケーキ 1台,9,272086,菓子・スイーツ / 1台,"Confectionery and sweets from Osaka, 1台"
3004308,静岡県産 漬物 詰め合わせ 6種,8,222259,惣菜・加工品 / 6種,"Prepared and processed foods from Shizuoka, 6種"
3004309,東京都 肉 定期便 500g×6回,17,132152,定期便 / 500g×6回,"Subscription deliveries from Tokyo, 500g×6回"
3004310,釧路市産 紅はるか さつまいも 5kg,5,012068,野菜・きのこ / 5kg,"Vegetables and mushrooms from Hokkaido, 5kg"
3004311,長崎県産 豚ロース しゃぶしゃぶ用 1.2kg,1,422070,肉・肉加工品 / 1.2kg,"Meat and meat products from Nagasaki, 1.2kg"
3004312,千葉県産 うなぎ蒲焼 5尾,2,122050,魚介類・海産物 / 5尾,"Seafood from Chiba, 5尾"
3004313,静岡県産 レトルトカレー 詰め合わせ 16食,8,222127,惣菜・加工品 / 16食,"Prepared and processed foods from Shizuoka, 16食"
3004314,秋田県産 純米吟醸 飲み比べ 720ml×3本,10,052124,日本酒 / 720ml×3本,"Sake from Akita, 720ml×3本"
3004315,鶴ヶ島市産 カステラ 詰め合わせ 2本,9,112411,菓子・スイーツ / 2本,"Confectionery and sweets from Saitama, 2本"
3004316,福岡県産 真鯛 フィレ 1kg,2,403491,魚介類・海産物 / 1kg,"Seafood from Fukuoka, 1kg"
3004317,福島県産 つや姫 精米 5kg,3,073644,米・パン / 5kg,"Rice and bread from Fukushima, 5kg"
3004318,和歌山県産 天然水 炭酸水 500ml×48本,15,302015,飲料・ジュース / 500ml×48本,"Beverages and juice from Wakayama, 500ml×48本"
3004319,山武市産 とうもろこし 20本,5,122378,野菜・きのこ / 20本,"Vegetables and mushrooms from Chiba, 20本"
3004320,青森県産 アスパラガス 1kg,5,024023,野菜・きのこ / 1kg,"Vegetables and mushrooms from Aomori, 1kg"
3004321,茨城県産 銘柄鶏 もも肉 3kg,1,084433,肉・肉加工品 / 3kg,"Meat and meat products from Ibaraki, 3kg"
3004322,岩手県 炊飯器 1台,24,032093,家電・電化製品 / 1台,"Home appliances from Iwate, 1台"
3004323,福井県産 ゆめぴりか 精米 5kg,3,182028,米・パン / 5kg,"Rice and bread from Fukui, 5kg"
3004324,岐阜県 陶芸 体験チケット 2名,28,212083,体験・チケット / 2名,"Experiences and tickets from Gifu, 2名"
3004325,宮崎県産 米焼酎 飲み比べ 720ml×3本,11,454028,焼酎・泡盛 / 720ml×3本,"Shochu and awamori from Miyazaki, 720ml×3本"
3004326,三朝町産 白桃 3kg,4,313645,果物 / 3kg,"Fruit from Tottori, 3kg"
3004327,西海市産 十割そば 10食,7,422126,麺類 / 10食,"Noodles from Nagasaki, 10食"
3004328,東久留米市 酒蔵見学・試飲 2名,28,132225,体験・チケット / 2名,"Experiences and tickets from Tokyo, 2名"
3004329,北海道産 紅はるか さつまいも 10kg,5,012173,野菜・きのこ / 10kg,"Vegetables and mushrooms from Hokkaido, 10kg"
3004330,熊谷市産 ゆめぴりか 精米 10kg,3,112020,米・パン / 10kg,"Rice and bread from Saitama, 10kg"
3004331,岩手県産 つや姫 精米 10kg,3,035033,米・パン / 10kg,"Rice and bread from Iwate, 10kg"
3004332,海士町産 特別栽培米 玄米 20kg,3,325252,米・パン / 20kg,"Rice and bread from Shimane, 20kg"
3004333,"三股町 宿泊利用券 50,000円分",27,453412,"旅行券・宿泊券 / 50,000円分","Travel and accommodation vouchers from Miyazaki, 50,000円分"
3004334,都城市産 カステラ 詰め合わせ 3本,9,452025,菓子・スイーツ / 3本,"Confectionery and sweets from Miyazaki, 3本"
3004335,北海道 国産材 積み木 1式,25,016411,文具・玩具 / 1式,"Stationery and toys from Hokkaido, 1式"
3004336,北海道産 飲むヨーグルト 900ml×6本,6,013951,卵・乳製品 / 900ml×6本,"Eggs and dairy from Hokkaido, 900ml×6本"
3004337,神奈川県 温泉旅館 ペア宿泊券 1泊2食付,27,142182,旅行券・宿泊券 / 1泊2食付,"Travel and accommodation vouchers from Kanagawa, 1泊2食付"
3004338,東京都 木製パズル 1点,25,132136,文具・玩具 / 1点,"Stationery and toys from Tokyo, 1点"
3004339,愛知県産 醤油 詰め合わせ 1L×3本,16,234427,調味料・油 / 1L×3本,"Seasonings and oils from Aichi, 1L×3本"
3004340,奈良県 打刃物 包丁 2本,18,294471,工芸品・民芸品 / 2本,"Crafts and folk art from Nara, 2本"
3004341,枕崎市産 ハンバーグ 詰め合わせ 10個,1,462047,肉・肉加工品 / 10個,"Meat and meat products from Kagoshima, 10個"
3004342,大衡村産 厚切り牛タン 500g,1,044245,肉・肉加工品 / 500g,"Meat and meat products from Miyagi, 500g"
3004343,滋賀県 和紙 便箋セット 1式,18,252018,工芸品・民芸品 / 1式,"Crafts and folk art from Shiga, 1式"
3004344,姫島村 温泉旅館 ペア宿泊券 1泊2食付,27,443221,旅行券・宿泊券 / 1泊2食付,"Travel and accommodation vouchers from Oita, 1泊2食付"
3004345,兵庫県産 純米大吟醸 1.8L,10,282171,日本酒 / 1.8L,"Sake from Hyogo, 1.8L"
3004346,立川市 万年筆 1本,25,132021,文具・玩具 / 1本,"Stationery and toys from Tokyo, 1本"
3004347,鶴田町産 メロン 秀品 1玉,4,023841,果物 / 1玉,"Fruit from Aomori, 1玉"
3004348,福岡県産 生ラーメン セット 16食,7,402184,麺類 / 16食,"Noodles from Fukuoka, 16食"
3004349,貝塚市産 佃煮 詰め合わせ 5種,8,272086,惣菜・加工品 / 5種,"Prepared and processed foods from Osaka, 5種"
3004350,埼玉県産 漬物 詰め合わせ 10種,8,114081,惣菜・加工品 / 10種,"Prepared and processed foods from Saitama, 10種"
3004351,美浜町産 ぽん酢・ドレッシング 5本,16,303810,調味料・油 / 5本,"Seasonings and oils from Wakayama, 5本"
3004352,海南市産 だしパック 30袋,16,302023,調味料・油 / 30袋,"Seasonings and oils from Wakayama, 30袋"
3004353,大田市産 ひとめぼれ 無洗米 10kg,3,322059,米・パン / 10kg,"Rice and bread from Shimane, 10kg"
3004354,韮崎市 打刃物 包丁 1本,18,192074,工芸品・民芸品 / 1本,"Crafts and folk art from Yamanashi, 1本"
3004355,宮城県産 燻製 詰め合わせ 5種,8,041009,惣菜・加工品 / 5種,"Prepared and processed foods from Miyagi, 5種"
3004356,日高川町産 うなぎ蒲焼 5尾,2,303925,魚介類・海産物 / 5尾,"Seafood from Wakayama, 5尾"
3004357,矢祭町産 つや姫 精米 10kg,3,074829,米・パン / 10kg,"Rice and bread from Fukushima, 10kg"
3004358,郡上市 木製食器セット 4点,20,212199,木工品・家具 / 4点,"Woodwork and furniture from Gifu, 4点"
3004359,羽島市産 煎茶 詰め合わせ 100g×3袋,14,212091,茶・コーヒー / 100g×3袋,"Tea and coffee from Gifu, 100g×3袋"
3004360,茨城県産 レトルトカレー 詰め合わせ 10食,8,082104,惣菜・加工品 / 10食,"Prepared and processed foods from Ibaraki, 10食"
3004361,北海道産 天然水 炭酸水 500ml×24本,15,015555,飲料・ジュース / 500ml×24本,"Beverages and juice from Hokkaido, 500ml×24本"
3004362,鳴門市 デニムジーンズ 1本,21,362026,繊維・衣類 / 1本,"Textiles and apparel from Tokushima, 1本"
3004363,鈴鹿市産 サーモン 刺身用 600g,2,242071,魚介類・海産物 / 600g,"Seafood from Mie, 600g"
3004364,北海道産 ほたて貝柱 冷凍 1kg,2,015121,魚介類・海産物 / 1kg,"Seafood from Hokkaido, 1kg"
3004365,石川県産 真鯛 フィレ 1kg,2,172073,魚介類・海産物 / 1kg,"Seafood from Ishikawa, 1kg"
3004366,門川町産 味付ジンギスカン 2kg,1,454214,肉・肉加工品 / 2kg,"Meat and meat products from Miyazaki, 2kg"
3004367,弥富市 靴下 詰め合わせ 10足,21,232351,繊維・衣類 / 10足,"Textiles and apparel from Aichi, 10足"
3004368,茨城県産 レトルトカレー 詰め合わせ 16食,8,082171,惣菜・加工品 / 16食,"Prepared and processed foods from Ibaraki, 16食"
3004369,碧南市産 味付からあげ 1kg,8,232092,惣菜・加工品 / 1kg,"Prepared and processed foods from Aichi, 1kg"
3004370,福岡県産 カステラ 詰め合わせ 3本,9,403849,菓子・スイーツ / 3本,"Confectionery and sweets from Fukuoka, 3本"
3004371,青森県 釣具セット 1式,26,024244,スポーツ・アウトドア / 1式,"Sports and outdoor from Aomori, 1式"
3004372,熊本県産 高糖度トマト 2kg,5,432164,野菜・きのこ / 2kg,"Vegetables and mushrooms from Kumamoto, 2kg"
3004373,愛知県産 味付からあげ 2kg,8,232360,惣菜・加工品 / 2kg,"Prepared and processed foods from Aichi, 2kg"
3004374,長野県産 サンふじりんご 10kg,4,202177,果物 / 10kg,"Fruit from Nagano, 10kg"
3004375,岐阜県産 厚切り牛タン 500g,1,212105,肉・肉加工品 / 500g,"Meat and meat products from Gifu, 500g"
3004376,広川町産 富有柿 5kg,4,303623,果物 / 5kg,"Fruit from Wakayama, 5kg"
3004377,奈良県 デニムジーンズ 1本,21,293229,繊維・衣類 / 1本,"Textiles and apparel from Nara, 1本"
3004378,伊方町産 天然水 炭酸水 500ml×48本,15,384429,飲料・ジュース / 500ml×48本,"Beverages and juice from Ehime, 500ml×48本"
3004379,長野県産 季節の野菜 詰め合わせ 10品目,5,202011,野菜・きのこ / 10品目,"Vegetables and mushrooms from Nagano, 10品目"
3004380,埼玉県産 煎茶 詰め合わせ 100g×3袋,14,112194,茶・コーヒー / 100g×3袋,"Tea and coffee from Saitama, 100g×3袋"
3004381,京田辺市 漆器 伝統工芸 5客,18,262111,工芸品・民芸品 / 5客,"Crafts and folk art from Kyoto, 5客"
3004382,市原市産 生うに 200g,2,122190,魚介類・海産物 / 200g,"Seafood from Chiba, 200g"
3004383,埼玉県産 プリン 詰め合わせ 12個,9,112321,菓子・スイーツ / 12個,"Confectionery and sweets from Saitama, 12個"
3004384,東京都産 煎茶 詰め合わせ 100g×3袋,14,132080,茶・コーヒー / 100g×3袋,"Tea and coffee from Tokyo, 100g×3袋"
3004385,秋田県産 ベーコン・ソーセージセット 1.8kg,1,052124,肉・肉加工品 / 1.8kg,"Meat and meat products from Akita, 1.8kg"
3004386,兵庫県産 ボイル毛がに 2尾,2,282197,魚介類・海産物 / 2尾,"Seafood from Hyogo, 2尾"
3004387,沖縄県産 ずわいがに 脚 1.2kg,2,473600,魚介類・海産物 / 1.2kg,"Seafood from Okinawa, 1.2kg"
3004388,鹿児島県産 ボイル毛がに 2尾,2,462217,魚介類・海産物 / 2尾,"Seafood from Kagoshima, 2尾"
3004389,静岡県産 抹茶 詰め合わせ 30g×3缶,14,222208,茶・コーヒー / 30g×3缶,"Tea and coffee from Shizuoka, 30g×3缶"
3004390,"大分県 観光施設 利用券 5,000円分",27,442101,"旅行券・宿泊券 / 5,000円分","Travel and accommodation vouchers from Oita, 5,000円分"
3004391,北海道産 発酵バター 200g×3個,6,012092,卵・乳製品 / 200g×3個,"Eggs and dairy from Hokkaido, 200g×3個"
3004392,奈良県産 ドリップコーヒー 100袋,14,293857,茶・コーヒー / 100袋,"Tea and coffee from Nara, 100袋"
3004393,野洲市産 味付ジンギスカン 1kg,1,252107,肉・肉加工品 / 1kg,"Meat and meat products from Shiga, 1kg"
3004394,勝浦市産 とうもろこし 12本,5,122181,野菜・きのこ / 12本,"Vegetables and mushrooms from Chiba, 12本"
3004395,山添村産 国産紅茶 50g×4袋,14,293229,茶・コーヒー / 50g×4袋,"Tea and coffee from Nara, 50g×4袋"
3004396,千葉県産 サーモン 刺身用 600g,2,122025,魚介類・海産物 / 600g,"Seafood from Chiba, 600g"
3004397,埼玉県産 つや姫 精米 5kg,3,113832,米・パン / 5kg,"Rice and bread from Saitama, 5kg"
3004398,みよし市産 漬物 詰め合わせ 6種,8,232360,惣菜・加工品 / 6種,"Prepared and processed foods from Aichi, 6種"
3004399,大阪府 直火用 土鍋 1個,19,272213,陶磁器・ガラス / 1個,"Ceramics and glassware from Osaka, 1個"
3004400,群馬県産 紅はるか さつまいも 5kg,5,105236,野菜・きのこ / 5kg,"Vegetables and mushrooms from Gunma, 5kg"
3004401,岩手県産 半生讃岐うどん 12食,7,035246,麺類 / 12食,"Noodles from Iwate, 12食"
3004402,岐阜県 木製食器セット 4点,20,212067,木工品・家具 / 4点,"Woodwork and furniture from Gifu, 4点"
3004403,宮崎県産 味付ジンギスカン 2kg,1,452033,肉・肉加工品 / 2kg,"Meat and meat products from Miyazaki, 2kg"
3004404,東京都産 プリン 詰め合わせ 8個,9,132195,菓子・スイーツ / 8個,"Confectionery and sweets from Tokyo, 8個"
3004405,岡山県 靴下 詰め合わせ 10足,21,335860,繊維・衣類 / 10足,"Textiles and apparel from Okayama, 10足"
3004406,青森県産 たまねぎ 10kg,5,022080,野菜・きのこ / 10kg,"Vegetables and mushrooms from Aomori, 10kg"
3004407,福岡県産 ハンバーグ 詰め合わせ 20個,1,404471,肉・肉加工品 / 20個,"Meat and meat products from Fukuoka, 20個"
3004408,平塚市産 漬物 詰め合わせ 10種,8,142034,惣菜・加工品 / 10種,"Prepared and processed foods from Kanagawa, 10種"
3004409,赤村産 豚ロース しゃぶしゃぶ用 1.2kg,1,406091,肉・肉加工品 / 1.2kg,"Meat and meat products from Fukuoka, 1.2kg"
3004410,栃木県産 煎茶 詰め合わせ 100g×3袋,14,092045,茶・コーヒー / 100g×3袋,"Tea and coffee from Tochigi, 100g×3袋"
3004411,青森県産 銘柄鶏 もも肉 2kg,1,022098,肉・肉加工品 / 2kg,"Meat and meat products from Aomori, 2kg"
3004412,鹿児島県産 季節の野菜 詰め合わせ 10品目,5,465011,野菜・きのこ / 10品目,"Vegetables and mushrooms from Kagoshima, 10品目"
3004413,武蔵村山市 国産材 積み木 1式,25,132233,文具・玩具 / 1式,"Stationery and toys from Tokyo, 1式"
3004414,銚子市産 生うに 100g,2,122025,魚介類・海産物 / 100g,"Seafood from Chiba, 100g"
3004415,川越町産 豚ロース しゃぶしゃぶ用 1.2kg,1,243442,肉・肉加工品 / 1.2kg,"Meat and meat products from Mie, 1.2kg"
3004416,北海道産 干物 詰め合わせ 8枚,2,011002,魚介類・海産物 / 8枚,"Seafood from Hokkaido, 8枚"
3004417,三重県産 バウムクーヘン 2個,9,242021,菓子・スイーツ / 2個,"Confectionery and sweets from Mie, 2個"
3004418,山形県産 つや姫 精米 5kg,3,062057,米・パン / 5kg,"Rice and bread from Yamagata, 5kg"
3004419,半田市産 冷凍餃子 100個,8,232050,惣菜・加工品 / 100個,"Prepared and processed foods from Aichi, 100個"
3004420,高知県産 泡盛 古酒 720ml,11,392111,焼酎・泡盛 / 720ml,"Shochu and awamori from Kochi, 720ml"
3004421,浦安市産 ハンバーグ 詰め合わせ 20個,1,122271,肉・肉加工品 / 20個,"Meat and meat products from Chiba, 20個"
3004422,新潟県産 真鯛 フィレ 1kg,2,152048,魚介類・海産物 / 1kg,"Seafood from Niigata, 1kg"
3004423,苅田町産 スモーク鴨ロース 600g,1,406210,肉・肉加工品 / 600g,"Meat and meat products from Fukuoka, 600g"
3004424,日置市産 うなぎ蒲焼 2尾,2,462161,魚介類・海産物 / 2尾,"Seafood from Kagoshima, 2尾"
3004425,埼玉県産 どら焼き 詰め合わせ 20個,9,112356,菓子・スイーツ / 20個,"Confectionery and sweets from Saitama, 20個"
3004426,長久手市産 ぽん酢・ドレッシング 5本,16,232386,調味料・油 / 5本,"Seasonings and oils from Aichi, 5本"
3004427,神奈川県産 燻製 詰め合わせ 8種,8,142166,惣菜・加工品 / 8種,"Prepared and processed foods from Kanagawa, 8種"
3004428,青森県産 銘柄鶏 もも肉 3kg,1,024236,肉・肉加工品 / 3kg,"Meat and meat products from Aomori, 3kg"
3004429,西脇市産 純米大吟醸 720ml,10,282138,日本酒 / 720ml,"Sake from Hyogo, 720ml"
3004430,千葉県産 季節の野菜 詰め合わせ 10品目,5,122289,野菜・きのこ / 10品目,"Vegetables and mushrooms from Chiba, 10品目"
3004431,長野県産 乾燥しいたけ 500g,5,204137,野菜・きのこ / 500g,"Vegetables and mushrooms from Nagano, 500g"
3004432,鳥取県産 銘柄鶏 もも肉 3kg,1,313840,肉・肉加工品 / 3kg,"Meat and meat products from Tottori, 3kg"
3004433,富津市産 どら焼き 詰め合わせ 20個,9,122262,菓子・スイーツ / 20個,"Confectionery and sweets from Chiba, 20個"
3004434,富士吉田市産 辛口 白ワイン 750ml×2本,13,192023,ワイン / 750ml×2本,"Wine from Yamanashi, 750ml×2本"
3004435,長野県産 高糖度トマト 2kg,5,204048,野菜・きのこ / 2kg,"Vegetables and mushrooms from Nagano, 2kg"
3004436,大崎町産 あじ開き 20枚,2,464686,魚介類・海産物 / 20枚,"Seafood from Kagoshima, 20枚"
3004437,栃木県産 煎茶 詰め合わせ 100g×5袋,14,093432,茶・コーヒー / 100g×5袋,"Tea and coffee from Tochigi, 100g×5袋"
3004438,岐阜県産 黒毛和牛 サーロインステーキ 200g×2枚,1,212059,肉・肉加工品 / 200g×2枚,"Meat and meat products from Gifu, 200g×2枚"
3004439,京都府 直火用 土鍋 1個,19,262102,陶磁器・ガラス / 1個,"Ceramics and glassware from Kyoto, 1個"
3004440,栃木県産 完熟マンゴー 1kg,4,093432,果物 / 1kg,"Fruit from Tochigi, 1kg"
3004441,九重町産 味付ジンギスカン 2kg,1,444618,肉・肉加工品 / 2kg,"Meat and meat products from Oita, 2kg"
3004442,福島県産 純米大吟醸 1.8L,10,072141,日本酒 / 1.8L,"Sake from Fukushima, 1.8L"
3004443,大分県産 本格芋焼酎 1.8L,11,442046,焼酎・泡盛 / 1.8L,"Shochu and awamori from Oita, 1.8L"
3004444,岐阜県 無垢材スツール 1脚,20,213624,木工品・家具 / 1脚,"Woodwork and furniture from Gifu, 1脚"
3004445,呉市産 真鯛 フィレ 1kg,2,342025,魚介類・海産物 / 1kg,"Seafood from Hiroshima, 1kg"
3004446,秋田県産 特別栽培米 玄米 10kg,3,052141,米・パン / 10kg,"Rice and bread from Akita, 10kg"
3004447,兵庫県 猫用爪とぎ 3個,30,285013,ペット用品 / 3個,"Pet supplies from Hyogo, 3個"
3004448,鹿児島県産 スモーク鴨ロース 600g,1,462187,肉・肉加工品 / 600g,"Meat and meat products from Kagoshima, 600g"
3004449,佐賀県 米 定期便 5kg×6回,17,412040,定期便 / 5kg×6回,"Subscription deliveries from Saga, 5kg×6回"
3004450,島田市産 完熟マンゴー 1kg,4,222097,果物 / 1kg,"Fruit from Shizuoka, 1kg"
3004451,嵐山町産 つや姫 精米 5kg,3,113425,米・パン / 5kg,"Rice and bread from Saitama, 5kg"
3004452,住田町産 いくら醤油漬け 500g,2,034410,魚介類・海産物 / 500g,"Seafood from Iwate, 500g"
3004453,山形県産 味付からあげ 1kg,8,063657,惣菜・加工品 / 1kg,"Prepared and processed foods from Yamagata, 1kg"
3004454,埼玉県産 煎茶 詰め合わせ 100g×3袋,14,112275,茶・コーヒー / 100g×3袋,"Tea and coffee from Saitama, 100g×3袋"
3004455,鹿児島県産 本格芋焼酎 900ml×2本,11,462080,焼酎・泡盛 / 900ml×2本,"Shochu and awamori from Kagoshima, 900ml×2本"
3004456,愛知県産 ぽん酢・ドレッシング 5本,16,235628,調味料・油 / 5本,"Seasonings and oils from Aichi, 5本"
3004457,伯耆町産 味付ジンギスカン 2kg,1,313904,肉・肉加工品 / 2kg,"Meat and meat products from Tottori, 2kg"
3004458,新潟県産 稲庭うどん 800g,7,152048,麺類 / 800g,"Noodles from Niigata, 800g"
3004459,鹿児島県産 和牛 焼肉セット 600g,1,462187,肉・肉加工品 / 600g,"Meat and meat products from Kagoshima, 600g"
3004460,岐阜県 木製食器セット 4点,20,215074,木工品・家具 / 4点,"Woodwork and furniture from Gifu, 4点"
3004461,京都府産 和菓子 詰め合わせ 12個,9,263036,菓子・スイーツ / 12個,"Confectionery and sweets from Kyoto, 12個"
3004462,島根県産 果汁100%ジュース 1L×6本,15,322032,飲料・ジュース / 1L×6本,"Beverages and juice from Shimane, 1L×6本"
3004463,福岡県産 黒毛和牛 切り落とし 500g,1,402079,肉・肉加工品 / 500g,"Meat and meat products from Fukuoka, 500g"
3004464,長野県産 アスパラガス 1kg,5,205435,野菜・きのこ / 1kg,"Vegetables and mushrooms from Nagano, 1kg"
3004465,亀山市 伝統こけし 1体,18,242101,工芸品・民芸品 / 1体,"Crafts and folk art from Mie, 1体"
3004466,秋田県産 ドリップコーヒー 100袋,14,053686,茶・コーヒー / 100袋,"Tea and coffee from Akita, 100袋"
3004467,宍粟市産 純米大吟醸 720ml×2本,10,282278,日本酒 / 720ml×2本,"Sake from Hyogo, 720ml×2本"
3004468,新潟県産 純米大吟醸 1.8L,10,152102,日本酒 / 1.8L,"Sake from Niigata, 1.8L"
3004469,千葉県産 だしパック 60袋,16,122394,調味料・油 / 60袋,"Seasonings and oils from Chiba, 60袋"
3004470,北海道産 乾燥しいたけ 300g,5,016012,野菜・きのこ / 300g,"Vegetables and mushrooms from Hokkaido, 300g"
3004471,鴻巣市産 煎茶 詰め合わせ 100g×5袋,14,112178,茶・コーヒー / 100g×5袋,"Tea and coffee from Saitama, 100g×5袋"
3004472,邑南町産 特別純米酒 1.8L,10,324493,日本酒 / 1.8L,"Sake from Shimane, 1.8L"
3004473,福島県産 高糖度トマト 3kg,5,075035,野菜・きのこ / 3kg,"Vegetables and mushrooms from Fukushima, 3kg"
3004474,千葉県 果物 定期便 隔月×6回,17,122122,定期便 / 隔月×6回,"Subscription deliveries from Chiba, 隔月×6回"
3004475,長野県産 乾燥しいたけ 300g,5,202118,野菜・きのこ / 300g,"Vegetables and mushrooms from Nagano, 300g"
3004476,楢葉町産 ひとめぼれ 無洗米 10kg,3,075426,米・パン / 10kg,"Rice and bread from Fukushima, 10kg"
3004477,佐世保市産 国産小麦パスタ 10袋,7,422029,麺類 / 10袋,"Noodles from Nagasaki, 10袋"
3004478,日高市産 ジェラート 詰め合わせ 12個,9,112429,菓子・スイーツ / 12個,"Confectionery and sweets from Saitama, 12個"
3004479,熊本県産 ぽん酢・ドレッシング 5本,16,435074,調味料・油 / 5本,"Seasonings and oils from Kumamoto, 5本"
3004480,新潟県産 国産小麦パスタ 10袋,7,155861,麺類 / 10袋,"Noodles from Niigata, 10袋"
3004481,和泊町 ペット用おやつ 詰め合わせ 10袋,30,465330,ペット用品 / 10袋,"Pet supplies from Kagoshima, 10袋"
3004482,東久留米市 国産材 積み木 1式,25,132225,文具・玩具 / 1式,"Stationery and toys from Tokyo, 1式"
3004483,鹿児島県産 米焼酎 飲み比べ 720ml×3本,11,462233,焼酎・泡盛 / 720ml×3本,"Shochu and awamori from Kagoshima, 720ml×3本"
3004484,宮崎県産 ベーコン・ソーセージセット 1.2kg,1,452041,肉・肉加工品 / 1.2kg,"Meat and meat products from Miyazaki, 1.2kg"
3004485,北海道 石けん 詰め合わせ 5個,22,014591,化粧品・美容 / 5個,"Cosmetics and beauty from Hokkaido, 5個"
3004486,埼玉県産 つや姫 精米 5kg,3,113697,米・パン / 5kg,"Rice and bread from Saitama, 5kg"
3004487,新潟県産 あじ開き 20枚,2,152269,魚介類・海産物 / 20枚,"Seafood from Niigata, 20枚"
3004488,神奈川県 洗剤 詰め合わせ 1式,23,142042,日用品・雑貨 / 1式,"Household goods from Kanagawa, 1式"
3004489,福島県産 季節の野菜 詰め合わせ 10品目,5,075612,野菜・きのこ / 10品目,"Vegetables and mushrooms from Fukushima, 10品目"
3004490,川上村産 完熟マンゴー 2kg,4,294527,果物 / 2kg,"Fruit from Nara, 2kg"
3004491,静岡県産 佃煮 詰め合わせ 5種,8,222143,惣菜・加工品 / 5種,"Prepared and processed foods from Shizuoka, 5種"
3004492,南大隅町産 アスパラガス 1kg,5,464911,野菜・きのこ / 1kg,"Vegetables and mushrooms from Kagoshima, 1kg"
3004493,つくば市 綿100% 寝具カバー 1式,21,082201,繊維・衣類 / 1式,"Textiles and apparel from Ibaraki, 1式"
3004494,上川町 ホットプレート 1台,24,014575,家電・電化製品 / 1台,"Home appliances from Hokkaido, 1台"
3004495,石川県 打刃物 包丁 1本,18,172103,工芸品・民芸品 / 1本,"Crafts and folk art from Ishikawa, 1本"
3004496,会津坂下町産 米粉パン セット 12個,3,074217,米・パン / 12個,"Rice and bread from Fukushima, 12個"
3004497,長野県産 季節の野菜 詰め合わせ 10品目,5,203505,野菜・きのこ / 10品目,"Vegetables and mushrooms from Nagano, 10品目"
3004498,大阪府産 どら焼き 詰め合わせ 20個,9,272213,菓子・スイーツ / 20個,"Confectionery and sweets from Osaka, 20個"
3004499,関川村産 特別純米酒 1.8L,10,155811,日本酒 / 1.8L,"Sake from Niigata, 1.8L"
3004500,北海道産 ジェラート 詰め合わせ 12個,9,014052,菓子・スイーツ / 12個,"Confectionery and sweets from Hokkaido, 12個"
3004501,上野原市産 温州みかん 10kg,4,192121,果物 / 10kg,"Fruit from Yamanashi, 10kg"
3004502,栃木県産 メロン 秀品 1玉,4,092142,果物 / 1玉,"Fruit from Tochigi, 1玉"
3004503,沖縄県産 泡盛 古酒 720ml,11,473481,焼酎・泡盛 / 720ml,"Shochu and awamori from Okinawa, 720ml"
3004504,小郡市 多肉植物 セット 6鉢,29,402168,花・観葉植物 / 6鉢,"Flowers and plants from Fukuoka, 6鉢"
3004505,京都府産 自家焙煎コーヒー豆 200g×3袋,14,262111,茶・コーヒー / 200g×3袋,"Tea and coffee from Kyoto, 200g×3袋"
3004506,高知県産 高糖度トマト 2kg,5,393410,野菜・きのこ / 2kg,"Vegetables and mushrooms from Kochi, 2kg"
3004507,福岡県 釣具セット 1式,26,402281,スポーツ・アウトドア / 1式,"Sports and outdoor from Fukuoka, 1式"
3004508,北海道産 真鯛 フィレ 1kg,2,012190,魚介類・海産物 / 1kg,"Seafood from Hokkaido, 1kg"
3004509,静岡県産 佃煮 詰め合わせ 5種,8,222143,惣菜・加工品 / 5種,"Prepared and processed foods from Shizuoka, 5種"
3004510,岐阜県産 冷凍餃子 50個,8,212083,惣菜・加工品 / 50個,"Prepared and processed foods from Gifu, 50個"
3004511,福岡県産 どら焼き 詰め合わせ 20個,9,404021,菓子・スイーツ / 20個,"Confectionery and sweets from Fukuoka, 20個"
3004512,埼玉県産 カステラ 詰め合わせ 2本,9,113492,菓子・スイーツ / 2本,"Confectionery and sweets from Saitama, 2本"
3004513,石川県産 果汁100%ジュース 1L×6本,15,172065,飲料・ジュース / 1L×6本,"Beverages and juice from Ishikawa, 1L×6本"
3004514,小田原市産 燻製 詰め合わせ 8種,8,142069,惣菜・加工品 / 8種,"Prepared and processed foods from Kanagawa, 8種"
3004515,京都府 ガラス酒器 1式,19,263443,陶磁器・ガラス / 1式,"Ceramics and glassware from Kyoto, 1式"
3004516,茨城県産 ゆめぴりか 精米 10kg,3,084425,米・パン / 10kg,"Rice and bread from Ibaraki, 10kg"
3004517,豊岡市産 黒毛和牛 サーロインステーキ 400g,1,282090,肉・肉加工品 / 400g,"Meat and meat products from Hyogo, 400g"
3004518,京都府 打刃物 包丁 1本,18,262081,工芸品・民芸品 / 1本,"Crafts and folk art from Kyoto, 1本"
3004519,愛媛県産 のどぐろ 干物 5枚,2,382141,魚介類・海産物 / 5枚,"Seafood from Ehime, 5枚"
3004520,高知県産 紅はるか さつまいも 10kg,5,392090,野菜・きのこ / 10kg,"Vegetables and mushrooms from Kochi, 10kg"
3004521,毛呂山町産 あきたこまち 精米 5kg,3,113263,米・パン / 5kg,"Rice and bread from Saitama, 5kg"
3004522,沖縄県産 米焼酎 飲み比べ 720ml×3本,11,472077,焼酎・泡盛 / 720ml×3本,"Shochu and awamori from Okinawa, 720ml×3本"
3004523,長野県産 富有柿 5kg,4,203831,果物 / 5kg,"Fruit from Nagano, 5kg"
3004524,北海道産 ハンバーグ 詰め合わせ 10個,1,012041,肉・肉加工品 / 10個,"Meat and meat products from Hokkaido, 10個"
3004525,静岡県産 ドリップコーヒー 100袋,14,223069,茶・コーヒー / 100袋,"Tea and coffee from Shizuoka, 100袋"
3004526,新潟市産 国産小麦パスタ 10袋,7,151009,麺類 / 10袋,"Noodles from Niigata, 10袋"
3004527,岐阜県 綿100% 寝具カバー 1式,21,212041,繊維・衣類 / 1式,"Textiles and apparel from Gifu, 1式"
3004528,広島県産 特別純米酒 1.8L,10,342157,日本酒 / 1.8L,"Sake from Hiroshima, 1.8L"
3004529,岡山県 シルクスカーフ 1枚,21,332038,繊維・衣類 / 1枚,"Textiles and apparel from Okayama, 1枚"
3004530,山口県産 サーモン 刺身用 1kg,2,352136,魚介類・海産物 / 1kg,"Seafood from Yamaguchi, 1kg"
3004531,"福岡県 観光施設 利用券 5,000円分",27,405442,"旅行券・宿泊券 / 5,000円分","Travel and accommodation vouchers from Fukuoka, 5,000円分"
3004532,山形県産 純米大吟醸 1.8L,10,063665,日本酒 / 1.8L,"Sake from Yamagata, 1.8L"
3004533,大衡村産 味付からあげ 2kg,8,044245,惣菜・加工品 / 2kg,"Prepared and processed foods from Miyagi, 2kg"
3004534,秋田県産 生ラーメン セット 10食,7,053619,麺類 / 10食,"Noodles from Akita, 10食"
3004535,三島市産 漬物 詰め合わせ 10種,8,222062,惣菜・加工品 / 10種,"Prepared and processed foods from Shizuoka, 10種"
3004536,福島県産 米粉パン セット 12個,3,075485,米・パン / 12個,"Rice and bread from Fukushima, 12個"
3004537,長野県産 辛口 白ワイン 750ml×2本,13,202193,ワイン / 750ml×2本,"Wine from Nagano, 750ml×2本"
3004538,大分県産 厚切り牛タン 900g,1,442038,肉・肉加工品 / 900g,"Meat and meat products from Oita, 900g"
3004539,富士吉田市産 辛口 白ワイン 750ml×2本,13,192023,ワイン / 750ml×2本,"Wine from Yamanashi, 750ml×2本"
3004540,京都府産 ぽん酢・ドレッシング 5本,16,262064,調味料・油 / 5本,"Seasonings and oils from Kyoto, 5本"
3004541,埼玉県産 漬物 詰め合わせ 10種,8,112089,惣菜・加工品 / 10種,"Prepared and processed foods from Saitama, 10種"
3004542,青森県産 温州みかん 10kg,4,022080,果物 / 10kg,"Fruit from Aomori, 10kg"
3004543,東串良町産 米焼酎 飲み比べ 720ml×3本,11,464821,焼酎・泡盛 / 720ml×3本,"Shochu and awamori from Kagoshima, 720ml×3本"
3004544,岐阜県 木製カッティングボード 1枚,20,212032,木工品・家具 / 1枚,"Woodwork and furniture from Gifu, 1枚"
3004545,鹿部町産 スモーク鴨ロース 400g,1,013439,肉・肉加工品 / 400g,"Meat and meat products from Hokkaido, 400g"
3004546,茨城県産 味付ジンギスカン 2kg,1,082074,肉・肉加工品 / 2kg,"Meat and meat products from Ibaraki, 2kg"
3004547,香美市産 干物 詰め合わせ 8枚,2,392120,魚介類・海産物 / 8枚,"Seafood from Kochi, 8枚"
3004548,北海道産 カステラ 詰め合わせ 3本,9,015113,菓子・スイーツ / 3本,"Confectionery and sweets from Hokkaido, 3本"
3004549,遊佐町産 ゆめぴりか 精米 10kg,3,064611,米・パン / 10kg,"Rice and bread from Yamagata, 10kg"
3004550,高知県産 だしパック 60袋,16,393037,調味料・油 / 60袋,"Seasonings and oils from Kochi, 60袋"
3004551,稲敷市 タオル 詰め合わせ 10枚,23,082295,日用品・雑貨 / 10枚,"Household goods from Ibaraki, 10枚"
3004552,広島県産 味付からあげ 2kg,8,342131,惣菜・加工品 / 2kg,"Prepared and processed foods from Hiroshima, 2kg"
3004553,志木市産 特別栽培米 玄米 20kg,3,112283,米・パン / 20kg,"Rice and bread from Saitama, 20kg"
3004554,袋井市産 サーモン 刺身用 1kg,2,222160,魚介類・海産物 / 1kg,"Seafood from Shizuoka, 1kg"
3004555,北海道産 ぽん酢・ドレッシング 5本,16,015130,調味料・油 / 5本,"Seasonings and oils from Hokkaido, 5本"
3004556,鹿児島県産 長期貯蔵 麦焼酎 1.8L,11,462217,焼酎・泡盛 / 1.8L,"Shochu and awamori from Kagoshima, 1.8L"
3004557,青森県産 明太子 切子 500g,2,022039,魚介類・海産物 / 500g,"Seafood from Aomori, 500g"
3004558,広島県 観葉植物 1鉢,29,345458,花・観葉植物 / 1鉢,"Flowers and plants from Hiroshima, 1鉢"
3004559,京都府 陶器 マグカップ 2個,19,262064,陶磁器・ガラス / 2個,"Ceramics and glassware from Kyoto, 2個"
3004560,坂東市産 男爵じゃがいも 10kg,5,082287,野菜・きのこ / 10kg,"Vegetables and mushrooms from Ibaraki, 10kg"
3004561,滑川市産 サーモン 刺身用 600g,2,162060,魚介類・海産物 / 600g,"Seafood from Toyama, 600g"
3004562,京都府 国産材 積み木 1式,25,262129,文具・玩具 / 1式,"Stationery and toys from Kyoto, 1式"
3004563,福島県産 季節限定 生酒 720ml×2本,10,074845,日本酒 / 720ml×2本,"Sake from Fukushima, 720ml×2本"
3004564,岩手県産 スモーク鴨ロース 400g,1,035017,肉・肉加工品 / 400g,"Meat and meat products from Iwate, 400g"
3004565,岩手県産 生ラーメン セット 10食,7,032131,麺類 / 10食,"Noodles from Iwate, 10食"
3004566,徳島県 シルクスカーフ 1枚,21,362051,繊維・衣類 / 1枚,"Textiles and apparel from Tokushima, 1枚"
3004567,新十津川町産 干物 詰め合わせ 12枚,2,014320,魚介類・海産物 / 12枚,"Seafood from Hokkaido, 12枚"
3004568,埼玉県産 煎茶 詰め合わせ 100g×5袋,14,112348,茶・コーヒー / 100g×5袋,"Tea and coffee from Saitama, 100g×5袋"
3004569,岐阜県産 ベーコン・ソーセージセット 1.2kg,1,212075,肉・肉加工品 / 1.2kg,"Meat and meat products from Gifu, 1.2kg"
3004570,久喜市産 米粉パン セット 8個,3,112321,米・パン / 8個,"Rice and bread from Saitama, 8個"
3004571,滋賀県産 特別栽培米 玄米 20kg,3,252034,米・パン / 20kg,"Rice and bread from Shiga, 20kg"
3004572,福島県産 特別純米酒 720ml×2本,10,074462,日本酒 / 720ml×2本,"Sake from Fukushima, 720ml×2本"
3004573,大阪府 陶芸 体験チケット 2名,28,272299,体験・チケット / 2名,"Experiences and tickets from Osaka, 2名"
3004574,大和高田市 デニムジーンズ 1本,21,292028,繊維・衣類 / 1本,"Textiles and apparel from Nara, 1本"
3004575,山口県産 ひとめぼれ 無洗米 5kg,3,352161,米・パン / 5kg,"Rice and bread from Yamaguchi, 5kg"
3004576,野田市産 和牛 焼肉セット 1kg,1,122084,肉・肉加工品 / 1kg,"Meat and meat products from Chiba, 1kg"
3004577,佐井村産 あまおういちご 540g,4,024261,果物 / 540g,"Fruit from Aomori, 540g"
3004578,茨城県産 厚切り牛タン 900g,1,082104,肉・肉加工品 / 900g,"Meat and meat products from Ibaraki, 900g"
3004579,国立市産 プリン 詰め合わせ 8個,9,132152,菓子・スイーツ / 8個,"Confectionery and sweets from Tokyo, 8個"
3004580,香川県産 和菓子 詰め合わせ 20個,9,372048,菓子・スイーツ / 20個,"Confectionery and sweets from Kagawa, 20個"
3004581,長万部町 クルーズ 乗船券 2名,28,013471,体験・チケット / 2名,"Experiences and tickets from Hokkaido, 2名"
3004582,福島県 シルクスカーフ 1枚,21,074454,繊維・衣類 / 1枚,"Textiles and apparel from Fukushima, 1枚"
3004583,嘉手納町 温泉旅館 ペア宿泊券 1泊2食付,27,473251,旅行券・宿泊券 / 1泊2食付,"Travel and accommodation vouchers from Okinawa, 1泊2食付"
3004584,茨城県産 冷凍餃子 50個,8,082198,惣菜・加工品 / 50個,"Prepared and processed foods from Ibaraki, 50個"
3004585,"新潟県 宿泊利用券 30,000円分",27,152277,"旅行券・宿泊券 / 30,000円分","Travel and accommodation vouchers from Niigata, 30,000円分"
3004586,高知県産 長期貯蔵 麦焼酎 1.8L,11,392081,焼酎・泡盛 / 1.8L,"Shochu and awamori from Kochi, 1.8L"
3004587,奈良県産 抹茶 詰め合わせ 30g×3缶,14,293440,茶・コーヒー / 30g×3缶,"Tea and coffee from Nara, 30g×3缶"
3004588,長崎県産 どら焼き 詰め合わせ 12個,9,422029,菓子・スイーツ / 12個,"Confectionery and sweets from Nagasaki, 12個"
3004589,香川県 曲げわっぱ弁当箱 1個,20,372013,木工品・家具 / 1個,"Woodwork and furniture from Kagawa, 1個"
3004590,坂町産 佃煮 詰め合わせ 5種,8,343099,惣菜・加工品 / 5種,"Prepared and processed foods from Hiroshima, 5種"
3004591,岐阜県 伝統こけし 1体,18,212164,工芸品・民芸品 / 1体,"Crafts and folk art from Gifu, 1体"
3004592,東京都 酒蔵見学・試飲 2名,28,132128,体験・チケット / 2名,"Experiences and tickets from Tokyo, 2名"
3004593,山形県産 銘柄鶏 もも肉 2kg,1,063011,肉・肉加工品 / 2kg,"Meat and meat products from Yamagata, 2kg"
3004594,藤井寺市 果物狩り 体験チケット 4名,28,272264,体験・チケット / 4名,"Experiences and tickets from Osaka, 4名"
3004595,井原市産 特別栽培米 玄米 20kg,3,332071,米・パン / 20kg,"Rice and bread from Okayama, 20kg"
3004596,香取市産 季節の野菜 詰め合わせ 15品目,5,122360,野菜・きのこ / 15品目,"Vegetables and mushrooms from Chiba, 15品目"
3004597,沖縄県産 泡盛 古酒 720ml,11,473031,焼酎・泡盛 / 720ml,"Shochu and awamori from Okinawa, 720ml"
3004598,青森県 米 定期便 5kg×6回,17,023043,定期便 / 5kg×6回,"Subscription deliveries from Aomori, 5kg×6回"
3004599,北海道 国産ペットフード 4kg,30,012351,ペット用品 / 4kg,"Pet supplies from Hokkaido, 4kg"
3004600,上砂川町産 のどぐろ 干物 3枚,2,014257,魚介類・海産物 / 3枚,"Seafood from Hokkaido, 3枚"
3004601,東京都 ノート 詰め合わせ 10冊,25,133078,文具・玩具 / 10冊,"Stationery and toys from Tokyo, 10冊"
3004602,立山町産 サーモン 刺身用 1kg,2,163236,魚介類・海産物 / 1kg,"Seafood from Toyama, 1kg"
3004603,北海道産 平飼いたまご 30個,6,015181,卵・乳製品 / 30個,"Eggs and dairy from Hokkaido, 30個"
3004604,豊橋市産 どら焼き 詰め合わせ 12個,9,232017,菓子・スイーツ / 12個,"Confectionery and sweets from Aichi, 12個"
3004605,奈良県 今治タオル セット 8枚,21,292109,繊維・衣類 / 8枚,"Textiles and apparel from Nara, 8枚"
3004606,有田市 ペットベッド 1個,30,302040,ペット用品 / 1個,"Pet supplies from Wakayama, 1個"
3004607,安曇野市 靴下 詰め合わせ 10足,21,202207,繊維・衣類 / 10足,"Textiles and apparel from Nagano, 10足"
3004608,千葉県産 ハンバーグ 詰め合わせ 20個,1,122319,肉・肉加工品 / 20個,"Meat and meat products from Chiba, 20個"
3004609,岐阜県 伝統こけし 1体,18,212113,工芸品・民芸品 / 1体,"Crafts and folk art from Gifu, 1体"
3004610,栃木県産 燻製 詰め合わせ 8種,8,093441,惣菜・加工品 / 8種,"Prepared and processed foods from Tochigi, 8種"
3004611,長野県産 生ラーメン セット 16食,7,203491,麺類 / 16食,"Noodles from Nagano, 16食"
3004612,茨城県産 コシヒカリ 精米 5kg,3,082163,米・パン / 5kg,"Rice and bread from Ibaraki, 5kg"
3004613,福井県産 季節限定 生酒 720ml×2本,10,184811,日本酒 / 720ml×2本,"Sake from Fukui, 720ml×2本"
3004614,大分県産 冷凍餃子 50個,8,442101,惣菜・加工品 / 50個,"Prepared and processed foods from Oita, 50個"
3004615,京都府産 どら焼き 詰め合わせ 12個,9,262111,菓子・スイーツ / 12個,"Confectionery and sweets from Kyoto, 12個"
3004616,榛東村産 豚ロース しゃぶしゃぶ用 2kg,1,103446,肉・肉加工品 / 2kg,"Meat and meat products from Gunma, 2kg"
3004617,浦添市産 泡盛 古酒 720ml,11,472085,焼酎・泡盛 / 720ml,"Shochu and awamori from Okinawa, 720ml"
3004618,山形県産 シャインマスカット 4房,4,063223,果物 / 4房,"Fruit from Yamagata, 4房"
3004619,国分寺市産 だしパック 60袋,16,132144,調味料・油 / 60袋,"Seasonings and oils from Tokyo, 60袋"
3004620,香川県産 サンふじりんご 5kg,4,373222,果物 / 5kg,"Fruit from Kagawa, 5kg"
3004621,東京都 タオル 詰め合わせ 10枚,23,132110,日用品・雑貨 / 10枚,"Household goods from Tokyo, 10枚"
3004622,泰阜村産 アスパラガス 1kg,5,204145,野菜・きのこ / 1kg,"Vegetables and mushrooms from Nagano, 1kg"
3004623,板野町産 さくらんぼ 佐藤錦 500g,4,364045,果物 / 500g,"Fruit from Tokushima, 500g"
3004624,群馬県産 豚ロース しゃぶしゃぶ用 1.2kg,1,102041,肉・肉加工品 / 1.2kg,"Meat and meat products from Gunma, 1.2kg"
3004625,福岡県 洗剤 詰め合わせ 1式,23,402206,日用品・雑貨 / 1式,"Household goods from Fukuoka, 1式"
3004626,富山県 漆器 伝統工芸 1客,18,162108,工芸品・民芸品 / 1客,"Crafts and folk art from Toyama, 1客"
3004627,村上市 多肉植物 セット 6鉢,29,152129,花・観葉植物 / 6鉢,"Flowers and plants from Niigata, 6鉢"
3004628,千歳市 ホットプレート 1台,24,012246,家電・電化製品 / 1台,"Home appliances from Hokkaido, 1台"
3004629,宮城県産 燻製 詰め合わせ 5種,8,042137,惣菜・加工品 / 5種,"Prepared and processed foods from Miyagi, 5種"
3004630,福島県産 特別栽培米 玄米 20kg,3,072095,米・パン / 20kg,"Rice and bread from Fukushima, 20kg"
3004631,小鹿野町産 ジェラート 詰め合わせ 12個,9,113654,菓子・スイーツ / 12個,"Confectionery and sweets from Saitama, 12個"
3004632,和歌山県産 天然水 2L×24本,15,302031,飲料・ジュース / 2L×24本,"Beverages and juice from Wakayama, 2L×24本"
3004633,神恵内村産 サーモン 刺身用 1kg,2,014044,魚介類・海産物 / 1kg,"Seafood from Hokkaido, 1kg"
3004634,三重県産 明太子 切子 1kg,2,245623,魚介類・海産物 / 1kg,"Seafood from Mie, 1kg"
3004635,津南町産 十割そば 10食,7,154822,麺類 / 10食,"Noodles from Niigata, 10食"
3004636,国立市 包丁研ぎ器 1個,23,132152,日用品・雑貨 / 1個,"Household goods from Tokyo, 1個"
3004637,刈羽村産 特別純米酒 720ml×2本,10,155047,日本酒 / 720ml×2本,"Sake from Niigata, 720ml×2本"
3004638,岩国市 電気ケトル 1台,24,352080,家電・電化製品 / 1台,"Home appliances from Yamaguchi, 1台"
3004639,青森県産 干物 詰め合わせ 12枚,2,023612,魚介類・海産物 / 12枚,"Seafood from Aomori, 12枚"
3004640,滋賀県 打刃物 包丁 2本,18,252042,工芸品・民芸品 / 2本,"Crafts and folk art from Shiga, 2本"
3004641,宮崎県産 レトルトカレー 詰め合わせ 10食,8,452068,惣菜・加工品 / 10食,"Prepared and processed foods from Miyazaki, 10食"
3004642,青森県産 あじ開き 20枚,2,022012,魚介類・海産物 / 20枚,"Seafood from Aomori, 20枚"
3004643,山梨県産 天然水 炭酸水 500ml×48本,15,192023,飲料・ジュース / 500ml×48本,"Beverages and juice from Yamanashi, 500ml×48本"
3004644,掛川市産 いくら醤油漬け 250g,2,222135,魚介類・海産物 / 250g,"Seafood from Shizuoka, 250g"
3004645,京都府産 カステラ 詰め合わせ 3本,9,263443,菓子・スイーツ / 3本,"Confectionery and sweets from Kyoto, 3本"
3004646,千葉県産 ボイル毛がに 1尾 500g,2,124036,魚介類・海産物 / 1尾 500g,"Seafood from Chiba, 1尾 500g"
3004647,高知県産 季節の野菜 詰め合わせ 15品目,5,392090,野菜・きのこ / 15品目,"Vegetables and mushrooms from Kochi, 15品目"
3004648,青森県産 ほたて貝柱 冷凍 500g,2,024465,魚介類・海産物 / 500g,"Seafood from Aomori, 500g"
3004649,和歌山県産 冷凍スムージー 12本,15,302023,飲料・ジュース / 12本,"Beverages and juice from Wakayama, 12本"
3004650,鳥取県産 ゆめぴりか 精米 5kg,3,313645,米・パン / 5kg,"Rice and bread from Tottori, 5kg"
3004651,奈良県 打刃物 包丁 2本,18,294021,工芸品・民芸品 / 2本,"Crafts and folk art from Nara, 2本"
3004652,長崎県 直火用 土鍋 1個,19,422126,陶磁器・ガラス / 1個,"Ceramics and glassware from Nagasaki, 1個"
3004653,徳島県産 生ラーメン セット 16食,7,364011,麺類 / 16食,"Noodles from Tokushima, 16食"
3004654,福岡県産 あじ開き 10枚,2,404471,魚介類・海産物 / 10枚,"Seafood from Fukuoka, 10枚"
3004655,大分県産 冷凍餃子 50個,8,442119,惣菜・加工品 / 50個,"Prepared and processed foods from Oita, 50個"
3004656,埼玉県産 自家焙煎コーヒー豆 200g×3袋,14,112321,茶・コーヒー / 200g×3袋,"Tea and coffee from Saitama, 200g×3袋"
3004657,福岡県産 銘柄鶏 もも肉 3kg,1,402303,肉・肉加工品 / 3kg,"Meat and meat products from Fukuoka, 3kg"
3004658,東京都 木製パズル 1点,25,134023,文具・玩具 / 1点,"Stationery and toys from Tokyo, 1点"
3004659,岩手県産 あきたこまち 精米 10kg,3,032093,米・パン / 10kg,"Rice and bread from Iwate, 10kg"
3004660,熊本県産 白桃 2kg,4,435139,果物 / 2kg,"Fruit from Kumamoto, 2kg"
3004661,印南町産 果汁100%ジュース 180ml×24本,15,303909,飲料・ジュース / 180ml×24本,"Beverages and juice from Wakayama, 180ml×24本"
3004662,岩手県産 真鯛 フィレ 1kg,2,032018,魚介類・海産物 / 1kg,"Seafood from Iwate, 1kg"
3004663,東京都 国産材 積み木 1式,25,131041,文具・玩具 / 1式,"Stationery and toys from Tokyo, 1式"
3004664,北海道産 ベーコン・ソーセージセット 1.2kg,1,013978,肉・肉加工品 / 1.2kg,"Meat and meat products from Hokkaido, 1.2kg"
3004665,北海道産 ジェラート 詰め合わせ 12個,9,012165,菓子・スイーツ / 12個,"Confectionery and sweets from Hokkaido, 12個"
3004666,長崎県産 半生讃岐うどん 20食,7,423831,麺類 / 20食,"Noodles from Nagasaki, 20食"
3004667,滋賀県産 純米大吟醸 720ml×2本,10,252018,日本酒 / 720ml×2本,"Sake from Shiga, 720ml×2本"
3004668,奈良県産 国産紅茶 50g×4袋,14,294462,茶・コーヒー / 50g×4袋,"Tea and coffee from Nara, 50g×4袋"
3004669,山形県産 完熟マンゴー 2kg,4,064033,果物 / 2kg,"Fruit from Yamagata, 2kg"
3004670,北海道産 アスパラガス 2kg,5,012092,野菜・きのこ / 2kg,"Vegetables and mushrooms from Hokkaido, 2kg"
3004671,豊島区 クルーズ 乗船券 2名,28,131164,体験・チケット / 2名,"Experiences and tickets from Tokyo, 2名"
3004672,積丹町産 季節の野菜 詰め合わせ 15品目,5,014052,野菜・きのこ / 15品目,"Vegetables and mushrooms from Hokkaido, 15品目"
3004673,安来市 国産材 積み木 1式,25,322067,文具・玩具 / 1式,"Stationery and toys from Shimane, 1式"
3004674,新発田市 無垢材スツール 1脚,20,152064,木工品・家具 / 1脚,"Woodwork and furniture from Niigata, 1脚"
3004675,福岡県産 プリン 詰め合わせ 12個,9,402214,菓子・スイーツ / 12個,"Confectionery and sweets from Fukuoka, 12個"
3004676,宇部市産 米粉パン セット 12個,3,352021,米・パン / 12個,"Rice and bread from Yamaguchi, 12個"
3004677,日南町産 シャインマスカット 4房,4,314013,果物 / 4房,"Fruit from Tottori, 4房"
3004678,山形県産 和牛 焼肉セット 600g,1,062065,肉・肉加工品 / 600g,"Meat and meat products from Yamagata, 600g"
3004679,"徳島県 宿泊利用券 30,000円分",27,362077,"旅行券・宿泊券 / 30,000円分","Travel and accommodation vouchers from Tokushima, 30,000円分"
3004680,徳島県 綿100% 寝具カバー 1式,21,362051,繊維・衣類 / 1式,"Textiles and apparel from Tokushima, 1式"
3004681,東京都 タオル 詰め合わせ 10枚,23,131121,日用品・雑貨 / 10枚,"Household goods from Tokyo, 10枚"
3004682,山梨県産 スパークリングワイン 750ml×2本,13,194433,ワイン / 750ml×2本,"Wine from Yamanashi, 750ml×2本"
3004683,栃木県産 煎茶 詰め合わせ 100g×5袋,14,092045,茶・コーヒー / 100g×5袋,"Tea and coffee from Tochigi, 100g×5袋"
3004684,琴浦町産 つや姫 精米 5kg,3,313718,米・パン / 5kg,"Rice and bread from Tottori, 5kg"
3004685,青森県産 いくら醤油漬け 500g,2,022063,魚介類・海産物 / 500g,"Seafood from Aomori, 500g"
3004686,千葉県産 漬物 詰め合わせ 6種,8,122238,惣菜・加工品 / 6種,"Prepared and processed foods from Chiba, 6種"
3004687,本別町産 黒毛和牛 サーロインステーキ 200g×2枚,1,016462,肉・肉加工品 / 200g×2枚,"Meat and meat products from Hokkaido, 200g×2枚"
3004688,北海道産 真鯛 フィレ 1kg,2,015644,魚介類・海産物 / 1kg,"Seafood from Hokkaido, 1kg"
3004689,桑折町産 特別純米酒 1.8L,10,073016,日本酒 / 1.8L,"Sake from Fukushima, 1.8L"
3004690,東京都産 どら焼き 詰め合わせ 20個,9,131211,菓子・スイーツ / 20個,"Confectionery and sweets from Tokyo, 20個"
3004691,岡山県産 自家焙煎コーヒー豆 200g×5袋,14,332160,茶・コーヒー / 200g×5袋,"Tea and coffee from Okayama, 200g×5袋"
3004692,福島県 木製パズル 1点,25,074055,文具・玩具 / 1点,"Stationery and toys from Fukushima, 1点"
3004693,茨城県産 つや姫 精米 5kg,3,082023,米・パン / 5kg,"Rice and bread from Ibaraki, 5kg"
3004694,岩出市産 果汁100%ジュース 1L×6本,15,302091,飲料・ジュース / 1L×6本,"Beverages and juice from Wakayama, 1L×6本"
3004695,福井県 磁器 湯呑 5客,19,182109,陶磁器・ガラス / 5客,"Ceramics and glassware from Fukui, 5客"
3004696,秋田県産 厚切り牛タン 900g,1,052116,肉・肉加工品 / 900g,"Meat and meat products from Akita, 900g"
3004697,千葉県産 味付ジンギスカン 2kg,1,122327,肉・肉加工品 / 2kg,"Meat and meat products from Chiba, 2kg"
3004698,青森県産 たまねぎ 20kg,5,023671,野菜・きのこ / 20kg,"Vegetables and mushrooms from Aomori, 20kg"
3004699,千葉県産 サーモン 刺身用 1kg,2,122343,魚介類・海産物 / 1kg,"Seafood from Chiba, 1kg"
3004700,宮城県産 ずわいがに 脚 800g,2,043613,魚介類・海産物 / 800g,"Seafood from Miyagi, 800g"
3004701,郡山市産 男爵じゃがいも 20kg,5,072036,野菜・きのこ / 20kg,"Vegetables and mushrooms from Fukushima, 20kg"
3004702,北海道産 豚ロース しゃぶしゃぶ用 2kg,1,012360,肉・肉加工品 / 2kg,"Meat and meat products from Hokkaido, 2kg"
3004703,愛媛県 直火用 土鍋 1個,19,384224,陶磁器・ガラス / 1個,"Ceramics and glassware from Ehime, 1個"
3004704,須崎市産 とうもろこし 12本,5,392065,野菜・きのこ / 12本,"Vegetables and mushrooms from Kochi, 12本"
3004705,岩沼市産 黒毛和牛 切り落とし 500g,1,042111,肉・肉加工品 / 500g,"Meat and meat products from Miyagi, 500g"
3004706,高知県 果物 定期便 隔月×6回,17,394246,定期便 / 隔月×6回,"Subscription deliveries from Kochi, 隔月×6回"
3004707,町田市産 チーズケーキ 2台,9,132098,菓子・スイーツ / 2台,"Confectionery and sweets from Tokyo, 2台"
3004708,高知県産 だしパック 60袋,16,392120,調味料・油 / 60袋,"Seasonings and oils from Kochi, 60袋"
3004709,久喜市産 カステラ 詰め合わせ 3本,9,112321,菓子・スイーツ / 3本,"Confectionery and sweets from Saitama, 3本"
3004710,郡上市 木製食器セット 4点,20,212199,木工品・家具 / 4点,"Woodwork and furniture from Gifu, 4点"
3004711,日向市産 冷凍餃子 50個,8,452068,惣菜・加工品 / 50個,"Prepared and processed foods from Miyazaki, 50個"
3004712,東京都 万年筆 1本,25,131083,文具・玩具 / 1本,"Stationery and toys from Tokyo, 1本"
3004713,長野県産 乾燥しいたけ 300g,5,205907,野菜・きのこ / 300g,"Vegetables and mushrooms from Nagano, 300g"
3004714,千葉県産 高糖度トマト 2kg,5,122190,野菜・きのこ / 2kg,"Vegetables and mushrooms from Chiba, 2kg"
3004715,京都府 多肉植物 セット 6鉢,29,262072,花・観葉植物 / 6鉢,"Flowers and plants from Kyoto, 6鉢"
3004716,福島県産 季節限定 生酒 720ml×2本,10,074829,日本酒 / 720ml×2本,"Sake from Fukushima, 720ml×2本"
3004717,愛媛県産 ほたて貝柱 冷凍 500g,2,382019,魚介類・海産物 / 500g,"Seafood from Ehime, 500g"
3004718,釧路市産 明太子 切子 500g,2,012068,魚介類・海産物 / 500g,"Seafood from Hokkaido, 500g"
3004719,静岡県産 明太子 切子 1kg,2,222160,魚介類・海産物 / 1kg,"Seafood from Shizuoka, 1kg"
3004720,仙北市産 味付ジンギスカン 1kg,1,052159,肉・肉加工品 / 1kg,"Meat and meat products from Akita, 1kg"
3004721,仁木町 国産材 積み木 1式,25,014079,文具・玩具 / 1式,"Stationery and toys from Hokkaido, 1式"
3004722,北海道産 アイスクリーム 詰め合わせ 18個,6,016420,卵・乳製品 / 18個,"Eggs and dairy from Hokkaido, 18個"
3004723,坂祝町産 ハンバーグ 詰め合わせ 10個,1,215015,肉・肉加工品 / 10個,"Meat and meat products from Gifu, 10個"
3004724,北海道産 和牛 焼肉セット 1kg,1,016624,肉・肉加工品 / 1kg,"Meat and meat products from Hokkaido, 1kg"
3004725,和泊町産 季節の野菜 詰め合わせ 10品目,5,465330,野菜・きのこ / 10品目,"Vegetables and mushrooms from Kagoshima, 10品目"
3004726,千葉県産 果汁100%ジュース 180ml×24本,15,122360,飲料・ジュース / 180ml×24本,"Beverages and juice from Chiba, 180ml×24本"
3004727,隠岐の島町産 季節限定 生酒 720ml×2本,10,325287,日本酒 / 720ml×2本,"Sake from Shimane, 720ml×2本"
3004728,北海道産 スモーク鴨ロース 400g,1,012041,肉・肉加工品 / 400g,"Meat and meat products from Hokkaido, 400g"
3004729,茨城県産 和牛 焼肉セット 600g,1,082104,肉・肉加工品 / 600g,"Meat and meat products from Ibaraki, 600g"
3004730,大田市 季節の花束 1束,29,322059,花・観葉植物 / 1束,"Flowers and plants from Shimane, 1束"
3004731,大分県産 泡盛 古酒 720ml,11,442119,焼酎・泡盛 / 720ml,"Shochu and awamori from Oita, 720ml"
3004732,栃木県産 豚ロース しゃぶしゃぶ用 2kg,1,092096,肉・肉加工品 / 2kg,"Meat and meat products from Tochigi, 2kg"
3004733,長崎県産 ほたて貝柱 冷凍 1.5kg,2,423084,魚介類・海産物 / 1.5kg,"Seafood from Nagasaki, 1.5kg"
3004734,鳥取県産 メロン 秀品 1玉,4,312011,果物 / 1玉,"Fruit from Tottori, 1玉"
3004735,東大和市産 カステラ 詰め合わせ 3本,9,132209,菓子・スイーツ / 3本,"Confectionery and sweets from Tokyo, 3本"
3004736,岩手県産 銘柄鶏 もも肉 2kg,1,032093,肉・肉加工品 / 2kg,"Meat and meat products from Iwate, 2kg"
3004737,熊本県産 えごま油・亜麻仁油 180g×2本,16,432121,調味料・油 / 180g×2本,"Seasonings and oils from Kumamoto, 180g×2本"
3004738,長野県産 あまおういちご 540g,4,203211,果物 / 540g,"Fruit from Nagano, 540g"
3004739,黒松内町産 とうもろこし 20本,5,013935,野菜・きのこ / 20本,"Vegetables and mushrooms from Hokkaido, 20本"
3004740,八雲町産 のどぐろ 干物 5枚,2,013463,魚介類・海産物 / 5枚,"Seafood from Hokkaido, 5枚"
3004741,広島県産 のどぐろ 干物 5枚,2,342041,魚介類・海産物 / 5枚,"Seafood from Hiroshima, 5枚"
3004742,栃木県産 黒毛和牛 切り落とし 500g,1,092045,肉・肉加工品 / 500g,"Meat and meat products from Tochigi, 500g"
3004743,山形県産 ハンバーグ 詰め合わせ 20個,1,062103,肉・肉加工品 / 20個,"Meat and meat products from Yamagata, 20個"
3004744,南さつま市 無垢材スツール 1脚,20,462209,木工品・家具 / 1脚,"Woodwork and furniture from Kagoshima, 1脚"
3004745,北海道産 アイスクリーム 詰め合わせ 12個,6,012050,卵・乳製品 / 12個,"Eggs and dairy from Hokkaido, 12個"
3004746,大阪府産 和菓子 詰め合わせ 20個,9,271004,菓子・スイーツ / 20個,"Confectionery and sweets from Osaka, 20個"
3004747,佐賀県産 本格芋焼酎 900ml×2本,11,413453,焼酎・泡盛 / 900ml×2本,"Shochu and awamori from Saga, 900ml×2本"
3004748,大阪府産 味付からあげ 1kg,8,272027,惣菜・加工品 / 1kg,"Prepared and processed foods from Osaka, 1kg"
3004749,沖縄県 温泉旅館 ペア宿泊券 1泊2食付,27,472123,旅行券・宿泊券 / 1泊2食付,"Travel and accommodation vouchers from Okinawa, 1泊2食付"
3004750,藤崎町 胡蝶蘭 鉢植え 1鉢,29,023612,花・観葉植物 / 1鉢,"Flowers and plants from Aomori, 1鉢"
3004751,寿都町産 紅はるか さつまいも 10kg,5,013927,野菜・きのこ / 10kg,"Vegetables and mushrooms from Hokkaido, 10kg"
3004752,岐阜県産 ハンバーグ 詰め合わせ 10個,1,212016,肉・肉加工品 / 10個,"Meat and meat products from Gifu, 10個"
3004753,鹿児島県産 米焼酎 飲み比べ 720ml×3本,11,464911,焼酎・泡盛 / 720ml×3本,"Shochu and awamori from Kagoshima, 720ml×3本"
3004754,北海道産 サーモン 刺身用 600g,2,012211,魚介類・海産物 / 600g,"Seafood from Hokkaido, 600g"
3004755,奈良県産 国産紅茶 50g×4袋,14,293628,茶・コーヒー / 50g×4袋,"Tea and coffee from Nara, 50g×4袋"
3004756,兵庫県産 厚切り牛タン 900g,1,282201,肉・肉加工品 / 900g,"Meat and meat products from Hyogo, 900g"
3004757,輪之内町産 銘柄鶏 もも肉 4kg,1,213829,肉・肉加工品 / 4kg,"Meat and meat products from Gifu, 4kg"
3004758,上牧町 シルクスカーフ 1枚,21,294241,繊維・衣類 / 1枚,"Textiles and apparel from Nara, 1枚"
3004759,広島県 陶器 マグカップ 2個,19,342122,陶磁器・ガラス / 2個,"Ceramics and glassware from Hiroshima, 2個"
3004760,長崎県産 カステラ 詰め合わせ 2本,9,422045,菓子・スイーツ / 2本,"Confectionery and sweets from Nagasaki, 2本"
3004761,兵庫県 靴下 詰め合わせ 10足,21,283819,繊維・衣類 / 10足,"Textiles and apparel from Hyogo, 10足"
3004762,韮崎市産 辛口 白ワイン 750ml×2本,13,192074,ワイン / 750ml×2本,"Wine from Yamanashi, 750ml×2本"
3004763,福岡県産 豚ロース しゃぶしゃぶ用 1.2kg,1,402141,肉・肉加工品 / 1.2kg,"Meat and meat products from Fukuoka, 1.2kg"
3004764,青森県産 メロン 秀品 1玉,4,023612,果物 / 1玉,"Fruit from Aomori, 1玉"
3004765,茨城県 肉 定期便 500g×6回,17,082341,定期便 / 500g×6回,"Subscription deliveries from Ibaraki, 500g×6回"
3004766,山形県産 純米大吟醸 720ml×2本,10,062073,日本酒 / 720ml×2本,"Sake from Yamagata, 720ml×2本"
3004767,広島県産 純米吟醸 飲み比べ 720ml×3本,10,342131,日本酒 / 720ml×3本,"Sake from Hiroshima, 720ml×3本"
3004768,茨城県産 乾燥しいたけ 500g,5,082058,野菜・きのこ / 500g,"Vegetables and mushrooms from Ibaraki, 500g"
3004769,寄居町産 あきたこまち 精米 10kg,3,114081,米・パン / 10kg,"Rice and bread from Saitama, 10kg"
3004770,鹿児島県産 季節の野菜 詰め合わせ 10品目,5,462187,野菜・きのこ / 10品目,"Vegetables and mushrooms from Kagoshima, 10品目"
3004771,松伏町産 ドリップコーヒー 100袋,14,114651,茶・コーヒー / 100袋,"Tea and coffee from Saitama, 100袋"
3004772,箕面市 酒蔵見学・試飲 2名,28,272205,体験・チケット / 2名,"Experiences and tickets from Osaka, 2名"
3004773,上牧町 竹細工かご 1点,18,294241,工芸品・民芸品 / 1点,"Crafts and folk art from Nara, 1点"
3004774,岩倉市産 レトルトカレー 詰め合わせ 10食,8,232289,惣菜・加工品 / 10食,"Prepared and processed foods from Aichi, 10食"
3004775,北海道産 黒毛和牛 切り落とし 1kg,1,016322,肉・肉加工品 / 1kg,"Meat and meat products from Hokkaido, 1kg"
3004776,奥多摩町産 チーズケーキ 2台,9,133086,菓子・スイーツ / 2台,"Confectionery and sweets from Tokyo, 2台"
3004777,東京都 洗剤 詰め合わせ 1式,23,132241,日用品・雑貨 / 1式,"Household goods from Tokyo, 1式"
3004778,袋井市産 自家焙煎コーヒー豆 200g×3袋,14,222160,茶・コーヒー / 200g×3袋,"Tea and coffee from Shizuoka, 200g×3袋"
3004779,嬉野市産 スモーク鴨ロース 600g,1,412091,肉・肉加工品 / 600g,"Meat and meat products from Saga, 600g"
3004780,士幌町産 豚ロース しゃぶしゃぶ用 1.2kg,1,016322,肉・肉加工品 / 1.2kg,"Meat and meat products from Hokkaido, 1.2kg"
3004781,徳島県産 温州みかん 5kg,4,364011,果物 / 5kg,"Fruit from Tokushima, 5kg"
3004782,北海道産 ジェラート 詰め合わせ 12個,9,012181,菓子・スイーツ / 12個,"Confectionery and sweets from Hokkaido, 12個"
3004783,長野県産 とうもろこし 20本,5,204307,野菜・きのこ / 20本,"Vegetables and mushrooms from Nagano, 20本"
3004784,埼玉県産 自家焙煎コーヒー豆 200g×3袋,14,112402,茶・コーヒー / 200g×3袋,"Tea and coffee from Saitama, 200g×3袋"
3004785,宮城県産 冷凍餃子 100個,8,042153,惣菜・加工品 / 100個,"Prepared and processed foods from Miyagi, 100個"
3004786,岐阜県 直火用 土鍋 1個,19,212091,陶磁器・ガラス / 1個,"Ceramics and glassware from Gifu, 1個"
3004787,大阪府 包丁研ぎ器 1個,23,272086,日用品・雑貨 / 1個,"Household goods from Osaka, 1個"
3004788,相馬市産 高糖度トマト 3kg,5,072095,野菜・きのこ / 3kg,"Vegetables and mushrooms from Fukushima, 3kg"
3004789,高山市産 スモーク鴨ロース 400g,1,212032,肉・肉加工品 / 400g,"Meat and meat products from Gifu, 400g"
3004790,東京都 タオル 詰め合わせ 10枚,23,132055,日用品・雑貨 / 10枚,"Household goods from Tokyo, 10枚"
3004791,青森県 今治タオル セット 5枚,21,022021,繊維・衣類 / 5枚,"Textiles and apparel from Aomori, 5枚"
3004792,"鳥取県 観光施設 利用券 5,000円分",27,313904,"旅行券・宿泊券 / 5,000円分","Travel and accommodation vouchers from Tottori, 5,000円分"
3004793,兵庫県産 ジェラート 詰め合わせ 12個,9,282154,菓子・スイーツ / 12個,"Confectionery and sweets from Hyogo, 12個"
3004794,大分県 温泉旅館 ペア宿泊券 1泊2食付,27,442071,旅行券・宿泊券 / 1泊2食付,"Travel and accommodation vouchers from Oita, 1泊2食付"
3004795,岩手県産 豚ロース しゃぶしゃぶ用 1.2kg,1,032018,肉・肉加工品 / 1.2kg,"Meat and meat products from Iwate, 1.2kg"
3004796,千葉県産 干物 詰め合わせ 12枚,2,123498,魚介類・海産物 / 12枚,"Seafood from Chiba, 12枚"
3004797,静岡県産 煎茶 詰め合わせ 100g×5袋,14,222054,茶・コーヒー / 100g×5袋,"Tea and coffee from Shizuoka, 100g×5袋"
3004798,滋賀県産 特別純米酒 1.8L,10,252018,日本酒 / 1.8L,"Sake from Shiga, 1.8L"
3004799,山口市産 ゆめぴりか 精米 5kg,3,352039,米・パン / 5kg,"Rice and bread from Yamaguchi, 5kg"
3004800,宮城県産 漬物 詰め合わせ 10種,8,042021,惣菜・加工品 / 10種,"Prepared and processed foods from Miyagi, 10種"
3004801,長崎県産 ほたて貝柱 冷凍 1kg,2,422126,魚介類・海産物 / 1kg,"Seafood from Nagasaki, 1kg"
3004802,静岡県産 国産紅茶 50g×4袋,14,222208,茶・コーヒー / 50g×4袋,"Tea and coffee from Shizuoka, 50g×4袋"
3004803,長野県産 生ラーメン セット 10食,7,202045,麺類 / 10食,"Noodles from Nagano, 10食"
3004804,長野県産 とうもろこし 20本,5,205435,野菜・きのこ / 20本,"Vegetables and mushrooms from Nagano, 20本"
3004805,鹿児島県産 泡盛 古酒 1.8L,11,462039,焼酎・泡盛 / 1.8L,"Shochu and awamori from Kagoshima, 1.8L"
3004806,秋田県産 十割そば 10食,7,052060,麺類 / 10食,"Noodles from Akita, 10食"
3004807,山口県産 レトルトカレー 詰め合わせ 10食,8,353434,惣菜・加工品 / 10食,"Prepared and processed foods from Yamaguchi, 10食"
3004808,市貝町産 黒毛和牛 サーロインステーキ 400g,1,093441,肉・肉加工品 / 400g,"Meat and meat products from Tochigi, 400g"
3004809,山口県産 佃煮 詰め合わせ 5種,8,352080,惣菜・加工品 / 5種,"Prepared and processed foods from Yamaguchi, 5種"
3004810,大阪府 木製パズル 1点,25,272086,文具・玩具 / 1点,"Stationery and toys from Osaka, 1点"
3004811,敦賀市 直火用 土鍋 1個,19,182028,陶磁器・ガラス / 1個,"Ceramics and glassware from Fukui, 1個"
3004812,益子町産 和牛 焼肉セット 1kg,1,093424,肉・肉加工品 / 1kg,"Meat and meat products from Tochigi, 1kg"
3004813,熊本県産 バウムクーヘン 2個,9,433489,菓子・スイーツ / 2個,"Confectionery and sweets from Kumamoto, 2個"
3004814,市原市産 天然水 炭酸水 500ml×48本,15,122190,飲料・ジュース / 500ml×48本,"Beverages and juice from Chiba, 500ml×48本"
3004815,沖縄県産 富有柿 5kg,4,473481,果物 / 5kg,"Fruit from Okinawa, 5kg"
3004816,千葉県産 乾燥しいたけ 300g,5,122165,野菜・きのこ / 300g,"Vegetables and mushrooms from Chiba, 300g"
3004817,大村市産 稲庭うどん 800g,7,422053,麺類 / 800g,"Noodles from Nagasaki, 800g"
3004818,下田市産 完熟マンゴー 1kg,4,222194,果物 / 1kg,"Fruit from Shizuoka, 1kg"
3004819,熊本県産 完熟マンゴー 2kg,4,434418,果物 / 2kg,"Fruit from Kumamoto, 2kg"
3004820,山形県産 純米吟醸 飲み比べ 720ml×3本,10,062138,日本酒 / 720ml×3本,"Sake from Yamagata, 720ml×3本"
3004821,福岡県産 厚切り牛タン 900g,1,402133,肉・肉加工品 / 900g,"Meat and meat products from Fukuoka, 900g"
3004822,宮崎県産 黒毛和牛 サーロインステーキ 150g×3枚,1,454290,肉・肉加工品 / 150g×3枚,"Meat and meat products from Miyazaki, 150g×3枚"
3004823,大阪府 タオル 詰め合わせ 10枚,23,272078,日用品・雑貨 / 10枚,"Household goods from Osaka, 10枚"
3004824,広島県産 純米吟醸 飲み比べ 720ml×3本,10,345458,日本酒 / 720ml×3本,"Sake from Hiroshima, 720ml×3本"
3004825,福島県産 温州みかん 10kg,4,073229,果物 / 10kg,"Fruit from Fukushima, 10kg"
3004826,筑前町産 ベーコン・ソーセージセット 1.8kg,1,404471,肉・肉加工品 / 1.8kg,"Meat and meat products from Fukuoka, 1.8kg"
3004827,長野県産 辛口 白ワイン 750ml×2本,13,203831,ワイン / 750ml×2本,"Wine from Nagano, 750ml×2本"
3004828,和歌山県産 温州みかん 5kg,4,304018,果物 / 5kg,"Fruit from Wakayama, 5kg"
3004829,和歌山県産 メロン 秀品 1玉,4,302074,果物 / 1玉,"Fruit from Wakayama, 1玉"
3004830,新潟県産 十割そば 10食,7,152021,麺類 / 10食,"Noodles from Niigata, 10食"
3004831,岐阜県 木製食器セット 4点,20,212105,木工品・家具 / 4点,"Woodwork and furniture from Gifu, 4点"
3004832,"石川県 観光施設 利用券 10,000円分",27,172065,"旅行券・宿泊券 / 10,000円分","Travel and accommodation vouchers from Ishikawa, 10,000円分"
3004833,埼玉県 クルーズ 乗船券 2名,28,112089,体験・チケット / 2名,"Experiences and tickets from Saitama, 2名"
3004834,宮城県産 漬物 詰め合わせ 10種,8,042129,惣菜・加工品 / 10種,"Prepared and processed foods from Miyagi, 10種"
3004835,一宮市産 えごま油・亜麻仁油 180g×2本,16,232033,調味料・油 / 180g×2本,"Seasonings and oils from Aichi, 180g×2本"
3004836,和歌山県産 果汁100%ジュース 180ml×24本,15,303437,飲料・ジュース / 180ml×24本,"Beverages and juice from Wakayama, 180ml×24本"
3004837,国富町産 泡盛 古酒 1.8L,11,453820,焼酎・泡盛 / 1.8L,"Shochu and awamori from Miyazaki, 1.8L"
3004838,長和町産 十割そば 10食,7,203505,麺類 / 10食,"Noodles from Nagano, 10食"
3004839,千葉県産 あじ開き 10枚,2,122289,魚介類・海産物 / 10枚,"Seafood from Chiba, 10枚"
3004840,鹿児島県産 味付ジンギスカン 2kg,1,462225,肉・肉加工品 / 2kg,"Meat and meat products from Kagoshima, 2kg"
3004841,岸和田市 多肉植物 セット 6鉢,29,272027,花・観葉植物 / 6鉢,"Flowers and plants from Osaka, 6鉢"
3004842,秋田県産 銘柄鶏 もも肉 4kg,1,053619,肉・肉加工品 / 4kg,"Meat and meat products from Akita, 4kg"
3004843,小牧市産 レトルトカレー 詰め合わせ 10食,8,232190,惣菜・加工品 / 10食,"Prepared and processed foods from Aichi, 10食"
3004844,東金市産 果汁100%ジュース 180ml×24本,15,122131,飲料・ジュース / 180ml×24本,"Beverages and juice from Chiba, 180ml×24本"
3004845,飯能市産 ジェラート 詰め合わせ 12個,9,112097,菓子・スイーツ / 12個,"Confectionery and sweets from Saitama, 12個"
3004846,出雲市産 コシヒカリ 精米 20kg,3,322032,米・パン / 20kg,"Rice and bread from Shimane, 20kg"
3004847,つがる市産 高糖度トマト 2kg,5,022098,野菜・きのこ / 2kg,"Vegetables and mushrooms from Aomori, 2kg"
3004848,大分県産 長期貯蔵 麦焼酎 1.8L,11,442119,焼酎・泡盛 / 1.8L,"Shochu and awamori from Oita, 1.8L"
3004849,大阪府産 カステラ 詰め合わせ 3本,9,272094,菓子・スイーツ / 3本,"Confectionery and sweets from Osaka, 3本"
3004850,笠間市産 厚切り牛タン 500g,1,082163,肉・肉加工品 / 500g,"Meat and meat products from Ibaraki, 500g"
3004851,群馬県産 生ラーメン セット 16食,7,104248,麺類 / 16食,"Noodles from Gunma, 16食"
3004852,兵庫県産 黒毛和牛 切り落とし 500g,1,283819,肉・肉加工品 / 500g,"Meat and meat products from Hyogo, 500g"
3004853,熊取町 クルーズ 乗船券 2名,28,273619,体験・チケット / 2名,"Experiences and tickets from Osaka, 2名"
3004854,茨城県産 紅はるか さつまいも 10kg,5,082082,野菜・きのこ / 10kg,"Vegetables and mushrooms from Ibaraki, 10kg"
3004855,茨城県産 冷凍餃子 100個,8,083097,惣菜・加工品 / 100個,"Prepared and processed foods from Ibaraki, 100個"
3004856,美浜町産 うなぎ蒲焼 5尾,2,184420,魚介類・海産物 / 5尾,"Seafood from Fukui, 5尾"
3004857,神崎町産 真鯛 フィレ 1kg,2,123421,魚介類・海産物 / 1kg,"Seafood from Chiba, 1kg"
3004858,青森県産 ベーコン・ソーセージセット 1.2kg,1,023213,肉・肉加工品 / 1.2kg,"Meat and meat products from Aomori, 1.2kg"
3004859,大阪府 観葉植物 1鉢,29,272281,花・観葉植物 / 1鉢,"Flowers and plants from Osaka, 1鉢"
3004860,北海道 電気ケトル 1台,24,012220,家電・電化製品 / 1台,"Home appliances from Hokkaido, 1台"
3004861,糸田町産 ベーコン・ソーセージセット 1.2kg,1,406040,肉・肉加工品 / 1.2kg,"Meat and meat products from Fukuoka, 1.2kg"
3004862,東京都 陶芸 体験チケット 2名,28,134015,体験・チケット / 2名,"Experiences and tickets from Tokyo, 2名"
3004863,秋田県産 味付ジンギスカン 1kg,1,052116,肉・肉加工品 / 1kg,"Meat and meat products from Akita, 1kg"
3004864,秋田県産 ゆめぴりか 精米 10kg,3,053635,米・パン / 10kg,"Rice and bread from Akita, 10kg"
3004865,大阪府産 佃煮 詰め合わせ 5種,8,272167,惣菜・加工品 / 5種,"Prepared and processed foods from Osaka, 5種"
3004866,千葉県産 ほたて貝柱 冷凍 1kg,2,122394,魚介類・海産物 / 1kg,"Seafood from Chiba, 1kg"
3004867,東栄町産 冷凍餃子 50個,8,235628,惣菜・加工品 / 50個,"Prepared and processed foods from Aichi, 50個"
3004868,京都府 陶器 マグカップ 2個,19,262099,陶磁器・ガラス / 2個,"Ceramics and glassware from Kyoto, 2個"
3004869,小浜市 ガラス酒器 1式,19,182044,陶磁器・ガラス / 1式,"Ceramics and glassware from Fukui, 1式"
3004870,北海道産 ハンバーグ 詰め合わせ 10個,1,016365,肉・肉加工品 / 10個,"Meat and meat products from Hokkaido, 10個"
3004871,栃木県産 味付からあげ 1kg,8,092053,惣菜・加工品 / 1kg,"Prepared and processed foods from Tochigi, 1kg"
3004872,中種子町産 泡盛 古酒 1.8L,11,465011,焼酎・泡盛 / 1.8L,"Shochu and awamori from Kagoshima, 1.8L"
3004873,熊本県 ペット用おやつ 詰め合わせ 10袋,30,435066,ペット用品 / 10袋,"Pet supplies from Kumamoto, 10袋"
3004874,兵庫県産 ずわいがに 脚 800g,2,282278,魚介類・海産物 / 800g,"Seafood from Hyogo, 800g"
3004875,士幌町産 チーズケーキ 2台,9,016322,菓子・スイーツ / 2台,"Confectionery and sweets from Hokkaido, 2台"
3004876,山梨県 伝統こけし 1体,18,192058,工芸品・民芸品 / 1体,"Crafts and folk art from Yamanashi, 1体"
3004877,埼玉県産 コシヒカリ 精米 5kg,3,111007,米・パン / 5kg,"Rice and bread from Saitama, 5kg"
3004878,南関町産 米焼酎 飲み比べ 720ml×3本,11,433675,焼酎・泡盛 / 720ml×3本,"Shochu and awamori from Kumamoto, 720ml×3本"
3004879,岩手県産 ずわいがに 脚 1.2kg,2,032018,魚介類・海産物 / 1.2kg,"Seafood from Iwate, 1.2kg"
3004880,石岡市産 レトルトカレー 詰め合わせ 16食,8,082058,惣菜・加工品 / 16食,"Prepared and processed foods from Ibaraki, 16食"
3004881,和歌山県 和紙 便箋セット 1式,18,302074,工芸品・民芸品 / 1式,"Crafts and folk art from Wakayama, 1式"
3004882,大分県産 漬物 詰め合わせ 10種,8,442020,惣菜・加工品 / 10種,"Prepared and processed foods from Oita, 10種"
3004883,吉野町産 さくらんぼ 佐藤錦 1kg,4,294411,果物 / 1kg,"Fruit from Nara, 1kg"
3004884,高知県産 味噌 詰め合わせ 1kg×2個,16,394050,調味料・油 / 1kg×2個,"Seasonings and oils from Kochi, 1kg×2個"
3004885,江戸川区産 カステラ 詰め合わせ 3本,9,131237,菓子・スイーツ / 3本,"Confectionery and sweets from Tokyo, 3本"
3004886,東京都 電気ケトル 1台,24,132187,家電・電化製品 / 1台,"Home appliances from Tokyo, 1台"
3004887,岐阜県 酒蔵見学・試飲 2名,28,212091,体験・チケット / 2名,"Experiences and tickets from Gifu, 2名"
3004888,埼玉県産 どら焼き 詰め合わせ 20個,9,112194,菓子・スイーツ / 20個,"Confectionery and sweets from Saitama, 20個"
3004889,雄武町産 和菓子 詰め合わせ 12個,9,015636,菓子・スイーツ / 12個,"Confectionery and sweets from Hokkaido, 12個"
3004890,鏡野町 釣具セット 1式,26,336068,スポーツ・アウトドア / 1式,"Sports and outdoor from Okayama, 1式"
3004891,豊見城市 伝統こけし 1体,18,472123,工芸品・民芸品 / 1体,"Crafts and folk art from Okinawa, 1体"
3004892,朝来市産 のどぐろ 干物 5枚,2,282251,魚介類・海産物 / 5枚,"Seafood from Hyogo, 5枚"
3004893,浜田市産 純米吟醸 飲み比べ 720ml×3本,10,322024,日本酒 / 720ml×3本,"Sake from Shimane, 720ml×3本"
3004894,長野県産 国産小麦パスタ 10袋,7,203092,麺類 / 10袋,"Noodles from Nagano, 10袋"
3004895,滋賀県 海産物 定期便 毎月×6回,17,252131,定期便 / 毎月×6回,"Subscription deliveries from Shiga, 毎月×6回"
3004896,熊本県産 白桃 2kg,4,432041,果物 / 2kg,"Fruit from Kumamoto, 2kg"
3004897,奈良県 漆器 伝統工芸 1客,18,294501,工芸品・民芸品 / 1客,"Crafts and folk art from Nara, 1客"
3004898,三種町産 黒毛和牛 切り落とし 1kg,1,053481,肉・肉加工品 / 1kg,"Meat and meat products from Akita, 1kg"
3004899,岡山県産 さくらんぼ 佐藤錦 500g,4,333468,果物 / 500g,"Fruit from Okayama, 500g"
3004900,長崎県産 十割そば 16食,7,422037,麺類 / 16食,"Noodles from Nagasaki, 16食"
3004901,徳島県産 サンふじりんご 10kg,4,363014,果物 / 10kg,"Fruit from Tokushima, 10kg"
3004902,滋賀県産 あきたこまち 精米 5kg,3,252107,米・パン / 5kg,"Rice and bread from Shiga, 5kg"
3004903,富岡市産 銘柄鶏 もも肉 2kg,1,102105,肉・肉加工品 / 2kg,"Meat and meat products from Gunma, 2kg"
3004904,北本市産 あきたこまち 精米 10kg,3,112330,米・パン / 10kg,"Rice and bread from Saitama, 10kg"
3004905,神恵内村産 うなぎ蒲焼 3尾,2,014044,魚介類・海産物 / 3尾,"Seafood from Hokkaido, 3尾"
3004906,熊本県 和紙 便箋セット 1式,18,432148,工芸品・民芸品 / 1式,"Crafts and folk art from Kumamoto, 1式"
3004907,新宮町 果物狩り 体験チケット 4名,28,403458,体験・チケット / 4名,"Experiences and tickets from Fukuoka, 4名"
3004908,北海道産 飲むヨーグルト 900ml×6本,6,012289,卵・乳製品 / 900ml×6本,"Eggs and dairy from Hokkaido, 900ml×6本"
3004909,京都府産 プリン 詰め合わせ 8個,9,262064,菓子・スイーツ / 8個,"Confectionery and sweets from Kyoto, 8個"
3004910,鳥取県 温泉旅館 ペア宿泊券 1泊2食付,27,312045,旅行券・宿泊券 / 1泊2食付,"Travel and accommodation vouchers from Tottori, 1泊2食付"
3004911,指宿市産 和牛 焼肉セット 600g,1,462101,肉・肉加工品 / 600g,"Meat and meat products from Kagoshima, 600g"
3004912,江南市 靴下 詰め合わせ 10足,21,232173,繊維・衣類 / 10足,"Textiles and apparel from Aichi, 10足"
3004913,長野県産 スパークリングワイン 750ml×2本,13,205419,ワイン / 750ml×2本,"Wine from Nagano, 750ml×2本"
3004914,八丈町 国産材 積み木 1式,25,134015,文具・玩具 / 1式,"Stationery and toys from Tokyo, 1式"
3004915,下関市 クルーズ 乗船券 2名,28,352012,体験・チケット / 2名,"Experiences and tickets from Yamaguchi, 2名"
3004916,鹿沼市産 平飼いたまご 60個,6,092053,卵・乳製品 / 60個,"Eggs and dairy from Tochigi, 60個"
3004917,愛知県産 レトルトカレー 詰め合わせ 10食,8,232068,惣菜・加工品 / 10食,"Prepared and processed foods from Aichi, 10食"
3004918,宇部市産 干物 詰め合わせ 8枚,2,352021,魚介類・海産物 / 8枚,"Seafood from Yamaguchi, 8枚"
3004919,山形県産 ベーコン・ソーセージセット 1.2kg,1,062031,肉・肉加工品 / 1.2kg,"Meat and meat products from Yamagata, 1.2kg"
3004920,石川県産 生うに 100g,2,172111,魚介類・海産物 / 100g,"Seafood from Ishikawa, 100g"
3004921,みなかみ町産 稲庭うどん 1.2kg,7,104493,麺類 / 1.2kg,"Noodles from Gunma, 1.2kg"
3004922,沖縄県産 バウムクーヘン 2個,9,473596,菓子・スイーツ / 2個,"Confectionery and sweets from Okinawa, 2個"
3004923,那須塩原市産 飲むヨーグルト 900ml×6本,6,092134,卵・乳製品 / 900ml×6本,"Eggs and dairy from Tochigi, 900ml×6本"
3004924,沖縄県産 のどぐろ 干物 3枚,2,473022,魚介類・海産物 / 3枚,"Seafood from Okinawa, 3枚"
3004925,山梨県産 さくらんぼ 佐藤錦 1kg,4,192015,果物 / 1kg,"Fruit from Yamanashi, 1kg"
3004926,沖縄県産 サーモン 刺身用 1kg,2,472085,魚介類・海産物 / 1kg,"Seafood from Okinawa, 1kg"
3004927,北海道産 平飼いたまご 60個,6,014842,卵・乳製品 / 60個,"Eggs and dairy from Hokkaido, 60個"
3004928,東庄町産 和牛 焼肉セット 1kg,1,123498,肉・肉加工品 / 1kg,"Meat and meat products from Chiba, 1kg"
3004929,北海道産 のどぐろ 干物 5枚,2,013714,魚介類・海産物 / 5枚,"Seafood from Hokkaido, 5枚"
3004930,東京都 果物狩り 体験チケット 4名,28,131130,体験・チケット / 4名,"Experiences and tickets from Tokyo, 4名"
3004931,福島県産 とうもろこし 20本,5,072079,野菜・きのこ / 20本,"Vegetables and mushrooms from Fukushima, 20本"
3004932,大津市産 ハンバーグ 詰め合わせ 10個,1,252018,肉・肉加工品 / 10個,"Meat and meat products from Shiga, 10個"
3004933,那須塩原市産 飲むヨーグルト 900ml×12本,6,092134,卵・乳製品 / 900ml×12本,"Eggs and dairy from Tochigi, 900ml×12本"
3004934,大野市産 コシヒカリ 精米 5kg,3,182052,米・パン / 5kg,"Rice and bread from Fukui, 5kg"
3004935,村田町 ペットベッド 1個,30,043222,ペット用品 / 1個,"Pet supplies from Miyagi, 1個"
3004936,東員町 クルーズ 乗船券 2名,28,243248,体験・チケット / 2名,"Experiences and tickets from Mie, 2名"
3004937,小松市 ガラス酒器 1式,19,172031,陶磁器・ガラス / 1式,"Ceramics and glassware from Ishikawa, 1式"
3004938,福島県産 男爵じゃがいも 20kg,5,074641,野菜・きのこ / 20kg,"Vegetables and mushrooms from Fukushima, 20kg"
3004939,大阪府産 天然水 炭酸水 500ml×24本,15,272167,飲料・ジュース / 500ml×24本,"Beverages and juice from Osaka, 500ml×24本"
3004940,刈羽村産 ボイル毛がに 1尾 500g,2,155047,魚介類・海産物 / 1尾 500g,"Seafood from Niigata, 1尾 500g"
3004941,仙台市産 スモーク鴨ロース 600g,1,041009,肉・肉加工品 / 600g,"Meat and meat products from Miyagi, 600g"
3004942,半田市 シルクスカーフ 1枚,21,232050,繊維・衣類 / 1枚,"Textiles and apparel from Aichi, 1枚"
3004943,中野市産 サンふじりんご 10kg,4,202118,果物 / 10kg,"Fruit from Nagano, 10kg"
3004944,群馬県産 厚切り牛タン 900g,1,103667,肉・肉加工品 / 900g,"Meat and meat products from Gunma, 900g"
3004945,桜川市産 レトルトカレー 詰め合わせ 10食,8,082317,惣菜・加工品 / 10食,"Prepared and processed foods from Ibaraki, 10食"
3004946,筑北村 磁器 湯呑 2客,19,204528,陶磁器・ガラス / 2客,"Ceramics and glassware from Nagano, 2客"
3004947,鹿児島県産 ハンバーグ 詰め合わせ 10個,1,462144,肉・肉加工品 / 10個,"Meat and meat products from Kagoshima, 10個"
3004948,長野県産 半生讃岐うどん 12食,7,202096,麺類 / 12食,"Noodles from Nagano, 12食"
3004949,香川県 木製カッティングボード 1枚,20,373648,木工品・家具 / 1枚,"Woodwork and furniture from Kagawa, 1枚"
3004950,京都府産 国産紅茶 50g×4袋,14,261009,茶・コーヒー / 50g×4袋,"Tea and coffee from Kyoto, 50g×4袋"
3004951,岡山県産 富有柿 5kg,4,332046,果物 / 5kg,"Fruit from Okayama, 5kg"
3004952,佐賀県産 ボイル毛がに 1尾 500g,2,412023,魚介類・海産物 / 1尾 500g,"Seafood from Saga, 1尾 500g"
3004953,滋賀県産 ひとめぼれ 無洗米 10kg,3,254436,米・パン / 10kg,"Rice and bread from Shiga, 10kg"
3004954,山梨県 打刃物 包丁 2本,18,194301,工芸品・民芸品 / 2本,"Crafts and folk art from Yamanashi, 2本"
3004955,佐井村産 男爵じゃがいも 10kg,5,024261,野菜・きのこ / 10kg,"Vegetables and mushrooms from Aomori, 10kg"
3004956,入善町産 純米吟醸 飲み比べ 720ml×3本,10,163422,日本酒 / 720ml×3本,"Sake from Toyama, 720ml×3本"
3004957,群馬県産 漬物 詰め合わせ 10種,8,102059,惣菜・加工品 / 10種,"Prepared and processed foods from Gunma, 10種"
3004958,北海道産 味付ジンギスカン 1kg,1,015431,肉・肉加工品 / 1kg,"Meat and meat products from Hokkaido, 1kg"
3004959,山梨県 陶器 マグカップ 2個,19,192139,陶磁器・ガラス / 2個,"Ceramics and glassware from Yamanashi, 2個"
3004960,上川町産 あじ開き 10枚,2,014575,魚介類・海産物 / 10枚,"Seafood from Hokkaido, 10枚"
3004961,長崎県産 半生讃岐うどん 12食,7,422029,麺類 / 12食,"Noodles from Nagasaki, 12食"
3004962,広島県 磁器 湯呑 2客,19,344621,陶磁器・ガラス / 2客,"Ceramics and glassware from Hiroshima, 2客"
3004963,三重県産 ボイル毛がに 1尾 500g,2,242101,魚介類・海産物 / 1尾 500g,"Seafood from Mie, 1尾 500g"
3004964,北海道 入浴剤 詰め合わせ 30回分,22,016489,化粧品・美容 / 30回分,"Cosmetics and beauty from Hokkaido, 30回分"
3004965,沖縄市産 米焼酎 飲み比べ 720ml×3本,11,472115,焼酎・泡盛 / 720ml×3本,"Shochu and awamori from Okinawa, 720ml×3本"
3004966,北海道産 厚切り牛タン 500g,1,012068,肉・肉加工品 / 500g,"Meat and meat products from Hokkaido, 500g"
3004967,北海道産 アスパラガス 1kg,5,015750,野菜・きのこ / 1kg,"Vegetables and mushrooms from Hokkaido, 1kg"
3004968,安芸高田市産 カステラ 詰め合わせ 3本,9,342149,菓子・スイーツ / 3本,"Confectionery and sweets from Hiroshima, 3本"
3004969,愛知県産 えごま油・亜麻仁油 180g×2本,16,232033,調味料・油 / 180g×2本,"Seasonings and oils from Aichi, 180g×2本"
3004970,北海道 観葉植物 1鉢,29,013706,花・観葉植物 / 1鉢,"Flowers and plants from Hokkaido, 1鉢"
3004971,水俣市産 シャインマスカット 2房,4,432059,果物 / 2房,"Fruit from Kumamoto, 2房"
3004972,福岡県 タオル 詰め合わせ 10枚,23,401307,日用品・雑貨 / 10枚,"Household goods from Fukuoka, 10枚"
3004973,矢板市産 煎茶 詰め合わせ 100g×5袋,14,092118,茶・コーヒー / 100g×5袋,"Tea and coffee from Tochigi, 100g×5袋"
3004974,茨城県 石けん 詰め合わせ 5個,22,082171,化粧品・美容 / 5個,"Cosmetics and beauty from Ibaraki, 5個"
3004975,埼玉県産 レトルトカレー 詰め合わせ 10食,8,112071,惣菜・加工品 / 10食,"Prepared and processed foods from Saitama, 10食"
3004976,静岡県産 漬物 詰め合わせ 6種,8,222071,惣菜・加工品 / 6種,"Prepared and processed foods from Shizuoka, 6種"
3004977,山梨県産 天然水 2L×24本,15,192023,飲料・ジュース / 2L×24本,"Beverages and juice from Yamanashi, 2L×24本"
3004978,福島県産 富有柿 5kg,4,074667,果物 / 5kg,"Fruit from Fukushima, 5kg"
3004979,千葉県産 高糖度トマト 3kg,5,122246,野菜・きのこ / 3kg,"Vegetables and mushrooms from Chiba, 3kg"
3004980,大阪府産 ジェラート 詰め合わせ 12個,9,272027,菓子・スイーツ / 12個,"Confectionery and sweets from Osaka, 12個"
3004981,奈良県 綿100% 寝具カバー 1式,21,293440,繊維・衣類 / 1式,"Textiles and apparel from Nara, 1式"
3004982,豊前市産 プリン 詰め合わせ 8個,9,402141,菓子・スイーツ / 8個,"Confectionery and sweets from Fukuoka, 8個"
3004983,兵庫県産 純米吟醸 飲み比べ 720ml×3本,10,282251,日本酒 / 720ml×3本,"Sake from Hyogo, 720ml×3本"
3004984,青森県産 とうもろこし 20本,5,022047,野菜・きのこ / 20本,"Vegetables and mushrooms from Aomori, 20本"
3004985,島根県産 ボイル毛がに 2尾,2,322024,魚介類・海産物 / 2尾,"Seafood from Shimane, 2尾"
3004986,福井市産 季節限定 生酒 720ml×2本,10,182010,日本酒 / 720ml×2本,"Sake from Fukui, 720ml×2本"
3004987,島根県産 純米吟醸 飲み比べ 720ml×3本,10,322041,日本酒 / 720ml×3本,"Sake from Shimane, 720ml×3本"
3004988,山形市産 季節限定 生酒 720ml×2本,10,062014,日本酒 / 720ml×2本,"Sake from Yamagata, 720ml×2本"
3004989,宮城県産 のどぐろ 干物 3枚,2,042111,魚介類・海産物 / 3枚,"Seafood from Miyagi, 3枚"
3004990,岐阜県産 和牛 焼肉セット 600g,1,212148,肉・肉加工品 / 600g,"Meat and meat products from Gifu, 600g"
3004991,愛知県産 レトルトカレー 詰め合わせ 16食,8,232327,惣菜・加工品 / 16食,"Prepared and processed foods from Aichi, 16食"
3004992,北海道 ペットベッド 1個,30,012173,ペット用品 / 1個,"Pet supplies from Hokkaido, 1個"
3004993,広島県産 純米吟醸 飲み比べ 720ml×3本,10,341002,日本酒 / 720ml×3本,"Sake from Hiroshima, 720ml×3本"
3004994,北海道産 生うに 100g,2,015440,魚介類・海産物 / 100g,"Seafood from Hokkaido, 100g"
3004995,宮城県 登山用リュック 1個,26,043231,スポーツ・アウトドア / 1個,"Sports and outdoor from Miyagi, 1個"
3004996,"座間味村 観光施設 利用券 10,000円分",27,473545,"旅行券・宿泊券 / 10,000円分","Travel and accommodation vouchers from Okinawa, 10,000円分"
3004997,舞鶴市 和紙 便箋セット 1式,18,262021,工芸品・民芸品 / 1式,"Crafts and folk art from Kyoto, 1式"
3004998,糸魚川市産 ほたて貝柱 冷凍 500g,2,152161,魚介類・海産物 / 500g,"Seafood from Niigata, 500g"
3004999,京都府 ガラス酒器 1式,19,261009,陶磁器・ガラス / 1式,"Ceramics and glassware from Kyoto, 1式"
3005000,宮城県産 佃煮 詰め合わせ 5種,8,042021,惣菜・加工品 / 5種,"Prepared and processed foods from Miyagi, 5種"
3005001,福岡県産 国産小麦パスタ 10袋,7,406082,麺類 / 10袋,"Noodles from Fukuoka, 10袋"
3005002,矢板市産 豚ロース しゃぶしゃぶ用 800g,1,092118,肉・肉加工品 / 800g,"Meat and meat products from Tochigi, 800g"
3005003,かすみがうら市産 燻製 詰め合わせ 8種,8,082309,惣菜・加工品 / 8種,"Prepared and processed foods from Ibaraki, 8種"
3005004,宮崎県産 厚切り牛タン 500g,1,454036,肉・肉加工品 / 500g,"Meat and meat products from Miyazaki, 500g"
3005005,常総市産 紅はるか さつまいも 5kg,5,082112,野菜・きのこ / 5kg,"Vegetables and mushrooms from Ibaraki, 5kg"
3005006,北広島町産 燻製 詰め合わせ 5種,8,343692,惣菜・加工品 / 5種,"Prepared and processed foods from Hiroshima, 5種"
3005007,栃木県産 シャインマスカット 2房,4,092169,果物 / 2房,"Fruit from Tochigi, 2房"
3005008,福岡県産 どら焼き 詰め合わせ 20個,9,406015,菓子・スイーツ / 20個,"Confectionery and sweets from Fukuoka, 20個"
3005009,熊本県産 ベーコン・ソーセージセット 1.8kg,1,434256,肉・肉加工品 / 1.8kg,"Meat and meat products from Kumamoto, 1.8kg"
3005010,愛知県 デニムジーンズ 1本,21,234419,繊維・衣類 / 1本,"Textiles and apparel from Aichi, 1本"
3005011,宮崎県産 本格芋焼酎 1.8L,11,454044,焼酎・泡盛 / 1.8L,"Shochu and awamori from Miyazaki, 1.8L"
3005012,長野県産 スパークリングワイン 750ml×2本,13,205834,ワイン / 750ml×2本,"Wine from Nagano, 750ml×2本"
3005013,静岡県産 うなぎ蒲焼 5尾,2,222216,魚介類・海産物 / 5尾,"Seafood from Shizuoka, 5尾"
3005014,北海道産 のどぐろ 干物 3枚,2,013340,魚介類・海産物 / 3枚,"Seafood from Hokkaido, 3枚"
3005015,伊勢原市産 チーズケーキ 1台,9,142140,菓子・スイーツ / 1台,"Confectionery and sweets from Kanagawa, 1台"
3005016,土佐清水市産 明太子 切子 500g,2,392090,魚介類・海産物 / 500g,"Seafood from Kochi, 500g"
3005017,千葉県産 ほたて貝柱 冷凍 1kg,2,122211,魚介類・海産物 / 1kg,"Seafood from Chiba, 1kg"
3005018,松戸市産 銘柄鶏 もも肉 3kg,1,122076,肉・肉加工品 / 3kg,"Meat and meat products from Chiba, 3kg"
3005019,今別町産 黒毛和牛 切り落とし 500g,1,023035,肉・肉加工品 / 500g,"Meat and meat products from Aomori, 500g"
3005020,益子町産 ドリップコーヒー 100袋,14,093424,茶・コーヒー / 100袋,"Tea and coffee from Tochigi, 100袋"
3005021,埼玉県産 あきたこまち 精米 10kg,3,112429,米・パン / 10kg,"Rice and bread from Saitama, 10kg"
3005022,愛媛県 デニムジーンズ 1本,21,384887,繊維・衣類 / 1本,"Textiles and apparel from Ehime, 1本"
3005023,香川県産 あまおういちご 540g,4,372064,果物 / 540g,"Fruit from Kagawa, 540g"
3005024,岩手県産 食パン 詰め合わせ 3斤,3,032018,米・パン / 3斤,"Rice and bread from Iwate, 3斤"
3005025,北海道産 平飼いたまご 60個,6,013633,卵・乳製品 / 60個,"Eggs and dairy from Hokkaido, 60個"
3005026,玉野市 デニムジーンズ 1本,21,332046,繊維・衣類 / 1本,"Textiles and apparel from Okayama, 1本"
3005027,広島県産 レトルトカレー 詰め合わせ 16食,8,342157,惣菜・加工品 / 16食,"Prepared and processed foods from Hiroshima, 16食"
3005028,奈良県産 抹茶 詰め合わせ 30g×3缶,14,294497,茶・コーヒー / 30g×3缶,"Tea and coffee from Nara, 30g×3缶"
3005029,青森県産 豚ロース しゃぶしゃぶ用 1.2kg,1,024121,肉・肉加工品 / 1.2kg,"Meat and meat products from Aomori, 1.2kg"
3005030,愛知県産 和菓子 詰め合わせ 12個,9,232254,菓子・スイーツ / 12個,"Confectionery and sweets from Aichi, 12個"
3005031,"静岡県 宿泊利用券 30,000円分",27,223051,"旅行券・宿泊券 / 30,000円分","Travel and accommodation vouchers from Shizuoka, 30,000円分"
3005032,茨城県 果物狩り 体験チケット 4名,28,082163,体験・チケット / 4名,"Experiences and tickets from Ibaraki, 4名"
3005033,秋田県産 国産小麦パスタ 10袋,7,052027,麺類 / 10袋,"Noodles from Akita, 10袋"
3005034,京極町産 飲むヨーグルト 900ml×6本,6,013994,卵・乳製品 / 900ml×6本,"Eggs and dairy from Hokkaido, 900ml×6本"
3005035,岐阜県 ガラス酒器 1式,19,212041,陶磁器・ガラス / 1式,"Ceramics and glassware from Gifu, 1式"
3005036,三重県 伝統こけし 1体,18,242071,工芸品・民芸品 / 1体,"Crafts and folk art from Mie, 1体"
3005037,福島県産 アスパラガス 2kg,5,072052,野菜・きのこ / 2kg,"Vegetables and mushrooms from Fukushima, 2kg"
3005038,福岡県産 半生讃岐うどん 12食,7,402052,麺類 / 12食,"Noodles from Fukuoka, 12食"
3005039,いわき市産 アスパラガス 1kg,5,072044,野菜・きのこ / 1kg,"Vegetables and mushrooms from Fukushima, 1kg"
3005040,秋田県産 和牛 焼肉セット 600g,1,054631,肉・肉加工品 / 600g,"Meat and meat products from Akita, 600g"
3005041,小林市 磁器 湯呑 2客,19,452050,陶磁器・ガラス / 2客,"Ceramics and glassware from Miyazaki, 2客"
3005042,船橋市産 乾燥しいたけ 300g,5,122041,野菜・きのこ / 300g,"Vegetables and mushrooms from Chiba, 300g"
3005043,広島県産 味付からあげ 2kg,8,342041,惣菜・加工品 / 2kg,"Prepared and processed foods from Hiroshima, 2kg"
3005044,千葉県産 天然水 2L×12本,15,124231,飲料・ジュース / 2L×12本,"Beverages and juice from Chiba, 2L×12本"
3005045,かすみがうら市産 ゆめぴりか 精米 5kg,3,082309,米・パン / 5kg,"Rice and bread from Ibaraki, 5kg"
3005046,岩手県産 米粉パン セット 8個,3,032158,米・パン / 8個,"Rice and bread from Iwate, 8個"
3005047,鹿児島県産 黒毛和牛 切り落とし 1kg,1,462209,肉・肉加工品 / 1kg,"Meat and meat products from Kagoshima, 1kg"
3005048,東大和市 果物狩り 体験チケット 2名,28,132209,体験・チケット / 2名,"Experiences and tickets from Tokyo, 2名"
3005049,愛媛県産 メロン 秀品 2玉,4,382132,果物 / 2玉,"Fruit from Ehime, 2玉"
3005050,観音寺市 木製食器セット 4点,20,372056,木工品・家具 / 4点,"Woodwork and furniture from Kagawa, 4点"
3005051,長崎県産 ずわいがに 脚 1.2kg,2,422142,魚介類・海産物 / 1.2kg,"Seafood from Nagasaki, 1.2kg"
3005052,鹿児島県産 ハンバーグ 詰め合わせ 10個,1,465321,肉・肉加工品 / 10個,"Meat and meat products from Kagoshima, 10個"
3005053,山形県 石けん 詰め合わせ 5個,22,062090,化粧品・美容 / 5個,"Cosmetics and beauty from Yamagata, 5個"
3005054,福岡県産 厚切り牛タン 900g,1,402257,肉・肉加工品 / 900g,"Meat and meat products from Fukuoka, 900g"
3005055,小諸市産 生ラーメン セット 16食,7,202088,麺類 / 16食,"Noodles from Nagano, 16食"
3005056,大阪府産 漬物 詰め合わせ 10種,8,272302,惣菜・加工品 / 10種,"Prepared and processed foods from Osaka, 10種"
3005057,兵庫県産 特別純米酒 720ml×2本,10,282073,日本酒 / 720ml×2本,"Sake from Hyogo, 720ml×2本"
3005058,あきる野市 ノート 詰め合わせ 10冊,25,132284,文具・玩具 / 10冊,"Stationery and toys from Tokyo, 10冊"
3005059,和歌山県産 あまおういちご 540g,4,302023,果物 / 540g,"Fruit from Wakayama, 540g"
3005060,岩手県 曲げわっぱ弁当箱 1個,20,032107,木工品・家具 / 1個,"Woodwork and furniture from Iwate, 1個"
3005061,山口県産 純米吟醸 飲み比べ 720ml×3本,10,355020,日本酒 / 720ml×3本,"Sake from Yamaguchi, 720ml×3本"
3005062,山梨県 季節の花束 1束,29,192091,花・観葉植物 / 1束,"Flowers and plants from Yamanashi, 1束"
3005063,福島県産 ひとめぼれ 無洗米 5kg,3,074055,米・パン / 5kg,"Rice and bread from Fukushima, 5kg"
3005064,愛知県産 レトルトカレー 詰め合わせ 10食,8,232076,惣菜・加工品 / 10食,"Prepared and processed foods from Aichi, 10食"
3005065,北海道産 のどぐろ 干物 5枚,2,012297,魚介類・海産物 / 5枚,"Seafood from Hokkaido, 5枚"
3005066,宮城県産 佃煮 詰め合わせ 5種,8,042161,惣菜・加工品 / 5種,"Prepared and processed foods from Miyagi, 5種"
3005067,山口県 猫用爪とぎ 3個,30,352047,ペット用品 / 3個,"Pet supplies from Yamaguchi, 3個"
3005068,長島町産 長期貯蔵 麦焼酎 1.8L,11,464040,焼酎・泡盛 / 1.8L,"Shochu and awamori from Kagoshima, 1.8L"
3005069,吹田市 果物狩り 体験チケット 2名,28,272051,体験・チケット / 2名,"Experiences and tickets from Osaka, 2名"
3005070,宿毛市産 長期貯蔵 麦焼酎 1.8L,11,392081,焼酎・泡盛 / 1.8L,"Shochu and awamori from Kochi, 1.8L"
3005071,北海道産 アスパラガス 2kg,5,015849,野菜・きのこ / 2kg,"Vegetables and mushrooms from Hokkaido, 2kg"
3005072,北海道産 和菓子 詰め合わせ 20個,9,016314,菓子・スイーツ / 20個,"Confectionery and sweets from Hokkaido, 20個"
3005073,うるま市産 いくら醤油漬け 500g,2,472131,魚介類・海産物 / 500g,"Seafood from Okinawa, 500g"
3005074,鹿児島県 果物 定期便 隔月×6回,17,462209,定期便 / 隔月×6回,"Subscription deliveries from Kagoshima, 隔月×6回"
3005075,熊本県産 高糖度トマト 3kg,5,432148,野菜・きのこ / 3kg,"Vegetables and mushrooms from Kumamoto, 3kg"
3005076,福知山市 直火用 土鍋 1個,19,262013,陶磁器・ガラス / 1個,"Ceramics and glassware from Kyoto, 1個"
3005077,亀岡市産 果汁100%ジュース 1L×6本,15,262064,飲料・ジュース / 1L×6本,"Beverages and juice from Kyoto, 1L×6本"
3005078,三重県産 うなぎ蒲焼 3尾,2,244619,魚介類・海産物 / 3尾,"Seafood from Mie, 3尾"
3005079,福島県産 シャインマスカット 2房,4,075451,果物 / 2房,"Fruit from Fukushima, 2房"
3005080,坂城町産 さくらんぼ 佐藤錦 500g,4,205214,果物 / 500g,"Fruit from Nagano, 500g"
3005081,北海道産 ボイル毛がに 1尾 500g,2,012041,魚介類・海産物 / 1尾 500g,"Seafood from Hokkaido, 1尾 500g"
3005082,熊本県産 和牛 焼肉セット 600g,1,434418,肉・肉加工品 / 600g,"Meat and meat products from Kumamoto, 600g"
3005083,宮城県産 うなぎ蒲焼 3尾,2,042081,魚介類・海産物 / 3尾,"Seafood from Miyagi, 3尾"
3005084,大崎町産 たまねぎ 20kg,5,464686,野菜・きのこ / 20kg,"Vegetables and mushrooms from Kagoshima, 20kg"
3005085,関市 漆器 伝統工芸 1客,18,212059,工芸品・民芸品 / 1客,"Crafts and folk art from Gifu, 1客"
3005086,福岡県産 カステラ 詰め合わせ 3本,9,406210,菓子・スイーツ / 3本,"Confectionery and sweets from Fukuoka, 3本"
3005087,大分県産 ハンバーグ 詰め合わせ 10個,1,442143,肉・肉加工品 / 10個,"Meat and meat products from Oita, 10個"
3005088,東京都 タオル 詰め合わせ 10枚,23,131083,日用品・雑貨 / 10枚,"Household goods from Tokyo, 10枚"
3005089,秋田県産 ハンバーグ 詰め合わせ 20個,1,053490,肉・肉加工品 / 20個,"Meat and meat products from Akita, 20個"
3005090,茨城県産 米粉パン セット 8個,3,082121,米・パン / 8個,"Rice and bread from Ibaraki, 8個"
3005091,滋賀県 ペット用おやつ 詰め合わせ 10袋,30,252034,ペット用品 / 10袋,"Pet supplies from Shiga, 10袋"
3005092,"大分県 宿泊利用券 50,000円分",27,444618,"旅行券・宿泊券 / 50,000円分","Travel and accommodation vouchers from Oita, 50,000円分"
3005093,福島県産 特別栽培米 玄米 10kg,3,074837,米・パン / 10kg,"Rice and bread from Fukushima, 10kg"
3005094,新潟県産 純米吟醸 飲み比べ 720ml×3本,10,152251,日本酒 / 720ml×3本,"Sake from Niigata, 720ml×3本"
3005095,長野県産 樽熟成 赤ワイン 750ml×2本,13,203211,ワイン / 750ml×2本,"Wine from Nagano, 750ml×2本"
3005096,岡山県 直火用 土鍋 1個,19,331007,陶磁器・ガラス / 1個,"Ceramics and glassware from Okayama, 1個"
3005097,兵庫県産 カステラ 詰め合わせ 3本,9,282260,菓子・スイーツ / 3本,"Confectionery and sweets from Hyogo, 3本"
3005098,宮崎県産 富有柿 5kg,4,454044,果物 / 5kg,"Fruit from Miyazaki, 5kg"
3005099,愛知県産 和菓子 詰め合わせ 20個,9,232165,菓子・スイーツ / 20個,"Confectionery and sweets from Aichi, 20個"
3005100,千葉県産 季節の野菜 詰め合わせ 15品目,5,122211,野菜・きのこ / 15品目,"Vegetables and mushrooms from Chiba, 15品目"
3005101,山形県産 食パン 詰め合わせ 5斤,3,063622,米・パン / 5斤,"Rice and bread from Yamagata, 5斤"
3005102,高知県産 えごま油・亜麻仁油 180g×2本,16,394122,調味料・油 / 180g×2本,"Seasonings and oils from Kochi, 180g×2本"
3005103,陸前高田市産 半生讃岐うどん 20食,7,032107,麺類 / 20食,"Noodles from Iwate, 20食"
3005104,加古川市産 厚切り牛タン 500g,1,282103,肉・肉加工品 / 500g,"Meat and meat products from Hyogo, 500g"
3005105,茨城県産 ゆめぴりか 精米 5kg,3,082236,米・パン / 5kg,"Rice and bread from Ibaraki, 5kg"
3005106,宇美町産 ジェラート 詰め合わせ 12個,9,403415,菓子・スイーツ / 12個,"Confectionery and sweets from Fukuoka, 12個"
3005107,長崎県産 ベーコン・ソーセージセット 1.2kg,1,422126,肉・肉加工品 / 1.2kg,"Meat and meat products from Nagasaki, 1.2kg"
3005108,愛知県 シルクスカーフ 1枚,21,232157,繊維・衣類 / 1枚,"Textiles and apparel from Aichi, 1枚"
3005109,宇和島市産 果汁100%ジュース 180ml×24本,15,382035,飲料・ジュース / 180ml×24本,"Beverages and juice from Ehime, 180ml×24本"
3005110,西条市 果物 定期便 隔月×6回,17,382060,定期便 / 隔月×6回,"Subscription deliveries from Ehime, 隔月×6回"
3005111,高岡市産 純米大吟醸 1.8L,10,162027,日本酒 / 1.8L,"Sake from Toyama, 1.8L"
3005112,長浜市産 和牛 焼肉セット 1kg,1,252034,肉・肉加工品 / 1kg,"Meat and meat products from Shiga, 1kg"
3005113,栃木県産 ドリップコーヒー 50袋,14,092169,茶・コーヒー / 50袋,"Tea and coffee from Tochigi, 50袋"
3005114,蘭越町産 ベーコン・ソーセージセット 1.2kg,1,013943,肉・肉加工品 / 1.2kg,"Meat and meat products from Hokkaido, 1.2kg"
3005115,宿毛市 観葉植物 1鉢,29,392081,花・観葉植物 / 1鉢,"Flowers and plants from Kochi, 1鉢"
3005116,高知県産 泡盛 古酒 720ml,11,392014,焼酎・泡盛 / 720ml,"Shochu and awamori from Kochi, 720ml"
3005117,徳島県産 十割そば 16食,7,363880,麺類 / 16食,"Noodles from Tokushima, 16食"
3005118,山梨県 伝統こけし 1体,18,192121,工芸品・民芸品 / 1体,"Crafts and folk art from Yamanashi, 1体"
3005119,香川県産 国産小麦パスタ 10袋,7,373648,麺類 / 10袋,"Noodles from Kagawa, 10袋"
3005120,高知県産 米焼酎 飲み比べ 720ml×3本,11,393860,焼酎・泡盛 / 720ml×3本,"Shochu and awamori from Kochi, 720ml×3本"
3005121,静岡県産 サンふじりんご 5kg,4,222267,果物 / 5kg,"Fruit from Shizuoka, 5kg"
3005122,埼玉県 観葉植物 1鉢,29,112283,花・観葉植物 / 1鉢,"Flowers and plants from Saitama, 1鉢"
3005123,岩手県産 半生讃岐うどん 12食,7,034843,麺類 / 12食,"Noodles from Iwate, 12食"
3005124,青森県産 高糖度トマト 3kg,5,022047,野菜・きのこ / 3kg,"Vegetables and mushrooms from Aomori, 3kg"
3005125,利島村 クルーズ 乗船券 2名,28,133621,体験・チケット / 2名,"Experiences and tickets from Tokyo, 2名"
3005126,東京都産 どら焼き 詰め合わせ 12個,9,132101,菓子・スイーツ / 12個,"Confectionery and sweets from Tokyo, 12個"
3005127,勝浦市産 豚ロース しゃぶしゃぶ用 1.2kg,1,122181,肉・肉加工品 / 1.2kg,"Meat and meat products from Chiba, 1.2kg"
3005128,陸別町 釣具セット 1式,26,016489,スポーツ・アウトドア / 1式,"Sports and outdoor from Hokkaido, 1式"
3005129,広島県産 冷凍餃子 100個,8,342050,惣菜・加工品 / 100個,"Prepared and processed foods from Hiroshima, 100個"
3005130,福岡県産 カステラ 詰め合わせ 3本,9,402265,菓子・スイーツ / 3本,"Confectionery and sweets from Fukuoka, 3本"
3005131,兵庫県産 カステラ 詰め合わせ 3本,9,282219,菓子・スイーツ / 3本,"Confectionery and sweets from Hyogo, 3本"
3005132,印西市産 ボイル毛がに 1尾 500g,2,122319,魚介類・海産物 / 1尾 500g,"Seafood from Chiba, 1尾 500g"
3005133,福生市 洗剤 詰め合わせ 1式,23,132187,日用品・雑貨 / 1式,"Household goods from Tokyo, 1式"
3005134,和歌山県 木製パズル 1点,25,302082,文具・玩具 / 1点,"Stationery and toys from Wakayama, 1点"
3005135,大阪府産 カステラ 詰め合わせ 2本,9,272256,菓子・スイーツ / 2本,"Confectionery and sweets from Osaka, 2本"
3005136,宮崎県産 長期貯蔵 麦焼酎 1.8L,11,454303,焼酎・泡盛 / 1.8L,"Shochu and awamori from Miyazaki, 1.8L"
3005137,兵庫県産 干物 詰め合わせ 8枚,2,282278,魚介類・海産物 / 8枚,"Seafood from Hyogo, 8枚"
3005138,野沢温泉村産 とうもろこし 12本,5,205630,野菜・きのこ / 12本,"Vegetables and mushrooms from Nagano, 12本"
3005139,八幡市産 国産紅茶 50g×4袋,14,262102,茶・コーヒー / 50g×4袋,"Tea and coffee from Kyoto, 50g×4袋"
3005140,長野県産 紅はるか さつまいも 5kg,5,204854,野菜・きのこ / 5kg,"Vegetables and mushrooms from Nagano, 5kg"
3005141,茨城県産 ハンバーグ 詰め合わせ 15個,1,082163,肉・肉加工品 / 15個,"Meat and meat products from Ibaraki, 15個"
3005142,行方市産 コシヒカリ 精米 20kg,3,082333,米・パン / 20kg,"Rice and bread from Ibaraki, 20kg"
3005143,北海道産 ジェラート 詰め合わせ 12個,9,013951,菓子・スイーツ / 12個,"Confectionery and sweets from Hokkaido, 12個"
3005144,福井県 磁器 湯呑 5客,19,182079,陶磁器・ガラス / 5客,"Ceramics and glassware from Fukui, 5客"
3005145,山梨県産 白桃 3kg,4,192139,果物 / 3kg,"Fruit from Yamanashi, 3kg"
3005146,東京都 洗剤 詰め合わせ 1式,23,131172,日用品・雑貨 / 1式,"Household goods from Tokyo, 1式"
3005147,海津市 磁器 湯呑 5客,19,212211,陶磁器・ガラス / 5客,"Ceramics and glassware from Gifu, 5客"
3005148,石川県産 純米大吟醸 720ml×2本,10,173843,日本酒 / 720ml×2本,"Sake from Ishikawa, 720ml×2本"
3005149,富山県産 のどぐろ 干物 5枚,2,162108,魚介類・海産物 / 5枚,"Seafood from Toyama, 5枚"
3005150,大川市産 サーモン 刺身用 600g,2,402125,魚介類・海産物 / 600g,"Seafood from Fukuoka, 600g"
3005151,北見市産 明太子 切子 1kg,2,012084,魚介類・海産物 / 1kg,"Seafood from Hokkaido, 1kg"
3005152,飛騨市 陶器 マグカップ 2個,19,212172,陶磁器・ガラス / 2個,"Ceramics and glassware from Gifu, 2個"
3005153,泉南市産 カステラ 詰め合わせ 2本,9,272281,菓子・スイーツ / 2本,"Confectionery and sweets from Osaka, 2本"
3005154,熊本県 シルクスカーフ 1枚,21,432164,繊維・衣類 / 1枚,"Textiles and apparel from Kumamoto, 1枚"
3005155,鹿児島県産 ハンバーグ 詰め合わせ 20個,1,462012,肉・肉加工品 / 20個,"Meat and meat products from Kagoshima, 20個"
3005156,静岡県産 煎茶 詰め合わせ 100g×3袋,14,222062,茶・コーヒー / 100g×3袋,"Tea and coffee from Shizuoka, 100g×3袋"
3005157,市原市産 ハンバーグ 詰め合わせ 15個,1,122190,肉・肉加工品 / 15個,"Meat and meat products from Chiba, 15個"
3005158,大和村 果物 定期便 隔月×6回,17,465232,定期便 / 隔月×6回,"Subscription deliveries from Kagoshima, 隔月×6回"
3005159,北海道産 カステラ 詰め合わせ 2本,9,014079,菓子・スイーツ / 2本,"Confectionery and sweets from Hokkaido, 2本"
3005160,茨城県 和紙 便箋セット 1式,18,082341,工芸品・民芸品 / 1式,"Crafts and folk art from Ibaraki, 1式"
3005161,奈良県 デニムジーンズ 1本,21,292036,繊維・衣類 / 1本,"Textiles and apparel from Nara, 1本"
3005162,岐阜県産 豚ロース しゃぶしゃぶ用 800g,1,212113,肉・肉加工品 / 800g,"Meat and meat products from Gifu, 800g"
3005163,三鷹市 木製パズル 1点,25,132047,文具・玩具 / 1点,"Stationery and toys from Tokyo, 1点"
3005164,糸島市産 厚切り牛タン 900g,1,402303,肉・肉加工品 / 900g,"Meat and meat products from Fukuoka, 900g"
3005165,群馬県産 どら焼き 詰め合わせ 12個,9,105236,菓子・スイーツ / 12個,"Confectionery and sweets from Gunma, 12個"
3005166,愛知県産 レトルトカレー 詰め合わせ 10食,8,232033,惣菜・加工品 / 10食,"Prepared and processed foods from Aichi, 10食"
3005167,鹿児島県産 味付ジンギスカン 1kg,1,465259,肉・肉加工品 / 1kg,"Meat and meat products from Kagoshima, 1kg"
3005168,和歌山県産 だしパック 30袋,16,303046,調味料・油 / 30袋,"Seasonings and oils from Wakayama, 30袋"
3005169,青森県産 ずわいがに 脚 1.2kg,2,024244,魚介類・海産物 / 1.2kg,"Seafood from Aomori, 1.2kg"
3005170,北海道産 男爵じゃがいも 20kg,5,015504,野菜・きのこ / 20kg,"Vegetables and mushrooms from Hokkaido, 20kg"
3005171,北海道産 ほたて貝柱 冷凍 1.5kg,2,012181,魚介類・海産物 / 1.5kg,"Seafood from Hokkaido, 1.5kg"
3005172,福岡県産 サーモン 刺身用 1kg,2,406252,魚介類・海産物 / 1kg,"Seafood from Fukuoka, 1kg"
3005173,福岡県産 稲庭うどん 1.2kg,7,402044,麺類 / 1.2kg,"Noodles from Fukuoka, 1.2kg"
3005174,北海道産 真鯛 フィレ 1kg,2,014338,魚介類・海産物 / 1kg,"Seafood from Hokkaido, 1kg"
3005175,千葉県産 サーモン 刺身用 600g,2,124249,魚介類・海産物 / 600g,"Seafood from Chiba, 600g"
3005176,訓子府町産 あじ開き 10枚,2,015491,魚介類・海産物 / 10枚,"Seafood from Hokkaido, 10枚"
3005177,長野県産 乾燥しいたけ 500g,5,204111,野菜・きのこ / 500g,"Vegetables and mushrooms from Nagano, 500g"
3005178,千葉県産 あじ開き 20枚,2,122033,魚介類・海産物 / 20枚,"Seafood from Chiba, 20枚"
3005179,岡山県 直火用 土鍋 1個,19,332089,陶磁器・ガラス / 1個,"Ceramics and glassware from Okayama, 1個"
3005180,埼玉県産 煎茶 詰め合わせ 100g×3袋,14,112275,茶・コーヒー / 100g×3袋,"Tea and coffee from Saitama, 100g×3袋"
3005181,大阪府 釣具セット 1式,26,272159,スポーツ・アウトドア / 1式,"Sports and outdoor from Osaka, 1式"
3005182,徳島県 今治タオル セット 8枚,21,363022,繊維・衣類 / 8枚,"Textiles and apparel from Tokushima, 8枚"
3005183,北海道産 飲むヨーグルト 900ml×6本,6,015598,卵・乳製品 / 900ml×6本,"Eggs and dairy from Hokkaido, 900ml×6本"
3005184,高松市産 スモーク鴨ロース 400g,1,372013,肉・肉加工品 / 400g,"Meat and meat products from Kagawa, 400g"
3005185,熊本県産 白桃 3kg,4,434230,果物 / 3kg,"Fruit from Kumamoto, 3kg"
3005186,徳島県 デニムジーンズ 1本,21,362069,繊維・衣類 / 1本,"Textiles and apparel from Tokushima, 1本"
3005187,岐阜県産 えごま油・亜麻仁油 180g×2本,16,214043,調味料・油 / 180g×2本,"Seasonings and oils from Gifu, 180g×2本"
3005188,聖籠町産 生ラーメン セット 16食,7,153079,麺類 / 16食,"Noodles from Niigata, 16食"
3005189,埼玉県 酒蔵見学・試飲 2名,28,114421,体験・チケット / 2名,"Experiences and tickets from Saitama, 2名"
3005190,北海道産 アスパラガス 1kg,5,015601,野菜・きのこ / 1kg,"Vegetables and mushrooms from Hokkaido, 1kg"
3005191,岩手県 伝統こけし 1体,18,032131,工芸品・民芸品 / 1体,"Crafts and folk art from Iwate, 1体"
3005192,北海道産 高糖度トマト 3kg,5,012203,野菜・きのこ / 3kg,"Vegetables and mushrooms from Hokkaido, 3kg"
3005193,愛知県産 味噌 詰め合わせ 1kg×2個,16,232360,調味料・油 / 1kg×2個,"Seasonings and oils from Aichi, 1kg×2個"
3005194,北海道産 とうもろこし 20本,5,015628,野菜・きのこ / 20本,"Vegetables and mushrooms from Hokkaido, 20本"
3005195,東京都 タオル 詰め合わせ 10枚,23,132284,日用品・雑貨 / 10枚,"Household goods from Tokyo, 10枚"
3005196,沖縄県 温泉旅館 ペア宿泊券 1泊2食付,27,472123,旅行券・宿泊券 / 1泊2食付,"Travel and accommodation vouchers from Okinawa, 1泊2食付"
3005197,島根県産 ベーコン・ソーセージセット 1.2kg,1,325261,肉・肉加工品 / 1.2kg,"Meat and meat products from Shimane, 1.2kg"
3005198,大阪府産 冷凍餃子 100個,8,272108,惣菜・加工品 / 100個,"Prepared and processed foods from Osaka, 100個"
3005199,富士見市産 和菓子 詰め合わせ 12個,9,112356,菓子・スイーツ / 12個,"Confectionery and sweets from Saitama, 12個"
3005200,大分県産 米焼酎 飲み比べ 720ml×3本,11,442135,焼酎・泡盛 / 720ml×3本,"Shochu and awamori from Oita, 720ml×3本"
3005201,兵庫県産 純米吟醸 飲み比べ 720ml×3本,10,283657,日本酒 / 720ml×3本,"Sake from Hyogo, 720ml×3本"
3005202,徳島県産 生ラーメン セット 16食,7,363413,麺類 / 16食,"Noodles from Tokushima, 16食"
3005203,恵庭市産 高糖度トマト 2kg,5,012319,野菜・きのこ / 2kg,"Vegetables and mushrooms from Hokkaido, 2kg"
3005204,千葉県産 天然水 炭酸水 500ml×48本,15,124630,飲料・ジュース / 500ml×48本,"Beverages and juice from Chiba, 500ml×48本"
3005205,新潟県産 純米吟醸 飲み比べ 720ml×3本,10,152234,日本酒 / 720ml×3本,"Sake from Niigata, 720ml×3本"
3005206,長崎県産 ハンバーグ 詰め合わせ 20個,1,423831,肉・肉加工品 / 20個,"Meat and meat products from Nagasaki, 20個"
3005207,南三陸町産 ゆめぴりか 精米 5kg,3,046060,米・パン / 5kg,"Rice and bread from Miyagi, 5kg"
3005208,北海道産 サーモン 刺身用 600g,2,014583,魚介類・海産物 / 600g,"Seafood from Hokkaido, 600g"
3005209,千葉県産 スモーク鴨ロース 600g,1,122203,肉・肉加工品 / 600g,"Meat and meat products from Chiba, 600g"
3005210,三重県産 厚切り牛タン 900g,1,244708,肉・肉加工品 / 900g,"Meat and meat products from Mie, 900g"
3005211,富山県産 純米大吟醸 720ml×2本,10,162027,日本酒 / 720ml×2本,"Sake from Toyama, 720ml×2本"
3005212,福島県産 米粉パン セット 12個,3,072028,米・パン / 12個,"Rice and bread from Fukushima, 12個"
3005213,志摩市産 ジェラート 詰め合わせ 12個,9,242152,菓子・スイーツ / 12個,"Confectionery and sweets from Mie, 12個"
3005214,滋賀県産 黒毛和牛 切り落とし 1.5kg,1,252093,肉・肉加工品 / 1.5kg,"Meat and meat products from Shiga, 1.5kg"
3005215,新潟県産 特別栽培米 玄米 20kg,3,152269,米・パン / 20kg,"Rice and bread from Niigata, 20kg"
3005216,熊本県産 たまねぎ 10kg,5,432032,野菜・きのこ / 10kg,"Vegetables and mushrooms from Kumamoto, 10kg"
3005217,網走市産 黒毛和牛 切り落とし 1.5kg,1,012114,肉・肉加工品 / 1.5kg,"Meat and meat products from Hokkaido, 1.5kg"
3005218,大阪府産 チーズケーキ 1台,9,272248,菓子・スイーツ / 1台,"Confectionery and sweets from Osaka, 1台"
3005219,香川県 曲げわっぱ弁当箱 1個,20,373648,木工品・家具 / 1個,"Woodwork and furniture from Kagawa, 1個"
3005220,阿賀町 国産材 積み木 1式,25,153851,文具・玩具 / 1式,"Stationery and toys from Niigata, 1式"
3005221,茨城県産 つや姫 精米 10kg,3,082155,米・パン / 10kg,"Rice and bread from Ibaraki, 10kg"
3005222,秋田県産 あきたこまち 精米 10kg,3,052132,米・パン / 10kg,"Rice and bread from Akita, 10kg"
3005223,山梨県産 冷凍スムージー 12本,15,192058,飲料・ジュース / 12本,"Beverages and juice from Yamanashi, 12本"
3005224,吉野川市産 半生讃岐うどん 20食,7,362051,麺類 / 20食,"Noodles from Tokushima, 20食"
3005225,埼玉県産 ひとめぼれ 無洗米 5kg,3,112186,米・パン / 5kg,"Rice and bread from Saitama, 5kg"
3005226,川島町 登山用リュック 1個,26,113468,スポーツ・アウトドア / 1個,"Sports and outdoor from Saitama, 1個"
3005227,群馬県産 ベーコン・ソーセージセット 1.2kg,1,102067,肉・肉加工品 / 1.2kg,"Meat and meat products from Gunma, 1.2kg"
3005228,岡山県産 あきたこまち 精米 5kg,3,332160,米・パン / 5kg,"Rice and bread from Okayama, 5kg"
3005229,河北町産 純米吟醸 飲み比べ 720ml×3本,10,063215,日本酒 / 720ml×3本,"Sake from Yamagata, 720ml×3本"
3005230,豊橋市産 プリン 詰め合わせ 8個,9,232017,菓子・スイーツ / 8個,"Confectionery and sweets from Aichi, 8個"
3005231,徳島県 綿100% 寝具カバー 1式,21,363014,繊維・衣類 / 1式,"Textiles and apparel from Tokushima, 1式"
3005232,山形県産 味噌 詰め合わせ 1kg×3個,16,062014,調味料・油 / 1kg×3個,"Seasonings and oils from Yamagata, 1kg×3個"
3005233,能代市産 ハンバーグ 詰め合わせ 20個,1,052027,肉・肉加工品 / 20個,"Meat and meat products from Akita, 20個"
3005234,栃木県産 味付ジンギスカン 2kg,1,092011,肉・肉加工品 / 2kg,"Meat and meat products from Tochigi, 2kg"
3005235,中央区 ノート 詰め合わせ 10冊,25,131024,文具・玩具 / 10冊,"Stationery and toys from Tokyo, 10冊"
3005236,山梨県産 さくらんぼ 佐藤錦 500g,4,192074,果物 / 500g,"Fruit from Yamanashi, 500g"
3005237,東京都産 ジェラート 詰め合わせ 12個,9,131199,菓子・スイーツ / 12個,"Confectionery and sweets from Tokyo, 12個"
3005238,石川県 磁器 湯呑 2客,19,172014,陶磁器・ガラス / 2客,"Ceramics and glassware from Ishikawa, 2客"
3005239,山形県産 味付ジンギスカン 2kg,1,062103,肉・肉加工品 / 2kg,"Meat and meat products from Yamagata, 2kg"
3005240,青森県産 幸水梨 7kg,4,024236,果物 / 7kg,"Fruit from Aomori, 7kg"
3005241,山梨県産 メロン 秀品 1玉,4,192147,果物 / 1玉,"Fruit from Yamanashi, 1玉"
3005242,愛別町産 バウムクーヘン 4個,9,014567,菓子・スイーツ / 4個,"Confectionery and sweets from Hokkaido, 4個"
3005243,朝倉市産 国産紅茶 50g×4袋,14,402281,茶・コーヒー / 50g×4袋,"Tea and coffee from Fukuoka, 50g×4袋"
3005244,福島県産 季節限定 生酒 720ml×2本,10,073628,日本酒 / 720ml×2本,"Sake from Fukushima, 720ml×2本"
3005245,岡山県 綿100% 寝具カバー 1式,21,332127,繊維・衣類 / 1式,"Textiles and apparel from Okayama, 1式"
3005246,飯田市産 シャインマスカット 4房,4,202053,果物 / 4房,"Fruit from Nagano, 4房"
3005247,北中城村産 あまおういちご 1080g,4,473278,果物 / 1080g,"Fruit from Okinawa, 1080g"
3005248,宮崎県産 温州みかん 5kg,4,454427,果物 / 5kg,"Fruit from Miyazaki, 5kg"
3005249,東京都 陶芸 体験チケット 2名,28,132101,体験・チケット / 2名,"Experiences and tickets from Tokyo, 2名"
3005250,長野県産 あまおういちご 1080g,4,202134,果物 / 1080g,"Fruit from Nagano, 1080g"
3005251,神奈川県 タオル 詰め合わせ 10枚,23,142166,日用品・雑貨 / 10枚,"Household goods from Kanagawa, 10枚"
3005252,静岡県産 佃煮 詰め合わせ 5種,8,222062,惣菜・加工品 / 5種,"Prepared and processed foods from Shizuoka, 5種"
3005253,埼玉県産 ゆめぴりか 精米 10kg,3,112453,米・パン / 10kg,"Rice and bread from Saitama, 10kg"
3005254,茨城県産 和牛 焼肉セット 1kg,1,082023,肉・肉加工品 / 1kg,"Meat and meat products from Ibaraki, 1kg"
3005255,岩手県産 ずわいがに 脚 800g,2,032107,魚介類・海産物 / 800g,"Seafood from Iwate, 800g"
3005256,小谷村産 辛口 白ワイン 750ml×2本,13,204862,ワイン / 750ml×2本,"Wine from Nagano, 750ml×2本"
3005257,東京都 果物狩り 体験チケット 4名,28,133035,体験・チケット / 4名,"Experiences and tickets from Tokyo, 4名"
3005258,薩摩川内市産 和牛 焼肉セット 600g,1,462152,肉・肉加工品 / 600g,"Meat and meat products from Kagoshima, 600g"
3005259,国見町産 季節限定 生酒 720ml×2本,10,073032,日本酒 / 720ml×2本,"Sake from Fukushima, 720ml×2本"
3005260,奈義町 靴下 詰め合わせ 10足,21,336238,繊維・衣類 / 10足,"Textiles and apparel from Okayama, 10足"
3005261,前橋市産 黒毛和牛 サーロインステーキ 200g×2枚,1,102016,肉・肉加工品 / 200g×2枚,"Meat and meat products from Gunma, 200g×2枚"
3005262,越前市 磁器 湯呑 5客,19,182095,陶磁器・ガラス / 5客,"Ceramics and glassware from Fukui, 5客"
3005263,東京都 万年筆 1本,25,131105,文具・玩具 / 1本,"Stationery and toys from Tokyo, 1本"
3005264,西東京市 果物狩り 体験チケット 4名,28,132292,体験・チケット / 4名,"Experiences and tickets from Tokyo, 4名"
3005265,東吉野村 綿100% 寝具カバー 1式,21,294535,繊維・衣類 / 1式,"Textiles and apparel from Nara, 1式"
3005266,石井町産 幸水梨 5kg,4,363413,果物 / 5kg,"Fruit from Tokushima, 5kg"
3005267,山形県産 黒毛和牛 サーロインステーキ 200g×2枚,1,062057,肉・肉加工品 / 200g×2枚,"Meat and meat products from Yamagata, 200g×2枚"
3005268,奈良県産 自家焙煎コーヒー豆 200g×3袋,14,292028,茶・コーヒー / 200g×3袋,"Tea and coffee from Nara, 200g×3袋"
3005269,松阪市産 和牛 焼肉セット 600g,1,242047,肉・肉加工品 / 600g,"Meat and meat products from Mie, 600g"
3005270,境町産 ベーコン・ソーセージセット 1.2kg,1,085464,肉・肉加工品 / 1.2kg,"Meat and meat products from Ibaraki, 1.2kg"
3005271,南陽市産 季節限定 生酒 720ml×2本,10,062138,日本酒 / 720ml×2本,"Sake from Yamagata, 720ml×2本"
3005272,京都府 陶器 マグカップ 2個,19,262030,陶磁器・ガラス / 2個,"Ceramics and glassware from Kyoto, 2個"
3005273,北海道 アウトドアチェア 1脚,26,016390,スポーツ・アウトドア / 1脚,"Sports and outdoor from Hokkaido, 1脚"
3005274,群馬県産 冷凍餃子 100個,8,102059,惣菜・加工品 / 100個,"Prepared and processed foods from Gunma, 100個"
3005275,兵庫県 竹細工かご 1点,18,282103,工芸品・民芸品 / 1点,"Crafts and folk art from Hyogo, 1点"
3005276,防府市産 純米大吟醸 1.8L,10,352063,日本酒 / 1.8L,"Sake from Yamaguchi, 1.8L"
3005277,福岡県産 ハンバーグ 詰め合わせ 10個,1,406465,肉・肉加工品 / 10個,"Meat and meat products from Fukuoka, 10個"
3005278,多治見市 直火用 土鍋 1個,19,212041,陶磁器・ガラス / 1個,"Ceramics and glassware from Gifu, 1個"
3005279,尾張旭市 今治タオル セット 8枚,21,232262,繊維・衣類 / 8枚,"Textiles and apparel from Aichi, 8枚"
3005280,乙部町産 乾燥しいたけ 300g,5,013641,野菜・きのこ / 300g,"Vegetables and mushrooms from Hokkaido, 300g"
3005281,東京都産 ジェラート 詰め合わせ 12個,9,132080,菓子・スイーツ / 12個,"Confectionery and sweets from Tokyo, 12個"
3005282,北海道産 ジェラート 詰め合わせ 12個,9,015491,菓子・スイーツ / 12個,"Confectionery and sweets from Hokkaido, 12個"
3005283,福岡県 竹細工かご 1点,18,402231,工芸品・民芸品 / 1点,"Crafts and folk art from Fukuoka, 1点"
3005284,埼玉県産 あきたこまち 精米 5kg,3,112283,米・パン / 5kg,"Rice and bread from Saitama, 5kg"
3005285,奈良県 入浴剤 詰め合わせ 30回分,22,294497,化粧品・美容 / 30回分,"Cosmetics and beauty from Nara, 30回分"
3005286,北海道産 どら焼き 詰め合わせ 20個,9,016098,菓子・スイーツ / 20個,"Confectionery and sweets from Hokkaido, 20個"
3005287,鹿児島県産 真鯛 フィレ 1kg,2,464040,魚介類・海産物 / 1kg,"Seafood from Kagoshima, 1kg"
3005288,熊本県産 アスパラガス 2kg,5,432113,野菜・きのこ / 2kg,"Vegetables and mushrooms from Kumamoto, 2kg"
3005289,北海道 漆器 伝統工芸 1客,18,014249,工芸品・民芸品 / 1客,"Crafts and folk art from Hokkaido, 1客"
3005290,西尾市産 だしパック 30袋,16,232131,調味料・油 / 30袋,"Seasonings and oils from Aichi, 30袋"
3005291,山口県産 ずわいがに 脚 1.2kg,2,352071,魚介類・海産物 / 1.2kg,"Seafood from Yamaguchi, 1.2kg"
3005292,沖縄市産 明太子 切子 1kg,2,472115,魚介類・海産物 / 1kg,"Seafood from Okinawa, 1kg"
3005293,神奈川県産 天然水 2L×24本,15,142158,飲料・ジュース / 2L×24本,"Beverages and juice from Kanagawa, 2L×24本"
3005294,愛知県産 味付からあげ 1kg,8,233021,惣菜・加工品 / 1kg,"Prepared and processed foods from Aichi, 1kg"
3005295,福岡県産 明太子 切子 500g,2,402036,魚介類・海産物 / 500g,"Seafood from Fukuoka, 500g"
3005296,喬木村産 辛口 白ワイン 750ml×2本,13,204153,ワイン / 750ml×2本,"Wine from Nagano, 750ml×2本"
3005297,埼玉県産 煎茶 詰め合わせ 100g×3袋,14,112429,茶・コーヒー / 100g×3袋,"Tea and coffee from Saitama, 100g×3袋"
3005298,阿波市産 季節の野菜 詰め合わせ 10品目,5,362069,野菜・きのこ / 10品目,"Vegetables and mushrooms from Tokushima, 10品目"
3005299,かすみがうら市産 米粉パン セット 8個,3,082309,米・パン / 8個,"Rice and bread from Ibaraki, 8個"
3005300,島根県産 食パン 詰め合わせ 5斤,3,322041,米・パン / 5斤,"Rice and bread from Shimane, 5斤"
3005301,東京都 包丁研ぎ器 1個,23,131016,日用品・雑貨 / 1個,"Household goods from Tokyo, 1個"
3005302,熊本県産 アスパラガス 2kg,5,434248,野菜・きのこ / 2kg,"Vegetables and mushrooms from Kumamoto, 2kg"
3005303,南大東村産 ほたて貝柱 冷凍 500g,2,473570,魚介類・海産物 / 500g,"Seafood from Okinawa, 500g"
3005304,静岡県産 サーモン 刺身用 1kg,2,221007,魚介類・海産物 / 1kg,"Seafood from Shizuoka, 1kg"
3005305,兵庫県産 ボイル毛がに 1尾 500g,2,284645,魚介類・海産物 / 1尾 500g,"Seafood from Hyogo, 1尾 500g"
3005306,村上市産 明太子 切子 1kg,2,152129,魚介類・海産物 / 1kg,"Seafood from Niigata, 1kg"
3005307,中津川市 打刃物 包丁 2本,18,212067,工芸品・民芸品 / 2本,"Crafts and folk art from Gifu, 2本"
3005308,江田島市産 干物 詰め合わせ 8枚,2,342157,魚介類・海産物 / 8枚,"Seafood from Hiroshima, 8枚"
3005309,兵庫県産 プリン 詰め合わせ 12個,9,282286,菓子・スイーツ / 12個,"Confectionery and sweets from Hyogo, 12個"
3005310,岡山県 陶器 マグカップ 2個,19,332160,陶磁器・ガラス / 2個,"Ceramics and glassware from Okayama, 2個"
3005311,長崎県産 国産小麦パスタ 10袋,7,422029,麺類 / 10袋,"Noodles from Nagasaki, 10袋"
3005312,糸島市産 プリン 詰め合わせ 8個,9,402303,菓子・スイーツ / 8個,"Confectionery and sweets from Fukuoka, 8個"
3005313,神奈川県 タオル 詰め合わせ 10枚,23,141500,日用品・雑貨 / 10枚,"Household goods from Kanagawa, 10枚"
3005314,東京都 洗剤 詰め合わせ 1式,23,131202,日用品・雑貨 / 1式,"Household goods from Tokyo, 1式"
3005315,熊本県産 メロン 秀品 1玉,4,434825,果物 / 1玉,"Fruit from Kumamoto, 1玉"
3005316,神奈川県 トイレットペーパー 72ロール,23,142115,日用品・雑貨 / 72ロール,"Household goods from Kanagawa, 72ロール"
3005317,兵庫県 電気ケトル 1台,24,282090,家電・電化製品 / 1台,"Home appliances from Hyogo, 1台"
3005318,沖縄県産 のどぐろ 干物 5枚,2,473537,魚介類・海産物 / 5枚,"Seafood from Okinawa, 5枚"
3005319,三重県産 ずわいがに 脚 1.2kg,2,242110,魚介類・海産物 / 1.2kg,"Seafood from Mie, 1.2kg"
3005320,神奈川県産 漬物 詰め合わせ 10種,8,141500,惣菜・加工品 / 10種,"Prepared and processed foods from Kanagawa, 10種"
3005321,草津市産 純米大吟醸 720ml×2本,10,252069,日本酒 / 720ml×2本,"Sake from Shiga, 720ml×2本"
3005322,大分県産 レトルトカレー 詰め合わせ 10食,8,442119,惣菜・加工品 / 10食,"Prepared and processed foods from Oita, 10食"
3005323,滋賀県 打刃物 包丁 2本,18,252107,工芸品・民芸品 / 2本,"Crafts and folk art from Shiga, 2本"
3005324,金ケ崎町産 どら焼き 詰め合わせ 12個,9,033812,菓子・スイーツ / 12個,"Confectionery and sweets from Iwate, 12個"
3005325,川越市 万年筆 1本,25,112011,文具・玩具 / 1本,"Stationery and toys from Saitama, 1本"
3005326,茨城県産 ハンバーグ 詰め合わせ 15個,1,082350,肉・肉加工品 / 15個,"Meat and meat products from Ibaraki, 15個"
3005327,せたな町産 ジェラート 詰め合わせ 12個,9,013714,菓子・スイーツ / 12個,"Confectionery and sweets from Hokkaido, 12個"
3005328,北海道産 たまねぎ 20kg,5,016357,野菜・きのこ / 20kg,"Vegetables and mushrooms from Hokkaido, 20kg"
3005329,北海道産 あじ開き 10枚,2,015814,魚介類・海産物 / 10枚,"Seafood from Hokkaido, 10枚"
3005330,富士見町 木製パズル 1点,25,203629,文具・玩具 / 1点,"Stationery and toys from Nagano, 1点"
3005331,函南町産 燻製 詰め合わせ 8種,8,223255,惣菜・加工品 / 8種,"Prepared and processed foods from Shizuoka, 8種"
3005332,鴨川市産 天然水 2L×24本,15,122238,飲料・ジュース / 2L×24本,"Beverages and juice from Chiba, 2L×24本"
3005333,高知県産 乾燥しいたけ 300g,5,392014,野菜・きのこ / 300g,"Vegetables and mushrooms from Kochi, 300g"
3005334,栃木県産 黒毛和牛 サーロインステーキ 150g×3枚,1,092100,肉・肉加工品 / 150g×3枚,"Meat and meat products from Tochigi, 150g×3枚"
3005335,東京都 クルーズ 乗船券 2名,28,132039,体験・チケット / 2名,"Experiences and tickets from Tokyo, 2名"
3005336,熊本県産 富有柿 5kg,4,432032,果物 / 5kg,"Fruit from Kumamoto, 5kg"
3005337,嬉野市 直火用 土鍋 1個,19,412091,陶磁器・ガラス / 1個,"Ceramics and glassware from Saga, 1個"
3005338,熊本県産 米焼酎 飲み比べ 720ml×3本,11,432067,焼酎・泡盛 / 720ml×3本,"Shochu and awamori from Kumamoto, 720ml×3本"
3005339,愛知県産 醤油 詰め合わせ 1L×3本,16,232017,調味料・油 / 1L×3本,"Seasonings and oils from Aichi, 1L×3本"
3005340,西伊豆町産 幸水梨 7kg,4,223069,果物 / 7kg,"Fruit from Shizuoka, 7kg"
3005341,富山県産 純米吟醸 飲み比べ 720ml×3本,10,162027,日本酒 / 720ml×3本,"Sake from Toyama, 720ml×3本"
3005342,三重県産 豚ロース しゃぶしゃぶ用 1.2kg,1,242047,肉・肉加工品 / 1.2kg,"Meat and meat products from Mie, 1.2kg"
3005343,福岡県産 黒毛和牛 サーロインステーキ 200g×2枚,1,402133,肉・肉加工品 / 200g×2枚,"Meat and meat products from Fukuoka, 200g×2枚"
3005344,新居浜市産 白桃 3kg,4,382051,果物 / 3kg,"Fruit from Ehime, 3kg"
3005345,佐賀県産 のどぐろ 干物 3枚,2,412104,魚介類・海産物 / 3枚,"Seafood from Saga, 3枚"
3005346,糸満市産 天然水 2L×24本,15,472107,飲料・ジュース / 2L×24本,"Beverages and juice from Okinawa, 2L×24本"
3005347,埼玉県産 和菓子 詰め合わせ 12個,9,112453,菓子・スイーツ / 12個,"Confectionery and sweets from Saitama, 12個"
3005348,東京都 酒蔵見学・試飲 2名,28,131156,体験・チケット / 2名,"Experiences and tickets from Tokyo, 2名"
3005349,鹿児島県産 厚切り牛タン 500g,1,463035,肉・肉加工品 / 500g,"Meat and meat products from Kagoshima, 500g"
3005350,安中市産 稲庭うどん 1.2kg,7,102113,麺類 / 1.2kg,"Noodles from Gunma, 1.2kg"
3005351,長柄町産 天然水 炭酸水 500ml×24本,15,124265,飲料・ジュース / 500ml×24本,"Beverages and juice from Chiba, 500ml×24本"
3005352,岐阜県 曲げわっぱ弁当箱 1個,20,213021,木工品・家具 / 1個,"Woodwork and furniture from Gifu, 1個"
3005353,東吾妻町産 佃煮 詰め合わせ 5種,8,104299,惣菜・加工品 / 5種,"Prepared and processed foods from Gunma, 5種"
3005354,愛媛県産 冷凍スムージー 12本,15,382078,飲料・ジュース / 12本,"Beverages and juice from Ehime, 12本"
3005355,"神奈川県 観光施設 利用券 5,000円分",27,143626,"旅行券・宿泊券 / 5,000円分","Travel and accommodation vouchers from Kanagawa, 5,000円分"
3005356,福井県 陶器 マグカップ 2個,19,182044,陶磁器・ガラス / 2個,"Ceramics and glassware from Fukui, 2個"
3005357,福井県産 食パン 詰め合わせ 5斤,3,182095,米・パン / 5斤,"Rice and bread from Fukui, 5斤"
3005358,東京都 包丁研ぎ器 1個,23,132187,日用品・雑貨 / 1個,"Household goods from Tokyo, 1個"
3005359,兵庫県産 純米大吟醸 720ml,10,282227,日本酒 / 720ml,"Sake from Hyogo, 720ml"
3005360,三田市産 純米吟醸 飲み比べ 720ml×3本,10,282197,日本酒 / 720ml×3本,"Sake from Hyogo, 720ml×3本"
3005361,寒河江市産 温州みかん 5kg,4,062065,果物 / 5kg,"Fruit from Yamagata, 5kg"
3005362,宮崎県産 本格芋焼酎 900ml×2本,11,452033,焼酎・泡盛 / 900ml×2本,"Shochu and awamori from Miyazaki, 900ml×2本"
3005363,岡山県 直火用 土鍋 1個,19,332101,陶磁器・ガラス / 1個,"Ceramics and glassware from Okayama, 1個"
3005364,石川県 磁器 湯呑 5客,19,172057,陶磁器・ガラス / 5客,"Ceramics and glassware from Ishikawa, 5客"
3005365,北川村産 乾燥しいたけ 500g,5,393053,野菜・きのこ / 500g,"Vegetables and mushrooms from Kochi, 500g"
3005366,新潟県 ノート 詰め合わせ 10冊,25,152242,文具・玩具 / 10冊,"Stationery and toys from Niigata, 10冊"
3005367,沖縄県 温泉旅館 ペア宿泊券 1泊2食付,27,473502,旅行券・宿泊券 / 1泊2食付,"Travel and accommodation vouchers from Okinawa, 1泊2食付"
3005368,兵庫県産 のどぐろ 干物 3枚,2,282065,魚介類・海産物 / 3枚,"Seafood from Hyogo, 3枚"
3005369,兵庫県産 ジェラート 詰め合わせ 12個,9,282294,菓子・スイーツ / 12個,"Confectionery and sweets from Hyogo, 12個"
3005370,武蔵野市産 ジェラート 詰め合わせ 12個,9,132039,菓子・スイーツ / 12個,"Confectionery and sweets from Tokyo, 12個"
3005371,大阪府産 どら焼き 詰め合わせ 20個,9,272272,菓子・スイーツ / 20個,"Confectionery and sweets from Osaka, 20個"
3005372,大阪府産 冷凍餃子 50個,8,272281,惣菜・加工品 / 50個,"Prepared and processed foods from Osaka, 50個"
3005373,京丹後市 磁器 湯呑 2客,19,262129,陶磁器・ガラス / 2客,"Ceramics and glassware from Kyoto, 2客"
3005374,佐賀県産 のどぐろ 干物 3枚,2,412040,魚介類・海産物 / 3枚,"Seafood from Saga, 3枚"
3005375,宮城県産 煎茶 詰め合わせ 100g×5袋,14,044440,茶・コーヒー / 100g×5袋,"Tea and coffee from Miyagi, 100g×5袋"
3005376,垂水市産 ベーコン・ソーセージセット 1.8kg,1,462144,肉・肉加工品 / 1.8kg,"Meat and meat products from Kagoshima, 1.8kg"
3005377,阿賀野市産 サーモン 刺身用 600g,2,152234,魚介類・海産物 / 600g,"Seafood from Niigata, 600g"
3005378,千葉県産 果汁100%ジュース 1L×6本,15,122254,飲料・ジュース / 1L×6本,"Beverages and juice from Chiba, 1L×6本"
3005379,前橋市産 稲庭うどん 1.2kg,7,102016,麺類 / 1.2kg,"Noodles from Gunma, 1.2kg"
3005380,西郷村産 ひとめぼれ 無洗米 10kg,3,074616,米・パン / 10kg,"Rice and bread from Fukushima, 10kg"
3005381,山梨県産 天然水 2L×24本,15,192104,飲料・ジュース / 2L×24本,"Beverages and juice from Yamanashi, 2L×24本"
3005382,東京都 酒蔵見学・試飲 2名,28,131024,体験・チケット / 2名,"Experiences and tickets from Tokyo, 2名"
3005383,岩手県産 真鯛 フィレ 1kg,2,032093,魚介類・海産物 / 1kg,"Seafood from Iwate, 1kg"
3005384,北海道産 男爵じゃがいも 10kg,5,014605,野菜・きのこ / 10kg,"Vegetables and mushrooms from Hokkaido, 10kg"
3005385,長野県産 メロン 秀品 1玉,4,205419,果物 / 1玉,"Fruit from Nagano, 1玉"
3005386,福島県産 コシヒカリ 精米 5kg,3,072087,米・パン / 5kg,"Rice and bread from Fukushima, 5kg"
3005387,兵庫県産 プリン 詰め合わせ 8個,9,282081,菓子・スイーツ / 8個,"Confectionery and sweets from Hyogo, 8個"
3005388,新潟県 国産材 積み木 1式,25,152129,文具・玩具 / 1式,"Stationery and toys from Niigata, 1式"
3005389,紀の川市産 天然水 炭酸水 500ml×24本,15,302082,飲料・ジュース / 500ml×24本,"Beverages and juice from Wakayama, 500ml×24本"
3005390,愛知県産 だしパック 30袋,16,235636,調味料・油 / 30袋,"Seasonings and oils from Aichi, 30袋"
3005391,富山県産 味噌 詰め合わせ 1kg×3個,16,162116,調味料・油 / 1kg×3個,"Seasonings and oils from Toyama, 1kg×3個"
3005392,東京都 酒蔵見学・試飲 2名,28,131181,体験・チケット / 2名,"Experiences and tickets from Tokyo, 2名"
3005393,山形県産 白桃 3kg,4,063665,果物 / 3kg,"Fruit from Yamagata, 3kg"
3005394,坂町 陶器 マグカップ 2個,19,343099,陶磁器・ガラス / 2個,"Ceramics and glassware from Hiroshima, 2個"
3005395,田原本町 竹細工かご 1点,18,293636,工芸品・民芸品 / 1点,"Crafts and folk art from Nara, 1点"
3005396,宮城県産 サーモン 刺身用 600g,2,042099,魚介類・海産物 / 600g,"Seafood from Miyagi, 600g"
3005397,大阪府 タオル 詰め合わせ 10枚,23,272248,日用品・雑貨 / 10枚,"Household goods from Osaka, 10枚"
3005398,岡山県 直火用 土鍋 1個,19,336238,陶磁器・ガラス / 1個,"Ceramics and glassware from Okayama, 1個"
3005399,湧別町産 季節の野菜 詰め合わせ 15品目,5,015598,野菜・きのこ / 15品目,"Vegetables and mushrooms from Hokkaido, 15品目"
3005400,千葉県産 果汁100%ジュース 1L×6本,15,122131,飲料・ジュース / 1L×6本,"Beverages and juice from Chiba, 1L×6本"
3005401,岐阜県産 和牛 焼肉セット 600g,1,212059,肉・肉加工品 / 600g,"Meat and meat products from Gifu, 600g"
3005402,佐賀県 直火用 土鍋 1個,19,412023,陶磁器・ガラス / 1個,"Ceramics and glassware from Saga, 1個"
3005403,東近江市産 厚切り牛タン 900g,1,252131,肉・肉加工品 / 900g,"Meat and meat products from Shiga, 900g"
3005404,宮城県産 レトルトカレー 詰め合わせ 10食,8,044458,惣菜・加工品 / 10食,"Prepared and processed foods from Miyagi, 10食"
3005405,取手市産 黒毛和牛 サーロインステーキ 200g×2枚,1,082171,肉・肉加工品 / 200g×2枚,"Meat and meat products from Ibaraki, 200g×2枚"
3005406,木曽岬町産 チーズケーキ 2台,9,243035,菓子・スイーツ / 2台,"Confectionery and sweets from Mie, 2台"
3005407,品川区 タオル 詰め合わせ 10枚,23,131091,日用品・雑貨 / 10枚,"Household goods from Tokyo, 10枚"
3005408,千葉県産 天然水 炭酸水 500ml×24本,15,122076,飲料・ジュース / 500ml×24本,"Beverages and juice from Chiba, 500ml×24本"
3005409,尾張旭市 靴下 詰め合わせ 10足,21,232262,繊維・衣類 / 10足,"Textiles and apparel from Aichi, 10足"
3005410,千葉県産 のどぐろ 干物 5枚,2,122335,魚介類・海産物 / 5枚,"Seafood from Chiba, 5枚"
3005411,うきは市産 国産小麦パスタ 10袋,7,402257,麺類 / 10袋,"Noodles from Fukuoka, 10袋"
3005412,福岡県産 バウムクーヘン 4個,9,406091,菓子・スイーツ / 4個,"Confectionery and sweets from Fukuoka, 4個"
3005413,新潟県産 つや姫 精米 5kg,3,152277,米・パン / 5kg,"Rice and bread from Niigata, 5kg"
3005414,北広島市産 どら焼き 詰め合わせ 20個,9,012343,菓子・スイーツ / 20個,"Confectionery and sweets from Hokkaido, 20個"
3005415,京都府 伝統こけし 1体,18,262056,工芸品・民芸品 / 1体,"Crafts and folk art from Kyoto, 1体"
3005416,兵庫県産 豚ロース しゃぶしゃぶ用 800g,1,282154,肉・肉加工品 / 800g,"Meat and meat products from Hyogo, 800g"
3005417,小清水町産 豚ロース しゃぶしゃぶ用 800g,1,015474,肉・肉加工品 / 800g,"Meat and meat products from Hokkaido, 800g"
3005418,有田市産 えごま油・亜麻仁油 180g×2本,16,302040,調味料・油 / 180g×2本,"Seasonings and oils from Wakayama, 180g×2本"
3005419,粕屋町産 あじ開き 10枚,2,403491,魚介類・海産物 / 10枚,"Seafood from Fukuoka, 10枚"
3005420,埼玉県産 カステラ 詰め合わせ 3本,9,113611,菓子・スイーツ / 3本,"Confectionery and sweets from Saitama, 3本"
3005421,福井県 陶器 マグカップ 2個,19,182044,陶磁器・ガラス / 2個,"Ceramics and glassware from Fukui, 2個"
3005422,香川県産 国産小麦パスタ 10袋,7,372013,麺類 / 10袋,"Noodles from Kagawa, 10袋"
3005423,川棚町産 半生讃岐うどん 20食,7,423220,麺類 / 20食,"Noodles from Nagasaki, 20食"
3005424,三重県産 プリン 詰め合わせ 8個,9,242039,菓子・スイーツ / 8個,"Confectionery and sweets from Mie, 8個"
3005425,三重県産 干物 詰め合わせ 12枚,2,242101,魚介類・海産物 / 12枚,"Seafood from Mie, 12枚"
3005426,埼玉県産 チーズケーキ 1台,9,113697,菓子・スイーツ / 1台,"Confectionery and sweets from Saitama, 1台"
3005427,小国町産 ゆめぴりか 精米 10kg,3,064017,米・パン / 10kg,"Rice and bread from Yamagata, 10kg"
3005428,長野県産 季節の野菜 詰め合わせ 15品目,5,204153,野菜・きのこ / 15品目,"Vegetables and mushrooms from Nagano, 15品目"
3005429,栃木県産 スモーク鴨ロース 600g,1,094111,肉・肉加工品 / 600g,"Meat and meat products from Tochigi, 600g"
3005430,鳩山町産 米粉パン セット 12個,3,113484,米・パン / 12個,"Rice and bread from Saitama, 12個"
3005431,広島県産 純米吟醸 飲み比べ 720ml×3本,10,342025,日本酒 / 720ml×3本,"Sake from Hiroshima, 720ml×3本"
3005432,岡山県 包丁研ぎ器 1個,23,332020,日用品・雑貨 / 1個,"Household goods from Okayama, 1個"
3005433,酒田市産 厚切り牛タン 900g,1,062049,肉・肉加工品 / 900g,"Meat and meat products from Yamagata, 900g"
3005434,神奈川県 綿100% 寝具カバー 1式,21,142069,繊維・衣類 / 1式,"Textiles and apparel from Kanagawa, 1式"
3005435,四條畷市 洗剤 詰め合わせ 1式,23,272299,日用品・雑貨 / 1式,"Household goods from Osaka, 1式"
3005436,白井市産 いくら醤油漬け 500g,2,122327,魚介類・海産物 / 500g,"Seafood from Chiba, 500g"
3005437,長野県産 半生讃岐うどん 12食,7,202037,麺類 / 12食,"Noodles from Nagano, 12食"
3005438,桐生市産 稲庭うどん 800g,7,102032,麺類 / 800g,"Noodles from Gunma, 800g"
3005439,高知県産 あじ開き 10枚,2,392103,魚介類・海産物 / 10枚,"Seafood from Kochi, 10枚"
3005440,山口県産 真鯛 フィレ 1kg,2,352161,魚介類・海産物 / 1kg,"Seafood from Yamaguchi, 1kg"
3005441,知夫村産 食パン 詰め合わせ 5斤,3,325279,米・パン / 5斤,"Rice and bread from Shimane, 5斤"
3005442,千葉県産 果汁100%ジュース 180ml×24本,15,122262,飲料・ジュース / 180ml×24本,"Beverages and juice from Chiba, 180ml×24本"
3005443,幌延町産 バウムクーヘン 4個,9,015202,菓子・スイーツ / 4個,"Confectionery and sweets from Hokkaido, 4個"
3005444,鴨川市産 冷凍スムージー 12本,15,122238,飲料・ジュース / 12本,"Beverages and juice from Chiba, 12本"
3005445,三重県 和紙 便箋セット 1式,18,245623,工芸品・民芸品 / 1式,"Crafts and folk art from Mie, 1式"
3005446,飯田市産 とうもろこし 20本,5,202053,野菜・きのこ / 20本,"Vegetables and mushrooms from Nagano, 20本"
3005447,岩手県産 ゆめぴりか 精米 10kg,3,033669,米・パン / 10kg,"Rice and bread from Iwate, 10kg"
3005448,設楽町産 カステラ 詰め合わせ 2本,9,235610,菓子・スイーツ / 2本,"Confectionery and sweets from Aichi, 2本"
3005449,雲南市産 特別栽培米 玄米 10kg,3,322091,米・パン / 10kg,"Rice and bread from Shimane, 10kg"
3005450,北海道 スキンケアセット 1式,22,012262,化粧品・美容 / 1式,"Cosmetics and beauty from Hokkaido, 1式"
3005451,北大東村産 米焼酎 飲み比べ 720ml×3本,11,473588,焼酎・泡盛 / 720ml×3本,"Shochu and awamori from Okinawa, 720ml×3本"
3005452,西宮市産 スモーク鴨ロース 600g,1,282049,肉・肉加工品 / 600g,"Meat and meat products from Hyogo, 600g"
3005453,福島県産 ひとめぼれ 無洗米 5kg,3,073083,米・パン / 5kg,"Rice and bread from Fukushima, 5kg"
3005454,福島県産 完熟マンゴー 1kg,4,075442,果物 / 1kg,"Fruit from Fukushima, 1kg"
3005455,徳島県産 国産小麦パスタ 10袋,7,363421,麺類 / 10袋,"Noodles from Tokushima, 10袋"
3005456,北海道産 どら焼き 詰め合わせ 20個,9,013943,菓子・スイーツ / 20個,"Confectionery and sweets from Hokkaido, 20個"
3005457,岡山県産 サンふじりんご 10kg,4,336637,果物 / 10kg,"Fruit from Okayama, 10kg"
3005458,埼玉県産 カステラ 詰め合わせ 3本,9,112216,菓子・スイーツ / 3本,"Confectionery and sweets from Saitama, 3本"
3005459,福岡県産 果汁100%ジュース 180ml×24本,15,403491,飲料・ジュース / 180ml×24本,"Beverages and juice from Fukuoka, 180ml×24本"
3005460,名護市産 メロン 秀品 1玉,4,472093,果物 / 1玉,"Fruit from Okinawa, 1玉"
3005461,北海道産 たまねぎ 10kg,5,012301,野菜・きのこ / 10kg,"Vegetables and mushrooms from Hokkaido, 10kg"
3005462,平泉町産 明太子 切子 1kg,2,034029,魚介類・海産物 / 1kg,"Seafood from Iwate, 1kg"
3005463,大阪府産 漬物 詰め合わせ 6種,8,272108,惣菜・加工品 / 6種,"Prepared and processed foods from Osaka, 6種"
3005464,埼玉県産 どら焼き 詰め合わせ 20個,9,113638,菓子・スイーツ / 20個,"Confectionery and sweets from Saitama, 20個"
3005465,宮崎県産 長期貯蔵 麦焼酎 1.8L,11,452076,焼酎・泡盛 / 1.8L,"Shochu and awamori from Miyazaki, 1.8L"
3005466,福島県産 メロン 秀品 1玉,4,072087,果物 / 1玉,"Fruit from Fukushima, 1玉"
3005467,福岡県産 十割そば 16食,7,404489,麺類 / 16食,"Noodles from Fukuoka, 16食"
3005468,北海道 米 定期便 5kg×12回,17,015440,定期便 / 5kg×12回,"Subscription deliveries from Hokkaido, 5kg×12回"
3005469,常陸太田市産 たまねぎ 20kg,5,082121,野菜・きのこ / 20kg,"Vegetables and mushrooms from Ibaraki, 20kg"
3005470,埼玉県産 佃煮 詰め合わせ 5種,8,112381,惣菜・加工品 / 5種,"Prepared and processed foods from Saitama, 5種"
3005471,大阪府産 レトルトカレー 詰め合わせ 10食,8,272221,惣菜・加工品 / 10食,"Prepared and processed foods from Osaka, 10食"
3005472,徳島県産 アスパラガス 1kg,5,364053,野菜・きのこ / 1kg,"Vegetables and mushrooms from Tokushima, 1kg"
3005473,広島県産 純米吟醸 飲み比べ 720ml×3本,10,342025,日本酒 / 720ml×3本,"Sake from Hiroshima, 720ml×3本"
3005474,江南市産 漬物 詰め合わせ 10種,8,232173,惣菜・加工品 / 10種,"Prepared and processed foods from Aichi, 10種"
3005475,胎内市産 純米吟醸 飲み比べ 720ml×3本,10,152277,日本酒 / 720ml×3本,"Sake from Niigata, 720ml×3本"
3005476,岩手県産 米粉パン セット 8個,3,034614,米・パン / 8個,"Rice and bread from Iwate, 8個"
3005477,北海道産 アイスクリーム 詰め合わせ 18個,6,012289,卵・乳製品 / 18個,"Eggs and dairy from Hokkaido, 18個"
3005478,群馬県 木製食器セット 4点,20,102059,木工品・家具 / 4点,"Woodwork and furniture from Gunma, 4点"
3005479,茨城県 アウトドアチェア 2脚,26,082040,スポーツ・アウトドア / 2脚,"Sports and outdoor from Ibaraki, 2脚"
3005480,北海道産 乾燥しいたけ 500g,5,014095,野菜・きのこ / 500g,"Vegetables and mushrooms from Hokkaido, 500g"
3005481,長崎県 トイレットペーパー 72ロール,23,422096,日用品・雑貨 / 72ロール,"Household goods from Nagasaki, 72ロール"
3005482,東京都 磁器 湯呑 5客,19,131229,陶磁器・ガラス / 5客,"Ceramics and glassware from Tokyo, 5客"
3005483,神奈川県 タオル 詰め合わせ 10枚,23,142085,日用品・雑貨 / 10枚,"Household goods from Kanagawa, 10枚"
3005484,東京都 アウトドアチェア 2脚,26,132128,スポーツ・アウトドア / 2脚,"Sports and outdoor from Tokyo, 2脚"
3005485,半田市 シルクスカーフ 1枚,21,232050,繊維・衣類 / 1枚,"Textiles and apparel from Aichi, 1枚"
3005486,大阪府産 味付からあげ 1kg,8,273660,惣菜・加工品 / 1kg,"Prepared and processed foods from Osaka, 1kg"
3005487,桜川市 ノート 詰め合わせ 10冊,25,082317,文具・玩具 / 10冊,"Stationery and toys from Ibaraki, 10冊"
3005488,豊根村産 味噌 詰め合わせ 1kg×3個,16,235636,調味料・油 / 1kg×3個,"Seasonings and oils from Aichi, 1kg×3個"
3005489,長野県産 十割そば 10食,7,202037,麺類 / 10食,"Noodles from Nagano, 10食"
3005490,三重県 陶芸 体験チケット 2名,28,242080,体験・チケット / 2名,"Experiences and tickets from Mie, 2名"
3005491,朝日町産 純米大吟醸 720ml×2本,10,163431,日本酒 / 720ml×2本,"Sake from Toyama, 720ml×2本"
3005492,島根県産 生うに 100g,2,322041,魚介類・海産物 / 100g,"Seafood from Shimane, 100g"
3005493,四條畷市 釣具セット 1式,26,272299,スポーツ・アウトドア / 1式,"Sports and outdoor from Osaka, 1式"
3005494,釧路市産 生うに 200g,2,012068,魚介類・海産物 / 200g,"Seafood from Hokkaido, 200g"
3005495,長久手市産 ぽん酢・ドレッシング 5本,16,232386,調味料・油 / 5本,"Seasonings and oils from Aichi, 5本"
3005496,青森県産 たまねぎ 10kg,5,024457,野菜・きのこ / 10kg,"Vegetables and mushrooms from Aomori, 10kg"
3005497,長野県産 高糖度トマト 2kg,5,202177,野菜・きのこ / 2kg,"Vegetables and mushrooms from Nagano, 2kg"
3005498,三豊市産 半生讃岐うどん 20食,7,372081,麺類 / 20食,"Noodles from Kagawa, 20食"
3005499,群馬県産 黒毛和牛 切り落とし 1.5kg,1,103675,肉・肉加工品 / 1.5kg,"Meat and meat products from Gunma, 1.5kg"
3005500,愛知県 果物 定期便 隔月×6回,17,232157,定期便 / 隔月×6回,"Subscription deliveries from Aichi, 隔月×6回"
3005501,筑西市産 豚ロース しゃぶしゃぶ用 1.2kg,1,082279,肉・肉加工品 / 1.2kg,"Meat and meat products from Ibaraki, 1.2kg"
3005502,岐阜県 木製食器セット 4点,20,212156,木工品・家具 / 4点,"Woodwork and furniture from Gifu, 4点"
3005503,高知県産 サーモン 刺身用 1kg,2,393878,魚介類・海産物 / 1kg,"Seafood from Kochi, 1kg"
3005504,静岡県産 燻製 詰め合わせ 5種,8,222232,惣菜・加工品 / 5種,"Prepared and processed foods from Shizuoka, 5種"
3005505,赤平市産 たまねぎ 10kg,5,012181,野菜・きのこ / 10kg,"Vegetables and mushrooms from Hokkaido, 10kg"
3005506,桶川市産 燻製 詰め合わせ 5種,8,112313,惣菜・加工品 / 5種,"Prepared and processed foods from Saitama, 5種"
3005507,愛知県産 漬物 詰め合わせ 10種,8,233021,惣菜・加工品 / 10種,"Prepared and processed foods from Aichi, 10種"
3005508,鹿児島県産 米焼酎 飲み比べ 720ml×3本,11,462195,焼酎・泡盛 / 720ml×3本,"Shochu and awamori from Kagoshima, 720ml×3本"
3005509,長野県産 半生讃岐うどん 20食,7,202100,麺類 / 20食,"Noodles from Nagano, 20食"
3005510,埼玉県産 つや姫 精米 5kg,3,113654,米・パン / 5kg,"Rice and bread from Saitama, 5kg"
3005511,小豆島町 曲げわっぱ弁当箱 1個,20,373249,木工品・家具 / 1個,"Woodwork and furniture from Kagawa, 1個"
3005512,埼玉県産 冷凍餃子 100個,8,112305,惣菜・加工品 / 100個,"Prepared and processed foods from Saitama, 100個"
3005513,愛知県産 レトルトカレー 詰め合わせ 16食,8,232084,惣菜・加工品 / 16食,"Prepared and processed foods from Aichi, 16食"
3005514,五島市産 いくら醤油漬け 250g,2,422118,魚介類・海産物 / 250g,"Seafood from Nagasaki, 250g"
3005515,大阪府産 国産紅茶 50g×4袋,14,272302,茶・コーヒー / 50g×4袋,"Tea and coffee from Osaka, 50g×4袋"
3005516,新潟県産 十割そば 10食,7,152137,麺類 / 10食,"Noodles from Niigata, 10食"
3005517,福島県産 季節限定 生酒 720ml×2本,10,074462,日本酒 / 720ml×2本,"Sake from Fukushima, 720ml×2本"
3005518,那須町産 冷凍餃子 100個,8,094072,惣菜・加工品 / 100個,"Prepared and processed foods from Tochigi, 100個"
3005519,千葉県産 天然水 炭酸水 500ml×24本,15,122076,飲料・ジュース / 500ml×24本,"Beverages and juice from Chiba, 500ml×24本"
3005520,更別村産 豚ロース しゃぶしゃぶ用 800g,1,016390,肉・肉加工品 / 800g,"Meat and meat products from Hokkaido, 800g"
3005521,長崎県産 国産小麦パスタ 10袋,7,423211,麺類 / 10袋,"Noodles from Nagasaki, 10袋"
3005522,岡山県 今治タオル セット 8枚,21,332101,繊維・衣類 / 8枚,"Textiles and apparel from Okayama, 8枚"
3005523,山形県産 味付ジンギスカン 1kg,1,062090,肉・肉加工品 / 1kg,"Meat and meat products from Yamagata, 1kg"
3005524,鹿児島県産 長期貯蔵 麦焼酎 1.8L,11,462063,焼酎・泡盛 / 1.8L,"Shochu and awamori from Kagoshima, 1.8L"
3005525,大阪府産 佃煮 詰め合わせ 5種,8,272302,惣菜・加工品 / 5種,"Prepared and processed foods from Osaka, 5種"
3005526,上郡町産 ジェラート 詰め合わせ 12個,9,284815,菓子・スイーツ / 12個,"Confectionery and sweets from Hyogo, 12個"
3005527,神奈川県産 天然水 炭酸水 500ml×24本,15,142123,飲料・ジュース / 500ml×24本,"Beverages and juice from Kanagawa, 500ml×24本"
3005528,大野城市産 和菓子 詰め合わせ 20個,9,402192,菓子・スイーツ / 20個,"Confectionery and sweets from Fukuoka, 20個"
3005529,沖縄県 胡蝶蘭 鉢植え 1鉢,29,472158,花・観葉植物 / 1鉢,"Flowers and plants from Okinawa, 1鉢"
3005530,福岡県産 国産小麦パスタ 10袋,7,406058,麺類 / 10袋,"Noodles from Fukuoka, 10袋"
3005531,山形県産 ゆめぴりか 精米 10kg,3,062014,米・パン / 10kg,"Rice and bread from Yamagata, 10kg"
3005532,福島県産 季節限定 生酒 720ml×2本,10,072095,日本酒 / 720ml×2本,"Sake from Fukushima, 720ml×2本"
3005533,熊本県産 ベーコン・ソーセージセット 1.2kg,1,435015,肉・肉加工品 / 1.2kg,"Meat and meat products from Kumamoto, 1.2kg"
3005534,五島市産 生ラーメン セット 10食,7,422118,麺類 / 10食,"Noodles from Nagasaki, 10食"
3005535,東京都 クルーズ 乗船券 2名,28,131041,体験・チケット / 2名,"Experiences and tickets from Tokyo, 2名"
3005536,新潟県産 明太子 切子 500g,2,154610,魚介類・海産物 / 500g,"Seafood from Niigata, 500g"
3005537,栃木県産 幸水梨 5kg,4,092088,果物 / 5kg,"Fruit from Tochigi, 5kg"
3005538,山口県産 味付からあげ 2kg,8,355020,惣菜・加工品 / 2kg,"Prepared and processed foods from Yamaguchi, 2kg"
3005539,佐賀県産 豚ロース しゃぶしゃぶ用 1.2kg,1,412082,肉・肉加工品 / 1.2kg,"Meat and meat products from Saga, 1.2kg"
3005540,京都市 打刃物 包丁 2本,18,261009,工芸品・民芸品 / 2本,"Crafts and folk art from Kyoto, 2本"
3005541,富士宮市 国産材 積み木 1式,25,222071,文具・玩具 / 1式,"Stationery and toys from Shizuoka, 1式"
3005542,氷川町産 厚切り牛タン 500g,1,434680,肉・肉加工品 / 500g,"Meat and meat products from Kumamoto, 500g"
3005543,東村産 米焼酎 飲み比べ 720ml×3本,11,473031,焼酎・泡盛 / 720ml×3本,"Shochu and awamori from Okinawa, 720ml×3本"
3005544,愛知県 釣具セット 1式,26,232378,スポーツ・アウトドア / 1式,"Sports and outdoor from Aichi, 1式"
3005545,鹿児島県産 あじ開き 10枚,2,462179,魚介類・海産物 / 10枚,"Seafood from Kagoshima, 10枚"
3005546,埼玉県産 漬物 詰め合わせ 6種,8,112143,惣菜・加工品 / 6種,"Prepared and processed foods from Saitama, 6種"
3005547,七飯町産 ベーコン・ソーセージセット 1.2kg,1,013374,肉・肉加工品 / 1.2kg,"Meat and meat products from Hokkaido, 1.2kg"
3005548,福島県産 純米吟醸 飲み比べ 720ml×3本,10,072133,日本酒 / 720ml×3本,"Sake from Fukushima, 720ml×3本"
3005549,宮城県産 サーモン 刺身用 1kg,2,044458,魚介類・海産物 / 1kg,"Seafood from Miyagi, 1kg"
3005550,茨城県産 米粉パン セット 12個,3,082228,米・パン / 12個,"Rice and bread from Ibaraki, 12個"
3005551,岐阜県 無垢材スツール 1脚,20,215210,木工品・家具 / 1脚,"Woodwork and furniture from Gifu, 1脚"
3005552,青森県産 豚ロース しゃぶしゃぶ用 1.2kg,1,024261,肉・肉加工品 / 1.2kg,"Meat and meat products from Aomori, 1.2kg"
3005553,熊本県産 とうもろこし 20本,5,432113,野菜・きのこ / 20本,"Vegetables and mushrooms from Kumamoto, 20本"
3005554,東京都 炊飯器 1台,24,132284,家電・電化製品 / 1台,"Home appliances from Tokyo, 1台"
3005555,鹿児島県産 米焼酎 飲み比べ 720ml×3本,11,462179,焼酎・泡盛 / 720ml×3本,"Shochu and awamori from Kagoshima, 720ml×3本"
3005556,東京都 トイレットペーパー 72ロール,23,132039,日用品・雑貨 / 72ロール,"Household goods from Tokyo, 72ロール"
3005557,埼玉県産 米粉パン セット 12個,3,112011,米・パン / 12個,"Rice and bread from Saitama, 12個"
3005558,沼田市 木製カッティングボード 2枚,20,102067,木工品・家具 / 2枚,"Woodwork and furniture from Gunma, 2枚"
3005559,北海道産 ずわいがに 脚 800g,2,012211,魚介類・海産物 / 800g,"Seafood from Hokkaido, 800g"
3005560,愛知県産 レトルトカレー 詰め合わせ 10食,8,232190,惣菜・加工品 / 10食,"Prepared and processed foods from Aichi, 10食"
3005561,北海道産 発酵バター 200g×5個,6,016471,卵・乳製品 / 200g×5個,"Eggs and dairy from Hokkaido, 200g×5個"
3005562,大阪府産 レトルトカレー 詰め合わせ 16食,8,273015,惣菜・加工品 / 16食,"Prepared and processed foods from Osaka, 16食"
3005563,香川県産 メロン 秀品 1玉,4,372021,果物 / 1玉,"Fruit from Kagawa, 1玉"
3005564,京都府産 ジェラート 詰め合わせ 12個,9,262137,菓子・スイーツ / 12個,"Confectionery and sweets from Kyoto, 12個"
3005565,野洲市産 つや姫 精米 5kg,3,252107,米・パン / 5kg,"Rice and bread from Shiga, 5kg"
3005566,香川県 木製カッティングボード 2枚,20,374067,木工品・家具 / 2枚,"Woodwork and furniture from Kagawa, 2枚"
3005567,宮城県産 ベーコン・ソーセージセット 1.2kg,1,044229,肉・肉加工品 / 1.2kg,"Meat and meat products from Miyagi, 1.2kg"
3005568,大阪府産 どら焼き 詰め合わせ 20個,9,272086,菓子・スイーツ / 20個,"Confectionery and sweets from Osaka, 20個"
3005569,東京都 包丁研ぎ器 1個,23,132225,日用品・雑貨 / 1個,"Household goods from Tokyo, 1個"
3005570,堺市産 冷凍餃子 50個,8,271403,惣菜・加工品 / 50個,"Prepared and processed foods from Osaka, 50個"
3005571,三重県産 うなぎ蒲焼 5尾,2,244422,魚介類・海産物 / 5尾,"Seafood from Mie, 5尾"
3005572,北海道産 カステラ 詰め合わせ 3本,9,014001,菓子・スイーツ / 3本,"Confectionery and sweets from Hokkaido, 3本"
3005573,函館市産 ジェラート 詰め合わせ 12個,9,012025,菓子・スイーツ / 12個,"Confectionery and sweets from Hokkaido, 12個"
3005574,中津市産 長期貯蔵 麦焼酎 1.8L,11,442038,焼酎・泡盛 / 1.8L,"Shochu and awamori from Oita, 1.8L"
3005575,境港市産 ハンバーグ 詰め合わせ 20個,1,312045,肉・肉加工品 / 20個,"Meat and meat products from Tottori, 20個"
3005576,北海道産 平飼いたまご 30個,6,016683,卵・乳製品 / 30個,"Eggs and dairy from Hokkaido, 30個"
3005577,山形県産 ハンバーグ 詰め合わせ 15個,1,062090,肉・肉加工品 / 15個,"Meat and meat products from Yamagata, 15個"
3005578,青森県 電気ケトル 1台,24,022098,家電・電化製品 / 1台,"Home appliances from Aomori, 1台"
3005579,和歌山県産 完熟マンゴー 2kg,4,302040,果物 / 2kg,"Fruit from Wakayama, 2kg"
3005580,知内町産 厚切り牛タン 500g,1,013331,肉・肉加工品 / 500g,"Meat and meat products from Hokkaido, 500g"
3005581,福岡県産 半生讃岐うどん 12食,7,402061,麺類 / 12食,"Noodles from Fukuoka, 12食"
3005582,犬山市産 味付からあげ 1kg,8,232157,惣菜・加工品 / 1kg,"Prepared and processed foods from Aichi, 1kg"
3005583,埼玉県産 レトルトカレー 詰め合わせ 16食,8,112356,惣菜・加工品 / 16食,"Prepared and processed foods from Saitama, 16食"
3005584,沖縄県産 ずわいがに 脚 800g,2,473553,魚介類・海産物 / 800g,"Seafood from Okinawa, 800g"
3005585,高知県産 だしパック 60袋,16,392081,調味料・油 / 60袋,"Seasonings and oils from Kochi, 60袋"
3005586,北海道 木製食器セット 4点,20,014281,木工品・家具 / 4点,"Woodwork and furniture from Hokkaido, 4点"
3005587,山梨県 観葉植物 1鉢,29,193461,花・観葉植物 / 1鉢,"Flowers and plants from Yamanashi, 1鉢"
3005588,福津市産 十割そば 16食,7,402249,麺類 / 16食,"Noodles from Fukuoka, 16食"
3005589,佐渡市産 明太子 切子 500g,2,152242,魚介類・海産物 / 500g,"Seafood from Niigata, 500g"
3005590,千葉県産 スモーク鴨ロース 400g,1,122360,肉・肉加工品 / 400g,"Meat and meat products from Chiba, 400g"
3005591,鳥取県産 ボイル毛がに 2尾,2,313025,魚介類・海産物 / 2尾,"Seafood from Tottori, 2尾"
3005592,土佐市産 長期貯蔵 麦焼酎 1.8L,11,392057,焼酎・泡盛 / 1.8L,"Shochu and awamori from Kochi, 1.8L"
3005593,青森県産 スモーク鴨ロース 400g,1,024414,肉・肉加工品 / 400g,"Meat and meat products from Aomori, 400g"
3005594,長野県産 とうもろこし 20本,5,204463,野菜・きのこ / 20本,"Vegetables and mushrooms from Nagano, 20本"
3005595,登別市産 男爵じゃがいも 20kg,5,012301,野菜・きのこ / 20kg,"Vegetables and mushrooms from Hokkaido, 20kg"
3005596,福岡県産 チーズケーキ 2台,9,402109,菓子・スイーツ / 2台,"Confectionery and sweets from Fukuoka, 2台"
3005597,上郡町 季節の花束 1束,29,284815,花・観葉植物 / 1束,"Flowers and plants from Hyogo, 1束"
3005598,熊本県産 乾燥しいたけ 500g,5,434248,野菜・きのこ / 500g,"Vegetables and mushrooms from Kumamoto, 500g"
3005599,群馬県産 味付からあげ 2kg,8,102083,惣菜・加工品 / 2kg,"Prepared and processed foods from Gunma, 2kg"
3005600,香川県産 十割そば 16食,7,372056,麺類 / 16食,"Noodles from Kagawa, 16食"
3005601,能代市産 味付ジンギスカン 1kg,1,052027,肉・肉加工品 / 1kg,"Meat and meat products from Akita, 1kg"
3005602,北海道産 生うに 100g,2,013919,魚介類・海産物 / 100g,"Seafood from Hokkaido, 100g"
3005603,群馬県産 季節の野菜 詰め合わせ 10品目,5,102024,野菜・きのこ / 10品目,"Vegetables and mushrooms from Gunma, 10品目"
3005604,川西市産 スモーク鴨ロース 600g,1,282171,肉・肉加工品 / 600g,"Meat and meat products from Hyogo, 600g"
3005605,福井県産 純米大吟醸 720ml,10,182052,日本酒 / 720ml,"Sake from Fukui, 720ml"
3005606,兵庫県産 純米大吟醸 720ml×2本,10,282138,日本酒 / 720ml×2本,"Sake from Hyogo, 720ml×2本"
3005607,青森県産 真鯛 フィレ 1kg,2,022071,魚介類・海産物 / 1kg,"Seafood from Aomori, 1kg"
3005608,埼玉県産 味付からあげ 1kg,8,114642,惣菜・加工品 / 1kg,"Prepared and processed foods from Saitama, 1kg"
3005609,長万部町産 とうもろこし 20本,5,013471,野菜・きのこ / 20本,"Vegetables and mushrooms from Hokkaido, 20本"
3005610,静岡県産 佃煮 詰め合わせ 5種,8,222151,惣菜・加工品 / 5種,"Prepared and processed foods from Shizuoka, 5種"
3005611,福島県産 紅はるか さつまいも 5kg,5,073644,野菜・きのこ / 5kg,"Vegetables and mushrooms from Fukushima, 5kg"
3005612,渡名喜村産 うなぎ蒲焼 5尾,2,473561,魚介類・海産物 / 5尾,"Seafood from Okinawa, 5尾"
3005613,興部町産 飲むヨーグルト 900ml×6本,6,015610,卵・乳製品 / 900ml×6本,"Eggs and dairy from Hokkaido, 900ml×6本"
3005614,長野県産 高糖度トマト 3kg,5,202142,野菜・きのこ / 3kg,"Vegetables and mushrooms from Nagano, 3kg"
3005615,沖縄県 温泉旅館 ペア宿泊券 1泊2食付,27,472018,旅行券・宿泊券 / 1泊2食付,"Travel and accommodation vouchers from Okinawa, 1泊2食付"
3005616,鹿児島県産 黒毛和牛 切り落とし 500g,1,462152,肉・肉加工品 / 500g,"Meat and meat products from Kagoshima, 500g"
3005617,大阪府産 レトルトカレー 詰め合わせ 16食,8,272132,惣菜・加工品 / 16食,"Prepared and processed foods from Osaka, 16食"
3005618,千葉県産 紅はるか さつまいも 10kg,5,122319,野菜・きのこ / 10kg,"Vegetables and mushrooms from Chiba, 10kg"
3005619,"鴻巣市 観光施設 利用券 10,000円分",27,112178,"旅行券・宿泊券 / 10,000円分","Travel and accommodation vouchers from Saitama, 10,000円分"
3005620,西東京市産 プリン 詰め合わせ 8個,9,132292,菓子・スイーツ / 8個,"Confectionery and sweets from Tokyo, 8個"
3005621,南風原町 温泉旅館 ペア宿泊券 1泊2食付,27,473502,旅行券・宿泊券 / 1泊2食付,"Travel and accommodation vouchers from Okinawa, 1泊2食付"
3005622,千葉県産 ベーコン・ソーセージセット 1.2kg,1,124265,肉・肉加工品 / 1.2kg,"Meat and meat products from Chiba, 1.2kg"
3005623,愛知県 デニムジーンズ 1本,21,234249,繊維・衣類 / 1本,"Textiles and apparel from Aichi, 1本"
3005624,秋田県産 ハンバーグ 詰め合わせ 15個,1,053660,肉・肉加工品 / 15個,"Meat and meat products from Akita, 15個"
3005625,群馬県産 厚切り牛タン 500g,1,102091,肉・肉加工品 / 500g,"Meat and meat products from Gunma, 500g"
3005626,秋田県産 純米吟醸 飲み比べ 720ml×3本,10,053635,日本酒 / 720ml×3本,"Sake from Akita, 720ml×3本"
3005627,熱海市産 レトルトカレー 詰め合わせ 16食,8,222054,惣菜・加工品 / 16食,"Prepared and processed foods from Shizuoka, 16食"
3005628,大阪府 トイレットペーパー 72ロール,23,272329,日用品・雑貨 / 72ロール,"Household goods from Osaka, 72ロール"
3005629,山口県 陶芸 体験チケット 2名,28,352039,体験・チケット / 2名,"Experiences and tickets from Yamaguchi, 2名"
3005630,鹿児島県 温泉旅館 ペア宿泊券 1泊2食付,27,464821,旅行券・宿泊券 / 1泊2食付,"Travel and accommodation vouchers from Kagoshima, 1泊2食付"
3005631,新潟県産 干物 詰め合わせ 8枚,2,152226,魚介類・海産物 / 8枚,"Seafood from Niigata, 8枚"
3005632,福岡県産 味付ジンギスカン 1kg,1,402265,肉・肉加工品 / 1kg,"Meat and meat products from Fukuoka, 1kg"
3005633,神奈川県産 自家焙煎コーヒー豆 200g×3袋,14,144011,茶・コーヒー / 200g×3袋,"Tea and coffee from Kanagawa, 200g×3袋"
3005634,栃木県産 国産紅茶 50g×4袋,14,092037,茶・コーヒー / 50g×4袋,"Tea and coffee from Tochigi, 50g×4袋"
3005635,鳥取県産 ずわいがに 脚 800g,2,312029,魚介類・海産物 / 800g,"Seafood from Tottori, 800g"
3005636,島根県産 特別栽培米 玄米 10kg,3,322059,米・パン / 10kg,"Rice and bread from Shimane, 10kg"
3005637,戸田市産 プリン 詰め合わせ 8個,9,112241,菓子・スイーツ / 8個,"Confectionery and sweets from Saitama, 8個"
3005638,三重県産 バウムクーヘン 4個,9,242101,菓子・スイーツ / 4個,"Confectionery and sweets from Mie, 4個"
3005639,愛知県産 プリン 詰め合わせ 8個,9,232335,菓子・スイーツ / 8個,"Confectionery and sweets from Aichi, 8個"
3005640,高知県産 乾燥しいたけ 300g,5,392111,野菜・きのこ / 300g,"Vegetables and mushrooms from Kochi, 300g"
3005641,長崎県 曲げわっぱ弁当箱 1個,20,422088,木工品・家具 / 1個,"Woodwork and furniture from Nagasaki, 1個"
3005642,東京都産 和菓子 詰め合わせ 20個,9,134023,菓子・スイーツ / 20個,"Confectionery and sweets from Tokyo, 20個"
3005643,長野県産 辛口 白ワイン 750ml×2本,13,204021,ワイン / 750ml×2本,"Wine from Nagano, 750ml×2本"
3005644,大分県産 佃煮 詰め合わせ 5種,8,442143,惣菜・加工品 / 5種,"Prepared and processed foods from Oita, 5種"
3005645,石川県産 季節限定 生酒 720ml×2本,10,172103,日本酒 / 720ml×2本,"Sake from Ishikawa, 720ml×2本"
3005646,京都府 和紙 便箋セット 1式,18,263036,工芸品・民芸品 / 1式,"Crafts and folk art from Kyoto, 1式"
3005647,高知県 木製カッティングボード 1枚,20,392022,木工品・家具 / 1枚,"Woodwork and furniture from Kochi, 1枚"
3005648,"神奈川県 宿泊利用券 50,000円分",27,142166,"旅行券・宿泊券 / 50,000円分","Travel and accommodation vouchers from Kanagawa, 50,000円分"
3005649,青森県産 厚切り牛タン 500g,1,023035,肉・肉加工品 / 500g,"Meat and meat products from Aomori, 500g"
3005650,茨城県産 あきたこまち 精米 5kg,3,082074,米・パン / 5kg,"Rice and bread from Ibaraki, 5kg"
3005651,群馬県産 レトルトカレー 詰め合わせ 10食,8,102067,惣菜・加工品 / 10食,"Prepared and processed foods from Gunma, 10食"
3005652,府中市産 特別純米酒 720ml×2本,10,342084,日本酒 / 720ml×2本,"Sake from Hiroshima, 720ml×2本"
3005653,佐賀市産 本格芋焼酎 1.8L,11,412015,焼酎・泡盛 / 1.8L,"Shochu and awamori from Saga, 1.8L"
3005654,橿原市 今治タオル セット 8枚,21,292052,繊維・衣類 / 8枚,"Textiles and apparel from Nara, 8枚"
3005655,那須町産 自家焙煎コーヒー豆 200g×3袋,14,094072,茶・コーヒー / 200g×3袋,"Tea and coffee from Tochigi, 200g×3袋"
3005656,宮崎県産 ハンバーグ 詰め合わせ 10個,1,452017,肉・肉加工品 / 10個,"Meat and meat products from Miyazaki, 10個"
3005657,赤平市産 飲むヨーグルト 900ml×12本,6,012181,卵・乳製品 / 900ml×12本,"Eggs and dairy from Hokkaido, 900ml×12本"
3005658,島根県産 うなぎ蒲焼 2尾,2,323438,魚介類・海産物 / 2尾,"Seafood from Shimane, 2尾"
3005659,筑紫野市産 和菓子 詰め合わせ 20個,9,402176,菓子・スイーツ / 20個,"Confectionery and sweets from Fukuoka, 20個"
3005660,大分県 温泉旅館 ペア宿泊券 1泊2食付,27,442020,旅行券・宿泊券 / 1泊2食付,"Travel and accommodation vouchers from Oita, 1泊2食付"
3005661,岐阜県 無垢材スツール 1脚,20,214043,木工品・家具 / 1脚,"Woodwork and furniture from Gifu, 1脚"
3005662,広島県産 季節限定 生酒 720ml×2本,10,344311,日本酒 / 720ml×2本,"Sake from Hiroshima, 720ml×2本"
3005663,"沖縄県 宿泊利用券 30,000円分",27,473065,"旅行券・宿泊券 / 30,000円分","Travel and accommodation vouchers from Okinawa, 30,000円分"
3005664,徳島県 登山用リュック 1個,26,363014,スポーツ・アウトドア / 1個,"Sports and outdoor from Tokushima, 1個"
3005665,福島県産 乾燥しいたけ 500g,5,072079,野菜・きのこ / 500g,"Vegetables and mushrooms from Fukushima, 500g"
3005666,平群町産 ドリップコーヒー 50袋,14,293423,茶・コーヒー / 50袋,"Tea and coffee from Nara, 50袋"
3005667,大分県産 スモーク鴨ロース 600g,1,442101,肉・肉加工品 / 600g,"Meat and meat products from Oita, 600g"
3005668,伯耆町産 のどぐろ 干物 5枚,2,313904,魚介類・海産物 / 5枚,"Seafood from Tottori, 5枚"
3005669,福井県 磁器 湯呑 2客,19,182052,陶磁器・ガラス / 2客,"Ceramics and glassware from Fukui, 2客"
3005670,岡山県産 シャインマスカット 2房,4,332101,果物 / 2房,"Fruit from Okayama, 2房"
3005671,北海道産 煎茶 詰め合わせ 100g×3袋,14,013439,茶・コーヒー / 100g×3袋,"Tea and coffee from Hokkaido, 100g×3袋"
3005672,宮崎県産 和牛 焼肉セット 1kg,1,452076,肉・肉加工品 / 1kg,"Meat and meat products from Miyazaki, 1kg"
3005673,花巻市産 真鯛 フィレ 1kg,2,032051,魚介類・海産物 / 1kg,"Seafood from Iwate, 1kg"
3005674,上天草市産 完熟マンゴー 2kg,4,432121,果物 / 2kg,"Fruit from Kumamoto, 2kg"
3005675,上士幌町産 生乳100%牛乳 1L×12本,6,016331,卵・乳製品 / 1L×12本,"Eggs and dairy from Hokkaido, 1L×12本"
3005676,栃木県産 あまおういちご 540g,4,092118,果物 / 540g,"Fruit from Tochigi, 540g"
3005677,北海道産 サーモン 刺身用 600g,2,014575,魚介類・海産物 / 600g,"Seafood from Hokkaido, 600g"
3005678,山形県 釣具セット 1式,26,062138,スポーツ・アウトドア / 1式,"Sports and outdoor from Yamagata, 1式"
3005679,荒尾市 入浴剤 詰め合わせ 30回分,22,432041,化粧品・美容 / 30回分,"Cosmetics and beauty from Kumamoto, 30回分"
3005680,佐久市産 半生讃岐うどん 12食,7,202177,麺類 / 12食,"Noodles from Nagano, 12食"
3005681,福島県産 季節限定 生酒 720ml×2本,10,072133,日本酒 / 720ml×2本,"Sake from Fukushima, 720ml×2本"
3005682,大阪府産 バウムクーヘン 2個,9,272159,菓子・スイーツ / 2個,"Confectionery and sweets from Osaka, 2個"
3005683,長野県産 さくらんぼ 佐藤錦 500g,4,203068,果物 / 500g,"Fruit from Nagano, 500g"
3005684,佐賀県 直火用 土鍋 1個,19,414239,陶磁器・ガラス / 1個,"Ceramics and glassware from Saga, 1個"
3005685,栃木県産 生乳100%牛乳 1L×12本,6,092053,卵・乳製品 / 1L×12本,"Eggs and dairy from Tochigi, 1L×12本"
3005686,三重県産 和菓子 詰め合わせ 20個,9,242110,菓子・スイーツ / 20個,"Confectionery and sweets from Mie, 20個"
3005687,茨城県産 漬物 詰め合わせ 6種,8,082317,惣菜・加工品 / 6種,"Prepared and processed foods from Ibaraki, 6種"
3005688,静岡県産 抹茶 詰め合わせ 30g×3缶,14,222224,茶・コーヒー / 30g×3缶,"Tea and coffee from Shizuoka, 30g×3缶"
3005689,北海道産 乾燥しいたけ 300g,5,012181,野菜・きのこ / 300g,"Vegetables and mushrooms from Hokkaido, 300g"
3005690,長野県 登山用リュック 1個,26,203076,スポーツ・アウトドア / 1個,"Sports and outdoor from Nagano, 1個"
3005691,富山県産 季節限定 生酒 720ml×2本,10,162094,日本酒 / 720ml×2本,"Sake from Toyama, 720ml×2本"
3005692,宮古市産 稲庭うどん 800g,7,032026,麺類 / 800g,"Noodles from Iwate, 800g"
3005693,北海道産 チーズケーキ 2台,9,014567,菓子・スイーツ / 2台,"Confectionery and sweets from Hokkaido, 2台"
3005694,沖縄県産 生うに 100g,2,473081,魚介類・海産物 / 100g,"Seafood from Okinawa, 100g"
3005695,台東区 包丁研ぎ器 1個,23,131067,日用品・雑貨 / 1個,"Household goods from Tokyo, 1個"
3005696,高砂市 木製パズル 1点,25,282162,文具・玩具 / 1点,"Stationery and toys from Hyogo, 1点"
3005697,島根県産 ボイル毛がに 2尾,2,322016,魚介類・海産物 / 2尾,"Seafood from Shimane, 2尾"
3005698,芦別市 曲げわっぱ弁当箱 1個,20,012165,木工品・家具 / 1個,"Woodwork and furniture from Hokkaido, 1個"
3005699,鳥取県 自転車用品セット 1式,26,313866,スポーツ・アウトドア / 1式,"Sports and outdoor from Tottori, 1式"
3005700,三重県産 プリン 詰め合わせ 12個,9,242128,菓子・スイーツ / 12個,"Confectionery and sweets from Mie, 12個"
3005701,山形県産 あまおういちご 1080g,4,062014,果物 / 1080g,"Fruit from Yamagata, 1080g"
3005702,山形県産 黒毛和牛 サーロインステーキ 150g×3枚,1,062031,肉・肉加工品 / 150g×3枚,"Meat and meat products from Yamagata, 150g×3枚"
3005703,埼玉県産 燻製 詰め合わせ 8種,8,112321,惣菜・加工品 / 8種,"Prepared and processed foods from Saitama, 8種"
3005704,愛知県 綿100% 寝具カバー 1式,21,232297,繊維・衣類 / 1式,"Textiles and apparel from Aichi, 1式"
3005705,群馬県産 生ラーメン セット 10食,7,104248,麺類 / 10食,"Noodles from Gunma, 10食"
3005706,東京都 自転車用品セット 1式,26,131067,スポーツ・アウトドア / 1式,"Sports and outdoor from Tokyo, 1式"
3005707,富山県産 うなぎ蒲焼 5尾,2,162086,魚介類・海産物 / 5尾,"Seafood from Toyama, 5尾"
3005708,見附市産 国産小麦パスタ 10袋,7,152111,麺類 / 10袋,"Noodles from Niigata, 10袋"
3005709,南陽市産 燻製 詰め合わせ 8種,8,062138,惣菜・加工品 / 8種,"Prepared and processed foods from Yamagata, 8種"
3005710,山形県産 純米吟醸 飲み比べ 720ml×3本,10,062031,日本酒 / 720ml×3本,"Sake from Yamagata, 720ml×3本"
3005711,富山県産 コシヒカリ 精米 20kg,3,163210,米・パン / 20kg,"Rice and bread from Toyama, 20kg"
3005712,山梨県産 冷凍スムージー 12本,15,192058,飲料・ジュース / 12本,"Beverages and juice from Yamanashi, 12本"
3005713,宇都宮市産 漬物 詰め合わせ 10種,8,092011,惣菜・加工品 / 10種,"Prepared and processed foods from Tochigi, 10種"
3005714,益田市産 食パン 詰め合わせ 5斤,3,322041,米・パン / 5斤,"Rice and bread from Shimane, 5斤"
3005715,沖縄県産 本格芋焼酎 900ml×2本,11,472131,焼酎・泡盛 / 900ml×2本,"Shochu and awamori from Okinawa, 900ml×2本"
3005716,にかほ市産 米粉パン セット 12個,3,052141,米・パン / 12個,"Rice and bread from Akita, 12個"
3005717,長崎県産 ジェラート 詰め合わせ 12個,9,422134,菓子・スイーツ / 12個,"Confectionery and sweets from Nagasaki, 12個"
3005718,鳥羽市 米 定期便 10kg×6回,17,242110,定期便 / 10kg×6回,"Subscription deliveries from Mie, 10kg×6回"
3005719,三重県産 ハンバーグ 詰め合わせ 15個,1,243418,肉・肉加工品 / 15個,"Meat and meat products from Mie, 15個"
3005720,宮崎県 万年筆 1本,25,452076,文具・玩具 / 1本,"Stationery and toys from Miyazaki, 1本"
3005721,神奈川県産 バウムクーヘン 2個,9,142069,菓子・スイーツ / 2個,"Confectionery and sweets from Kanagawa, 2個"
3005722,島根県産 ベーコン・ソーセージセット 1.2kg,1,322016,肉・肉加工品 / 1.2kg,"Meat and meat products from Shimane, 1.2kg"
3005723,神奈川県 温泉旅館 ペア宿泊券 1泊2食付,27,141003,旅行券・宿泊券 / 1泊2食付,"Travel and accommodation vouchers from Kanagawa, 1泊2食付"
3005724,山梨県産 天然水 炭酸水 500ml×48本,15,192074,飲料・ジュース / 500ml×48本,"Beverages and juice from Yamanashi, 500ml×48本"
3005725,東京都 包丁研ぎ器 1個,23,132098,日用品・雑貨 / 1個,"Household goods from Tokyo, 1個"
3005726,兵庫県 登山用リュック 1個,26,284424,スポーツ・アウトドア / 1個,"Sports and outdoor from Hyogo, 1個"
3005727,宮崎県 木製カッティングボード 2枚,20,452041,木工品・家具 / 2枚,"Woodwork and furniture from Miyazaki, 2枚"
3005728,東京都 木製パズル 1点,25,133612,文具・玩具 / 1点,"Stationery and toys from Tokyo, 1点"
3005729,仁淀川町産 えごま油・亜麻仁油 180g×2本,16,393878,調味料・油 / 180g×2本,"Seasonings and oils from Kochi, 180g×2本"
3005730,北海道産 発酵バター 200g×3個,6,014613,卵・乳製品 / 200g×3個,"Eggs and dairy from Hokkaido, 200g×3個"
3005731,豊後大野市産 天然水 2L×24本,15,442127,飲料・ジュース / 2L×24本,"Beverages and juice from Oita, 2L×24本"
3005732,三重県産 プリン 詰め合わせ 8個,9,244414,菓子・スイーツ / 8個,"Confectionery and sweets from Mie, 8個"
3005733,三重県産 ハンバーグ 詰め合わせ 15個,1,242144,肉・肉加工品 / 15個,"Meat and meat products from Mie, 15個"
3005734,大阪府 タオル 詰め合わせ 10枚,23,272329,日用品・雑貨 / 10枚,"Household goods from Osaka, 10枚"
3005735,北海道産 どら焼き 詰め合わせ 12個,9,012122,菓子・スイーツ / 12個,"Confectionery and sweets from Hokkaido, 12個"
3005736,玉川村産 富有柿 5kg,4,075027,果物 / 5kg,"Fruit from Fukushima, 5kg"
3005737,福岡県産 うなぎ蒲焼 5尾,2,403423,魚介類・海産物 / 5尾,"Seafood from Fukuoka, 5尾"
3005738,岩手県産 ボイル毛がに 2尾,2,032026,魚介類・海産物 / 2尾,"Seafood from Iwate, 2尾"
3005739,茨城県産 アスパラガス 2kg,5,082104,野菜・きのこ / 2kg,"Vegetables and mushrooms from Ibaraki, 2kg"
3005740,宮城県産 うなぎ蒲焼 2尾,2,042081,魚介類・海産物 / 2尾,"Seafood from Miyagi, 2尾"
3005741,三重県産 プリン 詰め合わせ 12個,9,245615,菓子・スイーツ / 12個,"Confectionery and sweets from Mie, 12個"
3005742,神奈川県産 カステラ 詰め合わせ 3本,9,142042,菓子・スイーツ / 3本,"Confectionery and sweets from Kanagawa, 3本"
3005743,兵庫県産 プリン 詰め合わせ 12個,9,282138,菓子・スイーツ / 12個,"Confectionery and sweets from Hyogo, 12個"
3005744,猪名川町産 どら焼き 詰め合わせ 12個,9,283011,菓子・スイーツ / 12個,"Confectionery and sweets from Hyogo, 12個"
3005745,山形県産 特別純米酒 720ml×2本,10,062073,日本酒 / 720ml×2本,"Sake from Yamagata, 720ml×2本"
3005746,福岡県産 銘柄鶏 もも肉 2kg,1,402192,肉・肉加工品 / 2kg,"Meat and meat products from Fukuoka, 2kg"
3005747,涌谷町産 黒毛和牛 切り落とし 1kg,1,045012,肉・肉加工品 / 1kg,"Meat and meat products from Miyagi, 1kg"
3005748,玉川村産 富有柿 5kg,4,075027,果物 / 5kg,"Fruit from Fukushima, 5kg"
3005749,群馬県産 男爵じゃがいも 20kg,5,102067,野菜・きのこ / 20kg,"Vegetables and mushrooms from Gunma, 20kg"
3005750,中川村産 国産小麦パスタ 10袋,7,203866,麺類 / 10袋,"Noodles from Nagano, 10袋"
3005751,富山県産 のどぐろ 干物 5枚,2,162051,魚介類・海産物 / 5枚,"Seafood from Toyama, 5枚"
3005752,福島県産 純米大吟醸 1.8L,10,073628,日本酒 / 1.8L,"Sake from Fukushima, 1.8L"
3005753,太宰府市 磁器 湯呑 5客,19,402214,陶磁器・ガラス / 5客,"Ceramics and glassware from Fukuoka, 5客"
3005754,吉川市産 味噌 詰め合わせ 1kg×3個,16,112437,調味料・油 / 1kg×3個,"Seasonings and oils from Saitama, 1kg×3個"
3005755,国分寺市 ノート 詰め合わせ 10冊,25,132144,文具・玩具 / 10冊,"Stationery and toys from Tokyo, 10冊"
3005756,岐阜県 竹細工かご 1点,18,214213,工芸品・民芸品 / 1点,"Crafts and folk art from Gifu, 1点"
3005757,静岡県産 冷凍餃子 50個,8,222119,惣菜・加工品 / 50個,"Prepared and processed foods from Shizuoka, 50個"
3005758,長井市産 あきたこまち 精米 10kg,3,062090,米・パン / 10kg,"Rice and bread from Yamagata, 10kg"
3005759,練馬区産 チーズケーキ 2台,9,131202,菓子・スイーツ / 2台,"Confectionery and sweets from Tokyo, 2台"
3005760,愛媛県 直火用 土鍋 1個,19,382051,陶磁器・ガラス / 1個,"Ceramics and glassware from Ehime, 1個"
3005761,足利市産 アイスクリーム 詰め合わせ 12個,6,092029,卵・乳製品 / 12個,"Eggs and dairy from Tochigi, 12個"
3005762,大阪府 洗剤 詰め合わせ 1式,23,272311,日用品・雑貨 / 1式,"Household goods from Osaka, 1式"
3005763,愛媛県 靴下 詰め合わせ 10足,21,382043,繊維・衣類 / 10足,"Textiles and apparel from Ehime, 10足"
3005764,宮城県産 佃煮 詰め合わせ 5種,8,042111,惣菜・加工品 / 5種,"Prepared and processed foods from Miyagi, 5種"
3005765,白山市産 特別純米酒 1.8L,10,172103,日本酒 / 1.8L,"Sake from Ishikawa, 1.8L"
3005766,埼玉県産 冷凍餃子 50個,8,112321,惣菜・加工品 / 50個,"Prepared and processed foods from Saitama, 50個"
3005767,鳥取県産 富有柿 5kg,4,314021,果物 / 5kg,"Fruit from Tottori, 5kg"
3005768,兵庫県産 豚ロース しゃぶしゃぶ用 1.2kg,1,282294,肉・肉加工品 / 1.2kg,"Meat and meat products from Hyogo, 1.2kg"
3005769,三宅村 酒蔵見学・試飲 2名,28,133817,体験・チケット / 2名,"Experiences and tickets from Tokyo, 2名"
3005770,新潟県産 稲庭うどん 1.2kg,7,151009,麺類 / 1.2kg,"Noodles from Niigata, 1.2kg"
3005771,京都府産 カステラ 詰め合わせ 2本,9,262030,菓子・スイーツ / 2本,"Confectionery and sweets from Kyoto, 2本"
3005772,広島県産 漬物 詰め合わせ 6種,8,342122,惣菜・加工品 / 6種,"Prepared and processed foods from Hiroshima, 6種"
3005773,市貝町 直火用 土鍋 1個,19,093441,陶磁器・ガラス / 1個,"Ceramics and glassware from Tochigi, 1個"
3005774,千葉県産 冷凍スムージー 12本,15,122351,飲料・ジュース / 12本,"Beverages and juice from Chiba, 12本"
3005775,山形県産 季節限定 生酒 720ml×2本,10,063649,日本酒 / 720ml×2本,"Sake from Yamagata, 720ml×2本"
3005776,神奈川県 温泉旅館 ペア宿泊券 1泊2食付,27,141003,旅行券・宿泊券 / 1泊2食付,"Travel and accommodation vouchers from Kanagawa, 1泊2食付"
3005777,涌谷町 竹細工かご 1点,18,045012,工芸品・民芸品 / 1点,"Crafts and folk art from Miyagi, 1点"
3005778,山梨県産 天然水 炭酸水 500ml×24本,15,192066,飲料・ジュース / 500ml×24本,"Beverages and juice from Yamanashi, 500ml×24本"
3005779,相馬市産 さくらんぼ 佐藤錦 500g,4,072095,果物 / 500g,"Fruit from Fukushima, 500g"
3005780,大桑村産 稲庭うどん 800g,7,204307,麺類 / 800g,"Noodles from Nagano, 800g"
3005781,埼玉県産 ドリップコーヒー 50袋,14,112224,茶・コーヒー / 50袋,"Tea and coffee from Saitama, 50袋"
3005782,北海道産 黒毛和牛 切り落とし 1.5kg,1,016390,肉・肉加工品 / 1.5kg,"Meat and meat products from Hokkaido, 1.5kg"
3005783,埼玉県産 煎茶 詰め合わせ 100g×5袋,14,112461,茶・コーヒー / 100g×5袋,"Tea and coffee from Saitama, 100g×5袋"
3005784,神奈川県 包丁研ぎ器 1個,23,142166,日用品・雑貨 / 1個,"Household goods from Kanagawa, 1個"
3005785,北海道 自転車用品セット 1式,26,015865,スポーツ・アウトドア / 1式,"Sports and outdoor from Hokkaido, 1式"
3005786,青森県産 いくら醤油漬け 500g,2,023841,魚介類・海産物 / 500g,"Seafood from Aomori, 500g"
3005787,大衡村産 コシヒカリ 精米 5kg,3,044245,米・パン / 5kg,"Rice and bread from Miyagi, 5kg"
3005788,北海道産 黒毛和牛 切り落とし 500g,1,014346,肉・肉加工品 / 500g,"Meat and meat products from Hokkaido, 500g"
3005789,宮城県産 豚ロース しゃぶしゃぶ用 800g,1,043419,肉・肉加工品 / 800g,"Meat and meat products from Miyagi, 800g"
3005790,仙台市産 燻製 詰め合わせ 8種,8,041009,惣菜・加工品 / 8種,"Prepared and processed foods from Miyagi, 8種"
3005791,栃木県産 ハンバーグ 詰め合わせ 20個,1,093424,肉・肉加工品 / 20個,"Meat and meat products from Tochigi, 20個"
3005792,東栄町産 漬物 詰め合わせ 10種,8,235628,惣菜・加工品 / 10種,"Prepared and processed foods from Aichi, 10種"
3005793,福井県産 季節限定 生酒 720ml×2本,10,184837,日本酒 / 720ml×2本,"Sake from Fukui, 720ml×2本"
3005794,沼津市産 シャインマスカット 4房,4,222038,果物 / 4房,"Fruit from Shizuoka, 4房"
3005795,兵庫県産 ずわいがに 脚 1.2kg,2,283827,魚介類・海産物 / 1.2kg,"Seafood from Hyogo, 1.2kg"
3005796,福岡県産 生うに 100g,2,402036,魚介類・海産物 / 100g,"Seafood from Fukuoka, 100g"
3005797,奈良県産 幸水梨 5kg,4,294276,果物 / 5kg,"Fruit from Nara, 5kg"
3005798,兵庫県産 純米吟醸 飲み比べ 720ml×3本,10,282294,日本酒 / 720ml×3本,"Sake from Hyogo, 720ml×3本"
3005799,鳥取県産 ずわいがに 脚 1.2kg,2,312029,魚介類・海産物 / 1.2kg,"Seafood from Tottori, 1.2kg"
3005800,半田市産 佃煮 詰め合わせ 5種,8,232050,惣菜・加工品 / 5種,"Prepared and processed foods from Aichi, 5種"
3005801,高知県 木製食器セット 4点,20,394122,木工品・家具 / 4点,"Woodwork and furniture from Kochi, 4点"
3005802,京都府 竹細工かご 1点,18,262145,工芸品・民芸品 / 1点,"Crafts and folk art from Kyoto, 1点"
3005803,福岡県産 黒毛和牛 サーロインステーキ 400g,1,402028,肉・肉加工品 / 400g,"Meat and meat products from Fukuoka, 400g"
3005804,長野県産 幸水梨 7kg,4,202100,果物 / 7kg,"Fruit from Nagano, 7kg"
3005805,"大分県 観光施設 利用券 5,000円分",27,442143,"旅行券・宿泊券 / 5,000円分","Travel and accommodation vouchers from Oita, 5,000円分"
3005806,和歌山県産 天然水 2L×12本,15,303828,飲料・ジュース / 2L×12本,"Beverages and juice from Wakayama, 2L×12本"
3005807,長崎県産 和菓子 詰め合わせ 20個,9,423211,菓子・スイーツ / 20個,"Confectionery and sweets from Nagasaki, 20個"
3005808,茨城県産 味付ジンギスカン 1kg,1,082023,肉・肉加工品 / 1kg,"Meat and meat products from Ibaraki, 1kg"
3005809,対馬市産 銘柄鶏 もも肉 4kg,1,422096,肉・肉加工品 / 4kg,"Meat and meat products from Nagasaki, 4kg"
3005810,おおい町 磁器 湯呑 2客,19,184837,陶磁器・ガラス / 2客,"Ceramics and glassware from Fukui, 2客"
3005811,栃木県産 豚ロース しゃぶしゃぶ用 800g,1,093017,肉・肉加工品 / 800g,"Meat and meat products from Tochigi, 800g"
3005812,神奈川県 タオル 詰め合わせ 10枚,23,142131,日用品・雑貨 / 10枚,"Household goods from Kanagawa, 10枚"
3005813,山梨県 竹細工かご 1点,18,192074,工芸品・民芸品 / 1点,"Crafts and folk art from Yamanashi, 1点"
3005814,高知県 ペット用おやつ 詰め合わせ 10袋,30,392120,ペット用品 / 10袋,"Pet supplies from Kochi, 10袋"
3005815,熊本県産 味付ジンギスカン 1kg,1,432024,肉・肉加工品 / 1kg,"Meat and meat products from Kumamoto, 1kg"
3005816,福島県産 アスパラガス 2kg,5,074454,野菜・きのこ / 2kg,"Vegetables and mushrooms from Fukushima, 2kg"
3005817,大阪府産 プリン 詰め合わせ 8個,9,273619,菓子・スイーツ / 8個,"Confectionery and sweets from Osaka, 8個"
3005818,愛知県 靴下 詰め合わせ 10足,21,232131,繊維・衣類 / 10足,"Textiles and apparel from Aichi, 10足"
3005819,秋田県 ペットベッド 1個,30,053481,ペット用品 / 1個,"Pet supplies from Akita, 1個"
3005820,埼玉県産 ジェラート 詰め合わせ 12個,9,112224,菓子・スイーツ / 12個,"Confectionery and sweets from Saitama, 12個"
3005821,沖縄県産 真鯛 フィレ 1kg,2,472051,魚介類・海産物 / 1kg,"Seafood from Okinawa, 1kg"
3005822,埼玉県産 国産紅茶 50g×4袋,14,114642,茶・コーヒー / 50g×4袋,"Tea and coffee from Saitama, 50g×4袋"
3005823,福島県産 季節限定 生酒 720ml×2本,10,074641,日本酒 / 720ml×2本,"Sake from Fukushima, 720ml×2本"
3005824,北海道産 黒毛和牛 切り落とし 500g,1,014362,肉・肉加工品 / 500g,"Meat and meat products from Hokkaido, 500g"
3005825,東京都産 どら焼き 詰め合わせ 12個,9,133639,菓子・スイーツ / 12個,"Confectionery and sweets from Tokyo, 12個"
3005826,一宮市産 プリン 詰め合わせ 8個,9,232033,菓子・スイーツ / 8個,"Confectionery and sweets from Aichi, 8個"
3005827,小川町産 ひとめぼれ 無洗米 5kg,3,113433,米・パン / 5kg,"Rice and bread from Saitama, 5kg"
3005828,長野県産 国産小麦パスタ 10袋,7,203866,麺類 / 10袋,"Noodles from Nagano, 10袋"
3005829,北海道産 いくら醤油漬け 250g,2,016438,魚介類・海産物 / 250g,"Seafood from Hokkaido, 250g"
3005830,加賀市 磁器 湯呑 5客,19,172065,陶磁器・ガラス / 5客,"Ceramics and glassware from Ishikawa, 5客"
3005831,福津市産 ジェラート 詰め合わせ 12個,9,402249,菓子・スイーツ / 12個,"Confectionery and sweets from Fukuoka, 12個"
3005832,大阪府産 佃煮 詰め合わせ 5種,8,271403,惣菜・加工品 / 5種,"Prepared and processed foods from Osaka, 5種"
3005833,越知町産 乾燥しいたけ 300g,5,394033,野菜・きのこ / 300g,"Vegetables and mushrooms from Kochi, 300g"
3005834,鹿児島県 漆器 伝統工芸 5客,18,462233,工芸品・民芸品 / 5客,"Crafts and folk art from Kagoshima, 5客"
3005835,静岡県産 のどぐろ 干物 3枚,2,222194,魚介類・海産物 / 3枚,"Seafood from Shizuoka, 3枚"
3005836,鹿児島県産 天然水 2L×12本,15,462080,飲料・ジュース / 2L×12本,"Beverages and juice from Kagoshima, 2L×12本"
3005837,広島県 ガラス酒器 1式,19,343021,陶磁器・ガラス / 1式,"Ceramics and glassware from Hiroshima, 1式"
3005838,鹿児島市産 長期貯蔵 麦焼酎 1.8L,11,462012,焼酎・泡盛 / 1.8L,"Shochu and awamori from Kagoshima, 1.8L"
3005839,長野県産 稲庭うどん 800g,7,203041,麺類 / 800g,"Noodles from Nagano, 800g"
3005840,岡崎市産 味噌 詰め合わせ 1kg×3個,16,232025,調味料・油 / 1kg×3個,"Seasonings and oils from Aichi, 1kg×3個"
3005841,長崎県産 黒毛和牛 サーロインステーキ 150g×3枚,1,423084,肉・肉加工品 / 150g×3枚,"Meat and meat products from Nagasaki, 150g×3枚"
3005842,栃木県産 平飼いたまご 30個,6,092134,卵・乳製品 / 30個,"Eggs and dairy from Tochigi, 30個"
3005843,愛知県産 醤油 詰め合わせ 1L×3本,16,232238,調味料・油 / 1L×3本,"Seasonings and oils from Aichi, 1L×3本"
3005844,千葉県産 ハンバーグ 詰め合わせ 20個,1,122076,肉・肉加工品 / 20個,"Meat and meat products from Chiba, 20個"
3005845,栃木県産 国産紅茶 50g×4袋,14,092011,茶・コーヒー / 50g×4袋,"Tea and coffee from Tochigi, 50g×4袋"
3005846,加西市産 純米吟醸 飲み比べ 720ml×3本,10,282201,日本酒 / 720ml×3本,"Sake from Hyogo, 720ml×3本"
3005847,山梨県産 スパークリングワイン 750ml×2本,13,194298,ワイン / 750ml×2本,"Wine from Yamanashi, 750ml×2本"
3005848,都城市産 白桃 2kg,4,452025,果物 / 2kg,"Fruit from Miyazaki, 2kg"
3005849,徳島県産 あまおういちご 1080g,4,362026,果物 / 1080g,"Fruit from Tokushima, 1080g"
3005850,長野県 木製食器セット 4点,20,202045,木工品・家具 / 4点,"Woodwork and furniture from Nagano, 4点"
3005851,真室川町産 温州みかん 5kg,4,063649,果物 / 5kg,"Fruit from Yamagata, 5kg"
3005852,茨城県産 米粉パン セット 8個,3,082082,米・パン / 8個,"Rice and bread from Ibaraki, 8個"
3005853,江戸川区 トイレットペーパー 72ロール,23,131237,日用品・雑貨 / 72ロール,"Household goods from Tokyo, 72ロール"
3005854,福生市 国産材 積み木 1式,25,132187,文具・玩具 / 1式,"Stationery and toys from Tokyo, 1式"
3005855,兵庫県産 特別純米酒 1.8L,10,284467,日本酒 / 1.8L,"Sake from Hyogo, 1.8L"
3005856,静岡県産 煎茶 詰め合わせ 100g×3袋,14,222259,茶・コーヒー / 100g×3袋,"Tea and coffee from Shizuoka, 100g×3袋"
3005857,千葉県産 ボイル毛がに 2尾,2,122131,魚介類・海産物 / 2尾,"Seafood from Chiba, 2尾"
3005858,千葉県産 明太子 切子 500g,2,122181,魚介類・海産物 / 500g,"Seafood from Chiba, 500g"
3005859,群馬県産 高糖度トマト 2kg,5,105236,野菜・きのこ / 2kg,"Vegetables and mushrooms from Gunma, 2kg"
3005860,鹿児島県産 泡盛 古酒 1.8L,11,463035,焼酎・泡盛 / 1.8L,"Shochu and awamori from Kagoshima, 1.8L"
3005861,埼玉県産 佃煮 詰め合わせ 5種,8,112151,惣菜・加工品 / 5種,"Prepared and processed foods from Saitama, 5種"
3005862,栃木県産 冷凍スムージー 12本,15,092142,飲料・ジュース / 12本,"Beverages and juice from Tochigi, 12本"
3005863,鹿児島県産 うなぎ蒲焼 3尾,2,462144,魚介類・海産物 / 3尾,"Seafood from Kagoshima, 3尾"
3005864,岡山県 綿100% 寝具カバー 1式,21,336238,繊維・衣類 / 1式,"Textiles and apparel from Okayama, 1式"
3005865,愛知県産 味付からあげ 2kg,8,232157,惣菜・加工品 / 2kg,"Prepared and processed foods from Aichi, 2kg"
3005866,愛媛県産 生うに 200g,2,382043,魚介類・海産物 / 200g,"Seafood from Ehime, 200g"
3005867,静岡県産 富有柿 5kg,4,222071,果物 / 5kg,"Fruit from Shizuoka, 5kg"
3005868,兵庫県産 カステラ 詰め合わせ 2本,9,284815,菓子・スイーツ / 2本,"Confectionery and sweets from Hyogo, 2本"
3005869,大阪府 クルーズ 乗船券 2名,28,272086,体験・チケット / 2名,"Experiences and tickets from Osaka, 2名"
3005870,下呂市 曲げわっぱ弁当箱 1個,20,212202,木工品・家具 / 1個,"Woodwork and furniture from Gifu, 1個"
3005871,茨城県産 レトルトカレー 詰め合わせ 10食,8,082112,惣菜・加工品 / 10食,"Prepared and processed foods from Ibaraki, 10食"
3005872,岩手県産 つや姫 精米 5kg,3,032026,米・パン / 5kg,"Rice and bread from Iwate, 5kg"
3005873,岡山県 直火用 土鍋 1個,19,332020,陶磁器・ガラス / 1個,"Ceramics and glassware from Okayama, 1個"
3005874,小平市産 天然水 炭酸水 500ml×24本,15,132110,飲料・ジュース / 500ml×24本,"Beverages and juice from Tokyo, 500ml×24本"
3005875,村田町産 生うに 200g,2,043222,魚介類・海産物 / 200g,"Seafood from Miyagi, 200g"
3005876,熊本県産 本格芋焼酎 1.8L,11,432105,焼酎・泡盛 / 1.8L,"Shochu and awamori from Kumamoto, 1.8L"
3005877,宮城県産 食パン 詰め合わせ 5斤,3,042111,米・パン / 5斤,"Rice and bread from Miyagi, 5斤"
3005878,青森県産 ベーコン・ソーセージセット 1.2kg,1,024503,肉・肉加工品 / 1.2kg,"Meat and meat products from Aomori, 1.2kg"
3005879,佐賀県産 米焼酎 飲み比べ 720ml×3本,11,414417,焼酎・泡盛 / 720ml×3本,"Shochu and awamori from Saga, 720ml×3本"
3005880,岐阜県 曲げわっぱ弁当箱 1個,20,212024,木工品・家具 / 1個,"Woodwork and furniture from Gifu, 1個"
3005881,長野県 陶芸 体験チケット 2名,28,202118,体験・チケット / 2名,"Experiences and tickets from Nagano, 2名"
3005882,筑紫野市 木製パズル 1点,25,402176,文具・玩具 / 1点,"Stationery and toys from Fukuoka, 1点"
3005883,那智勝浦町産 天然水 2L×12本,15,304212,飲料・ジュース / 2L×12本,"Beverages and juice from Wakayama, 2L×12本"
3005884,大月市産 漬物 詰め合わせ 10種,8,192066,惣菜・加工品 / 10種,"Prepared and processed foods from Yamanashi, 10種"
3005885,埼玉県産 レトルトカレー 詰め合わせ 10食,8,111007,惣菜・加工品 / 10食,"Prepared and processed foods from Saitama, 10食"
3005886,京都府 陶器 マグカップ 2個,19,264636,陶磁器・ガラス / 2個,"Ceramics and glassware from Kyoto, 2個"
3005887,福岡県産 生ラーメン セット 16食,7,403458,麺類 / 16食,"Noodles from Fukuoka, 16食"
3005888,岩手県産 ひとめぼれ 無洗米 5kg,3,032166,米・パン / 5kg,"Rice and bread from Iwate, 5kg"
3005889,京都府産 カステラ 詰め合わせ 3本,9,263036,菓子・スイーツ / 3本,"Confectionery and sweets from Kyoto, 3本"
3005890,指宿市産 生うに 100g,2,462101,魚介類・海産物 / 100g,"Seafood from Kagoshima, 100g"
3005891,尼崎市産 生うに 100g,2,282022,魚介類・海産物 / 100g,"Seafood from Hyogo, 100g"
3005892,"沖縄県 観光施設 利用券 10,000円分",27,473553,"旅行券・宿泊券 / 10,000円分","Travel and accommodation vouchers from Okinawa, 10,000円分"
3005893,静岡県産 サーモン 刺身用 1kg,2,222097,魚介類・海産物 / 1kg,"Seafood from Shizuoka, 1kg"
3005894,茨城県産 アスパラガス 2kg,5,082015,野菜・きのこ / 2kg,"Vegetables and mushrooms from Ibaraki, 2kg"
3005895,砂川市産 カステラ 詰め合わせ 3本,9,012262,菓子・スイーツ / 3本,"Confectionery and sweets from Hokkaido, 3本"
3005896,宮城県産 味付ジンギスカン 2kg,1,045012,肉・肉加工品 / 2kg,"Meat and meat products from Miyagi, 2kg"
3005897,知多市産 燻製 詰め合わせ 5種,8,232246,惣菜・加工品 / 5種,"Prepared and processed foods from Aichi, 5種"
3005898,摂津市 タオル 詰め合わせ 10枚,23,272248,日用品・雑貨 / 10枚,"Household goods from Osaka, 10枚"
3005899,岡山県産 あきたこまち 精米 5kg,3,332046,米・パン / 5kg,"Rice and bread from Okayama, 5kg"
3005900,岡山県 直火用 土鍋 1個,19,332119,陶磁器・ガラス / 1個,"Ceramics and glassware from Okayama, 1個"
3005901,魚津市産 純米大吟醸 1.8L,10,162043,日本酒 / 1.8L,"Sake from Toyama, 1.8L"
3005902,和歌山県産 生うに 100g,2,304042,魚介類・海産物 / 100g,"Seafood from Wakayama, 100g"
3005903,奈良県 伝統こけし 1体,18,292109,工芸品・民芸品 / 1体,"Crafts and folk art from Nara, 1体"
3005904,奈良県 デニムジーンズ 1本,21,293458,繊維・衣類 / 1本,"Textiles and apparel from Nara, 1本"
3005905,石川県産 天然水 炭酸水 500ml×48本,15,172073,飲料・ジュース / 500ml×48本,"Beverages and juice from Ishikawa, 500ml×48本"
3005906,那須塩原市産 天然水 炭酸水 500ml×48本,15,092134,飲料・ジュース / 500ml×48本,"Beverages and juice from Tochigi, 500ml×48本"
3005907,福島県 ペットベッド 1個,30,075043,ペット用品 / 1個,"Pet supplies from Fukushima, 1個"
3005908,広島県 陶器 マグカップ 2個,19,341002,陶磁器・ガラス / 2個,"Ceramics and glassware from Hiroshima, 2個"
3005909,音威子府村産 男爵じゃがいも 20kg,5,014702,野菜・きのこ / 20kg,"Vegetables and mushrooms from Hokkaido, 20kg"
3005910,和歌山県産 のどぐろ 干物 3枚,2,304069,魚介類・海産物 / 3枚,"Seafood from Wakayama, 3枚"
3005911,三条市 登山用リュック 1個,26,152048,スポーツ・アウトドア / 1個,"Sports and outdoor from Niigata, 1個"
3005912,岩手県 海産物 定期便 毎月×6回,17,032034,定期便 / 毎月×6回,"Subscription deliveries from Iwate, 毎月×6回"
3005913,山梨県 和紙 便箋セット 1式,18,192139,工芸品・民芸品 / 1式,"Crafts and folk art from Yamanashi, 1式"
3005914,滋賀県産 食パン 詰め合わせ 3斤,3,252018,米・パン / 3斤,"Rice and bread from Shiga, 3斤"
3005915,匝瑳市産 果汁100%ジュース 1L×6本,15,122351,飲料・ジュース / 1L×6本,"Beverages and juice from Chiba, 1L×6本"
3005916,長野県産 生ラーメン セット 16食,7,204234,麺類 / 16食,"Noodles from Nagano, 16食"
3005917,南あわじ市産 黒毛和牛 サーロインステーキ 200g×2枚,1,282243,肉・肉加工品 / 200g×2枚,"Meat and meat products from Hyogo, 200g×2枚"
3005918,沖縄県 ノート 詰め合わせ 10冊,25,473588,文具・玩具 / 10冊,"Stationery and toys from Okinawa, 10冊"
3005919,東京都 酒蔵見学・試飲 2名,28,132128,体験・チケット / 2名,"Experiences and tickets from Tokyo, 2名"
3005920,長野県産 稲庭うどん 800g,7,203238,麺類 / 800g,"Noodles from Nagano, 800g"
3005921,大洲市産 ずわいがに 脚 1.2kg,2,382078,魚介類・海産物 / 1.2kg,"Seafood from Ehime, 1.2kg"
3005922,岐阜県産 和牛 焼肉セット 1kg,1,212202,肉・肉加工品 / 1kg,"Meat and meat products from Gifu, 1kg"
3005923,高知県産 えごま油・亜麻仁油 180g×2本,16,392049,調味料・油 / 180g×2本,"Seasonings and oils from Kochi, 180g×2本"
3005924,北海道産 生乳100%牛乳 1L×6本,6,016675,卵・乳製品 / 1L×6本,"Eggs and dairy from Hokkaido, 1L×6本"
3005925,三重県産 いくら醤油漬け 500g,2,242144,魚介類・海産物 / 500g,"Seafood from Mie, 500g"
3005926,香川県 曲げわっぱ弁当箱 1個,20,373869,木工品・家具 / 1個,"Woodwork and furniture from Kagawa, 1個"
3005927,山口県産 干物 詰め合わせ 12枚,2,352012,魚介類・海産物 / 12枚,"Seafood from Yamaguchi, 12枚"
3005928,北海道産 チーズ 詰め合わせ 4種,6,014281,卵・乳製品 / 4種,"Eggs and dairy from Hokkaido, 4種"
3005929,北海道産 アイスクリーム 詰め合わせ 12個,6,012050,卵・乳製品 / 12個,"Eggs and dairy from Hokkaido, 12個"
3005930,長野県産 男爵じゃがいも 20kg,5,204528,野菜・きのこ / 20kg,"Vegetables and mushrooms from Nagano, 20kg"
3005931,東京都 洗剤 詰め合わせ 1式,23,132055,日用品・雑貨 / 1式,"Household goods from Tokyo, 1式"
3005932,江別市産 乾燥しいたけ 300g,5,012173,野菜・きのこ / 300g,"Vegetables and mushrooms from Hokkaido, 300g"
3005933,塩竈市産 コシヒカリ 精米 20kg,3,042030,米・パン / 20kg,"Rice and bread from Miyagi, 20kg"
3005934,会津坂下町産 メロン 秀品 1玉,4,074217,果物 / 1玉,"Fruit from Fukushima, 1玉"
3005935,茨城県産 豚ロース しゃぶしゃぶ用 1.2kg,1,084433,肉・肉加工品 / 1.2kg,"Meat and meat products from Ibaraki, 1.2kg"
3005936,南知多町産 バウムクーヘン 4個,9,234451,菓子・スイーツ / 4個,"Confectionery and sweets from Aichi, 4個"
3005937,尾花沢市 トイレットペーパー 72ロール,23,062120,日用品・雑貨 / 72ロール,"Household goods from Yamagata, 72ロール"
3005938,熊本県産 ハンバーグ 詰め合わせ 15個,1,432164,肉・肉加工品 / 15個,"Meat and meat products from Kumamoto, 15個"
3005939,茨城県産 高糖度トマト 3kg,5,082287,野菜・きのこ / 3kg,"Vegetables and mushrooms from Ibaraki, 3kg"
3005940,兵庫県産 バウムクーヘン 4個,9,282049,菓子・スイーツ / 4個,"Confectionery and sweets from Hyogo, 4個"
3005941,岐阜県 木製カッティングボード 1枚,20,213039,木工品・家具 / 1枚,"Woodwork and furniture from Gifu, 1枚"
3005942,石川県 胡蝶蘭 鉢植え 1鉢,29,174076,花・観葉植物 / 1鉢,"Flowers and plants from Ishikawa, 1鉢"
3005943,神奈川県産 漬物 詰め合わせ 10種,8,143839,惣菜・加工品 / 10種,"Prepared and processed foods from Kanagawa, 10種"
3005944,静岡県産 ほたて貝柱 冷凍 1kg,2,222101,魚介類・海産物 / 1kg,"Seafood from Shizuoka, 1kg"
3005945,福岡県産 国産小麦パスタ 10袋,7,402231,麺類 / 10袋,"Noodles from Fukuoka, 10袋"
3005946,摂津市 陶芸 体験チケット 2名,28,272248,体験・チケット / 2名,"Experiences and tickets from Osaka, 2名"
3005947,矢掛町 陶器 マグカップ 2個,19,334618,陶磁器・ガラス / 2個,"Ceramics and glassware from Okayama, 2個"
3005948,青森県産 たまねぎ 10kg,5,023817,野菜・きのこ / 10kg,"Vegetables and mushrooms from Aomori, 10kg"
3005949,愛媛県産 ほたて貝柱 冷凍 1.5kg,2,382043,魚介類・海産物 / 1.5kg,"Seafood from Ehime, 1.5kg"
3005950,標津町産 男爵じゃがいも 20kg,5,016934,野菜・きのこ / 20kg,"Vegetables and mushrooms from Hokkaido, 20kg"
3005951,大豊町産 紅はるか さつまいも 10kg,5,393444,野菜・きのこ / 10kg,"Vegetables and mushrooms from Kochi, 10kg"
3005952,和木町産 米粉パン セット 8個,3,353213,米・パン / 8個,"Rice and bread from Yamaguchi, 8個"
3005953,京都府 ガラス酒器 1式,19,262145,陶磁器・ガラス / 1式,"Ceramics and glassware from Kyoto, 1式"
3005954,埼玉県産 カステラ 詰め合わせ 3本,9,112348,菓子・スイーツ / 3本,"Confectionery and sweets from Saitama, 3本"
3005955,石川県産 純米吟醸 飲み比べ 720ml×3本,10,172022,日本酒 / 720ml×3本,"Sake from Ishikawa, 720ml×3本"
3005956,鹿児島県産 黒毛和牛 切り落とし 1.5kg,1,462063,肉・肉加工品 / 1.5kg,"Meat and meat products from Kagoshima, 1.5kg"
3005957,倉吉市産 味付ジンギスカン 2kg,1,312037,肉・肉加工品 / 2kg,"Meat and meat products from Tottori, 2kg"
3005958,牧之原市産 抹茶 詰め合わせ 30g×3缶,14,222267,茶・コーヒー / 30g×3缶,"Tea and coffee from Shizuoka, 30g×3缶"
3005959,徳島県 多肉植物 セット 6鉢,29,362051,花・観葉植物 / 6鉢,"Flowers and plants from Tokushima, 6鉢"
3005960,北海道産 ボイル毛がに 1尾 500g,2,014818,魚介類・海産物 / 1尾 500g,"Seafood from Hokkaido, 1尾 500g"
3005961,袖ケ浦市産 味付ジンギスカン 1kg,1,122297,肉・肉加工品 / 1kg,"Meat and meat products from Chiba, 1kg"
3005962,上野原市 打刃物 包丁 1本,18,192121,工芸品・民芸品 / 1本,"Crafts and folk art from Yamanashi, 1本"
3005963,東庄町産 アスパラガス 1kg,5,123498,野菜・きのこ / 1kg,"Vegetables and mushrooms from Chiba, 1kg"
3005964,石川県 竹細工かご 1点,18,174076,工芸品・民芸品 / 1点,"Crafts and folk art from Ishikawa, 1点"
3005965,安田町産 長期貯蔵 麦焼酎 1.8L,11,393045,焼酎・泡盛 / 1.8L,"Shochu and awamori from Kochi, 1.8L"
3005966,西之表市産 黒毛和牛 サーロインステーキ 400g,1,462136,肉・肉加工品 / 400g,"Meat and meat products from Kagoshima, 400g"
3005967,福岡県産 スモーク鴨ロース 400g,1,401307,肉・肉加工品 / 400g,"Meat and meat products from Fukuoka, 400g"
3005968,大阪府 クルーズ 乗船券 2名,28,272175,体験・チケット / 2名,"Experiences and tickets from Osaka, 2名"
3005969,秋田県産 十割そば 16食,7,052116,麺類 / 16食,"Noodles from Akita, 16食"
3005970,内灘町 竹細工かご 1点,18,173657,工芸品・民芸品 / 1点,"Crafts and folk art from Ishikawa, 1点"
3005971,神栖市 トイレットペーパー 72ロール,23,082325,日用品・雑貨 / 72ロール,"Household goods from Ibaraki, 72ロール"
3005972,島根県産 えごま油・亜麻仁油 180g×2本,16,322091,調味料・油 / 180g×2本,"Seasonings and oils from Shimane, 180g×2本"
3005973,徳島県産 たまねぎ 10kg,5,363685,野菜・きのこ / 10kg,"Vegetables and mushrooms from Tokushima, 10kg"
3005974,北海道産 アイスクリーム 詰め合わせ 18個,6,016918,卵・乳製品 / 18個,"Eggs and dairy from Hokkaido, 18個"
3005975,奈良県産 冷凍餃子 100個,8,293636,惣菜・加工品 / 100個,"Prepared and processed foods from Nara, 100個"
3005976,秋田県産 ハンバーグ 詰め合わせ 10個,1,053686,肉・肉加工品 / 10個,"Meat and meat products from Akita, 10個"
3005977,愛知県 デニムジーンズ 1本,21,235636,繊維・衣類 / 1本,"Textiles and apparel from Aichi, 1本"
3005978,岩手県産 ゆめぴりか 精米 5kg,3,032131,米・パン / 5kg,"Rice and bread from Iwate, 5kg"
3005979,栃木県 電気ケトル 1台,24,093459,家電・電化製品 / 1台,"Home appliances from Tochigi, 1台"
3005980,深浦町産 味付ジンギスカン 1kg,1,023230,肉・肉加工品 / 1kg,"Meat and meat products from Aomori, 1kg"
3005981,栃木県産 自家焙煎コーヒー豆 200g×3袋,14,093866,茶・コーヒー / 200g×3袋,"Tea and coffee from Tochigi, 200g×3袋"
3005982,福島県 電気ケトル 1台,24,073679,家電・電化製品 / 1台,"Home appliances from Fukushima, 1台"
3005983,本宮市産 米粉パン セット 8個,3,072141,米・パン / 8個,"Rice and bread from Fukushima, 8個"
3005984,岡山県産 食パン 詰め合わせ 3斤,3,332101,米・パン / 3斤,"Rice and bread from Okayama, 3斤"
3005985,岐阜県 デニムジーンズ 1本,21,213616,繊維・衣類 / 1本,"Textiles and apparel from Gifu, 1本"
3005986,日高村産 アスパラガス 1kg,5,394106,野菜・きのこ / 1kg,"Vegetables and mushrooms from Kochi, 1kg"
3005987,山梨県 打刃物 包丁 1本,18,192091,工芸品・民芸品 / 1本,"Crafts and folk art from Yamanashi, 1本"
3005988,歌志内市産 飲むヨーグルト 900ml×6本,6,012271,卵・乳製品 / 900ml×6本,"Eggs and dairy from Hokkaido, 900ml×6本"
3005989,清里町産 いくら醤油漬け 500g,2,015466,魚介類・海産物 / 500g,"Seafood from Hokkaido, 500g"
3005990,岩手県産 黒毛和牛 切り落とし 1kg,1,035033,肉・肉加工品 / 1kg,"Meat and meat products from Iwate, 1kg"
3005991,宮古市産 味付ジンギスカン 2kg,1,032026,肉・肉加工品 / 2kg,"Meat and meat products from Iwate, 2kg"
3005992,木更津市産 果汁100%ジュース 1L×6本,15,122068,飲料・ジュース / 1L×6本,"Beverages and juice from Chiba, 1L×6本"
3005993,和歌山県産 冷凍スムージー 12本,15,302015,飲料・ジュース / 12本,"Beverages and juice from Wakayama, 12本"
3005994,安来市 アウトドアチェア 1脚,26,322067,スポーツ・アウトドア / 1脚,"Sports and outdoor from Shimane, 1脚"
3005995,沖縄県産 本格芋焼酎 1.8L,11,472107,焼酎・泡盛 / 1.8L,"Shochu and awamori from Okinawa, 1.8L"
3005996,都城市産 白桃 2kg,4,452025,果物 / 2kg,"Fruit from Miyazaki, 2kg"
3005997,北海道産 男爵じゃがいも 20kg,5,013617,野菜・きのこ / 20kg,"Vegetables and mushrooms from Hokkaido, 20kg"
3005998,赤磐市産 ゆめぴりか 精米 10kg,3,332135,米・パン / 10kg,"Rice and bread from Okayama, 10kg"
3005999,白井市産 和牛 焼肉セット 1kg,1,122327,肉・肉加工品 / 1kg,"Meat and meat products from Chiba, 1kg"
3006000,埼玉県産 自家焙煎コーヒー豆 200g×5袋,14,112020,茶・コーヒー / 200g×5袋,"Tea and coffee from Saitama, 200g×5袋"
